date,region_code,baseline_visitors,scenario_visitors,baseline_service_gap,baseline_shuttle_vehicles,reoptimized_shuttle_vehicles,baseline_staff_shifts,reoptimized_staff_shifts,reoptimized_temporary_spaces,reoptimized_relative_cost,reoptimized_experience_loss,parking_unserved_spaces,shuttle_shortfall,staff_shortfall,baseline_parking_unserved_spaces,baseline_shuttle_shortfall,baseline_staff_shortfall,recommended_shuttle_vehicles,recommended_total_staff_shifts,average_party_size,transfer_share,visitor_estimate_q50,scenario_status,reoptimized_traveler_time_loss_hours,reoptimized_traveler_time_loss_cny,vot_cost_status,baseline_traveler_time_loss_hours,baseline_traveler_time_loss_cny,scenario_name
2026-01-01,BDH,5386.078058747183,5386.078058747183,0.0,3,3.0,15,15.0,0.0,2.2,0.0,0.0,0.0,0.0,0,0,0,3,15,2.8,0.1,5386.078058747183,counterfactual_planning_simulation,0.0,0.0,traveler_time_loss_scenario_estimate_not_operator_cash_ledger,0.0,0.0,beidaihe_summer_cultural_event
2026-01-02,BDH,5386.078058747183,5386.078058747183,0.0,3,3.0,15,15.0,0.0,2.2,0.0,0.0,0.0,0.0,0,0,0,3,15,2.8,0.1,5386.078058747183,counterfactual_planning_simulation,0.0,0.0,traveler_time_loss_scenario_estimate_not_operator_cash_ledger,0.0,0.0,beidaihe_summer_cultural_event
2026-01-03,BDH,22270.43656451829,22270.43656451829,0.0,6,6.0,52,52.0,0.0,2.2,0.0,0.0,0.0,0.0,0,0,0,6,52,2.8,0.1,22270.43656451829,counterfactual_planning_simulation,0.0,0.0,traveler_time_loss_scenario_estimate_not_operator_cash_ledger,0.0,0.0,beidaihe_summer_cultural_event
2026-01-04,BDH,25093.09026213395,25093.09026213395,0.0,7,7.0,59,59.0,0.0,2.2,0.0,0.0,0.0,0.0,0,0,0,7,59,2.8,0.1,25093.09026213395,counterfactual_planning_simulation,0.0,0.0,traveler_time_loss_scenario_estimate_not_operator_cash_ledger,0.0,0.0,beidaihe_summer_cultural_event
2026-01-05,BDH,7310.771947861467,7310.771947861467,0.0,3,3.0,19,19.0,0.0,2.2,0.0,0.0,0.0,0.0,0,0,0,3,19,2.8,0.1,7310.771947861467,counterfactual_planning_simulation,0.0,0.0,traveler_time_loss_scenario_estimate_not_operator_cash_ledger,0.0,0.0,beidaihe_summer_cultural_event
2026-01-06,BDH,7288.1544854835665,7288.1544854835665,0.0,3,3.0,19,19.0,0.0,2.2,0.0,0.0,0.0,0.0,0,0,0,3,19,2.8,0.1,7288.1544854835665,counterfactual_planning_simulation,0.0,0.0,traveler_time_loss_scenario_estimate_not_operator_cash_ledger,0.0,0.0,beidaihe_summer_cultural_event
2026-01-07,BDH,5386.078058747183,5386.078058747183,0.0,3,3.0,15,15.0,0.0,2.2,0.0,0.0,0.0,0.0,0,0,0,3,15,2.8,0.1,5386.078058747183,counterfactual_planning_simulation,0.0,0.0,traveler_time_loss_scenario_estimate_not_operator_cash_ledger,0.0,0.0,beidaihe_summer_cultural_event
2026-01-08,BDH,5386.078058747183,5386.078058747183,0.0,3,3.0,15,15.0,0.0,2.2,0.0,0.0,0.0,0.0,0,0,0,3,15,2.8,0.1,5386.078058747183,counterfactual_planning_simulation,0.0,0.0,traveler_time_loss_scenario_estimate_not_operator_cash_ledger,0.0,0.0,beidaihe_summer_cultural_event
2026-01-09,BDH,5386.078058747183,5386.078058747183,0.0,3,3.0,15,15.0,0.0,2.2,0.0,0.0,0.0,0.0,0,0,0,3,15,2.8,0.1,5386.078058747183,counterfactual_planning_simulation,0.0,0.0,traveler_time_loss_scenario_estimate_not_operator_cash_ledger,0.0,0.0,beidaihe_summer_cultural_event
2026-01-10,BDH,28330.01488795877,28330.01488795877,0.0,8,8.0,66,66.0,0.0,2.2,0.0,0.0,0.0,0.0,0,0,0,8,66,2.8,0.1,28330.01488795877,counterfactual_planning_simulation,0.0,0.0,traveler_time_loss_scenario_estimate_not_operator_cash_ledger,0.0,0.0,beidaihe_summer_cultural_event
2026-01-11,BDH,23109.82996819505,23109.82996819505,0.0,7,7.0,55,55.0,0.0,2.2,0.0,0.0,0.0,0.0,0,0,0,7,55,2.8,0.1,23109.82996819505,counterfactual_planning_simulation,0.0,0.0,traveler_time_loss_scenario_estimate_not_operator_cash_ledger,0.0,0.0,beidaihe_summer_cultural_event
2026-01-12,BDH,5386.078058747183,5386.078058747183,0.0,3,3.0,15,15.0,0.0,2.2,0.0,0.0,0.0,0.0,0,0,0,3,15,2.8,0.1,5386.078058747183,counterfactual_planning_simulation,0.0,0.0,traveler_time_loss_scenario_estimate_not_operator_cash_ledger,0.0,0.0,beidaihe_summer_cultural_event
2026-01-13,BDH,5984.622564082751,5984.622564082751,0.0,3,3.0,16,16.0,0.0,2.2,0.0,0.0,0.0,0.0,0,0,0,3,16,2.8,0.1,5984.622564082751,counterfactual_planning_simulation,0.0,0.0,traveler_time_loss_scenario_estimate_not_operator_cash_ledger,0.0,0.0,beidaihe_summer_cultural_event
2026-01-14,BDH,5580.652757579192,5580.652757579192,0.0,3,3.0,15,15.0,0.0,2.2,0.0,0.0,0.0,0.0,0,0,0,3,15,2.8,0.1,5580.652757579192,counterfactual_planning_simulation,0.0,0.0,traveler_time_loss_scenario_estimate_not_operator_cash_ledger,0.0,0.0,beidaihe_summer_cultural_event
2026-01-15,BDH,5386.078058747183,5386.078058747183,0.0,3,3.0,15,15.0,0.0,2.2,0.0,0.0,0.0,0.0,0,0,0,3,15,2.8,0.1,5386.078058747183,counterfactual_planning_simulation,0.0,0.0,traveler_time_loss_scenario_estimate_not_operator_cash_ledger,0.0,0.0,beidaihe_summer_cultural_event
2026-01-16,BDH,5386.078058747183,5386.078058747183,0.0,3,3.0,15,15.0,0.0,2.2,0.0,0.0,0.0,0.0,0,0,0,3,15,2.8,0.1,5386.078058747183,counterfactual_planning_simulation,0.0,0.0,traveler_time_loss_scenario_estimate_not_operator_cash_ledger,0.0,0.0,beidaihe_summer_cultural_event
2026-01-17,BDH,22890.69346921312,22890.69346921312,0.0,6,6.0,53,53.0,0.0,2.2,0.0,0.0,0.0,0.0,0,0,0,6,53,2.8,0.1,22890.69346921312,counterfactual_planning_simulation,0.0,0.0,traveler_time_loss_scenario_estimate_not_operator_cash_ledger,0.0,0.0,beidaihe_summer_cultural_event
2026-01-18,BDH,21457.00490613812,21457.00490613812,0.0,6,6.0,50,50.0,0.0,2.2,0.0,0.0,0.0,0.0,0,0,0,6,50,2.8,0.1,21457.00490613812,counterfactual_planning_simulation,0.0,0.0,traveler_time_loss_scenario_estimate_not_operator_cash_ledger,0.0,0.0,beidaihe_summer_cultural_event
2026-01-19,BDH,5386.078058747183,5386.078058747183,0.0,3,3.0,15,15.0,0.0,2.2,0.0,0.0,0.0,0.0,0,0,0,3,15,2.8,0.1,5386.078058747183,counterfactual_planning_simulation,0.0,0.0,traveler_time_loss_scenario_estimate_not_operator_cash_ledger,0.0,0.0,beidaihe_summer_cultural_event
2026-01-20,BDH,5928.09562737565,5928.09562737565,0.0,3,3.0,16,16.0,0.0,2.2,0.0,0.0,0.0,0.0,0,0,0,3,16,2.8,0.1,5928.09562737565,counterfactual_planning_simulation,0.0,0.0,traveler_time_loss_scenario_estimate_not_operator_cash_ledger,0.0,0.0,beidaihe_summer_cultural_event
2026-01-21,BDH,5386.078058747183,5386.078058747183,0.0,3,3.0,15,15.0,0.0,2.2,0.0,0.0,0.0,0.0,0,0,0,3,15,2.8,0.1,5386.078058747183,counterfactual_planning_simulation,0.0,0.0,traveler_time_loss_scenario_estimate_not_operator_cash_ledger,0.0,0.0,beidaihe_summer_cultural_event
2026-01-22,BDH,5386.078058747183,5386.078058747183,0.0,3,3.0,15,15.0,0.0,2.2,0.0,0.0,0.0,0.0,0,0,0,3,15,2.8,0.1,5386.078058747183,counterfactual_planning_simulation,0.0,0.0,traveler_time_loss_scenario_estimate_not_operator_cash_ledger,0.0,0.0,beidaihe_summer_cultural_event
2026-01-23,BDH,5386.078058747183,5386.078058747183,0.0,3,3.0,15,15.0,0.0,2.2,0.0,0.0,0.0,0.0,0,0,0,3,15,2.8,0.1,5386.078058747183,counterfactual_planning_simulation,0.0,0.0,traveler_time_loss_scenario_estimate_not_operator_cash_ledger,0.0,0.0,beidaihe_summer_cultural_event
2026-01-24,BDH,24216.97822794379,24216.97822794379,0.0,7,7.0,56,56.0,0.0,2.2,0.0,0.0,0.0,0.0,0,0,0,7,56,2.8,0.1,24216.97822794379,counterfactual_planning_simulation,0.0,0.0,traveler_time_loss_scenario_estimate_not_operator_cash_ledger,0.0,0.0,beidaihe_summer_cultural_event
2026-01-25,BDH,21314.091474954934,21314.091474954934,0.0,6,6.0,50,50.0,0.0,2.2,0.0,0.0,0.0,0.0,0,0,0,6,50,2.8,0.1,21314.091474954934,counterfactual_planning_simulation,0.0,0.0,traveler_time_loss_scenario_estimate_not_operator_cash_ledger,0.0,0.0,beidaihe_summer_cultural_event
2026-01-26,BDH,5386.078058747183,5386.078058747183,0.0,3,3.0,15,15.0,0.0,2.2,0.0,0.0,0.0,0.0,0,0,0,3,15,2.8,0.1,5386.078058747183,counterfactual_planning_simulation,0.0,0.0,traveler_time_loss_scenario_estimate_not_operator_cash_ledger,0.0,0.0,beidaihe_summer_cultural_event
2026-01-27,BDH,5386.078058747183,5386.078058747183,0.0,3,3.0,15,15.0,0.0,2.2,0.0,0.0,0.0,0.0,0,0,0,3,15,2.8,0.1,5386.078058747183,counterfactual_planning_simulation,0.0,0.0,traveler_time_loss_scenario_estimate_not_operator_cash_ledger,0.0,0.0,beidaihe_summer_cultural_event
2026-01-28,BDH,5386.078058747183,5386.078058747183,0.0,3,3.0,15,15.0,0.0,2.2,0.0,0.0,0.0,0.0,0,0,0,3,15,2.8,0.1,5386.078058747183,counterfactual_planning_simulation,0.0,0.0,traveler_time_loss_scenario_estimate_not_operator_cash_ledger,0.0,0.0,beidaihe_summer_cultural_event
2026-01-29,BDH,5386.078058747183,5386.078058747183,0.0,3,3.0,15,15.0,0.0,2.2,0.0,0.0,0.0,0.0,0,0,0,3,15,2.8,0.1,5386.078058747183,counterfactual_planning_simulation,0.0,0.0,traveler_time_loss_scenario_estimate_not_operator_cash_ledger,0.0,0.0,beidaihe_summer_cultural_event
2026-01-30,BDH,5386.078058747183,5386.078058747183,0.0,3,3.0,15,15.0,0.0,2.2,0.0,0.0,0.0,0.0,0,0,0,3,15,2.8,0.1,5386.078058747183,counterfactual_planning_simulation,0.0,0.0,traveler_time_loss_scenario_estimate_not_operator_cash_ledger,0.0,0.0,beidaihe_summer_cultural_event
2026-01-31,BDH,21829.87786149011,21829.87786149011,0.0,6,6.0,51,51.0,0.0,2.2,0.0,0.0,0.0,0.0,0,0,0,6,51,2.8,0.1,21829.87786149011,counterfactual_planning_simulation,0.0,0.0,traveler_time_loss_scenario_estimate_not_operator_cash_ledger,0.0,0.0,beidaihe_summer_cultural_event
2026-02-01,BDH,21023.17994801964,21023.17994801964,0.0,6,6.0,49,49.0,0.0,2.2,0.0,0.0,0.0,0.0,0,0,0,6,49,2.8,0.1,21023.17994801964,counterfactual_planning_simulation,0.0,0.0,traveler_time_loss_scenario_estimate_not_operator_cash_ledger,0.0,0.0,beidaihe_summer_cultural_event
2026-02-02,BDH,5386.078058747183,5386.078058747183,0.0,3,3.0,15,15.0,0.0,2.2,0.0,0.0,0.0,0.0,0,0,0,3,15,2.8,0.1,5386.078058747183,counterfactual_planning_simulation,0.0,0.0,traveler_time_loss_scenario_estimate_not_operator_cash_ledger,0.0,0.0,beidaihe_summer_cultural_event
2026-02-03,BDH,5386.078058747183,5386.078058747183,0.0,3,3.0,15,15.0,0.0,2.2,0.0,0.0,0.0,0.0,0,0,0,3,15,2.8,0.1,5386.078058747183,counterfactual_planning_simulation,0.0,0.0,traveler_time_loss_scenario_estimate_not_operator_cash_ledger,0.0,0.0,beidaihe_summer_cultural_event
2026-02-04,BDH,5386.078058747183,5386.078058747183,0.0,3,3.0,15,15.0,0.0,2.2,0.0,0.0,0.0,0.0,0,0,0,3,15,2.8,0.1,5386.078058747183,counterfactual_planning_simulation,0.0,0.0,traveler_time_loss_scenario_estimate_not_operator_cash_ledger,0.0,0.0,beidaihe_summer_cultural_event
2026-02-05,BDH,5386.078058747183,5386.078058747183,0.0,3,3.0,15,15.0,0.0,2.2,0.0,0.0,0.0,0.0,0,0,0,3,15,2.8,0.1,5386.078058747183,counterfactual_planning_simulation,0.0,0.0,traveler_time_loss_scenario_estimate_not_operator_cash_ledger,0.0,0.0,beidaihe_summer_cultural_event
2026-02-06,BDH,5386.078058747183,5386.078058747183,0.0,3,3.0,15,15.0,0.0,2.2,0.0,0.0,0.0,0.0,0,0,0,3,15,2.8,0.1,5386.078058747183,counterfactual_planning_simulation,0.0,0.0,traveler_time_loss_scenario_estimate_not_operator_cash_ledger,0.0,0.0,beidaihe_summer_cultural_event
2026-02-07,BDH,26575.031709267783,26575.031709267783,0.0,7,7.0,62,62.0,0.0,2.2,0.0,0.0,0.0,0.0,0,0,0,7,62,2.8,0.1,26575.031709267783,counterfactual_planning_simulation,0.0,0.0,traveler_time_loss_scenario_estimate_not_operator_cash_ledger,0.0,0.0,beidaihe_summer_cultural_event
2026-02-08,BDH,20872.30051596898,20872.30051596898,0.0,6,6.0,49,49.0,0.0,2.2,0.0,0.0,0.0,0.0,0,0,0,6,49,2.8,0.1,20872.30051596898,counterfactual_planning_simulation,0.0,0.0,traveler_time_loss_scenario_estimate_not_operator_cash_ledger,0.0,0.0,beidaihe_summer_cultural_event
2026-02-09,BDH,5386.078058747183,5386.078058747183,0.0,3,3.0,15,15.0,0.0,2.2,0.0,0.0,0.0,0.0,0,0,0,3,15,2.8,0.1,5386.078058747183,counterfactual_planning_simulation,0.0,0.0,traveler_time_loss_scenario_estimate_not_operator_cash_ledger,0.0,0.0,beidaihe_summer_cultural_event
2026-02-10,BDH,5386.078058747183,5386.078058747183,0.0,3,3.0,15,15.0,0.0,2.2,0.0,0.0,0.0,0.0,0,0,0,3,15,2.8,0.1,5386.078058747183,counterfactual_planning_simulation,0.0,0.0,traveler_time_loss_scenario_estimate_not_operator_cash_ledger,0.0,0.0,beidaihe_summer_cultural_event
2026-02-11,BDH,6121.641882306793,6121.641882306793,0.0,3,3.0,16,16.0,0.0,2.2,0.0,0.0,0.0,0.0,0,0,0,3,16,2.8,0.1,6121.641882306793,counterfactual_planning_simulation,0.0,0.0,traveler_time_loss_scenario_estimate_not_operator_cash_ledger,0.0,0.0,beidaihe_summer_cultural_event
2026-02-12,BDH,7353.620517331286,7353.620517331286,0.0,3,3.0,19,19.0,0.0,2.2,0.0,0.0,0.0,0.0,0,0,0,3,19,2.8,0.1,7353.620517331286,counterfactual_planning_simulation,0.0,0.0,traveler_time_loss_scenario_estimate_not_operator_cash_ledger,0.0,0.0,beidaihe_summer_cultural_event
2026-02-13,BDH,5386.078058747183,5386.078058747183,0.0,3,3.0,15,15.0,0.0,2.2,0.0,0.0,0.0,0.0,0,0,0,3,15,2.8,0.1,5386.078058747183,counterfactual_planning_simulation,0.0,0.0,traveler_time_loss_scenario_estimate_not_operator_cash_ledger,0.0,0.0,beidaihe_summer_cultural_event
2026-02-14,BDH,27190.481471978488,27190.481471978488,0.0,8,8.0,63,63.0,0.0,2.2,0.0,0.0,0.0,0.0,0,0,0,8,63,2.8,0.1,27190.481471978488,counterfactual_planning_simulation,0.0,0.0,traveler_time_loss_scenario_estimate_not_operator_cash_ledger,0.0,0.0,beidaihe_summer_cultural_event
2026-02-15,BDH,24168.30138407945,24168.30138407945,0.0,7,7.0,56,56.0,0.0,2.2,0.0,0.0,0.0,0.0,0,0,0,7,56,2.8,0.1,24168.30138407945,counterfactual_planning_simulation,0.0,0.0,traveler_time_loss_scenario_estimate_not_operator_cash_ledger,0.0,0.0,beidaihe_summer_cultural_event
2026-02-16,BDH,6560.381142031692,6560.381142031692,0.0,3,3.0,18,18.0,0.0,2.2,0.0,0.0,0.0,0.0,0,0,0,3,18,2.8,0.1,6560.381142031692,counterfactual_planning_simulation,0.0,0.0,traveler_time_loss_scenario_estimate_not_operator_cash_ledger,0.0,0.0,beidaihe_summer_cultural_event
2026-02-17,BDH,6992.742015634205,6992.742015634205,0.0,3,3.0,18,18.0,0.0,2.2,0.0,0.0,0.0,0.0,0,0,0,3,18,2.8,0.1,6992.742015634205,counterfactual_planning_simulation,0.0,0.0,traveler_time_loss_scenario_estimate_not_operator_cash_ledger,0.0,0.0,beidaihe_summer_cultural_event
2026-02-18,BDH,6039.48885588653,6039.48885588653,0.0,3,3.0,16,16.0,0.0,2.2,0.0,0.0,0.0,0.0,0,0,0,3,16,2.8,0.1,6039.48885588653,counterfactual_planning_simulation,0.0,0.0,traveler_time_loss_scenario_estimate_not_operator_cash_ledger,0.0,0.0,beidaihe_summer_cultural_event
2026-02-19,BDH,8583.397185538415,8583.397185538415,0.0,3,3.0,21,21.0,0.0,2.2,0.0,0.0,0.0,0.0,0,0,0,3,21,2.8,0.1,8583.397185538415,counterfactual_planning_simulation,0.0,0.0,traveler_time_loss_scenario_estimate_not_operator_cash_ledger,0.0,0.0,beidaihe_summer_cultural_event
2026-02-20,BDH,6628.2211053213705,6628.2211053213705,0.0,3,3.0,18,18.0,0.0,2.2,0.0,0.0,0.0,0.0,0,0,0,3,18,2.8,0.1,6628.2211053213705,counterfactual_planning_simulation,0.0,0.0,traveler_time_loss_scenario_estimate_not_operator_cash_ledger,0.0,0.0,beidaihe_summer_cultural_event
2026-02-21,BDH,28910.75314585661,28910.75314585661,0.0,8,8.0,67,67.0,0.0,2.2,0.0,0.0,0.0,0.0,0,0,0,8,67,2.8,0.1,28910.75314585661,counterfactual_planning_simulation,0.0,0.0,traveler_time_loss_scenario_estimate_not_operator_cash_ledger,0.0,0.0,beidaihe_summer_cultural_event
2026-02-22,BDH,26857.562001690003,26857.562001690003,0.0,7,7.0,62,62.0,0.0,2.2,0.0,0.0,0.0,0.0,0,0,0,7,62,2.8,0.1,26857.562001690003,counterfactual_planning_simulation,0.0,0.0,traveler_time_loss_scenario_estimate_not_operator_cash_ledger,0.0,0.0,beidaihe_summer_cultural_event
2026-02-23,BDH,9412.316064490848,9412.316064490848,0.0,3,3.0,23,23.0,0.0,2.2,0.0,0.0,0.0,0.0,0,0,0,3,23,2.8,0.1,9412.316064490848,counterfactual_planning_simulation,0.0,0.0,traveler_time_loss_scenario_estimate_not_operator_cash_ledger,0.0,0.0,beidaihe_summer_cultural_event
2026-02-24,BDH,11191.604386700794,11191.604386700794,0.0,3,3.0,26,26.0,0.0,2.2,0.0,0.0,0.0,0.0,0,0,0,3,26,2.8,0.1,11191.604386700794,counterfactual_planning_simulation,0.0,0.0,traveler_time_loss_scenario_estimate_not_operator_cash_ledger,0.0,0.0,beidaihe_summer_cultural_event
2026-02-25,BDH,8092.364179648368,8092.364179648368,0.0,3,3.0,20,20.0,0.0,2.2,0.0,0.0,0.0,0.0,0,0,0,3,20,2.8,0.1,8092.364179648368,counterfactual_planning_simulation,0.0,0.0,traveler_time_loss_scenario_estimate_not_operator_cash_ledger,0.0,0.0,beidaihe_summer_cultural_event
2026-02-26,BDH,6731.078617681892,6731.078617681892,0.0,3,3.0,18,18.0,0.0,2.2,0.0,0.0,0.0,0.0,0,0,0,3,18,2.8,0.1,6731.078617681892,counterfactual_planning_simulation,0.0,0.0,traveler_time_loss_scenario_estimate_not_operator_cash_ledger,0.0,0.0,beidaihe_summer_cultural_event
2026-02-27,BDH,9967.909718025936,9967.909718025936,0.0,3,3.0,24,24.0,0.0,2.2,0.0,0.0,0.0,0.0,0,0,0,3,24,2.8,0.1,9967.909718025936,counterfactual_planning_simulation,0.0,0.0,traveler_time_loss_scenario_estimate_not_operator_cash_ledger,0.0,0.0,beidaihe_summer_cultural_event
2026-02-28,BDH,28829.73836828175,28829.73836828175,0.0,8,8.0,67,67.0,0.0,2.2,0.0,0.0,0.0,0.0,0,0,0,8,67,2.8,0.1,28829.73836828175,counterfactual_planning_simulation,0.0,0.0,traveler_time_loss_scenario_estimate_not_operator_cash_ledger,0.0,0.0,beidaihe_summer_cultural_event
2026-03-01,BDH,25169.64198625912,25169.64198625912,0.0,7,7.0,59,59.0,0.0,2.2,0.0,0.0,0.0,0.0,0,0,0,7,59,2.8,0.1,25169.64198625912,counterfactual_planning_simulation,0.0,0.0,traveler_time_loss_scenario_estimate_not_operator_cash_ledger,0.0,0.0,beidaihe_summer_cultural_event
2026-03-02,BDH,7552.83244580338,7552.83244580338,0.0,3,3.0,19,19.0,0.0,2.2,0.0,0.0,0.0,0.0,0,0,0,3,19,2.8,0.1,7552.83244580338,counterfactual_planning_simulation,0.0,0.0,traveler_time_loss_scenario_estimate_not_operator_cash_ledger,0.0,0.0,beidaihe_summer_cultural_event
2026-03-03,BDH,8413.135852803276,8413.135852803276,0.0,3,3.0,21,21.0,0.0,2.2,0.0,0.0,0.0,0.0,0,0,0,3,21,2.8,0.1,8413.135852803276,counterfactual_planning_simulation,0.0,0.0,traveler_time_loss_scenario_estimate_not_operator_cash_ledger,0.0,0.0,beidaihe_summer_cultural_event
2026-03-04,BDH,5741.01984358469,5741.01984358469,0.0,3,3.0,16,16.0,0.0,2.2,0.0,0.0,0.0,0.0,0,0,0,3,16,2.8,0.1,5741.01984358469,counterfactual_planning_simulation,0.0,0.0,traveler_time_loss_scenario_estimate_not_operator_cash_ledger,0.0,0.0,beidaihe_summer_cultural_event
2026-03-05,BDH,5386.078058747183,5386.078058747183,0.0,3,3.0,15,15.0,0.0,2.2,0.0,0.0,0.0,0.0,0,0,0,3,15,2.8,0.1,5386.078058747183,counterfactual_planning_simulation,0.0,0.0,traveler_time_loss_scenario_estimate_not_operator_cash_ledger,0.0,0.0,beidaihe_summer_cultural_event
2026-03-06,BDH,5888.150380350682,5888.150380350682,0.0,3,3.0,16,16.0,0.0,2.2,0.0,0.0,0.0,0.0,0,0,0,3,16,2.8,0.1,5888.150380350682,counterfactual_planning_simulation,0.0,0.0,traveler_time_loss_scenario_estimate_not_operator_cash_ledger,0.0,0.0,beidaihe_summer_cultural_event
2026-03-07,BDH,24636.70633761068,24636.70633761068,0.0,7,7.0,58,58.0,0.0,2.2,0.0,0.0,0.0,0.0,0,0,0,7,58,2.8,0.1,24636.70633761068,counterfactual_planning_simulation,0.0,0.0,traveler_time_loss_scenario_estimate_not_operator_cash_ledger,0.0,0.0,beidaihe_summer_cultural_event
2026-03-08,BDH,24454.83109620372,24454.83109620372,0.0,7,7.0,58,58.0,0.0,2.2,0.0,0.0,0.0,0.0,0,0,0,7,58,2.8,0.1,24454.83109620372,counterfactual_planning_simulation,0.0,0.0,traveler_time_loss_scenario_estimate_not_operator_cash_ledger,0.0,0.0,beidaihe_summer_cultural_event
2026-03-09,BDH,5386.078058747183,5386.078058747183,0.0,3,3.0,15,15.0,0.0,2.2,0.0,0.0,0.0,0.0,0,0,0,3,15,2.8,0.1,5386.078058747183,counterfactual_planning_simulation,0.0,0.0,traveler_time_loss_scenario_estimate_not_operator_cash_ledger,0.0,0.0,beidaihe_summer_cultural_event
2026-03-10,BDH,7198.101941600825,7198.101941600825,0.0,3,3.0,19,19.0,0.0,2.2,0.0,0.0,0.0,0.0,0,0,0,3,19,2.8,0.1,7198.101941600825,counterfactual_planning_simulation,0.0,0.0,traveler_time_loss_scenario_estimate_not_operator_cash_ledger,0.0,0.0,beidaihe_summer_cultural_event
2026-03-11,BDH,5386.078058747183,5386.078058747183,0.0,3,3.0,15,15.0,0.0,2.2,0.0,0.0,0.0,0.0,0,0,0,3,15,2.8,0.1,5386.078058747183,counterfactual_planning_simulation,0.0,0.0,traveler_time_loss_scenario_estimate_not_operator_cash_ledger,0.0,0.0,beidaihe_summer_cultural_event
2026-03-12,BDH,5521.23226669698,5521.23226669698,0.0,3,3.0,15,15.0,0.0,2.2,0.0,0.0,0.0,0.0,0,0,0,3,15,2.8,0.1,5521.23226669698,counterfactual_planning_simulation,0.0,0.0,traveler_time_loss_scenario_estimate_not_operator_cash_ledger,0.0,0.0,beidaihe_summer_cultural_event
2026-03-13,BDH,6034.076658049145,6034.076658049145,0.0,3,3.0,16,16.0,0.0,2.2,0.0,0.0,0.0,0.0,0,0,0,3,16,2.8,0.1,6034.076658049145,counterfactual_planning_simulation,0.0,0.0,traveler_time_loss_scenario_estimate_not_operator_cash_ledger,0.0,0.0,beidaihe_summer_cultural_event
2026-03-14,BDH,28011.851842767646,28011.851842767646,0.0,8,8.0,66,66.0,0.0,2.2,0.0,0.0,0.0,0.0,0,0,0,8,66,2.8,0.1,28011.851842767646,counterfactual_planning_simulation,0.0,0.0,traveler_time_loss_scenario_estimate_not_operator_cash_ledger,0.0,0.0,beidaihe_summer_cultural_event
2026-03-15,BDH,26218.03653473604,26218.03653473604,0.0,7,7.0,61,61.0,0.0,2.2,0.0,0.0,0.0,0.0,0,0,0,7,61,2.8,0.1,26218.03653473604,counterfactual_planning_simulation,0.0,0.0,traveler_time_loss_scenario_estimate_not_operator_cash_ledger,0.0,0.0,beidaihe_summer_cultural_event
2026-03-16,BDH,6563.2406657032325,6563.2406657032325,0.0,3,3.0,18,18.0,0.0,2.2,0.0,0.0,0.0,0.0,0,0,0,3,18,2.8,0.1,6563.2406657032325,counterfactual_planning_simulation,0.0,0.0,traveler_time_loss_scenario_estimate_not_operator_cash_ledger,0.0,0.0,beidaihe_summer_cultural_event
2026-03-17,BDH,8075.718442232643,8075.718442232643,0.0,3,3.0,20,20.0,0.0,2.2,0.0,0.0,0.0,0.0,0,0,0,3,20,2.8,0.1,8075.718442232643,counterfactual_planning_simulation,0.0,0.0,traveler_time_loss_scenario_estimate_not_operator_cash_ledger,0.0,0.0,beidaihe_summer_cultural_event
2026-03-18,BDH,6969.73285238585,6969.73285238585,0.0,3,3.0,18,18.0,0.0,2.2,0.0,0.0,0.0,0.0,0,0,0,3,18,2.8,0.1,6969.73285238585,counterfactual_planning_simulation,0.0,0.0,traveler_time_loss_scenario_estimate_not_operator_cash_ledger,0.0,0.0,beidaihe_summer_cultural_event
2026-03-19,BDH,6188.538377145368,6188.538377145368,0.0,3,3.0,16,16.0,0.0,2.2,0.0,0.0,0.0,0.0,0,0,0,3,16,2.8,0.1,6188.538377145368,counterfactual_planning_simulation,0.0,0.0,traveler_time_loss_scenario_estimate_not_operator_cash_ledger,0.0,0.0,beidaihe_summer_cultural_event
2026-03-20,BDH,8212.124518739281,8212.124518739281,0.0,3,3.0,21,21.0,0.0,2.2,0.0,0.0,0.0,0.0,0,0,0,3,21,2.8,0.1,8212.124518739281,counterfactual_planning_simulation,0.0,0.0,traveler_time_loss_scenario_estimate_not_operator_cash_ledger,0.0,0.0,beidaihe_summer_cultural_event
2026-03-21,BDH,27474.009006431254,27474.009006431254,0.0,8,8.0,64,64.0,0.0,2.2,0.0,0.0,0.0,0.0,0,0,0,8,64,2.8,0.1,27474.009006431254,counterfactual_planning_simulation,0.0,0.0,traveler_time_loss_scenario_estimate_not_operator_cash_ledger,0.0,0.0,beidaihe_summer_cultural_event
2026-03-22,BDH,26682.015839152245,26682.015839152245,0.0,7,7.0,62,62.0,0.0,2.2,0.0,0.0,0.0,0.0,0,0,0,7,62,2.8,0.1,26682.015839152245,counterfactual_planning_simulation,0.0,0.0,traveler_time_loss_scenario_estimate_not_operator_cash_ledger,0.0,0.0,beidaihe_summer_cultural_event
2026-03-23,BDH,8132.884639229721,8132.884639229721,0.0,3,3.0,20,20.0,0.0,2.2,0.0,0.0,0.0,0.0,0,0,0,3,20,2.8,0.1,8132.884639229721,counterfactual_planning_simulation,0.0,0.0,traveler_time_loss_scenario_estimate_not_operator_cash_ledger,0.0,0.0,beidaihe_summer_cultural_event
2026-03-24,BDH,8973.162966209415,8973.162966209415,0.0,3,3.0,22,22.0,0.0,2.2,0.0,0.0,0.0,0.0,0,0,0,3,22,2.8,0.1,8973.162966209415,counterfactual_planning_simulation,0.0,0.0,traveler_time_loss_scenario_estimate_not_operator_cash_ledger,0.0,0.0,beidaihe_summer_cultural_event
2026-03-25,BDH,10208.204287005588,10208.204287005588,0.0,3,3.0,25,25.0,0.0,2.2,0.0,0.0,0.0,0.0,0,0,0,3,25,2.8,0.1,10208.204287005588,counterfactual_planning_simulation,0.0,0.0,traveler_time_loss_scenario_estimate_not_operator_cash_ledger,0.0,0.0,beidaihe_summer_cultural_event
2026-03-26,BDH,11878.097085237268,11878.097085237268,0.0,4,4.0,29,29.0,0.0,2.2,0.0,0.0,0.0,0.0,0,0,0,4,29,2.8,0.1,11878.097085237268,counterfactual_planning_simulation,0.0,0.0,traveler_time_loss_scenario_estimate_not_operator_cash_ledger,0.0,0.0,beidaihe_summer_cultural_event
2026-03-27,BDH,13544.697345596856,13544.697345596856,0.0,4,4.0,32,32.0,0.0,2.2,0.0,0.0,0.0,0.0,0,0,0,4,32,2.8,0.1,13544.697345596856,counterfactual_planning_simulation,0.0,0.0,traveler_time_loss_scenario_estimate_not_operator_cash_ledger,0.0,0.0,beidaihe_summer_cultural_event
2026-03-28,BDH,33180.29651378642,33180.29651378642,0.0,9,9.0,77,77.0,0.0,2.2,0.0,0.0,0.0,0.0,0,0,0,9,77,2.8,0.1,33180.29651378642,counterfactual_planning_simulation,0.0,0.0,traveler_time_loss_scenario_estimate_not_operator_cash_ledger,0.0,0.0,beidaihe_summer_cultural_event
2026-03-29,BDH,31486.035595713056,31486.035595713056,0.0,9,9.0,73,73.0,0.0,2.2,0.0,0.0,0.0,0.0,0,0,0,9,73,2.8,0.1,31486.035595713056,counterfactual_planning_simulation,0.0,0.0,traveler_time_loss_scenario_estimate_not_operator_cash_ledger,0.0,0.0,beidaihe_summer_cultural_event
2026-03-30,BDH,11758.99966257133,11758.99966257133,0.0,4,4.0,29,29.0,0.0,2.2,0.0,0.0,0.0,0.0,0,0,0,4,29,2.8,0.1,11758.99966257133,counterfactual_planning_simulation,0.0,0.0,traveler_time_loss_scenario_estimate_not_operator_cash_ledger,0.0,0.0,beidaihe_summer_cultural_event
2026-03-31,BDH,13066.54326900672,13066.54326900672,0.0,4,4.0,32,32.0,0.0,2.2,0.0,0.0,0.0,0.0,0,0,0,4,32,2.8,0.1,13066.54326900672,counterfactual_planning_simulation,0.0,0.0,traveler_time_loss_scenario_estimate_not_operator_cash_ledger,0.0,0.0,beidaihe_summer_cultural_event
2026-04-01,BDH,11949.356588462846,11949.356588462846,0.0,4,4.0,29,29.0,0.0,2.2,0.0,0.0,0.0,0.0,0,0,0,4,29,2.8,0.1,11949.356588462846,counterfactual_planning_simulation,0.0,0.0,traveler_time_loss_scenario_estimate_not_operator_cash_ledger,0.0,0.0,beidaihe_summer_cultural_event
2026-04-02,BDH,14825.125787903246,14825.125787903246,0.0,4,4.0,35,35.0,0.0,2.2,0.0,0.0,0.0,0.0,0,0,0,4,35,2.8,0.1,14825.125787903246,counterfactual_planning_simulation,0.0,0.0,traveler_time_loss_scenario_estimate_not_operator_cash_ledger,0.0,0.0,beidaihe_summer_cultural_event
2026-04-03,BDH,17953.53879769333,17953.53879769333,0.0,5,5.0,43,43.0,0.0,2.2,0.0,0.0,0.0,0.0,0,0,0,5,43,2.8,0.1,17953.53879769333,counterfactual_planning_simulation,0.0,0.0,traveler_time_loss_scenario_estimate_not_operator_cash_ledger,0.0,0.0,beidaihe_summer_cultural_event
2026-04-04,BDH,39799.54886936201,39799.54886936201,0.0,11,11.0,92,92.0,0.0,2.2,0.0,0.0,0.0,0.0,0,0,0,11,92,2.8,0.1,39799.54886936201,counterfactual_planning_simulation,0.0,0.0,traveler_time_loss_scenario_estimate_not_operator_cash_ledger,0.0,0.0,beidaihe_summer_cultural_event
2026-04-05,BDH,31155.942055298136,31155.942055298136,0.0,9,9.0,73,73.0,0.0,2.2,0.0,0.0,0.0,0.0,0,0,0,9,73,2.8,0.1,31155.942055298136,counterfactual_planning_simulation,0.0,0.0,traveler_time_loss_scenario_estimate_not_operator_cash_ledger,0.0,0.0,beidaihe_summer_cultural_event
2026-04-06,BDH,11924.51902492008,11924.51902492008,0.0,4,4.0,29,29.0,0.0,2.2,0.0,0.0,0.0,0.0,0,0,0,4,29,2.8,0.1,11924.51902492008,counterfactual_planning_simulation,0.0,0.0,traveler_time_loss_scenario_estimate_not_operator_cash_ledger,0.0,0.0,beidaihe_summer_cultural_event
2026-04-07,BDH,13177.03810084893,13177.03810084893,0.0,4,4.0,32,32.0,0.0,2.2,0.0,0.0,0.0,0.0,0,0,0,4,32,2.8,0.1,13177.03810084893,counterfactual_planning_simulation,0.0,0.0,traveler_time_loss_scenario_estimate_not_operator_cash_ledger,0.0,0.0,beidaihe_summer_cultural_event
2026-04-08,BDH,13372.484518312554,13372.484518312554,0.0,4,4.0,32,32.0,0.0,2.2,0.0,0.0,0.0,0.0,0,0,0,4,32,2.8,0.1,13372.484518312554,counterfactual_planning_simulation,0.0,0.0,traveler_time_loss_scenario_estimate_not_operator_cash_ledger,0.0,0.0,beidaihe_summer_cultural_event
2026-04-09,BDH,10901.01528075693,10901.01528075693,0.0,3,3.0,26,26.0,0.0,2.2,0.0,0.0,0.0,0.0,0,0,0,3,26,2.8,0.1,10901.01528075693,counterfactual_planning_simulation,0.0,0.0,traveler_time_loss_scenario_estimate_not_operator_cash_ledger,0.0,0.0,beidaihe_summer_cultural_event
2026-04-10,BDH,10084.286380522524,10084.286380522524,0.0,3,3.0,25,25.0,0.0,2.2,0.0,0.0,0.0,0.0,0,0,0,3,25,2.8,0.1,10084.286380522524,counterfactual_planning_simulation,0.0,0.0,traveler_time_loss_scenario_estimate_not_operator_cash_ledger,0.0,0.0,beidaihe_summer_cultural_event
2026-04-11,BDH,34549.711840601914,34549.711840601914,0.0,9,9.0,80,80.0,0.0,2.2,0.0,0.0,0.0,0.0,0,0,0,9,80,2.8,0.1,34549.711840601914,counterfactual_planning_simulation,0.0,0.0,traveler_time_loss_scenario_estimate_not_operator_cash_ledger,0.0,0.0,beidaihe_summer_cultural_event
2026-04-12,BDH,31872.895455982904,31872.895455982904,0.0,9,9.0,74,74.0,0.0,2.2,0.0,0.0,0.0,0.0,0,0,0,9,74,2.8,0.1,31872.895455982904,counterfactual_planning_simulation,0.0,0.0,traveler_time_loss_scenario_estimate_not_operator_cash_ledger,0.0,0.0,beidaihe_summer_cultural_event
2026-04-13,BDH,11607.633249737662,11607.633249737662,0.0,4,4.0,29,29.0,0.0,2.2,0.0,0.0,0.0,0.0,0,0,0,4,29,2.8,0.1,11607.633249737662,counterfactual_planning_simulation,0.0,0.0,traveler_time_loss_scenario_estimate_not_operator_cash_ledger,0.0,0.0,beidaihe_summer_cultural_event
2026-04-14,BDH,13215.869158089035,13215.869158089035,0.0,4,4.0,32,32.0,0.0,2.2,0.0,0.0,0.0,0.0,0,0,0,4,32,2.8,0.1,13215.869158089035,counterfactual_planning_simulation,0.0,0.0,traveler_time_loss_scenario_estimate_not_operator_cash_ledger,0.0,0.0,beidaihe_summer_cultural_event
2026-04-15,BDH,14220.332251542548,14220.332251542548,0.0,4,4.0,33,33.0,0.0,2.2,0.0,0.0,0.0,0.0,0,0,0,4,33,2.8,0.1,14220.332251542548,counterfactual_planning_simulation,0.0,0.0,traveler_time_loss_scenario_estimate_not_operator_cash_ledger,0.0,0.0,beidaihe_summer_cultural_event
2026-04-16,BDH,14072.333809734122,14072.333809734122,0.0,4,4.0,33,33.0,0.0,2.2,0.0,0.0,0.0,0.0,0,0,0,4,33,2.8,0.1,14072.333809734122,counterfactual_planning_simulation,0.0,0.0,traveler_time_loss_scenario_estimate_not_operator_cash_ledger,0.0,0.0,beidaihe_summer_cultural_event
2026-04-17,BDH,14804.447874583617,14804.447874583617,0.0,4,4.0,35,35.0,0.0,2.2,0.0,0.0,0.0,0.0,0,0,0,4,35,2.8,0.1,14804.447874583617,counterfactual_planning_simulation,0.0,0.0,traveler_time_loss_scenario_estimate_not_operator_cash_ledger,0.0,0.0,beidaihe_summer_cultural_event
2026-04-18,BDH,42373.61964548294,42373.61964548294,0.0,12,12.0,99,99.0,0.0,2.2,0.0,0.0,0.0,0.0,0,0,0,12,99,2.8,0.1,42373.61964548294,counterfactual_planning_simulation,0.0,0.0,traveler_time_loss_scenario_estimate_not_operator_cash_ledger,0.0,0.0,beidaihe_summer_cultural_event
2026-04-19,BDH,39637.69224637324,39637.69224637324,0.0,11,11.0,92,92.0,0.0,2.2,0.0,0.0,0.0,0.0,0,0,0,11,92,2.8,0.1,39637.69224637324,counterfactual_planning_simulation,0.0,0.0,traveler_time_loss_scenario_estimate_not_operator_cash_ledger,0.0,0.0,beidaihe_summer_cultural_event
2026-04-20,BDH,20080.828602092584,20080.828602092584,0.0,6,6.0,48,48.0,0.0,2.2,0.0,0.0,0.0,0.0,0,0,0,6,48,2.8,0.1,20080.828602092584,counterfactual_planning_simulation,0.0,0.0,traveler_time_loss_scenario_estimate_not_operator_cash_ledger,0.0,0.0,beidaihe_summer_cultural_event
2026-04-21,BDH,16881.13822554814,16881.13822554814,0.0,5,5.0,40,40.0,0.0,2.2,0.0,0.0,0.0,0.0,0,0,0,5,40,2.8,0.1,16881.13822554814,counterfactual_planning_simulation,0.0,0.0,traveler_time_loss_scenario_estimate_not_operator_cash_ledger,0.0,0.0,beidaihe_summer_cultural_event
2026-04-22,BDH,17898.459298439393,17898.459298439393,0.0,5,5.0,41,41.0,0.0,2.2,0.0,0.0,0.0,0.0,0,0,0,5,41,2.8,0.1,17898.459298439393,counterfactual_planning_simulation,0.0,0.0,traveler_time_loss_scenario_estimate_not_operator_cash_ledger,0.0,0.0,beidaihe_summer_cultural_event
2026-04-23,BDH,15019.23678819463,15019.23678819463,0.0,4,4.0,35,35.0,0.0,2.2,0.0,0.0,0.0,0.0,0,0,0,4,35,2.8,0.1,15019.23678819463,counterfactual_planning_simulation,0.0,0.0,traveler_time_loss_scenario_estimate_not_operator_cash_ledger,0.0,0.0,beidaihe_summer_cultural_event
2026-04-24,BDH,22146.60332391173,22146.60332391173,0.0,6,6.0,51,51.0,0.0,2.2,0.0,0.0,0.0,0.0,0,0,0,6,51,2.8,0.1,22146.60332391173,counterfactual_planning_simulation,0.0,0.0,traveler_time_loss_scenario_estimate_not_operator_cash_ledger,0.0,0.0,beidaihe_summer_cultural_event
2026-04-25,BDH,45332.10447191097,45332.10447191097,0.0,12,12.0,104,104.0,0.0,2.2,0.0,0.0,0.0,0.0,0,0,0,12,104,2.8,0.1,45332.10447191097,counterfactual_planning_simulation,0.0,0.0,traveler_time_loss_scenario_estimate_not_operator_cash_ledger,0.0,0.0,beidaihe_summer_cultural_event
2026-04-26,BDH,45543.315432076495,45543.315432076495,0.0,12,12.0,104,104.0,0.0,2.2,0.0,0.0,0.0,0.0,0,0,0,12,104,2.8,0.1,45543.315432076495,counterfactual_planning_simulation,0.0,0.0,traveler_time_loss_scenario_estimate_not_operator_cash_ledger,0.0,0.0,beidaihe_summer_cultural_event
2026-04-27,BDH,24185.5211507183,24185.5211507183,0.0,7,7.0,56,56.0,0.0,2.2,0.0,0.0,0.0,0.0,0,0,0,7,56,2.8,0.1,24185.5211507183,counterfactual_planning_simulation,0.0,0.0,traveler_time_loss_scenario_estimate_not_operator_cash_ledger,0.0,0.0,beidaihe_summer_cultural_event
2026-04-28,BDH,31956.200948410984,31956.200948410984,0.0,9,9.0,74,74.0,0.0,2.2,0.0,0.0,0.0,0.0,0,0,0,9,74,2.8,0.1,31956.200948410984,counterfactual_planning_simulation,0.0,0.0,traveler_time_loss_scenario_estimate_not_operator_cash_ledger,0.0,0.0,beidaihe_summer_cultural_event
2026-04-29,BDH,45631.16780072304,45631.16780072304,0.0,12,12.0,105,105.0,0.0,2.2,0.0,0.0,0.0,0.0,0,0,0,12,105,2.8,0.1,45631.16780072304,counterfactual_planning_simulation,0.0,0.0,traveler_time_loss_scenario_estimate_not_operator_cash_ledger,0.0,0.0,beidaihe_summer_cultural_event
2026-04-30,BDH,49484.35982706551,49484.35982706551,0.0,13,13.0,114,114.0,0.0,2.2,0.0,0.0,0.0,0.0,0,0,0,13,114,2.8,0.1,49484.35982706551,counterfactual_planning_simulation,0.0,0.0,traveler_time_loss_scenario_estimate_not_operator_cash_ledger,0.0,0.0,beidaihe_summer_cultural_event
2026-05-01,BDH,53162.89458990059,53162.89458990059,0.0,14,14.0,122,122.0,0.0,2.2,0.0,0.0,0.0,0.0,0,0,0,14,122,2.8,0.1,53162.89458990059,counterfactual_planning_simulation,0.0,0.0,traveler_time_loss_scenario_estimate_not_operator_cash_ledger,0.0,0.0,beidaihe_summer_cultural_event
2026-05-02,BDH,78918.57430119674,78918.57430119674,0.0,21,21.0,181,181.0,0.0,2.2,0.0,0.0,0.0,0.0,0,0,0,21,181,2.8,0.1,78918.57430119674,counterfactual_planning_simulation,0.0,0.0,traveler_time_loss_scenario_estimate_not_operator_cash_ledger,0.0,0.0,beidaihe_summer_cultural_event
2026-05-03,BDH,71756.10355356456,71756.10355356456,0.0,19,19.0,165,165.0,0.0,2.2,0.0,0.0,0.0,0.0,0,0,0,19,165,2.8,0.1,71756.10355356456,counterfactual_planning_simulation,0.0,0.0,traveler_time_loss_scenario_estimate_not_operator_cash_ledger,0.0,0.0,beidaihe_summer_cultural_event
2026-05-04,BDH,38358.00544580164,38358.00544580164,0.0,10,10.0,88,88.0,0.0,2.2,0.0,0.0,0.0,0.0,0,0,0,10,88,2.8,0.1,38358.00544580164,counterfactual_planning_simulation,0.0,0.0,traveler_time_loss_scenario_estimate_not_operator_cash_ledger,0.0,0.0,beidaihe_summer_cultural_event
2026-05-05,BDH,27918.051740380783,27918.051740380783,0.0,8,8.0,65,65.0,0.0,2.2,0.0,0.0,0.0,0.0,0,0,0,8,65,2.8,0.1,27918.051740380783,counterfactual_planning_simulation,0.0,0.0,traveler_time_loss_scenario_estimate_not_operator_cash_ledger,0.0,0.0,beidaihe_summer_cultural_event
2026-05-06,BDH,18279.304045779365,18279.304045779365,0.0,5,5.0,43,43.0,0.0,2.2,0.0,0.0,0.0,0.0,0,0,0,5,43,2.8,0.1,18279.304045779365,counterfactual_planning_simulation,0.0,0.0,traveler_time_loss_scenario_estimate_not_operator_cash_ledger,0.0,0.0,beidaihe_summer_cultural_event
2026-05-07,BDH,21453.33650403339,21453.33650403339,0.0,6,6.0,50,50.0,0.0,2.2,0.0,0.0,0.0,0.0,0,0,0,6,50,2.8,0.1,21453.33650403339,counterfactual_planning_simulation,0.0,0.0,traveler_time_loss_scenario_estimate_not_operator_cash_ledger,0.0,0.0,beidaihe_summer_cultural_event
2026-05-08,BDH,17790.38810525623,17790.38810525623,0.0,5,5.0,41,41.0,0.0,2.2,0.0,0.0,0.0,0.0,0,0,0,5,41,2.8,0.1,17790.38810525623,counterfactual_planning_simulation,0.0,0.0,traveler_time_loss_scenario_estimate_not_operator_cash_ledger,0.0,0.0,beidaihe_summer_cultural_event
2026-05-09,BDH,38858.61879517496,38858.61879517496,0.0,11,11.0,90,90.0,0.0,2.2,0.0,0.0,0.0,0.0,0,0,0,11,90,2.8,0.1,38858.61879517496,counterfactual_planning_simulation,0.0,0.0,traveler_time_loss_scenario_estimate_not_operator_cash_ledger,0.0,0.0,beidaihe_summer_cultural_event
2026-05-10,BDH,36615.12413027565,36615.12413027565,0.0,10,10.0,85,85.0,0.0,2.2,0.0,0.0,0.0,0.0,0,0,0,10,85,2.8,0.1,36615.12413027565,counterfactual_planning_simulation,0.0,0.0,traveler_time_loss_scenario_estimate_not_operator_cash_ledger,0.0,0.0,beidaihe_summer_cultural_event
2026-05-11,BDH,16587.94208155378,16587.94208155378,0.0,5,5.0,40,40.0,0.0,2.2,0.0,0.0,0.0,0.0,0,0,0,5,40,2.8,0.1,16587.94208155378,counterfactual_planning_simulation,0.0,0.0,traveler_time_loss_scenario_estimate_not_operator_cash_ledger,0.0,0.0,beidaihe_summer_cultural_event
2026-05-12,BDH,18567.227884969285,18567.227884969285,0.0,5,5.0,43,43.0,0.0,2.2,0.0,0.0,0.0,0.0,0,0,0,5,43,2.8,0.1,18567.227884969285,counterfactual_planning_simulation,0.0,0.0,traveler_time_loss_scenario_estimate_not_operator_cash_ledger,0.0,0.0,beidaihe_summer_cultural_event
2026-05-13,BDH,17319.27662128555,17319.27662128555,0.0,5,5.0,41,41.0,0.0,2.2,0.0,0.0,0.0,0.0,0,0,0,5,41,2.8,0.1,17319.27662128555,counterfactual_planning_simulation,0.0,0.0,traveler_time_loss_scenario_estimate_not_operator_cash_ledger,0.0,0.0,beidaihe_summer_cultural_event
2026-05-14,BDH,15260.308427420106,15260.308427420106,0.0,4,4.0,36,36.0,0.0,2.2,0.0,0.0,0.0,0.0,0,0,0,4,36,2.8,0.1,15260.308427420106,counterfactual_planning_simulation,0.0,0.0,traveler_time_loss_scenario_estimate_not_operator_cash_ledger,0.0,0.0,beidaihe_summer_cultural_event
2026-05-15,BDH,17070.156286070953,17070.156286070953,0.0,5,5.0,40,40.0,0.0,2.2,0.0,0.0,0.0,0.0,0,0,0,5,40,2.8,0.1,17070.156286070953,counterfactual_planning_simulation,0.0,0.0,traveler_time_loss_scenario_estimate_not_operator_cash_ledger,0.0,0.0,beidaihe_summer_cultural_event
2026-05-16,BDH,42260.08757117358,42260.08757117358,0.0,12,12.0,97,97.0,0.0,2.2,0.0,0.0,0.0,0.0,0,0,0,12,97,2.8,0.1,42260.08757117358,counterfactual_planning_simulation,0.0,0.0,traveler_time_loss_scenario_estimate_not_operator_cash_ledger,0.0,0.0,beidaihe_summer_cultural_event
2026-05-17,BDH,40886.31609147473,40886.31609147473,0.0,11,11.0,95,95.0,0.0,2.2,0.0,0.0,0.0,0.0,0,0,0,11,95,2.8,0.1,40886.31609147473,counterfactual_planning_simulation,0.0,0.0,traveler_time_loss_scenario_estimate_not_operator_cash_ledger,0.0,0.0,beidaihe_summer_cultural_event
2026-05-18,BDH,19831.09562462071,19831.09562462071,0.0,6,6.0,47,47.0,0.0,2.2,0.0,0.0,0.0,0.0,0,0,0,6,47,2.8,0.1,19831.09562462071,counterfactual_planning_simulation,0.0,0.0,traveler_time_loss_scenario_estimate_not_operator_cash_ledger,0.0,0.0,beidaihe_summer_cultural_event
2026-05-19,BDH,20516.626655462263,20516.626655462263,0.0,6,6.0,48,48.0,0.0,2.2,0.0,0.0,0.0,0.0,0,0,0,6,48,2.8,0.1,20516.626655462263,counterfactual_planning_simulation,0.0,0.0,traveler_time_loss_scenario_estimate_not_operator_cash_ledger,0.0,0.0,beidaihe_summer_cultural_event
2026-05-20,BDH,17828.514952618443,17828.514952618443,0.0,5,5.0,41,41.0,0.0,2.2,0.0,0.0,0.0,0.0,0,0,0,5,41,2.8,0.1,17828.514952618443,counterfactual_planning_simulation,0.0,0.0,traveler_time_loss_scenario_estimate_not_operator_cash_ledger,0.0,0.0,beidaihe_summer_cultural_event
2026-05-21,BDH,14389.54389953374,14389.54389953374,0.0,4,4.0,34,34.0,0.0,2.2,0.0,0.0,0.0,0.0,0,0,0,4,34,2.8,0.1,14389.54389953374,counterfactual_planning_simulation,0.0,0.0,traveler_time_loss_scenario_estimate_not_operator_cash_ledger,0.0,0.0,beidaihe_summer_cultural_event
2026-05-22,BDH,16919.51305146743,16919.51305146743,0.0,5,5.0,40,40.0,0.0,2.2,0.0,0.0,0.0,0.0,0,0,0,5,40,2.8,0.1,16919.51305146743,counterfactual_planning_simulation,0.0,0.0,traveler_time_loss_scenario_estimate_not_operator_cash_ledger,0.0,0.0,beidaihe_summer_cultural_event
2026-05-23,BDH,41305.182659377606,41305.182659377606,0.0,11,11.0,95,95.0,0.0,2.2,0.0,0.0,0.0,0.0,0,0,0,11,95,2.8,0.1,41305.182659377606,counterfactual_planning_simulation,0.0,0.0,traveler_time_loss_scenario_estimate_not_operator_cash_ledger,0.0,0.0,beidaihe_summer_cultural_event
2026-05-24,BDH,41528.78040303828,41528.78040303828,0.0,11,11.0,95,95.0,0.0,2.2,0.0,0.0,0.0,0.0,0,0,0,11,95,2.8,0.1,41528.78040303828,counterfactual_planning_simulation,0.0,0.0,traveler_time_loss_scenario_estimate_not_operator_cash_ledger,0.0,0.0,beidaihe_summer_cultural_event
2026-05-25,BDH,22629.469473687623,22629.469473687623,0.0,6,6.0,52,52.0,0.0,2.2,0.0,0.0,0.0,0.0,0,0,0,6,52,2.8,0.1,22629.469473687623,counterfactual_planning_simulation,0.0,0.0,traveler_time_loss_scenario_estimate_not_operator_cash_ledger,0.0,0.0,beidaihe_summer_cultural_event
2026-05-26,BDH,20971.329428962665,20971.329428962665,0.0,6,6.0,49,49.0,0.0,2.2,0.0,0.0,0.0,0.0,0,0,0,6,49,2.8,0.1,20971.329428962665,counterfactual_planning_simulation,0.0,0.0,traveler_time_loss_scenario_estimate_not_operator_cash_ledger,0.0,0.0,beidaihe_summer_cultural_event
2026-05-27,BDH,20703.36187365384,20703.36187365384,0.0,6,6.0,48,48.0,0.0,2.2,0.0,0.0,0.0,0.0,0,0,0,6,48,2.8,0.1,20703.36187365384,counterfactual_planning_simulation,0.0,0.0,traveler_time_loss_scenario_estimate_not_operator_cash_ledger,0.0,0.0,beidaihe_summer_cultural_event
2026-05-28,BDH,19115.528363222773,19115.528363222773,0.0,5,5.0,44,44.0,0.0,2.2,0.0,0.0,0.0,0.0,0,0,0,5,44,2.8,0.1,19115.528363222773,counterfactual_planning_simulation,0.0,0.0,traveler_time_loss_scenario_estimate_not_operator_cash_ledger,0.0,0.0,beidaihe_summer_cultural_event
2026-05-29,BDH,22925.027239006075,22925.027239006075,0.0,6,6.0,53,53.0,0.0,2.2,0.0,0.0,0.0,0.0,0,0,0,6,53,2.8,0.1,22925.027239006075,counterfactual_planning_simulation,0.0,0.0,traveler_time_loss_scenario_estimate_not_operator_cash_ledger,0.0,0.0,beidaihe_summer_cultural_event
2026-05-30,BDH,49138.83489284514,49138.83489284514,0.0,13,13.0,113,113.0,0.0,2.2,0.0,0.0,0.0,0.0,0,0,0,13,113,2.8,0.1,49138.83489284514,counterfactual_planning_simulation,0.0,0.0,traveler_time_loss_scenario_estimate_not_operator_cash_ledger,0.0,0.0,beidaihe_summer_cultural_event
2026-05-31,BDH,47149.84796882232,47149.84796882232,0.0,13,13.0,108,108.0,0.0,2.2,0.0,0.0,0.0,0.0,0,0,0,13,108,2.8,0.1,47149.84796882232,counterfactual_planning_simulation,0.0,0.0,traveler_time_loss_scenario_estimate_not_operator_cash_ledger,0.0,0.0,beidaihe_summer_cultural_event
2026-06-01,BDH,27012.4993025517,27012.4993025517,0.0,8,8.0,63,63.0,0.0,2.2,0.0,0.0,0.0,0.0,0,0,0,8,63,2.8,0.1,27012.4993025517,counterfactual_planning_simulation,0.0,0.0,traveler_time_loss_scenario_estimate_not_operator_cash_ledger,0.0,0.0,beidaihe_summer_cultural_event
2026-06-02,BDH,26042.413566052943,26042.413566052943,0.0,7,7.0,60,60.0,0.0,2.2,0.0,0.0,0.0,0.0,0,0,0,7,60,2.8,0.1,26042.413566052943,counterfactual_planning_simulation,0.0,0.0,traveler_time_loss_scenario_estimate_not_operator_cash_ledger,0.0,0.0,beidaihe_summer_cultural_event
2026-06-03,BDH,27037.969492235217,27037.969492235217,0.0,8,8.0,63,63.0,0.0,2.2,0.0,0.0,0.0,0.0,0,0,0,8,63,2.8,0.1,27037.969492235217,counterfactual_planning_simulation,0.0,0.0,traveler_time_loss_scenario_estimate_not_operator_cash_ledger,0.0,0.0,beidaihe_summer_cultural_event
2026-06-04,BDH,28890.7577196671,28890.7577196671,0.0,8,8.0,67,67.0,0.0,2.2,0.0,0.0,0.0,0.0,0,0,0,8,67,2.8,0.1,28890.7577196671,counterfactual_planning_simulation,0.0,0.0,traveler_time_loss_scenario_estimate_not_operator_cash_ledger,0.0,0.0,beidaihe_summer_cultural_event
2026-06-05,BDH,29046.940327457058,29046.940327457058,0.0,8,8.0,67,67.0,0.0,2.2,0.0,0.0,0.0,0.0,0,0,0,8,67,2.8,0.1,29046.940327457058,counterfactual_planning_simulation,0.0,0.0,traveler_time_loss_scenario_estimate_not_operator_cash_ledger,0.0,0.0,beidaihe_summer_cultural_event
2026-06-06,BDH,51474.48270397596,51474.48270397596,0.0,14,14.0,118,118.0,0.0,2.2,0.0,0.0,0.0,0.0,0,0,0,14,118,2.8,0.1,51474.48270397596,counterfactual_planning_simulation,0.0,0.0,traveler_time_loss_scenario_estimate_not_operator_cash_ledger,0.0,0.0,beidaihe_summer_cultural_event
2026-06-07,BDH,48511.77242370613,48511.77242370613,0.0,13,13.0,111,111.0,0.0,2.2,0.0,0.0,0.0,0.0,0,0,0,13,111,2.8,0.1,48511.77242370613,counterfactual_planning_simulation,0.0,0.0,traveler_time_loss_scenario_estimate_not_operator_cash_ledger,0.0,0.0,beidaihe_summer_cultural_event
2026-06-08,BDH,31217.02423907066,31217.02423907066,0.0,9,9.0,73,73.0,0.0,2.2,0.0,0.0,0.0,0.0,0,0,0,9,73,2.8,0.1,31217.02423907066,counterfactual_planning_simulation,0.0,0.0,traveler_time_loss_scenario_estimate_not_operator_cash_ledger,0.0,0.0,beidaihe_summer_cultural_event
2026-06-09,BDH,35574.98629282344,35574.98629282344,0.0,10,10.0,82,82.0,0.0,2.2,0.0,0.0,0.0,0.0,0,0,0,10,82,2.8,0.1,35574.98629282344,counterfactual_planning_simulation,0.0,0.0,traveler_time_loss_scenario_estimate_not_operator_cash_ledger,0.0,0.0,beidaihe_summer_cultural_event
2026-06-10,BDH,35778.68132166138,35778.68132166138,0.0,10,10.0,82,82.0,0.0,2.2,0.0,0.0,0.0,0.0,0,0,0,10,82,2.8,0.1,35778.68132166138,counterfactual_planning_simulation,0.0,0.0,traveler_time_loss_scenario_estimate_not_operator_cash_ledger,0.0,0.0,beidaihe_summer_cultural_event
2026-06-11,BDH,33519.580605148505,33519.580605148505,0.0,9,9.0,77,77.0,0.0,2.2,0.0,0.0,0.0,0.0,0,0,0,9,77,2.8,0.1,33519.580605148505,counterfactual_planning_simulation,0.0,0.0,traveler_time_loss_scenario_estimate_not_operator_cash_ledger,0.0,0.0,beidaihe_summer_cultural_event
2026-06-12,BDH,39188.279110568685,39188.279110568685,0.0,11,11.0,91,91.0,0.0,2.2,0.0,0.0,0.0,0.0,0,0,0,11,91,2.8,0.1,39188.279110568685,counterfactual_planning_simulation,0.0,0.0,traveler_time_loss_scenario_estimate_not_operator_cash_ledger,0.0,0.0,beidaihe_summer_cultural_event
2026-06-13,BDH,65945.83352800974,65945.83352800974,0.0,18,18.0,152,152.0,0.0,2.2,0.0,0.0,0.0,0.0,0,0,0,18,152,2.8,0.1,65945.83352800974,counterfactual_planning_simulation,0.0,0.0,traveler_time_loss_scenario_estimate_not_operator_cash_ledger,0.0,0.0,beidaihe_summer_cultural_event
2026-06-14,BDH,61960.27140133199,61960.27140133199,0.0,17,17.0,143,143.0,0.0,2.2,0.0,0.0,0.0,0.0,0,0,0,17,143,2.8,0.1,61960.27140133199,counterfactual_planning_simulation,0.0,0.0,traveler_time_loss_scenario_estimate_not_operator_cash_ledger,0.0,0.0,beidaihe_summer_cultural_event
2026-06-15,BDH,35090.15249191897,35090.15249191897,0.0,10,10.0,81,81.0,0.0,2.2,0.0,0.0,0.0,0.0,0,0,0,10,81,2.8,0.1,35090.15249191897,counterfactual_planning_simulation,0.0,0.0,traveler_time_loss_scenario_estimate_not_operator_cash_ledger,0.0,0.0,beidaihe_summer_cultural_event
2026-06-16,BDH,40560.94558122519,40560.94558122519,0.0,11,11.0,93,93.0,0.0,2.2,0.0,0.0,0.0,0.0,0,0,0,11,93,2.8,0.1,40560.94558122519,counterfactual_planning_simulation,0.0,0.0,traveler_time_loss_scenario_estimate_not_operator_cash_ledger,0.0,0.0,beidaihe_summer_cultural_event
2026-06-17,BDH,42532.31667644942,42532.31667644942,0.0,12,12.0,99,99.0,0.0,2.2,0.0,0.0,0.0,0.0,0,0,0,12,99,2.8,0.1,42532.31667644942,counterfactual_planning_simulation,0.0,0.0,traveler_time_loss_scenario_estimate_not_operator_cash_ledger,0.0,0.0,beidaihe_summer_cultural_event
2026-06-18,BDH,35671.3393172053,35671.3393172053,0.0,10,10.0,82,82.0,0.0,2.2,0.0,0.0,0.0,0.0,0,0,0,10,82,2.8,0.1,35671.3393172053,counterfactual_planning_simulation,0.0,0.0,traveler_time_loss_scenario_estimate_not_operator_cash_ledger,0.0,0.0,beidaihe_summer_cultural_event
2026-06-19,BDH,31575.705621679208,31575.705621679208,0.0,9,9.0,74,74.0,0.0,2.2,0.0,0.0,0.0,0.0,0,0,0,9,74,2.8,0.1,31575.705621679208,counterfactual_planning_simulation,0.0,0.0,traveler_time_loss_scenario_estimate_not_operator_cash_ledger,0.0,0.0,beidaihe_summer_cultural_event
2026-06-20,BDH,63018.44553911371,63018.44553911371,0.0,17,17.0,144,144.0,0.0,2.2,0.0,0.0,0.0,0.0,0,0,0,17,144,2.8,0.1,63018.44553911371,counterfactual_planning_simulation,0.0,0.0,traveler_time_loss_scenario_estimate_not_operator_cash_ledger,0.0,0.0,beidaihe_summer_cultural_event
2026-06-21,BDH,61925.349284153104,61925.349284153104,0.0,17,17.0,143,143.0,0.0,2.2,0.0,0.0,0.0,0.0,0,0,0,17,143,2.8,0.1,61925.349284153104,counterfactual_planning_simulation,0.0,0.0,traveler_time_loss_scenario_estimate_not_operator_cash_ledger,0.0,0.0,beidaihe_summer_cultural_event
2026-06-22,BDH,41808.906808558975,41808.906808558975,0.0,11,11.0,96,96.0,0.0,2.2,0.0,0.0,0.0,0.0,0,0,0,11,96,2.8,0.1,41808.906808558975,counterfactual_planning_simulation,0.0,0.0,traveler_time_loss_scenario_estimate_not_operator_cash_ledger,0.0,0.0,beidaihe_summer_cultural_event
2026-06-23,BDH,40701.03103259384,40701.03103259384,0.0,11,11.0,93,93.0,0.0,2.2,0.0,0.0,0.0,0.0,0,0,0,11,93,2.8,0.1,40701.03103259384,counterfactual_planning_simulation,0.0,0.0,traveler_time_loss_scenario_estimate_not_operator_cash_ledger,0.0,0.0,beidaihe_summer_cultural_event
2026-06-24,BDH,42611.35220742867,42611.35220742867,0.0,12,12.0,99,99.0,0.0,2.2,0.0,0.0,0.0,0.0,0,0,0,12,99,2.8,0.1,42611.35220742867,counterfactual_planning_simulation,0.0,0.0,traveler_time_loss_scenario_estimate_not_operator_cash_ledger,0.0,0.0,beidaihe_summer_cultural_event
2026-06-25,BDH,40962.36559590484,40962.36559590484,0.0,11,11.0,95,95.0,0.0,2.2,0.0,0.0,0.0,0.0,0,0,0,11,95,2.8,0.1,40962.36559590484,counterfactual_planning_simulation,0.0,0.0,traveler_time_loss_scenario_estimate_not_operator_cash_ledger,0.0,0.0,beidaihe_summer_cultural_event
2026-06-26,BDH,47342.36442143045,47342.36442143045,0.0,13,13.0,110,110.0,0.0,2.2,0.0,0.0,0.0,0.0,0,0,0,13,110,2.8,0.1,47342.36442143045,counterfactual_planning_simulation,0.0,0.0,traveler_time_loss_scenario_estimate_not_operator_cash_ledger,0.0,0.0,beidaihe_summer_cultural_event
2026-06-27,BDH,75309.53665925396,75309.53665925396,0.0,20,20.0,173,173.0,0.0,2.2,0.0,0.0,0.0,0.0,0,0,0,20,173,2.8,0.1,75309.53665925396,counterfactual_planning_simulation,0.0,0.0,traveler_time_loss_scenario_estimate_not_operator_cash_ledger,0.0,0.0,beidaihe_summer_cultural_event
2026-06-28,BDH,79126.04469647366,79126.04469647366,0.0,21,21.0,181,181.0,0.0,2.2,0.0,0.0,0.0,0.0,0,0,0,21,181,2.8,0.1,79126.04469647366,counterfactual_planning_simulation,0.0,0.0,traveler_time_loss_scenario_estimate_not_operator_cash_ledger,0.0,0.0,beidaihe_summer_cultural_event
2026-06-29,BDH,54648.38380349423,54648.38380349423,0.0,15,15.0,126,126.0,0.0,2.2,0.0,0.0,0.0,0.0,0,0,0,15,126,2.8,0.1,54648.38380349423,counterfactual_planning_simulation,0.0,0.0,traveler_time_loss_scenario_estimate_not_operator_cash_ledger,0.0,0.0,beidaihe_summer_cultural_event
2026-06-30,BDH,57750.87247718008,57750.87247718008,0.0,16,16.0,133,133.0,0.0,2.2,0.0,0.0,0.0,0.0,0,0,0,16,133,2.8,0.1,57750.87247718008,counterfactual_planning_simulation,0.0,0.0,traveler_time_loss_scenario_estimate_not_operator_cash_ledger,0.0,0.0,beidaihe_summer_cultural_event
2026-07-01,BDH,48344.27154703389,48344.27154703389,0.0,13,13.0,111,111.0,0.0,2.2,0.0,0.0,0.0,0.0,0,0,0,13,111,2.8,0.1,48344.27154703389,counterfactual_planning_simulation,0.0,0.0,traveler_time_loss_scenario_estimate_not_operator_cash_ledger,0.0,0.0,beidaihe_summer_cultural_event
2026-07-02,BDH,50642.58379796288,50642.58379796288,0.0,14,14.0,117,117.0,0.0,2.2,0.0,0.0,0.0,0.0,0,0,0,14,117,2.8,0.1,50642.58379796288,counterfactual_planning_simulation,0.0,0.0,traveler_time_loss_scenario_estimate_not_operator_cash_ledger,0.0,0.0,beidaihe_summer_cultural_event
2026-07-03,BDH,50528.46724166324,50528.46724166324,0.0,14,14.0,117,117.0,0.0,2.2,0.0,0.0,0.0,0.0,0,0,0,14,117,2.8,0.1,50528.46724166324,counterfactual_planning_simulation,0.0,0.0,traveler_time_loss_scenario_estimate_not_operator_cash_ledger,0.0,0.0,beidaihe_summer_cultural_event
2026-07-04,BDH,81912.08661452745,81912.08661452745,0.0,22,22.0,188,188.0,0.0,2.2,0.0,0.0,0.0,0.0,0,0,0,22,188,2.8,0.1,81912.08661452745,counterfactual_planning_simulation,0.0,0.0,traveler_time_loss_scenario_estimate_not_operator_cash_ledger,0.0,0.0,beidaihe_summer_cultural_event
2026-07-05,BDH,86508.8091592993,86508.8091592993,0.0,23,23.0,198,198.0,0.0,2.2,0.0,0.0,0.0,0.0,0,0,0,23,198,2.8,0.1,86508.8091592993,counterfactual_planning_simulation,0.0,0.0,traveler_time_loss_scenario_estimate_not_operator_cash_ledger,0.0,0.0,beidaihe_summer_cultural_event
2026-07-06,BDH,61939.48612510567,61939.48612510567,0.0,17,17.0,143,143.0,0.0,2.2,0.0,0.0,0.0,0.0,0,0,0,17,143,2.8,0.1,61939.48612510567,counterfactual_planning_simulation,0.0,0.0,traveler_time_loss_scenario_estimate_not_operator_cash_ledger,0.0,0.0,beidaihe_summer_cultural_event
2026-07-07,BDH,60296.63134645442,60296.63134645442,0.0,16,16.0,139,139.0,0.0,2.2,0.0,0.0,0.0,0.0,0,0,0,16,139,2.8,0.1,60296.63134645442,counterfactual_planning_simulation,0.0,0.0,traveler_time_loss_scenario_estimate_not_operator_cash_ledger,0.0,0.0,beidaihe_summer_cultural_event
2026-07-08,BDH,61823.47248026163,61823.47248026163,0.0,17,17.0,142,142.0,0.0,2.2,0.0,0.0,0.0,0.0,0,0,0,17,142,2.8,0.1,61823.47248026163,counterfactual_planning_simulation,0.0,0.0,traveler_time_loss_scenario_estimate_not_operator_cash_ledger,0.0,0.0,beidaihe_summer_cultural_event
2026-07-09,BDH,60822.64074968951,60822.64074968951,0.0,16,16.0,139,139.0,0.0,2.2,0.0,0.0,0.0,0.0,0,0,0,16,139,2.8,0.1,60822.64074968951,counterfactual_planning_simulation,0.0,0.0,traveler_time_loss_scenario_estimate_not_operator_cash_ledger,0.0,0.0,beidaihe_summer_cultural_event
2026-07-10,BDH,58117.61380911127,58117.61380911127,0.0,16,16.0,134,134.0,0.0,2.2,0.0,0.0,0.0,0.0,0,0,0,16,134,2.8,0.1,58117.61380911127,counterfactual_planning_simulation,0.0,0.0,traveler_time_loss_scenario_estimate_not_operator_cash_ledger,0.0,0.0,beidaihe_summer_cultural_event
2026-07-11,BDH,92416.02117940367,92416.02117940367,0.0,25,25.0,211,211.0,0.0,2.2,0.0,0.0,0.0,0.0,0,0,0,25,211,2.8,0.1,92416.02117940367,counterfactual_planning_simulation,0.0,0.0,traveler_time_loss_scenario_estimate_not_operator_cash_ledger,0.0,0.0,beidaihe_summer_cultural_event
2026-07-12,BDH,93014.2027990166,93014.2027990166,0.0,25,25.0,213,213.0,0.0,2.2,0.0,0.0,0.0,0.0,0,0,0,25,213,2.8,0.1,93014.2027990166,counterfactual_planning_simulation,0.0,0.0,traveler_time_loss_scenario_estimate_not_operator_cash_ledger,0.0,0.0,beidaihe_summer_cultural_event
2026-07-13,BDH,69430.62598411448,69430.62598411448,0.0,19,19.0,159,159.0,0.0,2.2,0.0,0.0,0.0,0.0,0,0,0,19,159,2.8,0.1,69430.62598411448,counterfactual_planning_simulation,0.0,0.0,traveler_time_loss_scenario_estimate_not_operator_cash_ledger,0.0,0.0,beidaihe_summer_cultural_event
2026-07-14,BDH,69762.64640672308,69762.64640672308,0.0,19,19.0,160,160.0,0.0,2.2,0.0,0.0,0.0,0.0,0,0,0,19,160,2.8,0.1,69762.64640672308,counterfactual_planning_simulation,0.0,0.0,traveler_time_loss_scenario_estimate_not_operator_cash_ledger,0.0,0.0,beidaihe_summer_cultural_event
2026-07-15,BDH,71591.91101400966,71591.91101400966,0.0,19,19.0,163,163.0,0.0,2.2,0.0,0.0,0.0,0.0,0,0,0,19,163,2.8,0.1,71591.91101400966,counterfactual_planning_simulation,0.0,0.0,traveler_time_loss_scenario_estimate_not_operator_cash_ledger,0.0,0.0,beidaihe_summer_cultural_event
2026-07-16,BDH,70664.96615489805,70664.96615489805,0.0,19,19.0,162,162.0,0.0,2.2,0.0,0.0,0.0,0.0,0,0,0,19,162,2.8,0.1,70664.96615489805,counterfactual_planning_simulation,0.0,0.0,traveler_time_loss_scenario_estimate_not_operator_cash_ledger,0.0,0.0,beidaihe_summer_cultural_event
2026-07-17,BDH,73656.82161272067,73656.82161272067,0.0,20,20.0,169,169.0,0.0,2.2,0.0,0.0,0.0,0.0,0,0,0,20,169,2.8,0.1,73656.82161272067,counterfactual_planning_simulation,0.0,0.0,traveler_time_loss_scenario_estimate_not_operator_cash_ledger,0.0,0.0,beidaihe_summer_cultural_event
2026-07-18,BDH,110291.05460064764,110291.05460064764,0.0,29,29.0,251,251.0,0.0,2.2,0.0,0.0,0.0,0.0,0,0,0,29,251,2.8,0.1,110291.05460064764,counterfactual_planning_simulation,0.0,0.0,traveler_time_loss_scenario_estimate_not_operator_cash_ledger,0.0,0.0,beidaihe_summer_cultural_event
2026-07-19,BDH,114988.36845825378,114988.36845825378,0.0,30,30.0,262,262.0,0.0,2.2,0.0,0.0,0.0,0.0,0,0,0,30,262,2.8,0.1,114988.36845825378,counterfactual_planning_simulation,0.0,0.0,traveler_time_loss_scenario_estimate_not_operator_cash_ledger,0.0,0.0,beidaihe_summer_cultural_event
2026-07-20,BDH,88912.98935933421,88912.98935933421,0.0,24,24.0,204,204.0,0.0,2.2,0.0,0.0,0.0,0.0,0,0,0,24,204,2.8,0.1,88912.98935933421,counterfactual_planning_simulation,0.0,0.0,traveler_time_loss_scenario_estimate_not_operator_cash_ledger,0.0,0.0,beidaihe_summer_cultural_event
2026-07-21,BDH,83628.52676888747,83628.52676888747,0.0,22,22.0,191,191.0,0.0,2.2,0.0,0.0,0.0,0.0,0,0,0,22,191,2.8,0.1,83628.52676888747,counterfactual_planning_simulation,0.0,0.0,traveler_time_loss_scenario_estimate_not_operator_cash_ledger,0.0,0.0,beidaihe_summer_cultural_event
2026-07-22,BDH,87154.7317310283,87154.7317310283,0.0,23,23.0,199,199.0,0.0,2.2,0.0,0.0,0.0,0.0,0,0,0,23,199,2.8,0.1,87154.7317310283,counterfactual_planning_simulation,0.0,0.0,traveler_time_loss_scenario_estimate_not_operator_cash_ledger,0.0,0.0,beidaihe_summer_cultural_event
2026-07-23,BDH,84497.5043834623,84497.5043834623,0.0,23,23.0,193,193.0,0.0,2.2,0.0,0.0,0.0,0.0,0,0,0,23,193,2.8,0.1,84497.5043834623,counterfactual_planning_simulation,0.0,0.0,traveler_time_loss_scenario_estimate_not_operator_cash_ledger,0.0,0.0,beidaihe_summer_cultural_event
2026-07-24,BDH,92256.38535250723,92256.38535250723,0.0,25,25.0,211,211.0,0.0,2.2,0.0,0.0,0.0,0.0,0,0,0,25,211,2.8,0.1,92256.38535250723,counterfactual_planning_simulation,0.0,0.0,traveler_time_loss_scenario_estimate_not_operator_cash_ledger,0.0,0.0,beidaihe_summer_cultural_event
2026-07-25,BDH,127462.26724531804,127462.26724531804,0.0,34,34.0,291,291.0,0.0,2.2,0.0,0.0,0.0,0.0,0,0,0,34,291,2.8,0.1,127462.26724531804,counterfactual_planning_simulation,0.0,0.0,traveler_time_loss_scenario_estimate_not_operator_cash_ledger,0.0,0.0,beidaihe_summer_cultural_event
2026-07-26,BDH,121673.9941759271,121673.9941759271,0.0,32,32.0,277,277.0,0.0,2.2,0.0,0.0,0.0,0.0,0,0,0,32,277,2.8,0.1,121673.9941759271,counterfactual_planning_simulation,0.0,0.0,traveler_time_loss_scenario_estimate_not_operator_cash_ledger,0.0,0.0,beidaihe_summer_cultural_event
2026-07-27,BDH,88250.53148984013,88250.53148984013,0.0,23,23.0,202,202.0,0.0,2.2,0.0,0.0,0.0,0.0,0,0,0,23,202,2.8,0.1,88250.53148984013,counterfactual_planning_simulation,0.0,0.0,traveler_time_loss_scenario_estimate_not_operator_cash_ledger,0.0,0.0,beidaihe_summer_cultural_event
2026-07-28,BDH,89598.81210808743,89598.81210808743,0.0,24,24.0,204,204.0,0.0,2.2,0.0,0.0,0.0,0.0,0,0,0,24,204,2.8,0.1,89598.81210808743,counterfactual_planning_simulation,0.0,0.0,traveler_time_loss_scenario_estimate_not_operator_cash_ledger,0.0,0.0,beidaihe_summer_cultural_event
2026-07-29,BDH,79163.27867482374,79163.27867482374,0.0,21,21.0,181,181.0,0.0,2.2,0.0,0.0,0.0,0.0,0,0,0,21,181,2.8,0.1,79163.27867482374,counterfactual_planning_simulation,0.0,0.0,traveler_time_loss_scenario_estimate_not_operator_cash_ledger,0.0,0.0,beidaihe_summer_cultural_event
2026-07-30,BDH,85821.05679566659,85821.05679566659,0.0,23,23.0,196,196.0,0.0,2.2,0.0,0.0,0.0,0.0,0,0,0,23,196,2.8,0.1,85821.05679566659,counterfactual_planning_simulation,0.0,0.0,traveler_time_loss_scenario_estimate_not_operator_cash_ledger,0.0,0.0,beidaihe_summer_cultural_event
2026-07-31,BDH,80756.54182823519,80756.54182823519,0.0,22,22.0,185,185.0,0.0,2.2,0.0,0.0,0.0,0.0,0,0,0,22,185,2.8,0.1,80756.54182823519,counterfactual_planning_simulation,0.0,0.0,traveler_time_loss_scenario_estimate_not_operator_cash_ledger,0.0,0.0,beidaihe_summer_cultural_event
2026-08-01,BDH,116889.43111927342,116889.43111927342,0.0,31,31.0,267,267.0,0.0,2.2,0.0,0.0,0.0,0.0,0,0,0,31,267,2.8,0.1,116889.43111927342,counterfactual_planning_simulation,0.0,0.0,traveler_time_loss_scenario_estimate_not_operator_cash_ledger,0.0,0.0,beidaihe_summer_cultural_event
2026-08-02,BDH,117618.81426159246,117618.81426159246,0.0,31,31.0,269,269.0,0.0,2.2,0.0,0.0,0.0,0.0,0,0,0,31,269,2.8,0.1,117618.81426159246,counterfactual_planning_simulation,0.0,0.0,traveler_time_loss_scenario_estimate_not_operator_cash_ledger,0.0,0.0,beidaihe_summer_cultural_event
2026-08-03,BDH,84920.62952032933,84920.62952032933,0.0,23,23.0,195,195.0,0.0,2.2,0.0,0.0,0.0,0.0,0,0,0,23,195,2.8,0.1,84920.62952032933,counterfactual_planning_simulation,0.0,0.0,traveler_time_loss_scenario_estimate_not_operator_cash_ledger,0.0,0.0,beidaihe_summer_cultural_event
2026-08-04,BDH,101339.51669440082,101339.51669440082,0.0,27,27.0,232,232.0,0.0,2.2,0.0,0.0,0.0,0.0,0,0,0,27,232,2.8,0.1,101339.51669440082,counterfactual_planning_simulation,0.0,0.0,traveler_time_loss_scenario_estimate_not_operator_cash_ledger,0.0,0.0,beidaihe_summer_cultural_event
2026-08-05,BDH,100370.54173012445,100370.54173012445,0.0,27,27.0,230,230.0,0.0,2.2,0.0,0.0,0.0,0.0,0,0,0,27,230,2.8,0.1,100370.54173012445,counterfactual_planning_simulation,0.0,0.0,traveler_time_loss_scenario_estimate_not_operator_cash_ledger,0.0,0.0,beidaihe_summer_cultural_event
2026-08-06,BDH,100382.91722400504,110421.20894640555,0.052089034847655535,27,29.0,230,252.0,0.0,2.2,0.0,0.0,0.0,0.0,0,2,22,29,252,2.8,0.1,110421.20894640555,counterfactual_planning_simulation,0.0,0.0,traveler_time_loss_scenario_estimate_not_operator_cash_ledger,1154.3760760133255,28109.057450924476,beidaihe_summer_cultural_event
2026-08-07,BDH,87689.18082460135,105227.01698952162,0.11507936507936507,23,28.0,200,240.0,0.0,2.2,0.0,0.0,0.0,0.0,0,5,40,28,240,2.8,0.1,105227.01698952162,counterfactual_planning_simulation,0.0,0.0,traveler_time_loss_scenario_estimate_not_operator_cash_ledger,2223.5470851952487,54143.371524504306,beidaihe_summer_cultural_event
2026-08-08,BDH,123259.73291008196,172563.62607411473,0.1832766439909297,33,45.0,281,392.0,0.0,2.2,0.0,0.0,0.0,0.0,0,12,111,45,392,2.8,0.1,172563.62607411473,counterfactual_planning_simulation,0.0,0.0,traveler_time_loss_scenario_estimate_not_operator_cash_ledger,6036.792157048538,146995.8890241319,beidaihe_summer_cultural_event
2026-08-09,BDH,123563.2062050702,148275.84744608423,0.10650887573964497,33,39.0,282,338.0,0.0,2.2,0.0,0.0,0.0,0.0,0,6,56,39,338,2.8,0.1,148275.84744608423,counterfactual_planning_simulation,0.0,0.0,traveler_time_loss_scenario_estimate_not_operator_cash_ledger,3026.932980408229,73705.81807294038,beidaihe_summer_cultural_event
2026-08-10,BDH,101362.84181069964,111499.12599176962,0.06339869281045751,27,30.0,232,255.0,0.0,2.2,0.0,0.0,0.0,0.0,0,3,23,30,255,2.8,0.1,111499.12599176962,counterfactual_planning_simulation,0.0,0.0,traveler_time_loss_scenario_estimate_not_operator_cash_ledger,1284.4262062777382,31275.778122862925,beidaihe_summer_cultural_event
2026-08-11,BDH,90794.38855974906,90794.38855974906,0.0,24,24.0,207,207.0,0.0,2.2,0.0,0.0,0.0,0.0,0,0,0,24,207,2.8,0.1,90794.38855974906,counterfactual_planning_simulation,0.0,0.0,traveler_time_loss_scenario_estimate_not_operator_cash_ledger,0.0,0.0,beidaihe_summer_cultural_event
2026-08-12,BDH,80825.8735408016,80825.8735408016,0.0,22,22.0,185,185.0,0.0,2.2,0.0,0.0,0.0,0.0,0,0,0,22,185,2.8,0.1,80825.8735408016,counterfactual_planning_simulation,0.0,0.0,traveler_time_loss_scenario_estimate_not_operator_cash_ledger,0.0,0.0,beidaihe_summer_cultural_event
2026-08-13,BDH,79310.74604251987,79310.74604251987,0.0,21,21.0,181,181.0,0.0,2.2,0.0,0.0,0.0,0.0,0,0,0,21,181,2.8,0.1,79310.74604251987,counterfactual_planning_simulation,0.0,0.0,traveler_time_loss_scenario_estimate_not_operator_cash_ledger,0.0,0.0,beidaihe_summer_cultural_event
2026-08-14,BDH,74527.67701552884,74527.67701552884,0.0,20,20.0,170,170.0,0.0,2.2,0.0,0.0,0.0,0.0,0,0,0,20,170,2.8,0.1,74527.67701552884,counterfactual_planning_simulation,0.0,0.0,traveler_time_loss_scenario_estimate_not_operator_cash_ledger,0.0,0.0,beidaihe_summer_cultural_event
2026-08-15,BDH,101876.77818714028,101876.77818714028,0.0,27,27.0,233,233.0,0.0,2.2,0.0,0.0,0.0,0.0,0,0,0,27,233,2.8,0.1,101876.77818714028,counterfactual_planning_simulation,0.0,0.0,traveler_time_loss_scenario_estimate_not_operator_cash_ledger,0.0,0.0,beidaihe_summer_cultural_event
2026-08-16,BDH,93482.24657983576,93482.24657983576,0.0,25,25.0,214,214.0,0.0,2.2,0.0,0.0,0.0,0.0,0,0,0,25,214,2.8,0.1,93482.24657983576,counterfactual_planning_simulation,0.0,0.0,traveler_time_loss_scenario_estimate_not_operator_cash_ledger,0.0,0.0,beidaihe_summer_cultural_event
2026-08-17,BDH,59644.54125398237,59644.54125398237,0.0,16,16.0,137,137.0,0.0,2.2,0.0,0.0,0.0,0.0,0,0,0,16,137,2.8,0.1,59644.54125398237,counterfactual_planning_simulation,0.0,0.0,traveler_time_loss_scenario_estimate_not_operator_cash_ledger,0.0,0.0,beidaihe_summer_cultural_event
2026-08-18,BDH,59049.47304046474,59049.47304046474,0.0,16,16.0,136,136.0,0.0,2.2,0.0,0.0,0.0,0.0,0,0,0,16,136,2.8,0.1,59049.47304046474,counterfactual_planning_simulation,0.0,0.0,traveler_time_loss_scenario_estimate_not_operator_cash_ledger,0.0,0.0,beidaihe_summer_cultural_event
2026-08-19,BDH,45611.73706873976,45611.73706873976,0.0,12,12.0,104,104.0,0.0,2.2,0.0,0.0,0.0,0.0,0,0,0,12,104,2.8,0.1,45611.73706873976,counterfactual_planning_simulation,0.0,0.0,traveler_time_loss_scenario_estimate_not_operator_cash_ledger,0.0,0.0,beidaihe_summer_cultural_event
2026-08-20,BDH,47011.48383125291,47011.48383125291,0.0,13,13.0,108,108.0,0.0,2.2,0.0,0.0,0.0,0.0,0,0,0,13,108,2.8,0.1,47011.48383125291,counterfactual_planning_simulation,0.0,0.0,traveler_time_loss_scenario_estimate_not_operator_cash_ledger,0.0,0.0,beidaihe_summer_cultural_event
2026-08-21,BDH,48015.72510215839,48015.72510215839,0.0,13,13.0,110,110.0,0.0,2.2,0.0,0.0,0.0,0.0,0,0,0,13,110,2.8,0.1,48015.72510215839,counterfactual_planning_simulation,0.0,0.0,traveler_time_loss_scenario_estimate_not_operator_cash_ledger,0.0,0.0,beidaihe_summer_cultural_event
2026-08-22,BDH,69713.11964185695,69713.11964185695,0.0,19,19.0,160,160.0,0.0,2.2,0.0,0.0,0.0,0.0,0,0,0,19,160,2.8,0.1,69713.11964185695,counterfactual_planning_simulation,0.0,0.0,traveler_time_loss_scenario_estimate_not_operator_cash_ledger,0.0,0.0,beidaihe_summer_cultural_event
2026-08-23,BDH,63962.45471405149,63962.45471405149,0.0,17,17.0,147,147.0,0.0,2.2,0.0,0.0,0.0,0.0,0,0,0,17,147,2.8,0.1,63962.45471405149,counterfactual_planning_simulation,0.0,0.0,traveler_time_loss_scenario_estimate_not_operator_cash_ledger,0.0,0.0,beidaihe_summer_cultural_event
2026-08-24,BDH,38541.83080475993,38541.83080475993,0.0,11,11.0,89,89.0,0.0,2.2,0.0,0.0,0.0,0.0,0,0,0,11,89,2.8,0.1,38541.83080475993,counterfactual_planning_simulation,0.0,0.0,traveler_time_loss_scenario_estimate_not_operator_cash_ledger,0.0,0.0,beidaihe_summer_cultural_event
2026-08-25,BDH,35328.21238755488,35328.21238755488,0.0,10,10.0,82,82.0,0.0,2.2,0.0,0.0,0.0,0.0,0,0,0,10,82,2.8,0.1,35328.21238755488,counterfactual_planning_simulation,0.0,0.0,traveler_time_loss_scenario_estimate_not_operator_cash_ledger,0.0,0.0,beidaihe_summer_cultural_event
2026-08-26,BDH,29210.3860251557,29210.3860251557,0.0,8,8.0,67,67.0,0.0,2.2,0.0,0.0,0.0,0.0,0,0,0,8,67,2.8,0.1,29210.3860251557,counterfactual_planning_simulation,0.0,0.0,traveler_time_loss_scenario_estimate_not_operator_cash_ledger,0.0,0.0,beidaihe_summer_cultural_event
2026-08-27,BDH,24457.487807650727,24457.487807650727,0.0,7,7.0,58,58.0,0.0,2.2,0.0,0.0,0.0,0.0,0,0,0,7,58,2.8,0.1,24457.487807650727,counterfactual_planning_simulation,0.0,0.0,traveler_time_loss_scenario_estimate_not_operator_cash_ledger,0.0,0.0,beidaihe_summer_cultural_event
2026-08-28,BDH,22775.510676403366,22775.510676403366,0.0,6,6.0,52,52.0,0.0,2.2,0.0,0.0,0.0,0.0,0,0,0,6,52,2.8,0.1,22775.510676403366,counterfactual_planning_simulation,0.0,0.0,traveler_time_loss_scenario_estimate_not_operator_cash_ledger,0.0,0.0,beidaihe_summer_cultural_event
2026-08-29,BDH,44050.05627947755,44050.05627947755,0.0,12,12.0,102,102.0,0.0,2.2,0.0,0.0,0.0,0.0,0,0,0,12,102,2.8,0.1,44050.05627947755,counterfactual_planning_simulation,0.0,0.0,traveler_time_loss_scenario_estimate_not_operator_cash_ledger,0.0,0.0,beidaihe_summer_cultural_event
2026-08-30,BDH,43007.30302425542,43007.30302425542,0.0,12,12.0,99,99.0,0.0,2.2,0.0,0.0,0.0,0.0,0,0,0,12,99,2.8,0.1,43007.30302425542,counterfactual_planning_simulation,0.0,0.0,traveler_time_loss_scenario_estimate_not_operator_cash_ledger,0.0,0.0,beidaihe_summer_cultural_event
2026-08-31,BDH,18977.72623991256,18977.72623991256,0.0,5,5.0,44,44.0,0.0,2.2,0.0,0.0,0.0,0.0,0,0,0,5,44,2.8,0.1,18977.72623991256,counterfactual_planning_simulation,0.0,0.0,traveler_time_loss_scenario_estimate_not_operator_cash_ledger,0.0,0.0,beidaihe_summer_cultural_event
2026-09-01,BDH,26588.103843267545,26588.103843267545,0.0,7,7.0,62,62.0,0.0,2.2,0.0,0.0,0.0,0.0,0,0,0,7,62,2.8,0.1,26588.103843267545,counterfactual_planning_simulation,0.0,0.0,traveler_time_loss_scenario_estimate_not_operator_cash_ledger,0.0,0.0,beidaihe_summer_cultural_event
2026-09-02,BDH,22558.039264457635,22558.039264457635,0.0,6,6.0,52,52.0,0.0,2.2,0.0,0.0,0.0,0.0,0,0,0,6,52,2.8,0.1,22558.039264457635,counterfactual_planning_simulation,0.0,0.0,traveler_time_loss_scenario_estimate_not_operator_cash_ledger,0.0,0.0,beidaihe_summer_cultural_event
2026-09-03,BDH,19667.135432472944,19667.135432472944,0.0,6,6.0,47,47.0,0.0,2.2,0.0,0.0,0.0,0.0,0,0,0,6,47,2.8,0.1,19667.135432472944,counterfactual_planning_simulation,0.0,0.0,traveler_time_loss_scenario_estimate_not_operator_cash_ledger,0.0,0.0,beidaihe_summer_cultural_event
2026-09-04,BDH,22710.217194330908,22710.217194330908,0.0,6,6.0,52,52.0,0.0,2.2,0.0,0.0,0.0,0.0,0,0,0,6,52,2.8,0.1,22710.217194330908,counterfactual_planning_simulation,0.0,0.0,traveler_time_loss_scenario_estimate_not_operator_cash_ledger,0.0,0.0,beidaihe_summer_cultural_event
2026-09-05,BDH,44829.41596373788,44829.41596373788,0.0,12,12.0,103,103.0,0.0,2.2,0.0,0.0,0.0,0.0,0,0,0,12,103,2.8,0.1,44829.41596373788,counterfactual_planning_simulation,0.0,0.0,traveler_time_loss_scenario_estimate_not_operator_cash_ledger,0.0,0.0,beidaihe_summer_cultural_event
2026-09-06,BDH,43284.00211915279,43284.00211915279,0.0,12,12.0,100,100.0,0.0,2.2,0.0,0.0,0.0,0.0,0,0,0,12,100,2.8,0.1,43284.00211915279,counterfactual_planning_simulation,0.0,0.0,traveler_time_loss_scenario_estimate_not_operator_cash_ledger,0.0,0.0,beidaihe_summer_cultural_event
2026-09-07,BDH,20952.95644139052,20952.95644139052,0.0,6,6.0,49,49.0,0.0,2.2,0.0,0.0,0.0,0.0,0,0,0,6,49,2.8,0.1,20952.95644139052,counterfactual_planning_simulation,0.0,0.0,traveler_time_loss_scenario_estimate_not_operator_cash_ledger,0.0,0.0,beidaihe_summer_cultural_event
2026-09-08,BDH,22731.233698104646,22731.233698104646,0.0,6,6.0,52,52.0,0.0,2.2,0.0,0.0,0.0,0.0,0,0,0,6,52,2.8,0.1,22731.233698104646,counterfactual_planning_simulation,0.0,0.0,traveler_time_loss_scenario_estimate_not_operator_cash_ledger,0.0,0.0,beidaihe_summer_cultural_event
2026-09-09,BDH,20559.04271407741,20559.04271407741,0.0,6,6.0,48,48.0,0.0,2.2,0.0,0.0,0.0,0.0,0,0,0,6,48,2.8,0.1,20559.04271407741,counterfactual_planning_simulation,0.0,0.0,traveler_time_loss_scenario_estimate_not_operator_cash_ledger,0.0,0.0,beidaihe_summer_cultural_event
2026-09-10,BDH,18201.56892842708,18201.56892842708,0.0,5,5.0,43,43.0,0.0,2.2,0.0,0.0,0.0,0.0,0,0,0,5,43,2.8,0.1,18201.56892842708,counterfactual_planning_simulation,0.0,0.0,traveler_time_loss_scenario_estimate_not_operator_cash_ledger,0.0,0.0,beidaihe_summer_cultural_event
2026-09-11,BDH,16848.29566057035,16848.29566057035,0.0,5,5.0,40,40.0,0.0,2.2,0.0,0.0,0.0,0.0,0,0,0,5,40,2.8,0.1,16848.29566057035,counterfactual_planning_simulation,0.0,0.0,traveler_time_loss_scenario_estimate_not_operator_cash_ledger,0.0,0.0,beidaihe_summer_cultural_event
2026-09-12,BDH,43884.61812413639,43884.61812413639,0.0,12,12.0,101,101.0,0.0,2.2,0.0,0.0,0.0,0.0,0,0,0,12,101,2.8,0.1,43884.61812413639,counterfactual_planning_simulation,0.0,0.0,traveler_time_loss_scenario_estimate_not_operator_cash_ledger,0.0,0.0,beidaihe_summer_cultural_event
2026-09-13,BDH,39598.89559482337,39598.89559482337,0.0,11,11.0,92,92.0,0.0,2.2,0.0,0.0,0.0,0.0,0,0,0,11,92,2.8,0.1,39598.89559482337,counterfactual_planning_simulation,0.0,0.0,traveler_time_loss_scenario_estimate_not_operator_cash_ledger,0.0,0.0,beidaihe_summer_cultural_event
2026-09-14,BDH,21830.86690675749,21830.86690675749,0.0,6,6.0,51,51.0,0.0,2.2,0.0,0.0,0.0,0.0,0,0,0,6,51,2.8,0.1,21830.86690675749,counterfactual_planning_simulation,0.0,0.0,traveler_time_loss_scenario_estimate_not_operator_cash_ledger,0.0,0.0,beidaihe_summer_cultural_event
2026-09-15,BDH,22947.952388535632,22947.952388535632,0.0,6,6.0,54,54.0,0.0,2.2,0.0,0.0,0.0,0.0,0,0,0,6,54,2.8,0.1,22947.952388535632,counterfactual_planning_simulation,0.0,0.0,traveler_time_loss_scenario_estimate_not_operator_cash_ledger,0.0,0.0,beidaihe_summer_cultural_event
2026-09-16,BDH,19108.04146202585,19108.04146202585,0.0,5,5.0,44,44.0,0.0,2.2,0.0,0.0,0.0,0.0,0,0,0,5,44,2.8,0.1,19108.04146202585,counterfactual_planning_simulation,0.0,0.0,traveler_time_loss_scenario_estimate_not_operator_cash_ledger,0.0,0.0,beidaihe_summer_cultural_event
2026-09-17,BDH,18718.61414739931,18718.61414739931,0.0,5,5.0,44,44.0,0.0,2.2,0.0,0.0,0.0,0.0,0,0,0,5,44,2.8,0.1,18718.61414739931,counterfactual_planning_simulation,0.0,0.0,traveler_time_loss_scenario_estimate_not_operator_cash_ledger,0.0,0.0,beidaihe_summer_cultural_event
2026-09-18,BDH,18986.10343737841,18986.10343737841,0.0,5,5.0,44,44.0,0.0,2.2,0.0,0.0,0.0,0.0,0,0,0,5,44,2.8,0.1,18986.10343737841,counterfactual_planning_simulation,0.0,0.0,traveler_time_loss_scenario_estimate_not_operator_cash_ledger,0.0,0.0,beidaihe_summer_cultural_event
2026-09-19,BDH,46957.8177081447,46957.8177081447,0.0,13,13.0,108,108.0,0.0,2.2,0.0,0.0,0.0,0.0,0,0,0,13,108,2.8,0.1,46957.8177081447,counterfactual_planning_simulation,0.0,0.0,traveler_time_loss_scenario_estimate_not_operator_cash_ledger,0.0,0.0,beidaihe_summer_cultural_event
2026-09-20,BDH,43179.23830244722,43179.23830244722,0.0,12,12.0,100,100.0,0.0,2.2,0.0,0.0,0.0,0.0,0,0,0,12,100,2.8,0.1,43179.23830244722,counterfactual_planning_simulation,0.0,0.0,traveler_time_loss_scenario_estimate_not_operator_cash_ledger,0.0,0.0,beidaihe_summer_cultural_event
2026-09-21,BDH,20289.97434411792,20289.97434411792,0.0,6,6.0,48,48.0,0.0,2.2,0.0,0.0,0.0,0.0,0,0,0,6,48,2.8,0.1,20289.97434411792,counterfactual_planning_simulation,0.0,0.0,traveler_time_loss_scenario_estimate_not_operator_cash_ledger,0.0,0.0,beidaihe_summer_cultural_event
2026-09-22,BDH,18460.533695247097,18460.533695247097,0.0,5,5.0,43,43.0,0.0,2.2,0.0,0.0,0.0,0.0,0,0,0,5,43,2.8,0.1,18460.533695247097,counterfactual_planning_simulation,0.0,0.0,traveler_time_loss_scenario_estimate_not_operator_cash_ledger,0.0,0.0,beidaihe_summer_cultural_event
2026-09-23,BDH,18032.78511254482,18032.78511254482,0.0,5,5.0,43,43.0,0.0,2.2,0.0,0.0,0.0,0.0,0,0,0,5,43,2.8,0.1,18032.78511254482,counterfactual_planning_simulation,0.0,0.0,traveler_time_loss_scenario_estimate_not_operator_cash_ledger,0.0,0.0,beidaihe_summer_cultural_event
2026-09-24,BDH,17551.59714891344,17551.59714891344,0.0,5,5.0,41,41.0,0.0,2.2,0.0,0.0,0.0,0.0,0,0,0,5,41,2.8,0.1,17551.59714891344,counterfactual_planning_simulation,0.0,0.0,traveler_time_loss_scenario_estimate_not_operator_cash_ledger,0.0,0.0,beidaihe_summer_cultural_event
2026-09-25,BDH,17212.400510429718,17212.400510429718,0.0,5,5.0,41,41.0,0.0,2.2,0.0,0.0,0.0,0.0,0,0,0,5,41,2.8,0.1,17212.400510429718,counterfactual_planning_simulation,0.0,0.0,traveler_time_loss_scenario_estimate_not_operator_cash_ledger,0.0,0.0,beidaihe_summer_cultural_event
2026-09-26,BDH,43570.4478871848,43570.4478871848,0.0,12,12.0,100,100.0,0.0,2.2,0.0,0.0,0.0,0.0,0,0,0,12,100,2.8,0.1,43570.4478871848,counterfactual_planning_simulation,0.0,0.0,traveler_time_loss_scenario_estimate_not_operator_cash_ledger,0.0,0.0,beidaihe_summer_cultural_event
2026-09-27,BDH,43118.29075836834,43118.29075836834,0.0,12,12.0,100,100.0,0.0,2.2,0.0,0.0,0.0,0.0,0,0,0,12,100,2.8,0.1,43118.29075836834,counterfactual_planning_simulation,0.0,0.0,traveler_time_loss_scenario_estimate_not_operator_cash_ledger,0.0,0.0,beidaihe_summer_cultural_event
2026-09-28,BDH,20944.89427457452,20944.89427457452,0.0,6,6.0,49,49.0,0.0,2.2,0.0,0.0,0.0,0.0,0,0,0,6,49,2.8,0.1,20944.89427457452,counterfactual_planning_simulation,0.0,0.0,traveler_time_loss_scenario_estimate_not_operator_cash_ledger,0.0,0.0,beidaihe_summer_cultural_event
2026-09-29,BDH,28107.207313071765,28107.207313071765,0.0,8,8.0,66,66.0,0.0,2.2,0.0,0.0,0.0,0.0,0,0,0,8,66,2.8,0.1,28107.207313071765,counterfactual_planning_simulation,0.0,0.0,traveler_time_loss_scenario_estimate_not_operator_cash_ledger,0.0,0.0,beidaihe_summer_cultural_event
2026-09-30,BDH,27312.392440800715,27312.392440800715,0.0,8,8.0,64,64.0,0.0,2.2,0.0,0.0,0.0,0.0,0,0,0,8,64,2.8,0.1,27312.392440800715,counterfactual_planning_simulation,0.0,0.0,traveler_time_loss_scenario_estimate_not_operator_cash_ledger,0.0,0.0,beidaihe_summer_cultural_event
2026-10-01,BDH,35113.48982008828,35113.48982008828,0.0,10,10.0,81,81.0,0.0,2.2,0.0,0.0,0.0,0.0,0,0,0,10,81,2.8,0.1,35113.48982008828,counterfactual_planning_simulation,0.0,0.0,traveler_time_loss_scenario_estimate_not_operator_cash_ledger,0.0,0.0,beidaihe_summer_cultural_event
2026-10-02,BDH,42985.10096785931,42985.10096785931,0.0,12,12.0,99,99.0,0.0,2.2,0.0,0.0,0.0,0.0,0,0,0,12,99,2.8,0.1,42985.10096785931,counterfactual_planning_simulation,0.0,0.0,traveler_time_loss_scenario_estimate_not_operator_cash_ledger,0.0,0.0,beidaihe_summer_cultural_event
2026-10-03,BDH,71896.2347155471,71896.2347155471,0.0,19,19.0,165,165.0,0.0,2.2,0.0,0.0,0.0,0.0,0,0,0,19,165,2.8,0.1,71896.2347155471,counterfactual_planning_simulation,0.0,0.0,traveler_time_loss_scenario_estimate_not_operator_cash_ledger,0.0,0.0,beidaihe_summer_cultural_event
2026-10-04,BDH,70376.0257849314,70376.0257849314,0.0,19,19.0,162,162.0,0.0,2.2,0.0,0.0,0.0,0.0,0,0,0,19,162,2.8,0.1,70376.0257849314,counterfactual_planning_simulation,0.0,0.0,traveler_time_loss_scenario_estimate_not_operator_cash_ledger,0.0,0.0,beidaihe_summer_cultural_event
2026-10-05,BDH,37144.11273184627,37144.11273184627,0.0,10,10.0,85,85.0,0.0,2.2,0.0,0.0,0.0,0.0,0,0,0,10,85,2.8,0.1,37144.11273184627,counterfactual_planning_simulation,0.0,0.0,traveler_time_loss_scenario_estimate_not_operator_cash_ledger,0.0,0.0,beidaihe_summer_cultural_event
2026-10-06,BDH,27214.65704285412,27214.65704285412,0.0,8,8.0,63,63.0,0.0,2.2,0.0,0.0,0.0,0.0,0,0,0,8,63,2.8,0.1,27214.65704285412,counterfactual_planning_simulation,0.0,0.0,traveler_time_loss_scenario_estimate_not_operator_cash_ledger,0.0,0.0,beidaihe_summer_cultural_event
2026-10-07,BDH,19992.25543243217,19992.25543243217,0.0,6,6.0,47,47.0,0.0,2.2,0.0,0.0,0.0,0.0,0,0,0,6,47,2.8,0.1,19992.25543243217,counterfactual_planning_simulation,0.0,0.0,traveler_time_loss_scenario_estimate_not_operator_cash_ledger,0.0,0.0,beidaihe_summer_cultural_event
2026-10-08,BDH,13735.827985931315,13735.827985931315,0.0,4,4.0,33,33.0,0.0,2.2,0.0,0.0,0.0,0.0,0,0,0,4,33,2.8,0.1,13735.827985931315,counterfactual_planning_simulation,0.0,0.0,traveler_time_loss_scenario_estimate_not_operator_cash_ledger,0.0,0.0,beidaihe_summer_cultural_event
2026-10-09,BDH,12715.237509267929,12715.237509267929,0.0,4,4.0,30,30.0,0.0,2.2,0.0,0.0,0.0,0.0,0,0,0,4,30,2.8,0.1,12715.237509267929,counterfactual_planning_simulation,0.0,0.0,traveler_time_loss_scenario_estimate_not_operator_cash_ledger,0.0,0.0,beidaihe_summer_cultural_event
2026-10-10,BDH,32037.83741002808,32037.83741002808,0.0,9,9.0,74,74.0,0.0,2.2,0.0,0.0,0.0,0.0,0,0,0,9,74,2.8,0.1,32037.83741002808,counterfactual_planning_simulation,0.0,0.0,traveler_time_loss_scenario_estimate_not_operator_cash_ledger,0.0,0.0,beidaihe_summer_cultural_event
2026-10-11,BDH,26705.21593884633,26705.21593884633,0.0,7,7.0,62,62.0,0.0,2.2,0.0,0.0,0.0,0.0,0,0,0,7,62,2.8,0.1,26705.21593884633,counterfactual_planning_simulation,0.0,0.0,traveler_time_loss_scenario_estimate_not_operator_cash_ledger,0.0,0.0,beidaihe_summer_cultural_event
2026-10-12,BDH,9627.48310548703,9627.48310548703,0.0,3,3.0,23,23.0,0.0,2.2,0.0,0.0,0.0,0.0,0,0,0,3,23,2.8,0.1,9627.48310548703,counterfactual_planning_simulation,0.0,0.0,traveler_time_loss_scenario_estimate_not_operator_cash_ledger,0.0,0.0,beidaihe_summer_cultural_event
2026-10-13,BDH,8604.412325796502,8604.412325796502,0.0,3,3.0,22,22.0,0.0,2.2,0.0,0.0,0.0,0.0,0,0,0,3,22,2.8,0.1,8604.412325796502,counterfactual_planning_simulation,0.0,0.0,traveler_time_loss_scenario_estimate_not_operator_cash_ledger,0.0,0.0,beidaihe_summer_cultural_event
2026-10-14,BDH,7114.337504153105,7114.337504153105,0.0,3,3.0,18,18.0,0.0,2.2,0.0,0.0,0.0,0.0,0,0,0,3,18,2.8,0.1,7114.337504153105,counterfactual_planning_simulation,0.0,0.0,traveler_time_loss_scenario_estimate_not_operator_cash_ledger,0.0,0.0,beidaihe_summer_cultural_event
2026-10-15,BDH,6505.987982423439,6505.987982423439,0.0,3,3.0,17,17.0,0.0,2.2,0.0,0.0,0.0,0.0,0,0,0,3,17,2.8,0.1,6505.987982423439,counterfactual_planning_simulation,0.0,0.0,traveler_time_loss_scenario_estimate_not_operator_cash_ledger,0.0,0.0,beidaihe_summer_cultural_event
2026-10-16,BDH,5989.947366245868,5989.947366245868,0.0,3,3.0,16,16.0,0.0,2.2,0.0,0.0,0.0,0.0,0,0,0,3,16,2.8,0.1,5989.947366245868,counterfactual_planning_simulation,0.0,0.0,traveler_time_loss_scenario_estimate_not_operator_cash_ledger,0.0,0.0,beidaihe_summer_cultural_event
2026-10-17,BDH,27002.946846696137,27002.946846696137,0.0,8,8.0,63,63.0,0.0,2.2,0.0,0.0,0.0,0.0,0,0,0,8,63,2.8,0.1,27002.946846696137,counterfactual_planning_simulation,0.0,0.0,traveler_time_loss_scenario_estimate_not_operator_cash_ledger,0.0,0.0,beidaihe_summer_cultural_event
2026-10-18,BDH,25400.022939715007,25400.022939715007,0.0,7,7.0,59,59.0,0.0,2.2,0.0,0.0,0.0,0.0,0,0,0,7,59,2.8,0.1,25400.022939715007,counterfactual_planning_simulation,0.0,0.0,traveler_time_loss_scenario_estimate_not_operator_cash_ledger,0.0,0.0,beidaihe_summer_cultural_event
2026-10-19,BDH,5929.885136600613,5929.885136600613,0.0,3,3.0,16,16.0,0.0,2.2,0.0,0.0,0.0,0.0,0,0,0,3,16,2.8,0.1,5929.885136600613,counterfactual_planning_simulation,0.0,0.0,traveler_time_loss_scenario_estimate_not_operator_cash_ledger,0.0,0.0,beidaihe_summer_cultural_event
2026-10-20,BDH,8741.477525469585,8741.477525469585,0.0,3,3.0,22,22.0,0.0,2.2,0.0,0.0,0.0,0.0,0,0,0,3,22,2.8,0.1,8741.477525469585,counterfactual_planning_simulation,0.0,0.0,traveler_time_loss_scenario_estimate_not_operator_cash_ledger,0.0,0.0,beidaihe_summer_cultural_event
2026-10-21,BDH,5943.509258738055,5943.509258738055,0.0,3,3.0,16,16.0,0.0,2.2,0.0,0.0,0.0,0.0,0,0,0,3,16,2.8,0.1,5943.509258738055,counterfactual_planning_simulation,0.0,0.0,traveler_time_loss_scenario_estimate_not_operator_cash_ledger,0.0,0.0,beidaihe_summer_cultural_event
2026-10-22,BDH,5386.078058747183,5386.078058747183,0.0,3,3.0,15,15.0,0.0,2.2,0.0,0.0,0.0,0.0,0,0,0,3,15,2.8,0.1,5386.078058747183,counterfactual_planning_simulation,0.0,0.0,traveler_time_loss_scenario_estimate_not_operator_cash_ledger,0.0,0.0,beidaihe_summer_cultural_event
2026-10-23,BDH,5386.078058747183,5386.078058747183,0.0,3,3.0,15,15.0,0.0,2.2,0.0,0.0,0.0,0.0,0,0,0,3,15,2.8,0.1,5386.078058747183,counterfactual_planning_simulation,0.0,0.0,traveler_time_loss_scenario_estimate_not_operator_cash_ledger,0.0,0.0,beidaihe_summer_cultural_event
2026-10-24,BDH,24945.51202690085,24945.51202690085,0.0,7,7.0,58,58.0,0.0,2.2,0.0,0.0,0.0,0.0,0,0,0,7,58,2.8,0.1,24945.51202690085,counterfactual_planning_simulation,0.0,0.0,traveler_time_loss_scenario_estimate_not_operator_cash_ledger,0.0,0.0,beidaihe_summer_cultural_event
2026-10-25,BDH,23347.11096252893,23347.11096252893,0.0,7,7.0,55,55.0,0.0,2.2,0.0,0.0,0.0,0.0,0,0,0,7,55,2.8,0.1,23347.11096252893,counterfactual_planning_simulation,0.0,0.0,traveler_time_loss_scenario_estimate_not_operator_cash_ledger,0.0,0.0,beidaihe_summer_cultural_event
2026-10-26,BDH,5386.078058747183,5386.078058747183,0.0,3,3.0,15,15.0,0.0,2.2,0.0,0.0,0.0,0.0,0,0,0,3,15,2.8,0.1,5386.078058747183,counterfactual_planning_simulation,0.0,0.0,traveler_time_loss_scenario_estimate_not_operator_cash_ledger,0.0,0.0,beidaihe_summer_cultural_event
2026-10-27,BDH,5386.078058747183,5386.078058747183,0.0,3,3.0,15,15.0,0.0,2.2,0.0,0.0,0.0,0.0,0,0,0,3,15,2.8,0.1,5386.078058747183,counterfactual_planning_simulation,0.0,0.0,traveler_time_loss_scenario_estimate_not_operator_cash_ledger,0.0,0.0,beidaihe_summer_cultural_event
2026-10-28,BDH,5386.078058747183,5386.078058747183,0.0,3,3.0,15,15.0,0.0,2.2,0.0,0.0,0.0,0.0,0,0,0,3,15,2.8,0.1,5386.078058747183,counterfactual_planning_simulation,0.0,0.0,traveler_time_loss_scenario_estimate_not_operator_cash_ledger,0.0,0.0,beidaihe_summer_cultural_event
2026-10-29,BDH,5386.078058747183,5386.078058747183,0.0,3,3.0,15,15.0,0.0,2.2,0.0,0.0,0.0,0.0,0,0,0,3,15,2.8,0.1,5386.078058747183,counterfactual_planning_simulation,0.0,0.0,traveler_time_loss_scenario_estimate_not_operator_cash_ledger,0.0,0.0,beidaihe_summer_cultural_event
2026-10-30,BDH,5386.078058747183,5386.078058747183,0.0,3,3.0,15,15.0,0.0,2.2,0.0,0.0,0.0,0.0,0,0,0,3,15,2.8,0.1,5386.078058747183,counterfactual_planning_simulation,0.0,0.0,traveler_time_loss_scenario_estimate_not_operator_cash_ledger,0.0,0.0,beidaihe_summer_cultural_event
2026-10-31,BDH,23154.72718914608,23154.72718914608,0.0,7,7.0,55,55.0,0.0,2.2,0.0,0.0,0.0,0.0,0,0,0,7,55,2.8,0.1,23154.72718914608,counterfactual_planning_simulation,0.0,0.0,traveler_time_loss_scenario_estimate_not_operator_cash_ledger,0.0,0.0,beidaihe_summer_cultural_event
2026-11-01,BDH,20294.8554676088,20294.8554676088,0.0,6,6.0,48,48.0,0.0,2.2,0.0,0.0,0.0,0.0,0,0,0,6,48,2.8,0.1,20294.8554676088,counterfactual_planning_simulation,0.0,0.0,traveler_time_loss_scenario_estimate_not_operator_cash_ledger,0.0,0.0,beidaihe_summer_cultural_event
2026-11-02,BDH,5386.078058747183,5386.078058747183,0.0,3,3.0,15,15.0,0.0,2.2,0.0,0.0,0.0,0.0,0,0,0,3,15,2.8,0.1,5386.078058747183,counterfactual_planning_simulation,0.0,0.0,traveler_time_loss_scenario_estimate_not_operator_cash_ledger,0.0,0.0,beidaihe_summer_cultural_event
2026-11-03,BDH,5386.078058747183,5386.078058747183,0.0,3,3.0,15,15.0,0.0,2.2,0.0,0.0,0.0,0.0,0,0,0,3,15,2.8,0.1,5386.078058747183,counterfactual_planning_simulation,0.0,0.0,traveler_time_loss_scenario_estimate_not_operator_cash_ledger,0.0,0.0,beidaihe_summer_cultural_event
2026-11-04,BDH,5386.078058747183,5386.078058747183,0.0,3,3.0,15,15.0,0.0,2.2,0.0,0.0,0.0,0.0,0,0,0,3,15,2.8,0.1,5386.078058747183,counterfactual_planning_simulation,0.0,0.0,traveler_time_loss_scenario_estimate_not_operator_cash_ledger,0.0,0.0,beidaihe_summer_cultural_event
2026-11-05,BDH,5386.078058747183,5386.078058747183,0.0,3,3.0,15,15.0,0.0,2.2,0.0,0.0,0.0,0.0,0,0,0,3,15,2.8,0.1,5386.078058747183,counterfactual_planning_simulation,0.0,0.0,traveler_time_loss_scenario_estimate_not_operator_cash_ledger,0.0,0.0,beidaihe_summer_cultural_event
2026-11-06,BDH,5386.078058747183,5386.078058747183,0.0,3,3.0,15,15.0,0.0,2.2,0.0,0.0,0.0,0.0,0,0,0,3,15,2.8,0.1,5386.078058747183,counterfactual_planning_simulation,0.0,0.0,traveler_time_loss_scenario_estimate_not_operator_cash_ledger,0.0,0.0,beidaihe_summer_cultural_event
2026-11-07,BDH,22633.478401527023,22633.478401527023,0.0,6,6.0,52,52.0,0.0,2.2,0.0,0.0,0.0,0.0,0,0,0,6,52,2.8,0.1,22633.478401527023,counterfactual_planning_simulation,0.0,0.0,traveler_time_loss_scenario_estimate_not_operator_cash_ledger,0.0,0.0,beidaihe_summer_cultural_event
2026-11-08,BDH,19867.07868668879,19867.07868668879,0.0,6,6.0,47,47.0,0.0,2.2,0.0,0.0,0.0,0.0,0,0,0,6,47,2.8,0.1,19867.07868668879,counterfactual_planning_simulation,0.0,0.0,traveler_time_loss_scenario_estimate_not_operator_cash_ledger,0.0,0.0,beidaihe_summer_cultural_event
2026-11-09,BDH,5386.078058747183,5386.078058747183,0.0,3,3.0,15,15.0,0.0,2.2,0.0,0.0,0.0,0.0,0,0,0,3,15,2.8,0.1,5386.078058747183,counterfactual_planning_simulation,0.0,0.0,traveler_time_loss_scenario_estimate_not_operator_cash_ledger,0.0,0.0,beidaihe_summer_cultural_event
2026-11-10,BDH,5386.078058747183,5386.078058747183,0.0,3,3.0,15,15.0,0.0,2.2,0.0,0.0,0.0,0.0,0,0,0,3,15,2.8,0.1,5386.078058747183,counterfactual_planning_simulation,0.0,0.0,traveler_time_loss_scenario_estimate_not_operator_cash_ledger,0.0,0.0,beidaihe_summer_cultural_event
2026-11-11,BDH,5386.078058747183,5386.078058747183,0.0,3,3.0,15,15.0,0.0,2.2,0.0,0.0,0.0,0.0,0,0,0,3,15,2.8,0.1,5386.078058747183,counterfactual_planning_simulation,0.0,0.0,traveler_time_loss_scenario_estimate_not_operator_cash_ledger,0.0,0.0,beidaihe_summer_cultural_event
2026-11-12,BDH,5386.078058747183,5386.078058747183,0.0,3,3.0,15,15.0,0.0,2.2,0.0,0.0,0.0,0.0,0,0,0,3,15,2.8,0.1,5386.078058747183,counterfactual_planning_simulation,0.0,0.0,traveler_time_loss_scenario_estimate_not_operator_cash_ledger,0.0,0.0,beidaihe_summer_cultural_event
2026-11-13,BDH,5386.078058747183,5386.078058747183,0.0,3,3.0,15,15.0,0.0,2.2,0.0,0.0,0.0,0.0,0,0,0,3,15,2.8,0.1,5386.078058747183,counterfactual_planning_simulation,0.0,0.0,traveler_time_loss_scenario_estimate_not_operator_cash_ledger,0.0,0.0,beidaihe_summer_cultural_event
2026-11-14,BDH,22739.51941447176,22739.51941447176,0.0,6,6.0,52,52.0,0.0,2.2,0.0,0.0,0.0,0.0,0,0,0,6,52,2.8,0.1,22739.51941447176,counterfactual_planning_simulation,0.0,0.0,traveler_time_loss_scenario_estimate_not_operator_cash_ledger,0.0,0.0,beidaihe_summer_cultural_event
2026-11-15,BDH,20779.21943315673,20779.21943315673,0.0,6,6.0,48,48.0,0.0,2.2,0.0,0.0,0.0,0.0,0,0,0,6,48,2.8,0.1,20779.21943315673,counterfactual_planning_simulation,0.0,0.0,traveler_time_loss_scenario_estimate_not_operator_cash_ledger,0.0,0.0,beidaihe_summer_cultural_event
2026-11-16,BDH,5386.078058747183,5386.078058747183,0.0,3,3.0,15,15.0,0.0,2.2,0.0,0.0,0.0,0.0,0,0,0,3,15,2.8,0.1,5386.078058747183,counterfactual_planning_simulation,0.0,0.0,traveler_time_loss_scenario_estimate_not_operator_cash_ledger,0.0,0.0,beidaihe_summer_cultural_event
2026-11-17,BDH,5386.078058747183,5386.078058747183,0.0,3,3.0,15,15.0,0.0,2.2,0.0,0.0,0.0,0.0,0,0,0,3,15,2.8,0.1,5386.078058747183,counterfactual_planning_simulation,0.0,0.0,traveler_time_loss_scenario_estimate_not_operator_cash_ledger,0.0,0.0,beidaihe_summer_cultural_event
2026-11-18,BDH,5386.078058747183,5386.078058747183,0.0,3,3.0,15,15.0,0.0,2.2,0.0,0.0,0.0,0.0,0,0,0,3,15,2.8,0.1,5386.078058747183,counterfactual_planning_simulation,0.0,0.0,traveler_time_loss_scenario_estimate_not_operator_cash_ledger,0.0,0.0,beidaihe_summer_cultural_event
2026-11-19,BDH,5386.078058747183,5386.078058747183,0.0,3,3.0,15,15.0,0.0,2.2,0.0,0.0,0.0,0.0,0,0,0,3,15,2.8,0.1,5386.078058747183,counterfactual_planning_simulation,0.0,0.0,traveler_time_loss_scenario_estimate_not_operator_cash_ledger,0.0,0.0,beidaihe_summer_cultural_event
2026-11-20,BDH,5386.078058747183,5386.078058747183,0.0,3,3.0,15,15.0,0.0,2.2,0.0,0.0,0.0,0.0,0,0,0,3,15,2.8,0.1,5386.078058747183,counterfactual_planning_simulation,0.0,0.0,traveler_time_loss_scenario_estimate_not_operator_cash_ledger,0.0,0.0,beidaihe_summer_cultural_event
2026-11-21,BDH,23025.08960860057,23025.08960860057,0.0,6,6.0,54,54.0,0.0,2.2,0.0,0.0,0.0,0.0,0,0,0,6,54,2.8,0.1,23025.08960860057,counterfactual_planning_simulation,0.0,0.0,traveler_time_loss_scenario_estimate_not_operator_cash_ledger,0.0,0.0,beidaihe_summer_cultural_event
2026-11-22,BDH,21524.60268533636,21524.60268533636,0.0,6,6.0,51,51.0,0.0,2.2,0.0,0.0,0.0,0.0,0,0,0,6,51,2.8,0.1,21524.60268533636,counterfactual_planning_simulation,0.0,0.0,traveler_time_loss_scenario_estimate_not_operator_cash_ledger,0.0,0.0,beidaihe_summer_cultural_event
2026-11-23,BDH,5386.078058747183,5386.078058747183,0.0,3,3.0,15,15.0,0.0,2.2,0.0,0.0,0.0,0.0,0,0,0,3,15,2.8,0.1,5386.078058747183,counterfactual_planning_simulation,0.0,0.0,traveler_time_loss_scenario_estimate_not_operator_cash_ledger,0.0,0.0,beidaihe_summer_cultural_event
2026-11-24,BDH,5386.078058747183,5386.078058747183,0.0,3,3.0,15,15.0,0.0,2.2,0.0,0.0,0.0,0.0,0,0,0,3,15,2.8,0.1,5386.078058747183,counterfactual_planning_simulation,0.0,0.0,traveler_time_loss_scenario_estimate_not_operator_cash_ledger,0.0,0.0,beidaihe_summer_cultural_event
2026-11-25,BDH,5386.078058747183,5386.078058747183,0.0,3,3.0,15,15.0,0.0,2.2,0.0,0.0,0.0,0.0,0,0,0,3,15,2.8,0.1,5386.078058747183,counterfactual_planning_simulation,0.0,0.0,traveler_time_loss_scenario_estimate_not_operator_cash_ledger,0.0,0.0,beidaihe_summer_cultural_event
2026-11-26,BDH,5386.078058747183,5386.078058747183,0.0,3,3.0,15,15.0,0.0,2.2,0.0,0.0,0.0,0.0,0,0,0,3,15,2.8,0.1,5386.078058747183,counterfactual_planning_simulation,0.0,0.0,traveler_time_loss_scenario_estimate_not_operator_cash_ledger,0.0,0.0,beidaihe_summer_cultural_event
2026-11-27,BDH,5386.078058747183,5386.078058747183,0.0,3,3.0,15,15.0,0.0,2.2,0.0,0.0,0.0,0.0,0,0,0,3,15,2.8,0.1,5386.078058747183,counterfactual_planning_simulation,0.0,0.0,traveler_time_loss_scenario_estimate_not_operator_cash_ledger,0.0,0.0,beidaihe_summer_cultural_event
2026-11-28,BDH,22271.868893594423,22271.868893594423,0.0,6,6.0,52,52.0,0.0,2.2,0.0,0.0,0.0,0.0,0,0,0,6,52,2.8,0.1,22271.868893594423,counterfactual_planning_simulation,0.0,0.0,traveler_time_loss_scenario_estimate_not_operator_cash_ledger,0.0,0.0,beidaihe_summer_cultural_event
2026-11-29,BDH,19402.11633408876,19402.11633408876,0.0,6,6.0,46,46.0,0.0,2.2,0.0,0.0,0.0,0.0,0,0,0,6,46,2.8,0.1,19402.11633408876,counterfactual_planning_simulation,0.0,0.0,traveler_time_loss_scenario_estimate_not_operator_cash_ledger,0.0,0.0,beidaihe_summer_cultural_event
2026-11-30,BDH,5386.078058747183,5386.078058747183,0.0,3,3.0,15,15.0,0.0,2.2,0.0,0.0,0.0,0.0,0,0,0,3,15,2.8,0.1,5386.078058747183,counterfactual_planning_simulation,0.0,0.0,traveler_time_loss_scenario_estimate_not_operator_cash_ledger,0.0,0.0,beidaihe_summer_cultural_event
2026-12-01,BDH,5386.078058747183,5386.078058747183,0.0,3,3.0,15,15.0,0.0,2.2,0.0,0.0,0.0,0.0,0,0,0,3,15,2.8,0.1,5386.078058747183,counterfactual_planning_simulation,0.0,0.0,traveler_time_loss_scenario_estimate_not_operator_cash_ledger,0.0,0.0,beidaihe_summer_cultural_event
2026-12-02,BDH,5386.078058747183,5386.078058747183,0.0,3,3.0,15,15.0,0.0,2.2,0.0,0.0,0.0,0.0,0,0,0,3,15,2.8,0.1,5386.078058747183,counterfactual_planning_simulation,0.0,0.0,traveler_time_loss_scenario_estimate_not_operator_cash_ledger,0.0,0.0,beidaihe_summer_cultural_event
2026-12-03,BDH,5386.078058747183,5386.078058747183,0.0,3,3.0,15,15.0,0.0,2.2,0.0,0.0,0.0,0.0,0,0,0,3,15,2.8,0.1,5386.078058747183,counterfactual_planning_simulation,0.0,0.0,traveler_time_loss_scenario_estimate_not_operator_cash_ledger,0.0,0.0,beidaihe_summer_cultural_event
2026-12-04,BDH,5386.078058747183,5386.078058747183,0.0,3,3.0,15,15.0,0.0,2.2,0.0,0.0,0.0,0.0,0,0,0,3,15,2.8,0.1,5386.078058747183,counterfactual_planning_simulation,0.0,0.0,traveler_time_loss_scenario_estimate_not_operator_cash_ledger,0.0,0.0,beidaihe_summer_cultural_event
2026-12-05,BDH,21564.32111705952,21564.32111705952,0.0,6,6.0,51,51.0,0.0,2.2,0.0,0.0,0.0,0.0,0,0,0,6,51,2.8,0.1,21564.32111705952,counterfactual_planning_simulation,0.0,0.0,traveler_time_loss_scenario_estimate_not_operator_cash_ledger,0.0,0.0,beidaihe_summer_cultural_event
2026-12-06,BDH,20445.543845119133,20445.543845119133,0.0,6,6.0,48,48.0,0.0,2.2,0.0,0.0,0.0,0.0,0,0,0,6,48,2.8,0.1,20445.543845119133,counterfactual_planning_simulation,0.0,0.0,traveler_time_loss_scenario_estimate_not_operator_cash_ledger,0.0,0.0,beidaihe_summer_cultural_event
2026-12-07,BDH,5386.078058747183,5386.078058747183,0.0,3,3.0,15,15.0,0.0,2.2,0.0,0.0,0.0,0.0,0,0,0,3,15,2.8,0.1,5386.078058747183,counterfactual_planning_simulation,0.0,0.0,traveler_time_loss_scenario_estimate_not_operator_cash_ledger,0.0,0.0,beidaihe_summer_cultural_event
2026-12-08,BDH,5386.078058747183,5386.078058747183,0.0,3,3.0,15,15.0,0.0,2.2,0.0,0.0,0.0,0.0,0,0,0,3,15,2.8,0.1,5386.078058747183,counterfactual_planning_simulation,0.0,0.0,traveler_time_loss_scenario_estimate_not_operator_cash_ledger,0.0,0.0,beidaihe_summer_cultural_event
2026-12-09,BDH,5386.078058747183,5386.078058747183,0.0,3,3.0,15,15.0,0.0,2.2,0.0,0.0,0.0,0.0,0,0,0,3,15,2.8,0.1,5386.078058747183,counterfactual_planning_simulation,0.0,0.0,traveler_time_loss_scenario_estimate_not_operator_cash_ledger,0.0,0.0,beidaihe_summer_cultural_event
2026-12-10,BDH,5386.078058747183,5386.078058747183,0.0,3,3.0,15,15.0,0.0,2.2,0.0,0.0,0.0,0.0,0,0,0,3,15,2.8,0.1,5386.078058747183,counterfactual_planning_simulation,0.0,0.0,traveler_time_loss_scenario_estimate_not_operator_cash_ledger,0.0,0.0,beidaihe_summer_cultural_event
2026-12-11,BDH,5386.078058747183,5386.078058747183,0.0,3,3.0,15,15.0,0.0,2.2,0.0,0.0,0.0,0.0,0,0,0,3,15,2.8,0.1,5386.078058747183,counterfactual_planning_simulation,0.0,0.0,traveler_time_loss_scenario_estimate_not_operator_cash_ledger,0.0,0.0,beidaihe_summer_cultural_event
2026-12-12,BDH,19631.318848381008,19631.318848381008,0.0,6,6.0,47,47.0,0.0,2.2,0.0,0.0,0.0,0.0,0,0,0,6,47,2.8,0.1,19631.318848381008,counterfactual_planning_simulation,0.0,0.0,traveler_time_loss_scenario_estimate_not_operator_cash_ledger,0.0,0.0,beidaihe_summer_cultural_event
2026-12-13,BDH,17788.607562181023,17788.607562181023,0.0,5,5.0,41,41.0,0.0,2.2,0.0,0.0,0.0,0.0,0,0,0,5,41,2.8,0.1,17788.607562181023,counterfactual_planning_simulation,0.0,0.0,traveler_time_loss_scenario_estimate_not_operator_cash_ledger,0.0,0.0,beidaihe_summer_cultural_event
2026-12-14,BDH,5386.078058747183,5386.078058747183,0.0,3,3.0,15,15.0,0.0,2.2,0.0,0.0,0.0,0.0,0,0,0,3,15,2.8,0.1,5386.078058747183,counterfactual_planning_simulation,0.0,0.0,traveler_time_loss_scenario_estimate_not_operator_cash_ledger,0.0,0.0,beidaihe_summer_cultural_event
2026-12-15,BDH,5386.078058747183,5386.078058747183,0.0,3,3.0,15,15.0,0.0,2.2,0.0,0.0,0.0,0.0,0,0,0,3,15,2.8,0.1,5386.078058747183,counterfactual_planning_simulation,0.0,0.0,traveler_time_loss_scenario_estimate_not_operator_cash_ledger,0.0,0.0,beidaihe_summer_cultural_event
2026-12-16,BDH,5386.078058747183,5386.078058747183,0.0,3,3.0,15,15.0,0.0,2.2,0.0,0.0,0.0,0.0,0,0,0,3,15,2.8,0.1,5386.078058747183,counterfactual_planning_simulation,0.0,0.0,traveler_time_loss_scenario_estimate_not_operator_cash_ledger,0.0,0.0,beidaihe_summer_cultural_event
2026-12-17,BDH,5386.078058747183,5386.078058747183,0.0,3,3.0,15,15.0,0.0,2.2,0.0,0.0,0.0,0.0,0,0,0,3,15,2.8,0.1,5386.078058747183,counterfactual_planning_simulation,0.0,0.0,traveler_time_loss_scenario_estimate_not_operator_cash_ledger,0.0,0.0,beidaihe_summer_cultural_event
2026-12-18,BDH,5386.078058747183,5386.078058747183,0.0,3,3.0,15,15.0,0.0,2.2,0.0,0.0,0.0,0.0,0,0,0,3,15,2.8,0.1,5386.078058747183,counterfactual_planning_simulation,0.0,0.0,traveler_time_loss_scenario_estimate_not_operator_cash_ledger,0.0,0.0,beidaihe_summer_cultural_event
2026-12-19,BDH,19463.679584100213,19463.679584100213,0.0,6,6.0,46,46.0,0.0,2.2,0.0,0.0,0.0,0.0,0,0,0,6,46,2.8,0.1,19463.679584100213,counterfactual_planning_simulation,0.0,0.0,traveler_time_loss_scenario_estimate_not_operator_cash_ledger,0.0,0.0,beidaihe_summer_cultural_event
2026-12-20,BDH,18153.69365756885,18153.69365756885,0.0,5,5.0,43,43.0,0.0,2.2,0.0,0.0,0.0,0.0,0,0,0,5,43,2.8,0.1,18153.69365756885,counterfactual_planning_simulation,0.0,0.0,traveler_time_loss_scenario_estimate_not_operator_cash_ledger,0.0,0.0,beidaihe_summer_cultural_event
2026-12-21,BDH,5386.078058747183,5386.078058747183,0.0,3,3.0,15,15.0,0.0,2.2,0.0,0.0,0.0,0.0,0,0,0,3,15,2.8,0.1,5386.078058747183,counterfactual_planning_simulation,0.0,0.0,traveler_time_loss_scenario_estimate_not_operator_cash_ledger,0.0,0.0,beidaihe_summer_cultural_event
2026-12-22,BDH,5386.078058747183,5386.078058747183,0.0,3,3.0,15,15.0,0.0,2.2,0.0,0.0,0.0,0.0,0,0,0,3,15,2.8,0.1,5386.078058747183,counterfactual_planning_simulation,0.0,0.0,traveler_time_loss_scenario_estimate_not_operator_cash_ledger,0.0,0.0,beidaihe_summer_cultural_event
2026-12-23,BDH,5386.078058747183,5386.078058747183,0.0,3,3.0,15,15.0,0.0,2.2,0.0,0.0,0.0,0.0,0,0,0,3,15,2.8,0.1,5386.078058747183,counterfactual_planning_simulation,0.0,0.0,traveler_time_loss_scenario_estimate_not_operator_cash_ledger,0.0,0.0,beidaihe_summer_cultural_event
2026-12-24,BDH,5386.078058747183,5386.078058747183,0.0,3,3.0,15,15.0,0.0,2.2,0.0,0.0,0.0,0.0,0,0,0,3,15,2.8,0.1,5386.078058747183,counterfactual_planning_simulation,0.0,0.0,traveler_time_loss_scenario_estimate_not_operator_cash_ledger,0.0,0.0,beidaihe_summer_cultural_event
2026-12-25,BDH,5386.078058747183,5386.078058747183,0.0,3,3.0,15,15.0,0.0,2.2,0.0,0.0,0.0,0.0,0,0,0,3,15,2.8,0.1,5386.078058747183,counterfactual_planning_simulation,0.0,0.0,traveler_time_loss_scenario_estimate_not_operator_cash_ledger,0.0,0.0,beidaihe_summer_cultural_event
2026-12-26,BDH,20148.178385956173,20148.178385956173,0.0,6,6.0,48,48.0,0.0,2.2,0.0,0.0,0.0,0.0,0,0,0,6,48,2.8,0.1,20148.178385956173,counterfactual_planning_simulation,0.0,0.0,traveler_time_loss_scenario_estimate_not_operator_cash_ledger,0.0,0.0,beidaihe_summer_cultural_event
2026-12-27,BDH,18362.24246650471,18362.24246650471,0.0,5,5.0,43,43.0,0.0,2.2,0.0,0.0,0.0,0.0,0,0,0,5,43,2.8,0.1,18362.24246650471,counterfactual_planning_simulation,0.0,0.0,traveler_time_loss_scenario_estimate_not_operator_cash_ledger,0.0,0.0,beidaihe_summer_cultural_event
2026-12-28,BDH,5386.078058747183,5386.078058747183,0.0,3,3.0,15,15.0,0.0,2.2,0.0,0.0,0.0,0.0,0,0,0,3,15,2.8,0.1,5386.078058747183,counterfactual_planning_simulation,0.0,0.0,traveler_time_loss_scenario_estimate_not_operator_cash_ledger,0.0,0.0,beidaihe_summer_cultural_event
2026-12-29,BDH,5386.078058747183,5386.078058747183,0.0,3,3.0,15,15.0,0.0,2.2,0.0,0.0,0.0,0.0,0,0,0,3,15,2.8,0.1,5386.078058747183,counterfactual_planning_simulation,0.0,0.0,traveler_time_loss_scenario_estimate_not_operator_cash_ledger,0.0,0.0,beidaihe_summer_cultural_event
2026-12-30,BDH,5386.078058747183,5386.078058747183,0.0,3,3.0,15,15.0,0.0,2.2,0.0,0.0,0.0,0.0,0,0,0,3,15,2.8,0.1,5386.078058747183,counterfactual_planning_simulation,0.0,0.0,traveler_time_loss_scenario_estimate_not_operator_cash_ledger,0.0,0.0,beidaihe_summer_cultural_event
2026-12-31,BDH,5386.078058747183,5386.078058747183,0.0,3,3.0,15,15.0,0.0,2.2,0.0,0.0,0.0,0.0,0,0,0,3,15,2.8,0.1,5386.078058747183,counterfactual_planning_simulation,0.0,0.0,traveler_time_loss_scenario_estimate_not_operator_cash_ledger,0.0,0.0,beidaihe_summer_cultural_event
