date,attraction_name,region_code,visitor_index,daily_rank,is_observed,observation_type,threshold_group
2021-12-22,北戴河碧螺塔海上酒吧公园,BDH,,,False,left_censored,BDH_2021-12
2021-12-22,北戴河集发农业专业合作社,BDH,,,False,left_censored,BDH_2021-12
2021-12-22,奥林匹克公园,BDH,,,False,left_censored,BDH_2021-12
2021-12-22,平水桥公园,BDH,,,False,left_censored,BDH_2021-12
2021-12-22,戴河生态园,BDH,,,False,left_censored,BDH_2021-12
2021-12-22,秦皇岛野生动物园,BDH,,,False,left_censored,BDH_2021-12
2021-12-22,老虎石海上公园,BDH,,,False,left_censored,BDH_2021-12
2021-12-22,鸽子窝公园,BDH,,,False,left_censored,BDH_2021-12
2021-12-22,新澳海底世界,HGA,,,False,left_censored,HGA_2021-12
2021-12-22,河北秦皇岛国家地质公园,HGA,,,False,left_censored,HGA_2021-12
2021-12-22,秦皇植物园,HGA,,,False,left_censored,HGA_2021-12
2021-12-22,孟姜女庙景区,SHG,0.1,7.0,True,density,SHG_2021-12
2021-12-22,山海关欢乐海洋公园,SHG,,,False,left_censored,SHG_2021-12
2021-12-22,山海关风景区,SHG,,,False,left_censored,SHG_2021-12
2021-12-22,山海关风景区-天下第一关景区,SHG,,,False,left_censored,SHG_2021-12
2021-12-22,老龙头景区,SHG,,,False,left_censored,SHG_2021-12
2021-12-22,角山景区,SHG,,,False,left_censored,SHG_2021-12
2021-12-22,黄金海岸风景区,其他_昌黎,,,False,left_censored,其他_昌黎_2021-12
2021-12-26,北戴河碧螺塔海上酒吧公园,BDH,,,False,left_censored,BDH_2021-12
2021-12-26,北戴河集发农业专业合作社,BDH,,,False,left_censored,BDH_2021-12
2021-12-26,奥林匹克公园,BDH,,,False,left_censored,BDH_2021-12
2021-12-26,平水桥公园,BDH,,,False,left_censored,BDH_2021-12
2021-12-26,戴河生态园,BDH,,,False,left_censored,BDH_2021-12
2021-12-26,秦皇岛野生动物园,BDH,,,False,left_censored,BDH_2021-12
2021-12-26,老虎石海上公园,BDH,,,False,left_censored,BDH_2021-12
2021-12-26,鸽子窝公园,BDH,,,False,left_censored,BDH_2021-12
2021-12-26,新澳海底世界,HGA,,,False,left_censored,HGA_2021-12
2021-12-26,河北秦皇岛国家地质公园,HGA,,,False,left_censored,HGA_2021-12
2021-12-26,秦皇植物园,HGA,,,False,left_censored,HGA_2021-12
2021-12-26,孟姜女庙景区,SHG,0.11,59.0,True,density,SHG_2021-12
2021-12-26,山海关欢乐海洋公园,SHG,,,False,left_censored,SHG_2021-12
2021-12-26,山海关风景区,SHG,,,False,left_censored,SHG_2021-12
2021-12-26,山海关风景区-天下第一关景区,SHG,,,False,left_censored,SHG_2021-12
2021-12-26,老龙头景区,SHG,,,False,left_censored,SHG_2021-12
2021-12-26,角山景区,SHG,,,False,left_censored,SHG_2021-12
2021-12-26,黄金海岸风景区,其他_昌黎,,,False,left_censored,其他_昌黎_2021-12
2021-12-29,北戴河碧螺塔海上酒吧公园,BDH,,,False,left_censored,BDH_2021-12
2021-12-29,北戴河集发农业专业合作社,BDH,,,False,left_censored,BDH_2021-12
2021-12-29,奥林匹克公园,BDH,,,False,left_censored,BDH_2021-12
2021-12-29,平水桥公园,BDH,,,False,left_censored,BDH_2021-12
2021-12-29,戴河生态园,BDH,,,False,left_censored,BDH_2021-12
2021-12-29,秦皇岛野生动物园,BDH,,,False,left_censored,BDH_2021-12
2021-12-29,老虎石海上公园,BDH,,,False,left_censored,BDH_2021-12
2021-12-29,鸽子窝公园,BDH,,,False,left_censored,BDH_2021-12
2021-12-29,新澳海底世界,HGA,,,False,left_censored,HGA_2021-12
2021-12-29,河北秦皇岛国家地质公园,HGA,,,False,left_censored,HGA_2021-12
2021-12-29,秦皇植物园,HGA,,,False,left_censored,HGA_2021-12
2021-12-29,孟姜女庙景区,SHG,0.1,2.0,True,density,SHG_2021-12
2021-12-29,山海关欢乐海洋公园,SHG,,,False,left_censored,SHG_2021-12
2021-12-29,山海关风景区,SHG,,,False,left_censored,SHG_2021-12
2021-12-29,山海关风景区-天下第一关景区,SHG,0.24,32.0,True,density,SHG_2021-12
2021-12-29,老龙头景区,SHG,,,False,left_censored,SHG_2021-12
2021-12-29,角山景区,SHG,0.23,1.0,True,density,SHG_2021-12
2021-12-29,黄金海岸风景区,其他_昌黎,,,False,left_censored,其他_昌黎_2021-12
2021-12-30,北戴河碧螺塔海上酒吧公园,BDH,,,False,left_censored,BDH_2021-12
2021-12-30,北戴河集发农业专业合作社,BDH,,,False,left_censored,BDH_2021-12
2021-12-30,奥林匹克公园,BDH,,,False,left_censored,BDH_2021-12
2021-12-30,平水桥公园,BDH,,,False,left_censored,BDH_2021-12
2021-12-30,戴河生态园,BDH,,,False,left_censored,BDH_2021-12
2021-12-30,秦皇岛野生动物园,BDH,,,False,left_censored,BDH_2021-12
2021-12-30,老虎石海上公园,BDH,,,False,left_censored,BDH_2021-12
2021-12-30,鸽子窝公园,BDH,,,False,left_censored,BDH_2021-12
2021-12-30,新澳海底世界,HGA,,,False,left_censored,HGA_2021-12
2021-12-30,河北秦皇岛国家地质公园,HGA,,,False,left_censored,HGA_2021-12
2021-12-30,秦皇植物园,HGA,,,False,left_censored,HGA_2021-12
2021-12-30,孟姜女庙景区,SHG,0.1,31.0,True,density,SHG_2021-12
2021-12-30,山海关欢乐海洋公园,SHG,,,False,left_censored,SHG_2021-12
2021-12-30,山海关风景区,SHG,,,False,left_censored,SHG_2021-12
2021-12-30,山海关风景区-天下第一关景区,SHG,,,False,left_censored,SHG_2021-12
2021-12-30,老龙头景区,SHG,,,False,left_censored,SHG_2021-12
2021-12-30,角山景区,SHG,,,False,left_censored,SHG_2021-12
2021-12-30,黄金海岸风景区,其他_昌黎,,,False,left_censored,其他_昌黎_2021-12
2022-01-09,北戴河碧螺塔海上酒吧公园,BDH,,,False,left_censored,BDH_2022-01
2022-01-09,北戴河集发农业专业合作社,BDH,,,False,left_censored,BDH_2022-01
2022-01-09,奥林匹克公园,BDH,,,False,left_censored,BDH_2022-01
2022-01-09,平水桥公园,BDH,,,False,left_censored,BDH_2022-01
2022-01-09,戴河生态园,BDH,0.24,5.0,True,density,BDH_2022-01
2022-01-09,秦皇岛野生动物园,BDH,,,False,left_censored,BDH_2022-01
2022-01-09,老虎石海上公园,BDH,,,False,left_censored,BDH_2022-01
2022-01-09,鸽子窝公园,BDH,,,False,left_censored,BDH_2022-01
2022-01-09,新澳海底世界,HGA,,,False,left_censored,HGA_2022-01
2022-01-09,河北秦皇岛国家地质公园,HGA,,,False,left_censored,HGA_2022-01
2022-01-09,秦皇植物园,HGA,,,False,left_censored,HGA_2022-01
2022-01-09,孟姜女庙景区,SHG,,,False,left_censored,SHG_2022-01
2022-01-09,山海关欢乐海洋公园,SHG,,,False,left_censored,SHG_2022-01
2022-01-09,山海关风景区,SHG,,,False,left_censored,SHG_2022-01
2022-01-09,山海关风景区-天下第一关景区,SHG,,,False,left_censored,SHG_2022-01
2022-01-09,老龙头景区,SHG,,,False,left_censored,SHG_2022-01
2022-01-09,角山景区,SHG,,,False,left_censored,SHG_2022-01
2022-01-09,黄金海岸风景区,其他_昌黎,,,False,left_censored,其他_昌黎_2022-01
2022-01-14,北戴河碧螺塔海上酒吧公园,BDH,,,False,left_censored,BDH_2022-01
2022-01-14,北戴河集发农业专业合作社,BDH,,,False,left_censored,BDH_2022-01
2022-01-14,奥林匹克公园,BDH,,,False,left_censored,BDH_2022-01
2022-01-14,平水桥公园,BDH,,,False,left_censored,BDH_2022-01
2022-01-14,戴河生态园,BDH,,,False,left_censored,BDH_2022-01
2022-01-14,秦皇岛野生动物园,BDH,,,False,left_censored,BDH_2022-01
2022-01-14,老虎石海上公园,BDH,,,False,left_censored,BDH_2022-01
2022-01-14,鸽子窝公园,BDH,,,False,left_censored,BDH_2022-01
2022-01-14,新澳海底世界,HGA,,,False,left_censored,HGA_2022-01
2022-01-14,河北秦皇岛国家地质公园,HGA,,,False,left_censored,HGA_2022-01
2022-01-14,秦皇植物园,HGA,,,False,left_censored,HGA_2022-01
2022-01-14,孟姜女庙景区,SHG,0.11,15.0,True,density,SHG_2022-01
2022-01-14,山海关欢乐海洋公园,SHG,,,False,left_censored,SHG_2022-01
2022-01-14,山海关风景区,SHG,,,False,left_censored,SHG_2022-01
2022-01-14,山海关风景区-天下第一关景区,SHG,,,False,left_censored,SHG_2022-01
2022-01-14,老龙头景区,SHG,,,False,left_censored,SHG_2022-01
2022-01-14,角山景区,SHG,,,False,left_censored,SHG_2022-01
2022-01-14,黄金海岸风景区,其他_昌黎,,,False,left_censored,其他_昌黎_2022-01
2022-01-15,北戴河碧螺塔海上酒吧公园,BDH,,,False,left_censored,BDH_2022-01
2022-01-15,北戴河集发农业专业合作社,BDH,,,False,left_censored,BDH_2022-01
2022-01-15,奥林匹克公园,BDH,,,False,left_censored,BDH_2022-01
2022-01-15,平水桥公园,BDH,,,False,left_censored,BDH_2022-01
2022-01-15,戴河生态园,BDH,,,False,left_censored,BDH_2022-01
2022-01-15,秦皇岛野生动物园,BDH,,,False,left_censored,BDH_2022-01
2022-01-15,老虎石海上公园,BDH,,,False,left_censored,BDH_2022-01
2022-01-15,鸽子窝公园,BDH,,,False,left_censored,BDH_2022-01
2022-01-15,新澳海底世界,HGA,,,False,left_censored,HGA_2022-01
2022-01-15,河北秦皇岛国家地质公园,HGA,6.88,5.0,True,density,HGA_2022-01
2022-01-15,秦皇植物园,HGA,,,False,left_censored,HGA_2022-01
2022-01-15,孟姜女庙景区,SHG,0.11,3.0,True,density,SHG_2022-01
2022-01-15,山海关欢乐海洋公园,SHG,,,False,left_censored,SHG_2022-01
2022-01-15,山海关风景区,SHG,,,False,left_censored,SHG_2022-01
2022-01-15,山海关风景区-天下第一关景区,SHG,0.2,19.0,True,density,SHG_2022-01
2022-01-15,老龙头景区,SHG,,,False,left_censored,SHG_2022-01
2022-01-15,角山景区,SHG,0.18,2.0,True,density,SHG_2022-01
2022-01-15,黄金海岸风景区,其他_昌黎,,,False,left_censored,其他_昌黎_2022-01
2022-01-22,北戴河碧螺塔海上酒吧公园,BDH,,,False,left_censored,BDH_2022-01
2022-01-22,北戴河集发农业专业合作社,BDH,,,False,left_censored,BDH_2022-01
2022-01-22,奥林匹克公园,BDH,,,False,left_censored,BDH_2022-01
2022-01-22,平水桥公园,BDH,,,False,left_censored,BDH_2022-01
2022-01-22,戴河生态园,BDH,,,False,left_censored,BDH_2022-01
2022-01-22,秦皇岛野生动物园,BDH,,,False,left_censored,BDH_2022-01
2022-01-22,老虎石海上公园,BDH,,,False,left_censored,BDH_2022-01
2022-01-22,鸽子窝公园,BDH,,,False,left_censored,BDH_2022-01
2022-01-22,新澳海底世界,HGA,,,False,left_censored,HGA_2022-01
2022-01-22,河北秦皇岛国家地质公园,HGA,,,False,left_censored,HGA_2022-01
2022-01-22,秦皇植物园,HGA,,,False,left_censored,HGA_2022-01
2022-01-22,孟姜女庙景区,SHG,0.11,6.0,True,density,SHG_2022-01
2022-01-22,山海关欢乐海洋公园,SHG,,,False,left_censored,SHG_2022-01
2022-01-22,山海关风景区,SHG,,,False,left_censored,SHG_2022-01
2022-01-22,山海关风景区-天下第一关景区,SHG,0.2,15.0,True,density,SHG_2022-01
2022-01-22,老龙头景区,SHG,,,False,left_censored,SHG_2022-01
2022-01-22,角山景区,SHG,0.1,2.0,True,density,SHG_2022-01
2022-01-22,黄金海岸风景区,其他_昌黎,,,False,left_censored,其他_昌黎_2022-01
2022-01-31,北戴河碧螺塔海上酒吧公园,BDH,,,False,left_censored,BDH_2022-01
2022-01-31,北戴河集发农业专业合作社,BDH,,,False,left_censored,BDH_2022-01
2022-01-31,奥林匹克公园,BDH,,,False,left_censored,BDH_2022-01
2022-01-31,平水桥公园,BDH,,,False,left_censored,BDH_2022-01
2022-01-31,戴河生态园,BDH,,,False,left_censored,BDH_2022-01
2022-01-31,秦皇岛野生动物园,BDH,0.26,27.0,True,density,BDH_2022-01
2022-01-31,老虎石海上公园,BDH,,,False,left_censored,BDH_2022-01
2022-01-31,鸽子窝公园,BDH,,,False,left_censored,BDH_2022-01
2022-01-31,新澳海底世界,HGA,,,False,left_censored,HGA_2022-01
2022-01-31,河北秦皇岛国家地质公园,HGA,,,False,left_censored,HGA_2022-01
2022-01-31,秦皇植物园,HGA,,,False,left_censored,HGA_2022-01
2022-01-31,孟姜女庙景区,SHG,,,False,left_censored,SHG_2022-01
2022-01-31,山海关欢乐海洋公园,SHG,,,False,left_censored,SHG_2022-01
2022-01-31,山海关风景区,SHG,,,False,left_censored,SHG_2022-01
2022-01-31,山海关风景区-天下第一关景区,SHG,,,False,left_censored,SHG_2022-01
2022-01-31,老龙头景区,SHG,,,False,left_censored,SHG_2022-01
2022-01-31,角山景区,SHG,,,False,left_censored,SHG_2022-01
2022-01-31,黄金海岸风景区,其他_昌黎,,,False,left_censored,其他_昌黎_2022-01
2022-02-10,北戴河碧螺塔海上酒吧公园,BDH,,,False,left_censored,BDH_2022-02
2022-02-10,北戴河集发农业专业合作社,BDH,,,False,left_censored,BDH_2022-02
2022-02-10,奥林匹克公园,BDH,,,False,left_censored,BDH_2022-02
2022-02-10,平水桥公园,BDH,,,False,left_censored,BDH_2022-02
2022-02-10,戴河生态园,BDH,,,False,left_censored,BDH_2022-02
2022-02-10,秦皇岛野生动物园,BDH,,,False,left_censored,BDH_2022-02
2022-02-10,老虎石海上公园,BDH,,,False,left_censored,BDH_2022-02
2022-02-10,鸽子窝公园,BDH,,,False,left_censored,BDH_2022-02
2022-02-10,新澳海底世界,HGA,,,False,left_censored,HGA_2022-02
2022-02-10,河北秦皇岛国家地质公园,HGA,,,False,left_censored,HGA_2022-02
2022-02-10,秦皇植物园,HGA,,,False,left_censored,HGA_2022-02
2022-02-10,孟姜女庙景区,SHG,0.1,17.0,True,density,SHG_2022-02
2022-02-10,山海关欢乐海洋公园,SHG,,,False,left_censored,SHG_2022-02
2022-02-10,山海关风景区,SHG,,,False,left_censored,SHG_2022-02
2022-02-10,山海关风景区-天下第一关景区,SHG,,,False,left_censored,SHG_2022-02
2022-02-10,老龙头景区,SHG,,,False,left_censored,SHG_2022-02
2022-02-10,角山景区,SHG,,,False,left_censored,SHG_2022-02
2022-02-10,黄金海岸风景区,其他_昌黎,,,False,left_censored,其他_昌黎_2022-02
2022-02-11,北戴河碧螺塔海上酒吧公园,BDH,,,False,left_censored,BDH_2022-02
2022-02-11,北戴河集发农业专业合作社,BDH,,,False,left_censored,BDH_2022-02
2022-02-11,奥林匹克公园,BDH,,,False,left_censored,BDH_2022-02
2022-02-11,平水桥公园,BDH,,,False,left_censored,BDH_2022-02
2022-02-11,戴河生态园,BDH,,,False,left_censored,BDH_2022-02
2022-02-11,秦皇岛野生动物园,BDH,,,False,left_censored,BDH_2022-02
2022-02-11,老虎石海上公园,BDH,,,False,left_censored,BDH_2022-02
2022-02-11,鸽子窝公园,BDH,,,False,left_censored,BDH_2022-02
2022-02-11,新澳海底世界,HGA,,,False,left_censored,HGA_2022-02
2022-02-11,河北秦皇岛国家地质公园,HGA,6.65,19.0,True,density,HGA_2022-02
2022-02-11,秦皇植物园,HGA,,,False,left_censored,HGA_2022-02
2022-02-11,孟姜女庙景区,SHG,0.1,4.0,True,density,SHG_2022-02
2022-02-11,山海关欢乐海洋公园,SHG,,,False,left_censored,SHG_2022-02
2022-02-11,山海关风景区,SHG,,,False,left_censored,SHG_2022-02
2022-02-11,山海关风景区-天下第一关景区,SHG,0.2,6.0,True,density,SHG_2022-02
2022-02-11,老龙头景区,SHG,,,False,left_censored,SHG_2022-02
2022-02-11,角山景区,SHG,0.15,1.0,True,density,SHG_2022-02
2022-02-11,黄金海岸风景区,其他_昌黎,,,False,left_censored,其他_昌黎_2022-02
2022-02-13,北戴河碧螺塔海上酒吧公园,BDH,,,False,left_censored,BDH_2022-02
2022-02-13,北戴河集发农业专业合作社,BDH,,,False,left_censored,BDH_2022-02
2022-02-13,奥林匹克公园,BDH,,,False,left_censored,BDH_2022-02
2022-02-13,平水桥公园,BDH,,,False,left_censored,BDH_2022-02
2022-02-13,戴河生态园,BDH,,,False,left_censored,BDH_2022-02
2022-02-13,秦皇岛野生动物园,BDH,,,False,left_censored,BDH_2022-02
2022-02-13,老虎石海上公园,BDH,,,False,left_censored,BDH_2022-02
2022-02-13,鸽子窝公园,BDH,,,False,left_censored,BDH_2022-02
2022-02-13,新澳海底世界,HGA,,,False,left_censored,HGA_2022-02
2022-02-13,河北秦皇岛国家地质公园,HGA,,,False,left_censored,HGA_2022-02
2022-02-13,秦皇植物园,HGA,,,False,left_censored,HGA_2022-02
2022-02-13,孟姜女庙景区,SHG,0.09,2.0,True,density,SHG_2022-02
2022-02-13,山海关欢乐海洋公园,SHG,,,False,left_censored,SHG_2022-02
2022-02-13,山海关风景区,SHG,,,False,left_censored,SHG_2022-02
2022-02-13,山海关风景区-天下第一关景区,SHG,,,False,left_censored,SHG_2022-02
2022-02-13,老龙头景区,SHG,,,False,left_censored,SHG_2022-02
2022-02-13,角山景区,SHG,0.13,14.0,True,density,SHG_2022-02
2022-02-13,黄金海岸风景区,其他_昌黎,,,False,left_censored,其他_昌黎_2022-02
2022-02-14,北戴河碧螺塔海上酒吧公园,BDH,,,False,left_censored,BDH_2022-02
2022-02-14,北戴河集发农业专业合作社,BDH,,,False,left_censored,BDH_2022-02
2022-02-14,奥林匹克公园,BDH,,,False,left_censored,BDH_2022-02
2022-02-14,平水桥公园,BDH,,,False,left_censored,BDH_2022-02
2022-02-14,戴河生态园,BDH,,,False,left_censored,BDH_2022-02
2022-02-14,秦皇岛野生动物园,BDH,,,False,left_censored,BDH_2022-02
2022-02-14,老虎石海上公园,BDH,,,False,left_censored,BDH_2022-02
2022-02-14,鸽子窝公园,BDH,,,False,left_censored,BDH_2022-02
2022-02-14,新澳海底世界,HGA,,,False,left_censored,HGA_2022-02
2022-02-14,河北秦皇岛国家地质公园,HGA,,,False,left_censored,HGA_2022-02
2022-02-14,秦皇植物园,HGA,,,False,left_censored,HGA_2022-02
2022-02-14,孟姜女庙景区,SHG,0.1,5.0,True,density,SHG_2022-02
2022-02-14,山海关欢乐海洋公园,SHG,,,False,left_censored,SHG_2022-02
2022-02-14,山海关风景区,SHG,,,False,left_censored,SHG_2022-02
2022-02-14,山海关风景区-天下第一关景区,SHG,0.16,38.0,True,density,SHG_2022-02
2022-02-14,老龙头景区,SHG,,,False,left_censored,SHG_2022-02
2022-02-14,角山景区,SHG,0.11,3.0,True,density,SHG_2022-02
2022-02-14,黄金海岸风景区,其他_昌黎,,,False,left_censored,其他_昌黎_2022-02
2022-02-22,北戴河碧螺塔海上酒吧公园,BDH,,,False,left_censored,BDH_2022-02
2022-02-22,北戴河集发农业专业合作社,BDH,,,False,left_censored,BDH_2022-02
2022-02-22,奥林匹克公园,BDH,,,False,left_censored,BDH_2022-02
2022-02-22,平水桥公园,BDH,,,False,left_censored,BDH_2022-02
2022-02-22,戴河生态园,BDH,,,False,left_censored,BDH_2022-02
2022-02-22,秦皇岛野生动物园,BDH,,,False,left_censored,BDH_2022-02
2022-02-22,老虎石海上公园,BDH,,,False,left_censored,BDH_2022-02
2022-02-22,鸽子窝公园,BDH,,,False,left_censored,BDH_2022-02
2022-02-22,新澳海底世界,HGA,,,False,left_censored,HGA_2022-02
2022-02-22,河北秦皇岛国家地质公园,HGA,,,False,left_censored,HGA_2022-02
2022-02-22,秦皇植物园,HGA,,,False,left_censored,HGA_2022-02
2022-02-22,孟姜女庙景区,SHG,0.09,100.0,True,density,SHG_2022-02
2022-02-22,山海关欢乐海洋公园,SHG,,,False,left_censored,SHG_2022-02
2022-02-22,山海关风景区,SHG,,,False,left_censored,SHG_2022-02
2022-02-22,山海关风景区-天下第一关景区,SHG,,,False,left_censored,SHG_2022-02
2022-02-22,老龙头景区,SHG,,,False,left_censored,SHG_2022-02
2022-02-22,角山景区,SHG,,,False,left_censored,SHG_2022-02
2022-02-22,黄金海岸风景区,其他_昌黎,,,False,left_censored,其他_昌黎_2022-02
2022-03-01,北戴河碧螺塔海上酒吧公园,BDH,,,False,left_censored,BDH_2022-03
2022-03-01,北戴河集发农业专业合作社,BDH,,,False,left_censored,BDH_2022-03
2022-03-01,奥林匹克公园,BDH,,,False,left_censored,BDH_2022-03
2022-03-01,平水桥公园,BDH,,,False,left_censored,BDH_2022-03
2022-03-01,戴河生态园,BDH,,,False,left_censored,BDH_2022-03
2022-03-01,秦皇岛野生动物园,BDH,,,False,left_censored,BDH_2022-03
2022-03-01,老虎石海上公园,BDH,,,False,left_censored,BDH_2022-03
2022-03-01,鸽子窝公园,BDH,,,False,left_censored,BDH_2022-03
2022-03-01,新澳海底世界,HGA,,,False,left_censored,HGA_2022-03
2022-03-01,河北秦皇岛国家地质公园,HGA,,,False,left_censored,HGA_2022-03
2022-03-01,秦皇植物园,HGA,,,False,left_censored,HGA_2022-03
2022-03-01,孟姜女庙景区,SHG,0.09,17.0,True,density,SHG_2022-03
2022-03-01,山海关欢乐海洋公园,SHG,,,False,left_censored,SHG_2022-03
2022-03-01,山海关风景区,SHG,,,False,left_censored,SHG_2022-03
2022-03-01,山海关风景区-天下第一关景区,SHG,,,False,left_censored,SHG_2022-03
2022-03-01,老龙头景区,SHG,,,False,left_censored,SHG_2022-03
2022-03-01,角山景区,SHG,,,False,left_censored,SHG_2022-03
2022-03-01,黄金海岸风景区,其他_昌黎,,,False,left_censored,其他_昌黎_2022-03
2022-03-13,北戴河碧螺塔海上酒吧公园,BDH,,,False,left_censored,BDH_2022-03
2022-03-13,北戴河集发农业专业合作社,BDH,,,False,left_censored,BDH_2022-03
2022-03-13,奥林匹克公园,BDH,,,False,left_censored,BDH_2022-03
2022-03-13,平水桥公园,BDH,,,False,left_censored,BDH_2022-03
2022-03-13,戴河生态园,BDH,,,False,left_censored,BDH_2022-03
2022-03-13,秦皇岛野生动物园,BDH,,,False,left_censored,BDH_2022-03
2022-03-13,老虎石海上公园,BDH,,,False,left_censored,BDH_2022-03
2022-03-13,鸽子窝公园,BDH,,,False,left_censored,BDH_2022-03
2022-03-13,新澳海底世界,HGA,,,False,left_censored,HGA_2022-03
2022-03-13,河北秦皇岛国家地质公园,HGA,,,False,left_censored,HGA_2022-03
2022-03-13,秦皇植物园,HGA,,,False,left_censored,HGA_2022-03
2022-03-13,孟姜女庙景区,SHG,0.1,8.0,True,density,SHG_2022-03
2022-03-13,山海关欢乐海洋公园,SHG,,,False,left_censored,SHG_2022-03
2022-03-13,山海关风景区,SHG,,,False,left_censored,SHG_2022-03
2022-03-13,山海关风景区-天下第一关景区,SHG,0.27,25.0,True,density,SHG_2022-03
2022-03-13,老龙头景区,SHG,,,False,left_censored,SHG_2022-03
2022-03-13,角山景区,SHG,0.29,3.0,True,density,SHG_2022-03
2022-03-13,黄金海岸风景区,其他_昌黎,,,False,left_censored,其他_昌黎_2022-03
2022-03-19,北戴河碧螺塔海上酒吧公园,BDH,,,False,left_censored,BDH_2022-03
2022-03-19,北戴河集发农业专业合作社,BDH,,,False,left_censored,BDH_2022-03
2022-03-19,奥林匹克公园,BDH,,,False,left_censored,BDH_2022-03
2022-03-19,平水桥公园,BDH,,,False,left_censored,BDH_2022-03
2022-03-19,戴河生态园,BDH,,,False,left_censored,BDH_2022-03
2022-03-19,秦皇岛野生动物园,BDH,,,False,left_censored,BDH_2022-03
2022-03-19,老虎石海上公园,BDH,,,False,left_censored,BDH_2022-03
2022-03-19,鸽子窝公园,BDH,,,False,left_censored,BDH_2022-03
2022-03-19,新澳海底世界,HGA,,,False,left_censored,HGA_2022-03
2022-03-19,河北秦皇岛国家地质公园,HGA,,,False,left_censored,HGA_2022-03
2022-03-19,秦皇植物园,HGA,,,False,left_censored,HGA_2022-03
2022-03-19,孟姜女庙景区,SHG,,,False,left_censored,SHG_2022-03
2022-03-19,山海关欢乐海洋公园,SHG,,,False,left_censored,SHG_2022-03
2022-03-19,山海关风景区,SHG,,,False,left_censored,SHG_2022-03
2022-03-19,山海关风景区-天下第一关景区,SHG,,,False,left_censored,SHG_2022-03
2022-03-19,老龙头景区,SHG,,,False,left_censored,SHG_2022-03
2022-03-19,角山景区,SHG,0.3,56.0,True,density,SHG_2022-03
2022-03-19,黄金海岸风景区,其他_昌黎,,,False,left_censored,其他_昌黎_2022-03
2022-04-07,北戴河碧螺塔海上酒吧公园,BDH,,,False,left_censored,BDH_2022-04
2022-04-07,北戴河集发农业专业合作社,BDH,,,False,left_censored,BDH_2022-04
2022-04-07,奥林匹克公园,BDH,,,False,left_censored,BDH_2022-04
2022-04-07,平水桥公园,BDH,,,False,left_censored,BDH_2022-04
2022-04-07,戴河生态园,BDH,,,False,left_censored,BDH_2022-04
2022-04-07,秦皇岛野生动物园,BDH,,,False,left_censored,BDH_2022-04
2022-04-07,老虎石海上公园,BDH,,,False,left_censored,BDH_2022-04
2022-04-07,鸽子窝公园,BDH,,,False,left_censored,BDH_2022-04
2022-04-07,新澳海底世界,HGA,,,False,left_censored,HGA_2022-04
2022-04-07,河北秦皇岛国家地质公园,HGA,8.58,5.0,True,density,HGA_2022-04
2022-04-07,秦皇植物园,HGA,,,False,left_censored,HGA_2022-04
2022-04-07,孟姜女庙景区,SHG,,,False,left_censored,SHG_2022-04
2022-04-07,山海关欢乐海洋公园,SHG,,,False,left_censored,SHG_2022-04
2022-04-07,山海关风景区,SHG,,,False,left_censored,SHG_2022-04
2022-04-07,山海关风景区-天下第一关景区,SHG,,,False,left_censored,SHG_2022-04
2022-04-07,老龙头景区,SHG,,,False,left_censored,SHG_2022-04
2022-04-07,角山景区,SHG,,,False,left_censored,SHG_2022-04
2022-04-07,黄金海岸风景区,其他_昌黎,,,False,left_censored,其他_昌黎_2022-04
2022-04-23,北戴河碧螺塔海上酒吧公园,BDH,,,False,left_censored,BDH_2022-04
2022-04-23,北戴河集发农业专业合作社,BDH,,,False,left_censored,BDH_2022-04
2022-04-23,奥林匹克公园,BDH,,,False,left_censored,BDH_2022-04
2022-04-23,平水桥公园,BDH,,,False,left_censored,BDH_2022-04
2022-04-23,戴河生态园,BDH,,,False,left_censored,BDH_2022-04
2022-04-23,秦皇岛野生动物园,BDH,,,False,left_censored,BDH_2022-04
2022-04-23,老虎石海上公园,BDH,,,False,left_censored,BDH_2022-04
2022-04-23,鸽子窝公园,BDH,,,False,left_censored,BDH_2022-04
2022-04-23,新澳海底世界,HGA,,,False,left_censored,HGA_2022-04
2022-04-23,河北秦皇岛国家地质公园,HGA,,,False,left_censored,HGA_2022-04
2022-04-23,秦皇植物园,HGA,,,False,left_censored,HGA_2022-04
2022-04-23,孟姜女庙景区,SHG,0.11,42.0,True,density,SHG_2022-04
2022-04-23,山海关欢乐海洋公园,SHG,,,False,left_censored,SHG_2022-04
2022-04-23,山海关风景区,SHG,,,False,left_censored,SHG_2022-04
2022-04-23,山海关风景区-天下第一关景区,SHG,,,False,left_censored,SHG_2022-04
2022-04-23,老龙头景区,SHG,,,False,left_censored,SHG_2022-04
2022-04-23,角山景区,SHG,,,False,left_censored,SHG_2022-04
2022-04-23,黄金海岸风景区,其他_昌黎,,,False,left_censored,其他_昌黎_2022-04
2022-05-09,北戴河碧螺塔海上酒吧公园,BDH,,,False,left_censored,BDH_2022-05
2022-05-09,北戴河集发农业专业合作社,BDH,,,False,left_censored,BDH_2022-05
2022-05-09,奥林匹克公园,BDH,,,False,left_censored,BDH_2022-05
2022-05-09,平水桥公园,BDH,,,False,left_censored,BDH_2022-05
2022-05-09,戴河生态园,BDH,,,False,left_censored,BDH_2022-05
2022-05-09,秦皇岛野生动物园,BDH,,,False,left_censored,BDH_2022-05
2022-05-09,老虎石海上公园,BDH,,,False,left_censored,BDH_2022-05
2022-05-09,鸽子窝公园,BDH,,,False,left_censored,BDH_2022-05
2022-05-09,新澳海底世界,HGA,,,False,left_censored,HGA_2022-05
2022-05-09,河北秦皇岛国家地质公园,HGA,,,False,left_censored,HGA_2022-05
2022-05-09,秦皇植物园,HGA,,,False,left_censored,HGA_2022-05
2022-05-09,孟姜女庙景区,SHG,0.12,3.0,True,density,SHG_2022-05
2022-05-09,山海关欢乐海洋公园,SHG,,,False,left_censored,SHG_2022-05
2022-05-09,山海关风景区,SHG,,,False,left_censored,SHG_2022-05
2022-05-09,山海关风景区-天下第一关景区,SHG,,,False,left_censored,SHG_2022-05
2022-05-09,老龙头景区,SHG,,,False,left_censored,SHG_2022-05
2022-05-09,角山景区,SHG,0.33,1.0,True,density,SHG_2022-05
2022-05-09,黄金海岸风景区,其他_昌黎,,,False,left_censored,其他_昌黎_2022-05
2022-05-11,北戴河碧螺塔海上酒吧公园,BDH,,,False,left_censored,BDH_2022-05
2022-05-11,北戴河集发农业专业合作社,BDH,,,False,left_censored,BDH_2022-05
2022-05-11,奥林匹克公园,BDH,,,False,left_censored,BDH_2022-05
2022-05-11,平水桥公园,BDH,,,False,left_censored,BDH_2022-05
2022-05-11,戴河生态园,BDH,,,False,left_censored,BDH_2022-05
2022-05-11,秦皇岛野生动物园,BDH,,,False,left_censored,BDH_2022-05
2022-05-11,老虎石海上公园,BDH,,,False,left_censored,BDH_2022-05
2022-05-11,鸽子窝公园,BDH,,,False,left_censored,BDH_2022-05
2022-05-11,新澳海底世界,HGA,,,False,left_censored,HGA_2022-05
2022-05-11,河北秦皇岛国家地质公园,HGA,,,False,left_censored,HGA_2022-05
2022-05-11,秦皇植物园,HGA,,,False,left_censored,HGA_2022-05
2022-05-11,孟姜女庙景区,SHG,0.12,2.0,True,density,SHG_2022-05
2022-05-11,山海关欢乐海洋公园,SHG,,,False,left_censored,SHG_2022-05
2022-05-11,山海关风景区,SHG,,,False,left_censored,SHG_2022-05
2022-05-11,山海关风景区-天下第一关景区,SHG,0.25,25.0,True,density,SHG_2022-05
2022-05-11,老龙头景区,SHG,,,False,left_censored,SHG_2022-05
2022-05-11,角山景区,SHG,0.36,1.0,True,density,SHG_2022-05
2022-05-11,黄金海岸风景区,其他_昌黎,,,False,left_censored,其他_昌黎_2022-05
2022-05-12,北戴河碧螺塔海上酒吧公园,BDH,,,False,left_censored,BDH_2022-05
2022-05-12,北戴河集发农业专业合作社,BDH,,,False,left_censored,BDH_2022-05
2022-05-12,奥林匹克公园,BDH,,,False,left_censored,BDH_2022-05
2022-05-12,平水桥公园,BDH,,,False,left_censored,BDH_2022-05
2022-05-12,戴河生态园,BDH,,,False,left_censored,BDH_2022-05
2022-05-12,秦皇岛野生动物园,BDH,,,False,left_censored,BDH_2022-05
2022-05-12,老虎石海上公园,BDH,,,False,left_censored,BDH_2022-05
2022-05-12,鸽子窝公园,BDH,,,False,left_censored,BDH_2022-05
2022-05-12,新澳海底世界,HGA,,,False,left_censored,HGA_2022-05
2022-05-12,河北秦皇岛国家地质公园,HGA,,,False,left_censored,HGA_2022-05
2022-05-12,秦皇植物园,HGA,,,False,left_censored,HGA_2022-05
2022-05-12,孟姜女庙景区,SHG,0.11,44.0,True,density,SHG_2022-05
2022-05-12,山海关欢乐海洋公园,SHG,,,False,left_censored,SHG_2022-05
2022-05-12,山海关风景区,SHG,,,False,left_censored,SHG_2022-05
2022-05-12,山海关风景区-天下第一关景区,SHG,,,False,left_censored,SHG_2022-05
2022-05-12,老龙头景区,SHG,,,False,left_censored,SHG_2022-05
2022-05-12,角山景区,SHG,,,False,left_censored,SHG_2022-05
2022-05-12,黄金海岸风景区,其他_昌黎,,,False,left_censored,其他_昌黎_2022-05
2022-05-23,北戴河碧螺塔海上酒吧公园,BDH,,,False,left_censored,BDH_2022-05
2022-05-23,北戴河集发农业专业合作社,BDH,,,False,left_censored,BDH_2022-05
2022-05-23,奥林匹克公园,BDH,,,False,left_censored,BDH_2022-05
2022-05-23,平水桥公园,BDH,,,False,left_censored,BDH_2022-05
2022-05-23,戴河生态园,BDH,,,False,left_censored,BDH_2022-05
2022-05-23,秦皇岛野生动物园,BDH,,,False,left_censored,BDH_2022-05
2022-05-23,老虎石海上公园,BDH,,,False,left_censored,BDH_2022-05
2022-05-23,鸽子窝公园,BDH,,,False,left_censored,BDH_2022-05
2022-05-23,新澳海底世界,HGA,,,False,left_censored,HGA_2022-05
2022-05-23,河北秦皇岛国家地质公园,HGA,,,False,left_censored,HGA_2022-05
2022-05-23,秦皇植物园,HGA,,,False,left_censored,HGA_2022-05
2022-05-23,孟姜女庙景区,SHG,0.12,9.0,True,density,SHG_2022-05
2022-05-23,山海关欢乐海洋公园,SHG,,,False,left_censored,SHG_2022-05
2022-05-23,山海关风景区,SHG,,,False,left_censored,SHG_2022-05
2022-05-23,山海关风景区-天下第一关景区,SHG,,,False,left_censored,SHG_2022-05
2022-05-23,老龙头景区,SHG,,,False,left_censored,SHG_2022-05
2022-05-23,角山景区,SHG,,,False,left_censored,SHG_2022-05
2022-05-23,黄金海岸风景区,其他_昌黎,,,False,left_censored,其他_昌黎_2022-05
2022-05-30,北戴河碧螺塔海上酒吧公园,BDH,,,False,left_censored,BDH_2022-05
2022-05-30,北戴河集发农业专业合作社,BDH,,,False,left_censored,BDH_2022-05
2022-05-30,奥林匹克公园,BDH,,,False,left_censored,BDH_2022-05
2022-05-30,平水桥公园,BDH,,,False,left_censored,BDH_2022-05
2022-05-30,戴河生态园,BDH,,,False,left_censored,BDH_2022-05
2022-05-30,秦皇岛野生动物园,BDH,,,False,left_censored,BDH_2022-05
2022-05-30,老虎石海上公园,BDH,,,False,left_censored,BDH_2022-05
2022-05-30,鸽子窝公园,BDH,,,False,left_censored,BDH_2022-05
2022-05-30,新澳海底世界,HGA,,,False,left_censored,HGA_2022-05
2022-05-30,河北秦皇岛国家地质公园,HGA,,,False,left_censored,HGA_2022-05
2022-05-30,秦皇植物园,HGA,,,False,left_censored,HGA_2022-05
2022-05-30,孟姜女庙景区,SHG,0.14,20.0,True,density,SHG_2022-05
2022-05-30,山海关欢乐海洋公园,SHG,,,False,left_censored,SHG_2022-05
2022-05-30,山海关风景区,SHG,,,False,left_censored,SHG_2022-05
2022-05-30,山海关风景区-天下第一关景区,SHG,,,False,left_censored,SHG_2022-05
2022-05-30,老龙头景区,SHG,,,False,left_censored,SHG_2022-05
2022-05-30,角山景区,SHG,0.29,2.0,True,density,SHG_2022-05
2022-05-30,黄金海岸风景区,其他_昌黎,,,False,left_censored,其他_昌黎_2022-05
2022-06-14,北戴河碧螺塔海上酒吧公园,BDH,,,False,left_censored,BDH_2022-06
2022-06-14,北戴河集发农业专业合作社,BDH,,,False,left_censored,BDH_2022-06
2022-06-14,奥林匹克公园,BDH,,,False,left_censored,BDH_2022-06
2022-06-14,平水桥公园,BDH,,,False,left_censored,BDH_2022-06
2022-06-14,戴河生态园,BDH,,,False,left_censored,BDH_2022-06
2022-06-14,秦皇岛野生动物园,BDH,,,False,left_censored,BDH_2022-06
2022-06-14,老虎石海上公园,BDH,,,False,left_censored,BDH_2022-06
2022-06-14,鸽子窝公园,BDH,,,False,left_censored,BDH_2022-06
2022-06-14,新澳海底世界,HGA,,,False,left_censored,HGA_2022-06
2022-06-14,河北秦皇岛国家地质公园,HGA,,,False,left_censored,HGA_2022-06
2022-06-14,秦皇植物园,HGA,,,False,left_censored,HGA_2022-06
2022-06-14,孟姜女庙景区,SHG,0.13,2.0,True,density,SHG_2022-06
2022-06-14,山海关欢乐海洋公园,SHG,,,False,left_censored,SHG_2022-06
2022-06-14,山海关风景区,SHG,,,False,left_censored,SHG_2022-06
2022-06-14,山海关风景区-天下第一关景区,SHG,,,False,left_censored,SHG_2022-06
2022-06-14,老龙头景区,SHG,,,False,left_censored,SHG_2022-06
2022-06-14,角山景区,SHG,0.29,6.0,True,density,SHG_2022-06
2022-06-14,黄金海岸风景区,其他_昌黎,,,False,left_censored,其他_昌黎_2022-06
2022-06-15,北戴河碧螺塔海上酒吧公园,BDH,,,False,left_censored,BDH_2022-06
2022-06-15,北戴河集发农业专业合作社,BDH,,,False,left_censored,BDH_2022-06
2022-06-15,奥林匹克公园,BDH,,,False,left_censored,BDH_2022-06
2022-06-15,平水桥公园,BDH,,,False,left_censored,BDH_2022-06
2022-06-15,戴河生态园,BDH,,,False,left_censored,BDH_2022-06
2022-06-15,秦皇岛野生动物园,BDH,,,False,left_censored,BDH_2022-06
2022-06-15,老虎石海上公园,BDH,,,False,left_censored,BDH_2022-06
2022-06-15,鸽子窝公园,BDH,,,False,left_censored,BDH_2022-06
2022-06-15,新澳海底世界,HGA,,,False,left_censored,HGA_2022-06
2022-06-15,河北秦皇岛国家地质公园,HGA,,,False,left_censored,HGA_2022-06
2022-06-15,秦皇植物园,HGA,,,False,left_censored,HGA_2022-06
2022-06-15,孟姜女庙景区,SHG,0.13,8.0,True,density,SHG_2022-06
2022-06-15,山海关欢乐海洋公园,SHG,,,False,left_censored,SHG_2022-06
2022-06-15,山海关风景区,SHG,,,False,left_censored,SHG_2022-06
2022-06-15,山海关风景区-天下第一关景区,SHG,,,False,left_censored,SHG_2022-06
2022-06-15,老龙头景区,SHG,,,False,left_censored,SHG_2022-06
2022-06-15,角山景区,SHG,0.31,2.0,True,density,SHG_2022-06
2022-06-15,黄金海岸风景区,其他_昌黎,,,False,left_censored,其他_昌黎_2022-06
2022-06-17,北戴河碧螺塔海上酒吧公园,BDH,,,False,left_censored,BDH_2022-06
2022-06-17,北戴河集发农业专业合作社,BDH,,,False,left_censored,BDH_2022-06
2022-06-17,奥林匹克公园,BDH,,,False,left_censored,BDH_2022-06
2022-06-17,平水桥公园,BDH,,,False,left_censored,BDH_2022-06
2022-06-17,戴河生态园,BDH,,,False,left_censored,BDH_2022-06
2022-06-17,秦皇岛野生动物园,BDH,,,False,left_censored,BDH_2022-06
2022-06-17,老虎石海上公园,BDH,,,False,left_censored,BDH_2022-06
2022-06-17,鸽子窝公园,BDH,,,False,left_censored,BDH_2022-06
2022-06-17,新澳海底世界,HGA,,,False,left_censored,HGA_2022-06
2022-06-17,河北秦皇岛国家地质公园,HGA,,,False,left_censored,HGA_2022-06
2022-06-17,秦皇植物园,HGA,,,False,left_censored,HGA_2022-06
2022-06-17,孟姜女庙景区,SHG,0.13,2.0,True,density,SHG_2022-06
2022-06-17,山海关欢乐海洋公园,SHG,,,False,left_censored,SHG_2022-06
2022-06-17,山海关风景区,SHG,,,False,left_censored,SHG_2022-06
2022-06-17,山海关风景区-天下第一关景区,SHG,0.37,34.0,True,density,SHG_2022-06
2022-06-17,老龙头景区,SHG,,,False,left_censored,SHG_2022-06
2022-06-17,角山景区,SHG,0.27,1.0,True,density,SHG_2022-06
2022-06-17,黄金海岸风景区,其他_昌黎,,,False,left_censored,其他_昌黎_2022-06
2022-06-19,北戴河碧螺塔海上酒吧公园,BDH,,,False,left_censored,BDH_2022-06
2022-06-19,北戴河集发农业专业合作社,BDH,,,False,left_censored,BDH_2022-06
2022-06-19,奥林匹克公园,BDH,,,False,left_censored,BDH_2022-06
2022-06-19,平水桥公园,BDH,,,False,left_censored,BDH_2022-06
2022-06-19,戴河生态园,BDH,,,False,left_censored,BDH_2022-06
2022-06-19,秦皇岛野生动物园,BDH,,,False,left_censored,BDH_2022-06
2022-06-19,老虎石海上公园,BDH,,,False,left_censored,BDH_2022-06
2022-06-19,鸽子窝公园,BDH,,,False,left_censored,BDH_2022-06
2022-06-19,新澳海底世界,HGA,1.17,79.0,True,density,HGA_2022-06
2022-06-19,河北秦皇岛国家地质公园,HGA,,,False,left_censored,HGA_2022-06
2022-06-19,秦皇植物园,HGA,,,False,left_censored,HGA_2022-06
2022-06-19,孟姜女庙景区,SHG,0.15,26.0,True,density,SHG_2022-06
2022-06-19,山海关欢乐海洋公园,SHG,,,False,left_censored,SHG_2022-06
2022-06-19,山海关风景区,SHG,,,False,left_censored,SHG_2022-06
2022-06-19,山海关风景区-天下第一关景区,SHG,,,False,left_censored,SHG_2022-06
2022-06-19,老龙头景区,SHG,,,False,left_censored,SHG_2022-06
2022-06-19,角山景区,SHG,,,False,left_censored,SHG_2022-06
2022-06-19,黄金海岸风景区,其他_昌黎,,,False,left_censored,其他_昌黎_2022-06
2022-07-02,北戴河碧螺塔海上酒吧公园,BDH,,,False,left_censored,BDH_2022-07
2022-07-02,北戴河集发农业专业合作社,BDH,,,False,left_censored,BDH_2022-07
2022-07-02,奥林匹克公园,BDH,,,False,left_censored,BDH_2022-07
2022-07-02,平水桥公园,BDH,,,False,left_censored,BDH_2022-07
2022-07-02,戴河生态园,BDH,,,False,left_censored,BDH_2022-07
2022-07-02,秦皇岛野生动物园,BDH,,,False,left_censored,BDH_2022-07
2022-07-02,老虎石海上公园,BDH,,,False,left_censored,BDH_2022-07
2022-07-02,鸽子窝公园,BDH,,,False,left_censored,BDH_2022-07
2022-07-02,新澳海底世界,HGA,1.41,89.0,True,density,HGA_2022-07
2022-07-02,河北秦皇岛国家地质公园,HGA,,,False,left_censored,HGA_2022-07
2022-07-02,秦皇植物园,HGA,,,False,left_censored,HGA_2022-07
2022-07-02,孟姜女庙景区,SHG,,,False,left_censored,SHG_2022-07
2022-07-02,山海关欢乐海洋公园,SHG,,,False,left_censored,SHG_2022-07
2022-07-02,山海关风景区,SHG,,,False,left_censored,SHG_2022-07
2022-07-02,山海关风景区-天下第一关景区,SHG,,,False,left_censored,SHG_2022-07
2022-07-02,老龙头景区,SHG,,,False,left_censored,SHG_2022-07
2022-07-02,角山景区,SHG,,,False,left_censored,SHG_2022-07
2022-07-02,黄金海岸风景区,其他_昌黎,,,False,left_censored,其他_昌黎_2022-07
2022-07-03,北戴河碧螺塔海上酒吧公园,BDH,,,False,left_censored,BDH_2022-07
2022-07-03,北戴河集发农业专业合作社,BDH,,,False,left_censored,BDH_2022-07
2022-07-03,奥林匹克公园,BDH,,,False,left_censored,BDH_2022-07
2022-07-03,平水桥公园,BDH,,,False,left_censored,BDH_2022-07
2022-07-03,戴河生态园,BDH,,,False,left_censored,BDH_2022-07
2022-07-03,秦皇岛野生动物园,BDH,,,False,left_censored,BDH_2022-07
2022-07-03,老虎石海上公园,BDH,,,False,left_censored,BDH_2022-07
2022-07-03,鸽子窝公园,BDH,1.52,100.0,True,density,BDH_2022-07
2022-07-03,新澳海底世界,HGA,,,False,left_censored,HGA_2022-07
2022-07-03,河北秦皇岛国家地质公园,HGA,,,False,left_censored,HGA_2022-07
2022-07-03,秦皇植物园,HGA,,,False,left_censored,HGA_2022-07
2022-07-03,孟姜女庙景区,SHG,,,False,left_censored,SHG_2022-07
2022-07-03,山海关欢乐海洋公园,SHG,,,False,left_censored,SHG_2022-07
2022-07-03,山海关风景区,SHG,,,False,left_censored,SHG_2022-07
2022-07-03,山海关风景区-天下第一关景区,SHG,,,False,left_censored,SHG_2022-07
2022-07-03,老龙头景区,SHG,,,False,left_censored,SHG_2022-07
2022-07-03,角山景区,SHG,,,False,left_censored,SHG_2022-07
2022-07-03,黄金海岸风景区,其他_昌黎,,,False,left_censored,其他_昌黎_2022-07
2022-07-07,北戴河碧螺塔海上酒吧公园,BDH,,,False,left_censored,BDH_2022-07
2022-07-07,北戴河集发农业专业合作社,BDH,,,False,left_censored,BDH_2022-07
2022-07-07,奥林匹克公园,BDH,,,False,left_censored,BDH_2022-07
2022-07-07,平水桥公园,BDH,,,False,left_censored,BDH_2022-07
2022-07-07,戴河生态园,BDH,,,False,left_censored,BDH_2022-07
2022-07-07,秦皇岛野生动物园,BDH,,,False,left_censored,BDH_2022-07
2022-07-07,老虎石海上公园,BDH,,,False,left_censored,BDH_2022-07
2022-07-07,鸽子窝公园,BDH,1.9,60.0,True,density,BDH_2022-07
2022-07-07,新澳海底世界,HGA,,,False,left_censored,HGA_2022-07
2022-07-07,河北秦皇岛国家地质公园,HGA,,,False,left_censored,HGA_2022-07
2022-07-07,秦皇植物园,HGA,,,False,left_censored,HGA_2022-07
2022-07-07,孟姜女庙景区,SHG,,,False,left_censored,SHG_2022-07
2022-07-07,山海关欢乐海洋公园,SHG,,,False,left_censored,SHG_2022-07
2022-07-07,山海关风景区,SHG,,,False,left_censored,SHG_2022-07
2022-07-07,山海关风景区-天下第一关景区,SHG,,,False,left_censored,SHG_2022-07
2022-07-07,老龙头景区,SHG,,,False,left_censored,SHG_2022-07
2022-07-07,角山景区,SHG,,,False,left_censored,SHG_2022-07
2022-07-07,黄金海岸风景区,其他_昌黎,,,False,left_censored,其他_昌黎_2022-07
2022-07-08,北戴河碧螺塔海上酒吧公园,BDH,,,False,left_censored,BDH_2022-07
2022-07-08,北戴河集发农业专业合作社,BDH,,,False,left_censored,BDH_2022-07
2022-07-08,奥林匹克公园,BDH,,,False,left_censored,BDH_2022-07
2022-07-08,平水桥公园,BDH,,,False,left_censored,BDH_2022-07
2022-07-08,戴河生态园,BDH,,,False,left_censored,BDH_2022-07
2022-07-08,秦皇岛野生动物园,BDH,,,False,left_censored,BDH_2022-07
2022-07-08,老虎石海上公园,BDH,,,False,left_censored,BDH_2022-07
2022-07-08,鸽子窝公园,BDH,1.85,83.0,True,density,BDH_2022-07
2022-07-08,新澳海底世界,HGA,,,False,left_censored,HGA_2022-07
2022-07-08,河北秦皇岛国家地质公园,HGA,,,False,left_censored,HGA_2022-07
2022-07-08,秦皇植物园,HGA,,,False,left_censored,HGA_2022-07
2022-07-08,孟姜女庙景区,SHG,0.16,3.0,True,density,SHG_2022-07
2022-07-08,山海关欢乐海洋公园,SHG,,,False,left_censored,SHG_2022-07
2022-07-08,山海关风景区,SHG,,,False,left_censored,SHG_2022-07
2022-07-08,山海关风景区-天下第一关景区,SHG,,,False,left_censored,SHG_2022-07
2022-07-08,老龙头景区,SHG,,,False,left_censored,SHG_2022-07
2022-07-08,角山景区,SHG,0.27,7.0,True,density,SHG_2022-07
2022-07-08,黄金海岸风景区,其他_昌黎,,,False,left_censored,其他_昌黎_2022-07
2022-07-09,北戴河碧螺塔海上酒吧公园,BDH,,,False,left_censored,BDH_2022-07
2022-07-09,北戴河集发农业专业合作社,BDH,,,False,left_censored,BDH_2022-07
2022-07-09,奥林匹克公园,BDH,,,False,left_censored,BDH_2022-07
2022-07-09,平水桥公园,BDH,0.66,70.0,True,density,BDH_2022-07
2022-07-09,戴河生态园,BDH,,,False,left_censored,BDH_2022-07
2022-07-09,秦皇岛野生动物园,BDH,,,False,left_censored,BDH_2022-07
2022-07-09,老虎石海上公园,BDH,0.7,68.0,True,density,BDH_2022-07
2022-07-09,鸽子窝公园,BDH,2.12,36.0,True,density,BDH_2022-07
2022-07-09,新澳海底世界,HGA,1.89,42.0,True,density,HGA_2022-07
2022-07-09,河北秦皇岛国家地质公园,HGA,,,False,left_censored,HGA_2022-07
2022-07-09,秦皇植物园,HGA,,,False,left_censored,HGA_2022-07
2022-07-09,孟姜女庙景区,SHG,,,False,left_censored,SHG_2022-07
2022-07-09,山海关欢乐海洋公园,SHG,,,False,left_censored,SHG_2022-07
2022-07-09,山海关风景区,SHG,,,False,left_censored,SHG_2022-07
2022-07-09,山海关风景区-天下第一关景区,SHG,,,False,left_censored,SHG_2022-07
2022-07-09,老龙头景区,SHG,,,False,left_censored,SHG_2022-07
2022-07-09,角山景区,SHG,,,False,left_censored,SHG_2022-07
2022-07-09,黄金海岸风景区,其他_昌黎,,,False,left_censored,其他_昌黎_2022-07
2022-07-10,北戴河碧螺塔海上酒吧公园,BDH,,,False,left_censored,BDH_2022-07
2022-07-10,北戴河集发农业专业合作社,BDH,,,False,left_censored,BDH_2022-07
2022-07-10,奥林匹克公园,BDH,,,False,left_censored,BDH_2022-07
2022-07-10,平水桥公园,BDH,0.51,60.0,True,density,BDH_2022-07
2022-07-10,戴河生态园,BDH,,,False,left_censored,BDH_2022-07
2022-07-10,秦皇岛野生动物园,BDH,,,False,left_censored,BDH_2022-07
2022-07-10,老虎石海上公园,BDH,0.66,65.0,True,density,BDH_2022-07
2022-07-10,鸽子窝公园,BDH,2.08,52.0,True,density,BDH_2022-07
2022-07-10,新澳海底世界,HGA,2.04,72.0,True,density,HGA_2022-07
2022-07-10,河北秦皇岛国家地质公园,HGA,,,False,left_censored,HGA_2022-07
2022-07-10,秦皇植物园,HGA,,,False,left_censored,HGA_2022-07
2022-07-10,孟姜女庙景区,SHG,,,False,left_censored,SHG_2022-07
2022-07-10,山海关欢乐海洋公园,SHG,,,False,left_censored,SHG_2022-07
2022-07-10,山海关风景区,SHG,,,False,left_censored,SHG_2022-07
2022-07-10,山海关风景区-天下第一关景区,SHG,,,False,left_censored,SHG_2022-07
2022-07-10,老龙头景区,SHG,,,False,left_censored,SHG_2022-07
2022-07-10,角山景区,SHG,,,False,left_censored,SHG_2022-07
2022-07-10,黄金海岸风景区,其他_昌黎,,,False,left_censored,其他_昌黎_2022-07
2022-07-11,北戴河碧螺塔海上酒吧公园,BDH,,,False,left_censored,BDH_2022-07
2022-07-11,北戴河集发农业专业合作社,BDH,,,False,left_censored,BDH_2022-07
2022-07-11,奥林匹克公园,BDH,,,False,left_censored,BDH_2022-07
2022-07-11,平水桥公园,BDH,0.55,72.0,True,density,BDH_2022-07
2022-07-11,戴河生态园,BDH,,,False,left_censored,BDH_2022-07
2022-07-11,秦皇岛野生动物园,BDH,,,False,left_censored,BDH_2022-07
2022-07-11,老虎石海上公园,BDH,0.6,74.0,True,density,BDH_2022-07
2022-07-11,鸽子窝公园,BDH,1.96,50.0,True,density,BDH_2022-07
2022-07-11,新澳海底世界,HGA,,,False,left_censored,HGA_2022-07
2022-07-11,河北秦皇岛国家地质公园,HGA,,,False,left_censored,HGA_2022-07
2022-07-11,秦皇植物园,HGA,,,False,left_censored,HGA_2022-07
2022-07-11,孟姜女庙景区,SHG,,,False,left_censored,SHG_2022-07
2022-07-11,山海关欢乐海洋公园,SHG,,,False,left_censored,SHG_2022-07
2022-07-11,山海关风景区,SHG,,,False,left_censored,SHG_2022-07
2022-07-11,山海关风景区-天下第一关景区,SHG,,,False,left_censored,SHG_2022-07
2022-07-11,老龙头景区,SHG,,,False,left_censored,SHG_2022-07
2022-07-11,角山景区,SHG,,,False,left_censored,SHG_2022-07
2022-07-11,黄金海岸风景区,其他_昌黎,,,False,left_censored,其他_昌黎_2022-07
2022-07-12,北戴河碧螺塔海上酒吧公园,BDH,,,False,left_censored,BDH_2022-07
2022-07-12,北戴河集发农业专业合作社,BDH,,,False,left_censored,BDH_2022-07
2022-07-12,奥林匹克公园,BDH,,,False,left_censored,BDH_2022-07
2022-07-12,平水桥公园,BDH,0.31,97.0,True,density,BDH_2022-07
2022-07-12,戴河生态园,BDH,,,False,left_censored,BDH_2022-07
2022-07-12,秦皇岛野生动物园,BDH,1.81,92.0,True,density,BDH_2022-07
2022-07-12,老虎石海上公园,BDH,,,False,left_censored,BDH_2022-07
2022-07-12,鸽子窝公园,BDH,1.19,34.0,True,density,BDH_2022-07
2022-07-12,新澳海底世界,HGA,,,False,left_censored,HGA_2022-07
2022-07-12,河北秦皇岛国家地质公园,HGA,,,False,left_censored,HGA_2022-07
2022-07-12,秦皇植物园,HGA,,,False,left_censored,HGA_2022-07
2022-07-12,孟姜女庙景区,SHG,,,False,left_censored,SHG_2022-07
2022-07-12,山海关欢乐海洋公园,SHG,,,False,left_censored,SHG_2022-07
2022-07-12,山海关风景区,SHG,,,False,left_censored,SHG_2022-07
2022-07-12,山海关风景区-天下第一关景区,SHG,,,False,left_censored,SHG_2022-07
2022-07-12,老龙头景区,SHG,,,False,left_censored,SHG_2022-07
2022-07-12,角山景区,SHG,,,False,left_censored,SHG_2022-07
2022-07-12,黄金海岸风景区,其他_昌黎,,,False,left_censored,其他_昌黎_2022-07
2022-07-13,北戴河碧螺塔海上酒吧公园,BDH,,,False,left_censored,BDH_2022-07
2022-07-13,北戴河集发农业专业合作社,BDH,,,False,left_censored,BDH_2022-07
2022-07-13,奥林匹克公园,BDH,,,False,left_censored,BDH_2022-07
2022-07-13,平水桥公园,BDH,0.59,70.0,True,density,BDH_2022-07
2022-07-13,戴河生态园,BDH,,,False,left_censored,BDH_2022-07
2022-07-13,秦皇岛野生动物园,BDH,2.54,15.0,True,density,BDH_2022-07
2022-07-13,老虎石海上公园,BDH,0.76,74.0,True,density,BDH_2022-07
2022-07-13,鸽子窝公园,BDH,1.99,9.0,True,density,BDH_2022-07
2022-07-13,新澳海底世界,HGA,,,False,left_censored,HGA_2022-07
2022-07-13,河北秦皇岛国家地质公园,HGA,,,False,left_censored,HGA_2022-07
2022-07-13,秦皇植物园,HGA,,,False,left_censored,HGA_2022-07
2022-07-13,孟姜女庙景区,SHG,,,False,left_censored,SHG_2022-07
2022-07-13,山海关欢乐海洋公园,SHG,,,False,left_censored,SHG_2022-07
2022-07-13,山海关风景区,SHG,,,False,left_censored,SHG_2022-07
2022-07-13,山海关风景区-天下第一关景区,SHG,,,False,left_censored,SHG_2022-07
2022-07-13,老龙头景区,SHG,,,False,left_censored,SHG_2022-07
2022-07-13,角山景区,SHG,,,False,left_censored,SHG_2022-07
2022-07-13,黄金海岸风景区,其他_昌黎,,,False,left_censored,其他_昌黎_2022-07
2022-07-14,北戴河碧螺塔海上酒吧公园,BDH,,,False,left_censored,BDH_2022-07
2022-07-14,北戴河集发农业专业合作社,BDH,,,False,left_censored,BDH_2022-07
2022-07-14,奥林匹克公园,BDH,0.34,99.0,True,density,BDH_2022-07
2022-07-14,平水桥公园,BDH,0.55,65.0,True,density,BDH_2022-07
2022-07-14,戴河生态园,BDH,,,False,left_censored,BDH_2022-07
2022-07-14,秦皇岛野生动物园,BDH,2.36,74.0,True,density,BDH_2022-07
2022-07-14,老虎石海上公园,BDH,0.71,68.0,True,density,BDH_2022-07
2022-07-14,鸽子窝公园,BDH,2.12,9.0,True,density,BDH_2022-07
2022-07-14,新澳海底世界,HGA,,,False,left_censored,HGA_2022-07
2022-07-14,河北秦皇岛国家地质公园,HGA,,,False,left_censored,HGA_2022-07
2022-07-14,秦皇植物园,HGA,,,False,left_censored,HGA_2022-07
2022-07-14,孟姜女庙景区,SHG,,,False,left_censored,SHG_2022-07
2022-07-14,山海关欢乐海洋公园,SHG,,,False,left_censored,SHG_2022-07
2022-07-14,山海关风景区,SHG,,,False,left_censored,SHG_2022-07
2022-07-14,山海关风景区-天下第一关景区,SHG,,,False,left_censored,SHG_2022-07
2022-07-14,老龙头景区,SHG,,,False,left_censored,SHG_2022-07
2022-07-14,角山景区,SHG,,,False,left_censored,SHG_2022-07
2022-07-14,黄金海岸风景区,其他_昌黎,,,False,left_censored,其他_昌黎_2022-07
2022-07-15,北戴河碧螺塔海上酒吧公园,BDH,,,False,left_censored,BDH_2022-07
2022-07-15,北戴河集发农业专业合作社,BDH,,,False,left_censored,BDH_2022-07
2022-07-15,奥林匹克公园,BDH,,,False,left_censored,BDH_2022-07
2022-07-15,平水桥公园,BDH,0.61,78.0,True,density,BDH_2022-07
2022-07-15,戴河生态园,BDH,,,False,left_censored,BDH_2022-07
2022-07-15,秦皇岛野生动物园,BDH,2.39,79.0,True,density,BDH_2022-07
2022-07-15,老虎石海上公园,BDH,0.73,81.0,True,density,BDH_2022-07
2022-07-15,鸽子窝公园,BDH,2.09,15.0,True,density,BDH_2022-07
2022-07-15,新澳海底世界,HGA,,,False,left_censored,HGA_2022-07
2022-07-15,河北秦皇岛国家地质公园,HGA,,,False,left_censored,HGA_2022-07
2022-07-15,秦皇植物园,HGA,,,False,left_censored,HGA_2022-07
2022-07-15,孟姜女庙景区,SHG,,,False,left_censored,SHG_2022-07
2022-07-15,山海关欢乐海洋公园,SHG,,,False,left_censored,SHG_2022-07
2022-07-15,山海关风景区,SHG,,,False,left_censored,SHG_2022-07
2022-07-15,山海关风景区-天下第一关景区,SHG,,,False,left_censored,SHG_2022-07
2022-07-15,老龙头景区,SHG,,,False,left_censored,SHG_2022-07
2022-07-15,角山景区,SHG,,,False,left_censored,SHG_2022-07
2022-07-15,黄金海岸风景区,其他_昌黎,,,False,left_censored,其他_昌黎_2022-07
2022-07-16,北戴河碧螺塔海上酒吧公园,BDH,2.75,85.0,True,density,BDH_2022-07
2022-07-16,北戴河集发农业专业合作社,BDH,,,False,left_censored,BDH_2022-07
2022-07-16,奥林匹克公园,BDH,0.4,83.0,True,density,BDH_2022-07
2022-07-16,平水桥公园,BDH,0.83,43.0,True,density,BDH_2022-07
2022-07-16,戴河生态园,BDH,,,False,left_censored,BDH_2022-07
2022-07-16,秦皇岛野生动物园,BDH,3.59,9.0,True,density,BDH_2022-07
2022-07-16,老虎石海上公园,BDH,0.89,41.0,True,density,BDH_2022-07
2022-07-16,鸽子窝公园,BDH,2.71,12.0,True,density,BDH_2022-07
2022-07-16,新澳海底世界,HGA,2.15,95.0,True,density,HGA_2022-07
2022-07-16,河北秦皇岛国家地质公园,HGA,,,False,left_censored,HGA_2022-07
2022-07-16,秦皇植物园,HGA,,,False,left_censored,HGA_2022-07
2022-07-16,孟姜女庙景区,SHG,,,False,left_censored,SHG_2022-07
2022-07-16,山海关欢乐海洋公园,SHG,,,False,left_censored,SHG_2022-07
2022-07-16,山海关风景区,SHG,,,False,left_censored,SHG_2022-07
2022-07-16,山海关风景区-天下第一关景区,SHG,,,False,left_censored,SHG_2022-07
2022-07-16,老龙头景区,SHG,,,False,left_censored,SHG_2022-07
2022-07-16,角山景区,SHG,,,False,left_censored,SHG_2022-07
2022-07-16,黄金海岸风景区,其他_昌黎,,,False,left_censored,其他_昌黎_2022-07
2022-07-17,北戴河碧螺塔海上酒吧公园,BDH,2.22,94.0,True,density,BDH_2022-07
2022-07-17,北戴河集发农业专业合作社,BDH,,,False,left_censored,BDH_2022-07
2022-07-17,奥林匹克公园,BDH,0.45,90.0,True,density,BDH_2022-07
2022-07-17,平水桥公园,BDH,0.78,58.0,True,density,BDH_2022-07
2022-07-17,戴河生态园,BDH,,,False,left_censored,BDH_2022-07
2022-07-17,秦皇岛野生动物园,BDH,3.15,92.0,True,density,BDH_2022-07
2022-07-17,老虎石海上公园,BDH,0.94,55.0,True,density,BDH_2022-07
2022-07-17,鸽子窝公园,BDH,2.61,26.0,True,density,BDH_2022-07
2022-07-17,新澳海底世界,HGA,,,False,left_censored,HGA_2022-07
2022-07-17,河北秦皇岛国家地质公园,HGA,,,False,left_censored,HGA_2022-07
2022-07-17,秦皇植物园,HGA,,,False,left_censored,HGA_2022-07
2022-07-17,孟姜女庙景区,SHG,,,False,left_censored,SHG_2022-07
2022-07-17,山海关欢乐海洋公园,SHG,,,False,left_censored,SHG_2022-07
2022-07-17,山海关风景区,SHG,,,False,left_censored,SHG_2022-07
2022-07-17,山海关风景区-天下第一关景区,SHG,,,False,left_censored,SHG_2022-07
2022-07-17,老龙头景区,SHG,,,False,left_censored,SHG_2022-07
2022-07-17,角山景区,SHG,,,False,left_censored,SHG_2022-07
2022-07-17,黄金海岸风景区,其他_昌黎,,,False,left_censored,其他_昌黎_2022-07
2022-07-18,北戴河碧螺塔海上酒吧公园,BDH,,,False,left_censored,BDH_2022-07
2022-07-18,北戴河集发农业专业合作社,BDH,,,False,left_censored,BDH_2022-07
2022-07-18,奥林匹克公园,BDH,0.45,100.0,True,density,BDH_2022-07
2022-07-18,平水桥公园,BDH,0.76,56.0,True,density,BDH_2022-07
2022-07-18,戴河生态园,BDH,,,False,left_censored,BDH_2022-07
2022-07-18,秦皇岛野生动物园,BDH,2.63,50.0,True,density,BDH_2022-07
2022-07-18,老虎石海上公园,BDH,0.86,60.0,True,density,BDH_2022-07
2022-07-18,鸽子窝公园,BDH,2.33,13.0,True,density,BDH_2022-07
2022-07-18,新澳海底世界,HGA,,,False,left_censored,HGA_2022-07
2022-07-18,河北秦皇岛国家地质公园,HGA,,,False,left_censored,HGA_2022-07
2022-07-18,秦皇植物园,HGA,,,False,left_censored,HGA_2022-07
2022-07-18,孟姜女庙景区,SHG,0.2,2.0,True,density,SHG_2022-07
2022-07-18,山海关欢乐海洋公园,SHG,,,False,left_censored,SHG_2022-07
2022-07-18,山海关风景区,SHG,,,False,left_censored,SHG_2022-07
2022-07-18,山海关风景区-天下第一关景区,SHG,,,False,left_censored,SHG_2022-07
2022-07-18,老龙头景区,SHG,,,False,left_censored,SHG_2022-07
2022-07-18,角山景区,SHG,0.31,1.0,True,density,SHG_2022-07
2022-07-18,黄金海岸风景区,其他_昌黎,,,False,left_censored,其他_昌黎_2022-07
2022-07-19,北戴河碧螺塔海上酒吧公园,BDH,,,False,left_censored,BDH_2022-07
2022-07-19,北戴河集发农业专业合作社,BDH,,,False,left_censored,BDH_2022-07
2022-07-19,奥林匹克公园,BDH,0.43,88.0,True,density,BDH_2022-07
2022-07-19,平水桥公园,BDH,0.69,44.0,True,density,BDH_2022-07
2022-07-19,戴河生态园,BDH,,,False,left_censored,BDH_2022-07
2022-07-19,秦皇岛野生动物园,BDH,2.65,40.0,True,density,BDH_2022-07
2022-07-19,老虎石海上公园,BDH,0.79,46.0,True,density,BDH_2022-07
2022-07-19,鸽子窝公园,BDH,2.32,13.0,True,density,BDH_2022-07
2022-07-19,新澳海底世界,HGA,,,False,left_censored,HGA_2022-07
2022-07-19,河北秦皇岛国家地质公园,HGA,,,False,left_censored,HGA_2022-07
2022-07-19,秦皇植物园,HGA,,,False,left_censored,HGA_2022-07
2022-07-19,孟姜女庙景区,SHG,,,False,left_censored,SHG_2022-07
2022-07-19,山海关欢乐海洋公园,SHG,,,False,left_censored,SHG_2022-07
2022-07-19,山海关风景区,SHG,,,False,left_censored,SHG_2022-07
2022-07-19,山海关风景区-天下第一关景区,SHG,,,False,left_censored,SHG_2022-07
2022-07-19,老龙头景区,SHG,,,False,left_censored,SHG_2022-07
2022-07-19,角山景区,SHG,,,False,left_censored,SHG_2022-07
2022-07-19,黄金海岸风景区,其他_昌黎,,,False,left_censored,其他_昌黎_2022-07
2022-07-20,北戴河碧螺塔海上酒吧公园,BDH,,,False,left_censored,BDH_2022-07
2022-07-20,北戴河集发农业专业合作社,BDH,,,False,left_censored,BDH_2022-07
2022-07-20,奥林匹克公园,BDH,0.48,88.0,True,density,BDH_2022-07
2022-07-20,平水桥公园,BDH,0.68,56.0,True,density,BDH_2022-07
2022-07-20,戴河生态园,BDH,,,False,left_censored,BDH_2022-07
2022-07-20,秦皇岛野生动物园,BDH,,,False,left_censored,BDH_2022-07
2022-07-20,老虎石海上公园,BDH,0.82,52.0,True,density,BDH_2022-07
2022-07-20,鸽子窝公园,BDH,2.53,15.0,True,density,BDH_2022-07
2022-07-20,新澳海底世界,HGA,,,False,left_censored,HGA_2022-07
2022-07-20,河北秦皇岛国家地质公园,HGA,,,False,left_censored,HGA_2022-07
2022-07-20,秦皇植物园,HGA,,,False,left_censored,HGA_2022-07
2022-07-20,孟姜女庙景区,SHG,,,False,left_censored,SHG_2022-07
2022-07-20,山海关欢乐海洋公园,SHG,,,False,left_censored,SHG_2022-07
2022-07-20,山海关风景区,SHG,,,False,left_censored,SHG_2022-07
2022-07-20,山海关风景区-天下第一关景区,SHG,,,False,left_censored,SHG_2022-07
2022-07-20,老龙头景区,SHG,,,False,left_censored,SHG_2022-07
2022-07-20,角山景区,SHG,,,False,left_censored,SHG_2022-07
2022-07-20,黄金海岸风景区,其他_昌黎,,,False,left_censored,其他_昌黎_2022-07
2022-07-21,北戴河碧螺塔海上酒吧公园,BDH,,,False,left_censored,BDH_2022-07
2022-07-21,北戴河集发农业专业合作社,BDH,,,False,left_censored,BDH_2022-07
2022-07-21,奥林匹克公园,BDH,,,False,left_censored,BDH_2022-07
2022-07-21,平水桥公园,BDH,0.65,46.0,True,density,BDH_2022-07
2022-07-21,戴河生态园,BDH,,,False,left_censored,BDH_2022-07
2022-07-21,秦皇岛野生动物园,BDH,,,False,left_censored,BDH_2022-07
2022-07-21,老虎石海上公园,BDH,0.82,47.0,True,density,BDH_2022-07
2022-07-21,鸽子窝公园,BDH,2.13,72.0,True,density,BDH_2022-07
2022-07-21,新澳海底世界,HGA,,,False,left_censored,HGA_2022-07
2022-07-21,河北秦皇岛国家地质公园,HGA,,,False,left_censored,HGA_2022-07
2022-07-21,秦皇植物园,HGA,,,False,left_censored,HGA_2022-07
2022-07-21,孟姜女庙景区,SHG,,,False,left_censored,SHG_2022-07
2022-07-21,山海关欢乐海洋公园,SHG,,,False,left_censored,SHG_2022-07
2022-07-21,山海关风景区,SHG,,,False,left_censored,SHG_2022-07
2022-07-21,山海关风景区-天下第一关景区,SHG,,,False,left_censored,SHG_2022-07
2022-07-21,老龙头景区,SHG,,,False,left_censored,SHG_2022-07
2022-07-21,角山景区,SHG,,,False,left_censored,SHG_2022-07
2022-07-21,黄金海岸风景区,其他_昌黎,,,False,left_censored,其他_昌黎_2022-07
2022-07-22,北戴河碧螺塔海上酒吧公园,BDH,,,False,left_censored,BDH_2022-07
2022-07-22,北戴河集发农业专业合作社,BDH,,,False,left_censored,BDH_2022-07
2022-07-22,奥林匹克公园,BDH,,,False,left_censored,BDH_2022-07
2022-07-22,平水桥公园,BDH,0.75,86.0,True,density,BDH_2022-07
2022-07-22,戴河生态园,BDH,,,False,left_censored,BDH_2022-07
2022-07-22,秦皇岛野生动物园,BDH,,,False,left_censored,BDH_2022-07
2022-07-22,老虎石海上公园,BDH,0.88,88.0,True,density,BDH_2022-07
2022-07-22,鸽子窝公园,BDH,,,False,left_censored,BDH_2022-07
2022-07-22,新澳海底世界,HGA,,,False,left_censored,HGA_2022-07
2022-07-22,河北秦皇岛国家地质公园,HGA,,,False,left_censored,HGA_2022-07
2022-07-22,秦皇植物园,HGA,,,False,left_censored,HGA_2022-07
2022-07-22,孟姜女庙景区,SHG,0.22,2.0,True,density,SHG_2022-07
2022-07-22,山海关欢乐海洋公园,SHG,,,False,left_censored,SHG_2022-07
2022-07-22,山海关风景区,SHG,,,False,left_censored,SHG_2022-07
2022-07-22,山海关风景区-天下第一关景区,SHG,,,False,left_censored,SHG_2022-07
2022-07-22,老龙头景区,SHG,,,False,left_censored,SHG_2022-07
2022-07-22,角山景区,SHG,,,False,left_censored,SHG_2022-07
2022-07-22,黄金海岸风景区,其他_昌黎,,,False,left_censored,其他_昌黎_2022-07
2022-07-23,北戴河碧螺塔海上酒吧公园,BDH,,,False,left_censored,BDH_2022-07
2022-07-23,北戴河集发农业专业合作社,BDH,,,False,left_censored,BDH_2022-07
2022-07-23,奥林匹克公园,BDH,,,False,left_censored,BDH_2022-07
2022-07-23,平水桥公园,BDH,0.83,79.0,True,density,BDH_2022-07
2022-07-23,戴河生态园,BDH,,,False,left_censored,BDH_2022-07
2022-07-23,秦皇岛野生动物园,BDH,,,False,left_censored,BDH_2022-07
2022-07-23,老虎石海上公园,BDH,0.95,73.0,True,density,BDH_2022-07
2022-07-23,鸽子窝公园,BDH,2.36,95.0,True,density,BDH_2022-07
2022-07-23,新澳海底世界,HGA,,,False,left_censored,HGA_2022-07
2022-07-23,河北秦皇岛国家地质公园,HGA,,,False,left_censored,HGA_2022-07
2022-07-23,秦皇植物园,HGA,,,False,left_censored,HGA_2022-07
2022-07-23,孟姜女庙景区,SHG,,,False,left_censored,SHG_2022-07
2022-07-23,山海关欢乐海洋公园,SHG,,,False,left_censored,SHG_2022-07
2022-07-23,山海关风景区,SHG,,,False,left_censored,SHG_2022-07
2022-07-23,山海关风景区-天下第一关景区,SHG,,,False,left_censored,SHG_2022-07
2022-07-23,老龙头景区,SHG,,,False,left_censored,SHG_2022-07
2022-07-23,角山景区,SHG,,,False,left_censored,SHG_2022-07
2022-07-23,黄金海岸风景区,其他_昌黎,,,False,left_censored,其他_昌黎_2022-07
2022-07-24,北戴河碧螺塔海上酒吧公园,BDH,,,False,left_censored,BDH_2022-07
2022-07-24,北戴河集发农业专业合作社,BDH,,,False,left_censored,BDH_2022-07
2022-07-24,奥林匹克公园,BDH,,,False,left_censored,BDH_2022-07
2022-07-24,平水桥公园,BDH,0.77,83.0,True,density,BDH_2022-07
2022-07-24,戴河生态园,BDH,,,False,left_censored,BDH_2022-07
2022-07-24,秦皇岛野生动物园,BDH,,,False,left_censored,BDH_2022-07
2022-07-24,老虎石海上公园,BDH,0.94,80.0,True,density,BDH_2022-07
2022-07-24,鸽子窝公园,BDH,2.76,95.0,True,density,BDH_2022-07
2022-07-24,新澳海底世界,HGA,,,False,left_censored,HGA_2022-07
2022-07-24,河北秦皇岛国家地质公园,HGA,,,False,left_censored,HGA_2022-07
2022-07-24,秦皇植物园,HGA,,,False,left_censored,HGA_2022-07
2022-07-24,孟姜女庙景区,SHG,0.23,57.0,True,density,SHG_2022-07
2022-07-24,山海关欢乐海洋公园,SHG,,,False,left_censored,SHG_2022-07
2022-07-24,山海关风景区,SHG,,,False,left_censored,SHG_2022-07
2022-07-24,山海关风景区-天下第一关景区,SHG,,,False,left_censored,SHG_2022-07
2022-07-24,老龙头景区,SHG,,,False,left_censored,SHG_2022-07
2022-07-24,角山景区,SHG,,,False,left_censored,SHG_2022-07
2022-07-24,黄金海岸风景区,其他_昌黎,,,False,left_censored,其他_昌黎_2022-07
2022-07-25,北戴河碧螺塔海上酒吧公园,BDH,,,False,left_censored,BDH_2022-07
2022-07-25,北戴河集发农业专业合作社,BDH,,,False,left_censored,BDH_2022-07
2022-07-25,奥林匹克公园,BDH,,,False,left_censored,BDH_2022-07
2022-07-25,平水桥公园,BDH,0.67,41.0,True,density,BDH_2022-07
2022-07-25,戴河生态园,BDH,,,False,left_censored,BDH_2022-07
2022-07-25,秦皇岛野生动物园,BDH,,,False,left_censored,BDH_2022-07
2022-07-25,老虎石海上公园,BDH,0.87,49.0,True,density,BDH_2022-07
2022-07-25,鸽子窝公园,BDH,2.27,66.0,True,density,BDH_2022-07
2022-07-25,新澳海底世界,HGA,,,False,left_censored,HGA_2022-07
2022-07-25,河北秦皇岛国家地质公园,HGA,,,False,left_censored,HGA_2022-07
2022-07-25,秦皇植物园,HGA,,,False,left_censored,HGA_2022-07
2022-07-25,孟姜女庙景区,SHG,,,False,left_censored,SHG_2022-07
2022-07-25,山海关欢乐海洋公园,SHG,,,False,left_censored,SHG_2022-07
2022-07-25,山海关风景区,SHG,,,False,left_censored,SHG_2022-07
2022-07-25,山海关风景区-天下第一关景区,SHG,,,False,left_censored,SHG_2022-07
2022-07-25,老龙头景区,SHG,,,False,left_censored,SHG_2022-07
2022-07-25,角山景区,SHG,,,False,left_censored,SHG_2022-07
2022-07-25,黄金海岸风景区,其他_昌黎,,,False,left_censored,其他_昌黎_2022-07
2022-07-26,北戴河碧螺塔海上酒吧公园,BDH,,,False,left_censored,BDH_2022-07
2022-07-26,北戴河集发农业专业合作社,BDH,,,False,left_censored,BDH_2022-07
2022-07-26,奥林匹克公园,BDH,0.48,81.0,True,density,BDH_2022-07
2022-07-26,平水桥公园,BDH,0.7,40.0,True,density,BDH_2022-07
2022-07-26,戴河生态园,BDH,,,False,left_censored,BDH_2022-07
2022-07-26,秦皇岛野生动物园,BDH,3.01,74.0,True,density,BDH_2022-07
2022-07-26,老虎石海上公园,BDH,0.94,41.0,True,density,BDH_2022-07
2022-07-26,鸽子窝公园,BDH,2.59,55.0,True,density,BDH_2022-07
2022-07-26,新澳海底世界,HGA,,,False,left_censored,HGA_2022-07
2022-07-26,河北秦皇岛国家地质公园,HGA,,,False,left_censored,HGA_2022-07
2022-07-26,秦皇植物园,HGA,,,False,left_censored,HGA_2022-07
2022-07-26,孟姜女庙景区,SHG,,,False,left_censored,SHG_2022-07
2022-07-26,山海关欢乐海洋公园,SHG,,,False,left_censored,SHG_2022-07
2022-07-26,山海关风景区,SHG,,,False,left_censored,SHG_2022-07
2022-07-26,山海关风景区-天下第一关景区,SHG,,,False,left_censored,SHG_2022-07
2022-07-26,老龙头景区,SHG,,,False,left_censored,SHG_2022-07
2022-07-26,角山景区,SHG,,,False,left_censored,SHG_2022-07
2022-07-26,黄金海岸风景区,其他_昌黎,,,False,left_censored,其他_昌黎_2022-07
2022-07-27,北戴河碧螺塔海上酒吧公园,BDH,,,False,left_censored,BDH_2022-07
2022-07-27,北戴河集发农业专业合作社,BDH,,,False,left_censored,BDH_2022-07
2022-07-27,奥林匹克公园,BDH,0.48,98.0,True,density,BDH_2022-07
2022-07-27,平水桥公园,BDH,0.68,52.0,True,density,BDH_2022-07
2022-07-27,戴河生态园,BDH,,,False,left_censored,BDH_2022-07
2022-07-27,秦皇岛野生动物园,BDH,3.23,37.0,True,density,BDH_2022-07
2022-07-27,老虎石海上公园,BDH,0.97,53.0,True,density,BDH_2022-07
2022-07-27,鸽子窝公园,BDH,2.5,45.0,True,density,BDH_2022-07
2022-07-27,新澳海底世界,HGA,,,False,left_censored,HGA_2022-07
2022-07-27,河北秦皇岛国家地质公园,HGA,,,False,left_censored,HGA_2022-07
2022-07-27,秦皇植物园,HGA,,,False,left_censored,HGA_2022-07
2022-07-27,孟姜女庙景区,SHG,,,False,left_censored,SHG_2022-07
2022-07-27,山海关欢乐海洋公园,SHG,,,False,left_censored,SHG_2022-07
2022-07-27,山海关风景区,SHG,,,False,left_censored,SHG_2022-07
2022-07-27,山海关风景区-天下第一关景区,SHG,,,False,left_censored,SHG_2022-07
2022-07-27,老龙头景区,SHG,,,False,left_censored,SHG_2022-07
2022-07-27,角山景区,SHG,,,False,left_censored,SHG_2022-07
2022-07-27,黄金海岸风景区,其他_昌黎,,,False,left_censored,其他_昌黎_2022-07
2022-07-28,北戴河碧螺塔海上酒吧公园,BDH,,,False,left_censored,BDH_2022-07
2022-07-28,北戴河集发农业专业合作社,BDH,,,False,left_censored,BDH_2022-07
2022-07-28,奥林匹克公园,BDH,,,False,left_censored,BDH_2022-07
2022-07-28,平水桥公园,BDH,0.42,49.0,True,density,BDH_2022-07
2022-07-28,戴河生态园,BDH,,,False,left_censored,BDH_2022-07
2022-07-28,秦皇岛野生动物园,BDH,,,False,left_censored,BDH_2022-07
2022-07-28,老虎石海上公园,BDH,0.59,54.0,True,density,BDH_2022-07
2022-07-28,鸽子窝公园,BDH,1.46,68.0,True,density,BDH_2022-07
2022-07-28,新澳海底世界,HGA,,,False,left_censored,HGA_2022-07
2022-07-28,河北秦皇岛国家地质公园,HGA,,,False,left_censored,HGA_2022-07
2022-07-28,秦皇植物园,HGA,,,False,left_censored,HGA_2022-07
2022-07-28,孟姜女庙景区,SHG,,,False,left_censored,SHG_2022-07
2022-07-28,山海关欢乐海洋公园,SHG,,,False,left_censored,SHG_2022-07
2022-07-28,山海关风景区,SHG,,,False,left_censored,SHG_2022-07
2022-07-28,山海关风景区-天下第一关景区,SHG,,,False,left_censored,SHG_2022-07
2022-07-28,老龙头景区,SHG,,,False,left_censored,SHG_2022-07
2022-07-28,角山景区,SHG,,,False,left_censored,SHG_2022-07
2022-07-28,黄金海岸风景区,其他_昌黎,,,False,left_censored,其他_昌黎_2022-07
2022-07-29,北戴河碧螺塔海上酒吧公园,BDH,,,False,left_censored,BDH_2022-07
2022-07-29,北戴河集发农业专业合作社,BDH,,,False,left_censored,BDH_2022-07
2022-07-29,奥林匹克公园,BDH,,,False,left_censored,BDH_2022-07
2022-07-29,平水桥公园,BDH,,,False,left_censored,BDH_2022-07
2022-07-29,戴河生态园,BDH,,,False,left_censored,BDH_2022-07
2022-07-29,秦皇岛野生动物园,BDH,3.28,63.0,True,density,BDH_2022-07
2022-07-29,老虎石海上公园,BDH,,,False,left_censored,BDH_2022-07
2022-07-29,鸽子窝公园,BDH,2.62,91.0,True,density,BDH_2022-07
2022-07-29,新澳海底世界,HGA,,,False,left_censored,HGA_2022-07
2022-07-29,河北秦皇岛国家地质公园,HGA,,,False,left_censored,HGA_2022-07
2022-07-29,秦皇植物园,HGA,,,False,left_censored,HGA_2022-07
2022-07-29,孟姜女庙景区,SHG,0.26,15.0,True,density,SHG_2022-07
2022-07-29,山海关欢乐海洋公园,SHG,,,False,left_censored,SHG_2022-07
2022-07-29,山海关风景区,SHG,,,False,left_censored,SHG_2022-07
2022-07-29,山海关风景区-天下第一关景区,SHG,,,False,left_censored,SHG_2022-07
2022-07-29,老龙头景区,SHG,,,False,left_censored,SHG_2022-07
2022-07-29,角山景区,SHG,,,False,left_censored,SHG_2022-07
2022-07-29,黄金海岸风景区,其他_昌黎,,,False,left_censored,其他_昌黎_2022-07
2022-07-30,北戴河碧螺塔海上酒吧公园,BDH,,,False,left_censored,BDH_2022-07
2022-07-30,北戴河集发农业专业合作社,BDH,,,False,left_censored,BDH_2022-07
2022-07-30,奥林匹克公园,BDH,,,False,left_censored,BDH_2022-07
2022-07-30,平水桥公园,BDH,0.86,98.0,True,density,BDH_2022-07
2022-07-30,戴河生态园,BDH,,,False,left_censored,BDH_2022-07
2022-07-30,秦皇岛野生动物园,BDH,4.06,26.0,True,density,BDH_2022-07
2022-07-30,老虎石海上公园,BDH,1.12,90.0,True,density,BDH_2022-07
2022-07-30,鸽子窝公园,BDH,3.24,77.0,True,density,BDH_2022-07
2022-07-30,新澳海底世界,HGA,,,False,left_censored,HGA_2022-07
2022-07-30,河北秦皇岛国家地质公园,HGA,,,False,left_censored,HGA_2022-07
2022-07-30,秦皇植物园,HGA,,,False,left_censored,HGA_2022-07
2022-07-30,孟姜女庙景区,SHG,0.29,56.0,True,density,SHG_2022-07
2022-07-30,山海关欢乐海洋公园,SHG,,,False,left_censored,SHG_2022-07
2022-07-30,山海关风景区,SHG,,,False,left_censored,SHG_2022-07
2022-07-30,山海关风景区-天下第一关景区,SHG,,,False,left_censored,SHG_2022-07
2022-07-30,老龙头景区,SHG,,,False,left_censored,SHG_2022-07
2022-07-30,角山景区,SHG,,,False,left_censored,SHG_2022-07
2022-07-30,黄金海岸风景区,其他_昌黎,,,False,left_censored,其他_昌黎_2022-07
2022-07-31,北戴河碧螺塔海上酒吧公园,BDH,,,False,left_censored,BDH_2022-07
2022-07-31,北戴河集发农业专业合作社,BDH,,,False,left_censored,BDH_2022-07
2022-07-31,奥林匹克公园,BDH,,,False,left_censored,BDH_2022-07
2022-07-31,平水桥公园,BDH,0.94,59.0,True,density,BDH_2022-07
2022-07-31,戴河生态园,BDH,,,False,left_censored,BDH_2022-07
2022-07-31,秦皇岛野生动物园,BDH,4.04,70.0,True,density,BDH_2022-07
2022-07-31,老虎石海上公园,BDH,1.16,51.0,True,density,BDH_2022-07
2022-07-31,鸽子窝公园,BDH,3.46,73.0,True,density,BDH_2022-07
2022-07-31,新澳海底世界,HGA,,,False,left_censored,HGA_2022-07
2022-07-31,河北秦皇岛国家地质公园,HGA,,,False,left_censored,HGA_2022-07
2022-07-31,秦皇植物园,HGA,,,False,left_censored,HGA_2022-07
2022-07-31,孟姜女庙景区,SHG,,,False,left_censored,SHG_2022-07
2022-07-31,山海关欢乐海洋公园,SHG,,,False,left_censored,SHG_2022-07
2022-07-31,山海关风景区,SHG,,,False,left_censored,SHG_2022-07
2022-07-31,山海关风景区-天下第一关景区,SHG,,,False,left_censored,SHG_2022-07
2022-07-31,老龙头景区,SHG,,,False,left_censored,SHG_2022-07
2022-07-31,角山景区,SHG,,,False,left_censored,SHG_2022-07
2022-07-31,黄金海岸风景区,其他_昌黎,,,False,left_censored,其他_昌黎_2022-07
2022-08-01,北戴河碧螺塔海上酒吧公园,BDH,,,False,left_censored,BDH_2022-08
2022-08-01,北戴河集发农业专业合作社,BDH,,,False,left_censored,BDH_2022-08
2022-08-01,奥林匹克公园,BDH,0.55,59.0,True,density,BDH_2022-08
2022-08-01,平水桥公园,BDH,0.92,49.0,True,density,BDH_2022-08
2022-08-01,戴河生态园,BDH,,,False,left_censored,BDH_2022-08
2022-08-01,秦皇岛野生动物园,BDH,,,False,left_censored,BDH_2022-08
2022-08-01,老虎石海上公园,BDH,1.08,45.0,True,density,BDH_2022-08
2022-08-01,鸽子窝公园,BDH,3.53,50.0,True,density,BDH_2022-08
2022-08-01,新澳海底世界,HGA,,,False,left_censored,HGA_2022-08
2022-08-01,河北秦皇岛国家地质公园,HGA,,,False,left_censored,HGA_2022-08
2022-08-01,秦皇植物园,HGA,,,False,left_censored,HGA_2022-08
2022-08-01,孟姜女庙景区,SHG,0.23,1.0,True,density,SHG_2022-08
2022-08-01,山海关欢乐海洋公园,SHG,,,False,left_censored,SHG_2022-08
2022-08-01,山海关风景区,SHG,,,False,left_censored,SHG_2022-08
2022-08-01,山海关风景区-天下第一关景区,SHG,,,False,left_censored,SHG_2022-08
2022-08-01,老龙头景区,SHG,,,False,left_censored,SHG_2022-08
2022-08-01,角山景区,SHG,,,False,left_censored,SHG_2022-08
2022-08-01,黄金海岸风景区,其他_昌黎,,,False,left_censored,其他_昌黎_2022-08
2022-08-02,北戴河碧螺塔海上酒吧公园,BDH,3.62,99.0,True,density,BDH_2022-08
2022-08-02,北戴河集发农业专业合作社,BDH,,,False,left_censored,BDH_2022-08
2022-08-02,奥林匹克公园,BDH,0.57,56.0,True,density,BDH_2022-08
2022-08-02,平水桥公园,BDH,1.05,61.0,True,density,BDH_2022-08
2022-08-02,戴河生态园,BDH,,,False,left_censored,BDH_2022-08
2022-08-02,秦皇岛野生动物园,BDH,,,False,left_censored,BDH_2022-08
2022-08-02,老虎石海上公园,BDH,1.17,50.0,True,density,BDH_2022-08
2022-08-02,鸽子窝公园,BDH,3.72,37.0,True,density,BDH_2022-08
2022-08-02,新澳海底世界,HGA,,,False,left_censored,HGA_2022-08
2022-08-02,河北秦皇岛国家地质公园,HGA,,,False,left_censored,HGA_2022-08
2022-08-02,秦皇植物园,HGA,,,False,left_censored,HGA_2022-08
2022-08-02,孟姜女庙景区,SHG,0.23,6.0,True,density,SHG_2022-08
2022-08-02,山海关欢乐海洋公园,SHG,,,False,left_censored,SHG_2022-08
2022-08-02,山海关风景区,SHG,,,False,left_censored,SHG_2022-08
2022-08-02,山海关风景区-天下第一关景区,SHG,,,False,left_censored,SHG_2022-08
2022-08-02,老龙头景区,SHG,,,False,left_censored,SHG_2022-08
2022-08-02,角山景区,SHG,,,False,left_censored,SHG_2022-08
2022-08-02,黄金海岸风景区,其他_昌黎,,,False,left_censored,其他_昌黎_2022-08
2022-08-03,北戴河碧螺塔海上酒吧公园,BDH,,,False,left_censored,BDH_2022-08
2022-08-03,北戴河集发农业专业合作社,BDH,,,False,left_censored,BDH_2022-08
2022-08-03,奥林匹克公园,BDH,0.62,71.0,True,density,BDH_2022-08
2022-08-03,平水桥公园,BDH,0.9,65.0,True,density,BDH_2022-08
2022-08-03,戴河生态园,BDH,,,False,left_censored,BDH_2022-08
2022-08-03,秦皇岛野生动物园,BDH,,,False,left_censored,BDH_2022-08
2022-08-03,老虎石海上公园,BDH,1.11,59.0,True,density,BDH_2022-08
2022-08-03,鸽子窝公园,BDH,3.44,40.0,True,density,BDH_2022-08
2022-08-03,新澳海底世界,HGA,,,False,left_censored,HGA_2022-08
2022-08-03,河北秦皇岛国家地质公园,HGA,,,False,left_censored,HGA_2022-08
2022-08-03,秦皇植物园,HGA,,,False,left_censored,HGA_2022-08
2022-08-03,孟姜女庙景区,SHG,0.24,12.0,True,density,SHG_2022-08
2022-08-03,山海关欢乐海洋公园,SHG,,,False,left_censored,SHG_2022-08
2022-08-03,山海关风景区,SHG,,,False,left_censored,SHG_2022-08
2022-08-03,山海关风景区-天下第一关景区,SHG,,,False,left_censored,SHG_2022-08
2022-08-03,老龙头景区,SHG,,,False,left_censored,SHG_2022-08
2022-08-03,角山景区,SHG,,,False,left_censored,SHG_2022-08
2022-08-03,黄金海岸风景区,其他_昌黎,,,False,left_censored,其他_昌黎_2022-08
2022-08-09,北戴河碧螺塔海上酒吧公园,BDH,,,False,left_censored,BDH_2022-08
2022-08-09,北戴河集发农业专业合作社,BDH,,,False,left_censored,BDH_2022-08
2022-08-09,奥林匹克公园,BDH,,,False,left_censored,BDH_2022-08
2022-08-09,平水桥公园,BDH,,,False,left_censored,BDH_2022-08
2022-08-09,戴河生态园,BDH,0.65,6.0,True,density,BDH_2022-08
2022-08-09,秦皇岛野生动物园,BDH,,,False,left_censored,BDH_2022-08
2022-08-09,老虎石海上公园,BDH,,,False,left_censored,BDH_2022-08
2022-08-09,鸽子窝公园,BDH,,,False,left_censored,BDH_2022-08
2022-08-09,新澳海底世界,HGA,,,False,left_censored,HGA_2022-08
2022-08-09,河北秦皇岛国家地质公园,HGA,,,False,left_censored,HGA_2022-08
2022-08-09,秦皇植物园,HGA,,,False,left_censored,HGA_2022-08
2022-08-09,孟姜女庙景区,SHG,,,False,left_censored,SHG_2022-08
2022-08-09,山海关欢乐海洋公园,SHG,,,False,left_censored,SHG_2022-08
2022-08-09,山海关风景区,SHG,,,False,left_censored,SHG_2022-08
2022-08-09,山海关风景区-天下第一关景区,SHG,,,False,left_censored,SHG_2022-08
2022-08-09,老龙头景区,SHG,,,False,left_censored,SHG_2022-08
2022-08-09,角山景区,SHG,,,False,left_censored,SHG_2022-08
2022-08-09,黄金海岸风景区,其他_昌黎,,,False,left_censored,其他_昌黎_2022-08
2022-08-15,北戴河碧螺塔海上酒吧公园,BDH,,,False,left_censored,BDH_2022-08
2022-08-15,北戴河集发农业专业合作社,BDH,,,False,left_censored,BDH_2022-08
2022-08-15,奥林匹克公园,BDH,,,False,left_censored,BDH_2022-08
2022-08-15,平水桥公园,BDH,,,False,left_censored,BDH_2022-08
2022-08-15,戴河生态园,BDH,,,False,left_censored,BDH_2022-08
2022-08-15,秦皇岛野生动物园,BDH,,,False,left_censored,BDH_2022-08
2022-08-15,老虎石海上公园,BDH,,,False,left_censored,BDH_2022-08
2022-08-15,鸽子窝公园,BDH,,,False,left_censored,BDH_2022-08
2022-08-15,新澳海底世界,HGA,,,False,left_censored,HGA_2022-08
2022-08-15,河北秦皇岛国家地质公园,HGA,,,False,left_censored,HGA_2022-08
2022-08-15,秦皇植物园,HGA,,,False,left_censored,HGA_2022-08
2022-08-15,孟姜女庙景区,SHG,0.16,5.0,True,density,SHG_2022-08
2022-08-15,山海关欢乐海洋公园,SHG,,,False,left_censored,SHG_2022-08
2022-08-15,山海关风景区,SHG,,,False,left_censored,SHG_2022-08
2022-08-15,山海关风景区-天下第一关景区,SHG,1.1,19.0,True,density,SHG_2022-08
2022-08-15,老龙头景区,SHG,,,False,left_censored,SHG_2022-08
2022-08-15,角山景区,SHG,0.26,2.0,True,density,SHG_2022-08
2022-08-15,黄金海岸风景区,其他_昌黎,,,False,left_censored,其他_昌黎_2022-08
2022-08-16,北戴河碧螺塔海上酒吧公园,BDH,,,False,left_censored,BDH_2022-08
2022-08-16,北戴河集发农业专业合作社,BDH,,,False,left_censored,BDH_2022-08
2022-08-16,奥林匹克公园,BDH,,,False,left_censored,BDH_2022-08
2022-08-16,平水桥公园,BDH,,,False,left_censored,BDH_2022-08
2022-08-16,戴河生态园,BDH,0.66,5.0,True,density,BDH_2022-08
2022-08-16,秦皇岛野生动物园,BDH,,,False,left_censored,BDH_2022-08
2022-08-16,老虎石海上公园,BDH,,,False,left_censored,BDH_2022-08
2022-08-16,鸽子窝公园,BDH,,,False,left_censored,BDH_2022-08
2022-08-16,新澳海底世界,HGA,,,False,left_censored,HGA_2022-08
2022-08-16,河北秦皇岛国家地质公园,HGA,,,False,left_censored,HGA_2022-08
2022-08-16,秦皇植物园,HGA,,,False,left_censored,HGA_2022-08
2022-08-16,孟姜女庙景区,SHG,0.17,3.0,True,density,SHG_2022-08
2022-08-16,山海关欢乐海洋公园,SHG,,,False,left_censored,SHG_2022-08
2022-08-16,山海关风景区,SHG,,,False,left_censored,SHG_2022-08
2022-08-16,山海关风景区-天下第一关景区,SHG,,,False,left_censored,SHG_2022-08
2022-08-16,老龙头景区,SHG,,,False,left_censored,SHG_2022-08
2022-08-16,角山景区,SHG,0.28,2.0,True,density,SHG_2022-08
2022-08-16,黄金海岸风景区,其他_昌黎,,,False,left_censored,其他_昌黎_2022-08
2022-08-19,北戴河碧螺塔海上酒吧公园,BDH,,,False,left_censored,BDH_2022-08
2022-08-19,北戴河集发农业专业合作社,BDH,,,False,left_censored,BDH_2022-08
2022-08-19,奥林匹克公园,BDH,,,False,left_censored,BDH_2022-08
2022-08-19,平水桥公园,BDH,,,False,left_censored,BDH_2022-08
2022-08-19,戴河生态园,BDH,,,False,left_censored,BDH_2022-08
2022-08-19,秦皇岛野生动物园,BDH,,,False,left_censored,BDH_2022-08
2022-08-19,老虎石海上公园,BDH,,,False,left_censored,BDH_2022-08
2022-08-19,鸽子窝公园,BDH,,,False,left_censored,BDH_2022-08
2022-08-19,新澳海底世界,HGA,,,False,left_censored,HGA_2022-08
2022-08-19,河北秦皇岛国家地质公园,HGA,,,False,left_censored,HGA_2022-08
2022-08-19,秦皇植物园,HGA,0.36,93.0,True,density,HGA_2022-08
2022-08-19,孟姜女庙景区,SHG,,,False,left_censored,SHG_2022-08
2022-08-19,山海关欢乐海洋公园,SHG,,,False,left_censored,SHG_2022-08
2022-08-19,山海关风景区,SHG,,,False,left_censored,SHG_2022-08
2022-08-19,山海关风景区-天下第一关景区,SHG,,,False,left_censored,SHG_2022-08
2022-08-19,老龙头景区,SHG,,,False,left_censored,SHG_2022-08
2022-08-19,角山景区,SHG,,,False,left_censored,SHG_2022-08
2022-08-19,黄金海岸风景区,其他_昌黎,,,False,left_censored,其他_昌黎_2022-08
2022-08-22,北戴河碧螺塔海上酒吧公园,BDH,,,False,left_censored,BDH_2022-08
2022-08-22,北戴河集发农业专业合作社,BDH,,,False,left_censored,BDH_2022-08
2022-08-22,奥林匹克公园,BDH,,,False,left_censored,BDH_2022-08
2022-08-22,平水桥公园,BDH,,,False,left_censored,BDH_2022-08
2022-08-22,戴河生态园,BDH,,,False,left_censored,BDH_2022-08
2022-08-22,秦皇岛野生动物园,BDH,,,False,left_censored,BDH_2022-08
2022-08-22,老虎石海上公园,BDH,,,False,left_censored,BDH_2022-08
2022-08-22,鸽子窝公园,BDH,,,False,left_censored,BDH_2022-08
2022-08-22,新澳海底世界,HGA,,,False,left_censored,HGA_2022-08
2022-08-22,河北秦皇岛国家地质公园,HGA,,,False,left_censored,HGA_2022-08
2022-08-22,秦皇植物园,HGA,,,False,left_censored,HGA_2022-08
2022-08-22,孟姜女庙景区,SHG,0.14,70.0,True,density,SHG_2022-08
2022-08-22,山海关欢乐海洋公园,SHG,,,False,left_censored,SHG_2022-08
2022-08-22,山海关风景区,SHG,,,False,left_censored,SHG_2022-08
2022-08-22,山海关风景区-天下第一关景区,SHG,,,False,left_censored,SHG_2022-08
2022-08-22,老龙头景区,SHG,,,False,left_censored,SHG_2022-08
2022-08-22,角山景区,SHG,,,False,left_censored,SHG_2022-08
2022-08-22,黄金海岸风景区,其他_昌黎,,,False,left_censored,其他_昌黎_2022-08
2022-08-23,北戴河碧螺塔海上酒吧公园,BDH,,,False,left_censored,BDH_2022-08
2022-08-23,北戴河集发农业专业合作社,BDH,,,False,left_censored,BDH_2022-08
2022-08-23,奥林匹克公园,BDH,,,False,left_censored,BDH_2022-08
2022-08-23,平水桥公园,BDH,,,False,left_censored,BDH_2022-08
2022-08-23,戴河生态园,BDH,,,False,left_censored,BDH_2022-08
2022-08-23,秦皇岛野生动物园,BDH,,,False,left_censored,BDH_2022-08
2022-08-23,老虎石海上公园,BDH,,,False,left_censored,BDH_2022-08
2022-08-23,鸽子窝公园,BDH,,,False,left_censored,BDH_2022-08
2022-08-23,新澳海底世界,HGA,,,False,left_censored,HGA_2022-08
2022-08-23,河北秦皇岛国家地质公园,HGA,,,False,left_censored,HGA_2022-08
2022-08-23,秦皇植物园,HGA,,,False,left_censored,HGA_2022-08
2022-08-23,孟姜女庙景区,SHG,0.15,78.0,True,density,SHG_2022-08
2022-08-23,山海关欢乐海洋公园,SHG,,,False,left_censored,SHG_2022-08
2022-08-23,山海关风景区,SHG,,,False,left_censored,SHG_2022-08
2022-08-23,山海关风景区-天下第一关景区,SHG,,,False,left_censored,SHG_2022-08
2022-08-23,老龙头景区,SHG,,,False,left_censored,SHG_2022-08
2022-08-23,角山景区,SHG,,,False,left_censored,SHG_2022-08
2022-08-23,黄金海岸风景区,其他_昌黎,,,False,left_censored,其他_昌黎_2022-08
2022-08-24,北戴河碧螺塔海上酒吧公园,BDH,,,False,left_censored,BDH_2022-08
2022-08-24,北戴河集发农业专业合作社,BDH,,,False,left_censored,BDH_2022-08
2022-08-24,奥林匹克公园,BDH,,,False,left_censored,BDH_2022-08
2022-08-24,平水桥公园,BDH,,,False,left_censored,BDH_2022-08
2022-08-24,戴河生态园,BDH,,,False,left_censored,BDH_2022-08
2022-08-24,秦皇岛野生动物园,BDH,,,False,left_censored,BDH_2022-08
2022-08-24,老虎石海上公园,BDH,,,False,left_censored,BDH_2022-08
2022-08-24,鸽子窝公园,BDH,,,False,left_censored,BDH_2022-08
2022-08-24,新澳海底世界,HGA,,,False,left_censored,HGA_2022-08
2022-08-24,河北秦皇岛国家地质公园,HGA,,,False,left_censored,HGA_2022-08
2022-08-24,秦皇植物园,HGA,,,False,left_censored,HGA_2022-08
2022-08-24,孟姜女庙景区,SHG,0.15,8.0,True,density,SHG_2022-08
2022-08-24,山海关欢乐海洋公园,SHG,,,False,left_censored,SHG_2022-08
2022-08-24,山海关风景区,SHG,,,False,left_censored,SHG_2022-08
2022-08-24,山海关风景区-天下第一关景区,SHG,,,False,left_censored,SHG_2022-08
2022-08-24,老龙头景区,SHG,,,False,left_censored,SHG_2022-08
2022-08-24,角山景区,SHG,,,False,left_censored,SHG_2022-08
2022-08-24,黄金海岸风景区,其他_昌黎,,,False,left_censored,其他_昌黎_2022-08
2022-08-25,北戴河碧螺塔海上酒吧公园,BDH,,,False,left_censored,BDH_2022-08
2022-08-25,北戴河集发农业专业合作社,BDH,,,False,left_censored,BDH_2022-08
2022-08-25,奥林匹克公园,BDH,,,False,left_censored,BDH_2022-08
2022-08-25,平水桥公园,BDH,,,False,left_censored,BDH_2022-08
2022-08-25,戴河生态园,BDH,,,False,left_censored,BDH_2022-08
2022-08-25,秦皇岛野生动物园,BDH,,,False,left_censored,BDH_2022-08
2022-08-25,老虎石海上公园,BDH,,,False,left_censored,BDH_2022-08
2022-08-25,鸽子窝公园,BDH,,,False,left_censored,BDH_2022-08
2022-08-25,新澳海底世界,HGA,,,False,left_censored,HGA_2022-08
2022-08-25,河北秦皇岛国家地质公园,HGA,,,False,left_censored,HGA_2022-08
2022-08-25,秦皇植物园,HGA,,,False,left_censored,HGA_2022-08
2022-08-25,孟姜女庙景区,SHG,0.13,78.0,True,density,SHG_2022-08
2022-08-25,山海关欢乐海洋公园,SHG,,,False,left_censored,SHG_2022-08
2022-08-25,山海关风景区,SHG,,,False,left_censored,SHG_2022-08
2022-08-25,山海关风景区-天下第一关景区,SHG,,,False,left_censored,SHG_2022-08
2022-08-25,老龙头景区,SHG,,,False,left_censored,SHG_2022-08
2022-08-25,角山景区,SHG,,,False,left_censored,SHG_2022-08
2022-08-25,黄金海岸风景区,其他_昌黎,,,False,left_censored,其他_昌黎_2022-08
2022-09-07,北戴河碧螺塔海上酒吧公园,BDH,,,False,left_censored,BDH_2022-09
2022-09-07,北戴河集发农业专业合作社,BDH,,,False,left_censored,BDH_2022-09
2022-09-07,奥林匹克公园,BDH,,,False,left_censored,BDH_2022-09
2022-09-07,平水桥公园,BDH,,,False,left_censored,BDH_2022-09
2022-09-07,戴河生态园,BDH,,,False,left_censored,BDH_2022-09
2022-09-07,秦皇岛野生动物园,BDH,,,False,left_censored,BDH_2022-09
2022-09-07,老虎石海上公园,BDH,,,False,left_censored,BDH_2022-09
2022-09-07,鸽子窝公园,BDH,,,False,left_censored,BDH_2022-09
2022-09-07,新澳海底世界,HGA,,,False,left_censored,HGA_2022-09
2022-09-07,河北秦皇岛国家地质公园,HGA,,,False,left_censored,HGA_2022-09
2022-09-07,秦皇植物园,HGA,,,False,left_censored,HGA_2022-09
2022-09-07,孟姜女庙景区,SHG,0.1,32.0,True,density,SHG_2022-09
2022-09-07,山海关欢乐海洋公园,SHG,,,False,left_censored,SHG_2022-09
2022-09-07,山海关风景区,SHG,,,False,left_censored,SHG_2022-09
2022-09-07,山海关风景区-天下第一关景区,SHG,,,False,left_censored,SHG_2022-09
2022-09-07,老龙头景区,SHG,,,False,left_censored,SHG_2022-09
2022-09-07,角山景区,SHG,0.23,85.0,True,density,SHG_2022-09
2022-09-07,黄金海岸风景区,其他_昌黎,,,False,left_censored,其他_昌黎_2022-09
2022-09-10,北戴河碧螺塔海上酒吧公园,BDH,,,False,left_censored,BDH_2022-09
2022-09-10,北戴河集发农业专业合作社,BDH,,,False,left_censored,BDH_2022-09
2022-09-10,奥林匹克公园,BDH,,,False,left_censored,BDH_2022-09
2022-09-10,平水桥公园,BDH,,,False,left_censored,BDH_2022-09
2022-09-10,戴河生态园,BDH,,,False,left_censored,BDH_2022-09
2022-09-10,秦皇岛野生动物园,BDH,,,False,left_censored,BDH_2022-09
2022-09-10,老虎石海上公园,BDH,,,False,left_censored,BDH_2022-09
2022-09-10,鸽子窝公园,BDH,,,False,left_censored,BDH_2022-09
2022-09-10,新澳海底世界,HGA,,,False,left_censored,HGA_2022-09
2022-09-10,河北秦皇岛国家地质公园,HGA,,,False,left_censored,HGA_2022-09
2022-09-10,秦皇植物园,HGA,,,False,left_censored,HGA_2022-09
2022-09-10,孟姜女庙景区,SHG,0.15,2.0,True,density,SHG_2022-09
2022-09-10,山海关欢乐海洋公园,SHG,,,False,left_censored,SHG_2022-09
2022-09-10,山海关风景区,SHG,,,False,left_censored,SHG_2022-09
2022-09-10,山海关风景区-天下第一关景区,SHG,0.52,13.0,True,density,SHG_2022-09
2022-09-10,老龙头景区,SHG,,,False,left_censored,SHG_2022-09
2022-09-10,角山景区,SHG,0.23,1.0,True,density,SHG_2022-09
2022-09-10,黄金海岸风景区,其他_昌黎,,,False,left_censored,其他_昌黎_2022-09
2022-09-13,北戴河碧螺塔海上酒吧公园,BDH,,,False,left_censored,BDH_2022-09
2022-09-13,北戴河集发农业专业合作社,BDH,,,False,left_censored,BDH_2022-09
2022-09-13,奥林匹克公园,BDH,,,False,left_censored,BDH_2022-09
2022-09-13,平水桥公园,BDH,,,False,left_censored,BDH_2022-09
2022-09-13,戴河生态园,BDH,,,False,left_censored,BDH_2022-09
2022-09-13,秦皇岛野生动物园,BDH,,,False,left_censored,BDH_2022-09
2022-09-13,老虎石海上公园,BDH,,,False,left_censored,BDH_2022-09
2022-09-13,鸽子窝公园,BDH,,,False,left_censored,BDH_2022-09
2022-09-13,新澳海底世界,HGA,,,False,left_censored,HGA_2022-09
2022-09-13,河北秦皇岛国家地质公园,HGA,,,False,left_censored,HGA_2022-09
2022-09-13,秦皇植物园,HGA,,,False,left_censored,HGA_2022-09
2022-09-13,孟姜女庙景区,SHG,0.1,28.0,True,density,SHG_2022-09
2022-09-13,山海关欢乐海洋公园,SHG,,,False,left_censored,SHG_2022-09
2022-09-13,山海关风景区,SHG,,,False,left_censored,SHG_2022-09
2022-09-13,山海关风景区-天下第一关景区,SHG,,,False,left_censored,SHG_2022-09
2022-09-13,老龙头景区,SHG,,,False,left_censored,SHG_2022-09
2022-09-13,角山景区,SHG,,,False,left_censored,SHG_2022-09
2022-09-13,黄金海岸风景区,其他_昌黎,,,False,left_censored,其他_昌黎_2022-09
2022-09-14,北戴河碧螺塔海上酒吧公园,BDH,,,False,left_censored,BDH_2022-09
2022-09-14,北戴河集发农业专业合作社,BDH,,,False,left_censored,BDH_2022-09
2022-09-14,奥林匹克公园,BDH,,,False,left_censored,BDH_2022-09
2022-09-14,平水桥公园,BDH,,,False,left_censored,BDH_2022-09
2022-09-14,戴河生态园,BDH,,,False,left_censored,BDH_2022-09
2022-09-14,秦皇岛野生动物园,BDH,,,False,left_censored,BDH_2022-09
2022-09-14,老虎石海上公园,BDH,,,False,left_censored,BDH_2022-09
2022-09-14,鸽子窝公园,BDH,,,False,left_censored,BDH_2022-09
2022-09-14,新澳海底世界,HGA,,,False,left_censored,HGA_2022-09
2022-09-14,河北秦皇岛国家地质公园,HGA,,,False,left_censored,HGA_2022-09
2022-09-14,秦皇植物园,HGA,,,False,left_censored,HGA_2022-09
2022-09-14,孟姜女庙景区,SHG,0.11,74.0,True,density,SHG_2022-09
2022-09-14,山海关欢乐海洋公园,SHG,,,False,left_censored,SHG_2022-09
2022-09-14,山海关风景区,SHG,,,False,left_censored,SHG_2022-09
2022-09-14,山海关风景区-天下第一关景区,SHG,,,False,left_censored,SHG_2022-09
2022-09-14,老龙头景区,SHG,,,False,left_censored,SHG_2022-09
2022-09-14,角山景区,SHG,,,False,left_censored,SHG_2022-09
2022-09-14,黄金海岸风景区,其他_昌黎,,,False,left_censored,其他_昌黎_2022-09
2022-09-17,北戴河碧螺塔海上酒吧公园,BDH,,,False,left_censored,BDH_2022-09
2022-09-17,北戴河集发农业专业合作社,BDH,,,False,left_censored,BDH_2022-09
2022-09-17,奥林匹克公园,BDH,,,False,left_censored,BDH_2022-09
2022-09-17,平水桥公园,BDH,,,False,left_censored,BDH_2022-09
2022-09-17,戴河生态园,BDH,,,False,left_censored,BDH_2022-09
2022-09-17,秦皇岛野生动物园,BDH,,,False,left_censored,BDH_2022-09
2022-09-17,老虎石海上公园,BDH,,,False,left_censored,BDH_2022-09
2022-09-17,鸽子窝公园,BDH,,,False,left_censored,BDH_2022-09
2022-09-17,新澳海底世界,HGA,,,False,left_censored,HGA_2022-09
2022-09-17,河北秦皇岛国家地质公园,HGA,,,False,left_censored,HGA_2022-09
2022-09-17,秦皇植物园,HGA,,,False,left_censored,HGA_2022-09
2022-09-17,孟姜女庙景区,SHG,0.12,21.0,True,density,SHG_2022-09
2022-09-17,山海关欢乐海洋公园,SHG,,,False,left_censored,SHG_2022-09
2022-09-17,山海关风景区,SHG,,,False,left_censored,SHG_2022-09
2022-09-17,山海关风景区-天下第一关景区,SHG,,,False,left_censored,SHG_2022-09
2022-09-17,老龙头景区,SHG,,,False,left_censored,SHG_2022-09
2022-09-17,角山景区,SHG,,,False,left_censored,SHG_2022-09
2022-09-17,黄金海岸风景区,其他_昌黎,,,False,left_censored,其他_昌黎_2022-09
2022-09-25,北戴河碧螺塔海上酒吧公园,BDH,,,False,left_censored,BDH_2022-09
2022-09-25,北戴河集发农业专业合作社,BDH,,,False,left_censored,BDH_2022-09
2022-09-25,奥林匹克公园,BDH,,,False,left_censored,BDH_2022-09
2022-09-25,平水桥公园,BDH,,,False,left_censored,BDH_2022-09
2022-09-25,戴河生态园,BDH,,,False,left_censored,BDH_2022-09
2022-09-25,秦皇岛野生动物园,BDH,,,False,left_censored,BDH_2022-09
2022-09-25,老虎石海上公园,BDH,,,False,left_censored,BDH_2022-09
2022-09-25,鸽子窝公园,BDH,,,False,left_censored,BDH_2022-09
2022-09-25,新澳海底世界,HGA,,,False,left_censored,HGA_2022-09
2022-09-25,河北秦皇岛国家地质公园,HGA,,,False,left_censored,HGA_2022-09
2022-09-25,秦皇植物园,HGA,,,False,left_censored,HGA_2022-09
2022-09-25,孟姜女庙景区,SHG,,,False,left_censored,SHG_2022-09
2022-09-25,山海关欢乐海洋公园,SHG,,,False,left_censored,SHG_2022-09
2022-09-25,山海关风景区,SHG,,,False,left_censored,SHG_2022-09
2022-09-25,山海关风景区-天下第一关景区,SHG,,,False,left_censored,SHG_2022-09
2022-09-25,老龙头景区,SHG,,,False,left_censored,SHG_2022-09
2022-09-25,角山景区,SHG,0.29,26.0,True,density,SHG_2022-09
2022-09-25,黄金海岸风景区,其他_昌黎,,,False,left_censored,其他_昌黎_2022-09
2022-10-02,北戴河碧螺塔海上酒吧公园,BDH,,,False,left_censored,BDH_2022-10
2022-10-02,北戴河集发农业专业合作社,BDH,,,False,left_censored,BDH_2022-10
2022-10-02,奥林匹克公园,BDH,,,False,left_censored,BDH_2022-10
2022-10-02,平水桥公园,BDH,,,False,left_censored,BDH_2022-10
2022-10-02,戴河生态园,BDH,,,False,left_censored,BDH_2022-10
2022-10-02,秦皇岛野生动物园,BDH,,,False,left_censored,BDH_2022-10
2022-10-02,老虎石海上公园,BDH,,,False,left_censored,BDH_2022-10
2022-10-02,鸽子窝公园,BDH,,,False,left_censored,BDH_2022-10
2022-10-02,新澳海底世界,HGA,,,False,left_censored,HGA_2022-10
2022-10-02,河北秦皇岛国家地质公园,HGA,,,False,left_censored,HGA_2022-10
2022-10-02,秦皇植物园,HGA,,,False,left_censored,HGA_2022-10
2022-10-02,孟姜女庙景区,SHG,0.14,14.0,True,density,SHG_2022-10
2022-10-02,山海关欢乐海洋公园,SHG,,,False,left_censored,SHG_2022-10
2022-10-02,山海关风景区,SHG,,,False,left_censored,SHG_2022-10
2022-10-02,山海关风景区-天下第一关景区,SHG,,,False,left_censored,SHG_2022-10
2022-10-02,老龙头景区,SHG,,,False,left_censored,SHG_2022-10
2022-10-02,角山景区,SHG,0.23,8.0,True,density,SHG_2022-10
2022-10-02,黄金海岸风景区,其他_昌黎,,,False,left_censored,其他_昌黎_2022-10
2022-10-07,北戴河碧螺塔海上酒吧公园,BDH,,,False,left_censored,BDH_2022-10
2022-10-07,北戴河集发农业专业合作社,BDH,,,False,left_censored,BDH_2022-10
2022-10-07,奥林匹克公园,BDH,,,False,left_censored,BDH_2022-10
2022-10-07,平水桥公园,BDH,,,False,left_censored,BDH_2022-10
2022-10-07,戴河生态园,BDH,,,False,left_censored,BDH_2022-10
2022-10-07,秦皇岛野生动物园,BDH,,,False,left_censored,BDH_2022-10
2022-10-07,老虎石海上公园,BDH,,,False,left_censored,BDH_2022-10
2022-10-07,鸽子窝公园,BDH,,,False,left_censored,BDH_2022-10
2022-10-07,新澳海底世界,HGA,,,False,left_censored,HGA_2022-10
2022-10-07,河北秦皇岛国家地质公园,HGA,,,False,left_censored,HGA_2022-10
2022-10-07,秦皇植物园,HGA,,,False,left_censored,HGA_2022-10
2022-10-07,孟姜女庙景区,SHG,0.1,77.0,True,density,SHG_2022-10
2022-10-07,山海关欢乐海洋公园,SHG,,,False,left_censored,SHG_2022-10
2022-10-07,山海关风景区,SHG,,,False,left_censored,SHG_2022-10
2022-10-07,山海关风景区-天下第一关景区,SHG,,,False,left_censored,SHG_2022-10
2022-10-07,老龙头景区,SHG,,,False,left_censored,SHG_2022-10
2022-10-07,角山景区,SHG,,,False,left_censored,SHG_2022-10
2022-10-07,黄金海岸风景区,其他_昌黎,,,False,left_censored,其他_昌黎_2022-10
2022-10-10,北戴河碧螺塔海上酒吧公园,BDH,,,False,left_censored,BDH_2022-10
2022-10-10,北戴河集发农业专业合作社,BDH,,,False,left_censored,BDH_2022-10
2022-10-10,奥林匹克公园,BDH,,,False,left_censored,BDH_2022-10
2022-10-10,平水桥公园,BDH,,,False,left_censored,BDH_2022-10
2022-10-10,戴河生态园,BDH,,,False,left_censored,BDH_2022-10
2022-10-10,秦皇岛野生动物园,BDH,,,False,left_censored,BDH_2022-10
2022-10-10,老虎石海上公园,BDH,,,False,left_censored,BDH_2022-10
2022-10-10,鸽子窝公园,BDH,,,False,left_censored,BDH_2022-10
2022-10-10,新澳海底世界,HGA,,,False,left_censored,HGA_2022-10
2022-10-10,河北秦皇岛国家地质公园,HGA,,,False,left_censored,HGA_2022-10
2022-10-10,秦皇植物园,HGA,,,False,left_censored,HGA_2022-10
2022-10-10,孟姜女庙景区,SHG,0.11,96.0,True,density,SHG_2022-10
2022-10-10,山海关欢乐海洋公园,SHG,,,False,left_censored,SHG_2022-10
2022-10-10,山海关风景区,SHG,,,False,left_censored,SHG_2022-10
2022-10-10,山海关风景区-天下第一关景区,SHG,,,False,left_censored,SHG_2022-10
2022-10-10,老龙头景区,SHG,,,False,left_censored,SHG_2022-10
2022-10-10,角山景区,SHG,,,False,left_censored,SHG_2022-10
2022-10-10,黄金海岸风景区,其他_昌黎,,,False,left_censored,其他_昌黎_2022-10
2022-10-11,北戴河碧螺塔海上酒吧公园,BDH,,,False,left_censored,BDH_2022-10
2022-10-11,北戴河集发农业专业合作社,BDH,,,False,left_censored,BDH_2022-10
2022-10-11,奥林匹克公园,BDH,,,False,left_censored,BDH_2022-10
2022-10-11,平水桥公园,BDH,,,False,left_censored,BDH_2022-10
2022-10-11,戴河生态园,BDH,,,False,left_censored,BDH_2022-10
2022-10-11,秦皇岛野生动物园,BDH,,,False,left_censored,BDH_2022-10
2022-10-11,老虎石海上公园,BDH,,,False,left_censored,BDH_2022-10
2022-10-11,鸽子窝公园,BDH,,,False,left_censored,BDH_2022-10
2022-10-11,新澳海底世界,HGA,,,False,left_censored,HGA_2022-10
2022-10-11,河北秦皇岛国家地质公园,HGA,,,False,left_censored,HGA_2022-10
2022-10-11,秦皇植物园,HGA,,,False,left_censored,HGA_2022-10
2022-10-11,孟姜女庙景区,SHG,0.11,5.0,True,density,SHG_2022-10
2022-10-11,山海关欢乐海洋公园,SHG,,,False,left_censored,SHG_2022-10
2022-10-11,山海关风景区,SHG,,,False,left_censored,SHG_2022-10
2022-10-11,山海关风景区-天下第一关景区,SHG,,,False,left_censored,SHG_2022-10
2022-10-11,老龙头景区,SHG,,,False,left_censored,SHG_2022-10
2022-10-11,角山景区,SHG,,,False,left_censored,SHG_2022-10
2022-10-11,黄金海岸风景区,其他_昌黎,,,False,left_censored,其他_昌黎_2022-10
2022-10-12,北戴河碧螺塔海上酒吧公园,BDH,,,False,left_censored,BDH_2022-10
2022-10-12,北戴河集发农业专业合作社,BDH,,,False,left_censored,BDH_2022-10
2022-10-12,奥林匹克公园,BDH,,,False,left_censored,BDH_2022-10
2022-10-12,平水桥公园,BDH,,,False,left_censored,BDH_2022-10
2022-10-12,戴河生态园,BDH,,,False,left_censored,BDH_2022-10
2022-10-12,秦皇岛野生动物园,BDH,,,False,left_censored,BDH_2022-10
2022-10-12,老虎石海上公园,BDH,,,False,left_censored,BDH_2022-10
2022-10-12,鸽子窝公园,BDH,,,False,left_censored,BDH_2022-10
2022-10-12,新澳海底世界,HGA,,,False,left_censored,HGA_2022-10
2022-10-12,河北秦皇岛国家地质公园,HGA,,,False,left_censored,HGA_2022-10
2022-10-12,秦皇植物园,HGA,,,False,left_censored,HGA_2022-10
2022-10-12,孟姜女庙景区,SHG,0.11,8.0,True,density,SHG_2022-10
2022-10-12,山海关欢乐海洋公园,SHG,,,False,left_censored,SHG_2022-10
2022-10-12,山海关风景区,SHG,,,False,left_censored,SHG_2022-10
2022-10-12,山海关风景区-天下第一关景区,SHG,,,False,left_censored,SHG_2022-10
2022-10-12,老龙头景区,SHG,,,False,left_censored,SHG_2022-10
2022-10-12,角山景区,SHG,,,False,left_censored,SHG_2022-10
2022-10-12,黄金海岸风景区,其他_昌黎,,,False,left_censored,其他_昌黎_2022-10
2022-10-13,北戴河碧螺塔海上酒吧公园,BDH,,,False,left_censored,BDH_2022-10
2022-10-13,北戴河集发农业专业合作社,BDH,,,False,left_censored,BDH_2022-10
2022-10-13,奥林匹克公园,BDH,,,False,left_censored,BDH_2022-10
2022-10-13,平水桥公园,BDH,,,False,left_censored,BDH_2022-10
2022-10-13,戴河生态园,BDH,,,False,left_censored,BDH_2022-10
2022-10-13,秦皇岛野生动物园,BDH,,,False,left_censored,BDH_2022-10
2022-10-13,老虎石海上公园,BDH,,,False,left_censored,BDH_2022-10
2022-10-13,鸽子窝公园,BDH,,,False,left_censored,BDH_2022-10
2022-10-13,新澳海底世界,HGA,,,False,left_censored,HGA_2022-10
2022-10-13,河北秦皇岛国家地质公园,HGA,,,False,left_censored,HGA_2022-10
2022-10-13,秦皇植物园,HGA,,,False,left_censored,HGA_2022-10
2022-10-13,孟姜女庙景区,SHG,0.1,64.0,True,density,SHG_2022-10
2022-10-13,山海关欢乐海洋公园,SHG,,,False,left_censored,SHG_2022-10
2022-10-13,山海关风景区,SHG,,,False,left_censored,SHG_2022-10
2022-10-13,山海关风景区-天下第一关景区,SHG,,,False,left_censored,SHG_2022-10
2022-10-13,老龙头景区,SHG,,,False,left_censored,SHG_2022-10
2022-10-13,角山景区,SHG,,,False,left_censored,SHG_2022-10
2022-10-13,黄金海岸风景区,其他_昌黎,,,False,left_censored,其他_昌黎_2022-10
2022-10-14,北戴河碧螺塔海上酒吧公园,BDH,,,False,left_censored,BDH_2022-10
2022-10-14,北戴河集发农业专业合作社,BDH,,,False,left_censored,BDH_2022-10
2022-10-14,奥林匹克公园,BDH,,,False,left_censored,BDH_2022-10
2022-10-14,平水桥公园,BDH,,,False,left_censored,BDH_2022-10
2022-10-14,戴河生态园,BDH,,,False,left_censored,BDH_2022-10
2022-10-14,秦皇岛野生动物园,BDH,,,False,left_censored,BDH_2022-10
2022-10-14,老虎石海上公园,BDH,,,False,left_censored,BDH_2022-10
2022-10-14,鸽子窝公园,BDH,,,False,left_censored,BDH_2022-10
2022-10-14,新澳海底世界,HGA,,,False,left_censored,HGA_2022-10
2022-10-14,河北秦皇岛国家地质公园,HGA,,,False,left_censored,HGA_2022-10
2022-10-14,秦皇植物园,HGA,,,False,left_censored,HGA_2022-10
2022-10-14,孟姜女庙景区,SHG,,,False,left_censored,SHG_2022-10
2022-10-14,山海关欢乐海洋公园,SHG,,,False,left_censored,SHG_2022-10
2022-10-14,山海关风景区,SHG,,,False,left_censored,SHG_2022-10
2022-10-14,山海关风景区-天下第一关景区,SHG,,,False,left_censored,SHG_2022-10
2022-10-14,老龙头景区,SHG,,,False,left_censored,SHG_2022-10
2022-10-14,角山景区,SHG,0.23,61.0,True,density,SHG_2022-10
2022-10-14,黄金海岸风景区,其他_昌黎,,,False,left_censored,其他_昌黎_2022-10
2022-10-23,北戴河碧螺塔海上酒吧公园,BDH,,,False,left_censored,BDH_2022-10
2022-10-23,北戴河集发农业专业合作社,BDH,,,False,left_censored,BDH_2022-10
2022-10-23,奥林匹克公园,BDH,,,False,left_censored,BDH_2022-10
2022-10-23,平水桥公园,BDH,,,False,left_censored,BDH_2022-10
2022-10-23,戴河生态园,BDH,,,False,left_censored,BDH_2022-10
2022-10-23,秦皇岛野生动物园,BDH,,,False,left_censored,BDH_2022-10
2022-10-23,老虎石海上公园,BDH,,,False,left_censored,BDH_2022-10
2022-10-23,鸽子窝公园,BDH,,,False,left_censored,BDH_2022-10
2022-10-23,新澳海底世界,HGA,,,False,left_censored,HGA_2022-10
2022-10-23,河北秦皇岛国家地质公园,HGA,8.66,62.0,True,density,HGA_2022-10
2022-10-23,秦皇植物园,HGA,,,False,left_censored,HGA_2022-10
2022-10-23,孟姜女庙景区,SHG,0.11,4.0,True,density,SHG_2022-10
2022-10-23,山海关欢乐海洋公园,SHG,,,False,left_censored,SHG_2022-10
2022-10-23,山海关风景区,SHG,,,False,left_censored,SHG_2022-10
2022-10-23,山海关风景区-天下第一关景区,SHG,,,False,left_censored,SHG_2022-10
2022-10-23,老龙头景区,SHG,,,False,left_censored,SHG_2022-10
2022-10-23,角山景区,SHG,0.29,3.0,True,density,SHG_2022-10
2022-10-23,黄金海岸风景区,其他_昌黎,,,False,left_censored,其他_昌黎_2022-10
2022-10-24,北戴河碧螺塔海上酒吧公园,BDH,,,False,left_censored,BDH_2022-10
2022-10-24,北戴河集发农业专业合作社,BDH,,,False,left_censored,BDH_2022-10
2022-10-24,奥林匹克公园,BDH,,,False,left_censored,BDH_2022-10
2022-10-24,平水桥公园,BDH,,,False,left_censored,BDH_2022-10
2022-10-24,戴河生态园,BDH,,,False,left_censored,BDH_2022-10
2022-10-24,秦皇岛野生动物园,BDH,,,False,left_censored,BDH_2022-10
2022-10-24,老虎石海上公园,BDH,,,False,left_censored,BDH_2022-10
2022-10-24,鸽子窝公园,BDH,,,False,left_censored,BDH_2022-10
2022-10-24,新澳海底世界,HGA,,,False,left_censored,HGA_2022-10
2022-10-24,河北秦皇岛国家地质公园,HGA,,,False,left_censored,HGA_2022-10
2022-10-24,秦皇植物园,HGA,,,False,left_censored,HGA_2022-10
2022-10-24,孟姜女庙景区,SHG,0.11,42.0,True,density,SHG_2022-10
2022-10-24,山海关欢乐海洋公园,SHG,,,False,left_censored,SHG_2022-10
2022-10-24,山海关风景区,SHG,,,False,left_censored,SHG_2022-10
2022-10-24,山海关风景区-天下第一关景区,SHG,,,False,left_censored,SHG_2022-10
2022-10-24,老龙头景区,SHG,,,False,left_censored,SHG_2022-10
2022-10-24,角山景区,SHG,0.31,8.0,True,density,SHG_2022-10
2022-10-24,黄金海岸风景区,其他_昌黎,,,False,left_censored,其他_昌黎_2022-10
2022-10-27,北戴河碧螺塔海上酒吧公园,BDH,,,False,left_censored,BDH_2022-10
2022-10-27,北戴河集发农业专业合作社,BDH,,,False,left_censored,BDH_2022-10
2022-10-27,奥林匹克公园,BDH,,,False,left_censored,BDH_2022-10
2022-10-27,平水桥公园,BDH,,,False,left_censored,BDH_2022-10
2022-10-27,戴河生态园,BDH,0.57,27.0,True,density,BDH_2022-10
2022-10-27,秦皇岛野生动物园,BDH,,,False,left_censored,BDH_2022-10
2022-10-27,老虎石海上公园,BDH,,,False,left_censored,BDH_2022-10
2022-10-27,鸽子窝公园,BDH,,,False,left_censored,BDH_2022-10
2022-10-27,新澳海底世界,HGA,,,False,left_censored,HGA_2022-10
2022-10-27,河北秦皇岛国家地质公园,HGA,9.83,9.0,True,density,HGA_2022-10
2022-10-27,秦皇植物园,HGA,,,False,left_censored,HGA_2022-10
2022-10-27,孟姜女庙景区,SHG,0.12,5.0,True,density,SHG_2022-10
2022-10-27,山海关欢乐海洋公园,SHG,,,False,left_censored,SHG_2022-10
2022-10-27,山海关风景区,SHG,,,False,left_censored,SHG_2022-10
2022-10-27,山海关风景区-天下第一关景区,SHG,,,False,left_censored,SHG_2022-10
2022-10-27,老龙头景区,SHG,,,False,left_censored,SHG_2022-10
2022-10-27,角山景区,SHG,0.36,4.0,True,density,SHG_2022-10
2022-10-27,黄金海岸风景区,其他_昌黎,,,False,left_censored,其他_昌黎_2022-10
2022-11-01,北戴河碧螺塔海上酒吧公园,BDH,,,False,left_censored,BDH_2022-11
2022-11-01,北戴河集发农业专业合作社,BDH,,,False,left_censored,BDH_2022-11
2022-11-01,奥林匹克公园,BDH,,,False,left_censored,BDH_2022-11
2022-11-01,平水桥公园,BDH,,,False,left_censored,BDH_2022-11
2022-11-01,戴河生态园,BDH,,,False,left_censored,BDH_2022-11
2022-11-01,秦皇岛野生动物园,BDH,,,False,left_censored,BDH_2022-11
2022-11-01,老虎石海上公园,BDH,,,False,left_censored,BDH_2022-11
2022-11-01,鸽子窝公园,BDH,,,False,left_censored,BDH_2022-11
2022-11-01,新澳海底世界,HGA,,,False,left_censored,HGA_2022-11
2022-11-01,河北秦皇岛国家地质公园,HGA,,,False,left_censored,HGA_2022-11
2022-11-01,秦皇植物园,HGA,,,False,left_censored,HGA_2022-11
2022-11-01,孟姜女庙景区,SHG,0.1,26.0,True,density,SHG_2022-11
2022-11-01,山海关欢乐海洋公园,SHG,,,False,left_censored,SHG_2022-11
2022-11-01,山海关风景区,SHG,,,False,left_censored,SHG_2022-11
2022-11-01,山海关风景区-天下第一关景区,SHG,,,False,left_censored,SHG_2022-11
2022-11-01,老龙头景区,SHG,,,False,left_censored,SHG_2022-11
2022-11-01,角山景区,SHG,,,False,left_censored,SHG_2022-11
2022-11-01,黄金海岸风景区,其他_昌黎,,,False,left_censored,其他_昌黎_2022-11
2022-11-02,北戴河碧螺塔海上酒吧公园,BDH,,,False,left_censored,BDH_2022-11
2022-11-02,北戴河集发农业专业合作社,BDH,,,False,left_censored,BDH_2022-11
2022-11-02,奥林匹克公园,BDH,,,False,left_censored,BDH_2022-11
2022-11-02,平水桥公园,BDH,,,False,left_censored,BDH_2022-11
2022-11-02,戴河生态园,BDH,,,False,left_censored,BDH_2022-11
2022-11-02,秦皇岛野生动物园,BDH,,,False,left_censored,BDH_2022-11
2022-11-02,老虎石海上公园,BDH,,,False,left_censored,BDH_2022-11
2022-11-02,鸽子窝公园,BDH,,,False,left_censored,BDH_2022-11
2022-11-02,新澳海底世界,HGA,,,False,left_censored,HGA_2022-11
2022-11-02,河北秦皇岛国家地质公园,HGA,,,False,left_censored,HGA_2022-11
2022-11-02,秦皇植物园,HGA,,,False,left_censored,HGA_2022-11
2022-11-02,孟姜女庙景区,SHG,0.1,49.0,True,density,SHG_2022-11
2022-11-02,山海关欢乐海洋公园,SHG,,,False,left_censored,SHG_2022-11
2022-11-02,山海关风景区,SHG,,,False,left_censored,SHG_2022-11
2022-11-02,山海关风景区-天下第一关景区,SHG,,,False,left_censored,SHG_2022-11
2022-11-02,老龙头景区,SHG,,,False,left_censored,SHG_2022-11
2022-11-02,角山景区,SHG,,,False,left_censored,SHG_2022-11
2022-11-02,黄金海岸风景区,其他_昌黎,,,False,left_censored,其他_昌黎_2022-11
2022-11-03,北戴河碧螺塔海上酒吧公园,BDH,,,False,left_censored,BDH_2022-11
2022-11-03,北戴河集发农业专业合作社,BDH,,,False,left_censored,BDH_2022-11
2022-11-03,奥林匹克公园,BDH,,,False,left_censored,BDH_2022-11
2022-11-03,平水桥公园,BDH,,,False,left_censored,BDH_2022-11
2022-11-03,戴河生态园,BDH,,,False,left_censored,BDH_2022-11
2022-11-03,秦皇岛野生动物园,BDH,,,False,left_censored,BDH_2022-11
2022-11-03,老虎石海上公园,BDH,,,False,left_censored,BDH_2022-11
2022-11-03,鸽子窝公园,BDH,,,False,left_censored,BDH_2022-11
2022-11-03,新澳海底世界,HGA,,,False,left_censored,HGA_2022-11
2022-11-03,河北秦皇岛国家地质公园,HGA,,,False,left_censored,HGA_2022-11
2022-11-03,秦皇植物园,HGA,,,False,left_censored,HGA_2022-11
2022-11-03,孟姜女庙景区,SHG,0.1,11.0,True,density,SHG_2022-11
2022-11-03,山海关欢乐海洋公园,SHG,,,False,left_censored,SHG_2022-11
2022-11-03,山海关风景区,SHG,,,False,left_censored,SHG_2022-11
2022-11-03,山海关风景区-天下第一关景区,SHG,,,False,left_censored,SHG_2022-11
2022-11-03,老龙头景区,SHG,,,False,left_censored,SHG_2022-11
2022-11-03,角山景区,SHG,,,False,left_censored,SHG_2022-11
2022-11-03,黄金海岸风景区,其他_昌黎,,,False,left_censored,其他_昌黎_2022-11
2022-11-04,北戴河碧螺塔海上酒吧公园,BDH,,,False,left_censored,BDH_2022-11
2022-11-04,北戴河集发农业专业合作社,BDH,,,False,left_censored,BDH_2022-11
2022-11-04,奥林匹克公园,BDH,,,False,left_censored,BDH_2022-11
2022-11-04,平水桥公园,BDH,,,False,left_censored,BDH_2022-11
2022-11-04,戴河生态园,BDH,,,False,left_censored,BDH_2022-11
2022-11-04,秦皇岛野生动物园,BDH,,,False,left_censored,BDH_2022-11
2022-11-04,老虎石海上公园,BDH,,,False,left_censored,BDH_2022-11
2022-11-04,鸽子窝公园,BDH,,,False,left_censored,BDH_2022-11
2022-11-04,新澳海底世界,HGA,,,False,left_censored,HGA_2022-11
2022-11-04,河北秦皇岛国家地质公园,HGA,,,False,left_censored,HGA_2022-11
2022-11-04,秦皇植物园,HGA,,,False,left_censored,HGA_2022-11
2022-11-04,孟姜女庙景区,SHG,0.1,52.0,True,density,SHG_2022-11
2022-11-04,山海关欢乐海洋公园,SHG,,,False,left_censored,SHG_2022-11
2022-11-04,山海关风景区,SHG,,,False,left_censored,SHG_2022-11
2022-11-04,山海关风景区-天下第一关景区,SHG,,,False,left_censored,SHG_2022-11
2022-11-04,老龙头景区,SHG,,,False,left_censored,SHG_2022-11
2022-11-04,角山景区,SHG,,,False,left_censored,SHG_2022-11
2022-11-04,黄金海岸风景区,其他_昌黎,,,False,left_censored,其他_昌黎_2022-11
2022-11-05,北戴河碧螺塔海上酒吧公园,BDH,,,False,left_censored,BDH_2022-11
2022-11-05,北戴河集发农业专业合作社,BDH,,,False,left_censored,BDH_2022-11
2022-11-05,奥林匹克公园,BDH,,,False,left_censored,BDH_2022-11
2022-11-05,平水桥公园,BDH,,,False,left_censored,BDH_2022-11
2022-11-05,戴河生态园,BDH,,,False,left_censored,BDH_2022-11
2022-11-05,秦皇岛野生动物园,BDH,,,False,left_censored,BDH_2022-11
2022-11-05,老虎石海上公园,BDH,,,False,left_censored,BDH_2022-11
2022-11-05,鸽子窝公园,BDH,,,False,left_censored,BDH_2022-11
2022-11-05,新澳海底世界,HGA,,,False,left_censored,HGA_2022-11
2022-11-05,河北秦皇岛国家地质公园,HGA,,,False,left_censored,HGA_2022-11
2022-11-05,秦皇植物园,HGA,,,False,left_censored,HGA_2022-11
2022-11-05,孟姜女庙景区,SHG,0.1,45.0,True,density,SHG_2022-11
2022-11-05,山海关欢乐海洋公园,SHG,,,False,left_censored,SHG_2022-11
2022-11-05,山海关风景区,SHG,,,False,left_censored,SHG_2022-11
2022-11-05,山海关风景区-天下第一关景区,SHG,,,False,left_censored,SHG_2022-11
2022-11-05,老龙头景区,SHG,,,False,left_censored,SHG_2022-11
2022-11-05,角山景区,SHG,,,False,left_censored,SHG_2022-11
2022-11-05,黄金海岸风景区,其他_昌黎,,,False,left_censored,其他_昌黎_2022-11
2022-11-06,北戴河碧螺塔海上酒吧公园,BDH,,,False,left_censored,BDH_2022-11
2022-11-06,北戴河集发农业专业合作社,BDH,,,False,left_censored,BDH_2022-11
2022-11-06,奥林匹克公园,BDH,,,False,left_censored,BDH_2022-11
2022-11-06,平水桥公园,BDH,,,False,left_censored,BDH_2022-11
2022-11-06,戴河生态园,BDH,,,False,left_censored,BDH_2022-11
2022-11-06,秦皇岛野生动物园,BDH,,,False,left_censored,BDH_2022-11
2022-11-06,老虎石海上公园,BDH,,,False,left_censored,BDH_2022-11
2022-11-06,鸽子窝公园,BDH,,,False,left_censored,BDH_2022-11
2022-11-06,新澳海底世界,HGA,,,False,left_censored,HGA_2022-11
2022-11-06,河北秦皇岛国家地质公园,HGA,,,False,left_censored,HGA_2022-11
2022-11-06,秦皇植物园,HGA,,,False,left_censored,HGA_2022-11
2022-11-06,孟姜女庙景区,SHG,0.1,31.0,True,density,SHG_2022-11
2022-11-06,山海关欢乐海洋公园,SHG,,,False,left_censored,SHG_2022-11
2022-11-06,山海关风景区,SHG,,,False,left_censored,SHG_2022-11
2022-11-06,山海关风景区-天下第一关景区,SHG,,,False,left_censored,SHG_2022-11
2022-11-06,老龙头景区,SHG,,,False,left_censored,SHG_2022-11
2022-11-06,角山景区,SHG,,,False,left_censored,SHG_2022-11
2022-11-06,黄金海岸风景区,其他_昌黎,,,False,left_censored,其他_昌黎_2022-11
2022-11-07,北戴河碧螺塔海上酒吧公园,BDH,,,False,left_censored,BDH_2022-11
2022-11-07,北戴河集发农业专业合作社,BDH,,,False,left_censored,BDH_2022-11
2022-11-07,奥林匹克公园,BDH,,,False,left_censored,BDH_2022-11
2022-11-07,平水桥公园,BDH,,,False,left_censored,BDH_2022-11
2022-11-07,戴河生态园,BDH,,,False,left_censored,BDH_2022-11
2022-11-07,秦皇岛野生动物园,BDH,,,False,left_censored,BDH_2022-11
2022-11-07,老虎石海上公园,BDH,,,False,left_censored,BDH_2022-11
2022-11-07,鸽子窝公园,BDH,,,False,left_censored,BDH_2022-11
2022-11-07,新澳海底世界,HGA,,,False,left_censored,HGA_2022-11
2022-11-07,河北秦皇岛国家地质公园,HGA,,,False,left_censored,HGA_2022-11
2022-11-07,秦皇植物园,HGA,,,False,left_censored,HGA_2022-11
2022-11-07,孟姜女庙景区,SHG,0.09,10.0,True,density,SHG_2022-11
2022-11-07,山海关欢乐海洋公园,SHG,,,False,left_censored,SHG_2022-11
2022-11-07,山海关风景区,SHG,,,False,left_censored,SHG_2022-11
2022-11-07,山海关风景区-天下第一关景区,SHG,,,False,left_censored,SHG_2022-11
2022-11-07,老龙头景区,SHG,,,False,left_censored,SHG_2022-11
2022-11-07,角山景区,SHG,,,False,left_censored,SHG_2022-11
2022-11-07,黄金海岸风景区,其他_昌黎,,,False,left_censored,其他_昌黎_2022-11
2022-11-08,北戴河碧螺塔海上酒吧公园,BDH,,,False,left_censored,BDH_2022-11
2022-11-08,北戴河集发农业专业合作社,BDH,,,False,left_censored,BDH_2022-11
2022-11-08,奥林匹克公园,BDH,,,False,left_censored,BDH_2022-11
2022-11-08,平水桥公园,BDH,,,False,left_censored,BDH_2022-11
2022-11-08,戴河生态园,BDH,,,False,left_censored,BDH_2022-11
2022-11-08,秦皇岛野生动物园,BDH,,,False,left_censored,BDH_2022-11
2022-11-08,老虎石海上公园,BDH,,,False,left_censored,BDH_2022-11
2022-11-08,鸽子窝公园,BDH,,,False,left_censored,BDH_2022-11
2022-11-08,新澳海底世界,HGA,,,False,left_censored,HGA_2022-11
2022-11-08,河北秦皇岛国家地质公园,HGA,,,False,left_censored,HGA_2022-11
2022-11-08,秦皇植物园,HGA,,,False,left_censored,HGA_2022-11
2022-11-08,孟姜女庙景区,SHG,0.09,29.0,True,density,SHG_2022-11
2022-11-08,山海关欢乐海洋公园,SHG,,,False,left_censored,SHG_2022-11
2022-11-08,山海关风景区,SHG,,,False,left_censored,SHG_2022-11
2022-11-08,山海关风景区-天下第一关景区,SHG,,,False,left_censored,SHG_2022-11
2022-11-08,老龙头景区,SHG,,,False,left_censored,SHG_2022-11
2022-11-08,角山景区,SHG,,,False,left_censored,SHG_2022-11
2022-11-08,黄金海岸风景区,其他_昌黎,,,False,left_censored,其他_昌黎_2022-11
2022-11-09,北戴河碧螺塔海上酒吧公园,BDH,,,False,left_censored,BDH_2022-11
2022-11-09,北戴河集发农业专业合作社,BDH,,,False,left_censored,BDH_2022-11
2022-11-09,奥林匹克公园,BDH,,,False,left_censored,BDH_2022-11
2022-11-09,平水桥公园,BDH,,,False,left_censored,BDH_2022-11
2022-11-09,戴河生态园,BDH,,,False,left_censored,BDH_2022-11
2022-11-09,秦皇岛野生动物园,BDH,,,False,left_censored,BDH_2022-11
2022-11-09,老虎石海上公园,BDH,,,False,left_censored,BDH_2022-11
2022-11-09,鸽子窝公园,BDH,,,False,left_censored,BDH_2022-11
2022-11-09,新澳海底世界,HGA,,,False,left_censored,HGA_2022-11
2022-11-09,河北秦皇岛国家地质公园,HGA,,,False,left_censored,HGA_2022-11
2022-11-09,秦皇植物园,HGA,,,False,left_censored,HGA_2022-11
2022-11-09,孟姜女庙景区,SHG,0.1,11.0,True,density,SHG_2022-11
2022-11-09,山海关欢乐海洋公园,SHG,,,False,left_censored,SHG_2022-11
2022-11-09,山海关风景区,SHG,,,False,left_censored,SHG_2022-11
2022-11-09,山海关风景区-天下第一关景区,SHG,,,False,left_censored,SHG_2022-11
2022-11-09,老龙头景区,SHG,,,False,left_censored,SHG_2022-11
2022-11-09,角山景区,SHG,,,False,left_censored,SHG_2022-11
2022-11-09,黄金海岸风景区,其他_昌黎,,,False,left_censored,其他_昌黎_2022-11
2022-11-10,北戴河碧螺塔海上酒吧公园,BDH,,,False,left_censored,BDH_2022-11
2022-11-10,北戴河集发农业专业合作社,BDH,,,False,left_censored,BDH_2022-11
2022-11-10,奥林匹克公园,BDH,,,False,left_censored,BDH_2022-11
2022-11-10,平水桥公园,BDH,,,False,left_censored,BDH_2022-11
2022-11-10,戴河生态园,BDH,0.41,14.0,True,density,BDH_2022-11
2022-11-10,秦皇岛野生动物园,BDH,,,False,left_censored,BDH_2022-11
2022-11-10,老虎石海上公园,BDH,,,False,left_censored,BDH_2022-11
2022-11-10,鸽子窝公园,BDH,,,False,left_censored,BDH_2022-11
2022-11-10,新澳海底世界,HGA,,,False,left_censored,HGA_2022-11
2022-11-10,河北秦皇岛国家地质公园,HGA,8.67,19.0,True,density,HGA_2022-11
2022-11-10,秦皇植物园,HGA,,,False,left_censored,HGA_2022-11
2022-11-10,孟姜女庙景区,SHG,0.1,5.0,True,density,SHG_2022-11
2022-11-10,山海关欢乐海洋公园,SHG,,,False,left_censored,SHG_2022-11
2022-11-10,山海关风景区,SHG,,,False,left_censored,SHG_2022-11
2022-11-10,山海关风景区-天下第一关景区,SHG,,,False,left_censored,SHG_2022-11
2022-11-10,老龙头景区,SHG,,,False,left_censored,SHG_2022-11
2022-11-10,角山景区,SHG,0.24,6.0,True,density,SHG_2022-11
2022-11-10,黄金海岸风景区,其他_昌黎,,,False,left_censored,其他_昌黎_2022-11
2022-11-14,北戴河碧螺塔海上酒吧公园,BDH,,,False,left_censored,BDH_2022-11
2022-11-14,北戴河集发农业专业合作社,BDH,,,False,left_censored,BDH_2022-11
2022-11-14,奥林匹克公园,BDH,,,False,left_censored,BDH_2022-11
2022-11-14,平水桥公园,BDH,,,False,left_censored,BDH_2022-11
2022-11-14,戴河生态园,BDH,,,False,left_censored,BDH_2022-11
2022-11-14,秦皇岛野生动物园,BDH,,,False,left_censored,BDH_2022-11
2022-11-14,老虎石海上公园,BDH,,,False,left_censored,BDH_2022-11
2022-11-14,鸽子窝公园,BDH,,,False,left_censored,BDH_2022-11
2022-11-14,新澳海底世界,HGA,,,False,left_censored,HGA_2022-11
2022-11-14,河北秦皇岛国家地质公园,HGA,,,False,left_censored,HGA_2022-11
2022-11-14,秦皇植物园,HGA,,,False,left_censored,HGA_2022-11
2022-11-14,孟姜女庙景区,SHG,0.08,1.0,True,density,SHG_2022-11
2022-11-14,山海关欢乐海洋公园,SHG,,,False,left_censored,SHG_2022-11
2022-11-14,山海关风景区,SHG,,,False,left_censored,SHG_2022-11
2022-11-14,山海关风景区-天下第一关景区,SHG,0.19,40.0,True,density,SHG_2022-11
2022-11-14,老龙头景区,SHG,,,False,left_censored,SHG_2022-11
2022-11-14,角山景区,SHG,0.27,2.0,True,density,SHG_2022-11
2022-11-14,黄金海岸风景区,其他_昌黎,,,False,left_censored,其他_昌黎_2022-11
2022-11-15,北戴河碧螺塔海上酒吧公园,BDH,,,False,left_censored,BDH_2022-11
2022-11-15,北戴河集发农业专业合作社,BDH,,,False,left_censored,BDH_2022-11
2022-11-15,奥林匹克公园,BDH,,,False,left_censored,BDH_2022-11
2022-11-15,平水桥公园,BDH,,,False,left_censored,BDH_2022-11
2022-11-15,戴河生态园,BDH,,,False,left_censored,BDH_2022-11
2022-11-15,秦皇岛野生动物园,BDH,,,False,left_censored,BDH_2022-11
2022-11-15,老虎石海上公园,BDH,,,False,left_censored,BDH_2022-11
2022-11-15,鸽子窝公园,BDH,,,False,left_censored,BDH_2022-11
2022-11-15,新澳海底世界,HGA,,,False,left_censored,HGA_2022-11
2022-11-15,河北秦皇岛国家地质公园,HGA,,,False,left_censored,HGA_2022-11
2022-11-15,秦皇植物园,HGA,,,False,left_censored,HGA_2022-11
2022-11-15,孟姜女庙景区,SHG,0.08,2.0,True,density,SHG_2022-11
2022-11-15,山海关欢乐海洋公园,SHG,,,False,left_censored,SHG_2022-11
2022-11-15,山海关风景区,SHG,,,False,left_censored,SHG_2022-11
2022-11-15,山海关风景区-天下第一关景区,SHG,,,False,left_censored,SHG_2022-11
2022-11-15,老龙头景区,SHG,,,False,left_censored,SHG_2022-11
2022-11-15,角山景区,SHG,,,False,left_censored,SHG_2022-11
2022-11-15,黄金海岸风景区,其他_昌黎,,,False,left_censored,其他_昌黎_2022-11
2022-11-16,北戴河碧螺塔海上酒吧公园,BDH,,,False,left_censored,BDH_2022-11
2022-11-16,北戴河集发农业专业合作社,BDH,,,False,left_censored,BDH_2022-11
2022-11-16,奥林匹克公园,BDH,,,False,left_censored,BDH_2022-11
2022-11-16,平水桥公园,BDH,,,False,left_censored,BDH_2022-11
2022-11-16,戴河生态园,BDH,,,False,left_censored,BDH_2022-11
2022-11-16,秦皇岛野生动物园,BDH,,,False,left_censored,BDH_2022-11
2022-11-16,老虎石海上公园,BDH,,,False,left_censored,BDH_2022-11
2022-11-16,鸽子窝公园,BDH,,,False,left_censored,BDH_2022-11
2022-11-16,新澳海底世界,HGA,,,False,left_censored,HGA_2022-11
2022-11-16,河北秦皇岛国家地质公园,HGA,8.06,5.0,True,density,HGA_2022-11
2022-11-16,秦皇植物园,HGA,,,False,left_censored,HGA_2022-11
2022-11-16,孟姜女庙景区,SHG,0.09,2.0,True,density,SHG_2022-11
2022-11-16,山海关欢乐海洋公园,SHG,,,False,left_censored,SHG_2022-11
2022-11-16,山海关风景区,SHG,,,False,left_censored,SHG_2022-11
2022-11-16,山海关风景区-天下第一关景区,SHG,0.2,3.0,True,density,SHG_2022-11
2022-11-16,老龙头景区,SHG,,,False,left_censored,SHG_2022-11
2022-11-16,角山景区,SHG,0.3,1.0,True,density,SHG_2022-11
2022-11-16,黄金海岸风景区,其他_昌黎,,,False,left_censored,其他_昌黎_2022-11
2022-11-18,北戴河碧螺塔海上酒吧公园,BDH,,,False,left_censored,BDH_2022-11
2022-11-18,北戴河集发农业专业合作社,BDH,,,False,left_censored,BDH_2022-11
2022-11-18,奥林匹克公园,BDH,,,False,left_censored,BDH_2022-11
2022-11-18,平水桥公园,BDH,,,False,left_censored,BDH_2022-11
2022-11-18,戴河生态园,BDH,,,False,left_censored,BDH_2022-11
2022-11-18,秦皇岛野生动物园,BDH,,,False,left_censored,BDH_2022-11
2022-11-18,老虎石海上公园,BDH,,,False,left_censored,BDH_2022-11
2022-11-18,鸽子窝公园,BDH,,,False,left_censored,BDH_2022-11
2022-11-18,新澳海底世界,HGA,,,False,left_censored,HGA_2022-11
2022-11-18,河北秦皇岛国家地质公园,HGA,,,False,left_censored,HGA_2022-11
2022-11-18,秦皇植物园,HGA,,,False,left_censored,HGA_2022-11
2022-11-18,孟姜女庙景区,SHG,0.08,4.0,True,density,SHG_2022-11
2022-11-18,山海关欢乐海洋公园,SHG,,,False,left_censored,SHG_2022-11
2022-11-18,山海关风景区,SHG,,,False,left_censored,SHG_2022-11
2022-11-18,山海关风景区-天下第一关景区,SHG,0.2,7.0,True,density,SHG_2022-11
2022-11-18,老龙头景区,SHG,,,False,left_censored,SHG_2022-11
2022-11-18,角山景区,SHG,0.32,1.0,True,density,SHG_2022-11
2022-11-18,黄金海岸风景区,其他_昌黎,,,False,left_censored,其他_昌黎_2022-11
2022-11-20,北戴河碧螺塔海上酒吧公园,BDH,,,False,left_censored,BDH_2022-11
2022-11-20,北戴河集发农业专业合作社,BDH,,,False,left_censored,BDH_2022-11
2022-11-20,奥林匹克公园,BDH,,,False,left_censored,BDH_2022-11
2022-11-20,平水桥公园,BDH,,,False,left_censored,BDH_2022-11
2022-11-20,戴河生态园,BDH,,,False,left_censored,BDH_2022-11
2022-11-20,秦皇岛野生动物园,BDH,,,False,left_censored,BDH_2022-11
2022-11-20,老虎石海上公园,BDH,,,False,left_censored,BDH_2022-11
2022-11-20,鸽子窝公园,BDH,,,False,left_censored,BDH_2022-11
2022-11-20,新澳海底世界,HGA,,,False,left_censored,HGA_2022-11
2022-11-20,河北秦皇岛国家地质公园,HGA,,,False,left_censored,HGA_2022-11
2022-11-20,秦皇植物园,HGA,,,False,left_censored,HGA_2022-11
2022-11-20,孟姜女庙景区,SHG,0.1,5.0,True,density,SHG_2022-11
2022-11-20,山海关欢乐海洋公园,SHG,,,False,left_censored,SHG_2022-11
2022-11-20,山海关风景区,SHG,,,False,left_censored,SHG_2022-11
2022-11-20,山海关风景区-天下第一关景区,SHG,0.17,18.0,True,density,SHG_2022-11
2022-11-20,老龙头景区,SHG,,,False,left_censored,SHG_2022-11
2022-11-20,角山景区,SHG,0.29,4.0,True,density,SHG_2022-11
2022-11-20,黄金海岸风景区,其他_昌黎,,,False,left_censored,其他_昌黎_2022-11
2022-11-21,北戴河碧螺塔海上酒吧公园,BDH,,,False,left_censored,BDH_2022-11
2022-11-21,北戴河集发农业专业合作社,BDH,,,False,left_censored,BDH_2022-11
2022-11-21,奥林匹克公园,BDH,,,False,left_censored,BDH_2022-11
2022-11-21,平水桥公园,BDH,,,False,left_censored,BDH_2022-11
2022-11-21,戴河生态园,BDH,,,False,left_censored,BDH_2022-11
2022-11-21,秦皇岛野生动物园,BDH,,,False,left_censored,BDH_2022-11
2022-11-21,老虎石海上公园,BDH,,,False,left_censored,BDH_2022-11
2022-11-21,鸽子窝公园,BDH,,,False,left_censored,BDH_2022-11
2022-11-21,新澳海底世界,HGA,,,False,left_censored,HGA_2022-11
2022-11-21,河北秦皇岛国家地质公园,HGA,,,False,left_censored,HGA_2022-11
2022-11-21,秦皇植物园,HGA,,,False,left_censored,HGA_2022-11
2022-11-21,孟姜女庙景区,SHG,0.1,5.0,True,density,SHG_2022-11
2022-11-21,山海关欢乐海洋公园,SHG,,,False,left_censored,SHG_2022-11
2022-11-21,山海关风景区,SHG,,,False,left_censored,SHG_2022-11
2022-11-21,山海关风景区-天下第一关景区,SHG,0.2,81.0,True,density,SHG_2022-11
2022-11-21,老龙头景区,SHG,,,False,left_censored,SHG_2022-11
2022-11-21,角山景区,SHG,0.29,3.0,True,density,SHG_2022-11
2022-11-21,黄金海岸风景区,其他_昌黎,,,False,left_censored,其他_昌黎_2022-11
2022-11-22,北戴河碧螺塔海上酒吧公园,BDH,,,False,left_censored,BDH_2022-11
2022-11-22,北戴河集发农业专业合作社,BDH,,,False,left_censored,BDH_2022-11
2022-11-22,奥林匹克公园,BDH,,,False,left_censored,BDH_2022-11
2022-11-22,平水桥公园,BDH,,,False,left_censored,BDH_2022-11
2022-11-22,戴河生态园,BDH,,,False,left_censored,BDH_2022-11
2022-11-22,秦皇岛野生动物园,BDH,,,False,left_censored,BDH_2022-11
2022-11-22,老虎石海上公园,BDH,,,False,left_censored,BDH_2022-11
2022-11-22,鸽子窝公园,BDH,,,False,left_censored,BDH_2022-11
2022-11-22,新澳海底世界,HGA,,,False,left_censored,HGA_2022-11
2022-11-22,河北秦皇岛国家地质公园,HGA,,,False,left_censored,HGA_2022-11
2022-11-22,秦皇植物园,HGA,,,False,left_censored,HGA_2022-11
2022-11-22,孟姜女庙景区,SHG,0.09,17.0,True,density,SHG_2022-11
2022-11-22,山海关欢乐海洋公园,SHG,,,False,left_censored,SHG_2022-11
2022-11-22,山海关风景区,SHG,,,False,left_censored,SHG_2022-11
2022-11-22,山海关风景区-天下第一关景区,SHG,,,False,left_censored,SHG_2022-11
2022-11-22,老龙头景区,SHG,,,False,left_censored,SHG_2022-11
2022-11-22,角山景区,SHG,,,False,left_censored,SHG_2022-11
2022-11-22,黄金海岸风景区,其他_昌黎,,,False,left_censored,其他_昌黎_2022-11
2022-11-24,北戴河碧螺塔海上酒吧公园,BDH,,,False,left_censored,BDH_2022-11
2022-11-24,北戴河集发农业专业合作社,BDH,,,False,left_censored,BDH_2022-11
2022-11-24,奥林匹克公园,BDH,,,False,left_censored,BDH_2022-11
2022-11-24,平水桥公园,BDH,,,False,left_censored,BDH_2022-11
2022-11-24,戴河生态园,BDH,,,False,left_censored,BDH_2022-11
2022-11-24,秦皇岛野生动物园,BDH,,,False,left_censored,BDH_2022-11
2022-11-24,老虎石海上公园,BDH,,,False,left_censored,BDH_2022-11
2022-11-24,鸽子窝公园,BDH,,,False,left_censored,BDH_2022-11
2022-11-24,新澳海底世界,HGA,,,False,left_censored,HGA_2022-11
2022-11-24,河北秦皇岛国家地质公园,HGA,,,False,left_censored,HGA_2022-11
2022-11-24,秦皇植物园,HGA,,,False,left_censored,HGA_2022-11
2022-11-24,孟姜女庙景区,SHG,0.1,16.0,True,density,SHG_2022-11
2022-11-24,山海关欢乐海洋公园,SHG,,,False,left_censored,SHG_2022-11
2022-11-24,山海关风景区,SHG,,,False,left_censored,SHG_2022-11
2022-11-24,山海关风景区-天下第一关景区,SHG,,,False,left_censored,SHG_2022-11
2022-11-24,老龙头景区,SHG,,,False,left_censored,SHG_2022-11
2022-11-24,角山景区,SHG,,,False,left_censored,SHG_2022-11
2022-11-24,黄金海岸风景区,其他_昌黎,,,False,left_censored,其他_昌黎_2022-11
2022-11-25,北戴河碧螺塔海上酒吧公园,BDH,,,False,left_censored,BDH_2022-11
2022-11-25,北戴河集发农业专业合作社,BDH,,,False,left_censored,BDH_2022-11
2022-11-25,奥林匹克公园,BDH,,,False,left_censored,BDH_2022-11
2022-11-25,平水桥公园,BDH,,,False,left_censored,BDH_2022-11
2022-11-25,戴河生态园,BDH,,,False,left_censored,BDH_2022-11
2022-11-25,秦皇岛野生动物园,BDH,,,False,left_censored,BDH_2022-11
2022-11-25,老虎石海上公园,BDH,,,False,left_censored,BDH_2022-11
2022-11-25,鸽子窝公园,BDH,,,False,left_censored,BDH_2022-11
2022-11-25,新澳海底世界,HGA,,,False,left_censored,HGA_2022-11
2022-11-25,河北秦皇岛国家地质公园,HGA,8.15,62.0,True,density,HGA_2022-11
2022-11-25,秦皇植物园,HGA,,,False,left_censored,HGA_2022-11
2022-11-25,孟姜女庙景区,SHG,0.12,3.0,True,density,SHG_2022-11
2022-11-25,山海关欢乐海洋公园,SHG,,,False,left_censored,SHG_2022-11
2022-11-25,山海关风景区,SHG,,,False,left_censored,SHG_2022-11
2022-11-25,山海关风景区-天下第一关景区,SHG,0.09,6.0,True,density,SHG_2022-11
2022-11-25,老龙头景区,SHG,,,False,left_censored,SHG_2022-11
2022-11-25,角山景区,SHG,0.29,2.0,True,density,SHG_2022-11
2022-11-25,黄金海岸风景区,其他_昌黎,,,False,left_censored,其他_昌黎_2022-11
2022-11-27,北戴河碧螺塔海上酒吧公园,BDH,,,False,left_censored,BDH_2022-11
2022-11-27,北戴河集发农业专业合作社,BDH,,,False,left_censored,BDH_2022-11
2022-11-27,奥林匹克公园,BDH,,,False,left_censored,BDH_2022-11
2022-11-27,平水桥公园,BDH,,,False,left_censored,BDH_2022-11
2022-11-27,戴河生态园,BDH,,,False,left_censored,BDH_2022-11
2022-11-27,秦皇岛野生动物园,BDH,,,False,left_censored,BDH_2022-11
2022-11-27,老虎石海上公园,BDH,,,False,left_censored,BDH_2022-11
2022-11-27,鸽子窝公园,BDH,,,False,left_censored,BDH_2022-11
2022-11-27,新澳海底世界,HGA,,,False,left_censored,HGA_2022-11
2022-11-27,河北秦皇岛国家地质公园,HGA,,,False,left_censored,HGA_2022-11
2022-11-27,秦皇植物园,HGA,,,False,left_censored,HGA_2022-11
2022-11-27,孟姜女庙景区,SHG,0.1,24.0,True,density,SHG_2022-11
2022-11-27,山海关欢乐海洋公园,SHG,,,False,left_censored,SHG_2022-11
2022-11-27,山海关风景区,SHG,,,False,left_censored,SHG_2022-11
2022-11-27,山海关风景区-天下第一关景区,SHG,,,False,left_censored,SHG_2022-11
2022-11-27,老龙头景区,SHG,,,False,left_censored,SHG_2022-11
2022-11-27,角山景区,SHG,,,False,left_censored,SHG_2022-11
2022-11-27,黄金海岸风景区,其他_昌黎,,,False,left_censored,其他_昌黎_2022-11
2022-11-29,北戴河碧螺塔海上酒吧公园,BDH,,,False,left_censored,BDH_2022-11
2022-11-29,北戴河集发农业专业合作社,BDH,,,False,left_censored,BDH_2022-11
2022-11-29,奥林匹克公园,BDH,,,False,left_censored,BDH_2022-11
2022-11-29,平水桥公园,BDH,,,False,left_censored,BDH_2022-11
2022-11-29,戴河生态园,BDH,,,False,left_censored,BDH_2022-11
2022-11-29,秦皇岛野生动物园,BDH,,,False,left_censored,BDH_2022-11
2022-11-29,老虎石海上公园,BDH,,,False,left_censored,BDH_2022-11
2022-11-29,鸽子窝公园,BDH,,,False,left_censored,BDH_2022-11
2022-11-29,新澳海底世界,HGA,,,False,left_censored,HGA_2022-11
2022-11-29,河北秦皇岛国家地质公园,HGA,,,False,left_censored,HGA_2022-11
2022-11-29,秦皇植物园,HGA,,,False,left_censored,HGA_2022-11
2022-11-29,孟姜女庙景区,SHG,0.1,38.0,True,density,SHG_2022-11
2022-11-29,山海关欢乐海洋公园,SHG,,,False,left_censored,SHG_2022-11
2022-11-29,山海关风景区,SHG,,,False,left_censored,SHG_2022-11
2022-11-29,山海关风景区-天下第一关景区,SHG,,,False,left_censored,SHG_2022-11
2022-11-29,老龙头景区,SHG,,,False,left_censored,SHG_2022-11
2022-11-29,角山景区,SHG,,,False,left_censored,SHG_2022-11
2022-11-29,黄金海岸风景区,其他_昌黎,,,False,left_censored,其他_昌黎_2022-11
2022-11-30,北戴河碧螺塔海上酒吧公园,BDH,,,False,left_censored,BDH_2022-11
2022-11-30,北戴河集发农业专业合作社,BDH,,,False,left_censored,BDH_2022-11
2022-11-30,奥林匹克公园,BDH,,,False,left_censored,BDH_2022-11
2022-11-30,平水桥公园,BDH,,,False,left_censored,BDH_2022-11
2022-11-30,戴河生态园,BDH,,,False,left_censored,BDH_2022-11
2022-11-30,秦皇岛野生动物园,BDH,,,False,left_censored,BDH_2022-11
2022-11-30,老虎石海上公园,BDH,,,False,left_censored,BDH_2022-11
2022-11-30,鸽子窝公园,BDH,,,False,left_censored,BDH_2022-11
2022-11-30,新澳海底世界,HGA,,,False,left_censored,HGA_2022-11
2022-11-30,河北秦皇岛国家地质公园,HGA,,,False,left_censored,HGA_2022-11
2022-11-30,秦皇植物园,HGA,,,False,left_censored,HGA_2022-11
2022-11-30,孟姜女庙景区,SHG,0.1,42.0,True,density,SHG_2022-11
2022-11-30,山海关欢乐海洋公园,SHG,,,False,left_censored,SHG_2022-11
2022-11-30,山海关风景区,SHG,,,False,left_censored,SHG_2022-11
2022-11-30,山海关风景区-天下第一关景区,SHG,,,False,left_censored,SHG_2022-11
2022-11-30,老龙头景区,SHG,,,False,left_censored,SHG_2022-11
2022-11-30,角山景区,SHG,,,False,left_censored,SHG_2022-11
2022-11-30,黄金海岸风景区,其他_昌黎,,,False,left_censored,其他_昌黎_2022-11
2022-12-01,北戴河碧螺塔海上酒吧公园,BDH,,,False,left_censored,BDH_2022-12
2022-12-01,北戴河集发农业专业合作社,BDH,,,False,left_censored,BDH_2022-12
2022-12-01,奥林匹克公园,BDH,,,False,left_censored,BDH_2022-12
2022-12-01,平水桥公园,BDH,,,False,left_censored,BDH_2022-12
2022-12-01,戴河生态园,BDH,,,False,left_censored,BDH_2022-12
2022-12-01,秦皇岛野生动物园,BDH,,,False,left_censored,BDH_2022-12
2022-12-01,老虎石海上公园,BDH,,,False,left_censored,BDH_2022-12
2022-12-01,鸽子窝公园,BDH,,,False,left_censored,BDH_2022-12
2022-12-01,新澳海底世界,HGA,,,False,left_censored,HGA_2022-12
2022-12-01,河北秦皇岛国家地质公园,HGA,,,False,left_censored,HGA_2022-12
2022-12-01,秦皇植物园,HGA,,,False,left_censored,HGA_2022-12
2022-12-01,孟姜女庙景区,SHG,0.1,53.0,True,density,SHG_2022-12
2022-12-01,山海关欢乐海洋公园,SHG,,,False,left_censored,SHG_2022-12
2022-12-01,山海关风景区,SHG,,,False,left_censored,SHG_2022-12
2022-12-01,山海关风景区-天下第一关景区,SHG,,,False,left_censored,SHG_2022-12
2022-12-01,老龙头景区,SHG,,,False,left_censored,SHG_2022-12
2022-12-01,角山景区,SHG,,,False,left_censored,SHG_2022-12
2022-12-01,黄金海岸风景区,其他_昌黎,,,False,left_censored,其他_昌黎_2022-12
2022-12-03,北戴河碧螺塔海上酒吧公园,BDH,,,False,left_censored,BDH_2022-12
2022-12-03,北戴河集发农业专业合作社,BDH,,,False,left_censored,BDH_2022-12
2022-12-03,奥林匹克公园,BDH,,,False,left_censored,BDH_2022-12
2022-12-03,平水桥公园,BDH,,,False,left_censored,BDH_2022-12
2022-12-03,戴河生态园,BDH,,,False,left_censored,BDH_2022-12
2022-12-03,秦皇岛野生动物园,BDH,,,False,left_censored,BDH_2022-12
2022-12-03,老虎石海上公园,BDH,,,False,left_censored,BDH_2022-12
2022-12-03,鸽子窝公园,BDH,,,False,left_censored,BDH_2022-12
2022-12-03,新澳海底世界,HGA,,,False,left_censored,HGA_2022-12
2022-12-03,河北秦皇岛国家地质公园,HGA,,,False,left_censored,HGA_2022-12
2022-12-03,秦皇植物园,HGA,,,False,left_censored,HGA_2022-12
2022-12-03,孟姜女庙景区,SHG,0.09,54.0,True,density,SHG_2022-12
2022-12-03,山海关欢乐海洋公园,SHG,,,False,left_censored,SHG_2022-12
2022-12-03,山海关风景区,SHG,,,False,left_censored,SHG_2022-12
2022-12-03,山海关风景区-天下第一关景区,SHG,,,False,left_censored,SHG_2022-12
2022-12-03,老龙头景区,SHG,,,False,left_censored,SHG_2022-12
2022-12-03,角山景区,SHG,,,False,left_censored,SHG_2022-12
2022-12-03,黄金海岸风景区,其他_昌黎,,,False,left_censored,其他_昌黎_2022-12
2022-12-04,北戴河碧螺塔海上酒吧公园,BDH,,,False,left_censored,BDH_2022-12
2022-12-04,北戴河集发农业专业合作社,BDH,,,False,left_censored,BDH_2022-12
2022-12-04,奥林匹克公园,BDH,,,False,left_censored,BDH_2022-12
2022-12-04,平水桥公园,BDH,,,False,left_censored,BDH_2022-12
2022-12-04,戴河生态园,BDH,,,False,left_censored,BDH_2022-12
2022-12-04,秦皇岛野生动物园,BDH,,,False,left_censored,BDH_2022-12
2022-12-04,老虎石海上公园,BDH,,,False,left_censored,BDH_2022-12
2022-12-04,鸽子窝公园,BDH,,,False,left_censored,BDH_2022-12
2022-12-04,新澳海底世界,HGA,,,False,left_censored,HGA_2022-12
2022-12-04,河北秦皇岛国家地质公园,HGA,,,False,left_censored,HGA_2022-12
2022-12-04,秦皇植物园,HGA,,,False,left_censored,HGA_2022-12
2022-12-04,孟姜女庙景区,SHG,0.09,59.0,True,density,SHG_2022-12
2022-12-04,山海关欢乐海洋公园,SHG,,,False,left_censored,SHG_2022-12
2022-12-04,山海关风景区,SHG,,,False,left_censored,SHG_2022-12
2022-12-04,山海关风景区-天下第一关景区,SHG,,,False,left_censored,SHG_2022-12
2022-12-04,老龙头景区,SHG,,,False,left_censored,SHG_2022-12
2022-12-04,角山景区,SHG,,,False,left_censored,SHG_2022-12
2022-12-04,黄金海岸风景区,其他_昌黎,,,False,left_censored,其他_昌黎_2022-12
2022-12-14,北戴河碧螺塔海上酒吧公园,BDH,,,False,left_censored,BDH_2022-12
2022-12-14,北戴河集发农业专业合作社,BDH,,,False,left_censored,BDH_2022-12
2022-12-14,奥林匹克公园,BDH,,,False,left_censored,BDH_2022-12
2022-12-14,平水桥公园,BDH,,,False,left_censored,BDH_2022-12
2022-12-14,戴河生态园,BDH,0.22,5.0,True,density,BDH_2022-12
2022-12-14,秦皇岛野生动物园,BDH,,,False,left_censored,BDH_2022-12
2022-12-14,老虎石海上公园,BDH,,,False,left_censored,BDH_2022-12
2022-12-14,鸽子窝公园,BDH,,,False,left_censored,BDH_2022-12
2022-12-14,新澳海底世界,HGA,,,False,left_censored,HGA_2022-12
2022-12-14,河北秦皇岛国家地质公园,HGA,,,False,left_censored,HGA_2022-12
2022-12-14,秦皇植物园,HGA,,,False,left_censored,HGA_2022-12
2022-12-14,孟姜女庙景区,SHG,,,False,left_censored,SHG_2022-12
2022-12-14,山海关欢乐海洋公园,SHG,,,False,left_censored,SHG_2022-12
2022-12-14,山海关风景区,SHG,,,False,left_censored,SHG_2022-12
2022-12-14,山海关风景区-天下第一关景区,SHG,,,False,left_censored,SHG_2022-12
2022-12-14,老龙头景区,SHG,,,False,left_censored,SHG_2022-12
2022-12-14,角山景区,SHG,,,False,left_censored,SHG_2022-12
2022-12-14,黄金海岸风景区,其他_昌黎,,,False,left_censored,其他_昌黎_2022-12
2023-01-05,北戴河碧螺塔海上酒吧公园,BDH,,,False,left_censored,BDH_2023-01
2023-01-05,北戴河集发农业专业合作社,BDH,,,False,left_censored,BDH_2023-01
2023-01-05,奥林匹克公园,BDH,,,False,left_censored,BDH_2023-01
2023-01-05,平水桥公园,BDH,,,False,left_censored,BDH_2023-01
2023-01-05,戴河生态园,BDH,0.22,56.0,True,density,BDH_2023-01
2023-01-05,秦皇岛野生动物园,BDH,,,False,left_censored,BDH_2023-01
2023-01-05,老虎石海上公园,BDH,,,False,left_censored,BDH_2023-01
2023-01-05,鸽子窝公园,BDH,,,False,left_censored,BDH_2023-01
2023-01-05,新澳海底世界,HGA,,,False,left_censored,HGA_2023-01
2023-01-05,河北秦皇岛国家地质公园,HGA,,,False,left_censored,HGA_2023-01
2023-01-05,秦皇植物园,HGA,,,False,left_censored,HGA_2023-01
2023-01-05,孟姜女庙景区,SHG,,,False,left_censored,SHG_2023-01
2023-01-05,山海关欢乐海洋公园,SHG,,,False,left_censored,SHG_2023-01
2023-01-05,山海关风景区,SHG,,,False,left_censored,SHG_2023-01
2023-01-05,山海关风景区-天下第一关景区,SHG,,,False,left_censored,SHG_2023-01
2023-01-05,老龙头景区,SHG,,,False,left_censored,SHG_2023-01
2023-01-05,角山景区,SHG,,,False,left_censored,SHG_2023-01
2023-01-05,黄金海岸风景区,其他_昌黎,,,False,left_censored,其他_昌黎_2023-01
2023-01-07,北戴河碧螺塔海上酒吧公园,BDH,,,False,left_censored,BDH_2023-01
2023-01-07,北戴河集发农业专业合作社,BDH,,,False,left_censored,BDH_2023-01
2023-01-07,奥林匹克公园,BDH,,,False,left_censored,BDH_2023-01
2023-01-07,平水桥公园,BDH,,,False,left_censored,BDH_2023-01
2023-01-07,戴河生态园,BDH,,,False,left_censored,BDH_2023-01
2023-01-07,秦皇岛野生动物园,BDH,,,False,left_censored,BDH_2023-01
2023-01-07,老虎石海上公园,BDH,,,False,left_censored,BDH_2023-01
2023-01-07,鸽子窝公园,BDH,,,False,left_censored,BDH_2023-01
2023-01-07,新澳海底世界,HGA,,,False,left_censored,HGA_2023-01
2023-01-07,河北秦皇岛国家地质公园,HGA,7.31,12.0,True,density,HGA_2023-01
2023-01-07,秦皇植物园,HGA,,,False,left_censored,HGA_2023-01
2023-01-07,孟姜女庙景区,SHG,0.14,2.0,True,density,SHG_2023-01
2023-01-07,山海关欢乐海洋公园,SHG,,,False,left_censored,SHG_2023-01
2023-01-07,山海关风景区,SHG,,,False,left_censored,SHG_2023-01
2023-01-07,山海关风景区-天下第一关景区,SHG,0.24,53.0,True,density,SHG_2023-01
2023-01-07,老龙头景区,SHG,,,False,left_censored,SHG_2023-01
2023-01-07,角山景区,SHG,0.2,1.0,True,density,SHG_2023-01
2023-01-07,黄金海岸风景区,其他_昌黎,,,False,left_censored,其他_昌黎_2023-01
2023-01-08,北戴河碧螺塔海上酒吧公园,BDH,,,False,left_censored,BDH_2023-01
2023-01-08,北戴河集发农业专业合作社,BDH,,,False,left_censored,BDH_2023-01
2023-01-08,奥林匹克公园,BDH,,,False,left_censored,BDH_2023-01
2023-01-08,平水桥公园,BDH,,,False,left_censored,BDH_2023-01
2023-01-08,戴河生态园,BDH,,,False,left_censored,BDH_2023-01
2023-01-08,秦皇岛野生动物园,BDH,,,False,left_censored,BDH_2023-01
2023-01-08,老虎石海上公园,BDH,,,False,left_censored,BDH_2023-01
2023-01-08,鸽子窝公园,BDH,,,False,left_censored,BDH_2023-01
2023-01-08,新澳海底世界,HGA,,,False,left_censored,HGA_2023-01
2023-01-08,河北秦皇岛国家地质公园,HGA,,,False,left_censored,HGA_2023-01
2023-01-08,秦皇植物园,HGA,,,False,left_censored,HGA_2023-01
2023-01-08,孟姜女庙景区,SHG,0.14,13.0,True,density,SHG_2023-01
2023-01-08,山海关欢乐海洋公园,SHG,,,False,left_censored,SHG_2023-01
2023-01-08,山海关风景区,SHG,,,False,left_censored,SHG_2023-01
2023-01-08,山海关风景区-天下第一关景区,SHG,,,False,left_censored,SHG_2023-01
2023-01-08,老龙头景区,SHG,,,False,left_censored,SHG_2023-01
2023-01-08,角山景区,SHG,0.17,4.0,True,density,SHG_2023-01
2023-01-08,黄金海岸风景区,其他_昌黎,,,False,left_censored,其他_昌黎_2023-01
2023-01-12,北戴河碧螺塔海上酒吧公园,BDH,,,False,left_censored,BDH_2023-01
2023-01-12,北戴河集发农业专业合作社,BDH,,,False,left_censored,BDH_2023-01
2023-01-12,奥林匹克公园,BDH,,,False,left_censored,BDH_2023-01
2023-01-12,平水桥公园,BDH,,,False,left_censored,BDH_2023-01
2023-01-12,戴河生态园,BDH,,,False,left_censored,BDH_2023-01
2023-01-12,秦皇岛野生动物园,BDH,,,False,left_censored,BDH_2023-01
2023-01-12,老虎石海上公园,BDH,,,False,left_censored,BDH_2023-01
2023-01-12,鸽子窝公园,BDH,,,False,left_censored,BDH_2023-01
2023-01-12,新澳海底世界,HGA,,,False,left_censored,HGA_2023-01
2023-01-12,河北秦皇岛国家地质公园,HGA,,,False,left_censored,HGA_2023-01
2023-01-12,秦皇植物园,HGA,,,False,left_censored,HGA_2023-01
2023-01-12,孟姜女庙景区,SHG,,,False,left_censored,SHG_2023-01
2023-01-12,山海关欢乐海洋公园,SHG,,,False,left_censored,SHG_2023-01
2023-01-12,山海关风景区,SHG,,,False,left_censored,SHG_2023-01
2023-01-12,山海关风景区-天下第一关景区,SHG,,,False,left_censored,SHG_2023-01
2023-01-12,老龙头景区,SHG,,,False,left_censored,SHG_2023-01
2023-01-12,角山景区,SHG,0.17,53.0,True,density,SHG_2023-01
2023-01-12,黄金海岸风景区,其他_昌黎,,,False,left_censored,其他_昌黎_2023-01
2023-02-10,北戴河碧螺塔海上酒吧公园,BDH,,,False,left_censored,BDH_2023-02
2023-02-10,北戴河集发农业专业合作社,BDH,,,False,left_censored,BDH_2023-02
2023-02-10,奥林匹克公园,BDH,,,False,left_censored,BDH_2023-02
2023-02-10,平水桥公园,BDH,,,False,left_censored,BDH_2023-02
2023-02-10,戴河生态园,BDH,,,False,left_censored,BDH_2023-02
2023-02-10,秦皇岛野生动物园,BDH,,,False,left_censored,BDH_2023-02
2023-02-10,老虎石海上公园,BDH,,,False,left_censored,BDH_2023-02
2023-02-10,鸽子窝公园,BDH,,,False,left_censored,BDH_2023-02
2023-02-10,新澳海底世界,HGA,,,False,left_censored,HGA_2023-02
2023-02-10,河北秦皇岛国家地质公园,HGA,,,False,left_censored,HGA_2023-02
2023-02-10,秦皇植物园,HGA,,,False,left_censored,HGA_2023-02
2023-02-10,孟姜女庙景区,SHG,0.12,31.0,True,density,SHG_2023-02
2023-02-10,山海关欢乐海洋公园,SHG,,,False,left_censored,SHG_2023-02
2023-02-10,山海关风景区,SHG,,,False,left_censored,SHG_2023-02
2023-02-10,山海关风景区-天下第一关景区,SHG,,,False,left_censored,SHG_2023-02
2023-02-10,老龙头景区,SHG,,,False,left_censored,SHG_2023-02
2023-02-10,角山景区,SHG,0.23,37.0,True,density,SHG_2023-02
2023-02-10,黄金海岸风景区,其他_昌黎,,,False,left_censored,其他_昌黎_2023-02
2023-02-20,北戴河碧螺塔海上酒吧公园,BDH,,,False,left_censored,BDH_2023-02
2023-02-20,北戴河集发农业专业合作社,BDH,,,False,left_censored,BDH_2023-02
2023-02-20,奥林匹克公园,BDH,,,False,left_censored,BDH_2023-02
2023-02-20,平水桥公园,BDH,,,False,left_censored,BDH_2023-02
2023-02-20,戴河生态园,BDH,,,False,left_censored,BDH_2023-02
2023-02-20,秦皇岛野生动物园,BDH,,,False,left_censored,BDH_2023-02
2023-02-20,老虎石海上公园,BDH,,,False,left_censored,BDH_2023-02
2023-02-20,鸽子窝公园,BDH,,,False,left_censored,BDH_2023-02
2023-02-20,新澳海底世界,HGA,,,False,left_censored,HGA_2023-02
2023-02-20,河北秦皇岛国家地质公园,HGA,,,False,left_censored,HGA_2023-02
2023-02-20,秦皇植物园,HGA,0.35,80.0,True,density,HGA_2023-02
2023-02-20,孟姜女庙景区,SHG,,,False,left_censored,SHG_2023-02
2023-02-20,山海关欢乐海洋公园,SHG,,,False,left_censored,SHG_2023-02
2023-02-20,山海关风景区,SHG,,,False,left_censored,SHG_2023-02
2023-02-20,山海关风景区-天下第一关景区,SHG,,,False,left_censored,SHG_2023-02
2023-02-20,老龙头景区,SHG,,,False,left_censored,SHG_2023-02
2023-02-20,角山景区,SHG,,,False,left_censored,SHG_2023-02
2023-02-20,黄金海岸风景区,其他_昌黎,,,False,left_censored,其他_昌黎_2023-02
2023-02-23,北戴河碧螺塔海上酒吧公园,BDH,,,False,left_censored,BDH_2023-02
2023-02-23,北戴河集发农业专业合作社,BDH,,,False,left_censored,BDH_2023-02
2023-02-23,奥林匹克公园,BDH,,,False,left_censored,BDH_2023-02
2023-02-23,平水桥公园,BDH,,,False,left_censored,BDH_2023-02
2023-02-23,戴河生态园,BDH,,,False,left_censored,BDH_2023-02
2023-02-23,秦皇岛野生动物园,BDH,,,False,left_censored,BDH_2023-02
2023-02-23,老虎石海上公园,BDH,,,False,left_censored,BDH_2023-02
2023-02-23,鸽子窝公园,BDH,,,False,left_censored,BDH_2023-02
2023-02-23,新澳海底世界,HGA,,,False,left_censored,HGA_2023-02
2023-02-23,河北秦皇岛国家地质公园,HGA,,,False,left_censored,HGA_2023-02
2023-02-23,秦皇植物园,HGA,,,False,left_censored,HGA_2023-02
2023-02-23,孟姜女庙景区,SHG,,,False,left_censored,SHG_2023-02
2023-02-23,山海关欢乐海洋公园,SHG,,,False,left_censored,SHG_2023-02
2023-02-23,山海关风景区,SHG,,,False,left_censored,SHG_2023-02
2023-02-23,山海关风景区-天下第一关景区,SHG,,,False,left_censored,SHG_2023-02
2023-02-23,老龙头景区,SHG,,,False,left_censored,SHG_2023-02
2023-02-23,角山景区,SHG,0.34,2.0,True,density,SHG_2023-02
2023-02-23,黄金海岸风景区,其他_昌黎,,,False,left_censored,其他_昌黎_2023-02
2023-02-26,北戴河碧螺塔海上酒吧公园,BDH,,,False,left_censored,BDH_2023-02
2023-02-26,北戴河集发农业专业合作社,BDH,,,False,left_censored,BDH_2023-02
2023-02-26,奥林匹克公园,BDH,,,False,left_censored,BDH_2023-02
2023-02-26,平水桥公园,BDH,,,False,left_censored,BDH_2023-02
2023-02-26,戴河生态园,BDH,,,False,left_censored,BDH_2023-02
2023-02-26,秦皇岛野生动物园,BDH,,,False,left_censored,BDH_2023-02
2023-02-26,老虎石海上公园,BDH,,,False,left_censored,BDH_2023-02
2023-02-26,鸽子窝公园,BDH,,,False,left_censored,BDH_2023-02
2023-02-26,新澳海底世界,HGA,,,False,left_censored,HGA_2023-02
2023-02-26,河北秦皇岛国家地质公园,HGA,7.62,11.0,True,density,HGA_2023-02
2023-02-26,秦皇植物园,HGA,,,False,left_censored,HGA_2023-02
2023-02-26,孟姜女庙景区,SHG,,,False,left_censored,SHG_2023-02
2023-02-26,山海关欢乐海洋公园,SHG,,,False,left_censored,SHG_2023-02
2023-02-26,山海关风景区,SHG,,,False,left_censored,SHG_2023-02
2023-02-26,山海关风景区-天下第一关景区,SHG,,,False,left_censored,SHG_2023-02
2023-02-26,老龙头景区,SHG,,,False,left_censored,SHG_2023-02
2023-02-26,角山景区,SHG,,,False,left_censored,SHG_2023-02
2023-02-26,黄金海岸风景区,其他_昌黎,,,False,left_censored,其他_昌黎_2023-02
2023-02-28,北戴河碧螺塔海上酒吧公园,BDH,,,False,left_censored,BDH_2023-02
2023-02-28,北戴河集发农业专业合作社,BDH,,,False,left_censored,BDH_2023-02
2023-02-28,奥林匹克公园,BDH,,,False,left_censored,BDH_2023-02
2023-02-28,平水桥公园,BDH,,,False,left_censored,BDH_2023-02
2023-02-28,戴河生态园,BDH,,,False,left_censored,BDH_2023-02
2023-02-28,秦皇岛野生动物园,BDH,,,False,left_censored,BDH_2023-02
2023-02-28,老虎石海上公园,BDH,,,False,left_censored,BDH_2023-02
2023-02-28,鸽子窝公园,BDH,,,False,left_censored,BDH_2023-02
2023-02-28,新澳海底世界,HGA,,,False,left_censored,HGA_2023-02
2023-02-28,河北秦皇岛国家地质公园,HGA,,,False,left_censored,HGA_2023-02
2023-02-28,秦皇植物园,HGA,,,False,left_censored,HGA_2023-02
2023-02-28,孟姜女庙景区,SHG,0.11,10.0,True,density,SHG_2023-02
2023-02-28,山海关欢乐海洋公园,SHG,,,False,left_censored,SHG_2023-02
2023-02-28,山海关风景区,SHG,,,False,left_censored,SHG_2023-02
2023-02-28,山海关风景区-天下第一关景区,SHG,,,False,left_censored,SHG_2023-02
2023-02-28,老龙头景区,SHG,,,False,left_censored,SHG_2023-02
2023-02-28,角山景区,SHG,,,False,left_censored,SHG_2023-02
2023-02-28,黄金海岸风景区,其他_昌黎,,,False,left_censored,其他_昌黎_2023-02
2023-03-01,北戴河碧螺塔海上酒吧公园,BDH,,,False,left_censored,BDH_2023-03
2023-03-01,北戴河集发农业专业合作社,BDH,,,False,left_censored,BDH_2023-03
2023-03-01,奥林匹克公园,BDH,,,False,left_censored,BDH_2023-03
2023-03-01,平水桥公园,BDH,,,False,left_censored,BDH_2023-03
2023-03-01,戴河生态园,BDH,,,False,left_censored,BDH_2023-03
2023-03-01,秦皇岛野生动物园,BDH,,,False,left_censored,BDH_2023-03
2023-03-01,老虎石海上公园,BDH,,,False,left_censored,BDH_2023-03
2023-03-01,鸽子窝公园,BDH,,,False,left_censored,BDH_2023-03
2023-03-01,新澳海底世界,HGA,,,False,left_censored,HGA_2023-03
2023-03-01,河北秦皇岛国家地质公园,HGA,,,False,left_censored,HGA_2023-03
2023-03-01,秦皇植物园,HGA,,,False,left_censored,HGA_2023-03
2023-03-01,孟姜女庙景区,SHG,0.12,12.0,True,density,SHG_2023-03
2023-03-01,山海关欢乐海洋公园,SHG,,,False,left_censored,SHG_2023-03
2023-03-01,山海关风景区,SHG,,,False,left_censored,SHG_2023-03
2023-03-01,山海关风景区-天下第一关景区,SHG,,,False,left_censored,SHG_2023-03
2023-03-01,老龙头景区,SHG,,,False,left_censored,SHG_2023-03
2023-03-01,角山景区,SHG,,,False,left_censored,SHG_2023-03
2023-03-01,黄金海岸风景区,其他_昌黎,,,False,left_censored,其他_昌黎_2023-03
2023-03-03,北戴河碧螺塔海上酒吧公园,BDH,,,False,left_censored,BDH_2023-03
2023-03-03,北戴河集发农业专业合作社,BDH,,,False,left_censored,BDH_2023-03
2023-03-03,奥林匹克公园,BDH,,,False,left_censored,BDH_2023-03
2023-03-03,平水桥公园,BDH,,,False,left_censored,BDH_2023-03
2023-03-03,戴河生态园,BDH,,,False,left_censored,BDH_2023-03
2023-03-03,秦皇岛野生动物园,BDH,,,False,left_censored,BDH_2023-03
2023-03-03,老虎石海上公园,BDH,,,False,left_censored,BDH_2023-03
2023-03-03,鸽子窝公园,BDH,,,False,left_censored,BDH_2023-03
2023-03-03,新澳海底世界,HGA,,,False,left_censored,HGA_2023-03
2023-03-03,河北秦皇岛国家地质公园,HGA,,,False,left_censored,HGA_2023-03
2023-03-03,秦皇植物园,HGA,,,False,left_censored,HGA_2023-03
2023-03-03,孟姜女庙景区,SHG,0.13,3.0,True,density,SHG_2023-03
2023-03-03,山海关欢乐海洋公园,SHG,,,False,left_censored,SHG_2023-03
2023-03-03,山海关风景区,SHG,,,False,left_censored,SHG_2023-03
2023-03-03,山海关风景区-天下第一关景区,SHG,,,False,left_censored,SHG_2023-03
2023-03-03,老龙头景区,SHG,,,False,left_censored,SHG_2023-03
2023-03-03,角山景区,SHG,,,False,left_censored,SHG_2023-03
2023-03-03,黄金海岸风景区,其他_昌黎,,,False,left_censored,其他_昌黎_2023-03
2023-03-04,北戴河碧螺塔海上酒吧公园,BDH,,,False,left_censored,BDH_2023-03
2023-03-04,北戴河集发农业专业合作社,BDH,,,False,left_censored,BDH_2023-03
2023-03-04,奥林匹克公园,BDH,,,False,left_censored,BDH_2023-03
2023-03-04,平水桥公园,BDH,,,False,left_censored,BDH_2023-03
2023-03-04,戴河生态园,BDH,,,False,left_censored,BDH_2023-03
2023-03-04,秦皇岛野生动物园,BDH,,,False,left_censored,BDH_2023-03
2023-03-04,老虎石海上公园,BDH,,,False,left_censored,BDH_2023-03
2023-03-04,鸽子窝公园,BDH,,,False,left_censored,BDH_2023-03
2023-03-04,新澳海底世界,HGA,,,False,left_censored,HGA_2023-03
2023-03-04,河北秦皇岛国家地质公园,HGA,,,False,left_censored,HGA_2023-03
2023-03-04,秦皇植物园,HGA,,,False,left_censored,HGA_2023-03
2023-03-04,孟姜女庙景区,SHG,0.16,10.0,True,density,SHG_2023-03
2023-03-04,山海关欢乐海洋公园,SHG,,,False,left_censored,SHG_2023-03
2023-03-04,山海关风景区,SHG,,,False,left_censored,SHG_2023-03
2023-03-04,山海关风景区-天下第一关景区,SHG,,,False,left_censored,SHG_2023-03
2023-03-04,老龙头景区,SHG,,,False,left_censored,SHG_2023-03
2023-03-04,角山景区,SHG,,,False,left_censored,SHG_2023-03
2023-03-04,黄金海岸风景区,其他_昌黎,,,False,left_censored,其他_昌黎_2023-03
2023-03-05,北戴河碧螺塔海上酒吧公园,BDH,,,False,left_censored,BDH_2023-03
2023-03-05,北戴河集发农业专业合作社,BDH,,,False,left_censored,BDH_2023-03
2023-03-05,奥林匹克公园,BDH,,,False,left_censored,BDH_2023-03
2023-03-05,平水桥公园,BDH,,,False,left_censored,BDH_2023-03
2023-03-05,戴河生态园,BDH,0.44,20.0,True,density,BDH_2023-03
2023-03-05,秦皇岛野生动物园,BDH,,,False,left_censored,BDH_2023-03
2023-03-05,老虎石海上公园,BDH,,,False,left_censored,BDH_2023-03
2023-03-05,鸽子窝公园,BDH,,,False,left_censored,BDH_2023-03
2023-03-05,新澳海底世界,HGA,,,False,left_censored,HGA_2023-03
2023-03-05,河北秦皇岛国家地质公园,HGA,,,False,left_censored,HGA_2023-03
2023-03-05,秦皇植物园,HGA,,,False,left_censored,HGA_2023-03
2023-03-05,孟姜女庙景区,SHG,0.14,9.0,True,density,SHG_2023-03
2023-03-05,山海关欢乐海洋公园,SHG,,,False,left_censored,SHG_2023-03
2023-03-05,山海关风景区,SHG,,,False,left_censored,SHG_2023-03
2023-03-05,山海关风景区-天下第一关景区,SHG,,,False,left_censored,SHG_2023-03
2023-03-05,老龙头景区,SHG,,,False,left_censored,SHG_2023-03
2023-03-05,角山景区,SHG,0.34,41.0,True,density,SHG_2023-03
2023-03-05,黄金海岸风景区,其他_昌黎,,,False,left_censored,其他_昌黎_2023-03
2023-03-06,北戴河碧螺塔海上酒吧公园,BDH,,,False,left_censored,BDH_2023-03
2023-03-06,北戴河集发农业专业合作社,BDH,,,False,left_censored,BDH_2023-03
2023-03-06,奥林匹克公园,BDH,,,False,left_censored,BDH_2023-03
2023-03-06,平水桥公园,BDH,,,False,left_censored,BDH_2023-03
2023-03-06,戴河生态园,BDH,,,False,left_censored,BDH_2023-03
2023-03-06,秦皇岛野生动物园,BDH,,,False,left_censored,BDH_2023-03
2023-03-06,老虎石海上公园,BDH,,,False,left_censored,BDH_2023-03
2023-03-06,鸽子窝公园,BDH,,,False,left_censored,BDH_2023-03
2023-03-06,新澳海底世界,HGA,,,False,left_censored,HGA_2023-03
2023-03-06,河北秦皇岛国家地质公园,HGA,,,False,left_censored,HGA_2023-03
2023-03-06,秦皇植物园,HGA,,,False,left_censored,HGA_2023-03
2023-03-06,孟姜女庙景区,SHG,0.13,2.0,True,density,SHG_2023-03
2023-03-06,山海关欢乐海洋公园,SHG,,,False,left_censored,SHG_2023-03
2023-03-06,山海关风景区,SHG,,,False,left_censored,SHG_2023-03
2023-03-06,山海关风景区-天下第一关景区,SHG,,,False,left_censored,SHG_2023-03
2023-03-06,老龙头景区,SHG,,,False,left_censored,SHG_2023-03
2023-03-06,角山景区,SHG,,,False,left_censored,SHG_2023-03
2023-03-06,黄金海岸风景区,其他_昌黎,,,False,left_censored,其他_昌黎_2023-03
2023-03-07,北戴河碧螺塔海上酒吧公园,BDH,,,False,left_censored,BDH_2023-03
2023-03-07,北戴河集发农业专业合作社,BDH,,,False,left_censored,BDH_2023-03
2023-03-07,奥林匹克公园,BDH,,,False,left_censored,BDH_2023-03
2023-03-07,平水桥公园,BDH,,,False,left_censored,BDH_2023-03
2023-03-07,戴河生态园,BDH,,,False,left_censored,BDH_2023-03
2023-03-07,秦皇岛野生动物园,BDH,,,False,left_censored,BDH_2023-03
2023-03-07,老虎石海上公园,BDH,,,False,left_censored,BDH_2023-03
2023-03-07,鸽子窝公园,BDH,,,False,left_censored,BDH_2023-03
2023-03-07,新澳海底世界,HGA,,,False,left_censored,HGA_2023-03
2023-03-07,河北秦皇岛国家地质公园,HGA,,,False,left_censored,HGA_2023-03
2023-03-07,秦皇植物园,HGA,,,False,left_censored,HGA_2023-03
2023-03-07,孟姜女庙景区,SHG,0.13,5.0,True,density,SHG_2023-03
2023-03-07,山海关欢乐海洋公园,SHG,,,False,left_censored,SHG_2023-03
2023-03-07,山海关风景区,SHG,,,False,left_censored,SHG_2023-03
2023-03-07,山海关风景区-天下第一关景区,SHG,,,False,left_censored,SHG_2023-03
2023-03-07,老龙头景区,SHG,,,False,left_censored,SHG_2023-03
2023-03-07,角山景区,SHG,0.36,13.0,True,density,SHG_2023-03
2023-03-07,黄金海岸风景区,其他_昌黎,,,False,left_censored,其他_昌黎_2023-03
2023-03-08,北戴河碧螺塔海上酒吧公园,BDH,,,False,left_censored,BDH_2023-03
2023-03-08,北戴河集发农业专业合作社,BDH,,,False,left_censored,BDH_2023-03
2023-03-08,奥林匹克公园,BDH,,,False,left_censored,BDH_2023-03
2023-03-08,平水桥公园,BDH,,,False,left_censored,BDH_2023-03
2023-03-08,戴河生态园,BDH,,,False,left_censored,BDH_2023-03
2023-03-08,秦皇岛野生动物园,BDH,,,False,left_censored,BDH_2023-03
2023-03-08,老虎石海上公园,BDH,,,False,left_censored,BDH_2023-03
2023-03-08,鸽子窝公园,BDH,,,False,left_censored,BDH_2023-03
2023-03-08,新澳海底世界,HGA,,,False,left_censored,HGA_2023-03
2023-03-08,河北秦皇岛国家地质公园,HGA,,,False,left_censored,HGA_2023-03
2023-03-08,秦皇植物园,HGA,,,False,left_censored,HGA_2023-03
2023-03-08,孟姜女庙景区,SHG,0.14,2.0,True,density,SHG_2023-03
2023-03-08,山海关欢乐海洋公园,SHG,,,False,left_censored,SHG_2023-03
2023-03-08,山海关风景区,SHG,,,False,left_censored,SHG_2023-03
2023-03-08,山海关风景区-天下第一关景区,SHG,,,False,left_censored,SHG_2023-03
2023-03-08,老龙头景区,SHG,,,False,left_censored,SHG_2023-03
2023-03-08,角山景区,SHG,,,False,left_censored,SHG_2023-03
2023-03-08,黄金海岸风景区,其他_昌黎,,,False,left_censored,其他_昌黎_2023-03
2023-03-10,北戴河碧螺塔海上酒吧公园,BDH,,,False,left_censored,BDH_2023-03
2023-03-10,北戴河集发农业专业合作社,BDH,,,False,left_censored,BDH_2023-03
2023-03-10,奥林匹克公园,BDH,,,False,left_censored,BDH_2023-03
2023-03-10,平水桥公园,BDH,,,False,left_censored,BDH_2023-03
2023-03-10,戴河生态园,BDH,,,False,left_censored,BDH_2023-03
2023-03-10,秦皇岛野生动物园,BDH,,,False,left_censored,BDH_2023-03
2023-03-10,老虎石海上公园,BDH,,,False,left_censored,BDH_2023-03
2023-03-10,鸽子窝公园,BDH,,,False,left_censored,BDH_2023-03
2023-03-10,新澳海底世界,HGA,,,False,left_censored,HGA_2023-03
2023-03-10,河北秦皇岛国家地质公园,HGA,,,False,left_censored,HGA_2023-03
2023-03-10,秦皇植物园,HGA,,,False,left_censored,HGA_2023-03
2023-03-10,孟姜女庙景区,SHG,0.15,27.0,True,density,SHG_2023-03
2023-03-10,山海关欢乐海洋公园,SHG,,,False,left_censored,SHG_2023-03
2023-03-10,山海关风景区,SHG,,,False,left_censored,SHG_2023-03
2023-03-10,山海关风景区-天下第一关景区,SHG,,,False,left_censored,SHG_2023-03
2023-03-10,老龙头景区,SHG,,,False,left_censored,SHG_2023-03
2023-03-10,角山景区,SHG,,,False,left_censored,SHG_2023-03
2023-03-10,黄金海岸风景区,其他_昌黎,,,False,left_censored,其他_昌黎_2023-03
2023-03-11,北戴河碧螺塔海上酒吧公园,BDH,,,False,left_censored,BDH_2023-03
2023-03-11,北戴河集发农业专业合作社,BDH,,,False,left_censored,BDH_2023-03
2023-03-11,奥林匹克公园,BDH,,,False,left_censored,BDH_2023-03
2023-03-11,平水桥公园,BDH,,,False,left_censored,BDH_2023-03
2023-03-11,戴河生态园,BDH,,,False,left_censored,BDH_2023-03
2023-03-11,秦皇岛野生动物园,BDH,,,False,left_censored,BDH_2023-03
2023-03-11,老虎石海上公园,BDH,,,False,left_censored,BDH_2023-03
2023-03-11,鸽子窝公园,BDH,,,False,left_censored,BDH_2023-03
2023-03-11,新澳海底世界,HGA,,,False,left_censored,HGA_2023-03
2023-03-11,河北秦皇岛国家地质公园,HGA,,,False,left_censored,HGA_2023-03
2023-03-11,秦皇植物园,HGA,,,False,left_censored,HGA_2023-03
2023-03-11,孟姜女庙景区,SHG,0.22,26.0,True,density,SHG_2023-03
2023-03-11,山海关欢乐海洋公园,SHG,,,False,left_censored,SHG_2023-03
2023-03-11,山海关风景区,SHG,,,False,left_censored,SHG_2023-03
2023-03-11,山海关风景区-天下第一关景区,SHG,,,False,left_censored,SHG_2023-03
2023-03-11,老龙头景区,SHG,,,False,left_censored,SHG_2023-03
2023-03-11,角山景区,SHG,,,False,left_censored,SHG_2023-03
2023-03-11,黄金海岸风景区,其他_昌黎,,,False,left_censored,其他_昌黎_2023-03
2023-03-12,北戴河碧螺塔海上酒吧公园,BDH,,,False,left_censored,BDH_2023-03
2023-03-12,北戴河集发农业专业合作社,BDH,,,False,left_censored,BDH_2023-03
2023-03-12,奥林匹克公园,BDH,,,False,left_censored,BDH_2023-03
2023-03-12,平水桥公园,BDH,,,False,left_censored,BDH_2023-03
2023-03-12,戴河生态园,BDH,,,False,left_censored,BDH_2023-03
2023-03-12,秦皇岛野生动物园,BDH,,,False,left_censored,BDH_2023-03
2023-03-12,老虎石海上公园,BDH,,,False,left_censored,BDH_2023-03
2023-03-12,鸽子窝公园,BDH,,,False,left_censored,BDH_2023-03
2023-03-12,新澳海底世界,HGA,,,False,left_censored,HGA_2023-03
2023-03-12,河北秦皇岛国家地质公园,HGA,,,False,left_censored,HGA_2023-03
2023-03-12,秦皇植物园,HGA,,,False,left_censored,HGA_2023-03
2023-03-12,孟姜女庙景区,SHG,0.2,30.0,True,density,SHG_2023-03
2023-03-12,山海关欢乐海洋公园,SHG,,,False,left_censored,SHG_2023-03
2023-03-12,山海关风景区,SHG,,,False,left_censored,SHG_2023-03
2023-03-12,山海关风景区-天下第一关景区,SHG,,,False,left_censored,SHG_2023-03
2023-03-12,老龙头景区,SHG,,,False,left_censored,SHG_2023-03
2023-03-12,角山景区,SHG,,,False,left_censored,SHG_2023-03
2023-03-12,黄金海岸风景区,其他_昌黎,,,False,left_censored,其他_昌黎_2023-03
2023-04-01,北戴河碧螺塔海上酒吧公园,BDH,,,False,left_censored,BDH_2023-04
2023-04-01,北戴河集发农业专业合作社,BDH,,,False,left_censored,BDH_2023-04
2023-04-01,奥林匹克公园,BDH,,,False,left_censored,BDH_2023-04
2023-04-01,平水桥公园,BDH,,,False,left_censored,BDH_2023-04
2023-04-01,戴河生态园,BDH,,,False,left_censored,BDH_2023-04
2023-04-01,秦皇岛野生动物园,BDH,,,False,left_censored,BDH_2023-04
2023-04-01,老虎石海上公园,BDH,1.0,97.0,True,density,BDH_2023-04
2023-04-01,鸽子窝公园,BDH,,,False,left_censored,BDH_2023-04
2023-04-01,新澳海底世界,HGA,,,False,left_censored,HGA_2023-04
2023-04-01,河北秦皇岛国家地质公园,HGA,,,False,left_censored,HGA_2023-04
2023-04-01,秦皇植物园,HGA,,,False,left_censored,HGA_2023-04
2023-04-01,孟姜女庙景区,SHG,,,False,left_censored,SHG_2023-04
2023-04-01,山海关欢乐海洋公园,SHG,,,False,left_censored,SHG_2023-04
2023-04-01,山海关风景区,SHG,,,False,left_censored,SHG_2023-04
2023-04-01,山海关风景区-天下第一关景区,SHG,,,False,left_censored,SHG_2023-04
2023-04-01,老龙头景区,SHG,,,False,left_censored,SHG_2023-04
2023-04-01,角山景区,SHG,,,False,left_censored,SHG_2023-04
2023-04-01,黄金海岸风景区,其他_昌黎,,,False,left_censored,其他_昌黎_2023-04
2023-04-08,北戴河碧螺塔海上酒吧公园,BDH,,,False,left_censored,BDH_2023-04
2023-04-08,北戴河集发农业专业合作社,BDH,,,False,left_censored,BDH_2023-04
2023-04-08,奥林匹克公园,BDH,,,False,left_censored,BDH_2023-04
2023-04-08,平水桥公园,BDH,,,False,left_censored,BDH_2023-04
2023-04-08,戴河生态园,BDH,,,False,left_censored,BDH_2023-04
2023-04-08,秦皇岛野生动物园,BDH,,,False,left_censored,BDH_2023-04
2023-04-08,老虎石海上公园,BDH,,,False,left_censored,BDH_2023-04
2023-04-08,鸽子窝公园,BDH,,,False,left_censored,BDH_2023-04
2023-04-08,新澳海底世界,HGA,1.86,100.0,True,density,HGA_2023-04
2023-04-08,河北秦皇岛国家地质公园,HGA,,,False,left_censored,HGA_2023-04
2023-04-08,秦皇植物园,HGA,,,False,left_censored,HGA_2023-04
2023-04-08,孟姜女庙景区,SHG,,,False,left_censored,SHG_2023-04
2023-04-08,山海关欢乐海洋公园,SHG,,,False,left_censored,SHG_2023-04
2023-04-08,山海关风景区,SHG,,,False,left_censored,SHG_2023-04
2023-04-08,山海关风景区-天下第一关景区,SHG,,,False,left_censored,SHG_2023-04
2023-04-08,老龙头景区,SHG,,,False,left_censored,SHG_2023-04
2023-04-08,角山景区,SHG,,,False,left_censored,SHG_2023-04
2023-04-08,黄金海岸风景区,其他_昌黎,,,False,left_censored,其他_昌黎_2023-04
2023-04-29,北戴河碧螺塔海上酒吧公园,BDH,,,False,left_censored,BDH_2023-04
2023-04-29,北戴河集发农业专业合作社,BDH,,,False,left_censored,BDH_2023-04
2023-04-29,奥林匹克公园,BDH,2.74,81.0,True,density,BDH_2023-04
2023-04-29,平水桥公园,BDH,1.9,26.0,True,density,BDH_2023-04
2023-04-29,戴河生态园,BDH,,,False,left_censored,BDH_2023-04
2023-04-29,秦皇岛野生动物园,BDH,,,False,left_censored,BDH_2023-04
2023-04-29,老虎石海上公园,BDH,2.12,22.0,True,density,BDH_2023-04
2023-04-29,鸽子窝公园,BDH,,,False,left_censored,BDH_2023-04
2023-04-29,新澳海底世界,HGA,,,False,left_censored,HGA_2023-04
2023-04-29,河北秦皇岛国家地质公园,HGA,,,False,left_censored,HGA_2023-04
2023-04-29,秦皇植物园,HGA,,,False,left_censored,HGA_2023-04
2023-04-29,孟姜女庙景区,SHG,,,False,left_censored,SHG_2023-04
2023-04-29,山海关欢乐海洋公园,SHG,,,False,left_censored,SHG_2023-04
2023-04-29,山海关风景区,SHG,,,False,left_censored,SHG_2023-04
2023-04-29,山海关风景区-天下第一关景区,SHG,,,False,left_censored,SHG_2023-04
2023-04-29,老龙头景区,SHG,,,False,left_censored,SHG_2023-04
2023-04-29,角山景区,SHG,,,False,left_censored,SHG_2023-04
2023-04-29,黄金海岸风景区,其他_昌黎,,,False,left_censored,其他_昌黎_2023-04
2023-04-30,北戴河碧螺塔海上酒吧公园,BDH,,,False,left_censored,BDH_2023-04
2023-04-30,北戴河集发农业专业合作社,BDH,,,False,left_censored,BDH_2023-04
2023-04-30,奥林匹克公园,BDH,3.48,42.0,True,density,BDH_2023-04
2023-04-30,平水桥公园,BDH,3.44,6.0,True,density,BDH_2023-04
2023-04-30,戴河生态园,BDH,,,False,left_censored,BDH_2023-04
2023-04-30,秦皇岛野生动物园,BDH,,,False,left_censored,BDH_2023-04
2023-04-30,老虎石海上公园,BDH,3.48,11.0,True,density,BDH_2023-04
2023-04-30,鸽子窝公园,BDH,12.22,17.0,True,density,BDH_2023-04
2023-04-30,新澳海底世界,HGA,,,False,left_censored,HGA_2023-04
2023-04-30,河北秦皇岛国家地质公园,HGA,,,False,left_censored,HGA_2023-04
2023-04-30,秦皇植物园,HGA,,,False,left_censored,HGA_2023-04
2023-04-30,孟姜女庙景区,SHG,,,False,left_censored,SHG_2023-04
2023-04-30,山海关欢乐海洋公园,SHG,,,False,left_censored,SHG_2023-04
2023-04-30,山海关风景区,SHG,,,False,left_censored,SHG_2023-04
2023-04-30,山海关风景区-天下第一关景区,SHG,,,False,left_censored,SHG_2023-04
2023-04-30,老龙头景区,SHG,,,False,left_censored,SHG_2023-04
2023-04-30,角山景区,SHG,,,False,left_censored,SHG_2023-04
2023-04-30,黄金海岸风景区,其他_昌黎,,,False,left_censored,其他_昌黎_2023-04
2023-05-01,北戴河碧螺塔海上酒吧公园,BDH,,,False,left_censored,BDH_2023-05
2023-05-01,北戴河集发农业专业合作社,BDH,,,False,left_censored,BDH_2023-05
2023-05-01,奥林匹克公园,BDH,3.0,58.0,True,density,BDH_2023-05
2023-05-01,平水桥公园,BDH,3.44,24.0,True,density,BDH_2023-05
2023-05-01,戴河生态园,BDH,,,False,left_censored,BDH_2023-05
2023-05-01,秦皇岛野生动物园,BDH,,,False,left_censored,BDH_2023-05
2023-05-01,老虎石海上公园,BDH,3.62,21.0,True,density,BDH_2023-05
2023-05-01,鸽子窝公园,BDH,12.95,51.0,True,density,BDH_2023-05
2023-05-01,新澳海底世界,HGA,,,False,left_censored,HGA_2023-05
2023-05-01,河北秦皇岛国家地质公园,HGA,,,False,left_censored,HGA_2023-05
2023-05-01,秦皇植物园,HGA,,,False,left_censored,HGA_2023-05
2023-05-01,孟姜女庙景区,SHG,,,False,left_censored,SHG_2023-05
2023-05-01,山海关欢乐海洋公园,SHG,,,False,left_censored,SHG_2023-05
2023-05-01,山海关风景区,SHG,,,False,left_censored,SHG_2023-05
2023-05-01,山海关风景区-天下第一关景区,SHG,,,False,left_censored,SHG_2023-05
2023-05-01,老龙头景区,SHG,,,False,left_censored,SHG_2023-05
2023-05-01,角山景区,SHG,,,False,left_censored,SHG_2023-05
2023-05-01,黄金海岸风景区,其他_昌黎,,,False,left_censored,其他_昌黎_2023-05
2023-05-02,北戴河碧螺塔海上酒吧公园,BDH,,,False,left_censored,BDH_2023-05
2023-05-02,北戴河集发农业专业合作社,BDH,,,False,left_censored,BDH_2023-05
2023-05-02,奥林匹克公园,BDH,1.58,63.0,True,density,BDH_2023-05
2023-05-02,平水桥公园,BDH,2.22,24.0,True,density,BDH_2023-05
2023-05-02,戴河生态园,BDH,,,False,left_censored,BDH_2023-05
2023-05-02,秦皇岛野生动物园,BDH,,,False,left_censored,BDH_2023-05
2023-05-02,老虎石海上公园,BDH,2.44,12.0,True,density,BDH_2023-05
2023-05-02,鸽子窝公园,BDH,8.41,47.0,True,density,BDH_2023-05
2023-05-02,新澳海底世界,HGA,3.96,98.0,True,density,HGA_2023-05
2023-05-02,河北秦皇岛国家地质公园,HGA,,,False,left_censored,HGA_2023-05
2023-05-02,秦皇植物园,HGA,,,False,left_censored,HGA_2023-05
2023-05-02,孟姜女庙景区,SHG,,,False,left_censored,SHG_2023-05
2023-05-02,山海关欢乐海洋公园,SHG,,,False,left_censored,SHG_2023-05
2023-05-02,山海关风景区,SHG,,,False,left_censored,SHG_2023-05
2023-05-02,山海关风景区-天下第一关景区,SHG,,,False,left_censored,SHG_2023-05
2023-05-02,老龙头景区,SHG,,,False,left_censored,SHG_2023-05
2023-05-02,角山景区,SHG,,,False,left_censored,SHG_2023-05
2023-05-02,黄金海岸风景区,其他_昌黎,,,False,left_censored,其他_昌黎_2023-05
2023-05-03,北戴河碧螺塔海上酒吧公园,BDH,,,False,left_censored,BDH_2023-05
2023-05-03,北戴河集发农业专业合作社,BDH,,,False,left_censored,BDH_2023-05
2023-05-03,奥林匹克公园,BDH,,,False,left_censored,BDH_2023-05
2023-05-03,平水桥公园,BDH,0.87,29.0,True,density,BDH_2023-05
2023-05-03,戴河生态园,BDH,,,False,left_censored,BDH_2023-05
2023-05-03,秦皇岛野生动物园,BDH,,,False,left_censored,BDH_2023-05
2023-05-03,老虎石海上公园,BDH,1.22,26.0,True,density,BDH_2023-05
2023-05-03,鸽子窝公园,BDH,,,False,left_censored,BDH_2023-05
2023-05-03,新澳海底世界,HGA,,,False,left_censored,HGA_2023-05
2023-05-03,河北秦皇岛国家地质公园,HGA,,,False,left_censored,HGA_2023-05
2023-05-03,秦皇植物园,HGA,1.38,30.0,True,density,HGA_2023-05
2023-05-03,孟姜女庙景区,SHG,0.32,96.0,True,density,SHG_2023-05
2023-05-03,山海关欢乐海洋公园,SHG,,,False,left_censored,SHG_2023-05
2023-05-03,山海关风景区,SHG,,,False,left_censored,SHG_2023-05
2023-05-03,山海关风景区-天下第一关景区,SHG,,,False,left_censored,SHG_2023-05
2023-05-03,老龙头景区,SHG,,,False,left_censored,SHG_2023-05
2023-05-03,角山景区,SHG,,,False,left_censored,SHG_2023-05
2023-05-03,黄金海岸风景区,其他_昌黎,,,False,left_censored,其他_昌黎_2023-05
2023-05-04,北戴河碧螺塔海上酒吧公园,BDH,,,False,left_censored,BDH_2023-05
2023-05-04,北戴河集发农业专业合作社,BDH,,,False,left_censored,BDH_2023-05
2023-05-04,奥林匹克公园,BDH,,,False,left_censored,BDH_2023-05
2023-05-04,平水桥公园,BDH,,,False,left_censored,BDH_2023-05
2023-05-04,戴河生态园,BDH,,,False,left_censored,BDH_2023-05
2023-05-04,秦皇岛野生动物园,BDH,,,False,left_censored,BDH_2023-05
2023-05-04,老虎石海上公园,BDH,,,False,left_censored,BDH_2023-05
2023-05-04,鸽子窝公园,BDH,,,False,left_censored,BDH_2023-05
2023-05-04,新澳海底世界,HGA,,,False,left_censored,HGA_2023-05
2023-05-04,河北秦皇岛国家地质公园,HGA,,,False,left_censored,HGA_2023-05
2023-05-04,秦皇植物园,HGA,0.4,51.0,True,density,HGA_2023-05
2023-05-04,孟姜女庙景区,SHG,,,False,left_censored,SHG_2023-05
2023-05-04,山海关欢乐海洋公园,SHG,,,False,left_censored,SHG_2023-05
2023-05-04,山海关风景区,SHG,,,False,left_censored,SHG_2023-05
2023-05-04,山海关风景区-天下第一关景区,SHG,,,False,left_censored,SHG_2023-05
2023-05-04,老龙头景区,SHG,,,False,left_censored,SHG_2023-05
2023-05-04,角山景区,SHG,,,False,left_censored,SHG_2023-05
2023-05-04,黄金海岸风景区,其他_昌黎,,,False,left_censored,其他_昌黎_2023-05
2023-05-07,北戴河碧螺塔海上酒吧公园,BDH,,,False,left_censored,BDH_2023-05
2023-05-07,北戴河集发农业专业合作社,BDH,,,False,left_censored,BDH_2023-05
2023-05-07,奥林匹克公园,BDH,,,False,left_censored,BDH_2023-05
2023-05-07,平水桥公园,BDH,0.58,80.0,True,density,BDH_2023-05
2023-05-07,戴河生态园,BDH,,,False,left_censored,BDH_2023-05
2023-05-07,秦皇岛野生动物园,BDH,,,False,left_censored,BDH_2023-05
2023-05-07,老虎石海上公园,BDH,0.73,66.0,True,density,BDH_2023-05
2023-05-07,鸽子窝公园,BDH,,,False,left_censored,BDH_2023-05
2023-05-07,新澳海底世界,HGA,,,False,left_censored,HGA_2023-05
2023-05-07,河北秦皇岛国家地质公园,HGA,,,False,left_censored,HGA_2023-05
2023-05-07,秦皇植物园,HGA,,,False,left_censored,HGA_2023-05
2023-05-07,孟姜女庙景区,SHG,,,False,left_censored,SHG_2023-05
2023-05-07,山海关欢乐海洋公园,SHG,,,False,left_censored,SHG_2023-05
2023-05-07,山海关风景区,SHG,,,False,left_censored,SHG_2023-05
2023-05-07,山海关风景区-天下第一关景区,SHG,,,False,left_censored,SHG_2023-05
2023-05-07,老龙头景区,SHG,,,False,left_censored,SHG_2023-05
2023-05-07,角山景区,SHG,,,False,left_censored,SHG_2023-05
2023-05-07,黄金海岸风景区,其他_昌黎,,,False,left_censored,其他_昌黎_2023-05
2023-05-13,北戴河碧螺塔海上酒吧公园,BDH,,,False,left_censored,BDH_2023-05
2023-05-13,北戴河集发农业专业合作社,BDH,,,False,left_censored,BDH_2023-05
2023-05-13,奥林匹克公园,BDH,,,False,left_censored,BDH_2023-05
2023-05-13,平水桥公园,BDH,0.89,38.0,True,density,BDH_2023-05
2023-05-13,戴河生态园,BDH,,,False,left_censored,BDH_2023-05
2023-05-13,秦皇岛野生动物园,BDH,,,False,left_censored,BDH_2023-05
2023-05-13,老虎石海上公园,BDH,1.23,26.0,True,density,BDH_2023-05
2023-05-13,鸽子窝公园,BDH,,,False,left_censored,BDH_2023-05
2023-05-13,新澳海底世界,HGA,1.76,63.0,True,density,HGA_2023-05
2023-05-13,河北秦皇岛国家地质公园,HGA,,,False,left_censored,HGA_2023-05
2023-05-13,秦皇植物园,HGA,,,False,left_censored,HGA_2023-05
2023-05-13,孟姜女庙景区,SHG,,,False,left_censored,SHG_2023-05
2023-05-13,山海关欢乐海洋公园,SHG,,,False,left_censored,SHG_2023-05
2023-05-13,山海关风景区,SHG,,,False,left_censored,SHG_2023-05
2023-05-13,山海关风景区-天下第一关景区,SHG,,,False,left_censored,SHG_2023-05
2023-05-13,老龙头景区,SHG,,,False,left_censored,SHG_2023-05
2023-05-13,角山景区,SHG,,,False,left_censored,SHG_2023-05
2023-05-13,黄金海岸风景区,其他_昌黎,,,False,left_censored,其他_昌黎_2023-05
2023-05-14,北戴河碧螺塔海上酒吧公园,BDH,,,False,left_censored,BDH_2023-05
2023-05-14,北戴河集发农业专业合作社,BDH,,,False,left_censored,BDH_2023-05
2023-05-14,奥林匹克公园,BDH,,,False,left_censored,BDH_2023-05
2023-05-14,平水桥公园,BDH,,,False,left_censored,BDH_2023-05
2023-05-14,戴河生态园,BDH,,,False,left_censored,BDH_2023-05
2023-05-14,秦皇岛野生动物园,BDH,,,False,left_censored,BDH_2023-05
2023-05-14,老虎石海上公园,BDH,,,False,left_censored,BDH_2023-05
2023-05-14,鸽子窝公园,BDH,,,False,left_censored,BDH_2023-05
2023-05-14,新澳海底世界,HGA,,,False,left_censored,HGA_2023-05
2023-05-14,河北秦皇岛国家地质公园,HGA,,,False,left_censored,HGA_2023-05
2023-05-14,秦皇植物园,HGA,1.05,28.0,True,density,HGA_2023-05
2023-05-14,孟姜女庙景区,SHG,,,False,left_censored,SHG_2023-05
2023-05-14,山海关欢乐海洋公园,SHG,,,False,left_censored,SHG_2023-05
2023-05-14,山海关风景区,SHG,,,False,left_censored,SHG_2023-05
2023-05-14,山海关风景区-天下第一关景区,SHG,,,False,left_censored,SHG_2023-05
2023-05-14,老龙头景区,SHG,,,False,left_censored,SHG_2023-05
2023-05-14,角山景区,SHG,,,False,left_censored,SHG_2023-05
2023-05-14,黄金海岸风景区,其他_昌黎,,,False,left_censored,其他_昌黎_2023-05
2023-05-17,北戴河碧螺塔海上酒吧公园,BDH,,,False,left_censored,BDH_2023-05
2023-05-17,北戴河集发农业专业合作社,BDH,,,False,left_censored,BDH_2023-05
2023-05-17,奥林匹克公园,BDH,,,False,left_censored,BDH_2023-05
2023-05-17,平水桥公园,BDH,,,False,left_censored,BDH_2023-05
2023-05-17,戴河生态园,BDH,,,False,left_censored,BDH_2023-05
2023-05-17,秦皇岛野生动物园,BDH,,,False,left_censored,BDH_2023-05
2023-05-17,老虎石海上公园,BDH,,,False,left_censored,BDH_2023-05
2023-05-17,鸽子窝公园,BDH,,,False,left_censored,BDH_2023-05
2023-05-17,新澳海底世界,HGA,,,False,left_censored,HGA_2023-05
2023-05-17,河北秦皇岛国家地质公园,HGA,,,False,left_censored,HGA_2023-05
2023-05-17,秦皇植物园,HGA,0.47,86.0,True,density,HGA_2023-05
2023-05-17,孟姜女庙景区,SHG,,,False,left_censored,SHG_2023-05
2023-05-17,山海关欢乐海洋公园,SHG,,,False,left_censored,SHG_2023-05
2023-05-17,山海关风景区,SHG,,,False,left_censored,SHG_2023-05
2023-05-17,山海关风景区-天下第一关景区,SHG,,,False,left_censored,SHG_2023-05
2023-05-17,老龙头景区,SHG,,,False,left_censored,SHG_2023-05
2023-05-17,角山景区,SHG,,,False,left_censored,SHG_2023-05
2023-05-17,黄金海岸风景区,其他_昌黎,,,False,left_censored,其他_昌黎_2023-05
2023-05-18,北戴河碧螺塔海上酒吧公园,BDH,,,False,left_censored,BDH_2023-05
2023-05-18,北戴河集发农业专业合作社,BDH,,,False,left_censored,BDH_2023-05
2023-05-18,奥林匹克公园,BDH,,,False,left_censored,BDH_2023-05
2023-05-18,平水桥公园,BDH,,,False,left_censored,BDH_2023-05
2023-05-18,戴河生态园,BDH,,,False,left_censored,BDH_2023-05
2023-05-18,秦皇岛野生动物园,BDH,,,False,left_censored,BDH_2023-05
2023-05-18,老虎石海上公园,BDH,,,False,left_censored,BDH_2023-05
2023-05-18,鸽子窝公园,BDH,,,False,left_censored,BDH_2023-05
2023-05-18,新澳海底世界,HGA,,,False,left_censored,HGA_2023-05
2023-05-18,河北秦皇岛国家地质公园,HGA,,,False,left_censored,HGA_2023-05
2023-05-18,秦皇植物园,HGA,,,False,left_censored,HGA_2023-05
2023-05-18,孟姜女庙景区,SHG,0.17,4.0,True,density,SHG_2023-05
2023-05-18,山海关欢乐海洋公园,SHG,,,False,left_censored,SHG_2023-05
2023-05-18,山海关风景区,SHG,,,False,left_censored,SHG_2023-05
2023-05-18,山海关风景区-天下第一关景区,SHG,,,False,left_censored,SHG_2023-05
2023-05-18,老龙头景区,SHG,,,False,left_censored,SHG_2023-05
2023-05-18,角山景区,SHG,,,False,left_censored,SHG_2023-05
2023-05-18,黄金海岸风景区,其他_昌黎,,,False,left_censored,其他_昌黎_2023-05
2023-05-19,北戴河碧螺塔海上酒吧公园,BDH,,,False,left_censored,BDH_2023-05
2023-05-19,北戴河集发农业专业合作社,BDH,,,False,left_censored,BDH_2023-05
2023-05-19,奥林匹克公园,BDH,,,False,left_censored,BDH_2023-05
2023-05-19,平水桥公园,BDH,,,False,left_censored,BDH_2023-05
2023-05-19,戴河生态园,BDH,,,False,left_censored,BDH_2023-05
2023-05-19,秦皇岛野生动物园,BDH,,,False,left_censored,BDH_2023-05
2023-05-19,老虎石海上公园,BDH,,,False,left_censored,BDH_2023-05
2023-05-19,鸽子窝公园,BDH,,,False,left_censored,BDH_2023-05
2023-05-19,新澳海底世界,HGA,,,False,left_censored,HGA_2023-05
2023-05-19,河北秦皇岛国家地质公园,HGA,,,False,left_censored,HGA_2023-05
2023-05-19,秦皇植物园,HGA,,,False,left_censored,HGA_2023-05
2023-05-19,孟姜女庙景区,SHG,0.18,5.0,True,density,SHG_2023-05
2023-05-19,山海关欢乐海洋公园,SHG,,,False,left_censored,SHG_2023-05
2023-05-19,山海关风景区,SHG,,,False,left_censored,SHG_2023-05
2023-05-19,山海关风景区-天下第一关景区,SHG,,,False,left_censored,SHG_2023-05
2023-05-19,老龙头景区,SHG,,,False,left_censored,SHG_2023-05
2023-05-19,角山景区,SHG,,,False,left_censored,SHG_2023-05
2023-05-19,黄金海岸风景区,其他_昌黎,,,False,left_censored,其他_昌黎_2023-05
2023-05-20,北戴河碧螺塔海上酒吧公园,BDH,,,False,left_censored,BDH_2023-05
2023-05-20,北戴河集发农业专业合作社,BDH,,,False,left_censored,BDH_2023-05
2023-05-20,奥林匹克公园,BDH,,,False,left_censored,BDH_2023-05
2023-05-20,平水桥公园,BDH,0.87,66.0,True,density,BDH_2023-05
2023-05-20,戴河生态园,BDH,,,False,left_censored,BDH_2023-05
2023-05-20,秦皇岛野生动物园,BDH,,,False,left_censored,BDH_2023-05
2023-05-20,老虎石海上公园,BDH,1.18,52.0,True,density,BDH_2023-05
2023-05-20,鸽子窝公园,BDH,,,False,left_censored,BDH_2023-05
2023-05-20,新澳海底世界,HGA,1.79,49.0,True,density,HGA_2023-05
2023-05-20,河北秦皇岛国家地质公园,HGA,,,False,left_censored,HGA_2023-05
2023-05-20,秦皇植物园,HGA,,,False,left_censored,HGA_2023-05
2023-05-20,孟姜女庙景区,SHG,0.2,12.0,True,density,SHG_2023-05
2023-05-20,山海关欢乐海洋公园,SHG,,,False,left_censored,SHG_2023-05
2023-05-20,山海关风景区,SHG,,,False,left_censored,SHG_2023-05
2023-05-20,山海关风景区-天下第一关景区,SHG,,,False,left_censored,SHG_2023-05
2023-05-20,老龙头景区,SHG,,,False,left_censored,SHG_2023-05
2023-05-20,角山景区,SHG,,,False,left_censored,SHG_2023-05
2023-05-20,黄金海岸风景区,其他_昌黎,,,False,left_censored,其他_昌黎_2023-05
2023-05-21,北戴河碧螺塔海上酒吧公园,BDH,,,False,left_censored,BDH_2023-05
2023-05-21,北戴河集发农业专业合作社,BDH,,,False,left_censored,BDH_2023-05
2023-05-21,奥林匹克公园,BDH,,,False,left_censored,BDH_2023-05
2023-05-21,平水桥公园,BDH,0.66,97.0,True,density,BDH_2023-05
2023-05-21,戴河生态园,BDH,,,False,left_censored,BDH_2023-05
2023-05-21,秦皇岛野生动物园,BDH,,,False,left_censored,BDH_2023-05
2023-05-21,老虎石海上公园,BDH,0.83,79.0,True,density,BDH_2023-05
2023-05-21,鸽子窝公园,BDH,,,False,left_censored,BDH_2023-05
2023-05-21,新澳海底世界,HGA,1.86,40.0,True,density,HGA_2023-05
2023-05-21,河北秦皇岛国家地质公园,HGA,,,False,left_censored,HGA_2023-05
2023-05-21,秦皇植物园,HGA,,,False,left_censored,HGA_2023-05
2023-05-21,孟姜女庙景区,SHG,0.22,17.0,True,density,SHG_2023-05
2023-05-21,山海关欢乐海洋公园,SHG,,,False,left_censored,SHG_2023-05
2023-05-21,山海关风景区,SHG,,,False,left_censored,SHG_2023-05
2023-05-21,山海关风景区-天下第一关景区,SHG,,,False,left_censored,SHG_2023-05
2023-05-21,老龙头景区,SHG,,,False,left_censored,SHG_2023-05
2023-05-21,角山景区,SHG,,,False,left_censored,SHG_2023-05
2023-05-21,黄金海岸风景区,其他_昌黎,,,False,left_censored,其他_昌黎_2023-05
2023-05-23,北戴河碧螺塔海上酒吧公园,BDH,,,False,left_censored,BDH_2023-05
2023-05-23,北戴河集发农业专业合作社,BDH,,,False,left_censored,BDH_2023-05
2023-05-23,奥林匹克公园,BDH,,,False,left_censored,BDH_2023-05
2023-05-23,平水桥公园,BDH,,,False,left_censored,BDH_2023-05
2023-05-23,戴河生态园,BDH,,,False,left_censored,BDH_2023-05
2023-05-23,秦皇岛野生动物园,BDH,,,False,left_censored,BDH_2023-05
2023-05-23,老虎石海上公园,BDH,,,False,left_censored,BDH_2023-05
2023-05-23,鸽子窝公园,BDH,,,False,left_censored,BDH_2023-05
2023-05-23,新澳海底世界,HGA,,,False,left_censored,HGA_2023-05
2023-05-23,河北秦皇岛国家地质公园,HGA,,,False,left_censored,HGA_2023-05
2023-05-23,秦皇植物园,HGA,,,False,left_censored,HGA_2023-05
2023-05-23,孟姜女庙景区,SHG,0.16,10.0,True,density,SHG_2023-05
2023-05-23,山海关欢乐海洋公园,SHG,,,False,left_censored,SHG_2023-05
2023-05-23,山海关风景区,SHG,,,False,left_censored,SHG_2023-05
2023-05-23,山海关风景区-天下第一关景区,SHG,,,False,left_censored,SHG_2023-05
2023-05-23,老龙头景区,SHG,,,False,left_censored,SHG_2023-05
2023-05-23,角山景区,SHG,,,False,left_censored,SHG_2023-05
2023-05-23,黄金海岸风景区,其他_昌黎,,,False,left_censored,其他_昌黎_2023-05
2023-05-24,北戴河碧螺塔海上酒吧公园,BDH,,,False,left_censored,BDH_2023-05
2023-05-24,北戴河集发农业专业合作社,BDH,,,False,left_censored,BDH_2023-05
2023-05-24,奥林匹克公园,BDH,,,False,left_censored,BDH_2023-05
2023-05-24,平水桥公园,BDH,,,False,left_censored,BDH_2023-05
2023-05-24,戴河生态园,BDH,,,False,left_censored,BDH_2023-05
2023-05-24,秦皇岛野生动物园,BDH,,,False,left_censored,BDH_2023-05
2023-05-24,老虎石海上公园,BDH,,,False,left_censored,BDH_2023-05
2023-05-24,鸽子窝公园,BDH,,,False,left_censored,BDH_2023-05
2023-05-24,新澳海底世界,HGA,,,False,left_censored,HGA_2023-05
2023-05-24,河北秦皇岛国家地质公园,HGA,,,False,left_censored,HGA_2023-05
2023-05-24,秦皇植物园,HGA,,,False,left_censored,HGA_2023-05
2023-05-24,孟姜女庙景区,SHG,0.16,3.0,True,density,SHG_2023-05
2023-05-24,山海关欢乐海洋公园,SHG,,,False,left_censored,SHG_2023-05
2023-05-24,山海关风景区,SHG,,,False,left_censored,SHG_2023-05
2023-05-24,山海关风景区-天下第一关景区,SHG,,,False,left_censored,SHG_2023-05
2023-05-24,老龙头景区,SHG,,,False,left_censored,SHG_2023-05
2023-05-24,角山景区,SHG,,,False,left_censored,SHG_2023-05
2023-05-24,黄金海岸风景区,其他_昌黎,,,False,left_censored,其他_昌黎_2023-05
2023-05-25,北戴河碧螺塔海上酒吧公园,BDH,,,False,left_censored,BDH_2023-05
2023-05-25,北戴河集发农业专业合作社,BDH,,,False,left_censored,BDH_2023-05
2023-05-25,奥林匹克公园,BDH,,,False,left_censored,BDH_2023-05
2023-05-25,平水桥公园,BDH,,,False,left_censored,BDH_2023-05
2023-05-25,戴河生态园,BDH,,,False,left_censored,BDH_2023-05
2023-05-25,秦皇岛野生动物园,BDH,,,False,left_censored,BDH_2023-05
2023-05-25,老虎石海上公园,BDH,,,False,left_censored,BDH_2023-05
2023-05-25,鸽子窝公园,BDH,,,False,left_censored,BDH_2023-05
2023-05-25,新澳海底世界,HGA,,,False,left_censored,HGA_2023-05
2023-05-25,河北秦皇岛国家地质公园,HGA,,,False,left_censored,HGA_2023-05
2023-05-25,秦皇植物园,HGA,,,False,left_censored,HGA_2023-05
2023-05-25,孟姜女庙景区,SHG,0.17,1.0,True,density,SHG_2023-05
2023-05-25,山海关欢乐海洋公园,SHG,,,False,left_censored,SHG_2023-05
2023-05-25,山海关风景区,SHG,,,False,left_censored,SHG_2023-05
2023-05-25,山海关风景区-天下第一关景区,SHG,,,False,left_censored,SHG_2023-05
2023-05-25,老龙头景区,SHG,,,False,left_censored,SHG_2023-05
2023-05-25,角山景区,SHG,,,False,left_censored,SHG_2023-05
2023-05-25,黄金海岸风景区,其他_昌黎,,,False,left_censored,其他_昌黎_2023-05
2023-05-27,北戴河碧螺塔海上酒吧公园,BDH,,,False,left_censored,BDH_2023-05
2023-05-27,北戴河集发农业专业合作社,BDH,,,False,left_censored,BDH_2023-05
2023-05-27,奥林匹克公园,BDH,,,False,left_censored,BDH_2023-05
2023-05-27,平水桥公园,BDH,0.63,73.0,True,density,BDH_2023-05
2023-05-27,戴河生态园,BDH,,,False,left_censored,BDH_2023-05
2023-05-27,秦皇岛野生动物园,BDH,,,False,left_censored,BDH_2023-05
2023-05-27,老虎石海上公园,BDH,0.92,62.0,True,density,BDH_2023-05
2023-05-27,鸽子窝公园,BDH,,,False,left_censored,BDH_2023-05
2023-05-27,新澳海底世界,HGA,,,False,left_censored,HGA_2023-05
2023-05-27,河北秦皇岛国家地质公园,HGA,,,False,left_censored,HGA_2023-05
2023-05-27,秦皇植物园,HGA,,,False,left_censored,HGA_2023-05
2023-05-27,孟姜女庙景区,SHG,,,False,left_censored,SHG_2023-05
2023-05-27,山海关欢乐海洋公园,SHG,,,False,left_censored,SHG_2023-05
2023-05-27,山海关风景区,SHG,,,False,left_censored,SHG_2023-05
2023-05-27,山海关风景区-天下第一关景区,SHG,,,False,left_censored,SHG_2023-05
2023-05-27,老龙头景区,SHG,,,False,left_censored,SHG_2023-05
2023-05-27,角山景区,SHG,,,False,left_censored,SHG_2023-05
2023-05-27,黄金海岸风景区,其他_昌黎,,,False,left_censored,其他_昌黎_2023-05
2023-05-28,北戴河碧螺塔海上酒吧公园,BDH,,,False,left_censored,BDH_2023-05
2023-05-28,北戴河集发农业专业合作社,BDH,,,False,left_censored,BDH_2023-05
2023-05-28,奥林匹克公园,BDH,,,False,left_censored,BDH_2023-05
2023-05-28,平水桥公园,BDH,0.71,63.0,True,density,BDH_2023-05
2023-05-28,戴河生态园,BDH,,,False,left_censored,BDH_2023-05
2023-05-28,秦皇岛野生动物园,BDH,,,False,left_censored,BDH_2023-05
2023-05-28,老虎石海上公园,BDH,0.84,60.0,True,density,BDH_2023-05
2023-05-28,鸽子窝公园,BDH,,,False,left_censored,BDH_2023-05
2023-05-28,新澳海底世界,HGA,1.73,61.0,True,density,HGA_2023-05
2023-05-28,河北秦皇岛国家地质公园,HGA,,,False,left_censored,HGA_2023-05
2023-05-28,秦皇植物园,HGA,0.87,75.0,True,density,HGA_2023-05
2023-05-28,孟姜女庙景区,SHG,,,False,left_censored,SHG_2023-05
2023-05-28,山海关欢乐海洋公园,SHG,,,False,left_censored,SHG_2023-05
2023-05-28,山海关风景区,SHG,,,False,left_censored,SHG_2023-05
2023-05-28,山海关风景区-天下第一关景区,SHG,,,False,left_censored,SHG_2023-05
2023-05-28,老龙头景区,SHG,,,False,left_censored,SHG_2023-05
2023-05-28,角山景区,SHG,,,False,left_censored,SHG_2023-05
2023-05-28,黄金海岸风景区,其他_昌黎,,,False,left_censored,其他_昌黎_2023-05
2023-05-29,北戴河碧螺塔海上酒吧公园,BDH,,,False,left_censored,BDH_2023-05
2023-05-29,北戴河集发农业专业合作社,BDH,,,False,left_censored,BDH_2023-05
2023-05-29,奥林匹克公园,BDH,,,False,left_censored,BDH_2023-05
2023-05-29,平水桥公园,BDH,,,False,left_censored,BDH_2023-05
2023-05-29,戴河生态园,BDH,,,False,left_censored,BDH_2023-05
2023-05-29,秦皇岛野生动物园,BDH,,,False,left_censored,BDH_2023-05
2023-05-29,老虎石海上公园,BDH,,,False,left_censored,BDH_2023-05
2023-05-29,鸽子窝公园,BDH,,,False,left_censored,BDH_2023-05
2023-05-29,新澳海底世界,HGA,,,False,left_censored,HGA_2023-05
2023-05-29,河北秦皇岛国家地质公园,HGA,,,False,left_censored,HGA_2023-05
2023-05-29,秦皇植物园,HGA,,,False,left_censored,HGA_2023-05
2023-05-29,孟姜女庙景区,SHG,0.16,11.0,True,density,SHG_2023-05
2023-05-29,山海关欢乐海洋公园,SHG,,,False,left_censored,SHG_2023-05
2023-05-29,山海关风景区,SHG,,,False,left_censored,SHG_2023-05
2023-05-29,山海关风景区-天下第一关景区,SHG,,,False,left_censored,SHG_2023-05
2023-05-29,老龙头景区,SHG,,,False,left_censored,SHG_2023-05
2023-05-29,角山景区,SHG,,,False,left_censored,SHG_2023-05
2023-05-29,黄金海岸风景区,其他_昌黎,,,False,left_censored,其他_昌黎_2023-05
2023-05-31,北戴河碧螺塔海上酒吧公园,BDH,,,False,left_censored,BDH_2023-05
2023-05-31,北戴河集发农业专业合作社,BDH,,,False,left_censored,BDH_2023-05
2023-05-31,奥林匹克公园,BDH,,,False,left_censored,BDH_2023-05
2023-05-31,平水桥公园,BDH,,,False,left_censored,BDH_2023-05
2023-05-31,戴河生态园,BDH,,,False,left_censored,BDH_2023-05
2023-05-31,秦皇岛野生动物园,BDH,,,False,left_censored,BDH_2023-05
2023-05-31,老虎石海上公园,BDH,,,False,left_censored,BDH_2023-05
2023-05-31,鸽子窝公园,BDH,,,False,left_censored,BDH_2023-05
2023-05-31,新澳海底世界,HGA,,,False,left_censored,HGA_2023-05
2023-05-31,河北秦皇岛国家地质公园,HGA,,,False,left_censored,HGA_2023-05
2023-05-31,秦皇植物园,HGA,,,False,left_censored,HGA_2023-05
2023-05-31,孟姜女庙景区,SHG,0.19,6.0,True,density,SHG_2023-05
2023-05-31,山海关欢乐海洋公园,SHG,,,False,left_censored,SHG_2023-05
2023-05-31,山海关风景区,SHG,,,False,left_censored,SHG_2023-05
2023-05-31,山海关风景区-天下第一关景区,SHG,,,False,left_censored,SHG_2023-05
2023-05-31,老龙头景区,SHG,,,False,left_censored,SHG_2023-05
2023-05-31,角山景区,SHG,,,False,left_censored,SHG_2023-05
2023-05-31,黄金海岸风景区,其他_昌黎,,,False,left_censored,其他_昌黎_2023-05
2023-06-02,北戴河碧螺塔海上酒吧公园,BDH,,,False,left_censored,BDH_2023-06
2023-06-02,北戴河集发农业专业合作社,BDH,,,False,left_censored,BDH_2023-06
2023-06-02,奥林匹克公园,BDH,,,False,left_censored,BDH_2023-06
2023-06-02,平水桥公园,BDH,0.67,96.0,True,density,BDH_2023-06
2023-06-02,戴河生态园,BDH,,,False,left_censored,BDH_2023-06
2023-06-02,秦皇岛野生动物园,BDH,,,False,left_censored,BDH_2023-06
2023-06-02,老虎石海上公园,BDH,0.87,84.0,True,density,BDH_2023-06
2023-06-02,鸽子窝公园,BDH,,,False,left_censored,BDH_2023-06
2023-06-02,新澳海底世界,HGA,,,False,left_censored,HGA_2023-06
2023-06-02,河北秦皇岛国家地质公园,HGA,,,False,left_censored,HGA_2023-06
2023-06-02,秦皇植物园,HGA,,,False,left_censored,HGA_2023-06
2023-06-02,孟姜女庙景区,SHG,,,False,left_censored,SHG_2023-06
2023-06-02,山海关欢乐海洋公园,SHG,,,False,left_censored,SHG_2023-06
2023-06-02,山海关风景区,SHG,,,False,left_censored,SHG_2023-06
2023-06-02,山海关风景区-天下第一关景区,SHG,,,False,left_censored,SHG_2023-06
2023-06-02,老龙头景区,SHG,,,False,left_censored,SHG_2023-06
2023-06-02,角山景区,SHG,,,False,left_censored,SHG_2023-06
2023-06-02,黄金海岸风景区,其他_昌黎,,,False,left_censored,其他_昌黎_2023-06
2023-06-03,北戴河碧螺塔海上酒吧公园,BDH,3.2,98.0,True,density,BDH_2023-06
2023-06-03,北戴河集发农业专业合作社,BDH,,,False,left_censored,BDH_2023-06
2023-06-03,奥林匹克公园,BDH,0.64,54.0,True,density,BDH_2023-06
2023-06-03,平水桥公园,BDH,1.11,6.0,True,density,BDH_2023-06
2023-06-03,戴河生态园,BDH,,,False,left_censored,BDH_2023-06
2023-06-03,秦皇岛野生动物园,BDH,,,False,left_censored,BDH_2023-06
2023-06-03,老虎石海上公园,BDH,1.66,4.0,True,density,BDH_2023-06
2023-06-03,鸽子窝公园,BDH,4.51,58.0,True,density,BDH_2023-06
2023-06-03,新澳海底世界,HGA,2.03,76.0,True,density,HGA_2023-06
2023-06-03,河北秦皇岛国家地质公园,HGA,,,False,left_censored,HGA_2023-06
2023-06-03,秦皇植物园,HGA,,,False,left_censored,HGA_2023-06
2023-06-03,孟姜女庙景区,SHG,0.49,48.0,True,density,SHG_2023-06
2023-06-03,山海关欢乐海洋公园,SHG,,,False,left_censored,SHG_2023-06
2023-06-03,山海关风景区,SHG,,,False,left_censored,SHG_2023-06
2023-06-03,山海关风景区-天下第一关景区,SHG,,,False,left_censored,SHG_2023-06
2023-06-03,老龙头景区,SHG,,,False,left_censored,SHG_2023-06
2023-06-03,角山景区,SHG,,,False,left_censored,SHG_2023-06
2023-06-03,黄金海岸风景区,其他_昌黎,,,False,left_censored,其他_昌黎_2023-06
2023-06-04,北戴河碧螺塔海上酒吧公园,BDH,2.22,85.0,True,density,BDH_2023-06
2023-06-04,北戴河集发农业专业合作社,BDH,,,False,left_censored,BDH_2023-06
2023-06-04,奥林匹克公园,BDH,0.6,72.0,True,density,BDH_2023-06
2023-06-04,平水桥公园,BDH,0.86,31.0,True,density,BDH_2023-06
2023-06-04,戴河生态园,BDH,,,False,left_censored,BDH_2023-06
2023-06-04,秦皇岛野生动物园,BDH,,,False,left_censored,BDH_2023-06
2023-06-04,老虎石海上公园,BDH,1.15,27.0,True,density,BDH_2023-06
2023-06-04,鸽子窝公园,BDH,4.33,73.0,True,density,BDH_2023-06
2023-06-04,新澳海底世界,HGA,,,False,left_censored,HGA_2023-06
2023-06-04,河北秦皇岛国家地质公园,HGA,,,False,left_censored,HGA_2023-06
2023-06-04,秦皇植物园,HGA,,,False,left_censored,HGA_2023-06
2023-06-04,孟姜女庙景区,SHG,,,False,left_censored,SHG_2023-06
2023-06-04,山海关欢乐海洋公园,SHG,,,False,left_censored,SHG_2023-06
2023-06-04,山海关风景区,SHG,,,False,left_censored,SHG_2023-06
2023-06-04,山海关风景区-天下第一关景区,SHG,,,False,left_censored,SHG_2023-06
2023-06-04,老龙头景区,SHG,,,False,left_censored,SHG_2023-06
2023-06-04,角山景区,SHG,,,False,left_censored,SHG_2023-06
2023-06-04,黄金海岸风景区,其他_昌黎,,,False,left_censored,其他_昌黎_2023-06
2023-06-05,北戴河碧螺塔海上酒吧公园,BDH,,,False,left_censored,BDH_2023-06
2023-06-05,北戴河集发农业专业合作社,BDH,,,False,left_censored,BDH_2023-06
2023-06-05,奥林匹克公园,BDH,,,False,left_censored,BDH_2023-06
2023-06-05,平水桥公园,BDH,,,False,left_censored,BDH_2023-06
2023-06-05,戴河生态园,BDH,,,False,left_censored,BDH_2023-06
2023-06-05,秦皇岛野生动物园,BDH,,,False,left_censored,BDH_2023-06
2023-06-05,老虎石海上公园,BDH,,,False,left_censored,BDH_2023-06
2023-06-05,鸽子窝公园,BDH,,,False,left_censored,BDH_2023-06
2023-06-05,新澳海底世界,HGA,,,False,left_censored,HGA_2023-06
2023-06-05,河北秦皇岛国家地质公园,HGA,,,False,left_censored,HGA_2023-06
2023-06-05,秦皇植物园,HGA,0.57,57.0,True,density,HGA_2023-06
2023-06-05,孟姜女庙景区,SHG,,,False,left_censored,SHG_2023-06
2023-06-05,山海关欢乐海洋公园,SHG,,,False,left_censored,SHG_2023-06
2023-06-05,山海关风景区,SHG,,,False,left_censored,SHG_2023-06
2023-06-05,山海关风景区-天下第一关景区,SHG,,,False,left_censored,SHG_2023-06
2023-06-05,老龙头景区,SHG,,,False,left_censored,SHG_2023-06
2023-06-05,角山景区,SHG,,,False,left_censored,SHG_2023-06
2023-06-05,黄金海岸风景区,其他_昌黎,,,False,left_censored,其他_昌黎_2023-06
2023-06-06,北戴河碧螺塔海上酒吧公园,BDH,,,False,left_censored,BDH_2023-06
2023-06-06,北戴河集发农业专业合作社,BDH,,,False,left_censored,BDH_2023-06
2023-06-06,奥林匹克公园,BDH,,,False,left_censored,BDH_2023-06
2023-06-06,平水桥公园,BDH,0.71,48.0,True,density,BDH_2023-06
2023-06-06,戴河生态园,BDH,,,False,left_censored,BDH_2023-06
2023-06-06,秦皇岛野生动物园,BDH,,,False,left_censored,BDH_2023-06
2023-06-06,老虎石海上公园,BDH,0.9,42.0,True,density,BDH_2023-06
2023-06-06,鸽子窝公园,BDH,,,False,left_censored,BDH_2023-06
2023-06-06,新澳海底世界,HGA,,,False,left_censored,HGA_2023-06
2023-06-06,河北秦皇岛国家地质公园,HGA,,,False,left_censored,HGA_2023-06
2023-06-06,秦皇植物园,HGA,,,False,left_censored,HGA_2023-06
2023-06-06,孟姜女庙景区,SHG,0.2,1.0,True,density,SHG_2023-06
2023-06-06,山海关欢乐海洋公园,SHG,,,False,left_censored,SHG_2023-06
2023-06-06,山海关风景区,SHG,,,False,left_censored,SHG_2023-06
2023-06-06,山海关风景区-天下第一关景区,SHG,,,False,left_censored,SHG_2023-06
2023-06-06,老龙头景区,SHG,,,False,left_censored,SHG_2023-06
2023-06-06,角山景区,SHG,0.35,2.0,True,density,SHG_2023-06
2023-06-06,黄金海岸风景区,其他_昌黎,,,False,left_censored,其他_昌黎_2023-06
2023-06-07,北戴河碧螺塔海上酒吧公园,BDH,,,False,left_censored,BDH_2023-06
2023-06-07,北戴河集发农业专业合作社,BDH,,,False,left_censored,BDH_2023-06
2023-06-07,奥林匹克公园,BDH,,,False,left_censored,BDH_2023-06
2023-06-07,平水桥公园,BDH,0.78,50.0,True,density,BDH_2023-06
2023-06-07,戴河生态园,BDH,,,False,left_censored,BDH_2023-06
2023-06-07,秦皇岛野生动物园,BDH,,,False,left_censored,BDH_2023-06
2023-06-07,老虎石海上公园,BDH,0.84,41.0,True,density,BDH_2023-06
2023-06-07,鸽子窝公园,BDH,,,False,left_censored,BDH_2023-06
2023-06-07,新澳海底世界,HGA,,,False,left_censored,HGA_2023-06
2023-06-07,河北秦皇岛国家地质公园,HGA,,,False,left_censored,HGA_2023-06
2023-06-07,秦皇植物园,HGA,,,False,left_censored,HGA_2023-06
2023-06-07,孟姜女庙景区,SHG,,,False,left_censored,SHG_2023-06
2023-06-07,山海关欢乐海洋公园,SHG,,,False,left_censored,SHG_2023-06
2023-06-07,山海关风景区,SHG,,,False,left_censored,SHG_2023-06
2023-06-07,山海关风景区-天下第一关景区,SHG,,,False,left_censored,SHG_2023-06
2023-06-07,老龙头景区,SHG,,,False,left_censored,SHG_2023-06
2023-06-07,角山景区,SHG,,,False,left_censored,SHG_2023-06
2023-06-07,黄金海岸风景区,其他_昌黎,,,False,left_censored,其他_昌黎_2023-06
2023-06-08,北戴河碧螺塔海上酒吧公园,BDH,,,False,left_censored,BDH_2023-06
2023-06-08,北戴河集发农业专业合作社,BDH,,,False,left_censored,BDH_2023-06
2023-06-08,奥林匹克公园,BDH,,,False,left_censored,BDH_2023-06
2023-06-08,平水桥公园,BDH,0.78,13.0,True,density,BDH_2023-06
2023-06-08,戴河生态园,BDH,,,False,left_censored,BDH_2023-06
2023-06-08,秦皇岛野生动物园,BDH,,,False,left_censored,BDH_2023-06
2023-06-08,老虎石海上公园,BDH,0.93,9.0,True,density,BDH_2023-06
2023-06-08,鸽子窝公园,BDH,,,False,left_censored,BDH_2023-06
2023-06-08,新澳海底世界,HGA,,,False,left_censored,HGA_2023-06
2023-06-08,河北秦皇岛国家地质公园,HGA,,,False,left_censored,HGA_2023-06
2023-06-08,秦皇植物园,HGA,,,False,left_censored,HGA_2023-06
2023-06-08,孟姜女庙景区,SHG,0.19,45.0,True,density,SHG_2023-06
2023-06-08,山海关欢乐海洋公园,SHG,,,False,left_censored,SHG_2023-06
2023-06-08,山海关风景区,SHG,,,False,left_censored,SHG_2023-06
2023-06-08,山海关风景区-天下第一关景区,SHG,,,False,left_censored,SHG_2023-06
2023-06-08,老龙头景区,SHG,,,False,left_censored,SHG_2023-06
2023-06-08,角山景区,SHG,,,False,left_censored,SHG_2023-06
2023-06-08,黄金海岸风景区,其他_昌黎,,,False,left_censored,其他_昌黎_2023-06
2023-06-09,北戴河碧螺塔海上酒吧公园,BDH,,,False,left_censored,BDH_2023-06
2023-06-09,北戴河集发农业专业合作社,BDH,,,False,left_censored,BDH_2023-06
2023-06-09,奥林匹克公园,BDH,,,False,left_censored,BDH_2023-06
2023-06-09,平水桥公园,BDH,0.77,33.0,True,density,BDH_2023-06
2023-06-09,戴河生态园,BDH,,,False,left_censored,BDH_2023-06
2023-06-09,秦皇岛野生动物园,BDH,,,False,left_censored,BDH_2023-06
2023-06-09,老虎石海上公园,BDH,1.02,26.0,True,density,BDH_2023-06
2023-06-09,鸽子窝公园,BDH,,,False,left_censored,BDH_2023-06
2023-06-09,新澳海底世界,HGA,,,False,left_censored,HGA_2023-06
2023-06-09,河北秦皇岛国家地质公园,HGA,,,False,left_censored,HGA_2023-06
2023-06-09,秦皇植物园,HGA,,,False,left_censored,HGA_2023-06
2023-06-09,孟姜女庙景区,SHG,,,False,left_censored,SHG_2023-06
2023-06-09,山海关欢乐海洋公园,SHG,,,False,left_censored,SHG_2023-06
2023-06-09,山海关风景区,SHG,,,False,left_censored,SHG_2023-06
2023-06-09,山海关风景区-天下第一关景区,SHG,,,False,left_censored,SHG_2023-06
2023-06-09,老龙头景区,SHG,,,False,left_censored,SHG_2023-06
2023-06-09,角山景区,SHG,,,False,left_censored,SHG_2023-06
2023-06-09,黄金海岸风景区,其他_昌黎,,,False,left_censored,其他_昌黎_2023-06
2023-06-10,北戴河碧螺塔海上酒吧公园,BDH,3.11,77.0,True,density,BDH_2023-06
2023-06-10,北戴河集发农业专业合作社,BDH,,,False,left_censored,BDH_2023-06
2023-06-10,奥林匹克公园,BDH,0.68,40.0,True,density,BDH_2023-06
2023-06-10,平水桥公园,BDH,1.15,7.0,True,density,BDH_2023-06
2023-06-10,戴河生态园,BDH,,,False,left_censored,BDH_2023-06
2023-06-10,秦皇岛野生动物园,BDH,,,False,left_censored,BDH_2023-06
2023-06-10,老虎石海上公园,BDH,1.46,3.0,True,density,BDH_2023-06
2023-06-10,鸽子窝公园,BDH,4.6,43.0,True,density,BDH_2023-06
2023-06-10,新澳海底世界,HGA,1.84,57.0,True,density,HGA_2023-06
2023-06-10,河北秦皇岛国家地质公园,HGA,,,False,left_censored,HGA_2023-06
2023-06-10,秦皇植物园,HGA,,,False,left_censored,HGA_2023-06
2023-06-10,孟姜女庙景区,SHG,0.19,30.0,True,density,SHG_2023-06
2023-06-10,山海关欢乐海洋公园,SHG,,,False,left_censored,SHG_2023-06
2023-06-10,山海关风景区,SHG,,,False,left_censored,SHG_2023-06
2023-06-10,山海关风景区-天下第一关景区,SHG,,,False,left_censored,SHG_2023-06
2023-06-10,老龙头景区,SHG,,,False,left_censored,SHG_2023-06
2023-06-10,角山景区,SHG,,,False,left_censored,SHG_2023-06
2023-06-10,黄金海岸风景区,其他_昌黎,,,False,left_censored,其他_昌黎_2023-06
2023-06-11,北戴河碧螺塔海上酒吧公园,BDH,2.22,28.0,True,density,BDH_2023-06
2023-06-11,北戴河集发农业专业合作社,BDH,,,False,left_censored,BDH_2023-06
2023-06-11,奥林匹克公园,BDH,0.63,29.0,True,density,BDH_2023-06
2023-06-11,平水桥公园,BDH,0.92,16.0,True,density,BDH_2023-06
2023-06-11,戴河生态园,BDH,,,False,left_censored,BDH_2023-06
2023-06-11,秦皇岛野生动物园,BDH,,,False,left_censored,BDH_2023-06
2023-06-11,老虎石海上公园,BDH,1.28,15.0,True,density,BDH_2023-06
2023-06-11,鸽子窝公园,BDH,4.63,22.0,True,density,BDH_2023-06
2023-06-11,新澳海底世界,HGA,1.88,35.0,True,density,HGA_2023-06
2023-06-11,河北秦皇岛国家地质公园,HGA,,,False,left_censored,HGA_2023-06
2023-06-11,秦皇植物园,HGA,,,False,left_censored,HGA_2023-06
2023-06-11,孟姜女庙景区,SHG,0.22,40.0,True,density,SHG_2023-06
2023-06-11,山海关欢乐海洋公园,SHG,,,False,left_censored,SHG_2023-06
2023-06-11,山海关风景区,SHG,,,False,left_censored,SHG_2023-06
2023-06-11,山海关风景区-天下第一关景区,SHG,,,False,left_censored,SHG_2023-06
2023-06-11,老龙头景区,SHG,,,False,left_censored,SHG_2023-06
2023-06-11,角山景区,SHG,,,False,left_censored,SHG_2023-06
2023-06-11,黄金海岸风景区,其他_昌黎,,,False,left_censored,其他_昌黎_2023-06
2023-06-12,北戴河碧螺塔海上酒吧公园,BDH,,,False,left_censored,BDH_2023-06
2023-06-12,北戴河集发农业专业合作社,BDH,,,False,left_censored,BDH_2023-06
2023-06-12,奥林匹克公园,BDH,,,False,left_censored,BDH_2023-06
2023-06-12,平水桥公园,BDH,0.67,57.0,True,density,BDH_2023-06
2023-06-12,戴河生态园,BDH,,,False,left_censored,BDH_2023-06
2023-06-12,秦皇岛野生动物园,BDH,,,False,left_censored,BDH_2023-06
2023-06-12,老虎石海上公园,BDH,0.78,73.0,True,density,BDH_2023-06
2023-06-12,鸽子窝公园,BDH,,,False,left_censored,BDH_2023-06
2023-06-12,新澳海底世界,HGA,,,False,left_censored,HGA_2023-06
2023-06-12,河北秦皇岛国家地质公园,HGA,,,False,left_censored,HGA_2023-06
2023-06-12,秦皇植物园,HGA,0.56,18.0,True,density,HGA_2023-06
2023-06-12,孟姜女庙景区,SHG,,,False,left_censored,SHG_2023-06
2023-06-12,山海关欢乐海洋公园,SHG,,,False,left_censored,SHG_2023-06
2023-06-12,山海关风景区,SHG,,,False,left_censored,SHG_2023-06
2023-06-12,山海关风景区-天下第一关景区,SHG,,,False,left_censored,SHG_2023-06
2023-06-12,老龙头景区,SHG,,,False,left_censored,SHG_2023-06
2023-06-12,角山景区,SHG,,,False,left_censored,SHG_2023-06
2023-06-12,黄金海岸风景区,其他_昌黎,,,False,left_censored,其他_昌黎_2023-06
2023-06-13,北戴河碧螺塔海上酒吧公园,BDH,,,False,left_censored,BDH_2023-06
2023-06-13,北戴河集发农业专业合作社,BDH,,,False,left_censored,BDH_2023-06
2023-06-13,奥林匹克公园,BDH,,,False,left_censored,BDH_2023-06
2023-06-13,平水桥公园,BDH,0.83,47.0,True,density,BDH_2023-06
2023-06-13,戴河生态园,BDH,,,False,left_censored,BDH_2023-06
2023-06-13,秦皇岛野生动物园,BDH,,,False,left_censored,BDH_2023-06
2023-06-13,老虎石海上公园,BDH,1.04,49.0,True,density,BDH_2023-06
2023-06-13,鸽子窝公园,BDH,,,False,left_censored,BDH_2023-06
2023-06-13,新澳海底世界,HGA,,,False,left_censored,HGA_2023-06
2023-06-13,河北秦皇岛国家地质公园,HGA,,,False,left_censored,HGA_2023-06
2023-06-13,秦皇植物园,HGA,,,False,left_censored,HGA_2023-06
2023-06-13,孟姜女庙景区,SHG,,,False,left_censored,SHG_2023-06
2023-06-13,山海关欢乐海洋公园,SHG,,,False,left_censored,SHG_2023-06
2023-06-13,山海关风景区,SHG,,,False,left_censored,SHG_2023-06
2023-06-13,山海关风景区-天下第一关景区,SHG,,,False,left_censored,SHG_2023-06
2023-06-13,老龙头景区,SHG,,,False,left_censored,SHG_2023-06
2023-06-13,角山景区,SHG,,,False,left_censored,SHG_2023-06
2023-06-13,黄金海岸风景区,其他_昌黎,,,False,left_censored,其他_昌黎_2023-06
2023-06-14,北戴河碧螺塔海上酒吧公园,BDH,,,False,left_censored,BDH_2023-06
2023-06-14,北戴河集发农业专业合作社,BDH,,,False,left_censored,BDH_2023-06
2023-06-14,奥林匹克公园,BDH,,,False,left_censored,BDH_2023-06
2023-06-14,平水桥公园,BDH,0.83,40.0,True,density,BDH_2023-06
2023-06-14,戴河生态园,BDH,,,False,left_censored,BDH_2023-06
2023-06-14,秦皇岛野生动物园,BDH,,,False,left_censored,BDH_2023-06
2023-06-14,老虎石海上公园,BDH,1.06,37.0,True,density,BDH_2023-06
2023-06-14,鸽子窝公园,BDH,,,False,left_censored,BDH_2023-06
2023-06-14,新澳海底世界,HGA,,,False,left_censored,HGA_2023-06
2023-06-14,河北秦皇岛国家地质公园,HGA,,,False,left_censored,HGA_2023-06
2023-06-14,秦皇植物园,HGA,,,False,left_censored,HGA_2023-06
2023-06-14,孟姜女庙景区,SHG,,,False,left_censored,SHG_2023-06
2023-06-14,山海关欢乐海洋公园,SHG,,,False,left_censored,SHG_2023-06
2023-06-14,山海关风景区,SHG,,,False,left_censored,SHG_2023-06
2023-06-14,山海关风景区-天下第一关景区,SHG,,,False,left_censored,SHG_2023-06
2023-06-14,老龙头景区,SHG,,,False,left_censored,SHG_2023-06
2023-06-14,角山景区,SHG,,,False,left_censored,SHG_2023-06
2023-06-14,黄金海岸风景区,其他_昌黎,,,False,left_censored,其他_昌黎_2023-06
2023-06-15,北戴河碧螺塔海上酒吧公园,BDH,,,False,left_censored,BDH_2023-06
2023-06-15,北戴河集发农业专业合作社,BDH,,,False,left_censored,BDH_2023-06
2023-06-15,奥林匹克公园,BDH,,,False,left_censored,BDH_2023-06
2023-06-15,平水桥公园,BDH,0.76,48.0,True,density,BDH_2023-06
2023-06-15,戴河生态园,BDH,,,False,left_censored,BDH_2023-06
2023-06-15,秦皇岛野生动物园,BDH,,,False,left_censored,BDH_2023-06
2023-06-15,老虎石海上公园,BDH,1.09,49.0,True,density,BDH_2023-06
2023-06-15,鸽子窝公园,BDH,,,False,left_censored,BDH_2023-06
2023-06-15,新澳海底世界,HGA,,,False,left_censored,HGA_2023-06
2023-06-15,河北秦皇岛国家地质公园,HGA,,,False,left_censored,HGA_2023-06
2023-06-15,秦皇植物园,HGA,,,False,left_censored,HGA_2023-06
2023-06-15,孟姜女庙景区,SHG,0.18,3.0,True,density,SHG_2023-06
2023-06-15,山海关欢乐海洋公园,SHG,,,False,left_censored,SHG_2023-06
2023-06-15,山海关风景区,SHG,,,False,left_censored,SHG_2023-06
2023-06-15,山海关风景区-天下第一关景区,SHG,,,False,left_censored,SHG_2023-06
2023-06-15,老龙头景区,SHG,,,False,left_censored,SHG_2023-06
2023-06-15,角山景区,SHG,,,False,left_censored,SHG_2023-06
2023-06-15,黄金海岸风景区,其他_昌黎,,,False,left_censored,其他_昌黎_2023-06
2023-06-16,北戴河碧螺塔海上酒吧公园,BDH,,,False,left_censored,BDH_2023-06
2023-06-16,北戴河集发农业专业合作社,BDH,,,False,left_censored,BDH_2023-06
2023-06-16,奥林匹克公园,BDH,,,False,left_censored,BDH_2023-06
2023-06-16,平水桥公园,BDH,0.89,67.0,True,density,BDH_2023-06
2023-06-16,戴河生态园,BDH,,,False,left_censored,BDH_2023-06
2023-06-16,秦皇岛野生动物园,BDH,,,False,left_censored,BDH_2023-06
2023-06-16,老虎石海上公园,BDH,1.15,62.0,True,density,BDH_2023-06
2023-06-16,鸽子窝公园,BDH,,,False,left_censored,BDH_2023-06
2023-06-16,新澳海底世界,HGA,,,False,left_censored,HGA_2023-06
2023-06-16,河北秦皇岛国家地质公园,HGA,,,False,left_censored,HGA_2023-06
2023-06-16,秦皇植物园,HGA,,,False,left_censored,HGA_2023-06
2023-06-16,孟姜女庙景区,SHG,,,False,left_censored,SHG_2023-06
2023-06-16,山海关欢乐海洋公园,SHG,,,False,left_censored,SHG_2023-06
2023-06-16,山海关风景区,SHG,,,False,left_censored,SHG_2023-06
2023-06-16,山海关风景区-天下第一关景区,SHG,,,False,left_censored,SHG_2023-06
2023-06-16,老龙头景区,SHG,,,False,left_censored,SHG_2023-06
2023-06-16,角山景区,SHG,,,False,left_censored,SHG_2023-06
2023-06-16,黄金海岸风景区,其他_昌黎,,,False,left_censored,其他_昌黎_2023-06
2023-06-17,北戴河碧螺塔海上酒吧公园,BDH,4.14,66.0,True,density,BDH_2023-06
2023-06-17,北戴河集发农业专业合作社,BDH,,,False,left_censored,BDH_2023-06
2023-06-17,奥林匹克公园,BDH,0.82,21.0,True,density,BDH_2023-06
2023-06-17,平水桥公园,BDH,1.41,3.0,True,density,BDH_2023-06
2023-06-17,戴河生态园,BDH,,,False,left_censored,BDH_2023-06
2023-06-17,秦皇岛野生动物园,BDH,,,False,left_censored,BDH_2023-06
2023-06-17,老虎石海上公园,BDH,1.82,2.0,True,density,BDH_2023-06
2023-06-17,鸽子窝公园,BDH,5.7,25.0,True,density,BDH_2023-06
2023-06-17,新澳海底世界,HGA,2.38,17.0,True,density,HGA_2023-06
2023-06-17,河北秦皇岛国家地质公园,HGA,,,False,left_censored,HGA_2023-06
2023-06-17,秦皇植物园,HGA,,,False,left_censored,HGA_2023-06
2023-06-17,孟姜女庙景区,SHG,0.21,74.0,True,density,SHG_2023-06
2023-06-17,山海关欢乐海洋公园,SHG,,,False,left_censored,SHG_2023-06
2023-06-17,山海关风景区,SHG,,,False,left_censored,SHG_2023-06
2023-06-17,山海关风景区-天下第一关景区,SHG,,,False,left_censored,SHG_2023-06
2023-06-17,老龙头景区,SHG,,,False,left_censored,SHG_2023-06
2023-06-17,角山景区,SHG,,,False,left_censored,SHG_2023-06
2023-06-17,黄金海岸风景区,其他_昌黎,,,False,left_censored,其他_昌黎_2023-06
2023-06-18,北戴河碧螺塔海上酒吧公园,BDH,3.09,40.0,True,density,BDH_2023-06
2023-06-18,北戴河集发农业专业合作社,BDH,,,False,left_censored,BDH_2023-06
2023-06-18,奥林匹克公园,BDH,0.83,35.0,True,density,BDH_2023-06
2023-06-18,平水桥公园,BDH,1.19,14.0,True,density,BDH_2023-06
2023-06-18,戴河生态园,BDH,,,False,left_censored,BDH_2023-06
2023-06-18,秦皇岛野生动物园,BDH,,,False,left_censored,BDH_2023-06
2023-06-18,老虎石海上公园,BDH,1.44,13.0,True,density,BDH_2023-06
2023-06-18,鸽子窝公园,BDH,5.72,25.0,True,density,BDH_2023-06
2023-06-18,新澳海底世界,HGA,2.26,22.0,True,density,HGA_2023-06
2023-06-18,河北秦皇岛国家地质公园,HGA,,,False,left_censored,HGA_2023-06
2023-06-18,秦皇植物园,HGA,,,False,left_censored,HGA_2023-06
2023-06-18,孟姜女庙景区,SHG,0.2,26.0,True,density,SHG_2023-06
2023-06-18,山海关欢乐海洋公园,SHG,,,False,left_censored,SHG_2023-06
2023-06-18,山海关风景区,SHG,,,False,left_censored,SHG_2023-06
2023-06-18,山海关风景区-天下第一关景区,SHG,,,False,left_censored,SHG_2023-06
2023-06-18,老龙头景区,SHG,,,False,left_censored,SHG_2023-06
2023-06-18,角山景区,SHG,,,False,left_censored,SHG_2023-06
2023-06-18,黄金海岸风景区,其他_昌黎,,,False,left_censored,其他_昌黎_2023-06
2023-06-19,北戴河碧螺塔海上酒吧公园,BDH,,,False,left_censored,BDH_2023-06
2023-06-19,北戴河集发农业专业合作社,BDH,,,False,left_censored,BDH_2023-06
2023-06-19,奥林匹克公园,BDH,,,False,left_censored,BDH_2023-06
2023-06-19,平水桥公园,BDH,0.77,77.0,True,density,BDH_2023-06
2023-06-19,戴河生态园,BDH,,,False,left_censored,BDH_2023-06
2023-06-19,秦皇岛野生动物园,BDH,,,False,left_censored,BDH_2023-06
2023-06-19,老虎石海上公园,BDH,0.88,73.0,True,density,BDH_2023-06
2023-06-19,鸽子窝公园,BDH,,,False,left_censored,BDH_2023-06
2023-06-19,新澳海底世界,HGA,,,False,left_censored,HGA_2023-06
2023-06-19,河北秦皇岛国家地质公园,HGA,,,False,left_censored,HGA_2023-06
2023-06-19,秦皇植物园,HGA,,,False,left_censored,HGA_2023-06
2023-06-19,孟姜女庙景区,SHG,0.18,70.0,True,density,SHG_2023-06
2023-06-19,山海关欢乐海洋公园,SHG,,,False,left_censored,SHG_2023-06
2023-06-19,山海关风景区,SHG,,,False,left_censored,SHG_2023-06
2023-06-19,山海关风景区-天下第一关景区,SHG,,,False,left_censored,SHG_2023-06
2023-06-19,老龙头景区,SHG,,,False,left_censored,SHG_2023-06
2023-06-19,角山景区,SHG,,,False,left_censored,SHG_2023-06
2023-06-19,黄金海岸风景区,其他_昌黎,,,False,left_censored,其他_昌黎_2023-06
2023-06-20,北戴河碧螺塔海上酒吧公园,BDH,,,False,left_censored,BDH_2023-06
2023-06-20,北戴河集发农业专业合作社,BDH,,,False,left_censored,BDH_2023-06
2023-06-20,奥林匹克公园,BDH,,,False,left_censored,BDH_2023-06
2023-06-20,平水桥公园,BDH,,,False,left_censored,BDH_2023-06
2023-06-20,戴河生态园,BDH,,,False,left_censored,BDH_2023-06
2023-06-20,秦皇岛野生动物园,BDH,,,False,left_censored,BDH_2023-06
2023-06-20,老虎石海上公园,BDH,,,False,left_censored,BDH_2023-06
2023-06-20,鸽子窝公园,BDH,,,False,left_censored,BDH_2023-06
2023-06-20,新澳海底世界,HGA,,,False,left_censored,HGA_2023-06
2023-06-20,河北秦皇岛国家地质公园,HGA,,,False,left_censored,HGA_2023-06
2023-06-20,秦皇植物园,HGA,0.54,94.0,True,density,HGA_2023-06
2023-06-20,孟姜女庙景区,SHG,,,False,left_censored,SHG_2023-06
2023-06-20,山海关欢乐海洋公园,SHG,,,False,left_censored,SHG_2023-06
2023-06-20,山海关风景区,SHG,,,False,left_censored,SHG_2023-06
2023-06-20,山海关风景区-天下第一关景区,SHG,,,False,left_censored,SHG_2023-06
2023-06-20,老龙头景区,SHG,,,False,left_censored,SHG_2023-06
2023-06-20,角山景区,SHG,,,False,left_censored,SHG_2023-06
2023-06-20,黄金海岸风景区,其他_昌黎,,,False,left_censored,其他_昌黎_2023-06
2023-06-21,北戴河碧螺塔海上酒吧公园,BDH,,,False,left_censored,BDH_2023-06
2023-06-21,北戴河集发农业专业合作社,BDH,,,False,left_censored,BDH_2023-06
2023-06-21,奥林匹克公园,BDH,,,False,left_censored,BDH_2023-06
2023-06-21,平水桥公园,BDH,,,False,left_censored,BDH_2023-06
2023-06-21,戴河生态园,BDH,,,False,left_censored,BDH_2023-06
2023-06-21,秦皇岛野生动物园,BDH,,,False,left_censored,BDH_2023-06
2023-06-21,老虎石海上公园,BDH,,,False,left_censored,BDH_2023-06
2023-06-21,鸽子窝公园,BDH,,,False,left_censored,BDH_2023-06
2023-06-21,新澳海底世界,HGA,,,False,left_censored,HGA_2023-06
2023-06-21,河北秦皇岛国家地质公园,HGA,,,False,left_censored,HGA_2023-06
2023-06-21,秦皇植物园,HGA,0.69,73.0,True,density,HGA_2023-06
2023-06-21,孟姜女庙景区,SHG,,,False,left_censored,SHG_2023-06
2023-06-21,山海关欢乐海洋公园,SHG,,,False,left_censored,SHG_2023-06
2023-06-21,山海关风景区,SHG,,,False,left_censored,SHG_2023-06
2023-06-21,山海关风景区-天下第一关景区,SHG,,,False,left_censored,SHG_2023-06
2023-06-21,老龙头景区,SHG,,,False,left_censored,SHG_2023-06
2023-06-21,角山景区,SHG,,,False,left_censored,SHG_2023-06
2023-06-21,黄金海岸风景区,其他_昌黎,,,False,left_censored,其他_昌黎_2023-06
2023-06-22,北戴河碧螺塔海上酒吧公园,BDH,,,False,left_censored,BDH_2023-06
2023-06-22,北戴河集发农业专业合作社,BDH,,,False,left_censored,BDH_2023-06
2023-06-22,奥林匹克公园,BDH,0.97,16.0,True,density,BDH_2023-06
2023-06-22,平水桥公园,BDH,2.64,7.0,True,density,BDH_2023-06
2023-06-22,戴河生态园,BDH,,,False,left_censored,BDH_2023-06
2023-06-22,秦皇岛野生动物园,BDH,,,False,left_censored,BDH_2023-06
2023-06-22,老虎石海上公园,BDH,2.48,4.0,True,density,BDH_2023-06
2023-06-22,鸽子窝公园,BDH,7.61,17.0,True,density,BDH_2023-06
2023-06-22,新澳海底世界,HGA,2.68,21.0,True,density,HGA_2023-06
2023-06-22,河北秦皇岛国家地质公园,HGA,,,False,left_censored,HGA_2023-06
2023-06-22,秦皇植物园,HGA,,,False,left_censored,HGA_2023-06
2023-06-22,孟姜女庙景区,SHG,,,False,left_censored,SHG_2023-06
2023-06-22,山海关欢乐海洋公园,SHG,,,False,left_censored,SHG_2023-06
2023-06-22,山海关风景区,SHG,,,False,left_censored,SHG_2023-06
2023-06-22,山海关风景区-天下第一关景区,SHG,,,False,left_censored,SHG_2023-06
2023-06-22,老龙头景区,SHG,,,False,left_censored,SHG_2023-06
2023-06-22,角山景区,SHG,,,False,left_censored,SHG_2023-06
2023-06-22,黄金海岸风景区,其他_昌黎,5.51,70.0,True,density,其他_昌黎_2023-06
2023-06-23,北戴河碧螺塔海上酒吧公园,BDH,5.68,33.0,True,density,BDH_2023-06
2023-06-23,北戴河集发农业专业合作社,BDH,1.82,77.0,True,density,BDH_2023-06
2023-06-23,奥林匹克公园,BDH,1.27,6.0,True,density,BDH_2023-06
2023-06-23,平水桥公园,BDH,2.72,12.0,True,density,BDH_2023-06
2023-06-23,戴河生态园,BDH,,,False,left_censored,BDH_2023-06
2023-06-23,秦皇岛野生动物园,BDH,6.77,94.0,True,density,BDH_2023-06
2023-06-23,老虎石海上公园,BDH,2.51,9.0,True,density,BDH_2023-06
2023-06-23,鸽子窝公园,BDH,10.71,4.0,True,density,BDH_2023-06
2023-06-23,新澳海底世界,HGA,3.34,31.0,True,density,HGA_2023-06
2023-06-23,河北秦皇岛国家地质公园,HGA,,,False,left_censored,HGA_2023-06
2023-06-23,秦皇植物园,HGA,,,False,left_censored,HGA_2023-06
2023-06-23,孟姜女庙景区,SHG,,,False,left_censored,SHG_2023-06
2023-06-23,山海关欢乐海洋公园,SHG,10.18,24.0,True,density,SHG_2023-06
2023-06-23,山海关风景区,SHG,,,False,left_censored,SHG_2023-06
2023-06-23,山海关风景区-天下第一关景区,SHG,,,False,left_censored,SHG_2023-06
2023-06-23,老龙头景区,SHG,,,False,left_censored,SHG_2023-06
2023-06-23,角山景区,SHG,,,False,left_censored,SHG_2023-06
2023-06-23,黄金海岸风景区,其他_昌黎,6.13,85.0,True,density,其他_昌黎_2023-06
2023-06-24,北戴河碧螺塔海上酒吧公园,BDH,2.96,21.0,True,density,BDH_2023-06
2023-06-24,北戴河集发农业专业合作社,BDH,1.22,93.0,True,density,BDH_2023-06
2023-06-24,奥林匹克公园,BDH,0.89,11.0,True,density,BDH_2023-06
2023-06-24,平水桥公园,BDH,1.63,5.0,True,density,BDH_2023-06
2023-06-24,戴河生态园,BDH,,,False,left_censored,BDH_2023-06
2023-06-24,秦皇岛野生动物园,BDH,,,False,left_censored,BDH_2023-06
2023-06-24,老虎石海上公园,BDH,1.66,3.0,True,density,BDH_2023-06
2023-06-24,鸽子窝公园,BDH,6.3,8.0,True,density,BDH_2023-06
2023-06-24,新澳海底世界,HGA,2.23,28.0,True,density,HGA_2023-06
2023-06-24,河北秦皇岛国家地质公园,HGA,,,False,left_censored,HGA_2023-06
2023-06-24,秦皇植物园,HGA,0.69,32.0,True,density,HGA_2023-06
2023-06-24,孟姜女庙景区,SHG,0.22,66.0,True,density,SHG_2023-06
2023-06-24,山海关欢乐海洋公园,SHG,,,False,left_censored,SHG_2023-06
2023-06-24,山海关风景区,SHG,,,False,left_censored,SHG_2023-06
2023-06-24,山海关风景区-天下第一关景区,SHG,,,False,left_censored,SHG_2023-06
2023-06-24,老龙头景区,SHG,,,False,left_censored,SHG_2023-06
2023-06-24,角山景区,SHG,,,False,left_censored,SHG_2023-06
2023-06-24,黄金海岸风景区,其他_昌黎,3.28,58.0,True,density,其他_昌黎_2023-06
2023-06-25,北戴河碧螺塔海上酒吧公园,BDH,,,False,left_censored,BDH_2023-06
2023-06-25,北戴河集发农业专业合作社,BDH,,,False,left_censored,BDH_2023-06
2023-06-25,奥林匹克公园,BDH,0.6,91.0,True,density,BDH_2023-06
2023-06-25,平水桥公园,BDH,1.05,14.0,True,density,BDH_2023-06
2023-06-25,戴河生态园,BDH,,,False,left_censored,BDH_2023-06
2023-06-25,秦皇岛野生动物园,BDH,,,False,left_censored,BDH_2023-06
2023-06-25,老虎石海上公园,BDH,1.23,15.0,True,density,BDH_2023-06
2023-06-25,鸽子窝公园,BDH,4.12,78.0,True,density,BDH_2023-06
2023-06-25,新澳海底世界,HGA,,,False,left_censored,HGA_2023-06
2023-06-25,河北秦皇岛国家地质公园,HGA,,,False,left_censored,HGA_2023-06
2023-06-25,秦皇植物园,HGA,0.67,7.0,True,density,HGA_2023-06
2023-06-25,孟姜女庙景区,SHG,,,False,left_censored,SHG_2023-06
2023-06-25,山海关欢乐海洋公园,SHG,,,False,left_censored,SHG_2023-06
2023-06-25,山海关风景区,SHG,,,False,left_censored,SHG_2023-06
2023-06-25,山海关风景区-天下第一关景区,SHG,,,False,left_censored,SHG_2023-06
2023-06-25,老龙头景区,SHG,,,False,left_censored,SHG_2023-06
2023-06-25,角山景区,SHG,,,False,left_censored,SHG_2023-06
2023-06-25,黄金海岸风景区,其他_昌黎,,,False,left_censored,其他_昌黎_2023-06
2023-06-26,北戴河碧螺塔海上酒吧公园,BDH,,,False,left_censored,BDH_2023-06
2023-06-26,北戴河集发农业专业合作社,BDH,,,False,left_censored,BDH_2023-06
2023-06-26,奥林匹克公园,BDH,,,False,left_censored,BDH_2023-06
2023-06-26,平水桥公园,BDH,1.12,34.0,True,density,BDH_2023-06
2023-06-26,戴河生态园,BDH,,,False,left_censored,BDH_2023-06
2023-06-26,秦皇岛野生动物园,BDH,,,False,left_censored,BDH_2023-06
2023-06-26,老虎石海上公园,BDH,1.29,37.0,True,density,BDH_2023-06
2023-06-26,鸽子窝公园,BDH,,,False,left_censored,BDH_2023-06
2023-06-26,新澳海底世界,HGA,1.53,12.0,True,density,HGA_2023-06
2023-06-26,河北秦皇岛国家地质公园,HGA,,,False,left_censored,HGA_2023-06
2023-06-26,秦皇植物园,HGA,0.64,32.0,True,density,HGA_2023-06
2023-06-26,孟姜女庙景区,SHG,0.18,99.0,True,density,SHG_2023-06
2023-06-26,山海关欢乐海洋公园,SHG,,,False,left_censored,SHG_2023-06
2023-06-26,山海关风景区,SHG,,,False,left_censored,SHG_2023-06
2023-06-26,山海关风景区-天下第一关景区,SHG,,,False,left_censored,SHG_2023-06
2023-06-26,老龙头景区,SHG,,,False,left_censored,SHG_2023-06
2023-06-26,角山景区,SHG,,,False,left_censored,SHG_2023-06
2023-06-26,黄金海岸风景区,其他_昌黎,,,False,left_censored,其他_昌黎_2023-06
2023-06-27,北戴河碧螺塔海上酒吧公园,BDH,,,False,left_censored,BDH_2023-06
2023-06-27,北戴河集发农业专业合作社,BDH,,,False,left_censored,BDH_2023-06
2023-06-27,奥林匹克公园,BDH,,,False,left_censored,BDH_2023-06
2023-06-27,平水桥公园,BDH,1.13,18.0,True,density,BDH_2023-06
2023-06-27,戴河生态园,BDH,,,False,left_censored,BDH_2023-06
2023-06-27,秦皇岛野生动物园,BDH,,,False,left_censored,BDH_2023-06
2023-06-27,老虎石海上公园,BDH,1.24,16.0,True,density,BDH_2023-06
2023-06-27,鸽子窝公园,BDH,,,False,left_censored,BDH_2023-06
2023-06-27,新澳海底世界,HGA,,,False,left_censored,HGA_2023-06
2023-06-27,河北秦皇岛国家地质公园,HGA,,,False,left_censored,HGA_2023-06
2023-06-27,秦皇植物园,HGA,,,False,left_censored,HGA_2023-06
2023-06-27,孟姜女庙景区,SHG,,,False,left_censored,SHG_2023-06
2023-06-27,山海关欢乐海洋公园,SHG,,,False,left_censored,SHG_2023-06
2023-06-27,山海关风景区,SHG,,,False,left_censored,SHG_2023-06
2023-06-27,山海关风景区-天下第一关景区,SHG,,,False,left_censored,SHG_2023-06
2023-06-27,老龙头景区,SHG,,,False,left_censored,SHG_2023-06
2023-06-27,角山景区,SHG,,,False,left_censored,SHG_2023-06
2023-06-27,黄金海岸风景区,其他_昌黎,,,False,left_censored,其他_昌黎_2023-06
2023-06-28,北戴河碧螺塔海上酒吧公园,BDH,,,False,left_censored,BDH_2023-06
2023-06-28,北戴河集发农业专业合作社,BDH,,,False,left_censored,BDH_2023-06
2023-06-28,奥林匹克公园,BDH,,,False,left_censored,BDH_2023-06
2023-06-28,平水桥公园,BDH,0.99,97.0,True,density,BDH_2023-06
2023-06-28,戴河生态园,BDH,,,False,left_censored,BDH_2023-06
2023-06-28,秦皇岛野生动物园,BDH,,,False,left_censored,BDH_2023-06
2023-06-28,老虎石海上公园,BDH,1.31,96.0,True,density,BDH_2023-06
2023-06-28,鸽子窝公园,BDH,4.44,85.0,True,density,BDH_2023-06
2023-06-28,新澳海底世界,HGA,,,False,left_censored,HGA_2023-06
2023-06-28,河北秦皇岛国家地质公园,HGA,,,False,left_censored,HGA_2023-06
2023-06-28,秦皇植物园,HGA,,,False,left_censored,HGA_2023-06
2023-06-28,孟姜女庙景区,SHG,0.23,2.0,True,density,SHG_2023-06
2023-06-28,山海关欢乐海洋公园,SHG,,,False,left_censored,SHG_2023-06
2023-06-28,山海关风景区,SHG,,,False,left_censored,SHG_2023-06
2023-06-28,山海关风景区-天下第一关景区,SHG,,,False,left_censored,SHG_2023-06
2023-06-28,老龙头景区,SHG,,,False,left_censored,SHG_2023-06
2023-06-28,角山景区,SHG,,,False,left_censored,SHG_2023-06
2023-06-28,黄金海岸风景区,其他_昌黎,,,False,left_censored,其他_昌黎_2023-06
2023-06-29,北戴河碧螺塔海上酒吧公园,BDH,,,False,left_censored,BDH_2023-06
2023-06-29,北戴河集发农业专业合作社,BDH,,,False,left_censored,BDH_2023-06
2023-06-29,奥林匹克公园,BDH,,,False,left_censored,BDH_2023-06
2023-06-29,平水桥公园,BDH,1.29,24.0,True,density,BDH_2023-06
2023-06-29,戴河生态园,BDH,,,False,left_censored,BDH_2023-06
2023-06-29,秦皇岛野生动物园,BDH,3.44,84.0,True,density,BDH_2023-06
2023-06-29,老虎石海上公园,BDH,1.77,18.0,True,density,BDH_2023-06
2023-06-29,鸽子窝公园,BDH,4.81,88.0,True,density,BDH_2023-06
2023-06-29,新澳海底世界,HGA,,,False,left_censored,HGA_2023-06
2023-06-29,河北秦皇岛国家地质公园,HGA,,,False,left_censored,HGA_2023-06
2023-06-29,秦皇植物园,HGA,,,False,left_censored,HGA_2023-06
2023-06-29,孟姜女庙景区,SHG,0.2,4.0,True,density,SHG_2023-06
2023-06-29,山海关欢乐海洋公园,SHG,,,False,left_censored,SHG_2023-06
2023-06-29,山海关风景区,SHG,,,False,left_censored,SHG_2023-06
2023-06-29,山海关风景区-天下第一关景区,SHG,,,False,left_censored,SHG_2023-06
2023-06-29,老龙头景区,SHG,,,False,left_censored,SHG_2023-06
2023-06-29,角山景区,SHG,,,False,left_censored,SHG_2023-06
2023-06-29,黄金海岸风景区,其他_昌黎,,,False,left_censored,其他_昌黎_2023-06
2023-06-30,北戴河碧螺塔海上酒吧公园,BDH,,,False,left_censored,BDH_2023-06
2023-06-30,北戴河集发农业专业合作社,BDH,,,False,left_censored,BDH_2023-06
2023-06-30,奥林匹克公园,BDH,,,False,left_censored,BDH_2023-06
2023-06-30,平水桥公园,BDH,1.36,59.0,True,density,BDH_2023-06
2023-06-30,戴河生态园,BDH,,,False,left_censored,BDH_2023-06
2023-06-30,秦皇岛野生动物园,BDH,,,False,left_censored,BDH_2023-06
2023-06-30,老虎石海上公园,BDH,1.74,49.0,True,density,BDH_2023-06
2023-06-30,鸽子窝公园,BDH,,,False,left_censored,BDH_2023-06
2023-06-30,新澳海底世界,HGA,,,False,left_censored,HGA_2023-06
2023-06-30,河北秦皇岛国家地质公园,HGA,,,False,left_censored,HGA_2023-06
2023-06-30,秦皇植物园,HGA,,,False,left_censored,HGA_2023-06
2023-06-30,孟姜女庙景区,SHG,0.21,14.0,True,density,SHG_2023-06
2023-06-30,山海关欢乐海洋公园,SHG,,,False,left_censored,SHG_2023-06
2023-06-30,山海关风景区,SHG,,,False,left_censored,SHG_2023-06
2023-06-30,山海关风景区-天下第一关景区,SHG,,,False,left_censored,SHG_2023-06
2023-06-30,老龙头景区,SHG,,,False,left_censored,SHG_2023-06
2023-06-30,角山景区,SHG,,,False,left_censored,SHG_2023-06
2023-06-30,黄金海岸风景区,其他_昌黎,,,False,left_censored,其他_昌黎_2023-06
2023-07-01,北戴河碧螺塔海上酒吧公园,BDH,,,False,left_censored,BDH_2023-07
2023-07-01,北戴河集发农业专业合作社,BDH,,,False,left_censored,BDH_2023-07
2023-07-01,奥林匹克公园,BDH,0.86,53.0,True,density,BDH_2023-07
2023-07-01,平水桥公园,BDH,1.76,62.0,True,density,BDH_2023-07
2023-07-01,戴河生态园,BDH,,,False,left_censored,BDH_2023-07
2023-07-01,秦皇岛野生动物园,BDH,4.23,30.0,True,density,BDH_2023-07
2023-07-01,老虎石海上公园,BDH,2.31,46.0,True,density,BDH_2023-07
2023-07-01,鸽子窝公园,BDH,6.34,37.0,True,density,BDH_2023-07
2023-07-01,新澳海底世界,HGA,2.54,82.0,True,density,HGA_2023-07
2023-07-01,河北秦皇岛国家地质公园,HGA,,,False,left_censored,HGA_2023-07
2023-07-01,秦皇植物园,HGA,,,False,left_censored,HGA_2023-07
2023-07-01,孟姜女庙景区,SHG,0.23,8.0,True,density,SHG_2023-07
2023-07-01,山海关欢乐海洋公园,SHG,,,False,left_censored,SHG_2023-07
2023-07-01,山海关风景区,SHG,,,False,left_censored,SHG_2023-07
2023-07-01,山海关风景区-天下第一关景区,SHG,,,False,left_censored,SHG_2023-07
2023-07-01,老龙头景区,SHG,,,False,left_censored,SHG_2023-07
2023-07-01,角山景区,SHG,,,False,left_censored,SHG_2023-07
2023-07-01,黄金海岸风景区,其他_昌黎,,,False,left_censored,其他_昌黎_2023-07
2023-07-02,北戴河碧螺塔海上酒吧公园,BDH,3.23,45.0,True,density,BDH_2023-07
2023-07-02,北戴河集发农业专业合作社,BDH,1.06,57.0,True,density,BDH_2023-07
2023-07-02,奥林匹克公园,BDH,0.84,40.0,True,density,BDH_2023-07
2023-07-02,平水桥公园,BDH,1.62,67.0,True,density,BDH_2023-07
2023-07-02,戴河生态园,BDH,,,False,left_censored,BDH_2023-07
2023-07-02,秦皇岛野生动物园,BDH,4.54,96.0,True,density,BDH_2023-07
2023-07-02,老虎石海上公园,BDH,2.17,51.0,True,density,BDH_2023-07
2023-07-02,鸽子窝公园,BDH,6.11,21.0,True,density,BDH_2023-07
2023-07-02,新澳海底世界,HGA,,,False,left_censored,HGA_2023-07
2023-07-02,河北秦皇岛国家地质公园,HGA,,,False,left_censored,HGA_2023-07
2023-07-02,秦皇植物园,HGA,,,False,left_censored,HGA_2023-07
2023-07-02,孟姜女庙景区,SHG,0.24,71.0,True,density,SHG_2023-07
2023-07-02,山海关欢乐海洋公园,SHG,,,False,left_censored,SHG_2023-07
2023-07-02,山海关风景区,SHG,,,False,left_censored,SHG_2023-07
2023-07-02,山海关风景区-天下第一关景区,SHG,,,False,left_censored,SHG_2023-07
2023-07-02,老龙头景区,SHG,,,False,left_censored,SHG_2023-07
2023-07-02,角山景区,SHG,,,False,left_censored,SHG_2023-07
2023-07-02,黄金海岸风景区,其他_昌黎,3.82,90.0,True,density,其他_昌黎_2023-07
2023-07-03,北戴河碧螺塔海上酒吧公园,BDH,,,False,left_censored,BDH_2023-07
2023-07-03,北戴河集发农业专业合作社,BDH,,,False,left_censored,BDH_2023-07
2023-07-03,奥林匹克公园,BDH,0.85,99.0,True,density,BDH_2023-07
2023-07-03,平水桥公园,BDH,,,False,left_censored,BDH_2023-07
2023-07-03,戴河生态园,BDH,,,False,left_censored,BDH_2023-07
2023-07-03,秦皇岛野生动物园,BDH,,,False,left_censored,BDH_2023-07
2023-07-03,老虎石海上公园,BDH,,,False,left_censored,BDH_2023-07
2023-07-03,鸽子窝公园,BDH,5.51,43.0,True,density,BDH_2023-07
2023-07-03,新澳海底世界,HGA,,,False,left_censored,HGA_2023-07
2023-07-03,河北秦皇岛国家地质公园,HGA,,,False,left_censored,HGA_2023-07
2023-07-03,秦皇植物园,HGA,,,False,left_censored,HGA_2023-07
2023-07-03,孟姜女庙景区,SHG,,,False,left_censored,SHG_2023-07
2023-07-03,山海关欢乐海洋公园,SHG,,,False,left_censored,SHG_2023-07
2023-07-03,山海关风景区,SHG,,,False,left_censored,SHG_2023-07
2023-07-03,山海关风景区-天下第一关景区,SHG,,,False,left_censored,SHG_2023-07
2023-07-03,老龙头景区,SHG,,,False,left_censored,SHG_2023-07
2023-07-03,角山景区,SHG,,,False,left_censored,SHG_2023-07
2023-07-03,黄金海岸风景区,其他_昌黎,,,False,left_censored,其他_昌黎_2023-07
2023-07-04,北戴河碧螺塔海上酒吧公园,BDH,,,False,left_censored,BDH_2023-07
2023-07-04,北戴河集发农业专业合作社,BDH,,,False,left_censored,BDH_2023-07
2023-07-04,奥林匹克公园,BDH,,,False,left_censored,BDH_2023-07
2023-07-04,平水桥公园,BDH,,,False,left_censored,BDH_2023-07
2023-07-04,戴河生态园,BDH,,,False,left_censored,BDH_2023-07
2023-07-04,秦皇岛野生动物园,BDH,,,False,left_censored,BDH_2023-07
2023-07-04,老虎石海上公园,BDH,,,False,left_censored,BDH_2023-07
2023-07-04,鸽子窝公园,BDH,4.6,77.0,True,density,BDH_2023-07
2023-07-04,新澳海底世界,HGA,,,False,left_censored,HGA_2023-07
2023-07-04,河北秦皇岛国家地质公园,HGA,,,False,left_censored,HGA_2023-07
2023-07-04,秦皇植物园,HGA,0.64,61.0,True,density,HGA_2023-07
2023-07-04,孟姜女庙景区,SHG,,,False,left_censored,SHG_2023-07
2023-07-04,山海关欢乐海洋公园,SHG,,,False,left_censored,SHG_2023-07
2023-07-04,山海关风景区,SHG,,,False,left_censored,SHG_2023-07
2023-07-04,山海关风景区-天下第一关景区,SHG,,,False,left_censored,SHG_2023-07
2023-07-04,老龙头景区,SHG,,,False,left_censored,SHG_2023-07
2023-07-04,角山景区,SHG,0.28,80.0,True,density,SHG_2023-07
2023-07-04,黄金海岸风景区,其他_昌黎,,,False,left_censored,其他_昌黎_2023-07
2023-07-05,北戴河碧螺塔海上酒吧公园,BDH,,,False,left_censored,BDH_2023-07
2023-07-05,北戴河集发农业专业合作社,BDH,,,False,left_censored,BDH_2023-07
2023-07-05,奥林匹克公园,BDH,,,False,left_censored,BDH_2023-07
2023-07-05,平水桥公园,BDH,,,False,left_censored,BDH_2023-07
2023-07-05,戴河生态园,BDH,,,False,left_censored,BDH_2023-07
2023-07-05,秦皇岛野生动物园,BDH,3.93,11.0,True,density,BDH_2023-07
2023-07-05,老虎石海上公园,BDH,2.27,100.0,True,density,BDH_2023-07
2023-07-05,鸽子窝公园,BDH,5.92,37.0,True,density,BDH_2023-07
2023-07-05,新澳海底世界,HGA,,,False,left_censored,HGA_2023-07
2023-07-05,河北秦皇岛国家地质公园,HGA,,,False,left_censored,HGA_2023-07
2023-07-05,秦皇植物园,HGA,,,False,left_censored,HGA_2023-07
2023-07-05,孟姜女庙景区,SHG,,,False,left_censored,SHG_2023-07
2023-07-05,山海关欢乐海洋公园,SHG,,,False,left_censored,SHG_2023-07
2023-07-05,山海关风景区,SHG,,,False,left_censored,SHG_2023-07
2023-07-05,山海关风景区-天下第一关景区,SHG,,,False,left_censored,SHG_2023-07
2023-07-05,老龙头景区,SHG,,,False,left_censored,SHG_2023-07
2023-07-05,角山景区,SHG,,,False,left_censored,SHG_2023-07
2023-07-05,黄金海岸风景区,其他_昌黎,,,False,left_censored,其他_昌黎_2023-07
2023-07-06,北戴河碧螺塔海上酒吧公园,BDH,,,False,left_censored,BDH_2023-07
2023-07-06,北戴河集发农业专业合作社,BDH,,,False,left_censored,BDH_2023-07
2023-07-06,奥林匹克公园,BDH,,,False,left_censored,BDH_2023-07
2023-07-06,平水桥公园,BDH,,,False,left_censored,BDH_2023-07
2023-07-06,戴河生态园,BDH,,,False,left_censored,BDH_2023-07
2023-07-06,秦皇岛野生动物园,BDH,,,False,left_censored,BDH_2023-07
2023-07-06,老虎石海上公园,BDH,2.01,98.0,True,density,BDH_2023-07
2023-07-06,鸽子窝公园,BDH,5.88,85.0,True,density,BDH_2023-07
2023-07-06,新澳海底世界,HGA,,,False,left_censored,HGA_2023-07
2023-07-06,河北秦皇岛国家地质公园,HGA,,,False,left_censored,HGA_2023-07
2023-07-06,秦皇植物园,HGA,,,False,left_censored,HGA_2023-07
2023-07-06,孟姜女庙景区,SHG,,,False,left_censored,SHG_2023-07
2023-07-06,山海关欢乐海洋公园,SHG,,,False,left_censored,SHG_2023-07
2023-07-06,山海关风景区,SHG,,,False,left_censored,SHG_2023-07
2023-07-06,山海关风景区-天下第一关景区,SHG,,,False,left_censored,SHG_2023-07
2023-07-06,老龙头景区,SHG,,,False,left_censored,SHG_2023-07
2023-07-06,角山景区,SHG,,,False,left_censored,SHG_2023-07
2023-07-06,黄金海岸风景区,其他_昌黎,,,False,left_censored,其他_昌黎_2023-07
2023-07-08,北戴河碧螺塔海上酒吧公园,BDH,4.25,59.0,True,density,BDH_2023-07
2023-07-08,北戴河集发农业专业合作社,BDH,,,False,left_censored,BDH_2023-07
2023-07-08,奥林匹克公园,BDH,0.96,52.0,True,density,BDH_2023-07
2023-07-08,平水桥公园,BDH,2.11,58.0,True,density,BDH_2023-07
2023-07-08,戴河生态园,BDH,,,False,left_censored,BDH_2023-07
2023-07-08,秦皇岛野生动物园,BDH,,,False,left_censored,BDH_2023-07
2023-07-08,老虎石海上公园,BDH,2.46,42.0,True,density,BDH_2023-07
2023-07-08,鸽子窝公园,BDH,7.3,37.0,True,density,BDH_2023-07
2023-07-08,新澳海底世界,HGA,2.44,88.0,True,density,HGA_2023-07
2023-07-08,河北秦皇岛国家地质公园,HGA,,,False,left_censored,HGA_2023-07
2023-07-08,秦皇植物园,HGA,,,False,left_censored,HGA_2023-07
2023-07-08,孟姜女庙景区,SHG,,,False,left_censored,SHG_2023-07
2023-07-08,山海关欢乐海洋公园,SHG,,,False,left_censored,SHG_2023-07
2023-07-08,山海关风景区,SHG,,,False,left_censored,SHG_2023-07
2023-07-08,山海关风景区-天下第一关景区,SHG,,,False,left_censored,SHG_2023-07
2023-07-08,老龙头景区,SHG,,,False,left_censored,SHG_2023-07
2023-07-08,角山景区,SHG,,,False,left_censored,SHG_2023-07
2023-07-08,黄金海岸风景区,其他_昌黎,,,False,left_censored,其他_昌黎_2023-07
2023-07-09,北戴河碧螺塔海上酒吧公园,BDH,4.01,52.0,True,density,BDH_2023-07
2023-07-09,北戴河集发农业专业合作社,BDH,,,False,left_censored,BDH_2023-07
2023-07-09,奥林匹克公园,BDH,0.98,57.0,True,density,BDH_2023-07
2023-07-09,平水桥公园,BDH,2.12,54.0,True,density,BDH_2023-07
2023-07-09,戴河生态园,BDH,,,False,left_censored,BDH_2023-07
2023-07-09,秦皇岛野生动物园,BDH,,,False,left_censored,BDH_2023-07
2023-07-09,老虎石海上公园,BDH,2.63,41.0,True,density,BDH_2023-07
2023-07-09,鸽子窝公园,BDH,7.33,34.0,True,density,BDH_2023-07
2023-07-09,新澳海底世界,HGA,2.54,42.0,True,density,HGA_2023-07
2023-07-09,河北秦皇岛国家地质公园,HGA,,,False,left_censored,HGA_2023-07
2023-07-09,秦皇植物园,HGA,,,False,left_censored,HGA_2023-07
2023-07-09,孟姜女庙景区,SHG,,,False,left_censored,SHG_2023-07
2023-07-09,山海关欢乐海洋公园,SHG,,,False,left_censored,SHG_2023-07
2023-07-09,山海关风景区,SHG,,,False,left_censored,SHG_2023-07
2023-07-09,山海关风景区-天下第一关景区,SHG,,,False,left_censored,SHG_2023-07
2023-07-09,老龙头景区,SHG,,,False,left_censored,SHG_2023-07
2023-07-09,角山景区,SHG,,,False,left_censored,SHG_2023-07
2023-07-09,黄金海岸风景区,其他_昌黎,,,False,left_censored,其他_昌黎_2023-07
2023-07-10,北戴河碧螺塔海上酒吧公园,BDH,3.86,88.0,True,density,BDH_2023-07
2023-07-10,北戴河集发农业专业合作社,BDH,,,False,left_censored,BDH_2023-07
2023-07-10,奥林匹克公园,BDH,0.93,93.0,True,density,BDH_2023-07
2023-07-10,平水桥公园,BDH,,,False,left_censored,BDH_2023-07
2023-07-10,戴河生态园,BDH,,,False,left_censored,BDH_2023-07
2023-07-10,秦皇岛野生动物园,BDH,,,False,left_censored,BDH_2023-07
2023-07-10,老虎石海上公园,BDH,2.33,76.0,True,density,BDH_2023-07
2023-07-10,鸽子窝公园,BDH,6.4,56.0,True,density,BDH_2023-07
2023-07-10,新澳海底世界,HGA,,,False,left_censored,HGA_2023-07
2023-07-10,河北秦皇岛国家地质公园,HGA,,,False,left_censored,HGA_2023-07
2023-07-10,秦皇植物园,HGA,,,False,left_censored,HGA_2023-07
2023-07-10,孟姜女庙景区,SHG,,,False,left_censored,SHG_2023-07
2023-07-10,山海关欢乐海洋公园,SHG,,,False,left_censored,SHG_2023-07
2023-07-10,山海关风景区,SHG,,,False,left_censored,SHG_2023-07
2023-07-10,山海关风景区-天下第一关景区,SHG,,,False,left_censored,SHG_2023-07
2023-07-10,老龙头景区,SHG,,,False,left_censored,SHG_2023-07
2023-07-10,角山景区,SHG,,,False,left_censored,SHG_2023-07
2023-07-10,黄金海岸风景区,其他_昌黎,,,False,left_censored,其他_昌黎_2023-07
2023-07-11,北戴河碧螺塔海上酒吧公园,BDH,,,False,left_censored,BDH_2023-07
2023-07-11,北戴河集发农业专业合作社,BDH,,,False,left_censored,BDH_2023-07
2023-07-11,奥林匹克公园,BDH,0.99,73.0,True,density,BDH_2023-07
2023-07-11,平水桥公园,BDH,,,False,left_censored,BDH_2023-07
2023-07-11,戴河生态园,BDH,,,False,left_censored,BDH_2023-07
2023-07-11,秦皇岛野生动物园,BDH,,,False,left_censored,BDH_2023-07
2023-07-11,老虎石海上公园,BDH,2.33,92.0,True,density,BDH_2023-07
2023-07-11,鸽子窝公园,BDH,6.45,54.0,True,density,BDH_2023-07
2023-07-11,新澳海底世界,HGA,2.36,75.0,True,density,HGA_2023-07
2023-07-11,河北秦皇岛国家地质公园,HGA,,,False,left_censored,HGA_2023-07
2023-07-11,秦皇植物园,HGA,0.71,62.0,True,density,HGA_2023-07
2023-07-11,孟姜女庙景区,SHG,,,False,left_censored,SHG_2023-07
2023-07-11,山海关欢乐海洋公园,SHG,,,False,left_censored,SHG_2023-07
2023-07-11,山海关风景区,SHG,,,False,left_censored,SHG_2023-07
2023-07-11,山海关风景区-天下第一关景区,SHG,,,False,left_censored,SHG_2023-07
2023-07-11,老龙头景区,SHG,,,False,left_censored,SHG_2023-07
2023-07-11,角山景区,SHG,,,False,left_censored,SHG_2023-07
2023-07-11,黄金海岸风景区,其他_昌黎,,,False,left_censored,其他_昌黎_2023-07
2023-07-12,北戴河碧螺塔海上酒吧公园,BDH,,,False,left_censored,BDH_2023-07
2023-07-12,北戴河集发农业专业合作社,BDH,,,False,left_censored,BDH_2023-07
2023-07-12,奥林匹克公园,BDH,,,False,left_censored,BDH_2023-07
2023-07-12,平水桥公园,BDH,,,False,left_censored,BDH_2023-07
2023-07-12,戴河生态园,BDH,,,False,left_censored,BDH_2023-07
2023-07-12,秦皇岛野生动物园,BDH,,,False,left_censored,BDH_2023-07
2023-07-12,老虎石海上公园,BDH,,,False,left_censored,BDH_2023-07
2023-07-12,鸽子窝公园,BDH,,,False,left_censored,BDH_2023-07
2023-07-12,新澳海底世界,HGA,2.6,69.0,True,density,HGA_2023-07
2023-07-12,河北秦皇岛国家地质公园,HGA,,,False,left_censored,HGA_2023-07
2023-07-12,秦皇植物园,HGA,0.51,42.0,True,density,HGA_2023-07
2023-07-12,孟姜女庙景区,SHG,,,False,left_censored,SHG_2023-07
2023-07-12,山海关欢乐海洋公园,SHG,,,False,left_censored,SHG_2023-07
2023-07-12,山海关风景区,SHG,,,False,left_censored,SHG_2023-07
2023-07-12,山海关风景区-天下第一关景区,SHG,,,False,left_censored,SHG_2023-07
2023-07-12,老龙头景区,SHG,,,False,left_censored,SHG_2023-07
2023-07-12,角山景区,SHG,,,False,left_censored,SHG_2023-07
2023-07-12,黄金海岸风景区,其他_昌黎,,,False,left_censored,其他_昌黎_2023-07
2023-07-14,北戴河碧螺塔海上酒吧公园,BDH,,,False,left_censored,BDH_2023-07
2023-07-14,北戴河集发农业专业合作社,BDH,,,False,left_censored,BDH_2023-07
2023-07-14,奥林匹克公园,BDH,,,False,left_censored,BDH_2023-07
2023-07-14,平水桥公园,BDH,,,False,left_censored,BDH_2023-07
2023-07-14,戴河生态园,BDH,,,False,left_censored,BDH_2023-07
2023-07-14,秦皇岛野生动物园,BDH,,,False,left_censored,BDH_2023-07
2023-07-14,老虎石海上公园,BDH,,,False,left_censored,BDH_2023-07
2023-07-14,鸽子窝公园,BDH,,,False,left_censored,BDH_2023-07
2023-07-14,新澳海底世界,HGA,2.29,97.0,True,density,HGA_2023-07
2023-07-14,河北秦皇岛国家地质公园,HGA,,,False,left_censored,HGA_2023-07
2023-07-14,秦皇植物园,HGA,,,False,left_censored,HGA_2023-07
2023-07-14,孟姜女庙景区,SHG,,,False,left_censored,SHG_2023-07
2023-07-14,山海关欢乐海洋公园,SHG,,,False,left_censored,SHG_2023-07
2023-07-14,山海关风景区,SHG,,,False,left_censored,SHG_2023-07
2023-07-14,山海关风景区-天下第一关景区,SHG,,,False,left_censored,SHG_2023-07
2023-07-14,老龙头景区,SHG,,,False,left_censored,SHG_2023-07
2023-07-14,角山景区,SHG,,,False,left_censored,SHG_2023-07
2023-07-14,黄金海岸风景区,其他_昌黎,,,False,left_censored,其他_昌黎_2023-07
2023-07-15,北戴河碧螺塔海上酒吧公园,BDH,,,False,left_censored,BDH_2023-07
2023-07-15,北戴河集发农业专业合作社,BDH,,,False,left_censored,BDH_2023-07
2023-07-15,奥林匹克公园,BDH,,,False,left_censored,BDH_2023-07
2023-07-15,平水桥公园,BDH,2.83,73.0,True,density,BDH_2023-07
2023-07-15,戴河生态园,BDH,,,False,left_censored,BDH_2023-07
2023-07-15,秦皇岛野生动物园,BDH,,,False,left_censored,BDH_2023-07
2023-07-15,老虎石海上公园,BDH,3.08,47.0,True,density,BDH_2023-07
2023-07-15,鸽子窝公园,BDH,,,False,left_censored,BDH_2023-07
2023-07-15,新澳海底世界,HGA,3.28,23.0,True,density,HGA_2023-07
2023-07-15,河北秦皇岛国家地质公园,HGA,,,False,left_censored,HGA_2023-07
2023-07-15,秦皇植物园,HGA,,,False,left_censored,HGA_2023-07
2023-07-15,孟姜女庙景区,SHG,,,False,left_censored,SHG_2023-07
2023-07-15,山海关欢乐海洋公园,SHG,9.38,95.0,True,density,SHG_2023-07
2023-07-15,山海关风景区,SHG,,,False,left_censored,SHG_2023-07
2023-07-15,山海关风景区-天下第一关景区,SHG,,,False,left_censored,SHG_2023-07
2023-07-15,老龙头景区,SHG,,,False,left_censored,SHG_2023-07
2023-07-15,角山景区,SHG,,,False,left_censored,SHG_2023-07
2023-07-15,黄金海岸风景区,其他_昌黎,,,False,left_censored,其他_昌黎_2023-07
2023-07-16,北戴河碧螺塔海上酒吧公园,BDH,4.27,95.0,True,density,BDH_2023-07
2023-07-16,北戴河集发农业专业合作社,BDH,,,False,left_censored,BDH_2023-07
2023-07-16,奥林匹克公园,BDH,1.07,78.0,True,density,BDH_2023-07
2023-07-16,平水桥公园,BDH,2.59,90.0,True,density,BDH_2023-07
2023-07-16,戴河生态园,BDH,,,False,left_censored,BDH_2023-07
2023-07-16,秦皇岛野生动物园,BDH,,,False,left_censored,BDH_2023-07
2023-07-16,老虎石海上公园,BDH,2.82,65.0,True,density,BDH_2023-07
2023-07-16,鸽子窝公园,BDH,8.34,54.0,True,density,BDH_2023-07
2023-07-16,新澳海底世界,HGA,3.26,48.0,True,density,HGA_2023-07
2023-07-16,河北秦皇岛国家地质公园,HGA,,,False,left_censored,HGA_2023-07
2023-07-16,秦皇植物园,HGA,,,False,left_censored,HGA_2023-07
2023-07-16,孟姜女庙景区,SHG,,,False,left_censored,SHG_2023-07
2023-07-16,山海关欢乐海洋公园,SHG,,,False,left_censored,SHG_2023-07
2023-07-16,山海关风景区,SHG,,,False,left_censored,SHG_2023-07
2023-07-16,山海关风景区-天下第一关景区,SHG,,,False,left_censored,SHG_2023-07
2023-07-16,老龙头景区,SHG,,,False,left_censored,SHG_2023-07
2023-07-16,角山景区,SHG,,,False,left_censored,SHG_2023-07
2023-07-16,黄金海岸风景区,其他_昌黎,,,False,left_censored,其他_昌黎_2023-07
2023-07-17,北戴河碧螺塔海上酒吧公园,BDH,,,False,left_censored,BDH_2023-07
2023-07-17,北戴河集发农业专业合作社,BDH,,,False,left_censored,BDH_2023-07
2023-07-17,奥林匹克公园,BDH,,,False,left_censored,BDH_2023-07
2023-07-17,平水桥公园,BDH,,,False,left_censored,BDH_2023-07
2023-07-17,戴河生态园,BDH,,,False,left_censored,BDH_2023-07
2023-07-17,秦皇岛野生动物园,BDH,,,False,left_censored,BDH_2023-07
2023-07-17,老虎石海上公园,BDH,2.69,71.0,True,density,BDH_2023-07
2023-07-17,鸽子窝公园,BDH,,,False,left_censored,BDH_2023-07
2023-07-17,新澳海底世界,HGA,,,False,left_censored,HGA_2023-07
2023-07-17,河北秦皇岛国家地质公园,HGA,,,False,left_censored,HGA_2023-07
2023-07-17,秦皇植物园,HGA,,,False,left_censored,HGA_2023-07
2023-07-17,孟姜女庙景区,SHG,,,False,left_censored,SHG_2023-07
2023-07-17,山海关欢乐海洋公园,SHG,,,False,left_censored,SHG_2023-07
2023-07-17,山海关风景区,SHG,,,False,left_censored,SHG_2023-07
2023-07-17,山海关风景区-天下第一关景区,SHG,,,False,left_censored,SHG_2023-07
2023-07-17,老龙头景区,SHG,,,False,left_censored,SHG_2023-07
2023-07-17,角山景区,SHG,,,False,left_censored,SHG_2023-07
2023-07-17,黄金海岸风景区,其他_昌黎,,,False,left_censored,其他_昌黎_2023-07
2023-07-18,北戴河碧螺塔海上酒吧公园,BDH,4.58,93.0,True,density,BDH_2023-07
2023-07-18,北戴河集发农业专业合作社,BDH,,,False,left_censored,BDH_2023-07
2023-07-18,奥林匹克公园,BDH,,,False,left_censored,BDH_2023-07
2023-07-18,平水桥公园,BDH,,,False,left_censored,BDH_2023-07
2023-07-18,戴河生态园,BDH,,,False,left_censored,BDH_2023-07
2023-07-18,秦皇岛野生动物园,BDH,,,False,left_censored,BDH_2023-07
2023-07-18,老虎石海上公园,BDH,2.7,96.0,True,density,BDH_2023-07
2023-07-18,鸽子窝公园,BDH,,,False,left_censored,BDH_2023-07
2023-07-18,新澳海底世界,HGA,2.87,90.0,True,density,HGA_2023-07
2023-07-18,河北秦皇岛国家地质公园,HGA,,,False,left_censored,HGA_2023-07
2023-07-18,秦皇植物园,HGA,,,False,left_censored,HGA_2023-07
2023-07-18,孟姜女庙景区,SHG,,,False,left_censored,SHG_2023-07
2023-07-18,山海关欢乐海洋公园,SHG,,,False,left_censored,SHG_2023-07
2023-07-18,山海关风景区,SHG,,,False,left_censored,SHG_2023-07
2023-07-18,山海关风景区-天下第一关景区,SHG,,,False,left_censored,SHG_2023-07
2023-07-18,老龙头景区,SHG,,,False,left_censored,SHG_2023-07
2023-07-18,角山景区,SHG,,,False,left_censored,SHG_2023-07
2023-07-18,黄金海岸风景区,其他_昌黎,,,False,left_censored,其他_昌黎_2023-07
2023-07-19,北戴河碧螺塔海上酒吧公园,BDH,,,False,left_censored,BDH_2023-07
2023-07-19,北戴河集发农业专业合作社,BDH,,,False,left_censored,BDH_2023-07
2023-07-19,奥林匹克公园,BDH,,,False,left_censored,BDH_2023-07
2023-07-19,平水桥公园,BDH,,,False,left_censored,BDH_2023-07
2023-07-19,戴河生态园,BDH,,,False,left_censored,BDH_2023-07
2023-07-19,秦皇岛野生动物园,BDH,,,False,left_censored,BDH_2023-07
2023-07-19,老虎石海上公园,BDH,2.65,99.0,True,density,BDH_2023-07
2023-07-19,鸽子窝公园,BDH,,,False,left_censored,BDH_2023-07
2023-07-19,新澳海底世界,HGA,,,False,left_censored,HGA_2023-07
2023-07-19,河北秦皇岛国家地质公园,HGA,,,False,left_censored,HGA_2023-07
2023-07-19,秦皇植物园,HGA,,,False,left_censored,HGA_2023-07
2023-07-19,孟姜女庙景区,SHG,0.24,3.0,True,density,SHG_2023-07
2023-07-19,山海关欢乐海洋公园,SHG,,,False,left_censored,SHG_2023-07
2023-07-19,山海关风景区,SHG,,,False,left_censored,SHG_2023-07
2023-07-19,山海关风景区-天下第一关景区,SHG,,,False,left_censored,SHG_2023-07
2023-07-19,老龙头景区,SHG,,,False,left_censored,SHG_2023-07
2023-07-19,角山景区,SHG,0.35,5.0,True,density,SHG_2023-07
2023-07-19,黄金海岸风景区,其他_昌黎,,,False,left_censored,其他_昌黎_2023-07
2023-07-20,北戴河碧螺塔海上酒吧公园,BDH,,,False,left_censored,BDH_2023-07
2023-07-20,北戴河集发农业专业合作社,BDH,,,False,left_censored,BDH_2023-07
2023-07-20,奥林匹克公园,BDH,,,False,left_censored,BDH_2023-07
2023-07-20,平水桥公园,BDH,,,False,left_censored,BDH_2023-07
2023-07-20,戴河生态园,BDH,,,False,left_censored,BDH_2023-07
2023-07-20,秦皇岛野生动物园,BDH,,,False,left_censored,BDH_2023-07
2023-07-20,老虎石海上公园,BDH,2.54,97.0,True,density,BDH_2023-07
2023-07-20,鸽子窝公园,BDH,,,False,left_censored,BDH_2023-07
2023-07-20,新澳海底世界,HGA,,,False,left_censored,HGA_2023-07
2023-07-20,河北秦皇岛国家地质公园,HGA,,,False,left_censored,HGA_2023-07
2023-07-20,秦皇植物园,HGA,,,False,left_censored,HGA_2023-07
2023-07-20,孟姜女庙景区,SHG,,,False,left_censored,SHG_2023-07
2023-07-20,山海关欢乐海洋公园,SHG,,,False,left_censored,SHG_2023-07
2023-07-20,山海关风景区,SHG,,,False,left_censored,SHG_2023-07
2023-07-20,山海关风景区-天下第一关景区,SHG,,,False,left_censored,SHG_2023-07
2023-07-20,老龙头景区,SHG,,,False,left_censored,SHG_2023-07
2023-07-20,角山景区,SHG,,,False,left_censored,SHG_2023-07
2023-07-20,黄金海岸风景区,其他_昌黎,,,False,left_censored,其他_昌黎_2023-07
2023-07-22,北戴河碧螺塔海上酒吧公园,BDH,,,False,left_censored,BDH_2023-07
2023-07-22,北戴河集发农业专业合作社,BDH,,,False,left_censored,BDH_2023-07
2023-07-22,奥林匹克公园,BDH,,,False,left_censored,BDH_2023-07
2023-07-22,平水桥公园,BDH,,,False,left_censored,BDH_2023-07
2023-07-22,戴河生态园,BDH,,,False,left_censored,BDH_2023-07
2023-07-22,秦皇岛野生动物园,BDH,,,False,left_censored,BDH_2023-07
2023-07-22,老虎石海上公园,BDH,,,False,left_censored,BDH_2023-07
2023-07-22,鸽子窝公园,BDH,,,False,left_censored,BDH_2023-07
2023-07-22,新澳海底世界,HGA,3.93,61.0,True,density,HGA_2023-07
2023-07-22,河北秦皇岛国家地质公园,HGA,,,False,left_censored,HGA_2023-07
2023-07-22,秦皇植物园,HGA,,,False,left_censored,HGA_2023-07
2023-07-22,孟姜女庙景区,SHG,,,False,left_censored,SHG_2023-07
2023-07-22,山海关欢乐海洋公园,SHG,,,False,left_censored,SHG_2023-07
2023-07-22,山海关风景区,SHG,,,False,left_censored,SHG_2023-07
2023-07-22,山海关风景区-天下第一关景区,SHG,,,False,left_censored,SHG_2023-07
2023-07-22,老龙头景区,SHG,,,False,left_censored,SHG_2023-07
2023-07-22,角山景区,SHG,,,False,left_censored,SHG_2023-07
2023-07-22,黄金海岸风景区,其他_昌黎,,,False,left_censored,其他_昌黎_2023-07
2023-07-23,北戴河碧螺塔海上酒吧公园,BDH,,,False,left_censored,BDH_2023-07
2023-07-23,北戴河集发农业专业合作社,BDH,,,False,left_censored,BDH_2023-07
2023-07-23,奥林匹克公园,BDH,,,False,left_censored,BDH_2023-07
2023-07-23,平水桥公园,BDH,,,False,left_censored,BDH_2023-07
2023-07-23,戴河生态园,BDH,,,False,left_censored,BDH_2023-07
2023-07-23,秦皇岛野生动物园,BDH,,,False,left_censored,BDH_2023-07
2023-07-23,老虎石海上公园,BDH,2.87,89.0,True,density,BDH_2023-07
2023-07-23,鸽子窝公园,BDH,,,False,left_censored,BDH_2023-07
2023-07-23,新澳海底世界,HGA,,,False,left_censored,HGA_2023-07
2023-07-23,河北秦皇岛国家地质公园,HGA,,,False,left_censored,HGA_2023-07
2023-07-23,秦皇植物园,HGA,,,False,left_censored,HGA_2023-07
2023-07-23,孟姜女庙景区,SHG,,,False,left_censored,SHG_2023-07
2023-07-23,山海关欢乐海洋公园,SHG,9.29,55.0,True,density,SHG_2023-07
2023-07-23,山海关风景区,SHG,,,False,left_censored,SHG_2023-07
2023-07-23,山海关风景区-天下第一关景区,SHG,,,False,left_censored,SHG_2023-07
2023-07-23,老龙头景区,SHG,,,False,left_censored,SHG_2023-07
2023-07-23,角山景区,SHG,,,False,left_censored,SHG_2023-07
2023-07-23,黄金海岸风景区,其他_昌黎,,,False,left_censored,其他_昌黎_2023-07
2023-07-25,北戴河碧螺塔海上酒吧公园,BDH,,,False,left_censored,BDH_2023-07
2023-07-25,北戴河集发农业专业合作社,BDH,,,False,left_censored,BDH_2023-07
2023-07-25,奥林匹克公园,BDH,1.19,88.0,True,density,BDH_2023-07
2023-07-25,平水桥公园,BDH,,,False,left_censored,BDH_2023-07
2023-07-25,戴河生态园,BDH,,,False,left_censored,BDH_2023-07
2023-07-25,秦皇岛野生动物园,BDH,,,False,left_censored,BDH_2023-07
2023-07-25,老虎石海上公园,BDH,,,False,left_censored,BDH_2023-07
2023-07-25,鸽子窝公园,BDH,7.37,80.0,True,density,BDH_2023-07
2023-07-25,新澳海底世界,HGA,3.0,52.0,True,density,HGA_2023-07
2023-07-25,河北秦皇岛国家地质公园,HGA,,,False,left_censored,HGA_2023-07
2023-07-25,秦皇植物园,HGA,,,False,left_censored,HGA_2023-07
2023-07-25,孟姜女庙景区,SHG,,,False,left_censored,SHG_2023-07
2023-07-25,山海关欢乐海洋公园,SHG,,,False,left_censored,SHG_2023-07
2023-07-25,山海关风景区,SHG,,,False,left_censored,SHG_2023-07
2023-07-25,山海关风景区-天下第一关景区,SHG,,,False,left_censored,SHG_2023-07
2023-07-25,老龙头景区,SHG,,,False,left_censored,SHG_2023-07
2023-07-25,角山景区,SHG,,,False,left_censored,SHG_2023-07
2023-07-25,黄金海岸风景区,其他_昌黎,,,False,left_censored,其他_昌黎_2023-07
2023-07-26,北戴河碧螺塔海上酒吧公园,BDH,4.94,64.0,True,density,BDH_2023-07
2023-07-26,北戴河集发农业专业合作社,BDH,,,False,left_censored,BDH_2023-07
2023-07-26,奥林匹克公园,BDH,,,False,left_censored,BDH_2023-07
2023-07-26,平水桥公园,BDH,,,False,left_censored,BDH_2023-07
2023-07-26,戴河生态园,BDH,,,False,left_censored,BDH_2023-07
2023-07-26,秦皇岛野生动物园,BDH,,,False,left_censored,BDH_2023-07
2023-07-26,老虎石海上公园,BDH,2.67,76.0,True,density,BDH_2023-07
2023-07-26,鸽子窝公园,BDH,7.56,86.0,True,density,BDH_2023-07
2023-07-26,新澳海底世界,HGA,,,False,left_censored,HGA_2023-07
2023-07-26,河北秦皇岛国家地质公园,HGA,,,False,left_censored,HGA_2023-07
2023-07-26,秦皇植物园,HGA,,,False,left_censored,HGA_2023-07
2023-07-26,孟姜女庙景区,SHG,,,False,left_censored,SHG_2023-07
2023-07-26,山海关欢乐海洋公园,SHG,,,False,left_censored,SHG_2023-07
2023-07-26,山海关风景区,SHG,,,False,left_censored,SHG_2023-07
2023-07-26,山海关风景区-天下第一关景区,SHG,,,False,left_censored,SHG_2023-07
2023-07-26,老龙头景区,SHG,,,False,left_censored,SHG_2023-07
2023-07-26,角山景区,SHG,,,False,left_censored,SHG_2023-07
2023-07-26,黄金海岸风景区,其他_昌黎,,,False,left_censored,其他_昌黎_2023-07
2023-07-27,北戴河碧螺塔海上酒吧公园,BDH,,,False,left_censored,BDH_2023-07
2023-07-27,北戴河集发农业专业合作社,BDH,,,False,left_censored,BDH_2023-07
2023-07-27,奥林匹克公园,BDH,,,False,left_censored,BDH_2023-07
2023-07-27,平水桥公园,BDH,,,False,left_censored,BDH_2023-07
2023-07-27,戴河生态园,BDH,,,False,left_censored,BDH_2023-07
2023-07-27,秦皇岛野生动物园,BDH,,,False,left_censored,BDH_2023-07
2023-07-27,老虎石海上公园,BDH,2.58,94.0,True,density,BDH_2023-07
2023-07-27,鸽子窝公园,BDH,,,False,left_censored,BDH_2023-07
2023-07-27,新澳海底世界,HGA,,,False,left_censored,HGA_2023-07
2023-07-27,河北秦皇岛国家地质公园,HGA,,,False,left_censored,HGA_2023-07
2023-07-27,秦皇植物园,HGA,,,False,left_censored,HGA_2023-07
2023-07-27,孟姜女庙景区,SHG,,,False,left_censored,SHG_2023-07
2023-07-27,山海关欢乐海洋公园,SHG,,,False,left_censored,SHG_2023-07
2023-07-27,山海关风景区,SHG,,,False,left_censored,SHG_2023-07
2023-07-27,山海关风景区-天下第一关景区,SHG,,,False,left_censored,SHG_2023-07
2023-07-27,老龙头景区,SHG,,,False,left_censored,SHG_2023-07
2023-07-27,角山景区,SHG,,,False,left_censored,SHG_2023-07
2023-07-27,黄金海岸风景区,其他_昌黎,,,False,left_censored,其他_昌黎_2023-07
2023-07-29,北戴河碧螺塔海上酒吧公园,BDH,,,False,left_censored,BDH_2023-07
2023-07-29,北戴河集发农业专业合作社,BDH,,,False,left_censored,BDH_2023-07
2023-07-29,奥林匹克公园,BDH,,,False,left_censored,BDH_2023-07
2023-07-29,平水桥公园,BDH,,,False,left_censored,BDH_2023-07
2023-07-29,戴河生态园,BDH,,,False,left_censored,BDH_2023-07
2023-07-29,秦皇岛野生动物园,BDH,,,False,left_censored,BDH_2023-07
2023-07-29,老虎石海上公园,BDH,1.81,85.0,True,density,BDH_2023-07
2023-07-29,鸽子窝公园,BDH,,,False,left_censored,BDH_2023-07
2023-07-29,新澳海底世界,HGA,3.36,29.0,True,density,HGA_2023-07
2023-07-29,河北秦皇岛国家地质公园,HGA,,,False,left_censored,HGA_2023-07
2023-07-29,秦皇植物园,HGA,,,False,left_censored,HGA_2023-07
2023-07-29,孟姜女庙景区,SHG,,,False,left_censored,SHG_2023-07
2023-07-29,山海关欢乐海洋公园,SHG,,,False,left_censored,SHG_2023-07
2023-07-29,山海关风景区,SHG,,,False,left_censored,SHG_2023-07
2023-07-29,山海关风景区-天下第一关景区,SHG,,,False,left_censored,SHG_2023-07
2023-07-29,老龙头景区,SHG,,,False,left_censored,SHG_2023-07
2023-07-29,角山景区,SHG,,,False,left_censored,SHG_2023-07
2023-07-29,黄金海岸风景区,其他_昌黎,,,False,left_censored,其他_昌黎_2023-07
2023-07-30,北戴河碧螺塔海上酒吧公园,BDH,,,False,left_censored,BDH_2023-07
2023-07-30,北戴河集发农业专业合作社,BDH,,,False,left_censored,BDH_2023-07
2023-07-30,奥林匹克公园,BDH,,,False,left_censored,BDH_2023-07
2023-07-30,平水桥公园,BDH,,,False,left_censored,BDH_2023-07
2023-07-30,戴河生态园,BDH,,,False,left_censored,BDH_2023-07
2023-07-30,秦皇岛野生动物园,BDH,,,False,left_censored,BDH_2023-07
2023-07-30,老虎石海上公园,BDH,,,False,left_censored,BDH_2023-07
2023-07-30,鸽子窝公园,BDH,,,False,left_censored,BDH_2023-07
2023-07-30,新澳海底世界,HGA,3.51,67.0,True,density,HGA_2023-07
2023-07-30,河北秦皇岛国家地质公园,HGA,,,False,left_censored,HGA_2023-07
2023-07-30,秦皇植物园,HGA,,,False,left_censored,HGA_2023-07
2023-07-30,孟姜女庙景区,SHG,,,False,left_censored,SHG_2023-07
2023-07-30,山海关欢乐海洋公园,SHG,,,False,left_censored,SHG_2023-07
2023-07-30,山海关风景区,SHG,,,False,left_censored,SHG_2023-07
2023-07-30,山海关风景区-天下第一关景区,SHG,,,False,left_censored,SHG_2023-07
2023-07-30,老龙头景区,SHG,,,False,left_censored,SHG_2023-07
2023-07-30,角山景区,SHG,,,False,left_censored,SHG_2023-07
2023-07-30,黄金海岸风景区,其他_昌黎,,,False,left_censored,其他_昌黎_2023-07
2023-08-01,北戴河碧螺塔海上酒吧公园,BDH,,,False,left_censored,BDH_2023-08
2023-08-01,北戴河集发农业专业合作社,BDH,,,False,left_censored,BDH_2023-08
2023-08-01,奥林匹克公园,BDH,,,False,left_censored,BDH_2023-08
2023-08-01,平水桥公园,BDH,,,False,left_censored,BDH_2023-08
2023-08-01,戴河生态园,BDH,,,False,left_censored,BDH_2023-08
2023-08-01,秦皇岛野生动物园,BDH,,,False,left_censored,BDH_2023-08
2023-08-01,老虎石海上公园,BDH,,,False,left_censored,BDH_2023-08
2023-08-01,鸽子窝公园,BDH,,,False,left_censored,BDH_2023-08
2023-08-01,新澳海底世界,HGA,2.26,71.0,True,density,HGA_2023-08
2023-08-01,河北秦皇岛国家地质公园,HGA,,,False,left_censored,HGA_2023-08
2023-08-01,秦皇植物园,HGA,,,False,left_censored,HGA_2023-08
2023-08-01,孟姜女庙景区,SHG,,,False,left_censored,SHG_2023-08
2023-08-01,山海关欢乐海洋公园,SHG,,,False,left_censored,SHG_2023-08
2023-08-01,山海关风景区,SHG,,,False,left_censored,SHG_2023-08
2023-08-01,山海关风景区-天下第一关景区,SHG,,,False,left_censored,SHG_2023-08
2023-08-01,老龙头景区,SHG,,,False,left_censored,SHG_2023-08
2023-08-01,角山景区,SHG,,,False,left_censored,SHG_2023-08
2023-08-01,黄金海岸风景区,其他_昌黎,,,False,left_censored,其他_昌黎_2023-08
2023-08-02,北戴河碧螺塔海上酒吧公园,BDH,,,False,left_censored,BDH_2023-08
2023-08-02,北戴河集发农业专业合作社,BDH,,,False,left_censored,BDH_2023-08
2023-08-02,奥林匹克公园,BDH,,,False,left_censored,BDH_2023-08
2023-08-02,平水桥公园,BDH,,,False,left_censored,BDH_2023-08
2023-08-02,戴河生态园,BDH,,,False,left_censored,BDH_2023-08
2023-08-02,秦皇岛野生动物园,BDH,,,False,left_censored,BDH_2023-08
2023-08-02,老虎石海上公园,BDH,,,False,left_censored,BDH_2023-08
2023-08-02,鸽子窝公园,BDH,,,False,left_censored,BDH_2023-08
2023-08-02,新澳海底世界,HGA,,,False,left_censored,HGA_2023-08
2023-08-02,河北秦皇岛国家地质公园,HGA,,,False,left_censored,HGA_2023-08
2023-08-02,秦皇植物园,HGA,,,False,left_censored,HGA_2023-08
2023-08-02,孟姜女庙景区,SHG,,,False,left_censored,SHG_2023-08
2023-08-02,山海关欢乐海洋公园,SHG,10.66,77.0,True,density,SHG_2023-08
2023-08-02,山海关风景区,SHG,,,False,left_censored,SHG_2023-08
2023-08-02,山海关风景区-天下第一关景区,SHG,,,False,left_censored,SHG_2023-08
2023-08-02,老龙头景区,SHG,,,False,left_censored,SHG_2023-08
2023-08-02,角山景区,SHG,,,False,left_censored,SHG_2023-08
2023-08-02,黄金海岸风景区,其他_昌黎,,,False,left_censored,其他_昌黎_2023-08
2023-08-03,北戴河碧螺塔海上酒吧公园,BDH,4.77,97.0,True,density,BDH_2023-08
2023-08-03,北戴河集发农业专业合作社,BDH,,,False,left_censored,BDH_2023-08
2023-08-03,奥林匹克公园,BDH,,,False,left_censored,BDH_2023-08
2023-08-03,平水桥公园,BDH,,,False,left_censored,BDH_2023-08
2023-08-03,戴河生态园,BDH,,,False,left_censored,BDH_2023-08
2023-08-03,秦皇岛野生动物园,BDH,,,False,left_censored,BDH_2023-08
2023-08-03,老虎石海上公园,BDH,,,False,left_censored,BDH_2023-08
2023-08-03,鸽子窝公园,BDH,,,False,left_censored,BDH_2023-08
2023-08-03,新澳海底世界,HGA,,,False,left_censored,HGA_2023-08
2023-08-03,河北秦皇岛国家地质公园,HGA,,,False,left_censored,HGA_2023-08
2023-08-03,秦皇植物园,HGA,,,False,left_censored,HGA_2023-08
2023-08-03,孟姜女庙景区,SHG,,,False,left_censored,SHG_2023-08
2023-08-03,山海关欢乐海洋公园,SHG,10.51,100.0,True,density,SHG_2023-08
2023-08-03,山海关风景区,SHG,,,False,left_censored,SHG_2023-08
2023-08-03,山海关风景区-天下第一关景区,SHG,,,False,left_censored,SHG_2023-08
2023-08-03,老龙头景区,SHG,,,False,left_censored,SHG_2023-08
2023-08-03,角山景区,SHG,,,False,left_censored,SHG_2023-08
2023-08-03,黄金海岸风景区,其他_昌黎,,,False,left_censored,其他_昌黎_2023-08
2023-08-05,北戴河碧螺塔海上酒吧公园,BDH,,,False,left_censored,BDH_2023-08
2023-08-05,北戴河集发农业专业合作社,BDH,,,False,left_censored,BDH_2023-08
2023-08-05,奥林匹克公园,BDH,,,False,left_censored,BDH_2023-08
2023-08-05,平水桥公园,BDH,2.58,97.0,True,density,BDH_2023-08
2023-08-05,戴河生态园,BDH,,,False,left_censored,BDH_2023-08
2023-08-05,秦皇岛野生动物园,BDH,,,False,left_censored,BDH_2023-08
2023-08-05,老虎石海上公园,BDH,3.06,76.0,True,density,BDH_2023-08
2023-08-05,鸽子窝公园,BDH,,,False,left_censored,BDH_2023-08
2023-08-05,新澳海底世界,HGA,3.58,73.0,True,density,HGA_2023-08
2023-08-05,河北秦皇岛国家地质公园,HGA,,,False,left_censored,HGA_2023-08
2023-08-05,秦皇植物园,HGA,,,False,left_censored,HGA_2023-08
2023-08-05,孟姜女庙景区,SHG,,,False,left_censored,SHG_2023-08
2023-08-05,山海关欢乐海洋公园,SHG,11.03,32.0,True,density,SHG_2023-08
2023-08-05,山海关风景区,SHG,,,False,left_censored,SHG_2023-08
2023-08-05,山海关风景区-天下第一关景区,SHG,,,False,left_censored,SHG_2023-08
2023-08-05,老龙头景区,SHG,,,False,left_censored,SHG_2023-08
2023-08-05,角山景区,SHG,,,False,left_censored,SHG_2023-08
2023-08-05,黄金海岸风景区,其他_昌黎,,,False,left_censored,其他_昌黎_2023-08
2023-08-06,北戴河碧螺塔海上酒吧公园,BDH,,,False,left_censored,BDH_2023-08
2023-08-06,北戴河集发农业专业合作社,BDH,,,False,left_censored,BDH_2023-08
2023-08-06,奥林匹克公园,BDH,,,False,left_censored,BDH_2023-08
2023-08-06,平水桥公园,BDH,,,False,left_censored,BDH_2023-08
2023-08-06,戴河生态园,BDH,,,False,left_censored,BDH_2023-08
2023-08-06,秦皇岛野生动物园,BDH,,,False,left_censored,BDH_2023-08
2023-08-06,老虎石海上公园,BDH,2.89,85.0,True,density,BDH_2023-08
2023-08-06,鸽子窝公园,BDH,,,False,left_censored,BDH_2023-08
2023-08-06,新澳海底世界,HGA,3.8,83.0,True,density,HGA_2023-08
2023-08-06,河北秦皇岛国家地质公园,HGA,,,False,left_censored,HGA_2023-08
2023-08-06,秦皇植物园,HGA,,,False,left_censored,HGA_2023-08
2023-08-06,孟姜女庙景区,SHG,,,False,left_censored,SHG_2023-08
2023-08-06,山海关欢乐海洋公园,SHG,10.93,76.0,True,density,SHG_2023-08
2023-08-06,山海关风景区,SHG,,,False,left_censored,SHG_2023-08
2023-08-06,山海关风景区-天下第一关景区,SHG,,,False,left_censored,SHG_2023-08
2023-08-06,老龙头景区,SHG,,,False,left_censored,SHG_2023-08
2023-08-06,角山景区,SHG,,,False,left_censored,SHG_2023-08
2023-08-06,黄金海岸风景区,其他_昌黎,,,False,left_censored,其他_昌黎_2023-08
2023-08-07,北戴河碧螺塔海上酒吧公园,BDH,,,False,left_censored,BDH_2023-08
2023-08-07,北戴河集发农业专业合作社,BDH,,,False,left_censored,BDH_2023-08
2023-08-07,奥林匹克公园,BDH,,,False,left_censored,BDH_2023-08
2023-08-07,平水桥公园,BDH,,,False,left_censored,BDH_2023-08
2023-08-07,戴河生态园,BDH,,,False,left_censored,BDH_2023-08
2023-08-07,秦皇岛野生动物园,BDH,,,False,left_censored,BDH_2023-08
2023-08-07,老虎石海上公园,BDH,2.7,100.0,True,density,BDH_2023-08
2023-08-07,鸽子窝公园,BDH,8.01,92.0,True,density,BDH_2023-08
2023-08-07,新澳海底世界,HGA,,,False,left_censored,HGA_2023-08
2023-08-07,河北秦皇岛国家地质公园,HGA,,,False,left_censored,HGA_2023-08
2023-08-07,秦皇植物园,HGA,,,False,left_censored,HGA_2023-08
2023-08-07,孟姜女庙景区,SHG,,,False,left_censored,SHG_2023-08
2023-08-07,山海关欢乐海洋公园,SHG,,,False,left_censored,SHG_2023-08
2023-08-07,山海关风景区,SHG,,,False,left_censored,SHG_2023-08
2023-08-07,山海关风景区-天下第一关景区,SHG,,,False,left_censored,SHG_2023-08
2023-08-07,老龙头景区,SHG,,,False,left_censored,SHG_2023-08
2023-08-07,角山景区,SHG,,,False,left_censored,SHG_2023-08
2023-08-07,黄金海岸风景区,其他_昌黎,,,False,left_censored,其他_昌黎_2023-08
2023-08-08,北戴河碧螺塔海上酒吧公园,BDH,,,False,left_censored,BDH_2023-08
2023-08-08,北戴河集发农业专业合作社,BDH,,,False,left_censored,BDH_2023-08
2023-08-08,奥林匹克公园,BDH,1.25,91.0,True,density,BDH_2023-08
2023-08-08,平水桥公园,BDH,,,False,left_censored,BDH_2023-08
2023-08-08,戴河生态园,BDH,,,False,left_censored,BDH_2023-08
2023-08-08,秦皇岛野生动物园,BDH,,,False,left_censored,BDH_2023-08
2023-08-08,老虎石海上公园,BDH,2.9,92.0,True,density,BDH_2023-08
2023-08-08,鸽子窝公园,BDH,8.24,87.0,True,density,BDH_2023-08
2023-08-08,新澳海底世界,HGA,3.18,93.0,True,density,HGA_2023-08
2023-08-08,河北秦皇岛国家地质公园,HGA,,,False,left_censored,HGA_2023-08
2023-08-08,秦皇植物园,HGA,,,False,left_censored,HGA_2023-08
2023-08-08,孟姜女庙景区,SHG,,,False,left_censored,SHG_2023-08
2023-08-08,山海关欢乐海洋公园,SHG,,,False,left_censored,SHG_2023-08
2023-08-08,山海关风景区,SHG,,,False,left_censored,SHG_2023-08
2023-08-08,山海关风景区-天下第一关景区,SHG,,,False,left_censored,SHG_2023-08
2023-08-08,老龙头景区,SHG,,,False,left_censored,SHG_2023-08
2023-08-08,角山景区,SHG,,,False,left_censored,SHG_2023-08
2023-08-08,黄金海岸风景区,其他_昌黎,,,False,left_censored,其他_昌黎_2023-08
2023-08-09,北戴河碧螺塔海上酒吧公园,BDH,,,False,left_censored,BDH_2023-08
2023-08-09,北戴河集发农业专业合作社,BDH,,,False,left_censored,BDH_2023-08
2023-08-09,奥林匹克公园,BDH,,,False,left_censored,BDH_2023-08
2023-08-09,平水桥公园,BDH,,,False,left_censored,BDH_2023-08
2023-08-09,戴河生态园,BDH,,,False,left_censored,BDH_2023-08
2023-08-09,秦皇岛野生动物园,BDH,,,False,left_censored,BDH_2023-08
2023-08-09,老虎石海上公园,BDH,2.83,87.0,True,density,BDH_2023-08
2023-08-09,鸽子窝公园,BDH,8.09,100.0,True,density,BDH_2023-08
2023-08-09,新澳海底世界,HGA,3.41,99.0,True,density,HGA_2023-08
2023-08-09,河北秦皇岛国家地质公园,HGA,,,False,left_censored,HGA_2023-08
2023-08-09,秦皇植物园,HGA,,,False,left_censored,HGA_2023-08
2023-08-09,孟姜女庙景区,SHG,,,False,left_censored,SHG_2023-08
2023-08-09,山海关欢乐海洋公园,SHG,,,False,left_censored,SHG_2023-08
2023-08-09,山海关风景区,SHG,,,False,left_censored,SHG_2023-08
2023-08-09,山海关风景区-天下第一关景区,SHG,,,False,left_censored,SHG_2023-08
2023-08-09,老龙头景区,SHG,,,False,left_censored,SHG_2023-08
2023-08-09,角山景区,SHG,,,False,left_censored,SHG_2023-08
2023-08-09,黄金海岸风景区,其他_昌黎,,,False,left_censored,其他_昌黎_2023-08
2023-08-10,北戴河碧螺塔海上酒吧公园,BDH,,,False,left_censored,BDH_2023-08
2023-08-10,北戴河集发农业专业合作社,BDH,,,False,left_censored,BDH_2023-08
2023-08-10,奥林匹克公园,BDH,,,False,left_censored,BDH_2023-08
2023-08-10,平水桥公园,BDH,,,False,left_censored,BDH_2023-08
2023-08-10,戴河生态园,BDH,,,False,left_censored,BDH_2023-08
2023-08-10,秦皇岛野生动物园,BDH,,,False,left_censored,BDH_2023-08
2023-08-10,老虎石海上公园,BDH,2.89,87.0,True,density,BDH_2023-08
2023-08-10,鸽子窝公园,BDH,8.37,94.0,True,density,BDH_2023-08
2023-08-10,新澳海底世界,HGA,3.31,85.0,True,density,HGA_2023-08
2023-08-10,河北秦皇岛国家地质公园,HGA,,,False,left_censored,HGA_2023-08
2023-08-10,秦皇植物园,HGA,,,False,left_censored,HGA_2023-08
2023-08-10,孟姜女庙景区,SHG,,,False,left_censored,SHG_2023-08
2023-08-10,山海关欢乐海洋公园,SHG,,,False,left_censored,SHG_2023-08
2023-08-10,山海关风景区,SHG,,,False,left_censored,SHG_2023-08
2023-08-10,山海关风景区-天下第一关景区,SHG,,,False,left_censored,SHG_2023-08
2023-08-10,老龙头景区,SHG,,,False,left_censored,SHG_2023-08
2023-08-10,角山景区,SHG,,,False,left_censored,SHG_2023-08
2023-08-10,黄金海岸风景区,其他_昌黎,,,False,left_censored,其他_昌黎_2023-08
2023-08-11,北戴河碧螺塔海上酒吧公园,BDH,,,False,left_censored,BDH_2023-08
2023-08-11,北戴河集发农业专业合作社,BDH,,,False,left_censored,BDH_2023-08
2023-08-11,奥林匹克公园,BDH,,,False,left_censored,BDH_2023-08
2023-08-11,平水桥公园,BDH,,,False,left_censored,BDH_2023-08
2023-08-11,戴河生态园,BDH,,,False,left_censored,BDH_2023-08
2023-08-11,秦皇岛野生动物园,BDH,,,False,left_censored,BDH_2023-08
2023-08-11,老虎石海上公园,BDH,2.7,98.0,True,density,BDH_2023-08
2023-08-11,鸽子窝公园,BDH,,,False,left_censored,BDH_2023-08
2023-08-11,新澳海底世界,HGA,3.17,96.0,True,density,HGA_2023-08
2023-08-11,河北秦皇岛国家地质公园,HGA,,,False,left_censored,HGA_2023-08
2023-08-11,秦皇植物园,HGA,,,False,left_censored,HGA_2023-08
2023-08-11,孟姜女庙景区,SHG,,,False,left_censored,SHG_2023-08
2023-08-11,山海关欢乐海洋公园,SHG,,,False,left_censored,SHG_2023-08
2023-08-11,山海关风景区,SHG,,,False,left_censored,SHG_2023-08
2023-08-11,山海关风景区-天下第一关景区,SHG,,,False,left_censored,SHG_2023-08
2023-08-11,老龙头景区,SHG,,,False,left_censored,SHG_2023-08
2023-08-11,角山景区,SHG,,,False,left_censored,SHG_2023-08
2023-08-11,黄金海岸风景区,其他_昌黎,,,False,left_censored,其他_昌黎_2023-08
2023-08-12,北戴河碧螺塔海上酒吧公园,BDH,,,False,left_censored,BDH_2023-08
2023-08-12,北戴河集发农业专业合作社,BDH,,,False,left_censored,BDH_2023-08
2023-08-12,奥林匹克公园,BDH,,,False,left_censored,BDH_2023-08
2023-08-12,平水桥公园,BDH,,,False,left_censored,BDH_2023-08
2023-08-12,戴河生态园,BDH,,,False,left_censored,BDH_2023-08
2023-08-12,秦皇岛野生动物园,BDH,,,False,left_censored,BDH_2023-08
2023-08-12,老虎石海上公园,BDH,,,False,left_censored,BDH_2023-08
2023-08-12,鸽子窝公园,BDH,,,False,left_censored,BDH_2023-08
2023-08-12,新澳海底世界,HGA,5.17,6.0,True,density,HGA_2023-08
2023-08-12,河北秦皇岛国家地质公园,HGA,,,False,left_censored,HGA_2023-08
2023-08-12,秦皇植物园,HGA,,,False,left_censored,HGA_2023-08
2023-08-12,孟姜女庙景区,SHG,,,False,left_censored,SHG_2023-08
2023-08-12,山海关欢乐海洋公园,SHG,,,False,left_censored,SHG_2023-08
2023-08-12,山海关风景区,SHG,,,False,left_censored,SHG_2023-08
2023-08-12,山海关风景区-天下第一关景区,SHG,,,False,left_censored,SHG_2023-08
2023-08-12,老龙头景区,SHG,,,False,left_censored,SHG_2023-08
2023-08-12,角山景区,SHG,,,False,left_censored,SHG_2023-08
2023-08-12,黄金海岸风景区,其他_昌黎,,,False,left_censored,其他_昌黎_2023-08
2023-08-13,北戴河碧螺塔海上酒吧公园,BDH,,,False,left_censored,BDH_2023-08
2023-08-13,北戴河集发农业专业合作社,BDH,1.93,83.0,True,density,BDH_2023-08
2023-08-13,奥林匹克公园,BDH,1.19,95.0,True,density,BDH_2023-08
2023-08-13,平水桥公园,BDH,3.01,71.0,True,density,BDH_2023-08
2023-08-13,戴河生态园,BDH,,,False,left_censored,BDH_2023-08
2023-08-13,秦皇岛野生动物园,BDH,,,False,left_censored,BDH_2023-08
2023-08-13,老虎石海上公园,BDH,3.26,53.0,True,density,BDH_2023-08
2023-08-13,鸽子窝公园,BDH,9.17,85.0,True,density,BDH_2023-08
2023-08-13,新澳海底世界,HGA,,,False,left_censored,HGA_2023-08
2023-08-13,河北秦皇岛国家地质公园,HGA,,,False,left_censored,HGA_2023-08
2023-08-13,秦皇植物园,HGA,,,False,left_censored,HGA_2023-08
2023-08-13,孟姜女庙景区,SHG,,,False,left_censored,SHG_2023-08
2023-08-13,山海关欢乐海洋公园,SHG,10.9,39.0,True,density,SHG_2023-08
2023-08-13,山海关风景区,SHG,,,False,left_censored,SHG_2023-08
2023-08-13,山海关风景区-天下第一关景区,SHG,,,False,left_censored,SHG_2023-08
2023-08-13,老龙头景区,SHG,,,False,left_censored,SHG_2023-08
2023-08-13,角山景区,SHG,,,False,left_censored,SHG_2023-08
2023-08-13,黄金海岸风景区,其他_昌黎,,,False,left_censored,其他_昌黎_2023-08
2023-08-14,北戴河碧螺塔海上酒吧公园,BDH,,,False,left_censored,BDH_2023-08
2023-08-14,北戴河集发农业专业合作社,BDH,,,False,left_censored,BDH_2023-08
2023-08-14,奥林匹克公园,BDH,,,False,left_censored,BDH_2023-08
2023-08-14,平水桥公园,BDH,,,False,left_censored,BDH_2023-08
2023-08-14,戴河生态园,BDH,,,False,left_censored,BDH_2023-08
2023-08-14,秦皇岛野生动物园,BDH,,,False,left_censored,BDH_2023-08
2023-08-14,老虎石海上公园,BDH,2.58,75.0,True,density,BDH_2023-08
2023-08-14,鸽子窝公园,BDH,,,False,left_censored,BDH_2023-08
2023-08-14,新澳海底世界,HGA,,,False,left_censored,HGA_2023-08
2023-08-14,河北秦皇岛国家地质公园,HGA,,,False,left_censored,HGA_2023-08
2023-08-14,秦皇植物园,HGA,,,False,left_censored,HGA_2023-08
2023-08-14,孟姜女庙景区,SHG,,,False,left_censored,SHG_2023-08
2023-08-14,山海关欢乐海洋公园,SHG,,,False,left_censored,SHG_2023-08
2023-08-14,山海关风景区,SHG,,,False,left_censored,SHG_2023-08
2023-08-14,山海关风景区-天下第一关景区,SHG,,,False,left_censored,SHG_2023-08
2023-08-14,老龙头景区,SHG,,,False,left_censored,SHG_2023-08
2023-08-14,角山景区,SHG,,,False,left_censored,SHG_2023-08
2023-08-14,黄金海岸风景区,其他_昌黎,,,False,left_censored,其他_昌黎_2023-08
2023-08-15,北戴河碧螺塔海上酒吧公园,BDH,4.91,68.0,True,density,BDH_2023-08
2023-08-15,北戴河集发农业专业合作社,BDH,,,False,left_censored,BDH_2023-08
2023-08-15,奥林匹克公园,BDH,1.18,95.0,True,density,BDH_2023-08
2023-08-15,平水桥公园,BDH,2.33,97.0,True,density,BDH_2023-08
2023-08-15,戴河生态园,BDH,,,False,left_censored,BDH_2023-08
2023-08-15,秦皇岛野生动物园,BDH,,,False,left_censored,BDH_2023-08
2023-08-15,老虎石海上公园,BDH,2.5,73.0,True,density,BDH_2023-08
2023-08-15,鸽子窝公园,BDH,7.68,86.0,True,density,BDH_2023-08
2023-08-15,新澳海底世界,HGA,2.91,91.0,True,density,HGA_2023-08
2023-08-15,河北秦皇岛国家地质公园,HGA,,,False,left_censored,HGA_2023-08
2023-08-15,秦皇植物园,HGA,,,False,left_censored,HGA_2023-08
2023-08-15,孟姜女庙景区,SHG,,,False,left_censored,SHG_2023-08
2023-08-15,山海关欢乐海洋公园,SHG,,,False,left_censored,SHG_2023-08
2023-08-15,山海关风景区,SHG,,,False,left_censored,SHG_2023-08
2023-08-15,山海关风景区-天下第一关景区,SHG,,,False,left_censored,SHG_2023-08
2023-08-15,老龙头景区,SHG,,,False,left_censored,SHG_2023-08
2023-08-15,角山景区,SHG,,,False,left_censored,SHG_2023-08
2023-08-15,黄金海岸风景区,其他_昌黎,,,False,left_censored,其他_昌黎_2023-08
2023-08-16,北戴河碧螺塔海上酒吧公园,BDH,4.23,93.0,True,density,BDH_2023-08
2023-08-16,北戴河集发农业专业合作社,BDH,,,False,left_censored,BDH_2023-08
2023-08-16,奥林匹克公园,BDH,,,False,left_censored,BDH_2023-08
2023-08-16,平水桥公园,BDH,,,False,left_censored,BDH_2023-08
2023-08-16,戴河生态园,BDH,,,False,left_censored,BDH_2023-08
2023-08-16,秦皇岛野生动物园,BDH,,,False,left_censored,BDH_2023-08
2023-08-16,老虎石海上公园,BDH,,,False,left_censored,BDH_2023-08
2023-08-16,鸽子窝公园,BDH,,,False,left_censored,BDH_2023-08
2023-08-16,新澳海底世界,HGA,,,False,left_censored,HGA_2023-08
2023-08-16,河北秦皇岛国家地质公园,HGA,,,False,left_censored,HGA_2023-08
2023-08-16,秦皇植物园,HGA,,,False,left_censored,HGA_2023-08
2023-08-16,孟姜女庙景区,SHG,,,False,left_censored,SHG_2023-08
2023-08-16,山海关欢乐海洋公园,SHG,,,False,left_censored,SHG_2023-08
2023-08-16,山海关风景区,SHG,,,False,left_censored,SHG_2023-08
2023-08-16,山海关风景区-天下第一关景区,SHG,,,False,left_censored,SHG_2023-08
2023-08-16,老龙头景区,SHG,,,False,left_censored,SHG_2023-08
2023-08-16,角山景区,SHG,,,False,left_censored,SHG_2023-08
2023-08-16,黄金海岸风景区,其他_昌黎,,,False,left_censored,其他_昌黎_2023-08
2023-08-17,北戴河碧螺塔海上酒吧公园,BDH,4.97,75.0,True,density,BDH_2023-08
2023-08-17,北戴河集发农业专业合作社,BDH,,,False,left_censored,BDH_2023-08
2023-08-17,奥林匹克公园,BDH,,,False,left_censored,BDH_2023-08
2023-08-17,平水桥公园,BDH,,,False,left_censored,BDH_2023-08
2023-08-17,戴河生态园,BDH,,,False,left_censored,BDH_2023-08
2023-08-17,秦皇岛野生动物园,BDH,,,False,left_censored,BDH_2023-08
2023-08-17,老虎石海上公园,BDH,2.66,86.0,True,density,BDH_2023-08
2023-08-17,鸽子窝公园,BDH,,,False,left_censored,BDH_2023-08
2023-08-17,新澳海底世界,HGA,3.0,71.0,True,density,HGA_2023-08
2023-08-17,河北秦皇岛国家地质公园,HGA,,,False,left_censored,HGA_2023-08
2023-08-17,秦皇植物园,HGA,,,False,left_censored,HGA_2023-08
2023-08-17,孟姜女庙景区,SHG,,,False,left_censored,SHG_2023-08
2023-08-17,山海关欢乐海洋公园,SHG,,,False,left_censored,SHG_2023-08
2023-08-17,山海关风景区,SHG,,,False,left_censored,SHG_2023-08
2023-08-17,山海关风景区-天下第一关景区,SHG,,,False,left_censored,SHG_2023-08
2023-08-17,老龙头景区,SHG,,,False,left_censored,SHG_2023-08
2023-08-17,角山景区,SHG,,,False,left_censored,SHG_2023-08
2023-08-17,黄金海岸风景区,其他_昌黎,,,False,left_censored,其他_昌黎_2023-08
2023-08-18,北戴河碧螺塔海上酒吧公园,BDH,,,False,left_censored,BDH_2023-08
2023-08-18,北戴河集发农业专业合作社,BDH,,,False,left_censored,BDH_2023-08
2023-08-18,奥林匹克公园,BDH,,,False,left_censored,BDH_2023-08
2023-08-18,平水桥公园,BDH,,,False,left_censored,BDH_2023-08
2023-08-18,戴河生态园,BDH,,,False,left_censored,BDH_2023-08
2023-08-18,秦皇岛野生动物园,BDH,,,False,left_censored,BDH_2023-08
2023-08-18,老虎石海上公园,BDH,,,False,left_censored,BDH_2023-08
2023-08-18,鸽子窝公园,BDH,,,False,left_censored,BDH_2023-08
2023-08-18,新澳海底世界,HGA,2.84,59.0,True,density,HGA_2023-08
2023-08-18,河北秦皇岛国家地质公园,HGA,,,False,left_censored,HGA_2023-08
2023-08-18,秦皇植物园,HGA,,,False,left_censored,HGA_2023-08
2023-08-18,孟姜女庙景区,SHG,,,False,left_censored,SHG_2023-08
2023-08-18,山海关欢乐海洋公园,SHG,,,False,left_censored,SHG_2023-08
2023-08-18,山海关风景区,SHG,,,False,left_censored,SHG_2023-08
2023-08-18,山海关风景区-天下第一关景区,SHG,,,False,left_censored,SHG_2023-08
2023-08-18,老龙头景区,SHG,,,False,left_censored,SHG_2023-08
2023-08-18,角山景区,SHG,,,False,left_censored,SHG_2023-08
2023-08-18,黄金海岸风景区,其他_昌黎,,,False,left_censored,其他_昌黎_2023-08
2023-08-19,北戴河碧螺塔海上酒吧公园,BDH,,,False,left_censored,BDH_2023-08
2023-08-19,北戴河集发农业专业合作社,BDH,,,False,left_censored,BDH_2023-08
2023-08-19,奥林匹克公园,BDH,1.3,54.0,True,density,BDH_2023-08
2023-08-19,平水桥公园,BDH,2.64,64.0,True,density,BDH_2023-08
2023-08-19,戴河生态园,BDH,,,False,left_censored,BDH_2023-08
2023-08-19,秦皇岛野生动物园,BDH,,,False,left_censored,BDH_2023-08
2023-08-19,老虎石海上公园,BDH,2.75,44.0,True,density,BDH_2023-08
2023-08-19,鸽子窝公园,BDH,8.24,50.0,True,density,BDH_2023-08
2023-08-19,新澳海底世界,HGA,3.46,60.0,True,density,HGA_2023-08
2023-08-19,河北秦皇岛国家地质公园,HGA,,,False,left_censored,HGA_2023-08
2023-08-19,秦皇植物园,HGA,,,False,left_censored,HGA_2023-08
2023-08-19,孟姜女庙景区,SHG,,,False,left_censored,SHG_2023-08
2023-08-19,山海关欢乐海洋公园,SHG,9.96,55.0,True,density,SHG_2023-08
2023-08-19,山海关风景区,SHG,,,False,left_censored,SHG_2023-08
2023-08-19,山海关风景区-天下第一关景区,SHG,,,False,left_censored,SHG_2023-08
2023-08-19,老龙头景区,SHG,,,False,left_censored,SHG_2023-08
2023-08-19,角山景区,SHG,,,False,left_censored,SHG_2023-08
2023-08-19,黄金海岸风景区,其他_昌黎,,,False,left_censored,其他_昌黎_2023-08
2023-08-20,北戴河碧螺塔海上酒吧公园,BDH,,,False,left_censored,BDH_2023-08
2023-08-20,北戴河集发农业专业合作社,BDH,,,False,left_censored,BDH_2023-08
2023-08-20,奥林匹克公园,BDH,1.28,99.0,True,density,BDH_2023-08
2023-08-20,平水桥公园,BDH,,,False,left_censored,BDH_2023-08
2023-08-20,戴河生态园,BDH,,,False,left_censored,BDH_2023-08
2023-08-20,秦皇岛野生动物园,BDH,,,False,left_censored,BDH_2023-08
2023-08-20,老虎石海上公园,BDH,2.5,87.0,True,density,BDH_2023-08
2023-08-20,鸽子窝公园,BDH,7.94,95.0,True,density,BDH_2023-08
2023-08-20,新澳海底世界,HGA,3.12,90.0,True,density,HGA_2023-08
2023-08-20,河北秦皇岛国家地质公园,HGA,,,False,left_censored,HGA_2023-08
2023-08-20,秦皇植物园,HGA,,,False,left_censored,HGA_2023-08
2023-08-20,孟姜女庙景区,SHG,,,False,left_censored,SHG_2023-08
2023-08-20,山海关欢乐海洋公园,SHG,,,False,left_censored,SHG_2023-08
2023-08-20,山海关风景区,SHG,,,False,left_censored,SHG_2023-08
2023-08-20,山海关风景区-天下第一关景区,SHG,,,False,left_censored,SHG_2023-08
2023-08-20,老龙头景区,SHG,,,False,left_censored,SHG_2023-08
2023-08-20,角山景区,SHG,,,False,left_censored,SHG_2023-08
2023-08-20,黄金海岸风景区,其他_昌黎,,,False,left_censored,其他_昌黎_2023-08
2023-08-22,北戴河碧螺塔海上酒吧公园,BDH,,,False,left_censored,BDH_2023-08
2023-08-22,北戴河集发农业专业合作社,BDH,,,False,left_censored,BDH_2023-08
2023-08-22,奥林匹克公园,BDH,,,False,left_censored,BDH_2023-08
2023-08-22,平水桥公园,BDH,,,False,left_censored,BDH_2023-08
2023-08-22,戴河生态园,BDH,,,False,left_censored,BDH_2023-08
2023-08-22,秦皇岛野生动物园,BDH,,,False,left_censored,BDH_2023-08
2023-08-22,老虎石海上公园,BDH,,,False,left_censored,BDH_2023-08
2023-08-22,鸽子窝公园,BDH,,,False,left_censored,BDH_2023-08
2023-08-22,新澳海底世界,HGA,3.56,73.0,True,density,HGA_2023-08
2023-08-22,河北秦皇岛国家地质公园,HGA,,,False,left_censored,HGA_2023-08
2023-08-22,秦皇植物园,HGA,,,False,left_censored,HGA_2023-08
2023-08-22,孟姜女庙景区,SHG,,,False,left_censored,SHG_2023-08
2023-08-22,山海关欢乐海洋公园,SHG,,,False,left_censored,SHG_2023-08
2023-08-22,山海关风景区,SHG,,,False,left_censored,SHG_2023-08
2023-08-22,山海关风景区-天下第一关景区,SHG,,,False,left_censored,SHG_2023-08
2023-08-22,老龙头景区,SHG,,,False,left_censored,SHG_2023-08
2023-08-22,角山景区,SHG,,,False,left_censored,SHG_2023-08
2023-08-22,黄金海岸风景区,其他_昌黎,,,False,left_censored,其他_昌黎_2023-08
2023-08-26,北戴河碧螺塔海上酒吧公园,BDH,,,False,left_censored,BDH_2023-08
2023-08-26,北戴河集发农业专业合作社,BDH,,,False,left_censored,BDH_2023-08
2023-08-26,奥林匹克公园,BDH,,,False,left_censored,BDH_2023-08
2023-08-26,平水桥公园,BDH,2.01,94.0,True,density,BDH_2023-08
2023-08-26,戴河生态园,BDH,,,False,left_censored,BDH_2023-08
2023-08-26,秦皇岛野生动物园,BDH,,,False,left_censored,BDH_2023-08
2023-08-26,老虎石海上公园,BDH,2.5,52.0,True,density,BDH_2023-08
2023-08-26,鸽子窝公园,BDH,,,False,left_censored,BDH_2023-08
2023-08-26,新澳海底世界,HGA,,,False,left_censored,HGA_2023-08
2023-08-26,河北秦皇岛国家地质公园,HGA,,,False,left_censored,HGA_2023-08
2023-08-26,秦皇植物园,HGA,,,False,left_censored,HGA_2023-08
2023-08-26,孟姜女庙景区,SHG,,,False,left_censored,SHG_2023-08
2023-08-26,山海关欢乐海洋公园,SHG,,,False,left_censored,SHG_2023-08
2023-08-26,山海关风景区,SHG,,,False,left_censored,SHG_2023-08
2023-08-26,山海关风景区-天下第一关景区,SHG,,,False,left_censored,SHG_2023-08
2023-08-26,老龙头景区,SHG,,,False,left_censored,SHG_2023-08
2023-08-26,角山景区,SHG,,,False,left_censored,SHG_2023-08
2023-08-26,黄金海岸风景区,其他_昌黎,,,False,left_censored,其他_昌黎_2023-08
2023-08-27,北戴河碧螺塔海上酒吧公园,BDH,,,False,left_censored,BDH_2023-08
2023-08-27,北戴河集发农业专业合作社,BDH,,,False,left_censored,BDH_2023-08
2023-08-27,奥林匹克公园,BDH,,,False,left_censored,BDH_2023-08
2023-08-27,平水桥公园,BDH,,,False,left_censored,BDH_2023-08
2023-08-27,戴河生态园,BDH,,,False,left_censored,BDH_2023-08
2023-08-27,秦皇岛野生动物园,BDH,,,False,left_censored,BDH_2023-08
2023-08-27,老虎石海上公园,BDH,2.11,76.0,True,density,BDH_2023-08
2023-08-27,鸽子窝公园,BDH,,,False,left_censored,BDH_2023-08
2023-08-27,新澳海底世界,HGA,,,False,left_censored,HGA_2023-08
2023-08-27,河北秦皇岛国家地质公园,HGA,,,False,left_censored,HGA_2023-08
2023-08-27,秦皇植物园,HGA,,,False,left_censored,HGA_2023-08
2023-08-27,孟姜女庙景区,SHG,,,False,left_censored,SHG_2023-08
2023-08-27,山海关欢乐海洋公园,SHG,,,False,left_censored,SHG_2023-08
2023-08-27,山海关风景区,SHG,,,False,left_censored,SHG_2023-08
2023-08-27,山海关风景区-天下第一关景区,SHG,,,False,left_censored,SHG_2023-08
2023-08-27,老龙头景区,SHG,,,False,left_censored,SHG_2023-08
2023-08-27,角山景区,SHG,,,False,left_censored,SHG_2023-08
2023-08-27,黄金海岸风景区,其他_昌黎,,,False,left_censored,其他_昌黎_2023-08
2023-09-03,北戴河碧螺塔海上酒吧公园,BDH,,,False,left_censored,BDH_2023-09
2023-09-03,北戴河集发农业专业合作社,BDH,,,False,left_censored,BDH_2023-09
2023-09-03,奥林匹克公园,BDH,0.99,2.0,True,density,BDH_2023-09
2023-09-03,平水桥公园,BDH,,,False,left_censored,BDH_2023-09
2023-09-03,戴河生态园,BDH,,,False,left_censored,BDH_2023-09
2023-09-03,秦皇岛野生动物园,BDH,,,False,left_censored,BDH_2023-09
2023-09-03,老虎石海上公园,BDH,,,False,left_censored,BDH_2023-09
2023-09-03,鸽子窝公园,BDH,4.97,1.0,True,density,BDH_2023-09
2023-09-03,新澳海底世界,HGA,,,False,left_censored,HGA_2023-09
2023-09-03,河北秦皇岛国家地质公园,HGA,,,False,left_censored,HGA_2023-09
2023-09-03,秦皇植物园,HGA,,,False,left_censored,HGA_2023-09
2023-09-03,孟姜女庙景区,SHG,,,False,left_censored,SHG_2023-09
2023-09-03,山海关欢乐海洋公园,SHG,,,False,left_censored,SHG_2023-09
2023-09-03,山海关风景区,SHG,,,False,left_censored,SHG_2023-09
2023-09-03,山海关风景区-天下第一关景区,SHG,,,False,left_censored,SHG_2023-09
2023-09-03,老龙头景区,SHG,,,False,left_censored,SHG_2023-09
2023-09-03,角山景区,SHG,,,False,left_censored,SHG_2023-09
2023-09-03,黄金海岸风景区,其他_昌黎,,,False,left_censored,其他_昌黎_2023-09
2023-09-04,北戴河碧螺塔海上酒吧公园,BDH,,,False,left_censored,BDH_2023-09
2023-09-04,北戴河集发农业专业合作社,BDH,,,False,left_censored,BDH_2023-09
2023-09-04,奥林匹克公园,BDH,0.62,54.0,True,density,BDH_2023-09
2023-09-04,平水桥公园,BDH,,,False,left_censored,BDH_2023-09
2023-09-04,戴河生态园,BDH,,,False,left_censored,BDH_2023-09
2023-09-04,秦皇岛野生动物园,BDH,,,False,left_censored,BDH_2023-09
2023-09-04,老虎石海上公园,BDH,,,False,left_censored,BDH_2023-09
2023-09-04,鸽子窝公园,BDH,2.95,28.0,True,density,BDH_2023-09
2023-09-04,新澳海底世界,HGA,,,False,left_censored,HGA_2023-09
2023-09-04,河北秦皇岛国家地质公园,HGA,,,False,left_censored,HGA_2023-09
2023-09-04,秦皇植物园,HGA,,,False,left_censored,HGA_2023-09
2023-09-04,孟姜女庙景区,SHG,,,False,left_censored,SHG_2023-09
2023-09-04,山海关欢乐海洋公园,SHG,,,False,left_censored,SHG_2023-09
2023-09-04,山海关风景区,SHG,,,False,left_censored,SHG_2023-09
2023-09-04,山海关风景区-天下第一关景区,SHG,,,False,left_censored,SHG_2023-09
2023-09-04,老龙头景区,SHG,,,False,left_censored,SHG_2023-09
2023-09-04,角山景区,SHG,,,False,left_censored,SHG_2023-09
2023-09-04,黄金海岸风景区,其他_昌黎,,,False,left_censored,其他_昌黎_2023-09
2023-09-05,北戴河碧螺塔海上酒吧公园,BDH,,,False,left_censored,BDH_2023-09
2023-09-05,北戴河集发农业专业合作社,BDH,,,False,left_censored,BDH_2023-09
2023-09-05,奥林匹克公园,BDH,,,False,left_censored,BDH_2023-09
2023-09-05,平水桥公园,BDH,,,False,left_censored,BDH_2023-09
2023-09-05,戴河生态园,BDH,,,False,left_censored,BDH_2023-09
2023-09-05,秦皇岛野生动物园,BDH,,,False,left_censored,BDH_2023-09
2023-09-05,老虎石海上公园,BDH,,,False,left_censored,BDH_2023-09
2023-09-05,鸽子窝公园,BDH,2.6,87.0,True,density,BDH_2023-09
2023-09-05,新澳海底世界,HGA,,,False,left_censored,HGA_2023-09
2023-09-05,河北秦皇岛国家地质公园,HGA,,,False,left_censored,HGA_2023-09
2023-09-05,秦皇植物园,HGA,,,False,left_censored,HGA_2023-09
2023-09-05,孟姜女庙景区,SHG,,,False,left_censored,SHG_2023-09
2023-09-05,山海关欢乐海洋公园,SHG,,,False,left_censored,SHG_2023-09
2023-09-05,山海关风景区,SHG,,,False,left_censored,SHG_2023-09
2023-09-05,山海关风景区-天下第一关景区,SHG,,,False,left_censored,SHG_2023-09
2023-09-05,老龙头景区,SHG,,,False,left_censored,SHG_2023-09
2023-09-05,角山景区,SHG,,,False,left_censored,SHG_2023-09
2023-09-05,黄金海岸风景区,其他_昌黎,,,False,left_censored,其他_昌黎_2023-09
2023-09-09,北戴河碧螺塔海上酒吧公园,BDH,,,False,left_censored,BDH_2023-09
2023-09-09,北戴河集发农业专业合作社,BDH,,,False,left_censored,BDH_2023-09
2023-09-09,奥林匹克公园,BDH,0.73,2.0,True,density,BDH_2023-09
2023-09-09,平水桥公园,BDH,,,False,left_censored,BDH_2023-09
2023-09-09,戴河生态园,BDH,,,False,left_censored,BDH_2023-09
2023-09-09,秦皇岛野生动物园,BDH,,,False,left_censored,BDH_2023-09
2023-09-09,老虎石海上公园,BDH,,,False,left_censored,BDH_2023-09
2023-09-09,鸽子窝公园,BDH,3.25,1.0,True,density,BDH_2023-09
2023-09-09,新澳海底世界,HGA,,,False,left_censored,HGA_2023-09
2023-09-09,河北秦皇岛国家地质公园,HGA,,,False,left_censored,HGA_2023-09
2023-09-09,秦皇植物园,HGA,,,False,left_censored,HGA_2023-09
2023-09-09,孟姜女庙景区,SHG,,,False,left_censored,SHG_2023-09
2023-09-09,山海关欢乐海洋公园,SHG,,,False,left_censored,SHG_2023-09
2023-09-09,山海关风景区,SHG,,,False,left_censored,SHG_2023-09
2023-09-09,山海关风景区-天下第一关景区,SHG,,,False,left_censored,SHG_2023-09
2023-09-09,老龙头景区,SHG,,,False,left_censored,SHG_2023-09
2023-09-09,角山景区,SHG,,,False,left_censored,SHG_2023-09
2023-09-09,黄金海岸风景区,其他_昌黎,,,False,left_censored,其他_昌黎_2023-09
2023-09-10,北戴河碧螺塔海上酒吧公园,BDH,,,False,left_censored,BDH_2023-09
2023-09-10,北戴河集发农业专业合作社,BDH,,,False,left_censored,BDH_2023-09
2023-09-10,奥林匹克公园,BDH,0.74,7.0,True,density,BDH_2023-09
2023-09-10,平水桥公园,BDH,,,False,left_censored,BDH_2023-09
2023-09-10,戴河生态园,BDH,,,False,left_censored,BDH_2023-09
2023-09-10,秦皇岛野生动物园,BDH,,,False,left_censored,BDH_2023-09
2023-09-10,老虎石海上公园,BDH,,,False,left_censored,BDH_2023-09
2023-09-10,鸽子窝公园,BDH,3.54,5.0,True,density,BDH_2023-09
2023-09-10,新澳海底世界,HGA,2.21,73.0,True,density,HGA_2023-09
2023-09-10,河北秦皇岛国家地质公园,HGA,,,False,left_censored,HGA_2023-09
2023-09-10,秦皇植物园,HGA,,,False,left_censored,HGA_2023-09
2023-09-10,孟姜女庙景区,SHG,,,False,left_censored,SHG_2023-09
2023-09-10,山海关欢乐海洋公园,SHG,,,False,left_censored,SHG_2023-09
2023-09-10,山海关风景区,SHG,,,False,left_censored,SHG_2023-09
2023-09-10,山海关风景区-天下第一关景区,SHG,,,False,left_censored,SHG_2023-09
2023-09-10,老龙头景区,SHG,,,False,left_censored,SHG_2023-09
2023-09-10,角山景区,SHG,,,False,left_censored,SHG_2023-09
2023-09-10,黄金海岸风景区,其他_昌黎,,,False,left_censored,其他_昌黎_2023-09
2023-09-16,北戴河碧螺塔海上酒吧公园,BDH,,,False,left_censored,BDH_2023-09
2023-09-16,北戴河集发农业专业合作社,BDH,,,False,left_censored,BDH_2023-09
2023-09-16,奥林匹克公园,BDH,0.67,45.0,True,density,BDH_2023-09
2023-09-16,平水桥公园,BDH,,,False,left_censored,BDH_2023-09
2023-09-16,戴河生态园,BDH,,,False,left_censored,BDH_2023-09
2023-09-16,秦皇岛野生动物园,BDH,,,False,left_censored,BDH_2023-09
2023-09-16,老虎石海上公园,BDH,,,False,left_censored,BDH_2023-09
2023-09-16,鸽子窝公园,BDH,3.33,28.0,True,density,BDH_2023-09
2023-09-16,新澳海底世界,HGA,,,False,left_censored,HGA_2023-09
2023-09-16,河北秦皇岛国家地质公园,HGA,,,False,left_censored,HGA_2023-09
2023-09-16,秦皇植物园,HGA,,,False,left_censored,HGA_2023-09
2023-09-16,孟姜女庙景区,SHG,,,False,left_censored,SHG_2023-09
2023-09-16,山海关欢乐海洋公园,SHG,,,False,left_censored,SHG_2023-09
2023-09-16,山海关风景区,SHG,,,False,left_censored,SHG_2023-09
2023-09-16,山海关风景区-天下第一关景区,SHG,,,False,left_censored,SHG_2023-09
2023-09-16,老龙头景区,SHG,,,False,left_censored,SHG_2023-09
2023-09-16,角山景区,SHG,,,False,left_censored,SHG_2023-09
2023-09-16,黄金海岸风景区,其他_昌黎,,,False,left_censored,其他_昌黎_2023-09
2023-09-17,北戴河碧螺塔海上酒吧公园,BDH,,,False,left_censored,BDH_2023-09
2023-09-17,北戴河集发农业专业合作社,BDH,,,False,left_censored,BDH_2023-09
2023-09-17,奥林匹克公园,BDH,0.6,49.0,True,density,BDH_2023-09
2023-09-17,平水桥公园,BDH,,,False,left_censored,BDH_2023-09
2023-09-17,戴河生态园,BDH,,,False,left_censored,BDH_2023-09
2023-09-17,秦皇岛野生动物园,BDH,,,False,left_censored,BDH_2023-09
2023-09-17,老虎石海上公园,BDH,,,False,left_censored,BDH_2023-09
2023-09-17,鸽子窝公园,BDH,2.95,30.0,True,density,BDH_2023-09
2023-09-17,新澳海底世界,HGA,,,False,left_censored,HGA_2023-09
2023-09-17,河北秦皇岛国家地质公园,HGA,,,False,left_censored,HGA_2023-09
2023-09-17,秦皇植物园,HGA,,,False,left_censored,HGA_2023-09
2023-09-17,孟姜女庙景区,SHG,,,False,left_censored,SHG_2023-09
2023-09-17,山海关欢乐海洋公园,SHG,,,False,left_censored,SHG_2023-09
2023-09-17,山海关风景区,SHG,,,False,left_censored,SHG_2023-09
2023-09-17,山海关风景区-天下第一关景区,SHG,,,False,left_censored,SHG_2023-09
2023-09-17,老龙头景区,SHG,,,False,left_censored,SHG_2023-09
2023-09-17,角山景区,SHG,,,False,left_censored,SHG_2023-09
2023-09-17,黄金海岸风景区,其他_昌黎,,,False,left_censored,其他_昌黎_2023-09
2023-09-19,北戴河碧螺塔海上酒吧公园,BDH,,,False,left_censored,BDH_2023-09
2023-09-19,北戴河集发农业专业合作社,BDH,,,False,left_censored,BDH_2023-09
2023-09-19,奥林匹克公园,BDH,,,False,left_censored,BDH_2023-09
2023-09-19,平水桥公园,BDH,,,False,left_censored,BDH_2023-09
2023-09-19,戴河生态园,BDH,,,False,left_censored,BDH_2023-09
2023-09-19,秦皇岛野生动物园,BDH,,,False,left_censored,BDH_2023-09
2023-09-19,老虎石海上公园,BDH,,,False,left_censored,BDH_2023-09
2023-09-19,鸽子窝公园,BDH,,,False,left_censored,BDH_2023-09
2023-09-19,新澳海底世界,HGA,,,False,left_censored,HGA_2023-09
2023-09-19,河北秦皇岛国家地质公园,HGA,,,False,left_censored,HGA_2023-09
2023-09-19,秦皇植物园,HGA,,,False,left_censored,HGA_2023-09
2023-09-19,孟姜女庙景区,SHG,0.14,26.0,True,density,SHG_2023-09
2023-09-19,山海关欢乐海洋公园,SHG,,,False,left_censored,SHG_2023-09
2023-09-19,山海关风景区,SHG,,,False,left_censored,SHG_2023-09
2023-09-19,山海关风景区-天下第一关景区,SHG,,,False,left_censored,SHG_2023-09
2023-09-19,老龙头景区,SHG,,,False,left_censored,SHG_2023-09
2023-09-19,角山景区,SHG,,,False,left_censored,SHG_2023-09
2023-09-19,黄金海岸风景区,其他_昌黎,,,False,left_censored,其他_昌黎_2023-09
2023-09-27,北戴河碧螺塔海上酒吧公园,BDH,,,False,left_censored,BDH_2023-09
2023-09-27,北戴河集发农业专业合作社,BDH,,,False,left_censored,BDH_2023-09
2023-09-27,奥林匹克公园,BDH,,,False,left_censored,BDH_2023-09
2023-09-27,平水桥公园,BDH,,,False,left_censored,BDH_2023-09
2023-09-27,戴河生态园,BDH,,,False,left_censored,BDH_2023-09
2023-09-27,秦皇岛野生动物园,BDH,,,False,left_censored,BDH_2023-09
2023-09-27,老虎石海上公园,BDH,,,False,left_censored,BDH_2023-09
2023-09-27,鸽子窝公园,BDH,,,False,left_censored,BDH_2023-09
2023-09-27,新澳海底世界,HGA,,,False,left_censored,HGA_2023-09
2023-09-27,河北秦皇岛国家地质公园,HGA,,,False,left_censored,HGA_2023-09
2023-09-27,秦皇植物园,HGA,,,False,left_censored,HGA_2023-09
2023-09-27,孟姜女庙景区,SHG,0.1,69.0,True,density,SHG_2023-09
2023-09-27,山海关欢乐海洋公园,SHG,,,False,left_censored,SHG_2023-09
2023-09-27,山海关风景区,SHG,,,False,left_censored,SHG_2023-09
2023-09-27,山海关风景区-天下第一关景区,SHG,,,False,left_censored,SHG_2023-09
2023-09-27,老龙头景区,SHG,,,False,left_censored,SHG_2023-09
2023-09-27,角山景区,SHG,,,False,left_censored,SHG_2023-09
2023-09-27,黄金海岸风景区,其他_昌黎,,,False,left_censored,其他_昌黎_2023-09
2023-09-29,北戴河碧螺塔海上酒吧公园,BDH,,,False,left_censored,BDH_2023-09
2023-09-29,北戴河集发农业专业合作社,BDH,,,False,left_censored,BDH_2023-09
2023-09-29,奥林匹克公园,BDH,,,False,left_censored,BDH_2023-09
2023-09-29,平水桥公园,BDH,,,False,left_censored,BDH_2023-09
2023-09-29,戴河生态园,BDH,,,False,left_censored,BDH_2023-09
2023-09-29,秦皇岛野生动物园,BDH,,,False,left_censored,BDH_2023-09
2023-09-29,老虎石海上公园,BDH,,,False,left_censored,BDH_2023-09
2023-09-29,鸽子窝公园,BDH,,,False,left_censored,BDH_2023-09
2023-09-29,新澳海底世界,HGA,,,False,left_censored,HGA_2023-09
2023-09-29,河北秦皇岛国家地质公园,HGA,,,False,left_censored,HGA_2023-09
2023-09-29,秦皇植物园,HGA,,,False,left_censored,HGA_2023-09
2023-09-29,孟姜女庙景区,SHG,0.21,24.0,True,density,SHG_2023-09
2023-09-29,山海关欢乐海洋公园,SHG,,,False,left_censored,SHG_2023-09
2023-09-29,山海关风景区,SHG,,,False,left_censored,SHG_2023-09
2023-09-29,山海关风景区-天下第一关景区,SHG,,,False,left_censored,SHG_2023-09
2023-09-29,老龙头景区,SHG,,,False,left_censored,SHG_2023-09
2023-09-29,角山景区,SHG,0.39,19.0,True,density,SHG_2023-09
2023-09-29,黄金海岸风景区,其他_昌黎,,,False,left_censored,其他_昌黎_2023-09
2023-09-30,北戴河碧螺塔海上酒吧公园,BDH,,,False,left_censored,BDH_2023-09
2023-09-30,北戴河集发农业专业合作社,BDH,,,False,left_censored,BDH_2023-09
2023-09-30,奥林匹克公园,BDH,0.96,9.0,True,density,BDH_2023-09
2023-09-30,平水桥公园,BDH,,,False,left_censored,BDH_2023-09
2023-09-30,戴河生态园,BDH,,,False,left_censored,BDH_2023-09
2023-09-30,秦皇岛野生动物园,BDH,,,False,left_censored,BDH_2023-09
2023-09-30,老虎石海上公园,BDH,,,False,left_censored,BDH_2023-09
2023-09-30,鸽子窝公园,BDH,4.66,5.0,True,density,BDH_2023-09
2023-09-30,新澳海底世界,HGA,,,False,left_censored,HGA_2023-09
2023-09-30,河北秦皇岛国家地质公园,HGA,,,False,left_censored,HGA_2023-09
2023-09-30,秦皇植物园,HGA,,,False,left_censored,HGA_2023-09
2023-09-30,孟姜女庙景区,SHG,,,False,left_censored,SHG_2023-09
2023-09-30,山海关欢乐海洋公园,SHG,,,False,left_censored,SHG_2023-09
2023-09-30,山海关风景区,SHG,,,False,left_censored,SHG_2023-09
2023-09-30,山海关风景区-天下第一关景区,SHG,,,False,left_censored,SHG_2023-09
2023-09-30,老龙头景区,SHG,,,False,left_censored,SHG_2023-09
2023-09-30,角山景区,SHG,,,False,left_censored,SHG_2023-09
2023-09-30,黄金海岸风景区,其他_昌黎,,,False,left_censored,其他_昌黎_2023-09
2023-10-01,北戴河碧螺塔海上酒吧公园,BDH,,,False,left_censored,BDH_2023-10
2023-10-01,北戴河集发农业专业合作社,BDH,,,False,left_censored,BDH_2023-10
2023-10-01,奥林匹克公园,BDH,1.31,9.0,True,density,BDH_2023-10
2023-10-01,平水桥公园,BDH,,,False,left_censored,BDH_2023-10
2023-10-01,戴河生态园,BDH,,,False,left_censored,BDH_2023-10
2023-10-01,秦皇岛野生动物园,BDH,,,False,left_censored,BDH_2023-10
2023-10-01,老虎石海上公园,BDH,,,False,left_censored,BDH_2023-10
2023-10-01,鸽子窝公园,BDH,6.91,2.0,True,density,BDH_2023-10
2023-10-01,新澳海底世界,HGA,,,False,left_censored,HGA_2023-10
2023-10-01,河北秦皇岛国家地质公园,HGA,,,False,left_censored,HGA_2023-10
2023-10-01,秦皇植物园,HGA,,,False,left_censored,HGA_2023-10
2023-10-01,孟姜女庙景区,SHG,,,False,left_censored,SHG_2023-10
2023-10-01,山海关欢乐海洋公园,SHG,,,False,left_censored,SHG_2023-10
2023-10-01,山海关风景区,SHG,,,False,left_censored,SHG_2023-10
2023-10-01,山海关风景区-天下第一关景区,SHG,,,False,left_censored,SHG_2023-10
2023-10-01,老龙头景区,SHG,,,False,left_censored,SHG_2023-10
2023-10-01,角山景区,SHG,,,False,left_censored,SHG_2023-10
2023-10-01,黄金海岸风景区,其他_昌黎,,,False,left_censored,其他_昌黎_2023-10
2023-10-02,北戴河碧螺塔海上酒吧公园,BDH,,,False,left_censored,BDH_2023-10
2023-10-02,北戴河集发农业专业合作社,BDH,,,False,left_censored,BDH_2023-10
2023-10-02,奥林匹克公园,BDH,1.41,9.0,True,density,BDH_2023-10
2023-10-02,平水桥公园,BDH,1.96,89.0,True,density,BDH_2023-10
2023-10-02,戴河生态园,BDH,,,False,left_censored,BDH_2023-10
2023-10-02,秦皇岛野生动物园,BDH,,,False,left_censored,BDH_2023-10
2023-10-02,老虎石海上公园,BDH,2.38,58.0,True,density,BDH_2023-10
2023-10-02,鸽子窝公园,BDH,7.16,3.0,True,density,BDH_2023-10
2023-10-02,新澳海底世界,HGA,,,False,left_censored,HGA_2023-10
2023-10-02,河北秦皇岛国家地质公园,HGA,,,False,left_censored,HGA_2023-10
2023-10-02,秦皇植物园,HGA,,,False,left_censored,HGA_2023-10
2023-10-02,孟姜女庙景区,SHG,,,False,left_censored,SHG_2023-10
2023-10-02,山海关欢乐海洋公园,SHG,,,False,left_censored,SHG_2023-10
2023-10-02,山海关风景区,SHG,,,False,left_censored,SHG_2023-10
2023-10-02,山海关风景区-天下第一关景区,SHG,,,False,left_censored,SHG_2023-10
2023-10-02,老龙头景区,SHG,,,False,left_censored,SHG_2023-10
2023-10-02,角山景区,SHG,,,False,left_censored,SHG_2023-10
2023-10-02,黄金海岸风景区,其他_昌黎,,,False,left_censored,其他_昌黎_2023-10
2023-10-03,北戴河碧螺塔海上酒吧公园,BDH,,,False,left_censored,BDH_2023-10
2023-10-03,北戴河集发农业专业合作社,BDH,,,False,left_censored,BDH_2023-10
2023-10-03,奥林匹克公园,BDH,1.33,4.0,True,density,BDH_2023-10
2023-10-03,平水桥公园,BDH,1.83,84.0,True,density,BDH_2023-10
2023-10-03,戴河生态园,BDH,,,False,left_censored,BDH_2023-10
2023-10-03,秦皇岛野生动物园,BDH,,,False,left_censored,BDH_2023-10
2023-10-03,老虎石海上公园,BDH,2.55,63.0,True,density,BDH_2023-10
2023-10-03,鸽子窝公园,BDH,7.51,1.0,True,density,BDH_2023-10
2023-10-03,新澳海底世界,HGA,,,False,left_censored,HGA_2023-10
2023-10-03,河北秦皇岛国家地质公园,HGA,,,False,left_censored,HGA_2023-10
2023-10-03,秦皇植物园,HGA,,,False,left_censored,HGA_2023-10
2023-10-03,孟姜女庙景区,SHG,,,False,left_censored,SHG_2023-10
2023-10-03,山海关欢乐海洋公园,SHG,,,False,left_censored,SHG_2023-10
2023-10-03,山海关风景区,SHG,,,False,left_censored,SHG_2023-10
2023-10-03,山海关风景区-天下第一关景区,SHG,,,False,left_censored,SHG_2023-10
2023-10-03,老龙头景区,SHG,,,False,left_censored,SHG_2023-10
2023-10-03,角山景区,SHG,,,False,left_censored,SHG_2023-10
2023-10-03,黄金海岸风景区,其他_昌黎,,,False,left_censored,其他_昌黎_2023-10
2023-10-04,北戴河碧螺塔海上酒吧公园,BDH,,,False,left_censored,BDH_2023-10
2023-10-04,北戴河集发农业专业合作社,BDH,,,False,left_censored,BDH_2023-10
2023-10-04,奥林匹克公园,BDH,1.03,6.0,True,density,BDH_2023-10
2023-10-04,平水桥公园,BDH,,,False,left_censored,BDH_2023-10
2023-10-04,戴河生态园,BDH,,,False,left_censored,BDH_2023-10
2023-10-04,秦皇岛野生动物园,BDH,,,False,left_censored,BDH_2023-10
2023-10-04,老虎石海上公园,BDH,,,False,left_censored,BDH_2023-10
2023-10-04,鸽子窝公园,BDH,5.75,3.0,True,density,BDH_2023-10
2023-10-04,新澳海底世界,HGA,2.13,81.0,True,density,HGA_2023-10
2023-10-04,河北秦皇岛国家地质公园,HGA,,,False,left_censored,HGA_2023-10
2023-10-04,秦皇植物园,HGA,,,False,left_censored,HGA_2023-10
2023-10-04,孟姜女庙景区,SHG,,,False,left_censored,SHG_2023-10
2023-10-04,山海关欢乐海洋公园,SHG,,,False,left_censored,SHG_2023-10
2023-10-04,山海关风景区,SHG,,,False,left_censored,SHG_2023-10
2023-10-04,山海关风景区-天下第一关景区,SHG,,,False,left_censored,SHG_2023-10
2023-10-04,老龙头景区,SHG,,,False,left_censored,SHG_2023-10
2023-10-04,角山景区,SHG,,,False,left_censored,SHG_2023-10
2023-10-04,黄金海岸风景区,其他_昌黎,,,False,left_censored,其他_昌黎_2023-10
2023-10-05,北戴河碧螺塔海上酒吧公园,BDH,,,False,left_censored,BDH_2023-10
2023-10-05,北戴河集发农业专业合作社,BDH,,,False,left_censored,BDH_2023-10
2023-10-05,奥林匹克公园,BDH,0.74,41.0,True,density,BDH_2023-10
2023-10-05,平水桥公园,BDH,,,False,left_censored,BDH_2023-10
2023-10-05,戴河生态园,BDH,,,False,left_censored,BDH_2023-10
2023-10-05,秦皇岛野生动物园,BDH,,,False,left_censored,BDH_2023-10
2023-10-05,老虎石海上公园,BDH,,,False,left_censored,BDH_2023-10
2023-10-05,鸽子窝公园,BDH,3.31,21.0,True,density,BDH_2023-10
2023-10-05,新澳海底世界,HGA,,,False,left_censored,HGA_2023-10
2023-10-05,河北秦皇岛国家地质公园,HGA,,,False,left_censored,HGA_2023-10
2023-10-05,秦皇植物园,HGA,,,False,left_censored,HGA_2023-10
2023-10-05,孟姜女庙景区,SHG,,,False,left_censored,SHG_2023-10
2023-10-05,山海关欢乐海洋公园,SHG,,,False,left_censored,SHG_2023-10
2023-10-05,山海关风景区,SHG,,,False,left_censored,SHG_2023-10
2023-10-05,山海关风景区-天下第一关景区,SHG,,,False,left_censored,SHG_2023-10
2023-10-05,老龙头景区,SHG,,,False,left_censored,SHG_2023-10
2023-10-05,角山景区,SHG,,,False,left_censored,SHG_2023-10
2023-10-05,黄金海岸风景区,其他_昌黎,,,False,left_censored,其他_昌黎_2023-10
2023-10-08,北戴河碧螺塔海上酒吧公园,BDH,,,False,left_censored,BDH_2023-10
2023-10-08,北戴河集发农业专业合作社,BDH,,,False,left_censored,BDH_2023-10
2023-10-08,奥林匹克公园,BDH,,,False,left_censored,BDH_2023-10
2023-10-08,平水桥公园,BDH,,,False,left_censored,BDH_2023-10
2023-10-08,戴河生态园,BDH,,,False,left_censored,BDH_2023-10
2023-10-08,秦皇岛野生动物园,BDH,,,False,left_censored,BDH_2023-10
2023-10-08,老虎石海上公园,BDH,,,False,left_censored,BDH_2023-10
2023-10-08,鸽子窝公园,BDH,,,False,left_censored,BDH_2023-10
2023-10-08,新澳海底世界,HGA,,,False,left_censored,HGA_2023-10
2023-10-08,河北秦皇岛国家地质公园,HGA,,,False,left_censored,HGA_2023-10
2023-10-08,秦皇植物园,HGA,0.43,21.0,True,density,HGA_2023-10
2023-10-08,孟姜女庙景区,SHG,,,False,left_censored,SHG_2023-10
2023-10-08,山海关欢乐海洋公园,SHG,,,False,left_censored,SHG_2023-10
2023-10-08,山海关风景区,SHG,,,False,left_censored,SHG_2023-10
2023-10-08,山海关风景区-天下第一关景区,SHG,,,False,left_censored,SHG_2023-10
2023-10-08,老龙头景区,SHG,,,False,left_censored,SHG_2023-10
2023-10-08,角山景区,SHG,,,False,left_censored,SHG_2023-10
2023-10-08,黄金海岸风景区,其他_昌黎,,,False,left_censored,其他_昌黎_2023-10
2023-10-22,北戴河碧螺塔海上酒吧公园,BDH,,,False,left_censored,BDH_2023-10
2023-10-22,北戴河集发农业专业合作社,BDH,,,False,left_censored,BDH_2023-10
2023-10-22,奥林匹克公园,BDH,,,False,left_censored,BDH_2023-10
2023-10-22,平水桥公园,BDH,,,False,left_censored,BDH_2023-10
2023-10-22,戴河生态园,BDH,,,False,left_censored,BDH_2023-10
2023-10-22,秦皇岛野生动物园,BDH,,,False,left_censored,BDH_2023-10
2023-10-22,老虎石海上公园,BDH,,,False,left_censored,BDH_2023-10
2023-10-22,鸽子窝公园,BDH,,,False,left_censored,BDH_2023-10
2023-10-22,新澳海底世界,HGA,,,False,left_censored,HGA_2023-10
2023-10-22,河北秦皇岛国家地质公园,HGA,,,False,left_censored,HGA_2023-10
2023-10-22,秦皇植物园,HGA,,,False,left_censored,HGA_2023-10
2023-10-22,孟姜女庙景区,SHG,,,False,left_censored,SHG_2023-10
2023-10-22,山海关欢乐海洋公园,SHG,,,False,left_censored,SHG_2023-10
2023-10-22,山海关风景区,SHG,,,False,left_censored,SHG_2023-10
2023-10-22,山海关风景区-天下第一关景区,SHG,,,False,left_censored,SHG_2023-10
2023-10-22,老龙头景区,SHG,,,False,left_censored,SHG_2023-10
2023-10-22,角山景区,SHG,0.44,3.0,True,density,SHG_2023-10
2023-10-22,黄金海岸风景区,其他_昌黎,,,False,left_censored,其他_昌黎_2023-10
2023-10-25,北戴河碧螺塔海上酒吧公园,BDH,,,False,left_censored,BDH_2023-10
2023-10-25,北戴河集发农业专业合作社,BDH,,,False,left_censored,BDH_2023-10
2023-10-25,奥林匹克公园,BDH,,,False,left_censored,BDH_2023-10
2023-10-25,平水桥公园,BDH,,,False,left_censored,BDH_2023-10
2023-10-25,戴河生态园,BDH,,,False,left_censored,BDH_2023-10
2023-10-25,秦皇岛野生动物园,BDH,,,False,left_censored,BDH_2023-10
2023-10-25,老虎石海上公园,BDH,,,False,left_censored,BDH_2023-10
2023-10-25,鸽子窝公园,BDH,,,False,left_censored,BDH_2023-10
2023-10-25,新澳海底世界,HGA,,,False,left_censored,HGA_2023-10
2023-10-25,河北秦皇岛国家地质公园,HGA,,,False,left_censored,HGA_2023-10
2023-10-25,秦皇植物园,HGA,,,False,left_censored,HGA_2023-10
2023-10-25,孟姜女庙景区,SHG,,,False,left_censored,SHG_2023-10
2023-10-25,山海关欢乐海洋公园,SHG,,,False,left_censored,SHG_2023-10
2023-10-25,山海关风景区,SHG,,,False,left_censored,SHG_2023-10
2023-10-25,山海关风景区-天下第一关景区,SHG,,,False,left_censored,SHG_2023-10
2023-10-25,老龙头景区,SHG,,,False,left_censored,SHG_2023-10
2023-10-25,角山景区,SHG,0.24,2.0,True,density,SHG_2023-10
2023-10-25,黄金海岸风景区,其他_昌黎,,,False,left_censored,其他_昌黎_2023-10
2023-11-05,北戴河碧螺塔海上酒吧公园,BDH,,,False,left_censored,BDH_2023-11
2023-11-05,北戴河集发农业专业合作社,BDH,,,False,left_censored,BDH_2023-11
2023-11-05,奥林匹克公园,BDH,,,False,left_censored,BDH_2023-11
2023-11-05,平水桥公园,BDH,,,False,left_censored,BDH_2023-11
2023-11-05,戴河生态园,BDH,,,False,left_censored,BDH_2023-11
2023-11-05,秦皇岛野生动物园,BDH,,,False,left_censored,BDH_2023-11
2023-11-05,老虎石海上公园,BDH,,,False,left_censored,BDH_2023-11
2023-11-05,鸽子窝公园,BDH,,,False,left_censored,BDH_2023-11
2023-11-05,新澳海底世界,HGA,,,False,left_censored,HGA_2023-11
2023-11-05,河北秦皇岛国家地质公园,HGA,8.98,20.0,True,density,HGA_2023-11
2023-11-05,秦皇植物园,HGA,,,False,left_censored,HGA_2023-11
2023-11-05,孟姜女庙景区,SHG,,,False,left_censored,SHG_2023-11
2023-11-05,山海关欢乐海洋公园,SHG,,,False,left_censored,SHG_2023-11
2023-11-05,山海关风景区,SHG,,,False,left_censored,SHG_2023-11
2023-11-05,山海关风景区-天下第一关景区,SHG,,,False,left_censored,SHG_2023-11
2023-11-05,老龙头景区,SHG,,,False,left_censored,SHG_2023-11
2023-11-05,角山景区,SHG,,,False,left_censored,SHG_2023-11
2023-11-05,黄金海岸风景区,其他_昌黎,,,False,left_censored,其他_昌黎_2023-11
2023-11-06,北戴河碧螺塔海上酒吧公园,BDH,,,False,left_censored,BDH_2023-11
2023-11-06,北戴河集发农业专业合作社,BDH,,,False,left_censored,BDH_2023-11
2023-11-06,奥林匹克公园,BDH,,,False,left_censored,BDH_2023-11
2023-11-06,平水桥公园,BDH,,,False,left_censored,BDH_2023-11
2023-11-06,戴河生态园,BDH,,,False,left_censored,BDH_2023-11
2023-11-06,秦皇岛野生动物园,BDH,,,False,left_censored,BDH_2023-11
2023-11-06,老虎石海上公园,BDH,,,False,left_censored,BDH_2023-11
2023-11-06,鸽子窝公园,BDH,,,False,left_censored,BDH_2023-11
2023-11-06,新澳海底世界,HGA,,,False,left_censored,HGA_2023-11
2023-11-06,河北秦皇岛国家地质公园,HGA,,,False,left_censored,HGA_2023-11
2023-11-06,秦皇植物园,HGA,0.48,58.0,True,density,HGA_2023-11
2023-11-06,孟姜女庙景区,SHG,,,False,left_censored,SHG_2023-11
2023-11-06,山海关欢乐海洋公园,SHG,,,False,left_censored,SHG_2023-11
2023-11-06,山海关风景区,SHG,,,False,left_censored,SHG_2023-11
2023-11-06,山海关风景区-天下第一关景区,SHG,,,False,left_censored,SHG_2023-11
2023-11-06,老龙头景区,SHG,,,False,left_censored,SHG_2023-11
2023-11-06,角山景区,SHG,,,False,left_censored,SHG_2023-11
2023-11-06,黄金海岸风景区,其他_昌黎,,,False,left_censored,其他_昌黎_2023-11
2023-11-09,北戴河碧螺塔海上酒吧公园,BDH,,,False,left_censored,BDH_2023-11
2023-11-09,北戴河集发农业专业合作社,BDH,,,False,left_censored,BDH_2023-11
2023-11-09,奥林匹克公园,BDH,,,False,left_censored,BDH_2023-11
2023-11-09,平水桥公园,BDH,,,False,left_censored,BDH_2023-11
2023-11-09,戴河生态园,BDH,,,False,left_censored,BDH_2023-11
2023-11-09,秦皇岛野生动物园,BDH,,,False,left_censored,BDH_2023-11
2023-11-09,老虎石海上公园,BDH,,,False,left_censored,BDH_2023-11
2023-11-09,鸽子窝公园,BDH,,,False,left_censored,BDH_2023-11
2023-11-09,新澳海底世界,HGA,,,False,left_censored,HGA_2023-11
2023-11-09,河北秦皇岛国家地质公园,HGA,,,False,left_censored,HGA_2023-11
2023-11-09,秦皇植物园,HGA,0.52,81.0,True,density,HGA_2023-11
2023-11-09,孟姜女庙景区,SHG,,,False,left_censored,SHG_2023-11
2023-11-09,山海关欢乐海洋公园,SHG,,,False,left_censored,SHG_2023-11
2023-11-09,山海关风景区,SHG,,,False,left_censored,SHG_2023-11
2023-11-09,山海关风景区-天下第一关景区,SHG,,,False,left_censored,SHG_2023-11
2023-11-09,老龙头景区,SHG,,,False,left_censored,SHG_2023-11
2023-11-09,角山景区,SHG,,,False,left_censored,SHG_2023-11
2023-11-09,黄金海岸风景区,其他_昌黎,,,False,left_censored,其他_昌黎_2023-11
2023-12-03,北戴河碧螺塔海上酒吧公园,BDH,,,False,left_censored,BDH_2023-12
2023-12-03,北戴河集发农业专业合作社,BDH,,,False,left_censored,BDH_2023-12
2023-12-03,奥林匹克公园,BDH,,,False,left_censored,BDH_2023-12
2023-12-03,平水桥公园,BDH,,,False,left_censored,BDH_2023-12
2023-12-03,戴河生态园,BDH,,,False,left_censored,BDH_2023-12
2023-12-03,秦皇岛野生动物园,BDH,,,False,left_censored,BDH_2023-12
2023-12-03,老虎石海上公园,BDH,,,False,left_censored,BDH_2023-12
2023-12-03,鸽子窝公园,BDH,,,False,left_censored,BDH_2023-12
2023-12-03,新澳海底世界,HGA,,,False,left_censored,HGA_2023-12
2023-12-03,河北秦皇岛国家地质公园,HGA,7.83,45.0,True,density,HGA_2023-12
2023-12-03,秦皇植物园,HGA,,,False,left_censored,HGA_2023-12
2023-12-03,孟姜女庙景区,SHG,0.07,62.0,True,density,SHG_2023-12
2023-12-03,山海关欢乐海洋公园,SHG,,,False,left_censored,SHG_2023-12
2023-12-03,山海关风景区,SHG,,,False,left_censored,SHG_2023-12
2023-12-03,山海关风景区-天下第一关景区,SHG,,,False,left_censored,SHG_2023-12
2023-12-03,老龙头景区,SHG,,,False,left_censored,SHG_2023-12
2023-12-03,角山景区,SHG,0.19,15.0,True,density,SHG_2023-12
2023-12-03,黄金海岸风景区,其他_昌黎,,,False,left_censored,其他_昌黎_2023-12
2023-12-13,北戴河碧螺塔海上酒吧公园,BDH,,,False,left_censored,BDH_2023-12
2023-12-13,北戴河集发农业专业合作社,BDH,,,False,left_censored,BDH_2023-12
2023-12-13,奥林匹克公园,BDH,,,False,left_censored,BDH_2023-12
2023-12-13,平水桥公园,BDH,,,False,left_censored,BDH_2023-12
2023-12-13,戴河生态园,BDH,,,False,left_censored,BDH_2023-12
2023-12-13,秦皇岛野生动物园,BDH,,,False,left_censored,BDH_2023-12
2023-12-13,老虎石海上公园,BDH,,,False,left_censored,BDH_2023-12
2023-12-13,鸽子窝公园,BDH,,,False,left_censored,BDH_2023-12
2023-12-13,新澳海底世界,HGA,,,False,left_censored,HGA_2023-12
2023-12-13,河北秦皇岛国家地质公园,HGA,,,False,left_censored,HGA_2023-12
2023-12-13,秦皇植物园,HGA,0.45,54.0,True,density,HGA_2023-12
2023-12-13,孟姜女庙景区,SHG,,,False,left_censored,SHG_2023-12
2023-12-13,山海关欢乐海洋公园,SHG,,,False,left_censored,SHG_2023-12
2023-12-13,山海关风景区,SHG,,,False,left_censored,SHG_2023-12
2023-12-13,山海关风景区-天下第一关景区,SHG,,,False,left_censored,SHG_2023-12
2023-12-13,老龙头景区,SHG,,,False,left_censored,SHG_2023-12
2023-12-13,角山景区,SHG,,,False,left_censored,SHG_2023-12
2023-12-13,黄金海岸风景区,其他_昌黎,,,False,left_censored,其他_昌黎_2023-12
2023-12-17,北戴河碧螺塔海上酒吧公园,BDH,,,False,left_censored,BDH_2023-12
2023-12-17,北戴河集发农业专业合作社,BDH,,,False,left_censored,BDH_2023-12
2023-12-17,奥林匹克公园,BDH,,,False,left_censored,BDH_2023-12
2023-12-17,平水桥公园,BDH,,,False,left_censored,BDH_2023-12
2023-12-17,戴河生态园,BDH,,,False,left_censored,BDH_2023-12
2023-12-17,秦皇岛野生动物园,BDH,,,False,left_censored,BDH_2023-12
2023-12-17,老虎石海上公园,BDH,,,False,left_censored,BDH_2023-12
2023-12-17,鸽子窝公园,BDH,,,False,left_censored,BDH_2023-12
2023-12-17,新澳海底世界,HGA,,,False,left_censored,HGA_2023-12
2023-12-17,河北秦皇岛国家地质公园,HGA,,,False,left_censored,HGA_2023-12
2023-12-17,秦皇植物园,HGA,0.47,64.0,True,density,HGA_2023-12
2023-12-17,孟姜女庙景区,SHG,,,False,left_censored,SHG_2023-12
2023-12-17,山海关欢乐海洋公园,SHG,,,False,left_censored,SHG_2023-12
2023-12-17,山海关风景区,SHG,,,False,left_censored,SHG_2023-12
2023-12-17,山海关风景区-天下第一关景区,SHG,,,False,left_censored,SHG_2023-12
2023-12-17,老龙头景区,SHG,,,False,left_censored,SHG_2023-12
2023-12-17,角山景区,SHG,,,False,left_censored,SHG_2023-12
2023-12-17,黄金海岸风景区,其他_昌黎,,,False,left_censored,其他_昌黎_2023-12
2023-12-18,北戴河碧螺塔海上酒吧公园,BDH,,,False,left_censored,BDH_2023-12
2023-12-18,北戴河集发农业专业合作社,BDH,,,False,left_censored,BDH_2023-12
2023-12-18,奥林匹克公园,BDH,,,False,left_censored,BDH_2023-12
2023-12-18,平水桥公园,BDH,,,False,left_censored,BDH_2023-12
2023-12-18,戴河生态园,BDH,,,False,left_censored,BDH_2023-12
2023-12-18,秦皇岛野生动物园,BDH,,,False,left_censored,BDH_2023-12
2023-12-18,老虎石海上公园,BDH,,,False,left_censored,BDH_2023-12
2023-12-18,鸽子窝公园,BDH,,,False,left_censored,BDH_2023-12
2023-12-18,新澳海底世界,HGA,,,False,left_censored,HGA_2023-12
2023-12-18,河北秦皇岛国家地质公园,HGA,,,False,left_censored,HGA_2023-12
2023-12-18,秦皇植物园,HGA,0.46,13.0,True,density,HGA_2023-12
2023-12-18,孟姜女庙景区,SHG,,,False,left_censored,SHG_2023-12
2023-12-18,山海关欢乐海洋公园,SHG,,,False,left_censored,SHG_2023-12
2023-12-18,山海关风景区,SHG,,,False,left_censored,SHG_2023-12
2023-12-18,山海关风景区-天下第一关景区,SHG,,,False,left_censored,SHG_2023-12
2023-12-18,老龙头景区,SHG,,,False,left_censored,SHG_2023-12
2023-12-18,角山景区,SHG,,,False,left_censored,SHG_2023-12
2023-12-18,黄金海岸风景区,其他_昌黎,,,False,left_censored,其他_昌黎_2023-12
2023-12-19,北戴河碧螺塔海上酒吧公园,BDH,,,False,left_censored,BDH_2023-12
2023-12-19,北戴河集发农业专业合作社,BDH,,,False,left_censored,BDH_2023-12
2023-12-19,奥林匹克公园,BDH,,,False,left_censored,BDH_2023-12
2023-12-19,平水桥公园,BDH,,,False,left_censored,BDH_2023-12
2023-12-19,戴河生态园,BDH,,,False,left_censored,BDH_2023-12
2023-12-19,秦皇岛野生动物园,BDH,,,False,left_censored,BDH_2023-12
2023-12-19,老虎石海上公园,BDH,,,False,left_censored,BDH_2023-12
2023-12-19,鸽子窝公园,BDH,,,False,left_censored,BDH_2023-12
2023-12-19,新澳海底世界,HGA,,,False,left_censored,HGA_2023-12
2023-12-19,河北秦皇岛国家地质公园,HGA,,,False,left_censored,HGA_2023-12
2023-12-19,秦皇植物园,HGA,0.43,61.0,True,density,HGA_2023-12
2023-12-19,孟姜女庙景区,SHG,,,False,left_censored,SHG_2023-12
2023-12-19,山海关欢乐海洋公园,SHG,,,False,left_censored,SHG_2023-12
2023-12-19,山海关风景区,SHG,,,False,left_censored,SHG_2023-12
2023-12-19,山海关风景区-天下第一关景区,SHG,,,False,left_censored,SHG_2023-12
2023-12-19,老龙头景区,SHG,,,False,left_censored,SHG_2023-12
2023-12-19,角山景区,SHG,,,False,left_censored,SHG_2023-12
2023-12-19,黄金海岸风景区,其他_昌黎,,,False,left_censored,其他_昌黎_2023-12
2023-12-25,北戴河碧螺塔海上酒吧公园,BDH,,,False,left_censored,BDH_2023-12
2023-12-25,北戴河集发农业专业合作社,BDH,,,False,left_censored,BDH_2023-12
2023-12-25,奥林匹克公园,BDH,,,False,left_censored,BDH_2023-12
2023-12-25,平水桥公园,BDH,,,False,left_censored,BDH_2023-12
2023-12-25,戴河生态园,BDH,,,False,left_censored,BDH_2023-12
2023-12-25,秦皇岛野生动物园,BDH,,,False,left_censored,BDH_2023-12
2023-12-25,老虎石海上公园,BDH,,,False,left_censored,BDH_2023-12
2023-12-25,鸽子窝公园,BDH,,,False,left_censored,BDH_2023-12
2023-12-25,新澳海底世界,HGA,,,False,left_censored,HGA_2023-12
2023-12-25,河北秦皇岛国家地质公园,HGA,,,False,left_censored,HGA_2023-12
2023-12-25,秦皇植物园,HGA,0.47,44.0,True,density,HGA_2023-12
2023-12-25,孟姜女庙景区,SHG,,,False,left_censored,SHG_2023-12
2023-12-25,山海关欢乐海洋公园,SHG,,,False,left_censored,SHG_2023-12
2023-12-25,山海关风景区,SHG,,,False,left_censored,SHG_2023-12
2023-12-25,山海关风景区-天下第一关景区,SHG,,,False,left_censored,SHG_2023-12
2023-12-25,老龙头景区,SHG,,,False,left_censored,SHG_2023-12
2023-12-25,角山景区,SHG,,,False,left_censored,SHG_2023-12
2023-12-25,黄金海岸风景区,其他_昌黎,,,False,left_censored,其他_昌黎_2023-12
2024-01-02,北戴河碧螺塔海上酒吧公园,BDH,,,False,left_censored,BDH_2024-01
2024-01-02,北戴河集发农业专业合作社,BDH,,,False,left_censored,BDH_2024-01
2024-01-02,奥林匹克公园,BDH,,,False,left_censored,BDH_2024-01
2024-01-02,平水桥公园,BDH,,,False,left_censored,BDH_2024-01
2024-01-02,戴河生态园,BDH,,,False,left_censored,BDH_2024-01
2024-01-02,秦皇岛野生动物园,BDH,,,False,left_censored,BDH_2024-01
2024-01-02,老虎石海上公园,BDH,,,False,left_censored,BDH_2024-01
2024-01-02,鸽子窝公园,BDH,,,False,left_censored,BDH_2024-01
2024-01-02,新澳海底世界,HGA,,,False,left_censored,HGA_2024-01
2024-01-02,河北秦皇岛国家地质公园,HGA,,,False,left_censored,HGA_2024-01
2024-01-02,秦皇植物园,HGA,0.39,90.0,True,density,HGA_2024-01
2024-01-02,孟姜女庙景区,SHG,,,False,left_censored,SHG_2024-01
2024-01-02,山海关欢乐海洋公园,SHG,,,False,left_censored,SHG_2024-01
2024-01-02,山海关风景区,SHG,,,False,left_censored,SHG_2024-01
2024-01-02,山海关风景区-天下第一关景区,SHG,,,False,left_censored,SHG_2024-01
2024-01-02,老龙头景区,SHG,,,False,left_censored,SHG_2024-01
2024-01-02,角山景区,SHG,,,False,left_censored,SHG_2024-01
2024-01-02,黄金海岸风景区,其他_昌黎,,,False,left_censored,其他_昌黎_2024-01
2024-02-21,北戴河碧螺塔海上酒吧公园,BDH,,,False,left_censored,BDH_2024-02
2024-02-21,北戴河集发农业专业合作社,BDH,,,False,left_censored,BDH_2024-02
2024-02-21,奥林匹克公园,BDH,,,False,left_censored,BDH_2024-02
2024-02-21,平水桥公园,BDH,,,False,left_censored,BDH_2024-02
2024-02-21,戴河生态园,BDH,,,False,left_censored,BDH_2024-02
2024-02-21,秦皇岛野生动物园,BDH,,,False,left_censored,BDH_2024-02
2024-02-21,老虎石海上公园,BDH,,,False,left_censored,BDH_2024-02
2024-02-21,鸽子窝公园,BDH,,,False,left_censored,BDH_2024-02
2024-02-21,新澳海底世界,HGA,,,False,left_censored,HGA_2024-02
2024-02-21,河北秦皇岛国家地质公园,HGA,,,False,left_censored,HGA_2024-02
2024-02-21,秦皇植物园,HGA,,,False,left_censored,HGA_2024-02
2024-02-21,孟姜女庙景区,SHG,,,False,left_censored,SHG_2024-02
2024-02-21,山海关欢乐海洋公园,SHG,,,False,left_censored,SHG_2024-02
2024-02-21,山海关风景区,SHG,,,False,left_censored,SHG_2024-02
2024-02-21,山海关风景区-天下第一关景区,SHG,,,False,left_censored,SHG_2024-02
2024-02-21,老龙头景区,SHG,,,False,left_censored,SHG_2024-02
2024-02-21,角山景区,SHG,0.08,61.0,True,density,SHG_2024-02
2024-02-21,黄金海岸风景区,其他_昌黎,,,False,left_censored,其他_昌黎_2024-02
2024-03-26,北戴河碧螺塔海上酒吧公园,BDH,,,False,left_censored,BDH_2024-03
2024-03-26,北戴河集发农业专业合作社,BDH,,,False,left_censored,BDH_2024-03
2024-03-26,奥林匹克公园,BDH,,,False,left_censored,BDH_2024-03
2024-03-26,平水桥公园,BDH,,,False,left_censored,BDH_2024-03
2024-03-26,戴河生态园,BDH,,,False,left_censored,BDH_2024-03
2024-03-26,秦皇岛野生动物园,BDH,,,False,left_censored,BDH_2024-03
2024-03-26,老虎石海上公园,BDH,,,False,left_censored,BDH_2024-03
2024-03-26,鸽子窝公园,BDH,,,False,left_censored,BDH_2024-03
2024-03-26,新澳海底世界,HGA,,,False,left_censored,HGA_2024-03
2024-03-26,河北秦皇岛国家地质公园,HGA,,,False,left_censored,HGA_2024-03
2024-03-26,秦皇植物园,HGA,,,False,left_censored,HGA_2024-03
2024-03-26,孟姜女庙景区,SHG,0.12,39.0,True,density,SHG_2024-03
2024-03-26,山海关欢乐海洋公园,SHG,,,False,left_censored,SHG_2024-03
2024-03-26,山海关风景区,SHG,,,False,left_censored,SHG_2024-03
2024-03-26,山海关风景区-天下第一关景区,SHG,,,False,left_censored,SHG_2024-03
2024-03-26,老龙头景区,SHG,,,False,left_censored,SHG_2024-03
2024-03-26,角山景区,SHG,,,False,left_censored,SHG_2024-03
2024-03-26,黄金海岸风景区,其他_昌黎,,,False,left_censored,其他_昌黎_2024-03
2024-03-28,北戴河碧螺塔海上酒吧公园,BDH,,,False,left_censored,BDH_2024-03
2024-03-28,北戴河集发农业专业合作社,BDH,,,False,left_censored,BDH_2024-03
2024-03-28,奥林匹克公园,BDH,,,False,left_censored,BDH_2024-03
2024-03-28,平水桥公园,BDH,,,False,left_censored,BDH_2024-03
2024-03-28,戴河生态园,BDH,,,False,left_censored,BDH_2024-03
2024-03-28,秦皇岛野生动物园,BDH,,,False,left_censored,BDH_2024-03
2024-03-28,老虎石海上公园,BDH,,,False,left_censored,BDH_2024-03
2024-03-28,鸽子窝公园,BDH,,,False,left_censored,BDH_2024-03
2024-03-28,新澳海底世界,HGA,,,False,left_censored,HGA_2024-03
2024-03-28,河北秦皇岛国家地质公园,HGA,,,False,left_censored,HGA_2024-03
2024-03-28,秦皇植物园,HGA,,,False,left_censored,HGA_2024-03
2024-03-28,孟姜女庙景区,SHG,0.11,1.0,True,density,SHG_2024-03
2024-03-28,山海关欢乐海洋公园,SHG,,,False,left_censored,SHG_2024-03
2024-03-28,山海关风景区,SHG,,,False,left_censored,SHG_2024-03
2024-03-28,山海关风景区-天下第一关景区,SHG,,,False,left_censored,SHG_2024-03
2024-03-28,老龙头景区,SHG,,,False,left_censored,SHG_2024-03
2024-03-28,角山景区,SHG,0.21,58.0,True,density,SHG_2024-03
2024-03-28,黄金海岸风景区,其他_昌黎,,,False,left_censored,其他_昌黎_2024-03
2024-04-04,北戴河碧螺塔海上酒吧公园,BDH,,,False,left_censored,BDH_2024-04
2024-04-04,北戴河集发农业专业合作社,BDH,,,False,left_censored,BDH_2024-04
2024-04-04,奥林匹克公园,BDH,,,False,left_censored,BDH_2024-04
2024-04-04,平水桥公园,BDH,,,False,left_censored,BDH_2024-04
2024-04-04,戴河生态园,BDH,,,False,left_censored,BDH_2024-04
2024-04-04,秦皇岛野生动物园,BDH,,,False,left_censored,BDH_2024-04
2024-04-04,老虎石海上公园,BDH,1.19,92.0,True,density,BDH_2024-04
2024-04-04,鸽子窝公园,BDH,,,False,left_censored,BDH_2024-04
2024-04-04,新澳海底世界,HGA,,,False,left_censored,HGA_2024-04
2024-04-04,河北秦皇岛国家地质公园,HGA,,,False,left_censored,HGA_2024-04
2024-04-04,秦皇植物园,HGA,,,False,left_censored,HGA_2024-04
2024-04-04,孟姜女庙景区,SHG,,,False,left_censored,SHG_2024-04
2024-04-04,山海关欢乐海洋公园,SHG,,,False,left_censored,SHG_2024-04
2024-04-04,山海关风景区,SHG,,,False,left_censored,SHG_2024-04
2024-04-04,山海关风景区-天下第一关景区,SHG,,,False,left_censored,SHG_2024-04
2024-04-04,老龙头景区,SHG,,,False,left_censored,SHG_2024-04
2024-04-04,角山景区,SHG,,,False,left_censored,SHG_2024-04
2024-04-04,黄金海岸风景区,其他_昌黎,,,False,left_censored,其他_昌黎_2024-04
2024-04-05,北戴河碧螺塔海上酒吧公园,BDH,,,False,left_censored,BDH_2024-04
2024-04-05,北戴河集发农业专业合作社,BDH,,,False,left_censored,BDH_2024-04
2024-04-05,奥林匹克公园,BDH,,,False,left_censored,BDH_2024-04
2024-04-05,平水桥公园,BDH,,,False,left_censored,BDH_2024-04
2024-04-05,戴河生态园,BDH,,,False,left_censored,BDH_2024-04
2024-04-05,秦皇岛野生动物园,BDH,,,False,left_censored,BDH_2024-04
2024-04-05,老虎石海上公园,BDH,1.32,87.0,True,density,BDH_2024-04
2024-04-05,鸽子窝公园,BDH,,,False,left_censored,BDH_2024-04
2024-04-05,新澳海底世界,HGA,2.08,91.0,True,density,HGA_2024-04
2024-04-05,河北秦皇岛国家地质公园,HGA,,,False,left_censored,HGA_2024-04
2024-04-05,秦皇植物园,HGA,,,False,left_censored,HGA_2024-04
2024-04-05,孟姜女庙景区,SHG,,,False,left_censored,SHG_2024-04
2024-04-05,山海关欢乐海洋公园,SHG,,,False,left_censored,SHG_2024-04
2024-04-05,山海关风景区,SHG,,,False,left_censored,SHG_2024-04
2024-04-05,山海关风景区-天下第一关景区,SHG,,,False,left_censored,SHG_2024-04
2024-04-05,老龙头景区,SHG,,,False,left_censored,SHG_2024-04
2024-04-05,角山景区,SHG,,,False,left_censored,SHG_2024-04
2024-04-05,黄金海岸风景区,其他_昌黎,,,False,left_censored,其他_昌黎_2024-04
2024-04-21,北戴河碧螺塔海上酒吧公园,BDH,,,False,left_censored,BDH_2024-04
2024-04-21,北戴河集发农业专业合作社,BDH,,,False,left_censored,BDH_2024-04
2024-04-21,奥林匹克公园,BDH,,,False,left_censored,BDH_2024-04
2024-04-21,平水桥公园,BDH,,,False,left_censored,BDH_2024-04
2024-04-21,戴河生态园,BDH,,,False,left_censored,BDH_2024-04
2024-04-21,秦皇岛野生动物园,BDH,,,False,left_censored,BDH_2024-04
2024-04-21,老虎石海上公园,BDH,,,False,left_censored,BDH_2024-04
2024-04-21,鸽子窝公园,BDH,,,False,left_censored,BDH_2024-04
2024-04-21,新澳海底世界,HGA,1.4,33.0,True,density,HGA_2024-04
2024-04-21,河北秦皇岛国家地质公园,HGA,,,False,left_censored,HGA_2024-04
2024-04-21,秦皇植物园,HGA,,,False,left_censored,HGA_2024-04
2024-04-21,孟姜女庙景区,SHG,,,False,left_censored,SHG_2024-04
2024-04-21,山海关欢乐海洋公园,SHG,,,False,left_censored,SHG_2024-04
2024-04-21,山海关风景区,SHG,,,False,left_censored,SHG_2024-04
2024-04-21,山海关风景区-天下第一关景区,SHG,,,False,left_censored,SHG_2024-04
2024-04-21,老龙头景区,SHG,,,False,left_censored,SHG_2024-04
2024-04-21,角山景区,SHG,,,False,left_censored,SHG_2024-04
2024-04-21,黄金海岸风景区,其他_昌黎,,,False,left_censored,其他_昌黎_2024-04
2024-05-01,北戴河碧螺塔海上酒吧公园,BDH,,,False,left_censored,BDH_2024-05
2024-05-01,北戴河集发农业专业合作社,BDH,,,False,left_censored,BDH_2024-05
2024-05-01,奥林匹克公园,BDH,,,False,left_censored,BDH_2024-05
2024-05-01,平水桥公园,BDH,3.11,35.0,True,density,BDH_2024-05
2024-05-01,戴河生态园,BDH,,,False,left_censored,BDH_2024-05
2024-05-01,秦皇岛野生动物园,BDH,,,False,left_censored,BDH_2024-05
2024-05-01,老虎石海上公园,BDH,2.74,17.0,True,density,BDH_2024-05
2024-05-01,鸽子窝公园,BDH,,,False,left_censored,BDH_2024-05
2024-05-01,新澳海底世界,HGA,,,False,left_censored,HGA_2024-05
2024-05-01,河北秦皇岛国家地质公园,HGA,,,False,left_censored,HGA_2024-05
2024-05-01,秦皇植物园,HGA,,,False,left_censored,HGA_2024-05
2024-05-01,孟姜女庙景区,SHG,,,False,left_censored,SHG_2024-05
2024-05-01,山海关欢乐海洋公园,SHG,,,False,left_censored,SHG_2024-05
2024-05-01,山海关风景区,SHG,,,False,left_censored,SHG_2024-05
2024-05-01,山海关风景区-天下第一关景区,SHG,,,False,left_censored,SHG_2024-05
2024-05-01,老龙头景区,SHG,,,False,left_censored,SHG_2024-05
2024-05-01,角山景区,SHG,,,False,left_censored,SHG_2024-05
2024-05-01,黄金海岸风景区,其他_昌黎,,,False,left_censored,其他_昌黎_2024-05
2024-05-02,北戴河碧螺塔海上酒吧公园,BDH,,,False,left_censored,BDH_2024-05
2024-05-02,北戴河集发农业专业合作社,BDH,,,False,left_censored,BDH_2024-05
2024-05-02,奥林匹克公园,BDH,3.09,28.0,True,density,BDH_2024-05
2024-05-02,平水桥公园,BDH,3.47,19.0,True,density,BDH_2024-05
2024-05-02,戴河生态园,BDH,,,False,left_censored,BDH_2024-05
2024-05-02,秦皇岛野生动物园,BDH,,,False,left_censored,BDH_2024-05
2024-05-02,老虎石海上公园,BDH,2.86,12.0,True,density,BDH_2024-05
2024-05-02,鸽子窝公园,BDH,11.49,10.0,True,density,BDH_2024-05
2024-05-02,新澳海底世界,HGA,3.84,73.0,True,density,HGA_2024-05
2024-05-02,河北秦皇岛国家地质公园,HGA,,,False,left_censored,HGA_2024-05
2024-05-02,秦皇植物园,HGA,,,False,left_censored,HGA_2024-05
2024-05-02,孟姜女庙景区,SHG,,,False,left_censored,SHG_2024-05
2024-05-02,山海关欢乐海洋公园,SHG,,,False,left_censored,SHG_2024-05
2024-05-02,山海关风景区,SHG,,,False,left_censored,SHG_2024-05
2024-05-02,山海关风景区-天下第一关景区,SHG,,,False,left_censored,SHG_2024-05
2024-05-02,老龙头景区,SHG,,,False,left_censored,SHG_2024-05
2024-05-02,角山景区,SHG,,,False,left_censored,SHG_2024-05
2024-05-02,黄金海岸风景区,其他_昌黎,,,False,left_censored,其他_昌黎_2024-05
2024-05-03,北戴河碧螺塔海上酒吧公园,BDH,,,False,left_censored,BDH_2024-05
2024-05-03,北戴河集发农业专业合作社,BDH,,,False,left_censored,BDH_2024-05
2024-05-03,奥林匹克公园,BDH,2.55,55.0,True,density,BDH_2024-05
2024-05-03,平水桥公园,BDH,3.14,13.0,True,density,BDH_2024-05
2024-05-03,戴河生态园,BDH,,,False,left_censored,BDH_2024-05
2024-05-03,秦皇岛野生动物园,BDH,,,False,left_censored,BDH_2024-05
2024-05-03,老虎石海上公园,BDH,2.54,6.0,True,density,BDH_2024-05
2024-05-03,鸽子窝公园,BDH,10.98,30.0,True,density,BDH_2024-05
2024-05-03,新澳海底世界,HGA,3.84,82.0,True,density,HGA_2024-05
2024-05-03,河北秦皇岛国家地质公园,HGA,,,False,left_censored,HGA_2024-05
2024-05-03,秦皇植物园,HGA,,,False,left_censored,HGA_2024-05
2024-05-03,孟姜女庙景区,SHG,,,False,left_censored,SHG_2024-05
2024-05-03,山海关欢乐海洋公园,SHG,,,False,left_censored,SHG_2024-05
2024-05-03,山海关风景区,SHG,,,False,left_censored,SHG_2024-05
2024-05-03,山海关风景区-天下第一关景区,SHG,,,False,left_censored,SHG_2024-05
2024-05-03,老龙头景区,SHG,,,False,left_censored,SHG_2024-05
2024-05-03,角山景区,SHG,,,False,left_censored,SHG_2024-05
2024-05-03,黄金海岸风景区,其他_昌黎,,,False,left_censored,其他_昌黎_2024-05
2024-05-04,北戴河碧螺塔海上酒吧公园,BDH,,,False,left_censored,BDH_2024-05
2024-05-04,北戴河集发农业专业合作社,BDH,,,False,left_censored,BDH_2024-05
2024-05-04,奥林匹克公园,BDH,,,False,left_censored,BDH_2024-05
2024-05-04,平水桥公园,BDH,1.62,31.0,True,density,BDH_2024-05
2024-05-04,戴河生态园,BDH,,,False,left_censored,BDH_2024-05
2024-05-04,秦皇岛野生动物园,BDH,,,False,left_censored,BDH_2024-05
2024-05-04,老虎石海上公园,BDH,1.3,21.0,True,density,BDH_2024-05
2024-05-04,鸽子窝公园,BDH,,,False,left_censored,BDH_2024-05
2024-05-04,新澳海底世界,HGA,,,False,left_censored,HGA_2024-05
2024-05-04,河北秦皇岛国家地质公园,HGA,,,False,left_censored,HGA_2024-05
2024-05-04,秦皇植物园,HGA,,,False,left_censored,HGA_2024-05
2024-05-04,孟姜女庙景区,SHG,,,False,left_censored,SHG_2024-05
2024-05-04,山海关欢乐海洋公园,SHG,,,False,left_censored,SHG_2024-05
2024-05-04,山海关风景区,SHG,,,False,left_censored,SHG_2024-05
2024-05-04,山海关风景区-天下第一关景区,SHG,,,False,left_censored,SHG_2024-05
2024-05-04,老龙头景区,SHG,,,False,left_censored,SHG_2024-05
2024-05-04,角山景区,SHG,,,False,left_censored,SHG_2024-05
2024-05-04,黄金海岸风景区,其他_昌黎,,,False,left_censored,其他_昌黎_2024-05
2024-05-11,北戴河碧螺塔海上酒吧公园,BDH,,,False,left_censored,BDH_2024-05
2024-05-11,北戴河集发农业专业合作社,BDH,,,False,left_censored,BDH_2024-05
2024-05-11,奥林匹克公园,BDH,,,False,left_censored,BDH_2024-05
2024-05-11,平水桥公园,BDH,,,False,left_censored,BDH_2024-05
2024-05-11,戴河生态园,BDH,,,False,left_censored,BDH_2024-05
2024-05-11,秦皇岛野生动物园,BDH,,,False,left_censored,BDH_2024-05
2024-05-11,老虎石海上公园,BDH,,,False,left_censored,BDH_2024-05
2024-05-11,鸽子窝公园,BDH,,,False,left_censored,BDH_2024-05
2024-05-11,新澳海底世界,HGA,1.02,90.0,True,density,HGA_2024-05
2024-05-11,河北秦皇岛国家地质公园,HGA,,,False,left_censored,HGA_2024-05
2024-05-11,秦皇植物园,HGA,,,False,left_censored,HGA_2024-05
2024-05-11,孟姜女庙景区,SHG,,,False,left_censored,SHG_2024-05
2024-05-11,山海关欢乐海洋公园,SHG,,,False,left_censored,SHG_2024-05
2024-05-11,山海关风景区,SHG,,,False,left_censored,SHG_2024-05
2024-05-11,山海关风景区-天下第一关景区,SHG,,,False,left_censored,SHG_2024-05
2024-05-11,老龙头景区,SHG,,,False,left_censored,SHG_2024-05
2024-05-11,角山景区,SHG,,,False,left_censored,SHG_2024-05
2024-05-11,黄金海岸风景区,其他_昌黎,,,False,left_censored,其他_昌黎_2024-05
2024-05-18,北戴河碧螺塔海上酒吧公园,BDH,,,False,left_censored,BDH_2024-05
2024-05-18,北戴河集发农业专业合作社,BDH,,,False,left_censored,BDH_2024-05
2024-05-18,奥林匹克公园,BDH,,,False,left_censored,BDH_2024-05
2024-05-18,平水桥公园,BDH,1.0,46.0,True,density,BDH_2024-05
2024-05-18,戴河生态园,BDH,,,False,left_censored,BDH_2024-05
2024-05-18,秦皇岛野生动物园,BDH,,,False,left_censored,BDH_2024-05
2024-05-18,老虎石海上公园,BDH,0.98,27.0,True,density,BDH_2024-05
2024-05-18,鸽子窝公园,BDH,,,False,left_censored,BDH_2024-05
2024-05-18,新澳海底世界,HGA,1.57,68.0,True,density,HGA_2024-05
2024-05-18,河北秦皇岛国家地质公园,HGA,,,False,left_censored,HGA_2024-05
2024-05-18,秦皇植物园,HGA,,,False,left_censored,HGA_2024-05
2024-05-18,孟姜女庙景区,SHG,,,False,left_censored,SHG_2024-05
2024-05-18,山海关欢乐海洋公园,SHG,,,False,left_censored,SHG_2024-05
2024-05-18,山海关风景区,SHG,,,False,left_censored,SHG_2024-05
2024-05-18,山海关风景区-天下第一关景区,SHG,,,False,left_censored,SHG_2024-05
2024-05-18,老龙头景区,SHG,,,False,left_censored,SHG_2024-05
2024-05-18,角山景区,SHG,,,False,left_censored,SHG_2024-05
2024-05-18,黄金海岸风景区,其他_昌黎,,,False,left_censored,其他_昌黎_2024-05
2024-05-26,北戴河碧螺塔海上酒吧公园,BDH,,,False,left_censored,BDH_2024-05
2024-05-26,北戴河集发农业专业合作社,BDH,,,False,left_censored,BDH_2024-05
2024-05-26,奥林匹克公园,BDH,,,False,left_censored,BDH_2024-05
2024-05-26,平水桥公园,BDH,,,False,left_censored,BDH_2024-05
2024-05-26,戴河生态园,BDH,,,False,left_censored,BDH_2024-05
2024-05-26,秦皇岛野生动物园,BDH,,,False,left_censored,BDH_2024-05
2024-05-26,老虎石海上公园,BDH,,,False,left_censored,BDH_2024-05
2024-05-26,鸽子窝公园,BDH,,,False,left_censored,BDH_2024-05
2024-05-26,新澳海底世界,HGA,,,False,left_censored,HGA_2024-05
2024-05-26,河北秦皇岛国家地质公园,HGA,,,False,left_censored,HGA_2024-05
2024-05-26,秦皇植物园,HGA,,,False,left_censored,HGA_2024-05
2024-05-26,孟姜女庙景区,SHG,1.1,1.0,True,density,SHG_2024-05
2024-05-26,山海关欢乐海洋公园,SHG,,,False,left_censored,SHG_2024-05
2024-05-26,山海关风景区,SHG,,,False,left_censored,SHG_2024-05
2024-05-26,山海关风景区-天下第一关景区,SHG,,,False,left_censored,SHG_2024-05
2024-05-26,老龙头景区,SHG,,,False,left_censored,SHG_2024-05
2024-05-26,角山景区,SHG,,,False,left_censored,SHG_2024-05
2024-05-26,黄金海岸风景区,其他_昌黎,,,False,left_censored,其他_昌黎_2024-05
2024-06-01,北戴河碧螺塔海上酒吧公园,BDH,,,False,left_censored,BDH_2024-06
2024-06-01,北戴河集发农业专业合作社,BDH,,,False,left_censored,BDH_2024-06
2024-06-01,奥林匹克公园,BDH,,,False,left_censored,BDH_2024-06
2024-06-01,平水桥公园,BDH,,,False,left_censored,BDH_2024-06
2024-06-01,戴河生态园,BDH,,,False,left_censored,BDH_2024-06
2024-06-01,秦皇岛野生动物园,BDH,,,False,left_censored,BDH_2024-06
2024-06-01,老虎石海上公园,BDH,,,False,left_censored,BDH_2024-06
2024-06-01,鸽子窝公园,BDH,,,False,left_censored,BDH_2024-06
2024-06-01,新澳海底世界,HGA,2.22,5.0,True,density,HGA_2024-06
2024-06-01,河北秦皇岛国家地质公园,HGA,,,False,left_censored,HGA_2024-06
2024-06-01,秦皇植物园,HGA,1.03,66.0,True,density,HGA_2024-06
2024-06-01,孟姜女庙景区,SHG,,,False,left_censored,SHG_2024-06
2024-06-01,山海关欢乐海洋公园,SHG,,,False,left_censored,SHG_2024-06
2024-06-01,山海关风景区,SHG,,,False,left_censored,SHG_2024-06
2024-06-01,山海关风景区-天下第一关景区,SHG,,,False,left_censored,SHG_2024-06
2024-06-01,老龙头景区,SHG,,,False,left_censored,SHG_2024-06
2024-06-01,角山景区,SHG,,,False,left_censored,SHG_2024-06
2024-06-01,黄金海岸风景区,其他_昌黎,,,False,left_censored,其他_昌黎_2024-06
2024-06-08,北戴河碧螺塔海上酒吧公园,BDH,,,False,left_censored,BDH_2024-06
2024-06-08,北戴河集发农业专业合作社,BDH,,,False,left_censored,BDH_2024-06
2024-06-08,奥林匹克公园,BDH,0.82,55.0,True,density,BDH_2024-06
2024-06-08,平水桥公园,BDH,1.81,5.0,True,density,BDH_2024-06
2024-06-08,戴河生态园,BDH,,,False,left_censored,BDH_2024-06
2024-06-08,秦皇岛野生动物园,BDH,,,False,left_censored,BDH_2024-06
2024-06-08,老虎石海上公园,BDH,1.75,2.0,True,density,BDH_2024-06
2024-06-08,鸽子窝公园,BDH,,,False,left_censored,BDH_2024-06
2024-06-08,新澳海底世界,HGA,1.94,16.0,True,density,HGA_2024-06
2024-06-08,河北秦皇岛国家地质公园,HGA,,,False,left_censored,HGA_2024-06
2024-06-08,秦皇植物园,HGA,,,False,left_censored,HGA_2024-06
2024-06-08,孟姜女庙景区,SHG,,,False,left_censored,SHG_2024-06
2024-06-08,山海关欢乐海洋公园,SHG,,,False,left_censored,SHG_2024-06
2024-06-08,山海关风景区,SHG,,,False,left_censored,SHG_2024-06
2024-06-08,山海关风景区-天下第一关景区,SHG,,,False,left_censored,SHG_2024-06
2024-06-08,老龙头景区,SHG,,,False,left_censored,SHG_2024-06
2024-06-08,角山景区,SHG,,,False,left_censored,SHG_2024-06
2024-06-08,黄金海岸风景区,其他_昌黎,,,False,left_censored,其他_昌黎_2024-06
2024-06-09,北戴河碧螺塔海上酒吧公园,BDH,4.49,58.0,True,density,BDH_2024-06
2024-06-09,北戴河集发农业专业合作社,BDH,,,False,left_censored,BDH_2024-06
2024-06-09,奥林匹克公园,BDH,,,False,left_censored,BDH_2024-06
2024-06-09,平水桥公园,BDH,2.08,9.0,True,density,BDH_2024-06
2024-06-09,戴河生态园,BDH,,,False,left_censored,BDH_2024-06
2024-06-09,秦皇岛野生动物园,BDH,,,False,left_censored,BDH_2024-06
2024-06-09,老虎石海上公园,BDH,1.92,5.0,True,density,BDH_2024-06
2024-06-09,鸽子窝公园,BDH,6.94,89.0,True,density,BDH_2024-06
2024-06-09,新澳海底世界,HGA,2.46,17.0,True,density,HGA_2024-06
2024-06-09,河北秦皇岛国家地质公园,HGA,,,False,left_censored,HGA_2024-06
2024-06-09,秦皇植物园,HGA,,,False,left_censored,HGA_2024-06
2024-06-09,孟姜女庙景区,SHG,,,False,left_censored,SHG_2024-06
2024-06-09,山海关欢乐海洋公园,SHG,,,False,left_censored,SHG_2024-06
2024-06-09,山海关风景区,SHG,,,False,left_censored,SHG_2024-06
2024-06-09,山海关风景区-天下第一关景区,SHG,,,False,left_censored,SHG_2024-06
2024-06-09,老龙头景区,SHG,,,False,left_censored,SHG_2024-06
2024-06-09,角山景区,SHG,,,False,left_censored,SHG_2024-06
2024-06-09,黄金海岸风景区,其他_昌黎,,,False,left_censored,其他_昌黎_2024-06
2024-06-15,北戴河碧螺塔海上酒吧公园,BDH,,,False,left_censored,BDH_2024-06
2024-06-15,北戴河集发农业专业合作社,BDH,,,False,left_censored,BDH_2024-06
2024-06-15,奥林匹克公园,BDH,,,False,left_censored,BDH_2024-06
2024-06-15,平水桥公园,BDH,1.17,18.0,True,density,BDH_2024-06
2024-06-15,戴河生态园,BDH,,,False,left_censored,BDH_2024-06
2024-06-15,秦皇岛野生动物园,BDH,,,False,left_censored,BDH_2024-06
2024-06-15,老虎石海上公园,BDH,1.3,13.0,True,density,BDH_2024-06
2024-06-15,鸽子窝公园,BDH,,,False,left_censored,BDH_2024-06
2024-06-15,新澳海底世界,HGA,,,False,left_censored,HGA_2024-06
2024-06-15,河北秦皇岛国家地质公园,HGA,,,False,left_censored,HGA_2024-06
2024-06-15,秦皇植物园,HGA,,,False,left_censored,HGA_2024-06
2024-06-15,孟姜女庙景区,SHG,,,False,left_censored,SHG_2024-06
2024-06-15,山海关欢乐海洋公园,SHG,,,False,left_censored,SHG_2024-06
2024-06-15,山海关风景区,SHG,,,False,left_censored,SHG_2024-06
2024-06-15,山海关风景区-天下第一关景区,SHG,,,False,left_censored,SHG_2024-06
2024-06-15,老龙头景区,SHG,,,False,left_censored,SHG_2024-06
2024-06-15,角山景区,SHG,,,False,left_censored,SHG_2024-06
2024-06-15,黄金海岸风景区,其他_昌黎,,,False,left_censored,其他_昌黎_2024-06
2024-06-16,北戴河碧螺塔海上酒吧公园,BDH,2.14,93.0,True,density,BDH_2024-06
2024-06-16,北戴河集发农业专业合作社,BDH,,,False,left_censored,BDH_2024-06
2024-06-16,奥林匹克公园,BDH,,,False,left_censored,BDH_2024-06
2024-06-16,平水桥公园,BDH,,,False,left_censored,BDH_2024-06
2024-06-16,戴河生态园,BDH,,,False,left_censored,BDH_2024-06
2024-06-16,秦皇岛野生动物园,BDH,,,False,left_censored,BDH_2024-06
2024-06-16,老虎石海上公园,BDH,1.03,68.0,True,density,BDH_2024-06
2024-06-16,鸽子窝公园,BDH,,,False,left_censored,BDH_2024-06
2024-06-16,新澳海底世界,HGA,,,False,left_censored,HGA_2024-06
2024-06-16,河北秦皇岛国家地质公园,HGA,,,False,left_censored,HGA_2024-06
2024-06-16,秦皇植物园,HGA,,,False,left_censored,HGA_2024-06
2024-06-16,孟姜女庙景区,SHG,,,False,left_censored,SHG_2024-06
2024-06-16,山海关欢乐海洋公园,SHG,,,False,left_censored,SHG_2024-06
2024-06-16,山海关风景区,SHG,,,False,left_censored,SHG_2024-06
2024-06-16,山海关风景区-天下第一关景区,SHG,,,False,left_censored,SHG_2024-06
2024-06-16,老龙头景区,SHG,,,False,left_censored,SHG_2024-06
2024-06-16,角山景区,SHG,,,False,left_censored,SHG_2024-06
2024-06-16,黄金海岸风景区,其他_昌黎,,,False,left_censored,其他_昌黎_2024-06
2024-06-22,北戴河碧螺塔海上酒吧公园,BDH,,,False,left_censored,BDH_2024-06
2024-06-22,北戴河集发农业专业合作社,BDH,,,False,left_censored,BDH_2024-06
2024-06-22,奥林匹克公园,BDH,,,False,left_censored,BDH_2024-06
2024-06-22,平水桥公园,BDH,1.33,18.0,True,density,BDH_2024-06
2024-06-22,戴河生态园,BDH,,,False,left_censored,BDH_2024-06
2024-06-22,秦皇岛野生动物园,BDH,,,False,left_censored,BDH_2024-06
2024-06-22,老虎石海上公园,BDH,1.44,13.0,True,density,BDH_2024-06
2024-06-22,鸽子窝公园,BDH,,,False,left_censored,BDH_2024-06
2024-06-22,新澳海底世界,HGA,2.14,25.0,True,density,HGA_2024-06
2024-06-22,河北秦皇岛国家地质公园,HGA,,,False,left_censored,HGA_2024-06
2024-06-22,秦皇植物园,HGA,,,False,left_censored,HGA_2024-06
2024-06-22,孟姜女庙景区,SHG,,,False,left_censored,SHG_2024-06
2024-06-22,山海关欢乐海洋公园,SHG,,,False,left_censored,SHG_2024-06
2024-06-22,山海关风景区,SHG,,,False,left_censored,SHG_2024-06
2024-06-22,山海关风景区-天下第一关景区,SHG,,,False,left_censored,SHG_2024-06
2024-06-22,老龙头景区,SHG,,,False,left_censored,SHG_2024-06
2024-06-22,角山景区,SHG,,,False,left_censored,SHG_2024-06
2024-06-22,黄金海岸风景区,其他_昌黎,,,False,left_censored,其他_昌黎_2024-06
2024-06-23,北戴河碧螺塔海上酒吧公园,BDH,,,False,left_censored,BDH_2024-06
2024-06-23,北戴河集发农业专业合作社,BDH,,,False,left_censored,BDH_2024-06
2024-06-23,奥林匹克公园,BDH,,,False,left_censored,BDH_2024-06
2024-06-23,平水桥公园,BDH,,,False,left_censored,BDH_2024-06
2024-06-23,戴河生态园,BDH,,,False,left_censored,BDH_2024-06
2024-06-23,秦皇岛野生动物园,BDH,,,False,left_censored,BDH_2024-06
2024-06-23,老虎石海上公园,BDH,0.97,92.0,True,density,BDH_2024-06
2024-06-23,鸽子窝公园,BDH,,,False,left_censored,BDH_2024-06
2024-06-23,新澳海底世界,HGA,1.74,43.0,True,density,HGA_2024-06
2024-06-23,河北秦皇岛国家地质公园,HGA,,,False,left_censored,HGA_2024-06
2024-06-23,秦皇植物园,HGA,,,False,left_censored,HGA_2024-06
2024-06-23,孟姜女庙景区,SHG,,,False,left_censored,SHG_2024-06
2024-06-23,山海关欢乐海洋公园,SHG,,,False,left_censored,SHG_2024-06
2024-06-23,山海关风景区,SHG,,,False,left_censored,SHG_2024-06
2024-06-23,山海关风景区-天下第一关景区,SHG,,,False,left_censored,SHG_2024-06
2024-06-23,老龙头景区,SHG,,,False,left_censored,SHG_2024-06
2024-06-23,角山景区,SHG,,,False,left_censored,SHG_2024-06
2024-06-23,黄金海岸风景区,其他_昌黎,,,False,left_censored,其他_昌黎_2024-06
2024-06-24,北戴河碧螺塔海上酒吧公园,BDH,,,False,left_censored,BDH_2024-06
2024-06-24,北戴河集发农业专业合作社,BDH,,,False,left_censored,BDH_2024-06
2024-06-24,奥林匹克公园,BDH,,,False,left_censored,BDH_2024-06
2024-06-24,平水桥公园,BDH,,,False,left_censored,BDH_2024-06
2024-06-24,戴河生态园,BDH,,,False,left_censored,BDH_2024-06
2024-06-24,秦皇岛野生动物园,BDH,,,False,left_censored,BDH_2024-06
2024-06-24,老虎石海上公园,BDH,1.08,99.0,True,density,BDH_2024-06
2024-06-24,鸽子窝公园,BDH,,,False,left_censored,BDH_2024-06
2024-06-24,新澳海底世界,HGA,,,False,left_censored,HGA_2024-06
2024-06-24,河北秦皇岛国家地质公园,HGA,,,False,left_censored,HGA_2024-06
2024-06-24,秦皇植物园,HGA,,,False,left_censored,HGA_2024-06
2024-06-24,孟姜女庙景区,SHG,,,False,left_censored,SHG_2024-06
2024-06-24,山海关欢乐海洋公园,SHG,,,False,left_censored,SHG_2024-06
2024-06-24,山海关风景区,SHG,,,False,left_censored,SHG_2024-06
2024-06-24,山海关风景区-天下第一关景区,SHG,,,False,left_censored,SHG_2024-06
2024-06-24,老龙头景区,SHG,,,False,left_censored,SHG_2024-06
2024-06-24,角山景区,SHG,,,False,left_censored,SHG_2024-06
2024-06-24,黄金海岸风景区,其他_昌黎,,,False,left_censored,其他_昌黎_2024-06
2024-06-25,北戴河碧螺塔海上酒吧公园,BDH,,,False,left_censored,BDH_2024-06
2024-06-25,北戴河集发农业专业合作社,BDH,,,False,left_censored,BDH_2024-06
2024-06-25,奥林匹克公园,BDH,,,False,left_censored,BDH_2024-06
2024-06-25,平水桥公园,BDH,,,False,left_censored,BDH_2024-06
2024-06-25,戴河生态园,BDH,,,False,left_censored,BDH_2024-06
2024-06-25,秦皇岛野生动物园,BDH,,,False,left_censored,BDH_2024-06
2024-06-25,老虎石海上公园,BDH,1.09,84.0,True,density,BDH_2024-06
2024-06-25,鸽子窝公园,BDH,,,False,left_censored,BDH_2024-06
2024-06-25,新澳海底世界,HGA,,,False,left_censored,HGA_2024-06
2024-06-25,河北秦皇岛国家地质公园,HGA,,,False,left_censored,HGA_2024-06
2024-06-25,秦皇植物园,HGA,,,False,left_censored,HGA_2024-06
2024-06-25,孟姜女庙景区,SHG,,,False,left_censored,SHG_2024-06
2024-06-25,山海关欢乐海洋公园,SHG,,,False,left_censored,SHG_2024-06
2024-06-25,山海关风景区,SHG,,,False,left_censored,SHG_2024-06
2024-06-25,山海关风景区-天下第一关景区,SHG,,,False,left_censored,SHG_2024-06
2024-06-25,老龙头景区,SHG,,,False,left_censored,SHG_2024-06
2024-06-25,角山景区,SHG,,,False,left_censored,SHG_2024-06
2024-06-25,黄金海岸风景区,其他_昌黎,,,False,left_censored,其他_昌黎_2024-06
2024-06-26,北戴河碧螺塔海上酒吧公园,BDH,,,False,left_censored,BDH_2024-06
2024-06-26,北戴河集发农业专业合作社,BDH,,,False,left_censored,BDH_2024-06
2024-06-26,奥林匹克公园,BDH,,,False,left_censored,BDH_2024-06
2024-06-26,平水桥公园,BDH,,,False,left_censored,BDH_2024-06
2024-06-26,戴河生态园,BDH,,,False,left_censored,BDH_2024-06
2024-06-26,秦皇岛野生动物园,BDH,,,False,left_censored,BDH_2024-06
2024-06-26,老虎石海上公园,BDH,1.07,71.0,True,density,BDH_2024-06
2024-06-26,鸽子窝公园,BDH,,,False,left_censored,BDH_2024-06
2024-06-26,新澳海底世界,HGA,,,False,left_censored,HGA_2024-06
2024-06-26,河北秦皇岛国家地质公园,HGA,,,False,left_censored,HGA_2024-06
2024-06-26,秦皇植物园,HGA,,,False,left_censored,HGA_2024-06
2024-06-26,孟姜女庙景区,SHG,0.15,87.0,True,density,SHG_2024-06
2024-06-26,山海关欢乐海洋公园,SHG,,,False,left_censored,SHG_2024-06
2024-06-26,山海关风景区,SHG,,,False,left_censored,SHG_2024-06
2024-06-26,山海关风景区-天下第一关景区,SHG,,,False,left_censored,SHG_2024-06
2024-06-26,老龙头景区,SHG,,,False,left_censored,SHG_2024-06
2024-06-26,角山景区,SHG,,,False,left_censored,SHG_2024-06
2024-06-26,黄金海岸风景区,其他_昌黎,,,False,left_censored,其他_昌黎_2024-06
2024-06-27,北戴河碧螺塔海上酒吧公园,BDH,,,False,left_censored,BDH_2024-06
2024-06-27,北戴河集发农业专业合作社,BDH,,,False,left_censored,BDH_2024-06
2024-06-27,奥林匹克公园,BDH,,,False,left_censored,BDH_2024-06
2024-06-27,平水桥公园,BDH,,,False,left_censored,BDH_2024-06
2024-06-27,戴河生态园,BDH,,,False,left_censored,BDH_2024-06
2024-06-27,秦皇岛野生动物园,BDH,,,False,left_censored,BDH_2024-06
2024-06-27,老虎石海上公园,BDH,1.12,98.0,True,density,BDH_2024-06
2024-06-27,鸽子窝公园,BDH,,,False,left_censored,BDH_2024-06
2024-06-27,新澳海底世界,HGA,,,False,left_censored,HGA_2024-06
2024-06-27,河北秦皇岛国家地质公园,HGA,,,False,left_censored,HGA_2024-06
2024-06-27,秦皇植物园,HGA,,,False,left_censored,HGA_2024-06
2024-06-27,孟姜女庙景区,SHG,0.18,2.0,True,density,SHG_2024-06
2024-06-27,山海关欢乐海洋公园,SHG,,,False,left_censored,SHG_2024-06
2024-06-27,山海关风景区,SHG,,,False,left_censored,SHG_2024-06
2024-06-27,山海关风景区-天下第一关景区,SHG,,,False,left_censored,SHG_2024-06
2024-06-27,老龙头景区,SHG,,,False,left_censored,SHG_2024-06
2024-06-27,角山景区,SHG,,,False,left_censored,SHG_2024-06
2024-06-27,黄金海岸风景区,其他_昌黎,,,False,left_censored,其他_昌黎_2024-06
2024-06-28,北戴河碧螺塔海上酒吧公园,BDH,,,False,left_censored,BDH_2024-06
2024-06-28,北戴河集发农业专业合作社,BDH,,,False,left_censored,BDH_2024-06
2024-06-28,奥林匹克公园,BDH,,,False,left_censored,BDH_2024-06
2024-06-28,平水桥公园,BDH,1.19,53.0,True,density,BDH_2024-06
2024-06-28,戴河生态园,BDH,,,False,left_censored,BDH_2024-06
2024-06-28,秦皇岛野生动物园,BDH,,,False,left_censored,BDH_2024-06
2024-06-28,老虎石海上公园,BDH,1.14,35.0,True,density,BDH_2024-06
2024-06-28,鸽子窝公园,BDH,,,False,left_censored,BDH_2024-06
2024-06-28,新澳海底世界,HGA,,,False,left_censored,HGA_2024-06
2024-06-28,河北秦皇岛国家地质公园,HGA,,,False,left_censored,HGA_2024-06
2024-06-28,秦皇植物园,HGA,,,False,left_censored,HGA_2024-06
2024-06-28,孟姜女庙景区,SHG,0.2,89.0,True,density,SHG_2024-06
2024-06-28,山海关欢乐海洋公园,SHG,,,False,left_censored,SHG_2024-06
2024-06-28,山海关风景区,SHG,,,False,left_censored,SHG_2024-06
2024-06-28,山海关风景区-天下第一关景区,SHG,,,False,left_censored,SHG_2024-06
2024-06-28,老龙头景区,SHG,,,False,left_censored,SHG_2024-06
2024-06-28,角山景区,SHG,,,False,left_censored,SHG_2024-06
2024-06-28,黄金海岸风景区,其他_昌黎,,,False,left_censored,其他_昌黎_2024-06
2024-06-29,北戴河碧螺塔海上酒吧公园,BDH,3.9,71.0,True,density,BDH_2024-06
2024-06-29,北戴河集发农业专业合作社,BDH,,,False,left_censored,BDH_2024-06
2024-06-29,奥林匹克公园,BDH,,,False,left_censored,BDH_2024-06
2024-06-29,平水桥公园,BDH,1.68,12.0,True,density,BDH_2024-06
2024-06-29,戴河生态园,BDH,,,False,left_censored,BDH_2024-06
2024-06-29,秦皇岛野生动物园,BDH,,,False,left_censored,BDH_2024-06
2024-06-29,老虎石海上公园,BDH,1.57,4.0,True,density,BDH_2024-06
2024-06-29,鸽子窝公园,BDH,,,False,left_censored,BDH_2024-06
2024-06-29,新澳海底世界,HGA,2.35,16.0,True,density,HGA_2024-06
2024-06-29,河北秦皇岛国家地质公园,HGA,,,False,left_censored,HGA_2024-06
2024-06-29,秦皇植物园,HGA,,,False,left_censored,HGA_2024-06
2024-06-29,孟姜女庙景区,SHG,,,False,left_censored,SHG_2024-06
2024-06-29,山海关欢乐海洋公园,SHG,,,False,left_censored,SHG_2024-06
2024-06-29,山海关风景区,SHG,,,False,left_censored,SHG_2024-06
2024-06-29,山海关风景区-天下第一关景区,SHG,,,False,left_censored,SHG_2024-06
2024-06-29,老龙头景区,SHG,,,False,left_censored,SHG_2024-06
2024-06-29,角山景区,SHG,,,False,left_censored,SHG_2024-06
2024-06-29,黄金海岸风景区,其他_昌黎,,,False,left_censored,其他_昌黎_2024-06
2024-06-30,北戴河碧螺塔海上酒吧公园,BDH,2.78,99.0,True,density,BDH_2024-06
2024-06-30,北戴河集发农业专业合作社,BDH,,,False,left_censored,BDH_2024-06
2024-06-30,奥林匹克公园,BDH,,,False,left_censored,BDH_2024-06
2024-06-30,平水桥公园,BDH,1.26,63.0,True,density,BDH_2024-06
2024-06-30,戴河生态园,BDH,,,False,left_censored,BDH_2024-06
2024-06-30,秦皇岛野生动物园,BDH,,,False,left_censored,BDH_2024-06
2024-06-30,老虎石海上公园,BDH,1.05,48.0,True,density,BDH_2024-06
2024-06-30,鸽子窝公园,BDH,,,False,left_censored,BDH_2024-06
2024-06-30,新澳海底世界,HGA,,,False,left_censored,HGA_2024-06
2024-06-30,河北秦皇岛国家地质公园,HGA,,,False,left_censored,HGA_2024-06
2024-06-30,秦皇植物园,HGA,,,False,left_censored,HGA_2024-06
2024-06-30,孟姜女庙景区,SHG,,,False,left_censored,SHG_2024-06
2024-06-30,山海关欢乐海洋公园,SHG,,,False,left_censored,SHG_2024-06
2024-06-30,山海关风景区,SHG,,,False,left_censored,SHG_2024-06
2024-06-30,山海关风景区-天下第一关景区,SHG,,,False,left_censored,SHG_2024-06
2024-06-30,老龙头景区,SHG,,,False,left_censored,SHG_2024-06
2024-06-30,角山景区,SHG,,,False,left_censored,SHG_2024-06
2024-06-30,黄金海岸风景区,其他_昌黎,2.82,91.0,True,density,其他_昌黎_2024-06
2024-07-02,北戴河碧螺塔海上酒吧公园,BDH,,,False,left_censored,BDH_2024-07
2024-07-02,北戴河集发农业专业合作社,BDH,,,False,left_censored,BDH_2024-07
2024-07-02,奥林匹克公园,BDH,,,False,left_censored,BDH_2024-07
2024-07-02,平水桥公园,BDH,,,False,left_censored,BDH_2024-07
2024-07-02,戴河生态园,BDH,,,False,left_censored,BDH_2024-07
2024-07-02,秦皇岛野生动物园,BDH,,,False,left_censored,BDH_2024-07
2024-07-02,老虎石海上公园,BDH,,,False,left_censored,BDH_2024-07
2024-07-02,鸽子窝公园,BDH,,,False,left_censored,BDH_2024-07
2024-07-02,新澳海底世界,HGA,,,False,left_censored,HGA_2024-07
2024-07-02,河北秦皇岛国家地质公园,HGA,,,False,left_censored,HGA_2024-07
2024-07-02,秦皇植物园,HGA,,,False,left_censored,HGA_2024-07
2024-07-02,孟姜女庙景区,SHG,0.16,2.0,True,density,SHG_2024-07
2024-07-02,山海关欢乐海洋公园,SHG,,,False,left_censored,SHG_2024-07
2024-07-02,山海关风景区,SHG,,,False,left_censored,SHG_2024-07
2024-07-02,山海关风景区-天下第一关景区,SHG,1.34,40.0,True,density,SHG_2024-07
2024-07-02,老龙头景区,SHG,,,False,left_censored,SHG_2024-07
2024-07-02,角山景区,SHG,0.32,1.0,True,density,SHG_2024-07
2024-07-02,黄金海岸风景区,其他_昌黎,,,False,left_censored,其他_昌黎_2024-07
2024-07-03,北戴河碧螺塔海上酒吧公园,BDH,,,False,left_censored,BDH_2024-07
2024-07-03,北戴河集发农业专业合作社,BDH,,,False,left_censored,BDH_2024-07
2024-07-03,奥林匹克公园,BDH,,,False,left_censored,BDH_2024-07
2024-07-03,平水桥公园,BDH,,,False,left_censored,BDH_2024-07
2024-07-03,戴河生态园,BDH,,,False,left_censored,BDH_2024-07
2024-07-03,秦皇岛野生动物园,BDH,,,False,left_censored,BDH_2024-07
2024-07-03,老虎石海上公园,BDH,,,False,left_censored,BDH_2024-07
2024-07-03,鸽子窝公园,BDH,,,False,left_censored,BDH_2024-07
2024-07-03,新澳海底世界,HGA,,,False,left_censored,HGA_2024-07
2024-07-03,河北秦皇岛国家地质公园,HGA,10.63,63.0,True,density,HGA_2024-07
2024-07-03,秦皇植物园,HGA,,,False,left_censored,HGA_2024-07
2024-07-03,孟姜女庙景区,SHG,0.21,1.0,True,density,SHG_2024-07
2024-07-03,山海关欢乐海洋公园,SHG,,,False,left_censored,SHG_2024-07
2024-07-03,山海关风景区,SHG,,,False,left_censored,SHG_2024-07
2024-07-03,山海关风景区-天下第一关景区,SHG,,,False,left_censored,SHG_2024-07
2024-07-03,老龙头景区,SHG,,,False,left_censored,SHG_2024-07
2024-07-03,角山景区,SHG,,,False,left_censored,SHG_2024-07
2024-07-03,黄金海岸风景区,其他_昌黎,,,False,left_censored,其他_昌黎_2024-07
2024-07-04,北戴河碧螺塔海上酒吧公园,BDH,,,False,left_censored,BDH_2024-07
2024-07-04,北戴河集发农业专业合作社,BDH,,,False,left_censored,BDH_2024-07
2024-07-04,奥林匹克公园,BDH,,,False,left_censored,BDH_2024-07
2024-07-04,平水桥公园,BDH,,,False,left_censored,BDH_2024-07
2024-07-04,戴河生态园,BDH,0.56,10.0,True,density,BDH_2024-07
2024-07-04,秦皇岛野生动物园,BDH,,,False,left_censored,BDH_2024-07
2024-07-04,老虎石海上公园,BDH,,,False,left_censored,BDH_2024-07
2024-07-04,鸽子窝公园,BDH,,,False,left_censored,BDH_2024-07
2024-07-04,新澳海底世界,HGA,,,False,left_censored,HGA_2024-07
2024-07-04,河北秦皇岛国家地质公园,HGA,,,False,left_censored,HGA_2024-07
2024-07-04,秦皇植物园,HGA,,,False,left_censored,HGA_2024-07
2024-07-04,孟姜女庙景区,SHG,0.19,3.0,True,density,SHG_2024-07
2024-07-04,山海关欢乐海洋公园,SHG,,,False,left_censored,SHG_2024-07
2024-07-04,山海关风景区,SHG,,,False,left_censored,SHG_2024-07
2024-07-04,山海关风景区-天下第一关景区,SHG,,,False,left_censored,SHG_2024-07
2024-07-04,老龙头景区,SHG,,,False,left_censored,SHG_2024-07
2024-07-04,角山景区,SHG,,,False,left_censored,SHG_2024-07
2024-07-04,黄金海岸风景区,其他_昌黎,,,False,left_censored,其他_昌黎_2024-07
2024-07-05,北戴河碧螺塔海上酒吧公园,BDH,,,False,left_censored,BDH_2024-07
2024-07-05,北戴河集发农业专业合作社,BDH,,,False,left_censored,BDH_2024-07
2024-07-05,奥林匹克公园,BDH,,,False,left_censored,BDH_2024-07
2024-07-05,平水桥公园,BDH,,,False,left_censored,BDH_2024-07
2024-07-05,戴河生态园,BDH,,,False,left_censored,BDH_2024-07
2024-07-05,秦皇岛野生动物园,BDH,,,False,left_censored,BDH_2024-07
2024-07-05,老虎石海上公园,BDH,,,False,left_censored,BDH_2024-07
2024-07-05,鸽子窝公园,BDH,,,False,left_censored,BDH_2024-07
2024-07-05,新澳海底世界,HGA,,,False,left_censored,HGA_2024-07
2024-07-05,河北秦皇岛国家地质公园,HGA,,,False,left_censored,HGA_2024-07
2024-07-05,秦皇植物园,HGA,,,False,left_censored,HGA_2024-07
2024-07-05,孟姜女庙景区,SHG,0.2,20.0,True,density,SHG_2024-07
2024-07-05,山海关欢乐海洋公园,SHG,,,False,left_censored,SHG_2024-07
2024-07-05,山海关风景区,SHG,,,False,left_censored,SHG_2024-07
2024-07-05,山海关风景区-天下第一关景区,SHG,,,False,left_censored,SHG_2024-07
2024-07-05,老龙头景区,SHG,,,False,left_censored,SHG_2024-07
2024-07-05,角山景区,SHG,,,False,left_censored,SHG_2024-07
2024-07-05,黄金海岸风景区,其他_昌黎,,,False,left_censored,其他_昌黎_2024-07
2024-07-06,北戴河碧螺塔海上酒吧公园,BDH,,,False,left_censored,BDH_2024-07
2024-07-06,北戴河集发农业专业合作社,BDH,,,False,left_censored,BDH_2024-07
2024-07-06,奥林匹克公园,BDH,,,False,left_censored,BDH_2024-07
2024-07-06,平水桥公园,BDH,,,False,left_censored,BDH_2024-07
2024-07-06,戴河生态园,BDH,,,False,left_censored,BDH_2024-07
2024-07-06,秦皇岛野生动物园,BDH,,,False,left_censored,BDH_2024-07
2024-07-06,老虎石海上公园,BDH,1.33,86.0,True,density,BDH_2024-07
2024-07-06,鸽子窝公园,BDH,,,False,left_censored,BDH_2024-07
2024-07-06,新澳海底世界,HGA,2.03,94.0,True,density,HGA_2024-07
2024-07-06,河北秦皇岛国家地质公园,HGA,,,False,left_censored,HGA_2024-07
2024-07-06,秦皇植物园,HGA,,,False,left_censored,HGA_2024-07
2024-07-06,孟姜女庙景区,SHG,,,False,left_censored,SHG_2024-07
2024-07-06,山海关欢乐海洋公园,SHG,,,False,left_censored,SHG_2024-07
2024-07-06,山海关风景区,SHG,,,False,left_censored,SHG_2024-07
2024-07-06,山海关风景区-天下第一关景区,SHG,,,False,left_censored,SHG_2024-07
2024-07-06,老龙头景区,SHG,,,False,left_censored,SHG_2024-07
2024-07-06,角山景区,SHG,,,False,left_censored,SHG_2024-07
2024-07-06,黄金海岸风景区,其他_昌黎,,,False,left_censored,其他_昌黎_2024-07
2024-07-09,北戴河碧螺塔海上酒吧公园,BDH,,,False,left_censored,BDH_2024-07
2024-07-09,北戴河集发农业专业合作社,BDH,,,False,left_censored,BDH_2024-07
2024-07-09,奥林匹克公园,BDH,,,False,left_censored,BDH_2024-07
2024-07-09,平水桥公园,BDH,,,False,left_censored,BDH_2024-07
2024-07-09,戴河生态园,BDH,,,False,left_censored,BDH_2024-07
2024-07-09,秦皇岛野生动物园,BDH,,,False,left_censored,BDH_2024-07
2024-07-09,老虎石海上公园,BDH,,,False,left_censored,BDH_2024-07
2024-07-09,鸽子窝公园,BDH,,,False,left_censored,BDH_2024-07
2024-07-09,新澳海底世界,HGA,2.13,42.0,True,density,HGA_2024-07
2024-07-09,河北秦皇岛国家地质公园,HGA,,,False,left_censored,HGA_2024-07
2024-07-09,秦皇植物园,HGA,,,False,left_censored,HGA_2024-07
2024-07-09,孟姜女庙景区,SHG,,,False,left_censored,SHG_2024-07
2024-07-09,山海关欢乐海洋公园,SHG,,,False,left_censored,SHG_2024-07
2024-07-09,山海关风景区,SHG,,,False,left_censored,SHG_2024-07
2024-07-09,山海关风景区-天下第一关景区,SHG,,,False,left_censored,SHG_2024-07
2024-07-09,老龙头景区,SHG,,,False,left_censored,SHG_2024-07
2024-07-09,角山景区,SHG,,,False,left_censored,SHG_2024-07
2024-07-09,黄金海岸风景区,其他_昌黎,,,False,left_censored,其他_昌黎_2024-07
2024-07-13,北戴河碧螺塔海上酒吧公园,BDH,,,False,left_censored,BDH_2024-07
2024-07-13,北戴河集发农业专业合作社,BDH,,,False,left_censored,BDH_2024-07
2024-07-13,奥林匹克公园,BDH,,,False,left_censored,BDH_2024-07
2024-07-13,平水桥公园,BDH,,,False,left_censored,BDH_2024-07
2024-07-13,戴河生态园,BDH,,,False,left_censored,BDH_2024-07
2024-07-13,秦皇岛野生动物园,BDH,,,False,left_censored,BDH_2024-07
2024-07-13,老虎石海上公园,BDH,,,False,left_censored,BDH_2024-07
2024-07-13,鸽子窝公园,BDH,,,False,left_censored,BDH_2024-07
2024-07-13,新澳海底世界,HGA,2.41,48.0,True,density,HGA_2024-07
2024-07-13,河北秦皇岛国家地质公园,HGA,,,False,left_censored,HGA_2024-07
2024-07-13,秦皇植物园,HGA,,,False,left_censored,HGA_2024-07
2024-07-13,孟姜女庙景区,SHG,,,False,left_censored,SHG_2024-07
2024-07-13,山海关欢乐海洋公园,SHG,,,False,left_censored,SHG_2024-07
2024-07-13,山海关风景区,SHG,,,False,left_censored,SHG_2024-07
2024-07-13,山海关风景区-天下第一关景区,SHG,,,False,left_censored,SHG_2024-07
2024-07-13,老龙头景区,SHG,,,False,left_censored,SHG_2024-07
2024-07-13,角山景区,SHG,,,False,left_censored,SHG_2024-07
2024-07-13,黄金海岸风景区,其他_昌黎,,,False,left_censored,其他_昌黎_2024-07
2024-07-15,北戴河碧螺塔海上酒吧公园,BDH,,,False,left_censored,BDH_2024-07
2024-07-15,北戴河集发农业专业合作社,BDH,,,False,left_censored,BDH_2024-07
2024-07-15,奥林匹克公园,BDH,,,False,left_censored,BDH_2024-07
2024-07-15,平水桥公园,BDH,,,False,left_censored,BDH_2024-07
2024-07-15,戴河生态园,BDH,,,False,left_censored,BDH_2024-07
2024-07-15,秦皇岛野生动物园,BDH,,,False,left_censored,BDH_2024-07
2024-07-15,老虎石海上公园,BDH,,,False,left_censored,BDH_2024-07
2024-07-15,鸽子窝公园,BDH,,,False,left_censored,BDH_2024-07
2024-07-15,新澳海底世界,HGA,,,False,left_censored,HGA_2024-07
2024-07-15,河北秦皇岛国家地质公园,HGA,,,False,left_censored,HGA_2024-07
2024-07-15,秦皇植物园,HGA,,,False,left_censored,HGA_2024-07
2024-07-15,孟姜女庙景区,SHG,0.26,58.0,True,density,SHG_2024-07
2024-07-15,山海关欢乐海洋公园,SHG,,,False,left_censored,SHG_2024-07
2024-07-15,山海关风景区,SHG,,,False,left_censored,SHG_2024-07
2024-07-15,山海关风景区-天下第一关景区,SHG,,,False,left_censored,SHG_2024-07
2024-07-15,老龙头景区,SHG,,,False,left_censored,SHG_2024-07
2024-07-15,角山景区,SHG,,,False,left_censored,SHG_2024-07
2024-07-15,黄金海岸风景区,其他_昌黎,,,False,left_censored,其他_昌黎_2024-07
2024-07-17,北戴河碧螺塔海上酒吧公园,BDH,,,False,left_censored,BDH_2024-07
2024-07-17,北戴河集发农业专业合作社,BDH,,,False,left_censored,BDH_2024-07
2024-07-17,奥林匹克公园,BDH,,,False,left_censored,BDH_2024-07
2024-07-17,平水桥公园,BDH,,,False,left_censored,BDH_2024-07
2024-07-17,戴河生态园,BDH,,,False,left_censored,BDH_2024-07
2024-07-17,秦皇岛野生动物园,BDH,,,False,left_censored,BDH_2024-07
2024-07-17,老虎石海上公园,BDH,,,False,left_censored,BDH_2024-07
2024-07-17,鸽子窝公园,BDH,,,False,left_censored,BDH_2024-07
2024-07-17,新澳海底世界,HGA,,,False,left_censored,HGA_2024-07
2024-07-17,河北秦皇岛国家地质公园,HGA,,,False,left_censored,HGA_2024-07
2024-07-17,秦皇植物园,HGA,,,False,left_censored,HGA_2024-07
2024-07-17,孟姜女庙景区,SHG,0.29,1.0,True,density,SHG_2024-07
2024-07-17,山海关欢乐海洋公园,SHG,,,False,left_censored,SHG_2024-07
2024-07-17,山海关风景区,SHG,,,False,left_censored,SHG_2024-07
2024-07-17,山海关风景区-天下第一关景区,SHG,,,False,left_censored,SHG_2024-07
2024-07-17,老龙头景区,SHG,,,False,left_censored,SHG_2024-07
2024-07-17,角山景区,SHG,0.47,2.0,True,density,SHG_2024-07
2024-07-17,黄金海岸风景区,其他_昌黎,,,False,left_censored,其他_昌黎_2024-07
2024-07-18,北戴河碧螺塔海上酒吧公园,BDH,,,False,left_censored,BDH_2024-07
2024-07-18,北戴河集发农业专业合作社,BDH,,,False,left_censored,BDH_2024-07
2024-07-18,奥林匹克公园,BDH,,,False,left_censored,BDH_2024-07
2024-07-18,平水桥公园,BDH,,,False,left_censored,BDH_2024-07
2024-07-18,戴河生态园,BDH,,,False,left_censored,BDH_2024-07
2024-07-18,秦皇岛野生动物园,BDH,,,False,left_censored,BDH_2024-07
2024-07-18,老虎石海上公园,BDH,,,False,left_censored,BDH_2024-07
2024-07-18,鸽子窝公园,BDH,,,False,left_censored,BDH_2024-07
2024-07-18,新澳海底世界,HGA,2.55,27.0,True,density,HGA_2024-07
2024-07-18,河北秦皇岛国家地质公园,HGA,,,False,left_censored,HGA_2024-07
2024-07-18,秦皇植物园,HGA,,,False,left_censored,HGA_2024-07
2024-07-18,孟姜女庙景区,SHG,0.25,88.0,True,density,SHG_2024-07
2024-07-18,山海关欢乐海洋公园,SHG,,,False,left_censored,SHG_2024-07
2024-07-18,山海关风景区,SHG,,,False,left_censored,SHG_2024-07
2024-07-18,山海关风景区-天下第一关景区,SHG,,,False,left_censored,SHG_2024-07
2024-07-18,老龙头景区,SHG,,,False,left_censored,SHG_2024-07
2024-07-18,角山景区,SHG,,,False,left_censored,SHG_2024-07
2024-07-18,黄金海岸风景区,其他_昌黎,,,False,left_censored,其他_昌黎_2024-07
2024-07-19,北戴河碧螺塔海上酒吧公园,BDH,,,False,left_censored,BDH_2024-07
2024-07-19,北戴河集发农业专业合作社,BDH,,,False,left_censored,BDH_2024-07
2024-07-19,奥林匹克公园,BDH,,,False,left_censored,BDH_2024-07
2024-07-19,平水桥公园,BDH,,,False,left_censored,BDH_2024-07
2024-07-19,戴河生态园,BDH,,,False,left_censored,BDH_2024-07
2024-07-19,秦皇岛野生动物园,BDH,,,False,left_censored,BDH_2024-07
2024-07-19,老虎石海上公园,BDH,,,False,left_censored,BDH_2024-07
2024-07-19,鸽子窝公园,BDH,,,False,left_censored,BDH_2024-07
2024-07-19,新澳海底世界,HGA,2.39,22.0,True,density,HGA_2024-07
2024-07-19,河北秦皇岛国家地质公园,HGA,,,False,left_censored,HGA_2024-07
2024-07-19,秦皇植物园,HGA,,,False,left_censored,HGA_2024-07
2024-07-19,孟姜女庙景区,SHG,0.23,15.0,True,density,SHG_2024-07
2024-07-19,山海关欢乐海洋公园,SHG,,,False,left_censored,SHG_2024-07
2024-07-19,山海关风景区,SHG,,,False,left_censored,SHG_2024-07
2024-07-19,山海关风景区-天下第一关景区,SHG,,,False,left_censored,SHG_2024-07
2024-07-19,老龙头景区,SHG,,,False,left_censored,SHG_2024-07
2024-07-19,角山景区,SHG,,,False,left_censored,SHG_2024-07
2024-07-19,黄金海岸风景区,其他_昌黎,,,False,left_censored,其他_昌黎_2024-07
2024-07-20,北戴河碧螺塔海上酒吧公园,BDH,4.04,90.0,True,density,BDH_2024-07
2024-07-20,北戴河集发农业专业合作社,BDH,,,False,left_censored,BDH_2024-07
2024-07-20,奥林匹克公园,BDH,,,False,left_censored,BDH_2024-07
2024-07-20,平水桥公园,BDH,,,False,left_censored,BDH_2024-07
2024-07-20,戴河生态园,BDH,,,False,left_censored,BDH_2024-07
2024-07-20,秦皇岛野生动物园,BDH,,,False,left_censored,BDH_2024-07
2024-07-20,老虎石海上公园,BDH,1.69,83.0,True,density,BDH_2024-07
2024-07-20,鸽子窝公园,BDH,6.97,69.0,True,density,BDH_2024-07
2024-07-20,新澳海底世界,HGA,2.92,28.0,True,density,HGA_2024-07
2024-07-20,河北秦皇岛国家地质公园,HGA,,,False,left_censored,HGA_2024-07
2024-07-20,秦皇植物园,HGA,,,False,left_censored,HGA_2024-07
2024-07-20,孟姜女庙景区,SHG,,,False,left_censored,SHG_2024-07
2024-07-20,山海关欢乐海洋公园,SHG,,,False,left_censored,SHG_2024-07
2024-07-20,山海关风景区,SHG,,,False,left_censored,SHG_2024-07
2024-07-20,山海关风景区-天下第一关景区,SHG,,,False,left_censored,SHG_2024-07
2024-07-20,老龙头景区,SHG,,,False,left_censored,SHG_2024-07
2024-07-20,角山景区,SHG,,,False,left_censored,SHG_2024-07
2024-07-20,黄金海岸风景区,其他_昌黎,,,False,left_censored,其他_昌黎_2024-07
2024-07-21,北戴河碧螺塔海上酒吧公园,BDH,3.45,86.0,True,density,BDH_2024-07
2024-07-21,北戴河集发农业专业合作社,BDH,,,False,left_censored,BDH_2024-07
2024-07-21,奥林匹克公园,BDH,,,False,left_censored,BDH_2024-07
2024-07-21,平水桥公园,BDH,,,False,left_censored,BDH_2024-07
2024-07-21,戴河生态园,BDH,,,False,left_censored,BDH_2024-07
2024-07-21,秦皇岛野生动物园,BDH,,,False,left_censored,BDH_2024-07
2024-07-21,老虎石海上公园,BDH,,,False,left_censored,BDH_2024-07
2024-07-21,鸽子窝公园,BDH,,,False,left_censored,BDH_2024-07
2024-07-21,新澳海底世界,HGA,2.94,67.0,True,density,HGA_2024-07
2024-07-21,河北秦皇岛国家地质公园,HGA,,,False,left_censored,HGA_2024-07
2024-07-21,秦皇植物园,HGA,,,False,left_censored,HGA_2024-07
2024-07-21,孟姜女庙景区,SHG,0.32,49.0,True,density,SHG_2024-07
2024-07-21,山海关欢乐海洋公园,SHG,,,False,left_censored,SHG_2024-07
2024-07-21,山海关风景区,SHG,,,False,left_censored,SHG_2024-07
2024-07-21,山海关风景区-天下第一关景区,SHG,,,False,left_censored,SHG_2024-07
2024-07-21,老龙头景区,SHG,,,False,left_censored,SHG_2024-07
2024-07-21,角山景区,SHG,,,False,left_censored,SHG_2024-07
2024-07-21,黄金海岸风景区,其他_昌黎,,,False,left_censored,其他_昌黎_2024-07
2024-07-23,北戴河碧螺塔海上酒吧公园,BDH,3.72,100.0,True,density,BDH_2024-07
2024-07-23,北戴河集发农业专业合作社,BDH,,,False,left_censored,BDH_2024-07
2024-07-23,奥林匹克公园,BDH,,,False,left_censored,BDH_2024-07
2024-07-23,平水桥公园,BDH,,,False,left_censored,BDH_2024-07
2024-07-23,戴河生态园,BDH,,,False,left_censored,BDH_2024-07
2024-07-23,秦皇岛野生动物园,BDH,,,False,left_censored,BDH_2024-07
2024-07-23,老虎石海上公园,BDH,,,False,left_censored,BDH_2024-07
2024-07-23,鸽子窝公园,BDH,,,False,left_censored,BDH_2024-07
2024-07-23,新澳海底世界,HGA,2.4,95.0,True,density,HGA_2024-07
2024-07-23,河北秦皇岛国家地质公园,HGA,,,False,left_censored,HGA_2024-07
2024-07-23,秦皇植物园,HGA,,,False,left_censored,HGA_2024-07
2024-07-23,孟姜女庙景区,SHG,,,False,left_censored,SHG_2024-07
2024-07-23,山海关欢乐海洋公园,SHG,,,False,left_censored,SHG_2024-07
2024-07-23,山海关风景区,SHG,,,False,left_censored,SHG_2024-07
2024-07-23,山海关风景区-天下第一关景区,SHG,,,False,left_censored,SHG_2024-07
2024-07-23,老龙头景区,SHG,,,False,left_censored,SHG_2024-07
2024-07-23,角山景区,SHG,,,False,left_censored,SHG_2024-07
2024-07-23,黄金海岸风景区,其他_昌黎,,,False,left_censored,其他_昌黎_2024-07
2024-07-25,北戴河碧螺塔海上酒吧公园,BDH,,,False,left_censored,BDH_2024-07
2024-07-25,北戴河集发农业专业合作社,BDH,,,False,left_censored,BDH_2024-07
2024-07-25,奥林匹克公园,BDH,,,False,left_censored,BDH_2024-07
2024-07-25,平水桥公园,BDH,,,False,left_censored,BDH_2024-07
2024-07-25,戴河生态园,BDH,,,False,left_censored,BDH_2024-07
2024-07-25,秦皇岛野生动物园,BDH,,,False,left_censored,BDH_2024-07
2024-07-25,老虎石海上公园,BDH,,,False,left_censored,BDH_2024-07
2024-07-25,鸽子窝公园,BDH,,,False,left_censored,BDH_2024-07
2024-07-25,新澳海底世界,HGA,,,False,left_censored,HGA_2024-07
2024-07-25,河北秦皇岛国家地质公园,HGA,,,False,left_censored,HGA_2024-07
2024-07-25,秦皇植物园,HGA,,,False,left_censored,HGA_2024-07
2024-07-25,孟姜女庙景区,SHG,0.23,41.0,True,density,SHG_2024-07
2024-07-25,山海关欢乐海洋公园,SHG,,,False,left_censored,SHG_2024-07
2024-07-25,山海关风景区,SHG,,,False,left_censored,SHG_2024-07
2024-07-25,山海关风景区-天下第一关景区,SHG,,,False,left_censored,SHG_2024-07
2024-07-25,老龙头景区,SHG,,,False,left_censored,SHG_2024-07
2024-07-25,角山景区,SHG,,,False,left_censored,SHG_2024-07
2024-07-25,黄金海岸风景区,其他_昌黎,,,False,left_censored,其他_昌黎_2024-07
2024-07-26,北戴河碧螺塔海上酒吧公园,BDH,,,False,left_censored,BDH_2024-07
2024-07-26,北戴河集发农业专业合作社,BDH,,,False,left_censored,BDH_2024-07
2024-07-26,奥林匹克公园,BDH,,,False,left_censored,BDH_2024-07
2024-07-26,平水桥公园,BDH,,,False,left_censored,BDH_2024-07
2024-07-26,戴河生态园,BDH,,,False,left_censored,BDH_2024-07
2024-07-26,秦皇岛野生动物园,BDH,,,False,left_censored,BDH_2024-07
2024-07-26,老虎石海上公园,BDH,,,False,left_censored,BDH_2024-07
2024-07-26,鸽子窝公园,BDH,,,False,left_censored,BDH_2024-07
2024-07-26,新澳海底世界,HGA,,,False,left_censored,HGA_2024-07
2024-07-26,河北秦皇岛国家地质公园,HGA,,,False,left_censored,HGA_2024-07
2024-07-26,秦皇植物园,HGA,,,False,left_censored,HGA_2024-07
2024-07-26,孟姜女庙景区,SHG,0.22,18.0,True,density,SHG_2024-07
2024-07-26,山海关欢乐海洋公园,SHG,,,False,left_censored,SHG_2024-07
2024-07-26,山海关风景区,SHG,,,False,left_censored,SHG_2024-07
2024-07-26,山海关风景区-天下第一关景区,SHG,,,False,left_censored,SHG_2024-07
2024-07-26,老龙头景区,SHG,,,False,left_censored,SHG_2024-07
2024-07-26,角山景区,SHG,,,False,left_censored,SHG_2024-07
2024-07-26,黄金海岸风景区,其他_昌黎,,,False,left_censored,其他_昌黎_2024-07
2024-07-28,北戴河碧螺塔海上酒吧公园,BDH,,,False,left_censored,BDH_2024-07
2024-07-28,北戴河集发农业专业合作社,BDH,,,False,left_censored,BDH_2024-07
2024-07-28,奥林匹克公园,BDH,,,False,left_censored,BDH_2024-07
2024-07-28,平水桥公园,BDH,,,False,left_censored,BDH_2024-07
2024-07-28,戴河生态园,BDH,,,False,left_censored,BDH_2024-07
2024-07-28,秦皇岛野生动物园,BDH,,,False,left_censored,BDH_2024-07
2024-07-28,老虎石海上公园,BDH,,,False,left_censored,BDH_2024-07
2024-07-28,鸽子窝公园,BDH,,,False,left_censored,BDH_2024-07
2024-07-28,新澳海底世界,HGA,,,False,left_censored,HGA_2024-07
2024-07-28,河北秦皇岛国家地质公园,HGA,,,False,left_censored,HGA_2024-07
2024-07-28,秦皇植物园,HGA,,,False,left_censored,HGA_2024-07
2024-07-28,孟姜女庙景区,SHG,0.23,78.0,True,density,SHG_2024-07
2024-07-28,山海关欢乐海洋公园,SHG,,,False,left_censored,SHG_2024-07
2024-07-28,山海关风景区,SHG,,,False,left_censored,SHG_2024-07
2024-07-28,山海关风景区-天下第一关景区,SHG,,,False,left_censored,SHG_2024-07
2024-07-28,老龙头景区,SHG,,,False,left_censored,SHG_2024-07
2024-07-28,角山景区,SHG,,,False,left_censored,SHG_2024-07
2024-07-28,黄金海岸风景区,其他_昌黎,,,False,left_censored,其他_昌黎_2024-07
2024-08-01,北戴河碧螺塔海上酒吧公园,BDH,,,False,left_censored,BDH_2024-08
2024-08-01,北戴河集发农业专业合作社,BDH,,,False,left_censored,BDH_2024-08
2024-08-01,奥林匹克公园,BDH,,,False,left_censored,BDH_2024-08
2024-08-01,平水桥公园,BDH,1.77,95.0,True,density,BDH_2024-08
2024-08-01,戴河生态园,BDH,,,False,left_censored,BDH_2024-08
2024-08-01,秦皇岛野生动物园,BDH,,,False,left_censored,BDH_2024-08
2024-08-01,老虎石海上公园,BDH,1.3,64.0,True,density,BDH_2024-08
2024-08-01,鸽子窝公园,BDH,,,False,left_censored,BDH_2024-08
2024-08-01,新澳海底世界,HGA,,,False,left_censored,HGA_2024-08
2024-08-01,河北秦皇岛国家地质公园,HGA,,,False,left_censored,HGA_2024-08
2024-08-01,秦皇植物园,HGA,,,False,left_censored,HGA_2024-08
2024-08-01,孟姜女庙景区,SHG,,,False,left_censored,SHG_2024-08
2024-08-01,山海关欢乐海洋公园,SHG,,,False,left_censored,SHG_2024-08
2024-08-01,山海关风景区,SHG,,,False,left_censored,SHG_2024-08
2024-08-01,山海关风景区-天下第一关景区,SHG,,,False,left_censored,SHG_2024-08
2024-08-01,老龙头景区,SHG,,,False,left_censored,SHG_2024-08
2024-08-01,角山景区,SHG,,,False,left_censored,SHG_2024-08
2024-08-01,黄金海岸风景区,其他_昌黎,,,False,left_censored,其他_昌黎_2024-08
2024-08-02,北戴河碧螺塔海上酒吧公园,BDH,,,False,left_censored,BDH_2024-08
2024-08-02,北戴河集发农业专业合作社,BDH,,,False,left_censored,BDH_2024-08
2024-08-02,奥林匹克公园,BDH,,,False,left_censored,BDH_2024-08
2024-08-02,平水桥公园,BDH,1.95,76.0,True,density,BDH_2024-08
2024-08-02,戴河生态园,BDH,,,False,left_censored,BDH_2024-08
2024-08-02,秦皇岛野生动物园,BDH,,,False,left_censored,BDH_2024-08
2024-08-02,老虎石海上公园,BDH,1.51,42.0,True,density,BDH_2024-08
2024-08-02,鸽子窝公园,BDH,,,False,left_censored,BDH_2024-08
2024-08-02,新澳海底世界,HGA,2.63,67.0,True,density,HGA_2024-08
2024-08-02,河北秦皇岛国家地质公园,HGA,,,False,left_censored,HGA_2024-08
2024-08-02,秦皇植物园,HGA,,,False,left_censored,HGA_2024-08
2024-08-02,孟姜女庙景区,SHG,0.36,51.0,True,density,SHG_2024-08
2024-08-02,山海关欢乐海洋公园,SHG,,,False,left_censored,SHG_2024-08
2024-08-02,山海关风景区,SHG,,,False,left_censored,SHG_2024-08
2024-08-02,山海关风景区-天下第一关景区,SHG,,,False,left_censored,SHG_2024-08
2024-08-02,老龙头景区,SHG,,,False,left_censored,SHG_2024-08
2024-08-02,角山景区,SHG,,,False,left_censored,SHG_2024-08
2024-08-02,黄金海岸风景区,其他_昌黎,,,False,left_censored,其他_昌黎_2024-08
2024-08-03,北戴河碧螺塔海上酒吧公园,BDH,,,False,left_censored,BDH_2024-08
2024-08-03,北戴河集发农业专业合作社,BDH,1.35,100.0,True,density,BDH_2024-08
2024-08-03,奥林匹克公园,BDH,0.97,82.0,True,density,BDH_2024-08
2024-08-03,平水桥公园,BDH,2.65,54.0,True,density,BDH_2024-08
2024-08-03,戴河生态园,BDH,,,False,left_censored,BDH_2024-08
2024-08-03,秦皇岛野生动物园,BDH,5.1,70.0,True,density,BDH_2024-08
2024-08-03,老虎石海上公园,BDH,1.89,39.0,True,density,BDH_2024-08
2024-08-03,鸽子窝公园,BDH,8.19,89.0,True,density,BDH_2024-08
2024-08-03,新澳海底世界,HGA,3.14,26.0,True,density,HGA_2024-08
2024-08-03,河北秦皇岛国家地质公园,HGA,,,False,left_censored,HGA_2024-08
2024-08-03,秦皇植物园,HGA,,,False,left_censored,HGA_2024-08
2024-08-03,孟姜女庙景区,SHG,,,False,left_censored,SHG_2024-08
2024-08-03,山海关欢乐海洋公园,SHG,,,False,left_censored,SHG_2024-08
2024-08-03,山海关风景区,SHG,,,False,left_censored,SHG_2024-08
2024-08-03,山海关风景区-天下第一关景区,SHG,,,False,left_censored,SHG_2024-08
2024-08-03,老龙头景区,SHG,,,False,left_censored,SHG_2024-08
2024-08-03,角山景区,SHG,,,False,left_censored,SHG_2024-08
2024-08-03,黄金海岸风景区,其他_昌黎,,,False,left_censored,其他_昌黎_2024-08
2024-08-04,北戴河碧螺塔海上酒吧公园,BDH,,,False,left_censored,BDH_2024-08
2024-08-04,北戴河集发农业专业合作社,BDH,,,False,left_censored,BDH_2024-08
2024-08-04,奥林匹克公园,BDH,0.88,66.0,True,density,BDH_2024-08
2024-08-04,平水桥公园,BDH,1.97,51.0,True,density,BDH_2024-08
2024-08-04,戴河生态园,BDH,,,False,left_censored,BDH_2024-08
2024-08-04,秦皇岛野生动物园,BDH,,,False,left_censored,BDH_2024-08
2024-08-04,老虎石海上公园,BDH,1.28,50.0,True,density,BDH_2024-08
2024-08-04,鸽子窝公园,BDH,5.99,58.0,True,density,BDH_2024-08
2024-08-04,新澳海底世界,HGA,3.43,29.0,True,density,HGA_2024-08
2024-08-04,河北秦皇岛国家地质公园,HGA,,,False,left_censored,HGA_2024-08
2024-08-04,秦皇植物园,HGA,,,False,left_censored,HGA_2024-08
2024-08-04,孟姜女庙景区,SHG,,,False,left_censored,SHG_2024-08
2024-08-04,山海关欢乐海洋公园,SHG,,,False,left_censored,SHG_2024-08
2024-08-04,山海关风景区,SHG,,,False,left_censored,SHG_2024-08
2024-08-04,山海关风景区-天下第一关景区,SHG,,,False,left_censored,SHG_2024-08
2024-08-04,老龙头景区,SHG,,,False,left_censored,SHG_2024-08
2024-08-04,角山景区,SHG,,,False,left_censored,SHG_2024-08
2024-08-04,黄金海岸风景区,其他_昌黎,,,False,left_censored,其他_昌黎_2024-08
2024-08-05,北戴河碧螺塔海上酒吧公园,BDH,4.22,92.0,True,density,BDH_2024-08
2024-08-05,北戴河集发农业专业合作社,BDH,1.09,100.0,True,density,BDH_2024-08
2024-08-05,奥林匹克公园,BDH,0.99,68.0,True,density,BDH_2024-08
2024-08-05,平水桥公园,BDH,2.81,29.0,True,density,BDH_2024-08
2024-08-05,戴河生态园,BDH,,,False,left_censored,BDH_2024-08
2024-08-05,秦皇岛野生动物园,BDH,,,False,left_censored,BDH_2024-08
2024-08-05,老虎石海上公园,BDH,1.96,22.0,True,density,BDH_2024-08
2024-08-05,鸽子窝公园,BDH,7.88,85.0,True,density,BDH_2024-08
2024-08-05,新澳海底世界,HGA,2.84,47.0,True,density,HGA_2024-08
2024-08-05,河北秦皇岛国家地质公园,HGA,,,False,left_censored,HGA_2024-08
2024-08-05,秦皇植物园,HGA,,,False,left_censored,HGA_2024-08
2024-08-05,孟姜女庙景区,SHG,,,False,left_censored,SHG_2024-08
2024-08-05,山海关欢乐海洋公园,SHG,0.0,24.0,True,density,SHG_2024-08
2024-08-05,山海关风景区,SHG,5.48,90.0,True,density,SHG_2024-08
2024-08-05,山海关风景区-天下第一关景区,SHG,,,False,left_censored,SHG_2024-08
2024-08-05,老龙头景区,SHG,6.44,91.0,True,density,SHG_2024-08
2024-08-05,角山景区,SHG,,,False,left_censored,SHG_2024-08
2024-08-05,黄金海岸风景区,其他_昌黎,,,False,left_censored,其他_昌黎_2024-08
2024-08-06,北戴河碧螺塔海上酒吧公园,BDH,4.93,71.0,True,density,BDH_2024-08
2024-08-06,北戴河集发农业专业合作社,BDH,,,False,left_censored,BDH_2024-08
2024-08-06,奥林匹克公园,BDH,1.06,78.0,True,density,BDH_2024-08
2024-08-06,平水桥公园,BDH,2.85,30.0,True,density,BDH_2024-08
2024-08-06,戴河生态园,BDH,,,False,left_censored,BDH_2024-08
2024-08-06,秦皇岛野生动物园,BDH,5.94,83.0,True,density,BDH_2024-08
2024-08-06,老虎石海上公园,BDH,2.09,19.0,True,density,BDH_2024-08
2024-08-06,鸽子窝公园,BDH,8.6,63.0,True,density,BDH_2024-08
2024-08-06,新澳海底世界,HGA,3.28,52.0,True,density,HGA_2024-08
2024-08-06,河北秦皇岛国家地质公园,HGA,,,False,left_censored,HGA_2024-08
2024-08-06,秦皇植物园,HGA,,,False,left_censored,HGA_2024-08
2024-08-06,孟姜女庙景区,SHG,,,False,left_censored,SHG_2024-08
2024-08-06,山海关欢乐海洋公园,SHG,0.0,95.0,True,density,SHG_2024-08
2024-08-06,山海关风景区,SHG,6.1,81.0,True,density,SHG_2024-08
2024-08-06,山海关风景区-天下第一关景区,SHG,,,False,left_censored,SHG_2024-08
2024-08-06,老龙头景区,SHG,6.9,82.0,True,density,SHG_2024-08
2024-08-06,角山景区,SHG,,,False,left_censored,SHG_2024-08
2024-08-06,黄金海岸风景区,其他_昌黎,,,False,left_censored,其他_昌黎_2024-08
2024-08-07,北戴河碧螺塔海上酒吧公园,BDH,5.05,83.0,True,density,BDH_2024-08
2024-08-07,北戴河集发农业专业合作社,BDH,,,False,left_censored,BDH_2024-08
2024-08-07,奥林匹克公园,BDH,0.98,53.0,True,density,BDH_2024-08
2024-08-07,平水桥公园,BDH,2.85,54.0,True,density,BDH_2024-08
2024-08-07,戴河生态园,BDH,,,False,left_censored,BDH_2024-08
2024-08-07,秦皇岛野生动物园,BDH,,,False,left_censored,BDH_2024-08
2024-08-07,老虎石海上公园,BDH,2.14,39.0,True,density,BDH_2024-08
2024-08-07,鸽子窝公园,BDH,8.26,50.0,True,density,BDH_2024-08
2024-08-07,新澳海底世界,HGA,3.22,58.0,True,density,HGA_2024-08
2024-08-07,河北秦皇岛国家地质公园,HGA,,,False,left_censored,HGA_2024-08
2024-08-07,秦皇植物园,HGA,,,False,left_censored,HGA_2024-08
2024-08-07,孟姜女庙景区,SHG,,,False,left_censored,SHG_2024-08
2024-08-07,山海关欢乐海洋公园,SHG,0.0,40.0,True,density,SHG_2024-08
2024-08-07,山海关风景区,SHG,6.15,45.0,True,density,SHG_2024-08
2024-08-07,山海关风景区-天下第一关景区,SHG,,,False,left_censored,SHG_2024-08
2024-08-07,老龙头景区,SHG,7.26,46.0,True,density,SHG_2024-08
2024-08-07,角山景区,SHG,,,False,left_censored,SHG_2024-08
2024-08-07,黄金海岸风景区,其他_昌黎,,,False,left_censored,其他_昌黎_2024-08
2024-08-08,北戴河碧螺塔海上酒吧公园,BDH,,,False,left_censored,BDH_2024-08
2024-08-08,北戴河集发农业专业合作社,BDH,,,False,left_censored,BDH_2024-08
2024-08-08,奥林匹克公园,BDH,,,False,left_censored,BDH_2024-08
2024-08-08,平水桥公园,BDH,2.53,54.0,True,density,BDH_2024-08
2024-08-08,戴河生态园,BDH,,,False,left_censored,BDH_2024-08
2024-08-08,秦皇岛野生动物园,BDH,,,False,left_censored,BDH_2024-08
2024-08-08,老虎石海上公园,BDH,1.92,39.0,True,density,BDH_2024-08
2024-08-08,鸽子窝公园,BDH,,,False,left_censored,BDH_2024-08
2024-08-08,新澳海底世界,HGA,3.43,30.0,True,density,HGA_2024-08
2024-08-08,河北秦皇岛国家地质公园,HGA,,,False,left_censored,HGA_2024-08
2024-08-08,秦皇植物园,HGA,,,False,left_censored,HGA_2024-08
2024-08-08,孟姜女庙景区,SHG,,,False,left_censored,SHG_2024-08
2024-08-08,山海关欢乐海洋公园,SHG,,,False,left_censored,SHG_2024-08
2024-08-08,山海关风景区,SHG,5.86,40.0,True,density,SHG_2024-08
2024-08-08,山海关风景区-天下第一关景区,SHG,,,False,left_censored,SHG_2024-08
2024-08-08,老龙头景区,SHG,6.76,41.0,True,density,SHG_2024-08
2024-08-08,角山景区,SHG,,,False,left_censored,SHG_2024-08
2024-08-08,黄金海岸风景区,其他_昌黎,,,False,left_censored,其他_昌黎_2024-08
2024-08-09,北戴河碧螺塔海上酒吧公园,BDH,,,False,left_censored,BDH_2024-08
2024-08-09,北戴河集发农业专业合作社,BDH,,,False,left_censored,BDH_2024-08
2024-08-09,奥林匹克公园,BDH,,,False,left_censored,BDH_2024-08
2024-08-09,平水桥公园,BDH,,,False,left_censored,BDH_2024-08
2024-08-09,戴河生态园,BDH,,,False,left_censored,BDH_2024-08
2024-08-09,秦皇岛野生动物园,BDH,,,False,left_censored,BDH_2024-08
2024-08-09,老虎石海上公园,BDH,,,False,left_censored,BDH_2024-08
2024-08-09,鸽子窝公园,BDH,,,False,left_censored,BDH_2024-08
2024-08-09,新澳海底世界,HGA,2.81,61.0,True,density,HGA_2024-08
2024-08-09,河北秦皇岛国家地质公园,HGA,,,False,left_censored,HGA_2024-08
2024-08-09,秦皇植物园,HGA,,,False,left_censored,HGA_2024-08
2024-08-09,孟姜女庙景区,SHG,,,False,left_censored,SHG_2024-08
2024-08-09,山海关欢乐海洋公园,SHG,,,False,left_censored,SHG_2024-08
2024-08-09,山海关风景区,SHG,5.7,68.0,True,density,SHG_2024-08
2024-08-09,山海关风景区-天下第一关景区,SHG,,,False,left_censored,SHG_2024-08
2024-08-09,老龙头景区,SHG,6.57,69.0,True,density,SHG_2024-08
2024-08-09,角山景区,SHG,,,False,left_censored,SHG_2024-08
2024-08-09,黄金海岸风景区,其他_昌黎,,,False,left_censored,其他_昌黎_2024-08
2024-08-10,北戴河碧螺塔海上酒吧公园,BDH,,,False,left_censored,BDH_2024-08
2024-08-10,北戴河集发农业专业合作社,BDH,,,False,left_censored,BDH_2024-08
2024-08-10,奥林匹克公园,BDH,,,False,left_censored,BDH_2024-08
2024-08-10,平水桥公园,BDH,2.43,73.0,True,density,BDH_2024-08
2024-08-10,戴河生态园,BDH,,,False,left_censored,BDH_2024-08
2024-08-10,秦皇岛野生动物园,BDH,,,False,left_censored,BDH_2024-08
2024-08-10,老虎石海上公园,BDH,1.75,47.0,True,density,BDH_2024-08
2024-08-10,鸽子窝公园,BDH,,,False,left_censored,BDH_2024-08
2024-08-10,新澳海底世界,HGA,3.93,9.0,True,density,HGA_2024-08
2024-08-10,河北秦皇岛国家地质公园,HGA,,,False,left_censored,HGA_2024-08
2024-08-10,秦皇植物园,HGA,,,False,left_censored,HGA_2024-08
2024-08-10,孟姜女庙景区,SHG,,,False,left_censored,SHG_2024-08
2024-08-10,山海关欢乐海洋公园,SHG,,,False,left_censored,SHG_2024-08
2024-08-10,山海关风景区,SHG,,,False,left_censored,SHG_2024-08
2024-08-10,山海关风景区-天下第一关景区,SHG,,,False,left_censored,SHG_2024-08
2024-08-10,老龙头景区,SHG,,,False,left_censored,SHG_2024-08
2024-08-10,角山景区,SHG,,,False,left_censored,SHG_2024-08
2024-08-10,黄金海岸风景区,其他_昌黎,,,False,left_censored,其他_昌黎_2024-08
2024-08-11,北戴河碧螺塔海上酒吧公园,BDH,,,False,left_censored,BDH_2024-08
2024-08-11,北戴河集发农业专业合作社,BDH,1.54,81.0,True,density,BDH_2024-08
2024-08-11,奥林匹克公园,BDH,,,False,left_censored,BDH_2024-08
2024-08-11,平水桥公园,BDH,2.65,70.0,True,density,BDH_2024-08
2024-08-11,戴河生态园,BDH,,,False,left_censored,BDH_2024-08
2024-08-11,秦皇岛野生动物园,BDH,,,False,left_censored,BDH_2024-08
2024-08-11,老虎石海上公园,BDH,1.7,53.0,True,density,BDH_2024-08
2024-08-11,鸽子窝公园,BDH,,,False,left_censored,BDH_2024-08
2024-08-11,新澳海底世界,HGA,3.15,83.0,True,density,HGA_2024-08
2024-08-11,河北秦皇岛国家地质公园,HGA,,,False,left_censored,HGA_2024-08
2024-08-11,秦皇植物园,HGA,,,False,left_censored,HGA_2024-08
2024-08-11,孟姜女庙景区,SHG,0.4,67.0,True,density,SHG_2024-08
2024-08-11,山海关欢乐海洋公园,SHG,0.0,30.0,True,density,SHG_2024-08
2024-08-11,山海关风景区,SHG,5.44,48.0,True,density,SHG_2024-08
2024-08-11,山海关风景区-天下第一关景区,SHG,,,False,left_censored,SHG_2024-08
2024-08-11,老龙头景区,SHG,6.48,49.0,True,density,SHG_2024-08
2024-08-11,角山景区,SHG,,,False,left_censored,SHG_2024-08
2024-08-11,黄金海岸风景区,其他_昌黎,,,False,left_censored,其他_昌黎_2024-08
2024-08-12,北戴河碧螺塔海上酒吧公园,BDH,,,False,left_censored,BDH_2024-08
2024-08-12,北戴河集发农业专业合作社,BDH,,,False,left_censored,BDH_2024-08
2024-08-12,奥林匹克公园,BDH,0.83,82.0,True,density,BDH_2024-08
2024-08-12,平水桥公园,BDH,2.48,73.0,True,density,BDH_2024-08
2024-08-12,戴河生态园,BDH,,,False,left_censored,BDH_2024-08
2024-08-12,秦皇岛野生动物园,BDH,,,False,left_censored,BDH_2024-08
2024-08-12,老虎石海上公园,BDH,1.78,49.0,True,density,BDH_2024-08
2024-08-12,鸽子窝公园,BDH,7.43,68.0,True,density,BDH_2024-08
2024-08-12,新澳海底世界,HGA,,,False,left_censored,HGA_2024-08
2024-08-12,河北秦皇岛国家地质公园,HGA,,,False,left_censored,HGA_2024-08
2024-08-12,秦皇植物园,HGA,,,False,left_censored,HGA_2024-08
2024-08-12,孟姜女庙景区,SHG,,,False,left_censored,SHG_2024-08
2024-08-12,山海关欢乐海洋公园,SHG,,,False,left_censored,SHG_2024-08
2024-08-12,山海关风景区,SHG,,,False,left_censored,SHG_2024-08
2024-08-12,山海关风景区-天下第一关景区,SHG,,,False,left_censored,SHG_2024-08
2024-08-12,老龙头景区,SHG,,,False,left_censored,SHG_2024-08
2024-08-12,角山景区,SHG,,,False,left_censored,SHG_2024-08
2024-08-12,黄金海岸风景区,其他_昌黎,,,False,left_censored,其他_昌黎_2024-08
2024-08-13,北戴河碧螺塔海上酒吧公园,BDH,,,False,left_censored,BDH_2024-08
2024-08-13,北戴河集发农业专业合作社,BDH,,,False,left_censored,BDH_2024-08
2024-08-13,奥林匹克公园,BDH,,,False,left_censored,BDH_2024-08
2024-08-13,平水桥公园,BDH,2.21,54.0,True,density,BDH_2024-08
2024-08-13,戴河生态园,BDH,,,False,left_censored,BDH_2024-08
2024-08-13,秦皇岛野生动物园,BDH,,,False,left_censored,BDH_2024-08
2024-08-13,老虎石海上公园,BDH,1.89,48.0,True,density,BDH_2024-08
2024-08-13,鸽子窝公园,BDH,,,False,left_censored,BDH_2024-08
2024-08-13,新澳海底世界,HGA,,,False,left_censored,HGA_2024-08
2024-08-13,河北秦皇岛国家地质公园,HGA,,,False,left_censored,HGA_2024-08
2024-08-13,秦皇植物园,HGA,,,False,left_censored,HGA_2024-08
2024-08-13,孟姜女庙景区,SHG,,,False,left_censored,SHG_2024-08
2024-08-13,山海关欢乐海洋公园,SHG,,,False,left_censored,SHG_2024-08
2024-08-13,山海关风景区,SHG,5.69,92.0,True,density,SHG_2024-08
2024-08-13,山海关风景区-天下第一关景区,SHG,,,False,left_censored,SHG_2024-08
2024-08-13,老龙头景区,SHG,6.63,93.0,True,density,SHG_2024-08
2024-08-13,角山景区,SHG,,,False,left_censored,SHG_2024-08
2024-08-13,黄金海岸风景区,其他_昌黎,,,False,left_censored,其他_昌黎_2024-08
2024-08-14,北戴河碧螺塔海上酒吧公园,BDH,,,False,left_censored,BDH_2024-08
2024-08-14,北戴河集发农业专业合作社,BDH,,,False,left_censored,BDH_2024-08
2024-08-14,奥林匹克公园,BDH,,,False,left_censored,BDH_2024-08
2024-08-14,平水桥公园,BDH,2.2,78.0,True,density,BDH_2024-08
2024-08-14,戴河生态园,BDH,,,False,left_censored,BDH_2024-08
2024-08-14,秦皇岛野生动物园,BDH,4.71,89.0,True,density,BDH_2024-08
2024-08-14,老虎石海上公园,BDH,1.8,55.0,True,density,BDH_2024-08
2024-08-14,鸽子窝公园,BDH,,,False,left_censored,BDH_2024-08
2024-08-14,新澳海底世界,HGA,2.9,88.0,True,density,HGA_2024-08
2024-08-14,河北秦皇岛国家地质公园,HGA,,,False,left_censored,HGA_2024-08
2024-08-14,秦皇植物园,HGA,,,False,left_censored,HGA_2024-08
2024-08-14,孟姜女庙景区,SHG,0.37,23.0,True,density,SHG_2024-08
2024-08-14,山海关欢乐海洋公园,SHG,,,False,left_censored,SHG_2024-08
2024-08-14,山海关风景区,SHG,,,False,left_censored,SHG_2024-08
2024-08-14,山海关风景区-天下第一关景区,SHG,,,False,left_censored,SHG_2024-08
2024-08-14,老龙头景区,SHG,,,False,left_censored,SHG_2024-08
2024-08-14,角山景区,SHG,,,False,left_censored,SHG_2024-08
2024-08-14,黄金海岸风景区,其他_昌黎,,,False,left_censored,其他_昌黎_2024-08
2024-08-17,北戴河碧螺塔海上酒吧公园,BDH,,,False,left_censored,BDH_2024-08
2024-08-17,北戴河集发农业专业合作社,BDH,,,False,left_censored,BDH_2024-08
2024-08-17,奥林匹克公园,BDH,,,False,left_censored,BDH_2024-08
2024-08-17,平水桥公园,BDH,2.04,96.0,True,density,BDH_2024-08
2024-08-17,戴河生态园,BDH,,,False,left_censored,BDH_2024-08
2024-08-17,秦皇岛野生动物园,BDH,,,False,left_censored,BDH_2024-08
2024-08-17,老虎石海上公园,BDH,1.55,72.0,True,density,BDH_2024-08
2024-08-17,鸽子窝公园,BDH,,,False,left_censored,BDH_2024-08
2024-08-17,新澳海底世界,HGA,,,False,left_censored,HGA_2024-08
2024-08-17,河北秦皇岛国家地质公园,HGA,,,False,left_censored,HGA_2024-08
2024-08-17,秦皇植物园,HGA,,,False,left_censored,HGA_2024-08
2024-08-17,孟姜女庙景区,SHG,,,False,left_censored,SHG_2024-08
2024-08-17,山海关欢乐海洋公园,SHG,,,False,left_censored,SHG_2024-08
2024-08-17,山海关风景区,SHG,,,False,left_censored,SHG_2024-08
2024-08-17,山海关风景区-天下第一关景区,SHG,,,False,left_censored,SHG_2024-08
2024-08-17,老龙头景区,SHG,,,False,left_censored,SHG_2024-08
2024-08-17,角山景区,SHG,,,False,left_censored,SHG_2024-08
2024-08-17,黄金海岸风景区,其他_昌黎,,,False,left_censored,其他_昌黎_2024-08
2024-08-20,北戴河碧螺塔海上酒吧公园,BDH,,,False,left_censored,BDH_2024-08
2024-08-20,北戴河集发农业专业合作社,BDH,,,False,left_censored,BDH_2024-08
2024-08-20,奥林匹克公园,BDH,,,False,left_censored,BDH_2024-08
2024-08-20,平水桥公园,BDH,,,False,left_censored,BDH_2024-08
2024-08-20,戴河生态园,BDH,,,False,left_censored,BDH_2024-08
2024-08-20,秦皇岛野生动物园,BDH,,,False,left_censored,BDH_2024-08
2024-08-20,老虎石海上公园,BDH,,,False,left_censored,BDH_2024-08
2024-08-20,鸽子窝公园,BDH,,,False,left_censored,BDH_2024-08
2024-08-20,新澳海底世界,HGA,,,False,left_censored,HGA_2024-08
2024-08-20,河北秦皇岛国家地质公园,HGA,,,False,left_censored,HGA_2024-08
2024-08-20,秦皇植物园,HGA,0.0,42.0,True,density,HGA_2024-08
2024-08-20,孟姜女庙景区,SHG,0.18,18.0,True,density,SHG_2024-08
2024-08-20,山海关欢乐海洋公园,SHG,,,False,left_censored,SHG_2024-08
2024-08-20,山海关风景区,SHG,,,False,left_censored,SHG_2024-08
2024-08-20,山海关风景区-天下第一关景区,SHG,,,False,left_censored,SHG_2024-08
2024-08-20,老龙头景区,SHG,,,False,left_censored,SHG_2024-08
2024-08-20,角山景区,SHG,,,False,left_censored,SHG_2024-08
2024-08-20,黄金海岸风景区,其他_昌黎,,,False,left_censored,其他_昌黎_2024-08
2024-08-25,北戴河碧螺塔海上酒吧公园,BDH,,,False,left_censored,BDH_2024-08
2024-08-25,北戴河集发农业专业合作社,BDH,,,False,left_censored,BDH_2024-08
2024-08-25,奥林匹克公园,BDH,,,False,left_censored,BDH_2024-08
2024-08-25,平水桥公园,BDH,,,False,left_censored,BDH_2024-08
2024-08-25,戴河生态园,BDH,,,False,left_censored,BDH_2024-08
2024-08-25,秦皇岛野生动物园,BDH,,,False,left_censored,BDH_2024-08
2024-08-25,老虎石海上公园,BDH,,,False,left_censored,BDH_2024-08
2024-08-25,鸽子窝公园,BDH,,,False,left_censored,BDH_2024-08
2024-08-25,新澳海底世界,HGA,2.23,88.0,True,density,HGA_2024-08
2024-08-25,河北秦皇岛国家地质公园,HGA,,,False,left_censored,HGA_2024-08
2024-08-25,秦皇植物园,HGA,,,False,left_censored,HGA_2024-08
2024-08-25,孟姜女庙景区,SHG,,,False,left_censored,SHG_2024-08
2024-08-25,山海关欢乐海洋公园,SHG,,,False,left_censored,SHG_2024-08
2024-08-25,山海关风景区,SHG,,,False,left_censored,SHG_2024-08
2024-08-25,山海关风景区-天下第一关景区,SHG,,,False,left_censored,SHG_2024-08
2024-08-25,老龙头景区,SHG,,,False,left_censored,SHG_2024-08
2024-08-25,角山景区,SHG,,,False,left_censored,SHG_2024-08
2024-08-25,黄金海岸风景区,其他_昌黎,,,False,left_censored,其他_昌黎_2024-08
2024-08-28,北戴河碧螺塔海上酒吧公园,BDH,,,False,left_censored,BDH_2024-08
2024-08-28,北戴河集发农业专业合作社,BDH,,,False,left_censored,BDH_2024-08
2024-08-28,奥林匹克公园,BDH,,,False,left_censored,BDH_2024-08
2024-08-28,平水桥公园,BDH,,,False,left_censored,BDH_2024-08
2024-08-28,戴河生态园,BDH,,,False,left_censored,BDH_2024-08
2024-08-28,秦皇岛野生动物园,BDH,,,False,left_censored,BDH_2024-08
2024-08-28,老虎石海上公园,BDH,,,False,left_censored,BDH_2024-08
2024-08-28,鸽子窝公园,BDH,,,False,left_censored,BDH_2024-08
2024-08-28,新澳海底世界,HGA,,,False,left_censored,HGA_2024-08
2024-08-28,河北秦皇岛国家地质公园,HGA,,,False,left_censored,HGA_2024-08
2024-08-28,秦皇植物园,HGA,,,False,left_censored,HGA_2024-08
2024-08-28,孟姜女庙景区,SHG,0.24,60.0,True,density,SHG_2024-08
2024-08-28,山海关欢乐海洋公园,SHG,,,False,left_censored,SHG_2024-08
2024-08-28,山海关风景区,SHG,,,False,left_censored,SHG_2024-08
2024-08-28,山海关风景区-天下第一关景区,SHG,,,False,left_censored,SHG_2024-08
2024-08-28,老龙头景区,SHG,,,False,left_censored,SHG_2024-08
2024-08-28,角山景区,SHG,,,False,left_censored,SHG_2024-08
2024-08-28,黄金海岸风景区,其他_昌黎,,,False,left_censored,其他_昌黎_2024-08
2024-08-29,北戴河碧螺塔海上酒吧公园,BDH,,,False,left_censored,BDH_2024-08
2024-08-29,北戴河集发农业专业合作社,BDH,,,False,left_censored,BDH_2024-08
2024-08-29,奥林匹克公园,BDH,,,False,left_censored,BDH_2024-08
2024-08-29,平水桥公园,BDH,,,False,left_censored,BDH_2024-08
2024-08-29,戴河生态园,BDH,,,False,left_censored,BDH_2024-08
2024-08-29,秦皇岛野生动物园,BDH,,,False,left_censored,BDH_2024-08
2024-08-29,老虎石海上公园,BDH,,,False,left_censored,BDH_2024-08
2024-08-29,鸽子窝公园,BDH,,,False,left_censored,BDH_2024-08
2024-08-29,新澳海底世界,HGA,,,False,left_censored,HGA_2024-08
2024-08-29,河北秦皇岛国家地质公园,HGA,,,False,left_censored,HGA_2024-08
2024-08-29,秦皇植物园,HGA,,,False,left_censored,HGA_2024-08
2024-08-29,孟姜女庙景区,SHG,0.23,85.0,True,density,SHG_2024-08
2024-08-29,山海关欢乐海洋公园,SHG,,,False,left_censored,SHG_2024-08
2024-08-29,山海关风景区,SHG,,,False,left_censored,SHG_2024-08
2024-08-29,山海关风景区-天下第一关景区,SHG,,,False,left_censored,SHG_2024-08
2024-08-29,老龙头景区,SHG,,,False,left_censored,SHG_2024-08
2024-08-29,角山景区,SHG,,,False,left_censored,SHG_2024-08
2024-08-29,黄金海岸风景区,其他_昌黎,,,False,left_censored,其他_昌黎_2024-08
2024-09-01,北戴河碧螺塔海上酒吧公园,BDH,,,False,left_censored,BDH_2024-09
2024-09-01,北戴河集发农业专业合作社,BDH,,,False,left_censored,BDH_2024-09
2024-09-01,奥林匹克公园,BDH,,,False,left_censored,BDH_2024-09
2024-09-01,平水桥公园,BDH,,,False,left_censored,BDH_2024-09
2024-09-01,戴河生态园,BDH,,,False,left_censored,BDH_2024-09
2024-09-01,秦皇岛野生动物园,BDH,,,False,left_censored,BDH_2024-09
2024-09-01,老虎石海上公园,BDH,,,False,left_censored,BDH_2024-09
2024-09-01,鸽子窝公园,BDH,,,False,left_censored,BDH_2024-09
2024-09-01,新澳海底世界,HGA,,,False,left_censored,HGA_2024-09
2024-09-01,河北秦皇岛国家地质公园,HGA,,,False,left_censored,HGA_2024-09
2024-09-01,秦皇植物园,HGA,,,False,left_censored,HGA_2024-09
2024-09-01,孟姜女庙景区,SHG,0.19,96.0,True,density,SHG_2024-09
2024-09-01,山海关欢乐海洋公园,SHG,,,False,left_censored,SHG_2024-09
2024-09-01,山海关风景区,SHG,,,False,left_censored,SHG_2024-09
2024-09-01,山海关风景区-天下第一关景区,SHG,,,False,left_censored,SHG_2024-09
2024-09-01,老龙头景区,SHG,,,False,left_censored,SHG_2024-09
2024-09-01,角山景区,SHG,,,False,left_censored,SHG_2024-09
2024-09-01,黄金海岸风景区,其他_昌黎,,,False,left_censored,其他_昌黎_2024-09
2024-09-02,北戴河碧螺塔海上酒吧公园,BDH,,,False,left_censored,BDH_2024-09
2024-09-02,北戴河集发农业专业合作社,BDH,,,False,left_censored,BDH_2024-09
2024-09-02,奥林匹克公园,BDH,,,False,left_censored,BDH_2024-09
2024-09-02,平水桥公园,BDH,,,False,left_censored,BDH_2024-09
2024-09-02,戴河生态园,BDH,,,False,left_censored,BDH_2024-09
2024-09-02,秦皇岛野生动物园,BDH,,,False,left_censored,BDH_2024-09
2024-09-02,老虎石海上公园,BDH,,,False,left_censored,BDH_2024-09
2024-09-02,鸽子窝公园,BDH,,,False,left_censored,BDH_2024-09
2024-09-02,新澳海底世界,HGA,,,False,left_censored,HGA_2024-09
2024-09-02,河北秦皇岛国家地质公园,HGA,,,False,left_censored,HGA_2024-09
2024-09-02,秦皇植物园,HGA,,,False,left_censored,HGA_2024-09
2024-09-02,孟姜女庙景区,SHG,0.17,10.0,True,density,SHG_2024-09
2024-09-02,山海关欢乐海洋公园,SHG,,,False,left_censored,SHG_2024-09
2024-09-02,山海关风景区,SHG,,,False,left_censored,SHG_2024-09
2024-09-02,山海关风景区-天下第一关景区,SHG,,,False,left_censored,SHG_2024-09
2024-09-02,老龙头景区,SHG,,,False,left_censored,SHG_2024-09
2024-09-02,角山景区,SHG,,,False,left_censored,SHG_2024-09
2024-09-02,黄金海岸风景区,其他_昌黎,,,False,left_censored,其他_昌黎_2024-09
2024-09-04,北戴河碧螺塔海上酒吧公园,BDH,,,False,left_censored,BDH_2024-09
2024-09-04,北戴河集发农业专业合作社,BDH,,,False,left_censored,BDH_2024-09
2024-09-04,奥林匹克公园,BDH,,,False,left_censored,BDH_2024-09
2024-09-04,平水桥公园,BDH,,,False,left_censored,BDH_2024-09
2024-09-04,戴河生态园,BDH,,,False,left_censored,BDH_2024-09
2024-09-04,秦皇岛野生动物园,BDH,,,False,left_censored,BDH_2024-09
2024-09-04,老虎石海上公园,BDH,,,False,left_censored,BDH_2024-09
2024-09-04,鸽子窝公园,BDH,,,False,left_censored,BDH_2024-09
2024-09-04,新澳海底世界,HGA,,,False,left_censored,HGA_2024-09
2024-09-04,河北秦皇岛国家地质公园,HGA,,,False,left_censored,HGA_2024-09
2024-09-04,秦皇植物园,HGA,,,False,left_censored,HGA_2024-09
2024-09-04,孟姜女庙景区,SHG,0.18,1.0,True,density,SHG_2024-09
2024-09-04,山海关欢乐海洋公园,SHG,,,False,left_censored,SHG_2024-09
2024-09-04,山海关风景区,SHG,,,False,left_censored,SHG_2024-09
2024-09-04,山海关风景区-天下第一关景区,SHG,,,False,left_censored,SHG_2024-09
2024-09-04,老龙头景区,SHG,,,False,left_censored,SHG_2024-09
2024-09-04,角山景区,SHG,,,False,left_censored,SHG_2024-09
2024-09-04,黄金海岸风景区,其他_昌黎,,,False,left_censored,其他_昌黎_2024-09
2024-09-05,北戴河碧螺塔海上酒吧公园,BDH,,,False,left_censored,BDH_2024-09
2024-09-05,北戴河集发农业专业合作社,BDH,,,False,left_censored,BDH_2024-09
2024-09-05,奥林匹克公园,BDH,,,False,left_censored,BDH_2024-09
2024-09-05,平水桥公园,BDH,,,False,left_censored,BDH_2024-09
2024-09-05,戴河生态园,BDH,,,False,left_censored,BDH_2024-09
2024-09-05,秦皇岛野生动物园,BDH,,,False,left_censored,BDH_2024-09
2024-09-05,老虎石海上公园,BDH,,,False,left_censored,BDH_2024-09
2024-09-05,鸽子窝公园,BDH,,,False,left_censored,BDH_2024-09
2024-09-05,新澳海底世界,HGA,,,False,left_censored,HGA_2024-09
2024-09-05,河北秦皇岛国家地质公园,HGA,,,False,left_censored,HGA_2024-09
2024-09-05,秦皇植物园,HGA,,,False,left_censored,HGA_2024-09
2024-09-05,孟姜女庙景区,SHG,0.21,6.0,True,density,SHG_2024-09
2024-09-05,山海关欢乐海洋公园,SHG,,,False,left_censored,SHG_2024-09
2024-09-05,山海关风景区,SHG,,,False,left_censored,SHG_2024-09
2024-09-05,山海关风景区-天下第一关景区,SHG,,,False,left_censored,SHG_2024-09
2024-09-05,老龙头景区,SHG,,,False,left_censored,SHG_2024-09
2024-09-05,角山景区,SHG,,,False,left_censored,SHG_2024-09
2024-09-05,黄金海岸风景区,其他_昌黎,,,False,left_censored,其他_昌黎_2024-09
2024-09-08,北戴河碧螺塔海上酒吧公园,BDH,,,False,left_censored,BDH_2024-09
2024-09-08,北戴河集发农业专业合作社,BDH,,,False,left_censored,BDH_2024-09
2024-09-08,奥林匹克公园,BDH,,,False,left_censored,BDH_2024-09
2024-09-08,平水桥公园,BDH,,,False,left_censored,BDH_2024-09
2024-09-08,戴河生态园,BDH,,,False,left_censored,BDH_2024-09
2024-09-08,秦皇岛野生动物园,BDH,,,False,left_censored,BDH_2024-09
2024-09-08,老虎石海上公园,BDH,,,False,left_censored,BDH_2024-09
2024-09-08,鸽子窝公园,BDH,,,False,left_censored,BDH_2024-09
2024-09-08,新澳海底世界,HGA,,,False,left_censored,HGA_2024-09
2024-09-08,河北秦皇岛国家地质公园,HGA,,,False,left_censored,HGA_2024-09
2024-09-08,秦皇植物园,HGA,,,False,left_censored,HGA_2024-09
2024-09-08,孟姜女庙景区,SHG,0.18,94.0,True,density,SHG_2024-09
2024-09-08,山海关欢乐海洋公园,SHG,,,False,left_censored,SHG_2024-09
2024-09-08,山海关风景区,SHG,,,False,left_censored,SHG_2024-09
2024-09-08,山海关风景区-天下第一关景区,SHG,,,False,left_censored,SHG_2024-09
2024-09-08,老龙头景区,SHG,,,False,left_censored,SHG_2024-09
2024-09-08,角山景区,SHG,,,False,left_censored,SHG_2024-09
2024-09-08,黄金海岸风景区,其他_昌黎,,,False,left_censored,其他_昌黎_2024-09
2024-09-09,北戴河碧螺塔海上酒吧公园,BDH,,,False,left_censored,BDH_2024-09
2024-09-09,北戴河集发农业专业合作社,BDH,,,False,left_censored,BDH_2024-09
2024-09-09,奥林匹克公园,BDH,,,False,left_censored,BDH_2024-09
2024-09-09,平水桥公园,BDH,,,False,left_censored,BDH_2024-09
2024-09-09,戴河生态园,BDH,,,False,left_censored,BDH_2024-09
2024-09-09,秦皇岛野生动物园,BDH,,,False,left_censored,BDH_2024-09
2024-09-09,老虎石海上公园,BDH,,,False,left_censored,BDH_2024-09
2024-09-09,鸽子窝公园,BDH,,,False,left_censored,BDH_2024-09
2024-09-09,新澳海底世界,HGA,,,False,left_censored,HGA_2024-09
2024-09-09,河北秦皇岛国家地质公园,HGA,,,False,left_censored,HGA_2024-09
2024-09-09,秦皇植物园,HGA,,,False,left_censored,HGA_2024-09
2024-09-09,孟姜女庙景区,SHG,0.15,3.0,True,density,SHG_2024-09
2024-09-09,山海关欢乐海洋公园,SHG,,,False,left_censored,SHG_2024-09
2024-09-09,山海关风景区,SHG,,,False,left_censored,SHG_2024-09
2024-09-09,山海关风景区-天下第一关景区,SHG,,,False,left_censored,SHG_2024-09
2024-09-09,老龙头景区,SHG,,,False,left_censored,SHG_2024-09
2024-09-09,角山景区,SHG,0.29,59.0,True,density,SHG_2024-09
2024-09-09,黄金海岸风景区,其他_昌黎,,,False,left_censored,其他_昌黎_2024-09
2024-09-10,北戴河碧螺塔海上酒吧公园,BDH,,,False,left_censored,BDH_2024-09
2024-09-10,北戴河集发农业专业合作社,BDH,,,False,left_censored,BDH_2024-09
2024-09-10,奥林匹克公园,BDH,,,False,left_censored,BDH_2024-09
2024-09-10,平水桥公园,BDH,,,False,left_censored,BDH_2024-09
2024-09-10,戴河生态园,BDH,,,False,left_censored,BDH_2024-09
2024-09-10,秦皇岛野生动物园,BDH,,,False,left_censored,BDH_2024-09
2024-09-10,老虎石海上公园,BDH,,,False,left_censored,BDH_2024-09
2024-09-10,鸽子窝公园,BDH,,,False,left_censored,BDH_2024-09
2024-09-10,新澳海底世界,HGA,,,False,left_censored,HGA_2024-09
2024-09-10,河北秦皇岛国家地质公园,HGA,,,False,left_censored,HGA_2024-09
2024-09-10,秦皇植物园,HGA,,,False,left_censored,HGA_2024-09
2024-09-10,孟姜女庙景区,SHG,0.16,2.0,True,density,SHG_2024-09
2024-09-10,山海关欢乐海洋公园,SHG,,,False,left_censored,SHG_2024-09
2024-09-10,山海关风景区,SHG,,,False,left_censored,SHG_2024-09
2024-09-10,山海关风景区-天下第一关景区,SHG,,,False,left_censored,SHG_2024-09
2024-09-10,老龙头景区,SHG,,,False,left_censored,SHG_2024-09
2024-09-10,角山景区,SHG,0.24,3.0,True,density,SHG_2024-09
2024-09-10,黄金海岸风景区,其他_昌黎,,,False,left_censored,其他_昌黎_2024-09
2024-09-13,北戴河碧螺塔海上酒吧公园,BDH,,,False,left_censored,BDH_2024-09
2024-09-13,北戴河集发农业专业合作社,BDH,,,False,left_censored,BDH_2024-09
2024-09-13,奥林匹克公园,BDH,,,False,left_censored,BDH_2024-09
2024-09-13,平水桥公园,BDH,,,False,left_censored,BDH_2024-09
2024-09-13,戴河生态园,BDH,,,False,left_censored,BDH_2024-09
2024-09-13,秦皇岛野生动物园,BDH,,,False,left_censored,BDH_2024-09
2024-09-13,老虎石海上公园,BDH,,,False,left_censored,BDH_2024-09
2024-09-13,鸽子窝公园,BDH,,,False,left_censored,BDH_2024-09
2024-09-13,新澳海底世界,HGA,,,False,left_censored,HGA_2024-09
2024-09-13,河北秦皇岛国家地质公园,HGA,,,False,left_censored,HGA_2024-09
2024-09-13,秦皇植物园,HGA,,,False,left_censored,HGA_2024-09
2024-09-13,孟姜女庙景区,SHG,0.16,85.0,True,density,SHG_2024-09
2024-09-13,山海关欢乐海洋公园,SHG,,,False,left_censored,SHG_2024-09
2024-09-13,山海关风景区,SHG,,,False,left_censored,SHG_2024-09
2024-09-13,山海关风景区-天下第一关景区,SHG,,,False,left_censored,SHG_2024-09
2024-09-13,老龙头景区,SHG,,,False,left_censored,SHG_2024-09
2024-09-13,角山景区,SHG,,,False,left_censored,SHG_2024-09
2024-09-13,黄金海岸风景区,其他_昌黎,,,False,left_censored,其他_昌黎_2024-09
2024-09-15,北戴河碧螺塔海上酒吧公园,BDH,,,False,left_censored,BDH_2024-09
2024-09-15,北戴河集发农业专业合作社,BDH,,,False,left_censored,BDH_2024-09
2024-09-15,奥林匹克公园,BDH,,,False,left_censored,BDH_2024-09
2024-09-15,平水桥公园,BDH,,,False,left_censored,BDH_2024-09
2024-09-15,戴河生态园,BDH,,,False,left_censored,BDH_2024-09
2024-09-15,秦皇岛野生动物园,BDH,,,False,left_censored,BDH_2024-09
2024-09-15,老虎石海上公园,BDH,,,False,left_censored,BDH_2024-09
2024-09-15,鸽子窝公园,BDH,,,False,left_censored,BDH_2024-09
2024-09-15,新澳海底世界,HGA,1.53,77.0,True,density,HGA_2024-09
2024-09-15,河北秦皇岛国家地质公园,HGA,,,False,left_censored,HGA_2024-09
2024-09-15,秦皇植物园,HGA,,,False,left_censored,HGA_2024-09
2024-09-15,孟姜女庙景区,SHG,,,False,left_censored,SHG_2024-09
2024-09-15,山海关欢乐海洋公园,SHG,,,False,left_censored,SHG_2024-09
2024-09-15,山海关风景区,SHG,,,False,left_censored,SHG_2024-09
2024-09-15,山海关风景区-天下第一关景区,SHG,,,False,left_censored,SHG_2024-09
2024-09-15,老龙头景区,SHG,,,False,left_censored,SHG_2024-09
2024-09-15,角山景区,SHG,0.62,79.0,True,density,SHG_2024-09
2024-09-15,黄金海岸风景区,其他_昌黎,,,False,left_censored,其他_昌黎_2024-09
2024-09-16,北戴河碧螺塔海上酒吧公园,BDH,,,False,left_censored,BDH_2024-09
2024-09-16,北戴河集发农业专业合作社,BDH,,,False,left_censored,BDH_2024-09
2024-09-16,奥林匹克公园,BDH,,,False,left_censored,BDH_2024-09
2024-09-16,平水桥公园,BDH,,,False,left_censored,BDH_2024-09
2024-09-16,戴河生态园,BDH,,,False,left_censored,BDH_2024-09
2024-09-16,秦皇岛野生动物园,BDH,,,False,left_censored,BDH_2024-09
2024-09-16,老虎石海上公园,BDH,,,False,left_censored,BDH_2024-09
2024-09-16,鸽子窝公园,BDH,,,False,left_censored,BDH_2024-09
2024-09-16,新澳海底世界,HGA,1.71,68.0,True,density,HGA_2024-09
2024-09-16,河北秦皇岛国家地质公园,HGA,,,False,left_censored,HGA_2024-09
2024-09-16,秦皇植物园,HGA,,,False,left_censored,HGA_2024-09
2024-09-16,孟姜女庙景区,SHG,,,False,left_censored,SHG_2024-09
2024-09-16,山海关欢乐海洋公园,SHG,,,False,left_censored,SHG_2024-09
2024-09-16,山海关风景区,SHG,,,False,left_censored,SHG_2024-09
2024-09-16,山海关风景区-天下第一关景区,SHG,,,False,left_censored,SHG_2024-09
2024-09-16,老龙头景区,SHG,,,False,left_censored,SHG_2024-09
2024-09-16,角山景区,SHG,,,False,left_censored,SHG_2024-09
2024-09-16,黄金海岸风景区,其他_昌黎,,,False,left_censored,其他_昌黎_2024-09
2024-09-21,北戴河碧螺塔海上酒吧公园,BDH,,,False,left_censored,BDH_2024-09
2024-09-21,北戴河集发农业专业合作社,BDH,,,False,left_censored,BDH_2024-09
2024-09-21,奥林匹克公园,BDH,,,False,left_censored,BDH_2024-09
2024-09-21,平水桥公园,BDH,,,False,left_censored,BDH_2024-09
2024-09-21,戴河生态园,BDH,,,False,left_censored,BDH_2024-09
2024-09-21,秦皇岛野生动物园,BDH,,,False,left_censored,BDH_2024-09
2024-09-21,老虎石海上公园,BDH,,,False,left_censored,BDH_2024-09
2024-09-21,鸽子窝公园,BDH,,,False,left_censored,BDH_2024-09
2024-09-21,新澳海底世界,HGA,,,False,left_censored,HGA_2024-09
2024-09-21,河北秦皇岛国家地质公园,HGA,,,False,left_censored,HGA_2024-09
2024-09-21,秦皇植物园,HGA,,,False,left_censored,HGA_2024-09
2024-09-21,孟姜女庙景区,SHG,0.18,65.0,True,density,SHG_2024-09
2024-09-21,山海关欢乐海洋公园,SHG,,,False,left_censored,SHG_2024-09
2024-09-21,山海关风景区,SHG,,,False,left_censored,SHG_2024-09
2024-09-21,山海关风景区-天下第一关景区,SHG,,,False,left_censored,SHG_2024-09
2024-09-21,老龙头景区,SHG,,,False,left_censored,SHG_2024-09
2024-09-21,角山景区,SHG,,,False,left_censored,SHG_2024-09
2024-09-21,黄金海岸风景区,其他_昌黎,,,False,left_censored,其他_昌黎_2024-09
2024-09-23,北戴河碧螺塔海上酒吧公园,BDH,,,False,left_censored,BDH_2024-09
2024-09-23,北戴河集发农业专业合作社,BDH,,,False,left_censored,BDH_2024-09
2024-09-23,奥林匹克公园,BDH,,,False,left_censored,BDH_2024-09
2024-09-23,平水桥公园,BDH,,,False,left_censored,BDH_2024-09
2024-09-23,戴河生态园,BDH,,,False,left_censored,BDH_2024-09
2024-09-23,秦皇岛野生动物园,BDH,,,False,left_censored,BDH_2024-09
2024-09-23,老虎石海上公园,BDH,,,False,left_censored,BDH_2024-09
2024-09-23,鸽子窝公园,BDH,,,False,left_censored,BDH_2024-09
2024-09-23,新澳海底世界,HGA,,,False,left_censored,HGA_2024-09
2024-09-23,河北秦皇岛国家地质公园,HGA,,,False,left_censored,HGA_2024-09
2024-09-23,秦皇植物园,HGA,,,False,left_censored,HGA_2024-09
2024-09-23,孟姜女庙景区,SHG,0.18,1.0,True,density,SHG_2024-09
2024-09-23,山海关欢乐海洋公园,SHG,,,False,left_censored,SHG_2024-09
2024-09-23,山海关风景区,SHG,,,False,left_censored,SHG_2024-09
2024-09-23,山海关风景区-天下第一关景区,SHG,,,False,left_censored,SHG_2024-09
2024-09-23,老龙头景区,SHG,,,False,left_censored,SHG_2024-09
2024-09-23,角山景区,SHG,0.38,27.0,True,density,SHG_2024-09
2024-09-23,黄金海岸风景区,其他_昌黎,,,False,left_censored,其他_昌黎_2024-09
2024-09-24,北戴河碧螺塔海上酒吧公园,BDH,,,False,left_censored,BDH_2024-09
2024-09-24,北戴河集发农业专业合作社,BDH,,,False,left_censored,BDH_2024-09
2024-09-24,奥林匹克公园,BDH,,,False,left_censored,BDH_2024-09
2024-09-24,平水桥公园,BDH,,,False,left_censored,BDH_2024-09
2024-09-24,戴河生态园,BDH,,,False,left_censored,BDH_2024-09
2024-09-24,秦皇岛野生动物园,BDH,,,False,left_censored,BDH_2024-09
2024-09-24,老虎石海上公园,BDH,,,False,left_censored,BDH_2024-09
2024-09-24,鸽子窝公园,BDH,,,False,left_censored,BDH_2024-09
2024-09-24,新澳海底世界,HGA,,,False,left_censored,HGA_2024-09
2024-09-24,河北秦皇岛国家地质公园,HGA,,,False,left_censored,HGA_2024-09
2024-09-24,秦皇植物园,HGA,,,False,left_censored,HGA_2024-09
2024-09-24,孟姜女庙景区,SHG,0.14,7.0,True,density,SHG_2024-09
2024-09-24,山海关欢乐海洋公园,SHG,,,False,left_censored,SHG_2024-09
2024-09-24,山海关风景区,SHG,,,False,left_censored,SHG_2024-09
2024-09-24,山海关风景区-天下第一关景区,SHG,,,False,left_censored,SHG_2024-09
2024-09-24,老龙头景区,SHG,,,False,left_censored,SHG_2024-09
2024-09-24,角山景区,SHG,,,False,left_censored,SHG_2024-09
2024-09-24,黄金海岸风景区,其他_昌黎,,,False,left_censored,其他_昌黎_2024-09
2024-09-26,北戴河碧螺塔海上酒吧公园,BDH,,,False,left_censored,BDH_2024-09
2024-09-26,北戴河集发农业专业合作社,BDH,,,False,left_censored,BDH_2024-09
2024-09-26,奥林匹克公园,BDH,,,False,left_censored,BDH_2024-09
2024-09-26,平水桥公园,BDH,,,False,left_censored,BDH_2024-09
2024-09-26,戴河生态园,BDH,,,False,left_censored,BDH_2024-09
2024-09-26,秦皇岛野生动物园,BDH,,,False,left_censored,BDH_2024-09
2024-09-26,老虎石海上公园,BDH,,,False,left_censored,BDH_2024-09
2024-09-26,鸽子窝公园,BDH,,,False,left_censored,BDH_2024-09
2024-09-26,新澳海底世界,HGA,,,False,left_censored,HGA_2024-09
2024-09-26,河北秦皇岛国家地质公园,HGA,,,False,left_censored,HGA_2024-09
2024-09-26,秦皇植物园,HGA,,,False,left_censored,HGA_2024-09
2024-09-26,孟姜女庙景区,SHG,0.16,3.0,True,density,SHG_2024-09
2024-09-26,山海关欢乐海洋公园,SHG,,,False,left_censored,SHG_2024-09
2024-09-26,山海关风景区,SHG,,,False,left_censored,SHG_2024-09
2024-09-26,山海关风景区-天下第一关景区,SHG,,,False,left_censored,SHG_2024-09
2024-09-26,老龙头景区,SHG,,,False,left_censored,SHG_2024-09
2024-09-26,角山景区,SHG,,,False,left_censored,SHG_2024-09
2024-09-26,黄金海岸风景区,其他_昌黎,,,False,left_censored,其他_昌黎_2024-09
2024-09-28,北戴河碧螺塔海上酒吧公园,BDH,,,False,left_censored,BDH_2024-09
2024-09-28,北戴河集发农业专业合作社,BDH,,,False,left_censored,BDH_2024-09
2024-09-28,奥林匹克公园,BDH,,,False,left_censored,BDH_2024-09
2024-09-28,平水桥公园,BDH,,,False,left_censored,BDH_2024-09
2024-09-28,戴河生态园,BDH,,,False,left_censored,BDH_2024-09
2024-09-28,秦皇岛野生动物园,BDH,,,False,left_censored,BDH_2024-09
2024-09-28,老虎石海上公园,BDH,,,False,left_censored,BDH_2024-09
2024-09-28,鸽子窝公园,BDH,,,False,left_censored,BDH_2024-09
2024-09-28,新澳海底世界,HGA,,,False,left_censored,HGA_2024-09
2024-09-28,河北秦皇岛国家地质公园,HGA,,,False,left_censored,HGA_2024-09
2024-09-28,秦皇植物园,HGA,,,False,left_censored,HGA_2024-09
2024-09-28,孟姜女庙景区,SHG,0.16,2.0,True,density,SHG_2024-09
2024-09-28,山海关欢乐海洋公园,SHG,,,False,left_censored,SHG_2024-09
2024-09-28,山海关风景区,SHG,,,False,left_censored,SHG_2024-09
2024-09-28,山海关风景区-天下第一关景区,SHG,,,False,left_censored,SHG_2024-09
2024-09-28,老龙头景区,SHG,,,False,left_censored,SHG_2024-09
2024-09-28,角山景区,SHG,0.55,22.0,True,density,SHG_2024-09
2024-09-28,黄金海岸风景区,其他_昌黎,,,False,left_censored,其他_昌黎_2024-09
2024-09-30,北戴河碧螺塔海上酒吧公园,BDH,,,False,left_censored,BDH_2024-09
2024-09-30,北戴河集发农业专业合作社,BDH,,,False,left_censored,BDH_2024-09
2024-09-30,奥林匹克公园,BDH,,,False,left_censored,BDH_2024-09
2024-09-30,平水桥公园,BDH,,,False,left_censored,BDH_2024-09
2024-09-30,戴河生态园,BDH,,,False,left_censored,BDH_2024-09
2024-09-30,秦皇岛野生动物园,BDH,,,False,left_censored,BDH_2024-09
2024-09-30,老虎石海上公园,BDH,,,False,left_censored,BDH_2024-09
2024-09-30,鸽子窝公园,BDH,,,False,left_censored,BDH_2024-09
2024-09-30,新澳海底世界,HGA,,,False,left_censored,HGA_2024-09
2024-09-30,河北秦皇岛国家地质公园,HGA,,,False,left_censored,HGA_2024-09
2024-09-30,秦皇植物园,HGA,0.0,74.0,True,density,HGA_2024-09
2024-09-30,孟姜女庙景区,SHG,0.13,12.0,True,density,SHG_2024-09
2024-09-30,山海关欢乐海洋公园,SHG,,,False,left_censored,SHG_2024-09
2024-09-30,山海关风景区,SHG,,,False,left_censored,SHG_2024-09
2024-09-30,山海关风景区-天下第一关景区,SHG,,,False,left_censored,SHG_2024-09
2024-09-30,老龙头景区,SHG,,,False,left_censored,SHG_2024-09
2024-09-30,角山景区,SHG,,,False,left_censored,SHG_2024-09
2024-09-30,黄金海岸风景区,其他_昌黎,,,False,left_censored,其他_昌黎_2024-09
2024-10-01,北戴河碧螺塔海上酒吧公园,BDH,,,False,left_censored,BDH_2024-10
2024-10-01,北戴河集发农业专业合作社,BDH,,,False,left_censored,BDH_2024-10
2024-10-01,奥林匹克公园,BDH,,,False,left_censored,BDH_2024-10
2024-10-01,平水桥公园,BDH,,,False,left_censored,BDH_2024-10
2024-10-01,戴河生态园,BDH,,,False,left_censored,BDH_2024-10
2024-10-01,秦皇岛野生动物园,BDH,,,False,left_censored,BDH_2024-10
2024-10-01,老虎石海上公园,BDH,,,False,left_censored,BDH_2024-10
2024-10-01,鸽子窝公园,BDH,,,False,left_censored,BDH_2024-10
2024-10-01,新澳海底世界,HGA,,,False,left_censored,HGA_2024-10
2024-10-01,河北秦皇岛国家地质公园,HGA,,,False,left_censored,HGA_2024-10
2024-10-01,秦皇植物园,HGA,,,False,left_censored,HGA_2024-10
2024-10-01,孟姜女庙景区,SHG,0.29,3.0,True,density,SHG_2024-10
2024-10-01,山海关欢乐海洋公园,SHG,,,False,left_censored,SHG_2024-10
2024-10-01,山海关风景区,SHG,,,False,left_censored,SHG_2024-10
2024-10-01,山海关风景区-天下第一关景区,SHG,10.92,68.0,True,density,SHG_2024-10
2024-10-01,老龙头景区,SHG,,,False,left_censored,SHG_2024-10
2024-10-01,角山景区,SHG,1.28,4.0,True,density,SHG_2024-10
2024-10-01,黄金海岸风景区,其他_昌黎,,,False,left_censored,其他_昌黎_2024-10
2024-10-03,北戴河碧螺塔海上酒吧公园,BDH,,,False,left_censored,BDH_2024-10
2024-10-03,北戴河集发农业专业合作社,BDH,,,False,left_censored,BDH_2024-10
2024-10-03,奥林匹克公园,BDH,,,False,left_censored,BDH_2024-10
2024-10-03,平水桥公园,BDH,,,False,left_censored,BDH_2024-10
2024-10-03,戴河生态园,BDH,,,False,left_censored,BDH_2024-10
2024-10-03,秦皇岛野生动物园,BDH,,,False,left_censored,BDH_2024-10
2024-10-03,老虎石海上公园,BDH,,,False,left_censored,BDH_2024-10
2024-10-03,鸽子窝公园,BDH,,,False,left_censored,BDH_2024-10
2024-10-03,新澳海底世界,HGA,,,False,left_censored,HGA_2024-10
2024-10-03,河北秦皇岛国家地质公园,HGA,,,False,left_censored,HGA_2024-10
2024-10-03,秦皇植物园,HGA,,,False,left_censored,HGA_2024-10
2024-10-03,孟姜女庙景区,SHG,,,False,left_censored,SHG_2024-10
2024-10-03,山海关欢乐海洋公园,SHG,,,False,left_censored,SHG_2024-10
2024-10-03,山海关风景区,SHG,6.31,84.0,True,density,SHG_2024-10
2024-10-03,山海关风景区-天下第一关景区,SHG,,,False,left_censored,SHG_2024-10
2024-10-03,老龙头景区,SHG,7.44,85.0,True,density,SHG_2024-10
2024-10-03,角山景区,SHG,,,False,left_censored,SHG_2024-10
2024-10-03,黄金海岸风景区,其他_昌黎,,,False,left_censored,其他_昌黎_2024-10
2024-10-04,北戴河碧螺塔海上酒吧公园,BDH,,,False,left_censored,BDH_2024-10
2024-10-04,北戴河集发农业专业合作社,BDH,,,False,left_censored,BDH_2024-10
2024-10-04,奥林匹克公园,BDH,,,False,left_censored,BDH_2024-10
2024-10-04,平水桥公园,BDH,,,False,left_censored,BDH_2024-10
2024-10-04,戴河生态园,BDH,,,False,left_censored,BDH_2024-10
2024-10-04,秦皇岛野生动物园,BDH,,,False,left_censored,BDH_2024-10
2024-10-04,老虎石海上公园,BDH,,,False,left_censored,BDH_2024-10
2024-10-04,鸽子窝公园,BDH,,,False,left_censored,BDH_2024-10
2024-10-04,新澳海底世界,HGA,2.53,99.0,True,density,HGA_2024-10
2024-10-04,河北秦皇岛国家地质公园,HGA,,,False,left_censored,HGA_2024-10
2024-10-04,秦皇植物园,HGA,,,False,left_censored,HGA_2024-10
2024-10-04,孟姜女庙景区,SHG,,,False,left_censored,SHG_2024-10
2024-10-04,山海关欢乐海洋公园,SHG,,,False,left_censored,SHG_2024-10
2024-10-04,山海关风景区,SHG,,,False,left_censored,SHG_2024-10
2024-10-04,山海关风景区-天下第一关景区,SHG,,,False,left_censored,SHG_2024-10
2024-10-04,老龙头景区,SHG,,,False,left_censored,SHG_2024-10
2024-10-04,角山景区,SHG,,,False,left_censored,SHG_2024-10
2024-10-04,黄金海岸风景区,其他_昌黎,,,False,left_censored,其他_昌黎_2024-10
2024-10-07,北戴河碧螺塔海上酒吧公园,BDH,,,False,left_censored,BDH_2024-10
2024-10-07,北戴河集发农业专业合作社,BDH,,,False,left_censored,BDH_2024-10
2024-10-07,奥林匹克公园,BDH,,,False,left_censored,BDH_2024-10
2024-10-07,平水桥公园,BDH,,,False,left_censored,BDH_2024-10
2024-10-07,戴河生态园,BDH,,,False,left_censored,BDH_2024-10
2024-10-07,秦皇岛野生动物园,BDH,,,False,left_censored,BDH_2024-10
2024-10-07,老虎石海上公园,BDH,,,False,left_censored,BDH_2024-10
2024-10-07,鸽子窝公园,BDH,,,False,left_censored,BDH_2024-10
2024-10-07,新澳海底世界,HGA,,,False,left_censored,HGA_2024-10
2024-10-07,河北秦皇岛国家地质公园,HGA,,,False,left_censored,HGA_2024-10
2024-10-07,秦皇植物园,HGA,0.0,79.0,True,density,HGA_2024-10
2024-10-07,孟姜女庙景区,SHG,0.23,5.0,True,density,SHG_2024-10
2024-10-07,山海关欢乐海洋公园,SHG,,,False,left_censored,SHG_2024-10
2024-10-07,山海关风景区,SHG,,,False,left_censored,SHG_2024-10
2024-10-07,山海关风景区-天下第一关景区,SHG,,,False,left_censored,SHG_2024-10
2024-10-07,老龙头景区,SHG,,,False,left_censored,SHG_2024-10
2024-10-07,角山景区,SHG,,,False,left_censored,SHG_2024-10
2024-10-07,黄金海岸风景区,其他_昌黎,,,False,left_censored,其他_昌黎_2024-10
2024-10-12,北戴河碧螺塔海上酒吧公园,BDH,,,False,left_censored,BDH_2024-10
2024-10-12,北戴河集发农业专业合作社,BDH,,,False,left_censored,BDH_2024-10
2024-10-12,奥林匹克公园,BDH,,,False,left_censored,BDH_2024-10
2024-10-12,平水桥公园,BDH,,,False,left_censored,BDH_2024-10
2024-10-12,戴河生态园,BDH,,,False,left_censored,BDH_2024-10
2024-10-12,秦皇岛野生动物园,BDH,,,False,left_censored,BDH_2024-10
2024-10-12,老虎石海上公园,BDH,,,False,left_censored,BDH_2024-10
2024-10-12,鸽子窝公园,BDH,,,False,left_censored,BDH_2024-10
2024-10-12,新澳海底世界,HGA,,,False,left_censored,HGA_2024-10
2024-10-12,河北秦皇岛国家地质公园,HGA,,,False,left_censored,HGA_2024-10
2024-10-12,秦皇植物园,HGA,,,False,left_censored,HGA_2024-10
2024-10-12,孟姜女庙景区,SHG,0.15,1.0,True,density,SHG_2024-10
2024-10-12,山海关欢乐海洋公园,SHG,,,False,left_censored,SHG_2024-10
2024-10-12,山海关风景区,SHG,,,False,left_censored,SHG_2024-10
2024-10-12,山海关风景区-天下第一关景区,SHG,,,False,left_censored,SHG_2024-10
2024-10-12,老龙头景区,SHG,,,False,left_censored,SHG_2024-10
2024-10-12,角山景区,SHG,0.44,5.0,True,density,SHG_2024-10
2024-10-12,黄金海岸风景区,其他_昌黎,,,False,left_censored,其他_昌黎_2024-10
2024-10-15,北戴河碧螺塔海上酒吧公园,BDH,,,False,left_censored,BDH_2024-10
2024-10-15,北戴河集发农业专业合作社,BDH,,,False,left_censored,BDH_2024-10
2024-10-15,奥林匹克公园,BDH,,,False,left_censored,BDH_2024-10
2024-10-15,平水桥公园,BDH,,,False,left_censored,BDH_2024-10
2024-10-15,戴河生态园,BDH,,,False,left_censored,BDH_2024-10
2024-10-15,秦皇岛野生动物园,BDH,,,False,left_censored,BDH_2024-10
2024-10-15,老虎石海上公园,BDH,,,False,left_censored,BDH_2024-10
2024-10-15,鸽子窝公园,BDH,,,False,left_censored,BDH_2024-10
2024-10-15,新澳海底世界,HGA,,,False,left_censored,HGA_2024-10
2024-10-15,河北秦皇岛国家地质公园,HGA,,,False,left_censored,HGA_2024-10
2024-10-15,秦皇植物园,HGA,,,False,left_censored,HGA_2024-10
2024-10-15,孟姜女庙景区,SHG,0.14,4.0,True,density,SHG_2024-10
2024-10-15,山海关欢乐海洋公园,SHG,,,False,left_censored,SHG_2024-10
2024-10-15,山海关风景区,SHG,,,False,left_censored,SHG_2024-10
2024-10-15,山海关风景区-天下第一关景区,SHG,,,False,left_censored,SHG_2024-10
2024-10-15,老龙头景区,SHG,,,False,left_censored,SHG_2024-10
2024-10-15,角山景区,SHG,0.37,10.0,True,density,SHG_2024-10
2024-10-15,黄金海岸风景区,其他_昌黎,,,False,left_censored,其他_昌黎_2024-10
2024-10-18,北戴河碧螺塔海上酒吧公园,BDH,,,False,left_censored,BDH_2024-10
2024-10-18,北戴河集发农业专业合作社,BDH,,,False,left_censored,BDH_2024-10
2024-10-18,奥林匹克公园,BDH,,,False,left_censored,BDH_2024-10
2024-10-18,平水桥公园,BDH,,,False,left_censored,BDH_2024-10
2024-10-18,戴河生态园,BDH,,,False,left_censored,BDH_2024-10
2024-10-18,秦皇岛野生动物园,BDH,,,False,left_censored,BDH_2024-10
2024-10-18,老虎石海上公园,BDH,,,False,left_censored,BDH_2024-10
2024-10-18,鸽子窝公园,BDH,,,False,left_censored,BDH_2024-10
2024-10-18,新澳海底世界,HGA,,,False,left_censored,HGA_2024-10
2024-10-18,河北秦皇岛国家地质公园,HGA,,,False,left_censored,HGA_2024-10
2024-10-18,秦皇植物园,HGA,,,False,left_censored,HGA_2024-10
2024-10-18,孟姜女庙景区,SHG,0.12,2.0,True,density,SHG_2024-10
2024-10-18,山海关欢乐海洋公园,SHG,,,False,left_censored,SHG_2024-10
2024-10-18,山海关风景区,SHG,,,False,left_censored,SHG_2024-10
2024-10-18,山海关风景区-天下第一关景区,SHG,,,False,left_censored,SHG_2024-10
2024-10-18,老龙头景区,SHG,,,False,left_censored,SHG_2024-10
2024-10-18,角山景区,SHG,0.28,8.0,True,density,SHG_2024-10
2024-10-18,黄金海岸风景区,其他_昌黎,,,False,left_censored,其他_昌黎_2024-10
2024-10-20,北戴河碧螺塔海上酒吧公园,BDH,,,False,left_censored,BDH_2024-10
2024-10-20,北戴河集发农业专业合作社,BDH,,,False,left_censored,BDH_2024-10
2024-10-20,奥林匹克公园,BDH,,,False,left_censored,BDH_2024-10
2024-10-20,平水桥公园,BDH,,,False,left_censored,BDH_2024-10
2024-10-20,戴河生态园,BDH,,,False,left_censored,BDH_2024-10
2024-10-20,秦皇岛野生动物园,BDH,,,False,left_censored,BDH_2024-10
2024-10-20,老虎石海上公园,BDH,,,False,left_censored,BDH_2024-10
2024-10-20,鸽子窝公园,BDH,,,False,left_censored,BDH_2024-10
2024-10-20,新澳海底世界,HGA,,,False,left_censored,HGA_2024-10
2024-10-20,河北秦皇岛国家地质公园,HGA,,,False,left_censored,HGA_2024-10
2024-10-20,秦皇植物园,HGA,,,False,left_censored,HGA_2024-10
2024-10-20,孟姜女庙景区,SHG,0.13,1.0,True,density,SHG_2024-10
2024-10-20,山海关欢乐海洋公园,SHG,,,False,left_censored,SHG_2024-10
2024-10-20,山海关风景区,SHG,,,False,left_censored,SHG_2024-10
2024-10-20,山海关风景区-天下第一关景区,SHG,6.09,86.0,True,density,SHG_2024-10
2024-10-20,老龙头景区,SHG,,,False,left_censored,SHG_2024-10
2024-10-20,角山景区,SHG,0.48,9.0,True,density,SHG_2024-10
2024-10-20,黄金海岸风景区,其他_昌黎,,,False,left_censored,其他_昌黎_2024-10
2024-10-22,北戴河碧螺塔海上酒吧公园,BDH,,,False,left_censored,BDH_2024-10
2024-10-22,北戴河集发农业专业合作社,BDH,,,False,left_censored,BDH_2024-10
2024-10-22,奥林匹克公园,BDH,,,False,left_censored,BDH_2024-10
2024-10-22,平水桥公园,BDH,,,False,left_censored,BDH_2024-10
2024-10-22,戴河生态园,BDH,,,False,left_censored,BDH_2024-10
2024-10-22,秦皇岛野生动物园,BDH,,,False,left_censored,BDH_2024-10
2024-10-22,老虎石海上公园,BDH,,,False,left_censored,BDH_2024-10
2024-10-22,鸽子窝公园,BDH,,,False,left_censored,BDH_2024-10
2024-10-22,新澳海底世界,HGA,,,False,left_censored,HGA_2024-10
2024-10-22,河北秦皇岛国家地质公园,HGA,,,False,left_censored,HGA_2024-10
2024-10-22,秦皇植物园,HGA,,,False,left_censored,HGA_2024-10
2024-10-22,孟姜女庙景区,SHG,0.11,83.0,True,density,SHG_2024-10
2024-10-22,山海关欢乐海洋公园,SHG,,,False,left_censored,SHG_2024-10
2024-10-22,山海关风景区,SHG,,,False,left_censored,SHG_2024-10
2024-10-22,山海关风景区-天下第一关景区,SHG,,,False,left_censored,SHG_2024-10
2024-10-22,老龙头景区,SHG,,,False,left_censored,SHG_2024-10
2024-10-22,角山景区,SHG,,,False,left_censored,SHG_2024-10
2024-10-22,黄金海岸风景区,其他_昌黎,,,False,left_censored,其他_昌黎_2024-10
2024-10-23,北戴河碧螺塔海上酒吧公园,BDH,,,False,left_censored,BDH_2024-10
2024-10-23,北戴河集发农业专业合作社,BDH,,,False,left_censored,BDH_2024-10
2024-10-23,奥林匹克公园,BDH,,,False,left_censored,BDH_2024-10
2024-10-23,平水桥公园,BDH,,,False,left_censored,BDH_2024-10
2024-10-23,戴河生态园,BDH,,,False,left_censored,BDH_2024-10
2024-10-23,秦皇岛野生动物园,BDH,,,False,left_censored,BDH_2024-10
2024-10-23,老虎石海上公园,BDH,,,False,left_censored,BDH_2024-10
2024-10-23,鸽子窝公园,BDH,,,False,left_censored,BDH_2024-10
2024-10-23,新澳海底世界,HGA,,,False,left_censored,HGA_2024-10
2024-10-23,河北秦皇岛国家地质公园,HGA,,,False,left_censored,HGA_2024-10
2024-10-23,秦皇植物园,HGA,,,False,left_censored,HGA_2024-10
2024-10-23,孟姜女庙景区,SHG,0.14,3.0,True,density,SHG_2024-10
2024-10-23,山海关欢乐海洋公园,SHG,,,False,left_censored,SHG_2024-10
2024-10-23,山海关风景区,SHG,,,False,left_censored,SHG_2024-10
2024-10-23,山海关风景区-天下第一关景区,SHG,,,False,left_censored,SHG_2024-10
2024-10-23,老龙头景区,SHG,,,False,left_censored,SHG_2024-10
2024-10-23,角山景区,SHG,0.3,18.0,True,density,SHG_2024-10
2024-10-23,黄金海岸风景区,其他_昌黎,,,False,left_censored,其他_昌黎_2024-10
2024-10-24,北戴河碧螺塔海上酒吧公园,BDH,,,False,left_censored,BDH_2024-10
2024-10-24,北戴河集发农业专业合作社,BDH,,,False,left_censored,BDH_2024-10
2024-10-24,奥林匹克公园,BDH,,,False,left_censored,BDH_2024-10
2024-10-24,平水桥公园,BDH,,,False,left_censored,BDH_2024-10
2024-10-24,戴河生态园,BDH,,,False,left_censored,BDH_2024-10
2024-10-24,秦皇岛野生动物园,BDH,,,False,left_censored,BDH_2024-10
2024-10-24,老虎石海上公园,BDH,,,False,left_censored,BDH_2024-10
2024-10-24,鸽子窝公园,BDH,,,False,left_censored,BDH_2024-10
2024-10-24,新澳海底世界,HGA,,,False,left_censored,HGA_2024-10
2024-10-24,河北秦皇岛国家地质公园,HGA,0.21,29.0,True,density,HGA_2024-10
2024-10-24,秦皇植物园,HGA,,,False,left_censored,HGA_2024-10
2024-10-24,孟姜女庙景区,SHG,0.14,1.0,True,density,SHG_2024-10
2024-10-24,山海关欢乐海洋公园,SHG,,,False,left_censored,SHG_2024-10
2024-10-24,山海关风景区,SHG,,,False,left_censored,SHG_2024-10
2024-10-24,山海关风景区-天下第一关景区,SHG,5.8,3.0,True,density,SHG_2024-10
2024-10-24,老龙头景区,SHG,,,False,left_censored,SHG_2024-10
2024-10-24,角山景区,SHG,0.33,2.0,True,density,SHG_2024-10
2024-10-24,黄金海岸风景区,其他_昌黎,,,False,left_censored,其他_昌黎_2024-10
2024-10-25,北戴河碧螺塔海上酒吧公园,BDH,,,False,left_censored,BDH_2024-10
2024-10-25,北戴河集发农业专业合作社,BDH,,,False,left_censored,BDH_2024-10
2024-10-25,奥林匹克公园,BDH,,,False,left_censored,BDH_2024-10
2024-10-25,平水桥公园,BDH,,,False,left_censored,BDH_2024-10
2024-10-25,戴河生态园,BDH,0.0,32.0,True,density,BDH_2024-10
2024-10-25,秦皇岛野生动物园,BDH,,,False,left_censored,BDH_2024-10
2024-10-25,老虎石海上公园,BDH,,,False,left_censored,BDH_2024-10
2024-10-25,鸽子窝公园,BDH,,,False,left_censored,BDH_2024-10
2024-10-25,新澳海底世界,HGA,,,False,left_censored,HGA_2024-10
2024-10-25,河北秦皇岛国家地质公园,HGA,,,False,left_censored,HGA_2024-10
2024-10-25,秦皇植物园,HGA,,,False,left_censored,HGA_2024-10
2024-10-25,孟姜女庙景区,SHG,,,False,left_censored,SHG_2024-10
2024-10-25,山海关欢乐海洋公园,SHG,,,False,left_censored,SHG_2024-10
2024-10-25,山海关风景区,SHG,,,False,left_censored,SHG_2024-10
2024-10-25,山海关风景区-天下第一关景区,SHG,,,False,left_censored,SHG_2024-10
2024-10-25,老龙头景区,SHG,,,False,left_censored,SHG_2024-10
2024-10-25,角山景区,SHG,,,False,left_censored,SHG_2024-10
2024-10-25,黄金海岸风景区,其他_昌黎,,,False,left_censored,其他_昌黎_2024-10
2024-10-26,北戴河碧螺塔海上酒吧公园,BDH,,,False,left_censored,BDH_2024-10
2024-10-26,北戴河集发农业专业合作社,BDH,,,False,left_censored,BDH_2024-10
2024-10-26,奥林匹克公园,BDH,,,False,left_censored,BDH_2024-10
2024-10-26,平水桥公园,BDH,,,False,left_censored,BDH_2024-10
2024-10-26,戴河生态园,BDH,,,False,left_censored,BDH_2024-10
2024-10-26,秦皇岛野生动物园,BDH,,,False,left_censored,BDH_2024-10
2024-10-26,老虎石海上公园,BDH,,,False,left_censored,BDH_2024-10
2024-10-26,鸽子窝公园,BDH,,,False,left_censored,BDH_2024-10
2024-10-26,新澳海底世界,HGA,,,False,left_censored,HGA_2024-10
2024-10-26,河北秦皇岛国家地质公园,HGA,,,False,left_censored,HGA_2024-10
2024-10-26,秦皇植物园,HGA,,,False,left_censored,HGA_2024-10
2024-10-26,孟姜女庙景区,SHG,0.15,9.0,True,density,SHG_2024-10
2024-10-26,山海关欢乐海洋公园,SHG,,,False,left_censored,SHG_2024-10
2024-10-26,山海关风景区,SHG,,,False,left_censored,SHG_2024-10
2024-10-26,山海关风景区-天下第一关景区,SHG,,,False,left_censored,SHG_2024-10
2024-10-26,老龙头景区,SHG,,,False,left_censored,SHG_2024-10
2024-10-26,角山景区,SHG,,,False,left_censored,SHG_2024-10
2024-10-26,黄金海岸风景区,其他_昌黎,,,False,left_censored,其他_昌黎_2024-10
2024-10-27,北戴河碧螺塔海上酒吧公园,BDH,,,False,left_censored,BDH_2024-10
2024-10-27,北戴河集发农业专业合作社,BDH,,,False,left_censored,BDH_2024-10
2024-10-27,奥林匹克公园,BDH,,,False,left_censored,BDH_2024-10
2024-10-27,平水桥公园,BDH,,,False,left_censored,BDH_2024-10
2024-10-27,戴河生态园,BDH,,,False,left_censored,BDH_2024-10
2024-10-27,秦皇岛野生动物园,BDH,,,False,left_censored,BDH_2024-10
2024-10-27,老虎石海上公园,BDH,,,False,left_censored,BDH_2024-10
2024-10-27,鸽子窝公园,BDH,,,False,left_censored,BDH_2024-10
2024-10-27,新澳海底世界,HGA,,,False,left_censored,HGA_2024-10
2024-10-27,河北秦皇岛国家地质公园,HGA,,,False,left_censored,HGA_2024-10
2024-10-27,秦皇植物园,HGA,,,False,left_censored,HGA_2024-10
2024-10-27,孟姜女庙景区,SHG,0.17,39.0,True,density,SHG_2024-10
2024-10-27,山海关欢乐海洋公园,SHG,,,False,left_censored,SHG_2024-10
2024-10-27,山海关风景区,SHG,,,False,left_censored,SHG_2024-10
2024-10-27,山海关风景区-天下第一关景区,SHG,,,False,left_censored,SHG_2024-10
2024-10-27,老龙头景区,SHG,,,False,left_censored,SHG_2024-10
2024-10-27,角山景区,SHG,,,False,left_censored,SHG_2024-10
2024-10-27,黄金海岸风景区,其他_昌黎,,,False,left_censored,其他_昌黎_2024-10
2024-11-06,北戴河碧螺塔海上酒吧公园,BDH,,,False,left_censored,BDH_2024-11
2024-11-06,北戴河集发农业专业合作社,BDH,,,False,left_censored,BDH_2024-11
2024-11-06,奥林匹克公园,BDH,,,False,left_censored,BDH_2024-11
2024-11-06,平水桥公园,BDH,,,False,left_censored,BDH_2024-11
2024-11-06,戴河生态园,BDH,,,False,left_censored,BDH_2024-11
2024-11-06,秦皇岛野生动物园,BDH,,,False,left_censored,BDH_2024-11
2024-11-06,老虎石海上公园,BDH,,,False,left_censored,BDH_2024-11
2024-11-06,鸽子窝公园,BDH,,,False,left_censored,BDH_2024-11
2024-11-06,新澳海底世界,HGA,,,False,left_censored,HGA_2024-11
2024-11-06,河北秦皇岛国家地质公园,HGA,0.18,40.0,True,density,HGA_2024-11
2024-11-06,秦皇植物园,HGA,,,False,left_censored,HGA_2024-11
2024-11-06,孟姜女庙景区,SHG,,,False,left_censored,SHG_2024-11
2024-11-06,山海关欢乐海洋公园,SHG,,,False,left_censored,SHG_2024-11
2024-11-06,山海关风景区,SHG,,,False,left_censored,SHG_2024-11
2024-11-06,山海关风景区-天下第一关景区,SHG,,,False,left_censored,SHG_2024-11
2024-11-06,老龙头景区,SHG,,,False,left_censored,SHG_2024-11
2024-11-06,角山景区,SHG,,,False,left_censored,SHG_2024-11
2024-11-06,黄金海岸风景区,其他_昌黎,,,False,left_censored,其他_昌黎_2024-11
2024-11-13,北戴河碧螺塔海上酒吧公园,BDH,,,False,left_censored,BDH_2024-11
2024-11-13,北戴河集发农业专业合作社,BDH,,,False,left_censored,BDH_2024-11
2024-11-13,奥林匹克公园,BDH,,,False,left_censored,BDH_2024-11
2024-11-13,平水桥公园,BDH,,,False,left_censored,BDH_2024-11
2024-11-13,戴河生态园,BDH,,,False,left_censored,BDH_2024-11
2024-11-13,秦皇岛野生动物园,BDH,,,False,left_censored,BDH_2024-11
2024-11-13,老虎石海上公园,BDH,,,False,left_censored,BDH_2024-11
2024-11-13,鸽子窝公园,BDH,,,False,left_censored,BDH_2024-11
2024-11-13,新澳海底世界,HGA,,,False,left_censored,HGA_2024-11
2024-11-13,河北秦皇岛国家地质公园,HGA,,,False,left_censored,HGA_2024-11
2024-11-13,秦皇植物园,HGA,,,False,left_censored,HGA_2024-11
2024-11-13,孟姜女庙景区,SHG,0.09,93.0,True,density,SHG_2024-11
2024-11-13,山海关欢乐海洋公园,SHG,,,False,left_censored,SHG_2024-11
2024-11-13,山海关风景区,SHG,,,False,left_censored,SHG_2024-11
2024-11-13,山海关风景区-天下第一关景区,SHG,,,False,left_censored,SHG_2024-11
2024-11-13,老龙头景区,SHG,,,False,left_censored,SHG_2024-11
2024-11-13,角山景区,SHG,,,False,left_censored,SHG_2024-11
2024-11-13,黄金海岸风景区,其他_昌黎,,,False,left_censored,其他_昌黎_2024-11
2024-12-21,北戴河碧螺塔海上酒吧公园,BDH,,,False,left_censored,BDH_2024-12
2024-12-21,北戴河集发农业专业合作社,BDH,,,False,left_censored,BDH_2024-12
2024-12-21,奥林匹克公园,BDH,,,False,left_censored,BDH_2024-12
2024-12-21,平水桥公园,BDH,,,False,left_censored,BDH_2024-12
2024-12-21,戴河生态园,BDH,,,False,left_censored,BDH_2024-12
2024-12-21,秦皇岛野生动物园,BDH,,,False,left_censored,BDH_2024-12
2024-12-21,老虎石海上公园,BDH,,,False,left_censored,BDH_2024-12
2024-12-21,鸽子窝公园,BDH,,,False,left_censored,BDH_2024-12
2024-12-21,新澳海底世界,HGA,,,False,left_censored,HGA_2024-12
2024-12-21,河北秦皇岛国家地质公园,HGA,,,False,left_censored,HGA_2024-12
2024-12-21,秦皇植物园,HGA,,,False,left_censored,HGA_2024-12
2024-12-21,孟姜女庙景区,SHG,0.09,14.0,True,density,SHG_2024-12
2024-12-21,山海关欢乐海洋公园,SHG,,,False,left_censored,SHG_2024-12
2024-12-21,山海关风景区,SHG,,,False,left_censored,SHG_2024-12
2024-12-21,山海关风景区-天下第一关景区,SHG,,,False,left_censored,SHG_2024-12
2024-12-21,老龙头景区,SHG,,,False,left_censored,SHG_2024-12
2024-12-21,角山景区,SHG,,,False,left_censored,SHG_2024-12
2024-12-21,黄金海岸风景区,其他_昌黎,,,False,left_censored,其他_昌黎_2024-12
2024-12-22,北戴河碧螺塔海上酒吧公园,BDH,,,False,left_censored,BDH_2024-12
2024-12-22,北戴河集发农业专业合作社,BDH,,,False,left_censored,BDH_2024-12
2024-12-22,奥林匹克公园,BDH,,,False,left_censored,BDH_2024-12
2024-12-22,平水桥公园,BDH,,,False,left_censored,BDH_2024-12
2024-12-22,戴河生态园,BDH,,,False,left_censored,BDH_2024-12
2024-12-22,秦皇岛野生动物园,BDH,,,False,left_censored,BDH_2024-12
2024-12-22,老虎石海上公园,BDH,,,False,left_censored,BDH_2024-12
2024-12-22,鸽子窝公园,BDH,,,False,left_censored,BDH_2024-12
2024-12-22,新澳海底世界,HGA,,,False,left_censored,HGA_2024-12
2024-12-22,河北秦皇岛国家地质公园,HGA,,,False,left_censored,HGA_2024-12
2024-12-22,秦皇植物园,HGA,,,False,left_censored,HGA_2024-12
2024-12-22,孟姜女庙景区,SHG,0.09,35.0,True,density,SHG_2024-12
2024-12-22,山海关欢乐海洋公园,SHG,,,False,left_censored,SHG_2024-12
2024-12-22,山海关风景区,SHG,,,False,left_censored,SHG_2024-12
2024-12-22,山海关风景区-天下第一关景区,SHG,,,False,left_censored,SHG_2024-12
2024-12-22,老龙头景区,SHG,,,False,left_censored,SHG_2024-12
2024-12-22,角山景区,SHG,,,False,left_censored,SHG_2024-12
2024-12-22,黄金海岸风景区,其他_昌黎,,,False,left_censored,其他_昌黎_2024-12
2024-12-25,北戴河碧螺塔海上酒吧公园,BDH,,,False,left_censored,BDH_2024-12
2024-12-25,北戴河集发农业专业合作社,BDH,,,False,left_censored,BDH_2024-12
2024-12-25,奥林匹克公园,BDH,,,False,left_censored,BDH_2024-12
2024-12-25,平水桥公园,BDH,,,False,left_censored,BDH_2024-12
2024-12-25,戴河生态园,BDH,,,False,left_censored,BDH_2024-12
2024-12-25,秦皇岛野生动物园,BDH,,,False,left_censored,BDH_2024-12
2024-12-25,老虎石海上公园,BDH,,,False,left_censored,BDH_2024-12
2024-12-25,鸽子窝公园,BDH,,,False,left_censored,BDH_2024-12
2024-12-25,新澳海底世界,HGA,,,False,left_censored,HGA_2024-12
2024-12-25,河北秦皇岛国家地质公园,HGA,,,False,left_censored,HGA_2024-12
2024-12-25,秦皇植物园,HGA,,,False,left_censored,HGA_2024-12
2024-12-25,孟姜女庙景区,SHG,0.11,69.0,True,density,SHG_2024-12
2024-12-25,山海关欢乐海洋公园,SHG,,,False,left_censored,SHG_2024-12
2024-12-25,山海关风景区,SHG,,,False,left_censored,SHG_2024-12
2024-12-25,山海关风景区-天下第一关景区,SHG,,,False,left_censored,SHG_2024-12
2024-12-25,老龙头景区,SHG,,,False,left_censored,SHG_2024-12
2024-12-25,角山景区,SHG,,,False,left_censored,SHG_2024-12
2024-12-25,黄金海岸风景区,其他_昌黎,,,False,left_censored,其他_昌黎_2024-12
2024-12-26,北戴河碧螺塔海上酒吧公园,BDH,,,False,left_censored,BDH_2024-12
2024-12-26,北戴河集发农业专业合作社,BDH,,,False,left_censored,BDH_2024-12
2024-12-26,奥林匹克公园,BDH,,,False,left_censored,BDH_2024-12
2024-12-26,平水桥公园,BDH,,,False,left_censored,BDH_2024-12
2024-12-26,戴河生态园,BDH,,,False,left_censored,BDH_2024-12
2024-12-26,秦皇岛野生动物园,BDH,,,False,left_censored,BDH_2024-12
2024-12-26,老虎石海上公园,BDH,,,False,left_censored,BDH_2024-12
2024-12-26,鸽子窝公园,BDH,,,False,left_censored,BDH_2024-12
2024-12-26,新澳海底世界,HGA,,,False,left_censored,HGA_2024-12
2024-12-26,河北秦皇岛国家地质公园,HGA,,,False,left_censored,HGA_2024-12
2024-12-26,秦皇植物园,HGA,,,False,left_censored,HGA_2024-12
2024-12-26,孟姜女庙景区,SHG,0.15,23.0,True,density,SHG_2024-12
2024-12-26,山海关欢乐海洋公园,SHG,,,False,left_censored,SHG_2024-12
2024-12-26,山海关风景区,SHG,,,False,left_censored,SHG_2024-12
2024-12-26,山海关风景区-天下第一关景区,SHG,,,False,left_censored,SHG_2024-12
2024-12-26,老龙头景区,SHG,,,False,left_censored,SHG_2024-12
2024-12-26,角山景区,SHG,,,False,left_censored,SHG_2024-12
2024-12-26,黄金海岸风景区,其他_昌黎,,,False,left_censored,其他_昌黎_2024-12
2024-12-27,北戴河碧螺塔海上酒吧公园,BDH,,,False,left_censored,BDH_2024-12
2024-12-27,北戴河集发农业专业合作社,BDH,,,False,left_censored,BDH_2024-12
2024-12-27,奥林匹克公园,BDH,,,False,left_censored,BDH_2024-12
2024-12-27,平水桥公园,BDH,,,False,left_censored,BDH_2024-12
2024-12-27,戴河生态园,BDH,,,False,left_censored,BDH_2024-12
2024-12-27,秦皇岛野生动物园,BDH,,,False,left_censored,BDH_2024-12
2024-12-27,老虎石海上公园,BDH,,,False,left_censored,BDH_2024-12
2024-12-27,鸽子窝公园,BDH,,,False,left_censored,BDH_2024-12
2024-12-27,新澳海底世界,HGA,,,False,left_censored,HGA_2024-12
2024-12-27,河北秦皇岛国家地质公园,HGA,,,False,left_censored,HGA_2024-12
2024-12-27,秦皇植物园,HGA,,,False,left_censored,HGA_2024-12
2024-12-27,孟姜女庙景区,SHG,0.09,20.0,True,density,SHG_2024-12
2024-12-27,山海关欢乐海洋公园,SHG,,,False,left_censored,SHG_2024-12
2024-12-27,山海关风景区,SHG,,,False,left_censored,SHG_2024-12
2024-12-27,山海关风景区-天下第一关景区,SHG,,,False,left_censored,SHG_2024-12
2024-12-27,老龙头景区,SHG,,,False,left_censored,SHG_2024-12
2024-12-27,角山景区,SHG,,,False,left_censored,SHG_2024-12
2024-12-27,黄金海岸风景区,其他_昌黎,,,False,left_censored,其他_昌黎_2024-12
2024-12-28,北戴河碧螺塔海上酒吧公园,BDH,,,False,left_censored,BDH_2024-12
2024-12-28,北戴河集发农业专业合作社,BDH,,,False,left_censored,BDH_2024-12
2024-12-28,奥林匹克公园,BDH,,,False,left_censored,BDH_2024-12
2024-12-28,平水桥公园,BDH,,,False,left_censored,BDH_2024-12
2024-12-28,戴河生态园,BDH,,,False,left_censored,BDH_2024-12
2024-12-28,秦皇岛野生动物园,BDH,,,False,left_censored,BDH_2024-12
2024-12-28,老虎石海上公园,BDH,,,False,left_censored,BDH_2024-12
2024-12-28,鸽子窝公园,BDH,,,False,left_censored,BDH_2024-12
2024-12-28,新澳海底世界,HGA,,,False,left_censored,HGA_2024-12
2024-12-28,河北秦皇岛国家地质公园,HGA,,,False,left_censored,HGA_2024-12
2024-12-28,秦皇植物园,HGA,,,False,left_censored,HGA_2024-12
2024-12-28,孟姜女庙景区,SHG,0.09,11.0,True,density,SHG_2024-12
2024-12-28,山海关欢乐海洋公园,SHG,,,False,left_censored,SHG_2024-12
2024-12-28,山海关风景区,SHG,,,False,left_censored,SHG_2024-12
2024-12-28,山海关风景区-天下第一关景区,SHG,,,False,left_censored,SHG_2024-12
2024-12-28,老龙头景区,SHG,,,False,left_censored,SHG_2024-12
2024-12-28,角山景区,SHG,,,False,left_censored,SHG_2024-12
2024-12-28,黄金海岸风景区,其他_昌黎,,,False,left_censored,其他_昌黎_2024-12
2024-12-29,北戴河碧螺塔海上酒吧公园,BDH,,,False,left_censored,BDH_2024-12
2024-12-29,北戴河集发农业专业合作社,BDH,,,False,left_censored,BDH_2024-12
2024-12-29,奥林匹克公园,BDH,,,False,left_censored,BDH_2024-12
2024-12-29,平水桥公园,BDH,,,False,left_censored,BDH_2024-12
2024-12-29,戴河生态园,BDH,0.0,7.0,True,density,BDH_2024-12
2024-12-29,秦皇岛野生动物园,BDH,,,False,left_censored,BDH_2024-12
2024-12-29,老虎石海上公园,BDH,,,False,left_censored,BDH_2024-12
2024-12-29,鸽子窝公园,BDH,,,False,left_censored,BDH_2024-12
2024-12-29,新澳海底世界,HGA,,,False,left_censored,HGA_2024-12
2024-12-29,河北秦皇岛国家地质公园,HGA,,,False,left_censored,HGA_2024-12
2024-12-29,秦皇植物园,HGA,,,False,left_censored,HGA_2024-12
2024-12-29,孟姜女庙景区,SHG,0.09,14.0,True,density,SHG_2024-12
2024-12-29,山海关欢乐海洋公园,SHG,,,False,left_censored,SHG_2024-12
2024-12-29,山海关风景区,SHG,,,False,left_censored,SHG_2024-12
2024-12-29,山海关风景区-天下第一关景区,SHG,,,False,left_censored,SHG_2024-12
2024-12-29,老龙头景区,SHG,,,False,left_censored,SHG_2024-12
2024-12-29,角山景区,SHG,,,False,left_censored,SHG_2024-12
2024-12-29,黄金海岸风景区,其他_昌黎,,,False,left_censored,其他_昌黎_2024-12
2025-01-04,北戴河碧螺塔海上酒吧公园,BDH,,,False,left_censored,BDH_2025-01
2025-01-04,北戴河集发农业专业合作社,BDH,,,False,left_censored,BDH_2025-01
2025-01-04,奥林匹克公园,BDH,,,False,left_censored,BDH_2025-01
2025-01-04,平水桥公园,BDH,,,False,left_censored,BDH_2025-01
2025-01-04,戴河生态园,BDH,,,False,left_censored,BDH_2025-01
2025-01-04,秦皇岛野生动物园,BDH,,,False,left_censored,BDH_2025-01
2025-01-04,老虎石海上公园,BDH,,,False,left_censored,BDH_2025-01
2025-01-04,鸽子窝公园,BDH,,,False,left_censored,BDH_2025-01
2025-01-04,新澳海底世界,HGA,,,False,left_censored,HGA_2025-01
2025-01-04,河北秦皇岛国家地质公园,HGA,,,False,left_censored,HGA_2025-01
2025-01-04,秦皇植物园,HGA,,,False,left_censored,HGA_2025-01
2025-01-04,孟姜女庙景区,SHG,0.1,4.0,True,density,SHG_2025-01
2025-01-04,山海关欢乐海洋公园,SHG,,,False,left_censored,SHG_2025-01
2025-01-04,山海关风景区,SHG,,,False,left_censored,SHG_2025-01
2025-01-04,山海关风景区-天下第一关景区,SHG,,,False,left_censored,SHG_2025-01
2025-01-04,老龙头景区,SHG,,,False,left_censored,SHG_2025-01
2025-01-04,角山景区,SHG,,,False,left_censored,SHG_2025-01
2025-01-04,黄金海岸风景区,其他_昌黎,,,False,left_censored,其他_昌黎_2025-01
2025-01-05,北戴河碧螺塔海上酒吧公园,BDH,,,False,left_censored,BDH_2025-01
2025-01-05,北戴河集发农业专业合作社,BDH,,,False,left_censored,BDH_2025-01
2025-01-05,奥林匹克公园,BDH,,,False,left_censored,BDH_2025-01
2025-01-05,平水桥公园,BDH,,,False,left_censored,BDH_2025-01
2025-01-05,戴河生态园,BDH,,,False,left_censored,BDH_2025-01
2025-01-05,秦皇岛野生动物园,BDH,,,False,left_censored,BDH_2025-01
2025-01-05,老虎石海上公园,BDH,,,False,left_censored,BDH_2025-01
2025-01-05,鸽子窝公园,BDH,,,False,left_censored,BDH_2025-01
2025-01-05,新澳海底世界,HGA,,,False,left_censored,HGA_2025-01
2025-01-05,河北秦皇岛国家地质公园,HGA,,,False,left_censored,HGA_2025-01
2025-01-05,秦皇植物园,HGA,,,False,left_censored,HGA_2025-01
2025-01-05,孟姜女庙景区,SHG,0.11,2.0,True,density,SHG_2025-01
2025-01-05,山海关欢乐海洋公园,SHG,,,False,left_censored,SHG_2025-01
2025-01-05,山海关风景区,SHG,,,False,left_censored,SHG_2025-01
2025-01-05,山海关风景区-天下第一关景区,SHG,,,False,left_censored,SHG_2025-01
2025-01-05,老龙头景区,SHG,,,False,left_censored,SHG_2025-01
2025-01-05,角山景区,SHG,,,False,left_censored,SHG_2025-01
2025-01-05,黄金海岸风景区,其他_昌黎,,,False,left_censored,其他_昌黎_2025-01
2025-01-07,北戴河碧螺塔海上酒吧公园,BDH,,,False,left_censored,BDH_2025-01
2025-01-07,北戴河集发农业专业合作社,BDH,,,False,left_censored,BDH_2025-01
2025-01-07,奥林匹克公园,BDH,,,False,left_censored,BDH_2025-01
2025-01-07,平水桥公园,BDH,,,False,left_censored,BDH_2025-01
2025-01-07,戴河生态园,BDH,,,False,left_censored,BDH_2025-01
2025-01-07,秦皇岛野生动物园,BDH,,,False,left_censored,BDH_2025-01
2025-01-07,老虎石海上公园,BDH,,,False,left_censored,BDH_2025-01
2025-01-07,鸽子窝公园,BDH,,,False,left_censored,BDH_2025-01
2025-01-07,新澳海底世界,HGA,,,False,left_censored,HGA_2025-01
2025-01-07,河北秦皇岛国家地质公园,HGA,,,False,left_censored,HGA_2025-01
2025-01-07,秦皇植物园,HGA,,,False,left_censored,HGA_2025-01
2025-01-07,孟姜女庙景区,SHG,0.1,28.0,True,density,SHG_2025-01
2025-01-07,山海关欢乐海洋公园,SHG,,,False,left_censored,SHG_2025-01
2025-01-07,山海关风景区,SHG,,,False,left_censored,SHG_2025-01
2025-01-07,山海关风景区-天下第一关景区,SHG,,,False,left_censored,SHG_2025-01
2025-01-07,老龙头景区,SHG,,,False,left_censored,SHG_2025-01
2025-01-07,角山景区,SHG,,,False,left_censored,SHG_2025-01
2025-01-07,黄金海岸风景区,其他_昌黎,,,False,left_censored,其他_昌黎_2025-01
2025-01-08,北戴河碧螺塔海上酒吧公园,BDH,,,False,left_censored,BDH_2025-01
2025-01-08,北戴河集发农业专业合作社,BDH,,,False,left_censored,BDH_2025-01
2025-01-08,奥林匹克公园,BDH,,,False,left_censored,BDH_2025-01
2025-01-08,平水桥公园,BDH,,,False,left_censored,BDH_2025-01
2025-01-08,戴河生态园,BDH,,,False,left_censored,BDH_2025-01
2025-01-08,秦皇岛野生动物园,BDH,,,False,left_censored,BDH_2025-01
2025-01-08,老虎石海上公园,BDH,,,False,left_censored,BDH_2025-01
2025-01-08,鸽子窝公园,BDH,,,False,left_censored,BDH_2025-01
2025-01-08,新澳海底世界,HGA,,,False,left_censored,HGA_2025-01
2025-01-08,河北秦皇岛国家地质公园,HGA,,,False,left_censored,HGA_2025-01
2025-01-08,秦皇植物园,HGA,,,False,left_censored,HGA_2025-01
2025-01-08,孟姜女庙景区,SHG,0.09,18.0,True,density,SHG_2025-01
2025-01-08,山海关欢乐海洋公园,SHG,,,False,left_censored,SHG_2025-01
2025-01-08,山海关风景区,SHG,,,False,left_censored,SHG_2025-01
2025-01-08,山海关风景区-天下第一关景区,SHG,,,False,left_censored,SHG_2025-01
2025-01-08,老龙头景区,SHG,,,False,left_censored,SHG_2025-01
2025-01-08,角山景区,SHG,,,False,left_censored,SHG_2025-01
2025-01-08,黄金海岸风景区,其他_昌黎,,,False,left_censored,其他_昌黎_2025-01
2025-01-09,北戴河碧螺塔海上酒吧公园,BDH,,,False,left_censored,BDH_2025-01
2025-01-09,北戴河集发农业专业合作社,BDH,,,False,left_censored,BDH_2025-01
2025-01-09,奥林匹克公园,BDH,,,False,left_censored,BDH_2025-01
2025-01-09,平水桥公园,BDH,,,False,left_censored,BDH_2025-01
2025-01-09,戴河生态园,BDH,,,False,left_censored,BDH_2025-01
2025-01-09,秦皇岛野生动物园,BDH,,,False,left_censored,BDH_2025-01
2025-01-09,老虎石海上公园,BDH,,,False,left_censored,BDH_2025-01
2025-01-09,鸽子窝公园,BDH,,,False,left_censored,BDH_2025-01
2025-01-09,新澳海底世界,HGA,,,False,left_censored,HGA_2025-01
2025-01-09,河北秦皇岛国家地质公园,HGA,,,False,left_censored,HGA_2025-01
2025-01-09,秦皇植物园,HGA,,,False,left_censored,HGA_2025-01
2025-01-09,孟姜女庙景区,SHG,0.1,13.0,True,density,SHG_2025-01
2025-01-09,山海关欢乐海洋公园,SHG,,,False,left_censored,SHG_2025-01
2025-01-09,山海关风景区,SHG,,,False,left_censored,SHG_2025-01
2025-01-09,山海关风景区-天下第一关景区,SHG,,,False,left_censored,SHG_2025-01
2025-01-09,老龙头景区,SHG,,,False,left_censored,SHG_2025-01
2025-01-09,角山景区,SHG,,,False,left_censored,SHG_2025-01
2025-01-09,黄金海岸风景区,其他_昌黎,,,False,left_censored,其他_昌黎_2025-01
2025-01-10,北戴河碧螺塔海上酒吧公园,BDH,,,False,left_censored,BDH_2025-01
2025-01-10,北戴河集发农业专业合作社,BDH,,,False,left_censored,BDH_2025-01
2025-01-10,奥林匹克公园,BDH,,,False,left_censored,BDH_2025-01
2025-01-10,平水桥公园,BDH,,,False,left_censored,BDH_2025-01
2025-01-10,戴河生态园,BDH,,,False,left_censored,BDH_2025-01
2025-01-10,秦皇岛野生动物园,BDH,,,False,left_censored,BDH_2025-01
2025-01-10,老虎石海上公园,BDH,,,False,left_censored,BDH_2025-01
2025-01-10,鸽子窝公园,BDH,,,False,left_censored,BDH_2025-01
2025-01-10,新澳海底世界,HGA,,,False,left_censored,HGA_2025-01
2025-01-10,河北秦皇岛国家地质公园,HGA,,,False,left_censored,HGA_2025-01
2025-01-10,秦皇植物园,HGA,,,False,left_censored,HGA_2025-01
2025-01-10,孟姜女庙景区,SHG,0.09,92.0,True,density,SHG_2025-01
2025-01-10,山海关欢乐海洋公园,SHG,,,False,left_censored,SHG_2025-01
2025-01-10,山海关风景区,SHG,,,False,left_censored,SHG_2025-01
2025-01-10,山海关风景区-天下第一关景区,SHG,,,False,left_censored,SHG_2025-01
2025-01-10,老龙头景区,SHG,,,False,left_censored,SHG_2025-01
2025-01-10,角山景区,SHG,,,False,left_censored,SHG_2025-01
2025-01-10,黄金海岸风景区,其他_昌黎,,,False,left_censored,其他_昌黎_2025-01
2025-01-11,北戴河碧螺塔海上酒吧公园,BDH,,,False,left_censored,BDH_2025-01
2025-01-11,北戴河集发农业专业合作社,BDH,,,False,left_censored,BDH_2025-01
2025-01-11,奥林匹克公园,BDH,,,False,left_censored,BDH_2025-01
2025-01-11,平水桥公园,BDH,,,False,left_censored,BDH_2025-01
2025-01-11,戴河生态园,BDH,,,False,left_censored,BDH_2025-01
2025-01-11,秦皇岛野生动物园,BDH,,,False,left_censored,BDH_2025-01
2025-01-11,老虎石海上公园,BDH,,,False,left_censored,BDH_2025-01
2025-01-11,鸽子窝公园,BDH,,,False,left_censored,BDH_2025-01
2025-01-11,新澳海底世界,HGA,,,False,left_censored,HGA_2025-01
2025-01-11,河北秦皇岛国家地质公园,HGA,,,False,left_censored,HGA_2025-01
2025-01-11,秦皇植物园,HGA,,,False,left_censored,HGA_2025-01
2025-01-11,孟姜女庙景区,SHG,0.11,2.0,True,density,SHG_2025-01
2025-01-11,山海关欢乐海洋公园,SHG,,,False,left_censored,SHG_2025-01
2025-01-11,山海关风景区,SHG,,,False,left_censored,SHG_2025-01
2025-01-11,山海关风景区-天下第一关景区,SHG,,,False,left_censored,SHG_2025-01
2025-01-11,老龙头景区,SHG,,,False,left_censored,SHG_2025-01
2025-01-11,角山景区,SHG,,,False,left_censored,SHG_2025-01
2025-01-11,黄金海岸风景区,其他_昌黎,,,False,left_censored,其他_昌黎_2025-01
2025-01-12,北戴河碧螺塔海上酒吧公园,BDH,,,False,left_censored,BDH_2025-01
2025-01-12,北戴河集发农业专业合作社,BDH,,,False,left_censored,BDH_2025-01
2025-01-12,奥林匹克公园,BDH,,,False,left_censored,BDH_2025-01
2025-01-12,平水桥公园,BDH,,,False,left_censored,BDH_2025-01
2025-01-12,戴河生态园,BDH,,,False,left_censored,BDH_2025-01
2025-01-12,秦皇岛野生动物园,BDH,,,False,left_censored,BDH_2025-01
2025-01-12,老虎石海上公园,BDH,,,False,left_censored,BDH_2025-01
2025-01-12,鸽子窝公园,BDH,,,False,left_censored,BDH_2025-01
2025-01-12,新澳海底世界,HGA,,,False,left_censored,HGA_2025-01
2025-01-12,河北秦皇岛国家地质公园,HGA,,,False,left_censored,HGA_2025-01
2025-01-12,秦皇植物园,HGA,,,False,left_censored,HGA_2025-01
2025-01-12,孟姜女庙景区,SHG,0.1,53.0,True,density,SHG_2025-01
2025-01-12,山海关欢乐海洋公园,SHG,,,False,left_censored,SHG_2025-01
2025-01-12,山海关风景区,SHG,,,False,left_censored,SHG_2025-01
2025-01-12,山海关风景区-天下第一关景区,SHG,,,False,left_censored,SHG_2025-01
2025-01-12,老龙头景区,SHG,,,False,left_censored,SHG_2025-01
2025-01-12,角山景区,SHG,,,False,left_censored,SHG_2025-01
2025-01-12,黄金海岸风景区,其他_昌黎,,,False,left_censored,其他_昌黎_2025-01
2025-01-13,北戴河碧螺塔海上酒吧公园,BDH,,,False,left_censored,BDH_2025-01
2025-01-13,北戴河集发农业专业合作社,BDH,,,False,left_censored,BDH_2025-01
2025-01-13,奥林匹克公园,BDH,,,False,left_censored,BDH_2025-01
2025-01-13,平水桥公园,BDH,,,False,left_censored,BDH_2025-01
2025-01-13,戴河生态园,BDH,,,False,left_censored,BDH_2025-01
2025-01-13,秦皇岛野生动物园,BDH,,,False,left_censored,BDH_2025-01
2025-01-13,老虎石海上公园,BDH,,,False,left_censored,BDH_2025-01
2025-01-13,鸽子窝公园,BDH,,,False,left_censored,BDH_2025-01
2025-01-13,新澳海底世界,HGA,,,False,left_censored,HGA_2025-01
2025-01-13,河北秦皇岛国家地质公园,HGA,,,False,left_censored,HGA_2025-01
2025-01-13,秦皇植物园,HGA,,,False,left_censored,HGA_2025-01
2025-01-13,孟姜女庙景区,SHG,0.1,7.0,True,density,SHG_2025-01
2025-01-13,山海关欢乐海洋公园,SHG,,,False,left_censored,SHG_2025-01
2025-01-13,山海关风景区,SHG,,,False,left_censored,SHG_2025-01
2025-01-13,山海关风景区-天下第一关景区,SHG,,,False,left_censored,SHG_2025-01
2025-01-13,老龙头景区,SHG,,,False,left_censored,SHG_2025-01
2025-01-13,角山景区,SHG,,,False,left_censored,SHG_2025-01
2025-01-13,黄金海岸风景区,其他_昌黎,,,False,left_censored,其他_昌黎_2025-01
2025-01-14,北戴河碧螺塔海上酒吧公园,BDH,,,False,left_censored,BDH_2025-01
2025-01-14,北戴河集发农业专业合作社,BDH,,,False,left_censored,BDH_2025-01
2025-01-14,奥林匹克公园,BDH,,,False,left_censored,BDH_2025-01
2025-01-14,平水桥公园,BDH,,,False,left_censored,BDH_2025-01
2025-01-14,戴河生态园,BDH,,,False,left_censored,BDH_2025-01
2025-01-14,秦皇岛野生动物园,BDH,,,False,left_censored,BDH_2025-01
2025-01-14,老虎石海上公园,BDH,,,False,left_censored,BDH_2025-01
2025-01-14,鸽子窝公园,BDH,,,False,left_censored,BDH_2025-01
2025-01-14,新澳海底世界,HGA,,,False,left_censored,HGA_2025-01
2025-01-14,河北秦皇岛国家地质公园,HGA,,,False,left_censored,HGA_2025-01
2025-01-14,秦皇植物园,HGA,,,False,left_censored,HGA_2025-01
2025-01-14,孟姜女庙景区,SHG,0.1,81.0,True,density,SHG_2025-01
2025-01-14,山海关欢乐海洋公园,SHG,,,False,left_censored,SHG_2025-01
2025-01-14,山海关风景区,SHG,,,False,left_censored,SHG_2025-01
2025-01-14,山海关风景区-天下第一关景区,SHG,,,False,left_censored,SHG_2025-01
2025-01-14,老龙头景区,SHG,,,False,left_censored,SHG_2025-01
2025-01-14,角山景区,SHG,,,False,left_censored,SHG_2025-01
2025-01-14,黄金海岸风景区,其他_昌黎,,,False,left_censored,其他_昌黎_2025-01
2025-01-15,北戴河碧螺塔海上酒吧公园,BDH,,,False,left_censored,BDH_2025-01
2025-01-15,北戴河集发农业专业合作社,BDH,,,False,left_censored,BDH_2025-01
2025-01-15,奥林匹克公园,BDH,,,False,left_censored,BDH_2025-01
2025-01-15,平水桥公园,BDH,,,False,left_censored,BDH_2025-01
2025-01-15,戴河生态园,BDH,,,False,left_censored,BDH_2025-01
2025-01-15,秦皇岛野生动物园,BDH,,,False,left_censored,BDH_2025-01
2025-01-15,老虎石海上公园,BDH,,,False,left_censored,BDH_2025-01
2025-01-15,鸽子窝公园,BDH,,,False,left_censored,BDH_2025-01
2025-01-15,新澳海底世界,HGA,,,False,left_censored,HGA_2025-01
2025-01-15,河北秦皇岛国家地质公园,HGA,,,False,left_censored,HGA_2025-01
2025-01-15,秦皇植物园,HGA,,,False,left_censored,HGA_2025-01
2025-01-15,孟姜女庙景区,SHG,0.12,3.0,True,density,SHG_2025-01
2025-01-15,山海关欢乐海洋公园,SHG,,,False,left_censored,SHG_2025-01
2025-01-15,山海关风景区,SHG,,,False,left_censored,SHG_2025-01
2025-01-15,山海关风景区-天下第一关景区,SHG,,,False,left_censored,SHG_2025-01
2025-01-15,老龙头景区,SHG,,,False,left_censored,SHG_2025-01
2025-01-15,角山景区,SHG,,,False,left_censored,SHG_2025-01
2025-01-15,黄金海岸风景区,其他_昌黎,,,False,left_censored,其他_昌黎_2025-01
2025-01-19,北戴河碧螺塔海上酒吧公园,BDH,,,False,left_censored,BDH_2025-01
2025-01-19,北戴河集发农业专业合作社,BDH,,,False,left_censored,BDH_2025-01
2025-01-19,奥林匹克公园,BDH,,,False,left_censored,BDH_2025-01
2025-01-19,平水桥公园,BDH,,,False,left_censored,BDH_2025-01
2025-01-19,戴河生态园,BDH,,,False,left_censored,BDH_2025-01
2025-01-19,秦皇岛野生动物园,BDH,,,False,left_censored,BDH_2025-01
2025-01-19,老虎石海上公园,BDH,,,False,left_censored,BDH_2025-01
2025-01-19,鸽子窝公园,BDH,,,False,left_censored,BDH_2025-01
2025-01-19,新澳海底世界,HGA,,,False,left_censored,HGA_2025-01
2025-01-19,河北秦皇岛国家地质公园,HGA,,,False,left_censored,HGA_2025-01
2025-01-19,秦皇植物园,HGA,,,False,left_censored,HGA_2025-01
2025-01-19,孟姜女庙景区,SHG,0.12,4.0,True,density,SHG_2025-01
2025-01-19,山海关欢乐海洋公园,SHG,,,False,left_censored,SHG_2025-01
2025-01-19,山海关风景区,SHG,,,False,left_censored,SHG_2025-01
2025-01-19,山海关风景区-天下第一关景区,SHG,,,False,left_censored,SHG_2025-01
2025-01-19,老龙头景区,SHG,,,False,left_censored,SHG_2025-01
2025-01-19,角山景区,SHG,0.32,2.0,True,density,SHG_2025-01
2025-01-19,黄金海岸风景区,其他_昌黎,,,False,left_censored,其他_昌黎_2025-01
2025-01-22,北戴河碧螺塔海上酒吧公园,BDH,,,False,left_censored,BDH_2025-01
2025-01-22,北戴河集发农业专业合作社,BDH,,,False,left_censored,BDH_2025-01
2025-01-22,奥林匹克公园,BDH,,,False,left_censored,BDH_2025-01
2025-01-22,平水桥公园,BDH,,,False,left_censored,BDH_2025-01
2025-01-22,戴河生态园,BDH,,,False,left_censored,BDH_2025-01
2025-01-22,秦皇岛野生动物园,BDH,,,False,left_censored,BDH_2025-01
2025-01-22,老虎石海上公园,BDH,,,False,left_censored,BDH_2025-01
2025-01-22,鸽子窝公园,BDH,,,False,left_censored,BDH_2025-01
2025-01-22,新澳海底世界,HGA,,,False,left_censored,HGA_2025-01
2025-01-22,河北秦皇岛国家地质公园,HGA,,,False,left_censored,HGA_2025-01
2025-01-22,秦皇植物园,HGA,,,False,left_censored,HGA_2025-01
2025-01-22,孟姜女庙景区,SHG,0.12,93.0,True,density,SHG_2025-01
2025-01-22,山海关欢乐海洋公园,SHG,,,False,left_censored,SHG_2025-01
2025-01-22,山海关风景区,SHG,,,False,left_censored,SHG_2025-01
2025-01-22,山海关风景区-天下第一关景区,SHG,,,False,left_censored,SHG_2025-01
2025-01-22,老龙头景区,SHG,,,False,left_censored,SHG_2025-01
2025-01-22,角山景区,SHG,0.28,2.0,True,density,SHG_2025-01
2025-01-22,黄金海岸风景区,其他_昌黎,,,False,left_censored,其他_昌黎_2025-01
2025-01-25,北戴河碧螺塔海上酒吧公园,BDH,,,False,left_censored,BDH_2025-01
2025-01-25,北戴河集发农业专业合作社,BDH,,,False,left_censored,BDH_2025-01
2025-01-25,奥林匹克公园,BDH,,,False,left_censored,BDH_2025-01
2025-01-25,平水桥公园,BDH,,,False,left_censored,BDH_2025-01
2025-01-25,戴河生态园,BDH,,,False,left_censored,BDH_2025-01
2025-01-25,秦皇岛野生动物园,BDH,,,False,left_censored,BDH_2025-01
2025-01-25,老虎石海上公园,BDH,,,False,left_censored,BDH_2025-01
2025-01-25,鸽子窝公园,BDH,,,False,left_censored,BDH_2025-01
2025-01-25,新澳海底世界,HGA,,,False,left_censored,HGA_2025-01
2025-01-25,河北秦皇岛国家地质公园,HGA,,,False,left_censored,HGA_2025-01
2025-01-25,秦皇植物园,HGA,0.0,55.0,True,density,HGA_2025-01
2025-01-25,孟姜女庙景区,SHG,,,False,left_censored,SHG_2025-01
2025-01-25,山海关欢乐海洋公园,SHG,,,False,left_censored,SHG_2025-01
2025-01-25,山海关风景区,SHG,,,False,left_censored,SHG_2025-01
2025-01-25,山海关风景区-天下第一关景区,SHG,,,False,left_censored,SHG_2025-01
2025-01-25,老龙头景区,SHG,,,False,left_censored,SHG_2025-01
2025-01-25,角山景区,SHG,,,False,left_censored,SHG_2025-01
2025-01-25,黄金海岸风景区,其他_昌黎,,,False,left_censored,其他_昌黎_2025-01
