date,region_code,pressure_index,estimate_label,projection_source
2023-01-01,BDH,0.5758592809820924,censored_likelihood_pressure_index,joint_covariate_region_mean
2023-01-01,HGA,2.1594159910815383,censored_likelihood_pressure_index,joint_covariate_region_mean
2023-01-01,SHG,0.2700788005880679,censored_likelihood_pressure_index,joint_covariate_region_mean
2023-01-02,BDH,0.2090837242027409,censored_likelihood_pressure_index,joint_covariate_region_mean
2023-01-02,HGA,1.4240733286933436,censored_likelihood_pressure_index,joint_covariate_region_mean
2023-01-02,SHG,0.0,censored_likelihood_pressure_index,joint_covariate_region_mean
2023-01-03,BDH,0.0,censored_likelihood_pressure_index,joint_covariate_region_mean
2023-01-03,HGA,0.7378001034408559,censored_likelihood_pressure_index,joint_covariate_region_mean
2023-01-03,SHG,0.0,censored_likelihood_pressure_index,joint_covariate_region_mean
2023-01-04,BDH,0.0,censored_likelihood_pressure_index,joint_covariate_region_mean
2023-01-04,HGA,0.807319456565837,censored_likelihood_pressure_index,joint_covariate_region_mean
2023-01-04,SHG,0.0,censored_likelihood_pressure_index,joint_covariate_region_mean
2023-01-05,BDH,0.0,censored_likelihood_pressure_index,joint_covariate_region_mean
2023-01-05,HGA,0.8519225331579763,censored_likelihood_pressure_index,joint_covariate_region_mean
2023-01-05,SHG,0.0,censored_likelihood_pressure_index,joint_covariate_region_mean
2023-01-06,BDH,0.0,censored_likelihood_pressure_index,joint_covariate_region_mean
2023-01-06,HGA,0.8911507572339328,censored_likelihood_pressure_index,joint_covariate_region_mean
2023-01-06,SHG,0.0,censored_likelihood_pressure_index,joint_covariate_region_mean
2023-01-07,BDH,0.1285422931798242,censored_likelihood_pressure_index,joint_covariate_region_mean
2023-01-07,HGA,1.2625970546444267,censored_likelihood_pressure_index,joint_covariate_region_mean
2023-01-07,SHG,0.0,censored_likelihood_pressure_index,joint_covariate_region_mean
2023-01-08,BDH,0.11203963751336922,censored_likelihood_pressure_index,joint_covariate_region_mean
2023-01-08,HGA,1.2295111345771113,censored_likelihood_pressure_index,joint_covariate_region_mean
2023-01-08,SHG,0.0,censored_likelihood_pressure_index,joint_covariate_region_mean
2023-01-09,BDH,0.0,censored_likelihood_pressure_index,joint_covariate_region_mean
2023-01-09,HGA,0.8304143635934182,censored_likelihood_pressure_index,joint_covariate_region_mean
2023-01-09,SHG,0.0,censored_likelihood_pressure_index,joint_covariate_region_mean
2023-01-10,BDH,0.0,censored_likelihood_pressure_index,joint_covariate_region_mean
2023-01-10,HGA,0.8650325286479998,censored_likelihood_pressure_index,joint_covariate_region_mean
2023-01-10,SHG,0.0,censored_likelihood_pressure_index,joint_covariate_region_mean
2023-01-11,BDH,0.0,censored_likelihood_pressure_index,joint_covariate_region_mean
2023-01-11,HGA,0.8721912962074998,censored_likelihood_pressure_index,joint_covariate_region_mean
2023-01-11,SHG,0.0,censored_likelihood_pressure_index,joint_covariate_region_mean
2023-01-12,BDH,0.0,censored_likelihood_pressure_index,joint_covariate_region_mean
2023-01-12,HGA,0.8328529070992352,censored_likelihood_pressure_index,joint_covariate_region_mean
2023-01-12,SHG,0.0,censored_likelihood_pressure_index,joint_covariate_region_mean
2023-01-13,BDH,0.0,censored_likelihood_pressure_index,joint_covariate_region_mean
2023-01-13,HGA,0.8852728563694965,censored_likelihood_pressure_index,joint_covariate_region_mean
2023-01-13,SHG,0.0,censored_likelihood_pressure_index,joint_covariate_region_mean
2023-01-14,BDH,0.11606262791015876,censored_likelihood_pressure_index,joint_covariate_region_mean
2023-01-14,HGA,1.2375767660360721,censored_likelihood_pressure_index,joint_covariate_region_mean
2023-01-14,SHG,0.0,censored_likelihood_pressure_index,joint_covariate_region_mean
2023-01-15,BDH,0.11372641975219815,censored_likelihood_pressure_index,joint_covariate_region_mean
2023-01-15,HGA,1.2328929382972422,censored_likelihood_pressure_index,joint_covariate_region_mean
2023-01-15,SHG,0.0,censored_likelihood_pressure_index,joint_covariate_region_mean
2023-01-16,BDH,0.0,censored_likelihood_pressure_index,joint_covariate_region_mean
2023-01-16,HGA,0.8649106058104603,censored_likelihood_pressure_index,joint_covariate_region_mean
2023-01-16,SHG,0.0,censored_likelihood_pressure_index,joint_covariate_region_mean
2023-01-17,BDH,0.0,censored_likelihood_pressure_index,joint_covariate_region_mean
2023-01-17,HGA,0.9020688711724081,censored_likelihood_pressure_index,joint_covariate_region_mean
2023-01-17,SHG,0.0,censored_likelihood_pressure_index,joint_covariate_region_mean
2023-01-18,BDH,0.0,censored_likelihood_pressure_index,joint_covariate_region_mean
2023-01-18,HGA,0.905166627811882,censored_likelihood_pressure_index,joint_covariate_region_mean
2023-01-18,SHG,0.0,censored_likelihood_pressure_index,joint_covariate_region_mean
2023-01-19,BDH,0.0,censored_likelihood_pressure_index,joint_covariate_region_mean
2023-01-19,HGA,0.89786151966905,censored_likelihood_pressure_index,joint_covariate_region_mean
2023-01-19,SHG,0.0,censored_likelihood_pressure_index,joint_covariate_region_mean
2023-01-20,BDH,0.0,censored_likelihood_pressure_index,joint_covariate_region_mean
2023-01-20,HGA,0.8569520322984301,censored_likelihood_pressure_index,joint_covariate_region_mean
2023-01-20,SHG,0.0,censored_likelihood_pressure_index,joint_covariate_region_mean
2023-01-21,BDH,0.5800353124579325,censored_likelihood_pressure_index,joint_covariate_region_mean
2023-01-21,HGA,2.16778845224178,censored_likelihood_pressure_index,joint_covariate_region_mean
2023-01-21,SHG,0.27344451294072647,censored_likelihood_pressure_index,joint_covariate_region_mean
2023-01-22,BDH,0.5128520647453989,censored_likelihood_pressure_index,joint_covariate_region_mean
2023-01-22,HGA,2.0330937940845564,censored_likelihood_pressure_index,joint_covariate_region_mean
2023-01-22,SHG,0.21929753439758629,censored_likelihood_pressure_index,joint_covariate_region_mean
2023-01-23,BDH,0.3104522888100827,censored_likelihood_pressure_index,joint_covariate_region_mean
2023-01-23,HGA,1.627305601954332,censored_likelihood_pressure_index,joint_covariate_region_mean
2023-01-23,SHG,0.056171506736654886,censored_likelihood_pressure_index,joint_covariate_region_mean
2023-01-24,BDH,0.3441013908842739,censored_likelihood_pressure_index,joint_covariate_region_mean
2023-01-24,HGA,1.694768168226417,censored_likelihood_pressure_index,joint_covariate_region_mean
2023-01-24,SHG,0.08329132112555133,censored_likelihood_pressure_index,joint_covariate_region_mean
2023-01-25,BDH,0.367439856794593,censored_likelihood_pressure_index,joint_covariate_region_mean
2023-01-25,HGA,1.7415590989232368,censored_likelihood_pressure_index,joint_covariate_region_mean
2023-01-25,SHG,0.10210118006960037,censored_likelihood_pressure_index,joint_covariate_region_mean
2023-01-26,BDH,0.36451300101766265,censored_likelihood_pressure_index,joint_covariate_region_mean
2023-01-26,HGA,1.7356910908740284,censored_likelihood_pressure_index,joint_covariate_region_mean
2023-01-26,SHG,0.09974225277227138,censored_likelihood_pressure_index,joint_covariate_region_mean
2023-01-27,BDH,0.38120315289839424,censored_likelihood_pressure_index,joint_covariate_region_mean
2023-01-27,HGA,1.7691529192123436,censored_likelihood_pressure_index,joint_covariate_region_mean
2023-01-27,SHG,0.11319383968623842,censored_likelihood_pressure_index,joint_covariate_region_mean
2023-01-28,BDH,0.2052042877711357,censored_likelihood_pressure_index,joint_covariate_region_mean
2023-01-28,HGA,1.4162955063672542,censored_likelihood_pressure_index,joint_covariate_region_mean
2023-01-28,SHG,0.0,censored_likelihood_pressure_index,joint_covariate_region_mean
2023-01-29,BDH,0.18676679558138778,censored_likelihood_pressure_index,joint_covariate_region_mean
2023-01-29,HGA,1.3793304623669882,censored_likelihood_pressure_index,joint_covariate_region_mean
2023-01-29,SHG,0.0,censored_likelihood_pressure_index,joint_covariate_region_mean
2023-01-30,BDH,0.0,censored_likelihood_pressure_index,joint_covariate_region_mean
2023-01-30,HGA,0.9469671038069964,censored_likelihood_pressure_index,joint_covariate_region_mean
2023-01-30,SHG,0.0,censored_likelihood_pressure_index,joint_covariate_region_mean
2023-01-31,BDH,0.051704580187626026,censored_likelihood_pressure_index,joint_covariate_region_mean
2023-01-31,HGA,1.1085463078071882,censored_likelihood_pressure_index,joint_covariate_region_mean
2023-01-31,SHG,0.0,censored_likelihood_pressure_index,joint_covariate_region_mean
2023-02-01,BDH,0.011845623543052143,censored_likelihood_pressure_index,joint_covariate_region_mean
2023-02-01,HGA,1.0286336997904302,censored_likelihood_pressure_index,joint_covariate_region_mean
2023-02-01,SHG,0.0,censored_likelihood_pressure_index,joint_covariate_region_mean
2023-02-02,BDH,0.04686947987089709,censored_likelihood_pressure_index,joint_covariate_region_mean
2023-02-02,HGA,1.0988524896829985,censored_likelihood_pressure_index,joint_covariate_region_mean
2023-02-02,SHG,0.0,censored_likelihood_pressure_index,joint_covariate_region_mean
2023-02-03,BDH,0.0,censored_likelihood_pressure_index,joint_covariate_region_mean
2023-02-03,HGA,0.8318171579254943,censored_likelihood_pressure_index,joint_covariate_region_mean
2023-02-03,SHG,0.0,censored_likelihood_pressure_index,joint_covariate_region_mean
2023-02-04,BDH,0.15074813033232523,censored_likelihood_pressure_index,joint_covariate_region_mean
2023-02-04,HGA,1.3071171953966143,censored_likelihood_pressure_index,joint_covariate_region_mean
2023-02-04,SHG,0.0,censored_likelihood_pressure_index,joint_covariate_region_mean
2023-02-05,BDH,0.15744007210512198,censored_likelihood_pressure_index,joint_covariate_region_mean
2023-02-05,HGA,1.3205337663452488,censored_likelihood_pressure_index,joint_covariate_region_mean
2023-02-05,SHG,0.0,censored_likelihood_pressure_index,joint_covariate_region_mean
2023-02-06,BDH,0.27096777147094614,censored_likelihood_pressure_index,joint_covariate_region_mean
2023-02-06,HGA,1.548143701531561,censored_likelihood_pressure_index,joint_covariate_region_mean
2023-02-06,SHG,0.024348583821458897,censored_likelihood_pressure_index,joint_covariate_region_mean
2023-02-07,BDH,0.1648065832693185,censored_likelihood_pressure_index,joint_covariate_region_mean
2023-02-07,HGA,1.3353027710727132,censored_likelihood_pressure_index,joint_covariate_region_mean
2023-02-07,SHG,0.0,censored_likelihood_pressure_index,joint_covariate_region_mean
2023-02-08,BDH,0.16551846942247633,censored_likelihood_pressure_index,joint_covariate_region_mean
2023-02-08,HGA,1.3367300206522028,censored_likelihood_pressure_index,joint_covariate_region_mean
2023-02-08,SHG,0.0,censored_likelihood_pressure_index,joint_covariate_region_mean
2023-02-09,BDH,0.10576885463425373,censored_likelihood_pressure_index,joint_covariate_region_mean
2023-02-09,HGA,1.2169389386050633,censored_likelihood_pressure_index,joint_covariate_region_mean
2023-02-09,SHG,0.0,censored_likelihood_pressure_index,joint_covariate_region_mean
2023-02-10,BDH,0.04172818852888682,censored_likelihood_pressure_index,joint_covariate_region_mean
2023-02-10,HGA,1.0885447938901147,censored_likelihood_pressure_index,joint_covariate_region_mean
2023-02-10,SHG,0.0,censored_likelihood_pressure_index,joint_covariate_region_mean
2023-02-11,BDH,0.5581593513520786,censored_likelihood_pressure_index,joint_covariate_region_mean
2023-02-11,HGA,2.123929674892676,censored_likelihood_pressure_index,joint_covariate_region_mean
2023-02-11,SHG,0.255813373676998,censored_likelihood_pressure_index,joint_covariate_region_mean
2023-02-12,BDH,0.4475120475857847,censored_likelihood_pressure_index,joint_covariate_region_mean
2023-02-12,HGA,1.9020946004617771,censored_likelihood_pressure_index,joint_covariate_region_mean
2023-02-12,SHG,0.1666361250788759,censored_likelihood_pressure_index,joint_covariate_region_mean
2023-02-13,BDH,0.0,censored_likelihood_pressure_index,joint_covariate_region_mean
2023-02-13,HGA,0.9096934525886577,censored_likelihood_pressure_index,joint_covariate_region_mean
2023-02-13,SHG,0.0,censored_likelihood_pressure_index,joint_covariate_region_mean
2023-02-14,BDH,0.0,censored_likelihood_pressure_index,joint_covariate_region_mean
2023-02-14,HGA,0.9228204358281134,censored_likelihood_pressure_index,joint_covariate_region_mean
2023-02-14,SHG,0.0,censored_likelihood_pressure_index,joint_covariate_region_mean
2023-02-15,BDH,0.0,censored_likelihood_pressure_index,joint_covariate_region_mean
2023-02-15,HGA,0.8910581018105652,censored_likelihood_pressure_index,joint_covariate_region_mean
2023-02-15,SHG,0.0,censored_likelihood_pressure_index,joint_covariate_region_mean
2023-02-16,BDH,0.0,censored_likelihood_pressure_index,joint_covariate_region_mean
2023-02-16,HGA,0.914751841304833,censored_likelihood_pressure_index,joint_covariate_region_mean
2023-02-16,SHG,0.0,censored_likelihood_pressure_index,joint_covariate_region_mean
2023-02-17,BDH,0.13514109467766253,censored_likelihood_pressure_index,joint_covariate_region_mean
2023-02-17,HGA,1.2758268900909333,censored_likelihood_pressure_index,joint_covariate_region_mean
2023-02-17,SHG,0.0,censored_likelihood_pressure_index,joint_covariate_region_mean
2023-02-18,BDH,0.2078773965925077,censored_likelihood_pressure_index,joint_covariate_region_mean
2023-02-18,HGA,1.4216547810550808,censored_likelihood_pressure_index,joint_covariate_region_mean
2023-02-18,SHG,0.0,censored_likelihood_pressure_index,joint_covariate_region_mean
2023-02-19,BDH,0.26088390672680334,censored_likelihood_pressure_index,joint_covariate_region_mean
2023-02-19,HGA,1.5279267164815424,censored_likelihood_pressure_index,joint_covariate_region_mean
2023-02-19,SHG,0.016221396962774724,censored_likelihood_pressure_index,joint_covariate_region_mean
2023-02-20,BDH,0.0,censored_likelihood_pressure_index,joint_covariate_region_mean
2023-02-20,HGA,0.9449701903992973,censored_likelihood_pressure_index,joint_covariate_region_mean
2023-02-20,SHG,0.0,censored_likelihood_pressure_index,joint_covariate_region_mean
2023-02-21,BDH,0.0,censored_likelihood_pressure_index,joint_covariate_region_mean
2023-02-21,HGA,0.9090482547802075,censored_likelihood_pressure_index,joint_covariate_region_mean
2023-02-21,SHG,0.0,censored_likelihood_pressure_index,joint_covariate_region_mean
2023-02-22,BDH,0.1806816867342692,censored_likelihood_pressure_index,joint_covariate_region_mean
2023-02-22,HGA,1.3671305214007639,censored_likelihood_pressure_index,joint_covariate_region_mean
2023-02-22,SHG,0.0,censored_likelihood_pressure_index,joint_covariate_region_mean
2023-02-23,BDH,0.04406304702089897,censored_likelihood_pressure_index,joint_covariate_region_mean
2023-02-23,HGA,1.0932259157044801,censored_likelihood_pressure_index,joint_covariate_region_mean
2023-02-23,SHG,0.0,censored_likelihood_pressure_index,joint_covariate_region_mean
2023-02-24,BDH,0.013314011112835903,censored_likelihood_pressure_index,joint_covariate_region_mean
2023-02-24,HGA,1.0315776474036897,censored_likelihood_pressure_index,joint_covariate_region_mean
2023-02-24,SHG,0.0,censored_likelihood_pressure_index,joint_covariate_region_mean
2023-02-25,BDH,0.2558186854543441,censored_likelihood_pressure_index,joint_covariate_region_mean
2023-02-25,HGA,1.5177715323989887,censored_likelihood_pressure_index,joint_covariate_region_mean
2023-02-25,SHG,0.012139033622293623,censored_likelihood_pressure_index,joint_covariate_region_mean
2023-02-26,BDH,0.27320443752171303,censored_likelihood_pressure_index,joint_covariate_region_mean
2023-02-26,HGA,1.5526279588334555,censored_likelihood_pressure_index,joint_covariate_region_mean
2023-02-26,SHG,0.026151246133606254,censored_likelihood_pressure_index,joint_covariate_region_mean
2023-02-27,BDH,0.09374766143870085,censored_likelihood_pressure_index,joint_covariate_region_mean
2023-02-27,HGA,1.1928378335938081,censored_likelihood_pressure_index,joint_covariate_region_mean
2023-02-27,SHG,0.0,censored_likelihood_pressure_index,joint_covariate_region_mean
2023-02-28,BDH,0.0,censored_likelihood_pressure_index,joint_covariate_region_mean
2023-02-28,HGA,0.9958643152168742,censored_likelihood_pressure_index,joint_covariate_region_mean
2023-02-28,SHG,0.0,censored_likelihood_pressure_index,joint_covariate_region_mean
2023-03-01,BDH,0.024269728876665016,censored_likelihood_pressure_index,joint_covariate_region_mean
2023-03-01,HGA,1.0535425971390784,censored_likelihood_pressure_index,joint_covariate_region_mean
2023-03-01,SHG,0.0,censored_likelihood_pressure_index,joint_covariate_region_mean
2023-03-02,BDH,0.013591827590517155,censored_likelihood_pressure_index,joint_covariate_region_mean
2023-03-02,HGA,1.0321346373791047,censored_likelihood_pressure_index,joint_covariate_region_mean
2023-03-02,SHG,0.0,censored_likelihood_pressure_index,joint_covariate_region_mean
2023-03-03,BDH,0.0,censored_likelihood_pressure_index,joint_covariate_region_mean
2023-03-03,HGA,0.9899764007628589,censored_likelihood_pressure_index,joint_covariate_region_mean
2023-03-03,SHG,0.0,censored_likelihood_pressure_index,joint_covariate_region_mean
2023-03-04,BDH,0.210298860961451,censored_likelihood_pressure_index,joint_covariate_region_mean
2023-03-04,HGA,1.4265095376576533,censored_likelihood_pressure_index,joint_covariate_region_mean
2023-03-04,SHG,0.0,censored_likelihood_pressure_index,joint_covariate_region_mean
2023-03-05,BDH,0.1552365595585427,censored_likelihood_pressure_index,joint_covariate_region_mean
2023-03-05,HGA,1.3161159779930602,censored_likelihood_pressure_index,joint_covariate_region_mean
2023-03-05,SHG,0.0,censored_likelihood_pressure_index,joint_covariate_region_mean
2023-03-06,BDH,0.12905986117557375,censored_likelihood_pressure_index,joint_covariate_region_mean
2023-03-06,HGA,1.2636347187442465,censored_likelihood_pressure_index,joint_covariate_region_mean
2023-03-06,SHG,0.0,censored_likelihood_pressure_index,joint_covariate_region_mean
2023-03-07,BDH,0.0,censored_likelihood_pressure_index,joint_covariate_region_mean
2023-03-07,HGA,0.8938341295932277,censored_likelihood_pressure_index,joint_covariate_region_mean
2023-03-07,SHG,0.0,censored_likelihood_pressure_index,joint_covariate_region_mean
2023-03-08,BDH,0.0,censored_likelihood_pressure_index,joint_covariate_region_mean
2023-03-08,HGA,0.9661304642343291,censored_likelihood_pressure_index,joint_covariate_region_mean
2023-03-08,SHG,0.0,censored_likelihood_pressure_index,joint_covariate_region_mean
2023-03-09,BDH,0.0,censored_likelihood_pressure_index,joint_covariate_region_mean
2023-03-09,HGA,0.9746236605013006,censored_likelihood_pressure_index,joint_covariate_region_mean
2023-03-09,SHG,0.0,censored_likelihood_pressure_index,joint_covariate_region_mean
2023-03-10,BDH,0.0015566453994825418,censored_likelihood_pressure_index,joint_covariate_region_mean
2023-03-10,HGA,1.0080054860463554,censored_likelihood_pressure_index,joint_covariate_region_mean
2023-03-10,SHG,0.0,censored_likelihood_pressure_index,joint_covariate_region_mean
2023-03-11,BDH,0.176301238249683,censored_likelihood_pressure_index,joint_covariate_region_mean
2023-03-11,HGA,1.3583482277294117,censored_likelihood_pressure_index,joint_covariate_region_mean
2023-03-11,SHG,0.0,censored_likelihood_pressure_index,joint_covariate_region_mean
2023-03-12,BDH,0.18941306336357985,censored_likelihood_pressure_index,joint_covariate_region_mean
2023-03-12,HGA,1.3846359238689385,censored_likelihood_pressure_index,joint_covariate_region_mean
2023-03-12,SHG,0.0,censored_likelihood_pressure_index,joint_covariate_region_mean
2023-03-13,BDH,0.0,censored_likelihood_pressure_index,joint_covariate_region_mean
2023-03-13,HGA,0.9610132670044966,censored_likelihood_pressure_index,joint_covariate_region_mean
2023-03-13,SHG,0.0,censored_likelihood_pressure_index,joint_covariate_region_mean
2023-03-14,BDH,0.0,censored_likelihood_pressure_index,joint_covariate_region_mean
2023-03-14,HGA,0.94458879214342,censored_likelihood_pressure_index,joint_covariate_region_mean
2023-03-14,SHG,0.0,censored_likelihood_pressure_index,joint_covariate_region_mean
2023-03-15,BDH,0.0,censored_likelihood_pressure_index,joint_covariate_region_mean
2023-03-15,HGA,0.9478321010152175,censored_likelihood_pressure_index,joint_covariate_region_mean
2023-03-15,SHG,0.0,censored_likelihood_pressure_index,joint_covariate_region_mean
2023-03-16,BDH,0.0,censored_likelihood_pressure_index,joint_covariate_region_mean
2023-03-16,HGA,0.9585427949385219,censored_likelihood_pressure_index,joint_covariate_region_mean
2023-03-16,SHG,0.0,censored_likelihood_pressure_index,joint_covariate_region_mean
2023-03-17,BDH,0.0,censored_likelihood_pressure_index,joint_covariate_region_mean
2023-03-17,HGA,0.9820551591557347,censored_likelihood_pressure_index,joint_covariate_region_mean
2023-03-17,SHG,0.0,censored_likelihood_pressure_index,joint_covariate_region_mean
2023-03-18,BDH,0.21237961384128187,censored_likelihood_pressure_index,joint_covariate_region_mean
2023-03-18,HGA,1.4306812070454997,censored_likelihood_pressure_index,joint_covariate_region_mean
2023-03-18,SHG,0.0,censored_likelihood_pressure_index,joint_covariate_region_mean
2023-03-19,BDH,0.21005981694707648,censored_likelihood_pressure_index,joint_covariate_region_mean
2023-03-19,HGA,1.426030281996503,censored_likelihood_pressure_index,joint_covariate_region_mean
2023-03-19,SHG,0.0,censored_likelihood_pressure_index,joint_covariate_region_mean
2023-03-20,BDH,0.004549279348369744,censored_likelihood_pressure_index,joint_covariate_region_mean
2023-03-20,HGA,1.0140053717389885,censored_likelihood_pressure_index,joint_covariate_region_mean
2023-03-20,SHG,0.0,censored_likelihood_pressure_index,joint_covariate_region_mean
2023-03-21,BDH,0.0,censored_likelihood_pressure_index,joint_covariate_region_mean
2023-03-21,HGA,0.9061270226598761,censored_likelihood_pressure_index,joint_covariate_region_mean
2023-03-21,SHG,0.0,censored_likelihood_pressure_index,joint_covariate_region_mean
2023-03-22,BDH,0.0,censored_likelihood_pressure_index,joint_covariate_region_mean
2023-03-22,HGA,0.9411894160217675,censored_likelihood_pressure_index,joint_covariate_region_mean
2023-03-22,SHG,0.0,censored_likelihood_pressure_index,joint_covariate_region_mean
2023-03-23,BDH,0.0,censored_likelihood_pressure_index,joint_covariate_region_mean
2023-03-23,HGA,0.9774984469324906,censored_likelihood_pressure_index,joint_covariate_region_mean
2023-03-23,SHG,0.0,censored_likelihood_pressure_index,joint_covariate_region_mean
2023-03-24,BDH,0.0,censored_likelihood_pressure_index,joint_covariate_region_mean
2023-03-24,HGA,0.9412803350413566,censored_likelihood_pressure_index,joint_covariate_region_mean
2023-03-24,SHG,0.0,censored_likelihood_pressure_index,joint_covariate_region_mean
2023-03-25,BDH,0.1527330012197431,censored_likelihood_pressure_index,joint_covariate_region_mean
2023-03-25,HGA,1.311096632455253,censored_likelihood_pressure_index,joint_covariate_region_mean
2023-03-25,SHG,0.0,censored_likelihood_pressure_index,joint_covariate_region_mean
2023-03-26,BDH,0.14964269702498934,censored_likelihood_pressure_index,joint_covariate_region_mean
2023-03-26,HGA,1.3049009291916178,censored_likelihood_pressure_index,joint_covariate_region_mean
2023-03-26,SHG,0.0,censored_likelihood_pressure_index,joint_covariate_region_mean
2023-03-27,BDH,0.0,censored_likelihood_pressure_index,joint_covariate_region_mean
2023-03-27,HGA,0.9537427466568384,censored_likelihood_pressure_index,joint_covariate_region_mean
2023-03-27,SHG,0.0,censored_likelihood_pressure_index,joint_covariate_region_mean
2023-03-28,BDH,0.0,censored_likelihood_pressure_index,joint_covariate_region_mean
2023-03-28,HGA,0.939565402209567,censored_likelihood_pressure_index,joint_covariate_region_mean
2023-03-28,SHG,0.0,censored_likelihood_pressure_index,joint_covariate_region_mean
2023-03-29,BDH,0.006800066677404051,censored_likelihood_pressure_index,joint_covariate_region_mean
2023-03-29,HGA,1.018517940574096,censored_likelihood_pressure_index,joint_covariate_region_mean
2023-03-29,SHG,0.0,censored_likelihood_pressure_index,joint_covariate_region_mean
2023-03-30,BDH,0.0021224966615865978,censored_likelihood_pressure_index,joint_covariate_region_mean
2023-03-30,HGA,1.0091399525229248,censored_likelihood_pressure_index,joint_covariate_region_mean
2023-03-30,SHG,0.0,censored_likelihood_pressure_index,joint_covariate_region_mean
2023-03-31,BDH,0.014620281625510483,censored_likelihood_pressure_index,joint_covariate_region_mean
2023-03-31,HGA,1.0341965690271042,censored_likelihood_pressure_index,joint_covariate_region_mean
2023-03-31,SHG,0.0,censored_likelihood_pressure_index,joint_covariate_region_mean
2023-04-01,BDH,0.22045406921259508,censored_likelihood_pressure_index,joint_covariate_region_mean
2023-04-01,HGA,1.4468695582055746,censored_likelihood_pressure_index,joint_covariate_region_mean
2023-04-01,SHG,0.0,censored_likelihood_pressure_index,joint_covariate_region_mean
2023-04-02,BDH,0.2244783515165411,censored_likelihood_pressure_index,joint_covariate_region_mean
2023-04-02,HGA,1.4549377797892875,censored_likelihood_pressure_index,joint_covariate_region_mean
2023-04-02,SHG,0.0,censored_likelihood_pressure_index,joint_covariate_region_mean
2023-04-03,BDH,0.0,censored_likelihood_pressure_index,joint_covariate_region_mean
2023-04-03,HGA,0.9939911994362891,censored_likelihood_pressure_index,joint_covariate_region_mean
2023-04-03,SHG,0.0,censored_likelihood_pressure_index,joint_covariate_region_mean
2023-04-04,BDH,0.0,censored_likelihood_pressure_index,joint_covariate_region_mean
2023-04-04,HGA,0.8475389485994247,censored_likelihood_pressure_index,joint_covariate_region_mean
2023-04-04,SHG,0.0,censored_likelihood_pressure_index,joint_covariate_region_mean
2023-04-05,BDH,0.3662580701035785,censored_likelihood_pressure_index,joint_covariate_region_mean
2023-04-05,HGA,1.7391897529957814,censored_likelihood_pressure_index,joint_covariate_region_mean
2023-04-05,SHG,0.10114870782719354,censored_likelihood_pressure_index,joint_covariate_region_mean
2023-04-06,BDH,0.00978971476880271,censored_likelihood_pressure_index,joint_covariate_region_mean
2023-04-06,HGA,1.0245118399670576,censored_likelihood_pressure_index,joint_covariate_region_mean
2023-04-06,SHG,0.0,censored_likelihood_pressure_index,joint_covariate_region_mean
2023-04-07,BDH,0.03195182452034728,censored_likelihood_pressure_index,joint_covariate_region_mean
2023-04-07,HGA,1.0689443123268343,censored_likelihood_pressure_index,joint_covariate_region_mean
2023-04-07,SHG,0.0,censored_likelihood_pressure_index,joint_covariate_region_mean
2023-04-08,BDH,0.2316980068770429,censored_likelihood_pressure_index,joint_covariate_region_mean
2023-04-08,HGA,1.4694123555787266,censored_likelihood_pressure_index,joint_covariate_region_mean
2023-04-08,SHG,0.0,censored_likelihood_pressure_index,joint_covariate_region_mean
2023-04-09,BDH,0.25515103865538064,censored_likelihood_pressure_index,joint_covariate_region_mean
2023-04-09,HGA,1.5164329776190688,censored_likelihood_pressure_index,joint_covariate_region_mean
2023-04-09,SHG,0.01160093732405339,censored_likelihood_pressure_index,joint_covariate_region_mean
2023-04-10,BDH,0.02602968942845217,censored_likelihood_pressure_index,joint_covariate_region_mean
2023-04-10,HGA,1.0570711149313041,censored_likelihood_pressure_index,joint_covariate_region_mean
2023-04-10,SHG,0.0,censored_likelihood_pressure_index,joint_covariate_region_mean
2023-04-11,BDH,0.06396877070492468,censored_likelihood_pressure_index,joint_covariate_region_mean
2023-04-11,HGA,1.1331345944046287,censored_likelihood_pressure_index,joint_covariate_region_mean
2023-04-11,SHG,0.0,censored_likelihood_pressure_index,joint_covariate_region_mean
2023-04-12,BDH,0.06968700442133857,censored_likelihood_pressure_index,joint_covariate_region_mean
2023-04-12,HGA,1.144598993074236,censored_likelihood_pressure_index,joint_covariate_region_mean
2023-04-12,SHG,0.0,censored_likelihood_pressure_index,joint_covariate_region_mean
2023-04-13,BDH,0.07481981963020691,censored_likelihood_pressure_index,joint_covariate_region_mean
2023-04-13,HGA,1.1548896951983867,censored_likelihood_pressure_index,joint_covariate_region_mean
2023-04-13,SHG,0.0,censored_likelihood_pressure_index,joint_covariate_region_mean
2023-04-14,BDH,0.06578083479630507,censored_likelihood_pressure_index,joint_covariate_region_mean
2023-04-14,HGA,1.1367675737805563,censored_likelihood_pressure_index,joint_covariate_region_mean
2023-04-14,SHG,0.0,censored_likelihood_pressure_index,joint_covariate_region_mean
2023-04-15,BDH,0.3345647822490593,censored_likelihood_pressure_index,joint_covariate_region_mean
2023-04-15,HGA,1.6756483685168861,censored_likelihood_pressure_index,joint_covariate_region_mean
2023-04-15,SHG,0.07560520054152138,censored_likelihood_pressure_index,joint_covariate_region_mean
2023-04-16,BDH,0.31818773531448,censored_likelihood_pressure_index,joint_covariate_region_mean
2023-04-16,HGA,1.642814279460688,censored_likelihood_pressure_index,joint_covariate_region_mean
2023-04-16,SHG,0.06240596354183064,censored_likelihood_pressure_index,joint_covariate_region_mean
2023-04-17,BDH,0.0408305024481857,censored_likelihood_pressure_index,joint_covariate_region_mean
2023-04-17,HGA,1.0867450368987601,censored_likelihood_pressure_index,joint_covariate_region_mean
2023-04-17,SHG,0.0,censored_likelihood_pressure_index,joint_covariate_region_mean
2023-04-18,BDH,0.11934932342542909,censored_likelihood_pressure_index,joint_covariate_region_mean
2023-04-18,HGA,1.244166211232149,censored_likelihood_pressure_index,joint_covariate_region_mean
2023-04-18,SHG,0.0,censored_likelihood_pressure_index,joint_covariate_region_mean
2023-04-19,BDH,0.12058177321407781,censored_likelihood_pressure_index,joint_covariate_region_mean
2023-04-19,HGA,1.2466371308234185,censored_likelihood_pressure_index,joint_covariate_region_mean
2023-04-19,SHG,0.0,censored_likelihood_pressure_index,joint_covariate_region_mean
2023-04-20,BDH,0.10777228645102374,censored_likelihood_pressure_index,joint_covariate_region_mean
2023-04-20,HGA,1.2209555881849674,censored_likelihood_pressure_index,joint_covariate_region_mean
2023-04-20,SHG,0.0,censored_likelihood_pressure_index,joint_covariate_region_mean
2023-04-21,BDH,0.08999435247379103,censored_likelihood_pressure_index,joint_covariate_region_mean
2023-04-21,HGA,1.1853128822822825,censored_likelihood_pressure_index,joint_covariate_region_mean
2023-04-21,SHG,0.0,censored_likelihood_pressure_index,joint_covariate_region_mean
2023-04-22,BDH,0.3121025814872253,censored_likelihood_pressure_index,joint_covariate_region_mean
2023-04-22,HGA,1.6306142483144814,censored_likelihood_pressure_index,joint_covariate_region_mean
2023-04-22,SHG,0.057501575841999324,censored_likelihood_pressure_index,joint_covariate_region_mean
2023-04-23,BDH,0.3018649820998441,censored_likelihood_pressure_index,joint_covariate_region_mean
2023-04-23,HGA,1.6100890430470285,censored_likelihood_pressure_index,joint_covariate_region_mean
2023-04-23,SHG,0.04925048508297994,censored_likelihood_pressure_index,joint_covariate_region_mean
2023-04-24,BDH,0.13625978724155074,censored_likelihood_pressure_index,joint_covariate_region_mean
2023-04-24,HGA,1.2780697395750886,censored_likelihood_pressure_index,joint_covariate_region_mean
2023-04-24,SHG,0.0,censored_likelihood_pressure_index,joint_covariate_region_mean
2023-04-25,BDH,0.13223203925119248,censored_likelihood_pressure_index,joint_covariate_region_mean
2023-04-25,HGA,1.2699945696900885,censored_likelihood_pressure_index,joint_covariate_region_mean
2023-04-25,SHG,0.0,censored_likelihood_pressure_index,joint_covariate_region_mean
2023-04-26,BDH,0.10967306698504328,censored_likelihood_pressure_index,joint_covariate_region_mean
2023-04-26,HGA,1.2247664337897697,censored_likelihood_pressure_index,joint_covariate_region_mean
2023-04-26,SHG,0.0,censored_likelihood_pressure_index,joint_covariate_region_mean
2023-04-27,BDH,0.13758025220575967,censored_likelihood_pressure_index,joint_covariate_region_mean
2023-04-27,HGA,1.2807171194356712,censored_likelihood_pressure_index,joint_covariate_region_mean
2023-04-27,SHG,0.0,censored_likelihood_pressure_index,joint_covariate_region_mean
2023-04-28,BDH,0.12608397830236875,censored_likelihood_pressure_index,joint_covariate_region_mean
2023-04-28,HGA,1.2576684170251422,censored_likelihood_pressure_index,joint_covariate_region_mean
2023-04-28,SHG,0.0,censored_likelihood_pressure_index,joint_covariate_region_mean
2023-04-29,BDH,1.0209693046377093,censored_likelihood_pressure_index,joint_covariate_region_mean
2023-04-29,HGA,3.0518102191066596,censored_likelihood_pressure_index,joint_covariate_region_mean
2023-04-29,SHG,0.6288194646795568,censored_likelihood_pressure_index,joint_covariate_region_mean
2023-04-30,BDH,1.6044013535819497,censored_likelihood_pressure_index,joint_covariate_region_mean
2023-04-30,HGA,4.221524144321564,censored_likelihood_pressure_index,joint_covariate_region_mean
2023-04-30,SHG,1.0990420828348646,censored_likelihood_pressure_index,joint_covariate_region_mean
2023-05-01,BDH,1.0427897784569202,censored_likelihood_pressure_index,joint_covariate_region_mean
2023-05-01,HGA,3.095557750849739,censored_likelihood_pressure_index,joint_covariate_region_mean
2023-05-01,SHG,0.6464058834359927,censored_likelihood_pressure_index,joint_covariate_region_mean
2023-05-02,BDH,0.8874537795081201,censored_likelihood_pressure_index,joint_covariate_region_mean
2023-05-02,HGA,2.7841270000255856,censored_likelihood_pressure_index,joint_covariate_region_mean
2023-05-02,SHG,0.5212113552100404,censored_likelihood_pressure_index,joint_covariate_region_mean
2023-05-03,BDH,0.7800871327756864,censored_likelihood_pressure_index,joint_covariate_region_mean
2023-05-03,HGA,2.568869264332428,censored_likelihood_pressure_index,joint_covariate_region_mean
2023-05-03,SHG,0.43467818340290515,censored_likelihood_pressure_index,joint_covariate_region_mean
2023-05-04,BDH,0.08216792385601925,censored_likelihood_pressure_index,joint_covariate_region_mean
2023-05-04,HGA,1.169621796138705,censored_likelihood_pressure_index,joint_covariate_region_mean
2023-05-04,SHG,0.0,censored_likelihood_pressure_index,joint_covariate_region_mean
2023-05-05,BDH,0.05029917054120955,censored_likelihood_pressure_index,joint_covariate_region_mean
2023-05-05,HGA,1.1057286236621033,censored_likelihood_pressure_index,joint_covariate_region_mean
2023-05-05,SHG,0.0,censored_likelihood_pressure_index,joint_covariate_region_mean
2023-05-06,BDH,0.31208124216904504,censored_likelihood_pressure_index,joint_covariate_region_mean
2023-05-06,HGA,1.6305714654442651,censored_likelihood_pressure_index,joint_covariate_region_mean
2023-05-06,SHG,0.057484377215213996,censored_likelihood_pressure_index,joint_covariate_region_mean
2023-05-07,BDH,0.3533404889966718,censored_likelihood_pressure_index,joint_covariate_region_mean
2023-05-07,HGA,1.7132914936728936,censored_likelihood_pressure_index,joint_covariate_region_mean
2023-05-07,SHG,0.09073766026935924,censored_likelihood_pressure_index,joint_covariate_region_mean
2023-05-08,BDH,0.12450364675035408,censored_likelihood_pressure_index,joint_covariate_region_mean
2023-05-08,HGA,1.254500034646778,censored_likelihood_pressure_index,joint_covariate_region_mean
2023-05-08,SHG,0.0,censored_likelihood_pressure_index,joint_covariate_region_mean
2023-05-09,BDH,0.07636142226913065,censored_likelihood_pressure_index,joint_covariate_region_mean
2023-05-09,HGA,1.157980430575643,censored_likelihood_pressure_index,joint_covariate_region_mean
2023-05-09,SHG,0.0,censored_likelihood_pressure_index,joint_covariate_region_mean
2023-05-10,BDH,0.12563546703861636,censored_likelihood_pressure_index,joint_covariate_region_mean
2023-05-10,HGA,1.2567692037032545,censored_likelihood_pressure_index,joint_covariate_region_mean
2023-05-10,SHG,0.0,censored_likelihood_pressure_index,joint_covariate_region_mean
2023-05-11,BDH,0.07637473106025652,censored_likelihood_pressure_index,joint_covariate_region_mean
2023-05-11,HGA,1.1580071131659055,censored_likelihood_pressure_index,joint_covariate_region_mean
2023-05-11,SHG,0.0,censored_likelihood_pressure_index,joint_covariate_region_mean
2023-05-12,BDH,0.08999301701269867,censored_likelihood_pressure_index,joint_covariate_region_mean
2023-05-12,HGA,1.1853102048369157,censored_likelihood_pressure_index,joint_covariate_region_mean
2023-05-12,SHG,0.0,censored_likelihood_pressure_index,joint_covariate_region_mean
2023-05-13,BDH,0.3007664172552972,censored_likelihood_pressure_index,joint_covariate_region_mean
2023-05-13,HGA,1.6078865473172455,censored_likelihood_pressure_index,joint_covariate_region_mean
2023-05-13,SHG,0.048365086280581275,censored_likelihood_pressure_index,joint_covariate_region_mean
2023-05-14,BDH,0.2880834157856073,censored_likelihood_pressure_index,joint_covariate_region_mean
2023-05-14,HGA,1.5824585930945338,censored_likelihood_pressure_index,joint_covariate_region_mean
2023-05-14,SHG,0.03814310041618262,censored_likelihood_pressure_index,joint_covariate_region_mean
2023-05-15,BDH,0.06254625896215477,censored_likelihood_pressure_index,joint_covariate_region_mean
2023-05-15,HGA,1.1302826225300793,censored_likelihood_pressure_index,joint_covariate_region_mean
2023-05-15,SHG,0.0,censored_likelihood_pressure_index,joint_covariate_region_mean
2023-05-16,BDH,0.0713687009659641,censored_likelihood_pressure_index,joint_covariate_region_mean
2023-05-16,HGA,1.1479706005644208,censored_likelihood_pressure_index,joint_covariate_region_mean
2023-05-16,SHG,0.0,censored_likelihood_pressure_index,joint_covariate_region_mean
2023-05-17,BDH,0.0851606633507583,censored_likelihood_pressure_index,joint_covariate_region_mean
2023-05-17,HGA,1.1756218934385902,censored_likelihood_pressure_index,joint_covariate_region_mean
2023-05-17,SHG,0.0,censored_likelihood_pressure_index,joint_covariate_region_mean
2023-05-18,BDH,0.0869147037005694,censored_likelihood_pressure_index,joint_covariate_region_mean
2023-05-18,HGA,1.1791385419090945,censored_likelihood_pressure_index,joint_covariate_region_mean
2023-05-18,SHG,0.0,censored_likelihood_pressure_index,joint_covariate_region_mean
2023-05-19,BDH,0.06045305298054251,censored_likelihood_pressure_index,joint_covariate_region_mean
2023-05-19,HGA,1.1260859861103532,censored_likelihood_pressure_index,joint_covariate_region_mean
2023-05-19,SHG,0.0,censored_likelihood_pressure_index,joint_covariate_region_mean
2023-05-20,BDH,0.2813353572219592,censored_likelihood_pressure_index,joint_covariate_region_mean
2023-05-20,HGA,1.568929514456587,censored_likelihood_pressure_index,joint_covariate_region_mean
2023-05-20,SHG,0.032704438328616636,censored_likelihood_pressure_index,joint_covariate_region_mean
2023-05-21,BDH,0.25860296951867695,censored_likelihood_pressure_index,joint_covariate_region_mean
2023-05-21,HGA,1.5233537006184026,censored_likelihood_pressure_index,joint_covariate_region_mean
2023-05-21,SHG,0.0143830538895858,censored_likelihood_pressure_index,joint_covariate_region_mean
2023-05-22,BDH,0.039531309924062584,censored_likelihood_pressure_index,joint_covariate_region_mean
2023-05-22,HGA,1.0841403058255326,censored_likelihood_pressure_index,joint_covariate_region_mean
2023-05-22,SHG,0.0,censored_likelihood_pressure_index,joint_covariate_region_mean
2023-05-23,BDH,0.048829696073974534,censored_likelihood_pressure_index,joint_covariate_region_mean
2023-05-23,HGA,1.102782496944891,censored_likelihood_pressure_index,joint_covariate_region_mean
2023-05-23,SHG,0.0,censored_likelihood_pressure_index,joint_covariate_region_mean
2023-05-24,BDH,0.06395305928197449,censored_likelihood_pressure_index,joint_covariate_region_mean
2023-05-24,HGA,1.1331030948148424,censored_likelihood_pressure_index,joint_covariate_region_mean
2023-05-24,SHG,0.0,censored_likelihood_pressure_index,joint_covariate_region_mean
2023-05-25,BDH,0.0649823832254997,censored_likelihood_pressure_index,joint_covariate_region_mean
2023-05-25,HGA,1.1351667705290533,censored_likelihood_pressure_index,joint_covariate_region_mean
2023-05-25,SHG,0.0,censored_likelihood_pressure_index,joint_covariate_region_mean
2023-05-26,BDH,0.056830609646872664,censored_likelihood_pressure_index,joint_covariate_region_mean
2023-05-26,HGA,1.1188234052864798,censored_likelihood_pressure_index,joint_covariate_region_mean
2023-05-26,SHG,0.0,censored_likelihood_pressure_index,joint_covariate_region_mean
2023-05-27,BDH,0.2798560458097746,censored_likelihood_pressure_index,joint_covariate_region_mean
2023-05-27,HGA,1.565963665800016,censored_likelihood_pressure_index,joint_covariate_region_mean
2023-05-27,SHG,0.03151217320268942,censored_likelihood_pressure_index,joint_covariate_region_mean
2023-05-28,BDH,0.26494847924393594,censored_likelihood_pressure_index,joint_covariate_region_mean
2023-05-28,HGA,1.536075715292868,censored_likelihood_pressure_index,joint_covariate_region_mean
2023-05-28,SHG,0.019497277905802666,censored_likelihood_pressure_index,joint_covariate_region_mean
2023-05-29,BDH,0.0493085904039129,censored_likelihood_pressure_index,joint_covariate_region_mean
2023-05-29,HGA,1.1037426248080227,censored_likelihood_pressure_index,joint_covariate_region_mean
2023-05-29,SHG,0.0,censored_likelihood_pressure_index,joint_covariate_region_mean
2023-05-30,BDH,0.04706610931603457,censored_likelihood_pressure_index,joint_covariate_region_mean
2023-05-30,HGA,1.0992467090278235,censored_likelihood_pressure_index,joint_covariate_region_mean
2023-05-30,SHG,0.0,censored_likelihood_pressure_index,joint_covariate_region_mean
2023-05-31,BDH,0.06011194788461674,censored_likelihood_pressure_index,joint_covariate_region_mean
2023-05-31,HGA,1.1254021097593911,censored_likelihood_pressure_index,joint_covariate_region_mean
2023-05-31,SHG,0.0,censored_likelihood_pressure_index,joint_covariate_region_mean
2023-06-01,BDH,0.06361772051601922,censored_likelihood_pressure_index,joint_covariate_region_mean
2023-06-01,HGA,1.1324307792899893,censored_likelihood_pressure_index,joint_covariate_region_mean
2023-06-01,SHG,0.0,censored_likelihood_pressure_index,joint_covariate_region_mean
2023-06-02,BDH,0.048079395666655804,censored_likelihood_pressure_index,joint_covariate_region_mean
2023-06-02,HGA,1.1012782312191338,censored_likelihood_pressure_index,joint_covariate_region_mean
2023-06-02,SHG,0.0,censored_likelihood_pressure_index,joint_covariate_region_mean
2023-06-03,BDH,0.27773107990262896,censored_likelihood_pressure_index,joint_covariate_region_mean
2023-06-03,HGA,1.5617033543949552,censored_likelihood_pressure_index,joint_covariate_region_mean
2023-06-03,SHG,0.02979953668545166,censored_likelihood_pressure_index,joint_covariate_region_mean
2023-06-04,BDH,0.324930261521487,censored_likelihood_pressure_index,joint_covariate_region_mean
2023-06-04,HGA,1.6563322663620488,censored_likelihood_pressure_index,joint_covariate_region_mean
2023-06-04,SHG,0.06784016677385539,censored_likelihood_pressure_index,joint_covariate_region_mean
2023-06-05,BDH,0.08968167790912597,censored_likelihood_pressure_index,joint_covariate_region_mean
2023-06-05,HGA,1.1846860058653785,censored_likelihood_pressure_index,joint_covariate_region_mean
2023-06-05,SHG,0.0,censored_likelihood_pressure_index,joint_covariate_region_mean
2023-06-06,BDH,0.12285823052499663,censored_likelihood_pressure_index,joint_covariate_region_mean
2023-06-06,HGA,1.2512011650096744,censored_likelihood_pressure_index,joint_covariate_region_mean
2023-06-06,SHG,0.0,censored_likelihood_pressure_index,joint_covariate_region_mean
2023-06-07,BDH,0.10029079795392672,censored_likelihood_pressure_index,joint_covariate_region_mean
2023-06-07,HGA,1.2059560671743794,censored_likelihood_pressure_index,joint_covariate_region_mean
2023-06-07,SHG,0.0,censored_likelihood_pressure_index,joint_covariate_region_mean
2023-06-08,BDH,0.12669151643552615,censored_likelihood_pressure_index,joint_covariate_region_mean
2023-06-08,HGA,1.2588864608671617,censored_likelihood_pressure_index,joint_covariate_region_mean
2023-06-08,SHG,0.0,censored_likelihood_pressure_index,joint_covariate_region_mean
2023-06-09,BDH,0.12814706580839422,censored_likelihood_pressure_index,joint_covariate_region_mean
2023-06-09,HGA,1.26180466937724,censored_likelihood_pressure_index,joint_covariate_region_mean
2023-06-09,SHG,0.0,censored_likelihood_pressure_index,joint_covariate_region_mean
2023-06-10,BDH,0.37497302942536126,censored_likelihood_pressure_index,joint_covariate_region_mean
2023-06-10,HGA,1.7566622406570565,censored_likelihood_pressure_index,joint_covariate_region_mean
2023-06-10,SHG,0.10817261231927836,censored_likelihood_pressure_index,joint_covariate_region_mean
2023-06-11,BDH,0.34403245572850333,censored_likelihood_pressure_index,joint_covariate_region_mean
2023-06-11,HGA,1.6946299611947886,censored_likelihood_pressure_index,joint_covariate_region_mean
2023-06-11,SHG,0.08323576218001863,censored_likelihood_pressure_index,joint_covariate_region_mean
2023-06-12,BDH,0.1304065286131904,censored_likelihood_pressure_index,joint_covariate_region_mean
2023-06-12,HGA,1.2663346315400283,censored_likelihood_pressure_index,joint_covariate_region_mean
2023-06-12,SHG,0.0,censored_likelihood_pressure_index,joint_covariate_region_mean
2023-06-13,BDH,0.16367374135729373,censored_likelihood_pressure_index,joint_covariate_region_mean
2023-06-13,HGA,1.333031553778497,censored_likelihood_pressure_index,joint_covariate_region_mean
2023-06-13,SHG,0.0,censored_likelihood_pressure_index,joint_covariate_region_mean
2023-06-14,BDH,0.11705376465380862,censored_likelihood_pressure_index,joint_covariate_region_mean
2023-06-14,HGA,1.2395638808216538,censored_likelihood_pressure_index,joint_covariate_region_mean
2023-06-14,SHG,0.0,censored_likelihood_pressure_index,joint_covariate_region_mean
2023-06-15,BDH,0.014844831147062146,censored_likelihood_pressure_index,joint_covariate_region_mean
2023-06-15,HGA,1.0346467649029298,censored_likelihood_pressure_index,joint_covariate_region_mean
2023-06-15,SHG,0.0,censored_likelihood_pressure_index,joint_covariate_region_mean
2023-06-16,BDH,0.13138804777156327,censored_likelihood_pressure_index,joint_covariate_region_mean
2023-06-16,HGA,1.2683024641770788,censored_likelihood_pressure_index,joint_covariate_region_mean
2023-06-16,SHG,0.0,censored_likelihood_pressure_index,joint_covariate_region_mean
2023-06-17,BDH,0.4312501091175035,censored_likelihood_pressure_index,joint_covariate_region_mean
2023-06-17,HGA,1.8694912905960304,censored_likelihood_pressure_index,joint_covariate_region_mean
2023-06-17,SHG,0.15352966084422678,censored_likelihood_pressure_index,joint_covariate_region_mean
2023-06-18,BDH,0.4715068928401266,censored_likelihood_pressure_index,joint_covariate_region_mean
2023-06-18,HGA,1.9502014959917187,censored_likelihood_pressure_index,joint_covariate_region_mean
2023-06-18,SHG,0.1859749992085115,censored_likelihood_pressure_index,joint_covariate_region_mean
2023-06-19,BDH,0.14428267986049334,censored_likelihood_pressure_index,joint_covariate_region_mean
2023-06-19,HGA,1.2941547133674316,censored_likelihood_pressure_index,joint_covariate_region_mean
2023-06-19,SHG,0.0,censored_likelihood_pressure_index,joint_covariate_region_mean
2023-06-20,BDH,0.2002150531857979,censored_likelihood_pressure_index,joint_covariate_region_mean
2023-06-20,HGA,1.406292666822882,censored_likelihood_pressure_index,joint_covariate_region_mean
2023-06-20,SHG,0.0,censored_likelihood_pressure_index,joint_covariate_region_mean
2023-06-21,BDH,0.23482780453778881,censored_likelihood_pressure_index,joint_covariate_region_mean
2023-06-21,HGA,1.4756872386838018,censored_likelihood_pressure_index,joint_covariate_region_mean
2023-06-21,SHG,0.0,censored_likelihood_pressure_index,joint_covariate_region_mean
2023-06-22,BDH,0.8139176287923728,censored_likelihood_pressure_index,joint_covariate_region_mean
2023-06-22,HGA,2.636695504524844,censored_likelihood_pressure_index,joint_covariate_region_mean
2023-06-22,SHG,0.46194419396788056,censored_likelihood_pressure_index,joint_covariate_region_mean
2023-06-23,BDH,0.8261397317619403,censored_likelihood_pressure_index,joint_covariate_region_mean
2023-06-23,HGA,2.6611994104463372,censored_likelihood_pressure_index,joint_covariate_region_mean
2023-06-23,SHG,0.471794714295164,censored_likelihood_pressure_index,joint_covariate_region_mean
2023-06-24,BDH,1.160841457287542,censored_likelihood_pressure_index,joint_covariate_region_mean
2023-06-24,HGA,3.332237742758057,censored_likelihood_pressure_index,joint_covariate_region_mean
2023-06-24,SHG,0.7415507586580765,censored_likelihood_pressure_index,joint_covariate_region_mean
2023-06-25,BDH,0.4683845610209285,censored_likelihood_pressure_index,joint_covariate_region_mean
2023-06-25,HGA,1.9439415810373273,censored_likelihood_pressure_index,joint_covariate_region_mean
2023-06-25,SHG,0.18345852613263275,censored_likelihood_pressure_index,joint_covariate_region_mean
2023-06-26,BDH,0.25597622228386857,censored_likelihood_pressure_index,joint_covariate_region_mean
2023-06-26,HGA,1.5180873755611226,censored_likelihood_pressure_index,joint_covariate_region_mean
2023-06-26,SHG,0.012266001930889128,censored_likelihood_pressure_index,joint_covariate_region_mean
2023-06-27,BDH,0.2545163312174658,censored_likelihood_pressure_index,joint_covariate_region_mean
2023-06-27,HGA,1.515160462456575,censored_likelihood_pressure_index,joint_covariate_region_mean
2023-06-27,SHG,0.011089388817660877,censored_likelihood_pressure_index,joint_covariate_region_mean
2023-06-28,BDH,0.2400350238712488,censored_likelihood_pressure_index,joint_covariate_region_mean
2023-06-28,HGA,1.4861271124909035,censored_likelihood_pressure_index,joint_covariate_region_mean
2023-06-28,SHG,0.0,censored_likelihood_pressure_index,joint_covariate_region_mean
2023-06-29,BDH,0.3499908386268414,censored_likelihood_pressure_index,joint_covariate_region_mean
2023-06-29,HGA,1.7065758312589376,censored_likelihood_pressure_index,joint_covariate_region_mean
2023-06-29,SHG,0.08803797764195337,censored_likelihood_pressure_index,joint_covariate_region_mean
2023-06-30,BDH,0.37223342203412657,censored_likelihood_pressure_index,joint_covariate_region_mean
2023-06-30,HGA,1.7511696440111444,censored_likelihood_pressure_index,joint_covariate_region_mean
2023-06-30,SHG,0.10596459964230054,censored_likelihood_pressure_index,joint_covariate_region_mean
2023-07-01,BDH,0.7261613160362055,censored_likelihood_pressure_index,joint_covariate_region_mean
2023-07-01,HGA,2.460754225258209,censored_likelihood_pressure_index,joint_covariate_region_mean
2023-07-01,SHG,0.3912161576549409,censored_likelihood_pressure_index,joint_covariate_region_mean
2023-07-02,BDH,0.6875675153377274,censored_likelihood_pressure_index,joint_covariate_region_mean
2023-07-02,HGA,2.383378108903839,censored_likelihood_pressure_index,joint_covariate_region_mean
2023-07-02,SHG,0.36011111630206716,censored_likelihood_pressure_index,joint_covariate_region_mean
2023-07-03,BDH,0.5590551986519958,censored_likelihood_pressure_index,joint_covariate_region_mean
2023-07-03,HGA,2.125725745340769,censored_likelihood_pressure_index,joint_covariate_region_mean
2023-07-03,SHG,0.25653539034302913,censored_likelihood_pressure_index,joint_covariate_region_mean
2023-07-04,BDH,0.4493130889242411,censored_likelihood_pressure_index,joint_covariate_region_mean
2023-07-04,HGA,1.9057054804902092,censored_likelihood_pressure_index,joint_covariate_region_mean
2023-07-04,SHG,0.16808769150397604,censored_likelihood_pressure_index,joint_covariate_region_mean
2023-07-05,BDH,0.6228509147261194,censored_likelihood_pressure_index,joint_covariate_region_mean
2023-07-05,HGA,2.2536287935123487,censored_likelihood_pressure_index,joint_covariate_region_mean
2023-07-05,SHG,0.3079521554894601,censored_likelihood_pressure_index,joint_covariate_region_mean
2023-07-06,BDH,0.6504814224701398,censored_likelihood_pressure_index,joint_covariate_region_mean
2023-07-06,HGA,2.309024772748361,censored_likelihood_pressure_index,joint_covariate_region_mean
2023-07-06,SHG,0.33022122643930696,censored_likelihood_pressure_index,joint_covariate_region_mean
2023-07-07,BDH,0.6271999283842997,censored_likelihood_pressure_index,joint_covariate_region_mean
2023-07-07,HGA,2.2623480639845983,censored_likelihood_pressure_index,joint_covariate_region_mean
2023-07-07,SHG,0.3114572844799626,censored_likelihood_pressure_index,joint_covariate_region_mean
2023-07-08,BDH,1.0333837941559993,censored_likelihood_pressure_index,joint_covariate_region_mean
2023-07-08,HGA,3.0766998378553314,censored_likelihood_pressure_index,joint_covariate_region_mean
2023-07-08,SHG,0.638825040778634,censored_likelihood_pressure_index,joint_covariate_region_mean
2023-07-09,BDH,0.9535077124708358,censored_likelihood_pressure_index,joint_covariate_region_mean
2023-07-09,HGA,2.916557512441753,censored_likelihood_pressure_index,joint_covariate_region_mean
2023-07-09,SHG,0.5744481517716771,censored_likelihood_pressure_index,joint_covariate_region_mean
2023-07-10,BDH,0.62606382996935,censored_likelihood_pressure_index,joint_covariate_region_mean
2023-07-10,HGA,2.2600703177778443,censored_likelihood_pressure_index,joint_covariate_region_mean
2023-07-10,SHG,0.31054163513891847,censored_likelihood_pressure_index,joint_covariate_region_mean
2023-07-11,BDH,0.6802611887867915,censored_likelihood_pressure_index,joint_covariate_region_mean
2023-07-11,HGA,2.3687297673801564,censored_likelihood_pressure_index,joint_covariate_region_mean
2023-07-11,SHG,0.35422251281157396,censored_likelihood_pressure_index,joint_covariate_region_mean
2023-07-12,BDH,0.6432324805337657,censored_likelihood_pressure_index,joint_covariate_region_mean
2023-07-12,HGA,2.2944914807542123,censored_likelihood_pressure_index,joint_covariate_region_mean
2023-07-12,SHG,0.32437887262561815,censored_likelihood_pressure_index,joint_covariate_region_mean
2023-07-13,BDH,0.6728646847669733,censored_likelihood_pressure_index,joint_covariate_region_mean
2023-07-13,HGA,2.3539006304385954,censored_likelihood_pressure_index,joint_covariate_region_mean
2023-07-13,SHG,0.34826122993092157,censored_likelihood_pressure_index,joint_covariate_region_mean
2023-07-14,BDH,0.6885928897635034,censored_likelihood_pressure_index,joint_covariate_region_mean
2023-07-14,HGA,2.38543386629077,censored_likelihood_pressure_index,joint_covariate_region_mean
2023-07-14,SHG,0.36093752658917844,censored_likelihood_pressure_index,joint_covariate_region_mean
2023-07-15,BDH,1.0250815373258275,censored_likelihood_pressure_index,joint_covariate_region_mean
2023-07-15,HGA,3.0600547710604307,censored_likelihood_pressure_index,joint_covariate_region_mean
2023-07-15,SHG,0.6321337577914454,censored_likelihood_pressure_index,joint_covariate_region_mean
2023-07-16,BDH,1.0194233953518488,censored_likelihood_pressure_index,joint_covariate_region_mean
2023-07-16,HGA,3.048710849399318,censored_likelihood_pressure_index,joint_covariate_region_mean
2023-07-16,SHG,0.6275735243628682,censored_likelihood_pressure_index,joint_covariate_region_mean
2023-07-17,BDH,0.7586037089841564,censored_likelihood_pressure_index,joint_covariate_region_mean
2023-07-17,HGA,2.5257974789964677,censored_likelihood_pressure_index,joint_covariate_region_mean
2023-07-17,SHG,0.4173634133273265,censored_likelihood_pressure_index,joint_covariate_region_mean
2023-07-18,BDH,0.8032660386450035,censored_likelihood_pressure_index,joint_covariate_region_mean
2023-07-18,HGA,2.6153402955615963,censored_likelihood_pressure_index,joint_covariate_region_mean
2023-07-18,SHG,0.4533594434117932,censored_likelihood_pressure_index,joint_covariate_region_mean
2023-07-19,BDH,0.8168371467783957,censored_likelihood_pressure_index,joint_covariate_region_mean
2023-07-19,HGA,2.6425488011501246,censored_likelihood_pressure_index,joint_covariate_region_mean
2023-07-19,SHG,0.46429720730272117,censored_likelihood_pressure_index,joint_covariate_region_mean
2023-07-20,BDH,0.7865376455322024,censored_likelihood_pressure_index,joint_covariate_region_mean
2023-07-20,HGA,2.581801797966339,censored_likelihood_pressure_index,joint_covariate_region_mean
2023-07-20,SHG,0.43987703561251873,censored_likelihood_pressure_index,joint_covariate_region_mean
2023-07-21,BDH,0.7629994238536322,censored_likelihood_pressure_index,joint_covariate_region_mean
2023-07-21,HGA,2.5346103800076554,censored_likelihood_pressure_index,joint_covariate_region_mean
2023-07-21,SHG,0.4209061816039911,censored_likelihood_pressure_index,joint_covariate_region_mean
2023-07-22,BDH,0.4832344861819292,censored_likelihood_pressure_index,joint_covariate_region_mean
2023-07-22,HGA,1.973713967180073,censored_likelihood_pressure_index,joint_covariate_region_mean
2023-07-22,SHG,0.1954269647901455,censored_likelihood_pressure_index,joint_covariate_region_mean
2023-07-23,BDH,1.0507539931907295,censored_likelihood_pressure_index,joint_covariate_region_mean
2023-07-23,HGA,3.1115250822543077,censored_likelihood_pressure_index,joint_covariate_region_mean
2023-07-23,SHG,0.652824718175119,censored_likelihood_pressure_index,joint_covariate_region_mean
2023-07-24,BDH,0.7070145095488503,censored_likelihood_pressure_index,joint_covariate_region_mean
2023-07-24,HGA,2.4223670879520194,censored_likelihood_pressure_index,joint_covariate_region_mean
2023-07-24,SHG,0.37578460655642115,censored_likelihood_pressure_index,joint_covariate_region_mean
2023-07-25,BDH,0.771385629471294,censored_likelihood_pressure_index,joint_covariate_region_mean
2023-07-25,HGA,2.5514237544330833,censored_likelihood_pressure_index,joint_covariate_region_mean
2023-07-25,SHG,0.42766512391623046,censored_likelihood_pressure_index,joint_covariate_region_mean
2023-07-26,BDH,0.8097891400052459,censored_likelihood_pressure_index,joint_covariate_region_mean
2023-07-26,HGA,2.62841836096865,censored_likelihood_pressure_index,joint_covariate_region_mean
2023-07-26,SHG,0.45861679909812586,censored_likelihood_pressure_index,joint_covariate_region_mean
2023-07-27,BDH,0.75241399043699,censored_likelihood_pressure_index,joint_covariate_region_mean
2023-07-27,HGA,2.513387807654478,censored_likelihood_pressure_index,joint_covariate_region_mean
2023-07-27,SHG,0.41237475069530294,censored_likelihood_pressure_index,joint_covariate_region_mean
2023-07-28,BDH,0.7327037971154244,censored_likelihood_pressure_index,joint_covariate_region_mean
2023-07-28,HGA,2.4738711447652295,censored_likelihood_pressure_index,joint_covariate_region_mean
2023-07-28,SHG,0.39648913261041163,censored_likelihood_pressure_index,joint_covariate_region_mean
2023-07-29,BDH,0.6081104009279805,censored_likelihood_pressure_index,joint_covariate_region_mean
2023-07-29,HGA,2.2240757645251583,censored_likelihood_pressure_index,joint_covariate_region_mean
2023-07-29,SHG,0.2960718979621989,censored_likelihood_pressure_index,joint_covariate_region_mean
2023-07-30,BDH,0.423374762571118,censored_likelihood_pressure_index,joint_covariate_region_mean
2023-07-30,HGA,1.8537021296511185,censored_likelihood_pressure_index,joint_covariate_region_mean
2023-07-30,SHG,0.14718245026739457,censored_likelihood_pressure_index,joint_covariate_region_mean
2023-07-31,BDH,0.4030204458935909,censored_likelihood_pressure_index,joint_covariate_region_mean
2023-07-31,HGA,1.8128940737703676,censored_likelihood_pressure_index,joint_covariate_region_mean
2023-07-31,SHG,0.13077769482725635,censored_likelihood_pressure_index,joint_covariate_region_mean
2023-08-01,BDH,0.6095636495100785,censored_likelihood_pressure_index,joint_covariate_region_mean
2023-08-01,HGA,2.2269893602152724,censored_likelihood_pressure_index,joint_covariate_region_mean
2023-08-01,SHG,0.29724315750191926,censored_likelihood_pressure_index,joint_covariate_region_mean
2023-08-02,BDH,0.6010060760555977,censored_likelihood_pressure_index,joint_covariate_region_mean
2023-08-02,HGA,2.2098324130542983,censored_likelihood_pressure_index,joint_covariate_region_mean
2023-08-02,SHG,0.29034609964898866,censored_likelihood_pressure_index,joint_covariate_region_mean
2023-08-03,BDH,0.6670747517663689,censored_likelihood_pressure_index,joint_covariate_region_mean
2023-08-03,HGA,2.342292482978881,censored_likelihood_pressure_index,joint_covariate_region_mean
2023-08-03,SHG,0.3435947782688734,censored_likelihood_pressure_index,joint_covariate_region_mean
2023-08-04,BDH,0.7463937806125998,censored_likelihood_pressure_index,joint_covariate_region_mean
2023-08-04,HGA,2.5013179817389366,censored_likelihood_pressure_index,joint_covariate_region_mean
2023-08-04,SHG,0.4075227052332965,censored_likelihood_pressure_index,joint_covariate_region_mean
2023-08-05,BDH,1.1877977279115122,censored_likelihood_pressure_index,joint_covariate_region_mean
2023-08-05,HGA,3.386281954380948,censored_likelihood_pressure_index,joint_covariate_region_mean
2023-08-05,SHG,0.7632764217776178,censored_likelihood_pressure_index,joint_covariate_region_mean
2023-08-06,BDH,1.0248402085014647,censored_likelihood_pressure_index,joint_covariate_region_mean
2023-08-06,HGA,3.0595709346189395,censored_likelihood_pressure_index,joint_covariate_region_mean
2023-08-06,SHG,0.6319392565263304,censored_likelihood_pressure_index,joint_covariate_region_mean
2023-08-07,BDH,0.6183692689943925,censored_likelihood_pressure_index,joint_covariate_region_mean
2023-08-07,HGA,2.2446436110394847,censored_likelihood_pressure_index,joint_covariate_region_mean
2023-08-07,SHG,0.30434013041570795,censored_likelihood_pressure_index,joint_covariate_region_mean
2023-08-08,BDH,0.6242626961303954,censored_likelihood_pressure_index,joint_covariate_region_mean
2023-08-08,HGA,2.2564592522965885,censored_likelihood_pressure_index,joint_covariate_region_mean
2023-08-08,SHG,0.30908999416216054,censored_likelihood_pressure_index,joint_covariate_region_mean
2023-08-09,BDH,0.5596632897469809,censored_likelihood_pressure_index,joint_covariate_region_mean
2023-08-09,HGA,2.1269448978074363,censored_likelihood_pressure_index,joint_covariate_region_mean
2023-08-09,SHG,0.25702548715426565,censored_likelihood_pressure_index,joint_covariate_region_mean
2023-08-10,BDH,0.8457425315941098,censored_likelihood_pressure_index,joint_covariate_region_mean
2023-08-10,HGA,2.7005007617834496,censored_likelihood_pressure_index,joint_covariate_region_mean
2023-08-10,SHG,0.48759377757414774,censored_likelihood_pressure_index,joint_covariate_region_mean
2023-08-11,BDH,0.5882849235007297,censored_likelihood_pressure_index,joint_covariate_region_mean
2023-08-11,HGA,2.1843279703087566,censored_likelihood_pressure_index,joint_covariate_region_mean
2023-08-11,SHG,0.2800933655540283,censored_likelihood_pressure_index,joint_covariate_region_mean
2023-08-12,BDH,0.4564840735214854,censored_likelihood_pressure_index,joint_covariate_region_mean
2023-08-12,HGA,1.920082477016329,censored_likelihood_pressure_index,joint_covariate_region_mean
2023-08-12,SHG,0.1738672148575001,censored_likelihood_pressure_index,joint_covariate_region_mean
2023-08-13,BDH,0.8507773090819142,censored_likelihood_pressure_index,joint_covariate_region_mean
2023-08-13,HGA,2.710594909591236,censored_likelihood_pressure_index,joint_covariate_region_mean
2023-08-13,SHG,0.4916516044563507,censored_likelihood_pressure_index,joint_covariate_region_mean
2023-08-14,BDH,0.5263671646466546,censored_likelihood_pressure_index,joint_covariate_region_mean
2023-08-14,HGA,2.0601900096314676,censored_likelihood_pressure_index,joint_covariate_region_mean
2023-08-14,SHG,0.23019015792023803,censored_likelihood_pressure_index,joint_covariate_region_mean
2023-08-15,BDH,0.5739370749143247,censored_likelihood_pressure_index,joint_covariate_region_mean
2023-08-15,HGA,2.1555621897542556,censored_likelihood_pressure_index,joint_covariate_region_mean
2023-08-15,SHG,0.2685295802950528,censored_likelihood_pressure_index,joint_covariate_region_mean
2023-08-16,BDH,0.5802652684285659,censored_likelihood_pressure_index,joint_covariate_region_mean
2023-08-16,HGA,2.168249487424065,censored_likelihood_pressure_index,joint_covariate_region_mean
2023-08-16,SHG,0.27362984814602975,censored_likelihood_pressure_index,joint_covariate_region_mean
2023-08-17,BDH,0.5357268420755994,censored_likelihood_pressure_index,joint_covariate_region_mean
2023-08-17,HGA,2.078955082691763,censored_likelihood_pressure_index,joint_covariate_region_mean
2023-08-17,SHG,0.23773367911296595,censored_likelihood_pressure_index,joint_covariate_region_mean
2023-08-18,BDH,0.491000668587308,censored_likelihood_pressure_index,joint_covariate_region_mean
2023-08-18,HGA,1.9892842666207176,censored_likelihood_pressure_index,joint_covariate_region_mean
2023-08-18,SHG,0.20168619348753566,censored_likelihood_pressure_index,joint_covariate_region_mean
2023-08-19,BDH,0.7890830024756168,censored_likelihood_pressure_index,joint_covariate_region_mean
2023-08-19,HGA,2.5869049448824915,censored_likelihood_pressure_index,joint_covariate_region_mean
2023-08-19,SHG,0.4419284902904679,censored_likelihood_pressure_index,joint_covariate_region_mean
2023-08-20,BDH,0.6364146977088787,censored_likelihood_pressure_index,joint_covariate_region_mean
2023-08-20,HGA,2.2808226130192417,censored_likelihood_pressure_index,joint_covariate_region_mean
2023-08-20,SHG,0.3188840156054495,censored_likelihood_pressure_index,joint_covariate_region_mean
2023-08-21,BDH,0.14174849441835377,censored_likelihood_pressure_index,joint_covariate_region_mean
2023-08-21,HGA,1.2890739640220508,censored_likelihood_pressure_index,joint_covariate_region_mean
2023-08-21,SHG,0.0,censored_likelihood_pressure_index,joint_covariate_region_mean
2023-08-22,BDH,0.3475140031760092,censored_likelihood_pressure_index,joint_covariate_region_mean
2023-08-22,HGA,1.701610062027462,censored_likelihood_pressure_index,joint_covariate_region_mean
2023-08-22,SHG,0.08604174851374947,censored_likelihood_pressure_index,joint_covariate_region_mean
2023-08-23,BDH,0.2602805082317167,censored_likelihood_pressure_index,joint_covariate_region_mean
2023-08-23,HGA,1.5267169721361062,censored_likelihood_pressure_index,joint_covariate_region_mean
2023-08-23,SHG,0.015735082197132287,censored_likelihood_pressure_index,joint_covariate_region_mean
2023-08-24,BDH,0.3007522235435526,censored_likelihood_pressure_index,joint_covariate_region_mean
2023-08-24,HGA,1.6078580905632704,censored_likelihood_pressure_index,joint_covariate_region_mean
2023-08-24,SHG,0.04835364672337843,censored_likelihood_pressure_index,joint_covariate_region_mean
2023-08-25,BDH,0.29714406158832096,censored_likelihood_pressure_index,joint_covariate_region_mean
2023-08-25,HGA,1.6006241422549756,censored_likelihood_pressure_index,joint_covariate_region_mean
2023-08-25,SHG,0.04544561422090005,censored_likelihood_pressure_index,joint_covariate_region_mean
2023-08-26,BDH,0.5388203765643778,censored_likelihood_pressure_index,joint_covariate_region_mean
2023-08-26,HGA,2.0851572623221153,censored_likelihood_pressure_index,joint_covariate_region_mean
2023-08-26,SHG,0.2402269427060432,censored_likelihood_pressure_index,joint_covariate_region_mean
2023-08-27,BDH,0.513576978763989,censored_likelihood_pressure_index,joint_covariate_region_mean
2023-08-27,HGA,2.0345471630307137,censored_likelihood_pressure_index,joint_covariate_region_mean
2023-08-27,SHG,0.21988178575706466,censored_likelihood_pressure_index,joint_covariate_region_mean
2023-08-28,BDH,0.18660374600430513,censored_likelihood_pressure_index,joint_covariate_region_mean
2023-08-28,HGA,1.3790035667822167,censored_likelihood_pressure_index,joint_covariate_region_mean
2023-08-28,SHG,0.0,censored_likelihood_pressure_index,joint_covariate_region_mean
2023-08-29,BDH,0.18336556686545766,censored_likelihood_pressure_index,joint_covariate_region_mean
2023-08-29,HGA,1.3725113913216735,censored_likelihood_pressure_index,joint_covariate_region_mean
2023-08-29,SHG,0.0,censored_likelihood_pressure_index,joint_covariate_region_mean
2023-08-30,BDH,0.19092659648457014,censored_likelihood_pressure_index,joint_covariate_region_mean
2023-08-30,HGA,1.3876703831021944,censored_likelihood_pressure_index,joint_covariate_region_mean
2023-08-30,SHG,0.0,censored_likelihood_pressure_index,joint_covariate_region_mean
2023-08-31,BDH,0.11753151018881017,censored_likelihood_pressure_index,joint_covariate_region_mean
2023-08-31,HGA,1.2405217054835176,censored_likelihood_pressure_index,joint_covariate_region_mean
2023-08-31,SHG,0.0,censored_likelihood_pressure_index,joint_covariate_region_mean
2023-09-01,BDH,0.14820886760723043,censored_likelihood_pressure_index,joint_covariate_region_mean
2023-09-01,HGA,1.302026266684869,censored_likelihood_pressure_index,joint_covariate_region_mean
2023-09-01,SHG,0.0,censored_likelihood_pressure_index,joint_covariate_region_mean
2023-09-02,BDH,0.36355911413049447,censored_likelihood_pressure_index,joint_covariate_region_mean
2023-09-02,HGA,1.7337786577517487,censored_likelihood_pressure_index,joint_covariate_region_mean
2023-09-02,SHG,0.09897345854795696,censored_likelihood_pressure_index,joint_covariate_region_mean
2023-09-03,BDH,0.28310633248683126,censored_likelihood_pressure_index,joint_covariate_region_mean
2023-09-03,HGA,1.572480115477358,censored_likelihood_pressure_index,joint_covariate_region_mean
2023-09-03,SHG,0.03413177271527462,censored_likelihood_pressure_index,joint_covariate_region_mean
2023-09-04,BDH,0.1178167487868504,censored_likelihood_pressure_index,joint_covariate_region_mean
2023-09-04,HGA,1.2410935759536783,censored_likelihood_pressure_index,joint_covariate_region_mean
2023-09-04,SHG,0.0,censored_likelihood_pressure_index,joint_covariate_region_mean
2023-09-05,BDH,0.11818840478398897,censored_likelihood_pressure_index,joint_covariate_region_mean
2023-09-05,HGA,1.241838703335743,censored_likelihood_pressure_index,joint_covariate_region_mean
2023-09-05,SHG,0.0,censored_likelihood_pressure_index,joint_covariate_region_mean
2023-09-06,BDH,0.11369505990431518,censored_likelihood_pressure_index,joint_covariate_region_mean
2023-09-06,HGA,1.2328300654214246,censored_likelihood_pressure_index,joint_covariate_region_mean
2023-09-06,SHG,0.0,censored_likelihood_pressure_index,joint_covariate_region_mean
2023-09-07,BDH,0.11942322941984872,censored_likelihood_pressure_index,joint_covariate_region_mean
2023-09-07,HGA,1.244314384221593,censored_likelihood_pressure_index,joint_covariate_region_mean
2023-09-07,SHG,0.0,censored_likelihood_pressure_index,joint_covariate_region_mean
2023-09-08,BDH,0.1392834339116214,censored_likelihood_pressure_index,joint_covariate_region_mean
2023-09-08,HGA,1.2841318021945685,censored_likelihood_pressure_index,joint_covariate_region_mean
2023-09-08,SHG,0.0,censored_likelihood_pressure_index,joint_covariate_region_mean
2023-09-09,BDH,0.2983161767562492,censored_likelihood_pressure_index,joint_covariate_region_mean
2023-09-09,HGA,1.6029740978948182,censored_likelihood_pressure_index,joint_covariate_region_mean
2023-09-09,SHG,0.04639029160713577,censored_likelihood_pressure_index,joint_covariate_region_mean
2023-09-10,BDH,0.35138425593440553,censored_likelihood_pressure_index,joint_covariate_region_mean
2023-09-10,HGA,1.7093694721486399,censored_likelihood_pressure_index,joint_covariate_region_mean
2023-09-10,SHG,0.08916101559595573,censored_likelihood_pressure_index,joint_covariate_region_mean
2023-09-11,BDH,0.009058378704638166,censored_likelihood_pressure_index,joint_covariate_region_mean
2023-09-11,HGA,1.0230455955606814,censored_likelihood_pressure_index,joint_covariate_region_mean
2023-09-11,SHG,0.0,censored_likelihood_pressure_index,joint_covariate_region_mean
2023-09-12,BDH,0.13214236151526812,censored_likelihood_pressure_index,joint_covariate_region_mean
2023-09-12,HGA,1.269814776179118,censored_likelihood_pressure_index,joint_covariate_region_mean
2023-09-12,SHG,0.0,censored_likelihood_pressure_index,joint_covariate_region_mean
2023-09-13,BDH,0.1429429109400248,censored_likelihood_pressure_index,joint_covariate_region_mean
2023-09-13,HGA,1.2914686313023855,censored_likelihood_pressure_index,joint_covariate_region_mean
2023-09-13,SHG,0.0,censored_likelihood_pressure_index,joint_covariate_region_mean
2023-09-14,BDH,0.13472589605046986,censored_likelihood_pressure_index,joint_covariate_region_mean
2023-09-14,HGA,1.2749944647607916,censored_likelihood_pressure_index,joint_covariate_region_mean
2023-09-14,SHG,0.0,censored_likelihood_pressure_index,joint_covariate_region_mean
2023-09-15,BDH,0.14745777361425885,censored_likelihood_pressure_index,joint_covariate_region_mean
2023-09-15,HGA,1.3005204099114644,censored_likelihood_pressure_index,joint_covariate_region_mean
2023-09-15,SHG,0.0,censored_likelihood_pressure_index,joint_covariate_region_mean
2023-09-16,BDH,0.39448361828403566,censored_likelihood_pressure_index,joint_covariate_region_mean
2023-09-16,HGA,1.7957787196342259,censored_likelihood_pressure_index,joint_covariate_region_mean
2023-09-16,SHG,0.12389735728568735,censored_likelihood_pressure_index,joint_covariate_region_mean
2023-09-17,BDH,0.3844237662537138,censored_likelihood_pressure_index,joint_covariate_region_mean
2023-09-17,HGA,1.7756098773041509,censored_likelihood_pressure_index,joint_covariate_region_mean
2023-09-17,SHG,0.11578952370247426,censored_likelihood_pressure_index,joint_covariate_region_mean
2023-09-18,BDH,0.1411257042934828,censored_likelihood_pressure_index,joint_covariate_region_mean
2023-09-18,HGA,1.2878253416968528,censored_likelihood_pressure_index,joint_covariate_region_mean
2023-09-18,SHG,0.0,censored_likelihood_pressure_index,joint_covariate_region_mean
2023-09-19,BDH,0.1357083909854277,censored_likelihood_pressure_index,joint_covariate_region_mean
2023-09-19,HGA,1.2769642537172832,censored_likelihood_pressure_index,joint_covariate_region_mean
2023-09-19,SHG,0.0,censored_likelihood_pressure_index,joint_covariate_region_mean
2023-09-20,BDH,0.13040210113739145,censored_likelihood_pressure_index,joint_covariate_region_mean
2023-09-20,HGA,1.2663257549620188,censored_likelihood_pressure_index,joint_covariate_region_mean
2023-09-20,SHG,0.0,censored_likelihood_pressure_index,joint_covariate_region_mean
2023-09-21,BDH,0.011841239649648661,censored_likelihood_pressure_index,joint_covariate_region_mean
2023-09-21,HGA,1.0286249105900938,censored_likelihood_pressure_index,joint_covariate_region_mean
2023-09-21,SHG,0.0,censored_likelihood_pressure_index,joint_covariate_region_mean
2023-09-22,BDH,0.0856693856692359,censored_likelihood_pressure_index,joint_covariate_region_mean
2023-09-22,HGA,1.176641822976345,censored_likelihood_pressure_index,joint_covariate_region_mean
2023-09-22,SHG,0.0,censored_likelihood_pressure_index,joint_covariate_region_mean
2023-09-23,BDH,0.28774861750796826,censored_likelihood_pressure_index,joint_covariate_region_mean
2023-09-23,HGA,1.581787361186377,censored_likelihood_pressure_index,joint_covariate_region_mean
2023-09-23,SHG,0.03787326655472403,censored_likelihood_pressure_index,joint_covariate_region_mean
2023-09-24,BDH,0.265284205887364,censored_likelihood_pressure_index,joint_covariate_region_mean
2023-09-24,HGA,1.5367488084672898,censored_likelihood_pressure_index,joint_covariate_region_mean
2023-09-24,SHG,0.0197678599925134,censored_likelihood_pressure_index,joint_covariate_region_mean
2023-09-25,BDH,0.04424077403930748,censored_likelihood_pressure_index,joint_covariate_region_mean
2023-09-25,HGA,1.0935822378652107,censored_likelihood_pressure_index,joint_covariate_region_mean
2023-09-25,SHG,0.0,censored_likelihood_pressure_index,joint_covariate_region_mean
2023-09-26,BDH,0.07523279439524258,censored_likelihood_pressure_index,joint_covariate_region_mean
2023-09-26,HGA,1.1557176619415555,censored_likelihood_pressure_index,joint_covariate_region_mean
2023-09-26,SHG,0.0,censored_likelihood_pressure_index,joint_covariate_region_mean
2023-09-27,BDH,0.08788528061108779,censored_likelihood_pressure_index,joint_covariate_region_mean
2023-09-27,HGA,1.1810844366020237,censored_likelihood_pressure_index,joint_covariate_region_mean
2023-09-27,SHG,0.0,censored_likelihood_pressure_index,joint_covariate_region_mean
2023-09-28,BDH,0.11139704452907506,censored_likelihood_pressure_index,joint_covariate_region_mean
2023-09-28,HGA,1.2282228098041847,censored_likelihood_pressure_index,joint_covariate_region_mean
2023-09-28,SHG,0.0,censored_likelihood_pressure_index,joint_covariate_region_mean
2023-09-29,BDH,0.6374432003701311,censored_likelihood_pressure_index,joint_covariate_region_mean
2023-09-29,HGA,2.282884642157279,censored_likelihood_pressure_index,joint_covariate_region_mean
2023-09-29,SHG,0.3197129471237453,censored_likelihood_pressure_index,joint_covariate_region_mean
2023-09-30,BDH,1.0747365579381865,censored_likelihood_pressure_index,joint_covariate_region_mean
2023-09-30,HGA,3.1596073567852176,censored_likelihood_pressure_index,joint_covariate_region_mean
2023-09-30,SHG,0.6721536947132354,censored_likelihood_pressure_index,joint_covariate_region_mean
2023-10-01,BDH,1.1169618906439176,censored_likelihood_pressure_index,joint_covariate_region_mean
2023-10-01,HGA,3.2442642757050875,censored_likelihood_pressure_index,joint_covariate_region_mean
2023-10-01,SHG,0.7061856038846586,censored_likelihood_pressure_index,joint_covariate_region_mean
2023-10-02,BDH,0.8189902001398921,censored_likelihood_pressure_index,joint_covariate_region_mean
2023-10-02,HGA,2.646865424659633,censored_likelihood_pressure_index,joint_covariate_region_mean
2023-10-02,SHG,0.46603248117137996,censored_likelihood_pressure_index,joint_covariate_region_mean
2023-10-03,BDH,0.7243625643062936,censored_likelihood_pressure_index,joint_covariate_region_mean
2023-10-03,HGA,2.457147935630669,censored_likelihood_pressure_index,joint_covariate_region_mean
2023-10-03,SHG,0.38976643656166016,censored_likelihood_pressure_index,joint_covariate_region_mean
2023-10-04,BDH,0.6699141135619695,censored_likelihood_pressure_index,joint_covariate_region_mean
2023-10-04,HGA,2.347985075693058,censored_likelihood_pressure_index,joint_covariate_region_mean
2023-10-04,SHG,0.345883188958402,censored_likelihood_pressure_index,joint_covariate_region_mean
2023-10-05,BDH,0.5805959872123232,censored_likelihood_pressure_index,joint_covariate_region_mean
2023-10-05,HGA,2.1689125404177965,censored_likelihood_pressure_index,joint_covariate_region_mean
2023-10-05,SHG,0.27389639410052946,censored_likelihood_pressure_index,joint_covariate_region_mean
2023-10-06,BDH,0.5377861144077438,censored_likelihood_pressure_index,joint_covariate_region_mean
2023-10-06,HGA,2.083083686060532,censored_likelihood_pressure_index,joint_covariate_region_mean
2023-10-06,SHG,0.23939336926757426,censored_likelihood_pressure_index,joint_covariate_region_mean
2023-10-07,BDH,0.29069252204277635,censored_likelihood_pressure_index,joint_covariate_region_mean
2023-10-07,HGA,1.5876895500275618,censored_likelihood_pressure_index,joint_covariate_region_mean
2023-10-07,SHG,0.04024593446088667,censored_likelihood_pressure_index,joint_covariate_region_mean
2023-10-08,BDH,0.14619225064382046,censored_likelihood_pressure_index,joint_covariate_region_mean
2023-10-08,HGA,1.297983182407628,censored_likelihood_pressure_index,joint_covariate_region_mean
2023-10-08,SHG,0.0,censored_likelihood_pressure_index,joint_covariate_region_mean
2023-10-09,BDH,0.021013754807008726,censored_likelihood_pressure_index,joint_covariate_region_mean
2023-10-09,HGA,1.047014744895947,censored_likelihood_pressure_index,joint_covariate_region_mean
2023-10-09,SHG,0.0,censored_likelihood_pressure_index,joint_covariate_region_mean
2023-10-10,BDH,0.015818684469856206,censored_likelihood_pressure_index,joint_covariate_region_mean
2023-10-10,HGA,1.0365992284243464,censored_likelihood_pressure_index,joint_covariate_region_mean
2023-10-10,SHG,0.0,censored_likelihood_pressure_index,joint_covariate_region_mean
2023-10-11,BDH,0.01949616294225707,censored_likelihood_pressure_index,joint_covariate_region_mean
2023-10-11,HGA,1.0439721483498623,censored_likelihood_pressure_index,joint_covariate_region_mean
2023-10-11,SHG,0.0,censored_likelihood_pressure_index,joint_covariate_region_mean
2023-10-12,BDH,0.029359832148795645,censored_likelihood_pressure_index,joint_covariate_region_mean
2023-10-12,HGA,1.0637476667593835,censored_likelihood_pressure_index,joint_covariate_region_mean
2023-10-12,SHG,0.0,censored_likelihood_pressure_index,joint_covariate_region_mean
2023-10-13,BDH,0.0,censored_likelihood_pressure_index,joint_covariate_region_mean
2023-10-13,HGA,0.8438383207735907,censored_likelihood_pressure_index,joint_covariate_region_mean
2023-10-13,SHG,0.0,censored_likelihood_pressure_index,joint_covariate_region_mean
2023-10-14,BDH,0.22482369865079385,censored_likelihood_pressure_index,joint_covariate_region_mean
2023-10-14,HGA,1.4556301609375284,censored_likelihood_pressure_index,joint_covariate_region_mean
2023-10-14,SHG,0.0,censored_likelihood_pressure_index,joint_covariate_region_mean
2023-10-15,BDH,0.2177046027104191,censored_likelihood_pressure_index,joint_covariate_region_mean
2023-10-15,HGA,1.4413571951800486,censored_likelihood_pressure_index,joint_covariate_region_mean
2023-10-15,SHG,0.0,censored_likelihood_pressure_index,joint_covariate_region_mean
2023-10-16,BDH,0.0,censored_likelihood_pressure_index,joint_covariate_region_mean
2023-10-16,HGA,0.9998642045763768,censored_likelihood_pressure_index,joint_covariate_region_mean
2023-10-16,SHG,0.0,censored_likelihood_pressure_index,joint_covariate_region_mean
2023-10-17,BDH,0.0,censored_likelihood_pressure_index,joint_covariate_region_mean
2023-10-17,HGA,0.9933086126928079,censored_likelihood_pressure_index,joint_covariate_region_mean
2023-10-17,SHG,0.0,censored_likelihood_pressure_index,joint_covariate_region_mean
2023-10-18,BDH,0.0,censored_likelihood_pressure_index,joint_covariate_region_mean
2023-10-18,HGA,0.8647323992761238,censored_likelihood_pressure_index,joint_covariate_region_mean
2023-10-18,SHG,0.0,censored_likelihood_pressure_index,joint_covariate_region_mean
2023-10-19,BDH,0.0,censored_likelihood_pressure_index,joint_covariate_region_mean
2023-10-19,HGA,0.9502298679333789,censored_likelihood_pressure_index,joint_covariate_region_mean
2023-10-19,SHG,0.0,censored_likelihood_pressure_index,joint_covariate_region_mean
2023-10-20,BDH,0.0,censored_likelihood_pressure_index,joint_covariate_region_mean
2023-10-20,HGA,0.9226576398496111,censored_likelihood_pressure_index,joint_covariate_region_mean
2023-10-20,SHG,0.0,censored_likelihood_pressure_index,joint_covariate_region_mean
2023-10-21,BDH,0.13815387649783187,censored_likelihood_pressure_index,joint_covariate_region_mean
2023-10-21,HGA,1.2818671699402548,censored_likelihood_pressure_index,joint_covariate_region_mean
2023-10-21,SHG,0.0,censored_likelihood_pressure_index,joint_covariate_region_mean
2023-10-22,BDH,0.16968068795303948,censored_likelihood_pressure_index,joint_covariate_region_mean
2023-10-22,HGA,1.3450747884512935,censored_likelihood_pressure_index,joint_covariate_region_mean
2023-10-22,SHG,0.0,censored_likelihood_pressure_index,joint_covariate_region_mean
2023-10-23,BDH,0.0,censored_likelihood_pressure_index,joint_covariate_region_mean
2023-10-23,HGA,0.9356654900350783,censored_likelihood_pressure_index,joint_covariate_region_mean
2023-10-23,SHG,0.0,censored_likelihood_pressure_index,joint_covariate_region_mean
2023-10-24,BDH,0.0,censored_likelihood_pressure_index,joint_covariate_region_mean
2023-10-24,HGA,0.9651140123367363,censored_likelihood_pressure_index,joint_covariate_region_mean
2023-10-24,SHG,0.0,censored_likelihood_pressure_index,joint_covariate_region_mean
2023-10-25,BDH,0.0,censored_likelihood_pressure_index,joint_covariate_region_mean
2023-10-25,HGA,0.9471134281229812,censored_likelihood_pressure_index,joint_covariate_region_mean
2023-10-25,SHG,0.0,censored_likelihood_pressure_index,joint_covariate_region_mean
2023-10-26,BDH,0.0,censored_likelihood_pressure_index,joint_covariate_region_mean
2023-10-26,HGA,0.922003725129865,censored_likelihood_pressure_index,joint_covariate_region_mean
2023-10-26,SHG,0.0,censored_likelihood_pressure_index,joint_covariate_region_mean
2023-10-27,BDH,0.0,censored_likelihood_pressure_index,joint_covariate_region_mean
2023-10-27,HGA,0.9082033949160433,censored_likelihood_pressure_index,joint_covariate_region_mean
2023-10-27,SHG,0.0,censored_likelihood_pressure_index,joint_covariate_region_mean
2023-10-28,BDH,0.1743265249179166,censored_likelihood_pressure_index,joint_covariate_region_mean
2023-10-28,HGA,1.3543891553975875,censored_likelihood_pressure_index,joint_covariate_region_mean
2023-10-28,SHG,0.0,censored_likelihood_pressure_index,joint_covariate_region_mean
2023-10-29,BDH,0.1684038513892004,censored_likelihood_pressure_index,joint_covariate_region_mean
2023-10-29,HGA,1.3425148784983714,censored_likelihood_pressure_index,joint_covariate_region_mean
2023-10-29,SHG,0.0,censored_likelihood_pressure_index,joint_covariate_region_mean
2023-10-30,BDH,0.0,censored_likelihood_pressure_index,joint_covariate_region_mean
2023-10-30,HGA,0.9534286952905715,censored_likelihood_pressure_index,joint_covariate_region_mean
2023-10-30,SHG,0.0,censored_likelihood_pressure_index,joint_covariate_region_mean
2023-10-31,BDH,0.0,censored_likelihood_pressure_index,joint_covariate_region_mean
2023-10-31,HGA,0.9373958282951103,censored_likelihood_pressure_index,joint_covariate_region_mean
2023-10-31,SHG,0.0,censored_likelihood_pressure_index,joint_covariate_region_mean
2023-11-01,BDH,0.0,censored_likelihood_pressure_index,joint_covariate_region_mean
2023-11-01,HGA,0.8825637966392661,censored_likelihood_pressure_index,joint_covariate_region_mean
2023-11-01,SHG,0.0,censored_likelihood_pressure_index,joint_covariate_region_mean
2023-11-02,BDH,0.0,censored_likelihood_pressure_index,joint_covariate_region_mean
2023-11-02,HGA,0.9284004067591691,censored_likelihood_pressure_index,joint_covariate_region_mean
2023-11-02,SHG,0.0,censored_likelihood_pressure_index,joint_covariate_region_mean
2023-11-03,BDH,0.0,censored_likelihood_pressure_index,joint_covariate_region_mean
2023-11-03,HGA,0.8790724592355454,censored_likelihood_pressure_index,joint_covariate_region_mean
2023-11-03,SHG,0.0,censored_likelihood_pressure_index,joint_covariate_region_mean
2023-11-04,BDH,0.15170658806164908,censored_likelihood_pressure_index,joint_covariate_region_mean
2023-11-04,HGA,1.3090387925299027,censored_likelihood_pressure_index,joint_covariate_region_mean
2023-11-04,SHG,0.0,censored_likelihood_pressure_index,joint_covariate_region_mean
2023-11-05,BDH,0.02741592877012045,censored_likelihood_pressure_index,joint_covariate_region_mean
2023-11-05,HGA,1.0598503648277822,censored_likelihood_pressure_index,joint_covariate_region_mean
2023-11-05,SHG,0.0,censored_likelihood_pressure_index,joint_covariate_region_mean
2023-11-06,BDH,0.0,censored_likelihood_pressure_index,joint_covariate_region_mean
2023-11-06,HGA,0.7877514804432064,censored_likelihood_pressure_index,joint_covariate_region_mean
2023-11-06,SHG,0.0,censored_likelihood_pressure_index,joint_covariate_region_mean
2023-11-07,BDH,0.0,censored_likelihood_pressure_index,joint_covariate_region_mean
2023-11-07,HGA,0.8223862201776917,censored_likelihood_pressure_index,joint_covariate_region_mean
2023-11-07,SHG,0.0,censored_likelihood_pressure_index,joint_covariate_region_mean
2023-11-08,BDH,0.0,censored_likelihood_pressure_index,joint_covariate_region_mean
2023-11-08,HGA,0.9015031578836101,censored_likelihood_pressure_index,joint_covariate_region_mean
2023-11-08,SHG,0.0,censored_likelihood_pressure_index,joint_covariate_region_mean
2023-11-09,BDH,0.0,censored_likelihood_pressure_index,joint_covariate_region_mean
2023-11-09,HGA,0.833594031886441,censored_likelihood_pressure_index,joint_covariate_region_mean
2023-11-09,SHG,0.0,censored_likelihood_pressure_index,joint_covariate_region_mean
2023-11-10,BDH,0.0,censored_likelihood_pressure_index,joint_covariate_region_mean
2023-11-10,HGA,0.8497300381189425,censored_likelihood_pressure_index,joint_covariate_region_mean
2023-11-10,SHG,0.0,censored_likelihood_pressure_index,joint_covariate_region_mean
2023-11-11,BDH,0.11321110148509647,censored_likelihood_pressure_index,joint_covariate_region_mean
2023-11-11,HGA,1.2318597846437243,censored_likelihood_pressure_index,joint_covariate_region_mean
2023-11-11,SHG,0.0,censored_likelihood_pressure_index,joint_covariate_region_mean
2023-11-12,BDH,0.07025363234667337,censored_likelihood_pressure_index,joint_covariate_region_mean
2023-11-12,HGA,1.1457350166709497,censored_likelihood_pressure_index,joint_covariate_region_mean
2023-11-12,SHG,0.0,censored_likelihood_pressure_index,joint_covariate_region_mean
2023-11-13,BDH,0.0,censored_likelihood_pressure_index,joint_covariate_region_mean
2023-11-13,HGA,0.8614231698188526,censored_likelihood_pressure_index,joint_covariate_region_mean
2023-11-13,SHG,0.0,censored_likelihood_pressure_index,joint_covariate_region_mean
2023-11-14,BDH,0.0,censored_likelihood_pressure_index,joint_covariate_region_mean
2023-11-14,HGA,0.8917548893039424,censored_likelihood_pressure_index,joint_covariate_region_mean
2023-11-14,SHG,0.0,censored_likelihood_pressure_index,joint_covariate_region_mean
2023-11-15,BDH,0.0,censored_likelihood_pressure_index,joint_covariate_region_mean
2023-11-15,HGA,0.9303087053824832,censored_likelihood_pressure_index,joint_covariate_region_mean
2023-11-15,SHG,0.0,censored_likelihood_pressure_index,joint_covariate_region_mean
2023-11-16,BDH,0.0,censored_likelihood_pressure_index,joint_covariate_region_mean
2023-11-16,HGA,0.8627477887650248,censored_likelihood_pressure_index,joint_covariate_region_mean
2023-11-16,SHG,0.0,censored_likelihood_pressure_index,joint_covariate_region_mean
2023-11-17,BDH,0.0,censored_likelihood_pressure_index,joint_covariate_region_mean
2023-11-17,HGA,0.8584991457279576,censored_likelihood_pressure_index,joint_covariate_region_mean
2023-11-17,SHG,0.0,censored_likelihood_pressure_index,joint_covariate_region_mean
2023-11-18,BDH,0.12066111277273896,censored_likelihood_pressure_index,joint_covariate_region_mean
2023-11-18,HGA,1.2467961974820878,censored_likelihood_pressure_index,joint_covariate_region_mean
2023-11-18,SHG,0.0,censored_likelihood_pressure_index,joint_covariate_region_mean
2023-11-19,BDH,0.11953629492511325,censored_likelihood_pressure_index,joint_covariate_region_mean
2023-11-19,HGA,1.2445410675109474,censored_likelihood_pressure_index,joint_covariate_region_mean
2023-11-19,SHG,0.0,censored_likelihood_pressure_index,joint_covariate_region_mean
2023-11-20,BDH,0.0,censored_likelihood_pressure_index,joint_covariate_region_mean
2023-11-20,HGA,0.9238350598228264,censored_likelihood_pressure_index,joint_covariate_region_mean
2023-11-20,SHG,0.0,censored_likelihood_pressure_index,joint_covariate_region_mean
2023-11-21,BDH,0.0,censored_likelihood_pressure_index,joint_covariate_region_mean
2023-11-21,HGA,0.9433353158862983,censored_likelihood_pressure_index,joint_covariate_region_mean
2023-11-21,SHG,0.0,censored_likelihood_pressure_index,joint_covariate_region_mean
2023-11-22,BDH,0.0,censored_likelihood_pressure_index,joint_covariate_region_mean
2023-11-22,HGA,0.9088294037752322,censored_likelihood_pressure_index,joint_covariate_region_mean
2023-11-22,SHG,0.0,censored_likelihood_pressure_index,joint_covariate_region_mean
2023-11-23,BDH,0.0,censored_likelihood_pressure_index,joint_covariate_region_mean
2023-11-23,HGA,0.9145849002504749,censored_likelihood_pressure_index,joint_covariate_region_mean
2023-11-23,SHG,0.0,censored_likelihood_pressure_index,joint_covariate_region_mean
2023-11-24,BDH,0.0,censored_likelihood_pressure_index,joint_covariate_region_mean
2023-11-24,HGA,0.864121307488271,censored_likelihood_pressure_index,joint_covariate_region_mean
2023-11-24,SHG,0.0,censored_likelihood_pressure_index,joint_covariate_region_mean
2023-11-25,BDH,0.11989334869470855,censored_likelihood_pressure_index,joint_covariate_region_mean
2023-11-25,HGA,1.2452569191120069,censored_likelihood_pressure_index,joint_covariate_region_mean
2023-11-25,SHG,0.0,censored_likelihood_pressure_index,joint_covariate_region_mean
2023-11-26,BDH,0.08874346962203064,censored_likelihood_pressure_index,joint_covariate_region_mean
2023-11-26,HGA,1.1828050065268036,censored_likelihood_pressure_index,joint_covariate_region_mean
2023-11-26,SHG,0.0,censored_likelihood_pressure_index,joint_covariate_region_mean
2023-11-27,BDH,0.0,censored_likelihood_pressure_index,joint_covariate_region_mean
2023-11-27,HGA,0.8378136885731948,censored_likelihood_pressure_index,joint_covariate_region_mean
2023-11-27,SHG,0.0,censored_likelihood_pressure_index,joint_covariate_region_mean
2023-11-28,BDH,0.0,censored_likelihood_pressure_index,joint_covariate_region_mean
2023-11-28,HGA,0.8506289909785674,censored_likelihood_pressure_index,joint_covariate_region_mean
2023-11-28,SHG,0.0,censored_likelihood_pressure_index,joint_covariate_region_mean
2023-11-29,BDH,0.0,censored_likelihood_pressure_index,joint_covariate_region_mean
2023-11-29,HGA,0.8425231811650538,censored_likelihood_pressure_index,joint_covariate_region_mean
2023-11-29,SHG,0.0,censored_likelihood_pressure_index,joint_covariate_region_mean
2023-11-30,BDH,0.0,censored_likelihood_pressure_index,joint_covariate_region_mean
2023-11-30,HGA,0.8893018550383449,censored_likelihood_pressure_index,joint_covariate_region_mean
2023-11-30,SHG,0.0,censored_likelihood_pressure_index,joint_covariate_region_mean
2023-12-01,BDH,0.0,censored_likelihood_pressure_index,joint_covariate_region_mean
2023-12-01,HGA,0.847410383006699,censored_likelihood_pressure_index,joint_covariate_region_mean
2023-12-01,SHG,0.0,censored_likelihood_pressure_index,joint_covariate_region_mean
2023-12-02,BDH,0.11429070153707203,censored_likelihood_pressure_index,joint_covariate_region_mean
2023-12-02,HGA,1.2340242581530965,censored_likelihood_pressure_index,joint_covariate_region_mean
2023-12-02,SHG,0.0,censored_likelihood_pressure_index,joint_covariate_region_mean
2023-12-03,BDH,0.13924533156496896,censored_likelihood_pressure_index,joint_covariate_region_mean
2023-12-03,HGA,1.2840554113868583,censored_likelihood_pressure_index,joint_covariate_region_mean
2023-12-03,SHG,0.0,censored_likelihood_pressure_index,joint_covariate_region_mean
2023-12-04,BDH,0.0,censored_likelihood_pressure_index,joint_covariate_region_mean
2023-12-04,HGA,0.8925897234153435,censored_likelihood_pressure_index,joint_covariate_region_mean
2023-12-04,SHG,0.0,censored_likelihood_pressure_index,joint_covariate_region_mean
2023-12-05,BDH,0.0,censored_likelihood_pressure_index,joint_covariate_region_mean
2023-12-05,HGA,0.8466791672789615,censored_likelihood_pressure_index,joint_covariate_region_mean
2023-12-05,SHG,0.0,censored_likelihood_pressure_index,joint_covariate_region_mean
2023-12-06,BDH,0.0,censored_likelihood_pressure_index,joint_covariate_region_mean
2023-12-06,HGA,0.8830884177855964,censored_likelihood_pressure_index,joint_covariate_region_mean
2023-12-06,SHG,0.0,censored_likelihood_pressure_index,joint_covariate_region_mean
2023-12-07,BDH,0.0,censored_likelihood_pressure_index,joint_covariate_region_mean
2023-12-07,HGA,0.8736153732813887,censored_likelihood_pressure_index,joint_covariate_region_mean
2023-12-07,SHG,0.0,censored_likelihood_pressure_index,joint_covariate_region_mean
2023-12-08,BDH,0.0,censored_likelihood_pressure_index,joint_covariate_region_mean
2023-12-08,HGA,0.870252262850058,censored_likelihood_pressure_index,joint_covariate_region_mean
2023-12-08,SHG,0.0,censored_likelihood_pressure_index,joint_covariate_region_mean
2023-12-09,BDH,0.11657694494938882,censored_likelihood_pressure_index,joint_covariate_region_mean
2023-12-09,HGA,1.2386079123432578,censored_likelihood_pressure_index,joint_covariate_region_mean
2023-12-09,SHG,0.0,censored_likelihood_pressure_index,joint_covariate_region_mean
2023-12-10,BDH,0.08009465045678628,censored_likelihood_pressure_index,joint_covariate_region_mean
2023-12-10,HGA,1.165465122246263,censored_likelihood_pressure_index,joint_covariate_region_mean
2023-12-10,SHG,0.0,censored_likelihood_pressure_index,joint_covariate_region_mean
2023-12-11,BDH,0.0,censored_likelihood_pressure_index,joint_covariate_region_mean
2023-12-11,HGA,0.7969604181137695,censored_likelihood_pressure_index,joint_covariate_region_mean
2023-12-11,SHG,0.0,censored_likelihood_pressure_index,joint_covariate_region_mean
2023-12-12,BDH,0.0,censored_likelihood_pressure_index,joint_covariate_region_mean
2023-12-12,HGA,0.7919067129232209,censored_likelihood_pressure_index,joint_covariate_region_mean
2023-12-12,SHG,0.0,censored_likelihood_pressure_index,joint_covariate_region_mean
2023-12-13,BDH,0.0,censored_likelihood_pressure_index,joint_covariate_region_mean
2023-12-13,HGA,0.7535931984223143,censored_likelihood_pressure_index,joint_covariate_region_mean
2023-12-13,SHG,0.0,censored_likelihood_pressure_index,joint_covariate_region_mean
2023-12-14,BDH,0.0,censored_likelihood_pressure_index,joint_covariate_region_mean
2023-12-14,HGA,0.7412427518623439,censored_likelihood_pressure_index,joint_covariate_region_mean
2023-12-14,SHG,0.0,censored_likelihood_pressure_index,joint_covariate_region_mean
2023-12-15,BDH,0.0,censored_likelihood_pressure_index,joint_covariate_region_mean
2023-12-15,HGA,0.8080425624023577,censored_likelihood_pressure_index,joint_covariate_region_mean
2023-12-15,SHG,0.0,censored_likelihood_pressure_index,joint_covariate_region_mean
2023-12-16,BDH,0.08126219764272073,censored_likelihood_pressure_index,joint_covariate_region_mean
2023-12-16,HGA,1.1678059196093908,censored_likelihood_pressure_index,joint_covariate_region_mean
2023-12-16,SHG,0.0,censored_likelihood_pressure_index,joint_covariate_region_mean
2023-12-17,BDH,0.07468547326019909,censored_likelihood_pressure_index,joint_covariate_region_mean
2023-12-17,HGA,1.1546203462312112,censored_likelihood_pressure_index,joint_covariate_region_mean
2023-12-17,SHG,0.0,censored_likelihood_pressure_index,joint_covariate_region_mean
2023-12-18,BDH,0.0,censored_likelihood_pressure_index,joint_covariate_region_mean
2023-12-18,HGA,0.7803062142951469,censored_likelihood_pressure_index,joint_covariate_region_mean
2023-12-18,SHG,0.0,censored_likelihood_pressure_index,joint_covariate_region_mean
2023-12-19,BDH,0.0,censored_likelihood_pressure_index,joint_covariate_region_mean
2023-12-19,HGA,0.7766624495354488,censored_likelihood_pressure_index,joint_covariate_region_mean
2023-12-19,SHG,0.0,censored_likelihood_pressure_index,joint_covariate_region_mean
2023-12-20,BDH,0.0,censored_likelihood_pressure_index,joint_covariate_region_mean
2023-12-20,HGA,0.7770585944189161,censored_likelihood_pressure_index,joint_covariate_region_mean
2023-12-20,SHG,0.0,censored_likelihood_pressure_index,joint_covariate_region_mean
2023-12-21,BDH,0.0,censored_likelihood_pressure_index,joint_covariate_region_mean
2023-12-21,HGA,0.7638054860676426,censored_likelihood_pressure_index,joint_covariate_region_mean
2023-12-21,SHG,0.0,censored_likelihood_pressure_index,joint_covariate_region_mean
2023-12-22,BDH,0.0,censored_likelihood_pressure_index,joint_covariate_region_mean
2023-12-22,HGA,0.7482674890888268,censored_likelihood_pressure_index,joint_covariate_region_mean
2023-12-22,SHG,0.0,censored_likelihood_pressure_index,joint_covariate_region_mean
2023-12-23,BDH,0.052395865063000494,censored_likelihood_pressure_index,joint_covariate_region_mean
2023-12-23,HGA,1.1099322542022811,censored_likelihood_pressure_index,joint_covariate_region_mean
2023-12-23,SHG,0.0,censored_likelihood_pressure_index,joint_covariate_region_mean
2023-12-24,BDH,0.03624589240477066,censored_likelihood_pressure_index,joint_covariate_region_mean
2023-12-24,HGA,1.0775534228639008,censored_likelihood_pressure_index,joint_covariate_region_mean
2023-12-24,SHG,0.0,censored_likelihood_pressure_index,joint_covariate_region_mean
2023-12-25,BDH,0.0,censored_likelihood_pressure_index,joint_covariate_region_mean
2023-12-25,HGA,0.7597181248264675,censored_likelihood_pressure_index,joint_covariate_region_mean
2023-12-25,SHG,0.0,censored_likelihood_pressure_index,joint_covariate_region_mean
2023-12-26,BDH,0.0,censored_likelihood_pressure_index,joint_covariate_region_mean
2023-12-26,HGA,0.7965219373106158,censored_likelihood_pressure_index,joint_covariate_region_mean
2023-12-26,SHG,0.0,censored_likelihood_pressure_index,joint_covariate_region_mean
2023-12-27,BDH,0.0,censored_likelihood_pressure_index,joint_covariate_region_mean
2023-12-27,HGA,0.825142599111373,censored_likelihood_pressure_index,joint_covariate_region_mean
2023-12-27,SHG,0.0,censored_likelihood_pressure_index,joint_covariate_region_mean
2023-12-28,BDH,0.0,censored_likelihood_pressure_index,joint_covariate_region_mean
2023-12-28,HGA,0.8411425365931842,censored_likelihood_pressure_index,joint_covariate_region_mean
2023-12-28,SHG,0.0,censored_likelihood_pressure_index,joint_covariate_region_mean
2023-12-29,BDH,0.0,censored_likelihood_pressure_index,joint_covariate_region_mean
2023-12-29,HGA,0.8590410353451685,censored_likelihood_pressure_index,joint_covariate_region_mean
2023-12-29,SHG,0.0,censored_likelihood_pressure_index,joint_covariate_region_mean
2023-12-30,BDH,0.10459635841476772,censored_likelihood_pressure_index,joint_covariate_region_mean
2023-12-30,HGA,1.2145882190008241,censored_likelihood_pressure_index,joint_covariate_region_mean
2023-12-30,SHG,0.0,censored_likelihood_pressure_index,joint_covariate_region_mean
2023-12-31,BDH,0.10806099719895199,censored_likelihood_pressure_index,joint_covariate_region_mean
2023-12-31,HGA,1.221534419914938,censored_likelihood_pressure_index,joint_covariate_region_mean
2023-12-31,SHG,0.0,censored_likelihood_pressure_index,joint_covariate_region_mean
2024-01-01,BDH,0.19411205004235327,censored_likelihood_pressure_index,joint_covariate_region_mean
2024-01-01,HGA,1.3940568498576749,censored_likelihood_pressure_index,joint_covariate_region_mean
2024-01-01,SHG,0.0,censored_likelihood_pressure_index,joint_covariate_region_mean
2024-01-02,BDH,0.0,censored_likelihood_pressure_index,joint_covariate_region_mean
2024-01-02,HGA,0.665730713653752,censored_likelihood_pressure_index,joint_covariate_region_mean
2024-01-02,SHG,0.0,censored_likelihood_pressure_index,joint_covariate_region_mean
2024-01-03,BDH,0.0,censored_likelihood_pressure_index,joint_covariate_region_mean
2024-01-03,HGA,0.7701132369262984,censored_likelihood_pressure_index,joint_covariate_region_mean
2024-01-03,SHG,0.0,censored_likelihood_pressure_index,joint_covariate_region_mean
2024-01-04,BDH,0.0,censored_likelihood_pressure_index,joint_covariate_region_mean
2024-01-04,HGA,0.8247601308594912,censored_likelihood_pressure_index,joint_covariate_region_mean
2024-01-04,SHG,0.0,censored_likelihood_pressure_index,joint_covariate_region_mean
2024-01-05,BDH,0.0,censored_likelihood_pressure_index,joint_covariate_region_mean
2024-01-05,HGA,0.9693744061632414,censored_likelihood_pressure_index,joint_covariate_region_mean
2024-01-05,SHG,0.0,censored_likelihood_pressure_index,joint_covariate_region_mean
2024-01-06,BDH,0.18844203042979182,censored_likelihood_pressure_index,joint_covariate_region_mean
2024-01-06,HGA,1.3826891149019822,censored_likelihood_pressure_index,joint_covariate_region_mean
2024-01-06,SHG,0.0,censored_likelihood_pressure_index,joint_covariate_region_mean
2024-01-07,BDH,0.19503157225632242,censored_likelihood_pressure_index,joint_covariate_region_mean
2024-01-07,HGA,1.39590038577616,censored_likelihood_pressure_index,joint_covariate_region_mean
2024-01-07,SHG,0.0,censored_likelihood_pressure_index,joint_covariate_region_mean
2024-01-08,BDH,0.0,censored_likelihood_pressure_index,joint_covariate_region_mean
2024-01-08,HGA,0.9924382801079945,censored_likelihood_pressure_index,joint_covariate_region_mean
2024-01-08,SHG,0.0,censored_likelihood_pressure_index,joint_covariate_region_mean
2024-01-09,BDH,0.0,censored_likelihood_pressure_index,joint_covariate_region_mean
2024-01-09,HGA,1.0009282904905317,censored_likelihood_pressure_index,joint_covariate_region_mean
2024-01-09,SHG,0.0,censored_likelihood_pressure_index,joint_covariate_region_mean
2024-01-10,BDH,0.0,censored_likelihood_pressure_index,joint_covariate_region_mean
2024-01-10,HGA,0.8864154945190768,censored_likelihood_pressure_index,joint_covariate_region_mean
2024-01-10,SHG,0.0,censored_likelihood_pressure_index,joint_covariate_region_mean
2024-01-11,BDH,0.0,censored_likelihood_pressure_index,joint_covariate_region_mean
2024-01-11,HGA,0.8781636375138295,censored_likelihood_pressure_index,joint_covariate_region_mean
2024-01-11,SHG,0.0,censored_likelihood_pressure_index,joint_covariate_region_mean
2024-01-12,BDH,0.0,censored_likelihood_pressure_index,joint_covariate_region_mean
2024-01-12,HGA,0.821298561782178,censored_likelihood_pressure_index,joint_covariate_region_mean
2024-01-12,SHG,0.0,censored_likelihood_pressure_index,joint_covariate_region_mean
2024-01-13,BDH,0.1903557330593589,censored_likelihood_pressure_index,joint_covariate_region_mean
2024-01-13,HGA,1.3865258678170402,censored_likelihood_pressure_index,joint_covariate_region_mean
2024-01-13,SHG,0.0,censored_likelihood_pressure_index,joint_covariate_region_mean
2024-01-14,BDH,0.1600337179085037,censored_likelihood_pressure_index,joint_covariate_region_mean
2024-01-14,HGA,1.325733726852699,censored_likelihood_pressure_index,joint_covariate_region_mean
2024-01-14,SHG,0.0,censored_likelihood_pressure_index,joint_covariate_region_mean
2024-01-15,BDH,0.0,censored_likelihood_pressure_index,joint_covariate_region_mean
2024-01-15,HGA,0.9011125170587106,censored_likelihood_pressure_index,joint_covariate_region_mean
2024-01-15,SHG,0.0,censored_likelihood_pressure_index,joint_covariate_region_mean
2024-01-16,BDH,0.0,censored_likelihood_pressure_index,joint_covariate_region_mean
2024-01-16,HGA,0.9348387876814488,censored_likelihood_pressure_index,joint_covariate_region_mean
2024-01-16,SHG,0.0,censored_likelihood_pressure_index,joint_covariate_region_mean
2024-01-17,BDH,0.0,censored_likelihood_pressure_index,joint_covariate_region_mean
2024-01-17,HGA,0.8919433111006965,censored_likelihood_pressure_index,joint_covariate_region_mean
2024-01-17,SHG,0.0,censored_likelihood_pressure_index,joint_covariate_region_mean
2024-01-18,BDH,0.0,censored_likelihood_pressure_index,joint_covariate_region_mean
2024-01-18,HGA,0.9131200844980689,censored_likelihood_pressure_index,joint_covariate_region_mean
2024-01-18,SHG,0.0,censored_likelihood_pressure_index,joint_covariate_region_mean
2024-01-19,BDH,0.0,censored_likelihood_pressure_index,joint_covariate_region_mean
2024-01-19,HGA,0.8988394786171086,censored_likelihood_pressure_index,joint_covariate_region_mean
2024-01-19,SHG,0.0,censored_likelihood_pressure_index,joint_covariate_region_mean
2024-01-20,BDH,0.14534160389964382,censored_likelihood_pressure_index,joint_covariate_region_mean
2024-01-20,HGA,1.2962777338572735,censored_likelihood_pressure_index,joint_covariate_region_mean
2024-01-20,SHG,0.0,censored_likelihood_pressure_index,joint_covariate_region_mean
2024-01-21,BDH,0.11021570764004276,censored_likelihood_pressure_index,joint_covariate_region_mean
2024-01-21,HGA,1.225854365677792,censored_likelihood_pressure_index,joint_covariate_region_mean
2024-01-21,SHG,0.0,censored_likelihood_pressure_index,joint_covariate_region_mean
2024-01-22,BDH,0.0,censored_likelihood_pressure_index,joint_covariate_region_mean
2024-01-22,HGA,0.8392734360949867,censored_likelihood_pressure_index,joint_covariate_region_mean
2024-01-22,SHG,0.0,censored_likelihood_pressure_index,joint_covariate_region_mean
2024-01-23,BDH,0.0,censored_likelihood_pressure_index,joint_covariate_region_mean
2024-01-23,HGA,0.8282089402636068,censored_likelihood_pressure_index,joint_covariate_region_mean
2024-01-23,SHG,0.0,censored_likelihood_pressure_index,joint_covariate_region_mean
2024-01-24,BDH,0.0,censored_likelihood_pressure_index,joint_covariate_region_mean
2024-01-24,HGA,0.9398506840207046,censored_likelihood_pressure_index,joint_covariate_region_mean
2024-01-24,SHG,0.0,censored_likelihood_pressure_index,joint_covariate_region_mean
2024-01-25,BDH,0.0,censored_likelihood_pressure_index,joint_covariate_region_mean
2024-01-25,HGA,0.8964680992002123,censored_likelihood_pressure_index,joint_covariate_region_mean
2024-01-25,SHG,0.0,censored_likelihood_pressure_index,joint_covariate_region_mean
2024-01-26,BDH,0.0,censored_likelihood_pressure_index,joint_covariate_region_mean
2024-01-26,HGA,0.8203661894284278,censored_likelihood_pressure_index,joint_covariate_region_mean
2024-01-26,SHG,0.0,censored_likelihood_pressure_index,joint_covariate_region_mean
2024-01-27,BDH,0.15070787418821163,censored_likelihood_pressure_index,joint_covariate_region_mean
2024-01-27,HGA,1.307036486473561,censored_likelihood_pressure_index,joint_covariate_region_mean
2024-01-27,SHG,0.0,censored_likelihood_pressure_index,joint_covariate_region_mean
2024-01-28,BDH,0.14906700345293145,censored_likelihood_pressure_index,joint_covariate_region_mean
2024-01-28,HGA,1.303746730019475,censored_likelihood_pressure_index,joint_covariate_region_mean
2024-01-28,SHG,0.0,censored_likelihood_pressure_index,joint_covariate_region_mean
2024-01-29,BDH,0.0,censored_likelihood_pressure_index,joint_covariate_region_mean
2024-01-29,HGA,0.840469425961861,censored_likelihood_pressure_index,joint_covariate_region_mean
2024-01-29,SHG,0.0,censored_likelihood_pressure_index,joint_covariate_region_mean
2024-01-30,BDH,0.0,censored_likelihood_pressure_index,joint_covariate_region_mean
2024-01-30,HGA,0.924621315947221,censored_likelihood_pressure_index,joint_covariate_region_mean
2024-01-30,SHG,0.0,censored_likelihood_pressure_index,joint_covariate_region_mean
2024-01-31,BDH,0.0,censored_likelihood_pressure_index,joint_covariate_region_mean
2024-01-31,HGA,0.9662525584473911,censored_likelihood_pressure_index,joint_covariate_region_mean
2024-01-31,SHG,0.0,censored_likelihood_pressure_index,joint_covariate_region_mean
2024-02-01,BDH,0.0,censored_likelihood_pressure_index,joint_covariate_region_mean
2024-02-01,HGA,0.8947510975991557,censored_likelihood_pressure_index,joint_covariate_region_mean
2024-02-01,SHG,0.0,censored_likelihood_pressure_index,joint_covariate_region_mean
2024-02-02,BDH,0.0,censored_likelihood_pressure_index,joint_covariate_region_mean
2024-02-02,HGA,0.8701092549200198,censored_likelihood_pressure_index,joint_covariate_region_mean
2024-02-02,SHG,0.0,censored_likelihood_pressure_index,joint_covariate_region_mean
2024-02-03,BDH,0.17820034203372648,censored_likelihood_pressure_index,joint_covariate_region_mean
2024-02-03,HGA,1.3621557116440233,censored_likelihood_pressure_index,joint_covariate_region_mean
2024-02-03,SHG,0.0,censored_likelihood_pressure_index,joint_covariate_region_mean
2024-02-04,BDH,0.12710098550484838,censored_likelihood_pressure_index,joint_covariate_region_mean
2024-02-04,HGA,1.2597073990950114,censored_likelihood_pressure_index,joint_covariate_region_mean
2024-02-04,SHG,0.0,censored_likelihood_pressure_index,joint_covariate_region_mean
2024-02-05,BDH,0.0,censored_likelihood_pressure_index,joint_covariate_region_mean
2024-02-05,HGA,0.9695799776463478,censored_likelihood_pressure_index,joint_covariate_region_mean
2024-02-05,SHG,0.0,censored_likelihood_pressure_index,joint_covariate_region_mean
2024-02-06,BDH,0.0,censored_likelihood_pressure_index,joint_covariate_region_mean
2024-02-06,HGA,0.9567134356928979,censored_likelihood_pressure_index,joint_covariate_region_mean
2024-02-06,SHG,0.0,censored_likelihood_pressure_index,joint_covariate_region_mean
2024-02-07,BDH,0.0,censored_likelihood_pressure_index,joint_covariate_region_mean
2024-02-07,HGA,0.9569242170780758,censored_likelihood_pressure_index,joint_covariate_region_mean
2024-02-07,SHG,0.0,censored_likelihood_pressure_index,joint_covariate_region_mean
2024-02-08,BDH,0.0,censored_likelihood_pressure_index,joint_covariate_region_mean
2024-02-08,HGA,0.9539368984424765,censored_likelihood_pressure_index,joint_covariate_region_mean
2024-02-08,SHG,0.0,censored_likelihood_pressure_index,joint_covariate_region_mean
2024-02-09,BDH,0.0,censored_likelihood_pressure_index,joint_covariate_region_mean
2024-02-09,HGA,0.8671626898088358,censored_likelihood_pressure_index,joint_covariate_region_mean
2024-02-09,SHG,0.0,censored_likelihood_pressure_index,joint_covariate_region_mean
2024-02-10,BDH,0.46014224892295785,censored_likelihood_pressure_index,joint_covariate_region_mean
2024-02-10,HGA,1.9274166965123682,censored_likelihood_pressure_index,joint_covariate_region_mean
2024-02-10,SHG,0.17681555617345016,censored_likelihood_pressure_index,joint_covariate_region_mean
2024-02-11,BDH,0.5691630926099804,censored_likelihood_pressure_index,joint_covariate_region_mean
2024-02-11,HGA,2.1459909061913693,censored_likelihood_pressure_index,joint_covariate_region_mean
2024-02-11,SHG,0.26468194377553356,censored_likelihood_pressure_index,joint_covariate_region_mean
2024-02-12,BDH,0.4296037225347918,censored_likelihood_pressure_index,joint_covariate_region_mean
2024-02-12,HGA,1.8661904755044194,censored_likelihood_pressure_index,joint_covariate_region_mean
2024-02-12,SHG,0.15220273989290203,censored_likelihood_pressure_index,joint_covariate_region_mean
2024-02-13,BDH,0.45283137523205486,censored_likelihood_pressure_index,joint_covariate_region_mean
2024-02-13,HGA,1.9127592384978298,censored_likelihood_pressure_index,joint_covariate_region_mean
2024-02-13,SHG,0.17092328787218017,censored_likelihood_pressure_index,joint_covariate_region_mean
2024-02-14,BDH,0.4480990293506895,censored_likelihood_pressure_index,joint_covariate_region_mean
2024-02-14,HGA,1.9032714311578256,censored_likelihood_pressure_index,joint_covariate_region_mean
2024-02-14,SHG,0.16710920862442744,censored_likelihood_pressure_index,joint_covariate_region_mean
2024-02-15,BDH,0.43698150698232824,censored_likelihood_pressure_index,joint_covariate_region_mean
2024-02-15,HGA,1.8809820818639498,censored_likelihood_pressure_index,joint_covariate_region_mean
2024-02-15,SHG,0.158148935555934,censored_likelihood_pressure_index,joint_covariate_region_mean
2024-02-16,BDH,0.5115766927359506,censored_likelihood_pressure_index,joint_covariate_region_mean
2024-02-16,HGA,2.0305368203941665,censored_likelihood_pressure_index,joint_covariate_region_mean
2024-02-16,SHG,0.21826963617620807,censored_likelihood_pressure_index,joint_covariate_region_mean
2024-02-17,BDH,0.7775962224248549,censored_likelihood_pressure_index,joint_covariate_region_mean
2024-02-17,HGA,2.5638752765508146,censored_likelihood_pressure_index,joint_covariate_region_mean
2024-02-17,SHG,0.4326706104749564,censored_likelihood_pressure_index,joint_covariate_region_mean
2024-02-18,BDH,0.2124916638652165,censored_likelihood_pressure_index,joint_covariate_region_mean
2024-02-18,HGA,1.430905854411983,censored_likelihood_pressure_index,joint_covariate_region_mean
2024-02-18,SHG,0.0,censored_likelihood_pressure_index,joint_covariate_region_mean
2024-02-19,BDH,0.012341620319034874,censored_likelihood_pressure_index,joint_covariate_region_mean
2024-02-19,HGA,1.0296281160841159,censored_likelihood_pressure_index,joint_covariate_region_mean
2024-02-19,SHG,0.0,censored_likelihood_pressure_index,joint_covariate_region_mean
2024-02-20,BDH,0.0,censored_likelihood_pressure_index,joint_covariate_region_mean
2024-02-20,HGA,0.9751731476073564,censored_likelihood_pressure_index,joint_covariate_region_mean
2024-02-20,SHG,0.0,censored_likelihood_pressure_index,joint_covariate_region_mean
2024-02-21,BDH,0.0,censored_likelihood_pressure_index,joint_covariate_region_mean
2024-02-21,HGA,0.963406880492822,censored_likelihood_pressure_index,joint_covariate_region_mean
2024-02-21,SHG,0.0,censored_likelihood_pressure_index,joint_covariate_region_mean
2024-02-22,BDH,0.0,censored_likelihood_pressure_index,joint_covariate_region_mean
2024-02-22,HGA,0.9138628014460621,censored_likelihood_pressure_index,joint_covariate_region_mean
2024-02-22,SHG,0.0,censored_likelihood_pressure_index,joint_covariate_region_mean
2024-02-23,BDH,0.0,censored_likelihood_pressure_index,joint_covariate_region_mean
2024-02-23,HGA,0.9733131344892598,censored_likelihood_pressure_index,joint_covariate_region_mean
2024-02-23,SHG,0.0,censored_likelihood_pressure_index,joint_covariate_region_mean
2024-02-24,BDH,0.14771620948033964,censored_likelihood_pressure_index,joint_covariate_region_mean
2024-02-24,HGA,1.3010385439973047,censored_likelihood_pressure_index,joint_covariate_region_mean
2024-02-24,SHG,0.0,censored_likelihood_pressure_index,joint_covariate_region_mean
2024-02-25,BDH,0.18394385454023574,censored_likelihood_pressure_index,joint_covariate_region_mean
2024-02-25,HGA,1.373670791370389,censored_likelihood_pressure_index,joint_covariate_region_mean
2024-02-25,SHG,0.0,censored_likelihood_pressure_index,joint_covariate_region_mean
2024-02-26,BDH,0.0,censored_likelihood_pressure_index,joint_covariate_region_mean
2024-02-26,HGA,0.8760377722820032,censored_likelihood_pressure_index,joint_covariate_region_mean
2024-02-26,SHG,0.0,censored_likelihood_pressure_index,joint_covariate_region_mean
2024-02-27,BDH,0.0,censored_likelihood_pressure_index,joint_covariate_region_mean
2024-02-27,HGA,0.9834878555247324,censored_likelihood_pressure_index,joint_covariate_region_mean
2024-02-27,SHG,0.0,censored_likelihood_pressure_index,joint_covariate_region_mean
2024-02-28,BDH,0.0,censored_likelihood_pressure_index,joint_covariate_region_mean
2024-02-28,HGA,0.9818280083570279,censored_likelihood_pressure_index,joint_covariate_region_mean
2024-02-28,SHG,0.0,censored_likelihood_pressure_index,joint_covariate_region_mean
2024-02-29,BDH,0.0,censored_likelihood_pressure_index,joint_covariate_region_mean
2024-02-29,HGA,0.8184295609734198,censored_likelihood_pressure_index,joint_covariate_region_mean
2024-02-29,SHG,0.0,censored_likelihood_pressure_index,joint_covariate_region_mean
2024-03-01,BDH,0.0,censored_likelihood_pressure_index,joint_covariate_region_mean
2024-03-01,HGA,0.8646666373177947,censored_likelihood_pressure_index,joint_covariate_region_mean
2024-03-01,SHG,0.0,censored_likelihood_pressure_index,joint_covariate_region_mean
2024-03-02,BDH,0.16880561990705356,censored_likelihood_pressure_index,joint_covariate_region_mean
2024-03-02,HGA,1.343320378009233,censored_likelihood_pressure_index,joint_covariate_region_mean
2024-03-02,SHG,0.0,censored_likelihood_pressure_index,joint_covariate_region_mean
2024-03-03,BDH,0.10256631658618155,censored_likelihood_pressure_index,joint_covariate_region_mean
2024-03-03,HGA,1.2105182194182453,censored_likelihood_pressure_index,joint_covariate_region_mean
2024-03-03,SHG,0.0,censored_likelihood_pressure_index,joint_covariate_region_mean
2024-03-04,BDH,0.0,censored_likelihood_pressure_index,joint_covariate_region_mean
2024-03-04,HGA,0.8451051240571323,censored_likelihood_pressure_index,joint_covariate_region_mean
2024-03-04,SHG,0.0,censored_likelihood_pressure_index,joint_covariate_region_mean
2024-03-05,BDH,0.0,censored_likelihood_pressure_index,joint_covariate_region_mean
2024-03-05,HGA,0.9564724208368871,censored_likelihood_pressure_index,joint_covariate_region_mean
2024-03-05,SHG,0.0,censored_likelihood_pressure_index,joint_covariate_region_mean
2024-03-06,BDH,0.0,censored_likelihood_pressure_index,joint_covariate_region_mean
2024-03-06,HGA,0.9581546432641459,censored_likelihood_pressure_index,joint_covariate_region_mean
2024-03-06,SHG,0.0,censored_likelihood_pressure_index,joint_covariate_region_mean
2024-03-07,BDH,0.0,censored_likelihood_pressure_index,joint_covariate_region_mean
2024-03-07,HGA,0.8739128682246364,censored_likelihood_pressure_index,joint_covariate_region_mean
2024-03-07,SHG,0.0,censored_likelihood_pressure_index,joint_covariate_region_mean
2024-03-08,BDH,0.0,censored_likelihood_pressure_index,joint_covariate_region_mean
2024-03-08,HGA,0.9434417769614125,censored_likelihood_pressure_index,joint_covariate_region_mean
2024-03-08,SHG,0.0,censored_likelihood_pressure_index,joint_covariate_region_mean
2024-03-09,BDH,0.1507624143725315,censored_likelihood_pressure_index,joint_covariate_region_mean
2024-03-09,HGA,1.3071458332487307,censored_likelihood_pressure_index,joint_covariate_region_mean
2024-03-09,SHG,0.0,censored_likelihood_pressure_index,joint_covariate_region_mean
2024-03-10,BDH,0.11195888706394626,censored_likelihood_pressure_index,joint_covariate_region_mean
2024-03-10,HGA,1.229349239245293,censored_likelihood_pressure_index,joint_covariate_region_mean
2024-03-10,SHG,0.0,censored_likelihood_pressure_index,joint_covariate_region_mean
2024-03-11,BDH,0.0,censored_likelihood_pressure_index,joint_covariate_region_mean
2024-03-11,HGA,0.8633336965904219,censored_likelihood_pressure_index,joint_covariate_region_mean
2024-03-11,SHG,0.0,censored_likelihood_pressure_index,joint_covariate_region_mean
2024-03-12,BDH,0.0,censored_likelihood_pressure_index,joint_covariate_region_mean
2024-03-12,HGA,0.9471165274614521,censored_likelihood_pressure_index,joint_covariate_region_mean
2024-03-12,SHG,0.0,censored_likelihood_pressure_index,joint_covariate_region_mean
2024-03-13,BDH,0.0,censored_likelihood_pressure_index,joint_covariate_region_mean
2024-03-13,HGA,0.9275692444298249,censored_likelihood_pressure_index,joint_covariate_region_mean
2024-03-13,SHG,0.0,censored_likelihood_pressure_index,joint_covariate_region_mean
2024-03-14,BDH,0.004743474030735951,censored_likelihood_pressure_index,joint_covariate_region_mean
2024-03-14,HGA,1.0143947096654489,censored_likelihood_pressure_index,joint_covariate_region_mean
2024-03-14,SHG,0.0,censored_likelihood_pressure_index,joint_covariate_region_mean
2024-03-15,BDH,0.041211778326720655,censored_likelihood_pressure_index,joint_covariate_region_mean
2024-03-15,HGA,1.08750945103281,censored_likelihood_pressure_index,joint_covariate_region_mean
2024-03-15,SHG,0.0,censored_likelihood_pressure_index,joint_covariate_region_mean
2024-03-16,BDH,0.18836158164954644,censored_likelihood_pressure_index,joint_covariate_region_mean
2024-03-16,HGA,1.3825278243820498,censored_likelihood_pressure_index,joint_covariate_region_mean
2024-03-16,SHG,0.0,censored_likelihood_pressure_index,joint_covariate_region_mean
2024-03-17,BDH,0.1422970955490407,censored_likelihood_pressure_index,joint_covariate_region_mean
2024-03-17,HGA,1.290173845975938,censored_likelihood_pressure_index,joint_covariate_region_mean
2024-03-17,SHG,0.0,censored_likelihood_pressure_index,joint_covariate_region_mean
2024-03-18,BDH,0.0,censored_likelihood_pressure_index,joint_covariate_region_mean
2024-03-18,HGA,0.8960986802057083,censored_likelihood_pressure_index,joint_covariate_region_mean
2024-03-18,SHG,0.0,censored_likelihood_pressure_index,joint_covariate_region_mean
2024-03-19,BDH,0.00038329562952006837,censored_likelihood_pressure_index,joint_covariate_region_mean
2024-03-19,HGA,1.0056530551719178,censored_likelihood_pressure_index,joint_covariate_region_mean
2024-03-19,SHG,0.0,censored_likelihood_pressure_index,joint_covariate_region_mean
2024-03-20,BDH,0.0,censored_likelihood_pressure_index,joint_covariate_region_mean
2024-03-20,HGA,0.9882574840575948,censored_likelihood_pressure_index,joint_covariate_region_mean
2024-03-20,SHG,0.0,censored_likelihood_pressure_index,joint_covariate_region_mean
2024-03-21,BDH,0.0,censored_likelihood_pressure_index,joint_covariate_region_mean
2024-03-21,HGA,0.9542650332888802,censored_likelihood_pressure_index,joint_covariate_region_mean
2024-03-21,SHG,0.0,censored_likelihood_pressure_index,joint_covariate_region_mean
2024-03-22,BDH,0.0,censored_likelihood_pressure_index,joint_covariate_region_mean
2024-03-22,HGA,0.9616102307021559,censored_likelihood_pressure_index,joint_covariate_region_mean
2024-03-22,SHG,0.0,censored_likelihood_pressure_index,joint_covariate_region_mean
2024-03-23,BDH,0.2867537195337071,censored_likelihood_pressure_index,joint_covariate_region_mean
2024-03-23,HGA,1.5797927055674972,censored_likelihood_pressure_index,joint_covariate_region_mean
2024-03-23,SHG,0.0370714190540578,censored_likelihood_pressure_index,joint_covariate_region_mean
2024-03-24,BDH,0.25120502058985117,censored_likelihood_pressure_index,joint_covariate_region_mean
2024-03-24,HGA,1.5085216668010362,censored_likelihood_pressure_index,joint_covariate_region_mean
2024-03-24,SHG,0.008420606470753371,censored_likelihood_pressure_index,joint_covariate_region_mean
2024-03-25,BDH,0.0991630720882563,censored_likelihood_pressure_index,joint_covariate_region_mean
2024-03-25,HGA,1.2036951069626687,censored_likelihood_pressure_index,joint_covariate_region_mean
2024-03-25,SHG,0.0,censored_likelihood_pressure_index,joint_covariate_region_mean
2024-03-26,BDH,0.11540415927883345,censored_likelihood_pressure_index,joint_covariate_region_mean
2024-03-26,HGA,1.23625661242303,censored_likelihood_pressure_index,joint_covariate_region_mean
2024-03-26,SHG,0.0,censored_likelihood_pressure_index,joint_covariate_region_mean
2024-03-27,BDH,0.13488925785902645,censored_likelihood_pressure_index,joint_covariate_region_mean
2024-03-27,HGA,1.2753219863336342,censored_likelihood_pressure_index,joint_covariate_region_mean
2024-03-27,SHG,0.0,censored_likelihood_pressure_index,joint_covariate_region_mean
2024-03-28,BDH,0.10933852761477762,censored_likelihood_pressure_index,joint_covariate_region_mean
2024-03-28,HGA,1.2240957209610168,censored_likelihood_pressure_index,joint_covariate_region_mean
2024-03-28,SHG,0.0,censored_likelihood_pressure_index,joint_covariate_region_mean
2024-03-29,BDH,0.09531739232222006,censored_likelihood_pressure_index,joint_covariate_region_mean
2024-03-29,HGA,1.1959849628552446,censored_likelihood_pressure_index,joint_covariate_region_mean
2024-03-29,SHG,0.0,censored_likelihood_pressure_index,joint_covariate_region_mean
2024-03-30,BDH,0.2823521651506782,censored_likelihood_pressure_index,joint_covariate_region_mean
2024-03-30,HGA,1.5709680970055637,censored_likelihood_pressure_index,joint_covariate_region_mean
2024-03-30,SHG,0.03352394436581246,censored_likelihood_pressure_index,joint_covariate_region_mean
2024-03-31,BDH,0.2858808344699743,censored_likelihood_pressure_index,joint_covariate_region_mean
2024-03-31,HGA,1.5780426717529203,censored_likelihood_pressure_index,joint_covariate_region_mean
2024-03-31,SHG,0.036367909021038855,censored_likelihood_pressure_index,joint_covariate_region_mean
2024-04-01,BDH,0.0,censored_likelihood_pressure_index,joint_covariate_region_mean
2024-04-01,HGA,0.955695951963536,censored_likelihood_pressure_index,joint_covariate_region_mean
2024-04-01,SHG,0.0,censored_likelihood_pressure_index,joint_covariate_region_mean
2024-04-02,BDH,0.1066826174074929,censored_likelihood_pressure_index,joint_covariate_region_mean
2024-04-02,HGA,1.2187709275095724,censored_likelihood_pressure_index,joint_covariate_region_mean
2024-04-02,SHG,0.0,censored_likelihood_pressure_index,joint_covariate_region_mean
2024-04-03,BDH,0.1262852175801661,censored_likelihood_pressure_index,joint_covariate_region_mean
2024-04-03,HGA,1.2580718785524372,censored_likelihood_pressure_index,joint_covariate_region_mean
2024-04-03,SHG,0.0,censored_likelihood_pressure_index,joint_covariate_region_mean
2024-04-04,BDH,0.6487379328878435,censored_likelihood_pressure_index,joint_covariate_region_mean
2024-04-04,HGA,2.3055292773490774,censored_likelihood_pressure_index,joint_covariate_region_mean
2024-04-04,SHG,0.3288160444003748,censored_likelihood_pressure_index,joint_covariate_region_mean
2024-04-05,BDH,0.4861885111037746,censored_likelihood_pressure_index,joint_covariate_region_mean
2024-04-05,HGA,1.979636446229291,censored_likelihood_pressure_index,joint_covariate_region_mean
2024-04-05,SHG,0.19780778931865697,censored_likelihood_pressure_index,joint_covariate_region_mean
2024-04-06,BDH,0.8628184421800715,censored_likelihood_pressure_index,joint_covariate_region_mean
2024-04-06,HGA,2.734735991805983,censored_likelihood_pressure_index,joint_covariate_region_mean
2024-04-06,SHG,0.5013562703916861,censored_likelihood_pressure_index,joint_covariate_region_mean
2024-04-07,BDH,0.25466196278229525,censored_likelihood_pressure_index,joint_covariate_region_mean
2024-04-07,HGA,1.515452436936962,censored_likelihood_pressure_index,joint_covariate_region_mean
2024-04-07,SHG,0.011206761964754971,censored_likelihood_pressure_index,joint_covariate_region_mean
2024-04-08,BDH,0.10542636518239927,censored_likelihood_pressure_index,joint_covariate_region_mean
2024-04-08,HGA,1.2162522867802306,censored_likelihood_pressure_index,joint_covariate_region_mean
2024-04-08,SHG,0.0,censored_likelihood_pressure_index,joint_covariate_region_mean
2024-04-09,BDH,0.006765331854008765,censored_likelihood_pressure_index,joint_covariate_region_mean
2024-04-09,HGA,1.0184483012618766,censored_likelihood_pressure_index,joint_covariate_region_mean
2024-04-09,SHG,0.0,censored_likelihood_pressure_index,joint_covariate_region_mean
2024-04-10,BDH,0.07596034093811434,censored_likelihood_pressure_index,joint_covariate_region_mean
2024-04-10,HGA,1.1571763087950822,censored_likelihood_pressure_index,joint_covariate_region_mean
2024-04-10,SHG,0.0,censored_likelihood_pressure_index,joint_covariate_region_mean
2024-04-11,BDH,0.11563264426550712,censored_likelihood_pressure_index,joint_covariate_region_mean
2024-04-11,HGA,1.2367146984522397,censored_likelihood_pressure_index,joint_covariate_region_mean
2024-04-11,SHG,0.0,censored_likelihood_pressure_index,joint_covariate_region_mean
2024-04-12,BDH,0.03343886667540042,censored_likelihood_pressure_index,joint_covariate_region_mean
2024-04-12,HGA,1.0719256602306642,censored_likelihood_pressure_index,joint_covariate_region_mean
2024-04-12,SHG,0.0,censored_likelihood_pressure_index,joint_covariate_region_mean
2024-04-13,BDH,0.2540657568598295,censored_likelihood_pressure_index,joint_covariate_region_mean
2024-04-13,HGA,1.5142571128695481,censored_likelihood_pressure_index,joint_covariate_region_mean
2024-04-13,SHG,0.010726244121539363,censored_likelihood_pressure_index,joint_covariate_region_mean
2024-04-14,BDH,0.22081525555307163,censored_likelihood_pressure_index,joint_covariate_region_mean
2024-04-14,HGA,1.447593695134318,censored_likelihood_pressure_index,joint_covariate_region_mean
2024-04-14,SHG,0.0,censored_likelihood_pressure_index,joint_covariate_region_mean
2024-04-15,BDH,0.2720651857562999,censored_likelihood_pressure_index,joint_covariate_region_mean
2024-04-15,HGA,1.5503438905229454,censored_likelihood_pressure_index,joint_covariate_region_mean
2024-04-15,SHG,0.025233055319714565,censored_likelihood_pressure_index,joint_covariate_region_mean
2024-04-16,BDH,0.30540982898205765,censored_likelihood_pressure_index,joint_covariate_region_mean
2024-04-16,HGA,1.6171960519410087,censored_likelihood_pressure_index,joint_covariate_region_mean
2024-04-16,SHG,0.05210748819916191,censored_likelihood_pressure_index,joint_covariate_region_mean
2024-04-17,BDH,0.2571877977756286,censored_likelihood_pressure_index,joint_covariate_region_mean
2024-04-17,HGA,1.5205164445961978,censored_likelihood_pressure_index,joint_covariate_region_mean
2024-04-17,SHG,0.0132424827410523,censored_likelihood_pressure_index,joint_covariate_region_mean
2024-04-18,BDH,0.1945304853124831,censored_likelihood_pressure_index,joint_covariate_region_mean
2024-04-18,HGA,1.3948957642833695,censored_likelihood_pressure_index,joint_covariate_region_mean
2024-04-18,SHG,0.0,censored_likelihood_pressure_index,joint_covariate_region_mean
2024-04-19,BDH,0.12974683779275817,censored_likelihood_pressure_index,joint_covariate_region_mean
2024-04-19,HGA,1.2650120275788774,censored_likelihood_pressure_index,joint_covariate_region_mean
2024-04-19,SHG,0.0,censored_likelihood_pressure_index,joint_covariate_region_mean
2024-04-20,BDH,0.3432754361890054,censored_likelihood_pressure_index,joint_covariate_region_mean
2024-04-20,HGA,1.693112224384456,censored_likelihood_pressure_index,joint_covariate_region_mean
2024-04-20,SHG,0.08262563507009797,censored_likelihood_pressure_index,joint_covariate_region_mean
2024-04-21,BDH,0.2919911992517992,censored_likelihood_pressure_index,joint_covariate_region_mean
2024-04-21,HGA,1.5902932479534853,censored_likelihood_pressure_index,joint_covariate_region_mean
2024-04-21,SHG,0.04129261572988867,censored_likelihood_pressure_index,joint_covariate_region_mean
2024-04-22,BDH,0.10245810491602819,censored_likelihood_pressure_index,joint_covariate_region_mean
2024-04-22,HGA,1.2103012675081164,censored_likelihood_pressure_index,joint_covariate_region_mean
2024-04-22,SHG,0.0,censored_likelihood_pressure_index,joint_covariate_region_mean
2024-04-23,BDH,0.0,censored_likelihood_pressure_index,joint_covariate_region_mean
2024-04-23,HGA,0.7416722233460014,censored_likelihood_pressure_index,joint_covariate_region_mean
2024-04-23,SHG,0.0,censored_likelihood_pressure_index,joint_covariate_region_mean
2024-04-24,BDH,0.17814153216838102,censored_likelihood_pressure_index,joint_covariate_region_mean
2024-04-24,HGA,1.3620378046511536,censored_likelihood_pressure_index,joint_covariate_region_mean
2024-04-24,SHG,0.0,censored_likelihood_pressure_index,joint_covariate_region_mean
2024-04-25,BDH,0.08114040220889229,censored_likelihood_pressure_index,joint_covariate_region_mean
2024-04-25,HGA,1.1675617338207727,censored_likelihood_pressure_index,joint_covariate_region_mean
2024-04-25,SHG,0.0,censored_likelihood_pressure_index,joint_covariate_region_mean
2024-04-26,BDH,0.11924168687395481,censored_likelihood_pressure_index,joint_covariate_region_mean
2024-04-26,HGA,1.2439504123685978,censored_likelihood_pressure_index,joint_covariate_region_mean
2024-04-26,SHG,0.0,censored_likelihood_pressure_index,joint_covariate_region_mean
2024-04-27,BDH,0.32710142281425936,censored_likelihood_pressure_index,joint_covariate_region_mean
2024-04-27,HGA,1.660685194183959,censored_likelihood_pressure_index,joint_covariate_region_mean
2024-04-27,SHG,0.06959003490223861,censored_likelihood_pressure_index,joint_covariate_region_mean
2024-04-28,BDH,0.3790225135993362,censored_likelihood_pressure_index,joint_covariate_region_mean
2024-04-28,HGA,1.7647809890816712,censored_likelihood_pressure_index,joint_covariate_region_mean
2024-04-28,SHG,0.111436332668393,censored_likelihood_pressure_index,joint_covariate_region_mean
2024-04-29,BDH,0.21788369547868766,censored_likelihood_pressure_index,joint_covariate_region_mean
2024-04-29,HGA,1.4417162555116296,censored_likelihood_pressure_index,joint_covariate_region_mean
2024-04-29,SHG,0.0,censored_likelihood_pressure_index,joint_covariate_region_mean
2024-04-30,BDH,0.1449762509477094,censored_likelihood_pressure_index,joint_covariate_region_mean
2024-04-30,HGA,1.295545243353419,censored_likelihood_pressure_index,joint_covariate_region_mean
2024-04-30,SHG,0.0,censored_likelihood_pressure_index,joint_covariate_region_mean
2024-05-01,BDH,0.9331435545096771,censored_likelihood_pressure_index,joint_covariate_region_mean
2024-05-01,HGA,2.8757297259230876,censored_likelihood_pressure_index,joint_covariate_region_mean
2024-05-01,SHG,0.5580354646552388,censored_likelihood_pressure_index,joint_covariate_region_mean
2024-05-02,BDH,1.0403285592573126,censored_likelihood_pressure_index,joint_covariate_region_mean
2024-05-02,HGA,3.090623290399723,censored_likelihood_pressure_index,joint_covariate_region_mean
2024-05-02,SHG,0.6444222403742379,censored_likelihood_pressure_index,joint_covariate_region_mean
2024-05-03,BDH,0.9342867861548152,censored_likelihood_pressure_index,joint_covariate_region_mean
2024-05-03,HGA,2.878021773433135,censored_likelihood_pressure_index,joint_covariate_region_mean
2024-05-03,SHG,0.5589568630911108,censored_likelihood_pressure_index,joint_covariate_region_mean
2024-05-04,BDH,1.1996929804463856,censored_likelihood_pressure_index,joint_covariate_region_mean
2024-05-04,HGA,3.4101305629021414,censored_likelihood_pressure_index,joint_covariate_region_mean
2024-05-04,SHG,0.7728635138831823,censored_likelihood_pressure_index,joint_covariate_region_mean
2024-05-05,BDH,0.9504151901164011,censored_likelihood_pressure_index,joint_covariate_region_mean
2024-05-05,HGA,2.9103573620239516,censored_likelihood_pressure_index,joint_covariate_region_mean
2024-05-05,SHG,0.5719557039179166,censored_likelihood_pressure_index,joint_covariate_region_mean
2024-05-06,BDH,0.10908415423762297,censored_likelihood_pressure_index,joint_covariate_region_mean
2024-05-06,HGA,1.2235857316966285,censored_likelihood_pressure_index,joint_covariate_region_mean
2024-05-06,SHG,0.0,censored_likelihood_pressure_index,joint_covariate_region_mean
2024-05-07,BDH,0.1603091708433969,censored_likelihood_pressure_index,joint_covariate_region_mean
2024-05-07,HGA,1.326285978197597,censored_likelihood_pressure_index,joint_covariate_region_mean
2024-05-07,SHG,0.0,censored_likelihood_pressure_index,joint_covariate_region_mean
2024-05-08,BDH,0.06654552961239486,censored_likelihood_pressure_index,joint_covariate_region_mean
2024-05-08,HGA,1.1383006986346644,censored_likelihood_pressure_index,joint_covariate_region_mean
2024-05-08,SHG,0.0,censored_likelihood_pressure_index,joint_covariate_region_mean
2024-05-09,BDH,0.037959090550610884,censored_likelihood_pressure_index,joint_covariate_region_mean
2024-05-09,HGA,1.0809881874289737,censored_likelihood_pressure_index,joint_covariate_region_mean
2024-05-09,SHG,0.0,censored_likelihood_pressure_index,joint_covariate_region_mean
2024-05-10,BDH,0.05348649139589252,censored_likelihood_pressure_index,joint_covariate_region_mean
2024-05-10,HGA,1.1121188341323665,censored_likelihood_pressure_index,joint_covariate_region_mean
2024-05-10,SHG,0.0,censored_likelihood_pressure_index,joint_covariate_region_mean
2024-05-11,BDH,0.3008892343273103,censored_likelihood_pressure_index,joint_covariate_region_mean
2024-05-11,HGA,1.608132781372519,censored_likelihood_pressure_index,joint_covariate_region_mean
2024-05-11,SHG,0.04846407186983832,censored_likelihood_pressure_index,joint_covariate_region_mean
2024-05-12,BDH,0.2945743346984756,censored_likelihood_pressure_index,joint_covariate_region_mean
2024-05-12,HGA,1.5954721364087239,censored_likelihood_pressure_index,joint_covariate_region_mean
2024-05-12,SHG,0.04337451835245445,censored_likelihood_pressure_index,joint_covariate_region_mean
2024-05-13,BDH,0.056981286768059775,censored_likelihood_pressure_index,joint_covariate_region_mean
2024-05-13,HGA,1.119125495525065,censored_likelihood_pressure_index,joint_covariate_region_mean
2024-05-13,SHG,0.0,censored_likelihood_pressure_index,joint_covariate_region_mean
2024-05-14,BDH,0.1078037864146341,censored_likelihood_pressure_index,joint_covariate_region_mean
2024-05-14,HGA,1.2210187419766476,censored_likelihood_pressure_index,joint_covariate_region_mean
2024-05-14,SHG,0.0,censored_likelihood_pressure_index,joint_covariate_region_mean
2024-05-15,BDH,0.07066442734050024,censored_likelihood_pressure_index,joint_covariate_region_mean
2024-05-15,HGA,1.1465586132244083,censored_likelihood_pressure_index,joint_covariate_region_mean
2024-05-15,SHG,0.0,censored_likelihood_pressure_index,joint_covariate_region_mean
2024-05-16,BDH,0.12079436537965409,censored_likelihood_pressure_index,joint_covariate_region_mean
2024-05-16,HGA,1.2470633535804918,censored_likelihood_pressure_index,joint_covariate_region_mean
2024-05-16,SHG,0.0,censored_likelihood_pressure_index,joint_covariate_region_mean
2024-05-17,BDH,0.10525120417358508,censored_likelihood_pressure_index,joint_covariate_region_mean
2024-05-17,HGA,1.2159011091725973,censored_likelihood_pressure_index,joint_covariate_region_mean
2024-05-17,SHG,0.0,censored_likelihood_pressure_index,joint_covariate_region_mean
2024-05-18,BDH,0.31749888557856965,censored_likelihood_pressure_index,joint_covariate_region_mean
2024-05-18,HGA,1.6414332152391848,censored_likelihood_pressure_index,joint_covariate_region_mean
2024-05-18,SHG,0.061850778534559406,censored_likelihood_pressure_index,joint_covariate_region_mean
2024-05-19,BDH,0.17413374127619205,censored_likelihood_pressure_index,joint_covariate_region_mean
2024-05-19,HGA,1.3540026464447679,censored_likelihood_pressure_index,joint_covariate_region_mean
2024-05-19,SHG,0.0,censored_likelihood_pressure_index,joint_covariate_region_mean
2024-05-20,BDH,0.0897390434164804,censored_likelihood_pressure_index,joint_covariate_region_mean
2024-05-20,HGA,1.1848010170871666,censored_likelihood_pressure_index,joint_covariate_region_mean
2024-05-20,SHG,0.0,censored_likelihood_pressure_index,joint_covariate_region_mean
2024-05-21,BDH,0.07816937817632742,censored_likelihood_pressure_index,joint_covariate_region_mean
2024-05-21,HGA,1.1616051735164015,censored_likelihood_pressure_index,joint_covariate_region_mean
2024-05-21,SHG,0.0,censored_likelihood_pressure_index,joint_covariate_region_mean
2024-05-22,BDH,0.07752117898995828,censored_likelihood_pressure_index,joint_covariate_region_mean
2024-05-22,HGA,1.1603056089553165,censored_likelihood_pressure_index,joint_covariate_region_mean
2024-05-22,SHG,0.0,censored_likelihood_pressure_index,joint_covariate_region_mean
2024-05-23,BDH,0.060399441578131936,censored_likelihood_pressure_index,joint_covariate_region_mean
2024-05-23,HGA,1.1259785014357222,censored_likelihood_pressure_index,joint_covariate_region_mean
2024-05-23,SHG,0.0,censored_likelihood_pressure_index,joint_covariate_region_mean
2024-05-24,BDH,0.13485293956145772,censored_likelihood_pressure_index,joint_covariate_region_mean
2024-05-24,HGA,1.2752491723384431,censored_likelihood_pressure_index,joint_covariate_region_mean
2024-05-24,SHG,0.0,censored_likelihood_pressure_index,joint_covariate_region_mean
2024-05-25,BDH,0.27155617208547733,censored_likelihood_pressure_index,joint_covariate_region_mean
2024-05-25,HGA,1.5493233768573638,censored_likelihood_pressure_index,joint_covariate_region_mean
2024-05-25,SHG,0.024822810902384133,censored_likelihood_pressure_index,joint_covariate_region_mean
2024-05-26,BDH,0.3176922538966813,censored_likelihood_pressure_index,joint_covariate_region_mean
2024-05-26,HGA,1.6418208964006844,censored_likelihood_pressure_index,joint_covariate_region_mean
2024-05-26,SHG,0.06200662557274539,censored_likelihood_pressure_index,joint_covariate_region_mean
2024-05-27,BDH,0.0899957749761724,censored_likelihood_pressure_index,joint_covariate_region_mean
2024-05-27,HGA,1.1853157342353886,censored_likelihood_pressure_index,joint_covariate_region_mean
2024-05-27,SHG,0.0,censored_likelihood_pressure_index,joint_covariate_region_mean
2024-05-28,BDH,0.12584112136435185,censored_likelihood_pressure_index,joint_covariate_region_mean
2024-05-28,HGA,1.2571815168921319,censored_likelihood_pressure_index,joint_covariate_region_mean
2024-05-28,SHG,0.0,censored_likelihood_pressure_index,joint_covariate_region_mean
2024-05-29,BDH,0.11969793365192158,censored_likelihood_pressure_index,joint_covariate_region_mean
2024-05-29,HGA,1.2448651345037427,censored_likelihood_pressure_index,joint_covariate_region_mean
2024-05-29,SHG,0.0,censored_likelihood_pressure_index,joint_covariate_region_mean
2024-05-30,BDH,0.10824340054476923,censored_likelihood_pressure_index,joint_covariate_region_mean
2024-05-30,HGA,1.221900117572436,censored_likelihood_pressure_index,joint_covariate_region_mean
2024-05-30,SHG,0.0,censored_likelihood_pressure_index,joint_covariate_region_mean
2024-05-31,BDH,0.14245832729587554,censored_likelihood_pressure_index,joint_covariate_region_mean
2024-05-31,HGA,1.2904970970208551,censored_likelihood_pressure_index,joint_covariate_region_mean
2024-05-31,SHG,0.0,censored_likelihood_pressure_index,joint_covariate_region_mean
2024-06-01,BDH,0.33493914192238666,censored_likelihood_pressure_index,joint_covariate_region_mean
2024-06-01,HGA,1.676398916457683,censored_likelihood_pressure_index,joint_covariate_region_mean
2024-06-01,SHG,0.07590691928673313,censored_likelihood_pressure_index,joint_covariate_region_mean
2024-06-02,BDH,0.26355289160935846,censored_likelihood_pressure_index,joint_covariate_region_mean
2024-06-02,HGA,1.533277723147978,censored_likelihood_pressure_index,joint_covariate_region_mean
2024-06-02,SHG,0.018372490756067405,censored_likelihood_pressure_index,joint_covariate_region_mean
2024-06-03,BDH,0.09928473946192339,censored_likelihood_pressure_index,joint_covariate_region_mean
2024-06-03,HGA,1.2039390360054427,censored_likelihood_pressure_index,joint_covariate_region_mean
2024-06-03,SHG,0.0,censored_likelihood_pressure_index,joint_covariate_region_mean
2024-06-04,BDH,0.1388683586339187,censored_likelihood_pressure_index,joint_covariate_region_mean
2024-06-04,HGA,1.283299624165919,censored_likelihood_pressure_index,joint_covariate_region_mean
2024-06-04,SHG,0.0,censored_likelihood_pressure_index,joint_covariate_region_mean
2024-06-05,BDH,0.16505830221801476,censored_likelihood_pressure_index,joint_covariate_region_mean
2024-06-05,HGA,1.335807438514386,censored_likelihood_pressure_index,joint_covariate_region_mean
2024-06-05,SHG,0.0,censored_likelihood_pressure_index,joint_covariate_region_mean
2024-06-06,BDH,0.1288157334888624,censored_likelihood_pressure_index,joint_covariate_region_mean
2024-06-06,HGA,1.2631452709067585,censored_likelihood_pressure_index,joint_covariate_region_mean
2024-06-06,SHG,0.0,censored_likelihood_pressure_index,joint_covariate_region_mean
2024-06-07,BDH,0.11618922817769681,censored_likelihood_pressure_index,joint_covariate_region_mean
2024-06-07,HGA,1.2378305849617606,censored_likelihood_pressure_index,joint_covariate_region_mean
2024-06-07,SHG,0.0,censored_likelihood_pressure_index,joint_covariate_region_mean
2024-06-08,BDH,0.4072832251642787,censored_likelihood_pressure_index,joint_covariate_region_mean
2024-06-08,HGA,1.8214404542478615,censored_likelihood_pressure_index,joint_covariate_region_mean
2024-06-08,SHG,0.13421332239161135,censored_likelihood_pressure_index,joint_covariate_region_mean
2024-06-09,BDH,0.4351670413138034,censored_likelihood_pressure_index,joint_covariate_region_mean
2024-06-09,HGA,1.8773442876030089,censored_likelihood_pressure_index,joint_covariate_region_mean
2024-06-09,SHG,0.1566865496641226,censored_likelihood_pressure_index,joint_covariate_region_mean
2024-06-10,BDH,0.6017947205215046,censored_likelihood_pressure_index,joint_covariate_region_mean
2024-06-10,HGA,2.211413554192301,censored_likelihood_pressure_index,joint_covariate_region_mean
2024-06-10,SHG,0.29098171516963667,censored_likelihood_pressure_index,joint_covariate_region_mean
2024-06-11,BDH,0.14523021103663755,censored_likelihood_pressure_index,joint_covariate_region_mean
2024-06-11,HGA,1.2960544040226103,censored_likelihood_pressure_index,joint_covariate_region_mean
2024-06-11,SHG,0.0,censored_likelihood_pressure_index,joint_covariate_region_mean
2024-06-12,BDH,0.16593987507670055,censored_likelihood_pressure_index,joint_covariate_region_mean
2024-06-12,HGA,1.3375748903551998,censored_likelihood_pressure_index,joint_covariate_region_mean
2024-06-12,SHG,0.0,censored_likelihood_pressure_index,joint_covariate_region_mean
2024-06-13,BDH,0.1415759775210454,censored_likelihood_pressure_index,joint_covariate_region_mean
2024-06-13,HGA,1.2887280875528342,censored_likelihood_pressure_index,joint_covariate_region_mean
2024-06-13,SHG,0.0,censored_likelihood_pressure_index,joint_covariate_region_mean
2024-06-14,BDH,0.1819533811578647,censored_likelihood_pressure_index,joint_covariate_region_mean
2024-06-14,HGA,1.3696801219559434,censored_likelihood_pressure_index,joint_covariate_region_mean
2024-06-14,SHG,0.0,censored_likelihood_pressure_index,joint_covariate_region_mean
2024-06-15,BDH,0.46953319235335966,censored_likelihood_pressure_index,joint_covariate_region_mean
2024-06-15,HGA,1.946244454297228,censored_likelihood_pressure_index,joint_covariate_region_mean
2024-06-15,SHG,0.184384276497921,censored_likelihood_pressure_index,joint_covariate_region_mean
2024-06-16,BDH,0.39959706293567165,censored_likelihood_pressure_index,joint_covariate_region_mean
2024-06-16,HGA,1.8060305860266492,censored_likelihood_pressure_index,joint_covariate_region_mean
2024-06-16,SHG,0.12801858671803612,censored_likelihood_pressure_index,joint_covariate_region_mean
2024-06-17,BDH,0.14824274908807547,censored_likelihood_pressure_index,joint_covariate_region_mean
2024-06-17,HGA,1.3020941951437583,censored_likelihood_pressure_index,joint_covariate_region_mean
2024-06-17,SHG,0.0,censored_likelihood_pressure_index,joint_covariate_region_mean
2024-06-18,BDH,0.21365129499364918,censored_likelihood_pressure_index,joint_covariate_region_mean
2024-06-18,HGA,1.4332307809933984,censored_likelihood_pressure_index,joint_covariate_region_mean
2024-06-18,SHG,0.0,censored_likelihood_pressure_index,joint_covariate_region_mean
2024-06-19,BDH,0.20969620621903207,censored_likelihood_pressure_index,joint_covariate_region_mean
2024-06-19,HGA,1.4253012844504807,censored_likelihood_pressure_index,joint_covariate_region_mean
2024-06-19,SHG,0.0,censored_likelihood_pressure_index,joint_covariate_region_mean
2024-06-20,BDH,0.21649500176511668,censored_likelihood_pressure_index,joint_covariate_region_mean
2024-06-20,HGA,1.438932084882742,censored_likelihood_pressure_index,joint_covariate_region_mean
2024-06-20,SHG,0.0,censored_likelihood_pressure_index,joint_covariate_region_mean
2024-06-21,BDH,0.17267729792947084,censored_likelihood_pressure_index,joint_covariate_region_mean
2024-06-21,HGA,1.351082645620286,censored_likelihood_pressure_index,joint_covariate_region_mean
2024-06-21,SHG,0.0,censored_likelihood_pressure_index,joint_covariate_region_mean
2024-06-22,BDH,0.4695441857986876,censored_likelihood_pressure_index,joint_covariate_region_mean
2024-06-22,HGA,1.946266494886375,censored_likelihood_pressure_index,joint_covariate_region_mean
2024-06-22,SHG,0.1843931367699167,censored_likelihood_pressure_index,joint_covariate_region_mean
2024-06-23,BDH,0.42899629081267227,censored_likelihood_pressure_index,joint_covariate_region_mean
2024-06-23,HGA,1.8649726450042503,censored_likelihood_pressure_index,joint_covariate_region_mean
2024-06-23,SHG,0.1517131745095082,censored_likelihood_pressure_index,joint_covariate_region_mean
2024-06-24,BDH,0.1839930809652507,censored_likelihood_pressure_index,joint_covariate_region_mean
2024-06-24,HGA,1.3737694846714046,censored_likelihood_pressure_index,joint_covariate_region_mean
2024-06-24,SHG,0.0,censored_likelihood_pressure_index,joint_covariate_region_mean
2024-06-25,BDH,0.28374294932469135,censored_likelihood_pressure_index,joint_covariate_region_mean
2024-06-25,HGA,1.5737564587663813,censored_likelihood_pressure_index,joint_covariate_region_mean
2024-06-25,SHG,0.0346448601207437,censored_likelihood_pressure_index,joint_covariate_region_mean
2024-06-26,BDH,0.23373379442913472,censored_likelihood_pressure_index,joint_covariate_region_mean
2024-06-26,HGA,1.4734938746738298,censored_likelihood_pressure_index,joint_covariate_region_mean
2024-06-26,SHG,0.0,censored_likelihood_pressure_index,joint_covariate_region_mean
2024-06-27,BDH,0.2564127825441976,censored_likelihood_pressure_index,joint_covariate_region_mean
2024-06-27,HGA,1.5189626285003919,censored_likelihood_pressure_index,joint_covariate_region_mean
2024-06-27,SHG,0.012617851831774708,censored_likelihood_pressure_index,joint_covariate_region_mean
2024-06-28,BDH,0.28064581276784023,censored_likelihood_pressure_index,joint_covariate_region_mean
2024-06-28,HGA,1.5675470574052524,censored_likelihood_pressure_index,joint_covariate_region_mean
2024-06-28,SHG,0.03214869340658672,censored_likelihood_pressure_index,joint_covariate_region_mean
2024-06-29,BDH,0.5154388235649401,censored_likelihood_pressure_index,joint_covariate_region_mean
2024-06-29,HGA,2.0382799469842214,censored_likelihood_pressure_index,joint_covariate_region_mean
2024-06-29,SHG,0.221382357312032,censored_likelihood_pressure_index,joint_covariate_region_mean
2024-06-30,BDH,0.3907973631197691,censored_likelihood_pressure_index,joint_covariate_region_mean
2024-06-30,HGA,1.7883882034544225,censored_likelihood_pressure_index,joint_covariate_region_mean
2024-06-30,SHG,0.12092638481739974,censored_likelihood_pressure_index,joint_covariate_region_mean
2024-07-01,BDH,0.17322276934513264,censored_likelihood_pressure_index,joint_covariate_region_mean
2024-07-01,HGA,1.3521762528567427,censored_likelihood_pressure_index,joint_covariate_region_mean
2024-07-01,SHG,0.0,censored_likelihood_pressure_index,joint_covariate_region_mean
2024-07-02,BDH,0.16992142060014367,censored_likelihood_pressure_index,joint_covariate_region_mean
2024-07-02,HGA,1.3455574296261847,censored_likelihood_pressure_index,joint_covariate_region_mean
2024-07-02,SHG,0.0,censored_likelihood_pressure_index,joint_covariate_region_mean
2024-07-03,BDH,0.36325816316310283,censored_likelihood_pressure_index,joint_covariate_region_mean
2024-07-03,HGA,1.7331752857943767,censored_likelihood_pressure_index,joint_covariate_region_mean
2024-07-03,SHG,0.09873090424865281,censored_likelihood_pressure_index,joint_covariate_region_mean
2024-07-04,BDH,0.3961230644454581,censored_likelihood_pressure_index,joint_covariate_region_mean
2024-07-04,HGA,1.7990656199821342,censored_likelihood_pressure_index,joint_covariate_region_mean
2024-07-04,SHG,0.12521868453835322,censored_likelihood_pressure_index,joint_covariate_region_mean
2024-07-05,BDH,0.4148203123122514,censored_likelihood_pressure_index,joint_covariate_region_mean
2024-07-05,HGA,1.8365514441369082,censored_likelihood_pressure_index,joint_covariate_region_mean
2024-07-05,SHG,0.14028790958372364,censored_likelihood_pressure_index,joint_covariate_region_mean
2024-07-06,BDH,0.7072132113570193,censored_likelihood_pressure_index,joint_covariate_region_mean
2024-07-06,HGA,2.4227654621455543,censored_likelihood_pressure_index,joint_covariate_region_mean
2024-07-06,SHG,0.3759447521717306,censored_likelihood_pressure_index,joint_covariate_region_mean
2024-07-07,BDH,0.7590485875164756,censored_likelihood_pressure_index,joint_covariate_region_mean
2024-07-07,HGA,2.526689409111079,censored_likelihood_pressure_index,joint_covariate_region_mean
2024-07-07,SHG,0.41772196741877,censored_likelihood_pressure_index,joint_covariate_region_mean
2024-07-08,BDH,0.3266666039972637,censored_likelihood_pressure_index,joint_covariate_region_mean
2024-07-08,HGA,1.6598134326375962,censored_likelihood_pressure_index,joint_covariate_region_mean
2024-07-08,SHG,0.0692395885341982,censored_likelihood_pressure_index,joint_covariate_region_mean
2024-07-09,BDH,0.4643802038268522,censored_likelihood_pressure_index,joint_covariate_region_mean
2024-07-09,HGA,1.935913306999379,censored_likelihood_pressure_index,joint_covariate_region_mean
2024-07-09,SHG,0.18023117630288837,censored_likelihood_pressure_index,joint_covariate_region_mean
2024-07-10,BDH,0.43354852753528816,censored_likelihood_pressure_index,joint_covariate_region_mean
2024-07-10,HGA,1.8740993542670576,censored_likelihood_pressure_index,joint_covariate_region_mean
2024-07-10,SHG,0.15538209306488182,censored_likelihood_pressure_index,joint_covariate_region_mean
2024-07-11,BDH,0.44059497299893263,censored_likelihood_pressure_index,joint_covariate_region_mean
2024-07-11,HGA,1.888226664203163,censored_likelihood_pressure_index,joint_covariate_region_mean
2024-07-11,SHG,0.16106124291720694,censored_likelihood_pressure_index,joint_covariate_region_mean
2024-07-12,BDH,0.4750250134826226,censored_likelihood_pressure_index,joint_covariate_region_mean
2024-07-12,HGA,1.9572549218594957,censored_likelihood_pressure_index,joint_covariate_region_mean
2024-07-12,SHG,0.18881046205717453,censored_likelihood_pressure_index,joint_covariate_region_mean
2024-07-13,BDH,0.7807430569710221,censored_likelihood_pressure_index,joint_covariate_region_mean
2024-07-13,HGA,2.5701843166449603,censored_likelihood_pressure_index,joint_covariate_region_mean
2024-07-13,SHG,0.43520683175707137,censored_likelihood_pressure_index,joint_covariate_region_mean
2024-07-14,BDH,0.8162265616525755,censored_likelihood_pressure_index,joint_covariate_region_mean
2024-07-14,HGA,2.6413246484394657,censored_likelihood_pressure_index,joint_covariate_region_mean
2024-07-14,SHG,0.46380510040357276,censored_likelihood_pressure_index,joint_covariate_region_mean
2024-07-15,BDH,0.4681715278223481,censored_likelihood_pressure_index,joint_covariate_region_mean
2024-07-15,HGA,1.9435144740599788,censored_likelihood_pressure_index,joint_covariate_region_mean
2024-07-15,SHG,0.18328682999668733,censored_likelihood_pressure_index,joint_covariate_region_mean
2024-07-16,BDH,0.487932392747946,censored_likelihood_pressure_index,joint_covariate_region_mean
2024-07-16,HGA,1.9831327276673871,censored_likelihood_pressure_index,joint_covariate_region_mean
2024-07-16,SHG,0.19921328734359267,censored_likelihood_pressure_index,joint_covariate_region_mean
2024-07-17,BDH,0.5208935472404124,censored_likelihood_pressure_index,joint_covariate_region_mean
2024-07-17,HGA,2.049216038432995,censored_likelihood_pressure_index,joint_covariate_region_mean
2024-07-17,SHG,0.2257786438249785,censored_likelihood_pressure_index,joint_covariate_region_mean
2024-07-18,BDH,0.5881050039229836,censored_likelihood_pressure_index,joint_covariate_region_mean
2024-07-18,HGA,2.1839672523195937,censored_likelihood_pressure_index,joint_covariate_region_mean
2024-07-18,SHG,0.2799483576562649,censored_likelihood_pressure_index,joint_covariate_region_mean
2024-07-19,BDH,0.6942534836262284,censored_likelihood_pressure_index,joint_covariate_region_mean
2024-07-19,HGA,2.3967827037058504,censored_likelihood_pressure_index,joint_covariate_region_mean
2024-07-19,SHG,0.36549973614084946,censored_likelihood_pressure_index,joint_covariate_region_mean
2024-07-20,BDH,1.1099384499473581,censored_likelihood_pressure_index,joint_covariate_region_mean
2024-07-20,HGA,3.230183087672045,censored_likelihood_pressure_index,joint_covariate_region_mean
2024-07-20,SHG,0.7005249949435302,censored_likelihood_pressure_index,joint_covariate_region_mean
2024-07-21,BDH,1.057615347837685,censored_likelihood_pressure_index,joint_covariate_region_mean
2024-07-21,HGA,3.1252813064639726,censored_likelihood_pressure_index,joint_covariate_region_mean
2024-07-21,SHG,0.6583546923203889,censored_likelihood_pressure_index,joint_covariate_region_mean
2024-07-22,BDH,0.6515821760360703,censored_likelihood_pressure_index,joint_covariate_region_mean
2024-07-22,HGA,2.3112316566119206,censored_likelihood_pressure_index,joint_covariate_region_mean
2024-07-22,SHG,0.3311083892625564,censored_likelihood_pressure_index,joint_covariate_region_mean
2024-07-23,BDH,0.8056471709365063,censored_likelihood_pressure_index,joint_covariate_region_mean
2024-07-23,HGA,2.620114191003559,censored_likelihood_pressure_index,joint_covariate_region_mean
2024-07-23,SHG,0.4552785396669796,censored_likelihood_pressure_index,joint_covariate_region_mean
2024-07-24,BDH,0.5894961989515644,censored_likelihood_pressure_index,joint_covariate_region_mean
2024-07-24,HGA,2.1867564377964035,censored_likelihood_pressure_index,joint_covariate_region_mean
2024-07-24,SHG,0.2810696045433493,censored_likelihood_pressure_index,joint_covariate_region_mean
2024-07-25,BDH,0.5083986778152838,censored_likelihood_pressure_index,joint_covariate_region_mean
2024-07-25,HGA,2.0241652672476236,censored_likelihood_pressure_index,joint_covariate_region_mean
2024-07-25,SHG,0.21570828477421242,censored_likelihood_pressure_index,joint_covariate_region_mean
2024-07-26,BDH,0.1999234208912622,censored_likelihood_pressure_index,joint_covariate_region_mean
2024-07-26,HGA,1.4057079777291341,censored_likelihood_pressure_index,joint_covariate_region_mean
2024-07-26,SHG,0.0,censored_likelihood_pressure_index,joint_covariate_region_mean
2024-07-27,BDH,1.0612562435813881,censored_likelihood_pressure_index,joint_covariate_region_mean
2024-07-27,HGA,3.1325808822404015,censored_likelihood_pressure_index,joint_covariate_region_mean
2024-07-27,SHG,0.6612891069315381,censored_likelihood_pressure_index,joint_covariate_region_mean
2024-07-28,BDH,0.9213123826432095,censored_likelihood_pressure_index,joint_covariate_region_mean
2024-07-28,HGA,2.8520095917466044,censored_likelihood_pressure_index,joint_covariate_region_mean
2024-07-28,SHG,0.5485000189748672,censored_likelihood_pressure_index,joint_covariate_region_mean
2024-07-29,BDH,0.6426816035548191,censored_likelihood_pressure_index,joint_covariate_region_mean
2024-07-29,HGA,2.293387035987216,censored_likelihood_pressure_index,joint_covariate_region_mean
2024-07-29,SHG,0.32393488807627685,censored_likelihood_pressure_index,joint_covariate_region_mean
2024-07-30,BDH,0.555130120574548,censored_likelihood_pressure_index,joint_covariate_region_mean
2024-07-30,HGA,2.1178564167821916,censored_likelihood_pressure_index,joint_covariate_region_mean
2024-07-30,SHG,0.2533719362726171,censored_likelihood_pressure_index,joint_covariate_region_mean
2024-07-31,BDH,0.3968687575507717,censored_likelihood_pressure_index,joint_covariate_region_mean
2024-07-31,HGA,1.8005606485990922,censored_likelihood_pressure_index,joint_covariate_region_mean
2024-07-31,SHG,0.12581968300073712,censored_likelihood_pressure_index,joint_covariate_region_mean
2024-08-01,BDH,0.7595980528065962,censored_likelihood_pressure_index,joint_covariate_region_mean
2024-08-01,HGA,2.5277910236048995,censored_likelihood_pressure_index,joint_covariate_region_mean
2024-08-01,SHG,0.41816481420405294,censored_likelihood_pressure_index,joint_covariate_region_mean
2024-08-02,BDH,0.8200680754624916,censored_likelihood_pressure_index,joint_covariate_region_mean
2024-08-02,HGA,2.6490264402856547,censored_likelihood_pressure_index,joint_covariate_region_mean
2024-08-02,SHG,0.4669012050564578,censored_likelihood_pressure_index,joint_covariate_region_mean
2024-08-03,BDH,1.1457744296761923,censored_likelihood_pressure_index,joint_covariate_region_mean
2024-08-03,HGA,3.302030091257792,censored_likelihood_pressure_index,joint_covariate_region_mean
2024-08-03,SHG,0.7294073442123881,censored_likelihood_pressure_index,joint_covariate_region_mean
2024-08-04,BDH,0.7691306269595894,censored_likelihood_pressure_index,joint_covariate_region_mean
2024-08-04,HGA,2.5469027346431896,censored_likelihood_pressure_index,joint_covariate_region_mean
2024-08-04,SHG,0.42584768315870036,censored_likelihood_pressure_index,joint_covariate_region_mean
2024-08-05,BDH,0.8243423566357819,censored_likelihood_pressure_index,joint_covariate_region_mean
2024-08-05,HGA,2.6575958807504505,censored_likelihood_pressure_index,joint_covariate_region_mean
2024-08-05,SHG,0.47034610268879296,censored_likelihood_pressure_index,joint_covariate_region_mean
2024-08-06,BDH,1.0631821135243493,censored_likelihood_pressure_index,joint_covariate_region_mean
2024-08-06,HGA,3.1364420292146047,censored_likelihood_pressure_index,joint_covariate_region_mean
2024-08-06,SHG,0.6628412801596704,censored_likelihood_pressure_index,joint_covariate_region_mean
2024-08-07,BDH,0.9267250480626534,censored_likelihood_pressure_index,joint_covariate_region_mean
2024-08-07,HGA,2.8628613612459133,censored_likelihood_pressure_index,joint_covariate_region_mean
2024-08-07,SHG,0.5528624082356819,censored_likelihood_pressure_index,joint_covariate_region_mean
2024-08-08,BDH,0.8813142065433262,censored_likelihood_pressure_index,joint_covariate_region_mean
2024-08-08,HGA,2.7718178647890355,censored_likelihood_pressure_index,joint_covariate_region_mean
2024-08-08,SHG,0.5162631078878628,censored_likelihood_pressure_index,joint_covariate_region_mean
2024-08-09,BDH,0.8868877181141743,censored_likelihood_pressure_index,joint_covariate_region_mean
2024-08-09,HGA,2.7829921122589245,censored_likelihood_pressure_index,joint_covariate_region_mean
2024-08-09,SHG,0.5207551326367699,censored_likelihood_pressure_index,joint_covariate_region_mean
2024-08-10,BDH,1.185208817164527,censored_likelihood_pressure_index,joint_covariate_region_mean
2024-08-10,HGA,3.381091487115108,censored_likelihood_pressure_index,joint_covariate_region_mean
2024-08-10,SHG,0.7611898644967472,censored_likelihood_pressure_index,joint_covariate_region_mean
2024-08-11,BDH,1.1671674731216841,censored_likelihood_pressure_index,joint_covariate_region_mean
2024-08-11,HGA,3.3449206744305906,censored_likelihood_pressure_index,joint_covariate_region_mean
2024-08-11,SHG,0.746649271387031,censored_likelihood_pressure_index,joint_covariate_region_mean
2024-08-12,BDH,0.758801462944197,censored_likelihood_pressure_index,joint_covariate_region_mean
2024-08-12,HGA,2.526193952863895,censored_likelihood_pressure_index,joint_covariate_region_mean
2024-08-12,SHG,0.41752279501540684,censored_likelihood_pressure_index,joint_covariate_region_mean
2024-08-13,BDH,1.0679865695645288,censored_likelihood_pressure_index,joint_covariate_region_mean
2024-08-13,HGA,3.146074409100917,censored_likelihood_pressure_index,joint_covariate_region_mean
2024-08-13,SHG,0.666713477276907,censored_likelihood_pressure_index,joint_covariate_region_mean
2024-08-14,BDH,1.0452192943730658,censored_likelihood_pressure_index,joint_covariate_region_mean
2024-08-14,HGA,3.100428649875238,censored_likelihood_pressure_index,joint_covariate_region_mean
2024-08-14,SHG,0.6483639749344068,censored_likelihood_pressure_index,joint_covariate_region_mean
2024-08-15,BDH,0.8572209393562431,censored_likelihood_pressure_index,joint_covariate_region_mean
2024-08-15,HGA,2.723513644642659,censored_likelihood_pressure_index,joint_covariate_region_mean
2024-08-15,SHG,0.4968449096638769,censored_likelihood_pressure_index,joint_covariate_region_mean
2024-08-16,BDH,0.7443994683456823,censored_likelihood_pressure_index,joint_covariate_region_mean
2024-08-16,HGA,2.4973196158040145,censored_likelihood_pressure_index,joint_covariate_region_mean
2024-08-16,SHG,0.4059153702621269,censored_likelihood_pressure_index,joint_covariate_region_mean
2024-08-17,BDH,0.9675322399690058,censored_likelihood_pressure_index,joint_covariate_region_mean
2024-08-17,HGA,2.9446750715282897,censored_likelihood_pressure_index,joint_covariate_region_mean
2024-08-17,SHG,0.5857513533193366,censored_likelihood_pressure_index,joint_covariate_region_mean
2024-08-18,BDH,0.9151626334891301,censored_likelihood_pressure_index,joint_covariate_region_mean
2024-08-18,HGA,2.839680054424953,censored_likelihood_pressure_index,joint_covariate_region_mean
2024-08-18,SHG,0.5435435700559872,censored_likelihood_pressure_index,joint_covariate_region_mean
2024-08-19,BDH,0.2412475069212038,censored_likelihood_pressure_index,joint_covariate_region_mean
2024-08-19,HGA,1.4885580010754191,censored_likelihood_pressure_index,joint_covariate_region_mean
2024-08-19,SHG,0.00039525346510092986,censored_likelihood_pressure_index,joint_covariate_region_mean
2024-08-20,BDH,0.3444212955722177,censored_likelihood_pressure_index,joint_covariate_region_mean
2024-08-20,HGA,1.6954095402060787,censored_likelihood_pressure_index,joint_covariate_region_mean
2024-08-20,SHG,0.08354915135650508,censored_likelihood_pressure_index,joint_covariate_region_mean
2024-08-21,BDH,0.6542073464207003,censored_likelihood_pressure_index,joint_covariate_region_mean
2024-08-21,HGA,2.3164948202665747,censored_likelihood_pressure_index,joint_covariate_region_mean
2024-08-21,SHG,0.33322417034382923,censored_likelihood_pressure_index,joint_covariate_region_mean
2024-08-22,BDH,0.6232637014951472,censored_likelihood_pressure_index,joint_covariate_region_mean
2024-08-22,HGA,2.2544563833452185,censored_likelihood_pressure_index,joint_covariate_region_mean
2024-08-22,SHG,0.3082848449185435,censored_likelihood_pressure_index,joint_covariate_region_mean
2024-08-23,BDH,0.4888495880332252,censored_likelihood_pressure_index,joint_covariate_region_mean
2024-08-23,HGA,1.9849715983623955,censored_likelihood_pressure_index,joint_covariate_region_mean
2024-08-23,SHG,0.19995250962180677,censored_likelihood_pressure_index,joint_covariate_region_mean
2024-08-24,BDH,0.6753465699327414,censored_likelihood_pressure_index,joint_covariate_region_mean
2024-08-24,HGA,2.3588765237657396,censored_likelihood_pressure_index,joint_covariate_region_mean
2024-08-24,SHG,0.3502615289249865,censored_likelihood_pressure_index,joint_covariate_region_mean
2024-08-25,BDH,0.6034309460008269,censored_likelihood_pressure_index,joint_covariate_region_mean
2024-08-25,HGA,2.214693997444292,censored_likelihood_pressure_index,joint_covariate_region_mean
2024-08-25,SHG,0.29230044668288074,censored_likelihood_pressure_index,joint_covariate_region_mean
2024-08-26,BDH,0.22106399081438757,censored_likelihood_pressure_index,joint_covariate_region_mean
2024-08-26,HGA,1.448092380627135,censored_likelihood_pressure_index,joint_covariate_region_mean
2024-08-26,SHG,0.0,censored_likelihood_pressure_index,joint_covariate_region_mean
2024-08-27,BDH,0.27307059553978513,censored_likelihood_pressure_index,joint_covariate_region_mean
2024-08-27,HGA,1.5523596211061697,censored_likelihood_pressure_index,joint_covariate_region_mean
2024-08-27,SHG,0.026043374913170037,censored_likelihood_pressure_index,joint_covariate_region_mean
2024-08-28,BDH,0.22718758457116822,censored_likelihood_pressure_index,joint_covariate_region_mean
2024-08-28,HGA,1.460369479395753,censored_likelihood_pressure_index,joint_covariate_region_mean
2024-08-28,SHG,0.0,censored_likelihood_pressure_index,joint_covariate_region_mean
2024-08-29,BDH,0.25536854224709704,censored_likelihood_pressure_index,joint_covariate_region_mean
2024-08-29,HGA,1.5168690472187336,censored_likelihood_pressure_index,joint_covariate_region_mean
2024-08-29,SHG,0.011776236415935828,censored_likelihood_pressure_index,joint_covariate_region_mean
2024-08-30,BDH,0.25236377759718875,censored_likelihood_pressure_index,joint_covariate_region_mean
2024-08-30,HGA,1.5108448408705373,censored_likelihood_pressure_index,joint_covariate_region_mean
2024-08-30,SHG,0.009354517720198902,censored_likelihood_pressure_index,joint_covariate_region_mean
2024-08-31,BDH,0.49526508722292745,censored_likelihood_pressure_index,joint_covariate_region_mean
2024-08-31,HGA,1.997833933835702,censored_likelihood_pressure_index,joint_covariate_region_mean
2024-08-31,SHG,0.20512314231367534,censored_likelihood_pressure_index,joint_covariate_region_mean
2024-09-01,BDH,0.30293690362831205,censored_likelihood_pressure_index,joint_covariate_region_mean
2024-09-01,HGA,1.6122381220029331,censored_likelihood_pressure_index,joint_covariate_region_mean
2024-09-01,SHG,0.050114410450956146,censored_likelihood_pressure_index,joint_covariate_region_mean
2024-09-02,BDH,0.15699784495101035,censored_likelihood_pressure_index,joint_covariate_region_mean
2024-09-02,HGA,1.3196471519379522,censored_likelihood_pressure_index,joint_covariate_region_mean
2024-09-02,SHG,0.0,censored_likelihood_pressure_index,joint_covariate_region_mean
2024-09-03,BDH,0.13519407288129207,censored_likelihood_pressure_index,joint_covariate_region_mean
2024-09-03,HGA,1.2759331052750844,censored_likelihood_pressure_index,joint_covariate_region_mean
2024-09-03,SHG,0.0,censored_likelihood_pressure_index,joint_covariate_region_mean
2024-09-04,BDH,0.10267448401227317,censored_likelihood_pressure_index,joint_covariate_region_mean
2024-09-04,HGA,1.2107350826241374,censored_likelihood_pressure_index,joint_covariate_region_mean
2024-09-04,SHG,0.0,censored_likelihood_pressure_index,joint_covariate_region_mean
2024-09-05,BDH,0.12217717911075865,censored_likelihood_pressure_index,joint_covariate_region_mean
2024-09-05,HGA,1.2498357355231335,censored_likelihood_pressure_index,joint_covariate_region_mean
2024-09-05,SHG,0.0,censored_likelihood_pressure_index,joint_covariate_region_mean
2024-09-06,BDH,0.13376346978878195,censored_likelihood_pressure_index,joint_covariate_region_mean
2024-09-06,HGA,1.273064911178115,censored_likelihood_pressure_index,joint_covariate_region_mean
2024-09-06,SHG,0.0,censored_likelihood_pressure_index,joint_covariate_region_mean
2024-09-07,BDH,0.31947991806816095,censored_likelihood_pressure_index,joint_covariate_region_mean
2024-09-07,HGA,1.6454049567531648,censored_likelihood_pressure_index,joint_covariate_region_mean
2024-09-07,SHG,0.06344741054267762,censored_likelihood_pressure_index,joint_covariate_region_mean
2024-09-08,BDH,0.3339935035591272,censored_likelihood_pressure_index,joint_covariate_region_mean
2024-09-08,HGA,1.6745030206738916,censored_likelihood_pressure_index,joint_covariate_region_mean
2024-09-08,SHG,0.07514477303884597,censored_likelihood_pressure_index,joint_covariate_region_mean
2024-09-09,BDH,0.0,censored_likelihood_pressure_index,joint_covariate_region_mean
2024-09-09,HGA,0.9783814883319795,censored_likelihood_pressure_index,joint_covariate_region_mean
2024-09-09,SHG,0.0,censored_likelihood_pressure_index,joint_covariate_region_mean
2024-09-10,BDH,0.0,censored_likelihood_pressure_index,joint_covariate_region_mean
2024-09-10,HGA,0.6571199996828054,censored_likelihood_pressure_index,joint_covariate_region_mean
2024-09-10,SHG,0.0,censored_likelihood_pressure_index,joint_covariate_region_mean
2024-09-11,BDH,0.06875788732925663,censored_likelihood_pressure_index,joint_covariate_region_mean
2024-09-11,HGA,1.1427362205324636,censored_likelihood_pressure_index,joint_covariate_region_mean
2024-09-11,SHG,0.0,censored_likelihood_pressure_index,joint_covariate_region_mean
2024-09-12,BDH,0.07980843970944979,censored_likelihood_pressure_index,joint_covariate_region_mean
2024-09-12,HGA,1.1648913027289578,censored_likelihood_pressure_index,joint_covariate_region_mean
2024-09-12,SHG,0.0,censored_likelihood_pressure_index,joint_covariate_region_mean
2024-09-13,BDH,0.09667541679017683,censored_likelihood_pressure_index,joint_covariate_region_mean
2024-09-13,HGA,1.1987076451861625,censored_likelihood_pressure_index,joint_covariate_region_mean
2024-09-13,SHG,0.0,censored_likelihood_pressure_index,joint_covariate_region_mean
2024-09-14,BDH,0.30233116264733806,censored_likelihood_pressure_index,joint_covariate_region_mean
2024-09-14,HGA,1.6110236812436356,censored_likelihood_pressure_index,joint_covariate_region_mean
2024-09-14,SHG,0.04962620773649613,censored_likelihood_pressure_index,joint_covariate_region_mean
2024-09-15,BDH,0.9003825166050721,censored_likelihood_pressure_index,joint_covariate_region_mean
2024-09-15,HGA,2.8100476258210203,censored_likelihood_pressure_index,joint_covariate_region_mean
2024-09-15,SHG,0.531631394044334,censored_likelihood_pressure_index,joint_covariate_region_mean
2024-09-16,BDH,0.5086529791495189,censored_likelihood_pressure_index,joint_covariate_region_mean
2024-09-16,HGA,2.0246751120742723,censored_likelihood_pressure_index,joint_covariate_region_mean
2024-09-16,SHG,0.2159132413572468,censored_likelihood_pressure_index,joint_covariate_region_mean
2024-09-17,BDH,0.5416880051312536,censored_likelihood_pressure_index,joint_covariate_region_mean
2024-09-17,HGA,2.0909065266504787,censored_likelihood_pressure_index,joint_covariate_region_mean
2024-09-17,SHG,0.2425381352691761,censored_likelihood_pressure_index,joint_covariate_region_mean
2024-09-18,BDH,0.12634721048529224,censored_likelihood_pressure_index,joint_covariate_region_mean
2024-09-18,HGA,1.2581961671727173,censored_likelihood_pressure_index,joint_covariate_region_mean
2024-09-18,SHG,0.0,censored_likelihood_pressure_index,joint_covariate_region_mean
2024-09-19,BDH,0.14111020533334045,censored_likelihood_pressure_index,joint_covariate_region_mean
2024-09-19,HGA,1.2877942680704764,censored_likelihood_pressure_index,joint_covariate_region_mean
2024-09-19,SHG,0.0,censored_likelihood_pressure_index,joint_covariate_region_mean
2024-09-20,BDH,0.11030612456393366,censored_likelihood_pressure_index,joint_covariate_region_mean
2024-09-20,HGA,1.226035641175327,censored_likelihood_pressure_index,joint_covariate_region_mean
2024-09-20,SHG,0.0,censored_likelihood_pressure_index,joint_covariate_region_mean
2024-09-21,BDH,0.3330191071987411,censored_likelihood_pressure_index,joint_covariate_region_mean
2024-09-21,HGA,1.6725494684247737,censored_likelihood_pressure_index,joint_covariate_region_mean
2024-09-21,SHG,0.07435944900919955,censored_likelihood_pressure_index,joint_covariate_region_mean
2024-09-22,BDH,0.275509574042081,censored_likelihood_pressure_index,joint_covariate_region_mean
2024-09-22,HGA,1.5572494915248378,censored_likelihood_pressure_index,joint_covariate_region_mean
2024-09-22,SHG,0.0280090928730411,censored_likelihood_pressure_index,joint_covariate_region_mean
2024-09-23,BDH,0.04393865666242481,censored_likelihood_pressure_index,joint_covariate_region_mean
2024-09-23,HGA,1.0929765273914231,censored_likelihood_pressure_index,joint_covariate_region_mean
2024-09-23,SHG,0.0,censored_likelihood_pressure_index,joint_covariate_region_mean
2024-09-24,BDH,0.07642800949364176,censored_likelihood_pressure_index,joint_covariate_region_mean
2024-09-24,HGA,1.158113930276068,censored_likelihood_pressure_index,joint_covariate_region_mean
2024-09-24,SHG,0.0,censored_likelihood_pressure_index,joint_covariate_region_mean
2024-09-25,BDH,0.06697744372664519,censored_likelihood_pressure_index,joint_covariate_region_mean
2024-09-25,HGA,1.13916663658725,censored_likelihood_pressure_index,joint_covariate_region_mean
2024-09-25,SHG,0.0,censored_likelihood_pressure_index,joint_covariate_region_mean
2024-09-26,BDH,0.09051693131978056,censored_likelihood_pressure_index,joint_covariate_region_mean
2024-09-26,HGA,1.1863605925585397,censored_likelihood_pressure_index,joint_covariate_region_mean
2024-09-26,SHG,0.0,censored_likelihood_pressure_index,joint_covariate_region_mean
2024-09-27,BDH,0.06907824563838312,censored_likelihood_pressure_index,joint_covariate_region_mean
2024-09-27,HGA,1.1433785019702447,censored_likelihood_pressure_index,joint_covariate_region_mean
2024-09-27,SHG,0.0,censored_likelihood_pressure_index,joint_covariate_region_mean
2024-09-28,BDH,0.29611409689717016,censored_likelihood_pressure_index,joint_covariate_region_mean
2024-09-28,HGA,1.5985591819157228,censored_likelihood_pressure_index,joint_covariate_region_mean
2024-09-28,SHG,0.04461550436567895,censored_likelihood_pressure_index,joint_covariate_region_mean
2024-09-29,BDH,0.2952953108608257,censored_likelihood_pressure_index,joint_covariate_region_mean
2024-09-29,HGA,1.5969176104075813,censored_likelihood_pressure_index,joint_covariate_region_mean
2024-09-29,SHG,0.0439555959591806,censored_likelihood_pressure_index,joint_covariate_region_mean
2024-09-30,BDH,0.0,censored_likelihood_pressure_index,joint_covariate_region_mean
2024-09-30,HGA,0.9932115667485815,censored_likelihood_pressure_index,joint_covariate_region_mean
2024-09-30,SHG,0.0,censored_likelihood_pressure_index,joint_covariate_region_mean
2024-10-01,BDH,0.6445018522517321,censored_likelihood_pressure_index,joint_covariate_region_mean
2024-10-01,HGA,2.2970364245526644,censored_likelihood_pressure_index,joint_covariate_region_mean
2024-10-01,SHG,0.3254019348549121,censored_likelihood_pressure_index,joint_covariate_region_mean
2024-10-02,BDH,0.7446197508685499,censored_likelihood_pressure_index,joint_covariate_region_mean
2024-10-02,HGA,2.497761256839926,censored_likelihood_pressure_index,joint_covariate_region_mean
2024-10-02,SHG,0.40609290906004525,censored_likelihood_pressure_index,joint_covariate_region_mean
2024-10-03,BDH,0.7025521832988639,censored_likelihood_pressure_index,joint_covariate_region_mean
2024-10-03,HGA,2.413420638810416,censored_likelihood_pressure_index,joint_covariate_region_mean
2024-10-03,SHG,0.37218815220303286,censored_likelihood_pressure_index,joint_covariate_region_mean
2024-10-04,BDH,0.6670785406107833,censored_likelihood_pressure_index,joint_covariate_region_mean
2024-10-04,HGA,2.342300079174667,censored_likelihood_pressure_index,joint_covariate_region_mean
2024-10-04,SHG,0.34359783192412524,censored_likelihood_pressure_index,joint_covariate_region_mean
2024-10-05,BDH,1.0029208380277597,censored_likelihood_pressure_index,joint_covariate_region_mean
2024-10-05,HGA,3.015625126497098,censored_likelihood_pressure_index,joint_covariate_region_mean
2024-10-05,SHG,0.614273131069025,censored_likelihood_pressure_index,joint_covariate_region_mean
2024-10-06,BDH,0.8391938376090298,censored_likelihood_pressure_index,joint_covariate_region_mean
2024-10-06,HGA,2.687371386117199,censored_likelihood_pressure_index,joint_covariate_region_mean
2024-10-06,SHG,0.48231579526800833,censored_likelihood_pressure_index,joint_covariate_region_mean
2024-10-07,BDH,0.47965231087738874,censored_likelihood_pressure_index,joint_covariate_region_mean
2024-10-07,HGA,1.9665321191073386,censored_likelihood_pressure_index,joint_covariate_region_mean
2024-10-07,SHG,0.19253987647636434,censored_likelihood_pressure_index,joint_covariate_region_mean
2024-10-08,BDH,0.023689269753642758,censored_likelihood_pressure_index,joint_covariate_region_mean
2024-10-08,HGA,1.052378843587237,censored_likelihood_pressure_index,joint_covariate_region_mean
2024-10-08,SHG,0.0,censored_likelihood_pressure_index,joint_covariate_region_mean
2024-10-09,BDH,0.04993104940602056,censored_likelihood_pressure_index,joint_covariate_region_mean
2024-10-09,HGA,1.1049905832702946,censored_likelihood_pressure_index,joint_covariate_region_mean
2024-10-09,SHG,0.0,censored_likelihood_pressure_index,joint_covariate_region_mean
2024-10-10,BDH,0.0017877366682989562,censored_likelihood_pressure_index,joint_covariate_region_mean
2024-10-10,HGA,1.0084687973704751,censored_likelihood_pressure_index,joint_covariate_region_mean
2024-10-10,SHG,0.0,censored_likelihood_pressure_index,joint_covariate_region_mean
2024-10-11,BDH,0.0,censored_likelihood_pressure_index,joint_covariate_region_mean
2024-10-11,HGA,0.982036690674124,censored_likelihood_pressure_index,joint_covariate_region_mean
2024-10-11,SHG,0.0,censored_likelihood_pressure_index,joint_covariate_region_mean
2024-10-12,BDH,0.21288893730091657,censored_likelihood_pressure_index,joint_covariate_region_mean
2024-10-12,HGA,1.431702341801898,censored_likelihood_pressure_index,joint_covariate_region_mean
2024-10-12,SHG,0.0,censored_likelihood_pressure_index,joint_covariate_region_mean
2024-10-13,BDH,0.17464263871176583,censored_likelihood_pressure_index,joint_covariate_region_mean
2024-10-13,HGA,1.3550229270720902,censored_likelihood_pressure_index,joint_covariate_region_mean
2024-10-13,SHG,0.0,censored_likelihood_pressure_index,joint_covariate_region_mean
2024-10-14,BDH,0.0,censored_likelihood_pressure_index,joint_covariate_region_mean
2024-10-14,HGA,0.8718239875391838,censored_likelihood_pressure_index,joint_covariate_region_mean
2024-10-14,SHG,0.0,censored_likelihood_pressure_index,joint_covariate_region_mean
2024-10-15,BDH,0.003825967925196065,censored_likelihood_pressure_index,joint_covariate_region_mean
2024-10-15,HGA,1.0125552158116888,censored_likelihood_pressure_index,joint_covariate_region_mean
2024-10-15,SHG,0.0,censored_likelihood_pressure_index,joint_covariate_region_mean
2024-10-16,BDH,0.001406723926546837,censored_likelihood_pressure_index,joint_covariate_region_mean
2024-10-16,HGA,1.0077049107953062,censored_likelihood_pressure_index,joint_covariate_region_mean
2024-10-16,SHG,0.0,censored_likelihood_pressure_index,joint_covariate_region_mean
2024-10-17,BDH,0.0,censored_likelihood_pressure_index,joint_covariate_region_mean
2024-10-17,HGA,0.9781209083223843,censored_likelihood_pressure_index,joint_covariate_region_mean
2024-10-17,SHG,0.0,censored_likelihood_pressure_index,joint_covariate_region_mean
2024-10-18,BDH,0.0,censored_likelihood_pressure_index,joint_covariate_region_mean
2024-10-18,HGA,0.8609955669416909,censored_likelihood_pressure_index,joint_covariate_region_mean
2024-10-18,SHG,0.0,censored_likelihood_pressure_index,joint_covariate_region_mean
2024-10-19,BDH,0.1706291105195212,censored_likelihood_pressure_index,joint_covariate_region_mean
2024-10-19,HGA,1.3469762662412248,censored_likelihood_pressure_index,joint_covariate_region_mean
2024-10-19,SHG,0.0,censored_likelihood_pressure_index,joint_covariate_region_mean
2024-10-20,BDH,0.157297921879416,censored_likelihood_pressure_index,joint_covariate_region_mean
2024-10-20,HGA,1.3202487715480284,censored_likelihood_pressure_index,joint_covariate_region_mean
2024-10-20,SHG,0.0,censored_likelihood_pressure_index,joint_covariate_region_mean
2024-10-21,BDH,0.0,censored_likelihood_pressure_index,joint_covariate_region_mean
2024-10-21,HGA,0.9070484615206902,censored_likelihood_pressure_index,joint_covariate_region_mean
2024-10-21,SHG,0.0,censored_likelihood_pressure_index,joint_covariate_region_mean
2024-10-22,BDH,0.0,censored_likelihood_pressure_index,joint_covariate_region_mean
2024-10-22,HGA,0.9299258192663522,censored_likelihood_pressure_index,joint_covariate_region_mean
2024-10-22,SHG,0.0,censored_likelihood_pressure_index,joint_covariate_region_mean
2024-10-23,BDH,0.0,censored_likelihood_pressure_index,joint_covariate_region_mean
2024-10-23,HGA,0.9282502768141567,censored_likelihood_pressure_index,joint_covariate_region_mean
2024-10-23,SHG,0.0,censored_likelihood_pressure_index,joint_covariate_region_mean
2024-10-24,BDH,0.0,censored_likelihood_pressure_index,joint_covariate_region_mean
2024-10-24,HGA,0.9367428707961742,censored_likelihood_pressure_index,joint_covariate_region_mean
2024-10-24,SHG,0.0,censored_likelihood_pressure_index,joint_covariate_region_mean
2024-10-25,BDH,0.0,censored_likelihood_pressure_index,joint_covariate_region_mean
2024-10-25,HGA,0.9353835128607815,censored_likelihood_pressure_index,joint_covariate_region_mean
2024-10-25,SHG,0.0,censored_likelihood_pressure_index,joint_covariate_region_mean
2024-10-26,BDH,0.12280349518429184,censored_likelihood_pressure_index,joint_covariate_region_mean
2024-10-26,HGA,1.2510914269684759,censored_likelihood_pressure_index,joint_covariate_region_mean
2024-10-26,SHG,0.0,censored_likelihood_pressure_index,joint_covariate_region_mean
2024-10-27,BDH,0.1409927004633027,censored_likelihood_pressure_index,joint_covariate_region_mean
2024-10-27,HGA,1.2875586843670912,censored_likelihood_pressure_index,joint_covariate_region_mean
2024-10-27,SHG,0.0,censored_likelihood_pressure_index,joint_covariate_region_mean
2024-10-28,BDH,0.0,censored_likelihood_pressure_index,joint_covariate_region_mean
2024-10-28,HGA,0.8355128076929244,censored_likelihood_pressure_index,joint_covariate_region_mean
2024-10-28,SHG,0.0,censored_likelihood_pressure_index,joint_covariate_region_mean
2024-10-29,BDH,0.0,censored_likelihood_pressure_index,joint_covariate_region_mean
2024-10-29,HGA,0.9459923682806357,censored_likelihood_pressure_index,joint_covariate_region_mean
2024-10-29,SHG,0.0,censored_likelihood_pressure_index,joint_covariate_region_mean
2024-10-30,BDH,0.0,censored_likelihood_pressure_index,joint_covariate_region_mean
2024-10-30,HGA,0.9792786249217358,censored_likelihood_pressure_index,joint_covariate_region_mean
2024-10-30,SHG,0.0,censored_likelihood_pressure_index,joint_covariate_region_mean
2024-10-31,BDH,0.09398665322791096,censored_likelihood_pressure_index,joint_covariate_region_mean
2024-10-31,HGA,1.193316984549531,censored_likelihood_pressure_index,joint_covariate_region_mean
2024-10-31,SHG,0.0,censored_likelihood_pressure_index,joint_covariate_region_mean
2024-11-01,BDH,0.0,censored_likelihood_pressure_index,joint_covariate_region_mean
2024-11-01,HGA,0.9037901195838514,censored_likelihood_pressure_index,joint_covariate_region_mean
2024-11-01,SHG,0.0,censored_likelihood_pressure_index,joint_covariate_region_mean
2024-11-02,BDH,0.19215998228669984,censored_likelihood_pressure_index,joint_covariate_region_mean
2024-11-02,HGA,1.390143179292469,censored_likelihood_pressure_index,joint_covariate_region_mean
2024-11-02,SHG,0.0,censored_likelihood_pressure_index,joint_covariate_region_mean
2024-11-03,BDH,0.16206485829027287,censored_likelihood_pressure_index,joint_covariate_region_mean
2024-11-03,HGA,1.3298059289076272,censored_likelihood_pressure_index,joint_covariate_region_mean
2024-11-03,SHG,0.0,censored_likelihood_pressure_index,joint_covariate_region_mean
2024-11-04,BDH,0.0,censored_likelihood_pressure_index,joint_covariate_region_mean
2024-11-04,HGA,0.8334741258825387,censored_likelihood_pressure_index,joint_covariate_region_mean
2024-11-04,SHG,0.0,censored_likelihood_pressure_index,joint_covariate_region_mean
2024-11-05,BDH,0.0,censored_likelihood_pressure_index,joint_covariate_region_mean
2024-11-05,HGA,0.899050557531655,censored_likelihood_pressure_index,joint_covariate_region_mean
2024-11-05,SHG,0.0,censored_likelihood_pressure_index,joint_covariate_region_mean
2024-11-06,BDH,0.0,censored_likelihood_pressure_index,joint_covariate_region_mean
2024-11-06,HGA,0.9052163709498671,censored_likelihood_pressure_index,joint_covariate_region_mean
2024-11-06,SHG,0.0,censored_likelihood_pressure_index,joint_covariate_region_mean
2024-11-07,BDH,0.0021769323051325255,censored_likelihood_pressure_index,joint_covariate_region_mean
2024-11-07,HGA,1.009249089705908,censored_likelihood_pressure_index,joint_covariate_region_mean
2024-11-07,SHG,0.0,censored_likelihood_pressure_index,joint_covariate_region_mean
2024-11-08,BDH,0.0,censored_likelihood_pressure_index,joint_covariate_region_mean
2024-11-08,HGA,0.8641837262251293,censored_likelihood_pressure_index,joint_covariate_region_mean
2024-11-08,SHG,0.0,censored_likelihood_pressure_index,joint_covariate_region_mean
2024-11-09,BDH,0.11039381299606553,censored_likelihood_pressure_index,joint_covariate_region_mean
2024-11-09,HGA,1.2262114463617761,censored_likelihood_pressure_index,joint_covariate_region_mean
2024-11-09,SHG,0.0,censored_likelihood_pressure_index,joint_covariate_region_mean
2024-11-10,BDH,0.10370137254941206,censored_likelihood_pressure_index,joint_covariate_region_mean
2024-11-10,HGA,1.2127938756296097,censored_likelihood_pressure_index,joint_covariate_region_mean
2024-11-10,SHG,0.0,censored_likelihood_pressure_index,joint_covariate_region_mean
2024-11-11,BDH,0.0,censored_likelihood_pressure_index,joint_covariate_region_mean
2024-11-11,HGA,0.774915934167203,censored_likelihood_pressure_index,joint_covariate_region_mean
2024-11-11,SHG,0.0,censored_likelihood_pressure_index,joint_covariate_region_mean
2024-11-12,BDH,0.0,censored_likelihood_pressure_index,joint_covariate_region_mean
2024-11-12,HGA,0.8064459076070256,censored_likelihood_pressure_index,joint_covariate_region_mean
2024-11-12,SHG,0.0,censored_likelihood_pressure_index,joint_covariate_region_mean
2024-11-13,BDH,0.0,censored_likelihood_pressure_index,joint_covariate_region_mean
2024-11-13,HGA,0.8563924529730587,censored_likelihood_pressure_index,joint_covariate_region_mean
2024-11-13,SHG,0.0,censored_likelihood_pressure_index,joint_covariate_region_mean
2024-11-14,BDH,0.0,censored_likelihood_pressure_index,joint_covariate_region_mean
2024-11-14,HGA,0.7078490916976561,censored_likelihood_pressure_index,joint_covariate_region_mean
2024-11-14,SHG,0.0,censored_likelihood_pressure_index,joint_covariate_region_mean
2024-11-15,BDH,0.0,censored_likelihood_pressure_index,joint_covariate_region_mean
2024-11-15,HGA,0.886574676319825,censored_likelihood_pressure_index,joint_covariate_region_mean
2024-11-15,SHG,0.0,censored_likelihood_pressure_index,joint_covariate_region_mean
2024-11-16,BDH,0.15585243475438246,censored_likelihood_pressure_index,joint_covariate_region_mean
2024-11-16,HGA,1.3173507366835913,censored_likelihood_pressure_index,joint_covariate_region_mean
2024-11-16,SHG,0.0,censored_likelihood_pressure_index,joint_covariate_region_mean
2024-11-17,BDH,0.11495664683075006,censored_likelihood_pressure_index,joint_covariate_region_mean
2024-11-17,HGA,1.2353594016112868,censored_likelihood_pressure_index,joint_covariate_region_mean
2024-11-17,SHG,0.0,censored_likelihood_pressure_index,joint_covariate_region_mean
2024-11-18,BDH,0.0,censored_likelihood_pressure_index,joint_covariate_region_mean
2024-11-18,HGA,0.7980394777973139,censored_likelihood_pressure_index,joint_covariate_region_mean
2024-11-18,SHG,0.0,censored_likelihood_pressure_index,joint_covariate_region_mean
2024-11-19,BDH,0.0,censored_likelihood_pressure_index,joint_covariate_region_mean
2024-11-19,HGA,0.8024831823624019,censored_likelihood_pressure_index,joint_covariate_region_mean
2024-11-19,SHG,0.0,censored_likelihood_pressure_index,joint_covariate_region_mean
2024-11-20,BDH,0.0,censored_likelihood_pressure_index,joint_covariate_region_mean
2024-11-20,HGA,0.8918786946152202,censored_likelihood_pressure_index,joint_covariate_region_mean
2024-11-20,SHG,0.0,censored_likelihood_pressure_index,joint_covariate_region_mean
2024-11-21,BDH,0.0,censored_likelihood_pressure_index,joint_covariate_region_mean
2024-11-21,HGA,0.8872277875230328,censored_likelihood_pressure_index,joint_covariate_region_mean
2024-11-21,SHG,0.0,censored_likelihood_pressure_index,joint_covariate_region_mean
2024-11-22,BDH,0.0,censored_likelihood_pressure_index,joint_covariate_region_mean
2024-11-22,HGA,0.8834276552180491,censored_likelihood_pressure_index,joint_covariate_region_mean
2024-11-22,SHG,0.0,censored_likelihood_pressure_index,joint_covariate_region_mean
2024-11-23,BDH,0.07977783646924713,censored_likelihood_pressure_index,joint_covariate_region_mean
2024-11-23,HGA,1.1648299467642205,censored_likelihood_pressure_index,joint_covariate_region_mean
2024-11-23,SHG,0.0,censored_likelihood_pressure_index,joint_covariate_region_mean
2024-11-24,BDH,0.07269018491573725,censored_likelihood_pressure_index,joint_covariate_region_mean
2024-11-24,HGA,1.150620023373461,censored_likelihood_pressure_index,joint_covariate_region_mean
2024-11-24,SHG,0.0,censored_likelihood_pressure_index,joint_covariate_region_mean
2024-11-25,BDH,0.0,censored_likelihood_pressure_index,joint_covariate_region_mean
2024-11-25,HGA,0.753551353040901,censored_likelihood_pressure_index,joint_covariate_region_mean
2024-11-25,SHG,0.0,censored_likelihood_pressure_index,joint_covariate_region_mean
2024-11-26,BDH,0.0,censored_likelihood_pressure_index,joint_covariate_region_mean
2024-11-26,HGA,0.8817904382078834,censored_likelihood_pressure_index,joint_covariate_region_mean
2024-11-26,SHG,0.0,censored_likelihood_pressure_index,joint_covariate_region_mean
2024-11-27,BDH,0.0,censored_likelihood_pressure_index,joint_covariate_region_mean
2024-11-27,HGA,0.8444876696492032,censored_likelihood_pressure_index,joint_covariate_region_mean
2024-11-27,SHG,0.0,censored_likelihood_pressure_index,joint_covariate_region_mean
2024-11-28,BDH,0.0,censored_likelihood_pressure_index,joint_covariate_region_mean
2024-11-28,HGA,0.8077571076903145,censored_likelihood_pressure_index,joint_covariate_region_mean
2024-11-28,SHG,0.0,censored_likelihood_pressure_index,joint_covariate_region_mean
2024-11-29,BDH,0.0,censored_likelihood_pressure_index,joint_covariate_region_mean
2024-11-29,HGA,0.812284109751203,censored_likelihood_pressure_index,joint_covariate_region_mean
2024-11-29,SHG,0.0,censored_likelihood_pressure_index,joint_covariate_region_mean
2024-11-30,BDH,0.08353055232674572,censored_likelihood_pressure_index,joint_covariate_region_mean
2024-11-30,HGA,1.1723537089638358,censored_likelihood_pressure_index,joint_covariate_region_mean
2024-11-30,SHG,0.0,censored_likelihood_pressure_index,joint_covariate_region_mean
2024-12-01,BDH,0.09654335779740951,censored_likelihood_pressure_index,joint_covariate_region_mean
2024-12-01,HGA,1.1984428821463715,censored_likelihood_pressure_index,joint_covariate_region_mean
2024-12-01,SHG,0.0,censored_likelihood_pressure_index,joint_covariate_region_mean
2024-12-02,BDH,0.0,censored_likelihood_pressure_index,joint_covariate_region_mean
2024-12-02,HGA,0.7482870429613855,censored_likelihood_pressure_index,joint_covariate_region_mean
2024-12-02,SHG,0.0,censored_likelihood_pressure_index,joint_covariate_region_mean
2024-12-03,BDH,0.0,censored_likelihood_pressure_index,joint_covariate_region_mean
2024-12-03,HGA,0.7898347183590342,censored_likelihood_pressure_index,joint_covariate_region_mean
2024-12-03,SHG,0.0,censored_likelihood_pressure_index,joint_covariate_region_mean
2024-12-04,BDH,0.0,censored_likelihood_pressure_index,joint_covariate_region_mean
2024-12-04,HGA,0.7774206890043889,censored_likelihood_pressure_index,joint_covariate_region_mean
2024-12-04,SHG,0.0,censored_likelihood_pressure_index,joint_covariate_region_mean
2024-12-05,BDH,0.0,censored_likelihood_pressure_index,joint_covariate_region_mean
2024-12-05,HGA,0.8741234784716958,censored_likelihood_pressure_index,joint_covariate_region_mean
2024-12-05,SHG,0.0,censored_likelihood_pressure_index,joint_covariate_region_mean
2024-12-06,BDH,0.0,censored_likelihood_pressure_index,joint_covariate_region_mean
2024-12-06,HGA,0.776843141747871,censored_likelihood_pressure_index,joint_covariate_region_mean
2024-12-06,SHG,0.0,censored_likelihood_pressure_index,joint_covariate_region_mean
2024-12-07,BDH,0.07852640990593272,censored_likelihood_pressure_index,joint_covariate_region_mean
2024-12-07,HGA,1.1623209809298243,censored_likelihood_pressure_index,joint_covariate_region_mean
2024-12-07,SHG,0.0,censored_likelihood_pressure_index,joint_covariate_region_mean
2024-12-08,BDH,0.08788058895990092,censored_likelihood_pressure_index,joint_covariate_region_mean
2024-12-08,HGA,1.1810750303828494,censored_likelihood_pressure_index,joint_covariate_region_mean
2024-12-08,SHG,0.0,censored_likelihood_pressure_index,joint_covariate_region_mean
2024-12-09,BDH,0.0,censored_likelihood_pressure_index,joint_covariate_region_mean
2024-12-09,HGA,0.7709002526841235,censored_likelihood_pressure_index,joint_covariate_region_mean
2024-12-09,SHG,0.0,censored_likelihood_pressure_index,joint_covariate_region_mean
2024-12-10,BDH,0.0,censored_likelihood_pressure_index,joint_covariate_region_mean
2024-12-10,HGA,0.8128785028920684,censored_likelihood_pressure_index,joint_covariate_region_mean
2024-12-10,SHG,0.0,censored_likelihood_pressure_index,joint_covariate_region_mean
2024-12-11,BDH,0.0,censored_likelihood_pressure_index,joint_covariate_region_mean
2024-12-11,HGA,0.8405960715396907,censored_likelihood_pressure_index,joint_covariate_region_mean
2024-12-11,SHG,0.0,censored_likelihood_pressure_index,joint_covariate_region_mean
2024-12-12,BDH,0.0,censored_likelihood_pressure_index,joint_covariate_region_mean
2024-12-12,HGA,0.8406577432082623,censored_likelihood_pressure_index,joint_covariate_region_mean
2024-12-12,SHG,0.0,censored_likelihood_pressure_index,joint_covariate_region_mean
2024-12-13,BDH,0.0,censored_likelihood_pressure_index,joint_covariate_region_mean
2024-12-13,HGA,0.727504707575855,censored_likelihood_pressure_index,joint_covariate_region_mean
2024-12-13,SHG,0.0,censored_likelihood_pressure_index,joint_covariate_region_mean
2024-12-14,BDH,0.0686477052117874,censored_likelihood_pressure_index,joint_covariate_region_mean
2024-12-14,HGA,1.142515318102872,censored_likelihood_pressure_index,joint_covariate_region_mean
2024-12-14,SHG,0.0,censored_likelihood_pressure_index,joint_covariate_region_mean
2024-12-15,BDH,0.0415720415826284,censored_likelihood_pressure_index,joint_covariate_region_mean
2024-12-15,HGA,1.0882317372835248,censored_likelihood_pressure_index,joint_covariate_region_mean
2024-12-15,SHG,0.0,censored_likelihood_pressure_index,joint_covariate_region_mean
2024-12-16,BDH,0.0,censored_likelihood_pressure_index,joint_covariate_region_mean
2024-12-16,HGA,0.714683212626904,censored_likelihood_pressure_index,joint_covariate_region_mean
2024-12-16,SHG,0.0,censored_likelihood_pressure_index,joint_covariate_region_mean
2024-12-17,BDH,0.0,censored_likelihood_pressure_index,joint_covariate_region_mean
2024-12-17,HGA,0.7341880742866727,censored_likelihood_pressure_index,joint_covariate_region_mean
2024-12-17,SHG,0.0,censored_likelihood_pressure_index,joint_covariate_region_mean
2024-12-18,BDH,0.0,censored_likelihood_pressure_index,joint_covariate_region_mean
2024-12-18,HGA,0.7538209881278848,censored_likelihood_pressure_index,joint_covariate_region_mean
2024-12-18,SHG,0.0,censored_likelihood_pressure_index,joint_covariate_region_mean
2024-12-19,BDH,0.0,censored_likelihood_pressure_index,joint_covariate_region_mean
2024-12-19,HGA,0.8418328689949015,censored_likelihood_pressure_index,joint_covariate_region_mean
2024-12-19,SHG,0.0,censored_likelihood_pressure_index,joint_covariate_region_mean
2024-12-20,BDH,0.0,censored_likelihood_pressure_index,joint_covariate_region_mean
2024-12-20,HGA,0.8327687297226318,censored_likelihood_pressure_index,joint_covariate_region_mean
2024-12-20,SHG,0.0,censored_likelihood_pressure_index,joint_covariate_region_mean
2024-12-21,BDH,0.09543094679342652,censored_likelihood_pressure_index,joint_covariate_region_mean
2024-12-21,HGA,1.1962126264648818,censored_likelihood_pressure_index,joint_covariate_region_mean
2024-12-21,SHG,0.0,censored_likelihood_pressure_index,joint_covariate_region_mean
2024-12-22,BDH,0.035182063907926074,censored_likelihood_pressure_index,joint_covariate_region_mean
2024-12-22,HGA,1.075420569502397,censored_likelihood_pressure_index,joint_covariate_region_mean
2024-12-22,SHG,0.0,censored_likelihood_pressure_index,joint_covariate_region_mean
2024-12-23,BDH,0.0,censored_likelihood_pressure_index,joint_covariate_region_mean
2024-12-23,HGA,0.75712171625659,censored_likelihood_pressure_index,joint_covariate_region_mean
2024-12-23,SHG,0.0,censored_likelihood_pressure_index,joint_covariate_region_mean
2024-12-24,BDH,0.0,censored_likelihood_pressure_index,joint_covariate_region_mean
2024-12-24,HGA,0.8240714382770928,censored_likelihood_pressure_index,joint_covariate_region_mean
2024-12-24,SHG,0.0,censored_likelihood_pressure_index,joint_covariate_region_mean
2024-12-25,BDH,0.0,censored_likelihood_pressure_index,joint_covariate_region_mean
2024-12-25,HGA,0.8119807145016285,censored_likelihood_pressure_index,joint_covariate_region_mean
2024-12-25,SHG,0.0,censored_likelihood_pressure_index,joint_covariate_region_mean
2024-12-26,BDH,0.0,censored_likelihood_pressure_index,joint_covariate_region_mean
2024-12-26,HGA,0.788335864829272,censored_likelihood_pressure_index,joint_covariate_region_mean
2024-12-26,SHG,0.0,censored_likelihood_pressure_index,joint_covariate_region_mean
2024-12-27,BDH,0.0,censored_likelihood_pressure_index,joint_covariate_region_mean
2024-12-27,HGA,0.751484228793144,censored_likelihood_pressure_index,joint_covariate_region_mean
2024-12-27,SHG,0.0,censored_likelihood_pressure_index,joint_covariate_region_mean
2024-12-28,BDH,0.061515180758070845,censored_likelihood_pressure_index,joint_covariate_region_mean
2024-12-28,HGA,1.1282154297259042,censored_likelihood_pressure_index,joint_covariate_region_mean
2024-12-28,SHG,0.0,censored_likelihood_pressure_index,joint_covariate_region_mean
2024-12-29,BDH,0.0,censored_likelihood_pressure_index,joint_covariate_region_mean
2024-12-29,HGA,0.9887753426277226,censored_likelihood_pressure_index,joint_covariate_region_mean
2024-12-29,SHG,0.0,censored_likelihood_pressure_index,joint_covariate_region_mean
2024-12-30,BDH,0.0,censored_likelihood_pressure_index,joint_covariate_region_mean
2024-12-30,HGA,0.6972007348615119,censored_likelihood_pressure_index,joint_covariate_region_mean
2024-12-30,SHG,0.0,censored_likelihood_pressure_index,joint_covariate_region_mean
2024-12-31,BDH,0.0,censored_likelihood_pressure_index,joint_covariate_region_mean
2024-12-31,HGA,0.7040966207808834,censored_likelihood_pressure_index,joint_covariate_region_mean
2024-12-31,SHG,0.0,censored_likelihood_pressure_index,joint_covariate_region_mean
2025-01-01,BDH,0.1719021264393551,censored_likelihood_pressure_index,joint_covariate_region_mean
2025-01-01,HGA,1.3495285162438506,censored_likelihood_pressure_index,joint_covariate_region_mean
2025-01-01,SHG,0.0,censored_likelihood_pressure_index,joint_covariate_region_mean
2025-01-02,BDH,0.0,censored_likelihood_pressure_index,joint_covariate_region_mean
2025-01-02,HGA,0.746508493192644,censored_likelihood_pressure_index,joint_covariate_region_mean
2025-01-02,SHG,0.0,censored_likelihood_pressure_index,joint_covariate_region_mean
2025-01-03,BDH,0.0,censored_likelihood_pressure_index,joint_covariate_region_mean
2025-01-03,HGA,0.9230839831088333,censored_likelihood_pressure_index,joint_covariate_region_mean
2025-01-03,SHG,0.0,censored_likelihood_pressure_index,joint_covariate_region_mean
2025-01-04,BDH,0.15357469962877573,censored_likelihood_pressure_index,joint_covariate_region_mean
2025-01-04,HGA,1.3127841406263565,censored_likelihood_pressure_index,joint_covariate_region_mean
2025-01-04,SHG,0.0,censored_likelihood_pressure_index,joint_covariate_region_mean
2025-01-05,BDH,0.06927850553925836,censored_likelihood_pressure_index,joint_covariate_region_mean
2025-01-05,HGA,1.1437799999598388,censored_likelihood_pressure_index,joint_covariate_region_mean
2025-01-05,SHG,0.0,censored_likelihood_pressure_index,joint_covariate_region_mean
2025-01-06,BDH,0.0,censored_likelihood_pressure_index,joint_covariate_region_mean
2025-01-06,HGA,0.7307042363573231,censored_likelihood_pressure_index,joint_covariate_region_mean
2025-01-06,SHG,0.0,censored_likelihood_pressure_index,joint_covariate_region_mean
2025-01-07,BDH,0.0,censored_likelihood_pressure_index,joint_covariate_region_mean
2025-01-07,HGA,0.7803244335141808,censored_likelihood_pressure_index,joint_covariate_region_mean
2025-01-07,SHG,0.0,censored_likelihood_pressure_index,joint_covariate_region_mean
2025-01-08,BDH,0.0,censored_likelihood_pressure_index,joint_covariate_region_mean
2025-01-08,HGA,0.8070153617278297,censored_likelihood_pressure_index,joint_covariate_region_mean
2025-01-08,SHG,0.0,censored_likelihood_pressure_index,joint_covariate_region_mean
2025-01-09,BDH,0.0,censored_likelihood_pressure_index,joint_covariate_region_mean
2025-01-09,HGA,0.797776065552632,censored_likelihood_pressure_index,joint_covariate_region_mean
2025-01-09,SHG,0.0,censored_likelihood_pressure_index,joint_covariate_region_mean
2025-01-10,BDH,0.0,censored_likelihood_pressure_index,joint_covariate_region_mean
2025-01-10,HGA,0.8876373971145506,censored_likelihood_pressure_index,joint_covariate_region_mean
2025-01-10,SHG,0.0,censored_likelihood_pressure_index,joint_covariate_region_mean
2025-01-11,BDH,0.04641835540227778,censored_likelihood_pressure_index,joint_covariate_region_mean
2025-01-11,HGA,1.0979480371869381,censored_likelihood_pressure_index,joint_covariate_region_mean
2025-01-11,SHG,0.0,censored_likelihood_pressure_index,joint_covariate_region_mean
2025-01-12,BDH,0.019165150944338065,censored_likelihood_pressure_index,joint_covariate_region_mean
2025-01-12,HGA,1.0433085074955764,censored_likelihood_pressure_index,joint_covariate_region_mean
2025-01-12,SHG,0.0,censored_likelihood_pressure_index,joint_covariate_region_mean
2025-01-13,BDH,0.0,censored_likelihood_pressure_index,joint_covariate_region_mean
2025-01-13,HGA,0.7097442356502739,censored_likelihood_pressure_index,joint_covariate_region_mean
2025-01-13,SHG,0.0,censored_likelihood_pressure_index,joint_covariate_region_mean
2025-01-14,BDH,0.0,censored_likelihood_pressure_index,joint_covariate_region_mean
2025-01-14,HGA,0.8685215194164646,censored_likelihood_pressure_index,joint_covariate_region_mean
2025-01-14,SHG,0.0,censored_likelihood_pressure_index,joint_covariate_region_mean
2025-01-15,BDH,0.0,censored_likelihood_pressure_index,joint_covariate_region_mean
2025-01-15,HGA,0.8680039776146535,censored_likelihood_pressure_index,joint_covariate_region_mean
2025-01-15,SHG,0.0,censored_likelihood_pressure_index,joint_covariate_region_mean
2025-01-16,BDH,0.0,censored_likelihood_pressure_index,joint_covariate_region_mean
2025-01-16,HGA,0.9350512832739557,censored_likelihood_pressure_index,joint_covariate_region_mean
2025-01-16,SHG,0.0,censored_likelihood_pressure_index,joint_covariate_region_mean
2025-01-17,BDH,0.0,censored_likelihood_pressure_index,joint_covariate_region_mean
2025-01-17,HGA,0.811354372436746,censored_likelihood_pressure_index,joint_covariate_region_mean
2025-01-17,SHG,0.0,censored_likelihood_pressure_index,joint_covariate_region_mean
2025-01-18,BDH,0.09150797308036332,censored_likelihood_pressure_index,joint_covariate_region_mean
2025-01-18,HGA,1.188347516914034,censored_likelihood_pressure_index,joint_covariate_region_mean
2025-01-18,SHG,0.0,censored_likelihood_pressure_index,joint_covariate_region_mean
2025-01-19,BDH,0.09835628169787304,censored_likelihood_pressure_index,joint_covariate_region_mean
2025-01-19,HGA,1.2020775853402816,censored_likelihood_pressure_index,joint_covariate_region_mean
2025-01-19,SHG,0.0,censored_likelihood_pressure_index,joint_covariate_region_mean
2025-01-20,BDH,0.0,censored_likelihood_pressure_index,joint_covariate_region_mean
2025-01-20,HGA,0.8077444905602036,censored_likelihood_pressure_index,joint_covariate_region_mean
2025-01-20,SHG,0.0,censored_likelihood_pressure_index,joint_covariate_region_mean
2025-01-21,BDH,0.0,censored_likelihood_pressure_index,joint_covariate_region_mean
2025-01-21,HGA,0.9806153499542718,censored_likelihood_pressure_index,joint_covariate_region_mean
2025-01-21,SHG,0.0,censored_likelihood_pressure_index,joint_covariate_region_mean
2025-01-22,BDH,0.0,censored_likelihood_pressure_index,joint_covariate_region_mean
2025-01-22,HGA,0.9949520939987184,censored_likelihood_pressure_index,joint_covariate_region_mean
2025-01-22,SHG,0.0,censored_likelihood_pressure_index,joint_covariate_region_mean
2025-01-23,BDH,0.0,censored_likelihood_pressure_index,joint_covariate_region_mean
2025-01-23,HGA,0.8604963229380369,censored_likelihood_pressure_index,joint_covariate_region_mean
2025-01-23,SHG,0.0,censored_likelihood_pressure_index,joint_covariate_region_mean
2025-01-24,BDH,0.0,censored_likelihood_pressure_index,joint_covariate_region_mean
2025-01-24,HGA,0.8391840805176309,censored_likelihood_pressure_index,joint_covariate_region_mean
2025-01-24,SHG,0.0,censored_likelihood_pressure_index,joint_covariate_region_mean
2025-01-25,BDH,0.10362149427674336,censored_likelihood_pressure_index,joint_covariate_region_mean
2025-01-25,HGA,1.212633728911527,censored_likelihood_pressure_index,joint_covariate_region_mean
2025-01-25,SHG,0.0,censored_likelihood_pressure_index,joint_covariate_region_mean
2025-01-26,BDH,0.01479913858219197,censored_likelihood_pressure_index,joint_covariate_region_mean
2025-01-26,HGA,1.034555156583668,censored_likelihood_pressure_index,joint_covariate_region_mean
2025-01-26,SHG,0.0,censored_likelihood_pressure_index,joint_covariate_region_mean
2025-01-27,BDH,0.0,censored_likelihood_pressure_index,joint_covariate_region_mean
2025-01-27,HGA,0.7723520476080905,censored_likelihood_pressure_index,joint_covariate_region_mean
2025-01-27,SHG,0.0,censored_likelihood_pressure_index,joint_covariate_region_mean
2025-01-28,BDH,0.19174889377754384,censored_likelihood_pressure_index,joint_covariate_region_mean
2025-01-28,HGA,1.3893189942746496,censored_likelihood_pressure_index,joint_covariate_region_mean
2025-01-28,SHG,0.0,censored_likelihood_pressure_index,joint_covariate_region_mean
2025-01-29,BDH,0.15842325298770568,censored_likelihood_pressure_index,joint_covariate_region_mean
2025-01-29,HGA,1.3225049305475656,censored_likelihood_pressure_index,joint_covariate_region_mean
2025-01-29,SHG,0.0,censored_likelihood_pressure_index,joint_covariate_region_mean
2025-01-30,BDH,0.16204050530981184,censored_likelihood_pressure_index,joint_covariate_region_mean
2025-01-30,HGA,1.32975710399234,censored_likelihood_pressure_index,joint_covariate_region_mean
2025-01-30,SHG,0.0,censored_likelihood_pressure_index,joint_covariate_region_mean
2025-01-31,BDH,0.2636070212896654,censored_likelihood_pressure_index,joint_covariate_region_mean
2025-01-31,HGA,1.5333862469099775,censored_likelihood_pressure_index,joint_covariate_region_mean
2025-01-31,SHG,0.018416117087599767,censored_likelihood_pressure_index,joint_covariate_region_mean
2025-02-01,BDH,0.6093390554403144,censored_likelihood_pressure_index,joint_covariate_region_mean
2025-02-01,HGA,2.2265390750254217,censored_likelihood_pressure_index,joint_covariate_region_mean
2025-02-01,SHG,0.29706214377170387,censored_likelihood_pressure_index,joint_covariate_region_mean
2025-02-02,BDH,0.5588872123367199,censored_likelihood_pressure_index,joint_covariate_region_mean
2025-02-02,HGA,2.1253889521656615,censored_likelihood_pressure_index,joint_covariate_region_mean
2025-02-02,SHG,0.25640000017184084,censored_likelihood_pressure_index,joint_covariate_region_mean
2025-02-03,BDH,0.2794064237930262,censored_likelihood_pressure_index,joint_covariate_region_mean
2025-02-03,HGA,1.5650622255465616,censored_likelihood_pressure_index,joint_covariate_region_mean
2025-02-03,SHG,0.031149796054779473,censored_likelihood_pressure_index,joint_covariate_region_mean
2025-02-04,BDH,0.2725220125642842,censored_likelihood_pressure_index,joint_covariate_region_mean
2025-02-04,HGA,1.551259775551335,censored_likelihood_pressure_index,joint_covariate_region_mean
2025-02-04,SHG,0.025601239237760597,censored_likelihood_pressure_index,joint_covariate_region_mean
2025-02-05,BDH,0.0,censored_likelihood_pressure_index,joint_covariate_region_mean
2025-02-05,HGA,0.7398228734404395,censored_likelihood_pressure_index,joint_covariate_region_mean
2025-02-05,SHG,0.0,censored_likelihood_pressure_index,joint_covariate_region_mean
2025-02-06,BDH,0.0,censored_likelihood_pressure_index,joint_covariate_region_mean
2025-02-06,HGA,0.8393026114200117,censored_likelihood_pressure_index,joint_covariate_region_mean
2025-02-06,SHG,0.0,censored_likelihood_pressure_index,joint_covariate_region_mean
2025-02-07,BDH,0.0,censored_likelihood_pressure_index,joint_covariate_region_mean
2025-02-07,HGA,0.8290412118280612,censored_likelihood_pressure_index,joint_covariate_region_mean
2025-02-07,SHG,0.0,censored_likelihood_pressure_index,joint_covariate_region_mean
2025-02-08,BDH,0.03694422894212098,censored_likelihood_pressure_index,joint_covariate_region_mean
2025-02-08,HGA,1.0789535070274345,censored_likelihood_pressure_index,joint_covariate_region_mean
2025-02-08,SHG,0.0,censored_likelihood_pressure_index,joint_covariate_region_mean
2025-02-09,BDH,0.10199720249580353,censored_likelihood_pressure_index,joint_covariate_region_mean
2025-02-09,HGA,1.2093772113475443,censored_likelihood_pressure_index,joint_covariate_region_mean
2025-02-09,SHG,0.0,censored_likelihood_pressure_index,joint_covariate_region_mean
2025-02-10,BDH,0.0,censored_likelihood_pressure_index,joint_covariate_region_mean
2025-02-10,HGA,0.7069789144084822,censored_likelihood_pressure_index,joint_covariate_region_mean
2025-02-10,SHG,0.0,censored_likelihood_pressure_index,joint_covariate_region_mean
2025-02-11,BDH,0.0,censored_likelihood_pressure_index,joint_covariate_region_mean
2025-02-11,HGA,0.8475646839793356,censored_likelihood_pressure_index,joint_covariate_region_mean
2025-02-11,SHG,0.0,censored_likelihood_pressure_index,joint_covariate_region_mean
2025-02-12,BDH,0.0,censored_likelihood_pressure_index,joint_covariate_region_mean
2025-02-12,HGA,0.8386469679013993,censored_likelihood_pressure_index,joint_covariate_region_mean
2025-02-12,SHG,0.0,censored_likelihood_pressure_index,joint_covariate_region_mean
2025-02-13,BDH,0.0,censored_likelihood_pressure_index,joint_covariate_region_mean
2025-02-13,HGA,0.7897458959536103,censored_likelihood_pressure_index,joint_covariate_region_mean
2025-02-13,SHG,0.0,censored_likelihood_pressure_index,joint_covariate_region_mean
2025-02-14,BDH,0.0,censored_likelihood_pressure_index,joint_covariate_region_mean
2025-02-14,HGA,0.8241027953771753,censored_likelihood_pressure_index,joint_covariate_region_mean
2025-02-14,SHG,0.0,censored_likelihood_pressure_index,joint_covariate_region_mean
2025-02-15,BDH,0.12213012780044394,censored_likelihood_pressure_index,joint_covariate_region_mean
2025-02-15,HGA,1.2497414030760656,censored_likelihood_pressure_index,joint_covariate_region_mean
2025-02-15,SHG,0.0,censored_likelihood_pressure_index,joint_covariate_region_mean
2025-02-16,BDH,0.0853702497508683,censored_likelihood_pressure_index,joint_covariate_region_mean
2025-02-16,HGA,1.1760420899827948,censored_likelihood_pressure_index,joint_covariate_region_mean
2025-02-16,SHG,0.0,censored_likelihood_pressure_index,joint_covariate_region_mean
2025-02-17,BDH,0.0,censored_likelihood_pressure_index,joint_covariate_region_mean
2025-02-17,HGA,0.6788814027378278,censored_likelihood_pressure_index,joint_covariate_region_mean
2025-02-17,SHG,0.0,censored_likelihood_pressure_index,joint_covariate_region_mean
2025-02-18,BDH,0.0,censored_likelihood_pressure_index,joint_covariate_region_mean
2025-02-18,HGA,0.7431749928168201,censored_likelihood_pressure_index,joint_covariate_region_mean
2025-02-18,SHG,0.0,censored_likelihood_pressure_index,joint_covariate_region_mean
2025-02-19,BDH,0.0,censored_likelihood_pressure_index,joint_covariate_region_mean
2025-02-19,HGA,0.8711226097960867,censored_likelihood_pressure_index,joint_covariate_region_mean
2025-02-19,SHG,0.0,censored_likelihood_pressure_index,joint_covariate_region_mean
2025-02-20,BDH,0.0,censored_likelihood_pressure_index,joint_covariate_region_mean
2025-02-20,HGA,0.8389624209650368,censored_likelihood_pressure_index,joint_covariate_region_mean
2025-02-20,SHG,0.0,censored_likelihood_pressure_index,joint_covariate_region_mean
2025-02-21,BDH,0.0,censored_likelihood_pressure_index,joint_covariate_region_mean
2025-02-21,HGA,0.8112235129670324,censored_likelihood_pressure_index,joint_covariate_region_mean
2025-02-21,SHG,0.0,censored_likelihood_pressure_index,joint_covariate_region_mean
2025-02-22,BDH,0.09832296853145793,censored_likelihood_pressure_index,joint_covariate_region_mean
2025-02-22,HGA,1.2020107962862365,censored_likelihood_pressure_index,joint_covariate_region_mean
2025-02-22,SHG,0.0,censored_likelihood_pressure_index,joint_covariate_region_mean
2025-02-23,BDH,0.0441092053928022,censored_likelihood_pressure_index,joint_covariate_region_mean
2025-02-23,HGA,1.0933184579130857,censored_likelihood_pressure_index,joint_covariate_region_mean
2025-02-23,SHG,0.0,censored_likelihood_pressure_index,joint_covariate_region_mean
2025-02-24,BDH,0.0,censored_likelihood_pressure_index,joint_covariate_region_mean
2025-02-24,HGA,0.7852639892884521,censored_likelihood_pressure_index,joint_covariate_region_mean
2025-02-24,SHG,0.0,censored_likelihood_pressure_index,joint_covariate_region_mean
2025-02-25,BDH,0.0,censored_likelihood_pressure_index,joint_covariate_region_mean
2025-02-25,HGA,0.8100305297980064,censored_likelihood_pressure_index,joint_covariate_region_mean
2025-02-25,SHG,0.0,censored_likelihood_pressure_index,joint_covariate_region_mean
2025-02-26,BDH,0.0,censored_likelihood_pressure_index,joint_covariate_region_mean
2025-02-26,HGA,0.792408837380711,censored_likelihood_pressure_index,joint_covariate_region_mean
2025-02-26,SHG,0.0,censored_likelihood_pressure_index,joint_covariate_region_mean
2025-02-27,BDH,0.0,censored_likelihood_pressure_index,joint_covariate_region_mean
2025-02-27,HGA,0.8822244009617088,censored_likelihood_pressure_index,joint_covariate_region_mean
2025-02-27,SHG,0.0,censored_likelihood_pressure_index,joint_covariate_region_mean
2025-02-28,BDH,0.0,censored_likelihood_pressure_index,joint_covariate_region_mean
2025-02-28,HGA,0.986412747069886,censored_likelihood_pressure_index,joint_covariate_region_mean
2025-02-28,SHG,0.0,censored_likelihood_pressure_index,joint_covariate_region_mean
2025-03-01,BDH,0.16320187335680986,censored_likelihood_pressure_index,joint_covariate_region_mean
2025-03-01,HGA,1.3320855128950244,censored_likelihood_pressure_index,joint_covariate_region_mean
2025-03-01,SHG,0.0,censored_likelihood_pressure_index,joint_covariate_region_mean
2025-03-02,BDH,0.10447265135836073,censored_likelihood_pressure_index,joint_covariate_region_mean
2025-03-02,HGA,1.214340200629553,censored_likelihood_pressure_index,joint_covariate_region_mean
2025-03-02,SHG,0.0,censored_likelihood_pressure_index,joint_covariate_region_mean
2025-03-03,BDH,0.0,censored_likelihood_pressure_index,joint_covariate_region_mean
2025-03-03,HGA,0.7953958939392689,censored_likelihood_pressure_index,joint_covariate_region_mean
2025-03-03,SHG,0.0,censored_likelihood_pressure_index,joint_covariate_region_mean
2025-03-04,BDH,0.0,censored_likelihood_pressure_index,joint_covariate_region_mean
2025-03-04,HGA,0.951795506234012,censored_likelihood_pressure_index,joint_covariate_region_mean
2025-03-04,SHG,0.0,censored_likelihood_pressure_index,joint_covariate_region_mean
2025-03-05,BDH,0.0,censored_likelihood_pressure_index,joint_covariate_region_mean
2025-03-05,HGA,0.9222115862953568,censored_likelihood_pressure_index,joint_covariate_region_mean
2025-03-05,SHG,0.0,censored_likelihood_pressure_index,joint_covariate_region_mean
2025-03-06,BDH,0.0,censored_likelihood_pressure_index,joint_covariate_region_mean
2025-03-06,HGA,0.9469812636651975,censored_likelihood_pressure_index,joint_covariate_region_mean
2025-03-06,SHG,0.0,censored_likelihood_pressure_index,joint_covariate_region_mean
2025-03-07,BDH,0.004939007274136354,censored_likelihood_pressure_index,joint_covariate_region_mean
2025-03-07,HGA,1.0147867312523018,censored_likelihood_pressure_index,joint_covariate_region_mean
2025-03-07,SHG,0.0,censored_likelihood_pressure_index,joint_covariate_region_mean
2025-03-08,BDH,0.18173817989755495,censored_likelihood_pressure_index,joint_covariate_region_mean
2025-03-08,HGA,1.3692486682650404,censored_likelihood_pressure_index,joint_covariate_region_mean
2025-03-08,SHG,0.0,censored_likelihood_pressure_index,joint_covariate_region_mean
2025-03-09,BDH,0.19689589063331536,censored_likelihood_pressure_index,joint_covariate_region_mean
2025-03-09,HGA,1.399638128964161,censored_likelihood_pressure_index,joint_covariate_region_mean
2025-03-09,SHG,0.0,censored_likelihood_pressure_index,joint_covariate_region_mean
2025-03-10,BDH,0.0,censored_likelihood_pressure_index,joint_covariate_region_mean
2025-03-10,HGA,0.959408385528324,censored_likelihood_pressure_index,joint_covariate_region_mean
2025-03-10,SHG,0.0,censored_likelihood_pressure_index,joint_covariate_region_mean
2025-03-11,BDH,0.0569383991276606,censored_likelihood_pressure_index,joint_covariate_region_mean
2025-03-11,HGA,1.1190395107556554,censored_likelihood_pressure_index,joint_covariate_region_mean
2025-03-11,SHG,0.0,censored_likelihood_pressure_index,joint_covariate_region_mean
2025-03-12,BDH,0.022773845729053548,censored_likelihood_pressure_index,joint_covariate_region_mean
2025-03-12,HGA,1.0505435240654935,censored_likelihood_pressure_index,joint_covariate_region_mean
2025-03-12,SHG,0.0,censored_likelihood_pressure_index,joint_covariate_region_mean
2025-03-13,BDH,0.017527436213395236,censored_likelihood_pressure_index,joint_covariate_region_mean
2025-03-13,HGA,1.0400250784659577,censored_likelihood_pressure_index,joint_covariate_region_mean
2025-03-13,SHG,0.0,censored_likelihood_pressure_index,joint_covariate_region_mean
2025-03-14,BDH,0.009967060648404535,censored_likelihood_pressure_index,joint_covariate_region_mean
2025-03-14,HGA,1.0248673979884675,censored_likelihood_pressure_index,joint_covariate_region_mean
2025-03-14,SHG,0.0,censored_likelihood_pressure_index,joint_covariate_region_mean
2025-03-15,BDH,0.2058275427799773,censored_likelihood_pressure_index,joint_covariate_region_mean
2025-03-15,HGA,1.417545060731162,censored_likelihood_pressure_index,joint_covariate_region_mean
2025-03-15,SHG,0.0,censored_likelihood_pressure_index,joint_covariate_region_mean
2025-03-16,BDH,0.1364963369428379,censored_likelihood_pressure_index,joint_covariate_region_mean
2025-03-16,HGA,1.2785439944263635,censored_likelihood_pressure_index,joint_covariate_region_mean
2025-03-16,SHG,0.0,censored_likelihood_pressure_index,joint_covariate_region_mean
2025-03-17,BDH,0.0,censored_likelihood_pressure_index,joint_covariate_region_mean
2025-03-17,HGA,0.9209269340934663,censored_likelihood_pressure_index,joint_covariate_region_mean
2025-03-17,SHG,0.0,censored_likelihood_pressure_index,joint_covariate_region_mean
2025-03-18,BDH,0.0,censored_likelihood_pressure_index,joint_covariate_region_mean
2025-03-18,HGA,0.9520103875483232,censored_likelihood_pressure_index,joint_covariate_region_mean
2025-03-18,SHG,0.0,censored_likelihood_pressure_index,joint_covariate_region_mean
2025-03-19,BDH,0.0,censored_likelihood_pressure_index,joint_covariate_region_mean
2025-03-19,HGA,0.9796173269330317,censored_likelihood_pressure_index,joint_covariate_region_mean
2025-03-19,SHG,0.0,censored_likelihood_pressure_index,joint_covariate_region_mean
2025-03-20,BDH,0.04807740801022583,censored_likelihood_pressure_index,joint_covariate_region_mean
2025-03-20,HGA,1.1012742461973835,censored_likelihood_pressure_index,joint_covariate_region_mean
2025-03-20,SHG,0.0,censored_likelihood_pressure_index,joint_covariate_region_mean
2025-03-21,BDH,0.06683129472739197,censored_likelihood_pressure_index,joint_covariate_region_mean
2025-03-21,HGA,1.138873624710559,censored_likelihood_pressure_index,joint_covariate_region_mean
2025-03-21,SHG,0.0,censored_likelihood_pressure_index,joint_covariate_region_mean
2025-03-22,BDH,0.29966891935746376,censored_likelihood_pressure_index,joint_covariate_region_mean
2025-03-22,HGA,1.6056861906924889,censored_likelihood_pressure_index,joint_covariate_region_mean
2025-03-22,SHG,0.04748054739405108,censored_likelihood_pressure_index,joint_covariate_region_mean
2025-03-23,BDH,0.2310620311302637,censored_likelihood_pressure_index,joint_covariate_region_mean
2025-03-23,HGA,1.4681372976033331,censored_likelihood_pressure_index,joint_covariate_region_mean
2025-03-23,SHG,0.0,censored_likelihood_pressure_index,joint_covariate_region_mean
2025-03-24,BDH,0.0,censored_likelihood_pressure_index,joint_covariate_region_mean
2025-03-24,HGA,0.9961275518445898,censored_likelihood_pressure_index,joint_covariate_region_mean
2025-03-24,SHG,0.0,censored_likelihood_pressure_index,joint_covariate_region_mean
2025-03-25,BDH,0.04654261221033451,censored_likelihood_pressure_index,joint_covariate_region_mean
2025-03-25,HGA,1.0981971577468213,censored_likelihood_pressure_index,joint_covariate_region_mean
2025-03-25,SHG,0.0,censored_likelihood_pressure_index,joint_covariate_region_mean
2025-03-26,BDH,0.11476916507568467,censored_likelihood_pressure_index,joint_covariate_region_mean
2025-03-26,HGA,1.2349835223293368,censored_likelihood_pressure_index,joint_covariate_region_mean
2025-03-26,SHG,0.0,censored_likelihood_pressure_index,joint_covariate_region_mean
2025-03-27,BDH,0.09946559537377347,censored_likelihood_pressure_index,joint_covariate_region_mean
2025-03-27,HGA,1.2043016312364236,censored_likelihood_pressure_index,joint_covariate_region_mean
2025-03-27,SHG,0.0,censored_likelihood_pressure_index,joint_covariate_region_mean
2025-03-28,BDH,0.07712838725840215,censored_likelihood_pressure_index,joint_covariate_region_mean
2025-03-28,HGA,1.1595181068649842,censored_likelihood_pressure_index,joint_covariate_region_mean
2025-03-28,SHG,0.0,censored_likelihood_pressure_index,joint_covariate_region_mean
2025-03-29,BDH,0.25515350353217336,censored_likelihood_pressure_index,joint_covariate_region_mean
2025-03-29,HGA,1.5164379194125708,censored_likelihood_pressure_index,joint_covariate_region_mean
2025-03-29,SHG,0.011602923914987127,censored_likelihood_pressure_index,joint_covariate_region_mean
2025-03-30,BDH,0.1952116388882995,censored_likelihood_pressure_index,joint_covariate_region_mean
2025-03-30,HGA,1.396261398592085,censored_likelihood_pressure_index,joint_covariate_region_mean
2025-03-30,SHG,0.0,censored_likelihood_pressure_index,joint_covariate_region_mean
2025-03-31,BDH,0.0,censored_likelihood_pressure_index,joint_covariate_region_mean
2025-03-31,HGA,0.9713092514668433,censored_likelihood_pressure_index,joint_covariate_region_mean
2025-03-31,SHG,0.0,censored_likelihood_pressure_index,joint_covariate_region_mean
2025-04-01,BDH,0.03505889036965504,censored_likelihood_pressure_index,joint_covariate_region_mean
2025-04-01,HGA,1.0751736207734162,censored_likelihood_pressure_index,joint_covariate_region_mean
2025-04-01,SHG,0.0,censored_likelihood_pressure_index,joint_covariate_region_mean
2025-04-02,BDH,0.05335213727997982,censored_likelihood_pressure_index,joint_covariate_region_mean
2025-04-02,HGA,1.1118494696355454,censored_likelihood_pressure_index,joint_covariate_region_mean
2025-04-02,SHG,0.0,censored_likelihood_pressure_index,joint_covariate_region_mean
2025-04-03,BDH,0.07200724102375945,censored_likelihood_pressure_index,joint_covariate_region_mean
2025-04-03,HGA,1.1492507996874588,censored_likelihood_pressure_index,joint_covariate_region_mean
2025-04-03,SHG,0.0,censored_likelihood_pressure_index,joint_covariate_region_mean
2025-04-04,BDH,0.5232806867624373,censored_likelihood_pressure_index,joint_covariate_region_mean
2025-04-04,HGA,2.05400197767887,censored_likelihood_pressure_index,joint_covariate_region_mean
2025-04-04,SHG,0.2277025816648345,censored_likelihood_pressure_index,joint_covariate_region_mean
2025-04-05,BDH,0.7815279548532672,censored_likelihood_pressure_index,joint_covariate_region_mean
2025-04-05,HGA,2.571757946315108,censored_likelihood_pressure_index,joint_covariate_region_mean
2025-04-05,SHG,0.4358394276829238,censored_likelihood_pressure_index,joint_covariate_region_mean
2025-04-06,BDH,0.7800981346721878,censored_likelihood_pressure_index,joint_covariate_region_mean
2025-04-06,HGA,2.5688913218652023,censored_likelihood_pressure_index,joint_covariate_region_mean
2025-04-06,SHG,0.4346870504862046,censored_likelihood_pressure_index,joint_covariate_region_mean
2025-04-07,BDH,0.04228267436247633,censored_likelihood_pressure_index,joint_covariate_region_mean
2025-04-07,HGA,1.0896564739941779,censored_likelihood_pressure_index,joint_covariate_region_mean
2025-04-07,SHG,0.0,censored_likelihood_pressure_index,joint_covariate_region_mean
2025-04-08,BDH,0.12941942206579968,censored_likelihood_pressure_index,joint_covariate_region_mean
2025-04-08,HGA,1.2643555968328277,censored_likelihood_pressure_index,joint_covariate_region_mean
2025-04-08,SHG,0.0,censored_likelihood_pressure_index,joint_covariate_region_mean
2025-04-09,BDH,0.04904658889993875,censored_likelihood_pressure_index,joint_covariate_region_mean
2025-04-09,HGA,1.1032173420297102,censored_likelihood_pressure_index,joint_covariate_region_mean
2025-04-09,SHG,0.0,censored_likelihood_pressure_index,joint_covariate_region_mean
2025-04-10,BDH,0.05364072965689157,censored_likelihood_pressure_index,joint_covariate_region_mean
2025-04-10,HGA,1.112428064045289,censored_likelihood_pressure_index,joint_covariate_region_mean
2025-04-10,SHG,0.0,censored_likelihood_pressure_index,joint_covariate_region_mean
2025-04-11,BDH,0.07761698824439488,censored_likelihood_pressure_index,joint_covariate_region_mean
2025-04-11,HGA,1.1604976954532762,censored_likelihood_pressure_index,joint_covariate_region_mean
2025-04-11,SHG,0.0,censored_likelihood_pressure_index,joint_covariate_region_mean
2025-04-12,BDH,0.2903290741357973,censored_likelihood_pressure_index,joint_covariate_region_mean
2025-04-12,HGA,1.586960878918985,censored_likelihood_pressure_index,joint_covariate_region_mean
2025-04-12,SHG,0.0399530101577189,censored_likelihood_pressure_index,joint_covariate_region_mean
2025-04-13,BDH,0.22024127241646,censored_likelihood_pressure_index,joint_covariate_region_mean
2025-04-13,HGA,1.446442925187847,censored_likelihood_pressure_index,joint_covariate_region_mean
2025-04-13,SHG,0.0,censored_likelihood_pressure_index,joint_covariate_region_mean
2025-04-14,BDH,0.01788370836687329,censored_likelihood_pressure_index,joint_covariate_region_mean
2025-04-14,HGA,1.040739363016907,censored_likelihood_pressure_index,joint_covariate_region_mean
2025-04-14,SHG,0.0,censored_likelihood_pressure_index,joint_covariate_region_mean
2025-04-15,BDH,0.10619133853006976,censored_likelihood_pressure_index,joint_covariate_region_mean
2025-04-15,HGA,1.2177859700580136,censored_likelihood_pressure_index,joint_covariate_region_mean
2025-04-15,SHG,0.0,censored_likelihood_pressure_index,joint_covariate_region_mean
2025-04-16,BDH,0.11613570299270781,censored_likelihood_pressure_index,joint_covariate_region_mean
2025-04-16,HGA,1.2377232731431098,censored_likelihood_pressure_index,joint_covariate_region_mean
2025-04-16,SHG,0.0,censored_likelihood_pressure_index,joint_covariate_region_mean
2025-04-17,BDH,0.1249617328498759,censored_likelihood_pressure_index,joint_covariate_region_mean
2025-04-17,HGA,1.2554184444093672,censored_likelihood_pressure_index,joint_covariate_region_mean
2025-04-17,SHG,0.0,censored_likelihood_pressure_index,joint_covariate_region_mean
2025-04-18,BDH,0.028248005872190538,censored_likelihood_pressure_index,joint_covariate_region_mean
2025-04-18,HGA,1.061518583388804,censored_likelihood_pressure_index,joint_covariate_region_mean
2025-04-18,SHG,0.0,censored_likelihood_pressure_index,joint_covariate_region_mean
2025-04-19,BDH,0.3543323120358612,censored_likelihood_pressure_index,joint_covariate_region_mean
2025-04-19,HGA,1.7152799844018278,censored_likelihood_pressure_index,joint_covariate_region_mean
2025-04-19,SHG,0.09153702949680971,censored_likelihood_pressure_index,joint_covariate_region_mean
2025-04-20,BDH,0.5323353283122889,censored_likelihood_pressure_index,joint_covariate_region_mean
2025-04-20,HGA,2.0721554890052643,censored_likelihood_pressure_index,joint_covariate_region_mean
2025-04-20,SHG,0.23500025628475585,censored_likelihood_pressure_index,joint_covariate_region_mean
2025-04-21,BDH,0.10079394469358155,censored_likelihood_pressure_index,joint_covariate_region_mean
2025-04-21,HGA,1.2069648183200625,censored_likelihood_pressure_index,joint_covariate_region_mean
2025-04-21,SHG,0.0,censored_likelihood_pressure_index,joint_covariate_region_mean
2025-04-22,BDH,0.1696324181768543,censored_likelihood_pressure_index,joint_covariate_region_mean
2025-04-22,HGA,1.3449780131207763,censored_likelihood_pressure_index,joint_covariate_region_mean
2025-04-22,SHG,0.0,censored_likelihood_pressure_index,joint_covariate_region_mean
2025-04-23,BDH,0.17124355290471807,censored_likelihood_pressure_index,joint_covariate_region_mean
2025-04-23,HGA,1.3482081523117753,censored_likelihood_pressure_index,joint_covariate_region_mean
2025-04-23,SHG,0.0,censored_likelihood_pressure_index,joint_covariate_region_mean
2025-04-24,BDH,0.14860379298703738,censored_likelihood_pressure_index,joint_covariate_region_mean
2025-04-24,HGA,1.3028180464937038,censored_likelihood_pressure_index,joint_covariate_region_mean
2025-04-24,SHG,0.0,censored_likelihood_pressure_index,joint_covariate_region_mean
2025-04-25,BDH,0.15168627365631834,censored_likelihood_pressure_index,joint_covariate_region_mean
2025-04-25,HGA,1.3089980644916666,censored_likelihood_pressure_index,joint_covariate_region_mean
2025-04-25,SHG,0.0,censored_likelihood_pressure_index,joint_covariate_region_mean
2025-04-26,BDH,0.3878030820159495,censored_likelihood_pressure_index,joint_covariate_region_mean
2025-04-26,HGA,1.7823850154062457,censored_likelihood_pressure_index,joint_covariate_region_mean
2025-04-26,SHG,0.11851311543550884,censored_likelihood_pressure_index,joint_covariate_region_mean
2025-04-27,BDH,0.2999318218446347,censored_likelihood_pressure_index,joint_covariate_region_mean
2025-04-27,HGA,1.6062132798381294,censored_likelihood_pressure_index,joint_covariate_region_mean
2025-04-27,SHG,0.04769243615823662,censored_likelihood_pressure_index,joint_covariate_region_mean
2025-04-28,BDH,0.1813126713697851,censored_likelihood_pressure_index,joint_covariate_region_mean
2025-04-28,HGA,1.3683955727740904,censored_likelihood_pressure_index,joint_covariate_region_mean
2025-04-28,SHG,0.0,censored_likelihood_pressure_index,joint_covariate_region_mean
2025-04-29,BDH,0.16372213949535516,censored_likelihood_pressure_index,joint_covariate_region_mean
2025-04-29,HGA,1.3331285864597615,censored_likelihood_pressure_index,joint_covariate_region_mean
2025-04-29,SHG,0.0,censored_likelihood_pressure_index,joint_covariate_region_mean
2025-04-30,BDH,0.20204849093573374,censored_likelihood_pressure_index,joint_covariate_region_mean
2025-04-30,HGA,1.4099684979175149,censored_likelihood_pressure_index,joint_covariate_region_mean
2025-04-30,SHG,0.0,censored_likelihood_pressure_index,joint_covariate_region_mean
2025-05-01,BDH,0.8329553785585324,censored_likelihood_pressure_index,joint_covariate_region_mean
2025-05-01,HGA,2.6748639956910916,censored_likelihood_pressure_index,joint_covariate_region_mean
2025-05-01,SHG,0.47728784976297867,censored_likelihood_pressure_index,joint_covariate_region_mean
2025-05-02,BDH,0.881953094020788,censored_likelihood_pressure_index,joint_covariate_region_mean
2025-05-02,HGA,2.7730987604484096,censored_likelihood_pressure_index,joint_covariate_region_mean
2025-05-02,SHG,0.5167780253369512,censored_likelihood_pressure_index,joint_covariate_region_mean
2025-05-03,BDH,1.37107344493836,censored_likelihood_pressure_index,joint_covariate_region_mean
2025-05-03,HGA,3.7537286154753895,censored_likelihood_pressure_index,joint_covariate_region_mean
2025-05-03,SHG,0.9109892319679473,censored_likelihood_pressure_index,joint_covariate_region_mean
2025-05-04,BDH,1.177251829147044,censored_likelihood_pressure_index,joint_covariate_region_mean
2025-05-04,HGA,3.3651386444427516,censored_likelihood_pressure_index,joint_covariate_region_mean
2025-05-04,SHG,0.7547768541984925,censored_likelihood_pressure_index,joint_covariate_region_mean
2025-05-05,BDH,0.5253235984448097,censored_likelihood_pressure_index,joint_covariate_region_mean
2025-05-05,HGA,2.0580977798330014,censored_likelihood_pressure_index,joint_covariate_region_mean
2025-05-05,SHG,0.22934908579789268,censored_likelihood_pressure_index,joint_covariate_region_mean
2025-05-06,BDH,0.09522339290732613,censored_likelihood_pressure_index,joint_covariate_region_mean
2025-05-06,HGA,1.1957965048766979,censored_likelihood_pressure_index,joint_covariate_region_mean
2025-05-06,SHG,0.0,censored_likelihood_pressure_index,joint_covariate_region_mean
2025-05-07,BDH,0.12635155256454184,censored_likelihood_pressure_index,joint_covariate_region_mean
2025-05-07,HGA,1.2582048725405008,censored_likelihood_pressure_index,joint_covariate_region_mean
2025-05-07,SHG,0.0,censored_likelihood_pressure_index,joint_covariate_region_mean
2025-05-08,BDH,0.1281227155585971,censored_likelihood_pressure_index,joint_covariate_region_mean
2025-05-08,HGA,1.2617558499366188,censored_likelihood_pressure_index,joint_covariate_region_mean
2025-05-08,SHG,0.0,censored_likelihood_pressure_index,joint_covariate_region_mean
2025-05-09,BDH,0.07763546871314442,censored_likelihood_pressure_index,joint_covariate_region_mean
2025-05-09,HGA,1.1605347466603186,censored_likelihood_pressure_index,joint_covariate_region_mean
2025-05-09,SHG,0.0,censored_likelihood_pressure_index,joint_covariate_region_mean
2025-05-10,BDH,0.3135416391824553,censored_likelihood_pressure_index,joint_covariate_region_mean
2025-05-10,HGA,1.6334993929141728,censored_likelihood_pressure_index,joint_covariate_region_mean
2025-05-10,SHG,0.05866139810125314,censored_likelihood_pressure_index,joint_covariate_region_mean
2025-05-11,BDH,0.23658869157493248,censored_likelihood_pressure_index,joint_covariate_region_mean
2025-05-11,HGA,1.479217613972243,censored_likelihood_pressure_index,joint_covariate_region_mean
2025-05-11,SHG,0.0,censored_likelihood_pressure_index,joint_covariate_region_mean
2025-05-12,BDH,0.03876676257055697,censored_likelihood_pressure_index,joint_covariate_region_mean
2025-05-12,HGA,1.0826074766168867,censored_likelihood_pressure_index,joint_covariate_region_mean
2025-05-12,SHG,0.0,censored_likelihood_pressure_index,joint_covariate_region_mean
2025-05-13,BDH,0.13107836393085348,censored_likelihood_pressure_index,joint_covariate_region_mean
2025-05-13,HGA,1.2676815838165507,censored_likelihood_pressure_index,joint_covariate_region_mean
2025-05-13,SHG,0.0,censored_likelihood_pressure_index,joint_covariate_region_mean
2025-05-14,BDH,0.02634536879867787,censored_likelihood_pressure_index,joint_covariate_region_mean
2025-05-14,HGA,1.0577040156365776,censored_likelihood_pressure_index,joint_covariate_region_mean
2025-05-14,SHG,0.0,censored_likelihood_pressure_index,joint_covariate_region_mean
2025-05-15,BDH,0.11948415908110625,censored_likelihood_pressure_index,joint_covariate_region_mean
2025-05-15,HGA,1.2444365411606242,censored_likelihood_pressure_index,joint_covariate_region_mean
2025-05-15,SHG,0.0,censored_likelihood_pressure_index,joint_covariate_region_mean
2025-05-16,BDH,0.09064883098531029,censored_likelihood_pressure_index,joint_covariate_region_mean
2025-05-16,HGA,1.1866250361656068,censored_likelihood_pressure_index,joint_covariate_region_mean
2025-05-16,SHG,0.0,censored_likelihood_pressure_index,joint_covariate_region_mean
2025-05-17,BDH,0.2898469860220047,censored_likelihood_pressure_index,joint_covariate_region_mean
2025-05-17,HGA,1.5859943478878145,censored_likelihood_pressure_index,joint_covariate_region_mean
2025-05-17,SHG,0.03956446664959429,censored_likelihood_pressure_index,joint_covariate_region_mean
2025-05-18,BDH,0.28640008710508863,censored_likelihood_pressure_index,joint_covariate_region_mean
2025-05-18,HGA,1.579083713360245,censored_likelihood_pressure_index,joint_covariate_region_mean
2025-05-18,SHG,0.036786405629185975,censored_likelihood_pressure_index,joint_covariate_region_mean
2025-05-19,BDH,0.034716898549944045,censored_likelihood_pressure_index,joint_covariate_region_mean
2025-05-19,HGA,1.0744879666436002,censored_likelihood_pressure_index,joint_covariate_region_mean
2025-05-19,SHG,0.0,censored_likelihood_pressure_index,joint_covariate_region_mean
2025-05-20,BDH,0.10126718844972399,censored_likelihood_pressure_index,joint_covariate_region_mean
2025-05-20,HGA,1.2079136174348566,censored_likelihood_pressure_index,joint_covariate_region_mean
2025-05-20,SHG,0.0,censored_likelihood_pressure_index,joint_covariate_region_mean
2025-05-21,BDH,0.0824426043598894,censored_likelihood_pressure_index,joint_covariate_region_mean
2025-05-21,HGA,1.1701724988485465,censored_likelihood_pressure_index,joint_covariate_region_mean
2025-05-21,SHG,0.0,censored_likelihood_pressure_index,joint_covariate_region_mean
2025-05-22,BDH,0.0922456065384432,censored_likelihood_pressure_index,joint_covariate_region_mean
2025-05-22,HGA,1.1898263868684387,censored_likelihood_pressure_index,joint_covariate_region_mean
2025-05-22,SHG,0.0,censored_likelihood_pressure_index,joint_covariate_region_mean
2025-05-23,BDH,0.1217110412687341,censored_likelihood_pressure_index,joint_covariate_region_mean
2025-05-23,HGA,1.2489011829460641,censored_likelihood_pressure_index,joint_covariate_region_mean
2025-05-23,SHG,0.0,censored_likelihood_pressure_index,joint_covariate_region_mean
2025-05-24,BDH,0.34372838013901913,censored_likelihood_pressure_index,joint_covariate_region_mean
2025-05-24,HGA,1.6940203247307286,censored_likelihood_pressure_index,joint_covariate_region_mean
2025-05-24,SHG,0.08299068956177091,censored_likelihood_pressure_index,joint_covariate_region_mean
2025-05-25,BDH,0.33057379540375015,censored_likelihood_pressure_index,joint_covariate_region_mean
2025-05-25,HGA,1.6676469004851673,censored_likelihood_pressure_index,joint_covariate_region_mean
2025-05-25,SHG,0.07238862667174419,censored_likelihood_pressure_index,joint_covariate_region_mean
2025-05-26,BDH,0.08852930963988091,censored_likelihood_pressure_index,joint_covariate_region_mean
2025-05-26,HGA,1.1823756404784391,censored_likelihood_pressure_index,joint_covariate_region_mean
2025-05-26,SHG,0.0,censored_likelihood_pressure_index,joint_covariate_region_mean
2025-05-27,BDH,0.14541781453700484,censored_likelihood_pressure_index,joint_covariate_region_mean
2025-05-27,HGA,1.2964305273898402,censored_likelihood_pressure_index,joint_covariate_region_mean
2025-05-27,SHG,0.0,censored_likelihood_pressure_index,joint_covariate_region_mean
2025-05-28,BDH,0.12498634578667939,censored_likelihood_pressure_index,joint_covariate_region_mean
2025-05-28,HGA,1.2554677905071205,censored_likelihood_pressure_index,joint_covariate_region_mean
2025-05-28,SHG,0.0,censored_likelihood_pressure_index,joint_covariate_region_mean
2025-05-29,BDH,0.15753424429561022,censored_likelihood_pressure_index,joint_covariate_region_mean
2025-05-29,HGA,1.3207225707189227,censored_likelihood_pressure_index,joint_covariate_region_mean
2025-05-29,SHG,0.0,censored_likelihood_pressure_index,joint_covariate_region_mean
2025-05-30,BDH,0.2068520032469213,censored_likelihood_pressure_index,joint_covariate_region_mean
2025-05-30,HGA,1.4195989857361133,censored_likelihood_pressure_index,joint_covariate_region_mean
2025-05-30,SHG,0.0,censored_likelihood_pressure_index,joint_covariate_region_mean
2025-05-31,BDH,1.151615961570525,censored_likelihood_pressure_index,joint_covariate_region_mean
2025-05-31,HGA,3.3137416885444893,censored_likelihood_pressure_index,joint_covariate_region_mean
2025-05-31,SHG,0.7341153824944147,censored_likelihood_pressure_index,joint_covariate_region_mean
2025-06-01,BDH,1.1024058012325657,censored_likelihood_pressure_index,joint_covariate_region_mean
2025-06-01,HGA,3.2150809963292932,censored_likelihood_pressure_index,joint_covariate_region_mean
2025-06-01,SHG,0.6944539849489242,censored_likelihood_pressure_index,joint_covariate_region_mean
2025-06-02,BDH,0.7266715291348413,censored_likelihood_pressure_index,joint_covariate_region_mean
2025-06-02,HGA,2.461777143638133,censored_likelihood_pressure_index,joint_covariate_region_mean
2025-06-02,SHG,0.3916273687625444,censored_likelihood_pressure_index,joint_covariate_region_mean
2025-06-03,BDH,0.26573919914124056,censored_likelihood_pressure_index,joint_covariate_region_mean
2025-06-03,HGA,1.5376610174313008,censored_likelihood_pressure_index,joint_covariate_region_mean
2025-06-03,SHG,0.020134566140158152,censored_likelihood_pressure_index,joint_covariate_region_mean
2025-06-04,BDH,0.2778570409457122,censored_likelihood_pressure_index,joint_covariate_region_mean
2025-06-04,HGA,1.5619558917493834,censored_likelihood_pressure_index,joint_covariate_region_mean
2025-06-04,SHG,0.02990105618814496,censored_likelihood_pressure_index,joint_covariate_region_mean
2025-06-05,BDH,0.2927766085289239,censored_likelihood_pressure_index,joint_covariate_region_mean
2025-06-05,HGA,1.5918679029113472,censored_likelihood_pressure_index,joint_covariate_region_mean
2025-06-05,SHG,0.04192562381931626,censored_likelihood_pressure_index,joint_covariate_region_mean
2025-06-06,BDH,0.2194985301476683,censored_likelihood_pressure_index,joint_covariate_region_mean
2025-06-06,HGA,1.4449538126575638,censored_likelihood_pressure_index,joint_covariate_region_mean
2025-06-06,SHG,0.0,censored_likelihood_pressure_index,joint_covariate_region_mean
2025-06-07,BDH,0.4762215162235073,censored_likelihood_pressure_index,joint_covariate_region_mean
2025-06-07,HGA,1.9596537717685871,censored_likelihood_pressure_index,joint_covariate_region_mean
2025-06-07,SHG,0.18977479484017273,censored_likelihood_pressure_index,joint_covariate_region_mean
2025-06-08,BDH,0.3956489483687252,censored_likelihood_pressure_index,joint_covariate_region_mean
2025-06-08,HGA,1.7981150719652295,censored_likelihood_pressure_index,joint_covariate_region_mean
2025-06-08,SHG,0.12483656616944586,censored_likelihood_pressure_index,joint_covariate_region_mean
2025-06-09,BDH,0.09510585471103619,censored_likelihood_pressure_index,joint_covariate_region_mean
2025-06-09,HGA,1.1955608543580234,censored_likelihood_pressure_index,joint_covariate_region_mean
2025-06-09,SHG,0.0,censored_likelihood_pressure_index,joint_covariate_region_mean
2025-06-10,BDH,0.2476151470994244,censored_likelihood_pressure_index,joint_covariate_region_mean
2025-06-10,HGA,1.5013243847540343,censored_likelihood_pressure_index,joint_covariate_region_mean
2025-06-10,SHG,0.0055273137307171915,censored_likelihood_pressure_index,joint_covariate_region_mean
2025-06-11,BDH,0.24770614294953747,censored_likelihood_pressure_index,joint_covariate_region_mean
2025-06-11,HGA,1.5015068209318319,censored_likelihood_pressure_index,joint_covariate_region_mean
2025-06-11,SHG,0.005600652703025725,censored_likelihood_pressure_index,joint_covariate_region_mean
2025-06-12,BDH,0.2790166365079238,censored_likelihood_pressure_index,joint_covariate_region_mean
2025-06-12,HGA,1.5642807470246307,censored_likelihood_pressure_index,joint_covariate_region_mean
2025-06-12,SHG,0.030835643278880078,censored_likelihood_pressure_index,joint_covariate_region_mean
2025-06-13,BDH,0.28697553179621693,censored_likelihood_pressure_index,joint_covariate_region_mean
2025-06-13,HGA,1.5802374135548467,censored_likelihood_pressure_index,joint_covariate_region_mean
2025-06-13,SHG,0.03725019076021465,censored_likelihood_pressure_index,joint_covariate_region_mean
2025-06-14,BDH,0.5039146175194715,censored_likelihood_pressure_index,joint_covariate_region_mean
2025-06-14,HGA,2.015175243852429,censored_likelihood_pressure_index,joint_covariate_region_mean
2025-06-14,SHG,0.21209431365953232,censored_likelihood_pressure_index,joint_covariate_region_mean
2025-06-15,BDH,0.08925136536768638,censored_likelihood_pressure_index,joint_covariate_region_mean
2025-06-15,HGA,1.183823278881444,censored_likelihood_pressure_index,joint_covariate_region_mean
2025-06-15,SHG,0.0,censored_likelihood_pressure_index,joint_covariate_region_mean
2025-06-16,BDH,0.19747838005215662,censored_likelihood_pressure_index,joint_covariate_region_mean
2025-06-16,HGA,1.4008059530248067,censored_likelihood_pressure_index,joint_covariate_region_mean
2025-06-16,SHG,0.0,censored_likelihood_pressure_index,joint_covariate_region_mean
2025-06-17,BDH,0.3664492737308156,censored_likelihood_pressure_index,joint_covariate_region_mean
2025-06-17,HGA,1.7395730942019005,censored_likelihood_pressure_index,joint_covariate_region_mean
2025-06-17,SHG,0.1013028102121464,censored_likelihood_pressure_index,joint_covariate_region_mean
2025-06-18,BDH,0.24653513953538272,censored_likelihood_pressure_index,joint_covariate_region_mean
2025-06-18,HGA,1.49915909423,censored_likelihood_pressure_index,joint_covariate_region_mean
2025-06-18,SHG,0.004656871345335379,censored_likelihood_pressure_index,joint_covariate_region_mean
2025-06-19,BDH,0.18393315558767592,censored_likelihood_pressure_index,joint_covariate_region_mean
2025-06-19,HGA,1.3736493412052546,censored_likelihood_pressure_index,joint_covariate_region_mean
2025-06-19,SHG,0.0,censored_likelihood_pressure_index,joint_covariate_region_mean
2025-06-20,BDH,0.30058506561476384,censored_likelihood_pressure_index,joint_covariate_region_mean
2025-06-20,HGA,1.6075229582074662,censored_likelihood_pressure_index,joint_covariate_region_mean
2025-06-20,SHG,0.04821892419817141,censored_likelihood_pressure_index,joint_covariate_region_mean
2025-06-21,BDH,0.5694402887062395,censored_likelihood_pressure_index,joint_covariate_region_mean
2025-06-21,HGA,2.1465466523736305,censored_likelihood_pressure_index,joint_covariate_region_mean
2025-06-21,SHG,0.2649053526101377,censored_likelihood_pressure_index,joint_covariate_region_mean
2025-06-22,BDH,0.48463322859018765,censored_likelihood_pressure_index,joint_covariate_region_mean
2025-06-22,HGA,1.9765182842821067,censored_likelihood_pressure_index,joint_covariate_region_mean
2025-06-22,SHG,0.1965542945597842,censored_likelihood_pressure_index,joint_covariate_region_mean
2025-06-23,BDH,0.1987863140941891,censored_likelihood_pressure_index,joint_covariate_region_mean
2025-06-23,HGA,1.4034282098325987,censored_likelihood_pressure_index,joint_covariate_region_mean
2025-06-23,SHG,0.0,censored_likelihood_pressure_index,joint_covariate_region_mean
2025-06-24,BDH,0.30613588090889454,censored_likelihood_pressure_index,joint_covariate_region_mean
2025-06-24,HGA,1.6186517022618765,censored_likelihood_pressure_index,joint_covariate_region_mean
2025-06-24,SHG,0.05269265666663254,censored_likelihood_pressure_index,joint_covariate_region_mean
2025-06-25,BDH,0.3183236686460763,censored_likelihood_pressure_index,joint_covariate_region_mean
2025-06-25,HGA,1.6430868101026999,censored_likelihood_pressure_index,joint_covariate_region_mean
2025-06-25,SHG,0.06251552030545622,censored_likelihood_pressure_index,joint_covariate_region_mean
2025-06-26,BDH,0.31231380234737216,censored_likelihood_pressure_index,joint_covariate_region_mean
2025-06-26,HGA,1.6310377217624294,censored_likelihood_pressure_index,joint_covariate_region_mean
2025-06-26,SHG,0.0576718113065183,censored_likelihood_pressure_index,joint_covariate_region_mean
2025-06-27,BDH,0.15709500816245564,censored_likelihood_pressure_index,joint_covariate_region_mean
2025-06-27,HGA,1.3198419529634564,censored_likelihood_pressure_index,joint_covariate_region_mean
2025-06-27,SHG,0.0,censored_likelihood_pressure_index,joint_covariate_region_mean
2025-06-28,BDH,0.5938695309333417,censored_likelihood_pressure_index,joint_covariate_region_mean
2025-06-28,HGA,2.1955244637009272,censored_likelihood_pressure_index,joint_covariate_region_mean
2025-06-28,SHG,0.28459433311843335,censored_likelihood_pressure_index,joint_covariate_region_mean
2025-06-29,BDH,0.4717207763429263,censored_likelihood_pressure_index,joint_covariate_region_mean
2025-06-29,HGA,1.9506303077308944,censored_likelihood_pressure_index,joint_covariate_region_mean
2025-06-29,SHG,0.18614738065524325,censored_likelihood_pressure_index,joint_covariate_region_mean
2025-06-30,BDH,0.2462621658978862,censored_likelihood_pressure_index,joint_covariate_region_mean
2025-06-30,HGA,1.4986118135902506,censored_likelihood_pressure_index,joint_covariate_region_mean
2025-06-30,SHG,0.004436865641597863,censored_likelihood_pressure_index,joint_covariate_region_mean
2025-07-01,BDH,0.21449021649395336,censored_likelihood_pressure_index,joint_covariate_region_mean
2025-07-01,HGA,1.4349127217829794,censored_likelihood_pressure_index,joint_covariate_region_mean
2025-07-01,SHG,0.0,censored_likelihood_pressure_index,joint_covariate_region_mean
2025-07-02,BDH,0.3576599999327226,censored_likelihood_pressure_index,joint_covariate_region_mean
2025-07-02,HGA,1.721951614592133,censored_likelihood_pressure_index,joint_covariate_region_mean
2025-07-02,SHG,0.09421901125989149,censored_likelihood_pressure_index,joint_covariate_region_mean
2025-07-03,BDH,0.11117871327058991,censored_likelihood_pressure_index,joint_covariate_region_mean
2025-07-03,HGA,1.2277850808281676,censored_likelihood_pressure_index,joint_covariate_region_mean
2025-07-03,SHG,0.0,censored_likelihood_pressure_index,joint_covariate_region_mean
2025-07-04,BDH,0.3644563934393188,censored_likelihood_pressure_index,joint_covariate_region_mean
2025-07-04,HGA,1.7355775992124354,censored_likelihood_pressure_index,joint_covariate_region_mean
2025-07-04,SHG,0.09969662935520937,censored_likelihood_pressure_index,joint_covariate_region_mean
2025-07-05,BDH,0.731007538017526,censored_likelihood_pressure_index,joint_covariate_region_mean
2025-07-05,HGA,2.470470341036373,censored_likelihood_pressure_index,joint_covariate_region_mean
2025-07-05,SHG,0.39512201643034084,censored_likelihood_pressure_index,joint_covariate_region_mean
2025-07-06,BDH,0.679071539805145,censored_likelihood_pressure_index,joint_covariate_region_mean
2025-07-06,HGA,2.3663446584673564,censored_likelihood_pressure_index,joint_covariate_region_mean
2025-07-06,SHG,0.35326370388112877,censored_likelihood_pressure_index,joint_covariate_region_mean
2025-07-07,BDH,0.3755242660379233,censored_likelihood_pressure_index,joint_covariate_region_mean
2025-07-07,HGA,1.7577674064479467,censored_likelihood_pressure_index,joint_covariate_region_mean
2025-07-07,SHG,0.10861688671875817,censored_likelihood_pressure_index,joint_covariate_region_mean
2025-07-08,BDH,0.5376280356649594,censored_likelihood_pressure_index,joint_covariate_region_mean
2025-07-08,HGA,2.0827667564248533,censored_likelihood_pressure_index,joint_covariate_region_mean
2025-07-08,SHG,0.23926596419882415,censored_likelihood_pressure_index,joint_covariate_region_mean
2025-07-09,BDH,0.4350188289386702,censored_likelihood_pressure_index,joint_covariate_region_mean
2025-07-09,HGA,1.8770471388958097,censored_likelihood_pressure_index,joint_covariate_region_mean
2025-07-09,SHG,0.156567096488377,censored_likelihood_pressure_index,joint_covariate_region_mean
2025-07-10,BDH,0.39730144984664795,censored_likelihood_pressure_index,joint_covariate_region_mean
2025-07-10,HGA,1.8014281467160291,censored_likelihood_pressure_index,joint_covariate_region_mean
2025-07-10,SHG,0.1261684154788221,censored_likelihood_pressure_index,joint_covariate_region_mean
2025-07-11,BDH,0.4280847012252654,censored_likelihood_pressure_index,joint_covariate_region_mean
2025-07-11,HGA,1.8631450130865308,censored_likelihood_pressure_index,joint_covariate_region_mean
2025-07-11,SHG,0.15097847019689922,censored_likelihood_pressure_index,joint_covariate_region_mean
2025-07-12,BDH,0.8705099083955636,censored_likelihood_pressure_index,joint_covariate_region_mean
2025-07-12,HGA,2.750156493908775,censored_likelihood_pressure_index,joint_covariate_region_mean
2025-07-12,SHG,0.507555280864022,censored_likelihood_pressure_index,joint_covariate_region_mean
2025-07-13,BDH,0.7561567706796697,censored_likelihood_pressure_index,joint_covariate_region_mean
2025-07-13,HGA,2.5208916500930343,censored_likelihood_pressure_index,joint_covariate_region_mean
2025-07-13,SHG,0.41539128008904735,censored_likelihood_pressure_index,joint_covariate_region_mean
2025-07-14,BDH,0.49024117995892436,censored_likelihood_pressure_index,joint_covariate_region_mean
2025-07-14,HGA,1.9877615795721226,censored_likelihood_pressure_index,joint_covariate_region_mean
2025-07-14,SHG,0.2010740763919047,censored_likelihood_pressure_index,joint_covariate_region_mean
2025-07-15,BDH,0.5445316964207318,censored_likelihood_pressure_index,joint_covariate_region_mean
2025-07-15,HGA,2.0966077995002195,censored_likelihood_pressure_index,joint_covariate_region_mean
2025-07-15,SHG,0.24483003535554196,censored_likelihood_pressure_index,joint_covariate_region_mean
2025-07-16,BDH,0.4926789597542821,censored_likelihood_pressure_index,joint_covariate_region_mean
2025-07-16,HGA,1.9926490467217204,censored_likelihood_pressure_index,joint_covariate_region_mean
2025-07-16,SHG,0.20303882824249908,censored_likelihood_pressure_index,joint_covariate_region_mean
2025-07-17,BDH,0.5045981965903905,censored_likelihood_pressure_index,joint_covariate_region_mean
2025-07-17,HGA,2.016545740998902,censored_likelihood_pressure_index,joint_covariate_region_mean
2025-07-17,SHG,0.21264525072414048,censored_likelihood_pressure_index,joint_covariate_region_mean
2025-07-18,BDH,0.5963644312879284,censored_likelihood_pressure_index,joint_covariate_region_mean
2025-07-18,HGA,2.200526450979591,censored_likelihood_pressure_index,joint_covariate_region_mean
2025-07-18,SHG,0.28660512182792114,censored_likelihood_pressure_index,joint_covariate_region_mean
2025-07-19,BDH,0.9462449255736747,censored_likelihood_pressure_index,joint_covariate_region_mean
2025-07-19,HGA,2.9019964628990507,censored_likelihood_pressure_index,joint_covariate_region_mean
2025-07-19,SHG,0.5685946394799424,censored_likelihood_pressure_index,joint_covariate_region_mean
2025-07-20,BDH,0.7362010848207607,censored_likelihood_pressure_index,joint_covariate_region_mean
2025-07-20,HGA,2.4808828029982966,censored_likelihood_pressure_index,joint_covariate_region_mean
2025-07-20,SHG,0.39930780495489715,censored_likelihood_pressure_index,joint_covariate_region_mean
2025-07-21,BDH,0.4551272634905583,censored_likelihood_pressure_index,joint_covariate_region_mean
2025-07-21,HGA,1.9173622294914994,censored_likelihood_pressure_index,joint_covariate_region_mean
2025-07-21,SHG,0.17277368088685785,censored_likelihood_pressure_index,joint_covariate_region_mean
2025-07-22,BDH,0.9258861457639054,censored_likelihood_pressure_index,joint_covariate_region_mean
2025-07-22,HGA,2.861179458953237,censored_likelihood_pressure_index,joint_covariate_region_mean
2025-07-22,SHG,0.5521862869358536,censored_likelihood_pressure_index,joint_covariate_region_mean
2025-07-23,BDH,0.5421008234288414,censored_likelihood_pressure_index,joint_covariate_region_mean
2025-07-23,HGA,2.091734179694471,censored_likelihood_pressure_index,joint_covariate_region_mean
2025-07-23,SHG,0.24287085010900247,censored_likelihood_pressure_index,joint_covariate_region_mean
2025-07-24,BDH,0.635160951310578,censored_likelihood_pressure_index,joint_covariate_region_mean
2025-07-24,HGA,2.2783089961834273,censored_likelihood_pressure_index,joint_covariate_region_mean
2025-07-24,SHG,0.3178735467514013,censored_likelihood_pressure_index,joint_covariate_region_mean
2025-07-25,BDH,0.9121695970822179,censored_likelihood_pressure_index,joint_covariate_region_mean
2025-07-25,HGA,2.833679361850427,censored_likelihood_pressure_index,joint_covariate_region_mean
2025-07-25,SHG,0.541131303849427,censored_likelihood_pressure_index,joint_covariate_region_mean
2025-07-26,BDH,1.185132221548697,censored_likelihood_pressure_index,joint_covariate_region_mean
2025-07-26,HGA,3.38093792174514,censored_likelihood_pressure_index,joint_covariate_region_mean
2025-07-26,SHG,0.761128131530449,censored_likelihood_pressure_index,joint_covariate_region_mean
2025-07-27,BDH,1.0184126284773671,censored_likelihood_pressure_index,joint_covariate_region_mean
2025-07-27,HGA,3.0466843784668987,censored_likelihood_pressure_index,joint_covariate_region_mean
2025-07-27,SHG,0.6267588871708878,censored_likelihood_pressure_index,joint_covariate_region_mean
2025-07-28,BDH,0.6124965280506129,censored_likelihood_pressure_index,joint_covariate_region_mean
2025-07-28,HGA,2.2328694432104306,censored_likelihood_pressure_index,joint_covariate_region_mean
2025-07-28,SHG,0.2996069389029534,censored_likelihood_pressure_index,joint_covariate_region_mean
2025-07-29,BDH,0.7823068175238219,censored_likelihood_pressure_index,joint_covariate_region_mean
2025-07-29,HGA,2.57331947608233,censored_likelihood_pressure_index,joint_covariate_region_mean
2025-07-29,SHG,0.4364671594724173,censored_likelihood_pressure_index,joint_covariate_region_mean
2025-07-30,BDH,0.8544437917828287,censored_likelihood_pressure_index,joint_covariate_region_mean
2025-07-30,HGA,2.7179457842639256,censored_likelihood_pressure_index,joint_covariate_region_mean
2025-07-30,SHG,0.49460664111942915,censored_likelihood_pressure_index,joint_covariate_region_mean
2025-07-31,BDH,0.6471019324962062,censored_likelihood_pressure_index,joint_covariate_region_mean
2025-07-31,HGA,2.3022492853719174,censored_likelihood_pressure_index,joint_covariate_region_mean
2025-07-31,SHG,0.3274974942986947,censored_likelihood_pressure_index,joint_covariate_region_mean
2025-08-01,BDH,0.7442313556461635,censored_likelihood_pressure_index,joint_covariate_region_mean
2025-08-01,HGA,2.4969825692430856,censored_likelihood_pressure_index,joint_covariate_region_mean
2025-08-01,SHG,0.40577987823035405,censored_likelihood_pressure_index,joint_covariate_region_mean
2025-08-02,BDH,1.0705269170212515,censored_likelihood_pressure_index,joint_covariate_region_mean
2025-08-02,HGA,3.15116751257439,censored_likelihood_pressure_index,joint_covariate_region_mean
2025-08-02,SHG,0.6687608945113321,censored_likelihood_pressure_index,joint_covariate_region_mean
2025-08-03,BDH,0.8835571878467632,censored_likelihood_pressure_index,joint_covariate_region_mean
2025-08-03,HGA,2.776314783443701,censored_likelihood_pressure_index,joint_covariate_region_mean
2025-08-03,SHG,0.5180708600380646,censored_likelihood_pressure_index,joint_covariate_region_mean
2025-08-04,BDH,0.8064130014227748,censored_likelihood_pressure_index,joint_covariate_region_mean
2025-08-04,HGA,2.62164959274531,censored_likelihood_pressure_index,joint_covariate_region_mean
2025-08-04,SHG,0.45589576804339116,censored_likelihood_pressure_index,joint_covariate_region_mean
2025-08-05,BDH,0.8529021917603035,censored_likelihood_pressure_index,joint_covariate_region_mean
2025-08-05,HGA,2.714855054132246,censored_likelihood_pressure_index,joint_covariate_region_mean
2025-08-05,SHG,0.4933641738945794,censored_likelihood_pressure_index,joint_covariate_region_mean
2025-08-06,BDH,1.0239892143894278,censored_likelihood_pressure_index,joint_covariate_region_mean
2025-08-06,HGA,3.057864789636116,censored_likelihood_pressure_index,joint_covariate_region_mean
2025-08-06,SHG,0.6312533897143842,censored_likelihood_pressure_index,joint_covariate_region_mean
2025-08-07,BDH,0.9220270122163012,censored_likelihood_pressure_index,joint_covariate_region_mean
2025-08-07,HGA,2.853442341566448,censored_likelihood_pressure_index,joint_covariate_region_mean
2025-08-07,SHG,0.549075981487517,censored_likelihood_pressure_index,joint_covariate_region_mean
2025-08-08,BDH,0.7581160580372404,censored_likelihood_pressure_index,joint_covariate_region_mean
2025-08-08,HGA,2.524819795126882,censored_likelihood_pressure_index,joint_covariate_region_mean
2025-08-08,SHG,0.41697038640084944,censored_likelihood_pressure_index,joint_covariate_region_mean
2025-08-09,BDH,1.2895989073539544,censored_likelihood_pressure_index,joint_covariate_region_mean
2025-08-09,HGA,3.5903815704589572,censored_likelihood_pressure_index,joint_covariate_region_mean
2025-08-09,SHG,0.8453240522006398,censored_likelihood_pressure_index,joint_covariate_region_mean
2025-08-10,BDH,0.9693665148660271,censored_likelihood_pressure_index,joint_covariate_region_mean
2025-08-10,HGA,2.948352581006216,censored_likelihood_pressure_index,joint_covariate_region_mean
2025-08-10,SHG,0.5872297046475754,censored_likelihood_pressure_index,joint_covariate_region_mean
2025-08-11,BDH,0.45518141923000816,censored_likelihood_pressure_index,joint_covariate_region_mean
2025-08-11,HGA,1.917470805499073,censored_likelihood_pressure_index,joint_covariate_region_mean
2025-08-11,SHG,0.17281732822100468,censored_likelihood_pressure_index,joint_covariate_region_mean
2025-08-12,BDH,0.6501613593376758,censored_likelihood_pressure_index,joint_covariate_region_mean
2025-08-12,HGA,2.3083830831057224,censored_likelihood_pressure_index,joint_covariate_region_mean
2025-08-12,SHG,0.3299632685084827,censored_likelihood_pressure_index,joint_covariate_region_mean
2025-08-13,BDH,0.6240901756672823,censored_likelihood_pressure_index,joint_covariate_region_mean
2025-08-13,HGA,2.256113368678345,censored_likelihood_pressure_index,joint_covariate_region_mean
2025-08-13,SHG,0.30895094965132647,censored_likelihood_pressure_index,joint_covariate_region_mean
2025-08-14,BDH,0.6043382184088515,censored_likelihood_pressure_index,joint_covariate_region_mean
2025-08-14,HGA,2.2165129739155884,censored_likelihood_pressure_index,joint_covariate_region_mean
2025-08-14,SHG,0.2930316715236372,censored_likelihood_pressure_index,joint_covariate_region_mean
2025-08-15,BDH,0.4153565573992776,censored_likelihood_pressure_index,joint_covariate_region_mean
2025-08-15,HGA,1.8376265536492453,censored_likelihood_pressure_index,joint_covariate_region_mean
2025-08-15,SHG,0.1407201014203748,censored_likelihood_pressure_index,joint_covariate_region_mean
2025-08-16,BDH,0.6862617822753423,censored_likelihood_pressure_index,joint_covariate_region_mean
2025-08-16,HGA,2.3807602648062285,censored_likelihood_pressure_index,joint_covariate_region_mean
2025-08-16,SHG,0.3590587483008274,censored_likelihood_pressure_index,joint_covariate_region_mean
2025-08-17,BDH,0.7892133583610792,censored_likelihood_pressure_index,joint_covariate_region_mean
2025-08-17,HGA,2.587166293388689,censored_likelihood_pressure_index,joint_covariate_region_mean
2025-08-17,SHG,0.44203355185824605,censored_likelihood_pressure_index,joint_covariate_region_mean
2025-08-18,BDH,0.3938554968354408,censored_likelihood_pressure_index,joint_covariate_region_mean
2025-08-18,HGA,1.79451940862024,censored_likelihood_pressure_index,joint_covariate_region_mean
2025-08-18,SHG,0.12339111682013144,censored_likelihood_pressure_index,joint_covariate_region_mean
2025-08-19,BDH,0.09360208013552482,censored_likelihood_pressure_index,joint_covariate_region_mean
2025-08-19,HGA,1.1925459598822354,censored_likelihood_pressure_index,joint_covariate_region_mean
2025-08-19,SHG,0.0,censored_likelihood_pressure_index,joint_covariate_region_mean
2025-08-20,BDH,0.2146886444924294,censored_likelihood_pressure_index,joint_covariate_region_mean
2025-08-20,HGA,1.43531054701968,censored_likelihood_pressure_index,joint_covariate_region_mean
2025-08-20,SHG,0.0,censored_likelihood_pressure_index,joint_covariate_region_mean
2025-08-21,BDH,0.07602540911188786,censored_likelihood_pressure_index,joint_covariate_region_mean
2025-08-21,HGA,1.1573067629740885,censored_likelihood_pressure_index,joint_covariate_region_mean
2025-08-21,SHG,0.0,censored_likelihood_pressure_index,joint_covariate_region_mean
2025-08-22,BDH,0.276450076622733,censored_likelihood_pressure_index,joint_covariate_region_mean
2025-08-22,HGA,1.5591350906572128,censored_likelihood_pressure_index,joint_covariate_region_mean
2025-08-22,SHG,0.02876709988800759,censored_likelihood_pressure_index,joint_covariate_region_mean
2025-08-23,BDH,0.578377311027152,censored_likelihood_pressure_index,joint_covariate_region_mean
2025-08-23,HGA,2.1644643507202406,censored_likelihood_pressure_index,joint_covariate_region_mean
2025-08-23,SHG,0.2721082308919469,censored_likelihood_pressure_index,joint_covariate_region_mean
2025-08-24,BDH,0.48780234194895494,censored_likelihood_pressure_index,joint_covariate_region_mean
2025-08-24,HGA,1.9828719908243548,censored_likelihood_pressure_index,joint_covariate_region_mean
2025-08-24,SHG,0.19910847166316253,censored_likelihood_pressure_index,joint_covariate_region_mean
2025-08-25,BDH,0.0937558067689175,censored_likelihood_pressure_index,joint_covariate_region_mean
2025-08-25,HGA,1.1928541640408534,censored_likelihood_pressure_index,joint_covariate_region_mean
2025-08-25,SHG,0.0,censored_likelihood_pressure_index,joint_covariate_region_mean
2025-08-26,BDH,0.21440814279717693,censored_likelihood_pressure_index,joint_covariate_region_mean
2025-08-26,HGA,1.4347481734929306,censored_likelihood_pressure_index,joint_covariate_region_mean
2025-08-26,SHG,0.0,censored_likelihood_pressure_index,joint_covariate_region_mean
2025-08-27,BDH,0.1422323092311517,censored_likelihood_pressure_index,joint_covariate_region_mean
2025-08-27,HGA,1.2900439568854516,censored_likelihood_pressure_index,joint_covariate_region_mean
2025-08-27,SHG,0.0,censored_likelihood_pressure_index,joint_covariate_region_mean
2025-08-28,BDH,0.0,censored_likelihood_pressure_index,joint_covariate_region_mean
2025-08-28,HGA,0.6509293872379407,censored_likelihood_pressure_index,joint_covariate_region_mean
2025-08-28,SHG,0.0,censored_likelihood_pressure_index,joint_covariate_region_mean
2025-08-29,BDH,0.13911788111674267,censored_likelihood_pressure_index,joint_covariate_region_mean
2025-08-29,HGA,1.283799887947008,censored_likelihood_pressure_index,joint_covariate_region_mean
2025-08-29,SHG,0.0,censored_likelihood_pressure_index,joint_covariate_region_mean
2025-08-30,BDH,0.33467085243997485,censored_likelihood_pressure_index,joint_covariate_region_mean
2025-08-30,HGA,1.6758610270082883,censored_likelihood_pressure_index,joint_covariate_region_mean
2025-08-30,SHG,0.07569068882241173,censored_likelihood_pressure_index,joint_covariate_region_mean
2025-08-31,BDH,0.2997851741373591,censored_likelihood_pressure_index,joint_covariate_region_mean
2025-08-31,HGA,1.605919268109409,censored_likelihood_pressure_index,joint_covariate_region_mean
2025-08-31,SHG,0.04757424404145735,censored_likelihood_pressure_index,joint_covariate_region_mean
2025-09-01,BDH,0.03526102580530837,censored_likelihood_pressure_index,joint_covariate_region_mean
2025-09-01,HGA,1.0755788789937877,censored_likelihood_pressure_index,joint_covariate_region_mean
2025-09-01,SHG,0.0,censored_likelihood_pressure_index,joint_covariate_region_mean
2025-09-02,BDH,0.043653920793218684,censored_likelihood_pressure_index,joint_covariate_region_mean
2025-09-02,HGA,1.0924056648345557,censored_likelihood_pressure_index,joint_covariate_region_mean
2025-09-02,SHG,0.0,censored_likelihood_pressure_index,joint_covariate_region_mean
2025-09-03,BDH,0.056226466060100566,censored_likelihood_pressure_index,joint_covariate_region_mean
2025-09-03,HGA,1.117612167118204,censored_likelihood_pressure_index,joint_covariate_region_mean
2025-09-03,SHG,0.0,censored_likelihood_pressure_index,joint_covariate_region_mean
2025-09-04,BDH,0.13169306027772051,censored_likelihood_pressure_index,joint_covariate_region_mean
2025-09-04,HGA,1.2689139790509403,censored_likelihood_pressure_index,joint_covariate_region_mean
2025-09-04,SHG,0.0,censored_likelihood_pressure_index,joint_covariate_region_mean
2025-09-05,BDH,0.09159264113631117,censored_likelihood_pressure_index,joint_covariate_region_mean
2025-09-05,HGA,1.1885172665948103,censored_likelihood_pressure_index,joint_covariate_region_mean
2025-09-05,SHG,0.0,censored_likelihood_pressure_index,joint_covariate_region_mean
2025-09-06,BDH,0.3504036810817779,censored_likelihood_pressure_index,joint_covariate_region_mean
2025-09-06,HGA,1.7074035327356274,censored_likelihood_pressure_index,joint_covariate_region_mean
2025-09-06,SHG,0.08837071195162526,censored_likelihood_pressure_index,joint_covariate_region_mean
2025-09-07,BDH,0.29966972056194513,censored_likelihood_pressure_index,joint_covariate_region_mean
2025-09-07,HGA,1.6056877970150083,censored_likelihood_pressure_index,joint_covariate_region_mean
2025-09-07,SHG,0.047481193132435866,censored_likelihood_pressure_index,joint_covariate_region_mean
2025-09-08,BDH,0.05070312335060492,censored_likelihood_pressure_index,joint_covariate_region_mean
2025-09-08,HGA,1.1065385024254222,censored_likelihood_pressure_index,joint_covariate_region_mean
2025-09-08,SHG,0.0,censored_likelihood_pressure_index,joint_covariate_region_mean
2025-09-09,BDH,0.0,censored_likelihood_pressure_index,joint_covariate_region_mean
2025-09-09,HGA,0.87031862195097,censored_likelihood_pressure_index,joint_covariate_region_mean
2025-09-09,SHG,0.0,censored_likelihood_pressure_index,joint_covariate_region_mean
2025-09-10,BDH,0.0,censored_likelihood_pressure_index,joint_covariate_region_mean
2025-09-10,HGA,0.9924119637409143,censored_likelihood_pressure_index,joint_covariate_region_mean
2025-09-10,SHG,0.0,censored_likelihood_pressure_index,joint_covariate_region_mean
2025-09-11,BDH,0.02852295458919172,censored_likelihood_pressure_index,joint_covariate_region_mean
2025-09-11,HGA,1.062069823835019,censored_likelihood_pressure_index,joint_covariate_region_mean
2025-09-11,SHG,0.0,censored_likelihood_pressure_index,joint_covariate_region_mean
2025-09-12,BDH,0.11732147160627417,censored_likelihood_pressure_index,joint_covariate_region_mean
2025-09-12,HGA,1.240100602365735,censored_likelihood_pressure_index,joint_covariate_region_mean
2025-09-12,SHG,0.0,censored_likelihood_pressure_index,joint_covariate_region_mean
2025-09-13,BDH,0.219730413424645,censored_likelihood_pressure_index,joint_covariate_region_mean
2025-09-13,HGA,1.4454187118666408,censored_likelihood_pressure_index,joint_covariate_region_mean
2025-09-13,SHG,0.0,censored_likelihood_pressure_index,joint_covariate_region_mean
2025-09-14,BDH,0.33535163700024107,censored_likelihood_pressure_index,joint_covariate_region_mean
2025-09-14,HGA,1.6772259214834127,censored_likelihood_pressure_index,joint_covariate_region_mean
2025-09-14,SHG,0.07623937362453624,censored_likelihood_pressure_index,joint_covariate_region_mean
2025-09-15,BDH,0.07833982153794272,censored_likelihood_pressure_index,joint_covariate_region_mean
2025-09-15,HGA,1.1619468927858563,censored_likelihood_pressure_index,joint_covariate_region_mean
2025-09-15,SHG,0.0,censored_likelihood_pressure_index,joint_covariate_region_mean
2025-09-16,BDH,0.10612817244184664,censored_likelihood_pressure_index,joint_covariate_region_mean
2025-09-16,HGA,1.2176593293410187,censored_likelihood_pressure_index,joint_covariate_region_mean
2025-09-16,SHG,0.0,censored_likelihood_pressure_index,joint_covariate_region_mean
2025-09-17,BDH,0.1490563775767038,censored_likelihood_pressure_index,joint_covariate_region_mean
2025-09-17,HGA,1.303725426363953,censored_likelihood_pressure_index,joint_covariate_region_mean
2025-09-17,SHG,0.0,censored_likelihood_pressure_index,joint_covariate_region_mean
2025-09-18,BDH,0.18746959038047317,censored_likelihood_pressure_index,joint_covariate_region_mean
2025-09-18,HGA,1.3807394848307806,censored_likelihood_pressure_index,joint_covariate_region_mean
2025-09-18,SHG,0.0,censored_likelihood_pressure_index,joint_covariate_region_mean
2025-09-19,BDH,0.16564836750545528,censored_likelihood_pressure_index,joint_covariate_region_mean
2025-09-19,HGA,1.3369904513172548,censored_likelihood_pressure_index,joint_covariate_region_mean
2025-09-19,SHG,0.0,censored_likelihood_pressure_index,joint_covariate_region_mean
2025-09-20,BDH,0.3900020361990902,censored_likelihood_pressure_index,joint_covariate_region_mean
2025-09-20,HGA,1.786793664765813,censored_likelihood_pressure_index,joint_covariate_region_mean
2025-09-20,SHG,0.12028538350866512,censored_likelihood_pressure_index,joint_covariate_region_mean
2025-09-21,BDH,0.3207729446626996,censored_likelihood_pressure_index,joint_covariate_region_mean
2025-09-21,HGA,1.647997325849175,censored_likelihood_pressure_index,joint_covariate_region_mean
2025-09-21,SHG,0.06448953764510304,censored_likelihood_pressure_index,joint_covariate_region_mean
2025-09-22,BDH,0.09128783525693905,censored_likelihood_pressure_index,joint_covariate_region_mean
2025-09-22,HGA,1.187906165983807,censored_likelihood_pressure_index,joint_covariate_region_mean
2025-09-22,SHG,0.0,censored_likelihood_pressure_index,joint_covariate_region_mean
2025-09-23,BDH,0.1448439929033229,censored_likelihood_pressure_index,joint_covariate_region_mean
2025-09-23,HGA,1.2952800812381038,censored_likelihood_pressure_index,joint_covariate_region_mean
2025-09-23,SHG,0.0,censored_likelihood_pressure_index,joint_covariate_region_mean
2025-09-24,BDH,0.20046000440786882,censored_likelihood_pressure_index,joint_covariate_region_mean
2025-09-24,HGA,1.406783765753723,censored_likelihood_pressure_index,joint_covariate_region_mean
2025-09-24,SHG,0.0,censored_likelihood_pressure_index,joint_covariate_region_mean
2025-09-25,BDH,0.1470088035852842,censored_likelihood_pressure_index,joint_covariate_region_mean
2025-09-25,HGA,1.2996202768182514,censored_likelihood_pressure_index,joint_covariate_region_mean
2025-09-25,SHG,0.0,censored_likelihood_pressure_index,joint_covariate_region_mean
2025-09-26,BDH,0.1561258643399324,censored_likelihood_pressure_index,joint_covariate_region_mean
2025-09-26,HGA,1.317898931446567,censored_likelihood_pressure_index,joint_covariate_region_mean
2025-09-26,SHG,0.0,censored_likelihood_pressure_index,joint_covariate_region_mean
2025-09-27,BDH,0.39964853542067574,censored_likelihood_pressure_index,joint_covariate_region_mean
2025-09-27,HGA,1.806133782418729,censored_likelihood_pressure_index,joint_covariate_region_mean
2025-09-27,SHG,0.12806007145769926,censored_likelihood_pressure_index,joint_covariate_region_mean
2025-09-28,BDH,0.29564994629034547,censored_likelihood_pressure_index,joint_covariate_region_mean
2025-09-28,HGA,1.597628613515886,censored_likelihood_pressure_index,joint_covariate_region_mean
2025-09-28,SHG,0.04424141776218428,censored_likelihood_pressure_index,joint_covariate_region_mean
2025-09-29,BDH,0.16862029543171186,censored_likelihood_pressure_index,joint_covariate_region_mean
2025-09-29,HGA,1.3429488238241611,censored_likelihood_pressure_index,joint_covariate_region_mean
2025-09-29,SHG,0.0,censored_likelihood_pressure_index,joint_covariate_region_mean
2025-09-30,BDH,0.18405919644869578,censored_likelihood_pressure_index,joint_covariate_region_mean
2025-09-30,HGA,1.3739020385854341,censored_likelihood_pressure_index,joint_covariate_region_mean
2025-09-30,SHG,0.0,censored_likelihood_pressure_index,joint_covariate_region_mean
2025-10-01,BDH,0.7353903336020466,censored_likelihood_pressure_index,joint_covariate_region_mean
2025-10-01,HGA,2.479257340372219,censored_likelihood_pressure_index,joint_covariate_region_mean
2025-10-01,SHG,0.3986543722862149,censored_likelihood_pressure_index,joint_covariate_region_mean
2025-10-02,BDH,0.844200789073309,censored_likelihood_pressure_index,joint_covariate_region_mean
2025-10-02,HGA,2.6974097459591735,censored_likelihood_pressure_index,joint_covariate_region_mean
2025-10-02,SHG,0.4863511955014553,censored_likelihood_pressure_index,joint_covariate_region_mean
2025-10-03,BDH,0.8638805379234791,censored_likelihood_pressure_index,joint_covariate_region_mean
2025-10-03,HGA,2.736865371196819,censored_likelihood_pressure_index,joint_covariate_region_mean
2025-10-03,SHG,0.5022122765745833,censored_likelihood_pressure_index,joint_covariate_region_mean
2025-10-04,BDH,1.2370583877003583,censored_likelihood_pressure_index,joint_covariate_region_mean
2025-10-04,HGA,3.4850438921671154,censored_likelihood_pressure_index,joint_covariate_region_mean
2025-10-04,SHG,0.802978519836655,censored_likelihood_pressure_index,joint_covariate_region_mean
2025-10-05,BDH,1.0737952247194844,censored_likelihood_pressure_index,joint_covariate_region_mean
2025-10-05,HGA,3.1577200923194146,censored_likelihood_pressure_index,joint_covariate_region_mean
2025-10-05,SHG,0.6713950182376189,censored_likelihood_pressure_index,joint_covariate_region_mean
2025-10-06,BDH,0.6861841846381709,censored_likelihood_pressure_index,joint_covariate_region_mean
2025-10-06,HGA,2.3806046904991134,censored_likelihood_pressure_index,joint_covariate_region_mean
2025-10-06,SHG,0.3589962077458829,censored_likelihood_pressure_index,joint_covariate_region_mean
2025-10-07,BDH,0.5728795949655399,censored_likelihood_pressure_index,joint_covariate_region_mean
2025-10-07,HGA,2.1534420644989365,censored_likelihood_pressure_index,joint_covariate_region_mean
2025-10-07,SHG,0.26767729425580594,censored_likelihood_pressure_index,joint_covariate_region_mean
2025-10-08,BDH,0.5207588308819449,censored_likelihood_pressure_index,joint_covariate_region_mean
2025-10-08,HGA,2.048945947681658,censored_likelihood_pressure_index,joint_covariate_region_mean
2025-10-08,SHG,0.22567006789244007,censored_likelihood_pressure_index,joint_covariate_region_mean
2025-10-09,BDH,0.0,censored_likelihood_pressure_index,joint_covariate_region_mean
2025-10-09,HGA,0.9379022116774367,censored_likelihood_pressure_index,joint_covariate_region_mean
2025-10-09,SHG,0.0,censored_likelihood_pressure_index,joint_covariate_region_mean
2025-10-10,BDH,0.0,censored_likelihood_pressure_index,joint_covariate_region_mean
2025-10-10,HGA,0.9970614783984195,censored_likelihood_pressure_index,joint_covariate_region_mean
2025-10-10,SHG,0.0,censored_likelihood_pressure_index,joint_covariate_region_mean
2025-10-11,BDH,0.22780474021606514,censored_likelihood_pressure_index,joint_covariate_region_mean
2025-10-11,HGA,1.461606805238869,censored_likelihood_pressure_index,joint_covariate_region_mean
2025-10-11,SHG,0.0,censored_likelihood_pressure_index,joint_covariate_region_mean
2025-10-12,BDH,0.27063877349278065,censored_likelihood_pressure_index,joint_covariate_region_mean
2025-10-12,HGA,1.5474840985544462,censored_likelihood_pressure_index,joint_covariate_region_mean
2025-10-12,SHG,0.024083424766620037,censored_likelihood_pressure_index,joint_covariate_region_mean
2025-10-13,BDH,0.0,censored_likelihood_pressure_index,joint_covariate_region_mean
2025-10-13,HGA,0.9577512737195868,censored_likelihood_pressure_index,joint_covariate_region_mean
2025-10-13,SHG,0.0,censored_likelihood_pressure_index,joint_covariate_region_mean
2025-10-14,BDH,0.0587853338215621,censored_likelihood_pressure_index,joint_covariate_region_mean
2025-10-14,HGA,1.1227424016652798,censored_likelihood_pressure_index,joint_covariate_region_mean
2025-10-14,SHG,0.0,censored_likelihood_pressure_index,joint_covariate_region_mean
2025-10-15,BDH,0.04900779675244686,censored_likelihood_pressure_index,joint_covariate_region_mean
2025-10-15,HGA,1.103139568250926,censored_likelihood_pressure_index,joint_covariate_region_mean
2025-10-15,SHG,0.0,censored_likelihood_pressure_index,joint_covariate_region_mean
2025-10-16,BDH,0.07522770833432536,censored_likelihood_pressure_index,joint_covariate_region_mean
2025-10-16,HGA,1.1557074649763903,censored_likelihood_pressure_index,joint_covariate_region_mean
2025-10-16,SHG,0.0,censored_likelihood_pressure_index,joint_covariate_region_mean
2025-10-17,BDH,0.07227967322849645,censored_likelihood_pressure_index,joint_covariate_region_mean
2025-10-17,HGA,1.1497969948170108,censored_likelihood_pressure_index,joint_covariate_region_mean
2025-10-17,SHG,0.0,censored_likelihood_pressure_index,joint_covariate_region_mean
2025-10-18,BDH,0.24718195162405826,censored_likelihood_pressure_index,joint_covariate_region_mean
2025-10-18,HGA,1.5004558778202917,censored_likelihood_pressure_index,joint_covariate_region_mean
2025-10-18,SHG,0.005178175710328524,censored_likelihood_pressure_index,joint_covariate_region_mean
2025-10-19,BDH,0.17108237955983285,censored_likelihood_pressure_index,joint_covariate_region_mean
2025-10-19,HGA,1.3478850183560271,censored_likelihood_pressure_index,joint_covariate_region_mean
2025-10-19,SHG,0.0,censored_likelihood_pressure_index,joint_covariate_region_mean
2025-10-20,BDH,0.0,censored_likelihood_pressure_index,joint_covariate_region_mean
2025-10-20,HGA,0.9492400352952999,censored_likelihood_pressure_index,joint_covariate_region_mean
2025-10-20,SHG,0.0,censored_likelihood_pressure_index,joint_covariate_region_mean
2025-10-21,BDH,0.01243748143823798,censored_likelihood_pressure_index,joint_covariate_region_mean
2025-10-21,HGA,1.0298203065649467,censored_likelihood_pressure_index,joint_covariate_region_mean
2025-10-21,SHG,0.0,censored_likelihood_pressure_index,joint_covariate_region_mean
2025-10-22,BDH,0.0,censored_likelihood_pressure_index,joint_covariate_region_mean
2025-10-22,HGA,0.9397972077663055,censored_likelihood_pressure_index,joint_covariate_region_mean
2025-10-22,SHG,0.0,censored_likelihood_pressure_index,joint_covariate_region_mean
2025-10-23,BDH,0.0,censored_likelihood_pressure_index,joint_covariate_region_mean
2025-10-23,HGA,0.9975855068835868,censored_likelihood_pressure_index,joint_covariate_region_mean
2025-10-23,SHG,0.0,censored_likelihood_pressure_index,joint_covariate_region_mean
2025-10-24,BDH,0.0,censored_likelihood_pressure_index,joint_covariate_region_mean
2025-10-24,HGA,0.9768530494687382,censored_likelihood_pressure_index,joint_covariate_region_mean
2025-10-24,SHG,0.0,censored_likelihood_pressure_index,joint_covariate_region_mean
2025-10-25,BDH,0.172623894060273,censored_likelihood_pressure_index,joint_covariate_region_mean
2025-10-25,HGA,1.3509755770257956,censored_likelihood_pressure_index,joint_covariate_region_mean
2025-10-25,SHG,0.0,censored_likelihood_pressure_index,joint_covariate_region_mean
2025-10-26,BDH,0.13280930304057317,censored_likelihood_pressure_index,joint_covariate_region_mean
2025-10-26,HGA,1.2711519169667471,censored_likelihood_pressure_index,joint_covariate_region_mean
2025-10-26,SHG,0.0,censored_likelihood_pressure_index,joint_covariate_region_mean
2025-10-27,BDH,0.0,censored_likelihood_pressure_index,joint_covariate_region_mean
2025-10-27,HGA,0.8742230547118222,censored_likelihood_pressure_index,joint_covariate_region_mean
2025-10-27,SHG,0.0,censored_likelihood_pressure_index,joint_covariate_region_mean
2025-10-28,BDH,0.0,censored_likelihood_pressure_index,joint_covariate_region_mean
2025-10-28,HGA,0.9349674332880251,censored_likelihood_pressure_index,joint_covariate_region_mean
2025-10-28,SHG,0.0,censored_likelihood_pressure_index,joint_covariate_region_mean
2025-10-29,BDH,0.013192765692895304,censored_likelihood_pressure_index,joint_covariate_region_mean
2025-10-29,HGA,1.0313345643294403,censored_likelihood_pressure_index,joint_covariate_region_mean
2025-10-29,SHG,0.0,censored_likelihood_pressure_index,joint_covariate_region_mean
2025-10-30,BDH,0.0,censored_likelihood_pressure_index,joint_covariate_region_mean
2025-10-30,HGA,0.9483986373211097,censored_likelihood_pressure_index,joint_covariate_region_mean
2025-10-30,SHG,0.0,censored_likelihood_pressure_index,joint_covariate_region_mean
2025-10-31,BDH,0.0,censored_likelihood_pressure_index,joint_covariate_region_mean
2025-10-31,HGA,0.9346199643312458,censored_likelihood_pressure_index,joint_covariate_region_mean
2025-10-31,SHG,0.0,censored_likelihood_pressure_index,joint_covariate_region_mean
2025-11-01,BDH,0.17092106622176328,censored_likelihood_pressure_index,joint_covariate_region_mean
2025-11-01,HGA,1.3475616037301004,censored_likelihood_pressure_index,joint_covariate_region_mean
2025-11-01,SHG,0.0,censored_likelihood_pressure_index,joint_covariate_region_mean
2025-11-02,BDH,0.10858780015270553,censored_likelihood_pressure_index,joint_covariate_region_mean
2025-11-02,HGA,1.2225905990397647,censored_likelihood_pressure_index,joint_covariate_region_mean
2025-11-02,SHG,0.0,censored_likelihood_pressure_index,joint_covariate_region_mean
2025-11-03,BDH,0.0,censored_likelihood_pressure_index,joint_covariate_region_mean
2025-11-03,HGA,0.8442083631859363,censored_likelihood_pressure_index,joint_covariate_region_mean
2025-11-03,SHG,0.0,censored_likelihood_pressure_index,joint_covariate_region_mean
2025-11-04,BDH,0.0,censored_likelihood_pressure_index,joint_covariate_region_mean
2025-11-04,HGA,0.9551459836905836,censored_likelihood_pressure_index,joint_covariate_region_mean
2025-11-04,SHG,0.0,censored_likelihood_pressure_index,joint_covariate_region_mean
2025-11-05,BDH,0.0065247667953233016,censored_likelihood_pressure_index,joint_covariate_region_mean
2025-11-05,HGA,1.0179659960824239,censored_likelihood_pressure_index,joint_covariate_region_mean
2025-11-05,SHG,0.0,censored_likelihood_pressure_index,joint_covariate_region_mean
2025-11-06,BDH,0.0,censored_likelihood_pressure_index,joint_covariate_region_mean
2025-11-06,HGA,0.9512998493592062,censored_likelihood_pressure_index,joint_covariate_region_mean
2025-11-06,SHG,0.0,censored_likelihood_pressure_index,joint_covariate_region_mean
2025-11-07,BDH,0.0,censored_likelihood_pressure_index,joint_covariate_region_mean
2025-11-07,HGA,0.9329711307860982,censored_likelihood_pressure_index,joint_covariate_region_mean
2025-11-07,SHG,0.0,censored_likelihood_pressure_index,joint_covariate_region_mean
2025-11-08,BDH,0.14157024085025807,censored_likelihood_pressure_index,joint_covariate_region_mean
2025-11-08,HGA,1.2887165861899654,censored_likelihood_pressure_index,joint_covariate_region_mean
2025-11-08,SHG,0.0,censored_likelihood_pressure_index,joint_covariate_region_mean
2025-11-09,BDH,0.15795861304342046,censored_likelihood_pressure_index,joint_covariate_region_mean
2025-11-09,HGA,1.3215733810825938,censored_likelihood_pressure_index,joint_covariate_region_mean
2025-11-09,SHG,0.0,censored_likelihood_pressure_index,joint_covariate_region_mean
2025-11-10,BDH,0.0,censored_likelihood_pressure_index,joint_covariate_region_mean
2025-11-10,HGA,0.8959318249097958,censored_likelihood_pressure_index,joint_covariate_region_mean
2025-11-10,SHG,0.0,censored_likelihood_pressure_index,joint_covariate_region_mean
2025-11-11,BDH,0.0,censored_likelihood_pressure_index,joint_covariate_region_mean
2025-11-11,HGA,0.9411316750375092,censored_likelihood_pressure_index,joint_covariate_region_mean
2025-11-11,SHG,0.0,censored_likelihood_pressure_index,joint_covariate_region_mean
2025-11-12,BDH,0.0,censored_likelihood_pressure_index,joint_covariate_region_mean
2025-11-12,HGA,0.9739768917875844,censored_likelihood_pressure_index,joint_covariate_region_mean
2025-11-12,SHG,0.0,censored_likelihood_pressure_index,joint_covariate_region_mean
2025-11-13,BDH,0.0,censored_likelihood_pressure_index,joint_covariate_region_mean
2025-11-13,HGA,1.0002141183072726,censored_likelihood_pressure_index,joint_covariate_region_mean
2025-11-13,SHG,0.0,censored_likelihood_pressure_index,joint_covariate_region_mean
2025-11-14,BDH,0.0,censored_likelihood_pressure_index,joint_covariate_region_mean
2025-11-14,HGA,0.9681621742893143,censored_likelihood_pressure_index,joint_covariate_region_mean
2025-11-14,SHG,0.0,censored_likelihood_pressure_index,joint_covariate_region_mean
2025-11-15,BDH,0.16951835222052558,censored_likelihood_pressure_index,joint_covariate_region_mean
2025-11-15,HGA,1.3447493240424988,censored_likelihood_pressure_index,joint_covariate_region_mean
2025-11-15,SHG,0.0,censored_likelihood_pressure_index,joint_covariate_region_mean
2025-11-16,BDH,0.11130587039527337,censored_likelihood_pressure_index,joint_covariate_region_mean
2025-11-16,HGA,1.2280400161881664,censored_likelihood_pressure_index,joint_covariate_region_mean
2025-11-16,SHG,0.0,censored_likelihood_pressure_index,joint_covariate_region_mean
2025-11-17,BDH,0.0,censored_likelihood_pressure_index,joint_covariate_region_mean
2025-11-17,HGA,0.8862901524753084,censored_likelihood_pressure_index,joint_covariate_region_mean
2025-11-17,SHG,0.0,censored_likelihood_pressure_index,joint_covariate_region_mean
2025-11-18,BDH,0.0,censored_likelihood_pressure_index,joint_covariate_region_mean
2025-11-18,HGA,0.936665254355201,censored_likelihood_pressure_index,joint_covariate_region_mean
2025-11-18,SHG,0.0,censored_likelihood_pressure_index,joint_covariate_region_mean
2025-11-19,BDH,0.0,censored_likelihood_pressure_index,joint_covariate_region_mean
2025-11-19,HGA,0.9485673231120537,censored_likelihood_pressure_index,joint_covariate_region_mean
2025-11-19,SHG,0.0,censored_likelihood_pressure_index,joint_covariate_region_mean
2025-11-20,BDH,0.0,censored_likelihood_pressure_index,joint_covariate_region_mean
2025-11-20,HGA,1.001037566688605,censored_likelihood_pressure_index,joint_covariate_region_mean
2025-11-20,SHG,0.0,censored_likelihood_pressure_index,joint_covariate_region_mean
2025-11-21,BDH,0.0,censored_likelihood_pressure_index,joint_covariate_region_mean
2025-11-21,HGA,0.9049520560806517,censored_likelihood_pressure_index,joint_covariate_region_mean
2025-11-21,SHG,0.0,censored_likelihood_pressure_index,joint_covariate_region_mean
2025-11-22,BDH,0.20275749398529097,censored_likelihood_pressure_index,joint_covariate_region_mean
2025-11-22,HGA,1.4113899672070196,censored_likelihood_pressure_index,joint_covariate_region_mean
2025-11-22,SHG,0.0,censored_likelihood_pressure_index,joint_covariate_region_mean
2025-11-23,BDH,0.1113766437011763,censored_likelihood_pressure_index,joint_covariate_region_mean
2025-11-23,HGA,1.228181908498673,censored_likelihood_pressure_index,joint_covariate_region_mean
2025-11-23,SHG,0.0,censored_likelihood_pressure_index,joint_covariate_region_mean
2025-11-24,BDH,0.0,censored_likelihood_pressure_index,joint_covariate_region_mean
2025-11-24,HGA,0.9259280203342037,censored_likelihood_pressure_index,joint_covariate_region_mean
2025-11-24,SHG,0.0,censored_likelihood_pressure_index,joint_covariate_region_mean
2025-11-25,BDH,0.0,censored_likelihood_pressure_index,joint_covariate_region_mean
2025-11-25,HGA,0.9303667503071629,censored_likelihood_pressure_index,joint_covariate_region_mean
2025-11-25,SHG,0.0,censored_likelihood_pressure_index,joint_covariate_region_mean
2025-11-26,BDH,0.0,censored_likelihood_pressure_index,joint_covariate_region_mean
2025-11-26,HGA,0.9677333979819245,censored_likelihood_pressure_index,joint_covariate_region_mean
2025-11-26,SHG,0.0,censored_likelihood_pressure_index,joint_covariate_region_mean
2025-11-27,BDH,0.0,censored_likelihood_pressure_index,joint_covariate_region_mean
2025-11-27,HGA,0.892853046723074,censored_likelihood_pressure_index,joint_covariate_region_mean
2025-11-27,SHG,0.0,censored_likelihood_pressure_index,joint_covariate_region_mean
2025-11-28,BDH,0.0,censored_likelihood_pressure_index,joint_covariate_region_mean
2025-11-28,HGA,1.002018538487338,censored_likelihood_pressure_index,joint_covariate_region_mean
2025-11-28,SHG,0.0,censored_likelihood_pressure_index,joint_covariate_region_mean
2025-11-29,BDH,0.14625965445433636,censored_likelihood_pressure_index,joint_covariate_region_mean
2025-11-29,HGA,1.2981183192687507,censored_likelihood_pressure_index,joint_covariate_region_mean
2025-11-29,SHG,0.0,censored_likelihood_pressure_index,joint_covariate_region_mean
2025-11-30,BDH,0.11475240625672829,censored_likelihood_pressure_index,joint_covariate_region_mean
2025-11-30,HGA,1.2349499228314365,censored_likelihood_pressure_index,joint_covariate_region_mean
2025-11-30,SHG,0.0,censored_likelihood_pressure_index,joint_covariate_region_mean
2025-12-01,BDH,0.0,censored_likelihood_pressure_index,joint_covariate_region_mean
2025-12-01,HGA,0.9509049760181669,censored_likelihood_pressure_index,joint_covariate_region_mean
2025-12-01,SHG,0.0,censored_likelihood_pressure_index,joint_covariate_region_mean
2025-12-02,BDH,0.0,censored_likelihood_pressure_index,joint_covariate_region_mean
2025-12-02,HGA,0.9403501983332705,censored_likelihood_pressure_index,joint_covariate_region_mean
2025-12-02,SHG,0.0,censored_likelihood_pressure_index,joint_covariate_region_mean
2025-12-03,BDH,0.0,censored_likelihood_pressure_index,joint_covariate_region_mean
2025-12-03,HGA,0.952746135268769,censored_likelihood_pressure_index,joint_covariate_region_mean
2025-12-03,SHG,0.0,censored_likelihood_pressure_index,joint_covariate_region_mean
2025-12-04,BDH,0.0,censored_likelihood_pressure_index,joint_covariate_region_mean
2025-12-04,HGA,0.9521319840073497,censored_likelihood_pressure_index,joint_covariate_region_mean
2025-12-04,SHG,0.0,censored_likelihood_pressure_index,joint_covariate_region_mean
2025-12-05,BDH,0.0,censored_likelihood_pressure_index,joint_covariate_region_mean
2025-12-05,HGA,1.0025722984067604,censored_likelihood_pressure_index,joint_covariate_region_mean
2025-12-05,SHG,0.0,censored_likelihood_pressure_index,joint_covariate_region_mean
2025-12-06,BDH,0.1569598392032142,censored_likelihood_pressure_index,joint_covariate_region_mean
2025-12-06,HGA,1.3195709547998011,censored_likelihood_pressure_index,joint_covariate_region_mean
2025-12-06,SHG,0.0,censored_likelihood_pressure_index,joint_covariate_region_mean
2025-12-07,BDH,0.10650828973305916,censored_likelihood_pressure_index,joint_covariate_region_mean
2025-12-07,HGA,1.2184214206411985,censored_likelihood_pressure_index,joint_covariate_region_mean
2025-12-07,SHG,0.0,censored_likelihood_pressure_index,joint_covariate_region_mean
2025-12-08,BDH,0.0,censored_likelihood_pressure_index,joint_covariate_region_mean
2025-12-08,HGA,0.8934983950231836,censored_likelihood_pressure_index,joint_covariate_region_mean
2025-12-08,SHG,0.0,censored_likelihood_pressure_index,joint_covariate_region_mean
2025-12-09,BDH,0.00021620288540381786,censored_likelihood_pressure_index,joint_covariate_region_mean
2025-12-09,HGA,1.0053180535038595,censored_likelihood_pressure_index,joint_covariate_region_mean
2025-12-09,SHG,0.0,censored_likelihood_pressure_index,joint_covariate_region_mean
2025-12-10,BDH,0.0,censored_likelihood_pressure_index,joint_covariate_region_mean
2025-12-10,HGA,0.9654398194492027,censored_likelihood_pressure_index,joint_covariate_region_mean
2025-12-10,SHG,0.0,censored_likelihood_pressure_index,joint_covariate_region_mean
2025-12-11,BDH,0.0,censored_likelihood_pressure_index,joint_covariate_region_mean
2025-12-11,HGA,0.932581730111993,censored_likelihood_pressure_index,joint_covariate_region_mean
2025-12-11,SHG,0.0,censored_likelihood_pressure_index,joint_covariate_region_mean
2025-12-12,BDH,0.0,censored_likelihood_pressure_index,joint_covariate_region_mean
2025-12-12,HGA,0.9281878567597845,censored_likelihood_pressure_index,joint_covariate_region_mean
2025-12-12,SHG,0.0,censored_likelihood_pressure_index,joint_covariate_region_mean
2025-12-13,BDH,0.18128262753426921,censored_likelihood_pressure_index,joint_covariate_region_mean
2025-12-13,HGA,1.3683353383511898,censored_likelihood_pressure_index,joint_covariate_region_mean
2025-12-13,SHG,0.0,censored_likelihood_pressure_index,joint_covariate_region_mean
2025-12-14,BDH,0.15887221171011448,censored_likelihood_pressure_index,joint_covariate_region_mean
2025-12-14,HGA,1.3234050409724194,censored_likelihood_pressure_index,joint_covariate_region_mean
2025-12-14,SHG,0.0,censored_likelihood_pressure_index,joint_covariate_region_mean
2025-12-15,BDH,0.0,censored_likelihood_pressure_index,joint_covariate_region_mean
2025-12-15,HGA,0.9385523067654173,censored_likelihood_pressure_index,joint_covariate_region_mean
2025-12-15,SHG,0.0,censored_likelihood_pressure_index,joint_covariate_region_mean
2025-12-16,BDH,0.0,censored_likelihood_pressure_index,joint_covariate_region_mean
2025-12-16,HGA,0.9682060887281363,censored_likelihood_pressure_index,joint_covariate_region_mean
2025-12-16,SHG,0.0,censored_likelihood_pressure_index,joint_covariate_region_mean
2025-12-17,BDH,0.012377632733837324,censored_likelihood_pressure_index,joint_covariate_region_mean
2025-12-17,HGA,1.0297003168196621,censored_likelihood_pressure_index,joint_covariate_region_mean
2025-12-17,SHG,0.0,censored_likelihood_pressure_index,joint_covariate_region_mean
2025-12-18,BDH,0.00034274555919057464,censored_likelihood_pressure_index,joint_covariate_region_mean
2025-12-18,HGA,1.0055717569607232,censored_likelihood_pressure_index,joint_covariate_region_mean
2025-12-18,SHG,0.0,censored_likelihood_pressure_index,joint_covariate_region_mean
2025-12-19,BDH,0.0,censored_likelihood_pressure_index,joint_covariate_region_mean
2025-12-19,HGA,0.9265634899658426,censored_likelihood_pressure_index,joint_covariate_region_mean
2025-12-19,SHG,0.0,censored_likelihood_pressure_index,joint_covariate_region_mean
2025-12-20,BDH,0.14738639483994412,censored_likelihood_pressure_index,joint_covariate_region_mean
2025-12-20,HGA,1.3003773037066684,censored_likelihood_pressure_index,joint_covariate_region_mean
2025-12-20,SHG,0.0,censored_likelihood_pressure_index,joint_covariate_region_mean
2025-12-21,BDH,0.13160729414907577,censored_likelihood_pressure_index,joint_covariate_region_mean
2025-12-21,HGA,1.2687420278611334,censored_likelihood_pressure_index,joint_covariate_region_mean
2025-12-21,SHG,0.0,censored_likelihood_pressure_index,joint_covariate_region_mean
2025-12-22,BDH,0.0,censored_likelihood_pressure_index,joint_covariate_region_mean
2025-12-22,HGA,0.9039118939934285,censored_likelihood_pressure_index,joint_covariate_region_mean
2025-12-22,SHG,0.0,censored_likelihood_pressure_index,joint_covariate_region_mean
2025-12-23,BDH,0.0,censored_likelihood_pressure_index,joint_covariate_region_mean
2025-12-23,HGA,0.9011014513829851,censored_likelihood_pressure_index,joint_covariate_region_mean
2025-12-23,SHG,0.0,censored_likelihood_pressure_index,joint_covariate_region_mean
2025-12-24,BDH,0.0,censored_likelihood_pressure_index,joint_covariate_region_mean
2025-12-24,HGA,0.8998339957521071,censored_likelihood_pressure_index,joint_covariate_region_mean
2025-12-24,SHG,0.0,censored_likelihood_pressure_index,joint_covariate_region_mean
2025-12-25,BDH,0.0,censored_likelihood_pressure_index,joint_covariate_region_mean
2025-12-25,HGA,0.9764484538040479,censored_likelihood_pressure_index,joint_covariate_region_mean
2025-12-25,SHG,0.0,censored_likelihood_pressure_index,joint_covariate_region_mean
2025-12-26,BDH,0.0,censored_likelihood_pressure_index,joint_covariate_region_mean
2025-12-26,HGA,0.8714706389329137,censored_likelihood_pressure_index,joint_covariate_region_mean
2025-12-26,SHG,0.0,censored_likelihood_pressure_index,joint_covariate_region_mean
2025-12-27,BDH,0.08853113469219176,censored_likelihood_pressure_index,joint_covariate_region_mean
2025-12-27,HGA,1.1823792994976965,censored_likelihood_pressure_index,joint_covariate_region_mean
2025-12-27,SHG,0.0,censored_likelihood_pressure_index,joint_covariate_region_mean
2025-12-28,BDH,0.060621075154116556,censored_likelihood_pressure_index,joint_covariate_region_mean
2025-12-28,HGA,1.1264228511772107,censored_likelihood_pressure_index,joint_covariate_region_mean
2025-12-28,SHG,0.0,censored_likelihood_pressure_index,joint_covariate_region_mean
2025-12-29,BDH,0.0,censored_likelihood_pressure_index,joint_covariate_region_mean
2025-12-29,HGA,0.7418547180801229,censored_likelihood_pressure_index,joint_covariate_region_mean
2025-12-29,SHG,0.0,censored_likelihood_pressure_index,joint_covariate_region_mean
2025-12-30,BDH,0.0,censored_likelihood_pressure_index,joint_covariate_region_mean
2025-12-30,HGA,0.8165573858184596,censored_likelihood_pressure_index,joint_covariate_region_mean
2025-12-30,SHG,0.0,censored_likelihood_pressure_index,joint_covariate_region_mean
2025-12-31,BDH,0.0,censored_likelihood_pressure_index,joint_covariate_region_mean
2025-12-31,HGA,0.874798593977963,censored_likelihood_pressure_index,joint_covariate_region_mean
2025-12-31,SHG,0.0,censored_likelihood_pressure_index,joint_covariate_region_mean
