source_table,name,major_category,minor_category,longitude,latitude,poi_family
poi_attraction.csv,雄狮观海广场,旅游景点,广场,119.358284,39.732623,attraction
poi_attraction.csv,新南戴河国际娱乐中心-和声,旅游景点,其他,119.355057,39.733241,attraction
poi_attraction.csv,新南戴河国际娱乐中心-槐花湖景区,旅游景点,其他,119.356712,39.733857,attraction
poi_attraction.csv,金龙山索道站,旅游景点,其他,119.355383,39.729329,attraction
poi_attraction.csv,翡翠岛国家级自然环境保护区,旅游景点,其他,119.252401,39.549876,attraction
poi_attraction.csv,长寿山地质地貌景观区-玄阳洞,旅游景点,其他,119.758829,40.064829,attraction
poi_attraction.csv,江北大营度假,旅游景点,其他,119.744821,40.11938,attraction
poi_attraction.csv,御鹿谷,旅游景点,其他,119.735218,40.14721,attraction
poi_attraction.csv,白塔寺庙,旅游景点,宗教,119.670533,40.095909,attraction
poi_attraction.csv,柳江盆地地质遗迹国家级自然环境保护区,旅游景点,其他,119.662631,40.137728,attraction
poi_attraction.csv,五佛山国际生态休闲度假区,旅游景点,其他,119.751408,40.067299000000006,attraction
poi_attraction.csv,一线天,旅游景点,其他,119.734779,40.059686,attraction
poi_attraction.csv,世外桃源,旅游景点,其他,119.739333,40.061764,attraction
poi_attraction.csv,长寿河,旅游景点,其他,119.737436,40.059236,attraction
poi_attraction.csv,百二山河,旅游景点,其他,119.739255,40.06151,attraction
poi_attraction.csv,药王岭,旅游景点,其他,119.749996,40.06746,attraction
poi_attraction.csv,朝阳寺庙,旅游景点,宗教,119.663504,40.056756,attraction
poi_attraction.csv,点将台,旅游景点,其他,119.741568,40.120968000000005,attraction
poi_attraction.csv,秦皇岛法藏寺庙,旅游景点,宗教,119.745773,40.128082,attraction
poi_attraction.csv,龙王寺庙,旅游景点,宗教,119.709949,40.114655,attraction
poi_attraction.csv,万寿山景区,旅游景点,其他,119.750831,40.070278,attraction
poi_attraction.csv,祖山风景区,旅游景点,其他,119.458959,40.142464,attraction
poi_attraction.csv,秦皇秘境,旅游景点,其他,119.526597,40.152792,attraction
poi_attraction.csv,秦皇岛天门山,旅游景点,其他,119.501347,40.099953,attraction
poi_attraction.csv,莲花古寺,旅游景点,宗教,119.507909,40.098427,attraction
poi_attraction.csv,百步楼,旅游景点,其他,119.468859,40.064024,attraction
poi_attraction.csv,河北秦皇岛柳江国家地质生态公园-五峰寺,旅游景点,宗教,119.48573,40.074627,attraction
poi_attraction.csv,祖山呐喊喷泉,旅游景点,其他,119.502591,40.124681,attraction
poi_attraction.csv,祖山景区-小火车侯乘处,旅游景点,其他,119.528969,40.114161,attraction
poi_attraction.csv,萌宠乐园,旅游景点,其他,119.50335,40.125951,attraction
poi_attraction.csv,长城体验区,旅游景点,其他,119.503435,40.126202,attraction
poi_attraction.csv,祖山景区520打卡点,旅游景点,其他,119.454947,40.134717,attraction
poi_attraction.csv,濠水观鱼,旅游景点,其他,119.455636,40.134719,attraction
poi_attraction.csv,五潭映月,旅游景点,其他,119.456363,40.134558,attraction
poi_attraction.csv,老君炼丹,旅游景点,其他,119.458284,40.134183,attraction
poi_attraction.csv,背牛顶景区,旅游景点,其他,119.400116,40.087719,attraction
poi_attraction.csv,环县古城墙,旅游景点,其他,119.43158,40.146216,attraction
poi_attraction.csv,望仙亭,旅游景点,其他,119.427318,40.1227,attraction
poi_attraction.csv,北天门,旅游景点,其他,119.428965,40.135719,attraction
poi_attraction.csv,济心寺景区,旅游景点,其他,119.43158,40.146146,attraction
poi_attraction.csv,玉皇笔架,旅游景点,其他,119.435076,40.14392,attraction
poi_attraction.csv,响山奇乐,旅游景点,其他,119.43137,40.121766,attraction
poi_attraction.csv,辽代平安锣,旅游景点,其他,119.42524,40.12311,attraction
poi_attraction.csv,寿星峰,旅游景点,其他,119.427127,40.135552,attraction
poi_attraction.csv,禅堂庙鼎,旅游景点,其他,119.450982,40.135316,attraction
poi_attraction.csv,鹊桥相会,旅游景点,其他,119.441595,40.139016,attraction
poi_attraction.csv,老子出关,旅游景点,其他,119.445409,40.136821000000005,attraction
poi_attraction.csv,杨戬长叹,旅游景点,其他,119.438145,40.14062,attraction
poi_attraction.csv,天女峰景区,旅游景点,其他,119.431477,40.121581,attraction
poi_attraction.csv,童戏驼峰,旅游景点,其他,119.438974,40.140232000000005,attraction
poi_attraction.csv,佛光亭,旅游景点,其他,119.429317,40.122273,attraction
poi_attraction.csv,万怿亭,旅游景点,其他,119.451665,40.135413,attraction
poi_attraction.csv,镇海狮吼,旅游景点,其他,119.433823,40.144972,attraction
poi_attraction.csv,仙女云床,旅游景点,其他,119.43118,40.147557,attraction
poi_attraction.csv,吉祥钟,旅游景点,其他,119.431896,40.146029,attraction
poi_attraction.csv,柳亭闻莺,旅游景点,其他,119.440561,40.139103,attraction
poi_attraction.csv,韦陀巡山,旅游景点,其他,119.43897,40.140313,attraction
poi_attraction.csv,天女木兰园,旅游景点,其他,119.422587,40.122991,attraction
poi_attraction.csv,药师殿,旅游景点,宗教,119.429925,40.146431,attraction
poi_attraction.csv,狂犬吠,旅游景点,其他,119.445588,40.136991,attraction
poi_attraction.csv,一帆风顺,旅游景点,其他,119.445367,40.137804,attraction
poi_attraction.csv,五祖岭,旅游景点,其他,119.430666,40.132184,attraction
poi_attraction.csv,观音送子,旅游景点,其他,119.443858,40.138016,attraction
poi_attraction.csv,天女云床,旅游景点,其他,119.431168,40.147572,attraction
poi_attraction.csv,王母峰,旅游景点,其他,119.429602,40.135182,attraction
poi_attraction.csv,祖山景区-空中草原,旅游景点,其他,119.42008,40.143145,attraction
poi_attraction.csv,祖山景区-望海禅寺景区,旅游景点,宗教,119.431503,40.146174,attraction
poi_attraction.csv,鼓楼,旅游景点,其他,119.431268,40.146021000000005,attraction
poi_attraction.csv,河北秦皇岛柳江国家地质生态公园-响山,旅游景点,其他,119.431411,40.121727,attraction
poi_attraction.csv,幽谷禅堂,旅游景点,其他,119.451853,40.135097,attraction
poi_attraction.csv,八仙峰,旅游景点,其他,119.425055,40.122906,attraction
poi_attraction.csv,奇峰挂月,旅游景点,其他,119.438167,40.140702,attraction
poi_attraction.csv,避雨亭,旅游景点,其他,119.4515,40.135192,attraction
poi_attraction.csv,地藏殿,旅游景点,宗教,119.430993,40.146113,attraction
poi_attraction.csv,财神殿,旅游景点,宗教,119.430276,40.146957,attraction
poi_attraction.csv,钟楼,旅游景点,其他,119.431475,40.146323,attraction
poi_attraction.csv,神笔书天,旅游景点,其他,119.452203,40.135068,attraction
poi_attraction.csv,孔雀迎宾,旅游景点,其他,119.438575,40.140197,attraction
poi_attraction.csv,九龙樱花,旅游景点,其他,119.454138,40.135182,attraction
poi_attraction.csv,观音殿,旅游景点,宗教,119.431296,40.146551,attraction
poi_attraction.csv,长城,旅游景点,其他,119.363314,40.11704,attraction
poi_attraction.csv,龙云谷,旅游景点,其他,119.345892,40.064665,attraction
poi_attraction.csv,桃林口水库-建设纪念碑,旅游景点,纪念馆,119.059321,40.144038,attraction
poi_attraction.csv,老爷寺庙,旅游景点,宗教,119.084078,40.270259,attraction
poi_attraction.csv,葫芦亭,旅游景点,其他,119.444714,40.223512,attraction
poi_attraction.csv,祖山景区-飞瀑谷,旅游景点,其他,119.41477,40.165753,attraction
poi_attraction.csv,巫岚洞天齐寺庙,旅游景点,宗教,119.202637,40.424092,attraction
poi_attraction.csv,花厂峪抗日纪念园,旅游景点,纪念馆,119.487247,40.170781,attraction
poi_attraction.csv,板城小镇,旅游景点,其他,119.569616,40.193164,attraction
poi_attraction.csv,天然禅寺庙,旅游景点,宗教,119.575519,40.190157,attraction
poi_attraction.csv,老君顶水上动物园,旅游景点,其他,119.581858,40.154252,attraction
poi_attraction.csv,板厂峪塔,旅游景点,其他,119.575552,40.190057,attraction
poi_attraction.csv,靈仙洞,旅游景点,其他,119.569931,40.201577,attraction
poi_attraction.csv,明长城砖窑遗址,旅游景点,其他,119.570589,40.201413,attraction
poi_attraction.csv,长谷口遗址,旅游景点,其他,119.566081,40.213621,attraction
poi_attraction.csv,慈母像,旅游景点,其他,119.563452,40.21591,attraction
poi_attraction.csv,六眼楼,旅游景点,其他,119.564849,40.230662,attraction
poi_attraction.csv,亿年火山口,旅游景点,其他,119.566051,40.244342,attraction
poi_attraction.csv,许家山庄,旅游景点,其他,119.557491,40.236517,attraction
poi_attraction.csv,明早期长城,旅游景点,其他,119.565614,40.21364,attraction
poi_attraction.csv,JD第1楼,旅游景点,其他,119.560221,40.230605,attraction
poi_attraction.csv,圣水泉,旅游景点,其他,119.526418,40.26677,attraction
poi_attraction.csv,和润山庄,旅游景点,其他,119.694718,40.202305,attraction
poi_attraction.csv,白云山庆福寺庙,旅游景点,宗教,119.692164,40.208826,attraction
poi_attraction.csv,金屏山景区,旅游景点,其他,119.526606,40.444235,attraction
poi_attraction.csv,圣母泉,旅游景点,其他,119.503637,40.419613,attraction
poi_attraction.csv,子母象景区,旅游景点,其他,119.582018,40.364958,attraction
poi_attraction.csv,妙善观,旅游景点,宗教,119.510889,40.495814,attraction
poi_attraction.csv,明光寺庙,旅游景点,宗教,118.789498,40.223441,attraction
poi_attraction.csv,隆云寺庙,旅游景点,宗教,118.756711,40.345218,attraction
poi_attraction.csv,中国动物,旅游景点,其他,118.974156,40.204957,attraction
poi_attraction.csv,龙潭峡谷漂流,旅游景点,其他,118.95445,40.299671,attraction
poi_attraction.csv,佛龙寺庙,旅游景点,宗教,118.905282,40.356392,attraction
poi_attraction.csv,神石沟旅游区,旅游景点,其他,119.026082,40.55464,attraction
poi_attraction.csv,小石湖沟观音庙景区,旅游景点,其他,118.667731,40.437835,attraction
poi_attraction.csv,阇黎洞,旅游景点,其他,118.793935,39.769294,attraction
poi_attraction.csv,娘娘寺庙,旅游景点,宗教,118.827006,39.81033,attraction
poi_attraction.csv,阳山洞,旅游景点,其他,118.945766,39.842037,attraction
poi_attraction.csv,龙骧园,旅游景点,公园,118.912633,39.911761,attraction
poi_attraction.csv,摇铃山,旅游景点,其他,119.017125,40.032628,attraction
poi_attraction.csv,福来岛,旅游景点,植物园,119.291401,39.58066,attraction
poi_attraction.csv,海洋大漠观光区-观海长廊,旅游景点,其他,119.274331,39.551447,attraction
poi_attraction.csv,昌黎黄金海岸自然环境保护区,旅游景点,其他,119.312558,39.636647,attraction
poi_attraction.csv,海螺广场,旅游景点,广场,119.308416,39.620560000000005,attraction
poi_attraction.csv,黄金海岸休闲体育滑沙生态公园,旅游景点,公园,119.308208,39.636373,attraction
poi_attraction.csv,暴风雨塔,旅游景点,其他,119.307842,39.620678,attraction
poi_attraction.csv,阿尔卡迪亚海滩,旅游景点,其他,119.312953,39.630137,attraction
poi_attraction.csv,逍遥水母,旅游景点,其他,119.289828,39.599156,attraction
poi_attraction.csv,斑海豹,旅游景点,其他,119.291008,39.597832,attraction
poi_attraction.csv,滑沙场生态型体育休闲滑沙生态公园,旅游景点,公园,119.301864,39.634925,attraction
poi_attraction.csv,鱼岛-入海栈道,旅游景点,其他,119.297721,39.596393,attraction
poi_attraction.csv,海上秋千,旅游景点,其他,119.297886,39.596304,attraction
poi_attraction.csv,玻璃船,旅游景点,其他,119.296836,39.595302,attraction
poi_attraction.csv,天梯热气球,旅游景点,其他,119.297366,39.596072,attraction
poi_attraction.csv,小鱼人雕塑,旅游景点,其他,119.284645,39.604354,attraction
poi_attraction.csv,鱼岛-海洋动物,旅游景点,水族馆,119.290929,39.597697,attraction
poi_attraction.csv,薛家营天主教堂,旅游景点,宗教,119.294525,39.716622,attraction
poi_attraction.csv,刘李庄文化休闲广场,旅游景点,广场,119.182373,39.676623,attraction
poi_attraction.csv,双溪生态公园,旅游景点,公园,119.158888,39.690346,attraction
poi_attraction.csv,民康葡萄主题生态公园,旅游景点,水族馆,119.103492,39.714455,attraction
poi_attraction.csv,鸟语林-中心柱,旅游景点,其他,119.704582,40.036338,attraction
poi_attraction.csv,秀山樱桃园,旅游景点,其他,119.678465,40.016708,attraction
poi_attraction.csv,北纬四十度生态公园,旅游景点,公园,119.479387,39.998632,attraction
poi_attraction.csv,山前北纬40生态公园,旅游景点,公园,119.47941,39.99869,attraction
poi_attraction.csv,河北秦皇岛国家地质生态公园-汤泉寺,旅游景点,宗教,119.483903,40.042488,attraction
poi_attraction.csv,摩诃寺庙,旅游景点,宗教,119.48428,40.046407,attraction
poi_attraction.csv,麻念庄郊野生态公园,旅游景点,公园,119.615863,40.043244,attraction
poi_attraction.csv,秦皇岛圆明寺庙,旅游景点,宗教,119.6268,40.035459,attraction
poi_attraction.csv,山海关茶棚禅寺庙,旅游景点,宗教,119.65404,40.046076,attraction
poi_attraction.csv,净土寺庙,旅游景点,宗教,119.574869,40.131313,attraction
poi_attraction.csv,傍水崖冰河世纪主题生态公园,旅游景点,公园,119.571393,40.131832,attraction
poi_attraction.csv,昌黎葡萄小镇,旅游景点,其他,119.099863,39.746928,attraction
poi_attraction.csv,矿坑生态公园,旅游景点,公园,119.101233,39.745561,attraction
poi_attraction.csv,卢龙鲍子沟景区,旅游景点,其他,119.097242,39.773731,attraction
poi_attraction.csv,幸福广场,旅游景点,广场,119.105334,39.757795,attraction
poi_attraction.csv,百年树凰,旅游景点,其他,119.114001,39.756603,attraction
poi_attraction.csv,左右生态谷,旅游景点,其他,119.073906,39.824025000000006,attraction
poi_attraction.csv,长峪山景区,旅游景点,其他,119.167274,39.790107,attraction
poi_attraction.csv,碣石山景区-李大钊避险洞,旅游景点,其他,119.159677,39.755439,attraction
poi_attraction.csv,昌黎干红小镇,旅游景点,其他,119.197931,39.79964,attraction
poi_attraction.csv,骊城隆盛农业旅游观光园,旅游景点,其他,119.167782,39.851375,attraction
poi_attraction.csv,椒园寺庙,旅游景点,宗教,119.164187,39.885866,attraction
poi_attraction.csv,兔耳山,旅游景点,其他,119.15423,39.862933,attraction
poi_attraction.csv,冀东抗战纪念园,旅游景点,纪念馆,119.11614,39.855859,attraction
poi_attraction.csv,柳河溪谷景区,旅游景点,其他,119.115804,39.856044,attraction
poi_attraction.csv,听风观水,旅游景点,其他,119.306823,39.788929,attraction
poi_attraction.csv,文化艺术广场,旅游景点,广场,119.348383,39.832423,attraction
poi_attraction.csv,梨花廊,旅游景点,其他,119.382453,39.887038,attraction
poi_attraction.csv,崔庄文化艺术广场,旅游景点,广场,119.30661,39.863779,attraction
poi_attraction.csv,紫亭风,旅游景点,其他,119.352595,39.909254,attraction
poi_attraction.csv,天齐寺庙,旅游景点,宗教,119.226596,40.024455,attraction
poi_attraction.csv,七彩青龙农旅综合体,旅游景点,其他,119.159033,40.303433,attraction
poi_attraction.csv,龙王寺庙,旅游景点,宗教,119.159836,40.258745,attraction
poi_attraction.csv,慈航普渡,旅游景点,其他,119.386819,40.470183,attraction
poi_attraction.csv,龟龙山生态农业园,旅游景点,其他,119.039249,40.41738,attraction
poi_attraction.csv,天主堂,旅游景点,宗教,118.976354,39.723336,attraction
poi_attraction.csv,张氏扶阳堂,旅游景点,其他,118.865128,39.689060000000005,attraction
poi_attraction.csv,步行广场,旅游景点,广场,118.861297,39.708205,attraction
poi_attraction.csv,西佛寺庙,旅游景点,宗教,118.880986,39.722865,attraction
poi_attraction.csv,华严寺,旅游景点,宗教,119.293697,39.680336,attraction
poi_attraction.csv,昌黎海滩,旅游景点,其他,119.330234,39.672376,attraction
poi_attraction.csv,圣蓝海洋公园,旅游景点,水族馆,119.323449,39.668609,attraction
poi_attraction.csv,鉴赏馆,旅游景点,其他,119.321974,39.669649,attraction
poi_attraction.csv,圣蓝生态公园沙滩,旅游景点,其他,119.32651,39.667662,attraction
poi_attraction.csv,北戴河新区幸福生态公园,旅游景点,公园,119.308798,39.694944,attraction
poi_attraction.csv,东沙河生态生态公园,旅游景点,公园,119.315338,39.711232,attraction
poi_attraction.csv,北戴河新区带状生态公园,旅游景点,公园,119.314077,39.692384,attraction
poi_attraction.csv,南戴河国际娱乐中心,旅游景点,其他,119.35453,39.73533,attraction
poi_attraction.csv,二仙居,旅游景点,其他,119.347758,39.726014000000006,attraction
poi_attraction.csv,映荷桥,旅游景点,其他,119.347508,39.723066,attraction
poi_attraction.csv,红碗莲,旅游景点,其他,119.348351,39.723971,attraction
poi_attraction.csv,水乡街市,旅游景点,其他,119.35003,39.72539,attraction
poi_attraction.csv,孙文莲,旅游景点,其他,119.347801,39.72329,attraction
poi_attraction.csv,百步问荷,旅游景点,其他,119.349089,39.72828,attraction
poi_attraction.csv,八一莲,旅游景点,其他,119.347659,39.723148,attraction
poi_attraction.csv,荷香榭,旅游景点,其他,119.347388,39.724624,attraction
poi_attraction.csv,广昌莲,旅游景点,其他,119.347925,39.72401300000001,attraction
poi_attraction.csv,南戴河国际娱乐中心-清风亭,旅游景点,其他,119.352495,39.727792,attraction
poi_attraction.csv,新南戴河国际娱乐中心-飞虹,旅游景点,其他,119.348127,39.723678,attraction
poi_attraction.csv,新南戴河国际娱乐中心-欢庆,旅游景点,其他,119.347809,39.723905,attraction
poi_attraction.csv,南戴河国际娱乐中心-南海观音,旅游景点,其他,119.350142,39.727695,attraction
poi_attraction.csv,煦风,旅游景点,其他,119.346912,39.724564,attraction
poi_attraction.csv,往复式过山车,旅游景点,其他,119.353318,39.738292,attraction
poi_attraction.csv,星空之门,旅游景点,其他,119.35227,39.739803,attraction
poi_attraction.csv,滑行龙,旅游景点,其他,119.352523,39.735039,attraction
poi_attraction.csv,美人鱼,旅游景点,其他,119.352162,39.740226,attraction
poi_attraction.csv,挑战之旅,旅游景点,其他,119.352242,39.738049,attraction
poi_attraction.csv,急速风车,旅游景点,其他,119.352255,39.737702,attraction
poi_attraction.csv,空中飞舞,旅游景点,其他,119.354168,39.735692,attraction
poi_attraction.csv,南戴河欢乐大世界-凉亭,旅游景点,其他,119.35281,39.737185,attraction
poi_attraction.csv,南戴河国际娱乐中心-悦荷广场,旅游景点,广场,119.350534,39.729397,attraction
poi_attraction.csv,南戴河国际娱乐中心-飞行塔,旅游景点,其他,119.35326,39.739175,attraction
poi_attraction.csv,南戴河国际娱乐中心-白象戏水,旅游景点,其他,119.352263,39.739449,attraction
poi_attraction.csv,株洲红莲,旅游景点,其他,119.347554,39.723541,attraction
poi_attraction.csv,友谊牡丹,旅游景点,其他,119.348054,39.724295000000005,attraction
poi_attraction.csv,泉音山影,旅游景点,其他,119.350527,39.72779,attraction
poi_attraction.csv,清莲园,旅游景点,其他,119.352497,39.728498,attraction
poi_attraction.csv,桃红宿雨,旅游景点,其他,119.348444,39.724055,attraction
poi_attraction.csv,小碧台,旅游景点,其他,119.347868,39.72338,attraction
poi_attraction.csv,蓉娇,旅游景点,其他,119.347596,39.723705,attraction
poi_attraction.csv,宁娃,旅游景点,其他,119.348014,39.723528,attraction
poi_attraction.csv,勇敢者转盘,旅游景点,其他,119.352263,39.738604,attraction
poi_attraction.csv,鸟艺表演,旅游景点,其他,119.352622,39.734607,attraction
poi_attraction.csv,骥驰立体画体验场,旅游景点,其他,119.354845,39.728341,attraction
poi_attraction.csv,金龙山景区-凉亭,旅游景点,其他,119.353961,39.729118,attraction
poi_attraction.csv,南戴河大观园,旅游景点,其他,119.34986,39.725237,attraction
poi_attraction.csv,中华荷园,旅游景点,其他,119.346323,39.723653,attraction
poi_attraction.csv,烈士陵园,旅游景点,其他,119.150107,39.720865,attraction
poi_attraction.csv,月季园,旅游景点,其他,119.506057,39.820219,attraction
poi_attraction.csv,浪淘沙园,旅游景点,广场,119.52817,39.815445,attraction
poi_attraction.csv,碧螺塔酒吧生态公园,旅游景点,公园,119.535341,39.82042,attraction
poi_attraction.csv,长城号游船,旅游景点,其他,119.535472,39.826971,attraction
poi_attraction.csv,邓小平钓鱼处,旅游景点,其他,119.536907,39.821729,attraction
poi_attraction.csv,东山旅游码头游船,旅游景点,其他,119.534474,39.825972,attraction
poi_attraction.csv,鸽子窝海鸥海滩,旅游景点,其他,119.531752,39.832131,attraction
poi_attraction.csv,亿腾赶海沙滩,旅游景点,其他,119.533647,39.831637,attraction
poi_attraction.csv,蠏山,旅游景点,其他,119.52989,39.836454,attraction
poi_attraction.csv,亿腾3号楼观景台,旅游景点,其他,119.535055,39.8314,attraction
poi_attraction.csv,飘移飞车,旅游景点,其他,119.535939,39.820836,attraction
poi_attraction.csv,海上演艺大舞台,旅游景点,其他,119.537082,39.821404,attraction
poi_attraction.csv,亿腾2号楼观景台,旅游景点,其他,119.534194,39.831205,attraction
poi_attraction.csv,亿腾1号楼观景台,旅游景点,其他,119.534654,39.831052,attraction
poi_attraction.csv,北戴河博顺帆船,旅游景点,其他,119.530498,39.832956,attraction
poi_attraction.csv,平水桥生态公园,旅游景点,公园,119.479186,39.816217,attraction
poi_attraction.csv,联峰山生态公园-桃园洞,旅游景点,其他,119.455802,39.817028,attraction
poi_attraction.csv,碣石园,旅游景点,公园,119.479485,39.817055,attraction
poi_attraction.csv,联峰山生态公园-龙山,旅游景点,其他,119.456889,39.818918,attraction
poi_attraction.csv,联峰山生态公园-福地,旅游景点,其他,119.45599,39.818915,attraction
poi_attraction.csv,联峰山生态公园-夹扁石,旅游景点,其他,119.45617,39.818785,attraction
poi_attraction.csv,试剑石,旅游景点,其他,119.456061,39.818786,attraction
poi_attraction.csv,联峰山生态公园-狮子石,旅游景点,其他,119.456593,39.819664,attraction
poi_attraction.csv,联峰山生态公园-卧佛洞,旅游景点,其他,119.460497,39.819357,attraction
poi_attraction.csv,北戴河近代建筑群五凤楼,旅游景点,其他,119.478917,39.818998,attraction
poi_attraction.csv,蔡各庄村文化艺术广场,旅游景点,广场,119.470944,39.868563,attraction
poi_attraction.csv,中国北戴河基督教堂,旅游景点,宗教,119.472012,39.848895,attraction
poi_attraction.csv,法云寺庙,旅游景点,宗教,119.499518,39.889457,attraction
poi_attraction.csv,印光念佛堂,旅游景点,宗教,119.497838,39.877487,attraction
poi_attraction.csv,秦皇岛野生动物园,旅游景点,动物园,119.521406,39.870236,attraction
poi_attraction.csv,观海亭,旅游景点,其他,119.523757,39.871884,attraction
poi_attraction.csv,百鸟园站-避险处,旅游景点,其他,119.522763,39.867044,attraction
poi_attraction.csv,山羊,旅游景点,其他,119.524482,39.871683,attraction
poi_attraction.csv,浅水湾帆船基地,旅游景点,其他,119.52612,39.855192,attraction
poi_attraction.csv,黑颈天鹅,旅游景点,其他,119.522462,39.859265,attraction
poi_attraction.csv,秦皇岛野生动物园-鹤园,旅游景点,其他,119.523833,39.862959,attraction
poi_attraction.csv,秦皇岛野生动物园-天鹅湖,旅游景点,其他,119.523309,39.859236,attraction
poi_attraction.csv,白虎园,旅游景点,其他,119.517903,39.867863,attraction
poi_attraction.csv,黑毛白眉猴,旅游景点,其他,119.520252,39.860632,attraction
poi_attraction.csv,秦皇岛野生动物园-狮园,旅游景点,其他,119.517189,39.86471,attraction
poi_attraction.csv,亚洲象,旅游景点,其他,119.519803,39.861141,attraction
poi_attraction.csv,秦皇岛野生动物园-犀牛,旅游景点,其他,119.519613,39.861287,attraction
poi_attraction.csv,秦皇岛野生动物园-鸵鸟园,旅游景点,其他,119.524528,39.865415000000006,attraction
poi_attraction.csv,火烈鸟馆站,旅游景点,其他,119.523793,39.871844,attraction
poi_attraction.csv,秦皇岛野生动物园-虎园,旅游景点,动物园,119.517236,39.86585,attraction
poi_attraction.csv,象园站,旅游景点,其他,119.520496,39.862439,attraction
poi_attraction.csv,秦皇岛野生动物园-科普长廊,旅游景点,其他,119.52046,39.862304,attraction
poi_attraction.csv,秦皇岛野生动物园-鳄鱼馆,旅游景点,其他,119.520502,39.860562,attraction
poi_attraction.csv,孔雀园,旅游景点,其他,119.523016,39.861913,attraction
poi_attraction.csv,美洲雁,旅游景点,其他,119.522652,39.857888,attraction
poi_attraction.csv,秦皇岛野生动物园-山魈,旅游景点,其他,119.52008,39.86047,attraction
poi_attraction.csv,雉鸡园,旅游景点,其他,119.524826,39.866378000000005,attraction
poi_attraction.csv,秦皇岛野生动物园-象园,旅游景点,其他,119.520006,39.860981,attraction
poi_attraction.csv,秦皇岛野生动物园-有偿讲解运营服务站,旅游景点,其他,119.520254,39.861544,attraction
poi_attraction.csv,秦皇岛野生动物园-猩猩馆,旅游景点,其他,119.520113,39.860467,attraction
poi_attraction.csv,秦皇岛野生动物园-松鼠猴,旅游景点,动物园,119.520275,39.860198,attraction
poi_attraction.csv,秦皇岛野生动物园-孟加拉豹子猫,旅游景点,其他,119.520037,39.861186,attraction
poi_attraction.csv,金海湾森林湿地公园,旅游景点,公园,119.53571,39.891417,attraction
poi_attraction.csv,西沙滩,旅游景点,其他,119.537568,39.887758000000005,attraction
poi_attraction.csv,金屋逸城海上乐园,旅游景点,其他,119.536523,39.885907,attraction
poi_attraction.csv,邯郸园,旅游景点,其他,119.468755,39.909102,attraction
poi_attraction.csv,解放秦皇岛景川,旅游景点,其他,119.685221,39.978532,attraction
poi_attraction.csv,西付店村文化艺术广场,旅游景点,广场,119.65574,39.989761,attraction
poi_attraction.csv,神秘岛,旅游景点,其他,119.716869,39.961576,attraction
poi_attraction.csv,洋洋植物园,旅游景点,植物园,119.740069,39.952009,attraction
poi_attraction.csv,礁石瀑布,旅游景点,其他,119.754023,39.954741,attraction
poi_attraction.csv,滴水溶洞,旅游景点,其他,119.753961,39.955255,attraction
poi_attraction.csv,乐岛海滩,旅游景点,其他,119.75035,39.954627,attraction
poi_attraction.csv,乐岛海洋王国-凉亭,旅游景点,其他,119.754413,39.953844,attraction
poi_attraction.csv,组合滑道,旅游景点,其他,119.753612,39.954195,attraction
poi_attraction.csv,皮划艇漂流,旅游景点,其他,119.75434,39.955136,attraction
poi_attraction.csv,宽滑道,旅游景点,其他,119.753292,39.955046,attraction
poi_attraction.csv,海盗城堡,旅游景点,其他,119.754224,39.955279,attraction
poi_attraction.csv,家庭乘筏滑道,旅游景点,其他,119.75342,39.954742,attraction
poi_attraction.csv,浪摆滑道,旅游景点,其他,119.754373,39.954364,attraction
poi_attraction.csv,燕塞湖景区-鹿园,旅游景点,其他,119.708038,40.035851,attraction
poi_attraction.csv,燕塞湖景区-鸟语林,旅游景点,其他,119.704853,40.036273,attraction
poi_attraction.csv,群英庄寺庙,旅游景点,宗教,119.706332,40.038029,attraction
poi_attraction.csv,金蟾戏水,旅游景点,其他,119.707225,40.041275,attraction
poi_attraction.csv,燕塞湖景区-清风亭,旅游景点,其他,119.707032,40.039598,attraction
poi_attraction.csv,横空石壁,旅游景点,其他,119.7095,40.037141,attraction
poi_attraction.csv,燕塞湖景区-广场鸽,旅游景点,其他,119.705673,40.035872,attraction
poi_attraction.csv,角山景区-共工亭,旅游景点,其他,119.729021,40.045694,attraction
poi_attraction.csv,骆驼峰,旅游景点,其他,119.707107,40.039162,attraction
poi_attraction.csv,燕塞湖景区-棕熊拜山,旅游景点,其他,119.706152,40.038426,attraction
poi_attraction.csv,燕塞湖景区-大小灵塔,旅游景点,其他,119.706244,40.041471,attraction
poi_attraction.csv,燕塞湖景区-松鼠园,旅游景点,其他,119.706803,40.035355,attraction
poi_attraction.csv,遗体器官捐献志愿者纪念碑,旅游景点,纪念馆,119.723499,40.031361,attraction
poi_attraction.csv,母女峰,旅游景点,其他,119.710248,40.040682,attraction
poi_attraction.csv,洞山剑峰,旅游景点,其他,119.710917,40.039139,attraction
poi_attraction.csv,千石壁,旅游景点,其他,119.705234,40.040726,attraction
poi_attraction.csv,假山,旅游景点,其他,119.707687,40.035895,attraction
poi_attraction.csv,燕塞湖景区-凉亭,旅游景点,其他,119.706084,40.036097,attraction
poi_attraction.csv,燕塞湖景区-检票处,旅游景点,其他,119.706624,40.034698,attraction
poi_attraction.csv,车友来汽车运动生态公园,旅游景点,水族馆,119.757343,39.958426,attraction
poi_attraction.csv,极地馆,旅游景点,水族馆,119.759379,39.955541,attraction
poi_attraction.csv,迷你穿梭,旅游景点,其他,119.755529,39.954727,attraction
poi_attraction.csv,抛圈套瓶,旅游景点,其他,119.75581,39.954795,attraction
poi_attraction.csv,炮火连天,旅游景点,其他,119.756066,39.954731,attraction
poi_attraction.csv,海上摩托艇,旅游景点,其他,119.760602,39.954813,attraction
poi_attraction.csv,儿童戏水池,旅游景点,其他,119.754611,39.954699000000005,attraction
poi_attraction.csv,白鲸馆,旅游景点,其他,119.759393,39.955596,attraction
poi_attraction.csv,山海关乐岛海洋生态公园-滚球组合,旅游景点,其他,119.755839,39.9549,attraction
poi_attraction.csv,山海关景区,旅游景点,其他,119.798723,39.970034,attraction
poi_attraction.csv,山海关景区-澄海楼,旅游景点,其他,119.800326,39.968814,attraction
poi_attraction.csv,中国长城艺术宫,旅游景点,其他,119.796136,39.971578,attraction
poi_attraction.csv,山海关景区-南海口关,旅游景点,其他,119.800354,39.968503000000005,attraction
poi_attraction.csv,山海关景区-遗址洞,旅游景点,其他,119.800618,39.968289,attraction
poi_attraction.csv,明长城地理信息标石,旅游景点,其他,119.800627,39.967943,attraction
poi_attraction.csv,山海关景区-御碑亭,旅游景点,其他,119.800469,39.969188,attraction
poi_attraction.csv,戚继光军营阵,旅游景点,其他,119.798864,39.969365,attraction
poi_attraction.csv,兵器陈列室,旅游景点,其他,119.798924,39.969223,attraction
poi_attraction.csv,入海石城建筑石,旅游景点,其他,119.800536,39.968077,attraction
poi_attraction.csv,山海关景区-徐达将台,旅游景点,其他,119.798301,39.96727,attraction
poi_attraction.csv,山海关景区-天开海岳,旅游景点,其他,119.800489,39.968311,attraction
poi_attraction.csv,山海关景区-八卦阵,旅游景点,其他,119.798926,39.968654,attraction
poi_attraction.csv,山海关八国联军军营遗址-英军营盘,旅游景点,其他,119.796349,39.966368,attraction
poi_attraction.csv,石河古渡,旅游景点,其他,119.795224,39.968757,attraction
poi_attraction.csv,山海关老龙头景区-碑记,旅游景点,其他,119.798905,39.970248,attraction
poi_attraction.csv,山海关老龙头景区-巢车,旅游景点,其他,119.79851,39.969187000000005,attraction
poi_attraction.csv,山海关老龙头景区-文物展室,旅游景点,其他,119.799617,39.969359,attraction
poi_attraction.csv,山海关景区-老龙头景区-海神寺庙,旅游景点,宗教,119.79826,39.965758,attraction
poi_attraction.csv,山海关景区-老龙头景区-钟楼,旅游景点,其他,119.798365,39.965856,attraction
poi_attraction.csv,山海关景区-老龙头景区-鼓楼,旅游景点,其他,119.798144,39.965834,attraction
poi_attraction.csv,山海关老龙头景区-民间艺术展,旅游景点,其他,119.799778,39.969383,attraction
poi_attraction.csv,乐到名山,旅游景点,其他,119.79855,39.969276,attraction
poi_attraction.csv,山海关景区-老龙头景区-靖卤台,旅游景点,其他,119.800844,39.968085,attraction
poi_attraction.csv,乾隆御碑,旅游景点,其他,119.798088,39.966357,attraction
poi_attraction.csv,山海关老龙头景区-天开海岳碑刻,旅游景点,其他,119.800513,39.968364,attraction
poi_attraction.csv,山海关老龙头景区-凉亭,旅游景点,其他,119.797608,39.967252,attraction
poi_attraction.csv,第29届奥林Peak运动会火炬接力秦皇岛站·起点,旅游景点,其他,119.798318,39.970556,attraction
poi_attraction.csv,山海关景区-老龙头景区-安澜牌坊,旅游景点,其他,119.798065,39.966238,attraction
poi_attraction.csv,粥房,旅游景点,其他,119.798678,39.969675,attraction
poi_attraction.csv,山海关老龙头景区-乾隆御制卧碑,旅游景点,其他,119.800426,39.968944,attraction
poi_attraction.csv,山海关老龙头景区-名字作诗,旅游景点,其他,119.799293,39.969082,attraction
poi_attraction.csv,白石山景区-观景台,旅游景点,其他,119.797533,39.967296000000005,attraction
poi_attraction.csv,山海关景区-老龙头景区-天后宫,旅游景点,其他,119.79838,39.965772,attraction
poi_attraction.csv,山海关景区-守备署,旅游景点,其他,119.798093,39.969155,attraction
poi_attraction.csv,山海关景区-后宅,旅游景点,其他,119.798394,39.96970099999999,attraction
poi_attraction.csv,山海关景区-瓮城,旅游景点,其他,119.798315,39.968187,attraction
poi_attraction.csv,山海关景区-夯土炮台,旅游景点,其他,119.800443,39.968436,attraction
poi_attraction.csv,山海关景区-守备署后宅,旅游景点,其他,119.797878,39.969576,attraction
poi_attraction.csv,山海关景区-龙园,旅游景点,其他,119.797927,39.96844,attraction
poi_attraction.csv,山海关景区-龙武营,旅游景点,其他,119.798634,39.969505000000005,attraction
poi_attraction.csv,山海关景区-粮仓,旅游景点,其他,119.79817,39.969462,attraction
poi_attraction.csv,山海关景区-一勺之多,旅游景点,其他,119.800693,39.969028,attraction
poi_attraction.csv,山海关景区-议事厅,旅游景点,其他,119.79796,39.969477,attraction
poi_attraction.csv,山海关景区-法制铁炮,旅游景点,其他,119.800321,39.968982,attraction
poi_attraction.csv,山海关景区-邓小平题词碑,旅游景点,其他,119.800348,39.967975,attraction
poi_attraction.csv,山海关景区-云梯,旅游景点,其他,119.798554,39.969209,attraction
poi_attraction.csv,山海关景区-碾房,旅游景点,其他,119.798779,39.969552,attraction
poi_attraction.csv,山海关景区-牢房,旅游景点,其他,119.798253,39.969348,attraction
poi_attraction.csv,山海关景区-关帝寺庙,旅游景点,宗教,119.798469,39.969733,attraction
poi_attraction.csv,山海关景区-正堂,旅游景点,其他,119.798164,39.969305,attraction
poi_attraction.csv,山海关景区-水井,旅游景点,其他,119.798484,39.969627,attraction
poi_attraction.csv,山海关景区-显功祠堂,旅游景点,其他,119.799355,39.969224,attraction
poi_attraction.csv,山海关景区-把总署,旅游景点,其他,119.799771,39.969351,attraction
poi_attraction.csv,山海关景区-道光御制卧碑,旅游景点,其他,119.800426,39.968837,attraction
poi_attraction.csv,孟姜女寺庙,旅游景点,宗教,119.82284,40.037067,attraction
poi_attraction.csv,孟姜女庙-秦宫,旅游景点,其他,119.823433,40.037864,attraction
poi_attraction.csv,孟姜女庙-水榭,旅游景点,其他,119.823306,40.037473,attraction
poi_attraction.csv,姜女出世,旅游景点,其他,119.823587,40.037539,attraction
poi_attraction.csv,长亭送别,旅游景点,其他,119.824295,40.038143,attraction
poi_attraction.csv,孟姜女庙-姜宅,旅游景点,其他,119.823619,40.037572,attraction
poi_attraction.csv,孟姜女牌坊,旅游景点,其他,119.822817,40.037084,attraction
poi_attraction.csv,照壁,旅游景点,其他,119.822929,40.037771,attraction
poi_attraction.csv,财神殿,旅游景点,宗教,119.82357,40.037359,attraction
poi_attraction.csv,孟姜女庙景区-凉亭,旅游景点,其他,119.823189,40.037388,attraction
poi_attraction.csv,孟姜女庙-凤凰山,旅游景点,其他,119.824155,40.037316,attraction
poi_attraction.csv,孟姜女庙景区-检票处,旅游景点,其他,119.822982,40.036516000000006,attraction
poi_attraction.csv,金峰园景区,旅游景点,其他,119.801967,40.035781,attraction
poi_attraction.csv,龙华寺庙,旅游景点,宗教,119.75573,40.028571,attraction
poi_attraction.csv,城市多肉植物园,旅游景点,其他,119.510775,39.987212,attraction
poi_attraction.csv,石山村植物园,旅游景点,植物园,119.623377,39.998282,attraction
poi_attraction.csv,普渡禅寺庙,旅游景点,宗教,119.648488,40.068167,attraction
poi_attraction.csv,大雄宝殿,旅游景点,宗教,119.64831,40.067901000000006,attraction
poi_attraction.csv,初心亭,旅游景点,其他,119.208096,39.867639,attraction
poi_attraction.csv,紫金山生态公园,旅游景点,公园,119.2455,39.869962,attraction
poi_attraction.csv,创业生态公园,旅游景点,公园,119.231131,39.860546,attraction
poi_attraction.csv,禁毒主题生态公园,旅游景点,公园,119.236593,39.870568,attraction
poi_attraction.csv,紫金山东园,旅游景点,其他,119.252941,39.866446,attraction
poi_attraction.csv,葡萄岛,旅游景点,其他,119.38623,39.746597,attraction
poi_attraction.csv,一杯澜浴场,旅游景点,其他,119.385802,39.758875,attraction
poi_attraction.csv,Seatopia中央生态公园,旅游景点,公园,119.399234,39.770169,attraction
poi_attraction.csv,万物有声湿地,旅游景点,公园,119.401581,39.776941,attraction
poi_attraction.csv,脉搏生态公园,旅游景点,公园,119.39983,39.779292,attraction
poi_attraction.csv,森屿艺术生态公园,旅游景点,公园,119.395771,39.772664,attraction
poi_attraction.csv,北部探索生态公园,旅游景点,公园,119.39671,39.777373,attraction
poi_attraction.csv,马甲线生态公园,旅游景点,公园,119.394382,39.77824,attraction
poi_attraction.csv,飞鸟与鱼,旅游景点,其他,119.401767,39.776436,attraction
poi_attraction.csv,蝴蝶来野,旅游景点,其他,119.398887,39.771905,attraction
poi_attraction.csv,北戴河哒哒岛魔法城堡,旅游景点,其他,119.386477,39.780893,attraction
poi_attraction.csv,哒岛,旅游景点,其他,119.391894,39.785102,attraction
poi_attraction.csv,海上蹦极,旅游景点,其他,119.438895,39.786568,attraction
poi_attraction.csv,海上漂流,旅游景点,其他,119.438946,39.786605,attraction
poi_attraction.csv,神山,旅游景点,其他,119.453311,39.825562,attraction
poi_attraction.csv,镇山宝杵,旅游景点,其他,119.453224,39.82554,attraction
poi_attraction.csv,骆驼石,旅游景点,其他,119.43568,39.825901,attraction
poi_attraction.csv,拓园,旅游景点,广场,119.436982,39.896414,attraction
poi_attraction.csv,栈道凉亭,旅游景点,其他,119.300003,39.854534,attraction
poi_attraction.csv,河南村文化艺术广场,旅游景点,广场,118.997006,40.404887,attraction
poi_attraction.csv,大佛顶尊胜陀罗尼经幢,旅游景点,其他,118.866219,39.880704,attraction
poi_attraction.csv,元代码头遗址生态公园,旅游景点,公园,118.867349,39.891464,attraction
poi_attraction.csv,青龙河森林湿地公园,旅游景点,公园,118.867018,39.895306,attraction
poi_attraction.csv,观鸟屋,旅游景点,其他,119.317346,39.644495,attraction
poi_attraction.csv,阿那亚湿地体育生态公园,旅游景点,公园,119.313735,39.651542,attraction
poi_attraction.csv,阿那亚·黄金海岸社区海边慢跑道,旅游景点,其他,119.321233,39.653362,attraction
poi_attraction.csv,阿那亚礼堂,旅游景点,宗教,119.322438,39.65497,attraction
poi_attraction.csv,木桩探险,旅游景点,其他,119.315701,39.654469,attraction
poi_attraction.csv,黄金海岸-旅游区,旅游景点,其他,119.340027,39.698428,attraction
poi_attraction.csv,基督教福音堂,旅游景点,宗教,119.186039,39.695107,attraction
poi_attraction.csv,汇文生态公园,旅游景点,公园,119.202645,39.71718,attraction
poi_attraction.csv,华夏山庄-华厦长城山庄,旅游景点,其他,119.18711,39.735031,attraction
poi_attraction.csv,趣园,旅游景点,其他,119.164247,39.724523,attraction
poi_attraction.csv,培尔优体能主题园,旅游景点,公园,119.171265,39.717986,attraction
poi_attraction.csv,东山生态公园,旅游景点,公园,119.176152,39.719489,attraction
poi_attraction.csv,春日观海,旅游景点,其他,119.528904,39.83614,attraction
poi_attraction.csv,水鸟迁徒路线,旅游景点,其他,119.519318,39.83603,attraction
poi_attraction.csv,旋转木马,旅游景点,其他,119.525065,39.836437,attraction
poi_attraction.csv,鸽子窝生态公园-鸽子广场,旅游景点,广场,119.527053,39.835983,attraction
poi_attraction.csv,鸽子窝生态公园-休闲亭,旅游景点,其他,119.523728,39.836194,attraction
poi_attraction.csv,鸽子窝生态公园-主席像广场,旅游景点,广场,119.528433,39.836391000000006,attraction
poi_attraction.csv,鸽子窝生态公园-贵宾室,旅游景点,其他,119.529453,39.835291,attraction
poi_attraction.csv,鸽子窝生态公园-办公区,旅游景点,其他,119.526602,39.835712,attraction
poi_attraction.csv,鸽子窝生态公园-观景大船,旅游景点,其他,119.525459,39.836023,attraction
poi_attraction.csv,鸽子窝生态公园-望海长廊,旅游景点,其他,119.529043,39.836202,attraction
poi_attraction.csv,听涛园,旅游景点,其他,119.495559,39.81468,attraction
poi_attraction.csv,六座楼园,旅游景点,其他,119.500375,39.816534,attraction
poi_attraction.csv,劳模精神主题生态公园,旅游景点,公园,119.480488,39.834082,attraction
poi_attraction.csv,村民文化艺术广场,旅游景点,广场,119.491126,39.846103,attraction
poi_attraction.csv,联峰山公园,旅游景点,公园,119.458773,39.824094,attraction
poi_attraction.csv,联峰山景区,旅游景点,其他,119.461045,39.823289,attraction
poi_attraction.csv,剑秋园,旅游景点,其他,119.47086,39.828114,attraction
poi_attraction.csv,开埠地火车站,旅游景点,其他,119.617232,39.91033,attraction
poi_attraction.csv,秦始皇求仙雕像,旅游景点,其他,119.622023,39.915254,attraction
poi_attraction.csv,秦皇求仙入海处景区学雷锋志愿岗,旅游景点,其他,119.622096,39.914176000000005,attraction
poi_attraction.csv,恐龙岛,旅游景点,其他,119.622789,39.91293,attraction
poi_attraction.csv,恐龙展,旅游景点,其他,119.62245,39.913070000000005,attraction
poi_attraction.csv,水上步行球,旅游景点,其他,119.622202,39.913708,attraction
poi_attraction.csv,九屏动态全景馆,旅游景点,其他,119.621593,39.914321,attraction
poi_attraction.csv,秦皇求仙入海处-战国风情,旅游景点,其他,119.62188,39.914972,attraction
poi_attraction.csv,求仙殿,旅游景点,宗教,119.621625,39.914372,attraction
poi_attraction.csv,秦皇求仙入海处-求仙栈桥,旅游景点,其他,119.623525,39.913427,attraction
poi_attraction.csv,秦皇岛港南栈房,旅游景点,其他,119.617114,39.91356,attraction
poi_attraction.csv,秦旅山海号旅游列车,旅游景点,其他,119.649269,39.930523,attraction
poi_attraction.csv,海景广场,旅游景点,广场,119.568661,39.908384,attraction
poi_attraction.csv,非洲动物区,旅游景点,其他,119.515318,39.87532,attraction
poi_attraction.csv,非洲区,旅游景点,其他,119.515575,39.87612,attraction
poi_attraction.csv,非洲风情园站,旅游景点,其他,119.515574,39.875243000000005,attraction
poi_attraction.csv,海滨国家森林湿地公园,旅游景点,公园,119.521904,39.88127,attraction
poi_attraction.csv,迷你马,旅游景点,其他,119.524714,39.872234,attraction
poi_attraction.csv,辽河碑林生态公园-凉亭,旅游景点,其他,119.519786,39.874654,attraction
poi_attraction.csv,白狮园,旅游景点,其他,119.519768,39.874606,attraction
poi_attraction.csv,秦皇岛野生动物园-中心广场,旅游景点,广场,119.523317,39.877928,attraction
poi_attraction.csv,草食区,旅游景点,其他,119.524672,39.872363,attraction
poi_attraction.csv,中心广场站,旅游景点,其他,119.52205,39.878649,attraction
poi_attraction.csv,秦皇岛野生动物园-香猪,旅游景点,其他,119.524541,39.872757,attraction
poi_attraction.csv,蓑羽鹤,旅游景点,其他,119.524544,39.873229,attraction
poi_attraction.csv,中心广场-动物表演场,旅游景点,其他,119.522753,39.878378,attraction
poi_attraction.csv,竹园,旅游景点,其他,119.524084,39.872134,attraction
poi_attraction.csv,森林逸城雅舍,旅游景点,其他,119.527613,39.895139,attraction
poi_attraction.csv,似锦门,旅游景点,其他,119.522958,39.897199,attraction
poi_attraction.csv,红太阳广场,旅游景点,广场,119.516069,39.893732,attraction
poi_attraction.csv,半岛生态公园,旅游景点,公园,119.514985,39.89935500000001,attraction
poi_attraction.csv,新白马寺体验场,旅游景点,其他,119.517132,39.901114,attraction
poi_attraction.csv,路南街道党史纪念园,旅游景点,纪念馆,119.749373,39.986880000000006,attraction
poi_attraction.csv,威远生态公园,旅游景点,公园,119.748384,40.01387,attraction
poi_attraction.csv,戚继光生态公园,旅游景点,公园,119.788595,39.977732,attraction
poi_attraction.csv,威远城,旅游景点,其他,119.779878,40.02333,attraction
poi_attraction.csv,慈恩禅寺庙,旅游景点,宗教,119.287511,39.783803,attraction
poi_attraction.csv,守望灯塔,旅游景点,其他,119.405595,39.771275,attraction
poi_attraction.csv,梦之湾海上观光鱼政码头,旅游景点,其他,119.422526,39.780716,attraction
poi_attraction.csv,听涛生态公园,旅游景点,公园,119.415048,39.792291,attraction
poi_attraction.csv,老字号精编屋,旅游景点,其他,119.417462,39.810932,attraction
poi_attraction.csv,北戴河暴风湖国际营地,旅游景点,其他,119.426996,39.815436,attraction
poi_attraction.csv,北戴河耕读民宿酒店,旅游景点,其他,119.418368,39.820364,attraction
poi_attraction.csv,戴河嬉水,旅游景点,其他,119.41742,39.820337,attraction
poi_attraction.csv,热带植物园,旅游景点,植物园,119.416029,39.815557,attraction
poi_attraction.csv,飞云桥,旅游景点,其他,119.415562,39.816,attraction
poi_attraction.csv,百花园,旅游景点,其他,119.415482,39.814775,attraction
poi_attraction.csv,百药园,旅游景点,其他,119.416452,39.815399,attraction
poi_attraction.csv,滨海小镇沙滩浴场,旅游景点,其他,119.437242,39.796384,attraction
poi_attraction.csv,北戴河海滩,旅游景点,其他,119.452305,39.803848,attraction
poi_attraction.csv,戴河庭院沙滩浴场,旅游景点,其他,119.442642,39.799253,attraction
poi_attraction.csv,戴河庭院休闲海滩,旅游景点,其他,119.444708,39.800329,attraction
poi_attraction.csv,联峰山生态公园-百福苑,旅游景点,其他,119.454618,39.819519,attraction
poi_attraction.csv,韦陀像,旅游景点,其他,119.430905,39.813488,attraction
poi_attraction.csv,玉米广场,旅游景点,广场,119.417293,39.82131,attraction
poi_attraction.csv,集发农业梦想王国-丝瓜长廊,旅游景点,其他,119.41744,39.822564,attraction
poi_attraction.csv,北戴河集发观光园-葫芦长廊,旅游景点,其他,119.418149,39.822307,attraction
poi_attraction.csv,集发农业梦想王国-葡萄长廊,旅游景点,其他,119.417543,39.821684,attraction
poi_attraction.csv,文体活动广场,旅游景点,广场,119.421245,39.837961,attraction
poi_attraction.csv,梨园,旅游景点,其他,119.425059,39.862287,attraction
poi_attraction.csv,洋河生态公园,旅游景点,其他,119.258525,39.855793,attraction
poi_attraction.csv,南山生态公园,旅游景点,公园,118.94394,40.397626,attraction
poi_attraction.csv,滨河生态公园,旅游景点,公园,118.889449,39.889447,attraction
poi_attraction.csv,孤竹文化生态公园,旅游景点,公园,118.891598,39.888672,attraction
poi_attraction.csv,法华寺,旅游景点,宗教,118.875909,39.884345,attraction
poi_attraction.csv,天主教唐山教区天主教堂,旅游景点,宗教,118.869388,39.884622,attraction
poi_attraction.csv,劝善念佛堂,旅游景点,宗教,118.877057,39.888978,attraction
poi_attraction.csv,勺园-刁园,旅游景点,其他,119.175348,39.70916,attraction
poi_attraction.csv,东山生态公园-欢乐谷,旅游景点,其他,119.175921,39.715768,attraction
poi_attraction.csv,明代城墙遗址,旅游景点,其他,119.159468,39.707548,attraction
poi_attraction.csv,源影寺塔,旅游景点,宗教,119.159091,39.711373,attraction
poi_attraction.csv,北戴河,旅游景点,其他,119.508562,39.825407,attraction
poi_attraction.csv,奥林Peak公园-对奕,旅游景点,其他,119.514793,39.826274,attraction
poi_attraction.csv,奥林Peak公园-马球,旅游景点,其他,119.513833,39.825977,attraction
poi_attraction.csv,奥林Peak公园-摔跤,旅游景点,其他,119.512713,39.826136,attraction
poi_attraction.csv,奥林Peak公园-致远,旅游景点,其他,119.514438,39.826431,attraction
poi_attraction.csv,北戴河影视城,旅游景点,其他,119.511829,39.825875,attraction
poi_attraction.csv,奥林Peak公园-跳绳,旅游景点,其他,119.513302,39.826145,attraction
poi_attraction.csv,奥林Peak公园,旅游景点,公园,119.514725,39.827898,attraction
poi_attraction.csv,红石园,旅游景点,公园,119.508724,39.830269,attraction
poi_attraction.csv,馨园,旅游景点,公园,119.525095,39.821829,attraction
poi_attraction.csv,老虎石海上生态公园礁石区,旅游景点,其他,119.486015,39.813619,attraction
poi_attraction.csv,老虎石海上公园,旅游景点,公园,119.488519,39.813907,attraction
poi_attraction.csv,中游游艇,旅游景点,其他,119.489853,39.814168,attraction
poi_attraction.csv,瞭望台,旅游景点,其他,119.487483,39.813871,attraction
poi_attraction.csv,鲁迅生态公园,旅游景点,公园,119.488306,39.818340000000006,attraction
poi_attraction.csv,平水桥生态公园-望龟亭,旅游景点,其他,119.484539,39.815032,attraction
poi_attraction.csv,平水桥生态公园-盟誓台,旅游景点,其他,119.483563,39.816393,attraction
poi_attraction.csv,平水桥浴场,旅游景点,其他,119.482701,39.816427,attraction
poi_attraction.csv,人工瀑布,旅游景点,其他,119.491381,39.823743,attraction
poi_attraction.csv,好人广场,旅游景点,广场,119.486294,39.823966000000006,attraction
poi_attraction.csv,秋韵园,旅游景点,公园,119.487966,39.832921000000006,attraction
poi_attraction.csv,怪楼奇园印象·梵高光影展,旅游景点,其他,119.498542,39.8262,attraction
poi_attraction.csv,秦皇岛北戴河怪楼奇园景区-醉汉路,旅游景点,其他,119.498791,39.826615,attraction
poi_attraction.csv,秦皇岛北戴河怪楼奇园景区-一览,旅游景点,其他,119.499343,39.826775000000005,attraction
poi_attraction.csv,怪楼奇园-舞台,旅游景点,其他,119.498713,39.826855,attraction
poi_attraction.csv,苍岩秀水,旅游景点,其他,119.499276,39.8273,attraction
poi_attraction.csv,转运长廊,旅游景点,其他,119.498896,39.8275,attraction
poi_attraction.csv,秦皇岛北戴河怪楼奇园景区-趣境,旅游景点,其他,119.498861,39.827241,attraction
poi_attraction.csv,秦皇岛北戴河怪楼奇园景区-六步渡,旅游景点,其他,119.499243,39.827227,attraction
poi_attraction.csv,秦皇岛北戴河怪楼奇园景区-八卦石,旅游景点,其他,119.499054,39.827316,attraction
poi_attraction.csv,溢涌堂,旅游景点,其他,119.630708,39.928777,attraction
poi_attraction.csv,福音堂,旅游景点,宗教,119.631121,39.941678,attraction
poi_attraction.csv,新开河带状生态公园,旅游景点,公园,119.635541,39.948768,attraction
poi_attraction.csv,三角花园,旅游景点,公园,119.60529,39.925871,attraction
poi_attraction.csv,探秦皇·潮活文旅街区,旅游景点,其他,119.607493,39.924883,attraction
poi_attraction.csv,秦皇岛观沧海休闲鱼业景区,旅游景点,其他,119.621839,39.923956,attraction
poi_attraction.csv,乐堡啤酒消夏广场,旅游景点,广场,119.561835,39.912221,attraction
poi_attraction.csv,小汤河,旅游景点,其他,119.564048,39.922536,attraction
poi_attraction.csv,天主教唐山教区秦皇岛天主堂,旅游景点,宗教,119.600875,39.921125,attraction
poi_attraction.csv,新世纪生态公园,旅游景点,公园,119.587276,39.947945,attraction
poi_attraction.csv,汤河生态公园,旅游景点,公园,119.571901,39.92604,attraction
poi_attraction.csv,文化艺术广场,旅游景点,广场,119.571397,39.94735300000001,attraction
poi_attraction.csv,清怡园,旅游景点,公园,119.567569,39.94704,attraction
poi_attraction.csv,春泽园,旅游景点,其他,119.568582,39.947985,attraction
poi_attraction.csv,汤河生态公园,旅游景点,公园,119.560992,39.939536,attraction
poi_attraction.csv,红飘带生态公园,旅游景点,公园,119.56174,39.946555,attraction
poi_attraction.csv,开放广场,旅游景点,广场,119.558923,39.945949,attraction
poi_attraction.csv,翔园,旅游景点,公园,119.559602,39.943356,attraction
poi_attraction.csv,汤河带状生态公园,旅游景点,公园,119.561003,39.947152,attraction
poi_attraction.csv,燕大后海,旅游景点,其他,119.516047,39.91511199999999,attraction
poi_attraction.csv,中山像,旅游景点,其他,119.541979,39.905715,attraction
poi_attraction.csv,塔山生态公园,旅游景点,公园,119.534255,39.908865000000006,attraction
poi_attraction.csv,秦皇岛社会足球体育公园,旅游景点,公园,119.535694,39.907548,attraction
poi_attraction.csv,曦园,旅游景点,公园,119.549362,39.909605,attraction
poi_attraction.csv,梦拉厅,旅游景点,其他,119.554643,39.908276,attraction
poi_attraction.csv,锦江生态公园,旅游景点,其他,119.542164,39.920577,attraction
poi_attraction.csv,秦皇岛森林体育生态公园,旅游景点,公园,119.538686,39.934748,attraction
poi_attraction.csv,鸡鸣湖,旅游景点,其他,119.553411,39.923453,attraction
poi_attraction.csv,西环体育生态公园,旅游景点,公园,119.549754,39.937776,attraction
poi_attraction.csv,青年园,旅游景点,公园,119.554503,39.937393,attraction
poi_attraction.csv,科普展园,旅游景点,公园,119.523395,39.93389,attraction
poi_attraction.csv,清真寺庙,旅游景点,宗教,119.750832,40.003763,attraction
poi_attraction.csv,榆关广场-迎恩楼,旅游景点,其他,119.750725,40.00648,attraction
poi_attraction.csv,榆关广场-榆关生态公园,旅游景点,公园,119.754189,40.001278,attraction
poi_attraction.csv,榆关广场,旅游景点,广场,119.752957,40.002128,attraction
poi_attraction.csv,总兵府景区,旅游景点,其他,119.75338,40.009478,attraction
poi_attraction.csv,天下第一关景区-鼓楼,旅游景点,其他,119.751924,40.008591,attraction
poi_attraction.csv,慈愍寺庙,旅游景点,宗教,119.7545,40.007547,attraction
poi_attraction.csv,詹荣府,旅游景点,其他,119.754029,40.007565,attraction
poi_attraction.csv,大慈院,旅游景点,其他,119.752393,40.00851900000001,attraction
poi_attraction.csv,尚书坊,旅游景点,其他,119.753118,40.007287000000005,attraction
poi_attraction.csv,译字所,旅游景点,其他,119.753768,40.010011000000006,attraction
poi_attraction.csv,二堂遗址保护区,旅游景点,其他,119.753653,40.010029,attraction
poi_attraction.csv,三堂遗址保护区,旅游景点,其他,119.753548,40.010168,attraction
poi_attraction.csv,普贤殿,旅游景点,宗教,119.751615,40.009147,attraction
poi_attraction.csv,十二生肖太岁神院,旅游景点,其他,119.753515,40.009072,attraction
poi_attraction.csv,念佛堂,旅游景点,其他,119.751882,40.009725,attraction
poi_attraction.csv,心愿长廊,旅游景点,其他,119.751483,40.009649,attraction
poi_attraction.csv,总兵祠堂,旅游景点,其他,119.754006,40.009568,attraction
poi_attraction.csv,巳蛇申猴太岁殿,旅游景点,宗教,119.75372,40.00911,attraction
poi_attraction.csv,欢乐总兵迎亲,旅游景点,其他,119.754393,40.00881,attraction
poi_attraction.csv,生肖墙,旅游景点,其他,119.753829,40.008844,attraction
poi_attraction.csv,寅虎亥猪太岁殿,旅游景点,宗教,119.753465,40.009059,attraction
poi_attraction.csv,望亰迎恩,旅游景点,其他,119.753908,40.00938,attraction
poi_attraction.csv,辽西省山海关市政府旧址,旅游景点,其他,119.752426,40.007358,attraction
poi_attraction.csv,田公馆,旅游景点,其他,119.752752,40.007695000000005,attraction
poi_attraction.csv,城隍寺庙,旅游景点,宗教,119.753395,40.008916000000006,attraction
poi_attraction.csv,观音殿,旅游景点,宗教,119.752399,40.009021,attraction
poi_attraction.csv,客堂,旅游景点,其他,119.752074,40.008535,attraction
poi_attraction.csv,仪门,旅游景点,其他,119.753952,40.009379,attraction
poi_attraction.csv,天王殿,旅游景点,宗教,119.75432,40.008025,attraction
poi_attraction.csv,辽西省市政府旧址,旅游景点,其他,119.752581,40.007226,attraction
poi_attraction.csv,大雄宝殿,旅游景点,宗教,119.752168,40.00895,attraction
poi_attraction.csv,地藏殿,旅游景点,宗教,119.751797,40.008867,attraction
poi_attraction.csv,大悲院,旅游景点,其他,119.752382,40.00855,attraction
poi_attraction.csv,福音堂,旅游景点,宗教,119.75351,40.007233,attraction
poi_attraction.csv,孔寺庙,旅游景点,其他,119.753064,40.008554,attraction
poi_attraction.csv,承恩驿,旅游景点,其他,119.751094,40.006881,attraction
poi_attraction.csv,基督教福音堂管理委员会,旅游景点,其他,119.753363,40.007306,attraction
poi_attraction.csv,拘禁所,旅游景点,其他,119.753707,40.010276000000005,attraction
poi_attraction.csv,修葺所,旅游景点,其他,119.753756,40.010175,attraction
poi_attraction.csv,兵械阁,旅游景点,其他,119.753543,40.010106,attraction
poi_attraction.csv,承发房,旅游景点,其他,119.753534,40.009762,attraction
poi_attraction.csv,幸运锣鼓,旅游景点,其他,119.753846,40.009690000000006,attraction
poi_attraction.csv,炫丽3D彩绘,旅游景点,其他,119.754385,40.008808,attraction
poi_attraction.csv,军粮阁,旅游景点,其他,119.753613,40.010117,attraction
poi_attraction.csv,架阁库,旅游景点,其他,119.75351,40.009916,attraction
poi_attraction.csv,府兵阁,旅游景点,其他,119.753498,40.010341,attraction
poi_attraction.csv,三十六计,旅游景点,其他,119.753839,40.009807,attraction
poi_attraction.csv,强体台,旅游景点,其他,119.75357,40.0103,attraction
poi_attraction.csv,义枪,旅游景点,其他,119.753819,40.009283,attraction
poi_attraction.csv,图索房,旅游景点,其他,119.753406,40.010024,attraction
poi_attraction.csv,公生明,旅游景点,其他,119.75394,40.009466,attraction
poi_attraction.csv,忠刀,旅游景点,其他,119.754131,40.009434,attraction
poi_attraction.csv,崇文阁,旅游景点,其他,119.753731,40.009973,attraction
poi_attraction.csv,三清观,旅游景点,宗教,119.742413,40.006932,attraction
poi_attraction.csv,潮河生态公园,旅游景点,公园,119.771344,39.998092,attraction
poi_attraction.csv,六国餐馆旧址,旅游景点,其他,119.766445,39.997783,attraction
poi_attraction.csv,西南交通大学,旅游景点,其他,119.762557,39.998412,attraction
poi_attraction.csv,天佑德好人园,旅游景点,水族馆,119.809185,39.99818,attraction
poi_attraction.csv,山海关界,旅游景点,其他,119.765734,40.01261,attraction
poi_attraction.csv,瑞莲阁-凉亭,旅游景点,其他,119.761351,40.010603,attraction
poi_attraction.csv,孟姜女哭倒长城处,旅游景点,其他,119.762432,40.009897,attraction
poi_attraction.csv,长城建筑,旅游景点,其他,119.763345,40.007391,attraction
poi_attraction.csv,山海关古城景区-影视厅,旅游景点,其他,119.764237,40.009689,attraction
poi_attraction.csv,瞭望地,旅游景点,其他,119.763735,40.008114,attraction
poi_attraction.csv,山海关古城景区-手机充电,旅游景点,其他,119.764267,40.009698,attraction
poi_attraction.csv,牧营楼,旅游景点,其他,119.761953,40.00927,attraction
poi_attraction.csv,镇远镖局-议事厅,旅游景点,其他,119.755565,40.008181,attraction
poi_attraction.csv,开泰阁,旅游景点,其他,119.754815,40.008316,attraction
poi_attraction.csv,镇远镖局-账房,旅游景点,其他,119.755519,40.008131,attraction
poi_attraction.csv,任重道远,旅游景点,其他,119.755323,40.008075000000005,attraction
poi_attraction.csv,晓月亭,旅游景点,其他,119.759771,40.009861,attraction
poi_attraction.csv,仪门·游廊,旅游景点,其他,119.758511,40.010913,attraction
poi_attraction.csv,石河鏖战,旅游景点,其他,119.755118,40.007782,attraction
poi_attraction.csv,天下第一关景区-瓮城,旅游景点,其他,119.760298,40.010653,attraction
poi_attraction.csv,山海镇督师府,旅游景点,其他,119.75549,40.008590000000005,attraction
poi_attraction.csv,山海关景区天下第一关景区-农夫山泉自动售货机,旅游景点,其他,119.759749,40.009872,attraction
poi_attraction.csv,山海关景区天下第一关景区-自助语音导游机服务台,旅游景点,其他,119.760386,40.010029,attraction
poi_attraction.csv,镇东楼,旅游景点,其他,119.75955,40.010705,attraction
poi_attraction.csv,龙城帝国广场,旅游景点,广场,119.754654,40.008892,attraction
poi_attraction.csv,弓弩射击场,旅游景点,其他,119.759762,40.010867,attraction
poi_attraction.csv,天下第一关广场,旅游景点,广场,119.758787,40.010395,attraction
poi_attraction.csv,神威大将军炮,旅游景点,其他,119.759998,40.010457,attraction
poi_attraction.csv,天下第一关箭楼,旅游景点,其他,119.759648,40.010581,attraction
poi_attraction.csv,镇远镖局,旅游景点,其他,119.755475,40.008277,attraction
poi_attraction.csv,莲花湖生态公园,旅游景点,公园,119.768531,40.003752,attraction
poi_attraction.csv,靖边楼,旅游景点,其他,119.767121,40.006658,attraction
poi_attraction.csv,知恩堂,旅游景点,其他,119.769936,40.002523,attraction
poi_attraction.csv,秦皇植物园,旅游景点,植物园,119.55401,39.950972,attraction
poi_attraction.csv,紫亭风,旅游景点,其他,119.529029,40.018241,attraction
poi_attraction.csv,新园,旅游景点,水族馆,119.588723,39.957962,attraction
poi_attraction.csv,和风园,旅游景点,公园,119.593355,39.957043,attraction
poi_attraction.csv,秦皇岛站北广场,旅游景点,广场,119.591635,39.968973,attraction
poi_attraction.csv,得趣园,旅游景点,公园,119.605655,39.953065,attraction
poi_attraction.csv,石韵园,旅游景点,公园,119.623741,39.954782,attraction
poi_attraction.csv,智慧园,旅游景点,公园,119.620101,39.956626,attraction
poi_attraction.csv,海琪花消夏广场,旅游景点,广场,119.628881,39.969021,attraction
poi_attraction.csv,聚福园,旅游景点,公园,119.635308,39.954811,attraction
poi_attraction.csv,魁星阁,旅游景点,其他,119.240167,39.872678,attraction
poi_attraction.csv,紫金山生态公园文体广场,旅游景点,广场,119.245233,39.87485,attraction
poi_attraction.csv,景阳龙门,旅游景点,其他,119.25262,39.884078,attraction
poi_attraction.csv,法治文化艺术广场,旅游景点,广场,119.236978,39.887563,attraction
poi_attraction.csv,金海岸专属海滩,旅游景点,其他,119.422718,39.783179,attraction
poi_attraction.csv,南戴河休闲度假区,旅游景点,其他,119.428435,39.791273,attraction
poi_attraction.csv,崂山啤酒广场,旅游景点,广场,119.421807,39.792819,attraction
poi_attraction.csv,怡水园,旅游景点,公园,119.426159,39.85324,attraction
poi_attraction.csv,北戴河艺术村落,旅游景点,其他,119.426716,39.858049,attraction
poi_attraction.csv,南山生态观光园,旅游景点,其他,118.949887,40.399642,attraction
poi_attraction.csv,三圣堂,旅游景点,其他,118.935166,40.407174,attraction
poi_attraction.csv,龙岛生态公园,旅游景点,公园,118.975827,40.407886,attraction
poi_attraction.csv,迎宾园生态公园,旅游景点,公园,118.972671,40.406151,attraction
poi_attraction.csv,跳跳堂,旅游景点,其他,118.962818,40.40707,attraction
poi_attraction.csv,东山生态公园音乐喷泉广场,旅游景点,广场,119.172629,39.717097,attraction
poi_attraction.csv,三角地,旅游景点,其他,119.484421,39.824278,attraction
poi_attraction.csv,秦皇山海朗读亭,旅游景点,其他,119.607886,39.932276,attraction
poi_attraction.csv,金原广场,旅游景点,广场,119.607893,39.935193000000005,attraction
poi_attraction.csv,清真寺庙,旅游景点,宗教,119.608789,39.933423,attraction
poi_attraction.csv,基督教会,旅游景点,宗教,119.608656,39.938645,attraction
poi_attraction.csv,荷塘生态公园,旅游景点,公园,119.614134,39.945138,attraction
poi_attraction.csv,建国园,旅游景点,公园,119.615815,39.943012,attraction
poi_attraction.csv,大石休闲广场,旅游景点,广场,119.614793,39.944955,attraction
poi_attraction.csv,光阳园,旅游景点,公园,119.585889,39.930015,attraction
poi_attraction.csv,鑫园广场,旅游景点,广场,119.600869,39.930763,attraction
poi_attraction.csv,酷乐一号动漫体验场,旅游景点,其他,119.604258,39.933091000000005,attraction
poi_attraction.csv,游船码头,旅游景点,其他,119.595287,39.935963,attraction
poi_attraction.csv,人民生态公园,旅游景点,公园,119.595043,39.937089,attraction
poi_attraction.csv,人民广场,旅游景点,广场,119.595118,39.940607,attraction
poi_attraction.csv,宫健堂,旅游景点,其他,119.581563,39.937123,attraction
poi_attraction.csv,正山堂名山,旅游景点,其他,119.586448,39.939374,attraction
poi_attraction.csv,U·zoo室内动物园,旅游景点,动物园,119.583972,39.947466000000006,attraction
poi_attraction.csv,上门修落地钟,旅游景点,其他,119.760204,40.000168,attraction
poi_attraction.csv,榆关抗战纪念碑,旅游景点,纪念馆,119.75502,40.001063,attraction
poi_attraction.csv,望洋楼,旅游景点,其他,119.76049,40.003086,attraction
poi_attraction.csv,望洋楼广场,旅游景点,广场,119.760365,40.00242,attraction
poi_attraction.csv,山海关古城景区-珍宝隆,旅游景点,其他,119.759904,40.003974,attraction
poi_attraction.csv,南翼长城,旅游景点,其他,119.766889,40.006359,attraction
poi_attraction.csv,益寿园,旅游景点,公园,119.594748,39.953108,attraction
poi_attraction.csv,燕山园生态公园,旅游景点,公园,119.614273,39.954639,attraction
poi_attraction.csv,本宫,旅游景点,其他,119.606304,39.931191000000005,attraction
poi_attraction.csv,太阳城商业区商业步行街中心广场,旅游景点,广场,119.606162,39.93229899999999,attraction
poi_attraction.csv,渤海物流文化园区,旅游景点,公园,119.607173,39.935718,attraction
poi_attraction.csv,桃林口,旅游景点,其他,119.022465,40.10809,attraction
poi_attraction.csv,清圣山·东方德源,旅游景点,其他,119.040922,40.124525,attraction
poi_attraction.csv,渔田七里海度假区,旅游景点,其他,119.212229,39.571085,attraction
poi_attraction.csv,河北青龙湖国家湿地,旅游景点,公园,119.062528,40.306705,attraction
poi_attraction.csv,如是海,旅游景点,其他,119.300049,39.626312000000006,attraction
poi_attraction.csv,鸽子窝生态公园-观海平台,旅游景点,其他,119.529429,39.836316,attraction
poi_attraction.csv,燕塞湖景区-鸟艺表演场,旅游景点,其他,119.704867,40.036617,attraction
poi_attraction.csv,鸵鸟,旅游景点,其他,119.705541,40.036134,attraction
poi_attraction.csv,孟姜女庙-观音殿,旅游景点,宗教,119.82418,40.036967,attraction
poi_attraction.csv,贞女祠-山门,旅游景点,其他,119.824304,40.036921,attraction
poi_attraction.csv,沉思广场,旅游景点,广场,119.552541,39.923441,attraction
poi_attraction.csv,口袋生态公园,旅游景点,公园,119.25282,39.885609,attraction
poi_attraction.csv,康寿园,旅游景点,其他,119.595314,39.953453,attraction
poi_attraction.csv,三角地口袋生态公园,旅游景点,公园,119.684679,39.926247,attraction
poi_attraction.csv,南戴河国际娱乐中心-雄狮观海,旅游景点,其他,119.357933,39.732767,attraction
poi_attraction.csv,新南戴河国际娱乐中心-莲之韵广场,旅游景点,广场,119.356659,39.734602,attraction
poi_attraction.csv,爱莲亭,旅游景点,其他,119.357735,39.735673,attraction
poi_attraction.csv,新南戴河国际娱乐中心-擎天一柱,旅游景点,其他,119.356541,39.734525,attraction
poi_attraction.csv,华润生态低碳示范园区,旅游景点,其他,119.359483,39.737548,attraction
poi_attraction.csv,馨香榭,旅游景点,其他,119.358027,39.73441,attraction
poi_attraction.csv,天女小镇,旅游景点,其他,119.5263,40.116221,attraction
poi_attraction.csv,老君顶河谷漂流,旅游景点,其他,119.582829,40.154385,attraction
poi_attraction.csv,老君观,旅游景点,宗教,119.56718,40.155363,attraction
poi_attraction.csv,狐仙寺庙,旅游景点,宗教,118.662965,40.447253,attraction
poi_attraction.csv,财神寺庙,旅游景点,宗教,118.669273,40.397846,attraction
poi_attraction.csv,鑫鸿观光园,旅游景点,其他,119.502053,39.983319,attraction
poi_attraction.csv,卧龙寺庙,旅游景点,宗教,119.466351,39.993485,attraction
poi_attraction.csv,碣石山景区-水岩寺,旅游景点,宗教,119.15,39.74477,attraction
poi_attraction.csv,唐宗步道,旅游景点,其他,119.12221,39.756898,attraction
poi_attraction.csv,混元道观,旅游景点,宗教,119.111128,40.050852,attraction
poi_attraction.csv,阿那亚北岸灯塔乐园,旅游景点,其他,119.31725,39.668132,attraction
poi_attraction.csv,碧螺塔海上啤酒花园,旅游景点,其他,119.535719,39.819571,attraction
poi_attraction.csv,篝火区,旅游景点,其他,119.534901,39.819586,attraction
poi_attraction.csv,碧螺塔-房车区,旅游景点,其他,119.534359,39.819236,attraction
poi_attraction.csv,寻仙2号游船,旅游景点,其他,119.535469,39.826938000000006,attraction
poi_attraction.csv,张学良和赵一荻,旅游景点,其他,119.475918,39.815861,attraction
poi_attraction.csv,平水桥生态公园-望波亭,旅游景点,其他,119.476465,39.815781,attraction
poi_attraction.csv,联峰山生态公园-莲花石生态公园,旅游景点,公园,119.464896,39.820032,attraction
poi_attraction.csv,天空之境,旅游景点,公园,119.493263,39.877932,attraction
poi_attraction.csv,北戴河海滩,旅游景点,其他,119.528561,39.863904,attraction
poi_attraction.csv,金梦海湾海誓广场,旅游景点,公园,119.543859,39.894884000000005,attraction
poi_attraction.csv,栖贤寺庙,旅游景点,宗教,119.730853,40.045285,attraction
poi_attraction.csv,角山景区-李自成雕像,旅游景点,其他,119.740596,40.034851,attraction
poi_attraction.csv,角山景区-莲台,旅游景点,其他,119.738949,40.036014,attraction
poi_attraction.csv,望海观音殿,旅游景点,宗教,119.730714,40.045486,attraction
poi_attraction.csv,角山景区-旱门关,旅游景点,其他,119.740377,40.037658,attraction
poi_attraction.csv,角山地质地貌景观区,旅游景点,其他,119.741325,40.034151,attraction
poi_attraction.csv,角山长城-纪念林,旅游景点,其他,119.741255,40.034542,attraction
poi_attraction.csv,角山景区-甘露亭,旅游景点,其他,119.729631,40.044818,attraction
poi_attraction.csv,燕塞湖景区-豪华波浪,旅游景点,其他,119.706736,40.033529,attraction
poi_attraction.csv,山海关景区·老龙头-观海亭,旅游景点,其他,119.798676,39.96532,attraction
poi_attraction.csv,老龙头码头游船,旅游景点,其他,119.795261,39.96296,attraction
poi_attraction.csv,观海长廊,旅游景点,其他,119.440342,39.787042,attraction
poi_attraction.csv,蓝色海岸休闲海滩,旅游景点,其他,119.431946,39.793577,attraction
poi_attraction.csv,南戴河仙螺岛游乐中心-海之韵,旅游景点,其他,119.433153,39.794272,attraction
poi_attraction.csv,青龙普济寺庙,旅游景点,宗教,118.916212,40.400061,attraction
poi_attraction.csv,AVENUE&SON阿那亚滑板生态公园,旅游景点,其他,119.316757,39.643499,attraction
poi_attraction.csv,黄金海岸-观海亭,旅游景点,其他,119.339899,39.698791,attraction
poi_attraction.csv,鸽子窝生态公园-鹰角亭,旅游景点,其他,119.528338,39.836715,attraction
poi_attraction.csv,滨海栈道,旅游景点,其他,119.521076,39.835843,attraction
poi_attraction.csv,联峰山生态公园-望海亭,旅游景点,其他,119.458458,39.824588000000006,attraction
poi_attraction.csv,联峰山生态公园-鸡冠山,旅游景点,其他,119.463367,39.827159,attraction
poi_attraction.csv,联峰山生态公园如来寺,旅游景点,宗教,119.458391,39.821728,attraction
poi_attraction.csv,联峰山生态公园-毛泽东观日出处,旅游景点,其他,119.458468,39.824635,attraction
poi_attraction.csv,联峰山生态公园-观海石,旅游景点,其他,119.458518,39.82281,attraction
poi_attraction.csv,山眼井,旅游景点,其他,119.463601,39.825012,attraction
poi_attraction.csv,联峰山生态公园-临风亭,旅游景点,其他,119.463626,39.827110000000005,attraction
poi_attraction.csv,联峰山生态公园-瞭登亭,旅游景点,其他,119.462981,39.828574,attraction
poi_attraction.csv,神犬峰,旅游景点,其他,119.45565,39.823419,attraction
poi_attraction.csv,联峰山生态公园-避雨石,旅游景点,其他,119.461883,39.826306,attraction
poi_attraction.csv,联峰山生态公园-莲花亭,旅游景点,其他,119.463253,39.823,attraction
poi_attraction.csv,联峰山生态公园-莲池,旅游景点,其他,119.463324,39.822562,attraction
poi_attraction.csv,联峰山生态公园-望海石,旅游景点,其他,119.459016,39.824448,attraction
poi_attraction.csv,联峰山生态公园-莲蓬阁,旅游景点,其他,119.463737,39.822757,attraction
poi_attraction.csv,联峰山生态公园-望海峰,旅游景点,其他,119.458377,39.822913,attraction
poi_attraction.csv,联峰山生态公园-钟亭,旅游景点,其他,119.464944,39.821896,attraction
poi_attraction.csv,联峰山生态公园-蠖公桥,旅游景点,其他,119.464093,39.822308,attraction
poi_attraction.csv,联峰山生态公园-瞭望塔,旅游景点,其他,119.463144,39.827037,attraction
poi_attraction.csv,寻仙1号游船,旅游景点,其他,119.61612,39.9063,attraction
poi_attraction.csv,西港花园·鸿洲国际游艇帆船国际俱乐部,旅游景点,其他,119.606831,39.908225,attraction
poi_attraction.csv,秦皇岛国际尾波冲浪基地,旅游景点,其他,119.606687,39.908501,attraction
poi_attraction.csv,秦旅山海号旅游列车,旅游景点,其他,119.617274,39.910256,attraction
poi_attraction.csv,西港花园,旅游景点,其他,119.61728,39.914246,attraction
poi_attraction.csv,秦皇岛新澳海底世界-海豚表演馆,旅游景点,水族馆,119.564141,39.906803,attraction
poi_attraction.csv,金梦海湾海韵广场,旅游景点,广场,119.567756,39.908167,attraction
poi_attraction.csv,金梦海湾海情广场,旅游景点,广场,119.570936,39.909044,attraction
poi_attraction.csv,长颈鹿,旅游景点,其他,119.515841,39.875552,attraction
poi_attraction.csv,斑马,旅游景点,其他,119.514331,39.875789000000005,attraction
poi_attraction.csv,羊驼,旅游景点,其他,119.516047,39.875617,attraction
poi_attraction.csv,魔王松鼠,旅游景点,其他,119.522342,39.877967000000005,attraction
poi_attraction.csv,秦皇岛野生动物园-朱鹮,旅游景点,其他,119.52447,39.873295000000006,attraction
poi_attraction.csv,小浣熊,旅游景点,其他,119.524318,39.872466,attraction
poi_attraction.csv,中心广场站-避险处,旅游景点,其他,119.522178,39.878651,attraction
poi_attraction.csv,赤鹮,旅游景点,其他,119.524113,39.87263299999999,attraction
poi_attraction.csv,戚继光生态公园,旅游景点,公园,119.790555,39.97782,attraction
poi_attraction.csv,首钢赛车谷高炉广场,旅游景点,广场,119.511687,40.022513,attraction
poi_attraction.csv,北戴河沙滩,旅游景点,其他,119.451468,39.804043,attraction
poi_attraction.csv,抚宁湿地,旅游景点,公园,119.267369,39.852484,attraction
poi_attraction.csv,民生广场,旅游景点,广场,119.168056,39.711444,attraction
poi_attraction.csv,奥林Peak公园-奥运冠军林,旅游景点,其他,119.51335,39.828324,attraction
poi_attraction.csv,奥林Peak公园-奥运冠军纪念柱,旅游景点,其他,119.513751,39.827784,attraction
poi_attraction.csv,奥林Peak公园-广场主雕,旅游景点,其他,119.513889,39.828315,attraction
poi_attraction.csv,老虎石海上生态公园-游泳区,旅游景点,其他,119.487893,39.813691,attraction
poi_attraction.csv,大不同装置艺术主题生态公园,旅游景点,公园,119.49793,39.832495,attraction
poi_attraction.csv,秦皇岛北戴河怪楼奇园景区-观鸟林,旅游景点,其他,119.498123,39.827747,attraction
poi_attraction.csv,青年林,旅游景点,其他,119.497824,39.832488,attraction
poi_attraction.csv,深海珍珠展览馆,旅游景点,其他,119.495847,39.835002,attraction
poi_attraction.csv,劳动生态公园,旅游景点,公园,119.567708,39.948364000000005,attraction
poi_attraction.csv,秦皇岛人防生态公园,旅游景点,公园,119.508948,39.914415,attraction
poi_attraction.csv,金梦海湾章鱼广场,旅游景点,广场,119.549648,39.898213000000005,attraction
poi_attraction.csv,金梦海湾海螺广场,旅游景点,公园,119.548594,39.897688,attraction
poi_attraction.csv,海怡口袋生态公园,旅游景点,公园,119.55466,39.920718,attraction
poi_attraction.csv,天下第一关景区-山海关城楼,旅游景点,其他,119.762987,40.009285,attraction
poi_attraction.csv,山海关古城景区-万里长城长城历史,旅游景点,其他,119.762885,40.007121,attraction
poi_attraction.csv,山海关-钟鼓楼,旅游景点,其他,119.756071,40.008669000000005,attraction
poi_attraction.csv,秦皇岛站站前广场,旅游景点,广场,119.592056,39.964368,attraction
poi_attraction.csv,大皇宫,旅游景点,宗教,119.243102,39.880459,attraction
poi_attraction.csv,南戴河仙螺岛游乐中心-天马广场,旅游景点,广场,119.428513,39.791366,attraction
poi_attraction.csv,贝壳王国科普博物馆,旅游景点,其他,119.417481,39.792744,attraction
poi_attraction.csv,北戴河站站前广场,旅游景点,广场,119.420641,39.850523,attraction
poi_attraction.csv,劳动生态公园,旅游景点,公园,119.260862,39.867025,attraction
poi_attraction.csv,青龙国家安全主题生态公园,旅游景点,公园,118.978342,40.406782,attraction
poi_attraction.csv,法治生态公园,旅游景点,公园,119.484955,39.831326,attraction
poi_attraction.csv,莲花湖生态公园广场,旅游景点,公园,119.766275,40.004902,attraction
poi_attraction.csv,卢龙鲍子沟景区,旅游景点,其他,119.097073,39.774127,attraction
poi_attraction.csv,阿那亚礼堂,旅游景点,宗教,119.322489,39.655017,attraction
poi_attraction.csv,卢龙鲍子沟景区,旅游景点,其他,119.097583,39.773824,attraction
poi_attraction.csv,南戴河国际娱乐中心,旅游景点,其他,119.354963,39.735832,attraction
poi_attraction.csv,卢龙鲍子沟景区,旅游景点,其他,119.097506,39.77422,attraction
poi_attraction.csv,北戴河,旅游景点,景点,119.4850042,39.83509987,attraction
poi_attraction.csv,天下第一关,旅游景点,景点,119.7608429,40.01013496,attraction
poi_attraction.csv,秦皇岛野生动物园,旅游景点,景点,119.5213234,39.87021185,attraction
poi_attraction.csv,山海关,旅游景点,景点,119.7609678,40.01004803,attraction
poi_attraction.csv,渔岛海洋温泉景区,旅游景点,景点,119.2868731,39.60095162,attraction
poi_attraction.csv,渔岛海洋度假区,旅游景点,景点,119.2877197,39.60140851,attraction
poi_attraction.csv,秦皇求仙入海处,旅游景点,景点,119.6217496,39.91404344,attraction
poi_attraction.csv,老虎石海上公园,旅游景点,景点,119.4885419,39.81390221,attraction
poi_attraction.csv,北戴河集发梦想王国,旅游景点,景点,119.4183083,39.82022323,attraction
poi_attraction.csv,燕塞湖鸟语林,旅游景点,景点,119.7063448,40.03799694,attraction
poi_attraction.csv,怪楼奇园,旅游景点,景点,119.4981933,39.8268799,attraction
poi_attraction.csv,角山长城,旅游景点,景点,119.7346433,40.04646663,attraction
poi_attraction.csv,孟姜女庙,旅游景点,景点,119.8229316,40.03646767,attraction
poi_attraction.csv,联峰山,旅游景点,景点,119.4595792,39.82378016,attraction
poi_attraction.csv,祖山风景区,旅游景点,景点,119.4576062,40.14314976,attraction
poi_attraction.csv,阿那亚,旅游景点,景点,119.3141053,39.64939766,attraction
poi_attraction.csv,冰塘峪,旅游景点,景点,119.3630044,40.10368718,attraction
poi_attraction.csv,奥林匹克大道公园,旅游景点,景点,119.5147177,39.82788139,attraction
poi_attraction.csv,中海滩,旅游景点,景点,119.4901043,39.81290365,attraction
poi_attraction.csv,老虎石海上公园-中海滩,旅游景点,景点,119.4899168,39.81305044,attraction
poi_attraction.csv,山海关王家大院,旅游景点,景点,119.7593972,40.00691906,attraction
poi_attraction.csv,板厂峪长城文化公园,旅游景点,景点,119.5733639,40.19983317,attraction
poi_attraction.csv,人民广场,旅游景点,景点,119.5950715,39.94056218,attraction
poi_attraction.csv,秦皇岛市人民广场,旅游景点,景点,119.5950621,39.9405834,attraction
poi_attraction.csv,天马浴场,旅游景点,景点,119.4268206,39.79377522,attraction
poi_attraction.csv,平水桥公园,旅游景点,景点,119.4789873,39.81586773,attraction
poi_attraction.csv,碣石山景区,旅游景点,景点,119.1447038,39.74822476,attraction
poi_attraction.csv,长城华夏酒庄,旅游景点,景点,119.1828595,39.73322279,attraction
poi_attraction.csv,滨海木栈道,旅游景点,景点,119.5211191,39.83588316,attraction
poi_attraction.csv,燕山大学,旅游景点,景点,119.5395853,39.90686116,attraction
poi_attraction.csv,新世纪公园,旅游景点,景点,119.5876361,39.94796206,attraction
poi_attraction.csv,山海关长城博物馆,旅游景点,景点,119.7631164,40.00760543,attraction
poi_attraction.csv,秦皇岛市玻璃博物馆,旅游景点,景点,119.6043131,39.92429801,attraction
poi_attraction.csv,秦皇植物园,旅游景点,景点,119.5540539,39.95097737,attraction
poi_attraction.csv,山海关古城景区,旅游景点,景点,119.7615841,40.0058496,attraction
poi_attraction.csv,长寿山,旅游景点,景点,119.7404919,40.06730649,attraction
poi_attraction.csv,龙云谷景区,旅游景点,景点,119.3459225,40.06477701,attraction
poi_attraction.csv,秦皇岛鸟类博物馆,旅游景点,景点,119.519542,39.83603579,attraction
poi_attraction.csv,北戴河鲁迅公园,旅游景点,景点,119.488316,39.81833013,attraction
poi_attraction.csv,北戴河湿地公园,旅游景点,景点,119.5098299,39.84562011,attraction
poi_attraction.csv,汤河公园,旅游景点,景点,119.5610109,39.93952979,attraction
poi_attraction.csv,北戴河保二路,旅游景点,景点,119.4888543,39.81413888,attraction
poi_attraction.csv,北戴河历史文化展览馆,旅游景点,景点,119.5148331,39.8255571,attraction
poi_attraction.csv,秦皇岛森林体育公园,旅游景点,景点,119.5381204,39.93445064,attraction
poi_attraction.csv,浅水湾,旅游景点,景点,119.5187162,39.8515527,attraction
poi_attraction.csv,总兵府旅游景区,旅游景点,景点,119.7541039,40.00880591,attraction
poi_attraction.csv,东北大学秦皇岛分校,旅游景点,景点,119.5520061,39.9228914,attraction
poi_attraction.csv,东北大学(秦皇岛分校),旅游景点,景点,119.552006,39.9228911,attraction
poi_attraction.csv,北戴河自然生态公园,旅游景点,景点,119.518772,39.84038279,attraction
poi_attraction.csv,白鹭岛,旅游景点,景点,119.7697857,39.9577315,attraction
poi_attraction.csv,莲花湖公园,旅游景点,景点,119.7679512,40.00411505,attraction
poi_attraction.csv,东山浴场,旅游景点,景点,119.626188,39.91653713,attraction
poi_attraction.csv,王家大院山海关民俗博物馆(东三条),旅游景点,景点,119.7593572,40.00692309,attraction
poi_attraction.csv,老虎石浴场,旅游景点,景点,119.52405,39.81869943,attraction
poi_attraction.csv,金海湾森林公园,旅游景点,景点,119.535616,39.89117298,attraction
poi_attraction.csv,秦皇岛浅水湾浴场,旅游景点,景点,119.5175494,39.85149698,attraction
poi_attraction.csv,天马山,旅游景点,景点,119.2467778,39.97975395,attraction
poi_attraction.csv,康寿公园,旅游景点,景点,119.5953116,39.95344001,attraction
poi_attraction.csv,南戴河西浴场,旅游景点,景点,119.4027991,39.77385584,attraction
poi_attraction.csv,天马山摩崖石刻,旅游景点,景点,119.2162606,39.94415095,attraction
poi_attraction.csv,秦皇岛站广场,旅游景点,景点,119.592198,39.96442057,attraction
poi_attraction.csv,背牛顶,旅游景点,景点,119.4001666,40.08777387,attraction
poi_attraction.csv,圣顶山旅游度假区,旅游景点,景点,119.4001639,40.08776027,attraction
poi_attraction.csv,乱刀峪,旅游景点,景点,119.4140937,40.01197752,attraction
poi_attraction.csv,贝壳王国,旅游景点,景点,119.4174313,39.79273459,attraction
poi_attraction.csv,大庆石油学院秦皇岛分院,旅游景点,景点,119.5272346,39.89589416,attraction
poi_attraction.csv,源影寺塔,旅游景点,景点,119.1590837,39.71134592,attraction
poi_attraction.csv,五佛山国际生态旅游度假区,旅游景点,景点,119.7513963,40.0672984,attraction
poi_attraction.csv,源影塔,旅游景点,景点,119.1590692,39.71133554,attraction
poi_attraction.csv,半岛公园,旅游景点,景点,119.5149671,39.89931769,attraction
poi_attraction.csv,月季园,旅游景点,景点,119.5060914,39.82020724,attraction
poi_attraction.csv,茅台葡萄酒洞,旅游景点,景点,119.1743441,39.71597174,attraction
poi_attraction.csv,保利海公园,旅游景点,景点,119.4058785,39.82857849,attraction
poi_attraction.csv,西港花园,旅游景点,景点,119.6175668,39.91424086,attraction
poi_attraction.csv,人民公园,旅游景点,景点,119.5950268,39.93709049,attraction
poi_attraction.csv,海恋婚纱摄影基地,旅游景点,景点,119.522616,39.81652637,attraction
poi_attraction.csv,龙潭峡,旅游景点,景点,119.3459205,40.06477603,attraction
poi_attraction.csv,兵部分司署,旅游景点,景点,119.75939,40.01270073,attraction
poi_attraction.csv,万里长城-九门口点将台,旅游景点,景点,119.7415996,40.12100051,attraction
poi_attraction.csv,柳江国家地质公园,旅游景点,景点,119.5735366,40.08009716,attraction
poi_attraction.csv,兵部分司,旅游景点,景点,119.7581992,40.01096834,attraction
poi_attraction.csv,黄金溶洞,旅游景点,景点,118.6422061,40.29144817,attraction
poi_attraction.csv,北戴河国际光雕园,旅游景点,景点,119.4444891,39.85390095,attraction
poi_attraction.csv,北戴河艺术村落,旅游景点,景点,119.4267608,39.85809428,attraction
poi_attraction.csv,天女峰,旅游景点,景点,119.4315884,40.12158881,attraction
poi_attraction.csv,响山,旅游景点,景点,119.4314318,40.12173049,attraction
poi_attraction.csv,海景广场,旅游景点,景点,119.5689463,39.90848987,attraction
poi_attraction.csv,仙女云床,旅游景点,景点,119.4312017,40.14755998,attraction
poi_attraction.csv,奇岩峡景区,旅游景点,景点,119.7513963,40.0672984,attraction
poi_attraction.csv,五峰山李大钊革命活动旧址,旅游景点,景点,119.1624405,39.75145989,attraction
poi_attraction.csv,鸽子窝公园-休闲亭,旅游景点,景点,119.5237378,39.83618498,attraction
poi_attraction.csv,李大钊革命活动旧址,旅游景点,景点,119.1624592,39.75163084,attraction
poi_attraction.csv,飞流三跳,旅游景点,景点,119.4603897,40.13190202,attraction
poi_attraction.csv,戴河生态园,旅游景点,景点,119.393139,39.88926708,attraction
poi_attraction.csv,角山敌台,旅游景点,景点,119.737335,40.03973494,attraction
poi_attraction.csv,望海禅寺,旅游景点,景点,119.4328918,40.145232,attraction
poi_attraction.csv,迎恩楼,旅游景点,景点,119.7504851,40.00652223,attraction
poi_attraction.csv,画廊谷,旅游景点,景点,119.4724879,40.11414995,attraction
poi_attraction.csv,海豚表演馆,旅游景点,景点,119.5638023,39.90752768,attraction
poi_attraction.csv,望龟亭,旅游景点,景点,119.4844895,39.81494984,attraction
poi_attraction.csv,象山景区,旅游景点,景点,119.3430799,39.99696999,attraction
poi_attraction.csv,仁轩酒庄,旅游景点,景点,119.2181206,39.95631347,attraction
poi_attraction.csv,国家方志馆秦皇岛分馆,旅游景点,景点,119.7576374,40.00959225,attraction
poi_attraction.csv,柳江地学博物馆,旅游景点,景点,119.5904792,40.1250238,attraction
poi_attraction.csv,董家口长城,旅游景点,景点,119.6452571,40.22428496,attraction
poi_attraction.csv,725石塘路步行街,旅游景点,景点,119.4883855,39.82148759,attraction
poi_attraction.csv,悬阳洞,旅游景点,景点,119.7486253,40.06642985,attraction
poi_attraction.csv,碣石园,旅游景点,景点,119.4793327,39.81705815,attraction
poi_attraction.csv,童戏驼峰,旅游景点,景点,119.4389404,40.14023661,attraction
poi_attraction.csv,传奇3D裸眼错觉艺术体验馆,旅游景点,景点,119.3135859,39.66716529,attraction
poi_attraction.csv,仁轩酒庄中餐厅,旅游景点,景点,119.2181202,39.95631347,attraction
poi_attraction.csv,董家口长城风景区,旅游景点,景点,119.6452322,40.22420884,attraction
poi_attraction.csv,靖边楼,旅游景点,景点,119.7668814,40.00642406,attraction
poi_attraction.csv,左右生态谷,旅游景点,景点,119.0729181,39.82019407,attraction
poi_attraction.csv,五佛山,旅游景点,景点,119.7455282,40.06345215,attraction
poi_attraction.csv,九道缸瀑布,旅游景点,景点,119.5713333,40.24473877,attraction
poi_attraction.csv,山海关清真寺,旅游景点,景点,119.7511682,40.0038516,attraction
poi_attraction.csv,金原美术馆,旅游景点,景点,119.60745,39.93536,attraction
poi_attraction.csv,璇靥潭,旅游景点,景点,119.7350735,40.06205465,attraction
poi_attraction.csv,秦皇岛渔岛水上乐园,旅游景点,景点,119.2852641,39.60512732,attraction
poi_attraction.csv,牧营楼,旅游景点,景点,119.7620366,40.00930728,attraction
poi_attraction.csv,飞瀑谷,旅游景点,景点,119.4147433,40.16575116,attraction
poi_attraction.csv,卢龙野长城,旅游景点,景点,118.9431381,40.10742159,attraction
poi_attraction.csv,神医石窟,旅游景点,景点,119.7475111,40.06894447,attraction
poi_attraction.csv,栖贤寺,旅游景点,景点,119.7305446,40.04500429,attraction
poi_attraction.csv,世外桃源,旅游景点,景点,119.7393747,40.06174801,attraction
poi_attraction.csv,傍水崖雪乡,旅游景点,景点,119.571444,40.13185353,attraction
poi_attraction.csv,祖山风景区-飞瀑谷,旅游景点,景点,119.4147374,40.16575909,attraction
poi_attraction.csv,旋靥潭,旅游景点,景点,119.7350737,40.06205444,attraction
poi_attraction.csv,天女木兰小镇,旅游景点,景点,119.5247166,40.11994239,attraction
poi_attraction.csv,佳兆业海滩,旅游景点,景点,119.6012701,39.94314864,attraction
poi_attraction.csv,神医华佗石窟,旅游景点,景点,119.7475093,40.06894619,attraction
poi_attraction.csv,盟誓台,旅游景点,景点,119.4835173,39.81634695,attraction
poi_attraction.csv,半壁山文化广场,旅游景点,景点,118.9485104,39.88560282,attraction
poi_attraction.csv,天女亭,旅游景点,景点,119.4315177,40.12160768,attraction
poi_attraction.csv,孟姜女庙景区-凉亭,旅游景点,景点,119.8231629,40.03738065,attraction
poi_attraction.csv,海边市集,旅游景点,景点,119.3133739,39.65693532,attraction
poi_hotel.csv,金洋宾馆,酒店住宿,其他,119.726662,39.9481,hotel
poi_hotel.csv,昌黎服务站住宿,酒店住宿,舒适型酒店,119.044945,39.488792,hotel
poi_hotel.csv,昌黎福通酒店,酒店住宿,其他,118.891252,39.637275,hotel
poi_hotel.csv,振南酒店,酒店住宿,舒适型酒店,118.930364,40.046458,hotel
poi_hotel.csv,昌黎金江酒店,酒店住宿,其他,119.195204,39.55027,hotel
poi_hotel.csv,北戴河新区翠湖湾豪华酒店,酒店住宿,其他,119.233804,39.58666,hotel
poi_hotel.csv,秦皇岛金旺农家院,酒店住宿,其他,119.213947,39.581073,hotel
poi_hotel.csv,翡翠岛红悦农家院,酒店住宿,其他,119.219204,39.574351,hotel
poi_hotel.csv,北戴河金泽农家山庄,酒店住宿,其他,119.221092,39.57577,hotel
poi_hotel.csv,黄金海岸乔乔农家院,酒店住宿,其他,119.220305,39.582117,hotel
poi_hotel.csv,顺天假日酒店,酒店住宿,其他,119.234561,39.585638,hotel
poi_hotel.csv,搏慧农家院,酒店住宿,其他,119.216175,39.580483,hotel
poi_hotel.csv,刘台庄镇青源酒店,酒店住宿,其他,119.159281,39.551562,hotel
poi_hotel.csv,秦皇岛黄金海岸翡翠岛翠湖湾豪华酒店,酒店住宿,其他,119.233344,39.586959,hotel
poi_hotel.csv,冰冰农家院,酒店住宿,其他,119.219797,39.57464,hotel
poi_hotel.csv,云朵农家院,酒店住宿,其他,119.221382,39.582282000000006,hotel
poi_hotel.csv,七里韩舍.民墅,酒店住宿,其他,119.220849,39.573124,hotel
poi_hotel.csv,鱼家小栈,酒店住宿,其他,119.220437,39.575993,hotel
poi_hotel.csv,昌黎京津晋之家农家院,酒店住宿,其他,119.21959,39.581978,hotel
poi_hotel.csv,昌黎松林豪华酒店,酒店住宿,其他,119.231506,39.588094000000005,hotel
poi_hotel.csv,秦皇岛秦海红农家院,酒店住宿,其他,119.222083,39.575888,hotel
poi_hotel.csv,秦皇岛黄金海岸翡翠岛顺天假日豪华酒店A座,酒店住宿,其他,119.234707,39.585636,hotel
poi_hotel.csv,赵鑫满农家院,酒店住宿,其他,119.172717,39.590921,hotel
poi_hotel.csv,秦皇岛秦海红农家院,酒店住宿,其他,119.223008,39.575802,hotel
poi_hotel.csv,望海观田·民墅,酒店住宿,其他,119.218282,39.57351,hotel
poi_hotel.csv,水岸人家,酒店住宿,其他,119.657314,40.070494,hotel
poi_hotel.csv,九门景庭旅居中心,酒店住宿,舒适型酒店,119.735961,40.120644,hotel
poi_hotel.csv,天女小镇-温源谷豪华酒店,酒店住宿,其他,119.525177,40.117858,hotel
poi_hotel.csv,天女小镇-丹栗旅馆,酒店住宿,其他,119.52309,40.118152,hotel
poi_hotel.csv,燃野农家菜馆餐饮住宿,酒店住宿,舒适型酒店,119.538957,40.06087,hotel
poi_hotel.csv,秦皇岛祖山东门车厂新村民宿,酒店住宿,其他,119.526302,40.116247,hotel
poi_hotel.csv,秦皇岛俊兴农家院,酒店住宿,其他,119.318325,40.050953,hotel
poi_hotel.csv,秦皇岛北戴河小财猫家庭公寓,酒店住宿,其他,119.309997,40.045771,hotel
poi_hotel.csv,秦皇岛峪见六号院,酒店住宿,其他,119.377702,40.02304,hotel
poi_hotel.csv,秦皇岛biggerkimi别墅,酒店住宿,其他,119.421779,39.986005,hotel
poi_hotel.csv,青龙祖山木寨豪华酒店,酒店住宿,其他,119.430703,40.148254,hotel
poi_hotel.csv,祖山云海豪华酒店,酒店住宿,其他,119.429009,40.147141000000005,hotel
poi_hotel.csv,祖山景区腾信宾馆,酒店住宿,其他,119.430169,40.147834,hotel
poi_hotel.csv,老韩农家菜馆,酒店住宿,其他,119.376834,40.127377,hotel
poi_hotel.csv,秦皇岛祖山景区木兰酒店,酒店住宿,其他,119.431015,40.14978,hotel
poi_hotel.csv,如家小憩,酒店住宿,其他,119.331777,40.097392,hotel
poi_hotel.csv,家铭餐馆,酒店住宿,其他,119.341591,40.095849,hotel
poi_hotel.csv,秦皇岛有更农家院,酒店住宿,其他,119.342651,40.09626,hotel
poi_hotel.csv,罗家豪华酒店,酒店住宿,其他,119.28059,40.054087,hotel
poi_hotel.csv,子政豪华酒店,酒店住宿,其他,119.159182,40.171943,hotel
poi_hotel.csv,杨利华农家院民宿酒店,酒店住宿,其他,119.177645,40.15828200000001,hotel
poi_hotel.csv,青龙尼晶旅馆,酒店住宿,其他,119.055985,40.346758,hotel
poi_hotel.csv,界领口村精品民宿酒店,酒店住宿,舒适型酒店,119.294551,40.161545,hotel
poi_hotel.csv,明月酒店,酒店住宿,其他,119.440747,40.224874,hotel
poi_hotel.csv,满韵酒店,酒店住宿,其他,119.440792,40.226963,hotel
poi_hotel.csv,旅馆超级市场,酒店住宿,舒适型酒店,119.440853,40.223986,hotel
poi_hotel.csv,秦皇岛祖山木寨豪华酒店,酒店住宿,其他,119.442838,40.222279,hotel
poi_hotel.csv,豪华酒店中国,酒店住宿,其他,119.439345,40.227784,hotel
poi_hotel.csv,迎宾餐馆宾馆,酒店住宿,其他,119.44075,40.224886,hotel
poi_hotel.csv,秦皇岛山海关林李农家院,酒店住宿,其他,119.34482,40.287516,hotel
poi_hotel.csv,东升酒店,酒店住宿,舒适型酒店,119.219954,40.419093,hotel
poi_hotel.csv,红日酒店,酒店住宿,舒适型酒店,119.05732,40.474377,hotel
poi_hotel.csv,顺发旅馆餐馆,酒店住宿,其他,119.537296,40.192255,hotel
poi_hotel.csv,龙龙农家院,酒店住宿,其他,119.570589,40.191254,hotel
poi_hotel.csv,天河浴池酒店,酒店住宿,舒适型酒店,119.481406,40.331487,hotel
poi_hotel.csv,周民餐馆旅店,酒店住宿,舒适型酒店,119.509155,40.495129,hotel
poi_hotel.csv,山海间温泉艺术豪华酒店,酒店住宿,其他,118.82096,40.208213,hotel
poi_hotel.csv,三和酒店,酒店住宿,其他,118.853685,40.271765,hotel
poi_hotel.csv,贵宾楼民宿酒店,酒店住宿,舒适型酒店,118.857717,40.276292000000005,hotel
poi_hotel.csv,旅店,酒店住宿,舒适型酒店,119.045315,40.469812000000005,hotel
poi_hotel.csv,鸿福旅店,酒店住宿,舒适型酒店,118.782556,40.399799,hotel
poi_hotel.csv,福鑫宾馆,酒店住宿,其他,118.798121,40.402729,hotel
poi_hotel.csv,福鑫宾馆,酒店住宿,其他,118.77913,40.405188,hotel
poi_hotel.csv,正阳红餐馆旅馆,酒店住宿,舒适型酒店,118.779435,40.405426000000006,hotel
poi_hotel.csv,乐乐快捷酒店,酒店住宿,舒适型酒店,118.994009,39.579905,hotel
poi_hotel.csv,老郭酒店,酒店住宿,舒适型酒店,118.989519,39.578864,hotel
poi_hotel.csv,温泉酒店,酒店住宿,其他,119.054596,39.713585,hotel
poi_hotel.csv,新华酒店,酒店住宿,舒适型酒店,119.015045,39.713683,hotel
poi_hotel.csv,北大酒店,酒店住宿,其他,118.909495,39.657485,hotel
poi_hotel.csv,靖安酒店,酒店住宿,其他,118.909726,39.657701,hotel
poi_hotel.csv,司机之家休息室,酒店住宿,舒适型酒店,118.910593,39.658804,hotel
poi_hotel.csv,路北酒店,酒店住宿,其他,118.943586,39.731863,hotel
poi_hotel.csv,秦皇岛亿都商务酒店,酒店住宿,豪华型酒店,118.852776,39.731038,hotel
poi_hotel.csv,卢龙鑫辉商务酒店,酒店住宿,其他,118.849824,39.730118,hotel
poi_hotel.csv,康乐旅馆,酒店住宿,舒适型酒店,118.851933,39.730524,hotel
poi_hotel.csv,鑫辉足疗酒店,酒店住宿,其他,118.84989,39.730183,hotel
poi_hotel.csv,惠源酒店,酒店住宿,舒适型酒店,118.855003,39.730701,hotel
poi_hotel.csv,温馨快捷酒店,酒店住宿,舒适型酒店,118.844921,39.729721,hotel
poi_hotel.csv,大众酒店,酒店住宿,舒适型酒店,118.849708,39.730541,hotel
poi_hotel.csv,鑫鑫旅馆,酒店住宿,舒适型酒店,118.808495,39.744894,hotel
poi_hotel.csv,秀花酒店,酒店住宿,舒适型酒店,118.808159,39.745094,hotel
poi_hotel.csv,长城餐馆旅馆,酒店住宿,其他,118.951706,39.89097,hotel
poi_hotel.csv,国飞温泉豪华酒店,酒店住宿,其他,118.90919,39.910673,hotel
poi_hotel.csv,驿旅阳光酒店,酒店住宿,其他,118.90869,39.910424,hotel
poi_hotel.csv,福祥居饭店旅馆,酒店住宿,舒适型酒店,119.016768,39.977068,hotel
poi_hotel.csv,毛家酒店,酒店住宿,舒适型酒店,118.931694,40.05192,hotel
poi_hotel.csv,桥东酒店,酒店住宿,舒适型酒店,118.937778,40.05661799999999,hotel
poi_hotel.csv,红华酒店,酒店住宿,其他,118.939401,40.101664,hotel
poi_hotel.csv,博达酒店,酒店住宿,舒适型酒店,118.93797,40.107238,hotel
poi_hotel.csv,源辰酒店,酒店住宿,舒适型酒店,118.938024,40.106715,hotel
poi_hotel.csv,凤明酒店酒店,酒店住宿,其他,119.16108,39.535078,hotel
poi_hotel.csv,俊达酒店,酒店住宿,舒适型酒店,119.158254,39.525169,hotel
poi_hotel.csv,天外天酒店,酒店住宿,舒适型酒店,119.149989,39.486622,hotel
poi_hotel.csv,鑫客隆酒店,酒店住宿,其他,119.151195,39.489274,hotel
poi_hotel.csv,悦仁洗浴酒店,酒店住宿,舒适型酒店,119.151761,39.491213,hotel
poi_hotel.csv,昌黎华雅农家院,酒店住宿,其他,119.286853,39.58445,hotel
poi_hotel.csv,碧海温泉假日豪华酒店,酒店住宿,其他,119.284635,39.586898,hotel
poi_hotel.csv,秦皇岛渔海居豪华酒店,酒店住宿,其他,119.285376,39.585848,hotel
poi_hotel.csv,和泰酒店,酒店住宿,其他,119.28641,39.585329,hotel
poi_hotel.csv,珠联璧合酒店,酒店住宿,其他,119.288964,39.58291,hotel
poi_hotel.csv,和暴酒店,酒店住宿,其他,119.285641,39.585386,hotel
poi_hotel.csv,学信酒店,酒店住宿,其他,119.28895,39.584944,hotel
poi_hotel.csv,海之润酒店,酒店住宿,其他,119.290949,39.581261,hotel
poi_hotel.csv,餐厅住宿,酒店住宿,舒适型酒店,119.28496,39.586265,hotel
poi_hotel.csv,昌黎渔港酒店,酒店住宿,其他,119.286217,39.584946,hotel
poi_hotel.csv,连元酒店,酒店住宿,其他,119.285668,39.585379,hotel
poi_hotel.csv,酒店A区,酒店住宿,其他,119.286482,39.584649,hotel
poi_hotel.csv,秦皇岛渔海居酒店,酒店住宿,其他,119.285753,39.585679,hotel
poi_hotel.csv,碧水湾度假村,酒店住宿,其他,119.307655,39.639658,hotel
poi_hotel.csv,北戴河阿尔卡迪亚滨海度假豪华酒店,酒店住宿,豪华型酒店,119.31035,39.631509,hotel
poi_hotel.csv,昌黎莉莲芭芭拉别墅,酒店住宿,其他,119.313786,39.638333,hotel
poi_hotel.csv,昌黎爱上公寓,酒店住宿,其他,119.310402,39.631722,hotel
poi_hotel.csv,秦皇岛善译公寓,酒店住宿,其他,119.31038,39.631867,hotel
poi_hotel.csv,秦皇岛洋洋妈妈公寓,酒店住宿,其他,119.310483,39.631763,hotel
poi_hotel.csv,秦皇岛小神兽民宿酒店,酒店住宿,其他,119.312237,39.630272000000005,hotel
poi_hotel.csv,秦皇岛杨小光光公寓,酒店住宿,其他,119.310169,39.631545,hotel
poi_hotel.csv,昌黎旅游服务公寓,酒店住宿,其他,119.310695,39.625324,hotel
poi_hotel.csv,昌黎海滩房公寓,酒店住宿,其他,119.310778,39.632423,hotel
poi_hotel.csv,昌黎信誉公寓,酒店住宿,其他,119.310421,39.624807,hotel
poi_hotel.csv,秦皇岛阿尔卡迪亚公寓,酒店住宿,其他,119.311024,39.629768,hotel
poi_hotel.csv,昌黎wy王颖公寓,酒店住宿,其他,119.310773,39.631683,hotel
poi_hotel.csv,昌黎悟空找房公寓,酒店住宿,其他,119.308396,39.63213,hotel
poi_hotel.csv,秦皇岛阿尔卡迪亚洋房公寓,酒店住宿,其他,119.307413,39.626573,hotel
poi_hotel.csv,腾静静公寓,酒店住宿,其他,119.308399,39.629231,hotel
poi_hotel.csv,昌黎海滨小镇四人度假公寓,酒店住宿,其他,119.310992,39.632109,hotel
poi_hotel.csv,驾羽公寓,酒店住宿,其他,119.306773,39.630739,hotel
poi_hotel.csv,秦皇岛茶公寓,酒店住宿,其他,119.310897,39.631736,hotel
poi_hotel.csv,秦皇岛一诺千金公寓,酒店住宿,其他,119.310349,39.631752,hotel
poi_hotel.csv,昌黎凭栏观海公寓,酒店住宿,其他,119.310311,39.631661,hotel
poi_hotel.csv,秦皇岛吉地良田公寓,酒店住宿,其他,119.310796,39.63182,hotel
poi_hotel.csv,昌黎牛小牛小公寓,酒店住宿,其他,119.310531,39.625283,hotel
poi_hotel.csv,昌黎栖海桃源公寓,酒店住宿,其他,119.311687,39.63284,hotel
poi_hotel.csv,首领民宿,酒店住宿,其他,119.310851,39.63167,hotel
poi_hotel.csv,昌黎沙海之吻公寓,酒店住宿,其他,119.310714,39.63175,hotel
poi_hotel.csv,秦皇岛杨淑梅公寓,酒店住宿,其他,119.310823,39.632476,hotel
poi_hotel.csv,Lyhy的民宿,酒店住宿,舒适型酒店,119.309869,39.632022,hotel
poi_hotel.csv,北戴河荣玺山庄度假别墅,酒店住宿,其他,119.310649,39.631453,hotel
poi_hotel.csv,秦皇岛面朝大海春暖花海别墅,酒店住宿,其他,119.310346,39.63146,hotel
poi_hotel.csv,Longevity公寓,酒店住宿,其他,119.310345,39.631717,hotel
poi_hotel.csv,秦皇岛北戴河阿尔卡迪亚度假村,酒店住宿,其他,119.310783,39.631691,hotel
poi_hotel.csv,昌黎娜家小窝在海边豪华酒店式公寓,酒店住宿,其他,119.310676,39.631719,hotel
poi_hotel.csv,信誉公寓,酒店住宿,其他,119.310822,39.632395,hotel
poi_hotel.csv,秦皇岛阿尔卡迪亚五星公寓,酒店住宿,其他,119.310695,39.631725,hotel
poi_hotel.csv,秦皇岛秦皇岛箫小主子公寓,酒店住宿,其他,119.310041,39.631876,hotel
poi_hotel.csv,秦皇岛大海之约公寓,酒店住宿,其他,119.310378,39.631666,hotel
poi_hotel.csv,昌黎海边的小鹿公寓,酒店住宿,舒适型酒店,119.31033,39.631757,hotel
poi_hotel.csv,十鲤汤泉海景酒店,酒店住宿,其他,119.308964,39.630184,hotel
poi_hotel.csv,北戴河阿尔卡迪亚海之蓝公寓,酒店住宿,其他,119.309968,39.631179,hotel
poi_hotel.csv,秦皇岛阿尔卡迪亚小仙家公寓,酒店住宿,其他,119.310561,39.625284,hotel
poi_hotel.csv,秦皇岛海边漫步的螃蟹公寓,酒店住宿,其他,119.31111,39.632455,hotel
poi_hotel.csv,昌黎黄金海岸美丽的爱情海公寓,酒店住宿,其他,119.310861,39.625297,hotel
poi_hotel.csv,秦皇岛远方的家左耳居公寓,酒店住宿,其他,119.310898,39.631769,hotel
poi_hotel.csv,秦皇岛北戴河阿尔卡迪亚滨海度假民宿,酒店住宿,其他,119.310702,39.631674,hotel
poi_hotel.csv,秦皇岛住这还行酒店式公寓,酒店住宿,其他,119.310786,39.632408,hotel
poi_hotel.csv,秦皇岛阿尔卡迪亚度假公寓,酒店住宿,其他,119.310322,39.63183,hotel
poi_hotel.csv,渔岛菲奢尔度假豪华酒店,酒店住宿,豪华型酒店,119.290381,39.595323,hotel
poi_hotel.csv,秦皇岛阿尔卡迪亚公寓,酒店住宿,其他,119.30376,39.633962,hotel
poi_hotel.csv,悦澜轻奢公寓,酒店住宿,其他,119.297068,39.627707,hotel
poi_hotel.csv,百纳酒店,酒店住宿,其他,119.267838,39.60574,hotel
poi_hotel.csv,昌黎帅气的妮子公寓,酒店住宿,其他,119.30197,39.635104,hotel
poi_hotel.csv,昌黎佳佳农家院,酒店住宿,舒适型酒店,119.25529,39.620296,hotel
poi_hotel.csv,阿尔卡迪亚遇见你公寓,酒店住宿,其他,119.303603,39.633991,hotel
poi_hotel.csv,望海渔湾餐馆宾馆,酒店住宿,其他,119.279804,39.590189,hotel
poi_hotel.csv,度假豪华酒店站,酒店住宿,其他,119.291452,39.595639000000006,hotel
poi_hotel.csv,昌黎悦玩悦宿公寓,酒店住宿,其他,119.303516,39.634082,hotel
poi_hotel.csv,北戴河阿尔卡迪亚爱情海公寓,酒店住宿,舒适型酒店,119.303528,39.633955,hotel
poi_hotel.csv,秦皇岛房东小小垚公寓,酒店住宿,其他,119.301891,39.63512,hotel
poi_hotel.csv,昌黎阿卡蔡公馆公寓,酒店住宿,其他,119.303663,39.633896,hotel
poi_hotel.csv,渔岛菲奢尔森泽园,酒店住宿,其他,119.284743,39.603949,hotel
poi_hotel.csv,昌黎阿卡海澜公寓,酒店住宿,其他,119.303734,39.634069,hotel
poi_hotel.csv,昌黎老姐农家院,酒店住宿,其他,119.257963,39.63004,hotel
poi_hotel.csv,昌黎浪漫家园公寓,酒店住宿,其他,119.303571,39.633923,hotel
poi_hotel.csv,秦皇岛渔岛海景温泉豪华酒店,酒店住宿,其他,119.285123,39.605325,hotel
poi_hotel.csv,北戴河戴河首岭海景豪华酒店,酒店住宿,其他,119.30402,39.634143,hotel
poi_hotel.csv,秦皇岛牛家美墅别墅,酒店住宿,其他,119.285249,39.60325,hotel
poi_hotel.csv,昌黎驾羽公寓,酒店住宿,其他,119.303771,39.633821000000005,hotel
poi_hotel.csv,秦皇岛阿尔卡迪亚悦澜公寓,酒店住宿,其他,119.303031,39.6342,hotel
poi_hotel.csv,餐厅住宿,酒店住宿,舒适型酒店,119.266435,39.630262,hotel
poi_hotel.csv,北戴河阿尔卡迪亚澳罗拉公寓,酒店住宿,其他,119.303831,39.634166,hotel
poi_hotel.csv,昌黎烟雨潇湘公寓,酒店住宿,其他,119.303894,39.634202,hotel
poi_hotel.csv,昌黎张逸公寓,酒店住宿,其他,119.303768,39.633798,hotel
poi_hotel.csv,金鑫酒店,酒店住宿,其他,119.266414,39.630228,hotel
poi_hotel.csv,菲奢尔度假豪华酒店B座,酒店住宿,其他,119.290963,39.594959,hotel
poi_hotel.csv,菲奢尔度假豪华酒店C座,酒店住宿,其他,119.291415,39.595449,hotel
poi_hotel.csv,菲奢尔度假豪华酒店A座,酒店住宿,其他,119.29062,39.595372,hotel
poi_hotel.csv,昌黎吴倩男公寓,酒店住宿,其他,119.303329,39.633919,hotel
poi_hotel.csv,昌黎树下看蝶公寓,酒店住宿,其他,119.303932,39.631529,hotel
poi_hotel.csv,昌黎AAA阿卡小镇公寓,酒店住宿,其他,119.303872,39.633468,hotel
poi_hotel.csv,秦皇岛粉色乌鸦公寓,酒店住宿,其他,119.303643,39.633856,hotel
poi_hotel.csv,园景集装箱,酒店住宿,其他,119.29314,39.594608,hotel
poi_hotel.csv,海景集装箱,酒店住宿,其他,119.295965,39.59369,hotel
poi_hotel.csv,北戴河阿尔卡迪亚首领湘湾公寓,酒店住宿,舒适型酒店,119.303756,39.633907,hotel
poi_hotel.csv,昌黎那片海公寓,酒店住宿,其他,119.303417,39.633971,hotel
poi_hotel.csv,秦皇岛海边之家888公寓,酒店住宿,其他,119.30194,39.635087,hotel
poi_hotel.csv,秦皇岛菲奢尔海景温泉度假豪华酒店,酒店住宿,其他,119.290908,39.595282,hotel
poi_hotel.csv,北戴河阿尔卡迪亚花栖阿卡公寓,酒店住宿,其他,119.303868,39.634221,hotel
poi_hotel.csv,秦皇岛阿尔卡迪亚特色小镇公寓,酒店住宿,其他,119.294312,39.61066,hotel
poi_hotel.csv,北戴河翼图酒店公寓,酒店住宿,其他,119.303688,39.633883,hotel
poi_hotel.csv,秦皇岛哎呦喂妈妈咪公寓,酒店住宿,其他,119.303698,39.633988,hotel
poi_hotel.csv,昌黎若水三千只取一瓢饮公寓,酒店住宿,其他,119.302709,39.634707,hotel
poi_hotel.csv,秦皇岛阿尔卡迪亚格调公寓,酒店住宿,其他,119.30435,39.626334,hotel
poi_hotel.csv,秦皇岛北戴河阿尔卡迪亚勿忘我公寓,酒店住宿,其他,119.303908,39.633931,hotel
poi_hotel.csv,秦皇岛阿尔卡迪亚五星公寓,酒店住宿,其他,119.303596,39.634164,hotel
poi_hotel.csv,秦皇岛南北戴河海边别墅,酒店住宿,其他,119.297475,39.604958,hotel
poi_hotel.csv,广缘我爱我家公寓,酒店住宿,其他,119.303638,39.633853,hotel
poi_hotel.csv,广州从化欧式温泉别墅,酒店住宿,其他,119.303891,39.634134,hotel
poi_hotel.csv,秦皇岛园景一居度假公寓,酒店住宿,其他,119.303588,39.634027,hotel
poi_hotel.csv,秦皇岛阿尔卡迪亚戴河首岭假日公寓,酒店住宿,其他,119.303715,39.633933000000006,hotel
poi_hotel.csv,秦皇岛北戴河新区黄金海岸海滨小镇四人度假公寓,酒店住宿,其他,119.301971,39.635084,hotel
poi_hotel.csv,渔岛森泽园,酒店住宿,其他,119.295846,39.596945,hotel
poi_hotel.csv,金潮豪华酒店,酒店住宿,其他,119.301894,39.699888,hotel
poi_hotel.csv,昆谕酒店,酒店住宿,其他,119.298408,39.700054,hotel
poi_hotel.csv,福兴酒店,酒店住宿,其他,119.295077,39.698728,hotel
poi_hotel.csv,缘聚快捷酒店,酒店住宿,其他,119.301479,39.699935,hotel
poi_hotel.csv,祥泰农家大院,酒店住宿,其他,119.291728,39.704747,hotel
poi_hotel.csv,昌黎正亮农家院,酒店住宿,其他,119.297336,39.699989,hotel
poi_hotel.csv,泽希酒店,酒店住宿,其他,119.297487,39.700041,hotel
poi_hotel.csv,聚宝快捷酒店,酒店住宿,其他,119.297473,39.699559,hotel
poi_hotel.csv,秀亚酒店,酒店住宿,其他,119.297892,39.698374,hotel
poi_hotel.csv,和韵酒店,酒店住宿,其他,119.29718,39.699953,hotel
poi_hotel.csv,昌黎秉锴酒店,酒店住宿,其他,119.295457,39.706177,hotel
poi_hotel.csv,东存酒店,酒店住宿,其他,119.297084,39.699522,hotel
poi_hotel.csv,昌黎及时雨农家院,酒店住宿,其他,119.298719,39.705804,hotel
poi_hotel.csv,昌黎黄金海岸如意农家院,酒店住宿,其他,119.295479,39.706178,hotel
poi_hotel.csv,淇乐驿居,酒店住宿,舒适型酒店,119.302714,39.699917000000006,hotel
poi_hotel.csv,黄金海岸农家院,酒店住宿,其他,119.302803,39.699859,hotel
poi_hotel.csv,浩民酒店,酒店住宿,其他,119.297784,39.700034,hotel
poi_hotel.csv,昌黎小旭海鲜酒店,酒店住宿,其他,119.30411,39.700381,hotel
poi_hotel.csv,鑫丰农场饭店,酒店住宿,其他,119.298153,39.699701,hotel
poi_hotel.csv,超级市场住宿,酒店住宿,舒适型酒店,119.303028,39.699983,hotel
poi_hotel.csv,秦皇岛张雅楠公寓,酒店住宿,其他,119.263952,39.730218,hotel
poi_hotel.csv,昌黎顺府酒家,酒店住宿,其他,119.296627,39.702689,hotel
poi_hotel.csv,秦皇岛北戴河贺海民宿酒店,酒店住宿,其他,119.302637,39.700111,hotel
poi_hotel.csv,慧轩酒店,酒店住宿,其他,119.304287,39.700426,hotel
poi_hotel.csv,咏春餐馆,酒店住宿,其他,119.300647,39.700258,hotel
poi_hotel.csv,骏怡连锁豪华酒店,酒店住宿,其他,119.149308,39.61397,hotel
poi_hotel.csv,双清浴池酒店,酒店住宿,其他,119.148259,39.60836,hotel
poi_hotel.csv,海泉阳光洗浴酒店,酒店住宿,舒适型酒店,119.14735,39.621642,hotel
poi_hotel.csv,昌黎胜开豪华酒店,酒店住宿,其他,119.149031,39.608268,hotel
poi_hotel.csv,昌黎楠楠广缘日租公寓,酒店住宿,其他,119.186438,39.679293,hotel
poi_hotel.csv,福之乐洗浴酒店,酒店住宿,其他,119.249617,39.686253,hotel
poi_hotel.csv,盛世鸿发商务豪华酒店,酒店住宿,其他,119.249148,39.687021,hotel
poi_hotel.csv,秦皇岛临海山居特色民宿酒店,酒店住宿,其他,119.251507,39.685888,hotel
poi_hotel.csv,昌黎小田儿公寓,酒店住宿,其他,119.248355,39.685709,hotel
poi_hotel.csv,真水居客栈民宿酒店,酒店住宿,舒适型酒店,119.252596,39.685779,hotel
poi_hotel.csv,望海观田小院酒店连锁,酒店住宿,其他,119.234609,39.690238,hotel
poi_hotel.csv,腼腆地狮子客栈,酒店住宿,其他,119.251881,39.685711000000005,hotel
poi_hotel.csv,秦皇岛北戴河新区家庭自助式旅店,酒店住宿,舒适型酒店,119.250135,39.686275,hotel
poi_hotel.csv,云城商务豪华酒店,酒店住宿,其他,119.220672,39.693263,hotel
poi_hotel.csv,昌黎润庭豪华酒店,酒店住宿,其他,119.206859,39.729825,hotel
poi_hotel.csv,聚贤酒店,酒店住宿,其他,119.208211,39.730272,hotel
poi_hotel.csv,凝香家庭农庄,酒店住宿,其他,119.058854,39.677572,hotel
poi_hotel.csv,新世纪宾馆,酒店住宿,其他,119.150515,39.677557,hotel
poi_hotel.csv,陌野日租公寓,酒店住宿,其他,119.151774,39.686857,hotel
poi_hotel.csv,双双酒店,酒店住宿,其他,119.150663,39.673079,hotel
poi_hotel.csv,浴池酒店,酒店住宿,舒适型酒店,119.150617,39.67282,hotel
poi_hotel.csv,秦皇岛望峪柳园度假村,酒店住宿,其他,119.666565,40.045661,hotel
poi_hotel.csv,秦皇岛斯特鲁娜小暖窝别墅,酒店住宿,其他,119.660294,40.035285,hotel
poi_hotel.csv,五泉壹号院客栈,酒店住宿,其他,119.682154,40.024711,hotel
poi_hotel.csv,秦皇岛鸣岐天成1号天然温泉度假村,酒店住宿,其他,119.483457,40.046685,hotel
poi_hotel.csv,秦皇岛金龙泉天然温泉度假村,酒店住宿,其他,119.483402,40.046705,hotel
poi_hotel.csv,农家菜馆民宿,酒店住宿,舒适型酒店,119.479324,40.045133,hotel
poi_hotel.csv,秦皇岛辉辉的小屋,酒店住宿,其他,119.623172,40.01163,hotel
poi_hotel.csv,秦皇岛原舍别墅,酒店住宿,其他,119.570885,40.013754000000006,hotel
poi_hotel.csv,洁雅农家院,酒店住宿,其他,119.086395,39.750665000000005,hotel
poi_hotel.csv,昌黎小镇人家民宿酒店,酒店住宿,舒适型酒店,119.102222,39.752443,hotel
poi_hotel.csv,秦皇岛昌黎人家生态农场农家菜馆,酒店住宿,其他,119.088021,39.750547,hotel
poi_hotel.csv,福客到农家院,酒店住宿,其他,119.104029,39.757109,hotel
poi_hotel.csv,印家百年山庄,酒店住宿,舒适型酒店,119.119686,39.765994,hotel
poi_hotel.csv,昌黎凤桐山居度假豪华酒店,酒店住宿,其他,119.115219,39.76428,hotel
poi_hotel.csv,昌黎平亮山庄,酒店住宿,其他,119.109899,39.759932,hotel
poi_hotel.csv,昌黎荆颗小舍,酒店住宿,其他,119.11315,39.754509,hotel
poi_hotel.csv,昌黎采摘住宿农家菜馆,酒店住宿,其他,119.119016,39.766642,hotel
poi_hotel.csv,温馨家园饭旅店,酒店住宿,舒适型酒店,119.119422,39.76643,hotel
poi_hotel.csv,昌黎八仙台饭店,酒店住宿,其他,119.120653,39.767259,hotel
poi_hotel.csv,昌黎仨晗农家院,酒店住宿,其他,119.11495,39.765094,hotel
poi_hotel.csv,秦皇岛双阳农家院,酒店住宿,其他,119.119992,39.757715,hotel
poi_hotel.csv,云婷生态山庄,酒店住宿,其他,119.107701,39.758294,hotel
poi_hotel.csv,葡墅,酒店住宿,其他,119.114216,39.753947,hotel
poi_hotel.csv,昌黎山水人家农家院,酒店住宿,其他,119.11637,39.764886,hotel
poi_hotel.csv,葡萄沟东云红山庄,酒店住宿,其他,119.107555,39.761125,hotel
poi_hotel.csv,昌黎葡萄沟树国农家菜馆庄,酒店住宿,其他,119.118774,39.766568,hotel
poi_hotel.csv,秦皇岛双阳农家院,酒店住宿,其他,119.120028,39.757648,hotel
poi_hotel.csv,北枫葡萄山庄,酒店住宿,其他,119.114346,39.757376,hotel
poi_hotel.csv,秦皇岛昌黎葡萄沟树成山庄,酒店住宿,舒适型酒店,119.11957,39.766466,hotel
poi_hotel.csv,秦皇岛昌黎葡萄沟吉祥精品农家民宿酒店,酒店住宿,其他,119.11791,39.765981,hotel
poi_hotel.csv,秦皇岛葡萄沟伴湾精品民宿酒店,酒店住宿,舒适型酒店,119.114341,39.755436,hotel
poi_hotel.csv,昌黎葡萄小镇吉祥农家民宿酒店,酒店住宿,其他,119.114515,39.76416699999999,hotel
poi_hotel.csv,昌黎葡萄沟望峪山庄民宿,酒店住宿,其他,119.110768,39.757869,hotel
poi_hotel.csv,马氏酒堡山庄,酒店住宿,其他,119.105766,39.759832,hotel
poi_hotel.csv,葡萄沟马氏山庄,酒店住宿,其他,119.110162,39.762745,hotel
poi_hotel.csv,秦皇岛昌黎葡萄沟山水人家民宿酒店,酒店住宿,其他,119.116369,39.765051,hotel
poi_hotel.csv,葡酝春酒庄,酒店住宿,其他,119.110751,39.762886,hotel
poi_hotel.csv,昌黎葡萄沟和平饭店,酒店住宿,其他,119.11882,39.766938,hotel
poi_hotel.csv,秦皇岛滑石庄园度假别墅,酒店住宿,其他,119.154309,39.826787,hotel
poi_hotel.csv,昌黎嘉泰酒庄假日豪华酒店,酒店住宿,其他,119.205082,39.752367,hotel
poi_hotel.csv,秦皇岛祝诏彬特色民宿酒店,酒店住宿,其他,119.18578,39.764062,hotel
poi_hotel.csv,长峪小栖,酒店住宿,其他,119.17153,39.782381,hotel
poi_hotel.csv,昌黎温馨之家阿别墅,酒店住宿,其他,119.171051,39.784359,hotel
poi_hotel.csv,朗格斯酒庄,酒店住宿,其他,119.246507,39.760138,hotel
poi_hotel.csv,感恩农家酒店,酒店住宿,其他,119.212137,39.759922,hotel
poi_hotel.csv,秋海假日豪华酒店,酒店住宿,其他,119.24462,39.763773,hotel
poi_hotel.csv,聚友阁豪华酒店,酒店住宿,其他,119.20634,39.826247,hotel
poi_hotel.csv,欣悦餐馆旅店,酒店住宿,舒适型酒店,119.224932,39.915821,hotel
poi_hotel.csv,凯帅旅店,酒店住宿,舒适型酒店,119.233831,39.898868,hotel
poi_hotel.csv,溪谷旅馆,酒店住宿,舒适型酒店,119.116731,39.858702,hotel
poi_hotel.csv,浴池酒店,酒店住宿,舒适型酒店,119.058119,39.902782,hotel
poi_hotel.csv,温馨近海公寓,酒店住宿,其他,119.064522,39.943488,hotel
poi_hotel.csv,秦皇岛海鲜碧天旅馆,酒店住宿,其他,119.332647,39.754235,hotel
poi_hotel.csv,京府豪华酒店,酒店住宿,其他,119.309176,39.752008,hotel
poi_hotel.csv,天易成酒店,酒店住宿,其他,119.314886,39.786522,hotel
poi_hotel.csv,林忆美豪华酒店,酒店住宿,其他,119.314832,39.786417,hotel
poi_hotel.csv,秦皇岛自助入住公寓,酒店住宿,其他,119.329025,39.754429,hotel
poi_hotel.csv,颐荷苑假日酒店,酒店住宿,其他,119.339779,39.746108,hotel
poi_hotel.csv,抚宁服务站住宿,酒店住宿,舒适型酒店,119.32718,39.826185,hotel
poi_hotel.csv,秦皇岛qhdtansen公寓,酒店住宿,其他,119.4021,39.852388000000005,hotel
poi_hotel.csv,秦皇岛明峰民宿酒店,酒店住宿,其他,119.361786,39.907328,hotel
poi_hotel.csv,秦皇岛上徐快捷酒店,酒店住宿,其他,119.394535,39.920808,hotel
poi_hotel.csv,顺祥酒店,酒店住宿,其他,119.364862,39.908261,hotel
poi_hotel.csv,龙怡公寓,酒店住宿,舒适型酒店,119.350846,39.903744,hotel
poi_hotel.csv,缘睿旅店,酒店住宿,舒适型酒店,119.350955,39.904486,hotel
poi_hotel.csv,河西民宿酒店,酒店住宿,舒适型酒店,119.350334,39.903848,hotel
poi_hotel.csv,朋鑫旅店,酒店住宿,舒适型酒店,119.35075,39.903871,hotel
poi_hotel.csv,利萍酒店,酒店住宿,其他,119.351146,39.904675000000005,hotel
poi_hotel.csv,榆关镇洪兴浴池酒店,酒店住宿,其他,119.350969,39.904961,hotel
poi_hotel.csv,秦皇岛仁轩酒庄,酒店住宿,其他,119.218083,39.956359,hotel
poi_hotel.csv,双兴旅馆餐馆,酒店住宿,其他,119.220538,40.028954,hotel
poi_hotel.csv,桐来公寓,酒店住宿,舒适型酒店,119.215188,40.02889699999999,hotel
poi_hotel.csv,春林酒店,酒店住宿,舒适型酒店,119.1553,40.341072,hotel
poi_hotel.csv,鑫园洗浴酒店,酒店住宿,其他,119.168559,40.33643,hotel
poi_hotel.csv,双合酒店,酒店住宿,其他,119.163173,40.338093,hotel
poi_hotel.csv,顺泰酒店,酒店住宿,其他,119.168728,40.336075,hotel
poi_hotel.csv,双山子桂平酒店,酒店住宿,其他,119.167945,40.336162,hotel
poi_hotel.csv,红艳酒店,酒店住宿,舒适型酒店,119.171986,40.340765,hotel
poi_hotel.csv,汇民旅店,酒店住宿,其他,119.161762,40.339182,hotel
poi_hotel.csv,双山子供销社酒店,酒店住宿,其他,119.167581,40.336359,hotel
poi_hotel.csv,东岳酒店,酒店住宿,舒适型酒店,119.394924,40.469199,hotel
poi_hotel.csv,木头凳大众浴池酒店,酒店住宿,其他,119.394255,40.470511,hotel
poi_hotel.csv,宏燕酒店,酒店住宿,舒适型酒店,119.393762,40.470192,hotel
poi_hotel.csv,艳华旅社,酒店住宿,舒适型酒店,118.925934,40.412765,hotel
poi_hotel.csv,顺利酒店,酒店住宿,其他,118.91318,40.416353,hotel
poi_hotel.csv,海河酒店,酒店住宿,其他,118.926148,40.412592,hotel
poi_hotel.csv,青龙顺兴酒店,酒店住宿,其他,118.92262,40.414107,hotel
poi_hotel.csv,源利酒店,酒店住宿,舒适型酒店,118.903175,40.411833,hotel
poi_hotel.csv,酒店,酒店住宿,舒适型酒店,119.019359,40.391003,hotel
poi_hotel.csv,昌黎爱平快捷酒店,酒店住宿,其他,118.987861,39.714845,hotel
poi_hotel.csv,聚贤酒店,酒店住宿,其他,118.99844,39.714579,hotel
poi_hotel.csv,昌黎怡居酒店,酒店住宿,其他,118.981983,39.718281,hotel
poi_hotel.csv,爱尚快捷酒店,酒店住宿,其他,118.886686,39.641592,hotel
poi_hotel.csv,昌黎芸和豪华酒店,酒店住宿,其他,118.884833,39.646228,hotel
poi_hotel.csv,泓泰酒店,酒店住宿,其他,118.88539,39.645517000000005,hotel
poi_hotel.csv,昌海快捷酒店,酒店住宿,其他,118.884064,39.648638,hotel
poi_hotel.csv,昌黎兴程酒店,酒店住宿,其他,118.888317,39.641835,hotel
poi_hotel.csv,酒店,酒店住宿,舒适型酒店,118.888365,39.642196,hotel
poi_hotel.csv,昌黎鑫涛酒店,酒店住宿,其他,118.87599,39.706473,hotel
poi_hotel.csv,清雅酒店,酒店住宿,其他,118.862423,39.706251,hotel
poi_hotel.csv,绿色酒店,酒店住宿,其他,118.860734,39.70988,hotel
poi_hotel.csv,尚客酒店,酒店住宿,其他,118.862623,39.706104,hotel
poi_hotel.csv,左右便捷酒店,酒店住宿,其他,119.029897,39.814765,hotel
poi_hotel.csv,长泰旅社,酒店住宿,舒适型酒店,119.027442,39.818241,hotel
poi_hotel.csv,昌黎佳朋商务豪华酒店,酒店住宿,其他,119.100155,39.532721,hotel
poi_hotel.csv,幸福家园酒店,酒店住宿,舒适型酒店,119.088401,39.528894,hotel
poi_hotel.csv,春雨酒店,酒店住宿,其他,119.095085,39.528689,hotel
poi_hotel.csv,皮毛市场招待所,酒店住宿,舒适型酒店,119.079956,39.527422,hotel
poi_hotel.csv,隐庐公馆,酒店住宿,其他,119.299658,39.659689,hotel
poi_hotel.csv,北戴河森屿海度假豪华酒店,酒店住宿,其他,119.303533,39.649963,hotel
poi_hotel.csv,悦丽思智慧豪华酒店,酒店住宿,其他,119.303697,39.650576,hotel
poi_hotel.csv,BELL北尔民宿酒店,酒店住宿,其他,119.301889,39.643725,hotel
poi_hotel.csv,秦皇岛阿卡小王民宿,酒店住宿,其他,119.304728,39.644709,hotel
poi_hotel.csv,昌黎蓝海堂公寓,酒店住宿,其他,119.280191,39.68075,hotel
poi_hotel.csv,子杰酒店,酒店住宿,其他,119.297421,39.687626,hotel
poi_hotel.csv,昌黎与爱同行公寓,酒店住宿,其他,119.287553,39.679007,hotel
poi_hotel.csv,沥泽民宿酒店,酒店住宿,舒适型酒店,119.287447,39.677016,hotel
poi_hotel.csv,昌黎遇见爱民宿,酒店住宿,其他,119.288399,39.676183,hotel
poi_hotel.csv,昌黎热心杨姐公寓,酒店住宿,其他,119.281003,39.67996,hotel
poi_hotel.csv,昌黎爱家乡的那片海公寓,酒店住宿,其他,119.283936,39.677262,hotel
poi_hotel.csv,秦皇岛与爱同行公寓,酒店住宿,其他,119.2975,39.679012,hotel
poi_hotel.csv,昌黎美筑设计师民宿酒店,酒店住宿,其他,119.286306,39.676484,hotel
poi_hotel.csv,安家公寓,酒店住宿,其他,119.286661,39.67606,hotel
poi_hotel.csv,秦皇岛珍爱公寓,酒店住宿,其他,119.286677,39.676302,hotel
poi_hotel.csv,沐雨公寓,酒店住宿,其他,119.289014,39.6763,hotel
poi_hotel.csv,昌黎郭先生1民宿,酒店住宿,其他,119.286586,39.676019,hotel
poi_hotel.csv,秦皇岛大蒲河嘉苑利国民宿酒店,酒店住宿,其他,119.289485,39.676476,hotel
poi_hotel.csv,爱家乡的那片海公寓,酒店住宿,其他,119.286037,39.677245,hotel
poi_hotel.csv,时代海岸公寓式酒店,酒店住宿,其他,119.280526,39.680089,hotel
poi_hotel.csv,时代海景小温店公寓,酒店住宿,其他,119.287467,39.678317,hotel
poi_hotel.csv,时代海景公寓小温店,酒店住宿,其他,119.28662,39.677972,hotel
poi_hotel.csv,时代海景公寓,酒店住宿,其他,119.280458,39.680117,hotel
poi_hotel.csv,秦皇岛我和大海有个邂逅公寓,酒店住宿,其他,119.287783,39.676023,hotel
poi_hotel.csv,时代海景公寓小温店昌黎大蒲河村店,酒店住宿,舒适型酒店,119.286714,39.67809,hotel
poi_hotel.csv,北戴河特特酒店,酒店住宿,其他,119.261603,39.684278,hotel
poi_hotel.csv,香纳森宾馆,酒店住宿,其他,119.268777,39.682965,hotel
poi_hotel.csv,润家快捷酒店,酒店住宿,其他,119.256373,39.68591,hotel
poi_hotel.csv,北戴河星晴豪华酒店,酒店住宿,其他,119.263196,39.684027,hotel
poi_hotel.csv,完美农家乐住宿,酒店住宿,舒适型酒店,119.268793,39.68391,hotel
poi_hotel.csv,完美农家乐住宿,酒店住宿,其他,119.268832,39.683872,hotel
poi_hotel.csv,昌黎启铭酒店,酒店住宿,其他,119.257138,39.685059,hotel
poi_hotel.csv,昌黎橙子豪华酒店,酒店住宿,其他,119.262139,39.684988,hotel
poi_hotel.csv,OYO橙子酒店,酒店住宿,其他,119.262518,39.684843,hotel
poi_hotel.csv,李冰旅店,酒店住宿,舒适型酒店,119.261056,39.685141,hotel
poi_hotel.csv,海英酒店,酒店住宿,其他,119.264115,39.684833,hotel
poi_hotel.csv,昌黎喜福民宿酒店,酒店住宿,其他,119.279358,39.681593,hotel
poi_hotel.csv,昌黎馨閲公寓,酒店住宿,其他,119.274386,39.681332000000005,hotel
poi_hotel.csv,秦皇岛北戴河民宿阿尔卡迪亚公寓,酒店住宿,其他,119.277945,39.680408,hotel
poi_hotel.csv,秦皇岛真水居民宿,酒店住宿,其他,119.255495,39.68587,hotel
poi_hotel.csv,浩宇宾馆,酒店住宿,其他,119.257033,39.685839,hotel
poi_hotel.csv,嘉鑫旅馆,酒店住宿,舒适型酒店,119.260796,39.685149,hotel
poi_hotel.csv,昌黎澳景蓝湾公寓,酒店住宿,其他,119.33722,39.691821,hotel
poi_hotel.csv,在水一方庭院豪华酒店,酒店住宿,其他,119.333174,39.692078,hotel
poi_hotel.csv,秦皇岛祖辉公寓,酒店住宿,其他,119.337927,39.690527,hotel
poi_hotel.csv,昌黎大板牙妹公寓,酒店住宿,其他,119.337143,39.692195,hotel
poi_hotel.csv,昌黎Oliviazr公寓,酒店住宿,其他,119.337224,39.690988,hotel
poi_hotel.csv,昌黎爱的大海公寓,酒店住宿,其他,119.337934,39.690522,hotel
poi_hotel.csv,昌黎简绘生公寓,酒店住宿,其他,119.337137,39.690363,hotel
poi_hotel.csv,秦皇岛私人海景房公寓,酒店住宿,其他,119.337965,39.690989,hotel
poi_hotel.csv,昌黎鑫路达农家院,酒店住宿,其他,119.337224,39.69195,hotel
poi_hotel.csv,秦皇岛黄金海岸澳景蓝湾海景公寓,酒店住宿,其他,119.337347,39.691936,hotel
poi_hotel.csv,秦皇岛大然管家豪华酒店式公寓,酒店住宿,其他,119.337358,39.690237,hotel
poi_hotel.csv,黄金海岸澳景蓝湾柒号公寓,酒店住宿,其他,119.337018,39.692163,hotel
poi_hotel.csv,昌黎海天一色之家普通公寓,酒店住宿,其他,119.337207,39.692191,hotel
poi_hotel.csv,金之旅公寓,酒店住宿,其他,119.336917,39.691059,hotel
poi_hotel.csv,秦皇岛好猫咪咪公寓,酒店住宿,其他,119.337156,39.690928,hotel
poi_hotel.csv,昌黎智游海景度假公寓,酒店住宿,其他,119.337153,39.692189,hotel
poi_hotel.csv,昌黎双阳家宿,酒店住宿,其他,119.337343,39.690513,hotel
poi_hotel.csv,秦皇岛孙建红公寓,酒店住宿,其他,119.337129,39.690978,hotel
poi_hotel.csv,昌黎乔之家公寓,酒店住宿,其他,119.337203,39.691602,hotel
poi_hotel.csv,秦皇岛大侠朔朔公寓,酒店住宿,其他,119.33755,39.692246,hotel
poi_hotel.csv,昌黎非常公寓,酒店住宿,其他,119.337184,39.692146,hotel
poi_hotel.csv,秦皇岛王青公寓,酒店住宿,其他,119.337155,39.691007000000006,hotel
poi_hotel.csv,秦皇岛韩的海边小屋,酒店住宿,其他,119.337203,39.69087,hotel
poi_hotel.csv,秦皇岛风雷123公寓,酒店住宿,其他,119.337161,39.691007000000006,hotel
poi_hotel.csv,昌黎吴守春公寓,酒店住宿,其他,119.337182,39.691953,hotel
poi_hotel.csv,秦皇岛卡卡玩美公寓,酒店住宿,其他,119.337155,39.690921,hotel
poi_hotel.csv,秦皇岛励源公寓,酒店住宿,舒适型酒店,119.337447,39.692157,hotel
poi_hotel.csv,昌黎澳景蓝湾寄居蟹海景公寓,酒店住宿,其他,119.337235,39.690964,hotel
poi_hotel.csv,秦皇岛杜蕾公寓,酒店住宿,其他,119.337188,39.691933,hotel
poi_hotel.csv,昌黎澳景蓝湾旅家豪华酒店式海景公寓,酒店住宿,其他,119.335597,39.691,hotel
poi_hotel.csv,昌黎澳景蓝湾海景公寓楼,酒店住宿,其他,119.337357,39.691913,hotel
poi_hotel.csv,秦皇岛净土公寓,酒店住宿,其他,119.33718,39.690975,hotel
poi_hotel.csv,北戴河澳景蓝湾近海时代海景公寓,酒店住宿,其他,119.337382,39.690875,hotel
poi_hotel.csv,昌黎广缘日租公寓,酒店住宿,其他,119.335009,39.681938,hotel
poi_hotel.csv,昌黎澳景私人海滩海景公寓,酒店住宿,其他,119.336497,39.689707,hotel
poi_hotel.csv,昌黎床上看海上日出海景民宿酒店,酒店住宿,其他,119.337225,39.690938,hotel
poi_hotel.csv,昌黎海景房榻榻米大床房公寓,酒店住宿,其他,119.337217,39.690972,hotel
poi_hotel.csv,秦皇岛北戴河澳景蓝湾海景民宿,酒店住宿,其他,119.337531,39.692212,hotel
poi_hotel.csv,昌黎时代海岸临海公寓,酒店住宿,其他,119.337323,39.692083,hotel
poi_hotel.csv,昌黎黄金海岸澳景蓝湾小树发芽公寓,酒店住宿,其他,119.337213,39.690993000000006,hotel
poi_hotel.csv,黄金海岸澳景蓝湾高品质海景房酒店式公寓,酒店住宿,其他,119.337646,39.691658,hotel
poi_hotel.csv,鱼家农家院,酒店住宿,其他,119.305064,39.679599,hotel
poi_hotel.csv,利庚酒店,酒店住宿,其他,119.327849,39.683291,hotel
poi_hotel.csv,北戴河吉瑞快捷酒店,酒店住宿,其他,119.308606,39.667394,hotel
poi_hotel.csv,秦皇岛时代海岸望海公寓,酒店住宿,其他,119.328135,39.687006,hotel
poi_hotel.csv,阿那亚民宿中心,酒店住宿,舒适型酒店,119.317064,39.66792,hotel
poi_hotel.csv,海悦山庄,酒店住宿,其他,119.327497,39.706482,hotel
poi_hotel.csv,OYO轻享涛海酒店,酒店住宿,其他,119.328254,39.702727,hotel
poi_hotel.csv,秦皇岛品知民宿酒店,酒店住宿,其他,119.309586,39.701697,hotel
poi_hotel.csv,昌黎涛海农家院,酒店住宿,其他,119.328074,39.702991,hotel
poi_hotel.csv,昌黎紫贝湾私人会所别墅,酒店住宿,其他,119.326948,39.697961,hotel
poi_hotel.csv,秦皇岛北戴河孔雀城公寓,酒店住宿,其他,119.31609,39.707744,hotel
poi_hotel.csv,北戴河新区涛海宾馆,酒店住宿,其他,119.327595,39.702471,hotel
poi_hotel.csv,秦皇岛黄金海岸明亮农家山庄,酒店住宿,舒适型酒店,119.325836,39.710818,hotel
poi_hotel.csv,秦皇岛北戴河红姐民宿,酒店住宿,其他,119.316083,39.707739,hotel
poi_hotel.csv,秦皇岛逸海逸居公寓,酒店住宿,其他,119.316039,39.707744,hotel
poi_hotel.csv,黄金海岸浅水湾别墅,酒店住宿,其他,119.327041,39.698188,hotel
poi_hotel.csv,东子海景别墅,酒店住宿,其他,119.327073,39.699005,hotel
poi_hotel.csv,秦皇岛遇见爱民宿,酒店住宿,其他,119.316076,39.707726,hotel
poi_hotel.csv,黄金海岸海居海景公寓,酒店住宿,其他,119.327107,39.697423,hotel
poi_hotel.csv,海悦庄园民宿,酒店住宿,其他,119.327872,39.703647,hotel
poi_hotel.csv,秦皇岛碧螺湾亲海度假休闲别墅,酒店住宿,其他,119.327175,39.698118,hotel
poi_hotel.csv,秦皇岛海景时代海岸酒店式公寓,酒店住宿,其他,119.328411,39.695373,hotel
poi_hotel.csv,热门南北戴河海边烧烤别墅,酒店住宿,其他,119.327018,39.698446,hotel
poi_hotel.csv,秦皇岛南北戴河黄金海岸独栋别墅,酒店住宿,其他,119.327076,39.698008,hotel
poi_hotel.csv,昌黎柳园一号民宿酒店,酒店住宿,其他,119.328923,39.703474,hotel
poi_hotel.csv,金海湾度假村,酒店住宿,其他,119.344913,39.720513,hotel
poi_hotel.csv,秦皇岛桂友民宿酒店,酒店住宿,舒适型酒店,119.332503,39.733703,hotel
poi_hotel.csv,南戴河兰友酒店,酒店住宿,其他,119.332736,39.73397,hotel
poi_hotel.csv,苏健酒店,酒店住宿,舒适型酒店,119.331674,39.734123,hotel
poi_hotel.csv,建强酒店,酒店住宿,其他,119.331599,39.734054,hotel
poi_hotel.csv,学忠酒店,酒店住宿,舒适型酒店,119.332214,39.733697,hotel
poi_hotel.csv,振强酒店,酒店住宿,舒适型酒店,119.332399,39.73412,hotel
poi_hotel.csv,一家小居民宿酒店,酒店住宿,舒适型酒店,119.331892,39.733792,hotel
poi_hotel.csv,秦皇岛中华荷园水乡山庄,酒店住宿,其他,119.351785,39.734527,hotel
poi_hotel.csv,利年农家院,酒店住宿,其他,119.331571,39.733683,hotel
poi_hotel.csv,秦皇岛南戴河桂友民宿,酒店住宿,其他,119.330059,39.733327,hotel
poi_hotel.csv,海阔豪华酒店,酒店住宿,高档型酒店,119.348792,39.721603,hotel
poi_hotel.csv,秦皇岛南洋度假村,酒店住宿,其他,119.347352,39.718371000000005,hotel
poi_hotel.csv,秦皇岛阿尔卡迪亚香舍民宿酒店,酒店住宿,其他,119.348189,39.719582,hotel
poi_hotel.csv,金之旅公寓,酒店住宿,其他,119.348488,39.719646,hotel
poi_hotel.csv,卧榻海景公寓,酒店住宿,其他,119.348377,39.719465,hotel
poi_hotel.csv,驿8,酒店住宿,舒适型酒店,119.333716,39.720911,hotel
poi_hotel.csv,昌黎源mini墅,酒店住宿,其他,119.332989,39.719514,hotel
poi_hotel.csv,秦皇岛小阑别墅,酒店住宿,其他,119.331287,39.722469,hotel
poi_hotel.csv,秦皇岛阿卡小镇·锋颖小驻欢迎你别墅,酒店住宿,其他,119.33383,39.721705,hotel
poi_hotel.csv,秦皇岛王润秋别墅,酒店住宿,其他,119.338553,39.720914,hotel
poi_hotel.csv,秦皇岛宿海.27小院,酒店住宿,其他,119.33708,39.719362,hotel
poi_hotel.csv,秦皇岛国嫂别墅,酒店住宿,其他,119.338528,39.721032,hotel
poi_hotel.csv,秦皇岛汤泉近海小筑,酒店住宿,其他,119.339534,39.720143,hotel
poi_hotel.csv,秦皇岛孙新霞别墅,酒店住宿,其他,119.338446,39.720088,hotel
poi_hotel.csv,秦皇岛临海凭风别墅,酒店住宿,其他,119.338412,39.720113000000005,hotel
poi_hotel.csv,秦皇岛北戴河黄金海岸海景民宿酒店,酒店住宿,其他,119.34829,39.719635,hotel
poi_hotel.csv,浪淘沙海鲜豪华酒店,酒店住宿,其他,119.347917,39.718748,hotel
poi_hotel.csv,秦皇岛小岛晴妹别墅,酒店住宿,其他,119.338814,39.720369,hotel
poi_hotel.csv,秦皇岛汤泉林舍别墅,酒店住宿,其他,119.341621,39.721648,hotel
poi_hotel.csv,秦皇岛潘潘先生别墅,酒店住宿,其他,119.338379,39.72014,hotel
poi_hotel.csv,秦皇岛梦见云居别墅,酒店住宿,其他,119.338548,39.720953,hotel
poi_hotel.csv,绿岛白帆假日酒店,酒店住宿,其他,119.348866,39.721387,hotel
poi_hotel.csv,秦皇岛临海听风的小屋,酒店住宿,其他,119.348294,39.719644,hotel
poi_hotel.csv,秦皇岛深蓝色的回忆公寓,酒店住宿,其他,119.348209,39.719529,hotel
poi_hotel.csv,秦皇岛汤泉Coco的家度假别墅,酒店住宿,其他,119.340433,39.719543,hotel
poi_hotel.csv,秦皇岛金沙.蓝海海景公寓,酒店住宿,其他,119.348315,39.719632,hotel
poi_hotel.csv,美丽的大海公寓,酒店住宿,其他,119.34845,39.721798,hotel
poi_hotel.csv,秦皇岛哈库呐玛塔塔别墅,酒店住宿,其他,119.338606,39.720935,hotel
poi_hotel.csv,秦皇岛北戴河黄金海岸海景房公寓,酒店住宿,其他,119.34828,39.719559,hotel
poi_hotel.csv,秦皇岛北戴河黄金海岸逸嘉观海度假公寓圣淘沙,酒店住宿,其他,119.34749,39.719724,hotel
poi_hotel.csv,秦皇岛汤泉Coco的家度假别墅,酒店住宿,其他,119.338554,39.720929000000005,hotel
poi_hotel.csv,秦皇岛临海清风的小窝公寓,酒店住宿,其他,119.347786,39.719415,hotel
poi_hotel.csv,秦皇岛帅辉酒店,酒店住宿,其他,119.328526,39.732307,hotel
poi_hotel.csv,思雨豪华酒店,酒店住宿,其他,119.329717,39.735095,hotel
poi_hotel.csv,苏氏旅馆,酒店住宿,舒适型酒店,119.329648,39.732321,hotel
poi_hotel.csv,听海农家院,酒店住宿,其他,119.325259,39.725137,hotel
poi_hotel.csv,鹏量酒店,酒店住宿,其他,119.325277,39.727624,hotel
poi_hotel.csv,昌黎萍成农家院,酒店住宿,其他,119.323502,39.725216,hotel
poi_hotel.csv,昌黎黎明的梦公寓,酒店住宿,其他,119.326791,39.719806,hotel
poi_hotel.csv,昌黎时代乡情民宿酒店,酒店住宿,其他,119.326455,39.719956,hotel
poi_hotel.csv,渔夫酒店,酒店住宿,其他,119.318463,39.726875,hotel
poi_hotel.csv,物流酒店,酒店住宿,其他,119.130223,39.702438,hotel
poi_hotel.csv,酒店,酒店住宿,舒适型酒店,119.115801,39.71731,hotel
poi_hotel.csv,金山酒店,酒店住宿,舒适型酒店,119.526472,39.817632,hotel
poi_hotel.csv,化工酒店,酒店住宿,其他,119.508099,39.820414,hotel
poi_hotel.csv,滨海假日豪华酒店,酒店住宿,高档型酒店,119.51712,39.816815000000005,hotel
poi_hotel.csv,国海宾馆,酒店住宿,高档型酒店,119.505448,39.818519,hotel
poi_hotel.csv,开滦休养中心,酒店住宿,其他,119.527506,39.816201,hotel
poi_hotel.csv,东二路酒店,酒店住宿,其他,119.511629,39.818362,hotel
poi_hotel.csv,北戴河汇和苑豪华酒店,酒店住宿,其他,119.523976,39.818499,hotel
poi_hotel.csv,总工会北戴河工人疗养院,酒店住宿,其他,119.523726,39.817353,hotel
poi_hotel.csv,北京市北戴河干部休养所,酒店住宿,其他,119.513829,39.819722,hotel
poi_hotel.csv,国海酒店,酒店住宿,其他,119.505942,39.817842000000006,hotel
poi_hotel.csv,北戴河新金山海景假日豪华酒店,酒店住宿,其他,119.528394,39.816397,hotel
poi_hotel.csv,汇源楼,酒店住宿,其他,119.520603,39.818306,hotel
poi_hotel.csv,金三酒店,酒店住宿,其他,119.527307,39.819143,hotel
poi_hotel.csv,天津市北戴河工人疗养院,酒店住宿,其他,119.521497,39.819087,hotel
poi_hotel.csv,天工东院,酒店住宿,其他,119.524048,39.819564,hotel
poi_hotel.csv,秦皇岛万福养老服务有限责任公司,酒店住宿,其他,119.521241,39.818599,hotel
poi_hotel.csv,博洋酒店,酒店住宿,舒适型酒店,119.507886,39.820451,hotel
poi_hotel.csv,秦皇岛7+民宿,酒店住宿,其他,119.523452,39.81896,hotel
poi_hotel.csv,北戴河开滦金山休养中心,酒店住宿,其他,119.527433,39.816157,hotel
poi_hotel.csv,金山公馆,酒店住宿,其他,119.523131,39.82045,hotel
poi_hotel.csv,废弃北戴河天工金海湾度假村,酒店住宿,其他,119.523622,39.816936,hotel
poi_hotel.csv,金海湾贵宾豪华酒店,酒店住宿,其他,119.523275,39.819238000000006,hotel
poi_hotel.csv,北戴河近海名人别墅,酒店住宿,其他,119.524312,39.818489,hotel
poi_hotel.csv,秦皇岛海景8号度假豪华酒店,酒店住宿,其他,119.527906,39.815906,hotel
poi_hotel.csv,北戴河36号楼海景豪华酒店,酒店住宿,其他,119.533811,39.817193,hotel
poi_hotel.csv,金海豪华酒店,酒店住宿,舒适型酒店,119.532003,39.817242,hotel
poi_hotel.csv,君海酒店,酒店住宿,其他,119.532019,39.817141,hotel
poi_hotel.csv,五星亲海房车,酒店住宿,其他,119.534378,39.818869,hotel
poi_hotel.csv,秦皇岛北戴河房车营地度假豪华酒店,酒店住宿,其他,119.53484,39.820457,hotel
poi_hotel.csv,金海3号,酒店住宿,其他,119.531855,39.816779,hotel
poi_hotel.csv,北戴河碧螺塔海景主题豪华酒店,酒店住宿,其他,119.534575,39.819929,hotel
poi_hotel.csv,秦皇岛一宅·海宿特色民宿,酒店住宿,其他,119.535558,39.820502,hotel
poi_hotel.csv,秦皇岛一宅·海宿特色民宿,酒店住宿,其他,119.535551,39.820489,hotel
poi_hotel.csv,北戴河亿腾海景日出豪华酒店,酒店住宿,高档型酒店,119.534911,39.831137000000005,hotel
poi_hotel.csv,北华园观海豪华酒店,酒店住宿,高档型酒店,119.534601,39.827936,hotel
poi_hotel.csv,北戴河东山迎宾楼,酒店住宿,其他,119.530136,39.826949,hotel
poi_hotel.csv,北戴河福兴酒店,酒店住宿,其他,119.53166,39.827808,hotel
poi_hotel.csv,海天一色度假村,酒店住宿,其他,119.535774,39.831494,hotel
poi_hotel.csv,观海阁酒店,酒店住宿,其他,119.534454,39.82656,hotel
poi_hotel.csv,东海滩8号楼海景民宿酒店,酒店住宿,其他,119.533265,39.824976,hotel
poi_hotel.csv,北戴河东海滩花园,酒店住宿,其他,119.533492,39.825119,hotel
poi_hotel.csv,秦皇岛AouGoGo别墅,酒店住宿,其他,119.533707,39.826611,hotel
poi_hotel.csv,北戴河海天一色豪华酒店,酒店住宿,其他,119.535761,39.831254,hotel
poi_hotel.csv,老干部北戴河休养所,酒店住宿,其他,119.533734,39.826336,hotel
poi_hotel.csv,尚客优骏怡精选海景豪华酒店,酒店住宿,其他,119.534015,39.827574,hotel
poi_hotel.csv,北戴河东海滩海景花园豪华酒店,酒店住宿,其他,119.533214,39.825474,hotel
poi_hotel.csv,赶潮日出旅馆,酒店住宿,舒适型酒店,119.533367,39.830539,hotel
poi_hotel.csv,凤凰近星居旅馆,酒店住宿,舒适型酒店,119.53566,39.831326,hotel
poi_hotel.csv,汇鑫旅馆,酒店住宿,舒适型酒店,119.530187,39.82419,hotel
poi_hotel.csv,骏怡精选豪华酒店,酒店住宿,其他,119.533546,39.827528,hotel
poi_hotel.csv,北戴河东海滩花园酒店,酒店住宿,其他,119.533189,39.825462,hotel
poi_hotel.csv,秦皇岛北戴河海上人家宾馆,酒店住宿,其他,119.530314,39.827163,hotel
poi_hotel.csv,北戴河竹水谣近海园林别墅,酒店住宿,其他,119.533659,39.827663,hotel
poi_hotel.csv,北戴河竹水谣近海园林旅馆,酒店住宿,其他,119.533716,39.827727,hotel
poi_hotel.csv,浅水湾日出别墅,酒店住宿,其他,119.533694,39.826057000000006,hotel
poi_hotel.csv,秦皇岛东海滩海景花园房公寓,酒店住宿,其他,119.536134,39.820692,hotel
poi_hotel.csv,尚客优连锁酒店,酒店住宿,舒适型酒店,119.534012,39.827541,hotel
poi_hotel.csv,北戴河东海滩1号军职楼,酒店住宿,其他,119.533626,39.826338,hotel
poi_hotel.csv,锦都大豪华酒店,酒店住宿,其他,119.476754,39.820223,hotel
poi_hotel.csv,西海滩听涛酒店酒店,酒店住宿,其他,119.477272,39.816516,hotel
poi_hotel.csv,花筑酒店,酒店住宿,其他,119.477511,39.818518,hotel
poi_hotel.csv,北戴河水上人家酒店,酒店住宿,其他,119.477022,39.818169000000005,hotel
poi_hotel.csv,北戴河德顺酒店,酒店住宿,其他,119.477521,39.817979,hotel
poi_hotel.csv,北戴河慢时光酒店,酒店住宿,其他,119.477433,39.818231,hotel
poi_hotel.csv,青柳酒店,酒店住宿,其他,119.477633,39.818563000000005,hotel
poi_hotel.csv,北戴河木子里旅馆,酒店住宿,其他,119.476936,39.818083,hotel
poi_hotel.csv,北戴河逅海雅居豪华酒店公寓,酒店住宿,其他,119.478695,39.820036,hotel
poi_hotel.csv,北戴河月昇酒店,酒店住宿,其他,119.477229,39.818409,hotel
poi_hotel.csv,剑铁宾馆,酒店住宿,其他,119.477257,39.818245,hotel
poi_hotel.csv,北戴河韫坤旅馆,酒店住宿,其他,119.47769,39.818178,hotel
poi_hotel.csv,馥·栖居,酒店住宿,舒适型酒店,119.478322,39.816037,hotel
poi_hotel.csv,北戴河念家酒店,酒店住宿,舒适型酒店,119.477043,39.818221,hotel
poi_hotel.csv,北戴河转角遇见海旅馆,酒店住宿,舒适型酒店,119.47165,39.816823,hotel
poi_hotel.csv,刘文香家庭酒店,酒店住宿,其他,119.474478,39.81616,hotel
poi_hotel.csv,秦皇岛西经路49号院民宿酒店,酒店住宿,其他,119.477238,39.816472000000005,hotel
poi_hotel.csv,欣海旅馆,酒店住宿,舒适型酒店,119.477306,39.817906,hotel
poi_hotel.csv,迎春旅馆餐馆,酒店住宿,其他,119.47648,39.818165,hotel
poi_hotel.csv,秦皇岛小时光旅馆,酒店住宿,其他,119.463438,39.867121,hotel
poi_hotel.csv,秦皇岛文静公寓,酒店住宿,其他,119.46606,39.85063,hotel
poi_hotel.csv,秦皇岛毕桂华酒店,酒店住宿,舒适型酒店,119.464323,39.868765,hotel
poi_hotel.csv,秦皇岛轰趴别墅,酒店住宿,舒适型酒店,119.456181,39.86332,hotel
poi_hotel.csv,友华民宿酒店,酒店住宿,舒适型酒店,119.463526,39.867115,hotel
poi_hotel.csv,秦皇岛北戴河曹秀珍民宿酒店,酒店住宿,其他,119.466137,39.867658,hotel
poi_hotel.csv,滨荣酒店,酒店住宿,舒适型酒店,119.465859,39.867404,hotel
poi_hotel.csv,冬雪别墅,酒店住宿,其他,119.455848,39.864233,hotel
poi_hotel.csv,秦皇岛宁馨园家庭公寓,酒店住宿,其他,119.460633,39.850274,hotel
poi_hotel.csv,秦皇岛实实在在公寓,酒店住宿,其他,119.462385,39.853872,hotel
poi_hotel.csv,爱云民宿酒店,酒店住宿,舒适型酒店,119.466012,39.865265,hotel
poi_hotel.csv,无念文化.暮隐民宿酒店,酒店住宿,其他,119.467374,39.862767,hotel
poi_hotel.csv,绿美嘉酒店,酒店住宿,舒适型酒店,119.465727,39.867761,hotel
poi_hotel.csv,秦皇岛Yannis晓彤公寓,酒店住宿,其他,119.467939,39.847914,hotel
poi_hotel.csv,品悦民宿,酒店住宿,舒适型酒店,119.470446,39.865186,hotel
poi_hotel.csv,秦皇岛恺润酒店,酒店住宿,其他,119.466122,39.866014,hotel
poi_hotel.csv,北戴河青年点怀旧主题酒店,酒店住宿,舒适型酒店,119.466856,39.86423,hotel
poi_hotel.csv,北戴河青年点怀旧主题酒店,酒店住宿,其他,119.466841,39.864159,hotel
poi_hotel.csv,秦皇岛北戴河马天宇酒店,酒店住宿,其他,119.46795,39.869937,hotel
poi_hotel.csv,悦冉民宿酒店,酒店住宿,舒适型酒店,119.463864,39.866695,hotel
poi_hotel.csv,秦皇岛北戴河滨荣民宿酒店,酒店住宿,其他,119.465601,39.866463,hotel
poi_hotel.csv,秦皇岛环保学院谢李庄公寓,酒店住宿,其他,119.45631,39.864128,hotel
poi_hotel.csv,秦皇岛海边的房东可子度假别墅,酒店住宿,其他,119.456515,39.863056,hotel
poi_hotel.csv,鑫龙酒店,酒店住宿,舒适型酒店,119.490029,39.846871,hotel
poi_hotel.csv,北戴河花间美舍民宿酒店,酒店住宿,舒适型酒店,119.490101,39.847375,hotel
poi_hotel.csv,秦皇岛海芳别墅,酒店住宿,其他,119.492196,39.86196,hotel
poi_hotel.csv,秦皇岛发小农家院,酒店住宿,其他,119.480781,39.868999,hotel
poi_hotel.csv,佳妮酒店,酒店住宿,其他,119.49014,39.846775,hotel
poi_hotel.csv,靓海酒店,酒店住宿,舒适型酒店,119.489709,39.847097,hotel
poi_hotel.csv,福奥民宿酒店,酒店住宿,舒适型酒店,119.489785,39.847014,hotel
poi_hotel.csv,秦皇岛佳之宁公寓,酒店住宿,其他,119.489188,39.846943,hotel
poi_hotel.csv,威客家庭公寓秦皇岛联峰北路店,酒店住宿,其他,119.503064,39.852824,hotel
poi_hotel.csv,秦皇岛发小农家院,酒店住宿,其他,119.480369,39.869422,hotel
poi_hotel.csv,秦皇岛北戴河明轩别院,酒店住宿,其他,119.489805,39.847009,hotel
poi_hotel.csv,秦皇岛薇薇民宿之家,酒店住宿,其他,119.503111,39.852376,hotel
poi_hotel.csv,北戴河俱乐部,酒店住宿,高档型酒店,119.521063,39.848242,hotel
poi_hotel.csv,林海度假村,酒店住宿,其他,119.522182,39.849602,hotel
poi_hotel.csv,北戴河汐岸豪华酒店,酒店住宿,其他,119.515913,39.849558,hotel
poi_hotel.csv,云天海滩假日豪华酒店,酒店住宿,其他,119.517075,39.849049,hotel
poi_hotel.csv,云朵拾光酒店,酒店住宿,其他,119.519302,39.849276,hotel
poi_hotel.csv,浅水湾豪华酒店,酒店住宿,其他,119.526049,39.855194,hotel
poi_hotel.csv,北戴河半之余民宿豪华酒店,酒店住宿,其他,119.519985,39.851078,hotel
poi_hotel.csv,箱遇沙滩民宿酒店,酒店住宿,其他,119.526431,39.855745,hotel
poi_hotel.csv,花园人家旅拍精品别墅,酒店住宿,舒适型酒店,119.519102,39.850647,hotel
poi_hotel.csv,秦皇岛大同铁联北戴酒店,酒店住宿,其他,119.521079,39.849948000000005,hotel
poi_hotel.csv,隐舍酒店,酒店住宿,其他,119.519506,39.850755,hotel
poi_hotel.csv,寒冬别墅,酒店住宿,其他,119.520207,39.848262,hotel
poi_hotel.csv,北戴河九号秘境民宿酒店,酒店住宿,舒适型酒店,119.519079,39.850604,hotel
poi_hotel.csv,茉漫豪华酒店,酒店住宿,其他,119.519132,39.849773,hotel
poi_hotel.csv,秦皇岛浅水湾别墅,酒店住宿,其他,119.51752,39.851547,hotel
poi_hotel.csv,北戴河六十六号小院,酒店住宿,其他,119.525422,39.858141,hotel
poi_hotel.csv,北戴河靖业逸泉酒店,酒店住宿,其他,119.522261,39.849531,hotel
poi_hotel.csv,海林居轰趴别墅,酒店住宿,其他,119.519086,39.848359,hotel
poi_hotel.csv,绿湾豪华酒店,酒店住宿,其他,119.522166,39.849913,hotel
poi_hotel.csv,秦皇岛北戴河中腾宾馆,酒店住宿,其他,119.515668,39.853938,hotel
poi_hotel.csv,百年名人别墅,酒店住宿,其他,119.522447,39.849576000000006,hotel
poi_hotel.csv,秦皇岛大同铁联北戴河培训学校宾馆,酒店住宿,其他,119.52103,39.849951,hotel
poi_hotel.csv,北戴河浅水湾沙滩日出酒店,酒店住宿,其他,119.526107,39.855044,hotel
poi_hotel.csv,日出别墅,酒店住宿,其他,119.525937,39.855128,hotel
poi_hotel.csv,秦皇岛北戴河浅海公寓,酒店住宿,其他,119.519404,39.848776,hotel
poi_hotel.csv,秦皇岛花园人家·旅拍精品别墅,酒店住宿,其他,119.522615,39.849858,hotel
poi_hotel.csv,竹水谣连锁·画溪水乐园亲子旅拍民宿,酒店住宿,舒适型酒店,119.519027,39.850596,hotel
poi_hotel.csv,秦皇岛北戴河玖号秘境客栈,酒店住宿,其他,119.522413,39.849596000000005,hotel
poi_hotel.csv,秦皇岛海岸逸舍海景公寓,酒店住宿,舒适型酒店,119.536138,39.894772,hotel
poi_hotel.csv,秦皇岛海景日出别墅,酒店住宿,其他,119.541682,39.893485,hotel
poi_hotel.csv,北戴河海洋花园碧海园别墅,酒店住宿,其他,119.540834,39.891702,hotel
poi_hotel.csv,秦皇岛军芳公寓,酒店住宿,其他,119.535941,39.894488,hotel
poi_hotel.csv,秦皇岛乐游旅鸟海岸公寓,酒店住宿,其他,119.545373,39.89622,hotel
poi_hotel.csv,启梦快捷酒店,酒店住宿,其他,119.536685,39.897099,hotel
poi_hotel.csv,秦皇岛北戴河海景别墅,酒店住宿,其他,119.541681,39.893103,hotel
poi_hotel.csv,秦皇岛森林逸城听涛海景公寓,酒店住宿,其他,119.534306,39.893332,hotel
poi_hotel.csv,森林逸城恋家豪华海景公寓,酒店住宿,其他,119.535991,39.894703,hotel
poi_hotel.csv,花筑·秦皇岛娜家小院,酒店住宿,舒适型酒店,119.541926,39.892875,hotel
poi_hotel.csv,秦皇岛第一观公寓,酒店住宿,其他,119.544524,39.896553,hotel
poi_hotel.csv,秦皇岛金隅旅馆,酒店住宿,其他,119.531714,39.89691,hotel
poi_hotel.csv,秦皇岛金海海景公寓,酒店住宿,其他,119.536062,39.894628,hotel
poi_hotel.csv,金梦海湾海景青年旅馆,酒店住宿,青旅,119.546452,39.89747,hotel
poi_hotel.csv,秦皇岛海洋花园私人别墅日租,酒店住宿,其他,119.540857,39.89173,hotel
poi_hotel.csv,秦皇岛Wang41公寓,酒店住宿,其他,119.543845,39.895536,hotel
poi_hotel.csv,秦皇岛寒舍小筑,酒店住宿,其他,119.536159,39.894777000000005,hotel
poi_hotel.csv,秦皇岛启航2107公寓,酒店住宿,其他,119.536147,39.894696,hotel
poi_hotel.csv,秦皇岛王先生公寓,酒店住宿,其他,119.540217,39.893431,hotel
poi_hotel.csv,秦皇岛金梦海湾度假豪华酒店,酒店住宿,其他,119.54657,39.89754,hotel
poi_hotel.csv,秦皇岛清风茶语海景公寓,酒店住宿,其他,119.537372,39.896737,hotel
poi_hotel.csv,金海湾森林逸城观海公寓,酒店住宿,其他,119.536104,39.894629,hotel
poi_hotel.csv,秦皇岛金海湾森林逸城雅轩海岸公寓,酒店住宿,舒适型酒店,119.529793,39.89594,hotel
poi_hotel.csv,秦皇岛墨墨民宿酒店,酒店住宿,其他,119.531785,39.896929,hotel
poi_hotel.csv,秦皇岛遇见民宿,酒店住宿,其他,119.536176,39.89473,hotel
poi_hotel.csv,秦皇岛青木瓜之味公寓,酒店住宿,其他,119.544534,39.89704,hotel
poi_hotel.csv,秦皇岛海洋花园海景别墅,酒店住宿,其他,119.541498,39.893473,hotel
poi_hotel.csv,秦皇岛小旅馆,酒店住宿,其他,119.536221,39.89472,hotel
poi_hotel.csv,秦皇岛房东子璇公寓,酒店住宿,其他,119.531701,39.896894,hotel
poi_hotel.csv,秦皇岛王月卓公寓,酒店住宿,其他,119.530828,39.893631,hotel
poi_hotel.csv,花筑·北戴河娜家小院民宿酒店,酒店住宿,其他,119.541798,39.892981,hotel
poi_hotel.csv,唯美公寓,酒店住宿,其他,119.544605,39.897035,hotel
poi_hotel.csv,秦海海景公寓,酒店住宿,其他,119.536217,39.894830000000006,hotel
poi_hotel.csv,秦皇岛海景度假别墅,酒店住宿,其他,119.541634,39.893404,hotel
poi_hotel.csv,三十三间房海景公寓,酒店住宿,其他,119.536137,39.89468,hotel
poi_hotel.csv,秦皇岛小蕾的幸福小屋,酒店住宿,其他,119.531791,39.896893,hotel
poi_hotel.csv,这就是命公寓,酒店住宿,舒适型酒店,119.534026,39.893147,hotel
poi_hotel.csv,秦皇岛途掌柜113027精品民宿酒店,酒店住宿,其他,119.544201,39.896432,hotel
poi_hotel.csv,秦皇岛爱种花的老杨头度假别墅,酒店住宿,其他,119.541936,39.892939,hotel
poi_hotel.csv,秦皇岛海边的房东可子别墅,酒店住宿,其他,119.541659,39.893302,hotel
poi_hotel.csv,秦皇岛TOP.小超公寓,酒店住宿,其他,119.536244,39.894731,hotel
poi_hotel.csv,秦皇岛华梦海景公寓,酒店住宿,其他,119.545469,39.896149,hotel
poi_hotel.csv,秦皇岛北戴河海洋花园三层海景别墅-旅游烧烤,酒店住宿,其他,119.541555,39.893256,hotel
poi_hotel.csv,秦皇岛海景度假别墅,酒店住宿,其他,119.539683,39.890613,hotel
poi_hotel.csv,经天纬地海景度假别墅,酒店住宿,其他,119.541111,39.892486000000005,hotel
poi_hotel.csv,旅行者游乐园公寓,酒店住宿,其他,119.53608,39.894729,hotel
poi_hotel.csv,景旭豪华酒店,酒店住宿,其他,119.539891,39.897526,hotel
poi_hotel.csv,秦皇岛北戴河沙滩别墅·娜家小院,酒店住宿,其他,119.540552,39.891418,hotel
poi_hotel.csv,秦皇岛北戴河沙滩别墅·娜家小院,酒店住宿,其他,119.533004,39.88448,hotel
poi_hotel.csv,秦皇岛一块蛋糕宝宝公寓,酒店住宿,其他,119.544508,39.896881,hotel
poi_hotel.csv,森林逸城雅居家庭公寓,酒店住宿,其他,119.530684,39.896116,hotel
poi_hotel.csv,秦皇岛一颗橘子啊公寓3号店,酒店住宿,其他,119.530816,39.893606,hotel
poi_hotel.csv,秦皇岛海誓小屋,酒店住宿,其他,119.531412,39.894653,hotel
poi_hotel.csv,秦皇岛森林之隅公寓,酒店住宿,其他,119.530751,39.893626000000005,hotel
poi_hotel.csv,秦皇岛杨明月公寓,酒店住宿,其他,119.530102,39.895388,hotel
poi_hotel.csv,私人海景公寓,酒店住宿,其他,119.531839,39.894041,hotel
poi_hotel.csv,秦皇岛小May公寓,酒店住宿,其他,119.533757,39.89732,hotel
poi_hotel.csv,秦皇岛褚涛公寓,酒店住宿,其他,119.695725,39.978919,hotel
poi_hotel.csv,秦皇岛席昌盛豪华酒店,酒店住宿,其他,119.679696,39.977356,hotel
poi_hotel.csv,温馨近海公寓,酒店住宿,其他,119.69568,39.978883,hotel
poi_hotel.csv,华光石材豪华酒店,酒店住宿,其他,119.678685,39.977259,hotel
poi_hotel.csv,随缘商务豪华酒店,酒店住宿,其他,119.724262,39.949063,hotel
poi_hotel.csv,秦皇岛多多民宿酒店,酒店住宿,其他,119.725884,39.958345,hotel
poi_hotel.csv,瑞湖庄园客栈,酒店住宿,其他,119.718147,39.962428,hotel
poi_hotel.csv,秦皇岛山海关老龙头·乐岛·阁楼观海度假屋公寓,酒店住宿,舒适型酒店,119.725396,39.953469,hotel
poi_hotel.csv,秦皇岛长江大桥公寓,酒店住宿,其他,119.743665,39.957851,hotel
poi_hotel.csv,秦皇岛李悦希公寓,酒店住宿,其他,119.742449,39.958685,hotel
poi_hotel.csv,秦皇岛乐岛民宿,酒店住宿,其他,119.736398,39.9584,hotel
poi_hotel.csv,蒲溪农家院,酒店住宿,其他,119.752692,39.96867,hotel
poi_hotel.csv,三海关朱家大院农家菜馆,酒店住宿,其他,119.745104,39.960047,hotel
poi_hotel.csv,秦皇岛鱼鱼马马公寓,酒店住宿,其他,119.750202,39.968813,hotel
poi_hotel.csv,秦皇岛海浪屿农家院,酒店住宿,其他,119.731585,39.949738,hotel
poi_hotel.csv,秦皇岛刘姐家民宿酒店,酒店住宿,其他,119.741072,39.959198,hotel
poi_hotel.csv,秦皇岛遇见山海关公寓,酒店住宿,其他,119.741986,39.958033,hotel
poi_hotel.csv,山水居,酒店住宿,其他,119.748435,39.955231,hotel
poi_hotel.csv,秦皇岛关紫晨公寓,酒店住宿,其他,119.741576,39.958823,hotel
poi_hotel.csv,秦皇岛遇见山海关公寓,酒店住宿,其他,119.742008,39.958087000000006,hotel
poi_hotel.csv,秦皇岛山海关爱尚乐岛公寓,酒店住宿,其他,119.743556,39.957669,hotel
poi_hotel.csv,秦皇岛治富渔家院民宿,酒店住宿,其他,119.743817,39.960291,hotel
poi_hotel.csv,圣露酒店,酒店住宿,其他,119.725063,39.992796,hotel
poi_hotel.csv,秦皇岛把爱归零公寓,酒店住宿,其他,119.722433,39.99451,hotel
poi_hotel.csv,秦网豪华酒店,酒店住宿,其他,119.71863,39.991764,hotel
poi_hotel.csv,秦皇岛郝树华公寓,酒店住宿,其他,119.720725,39.995996,hotel
poi_hotel.csv,梦游五百里便捷酒店,酒店住宿,其他,119.707507,39.987067,hotel
poi_hotel.csv,鹏斌酒店,酒店住宿,舒适型酒店,119.764158,39.964624,hotel
poi_hotel.csv,任权酒店,酒店住宿,其他,119.762626,39.965138,hotel
poi_hotel.csv,秦皇岛温馨Home公寓,酒店住宿,其他,119.756076,39.966137,hotel
poi_hotel.csv,八仙齐酒店,酒店住宿,其他,119.768469,39.96396,hotel
poi_hotel.csv,山海关李红亮农家院,酒店住宿,其他,119.765498,39.962755,hotel
poi_hotel.csv,凯蓝农家院,酒店住宿,其他,119.762792,39.964814,hotel
poi_hotel.csv,王秋林农家院,酒店住宿,其他,119.76658,39.963306,hotel
poi_hotel.csv,秦皇岛江英农家院,酒店住宿,其他,119.76623,39.962524,hotel
poi_hotel.csv,若熙农家院,酒店住宿,其他,119.762733,39.96489,hotel
poi_hotel.csv,秦皇岛蕾蕾公寓,酒店住宿,其他,119.769882,39.957776,hotel
poi_hotel.csv,海涧一厢民宿酒店,酒店住宿,舒适型酒店,119.767116,39.964546,hotel
poi_hotel.csv,海聚缘鱼家院,酒店住宿,其他,119.762833,39.965439,hotel
poi_hotel.csv,博莹酒店,酒店住宿,其他,119.755559,39.966041,hotel
poi_hotel.csv,金御祥民宿豪华酒店,酒店住宿,其他,119.764086,39.964222,hotel
poi_hotel.csv,秦皇岛鲜香民宿酒店,酒店住宿,其他,119.758147,39.96658,hotel
poi_hotel.csv,启惠农家院,酒店住宿,其他,119.763066,39.96393,hotel
poi_hotel.csv,秦皇岛丰速手别墅,酒店住宿,其他,119.769587,39.958688,hotel
poi_hotel.csv,秦皇岛陌家别墅,酒店住宿,其他,119.769172,39.958355,hotel
poi_hotel.csv,秦皇岛蕾蕾1120公寓,酒店住宿,其他,119.769817,39.957777,hotel
poi_hotel.csv,秦皇岛白鹭岛海景公寓,酒店住宿,其他,119.770256,39.957017,hotel
poi_hotel.csv,秦皇岛盼海鱼家院,酒店住宿,其他,119.764941,39.962756,hotel
poi_hotel.csv,嘉璇农家院,酒店住宿,其他,119.76709,39.964208,hotel
poi_hotel.csv,秀丽农家院,酒店住宿,其他,119.765819,39.962662,hotel
poi_hotel.csv,秦皇岛心成农家院,酒店住宿,其他,119.765126,39.962916,hotel
poi_hotel.csv,山海关日租公寓,酒店住宿,其他,119.756364,39.965087,hotel
poi_hotel.csv,秦皇岛璐爽鱼家院,酒店住宿,其他,119.765512,39.96318599999999,hotel
poi_hotel.csv,秦皇岛乐岛亲子度假公寓,酒店住宿,其他,119.755698,39.965761,hotel
poi_hotel.csv,秦皇岛君其农家院,酒店住宿,其他,119.767254,39.964618,hotel
poi_hotel.csv,山海关听风小筑家庭公寓,酒店住宿,其他,119.765287,39.963179,hotel
poi_hotel.csv,秦皇岛山海关颖旺农家院,酒店住宿,其他,119.766791,39.96627,hotel
poi_hotel.csv,山海关乐岛海兴鱼家院,酒店住宿,其他,119.76618,39.962886,hotel
poi_hotel.csv,秦皇岛遇见·山海关民宿酒店,酒店住宿,其他,119.757305,39.96649,hotel
poi_hotel.csv,秦皇岛正大秦皇公寓,酒店住宿,其他,119.757395,39.965158,hotel
poi_hotel.csv,金茹农家院餐厅住宿,酒店住宿,舒适型酒店,119.765528,39.967143,hotel
poi_hotel.csv,林家小憩民宿酒店,酒店住宿,舒适型酒店,119.756056,39.966002,hotel
poi_hotel.csv,兴旺渔家民宿酒店,酒店住宿,舒适型酒店,119.763905,39.964114,hotel
poi_hotel.csv,山海关晓花家民宿酒店,酒店住宿,舒适型酒店,119.765517,39.967471,hotel
poi_hotel.csv,山海关端端民宿酒店,酒店住宿,舒适型酒店,119.767896,39.966877,hotel
poi_hotel.csv,拾光民宿酒店,酒店住宿,舒适型酒店,119.765192,39.963458,hotel
poi_hotel.csv,心成民宿酒店,酒店住宿,舒适型酒店,119.765224,39.962892,hotel
poi_hotel.csv,旭缘鱼家院,酒店住宿,其他,119.76613,39.962893,hotel
poi_hotel.csv,秦皇岛赶海人家民宿酒店,酒店住宿,其他,119.767702,39.964054,hotel
poi_hotel.csv,秦皇岛乐岛客之家农家院,酒店住宿,其他,119.765782,39.963269,hotel
poi_hotel.csv,秦皇岛雨梦家民宿,酒店住宿,其他,119.765212,39.963117,hotel
poi_hotel.csv,秦皇岛老船长鱼家院公寓,酒店住宿,其他,119.756966,39.966503,hotel
poi_hotel.csv,秦皇岛海边假日精品民宿,酒店住宿,其他,119.754874,39.967154,hotel
poi_hotel.csv,秦皇岛山海佳境普通公寓,酒店住宿,其他,119.757223,39.966240000000006,hotel
poi_hotel.csv,秦皇岛乐岛小花朵朵农家院的民宿酒店,酒店住宿,其他,119.765735,39.963462,hotel
poi_hotel.csv,秦皇岛山海关合家欢渔家院特色民宿,酒店住宿,舒适型酒店,119.765311,39.964175,hotel
poi_hotel.csv,秦皇岛山海关靓丽山海公寓,酒店住宿,舒适型酒店,119.758428,39.965814,hotel
poi_hotel.csv,淇政渔家院餐馆,酒店住宿,其他,119.767084,39.963416,hotel
poi_hotel.csv,倦鸟归巢鱼家院,酒店住宿,其他,119.765248,39.967363,hotel
poi_hotel.csv,秦皇岛山海关乐岛海景民宿,酒店住宿,其他,119.755658,39.96669,hotel
poi_hotel.csv,秦皇岛果文慧鱼家院,酒店住宿,其他,119.76425,39.964415,hotel
poi_hotel.csv,秦皇岛三室两厅公寓,酒店住宿,舒适型酒店,119.758096,39.966217,hotel
poi_hotel.csv,向俊婷鱼家院,酒店住宿,其他,119.76758,39.965843,hotel
poi_hotel.csv,海边乐途公寓,酒店住宿,其他,119.761494,39.960487,hotel
poi_hotel.csv,秦皇岛山海关夏国春渔家院特色民宿,酒店住宿,其他,119.766646,39.965848,hotel
poi_hotel.csv,秦皇岛山海关夏国春渔家院特色民宿,酒店住宿,其他,119.766607,39.965766,hotel
poi_hotel.csv,山海关立凯农家院,酒店住宿,其他,119.765831,39.962777,hotel
poi_hotel.csv,山海关夏国春鱼家院特色民宿1号店,酒店住宿,其他,119.766534,39.965888,hotel
poi_hotel.csv,秦皇岛山海关乐岛佳平渔家院特色民宿,酒店住宿,其他,119.767812,39.964009,hotel
poi_hotel.csv,秦皇岛山海关乐岛佳平渔家院特色民宿,酒店住宿,其他,119.767885,39.963981,hotel
poi_hotel.csv,帝森酒店,酒店住宿,舒适型酒店,119.789199,39.973012,hotel
poi_hotel.csv,秦皇岛山海关惠天度假酒店,酒店住宿,舒适型酒店,119.791538,39.97149,hotel
poi_hotel.csv,希岸酒店,酒店住宿,其他,119.790006,39.974011,hotel
poi_hotel.csv,山海关南海酒店,酒店住宿,舒适型酒店,119.790421,39.972525,hotel
poi_hotel.csv,秦皇岛木坚民宿酒店,酒店住宿,其他,119.787348,39.973559,hotel
poi_hotel.csv,秦皇岛蓝畔农家院旅店,酒店住宿,其他,119.796133,39.973106,hotel
poi_hotel.csv,山海关您的家公寓,酒店住宿,其他,119.786508,39.968657,hotel
poi_hotel.csv,秦皇岛山海微笑公寓,酒店住宿,其他,119.788322,39.972689,hotel
poi_hotel.csv,秦皇岛李好等你来公寓,酒店住宿,其他,119.789678,39.973982,hotel
poi_hotel.csv,秦皇岛舒心山海民宿酒店,酒店住宿,其他,119.788411,39.973364,hotel
poi_hotel.csv,秦皇岛杨44566公寓,酒店住宿,其他,119.796279,39.971672,hotel
poi_hotel.csv,浪漫满屋公寓,酒店住宿,其他,119.79835,39.973504000000005,hotel
poi_hotel.csv,秦皇岛东戴河蓉蓉家民宿,酒店住宿,其他,119.834516,40.002513,hotel
poi_hotel.csv,发扬酒店,酒店住宿,其他,119.820005,40.041444,hotel
poi_hotel.csv,发扬餐厅住宿,酒店住宿,舒适型酒店,119.82058,40.041663,hotel
poi_hotel.csv,烧烤民宿酒店,酒店住宿,舒适型酒店,119.81268,40.036703,hotel
poi_hotel.csv,运通豪华酒店,酒店住宿,其他,119.554549,39.976654,hotel
poi_hotel.csv,秦港华通宾馆,酒店住宿,其他,119.54241,39.990298,hotel
poi_hotel.csv,宝山旅店,酒店住宿,舒适型酒店,119.529915,40.016022,hotel
poi_hotel.csv,喜满天酒店,酒店住宿,其他,119.531451,40.003437000000005,hotel
poi_hotel.csv,滨港酒店,酒店住宿,其他,119.532686,40.003084,hotel
poi_hotel.csv,秦皇岛锦廷豪华酒店,酒店住宿,其他,119.530854,40.012691,hotel
poi_hotel.csv,餐厅住宿,酒店住宿,舒适型酒店,119.530884,40.012549,hotel
poi_hotel.csv,兴月旅店,酒店住宿,舒适型酒店,119.530443,40.01384,hotel
poi_hotel.csv,同威便捷酒店,酒店住宿,其他,119.649189,39.974592,hotel
poi_hotel.csv,成东民宿酒店,酒店住宿,舒适型酒店,119.636664,39.979857,hotel
poi_hotel.csv,骅骊豪华酒店,酒店住宿,其他,119.255057,39.867092,hotel
poi_hotel.csv,秦皇岛宏健酒店,酒店住宿,其他,119.21473,39.897538,hotel
poi_hotel.csv,亚洲酒店酒店,酒店住宿,其他,119.271273,39.766691,hotel
poi_hotel.csv,亚洲酒店酒店,酒店住宿,舒适型酒店,119.271217,39.766721,hotel
poi_hotel.csv,德满餐馆旅店,酒店住宿,舒适型酒店,119.263766,39.770583,hotel
poi_hotel.csv,星月海湾驿站,酒店住宿,舒适型酒店,119.369216,39.74795,hotel
poi_hotel.csv,秦皇岛南戴河一杯澜佐邻佑里公寓,酒店住宿,其他,119.377238,39.763645,hotel
poi_hotel.csv,碧海蓝天度假村,酒店住宿,舒适型酒店,119.387451,39.765742,hotel
poi_hotel.csv,南戴河一杯澜公寓豪华酒店,酒店住宿,其他,119.388497,39.764162,hotel
poi_hotel.csv,暖猫民宿酒店,酒店住宿,舒适型酒店,119.388739,39.769177,hotel
poi_hotel.csv,秦皇岛帅气的妮子公寓,酒店住宿,其他,119.389818,39.763622,hotel
poi_hotel.csv,秦皇岛艾晓家别墅,酒店住宿,其他,119.38984,39.763377000000006,hotel
poi_hotel.csv,南戴河香澜豪华酒店,酒店住宿,其他,119.387563,39.765483,hotel
poi_hotel.csv,南戴河荣盛·一杯澜海景度假豪华酒店,酒店住宿,其他,119.389843,39.763391,hotel
poi_hotel.csv,南戴河一杯澜沐汐湾豪华酒店,酒店住宿,其他,119.388925,39.765507,hotel
poi_hotel.csv,秦皇岛亦左亦右别墅,酒店住宿,其他,119.400018,39.769181,hotel
poi_hotel.csv,秦皇岛海边小屋,酒店住宿,其他,119.388814,39.765485000000005,hotel
poi_hotel.csv,北戴河纵享时光别墅,酒店住宿,其他,119.383259,39.758788,hotel
poi_hotel.csv,南戴河锦绣大地度假村,酒店住宿,其他,119.388115,39.765679,hotel
poi_hotel.csv,南戴河美顺家庭公寓,酒店住宿,其他,119.388976,39.769053,hotel
poi_hotel.csv,秦皇岛赵鹤轩公寓,酒店住宿,其他,119.397211,39.769228,hotel
poi_hotel.csv,秦皇岛阿那亚温馨小家公寓,酒店住宿,其他,119.385466,39.767898,hotel
poi_hotel.csv,花筑·锦绣大地度假村-别墅,酒店住宿,其他,119.38564,39.766201,hotel
poi_hotel.csv,秦皇岛殊恒公寓,酒店住宿,其他,119.390145,39.763826,hotel
poi_hotel.csv,秦皇岛海&宿sea live度假别墅,酒店住宿,其他,119.387954,39.763827,hotel
poi_hotel.csv,秦皇岛海之旅南戴河近海家庭自助公寓,酒店住宿,其他,119.386291,39.766003,hotel
poi_hotel.csv,秦皇岛阿尔卡迪亚民宿度假公寓,酒店住宿,其他,119.385632,39.76778,hotel
poi_hotel.csv,远洋蔚蓝海岸汐溪的孩子·亲子豪华酒店,酒店住宿,其他,119.402442,39.777393,hotel
poi_hotel.csv,秦皇岛康康小宝贝公寓,酒店住宿,其他,119.402184,39.782262,hotel
poi_hotel.csv,秦皇岛浪花公寓,酒店住宿,其他,119.403434,39.775397000000005,hotel
poi_hotel.csv,秦皇岛花庭艺民宿酒店,酒店住宿,其他,119.401955,39.782706000000005,hotel
poi_hotel.csv,滨海酒店,酒店住宿,其他,119.402774,39.782937,hotel
poi_hotel.csv,秦皇岛青柠薄荷小院,酒店住宿,其他,119.402899,39.773564,hotel
poi_hotel.csv,秦皇岛孙先生公寓,酒店住宿,其他,119.402767,39.777312,hotel
poi_hotel.csv,秦皇岛亲海游公寓,酒店住宿,其他,119.40466,39.770992,hotel
poi_hotel.csv,秦皇岛恐龙让梨公寓,酒店住宿,其他,119.402526,39.772083,hotel
poi_hotel.csv,秦皇岛赵鹤轩公寓,酒店住宿,其他,119.403604,39.776991,hotel
poi_hotel.csv,秦皇岛Jason胡公寓,酒店住宿,其他,119.403954,39.775062,hotel
poi_hotel.csv,秦皇岛清馨幽居公寓,酒店住宿,其他,119.403628,39.775674,hotel
poi_hotel.csv,秦皇岛蘑菇爱睡觉公寓,酒店住宿,其他,119.404251,39.774689,hotel
poi_hotel.csv,Be Hotel,酒店住宿,其他,119.395782,39.778416,hotel
poi_hotel.csv,秦皇岛喵小姐的院别墅,酒店住宿,其他,119.40342,39.771705,hotel
poi_hotel.csv,秦皇岛祥园农家菜馆,酒店住宿,其他,119.402789,39.783174,hotel
poi_hotel.csv,秦皇岛初夏秋冬公寓,酒店住宿,其他,119.402221,39.777685000000005,hotel
poi_hotel.csv,蔷薇盛开的小院,酒店住宿,其他,119.404629,39.778264,hotel
poi_hotel.csv,凯里亚德酒店,酒店住宿,其他,119.384849,39.771771,hotel
poi_hotel.csv,秦皇岛Super Mario公寓,酒店住宿,其他,119.404432,39.775631,hotel
poi_hotel.csv,秦皇岛SupermanLOL公寓,酒店住宿,其他,119.402194,39.777493,hotel
poi_hotel.csv,南戴河蔚蓝海岸业主公寓,酒店住宿,其他,119.402319,39.77759,hotel
poi_hotel.csv,维也纳国际酒店,酒店住宿,其他,119.385477,39.772378,hotel
poi_hotel.csv,秦皇岛大勇Yong别墅,酒店住宿,其他,119.404493,39.789803,hotel
poi_hotel.csv,秦皇岛勇者无疆别墅,酒店住宿,其他,119.403318,39.771658,hotel
poi_hotel.csv,秦皇岛海眠宝宝的宅公寓,酒店住宿,其他,119.402429,39.77191800000001,hotel
poi_hotel.csv,秦皇岛近海温馨两居公寓,酒店住宿,其他,119.403913,39.792279,hotel
poi_hotel.csv,祥园酒店,酒店住宿,舒适型酒店,119.402817,39.782961,hotel
poi_hotel.csv,远洋蔚蓝海岸北北假日公寓,酒店住宿,其他,119.40384,39.774803,hotel
poi_hotel.csv,秦皇岛安筑小文公寓,酒店住宿,其他,119.404458,39.774471,hotel
poi_hotel.csv,南戴河远洋蔚蓝海岸北北皓居悦府假日公寓,酒店住宿,其他,119.40399,39.77485,hotel
poi_hotel.csv,秦皇岛蔚蓝海岸兰舍亲海别墅,酒店住宿,其他,119.399342,39.774263000000005,hotel
poi_hotel.csv,北戴河文家超级市场旅馆,酒店住宿,舒适型酒店,119.393824,39.781242,hotel
poi_hotel.csv,海滨民宿,酒店住宿,其他,119.404262,39.794086,hotel
poi_hotel.csv,和熙谷兰舍民宿酒店,酒店住宿,其他,119.399156,39.773999,hotel
poi_hotel.csv,秦皇岛蔚蓝色海岸公寓,酒店住宿,其他,119.403049,39.77636,hotel
poi_hotel.csv,秦皇岛蓝天拥抱大海公寓,酒店住宿,其他,119.385399,39.770738,hotel
poi_hotel.csv,秦皇岛蔚蓝海岸滑滑世界亲子民宿酒店,酒店住宿,舒适型酒店,119.401876,39.773614,hotel
poi_hotel.csv,澜湾近海公寓,酒店住宿,其他,119.385969,39.770821,hotel
poi_hotel.csv,秦皇岛华贸蔚蓝海岸公寓,酒店住宿,其他,119.40244,39.771935,hotel
poi_hotel.csv,秦皇岛蔚蓝海岸三乐书屋别墅,酒店住宿,其他,119.404075,39.77478,hotel
poi_hotel.csv,秦皇岛北海筑墅亲海民宿酒店,酒店住宿,其他,119.402433,39.771908,hotel
poi_hotel.csv,拾光海湾度假别墅,酒店住宿,其他,119.385428,39.770245,hotel
poi_hotel.csv,晓靖公寓,酒店住宿,其他,119.404231,39.774913000000005,hotel
poi_hotel.csv,康康小宝贝公寓,酒店住宿,其他,119.402469,39.777565,hotel
poi_hotel.csv,南戴河北北·美居公寓酒店,酒店住宿,其他,119.400921,39.781066,hotel
poi_hotel.csv,南戴河华贸蔚蓝海岸1号海景公寓,酒店住宿,其他,119.403998,39.775011,hotel
poi_hotel.csv,秦皇岛南戴河聚源民宿,酒店住宿,其他,119.399948,39.790387,hotel
poi_hotel.csv,秦皇岛南戴河高端别墅,酒店住宿,其他,119.402754,39.783044,hotel
poi_hotel.csv,秦皇岛近海,酒店住宿,其他,119.403963,39.789694,hotel
poi_hotel.csv,秦皇岛北戴河阿尔卡迪亚勿忘我公寓,酒店住宿,其他,119.388339,39.769383000000005,hotel
poi_hotel.csv,秦皇岛认真做事诚实做人别墅,酒店住宿,其他,119.404386,39.790491,hotel
poi_hotel.csv,秦皇岛南戴河幸福之家公寓,酒店住宿,其他,119.403827,39.774648,hotel
poi_hotel.csv,秦皇岛蔚蓝海岸亲子房公寓,酒店住宿,其他,119.404337,39.777468000000006,hotel
poi_hotel.csv,秦皇岛南戴河蔚蓝海岸华贸海语墅公寓,酒店住宿,其他,119.400291,39.780999,hotel
poi_hotel.csv,近海精装公寓,酒店住宿,其他,119.376256,39.778546,hotel
poi_hotel.csv,蓝色海岸海景酒店公寓,酒店住宿,其他,119.431558,39.79398200000001,hotel
poi_hotel.csv,秦皇岛zhipeng公寓,酒店住宿,其他,119.431448,39.794038,hotel
poi_hotel.csv,秦皇岛顺姐公寓,酒店住宿,其他,119.431458,39.794017,hotel
poi_hotel.csv,南戴河蓝色海岸公寓豪华酒店,酒店住宿,其他,119.431582,39.794001,hotel
poi_hotel.csv,汤屹公寓,酒店住宿,其他,119.43146,39.794076,hotel
poi_hotel.csv,秦皇岛和睦公寓,酒店住宿,其他,119.431524,39.793663,hotel
poi_hotel.csv,秦皇岛大海相伴公寓,酒店住宿,其他,119.431594,39.793924,hotel
poi_hotel.csv,秦皇岛南戴河旅游公寓,酒店住宿,其他,119.433177,39.794292,hotel
poi_hotel.csv,南戴河旅游ing公寓,酒店住宿,其他,119.431435,39.794008000000005,hotel
poi_hotel.csv,秦皇岛taotao2008410别墅,酒店住宿,其他,119.430749,39.794826,hotel
poi_hotel.csv,南戴河海岸公寓豪华酒店,酒店住宿,其他,119.431751,39.794117,hotel
poi_hotel.csv,秦皇岛家庭公寓近海能做饭,酒店住宿,其他,119.431603,39.793952,hotel
poi_hotel.csv,秦皇岛微凉之夏南戴河近海公寓,酒店住宿,其他,119.431478,39.794044,hotel
poi_hotel.csv,北戴河联城酒店,酒店住宿,舒适型酒店,119.440572,39.824864000000005,hotel
poi_hotel.csv,秦皇岛远野民宿酒店,酒店住宿,其他,119.44709,39.841439,hotel
poi_hotel.csv,秦皇岛怡心小院,酒店住宿,其他,119.444802,39.840339,hotel
poi_hotel.csv,花开有声旅馆,酒店住宿,其他,119.446633,39.840859,hotel
poi_hotel.csv,秦皇岛归墟花堂民宿酒店,酒店住宿,舒适型酒店,119.444381,39.840869,hotel
poi_hotel.csv,秦皇岛北戴河船家民宿酒店,酒店住宿,舒适型酒店,119.443336,39.821772,hotel
poi_hotel.csv,秦皇岛桃李同春民宿酒店,酒店住宿,其他,119.444579,39.83958,hotel
poi_hotel.csv,秦皇岛诸葛太太旅馆,酒店住宿,其他,119.447258,39.841519,hotel
poi_hotel.csv,北戴河丁庄秦岭家庭酒店,酒店住宿,其他,119.440701,39.8219,hotel
poi_hotel.csv,秦皇岛易笑民宿,酒店住宿,其他,119.438356,39.82453700000001,hotel
poi_hotel.csv,桃舍豪华酒店,酒店住宿,其他,119.445611,39.841157,hotel
poi_hotel.csv,秦皇岛桃香暖舍别墅,酒店住宿,其他,119.448522,39.839406,hotel
poi_hotel.csv,北戴河范成余民宿酒店,酒店住宿,其他,119.445935,39.841041,hotel
poi_hotel.csv,萍宇轩,酒店住宿,舒适型酒店,119.444887,39.840189,hotel
poi_hotel.csv,桃花源民宿酒店,酒店住宿,舒适型酒店,119.445724,39.841419,hotel
poi_hotel.csv,越恒别墅旅馆,酒店住宿,舒适型酒店,119.440474,39.82377,hotel
poi_hotel.csv,杨平酒店,酒店住宿,舒适型酒店,119.440609,39.820964,hotel
poi_hotel.csv,秦皇岛北戴河凝露民宿酒店,酒店住宿,舒适型酒店,119.445835,39.839489,hotel
poi_hotel.csv,北戴河旧舍民宿酒店,酒店住宿,舒适型酒店,119.447393,39.840299,hotel
poi_hotel.csv,西宿庭悦,酒店住宿,舒适型酒店,119.440605,39.821661000000006,hotel
poi_hotel.csv,秦皇岛清良居民宿酒店,酒店住宿,其他,119.445589,39.840658000000005,hotel
poi_hotel.csv,秦皇岛狄忠民别墅,酒店住宿,其他,119.440402,39.82713,hotel
poi_hotel.csv,北戴河倬宁民宿酒店,酒店住宿,其他,119.441222,39.820928,hotel
poi_hotel.csv,秦皇岛宁遥公寓,酒店住宿,其他,119.44287,39.822613,hotel
poi_hotel.csv,秦皇岛大舍桃源里民宿酒店,酒店住宿,舒适型酒店,119.445911,39.841347,hotel
poi_hotel.csv,紫峰庄园,酒店住宿,其他,119.443836,39.821843,hotel
poi_hotel.csv,归墟桃嫣民宿酒店,酒店住宿,舒适型酒店,119.444356,39.840819,hotel
poi_hotel.csv,凝露民宿酒店,酒店住宿,舒适型酒店,119.446795,39.83839699999999,hotel
poi_hotel.csv,花筑·尘外民宿,酒店住宿,舒适型酒店,119.447105,39.842517,hotel
poi_hotel.csv,北戴河悦缘民宿酒店,酒店住宿,舒适型酒店,119.446657,39.841148,hotel
poi_hotel.csv,秦皇岛桃林之家荣深民宿,酒店住宿,其他,119.447172,39.839249,hotel
poi_hotel.csv,秦皇岛北戴河折叠庭院特色民宿酒店,酒店住宿,其他,119.430848,39.840457,hotel
poi_hotel.csv,北戴河洲顿庄园酒店,酒店住宿,其他,119.44047,39.833947,hotel
poi_hotel.csv,秦皇岛雪丽民宿,酒店住宿,舒适型酒店,119.446617,39.840979,hotel
poi_hotel.csv,圣伊酒店,酒店住宿,其他,119.364131,39.81626,hotel
poi_hotel.csv,糖小堂·西陆花乡,酒店住宿,其他,119.376258,39.806524,hotel
poi_hotel.csv,南戴河海滨家庭民宿酒店,酒店住宿,其他,119.404913,39.798851,hotel
poi_hotel.csv,秦皇岛lin2公寓,酒店住宿,其他,119.404784,39.799133000000005,hotel
poi_hotel.csv,秦皇岛旅游家庭公寓,酒店住宿,其他,119.399779,39.815178,hotel
poi_hotel.csv,秦皇岛默延晓栈别墅,酒店住宿,其他,119.402056,39.79580000000001,hotel
poi_hotel.csv,秦皇岛南戴河民宿酒店,酒店住宿,其他,119.404882,39.798797,hotel
poi_hotel.csv,南戴河碧海蓝天民宿酒店,酒店住宿,其他,119.404938,39.798825,hotel
poi_hotel.csv,秦皇岛海很蓝公寓,酒店住宿,其他,119.404845,39.799234000000006,hotel
poi_hotel.csv,秦皇岛阳光民宿,酒店住宿,其他,119.402977,39.797588000000005,hotel
poi_hotel.csv,南戴河海边蜗居小屋,酒店住宿,其他,119.404944,39.798813,hotel
poi_hotel.csv,秦皇岛YQ公寓,酒店住宿,舒适型酒店,119.402747,39.797761,hotel
poi_hotel.csv,秦皇岛国色天香公寓,酒店住宿,其他,119.404893,39.798856,hotel
poi_hotel.csv,秦皇岛居家简约风公寓,酒店住宿,其他,119.40212,39.797637,hotel
poi_hotel.csv,秦皇岛金多多公寓,酒店住宿,其他,119.404765,39.799118,hotel
poi_hotel.csv,秦皇岛望海轩鱼家乐,酒店住宿,其他,119.40184,39.796887,hotel
poi_hotel.csv,秦皇岛大姐之家公寓,酒店住宿,其他,119.382533,39.810883,hotel
poi_hotel.csv,秦皇岛单长生公寓,酒店住宿,其他,119.40319,39.809135,hotel
poi_hotel.csv,秦皇岛李绍云公寓,酒店住宿,其他,119.399366,39.812338,hotel
poi_hotel.csv,秦皇岛小日子1314公寓,酒店住宿,舒适型酒店,119.402777,39.797802,hotel
poi_hotel.csv,秦皇岛南游记民宿酒店,酒店住宿,其他,119.404905,39.79822,hotel
poi_hotel.csv,秦皇岛雅亭yt公寓,酒店住宿,其他,119.404897,39.798849,hotel
poi_hotel.csv,南戴河幸福里三室公寓,酒店住宿,其他,119.404886,39.798827,hotel
poi_hotel.csv,秦皇岛栗子小屋,酒店住宿,其他,119.399157,39.805488,hotel
poi_hotel.csv,秦皇岛安心公寓,酒店住宿,其他,119.40208,39.796972,hotel
poi_hotel.csv,秦皇岛温馨之家家庭公寓,酒店住宿,其他,119.389016,39.813998000000005,hotel
poi_hotel.csv,秦皇岛暖暖的温暖小屋,酒店住宿,其他,119.404962,39.798775,hotel
poi_hotel.csv,秦皇岛聚缘O民宿,酒店住宿,其他,119.402107,39.797684,hotel
poi_hotel.csv,秦皇岛北戴河新区地中海主题公寓,酒店住宿,其他,119.40364,39.798459,hotel
poi_hotel.csv,秦皇岛菊艳阿姨家庭公寓,酒店住宿,其他,119.399255,39.810591,hotel
poi_hotel.csv,鸥洲自助公寓,酒店住宿,其他,119.40246,39.79576,hotel
poi_hotel.csv,秦皇岛南戴河海边蜗居小屋公寓,酒店住宿,其他,119.404798,39.798847,hotel
poi_hotel.csv,秦皇岛为梦花开公寓,酒店住宿,其他,119.39899,39.811961,hotel
poi_hotel.csv,秦皇岛北戴河紫蓝香郡公寓,酒店住宿,其他,119.404795,39.795826000000005,hotel
poi_hotel.csv,避暑花园公寓,酒店住宿,其他,119.404891,39.798777,hotel
poi_hotel.csv,秦皇岛花开半夏0公寓,酒店住宿,其他,119.404732,39.799096000000006,hotel
poi_hotel.csv,秦皇岛戴河小镇欢乐之旅公寓,酒店住宿,其他,119.404964,39.798783,hotel
poi_hotel.csv,秦皇岛望海观河公寓,酒店住宿,其他,119.404713,39.798452,hotel
poi_hotel.csv,秦皇岛小蕾的幸福小屋,酒店住宿,其他,119.400718,39.796799,hotel
poi_hotel.csv,秦皇岛南戴河公寓民宿,酒店住宿,其他,119.404753,39.799106,hotel
poi_hotel.csv,秦皇岛南戴河新诚公寓,酒店住宿,其他,119.404932,39.798821,hotel
poi_hotel.csv,爱家小屋公寓,酒店住宿,其他,119.402851,39.797775,hotel
poi_hotel.csv,秦皇岛桐木的简约设计公寓,酒店住宿,其他,119.402892,39.798085,hotel
poi_hotel.csv,秦皇岛南戴河滨海新城欢天喜地公寓,酒店住宿,其他,119.4049,39.798825,hotel
poi_hotel.csv,秦皇岛秦皇岛旅游小向导公寓,酒店住宿,其他,119.40364,39.798464,hotel
poi_hotel.csv,秦皇岛党志伟海边特色民宿,酒店住宿,其他,119.404935,39.798801000000005,hotel
poi_hotel.csv,赵餐馆旅馆,酒店住宿,舒适型酒店,119.376257,39.822143,hotel
poi_hotel.csv,秦皇岛SophiaZ公寓,酒店住宿,其他,119.431764,39.856357,hotel
poi_hotel.csv,秦皇岛海之韵公寓,酒店住宿,其他,119.432634,39.853352,hotel
poi_hotel.csv,秦皇岛小鱼家庭公寓,酒店住宿,其他,119.432621,39.853236,hotel
poi_hotel.csv,北戴河信珍民宿酒店,酒店住宿,舒适型酒店,119.430547,39.851758,hotel
poi_hotel.csv,世纪兴豪华酒店,酒店住宿,其他,119.451658,39.885187,hotel
poi_hotel.csv,秦皇岛和信基业万怡豪华酒店,酒店住宿,舒适型酒店,119.441994,39.900021,hotel
poi_hotel.csv,秦皇岛顺驰酒店,酒店住宿,其他,119.422288,39.93556,hotel
poi_hotel.csv,龙泉豪华酒店,酒店住宿,舒适型酒店,118.928151,40.409941,hotel
poi_hotel.csv,青龙守信酒店,酒店住宿,其他,118.99576,40.409346,hotel
poi_hotel.csv,岱朋酒店,酒店住宿,其他,118.996555,40.41027,hotel
poi_hotel.csv,众鑫宾馆,酒店住宿,其他,118.996582,40.409823,hotel
poi_hotel.csv,久洲酒店,酒店住宿,其他,118.995748,40.409372,hotel
poi_hotel.csv,居佳日租公寓,酒店住宿,其他,118.982211,40.410501,hotel
poi_hotel.csv,卢龙顶好酒店,酒店住宿,其他,118.891013,39.898337,hotel
poi_hotel.csv,7天优品酒店,酒店住宿,其他,118.890451,39.899037,hotel
poi_hotel.csv,卢龙顺心酒店,酒店住宿,舒适型酒店,118.896537,39.90348,hotel
poi_hotel.csv,明阳旅社,酒店住宿,舒适型酒店,118.903094,39.907404,hotel
poi_hotel.csv,聚鑫酒店,酒店住宿,舒适型酒店,118.902249,39.906718,hotel
poi_hotel.csv,美瑜旅社,酒店住宿,舒适型酒店,118.902758,39.906929000000005,hotel
poi_hotel.csv,鹏瑞红山旅店,酒店住宿,舒适型酒店,118.903526,39.907824000000005,hotel
poi_hotel.csv,卢龙冀强快捷酒店,酒店住宿,其他,118.897234,39.903912000000005,hotel
poi_hotel.csv,君悦酒店,酒店住宿,其他,118.904551,39.913669,hotel
poi_hotel.csv,卢龙服务站住宿,酒店住宿,舒适型酒店,118.898089,39.916995,hotel
poi_hotel.csv,北戴河犬舍豪华酒店,酒店住宿,其他,119.3145,39.641935,hotel
poi_hotel.csv,theTANG 唐舍豪华酒店,酒店住宿,其他,119.316222,39.643821,hotel
poi_hotel.csv,星辰民宿,酒店住宿,舒适型酒店,119.317325,39.652869,hotel
poi_hotel.csv,秦皇岛岸芷公寓,酒店住宿,其他,119.315042,39.651324,hotel
poi_hotel.csv,昌黎whalerr公寓,酒店住宿,其他,119.317212,39.651692,hotel
poi_hotel.csv,昌黎从意儿公寓,酒店住宿,其他,119.317293,39.651692,hotel
poi_hotel.csv,昌黎金女士的民宿酒店,酒店住宿,其他,119.313944,39.650054,hotel
poi_hotel.csv,昌黎幽蘭居公寓,酒店住宿,其他,119.317238,39.651756,hotel
poi_hotel.csv,昌黎韩佳人s公寓,酒店住宿,其他,119.314993,39.651294,hotel
poi_hotel.csv,昌黎卷卷的直发公寓,酒店住宿,其他,119.317286,39.651738,hotel
poi_hotel.csv,昌黎叶之轩别墅,酒店住宿,其他,119.314465,39.65014,hotel
poi_hotel.csv,昌黎海边乌托邦小院,酒店住宿,其他,119.316639,39.651447,hotel
poi_hotel.csv,昌黎东方祥云公寓,酒店住宿,其他,119.317292,39.651703,hotel
poi_hotel.csv,昌黎梦幻静公寓,酒店住宿,其他,119.313783,39.649344,hotel
poi_hotel.csv,昌黎微微的家公寓,酒店住宿,其他,119.311787,39.650334,hotel
poi_hotel.csv,昌黎Acy公寓,酒店住宿,其他,119.315004,39.65129,hotel
poi_hotel.csv,阿那亚A.HOTEL,酒店住宿,其他,119.30806,39.649519,hotel
poi_hotel.csv,秦皇岛随心转转公寓,酒店住宿,其他,119.317141,39.647614,hotel
poi_hotel.csv,Singer的舟际豪华酒店,酒店住宿,其他,119.317292,39.651773,hotel
poi_hotel.csv,昌黎UMUSHIN宛芯别墅,酒店住宿,其他,119.317203,39.651734,hotel
poi_hotel.csv,昌黎阿璐公寓,酒店住宿,其他,119.313929,39.650028,hotel
poi_hotel.csv,昌黎凭栏看海公寓,酒店住宿,其他,119.317222,39.651721,hotel
poi_hotel.csv,昌黎谭小姐公寓,酒店住宿,其他,119.317349,39.650913,hotel
poi_hotel.csv,秦皇岛莲心雅院公寓,酒店住宿,其他,119.317263,39.651751,hotel
poi_hotel.csv,昌黎渲智公寓,酒店住宿,其他,119.31724,39.651777,hotel
poi_hotel.csv,昌黎冬雪夏浪公寓,酒店住宿,其他,119.315481,39.653587,hotel
poi_hotel.csv,昌黎林见居士别墅,酒店住宿,其他,119.317291,39.651754,hotel
poi_hotel.csv,昌黎偏偏公寓,酒店住宿,其他,119.314853,39.651267,hotel
poi_hotel.csv,昌黎酒盖妈妈公寓,酒店住宿,其他,119.315592,39.650686,hotel
poi_hotel.csv,昌黎楚楚0910公寓,酒店住宿,其他,119.317292,39.651783,hotel
poi_hotel.csv,昌黎齐嘉公寓,酒店住宿,其他,119.317538,39.652956,hotel
poi_hotel.csv,昌黎阿那亚复式海景公寓,酒店住宿,其他,119.314917,39.651226,hotel
poi_hotel.csv,昌黎咨询师小晴公寓,酒店住宿,其他,119.315209,39.649588,hotel
poi_hotel.csv,昌黎海边的小太之家公寓,酒店住宿,其他,119.31407,39.649275,hotel
poi_hotel.csv,昌黎小狗狗海边的家公寓,酒店住宿,其他,119.313866,39.650121,hotel
poi_hotel.csv,秦皇岛高层海景+loft公寓,酒店住宿,其他,119.315924,39.649502,hotel
poi_hotel.csv,昌黎最Midea时光遇见你公寓,酒店住宿,其他,119.315705,39.651007,hotel
poi_hotel.csv,秦皇岛秦皇Louisesmile公寓,酒店住宿,其他,119.317259,39.65176,hotel
poi_hotel.csv,朵拉美宿,酒店住宿,其他,119.314373,39.649822,hotel
poi_hotel.csv,秦皇岛花宇生活民宿,酒店住宿,其他,119.317262,39.651769,hotel
poi_hotel.csv,昌黎阿那亚临海公寓,酒店住宿,其他,119.316675,39.64584,hotel
poi_hotel.csv,阿那亚朴舍,酒店住宿,舒适型酒店,119.309642,39.641087,hotel
poi_hotel.csv,阿那亚星宿starsu民宿酒店,酒店住宿,舒适型酒店,119.316315,39.645829,hotel
poi_hotel.csv,茉舍日记,酒店住宿,舒适型酒店,119.316665,39.648885,hotel
poi_hotel.csv,知鱼之乐湿地民宿酒店,酒店住宿,舒适型酒店,119.315325,39.643364000000005,hotel
poi_hotel.csv,闲拾阿那亚业主民宿酒店,酒店住宿,舒适型酒店,119.309402,39.641373,hotel
poi_hotel.csv,玉溪摩登空间公寓,酒店住宿,舒适型酒店,119.314918,39.651233000000005,hotel
poi_hotel.csv,光阴小驻民宿酒店,酒店住宿,舒适型酒店,119.314409,39.642523,hotel
poi_hotel.csv,秦皇岛lover duoduo别墅,酒店住宿,其他,119.317267,39.651692,hotel
poi_hotel.csv,昌黎馨怡庭院别墅,酒店住宿,其他,119.317276,39.651747,hotel
poi_hotel.csv,桃桃居,酒店住宿,其他,119.315283,39.644202,hotel
poi_hotel.csv,阿那亚民宿未见海,酒店住宿,其他,119.315359,39.643611,hotel
poi_hotel.csv,阿那亚民宿黑球的屋,酒店住宿,其他,119.316366,39.645722,hotel
poi_hotel.csv,阿那亚谧悦,酒店住宿,其他,119.316547,39.64962,hotel
poi_hotel.csv,阿那亚九号山庄,酒店住宿,其他,119.311983,39.653728,hotel
poi_hotel.csv,阿那亚微澜轻奢民宿酒店,酒店住宿,舒适型酒店,119.309731,39.653174,hotel
poi_hotel.csv,阿那亚民宿·栖汐,酒店住宿,其他,119.315681,39.645605,hotel
poi_hotel.csv,阿那亚加小院,酒店住宿,其他,119.309249,39.641022,hotel
poi_hotel.csv,阿那亚民宿中心,酒店住宿,舒适型酒店,119.307797,39.649371,hotel
poi_hotel.csv,秦皇岛听海之家独栋别墅,酒店住宿,其他,119.313602,39.649356,hotel
poi_hotel.csv,秦皇岛小爪子抓萝卜公寓,酒店住宿,其他,119.313945,39.650061,hotel
poi_hotel.csv,秦皇岛黄金海岸阿那亚高层观海公寓,酒店住宿,其他,119.31499,39.651287,hotel
poi_hotel.csv,弈鲲度假别墅,酒店住宿,其他,119.313838,39.649936,hotel
poi_hotel.csv,秦皇岛ellenqian别墅,酒店住宿,其他,119.313892,39.650067,hotel
poi_hotel.csv,秦皇岛Amy-艾米民宿,酒店住宿,其他,119.314981,39.651236,hotel
poi_hotel.csv,秦皇岛Allenli公寓,酒店住宿,其他,119.313451,39.64975,hotel
poi_hotel.csv,秦皇岛丹丹小姐姐的漂亮小房子别墅,酒店住宿,其他,119.317296,39.651702,hotel
poi_hotel.csv,大海的家推门步海别墅,酒店住宿,其他,119.317291,39.651721,hotel
poi_hotel.csv,秦皇岛刘易平度假别墅,酒店住宿,其他,119.314026,39.649598000000005,hotel
poi_hotel.csv,阿那亚我心安处观海墅,酒店住宿,其他,119.317055,39.653281,hotel
poi_hotel.csv,秦皇岛闪亮的大海公寓,酒店住宿,其他,119.317215,39.651709,hotel
poi_hotel.csv,秦皇岛派派和Coco的家联排别墅,酒店住宿,其他,119.314908,39.651235,hotel
poi_hotel.csv,云花开洋房别墅,酒店住宿,其他,119.317234,39.651716,hotel
poi_hotel.csv,秦皇岛黄金海岸北戴河新区度假别墅,酒店住宿,其他,119.316255,39.650851,hotel
poi_hotel.csv,秦皇岛大屋小驻公寓,酒店住宿,其他,119.305883,39.648158,hotel
poi_hotel.csv,Club Med Joyview北戴河黄金海岸度假村,酒店住宿,其他,119.319015,39.650585,hotel
poi_hotel.csv,昌黎兔兔雪公寓,酒店住宿,其他,119.318937,39.650491,hotel
poi_hotel.csv,秦皇岛楊曦公寓,酒店住宿,其他,119.318026,39.651338,hotel
poi_hotel.csv,昌黎C胖子为您服务别墅,酒店住宿,其他,119.318653,39.652671,hotel
poi_hotel.csv,昌黎阿那亚海岛别墅,酒店住宿,其他,119.318601,39.652821,hotel
poi_hotel.csv,S复式公寓,酒店住宿,其他,119.317749,39.652483,hotel
poi_hotel.csv,大喵海棠·阿那亚民宿酒店,酒店住宿,舒适型酒店,119.317647,39.646925,hotel
poi_hotel.csv,秦皇岛菲家民宿,酒店住宿,其他,119.317833,39.647673,hotel
poi_hotel.csv,阿那亚地中海,酒店住宿,其他,119.31909,39.650825000000005,hotel
poi_hotel.csv,昌黎大顶在阿那亚复式,酒店住宿,其他,119.317787,39.652583,hotel
poi_hotel.csv,八间房精品民宿,酒店住宿,其他,119.317871,39.652657,hotel
poi_hotel.csv,秦皇岛阿那亚听海亲子别墅,酒店住宿,其他,119.320206,39.652784,hotel
poi_hotel.csv,阿那亚慧馨居,酒店住宿,其他,119.317733,39.653557,hotel
poi_hotel.csv,近海听涛别墅,酒店住宿,其他,119.320454,39.653081,hotel
poi_hotel.csv,秦皇岛阿那亚黄金海岸社区听海别墅,酒店住宿,其他,119.319808,39.65376,hotel
poi_hotel.csv,昌黎与孤独图书馆比邻的海边洋房小院,酒店住宿,其他,119.318893,39.652146,hotel
poi_hotel.csv,秦皇岛阿那亚黄金海岸孤独图书馆别墅,酒店住宿,其他,119.318652,39.653371,hotel
poi_hotel.csv,阿那亚隐庐豪华酒店式公寓,酒店住宿,其他,119.317862,39.655169,hotel
poi_hotel.csv,北戴河璞澜豪华酒店,酒店住宿,其他,119.321305,39.654632,hotel
poi_hotel.csv,昌黎璞瞳海居民宿酒店,酒店住宿,其他,119.320619,39.659924,hotel
poi_hotel.csv,昌黎香都牧人公寓,酒店住宿,其他,119.322665,39.658258,hotel
poi_hotel.csv,秦皇岛王萌公寓,酒店住宿,其他,119.322535,39.658539000000005,hotel
poi_hotel.csv,昌黎悠然小宅公寓,酒店住宿,其他,119.317887,39.653995,hotel
poi_hotel.csv,昌黎闫静公寓,酒店住宿,其他,119.32139,39.654941,hotel
poi_hotel.csv,秦皇岛云遥公寓,酒店住宿,其他,119.317853,39.654791,hotel
poi_hotel.csv,昌黎AnnCreate公寓,酒店住宿,其他,119.318643,39.653837,hotel
poi_hotel.csv,阿蓝居沙酒店,酒店住宿,其他,119.323649,39.660395,hotel
poi_hotel.csv,昌黎阿那亚望海洋房别墅,酒店住宿,其他,119.321742,39.655487,hotel
poi_hotel.csv,昌黎阿那亚滨海别墅,酒店住宿,其他,119.320879,39.654332,hotel
poi_hotel.csv,昌黎悠然小宅公寓,酒店住宿,其他,119.322014,39.655128,hotel
poi_hotel.csv,秦皇岛趣多多小院,酒店住宿,其他,119.320734,39.659887,hotel
poi_hotel.csv,秦皇岛雯雯爱上阿那亚别墅,酒店住宿,其他,119.318637,39.653913,hotel
poi_hotel.csv,阿那亚民宿酒店,酒店住宿,其他,119.319314,39.65912,hotel
poi_hotel.csv,民宿中心,酒店住宿,舒适型酒店,119.320672,39.659932,hotel
poi_hotel.csv,林琪看海洋房,酒店住宿,其他,119.323863,39.662192,hotel
poi_hotel.csv,漂亮房子民宿酒店,酒店住宿,其他,119.32032,39.655337,hotel
poi_hotel.csv,秦皇岛海边别墅小家,酒店住宿,其他,119.321131,39.655024,hotel
poi_hotel.csv,秦皇岛和菲公寓,酒店住宿,其他,119.317598,39.654105,hotel
poi_hotel.csv,昌黎平常心是道洋房,酒店住宿,其他,119.321986,39.656922,hotel
poi_hotel.csv,昌黎洒水车爸爸别墅,酒店住宿,其他,119.320034,39.654868,hotel
poi_hotel.csv,昌黎阿那亚吾乡别墅,酒店住宿,其他,119.320782,39.659957,hotel
poi_hotel.csv,昌黎阿那亚黄金海岸社区听海别墅,酒店住宿,其他,119.320699,39.659854,hotel
poi_hotel.csv,whalerr度假别墅,酒店住宿,其他,119.320705,39.660001,hotel
poi_hotel.csv,秦皇岛小碗LITTLEONE公寓,酒店住宿,其他,119.322314,39.658117,hotel
poi_hotel.csv,秦皇岛阿那亚社区观海洋房别墅,酒店住宿,其他,119.321259,39.654873,hotel
poi_hotel.csv,秦皇岛北海银滩北欧风度假公寓,酒店住宿,其他,119.317954,39.654018,hotel
poi_hotel.csv,秦皇岛心静如水淡如菊别墅,酒店住宿,其他,119.319346,39.655332,hotel
poi_hotel.csv,秦皇岛阿那亚海边家孤独图书馆公寓,酒店住宿,其他,119.32329,39.657577,hotel
poi_hotel.csv,阿那亚安澜豪华酒店,酒店住宿,其他,119.313832,39.654467,hotel
poi_hotel.csv,秦皇岛Aranya公寓,酒店住宿,其他,119.312712,39.656403000000005,hotel
poi_hotel.csv,秦皇岛阿那亚洋房民宿酒店,酒店住宿,其他,119.312167,39.658369,hotel
poi_hotel.csv,昌黎jill013公寓,酒店住宿,其他,119.317033,39.654607,hotel
poi_hotel.csv,昌黎璞舍公寓,酒店住宿,其他,119.316306,39.654898,hotel
poi_hotel.csv,昌黎悦海亲子小栈公寓,酒店住宿,其他,119.312726,39.656421,hotel
poi_hotel.csv,昌黎沫弦贝贝公寓,酒店住宿,其他,119.312692,39.656502,hotel
poi_hotel.csv,昌黎好一家别墅,酒店住宿,其他,119.316323,39.654898,hotel
poi_hotel.csv,昌黎海景公寓,酒店住宿,其他,119.310761,39.657379,hotel
poi_hotel.csv,昌黎老周公寓,酒店住宿,其他,119.313288,39.655693,hotel
poi_hotel.csv,北戴河安澜豪华酒店,酒店住宿,其他,119.314338,39.654201,hotel
poi_hotel.csv,昌黎温厚的海风公寓,酒店住宿,其他,119.312663,39.656453,hotel
poi_hotel.csv,昌黎悦心墅小院,酒店住宿,其他,119.310873,39.657052,hotel
poi_hotel.csv,昌黎YogaX主题民宿酒店,酒店住宿,其他,119.31394,39.657018,hotel
poi_hotel.csv,北戴河健康谷荣逸豪华酒店,酒店住宿,其他,119.307559,39.657174,hotel
poi_hotel.csv,昌黎水蓝之家公寓,酒店住宿,其他,119.317422,39.654118,hotel
poi_hotel.csv,昌黎KevinLin别墅,酒店住宿,其他,119.313029,39.659383000000005,hotel
poi_hotel.csv,昌黎UU海街日记公寓,酒店住宿,其他,119.312709,39.656437,hotel
poi_hotel.csv,昌黎孟雨公寓,酒店住宿,其他,119.316314,39.654907,hotel
poi_hotel.csv,昌黎Luzzy的海边小屋,酒店住宿,其他,119.310533,39.656799,hotel
poi_hotel.csv,秦皇岛Happysir别墅,酒店住宿,其他,119.314527,39.656203000000005,hotel
poi_hotel.csv,昌黎驿马帮民宿,酒店住宿,其他,119.315023,39.655532,hotel
poi_hotel.csv,昌黎Sweetersir别墅,酒店住宿,其他,119.312387,39.657725000000006,hotel
poi_hotel.csv,香纳森宾馆,酒店住宿,舒适型酒店,119.305122,39.658536,hotel
poi_hotel.csv,秦皇岛Angie林与院别墅,酒店住宿,其他,119.313716,39.657564,hotel
poi_hotel.csv,昌黎阿那亚八间房精品民宿酒店,酒店住宿,其他,119.313944,39.656553,hotel
poi_hotel.csv,昌黎阿那亚之山行海宿公寓,酒店住宿,其他,119.314141,39.655716,hotel
poi_hotel.csv,Allenli公寓,酒店住宿,其他,119.310628,39.65675,hotel
poi_hotel.csv,汐海民宿酒店,酒店住宿,舒适型酒店,119.309007,39.662297,hotel
poi_hotel.csv,知鱼之乐小院民宿酒店,酒店住宿,舒适型酒店,119.31635,39.659108,hotel
poi_hotel.csv,秦皇岛捷柯别墅,酒店住宿,其他,119.313916,39.657511,hotel
poi_hotel.csv,北戴河健康谷听雨公寓,酒店住宿,其他,119.308849,39.658278,hotel
poi_hotel.csv,昌黎布克艺术之家公寓,酒店住宿,其他,119.317467,39.654662,hotel
poi_hotel.csv,昌黎Luke妈妈别墅,酒店住宿,其他,119.310732,39.657334000000006,hotel
poi_hotel.csv,秦皇岛秋玉公寓,酒店住宿,其他,119.312901,39.655394,hotel
poi_hotel.csv,昌黎阿那亚爱的小屋,酒店住宿,其他,119.316293,39.654859,hotel
poi_hotel.csv,秦皇岛TIAMO亲子小院,酒店住宿,其他,119.311987,39.655376,hotel
poi_hotel.csv,阿那亚民宿4期,酒店住宿,其他,119.313337,39.657374,hotel
poi_hotel.csv,昌黎海边温馨小院,酒店住宿,舒适型酒店,119.307882,39.655332,hotel
poi_hotel.csv,阿那亚小镇,酒店住宿,其他,119.31394,39.657477,hotel
poi_hotel.csv,阿那亚Tina小院,酒店住宿,其他,119.315644,39.657691,hotel
poi_hotel.csv,秦皇岛阿那亚退台洋房别墅,酒店住宿,其他,119.317297,39.654384,hotel
poi_hotel.csv,秦皇岛先闲公寓,酒店住宿,其他,119.312582,39.656877,hotel
poi_hotel.csv,阿那亚不朴宿·橙现精品民宿酒店,酒店住宿,舒适型酒店,119.313726,39.657034,hotel
poi_hotel.csv,秦皇岛阿那亚麻将桌游亲子乐园洋房别墅,酒店住宿,其他,119.314466,39.656777,hotel
poi_hotel.csv,秦皇岛崤山之东度假别墅,酒店住宿,其他,119.314023,39.656981,hotel
poi_hotel.csv,昌黎小鱼的家HomeforFish度假别墅,酒店住宿,其他,119.313186,39.654552,hotel
poi_hotel.csv,北戴河阿尔卡迪亚勿忘我公寓,酒店住宿,其他,119.306311,39.657749,hotel
poi_hotel.csv,秦皇岛民谣P哥度假别墅,酒店住宿,其他,119.315204,39.658585,hotel
poi_hotel.csv,秦皇岛米拉的家Mila Home度假别墅,酒店住宿,其他,119.313894,39.65744,hotel
poi_hotel.csv,秦皇岛阿那亚海边的邂逅,酒店住宿,其他,119.310983,39.654246,hotel
poi_hotel.csv,昌黎黄金海岸夏都酒店,酒店住宿,其他,119.335454,39.698706,hotel
poi_hotel.csv,时代海岸公寓式酒店,酒店住宿,高档型酒店,119.338752,39.699184,hotel
poi_hotel.csv,昌黎大田园海景公寓,酒店住宿,高档型酒店,119.338567,39.69867,hotel
poi_hotel.csv,时代海岸大田园酒店,酒店住宿,高档型酒店,119.338635,39.698655,hotel
poi_hotel.csv,北京天鹅酒店,酒店住宿,其他,119.33828,39.698574,hotel
poi_hotel.csv,时代望海豪华酒店公寓,酒店住宿,其他,119.33912,39.698565,hotel
poi_hotel.csv,昌黎望海酒店公寓,酒店住宿,其他,119.338924,39.698536,hotel
poi_hotel.csv,昌黎海存酒店,酒店住宿,其他,119.334151,39.69279,hotel
poi_hotel.csv,吉尚酒店,酒店住宿,其他,119.336498,39.698142,hotel
poi_hotel.csv,昌黎听海高层公寓,酒店住宿,其他,119.338737,39.699188,hotel
poi_hotel.csv,昌黎天明宾馆,酒店住宿,其他,119.3347,39.698478,hotel
poi_hotel.csv,智旅假日豪华酒店,酒店住宿,其他,119.337827,39.702974,hotel
poi_hotel.csv,向荣酒店,酒店住宿,其他,119.331132,39.698135,hotel
poi_hotel.csv,海景龙苑公寓,酒店住宿,舒适型酒店,119.337873,39.694598,hotel
poi_hotel.csv,小世界酒店,酒店住宿,其他,119.33575,39.698236,hotel
poi_hotel.csv,昌黎知遇酒店,酒店住宿,其他,119.338674,39.702546,hotel
poi_hotel.csv,金沙酒店,酒店住宿,其他,119.336944,39.703313,hotel
poi_hotel.csv,四海宾馆,酒店住宿,其他,119.335497,39.698283,hotel
poi_hotel.csv,北戴河时代海岸海景公寓,酒店住宿,高档型酒店,119.338615,39.699261,hotel
poi_hotel.csv,昌黎时代假日高层海景公寓,酒店住宿,其他,119.340074,39.700294,hotel
poi_hotel.csv,昌黎黄金海岸海悦四季豪华酒店,酒店住宿,其他,119.334857,39.702924,hotel
poi_hotel.csv,津东宾馆,酒店住宿,其他,119.33783,39.698495,hotel
poi_hotel.csv,秦皇岛麦穗豪华酒店,酒店住宿,其他,119.341622,39.704877,hotel
poi_hotel.csv,黄金海岸文企酒店,酒店住宿,其他,119.334988,39.698402,hotel
poi_hotel.csv,昌黎合美休闲民宿酒店,酒店住宿,其他,119.331302,39.697244,hotel
poi_hotel.csv,科苑豪华酒店,酒店住宿,其他,119.341068,39.703046,hotel
poi_hotel.csv,昌黎澳景蓝湾私家沙滩海景公寓,酒店住宿,其他,119.335533,39.69302,hotel
poi_hotel.csv,星空海豪华酒店,酒店住宿,其他,119.334473,39.701099,hotel
poi_hotel.csv,夏都酒店,酒店住宿,其他,119.335583,39.698665,hotel
poi_hotel.csv,昌黎近海家庭两居房普通公寓,酒店住宿,其他,119.332727,39.698541,hotel
poi_hotel.csv,昌黎休闲观海豪华酒店,酒店住宿,其他,119.338398,39.698497,hotel
poi_hotel.csv,秦皇岛近海豪华酒店,酒店住宿,其他,119.339473,39.699245,hotel
poi_hotel.csv,秦皇岛丽憬豪华酒店,酒店住宿,其他,119.339967,39.700598,hotel
poi_hotel.csv,昌黎时代海岸观海公寓,酒店住宿,其他,119.3387,39.699137,hotel
poi_hotel.csv,海岸林庭公寓,酒店住宿,其他,119.33108,39.69791,hotel
poi_hotel.csv,三十五号宅院,酒店住宿,其他,119.333271,39.70074,hotel
poi_hotel.csv,昌黎海居海景公寓,酒店住宿,其他,119.338792,39.699503,hotel
poi_hotel.csv,秦皇岛90公寓,酒店住宿,其他,119.334722,39.698553,hotel
poi_hotel.csv,冬冬海景假日酒店,酒店住宿,其他,119.338689,39.699185,hotel
poi_hotel.csv,王姐公寓,酒店住宿,其他,119.33906,39.698579,hotel
poi_hotel.csv,秦皇岛黄金海岸博维海景豪华酒店,酒店住宿,其他,119.341251,39.704164,hotel
poi_hotel.csv,昌黎时代海岸1号海景公寓,酒店住宿,其他,119.338568,39.698625,hotel
poi_hotel.csv,秦皇岛观海一厦公寓,酒店住宿,其他,119.339156,39.698463,hotel
poi_hotel.csv,南戴河时代海岸公寓3号楼,酒店住宿,其他,119.339887,39.699199,hotel
poi_hotel.csv,秦皇岛倚窗观海公寓豪华酒店,酒店住宿,其他,119.338665,39.699297,hotel
poi_hotel.csv,拾光忆海美宿,酒店住宿,其他,119.338595,39.699281,hotel
poi_hotel.csv,芮宁海景公寓,酒店住宿,其他,119.33816,39.698521,hotel
poi_hotel.csv,昌黎听涛时代海岸公寓豪华酒店,酒店住宿,其他,119.339519,39.698893000000005,hotel
poi_hotel.csv,哈铁疗养院,酒店住宿,其他,119.33961,39.699732,hotel
poi_hotel.csv,秦皇岛临海度假别墅,酒店住宿,其他,119.338735,39.699268,hotel
poi_hotel.csv,京西酒店,酒店住宿,其他,119.331438,39.698869,hotel
poi_hotel.csv,秦皇岛名人瀛园碧海景园公寓,酒店住宿,其他,119.334496,39.698562,hotel
poi_hotel.csv,昌黎黄金海岸海景公寓,酒店住宿,其他,119.339036,39.698481,hotel
poi_hotel.csv,昌黎岩姐海景公寓,酒店住宿,其他,119.339636,39.699034,hotel
poi_hotel.csv,军旅驿站,酒店住宿,其他,119.33513,39.701268,hotel
poi_hotel.csv,秦皇岛黄金海岸时代海岸公寓,酒店住宿,其他,119.338419,39.699189,hotel
poi_hotel.csv,北戴河悦澜别墅,酒店住宿,其他,119.331024,39.69277,hotel
poi_hotel.csv,昌黎初见海景公寓,酒店住宿,其他,119.339041,39.699337,hotel
poi_hotel.csv,春天的海公寓,酒店住宿,其他,119.338926,39.699303,hotel
poi_hotel.csv,昌黎黄金海岸北京银工培训学校宾馆,酒店住宿,其他,119.33122,39.693151,hotel
poi_hotel.csv,昌黎海鸿海景酒店,酒店住宿,其他,119.338868,39.699528,hotel
poi_hotel.csv,秦皇岛月儿弯弯民宿酒店,酒店住宿,其他,119.337303,39.692374,hotel
poi_hotel.csv,昌黎Macy公寓,酒店住宿,其他,119.337376,39.692524000000006,hotel
poi_hotel.csv,逅岸寄居蟹民宿豪华酒店,酒店住宿,其他,119.336179,39.692472,hotel
poi_hotel.csv,昌黎阿海公寓,酒店住宿,其他,119.339709,39.699224,hotel
poi_hotel.csv,昌黎艾苇公寓,酒店住宿,其他,119.339195,39.698661,hotel
poi_hotel.csv,昌黎周莹公寓,酒店住宿,其他,119.33911,39.69854,hotel
poi_hotel.csv,秦皇岛黄金海岸澳景蓝湾海尚居,酒店住宿,其他,119.336828,39.692557,hotel
poi_hotel.csv,昌黎时代海岸一线海景公寓豪华酒店,酒店住宿,其他,119.338517,39.699834,hotel
poi_hotel.csv,昌黎黄金海岸时代海岸海景公寓,酒店住宿,其他,119.338401,39.698538,hotel
poi_hotel.csv,昌黎黄金海岸时代海岸1号观海公寓,酒店住宿,其他,119.338675,39.699066,hotel
poi_hotel.csv,海之韵客栈,酒店住宿,其他,119.339562,39.699102,hotel
poi_hotel.csv,昌黎澳景蓝湾两居室大床房公寓,酒店住宿,其他,119.336657,39.692968,hotel
poi_hotel.csv,秦皇岛时代海岸海景公寓,酒店住宿,其他,119.338713,39.699259000000005,hotel
poi_hotel.csv,华府·黄金海岸精品民宿酒店,酒店住宿,舒适型酒店,119.336862,39.693876,hotel
poi_hotel.csv,时光美宿HOTEL,酒店住宿,其他,119.338575,39.699297,hotel
poi_hotel.csv,汤屹公寓,酒店住宿,其他,119.33739,39.693794,hotel
poi_hotel.csv,昌黎时代海岸全海景公寓,酒店住宿,其他,119.338603,39.699235,hotel
poi_hotel.csv,时代海岸日出海景公寓,酒店住宿,舒适型酒店,119.338588,39.698294,hotel
poi_hotel.csv,秦皇岛赶海人家公寓,酒店住宿,其他,119.339055,39.698523,hotel
poi_hotel.csv,海景龙苑花园别墅4号楼,酒店住宿,舒适型酒店,119.336895,39.693418,hotel
poi_hotel.csv,昌黎黄金海岸时代海岸公寓2号楼店,酒店住宿,其他,119.338965,39.69845,hotel
poi_hotel.csv,昌黎黄金海岸1号海景公寓,酒店住宿,其他,119.339466,39.69904,hotel
poi_hotel.csv,大澳管家酒店式公寓,酒店住宿,其他,119.338324,39.692611,hotel
poi_hotel.csv,昌黎黄金海岸时代海岸高层海景公寓,酒店住宿,其他,119.338767,39.699234,hotel
poi_hotel.csv,澳景蓝湾悦澜海景别墅民宿酒店,酒店住宿,舒适型酒店,119.330902,39.692906,hotel
poi_hotel.csv,观海第一楼时代海岸公寓,酒店住宿,其他,119.33849,39.69868,hotel
poi_hotel.csv,舍得会馆,酒店住宿,其他,119.337892,39.703358,hotel
poi_hotel.csv,Meet·遇见海景酒店,酒店住宿,其他,119.338769,39.699276000000005,hotel
poi_hotel.csv,秦皇岛名人瀛园碧海景园公寓,酒店住宿,其他,119.341393,39.70179,hotel
poi_hotel.csv,秦皇岛时代海岸度假海景公寓,酒店住宿,其他,119.339698,39.700717,hotel
poi_hotel.csv,滨海酒店,酒店住宿,其他,119.335903,39.698756,hotel
poi_hotel.csv,荷韵娟子客栈,酒店住宿,其他,119.339975,39.698476,hotel
poi_hotel.csv,昌黎黄金海岸滏龙达酒店1234,酒店住宿,其他,119.336779,39.702969,hotel
poi_hotel.csv,素说Sea Story海景公寓,酒店住宿,其他,119.338693,39.698522,hotel
poi_hotel.csv,秦皇岛黄金海岸海景公寓任姐店,酒店住宿,其他,119.339074,39.698882,hotel
poi_hotel.csv,秦皇岛李昶达度假别墅,酒店住宿,其他,119.340905,39.704049,hotel
poi_hotel.csv,昌黎时代海岸蓝岛公寓,酒店住宿,其他,119.339038,39.698564,hotel
poi_hotel.csv,黄金海岸海景公寓,酒店住宿,其他,119.339656,39.699245,hotel
poi_hotel.csv,昌黎黄金海岸海景龙苑花园别墅,酒店住宿,其他,119.336631,39.693337,hotel
poi_hotel.csv,秦皇岛拾光忆海美宿公寓,酒店住宿,其他,119.339666,39.69926,hotel
poi_hotel.csv,秦皇岛澳景蓝湾海景龙苑海景房公寓,酒店住宿,其他,119.335661,39.693105,hotel
poi_hotel.csv,半岛海景度假酒店,酒店住宿,其他,119.339492,39.700921,hotel
poi_hotel.csv,花筑·蓝天酒店,酒店住宿,其他,119.333114,39.699189,hotel
poi_hotel.csv,秦皇岛小齐家的海边故事度假别墅,酒店住宿,其他,119.335438,39.693585000000006,hotel
poi_hotel.csv,秦皇岛黄金海岸海景公寓近海公寓,酒店住宿,其他,119.339158,39.698657,hotel
poi_hotel.csv,黄金海岸利属沙滩海边别墅,酒店住宿,其他,119.338204,39.696943,hotel
poi_hotel.csv,秦皇岛新月公寓,酒店住宿,其他,119.339443,39.698381000000005,hotel
poi_hotel.csv,秦皇岛柏树柚子公寓,酒店住宿,其他,119.339855,39.699141,hotel
poi_hotel.csv,楚岳海景酒店,酒店住宿,其他,119.338814,39.698134,hotel
poi_hotel.csv,秦皇岛A私家海滩大套房公寓,酒店住宿,其他,119.337286,39.692515,hotel
poi_hotel.csv,秦皇岛南戴河黄金海岸澳景蓝湾度假海景公寓,酒店住宿,其他,119.338777,39.699287,hotel
poi_hotel.csv,秦皇岛北戴河黄金海岸海景龙苑高层海景公寓,酒店住宿,其他,119.338111,39.694729,hotel
poi_hotel.csv,秦皇岛阿尔卡迪亚H公寓,酒店住宿,其他,119.338463,39.698566,hotel
poi_hotel.csv,海景龙苑私家海滩公寓,酒店住宿,其他,119.337639,39.693633,hotel
poi_hotel.csv,秦皇岛北戴河金之旅公寓,酒店住宿,其他,119.333292,39.694587,hotel
poi_hotel.csv,昌黎时代海岸1号观海楼公寓,酒店住宿,其他,119.339157,39.698558,hotel
poi_hotel.csv,秦皇岛碧螺湾亲海度假休闲别墅,酒店住宿,其他,119.332674,39.694924,hotel
poi_hotel.csv,昌黎面朝大海春暖花开的家公寓,酒店住宿,其他,119.338497,39.699903,hotel
poi_hotel.csv,秦皇岛黄金海岸海岸林庭公寓一纬路店,酒店住宿,其他,119.331586,39.69839,hotel
poi_hotel.csv,天海度假村,酒店住宿,其他,119.342854,39.709759000000005,hotel
poi_hotel.csv,甲壹号豪华酒店,酒店住宿,舒适型酒店,119.345982,39.715586,hotel
poi_hotel.csv,中技度假村,酒店住宿,其他,119.343977,39.712447,hotel
poi_hotel.csv,秦皇岛观海便捷酒店,酒店住宿,其他,119.346101,39.715112,hotel
poi_hotel.csv,昌黎李姐临海公寓,酒店住宿,其他,119.342626,39.709345,hotel
poi_hotel.csv,秦皇岛海景公寓坤姐店,酒店住宿,其他,119.342499,39.709499,hotel
poi_hotel.csv,昌黎天海公寓,酒店住宿,其他,119.343132,39.709458000000005,hotel
poi_hotel.csv,秦皇岛东慧公寓,酒店住宿,其他,119.344228,39.707887,hotel
poi_hotel.csv,龙华园海景豪华酒店,酒店住宿,其他,119.345546,39.714761,hotel
poi_hotel.csv,秦皇岛二三.别墅,酒店住宿,其他,119.347109,39.716086,hotel
poi_hotel.csv,昌黎海景家庭房公寓,酒店住宿,其他,119.343106,39.709002,hotel
poi_hotel.csv,秦皇岛齐齐-海边民宿房东,酒店住宿,其他,119.346004,39.714743,hotel
poi_hotel.csv,昌黎临海一号假日海景公寓,酒店住宿,其他,119.342518,39.70957000000001,hotel
poi_hotel.csv,私人海滩海景公寓,酒店住宿,其他,119.342577,39.709783,hotel
poi_hotel.csv,客房部,酒店住宿,其他,119.346114,39.715228,hotel
poi_hotel.csv,秦皇岛昌黎黄金海岸亲海别墅,酒店住宿,其他,119.347348,39.716123,hotel
poi_hotel.csv,秦皇岛XiaoMiNancy公寓,酒店住宿,其他,119.345945,39.714706,hotel
poi_hotel.csv,秦皇岛亲子出游首选豪华酒店式公寓,酒店住宿,其他,119.342588,39.709234,hotel
poi_hotel.csv,秦皇岛李凯旋公寓,酒店住宿,其他,119.343662,39.708959,hotel
poi_hotel.csv,秦皇岛美好生活同行者公寓,酒店住宿,其他,119.344275,39.708742,hotel
poi_hotel.csv,海岸线主题宾馆,酒店住宿,其他,119.343467,39.71001,hotel
poi_hotel.csv,秦皇岛小齐家的海边故事公寓,酒店住宿,其他,119.343623,39.710041,hotel
poi_hotel.csv,遇见海家庭主题海景房公寓,酒店住宿,其他,119.343129,39.709237,hotel
poi_hotel.csv,小鹿的店别墅,酒店住宿,其他,119.343877,39.710532,hotel
poi_hotel.csv,碧海蓝天海景公寓,酒店住宿,其他,119.343631,39.710035,hotel
poi_hotel.csv,秦皇岛近海精装假日公寓,酒店住宿,其他,119.343625,39.709987000000005,hotel
poi_hotel.csv,怡园,酒店住宿,其他,119.344235,39.714355,hotel
poi_hotel.csv,秦皇岛黄金海岸临海一号豪华酒店式公寓,酒店住宿,其他,119.342523,39.709606,hotel
poi_hotel.csv,秦皇岛Iris李公寓,酒店住宿,其他,119.345421,39.714532,hotel
poi_hotel.csv,南戴河国家信息技术中心黄金海岸培训基地,酒店住宿,其他,119.344244,39.716635,hotel
poi_hotel.csv,秦皇岛北戴河浅水湾日出别墅,酒店住宿,其他,119.344167,39.712049,hotel
poi_hotel.csv,北京将台假日豪华酒店,酒店住宿,舒适型酒店,119.34209,39.706296,hotel
poi_hotel.csv,7天酒店,酒店住宿,其他,119.338811,39.710761,hotel
poi_hotel.csv,海辰假日豪华酒店,酒店住宿,其他,119.341999,39.705920000000006,hotel
poi_hotel.csv,秦皇岛京安酒店,酒店住宿,其他,119.341923,39.705522,hotel
poi_hotel.csv,昌黎港湾酒店,酒店住宿,其他,119.341141,39.706746,hotel
poi_hotel.csv,南戴河黄金海岸林涛酒店,酒店住宿,其他,119.337981,39.707624,hotel
poi_hotel.csv,日出晨曦海景公寓,酒店住宿,其他,119.338321,39.710957,hotel
poi_hotel.csv,天都大酒店,酒店住宿,其他,119.341304,39.710742,hotel
poi_hotel.csv,南戴河汤泉高尔夫公寓豪华酒店,酒店住宿,其他,119.33713,39.7173,hotel
poi_hotel.csv,瑞麟湾酒店,酒店住宿,其他,119.342457,39.707424,hotel
poi_hotel.csv,昌黎金洋海景公寓,酒店住宿,其他,119.339412,39.70797,hotel
poi_hotel.csv,昌黎王宁公寓,酒店住宿,其他,119.342537,39.709669,hotel
poi_hotel.csv,秦皇岛房东小男男公寓,酒店住宿,其他,119.342498,39.709669,hotel
poi_hotel.csv,至嘉公寓豪华酒店,酒店住宿,其他,119.339229,39.708108,hotel
poi_hotel.csv,秦皇岛雪儿家海景公寓,酒店住宿,其他,119.337733,39.717423,hotel
poi_hotel.csv,昌黎陈镇公寓,酒店住宿,其他,119.337647,39.717266,hotel
poi_hotel.csv,秦皇岛天天很快乐公寓,酒店住宿,其他,119.338457,39.711217,hotel
poi_hotel.csv,昌黎鲁明皓公寓,酒店住宿,其他,119.340778,39.707618,hotel
poi_hotel.csv,昌黎临海日出公寓,酒店住宿,其他,119.342052,39.705747,hotel
poi_hotel.csv,北戴河黄金海岸高尔夫公寓,酒店住宿,舒适型酒店,119.337229,39.717169000000005,hotel
poi_hotel.csv,昌黎遇见你海景假日公寓,酒店住宿,其他,119.33889,39.70801,hotel
poi_hotel.csv,秦皇岛温馨浪漫海景之家豪华酒店式公寓,酒店住宿,其他,119.341935,39.709822,hotel
poi_hotel.csv,秦皇岛赵爱华公寓,酒店住宿,其他,119.342521,39.709654,hotel
poi_hotel.csv,昌黎自然优家公寓,酒店住宿,其他,119.337659,39.717456,hotel
poi_hotel.csv,秦皇岛海洋之心ing别墅,酒店住宿,其他,119.332036,39.71523,hotel
poi_hotel.csv,京方假日公寓,酒店住宿,舒适型酒店,119.339782,39.707958000000005,hotel
poi_hotel.csv,梦创未来民宿酒店,酒店住宿,舒适型酒店,119.333684,39.711302,hotel
poi_hotel.csv,大勇民宿酒店,酒店住宿,舒适型酒店,119.333506,39.711269,hotel
poi_hotel.csv,秦皇岛与你有约公寓,酒店住宿,舒适型酒店,119.337312,39.709331,hotel
poi_hotel.csv,秦皇岛.小燕公寓,酒店住宿,其他,119.338887,39.716919,hotel
poi_hotel.csv,秦皇岛史东波公寓,酒店住宿,其他,119.342419,39.710057,hotel
poi_hotel.csv,秦皇岛雨恒公寓,酒店住宿,其他,119.33823,39.711045,hotel
poi_hotel.csv,秦皇岛zl张玲公寓,酒店住宿,其他,119.33806,39.710624,hotel
poi_hotel.csv,秦皇岛一英别墅,酒店住宿,其他,119.337151,39.717507000000005,hotel
poi_hotel.csv,昌黎东方海澜公寓,酒店住宿,其他,119.33971,39.708106,hotel
poi_hotel.csv,拾光海豪华酒店,酒店住宿,其他,119.337452,39.71743,hotel
poi_hotel.csv,北戴河海景民宿酒店,酒店住宿,其他,119.342539,39.709636,hotel
poi_hotel.csv,秦皇岛小样儿度假别墅,酒店住宿,其他,119.337126,39.717496,hotel
poi_hotel.csv,OYO智享香槐海度假公寓,酒店住宿,舒适型酒店,119.333692,39.711314,hotel
poi_hotel.csv,丰台文教,酒店住宿,舒适型酒店,119.342034,39.706797,hotel
poi_hotel.csv,昌黎黄金海岸东方假日森柏公寓,酒店住宿,其他,119.339282,39.708079000000005,hotel
poi_hotel.csv,海上人家公寓,酒店住宿,其他,119.339109,39.707547000000005,hotel
poi_hotel.csv,秦皇岛黄金海岸大鹏民宿酒店,酒店住宿,其他,119.339257,39.707879000000005,hotel
poi_hotel.csv,秦皇岛黄金海岸假日公寓,酒店住宿,其他,119.339313,39.708167,hotel
poi_hotel.csv,澳景蓝湾海景公寓,酒店住宿,其他,119.342425,39.709642,hotel
poi_hotel.csv,秦皇岛李昶达公寓,酒店住宿,其他,119.340816,39.706534,hotel
poi_hotel.csv,海公馆海景公寓,酒店住宿,其他,119.337875,39.710365,hotel
poi_hotel.csv,大野子公寓,酒店住宿,其他,119.342443,39.70969,hotel
poi_hotel.csv,王泽成公寓,酒店住宿,其他,119.338586,39.710714,hotel
poi_hotel.csv,秦皇岛哎呦喂妈妈咪公寓,酒店住宿,其他,119.337674,39.717367,hotel
poi_hotel.csv,秦皇岛朱叶特色民宿,酒店住宿,其他,119.342504,39.706798,hotel
poi_hotel.csv,秦皇岛温馨之家民宿酒店,酒店住宿,其他,119.201281,39.695628000000006,hotel
poi_hotel.csv,秦皇岛娜娜民宿吉祥尚府分店,酒店住宿,其他,119.200966,39.695764,hotel
poi_hotel.csv,尚客优酒店,酒店住宿,舒适型酒店,119.193893,39.710012,hotel
poi_hotel.csv,金凤缘酒店,酒店住宿,其他,119.195986,39.707972,hotel
poi_hotel.csv,昌黎自然优家公寓,酒店住宿,其他,119.203001,39.719995,hotel
poi_hotel.csv,秦皇岛心里公寓,酒店住宿,其他,119.198012,39.721992,hotel
poi_hotel.csv,德慧园旅社,酒店住宿,舒适型酒店,119.195588,39.723379,hotel
poi_hotel.csv,秦皇岛近海一室公寓,酒店住宿,其他,119.198707,39.742144,hotel
poi_hotel.csv,昌黎馨逸豪华酒店公寓,酒店住宿,其他,119.179418,39.726425,hotel
poi_hotel.csv,金泽公寓,酒店住宿,舒适型酒店,119.179389,39.726407,hotel
poi_hotel.csv,昌黎盛世·花园豪华酒店,酒店住宿,其他,119.168965,39.718602,hotel
poi_hotel.csv,青山居民宿酒店,酒店住宿,其他,119.15882,39.739926,hotel
poi_hotel.csv,昌黎洪芳酒店,酒店住宿,其他,119.152063,39.711855,hotel
poi_hotel.csv,亿淼洗浴酒店,酒店住宿,其他,119.153051,39.711546,hotel
poi_hotel.csv,观海楼酒店,酒店住宿,豪华型酒店,119.528658,39.834877,hotel
poi_hotel.csv,鹰翔假日豪华酒店,酒店住宿,舒适型酒店,119.527667,39.835052,hotel
poi_hotel.csv,秦皇岛梁金假别墅,酒店住宿,其他,119.517982,39.834725,hotel
poi_hotel.csv,谷雨海景酒店,酒店住宿,其他,119.526331,39.83446,hotel
poi_hotel.csv,和颐至格酒店,酒店住宿,其他,119.523169,39.834689,hotel
poi_hotel.csv,北戴河恒颐度假庭院,酒店住宿,其他,119.523008,39.834476,hotel
poi_hotel.csv,北戴河鑫鸽日出旅馆,酒店住宿,舒适型酒店,119.524967,39.835157,hotel
poi_hotel.csv,北戴河鸽子窝日出相伴别墅,酒店住宿,其他,119.517956,39.834746,hotel
poi_hotel.csv,秦皇岛风尚空间青年旅舍,酒店住宿,青旅,119.522754,39.833807,hotel
poi_hotel.csv,福家宴豪华酒店,酒店住宿,其他,119.525198,39.838508,hotel
poi_hotel.csv,金湾海景豪华酒店,酒店住宿,其他,119.524904,39.835637,hotel
poi_hotel.csv,遇见海日出客栈,酒店住宿,其他,119.526265,39.834338,hotel
poi_hotel.csv,7天优品酒店,酒店住宿,其他,119.522354,39.835099,hotel
poi_hotel.csv,金海园,酒店住宿,高档型酒店,119.51614,39.837836,hotel
poi_hotel.csv,北戴河逸海蓝天公寓,酒店住宿,舒适型酒店,119.506057,39.834727,hotel
poi_hotel.csv,北戴河晨曦公寓,酒店住宿,其他,119.505982,39.834812,hotel
poi_hotel.csv,秦皇岛大海的号令普通公寓,酒店住宿,其他,119.505002,39.834222,hotel
poi_hotel.csv,秦皇岛紫衣月影公寓,酒店住宿,其他,119.505319,39.835879,hotel
poi_hotel.csv,秦皇岛艳英家庭公寓,酒店住宿,其他,119.505256,39.836321,hotel
poi_hotel.csv,北戴河爱相随公寓,酒店住宿,其他,119.504824,39.83368,hotel
poi_hotel.csv,北戴河赤土山亲亲公寓,酒店住宿,其他,119.505389,39.833733,hotel
poi_hotel.csv,秦皇岛鸽子窝临海公寓,酒店住宿,其他,119.505269,39.83624,hotel
poi_hotel.csv,秦皇岛小欧民宿酒店,酒店住宿,其他,119.505099,39.834976000000005,hotel
poi_hotel.csv,秦皇岛海湾家庭公寓,酒店住宿,其他,119.505266,39.838629,hotel
poi_hotel.csv,秦皇岛淑荣家庭公寓,酒店住宿,其他,119.505364,39.833791,hotel
poi_hotel.csv,北戴河公维建公寓,酒店住宿,其他,119.505349,39.838916,hotel
poi_hotel.csv,秦皇岛海浪鸥鸽公寓,酒店住宿,其他,119.505281,39.836558,hotel
poi_hotel.csv,秦皇岛大松1978公寓,酒店住宿,其他,119.505451,39.833431,hotel
poi_hotel.csv,北戴河辰辰家庭公寓,酒店住宿,其他,119.505915,39.836639,hotel
poi_hotel.csv,秦皇岛一个软萌淑公寓,酒店住宿,其他,119.505141,39.835885000000005,hotel
poi_hotel.csv,秦皇岛司司呀公寓,酒店住宿,其他,119.50553,39.837756,hotel
poi_hotel.csv,北戴河小影公寓,酒店住宿,其他,119.506017,39.835995,hotel
poi_hotel.csv,秦皇岛樟脑的香公寓,酒店住宿,其他,119.50488,39.835144,hotel
poi_hotel.csv,秦皇岛八月的雨季公寓,酒店住宿,其他,119.504887,39.834925,hotel
poi_hotel.csv,秦皇岛乖乖妈妈民宿酒店,酒店住宿,其他,119.505266,39.834083,hotel
poi_hotel.csv,秦皇岛唯爱公寓,酒店住宿,其他,119.505131,39.835332,hotel
poi_hotel.csv,秦皇岛新欣公寓,酒店住宿,其他,119.505587,39.834379000000006,hotel
poi_hotel.csv,秦皇岛单菲公寓,酒店住宿,其他,119.505981,39.833577000000005,hotel
poi_hotel.csv,北戴河晓辉公寓,酒店住宿,其他,119.505746,39.839038,hotel
poi_hotel.csv,北戴河喜居近海精品公寓,酒店住宿,其他,119.504872,39.834777,hotel
poi_hotel.csv,秦皇岛李智勇公寓,酒店住宿,其他,119.505481,39.834167,hotel
poi_hotel.csv,秦皇岛紫衣月影公寓,酒店住宿,其他,119.505402,39.836089,hotel
poi_hotel.csv,北戴河碧海湾家庭公寓,酒店住宿,其他,119.505361,39.838144,hotel
poi_hotel.csv,北戴河东海岸度假公寓,酒店住宿,其他,119.505421,39.835778,hotel
poi_hotel.csv,秦皇岛那个姑娘·那片海公寓,酒店住宿,其他,119.505428,39.838153,hotel
poi_hotel.csv,秦皇岛R小美7140公寓,酒店住宿,其他,119.505368,39.833661,hotel
poi_hotel.csv,秦皇岛挑战者公寓,酒店住宿,其他,119.506307,39.839515,hotel
poi_hotel.csv,秦皇岛同花顺公寓,酒店住宿,其他,119.505119,39.836956,hotel
poi_hotel.csv,北戴河小雪公寓,酒店住宿,其他,119.505027,39.833823,hotel
poi_hotel.csv,北戴河印元公寓,酒店住宿,舒适型酒店,119.505601,39.835777,hotel
poi_hotel.csv,北戴河忆海公寓,酒店住宿,其他,119.505467,39.835694,hotel
poi_hotel.csv,秦皇岛北戴河后海田园公寓,酒店住宿,其他,119.506253,39.839128,hotel
poi_hotel.csv,北戴河兄弟公寓,酒店住宿,其他,119.506073,39.836001,hotel
poi_hotel.csv,北戴河美宿近海公寓,酒店住宿,其他,119.506001,39.834799,hotel
poi_hotel.csv,秦皇岛我是海滨小房东公寓,酒店住宿,其他,119.504864,39.834831,hotel
poi_hotel.csv,秦皇岛紫衣月影公寓,酒店住宿,其他,119.505326,39.835905,hotel
poi_hotel.csv,秦皇岛一路平顺公寓,酒店住宿,其他,119.506265,39.839677,hotel
poi_hotel.csv,北戴河星光海岸近海公寓,酒店住宿,其他,119.505012,39.838455,hotel
poi_hotel.csv,杨冉家庭公寓,酒店住宿,舒适型酒店,119.505963,39.834696,hotel
poi_hotel.csv,赤土山东海岸西西民宿酒店,酒店住宿,舒适型酒店,119.505111,39.836224,hotel
poi_hotel.csv,北戴河严爽家庭公寓,酒店住宿,其他,119.505211,39.833441,hotel
poi_hotel.csv,秦皇岛小梅公寓,酒店住宿,其他,119.505294,39.833494,hotel
poi_hotel.csv,秦皇岛北戴河宁姐民宿酒店,酒店住宿,其他,119.50534,39.836502,hotel
poi_hotel.csv,北戴河靠近海公寓,酒店住宿,其他,119.506061,39.83383,hotel
poi_hotel.csv,北戴河海韵风情近海公寓,酒店住宿,其他,119.505306,39.834397,hotel
poi_hotel.csv,秦皇岛悟吖公寓,酒店住宿,其他,119.505352,39.83613,hotel
poi_hotel.csv,秦皇岛周斌斌的公寓,酒店住宿,其他,119.506117,39.834743,hotel
poi_hotel.csv,北戴河刚子公寓,酒店住宿,其他,119.505542,39.836647,hotel
poi_hotel.csv,秦皇岛东海岸鑫睿民宿酒店,酒店住宿,其他,119.505277,39.836173,hotel
poi_hotel.csv,北戴河逸家公寓,酒店住宿,其他,119.505186,39.8395,hotel
poi_hotel.csv,秦皇岛李子豪公寓,酒店住宿,舒适型酒店,119.504992,39.83813,hotel
poi_hotel.csv,北戴河远夏光年公寓,酒店住宿,其他,119.505778,39.836382,hotel
poi_hotel.csv,北戴河满意温馨公寓,酒店住宿,其他,119.506026,39.833858,hotel
poi_hotel.csv,秦皇岛军香公寓,酒店住宿,其他,119.505435,39.834458,hotel
poi_hotel.csv,秦皇岛郭向东公寓,酒店住宿,其他,119.504923,39.83906,hotel
poi_hotel.csv,秀冬公寓,酒店住宿,其他,119.505224,39.834145,hotel
poi_hotel.csv,秦皇岛井小欧公寓,酒店住宿,其他,119.505113,39.83487,hotel
poi_hotel.csv,杨咏涵公寓,酒店住宿,其他,119.504973,39.836907,hotel
poi_hotel.csv,秦皇岛星心狐公寓,酒店住宿,其他,119.505283,39.838808,hotel
poi_hotel.csv,秦皇岛猎豹001公寓,酒店住宿,其他,119.504888,39.83654,hotel
poi_hotel.csv,秦皇岛海之静温馨家庭公寓,酒店住宿,其他,119.504963,39.836402,hotel
poi_hotel.csv,秦皇岛用户5914特色民宿酒店,酒店住宿,其他,119.505431,39.833816,hotel
poi_hotel.csv,大禹家公寓,酒店住宿,其他,119.505364,39.838605,hotel
poi_hotel.csv,秦皇岛温馨亮亮小栈公寓,酒店住宿,其他,119.506381,39.839506,hotel
poi_hotel.csv,秦皇岛东海岸了了家的公寓,酒店住宿,其他,119.50592,39.834766,hotel
poi_hotel.csv,易笑民宿,酒店住宿,其他,119.505016,39.838815,hotel
poi_hotel.csv,秦皇岛北戴河鹏海公寓,酒店住宿,其他,119.504928,39.836233,hotel
poi_hotel.csv,秦皇岛北戴河鹏海公寓,酒店住宿,其他,119.50498,39.83628,hotel
poi_hotel.csv,秦皇岛北戴河莹家公寓,酒店住宿,其他,119.505254,39.838536,hotel
poi_hotel.csv,秦皇岛豆豆的熊熊公寓,酒店住宿,其他,119.506165,39.839221,hotel
poi_hotel.csv,秦皇岛刘庄温馨家庭公寓,酒店住宿,其他,119.505003,39.83641900000001,hotel
poi_hotel.csv,秦皇岛赤土山那片海精装两室三室公寓,酒店住宿,其他,119.505399,39.834448,hotel
poi_hotel.csv,魏魏的公寓,酒店住宿,其他,119.505018,39.835321,hotel
poi_hotel.csv,秦皇岛北戴河宜宾公寓豪华酒店,酒店住宿,其他,119.50539,39.83452,hotel
poi_hotel.csv,秦皇岛依诺冀祥之家公寓,酒店住宿,其他,119.506033,39.839231,hotel
poi_hotel.csv,秦皇岛新欣精品公寓,酒店住宿,其他,119.505047,39.834774,hotel
poi_hotel.csv,秦皇岛于洪吉公寓,酒店住宿,其他,119.505874,39.833438,hotel
poi_hotel.csv,爱情海公寓,酒店住宿,其他,119.505449,39.836299,hotel
poi_hotel.csv,秦皇岛浅水湾公寓4号店,酒店住宿,其他,119.506026,39.839732,hotel
poi_hotel.csv,秦皇岛北戴河爱荣近海公寓,酒店住宿,其他,119.50488,39.833857,hotel
poi_hotel.csv,秦皇岛临海温馨公寓,酒店住宿,其他,119.505319,39.836298000000006,hotel
poi_hotel.csv,秦皇岛北戴河俊俊公寓,酒店住宿,其他,119.505248,39.838635,hotel
poi_hotel.csv,秦皇岛北戴河倩倩家庭公寓,酒店住宿,其他,119.505059,39.838387,hotel
poi_hotel.csv,秦皇岛北戴河近海阳光家庭公寓,酒店住宿,其他,119.516395,39.83815499999999,hotel
poi_hotel.csv,秦皇岛北戴河蔚蓝海岸自助公寓,酒店住宿,其他,119.505601,39.834382000000005,hotel
poi_hotel.csv,秦皇岛北戴河畅心居公寓,酒店住宿,其他,119.505382,39.836024,hotel
poi_hotel.csv,秦皇岛北戴河心心近海公寓,酒店住宿,其他,119.504969,39.835248,hotel
poi_hotel.csv,秦皇岛如玉东海岸家庭公寓分店,酒店住宿,其他,119.50554,39.835996,hotel
poi_hotel.csv,秦皇岛近海豪华装修大三居普通公寓,酒店住宿,其他,119.505406,39.833748,hotel
poi_hotel.csv,秦皇岛北戴河赤土山新村小凡家庭公寓,酒店住宿,舒适型酒店,119.506165,39.839577,hotel
poi_hotel.csv,秦皇岛大海的号令公寓,酒店住宿,其他,119.505005,39.84112,hotel
poi_hotel.csv,秦皇岛北戴河悦悦公寓,酒店住宿,其他,119.505066,39.834769,hotel
poi_hotel.csv,秦皇岛我家也是你的家公寓,酒店住宿,其他,119.505414,39.834439,hotel
poi_hotel.csv,新华假日酒店,酒店住宿,高档型酒店,119.493411,39.81953,hotel
poi_hotel.csv,秦皇岛北戴河洲顿亚朵豪华酒店,酒店住宿,其他,119.503434,39.819298,hotel
poi_hotel.csv,东经路酒店,酒店住宿,豪华型酒店,119.496816,39.819616,hotel
poi_hotel.csv,金台海景豪华酒店,酒店住宿,高档型酒店,119.504683,39.817995,hotel
poi_hotel.csv,北戴河观沧海度假村,酒店住宿,高档型酒店,119.493518,39.816329,hotel
poi_hotel.csv,外交部北戴河休养所,酒店住宿,其他,119.493735,39.817163,hotel
poi_hotel.csv,黄金宾馆,酒店住宿,其他,119.495984,39.818333,hotel
poi_hotel.csv,逸馨园,酒店住宿,其他,119.498611,39.820344,hotel
poi_hotel.csv,海岸线海景酒店,酒店住宿,其他,119.496986,39.815053,hotel
poi_hotel.csv,品鲜阁酒店,酒店住宿,其他,119.496354,39.814838,hotel
poi_hotel.csv,花间树·近海庭意豪华酒店,酒店住宿,其他,119.493832,39.818666,hotel
poi_hotel.csv,北戴河昊岳精品豪华酒店,酒店住宿,其他,119.495656,39.818716,hotel
poi_hotel.csv,耐斯海景豪华酒店,酒店住宿,其他,119.493295,39.817391,hotel
poi_hotel.csv,秦皇岛汐舍房东小刘民宿酒店,酒店住宿,其他,119.50413,39.820296000000006,hotel
poi_hotel.csv,秦皇岛北戴河海滨别墅,酒店住宿,其他,119.503158,39.819252,hotel
poi_hotel.csv,北戴河交通辽养院交通酒店,酒店住宿,其他,119.497289,39.818048,hotel
poi_hotel.csv,秦皇岛嘟嘟自在小公寓,酒店住宿,其他,119.504378,39.82055,hotel
poi_hotel.csv,北戴河馥民宿酒店,酒店住宿,其他,119.496859,39.818122,hotel
poi_hotel.csv,北戴河交通疗养院,酒店住宿,其他,119.497685,39.818112,hotel
poi_hotel.csv,庆欣居酒店,酒店住宿,其他,119.499115,39.818718,hotel
poi_hotel.csv,北戴河交通疗养院,酒店住宿,其他,119.497858,39.81701,hotel
poi_hotel.csv,爱君旅店北戴河,酒店住宿,其他,119.49918,39.817315,hotel
poi_hotel.csv,秦皇岛房东杨光公寓,酒店住宿,其他,119.500652,39.816771,hotel
poi_hotel.csv,北戴河御墅龙湾胖姐公寓,酒店住宿,其他,119.504242,39.819185,hotel
poi_hotel.csv,北戴河海梦缘御墅龙湾临海一栈,酒店住宿,其他,119.503424,39.819153,hotel
poi_hotel.csv,秦皇岛李先生别墅,酒店住宿,其他,119.502977,39.819299,hotel
poi_hotel.csv,北戴河和风独栋别墅,酒店住宿,其他,119.50314,39.819123000000005,hotel
poi_hotel.csv,秦皇岛寒冬111度假别墅,酒店住宿,其他,119.496787,39.819576,hotel
poi_hotel.csv,水利部疗养院别墅,酒店住宿,其他,119.493377,39.819705,hotel
poi_hotel.csv,竹水谣精品酒店,酒店住宿,其他,119.493866,39.818792,hotel
poi_hotel.csv,红莲湾酒店,酒店住宿,其他,119.490027,39.834454,hotel
poi_hotel.csv,北戴河福琪民宿酒店,酒店住宿,舒适型酒店,119.487826,39.837265,hotel
poi_hotel.csv,北戴河独上兰舟民宿酒店,酒店住宿,其他,119.490076,39.835930000000005,hotel
poi_hotel.csv,喜民酒店,酒店住宿,舒适型酒店,119.487944,39.837256,hotel
poi_hotel.csv,友邻酒店,酒店住宿,其他,119.492229,39.842586,hotel
poi_hotel.csv,花和海轰趴日租别墅,酒店住宿,其他,119.488059,39.844679,hotel
poi_hotel.csv,秦皇岛北戴河私人公寓,酒店住宿,其他,119.483938,39.834032,hotel
poi_hotel.csv,敬雯民宿,酒店住宿,舒适型酒店,119.490113,39.835773,hotel
poi_hotel.csv,北戴河栖迟民宿酒店,酒店住宿,其他,119.489923,39.835729,hotel
poi_hotel.csv,北戴河婉君民宿酒店,酒店住宿,其他,119.488388,39.837028,hotel
poi_hotel.csv,花筑•荷韵小筑,酒店住宿,其他,119.49049,39.835811,hotel
poi_hotel.csv,秦皇岛刘惠敏别墅,酒店住宿,其他,119.490124,39.836567,hotel
poi_hotel.csv,北戴河夏之都公寓,酒店住宿,其他,119.483482,39.834034,hotel
poi_hotel.csv,秦皇岛然然自助公寓,酒店住宿,其他,119.490104,39.837315,hotel
poi_hotel.csv,秦皇岛盛家别墅,酒店住宿,其他,119.4914,39.83818,hotel
poi_hotel.csv,北戴河翔鸿别院,酒店住宿,其他,119.49092,39.838073,hotel
poi_hotel.csv,北戴河成茗民宿酒店,酒店住宿,舒适型酒店,119.490746,39.838147,hotel
poi_hotel.csv,秦皇岛云成别墅,酒店住宿,其他,119.490209,39.837916,hotel
poi_hotel.csv,秦皇岛盛家旅馆,酒店住宿,其他,119.487406,39.838381,hotel
poi_hotel.csv,北戴河泰达酒店,酒店住宿,其他,119.492283,39.834518,hotel
poi_hotel.csv,方杰旅馆餐馆,酒店住宿,舒适型酒店,119.488129,39.835932,hotel
poi_hotel.csv,蓬莱居酒店,酒店住宿,舒适型酒店,119.490449,39.834553,hotel
poi_hotel.csv,蓬莱居酒店,酒店住宿,其他,119.490483,39.834568,hotel
poi_hotel.csv,北戴河新梅民宿,酒店住宿,其他,119.488079,39.836645,hotel
poi_hotel.csv,秦皇岛九方公寓,酒店住宿,其他,119.491652,39.834811,hotel
poi_hotel.csv,北戴河大伟酒店,酒店住宿,其他,119.491112,39.838836,hotel
poi_hotel.csv,秦皇岛北戴河静思圆民宿酒店,酒店住宿,其他,119.489384,39.835597,hotel
poi_hotel.csv,秦皇岛安澜房东别墅,酒店住宿,其他,119.489483,39.83859,hotel
poi_hotel.csv,丽霞民宿,酒店住宿,其他,119.491911,39.835978,hotel
poi_hotel.csv,北戴河佳佳民宿酒店,酒店住宿,舒适型酒店,119.489972,39.836502,hotel
poi_hotel.csv,义瑞民宿酒店,酒店住宿,其他,119.488382,39.836634,hotel
poi_hotel.csv,晨圆民宿酒店,酒店住宿,舒适型酒店,119.487751,39.837662,hotel
poi_hotel.csv,广富民宿酒店,酒店住宿,舒适型酒店,119.489146,39.837116,hotel
poi_hotel.csv,秦皇岛南戴河小冉家庭公寓,酒店住宿,其他,119.483454,39.833976,hotel
poi_hotel.csv,北戴河冬雪民宿酒店,酒店住宿,其他,119.491574,39.837821,hotel
poi_hotel.csv,语格客栈,酒店住宿,舒适型酒店,119.481342,39.834128,hotel
poi_hotel.csv,秦皇岛王翰礼度假别墅,酒店住宿,其他,119.486135,39.838186,hotel
poi_hotel.csv,盼盼公寓,酒店住宿,其他,119.48835,39.83479199999999,hotel
poi_hotel.csv,北戴河志滨旅馆,酒店住宿,其他,119.491553,39.837037,hotel
poi_hotel.csv,秦皇岛薄荷海度假别墅,酒店住宿,其他,119.490864,39.836895000000005,hotel
poi_hotel.csv,海江宾馆,酒店住宿,其他,119.489125,39.835691,hotel
poi_hotel.csv,地海宾馆,酒店住宿,其他,119.491434,39.842369,hotel
poi_hotel.csv,秦皇岛北戴河明轩别院民宿酒店,酒店住宿,其他,119.487881,39.836788000000006,hotel
poi_hotel.csv,秦皇岛临海舒适民宿,酒店住宿,其他,119.483506,39.834031,hotel
poi_hotel.csv,玉璐民宿酒店,酒店住宿,舒适型酒店,119.489053,39.837069,hotel
poi_hotel.csv,安澜民宿酒店,酒店住宿,舒适型酒店,119.489571,39.838581000000005,hotel
poi_hotel.csv,维丽酒店,酒店住宿,舒适型酒店,119.487839,39.836583,hotel
poi_hotel.csv,龙迎酒店,酒店住宿,舒适型酒店,119.490844,39.836936,hotel
poi_hotel.csv,瑞意民宿酒店,酒店住宿,舒适型酒店,119.491389,39.835471,hotel
poi_hotel.csv,亦乐客栈民宿酒店,酒店住宿,其他,119.491139,39.842672,hotel
poi_hotel.csv,北戴河朴宿微澜民宿酒店,酒店住宿,其他,119.489742,39.83758,hotel
poi_hotel.csv,北戴河甜雨公寓,酒店住宿,其他,119.483848,39.834041,hotel
poi_hotel.csv,楠舍民宿酒店,酒店住宿,其他,119.488553,39.836636,hotel
poi_hotel.csv,秦皇岛清凡居民宿店,酒店住宿,其他,119.490273,39.838712,hotel
poi_hotel.csv,秦皇岛伟林庭院1号院特色民宿酒店,酒店住宿,其他,119.484993,39.835072,hotel
poi_hotel.csv,北戴河王桂玲家庭民宿,酒店住宿,其他,119.483478,39.834002,hotel
poi_hotel.csv,秦皇岛秀冬公寓,酒店住宿,其他,119.485,39.835121,hotel
poi_hotel.csv,秦皇岛春友民宿,酒店住宿,其他,119.487694,39.837672,hotel
poi_hotel.csv,秦皇岛陌上人家别墅,酒店住宿,其他,119.484993,39.835113,hotel
poi_hotel.csv,海滨家庭公寓,酒店住宿,其他,119.48345,39.834051,hotel
poi_hotel.csv,速8酒店,酒店住宿,舒适型酒店,119.490934,39.834711,hotel
poi_hotel.csv,北戴河明昊酒店,酒店住宿,舒适型酒店,119.491582,39.836744,hotel
poi_hotel.csv,凯霞酒店,酒店住宿,其他,119.48885,39.836822,hotel
poi_hotel.csv,秀荣酒店,酒店住宿,舒适型酒店,119.490681,39.835978,hotel
poi_hotel.csv,曲好民宿酒店,酒店住宿,舒适型酒店,119.49222,39.838991,hotel
poi_hotel.csv,秦皇岛北戴河于家大院旅馆,酒店住宿,其他,119.491411,39.837302,hotel
poi_hotel.csv,秦皇岛花和海聚会轰趴日租临海别墅,酒店住宿,其他,119.488052,39.844747,hotel
poi_hotel.csv,王丽君酒店式公寓,酒店住宿,其他,119.484946,39.835059,hotel
poi_hotel.csv,秦皇岛南戴河海浪屿民宿,酒店住宿,其他,119.483501,39.833984,hotel
poi_hotel.csv,秦皇岛北戴河豪华两居室公寓,酒店住宿,其他,119.483143,39.833676,hotel
poi_hotel.csv,秦皇岛沈立霞公寓,酒店住宿,其他,119.489361,39.835817,hotel
poi_hotel.csv,秦皇岛北戴河文江别苑独门独院别墅,酒店住宿,其他,119.491763,39.836554,hotel
poi_hotel.csv,佳佳888公寓,酒店住宿,其他,119.490411,39.839899,hotel
poi_hotel.csv,嘉盛民宿,酒店住宿,其他,119.486708,39.837221,hotel
poi_hotel.csv,北戴河旭滨酒店,酒店住宿,舒适型酒店,119.491484,39.835415,hotel
poi_hotel.csv,北戴河张海波酒店,酒店住宿,其他,119.489948,39.838397,hotel
poi_hotel.csv,秦皇岛本地旅游达人度假别墅,酒店住宿,其他,119.490301,39.835864,hotel
poi_hotel.csv,秦皇岛小白熊北戴河民宿,酒店住宿,其他,119.484987,39.835057,hotel
poi_hotel.csv,秦皇岛太古里隐枫度假别墅,酒店住宿,其他,119.487315,39.836365,hotel
poi_hotel.csv,秦皇岛王丽君高档酒店式家庭公寓,酒店住宿,其他,119.485034,39.835114,hotel
poi_hotel.csv,北戴河酒店,酒店住宿,其他,119.472503,39.826417,hotel
poi_hotel.csv,龙兴商务豪华酒店,酒店住宿,高档型酒店,119.473203,39.826339,hotel
poi_hotel.csv,振永酒店,酒店住宿,舒适型酒店,119.47786,39.823581,hotel
poi_hotel.csv,樱塘·老七酒店,酒店住宿,其他,119.479532,39.824361,hotel
poi_hotel.csv,秦皇岛北戴河临海踏浪小舍,酒店住宿,其他,119.479327,39.822294,hotel
poi_hotel.csv,周丽丽宾馆,酒店住宿,其他,119.47926,39.822239,hotel
poi_hotel.csv,周丽丽宾馆,酒店住宿,舒适型酒店,119.479324,39.822275000000005,hotel
poi_hotel.csv,北戴河顺吉酒店,酒店住宿,舒适型酒店,119.476933,39.8228,hotel
poi_hotel.csv,学平酒店,酒店住宿,舒适型酒店,119.477812,39.82412,hotel
poi_hotel.csv,刘明惠酒店,酒店住宿,舒适型酒店,119.47833,39.825254,hotel
poi_hotel.csv,碧园春宾馆,酒店住宿,其他,119.477131,39.82247,hotel
poi_hotel.csv,蓝墨缘民宿酒店,酒店住宿,舒适型酒店,119.479456,39.824517,hotel
poi_hotel.csv,书平酒店,酒店住宿,舒适型酒店,119.47766,39.822596,hotel
poi_hotel.csv,北戴河天缘家庭酒店,酒店住宿,其他,119.477729,39.824643,hotel
poi_hotel.csv,勒飞民宿酒店,酒店住宿,舒适型酒店,119.479638,39.823226,hotel
poi_hotel.csv,北戴河翰邦豪华酒店,酒店住宿,其他,119.474485,39.826777,hotel
poi_hotel.csv,克拉曼度假豪华酒店,酒店住宿,其他,119.473186,39.826008,hotel
poi_hotel.csv,北戴河落落小屋,酒店住宿,其他,119.478807,39.82459,hotel
poi_hotel.csv,北戴河吉健酒店,酒店住宿,其他,119.477695,39.823938,hotel
poi_hotel.csv,北戴河立仙酒店,酒店住宿,其他,119.478203,39.825248,hotel
poi_hotel.csv,剑秋路酒店,酒店住宿,其他,119.475842,39.823253,hotel
poi_hotel.csv,北戴河联益酒店,酒店住宿,其他,119.476232,39.822455000000005,hotel
poi_hotel.csv,北戴河麦芽庭院旅馆,酒店住宿,其他,119.478679,39.822666000000005,hotel
poi_hotel.csv,秦皇岛家的温度旅馆,酒店住宿,其他,119.477528,39.822296,hotel
poi_hotel.csv,北戴河洋洋小栈,酒店住宿,其他,119.4798,39.822393,hotel
poi_hotel.csv,花筑·汐夏设计师民宿酒店,酒店住宿,其他,119.477866,39.824249,hotel
poi_hotel.csv,北戴河渔家乐民宿酒店,酒店住宿,其他,119.479087,39.822342,hotel
poi_hotel.csv,北戴河小岛青柠旅馆,酒店住宿,其他,119.478653,39.824183000000005,hotel
poi_hotel.csv,秦皇岛杨子公寓6号店,酒店住宿,其他,119.477473,39.831861,hotel
poi_hotel.csv,北戴河克拉曼主题公寓,酒店住宿,其他,119.473586,39.826592,hotel
poi_hotel.csv,北戴河小冯民宿酒店,酒店住宿,其他,119.478572,39.825178,hotel
poi_hotel.csv,秦皇岛孩子大王公寓,酒店住宿,其他,119.475947,39.83261,hotel
poi_hotel.csv,北戴河海屯家庭酒店,酒店住宿,其他,119.478971,39.824489,hotel
poi_hotel.csv,北戴河玲娜酒店,酒店住宿,其他,119.478472,39.825508,hotel
poi_hotel.csv,秦皇岛何兰霞公寓,酒店住宿,其他,119.477535,39.829314,hotel
poi_hotel.csv,北戴河草厂中路建军酒店,酒店住宿,其他,119.478167,39.822776000000005,hotel
poi_hotel.csv,建喜酒店,酒店住宿,舒适型酒店,119.479256,39.822666,hotel
poi_hotel.csv,冯建国酒店,酒店住宿,舒适型酒店,119.479194,39.824886,hotel
poi_hotel.csv,旭旭民宿酒店,酒店住宿,舒适型酒店,119.479255,39.824515,hotel
poi_hotel.csv,秦皇岛夏沫花开主题民宿酒店,酒店住宿,其他,119.478591,39.822518,hotel
poi_hotel.csv,北戴河王建伟酒店,酒店住宿,舒适型酒店,119.478094,39.82244,hotel
poi_hotel.csv,刘涛酒店,酒店住宿,舒适型酒店,119.479445,39.824228000000005,hotel
poi_hotel.csv,北戴河刘丹酒店,酒店住宿,舒适型酒店,119.478238,39.823838,hotel
poi_hotel.csv,听涛旅馆,酒店住宿,舒适型酒店,119.478029,39.822505,hotel
poi_hotel.csv,秦皇岛杨子公寓,酒店住宿,其他,119.476485,39.830903,hotel
poi_hotel.csv,北戴河梧桐旅馆,酒店住宿,其他,119.47941,39.822702,hotel
poi_hotel.csv,北戴河金润顺民宿酒店,酒店住宿,其他,119.477813,39.826184,hotel
poi_hotel.csv,北戴河庆滨酒店,酒店住宿,舒适型酒店,119.478924,39.824162,hotel
poi_hotel.csv,佰纳假日,酒店住宿,其他,119.476889,39.822422,hotel
poi_hotel.csv,秦皇岛李素贤旅馆,酒店住宿,其他,119.477736,39.823801,hotel
poi_hotel.csv,北戴河中铁总公司休养所,酒店住宿,其他,119.475737,39.821831,hotel
poi_hotel.csv,秦皇岛悦居民宿酒店,酒店住宿,其他,119.475828,39.822311000000006,hotel
poi_hotel.csv,秦皇岛杨美丽旅馆,酒店住宿,其他,119.478089,39.825288,hotel
poi_hotel.csv,秦皇岛魅力海滨家庭公寓,酒店住宿,其他,119.477437,39.830129,hotel
poi_hotel.csv,赵玉芹酒店,酒店住宿,其他,119.47949,39.822264,hotel
poi_hotel.csv,赵玉芹酒店,酒店住宿,舒适型酒店,119.479511,39.822229,hotel
poi_hotel.csv,北戴河徐桂芳旅馆,酒店住宿,舒适型酒店,119.47941,39.822309,hotel
poi_hotel.csv,秦皇岛北戴河秀丽民宿酒店,酒店住宿,舒适型酒店,119.478946,39.82453,hotel
poi_hotel.csv,方芳民宿,酒店住宿,舒适型酒店,119.479595,39.824233,hotel
poi_hotel.csv,刘芳酒店,酒店住宿,舒适型酒店,119.478637,39.822502,hotel
poi_hotel.csv,北戴河周玉洁酒店,酒店住宿,舒适型酒店,119.478003,39.825253,hotel
poi_hotel.csv,成柱酒店,酒店住宿,舒适型酒店,119.478413,39.824265,hotel
poi_hotel.csv,秦皇岛北戴河建荣民宿酒店,酒店住宿,舒适型酒店,119.47833,39.825403,hotel
poi_hotel.csv,北戴河云邸·相约海精品旅馆,酒店住宿,其他,119.479494,39.822061000000005,hotel
poi_hotel.csv,傅强酒店,酒店住宿,舒适型酒店,119.478853,39.824462,hotel
poi_hotel.csv,怡心酒店,酒店住宿,舒适型酒店,119.476077,39.821725,hotel
poi_hotel.csv,红叶民宿酒店,酒店住宿,舒适型酒店,119.47919,39.823422,hotel
poi_hotel.csv,天润酒店,酒店住宿,舒适型酒店,119.47776,39.822465,hotel
poi_hotel.csv,温馨近海公寓,酒店住宿,其他,119.477936,39.822282,hotel
poi_hotel.csv,晓敏酒店,酒店住宿,青旅,119.47557,39.822974,hotel
poi_hotel.csv,北戴河俊良酒店,酒店住宿,其他,119.478499,39.82402,hotel
poi_hotel.csv,刘振建酒店,酒店住宿,舒适型酒店,119.477583,39.824809,hotel
poi_hotel.csv,马丽娟酒店,酒店住宿,舒适型酒店,119.478482,39.824110000000005,hotel
poi_hotel.csv,秦皇岛相约赶海客栈,酒店住宿,其他,119.478395,39.822725,hotel
poi_hotel.csv,焕秋酒店,酒店住宿,舒适型酒店,119.476966,39.822208,hotel
poi_hotel.csv,徐俊生民宿酒店,酒店住宿,舒适型酒店,119.478929,39.824711,hotel
poi_hotel.csv,北戴河崔廷华酒店,酒店住宿,舒适型酒店,119.477965,39.824677,hotel
poi_hotel.csv,胡桂玲酒店,酒店住宿,舒适型酒店,119.478644,39.823988,hotel
poi_hotel.csv,北戴河单凤娟酒店,酒店住宿,舒适型酒店,119.478171,39.823955,hotel
poi_hotel.csv,刘红酒店,酒店住宿,舒适型酒店,119.47833,39.822527,hotel
poi_hotel.csv,海韵公寓,酒店住宿,其他,119.477603,39.829664,hotel
poi_hotel.csv,北戴河千寻民宿农家院,酒店住宿,舒适型酒店,119.47853,39.822855,hotel
poi_hotel.csv,北戴河田连华酒店,酒店住宿,舒适型酒店,119.47848,39.824087,hotel
poi_hotel.csv,杜月英酒店,酒店住宿,舒适型酒店,119.475956,39.822451,hotel
poi_hotel.csv,刘秀芬酒店,酒店住宿,舒适型酒店,119.479012,39.824875,hotel
poi_hotel.csv,秦皇岛北戴河庞艳华民宿酒店,酒店住宿,舒适型酒店,119.478565,39.82486,hotel
poi_hotel.csv,转角遇见海精品客栈,酒店住宿,舒适型酒店,119.479523,39.823096,hotel
poi_hotel.csv,秦皇岛北戴河翠峰海景豪华别墅,酒店住宿,其他,119.474715,39.822566,hotel
poi_hotel.csv,海宸精品客栈,酒店住宿,其他,119.479664,39.822394,hotel
poi_hotel.csv,蔚蓝时光客栈,酒店住宿,其他,119.477697,39.823887,hotel
poi_hotel.csv,秦皇岛北戴河莹莹近海公寓,酒店住宿,其他,119.478366,39.825419,hotel
poi_hotel.csv,秦皇岛途家房东xiaoniu9657旅馆,酒店住宿,其他,119.477759,39.822484,hotel
poi_hotel.csv,海霞酒店,酒店住宿,舒适型酒店,119.477686,39.823905,hotel
poi_hotel.csv,秦皇岛北戴河陈静姣民宿,酒店住宿,舒适型酒店,119.477315,39.823703,hotel
poi_hotel.csv,宝忠酒店,酒店住宿,舒适型酒店,119.479756,39.823462000000006,hotel
poi_hotel.csv,北戴河树桩客栈,酒店住宿,舒适型酒店,119.478251,39.822781,hotel
poi_hotel.csv,北戴河马国强旅馆,酒店住宿,其他,119.478315,39.825526,hotel
poi_hotel.csv,莲益酒店,酒店住宿,舒适型酒店,119.476485,39.822188,hotel
poi_hotel.csv,付卫国酒店,酒店住宿,舒适型酒店,119.47965,39.822492,hotel
poi_hotel.csv,秦皇岛临海如家3室2厅公寓,酒店住宿,其他,119.479136,39.829488,hotel
poi_hotel.csv,北戴河海明酒店,酒店住宿,其他,119.467731,39.842846,hotel
poi_hotel.csv,张海利家庭酒店,酒店住宿,其他,119.469338,39.841581,hotel
poi_hotel.csv,北戴河李雪民宿酒店,酒店住宿,其他,119.467675,39.83978,hotel
poi_hotel.csv,潘金良酒店,酒店住宿,舒适型酒店,119.468384,39.841521,hotel
poi_hotel.csv,秦皇岛北戴河漫居民宿酒店,酒店住宿,其他,119.467375,39.839854,hotel
poi_hotel.csv,秦皇岛房东老范头旅馆,酒店住宿,其他,119.468566,39.839657,hotel
poi_hotel.csv,林宏酒店,酒店住宿,舒适型酒店,119.472371,39.839688,hotel
poi_hotel.csv,秦皇岛睿希精品民宿酒店,酒店住宿,其他,119.467957,39.838157,hotel
poi_hotel.csv,悦涵语宾馆餐馆,酒店住宿,其他,119.469061,39.839137,hotel
poi_hotel.csv,秦皇岛乐姐农家院,酒店住宿,其他,119.469665,39.839142,hotel
poi_hotel.csv,秦皇岛彤馨别墅,酒店住宿,其他,119.468034,39.840379,hotel
poi_hotel.csv,北戴河大乐之野民宿酒店,酒店住宿,舒适型酒店,119.469784,39.842157,hotel
poi_hotel.csv,秦皇岛滨滨民宿酒店,酒店住宿,舒适型酒店,119.467631,39.84217,hotel
poi_hotel.csv,北戴河青旅度假豪华酒店,酒店住宿,青旅,119.471229,39.838288000000006,hotel
poi_hotel.csv,秦皇岛房东唯艺别墅,酒店住宿,舒适型酒店,119.467498,39.83863,hotel
poi_hotel.csv,汇鑫大酒店,酒店住宿,其他,119.471321,39.836606,hotel
poi_hotel.csv,常玉峰民宿酒店,酒店住宿,舒适型酒店,119.467608,39.842085,hotel
poi_hotel.csv,北戴河享往民宿酒店,酒店住宿,舒适型酒店,119.470097,39.840345000000006,hotel
poi_hotel.csv,孙宝琴酒店,酒店住宿,舒适型酒店,119.468053,39.840099,hotel
poi_hotel.csv,秦皇岛静怡轩公寓,酒店住宿,其他,119.472198,39.840181,hotel
poi_hotel.csv,秦皇岛北戴河张宏伟民宿酒店,酒店住宿,其他,119.468965,39.839499,hotel
poi_hotel.csv,秦皇岛北戴河甜杰民宿酒店,酒店住宿,其他,119.467673,39.839755,hotel
poi_hotel.csv,秦皇岛永利公寓,酒店住宿,其他,119.474688,39.835753,hotel
poi_hotel.csv,秦皇岛无忧雅舍公寓,酒店住宿,其他,119.468089,39.840366,hotel
poi_hotel.csv,北戴河立江酒店,酒店住宿,舒适型酒店,119.46756,39.839084,hotel
poi_hotel.csv,北戴河汇源酒店,酒店住宿,其他,119.47106,39.836735,hotel
poi_hotel.csv,维也纳3好酒店,酒店住宿,其他,119.472032,39.836562,hotel
poi_hotel.csv,秦皇岛婉居精品民宿,酒店住宿,其他,119.468463,39.842513,hotel
poi_hotel.csv,秦皇岛浮生小院,酒店住宿,其他,119.472011,39.839437,hotel
poi_hotel.csv,北戴河凤轩民宿酒店,酒店住宿,舒适型酒店,119.470667,39.835930000000005,hotel
poi_hotel.csv,北戴河悠庭小筑民宿酒店,酒店住宿,舒适型酒店,119.468029,39.840415,hotel
poi_hotel.csv,常玉平民宿酒店,酒店住宿,舒适型酒店,119.468476,39.840567,hotel
poi_hotel.csv,石磊民宿酒店,酒店住宿,舒适型酒店,119.467404,39.84297,hotel
poi_hotel.csv,秦皇岛张雷民宿酒店,酒店住宿,舒适型酒店,119.471049,39.840523,hotel
poi_hotel.csv,驿旅阳光海边旅馆,酒店住宿,舒适型酒店,119.471433,39.838838,hotel
poi_hotel.csv,逸巢旅馆,酒店住宿,舒适型酒店,119.471819,39.839083,hotel
poi_hotel.csv,涵香居民宿酒店,酒店住宿,舒适型酒店,119.469341,39.840918,hotel
poi_hotel.csv,清雅阁民宿酒店,酒店住宿,舒适型酒店,119.469469,39.840406,hotel
poi_hotel.csv,梓羽旅馆,酒店住宿,舒适型酒店,119.468658,39.839780000000005,hotel
poi_hotel.csv,诗和远方旅馆,酒店住宿,舒适型酒店,119.471321,39.840844,hotel
poi_hotel.csv,丽华酒店,酒店住宿,舒适型酒店,119.470143,39.840232,hotel
poi_hotel.csv,秦皇岛孟庆祝客栈,酒店住宿,舒适型酒店,119.467819,39.840023,hotel
poi_hotel.csv,庆祝旅馆,酒店住宿,舒适型酒店,119.467686,39.839828,hotel
poi_hotel.csv,仁鹏民宿酒店,酒店住宿,舒适型酒店,119.468893,39.840344,hotel
poi_hotel.csv,秦皇岛北戴河王淑英民宿酒店,酒店住宿,其他,119.469143,39.840255,hotel
poi_hotel.csv,7仙小院·弗居3号院,酒店住宿,其他,119.469923,39.840316,hotel
poi_hotel.csv,北戴河栖隐民宿酒店,酒店住宿,其他,119.469565,39.840234,hotel
poi_hotel.csv,溢香源,酒店住宿,其他,119.471223,39.841276,hotel
poi_hotel.csv,秦皇岛幽静闲庭房东别墅,酒店住宿,其他,119.468104,39.840341,hotel
poi_hotel.csv,海利酒店,酒店住宿,其他,119.4693,39.841611,hotel
poi_hotel.csv,文强酒店,酒店住宿,舒适型酒店,119.467501,39.838312,hotel
poi_hotel.csv,北戴河熙悦民宿酒店,酒店住宿,其他,119.468735,39.842463,hotel
poi_hotel.csv,秦皇岛刘大姐民宿酒店,酒店住宿,其他,119.470525,39.836998,hotel
poi_hotel.csv,秦皇岛汪亮亮公寓,酒店住宿,其他,119.474207,39.835632,hotel
poi_hotel.csv,北戴河海岸线ins民宿酒店,酒店住宿,其他,119.467454,39.839004,hotel
poi_hotel.csv,秦皇岛北戴河王桂玲民宿酒店,酒店住宿,其他,119.468074,39.842471,hotel
poi_hotel.csv,春树酒店,酒店住宿,舒适型酒店,119.467901,39.83936,hotel
poi_hotel.csv,格竹小院,酒店住宿,其他,119.46896,39.839451,hotel
poi_hotel.csv,秦皇岛缘聚民宿酒店,酒店住宿,其他,119.46856,39.842076,hotel
poi_hotel.csv,北戴河闲居雅园,酒店住宿,其他,119.469724,39.842054,hotel
poi_hotel.csv,林宏农家院,酒店住宿,其他,119.47251,39.839621,hotel
poi_hotel.csv,北戴河杨希和酒店,酒店住宿,其他,119.467796,39.838024,hotel
poi_hotel.csv,于洪星酒店,酒店住宿,舒适型酒店,119.46791,39.838508,hotel
poi_hotel.csv,北戴河志鑫酒店,酒店住宿,舒适型酒店,119.467606,39.837991,hotel
poi_hotel.csv,红鑫酒店,酒店住宿,舒适型酒店,119.469159,39.840085,hotel
poi_hotel.csv,秦皇岛北戴河海安农家院,酒店住宿,其他,119.469661,39.840316,hotel
poi_hotel.csv,北戴河晓丹酒店,酒店住宿,舒适型酒店,119.469435,39.840389,hotel
poi_hotel.csv,正军民宿酒店,酒店住宿,舒适型酒店,119.468818,39.839457,hotel
poi_hotel.csv,立海酒店,酒店住宿,舒适型酒店,119.467477,39.839267,hotel
poi_hotel.csv,秦皇岛美惠民宿酒店,酒店住宿,其他,119.469721,39.840237,hotel
poi_hotel.csv,北戴河马海峰民宿酒店,酒店住宿,其他,119.470126,39.839706,hotel
poi_hotel.csv,宏伟酒店,酒店住宿,其他,119.468788,39.839290000000005,hotel
poi_hotel.csv,杨国英酒店,酒店住宿,舒适型酒店,119.470957,39.840414,hotel
poi_hotel.csv,秦皇岛春英民宿酒店,酒店住宿,舒适型酒店,119.468027,39.838733,hotel
poi_hotel.csv,高秀芬酒店,酒店住宿,其他,119.467468,39.8373,hotel
poi_hotel.csv,秦皇岛北戴河倩倩精品公寓,酒店住宿,其他,119.468071,39.840286,hotel
poi_hotel.csv,秦皇岛文静公寓,酒店住宿,其他,119.471587,39.839388,hotel
poi_hotel.csv,北戴河文波旅馆,酒店住宿,舒适型酒店,119.468574,39.839049,hotel
poi_hotel.csv,秦皇岛四海游客之家公寓,酒店住宿,其他,119.478594,39.834181,hotel
poi_hotel.csv,秦皇岛北戴河近海独栋公寓,酒店住宿,其他,119.471919,39.839011,hotel
poi_hotel.csv,秦皇岛近海烧烤旬古民宿,酒店住宿,舒适型酒店,119.469979,39.839439,hotel
poi_hotel.csv,赵凤清酒店,酒店住宿,舒适型酒店,119.466881,39.837805,hotel
poi_hotel.csv,北戴河立学民宿酒店,酒店住宿,其他,119.467286,39.842275,hotel
poi_hotel.csv,夏南小院,酒店住宿,其他,119.465071,39.838871,hotel
poi_hotel.csv,秦皇岛回朗民宿酒店,酒店住宿,其他,119.465051,39.842692,hotel
poi_hotel.csv,秦皇岛文静公寓,酒店住宿,其他,119.466157,39.840291,hotel
poi_hotel.csv,秦皇岛房东陌野特色民宿酒店,酒店住宿,舒适型酒店,119.46554,39.8392,hotel
poi_hotel.csv,北戴河美秋农家院,酒店住宿,其他,119.465036,39.839041,hotel
poi_hotel.csv,秦皇岛居乾贵人别墅,酒店住宿,其他,119.466873,39.842137,hotel
poi_hotel.csv,夏南民宿,酒店住宿,其他,119.462994,39.838913,hotel
poi_hotel.csv,秦皇岛刘文涛民宿酒店,酒店住宿,其他,119.466381,39.842992,hotel
poi_hotel.csv,秦皇岛近海四居公寓,酒店住宿,其他,119.466561,39.836861,hotel
poi_hotel.csv,刘群民宿,酒店住宿,舒适型酒店,119.465405,39.838022,hotel
poi_hotel.csv,涵跃驿栈,酒店住宿,舒适型酒店,119.465815,39.839014,hotel
poi_hotel.csv,互井民宿酒店,酒店住宿,舒适型酒店,119.466566,39.842296000000005,hotel
poi_hotel.csv,魏树元酒店,酒店住宿,舒适型酒店,119.465822,39.83896300000001,hotel
poi_hotel.csv,月琴旅馆,酒店住宿,舒适型酒店,119.467108,39.837981,hotel
poi_hotel.csv,北戴河结庐民宿酒店,酒店住宿,舒适型酒店,119.466865,39.838974,hotel
poi_hotel.csv,北戴河三和居民宿酒店,酒店住宿,舒适型酒店,119.465133,39.839499,hotel
poi_hotel.csv,沐白旅馆,酒店住宿,舒适型酒店,119.465881,39.842418,hotel
poi_hotel.csv,北戴河富慧酒店,酒店住宿,其他,119.465666,39.837631,hotel
poi_hotel.csv,北戴河幽静闲庭民宿酒店,酒店住宿,舒适型酒店,119.465718,39.838169,hotel
poi_hotel.csv,依水居酒店,酒店住宿,舒适型酒店,119.465402,39.838835,hotel
poi_hotel.csv,湘声民宿酒店,酒店住宿,舒适型酒店,119.467124,39.843485,hotel
poi_hotel.csv,刘文滨酒店,酒店住宿,舒适型酒店,119.466033,39.837741,hotel
poi_hotel.csv,卢志文酒店,酒店住宿,舒适型酒店,119.466488,39.842768,hotel
poi_hotel.csv,郭海君酒店,酒店住宿,舒适型酒店,119.467287,39.839205,hotel
poi_hotel.csv,慢生活旅馆,酒店住宿,舒适型酒店,119.46673,39.838073,hotel
poi_hotel.csv,悦客之家民宿店,酒店住宿,其他,119.467233,39.83727,hotel
poi_hotel.csv,北戴河华苑酒店,酒店住宿,舒适型酒店,119.465023,39.837511,hotel
poi_hotel.csv,陌上人家民宿酒店,酒店住宿,其他,119.467129,39.842493,hotel
poi_hotel.csv,独享美惠居,酒店住宿,其他,119.464325,39.842377000000006,hotel
poi_hotel.csv,单艳楠民宿酒店,酒店住宿,舒适型酒店,119.46504,39.837929,hotel
poi_hotel.csv,国玲酒店,酒店住宿,舒适型酒店,119.466901,39.838067,hotel
poi_hotel.csv,秦皇岛耿大维旅馆,酒店住宿,其他,119.465988,39.837616,hotel
poi_hotel.csv,秦皇岛暖心大姨公寓,酒店住宿,其他,119.46703,39.839381,hotel
poi_hotel.csv,君亿酒店,酒店住宿,其他,119.464662,39.837524,hotel
poi_hotel.csv,秦皇岛北戴河琦琦民宿,酒店住宿,舒适型酒店,119.467205,39.838073,hotel
poi_hotel.csv,双鑫旅馆,酒店住宿,其他,119.465248,39.842899,hotel
poi_hotel.csv,益诚雅居民宿店,酒店住宿,舒适型酒店,119.467173,39.837301,hotel
poi_hotel.csv,畅游民宿,酒店住宿,其他,119.465396,39.839357,hotel
poi_hotel.csv,北戴河君然家庭公寓酒店,酒店住宿,其他,119.46467,39.838061,hotel
poi_hotel.csv,秦皇岛北戴河爱稳民宿酒店,酒店住宿,舒适型酒店,119.466334,39.837449,hotel
poi_hotel.csv,丽丽民宿,酒店住宿,舒适型酒店,119.465701,39.837498,hotel
poi_hotel.csv,北戴河孙海民宿酒店,酒店住宿,其他,119.465287,39.839078,hotel
poi_hotel.csv,秦皇岛北戴河丹阳民宿酒店,酒店住宿,其他,119.46709,39.837392,hotel
poi_hotel.csv,北戴河际宇酒店,酒店住宿,舒适型酒店,119.46698,39.83814,hotel
poi_hotel.csv,秦皇岛祁桂英民宿酒店,酒店住宿,其他,119.464524,39.837824,hotel
poi_hotel.csv,秦皇岛北戴河无忧雅舍度假别墅,酒店住宿,舒适型酒店,119.465515,39.842769,hotel
poi_hotel.csv,景云酒店,酒店住宿,其他,119.466564,39.838136,hotel
poi_hotel.csv,秦皇岛北戴河近海温馨民宿酒店,酒店住宿,其他,119.466536,39.837313,hotel
poi_hotel.csv,北戴河魏国喜酒店,酒店住宿,其他,119.465251,39.83753,hotel
poi_hotel.csv,北戴河娜娜民宿酒店,酒店住宿,舒适型酒店,119.464747,39.837675,hotel
poi_hotel.csv,赵曼酒店,酒店住宿,舒适型酒店,119.466873,39.838419,hotel
poi_hotel.csv,北戴河成荣酒店,酒店住宿,其他,119.463891,39.837731000000005,hotel
poi_hotel.csv,北戴河弗居小院,酒店住宿,其他,119.466803,39.841409,hotel
poi_hotel.csv,秦皇岛依水居小院,酒店住宿,舒适型酒店,119.46562,39.838961000000005,hotel
poi_hotel.csv,秦皇岛铁松农家院,酒店住宿,其他,119.465945,39.837526,hotel
poi_hotel.csv,秦皇岛北戴河无忧雅舍公寓,酒店住宿,其他,119.465615,39.842767,hotel
poi_hotel.csv,铁松酒店,酒店住宿,舒适型酒店,119.465926,39.837535,hotel
poi_hotel.csv,天使湾豪华酒店,酒店住宿,其他,119.616511,39.91026,hotel
poi_hotel.csv,秦皇岛海景开元大酒店,酒店住宿,豪华型酒店,119.62486,39.916881,hotel
poi_hotel.csv,秦皇岛东山浴场家庭酒店,酒店住宿,舒适型酒店,119.623153,39.919528,hotel
poi_hotel.csv,锦江之星,酒店住宿,舒适型酒店,119.621959,39.920263,hotel
poi_hotel.csv,秦皇岛海之岸酒店,酒店住宿,舒适型酒店,119.623397,39.91983,hotel
poi_hotel.csv,秦皇岛海之岸酒店,酒店住宿,其他,119.623428,39.919834,hotel
poi_hotel.csv,秦皇岛海舜酒店,酒店住宿,其他,119.623255,39.9195,hotel
poi_hotel.csv,海寓酒店,酒店住宿,其他,119.623557,39.919736,hotel
poi_hotel.csv,华枫酒店,酒店住宿,其他,119.620235,39.921817,hotel
poi_hotel.csv,秦皇岛宝宝妈公寓,酒店住宿,其他,119.622138,39.916473,hotel
poi_hotel.csv,秦皇岛赵智新公寓,酒店住宿,其他,119.621435,39.922356,hotel
poi_hotel.csv,秦皇岛鑫晨慧友公寓,酒店住宿,其他,119.623079,39.919467,hotel
poi_hotel.csv,华驿豪华酒店,酒店住宿,其他,119.620283,39.921765,hotel
poi_hotel.csv,雅阁璞邸豪华酒店,酒店住宿,其他,119.628038,39.919089,hotel
poi_hotel.csv,澳斯特豪华酒店,酒店住宿,其他,119.626076,39.919111,hotel
poi_hotel.csv,秦皇岛小山艺术空间旅馆,酒店住宿,其他,119.621488,39.922329,hotel
poi_hotel.csv,雅阁度假酒店,酒店住宿,其他,119.62691,39.918378,hotel
poi_hotel.csv,秦皇岛同意公寓,酒店住宿,舒适型酒店,119.626859,39.921173,hotel
poi_hotel.csv,伊亚圣托里尼雅阁温泉度假豪华酒店,酒店住宿,其他,119.628342,39.918933,hotel
poi_hotel.csv,秦皇岛海天一色豪华酒店,酒店住宿,其他,119.623721,39.915103,hotel
poi_hotel.csv,港口酒店,酒店住宿,舒适型酒店,119.608355,39.91999,hotel
poi_hotel.csv,晨砻酒店,酒店住宿,高档型酒店,119.644877,39.943942,hotel
poi_hotel.csv,山海关一居民宿,酒店住宿,其他,119.642756,39.94449,hotel
poi_hotel.csv,秦皇岛香格里拉,酒店住宿,豪华型酒店,119.556333,39.903192,hotel
poi_hotel.csv,秦皇国际酒店,酒店住宿,豪华型酒店,119.565846,39.908835,hotel
poi_hotel.csv,首旅京伦豪华酒店,酒店住宿,其他,119.558171,39.907300000000006,hotel
poi_hotel.csv,秦皇岛香玺海亚朵豪华酒店,酒店住宿,其他,119.555622,39.9045,hotel
poi_hotel.csv,秦皇岛亲海窝豪华酒店,酒店住宿,其他,119.558785,39.907868,hotel
poi_hotel.csv,秦皇岛香玺海白金海景公寓,酒店住宿,其他,119.55551,39.904587,hotel
poi_hotel.csv,香玺海豪华酒店公寓,酒店住宿,其他,119.555629,39.904571,hotel
poi_hotel.csv,秦皇岛北纬39度纯美度假海景公寓,酒店住宿,其他,119.55572,39.904646,hotel
poi_hotel.csv,鑫海岸假日公寓,酒店住宿,其他,119.565229,39.910292,hotel
poi_hotel.csv,秦皇岛秦皇国际怡海公寓,酒店住宿,其他,119.564992,39.910025,hotel
poi_hotel.csv,秦皇岛圣蓝海岸海景公寓,酒店住宿,其他,119.555705,39.904853,hotel
poi_hotel.csv,秦皇岛欧瑞风情海景公寓,酒店住宿,其他,119.555807,39.904653,hotel
poi_hotel.csv,秦皇岛秦皇国际看海公寓,酒店住宿,其他,119.565321,39.910294,hotel
poi_hotel.csv,秦皇岛瞰海公寓秦皇国际店,酒店住宿,其他,119.565206,39.910324,hotel
poi_hotel.csv,秦皇岛第一观度假公寓,酒店住宿,其他,119.560275,39.904989,hotel
poi_hotel.csv,秦皇岛秦皇国际B座海景公寓,酒店住宿,舒适型酒店,119.565152,39.910362,hotel
poi_hotel.csv,秦皇岛金梦海湾8号海景公寓,酒店住宿,舒适型酒店,119.558321,39.907454,hotel
poi_hotel.csv,秦皇岛海与佳人休闲观海公寓,酒店住宿,其他,119.558945,39.907559,hotel
poi_hotel.csv,滨海公寓,酒店住宿,舒适型酒店,119.565076,39.910406,hotel
poi_hotel.csv,秦皇岛名轩民宿酒店,酒店住宿,其他,119.564604,39.910253,hotel
poi_hotel.csv,秦皇岛王颖家特色民宿酒店,酒店住宿,其他,119.565497,39.909716,hotel
poi_hotel.csv,蔚来Loft海景公寓,酒店住宿,舒适型酒店,119.560105,39.905013,hotel
poi_hotel.csv,秦皇国际瞰海公寓,酒店住宿,其他,119.565209,39.91035599999999,hotel
poi_hotel.csv,秦皇岛香玺海T1公寓,酒店住宿,舒适型酒店,119.555602,39.904571,hotel
poi_hotel.csv,秦海湾海景公寓,酒店住宿,舒适型酒店,119.559594,39.905117,hotel
poi_hotel.csv,秦皇岛金梦海湾观海豪华酒店式公寓,酒店住宿,其他,119.558904,39.907593,hotel
poi_hotel.csv,遇见海度假海景公寓,酒店住宿,舒适型酒店,119.561199,39.906554,hotel
poi_hotel.csv,慕斯海景度假公寓,酒店住宿,舒适型酒店,119.555571,39.904724,hotel
poi_hotel.csv,秦皇岛秦皇国际天使湾海景公寓,酒店住宿,其他,119.564769,39.910087,hotel
poi_hotel.csv,秦皇岛望海小筑公寓,酒店住宿,其他,119.558925,39.907667,hotel
poi_hotel.csv,秦皇岛金梦海湾8号海景豪华酒店式公寓,酒店住宿,其他,119.55908,39.90769,hotel
poi_hotel.csv,秦皇岛洁雅小窝海景公寓,酒店住宿,其他,119.558901,39.907556,hotel
poi_hotel.csv,漫时光轻奢海景豪华酒店,酒店住宿,其他,119.561545,39.906657,hotel
poi_hotel.csv,秦皇岛金梦海湾8号B座海景大床公寓,酒店住宿,舒适型酒店,119.558153,39.907372,hotel
poi_hotel.csv,秦皇岛囍舍海景民宿酒店,酒店住宿,其他,119.560102,39.904971,hotel
poi_hotel.csv,秦尘外看海民宿酒店,酒店住宿,其他,119.561326,39.908145,hotel
poi_hotel.csv,秦皇岛程诺海景民宿酒店,酒店住宿,其他,119.560842,39.909242,hotel
poi_hotel.csv,岛·宇海景度假公寓,酒店住宿,其他,119.561071,39.906502,hotel
poi_hotel.csv,青棠flower海景度假豪华酒店公寓,酒店住宿,其他,119.561281,39.906652,hotel
poi_hotel.csv,Q加·秦皇国际云朵家看海公寓,酒店住宿,其他,119.564777,39.910169,hotel
poi_hotel.csv,秦皇岛小岛故事公寓,酒店住宿,其他,119.558919,39.907611,hotel
poi_hotel.csv,秦皇岛杨雅斌公寓,酒店住宿,其他,119.564735,39.910126,hotel
poi_hotel.csv,秦皇岛小小焦公寓,酒店住宿,其他,119.564717,39.91009,hotel
poi_hotel.csv,秦皇岛拾汐阁海景公寓,酒店住宿,其他,119.555645,39.90447,hotel
poi_hotel.csv,秦皇岛,酒店住宿,其他,119.561787,39.906901,hotel
poi_hotel.csv,秦皇岛蔓芸海景公寓,酒店住宿,其他,119.559783,39.904893,hotel
poi_hotel.csv,秦皇岛舍维斯瞰海公寓,酒店住宿,其他,119.560334,39.905022,hotel
poi_hotel.csv,秦皇岛赵超公寓,酒店住宿,其他,119.558958,39.90782,hotel
poi_hotel.csv,秦皇岛徐海苹公寓,酒店住宿,其他,119.560115,39.904951,hotel
poi_hotel.csv,秦皇岛沫沫公寓,酒店住宿,其他,119.560261,39.905652,hotel
poi_hotel.csv,秦皇岛金梦海湾希尔顿欢朋豪华酒店,酒店住宿,其他,119.559614,39.906526,hotel
poi_hotel.csv,日出海景公寓,酒店住宿,舒适型酒店,119.55894,39.907574,hotel
poi_hotel.csv,秦皇岛一观豪华公寓,酒店住宿,其他,119.559782,39.905206,hotel
poi_hotel.csv,小岛听海海景公寓,酒店住宿,其他,119.559434,39.904789,hotel
poi_hotel.csv,秦皇岛四季loft海景公寓,酒店住宿,其他,119.559484,39.904432,hotel
poi_hotel.csv,秦皇岛心筑情巢公寓,酒店住宿,其他,119.560152,39.905004,hotel
poi_hotel.csv,秦皇岛悦海棠日出观海公寓,酒店住宿,其他,119.559604,39.905173000000005,hotel
poi_hotel.csv,秦皇国际公寓,酒店住宿,其他,119.565951,39.910193,hotel
poi_hotel.csv,秦皇岛观海·秦皇国际公寓,酒店住宿,其他,119.564745,39.910151,hotel
poi_hotel.csv,秦皇岛金梦海湾海尚居公寓,酒店住宿,其他,119.558626,39.907509,hotel
poi_hotel.csv,秦皇岛夕夏·海景小筑公寓,酒店住宿,其他,119.558236,39.907551,hotel
poi_hotel.csv,秦皇岛朵尔曼一线海景公寓,酒店住宿,其他,119.559728,39.905171,hotel
poi_hotel.csv,秦皇岛大脸猫与蓝皮鼠公寓,酒店住宿,其他,119.565408,39.910388,hotel
poi_hotel.csv,秦皇岛SEA1第一观观海公寓,酒店住宿,其他,119.559579,39.905164,hotel
poi_hotel.csv,秦皇岛柒号设计师海景公寓,酒店住宿,其他,119.561096,39.907142,hotel
poi_hotel.csv,秦皇岛金梦海湾优居海景公寓,酒店住宿,其他,119.558639,39.907278,hotel
poi_hotel.csv,秦皇国际豪华酒店式公寓,酒店住宿,舒适型酒店,119.565166,39.910399,hotel
poi_hotel.csv,怡然情美民宿酒店,酒店住宿,舒适型酒店,119.558609,39.906058,hotel
poi_hotel.csv,秦皇岛秦皇国际房东小张公寓,酒店住宿,其他,119.564751,39.910063,hotel
poi_hotel.csv,秦皇岛盛夏时光精品海景公寓,酒店住宿,其他,119.561094,39.906541,hotel
poi_hotel.csv,秦皇岛爱月民宿酒店,酒店住宿,其他,119.558946,39.907563,hotel
poi_hotel.csv,首旅京伦豪华酒店·宴会厅,酒店住宿,其他,119.558233,39.907303,hotel
poi_hotel.csv,秦皇岛忆海一宿海景度假公寓,酒店住宿,其他,119.561658,39.90654,hotel
poi_hotel.csv,邂逅海景公寓,酒店住宿,其他,119.560292,39.908491,hotel
poi_hotel.csv,秦皇岛钰钰曹公寓,酒店住宿,其他,119.565007,39.91034,hotel
poi_hotel.csv,秦皇岛孔繁伟公寓,酒店住宿,其他,119.558844,39.907641000000005,hotel
poi_hotel.csv,秦皇岛拾贝观海豪华酒店,酒店住宿,其他,119.558914,39.907588,hotel
poi_hotel.csv,亿家小筑民宿,酒店住宿,舒适型酒店,119.560928,39.909025,hotel
poi_hotel.csv,晓靖公寓,酒店住宿,其他,119.561135,39.906591,hotel
poi_hotel.csv,四海友家民宿酒店,酒店住宿,其他,119.561315,39.908676,hotel
poi_hotel.csv,秦皇岛印象海舍公寓,酒店住宿,其他,119.561165,39.906478,hotel
poi_hotel.csv,秦皇岛蜗壳loft一线海景公寓,酒店住宿,其他,119.560235,39.905402,hotel
poi_hotel.csv,秦皇岛既观海海景公寓,酒店住宿,其他,119.558862,39.907619,hotel
poi_hotel.csv,秦皇岛小海螺海景公寓,酒店住宿,其他,119.555491,39.904615,hotel
poi_hotel.csv,秦皇岛地中海公寓,酒店住宿,其他,119.558674,39.907903,hotel
poi_hotel.csv,秦皇岛房东笑笑公寓,酒店住宿,其他,119.560095,39.904954,hotel
poi_hotel.csv,秦皇岛小丹888公寓,酒店住宿,其他,119.561144,39.906515,hotel
poi_hotel.csv,秦皇岛千早公寓,酒店住宿,其他,119.558449,39.907426,hotel
poi_hotel.csv,秦皇岛赫哥公寓,酒店住宿,其他,119.557991,39.906666,hotel
poi_hotel.csv,秦皇岛孙杰义公寓,酒店住宿,其他,119.558275,39.907294,hotel
poi_hotel.csv,首旅京伦豪华酒店A座,酒店住宿,其他,119.558156,39.907301,hotel
poi_hotel.csv,秦皇岛celiaonly公寓,酒店住宿,其他,119.555835,39.90486,hotel
poi_hotel.csv,秦皇岛媛定今生公寓,酒店住宿,其他,119.558852,39.907787,hotel
poi_hotel.csv,秦皇岛简悦民宿酒店,酒店住宿,其他,119.558854,39.907566,hotel
poi_hotel.csv,秦皇岛亲子海边公寓,酒店住宿,其他,119.55906,39.90762,hotel
poi_hotel.csv,秦皇岛枕海轩度假公寓,酒店住宿,其他,119.558859,39.907953,hotel
poi_hotel.csv,秦皇岛美居丽景海景公寓豪华酒店,酒店住宿,其他,119.559708,39.905151,hotel
poi_hotel.csv,秦皇岛遇见海精品度假海景公寓,酒店住宿,舒适型酒店,119.555524,39.904733,hotel
poi_hotel.csv,秦皇岛心在流浪特色民宿,酒店住宿,其他,119.565187,39.910341,hotel
poi_hotel.csv,西岛·Gharbi海景公寓,酒店住宿,其他,119.561214,39.906461,hotel
poi_hotel.csv,NASA海岸公寓,酒店住宿,其他,119.561165,39.906513,hotel
poi_hotel.csv,泊岸轻奢海景酒店,酒店住宿,其他,119.561032,39.908858,hotel
poi_hotel.csv,泊岸.逅海轻奢海景民宿酒店,酒店住宿,舒适型酒店,119.561182,39.909021,hotel
poi_hotel.csv,邂逅海景度假公寓,酒店住宿,其他,119.555471,39.904673,hotel
poi_hotel.csv,秦皇岛第一观屿海一线海景公寓,酒店住宿,其他,119.559327,39.905084,hotel
poi_hotel.csv,秦皇岛海与你公寓,酒店住宿,其他,119.55836,39.907331,hotel
poi_hotel.csv,百米海·海景公寓,酒店住宿,其他,119.558437,39.907213,hotel
poi_hotel.csv,秦皇岛秦皇国际公寓,酒店住宿,舒适型酒店,119.565044,39.910381,hotel
poi_hotel.csv,海岸拾光公寓,酒店住宿,其他,119.555836,39.904745000000005,hotel
poi_hotel.csv,秦皇岛香玺海蔚蓝度假海景公寓,酒店住宿,其他,119.555497,39.904576,hotel
poi_hotel.csv,秦皇岛柒号海景度假公寓,酒店住宿,其他,119.561126,39.906508,hotel
poi_hotel.csv,花千墅海景民宿,酒店住宿,其他,119.555548,39.904628,hotel
poi_hotel.csv,秦皇岛金梦海湾初见海景度假公寓,酒店住宿,其他,119.558827,39.907815,hotel
poi_hotel.csv,秦皇岛凡汐·朝暮·海景度假豪华酒店,酒店住宿,其他,119.558817,39.907809,hotel
poi_hotel.csv,秦皇岛金梦海湾玉海海景度假公寓,酒店住宿,其他,119.559534,39.905134,hotel
poi_hotel.csv,温馨公寓,酒店住宿,其他,119.558276,39.907442,hotel
poi_hotel.csv,邂后海景度假公寓,酒店住宿,其他,119.560773,39.908651,hotel
poi_hotel.csv,秦皇岛金梦海湾·第一观观海公寓,酒店住宿,其他,119.559533,39.904853,hotel
poi_hotel.csv,秦皇岛金梦海湾第一观大恒海景公寓,酒店住宿,其他,119.559012,39.904559,hotel
poi_hotel.csv,秦皇岛金梦海湾第一观月光海景公寓,酒店住宿,其他,119.560117,39.904969,hotel
poi_hotel.csv,秦皇岛金梦海湾高层观海豪华酒店式公寓,酒店住宿,其他,119.558882,39.907922,hotel
poi_hotel.csv,青舍优家民宿,酒店住宿,其他,119.565085,39.910333,hotel
poi_hotel.csv,静海居·海景度假民宿,酒店住宿,其他,119.561234,39.908826000000005,hotel
poi_hotel.csv,秦皇国际公寓,酒店住宿,其他,119.564623,39.91015,hotel
poi_hotel.csv,秦皇岛金梦海湾宵住海景公寓,酒店住宿,其他,119.558841,39.90764,hotel
poi_hotel.csv,秦皇岛一世一生您的家公寓,酒店住宿,其他,119.55833,39.906926,hotel
poi_hotel.csv,幸福起航海景公寓,酒店住宿,其他,119.564871,39.910018,hotel
poi_hotel.csv,遇见·拾光海景公寓,酒店住宿,其他,119.560478,39.905343,hotel
poi_hotel.csv,秦皇岛房东小九公寓,酒店住宿,其他,119.555578,39.904761,hotel
poi_hotel.csv,秦皇岛海珊瑚海景假日民宿,酒店住宿,其他,119.558849,39.907616,hotel
poi_hotel.csv,秦皇岛金梦海湾第一观恋夏轻奢海景公寓,酒店住宿,其他,119.559732,39.90508,hotel
poi_hotel.csv,秦皇岛Ead'sInn公寓,酒店住宿,其他,119.564944,39.909819,hotel
poi_hotel.csv,秦皇岛北戴河1314爱情公寓,酒店住宿,其他,119.558883,39.907566,hotel
poi_hotel.csv,秦皇岛闻涛听海公寓,酒店住宿,其他,119.560159,39.904928,hotel
poi_hotel.csv,秦皇岛北戴河如故精品公寓,酒店住宿,其他,119.561116,39.906547,hotel
poi_hotel.csv,秦皇岛泊悦海景度假公寓酒店,酒店住宿,其他,119.560142,39.905078,hotel
poi_hotel.csv,秦皇岛潮海巢宾普通公寓,酒店住宿,其他,119.55829,39.906946,hotel
poi_hotel.csv,秦皇岛秦皇国际观海豪华酒店式公寓,酒店住宿,其他,119.564797,39.91014,hotel
poi_hotel.csv,秦皇岛香玺海曲水兰亭海景公寓,酒店住宿,其他,119.555855,39.904702,hotel
poi_hotel.csv,欣缘观海公寓,酒店住宿,其他,119.560095,39.904167,hotel
poi_hotel.csv,私人海景公寓,酒店住宿,其他,119.558721,39.907692,hotel
poi_hotel.csv,米兰海景公寓,酒店住宿,其他,119.564938,39.910019,hotel
poi_hotel.csv,秦皇岛香玺海与海咫尺海景公寓,酒店住宿,其他,119.555592,39.904747,hotel
poi_hotel.csv,秦皇岛蓝海风情度假公寓,酒店住宿,其他,119.565292,39.910001,hotel
poi_hotel.csv,秦皇岛mable公寓,酒店住宿,其他,119.56013,39.904936,hotel
poi_hotel.csv,秦皇岛金梦海湾高层观海酒店式公寓,酒店住宿,其他,119.558389,39.906979,hotel
poi_hotel.csv,秦皇岛高层榻榻米观海公寓,酒店住宿,其他,119.564822,39.910113,hotel
poi_hotel.csv,秦皇岛端木蓉度假别墅,酒店住宿,其他,119.55851,39.907303,hotel
poi_hotel.csv,花筑·梵泊海景酒店,酒店住宿,其他,119.558836,39.90595,hotel
poi_hotel.csv,秦皇岛香堤澜庭度假民宿,酒店住宿,其他,119.561092,39.906474,hotel
poi_hotel.csv,秦皇岛海浪家庭公寓,酒店住宿,其他,119.558186,39.907432,hotel
poi_hotel.csv,如影随形公寓,酒店住宿,其他,119.558871,39.908006,hotel
poi_hotel.csv,秦皇岛金梦海湾望海小筑度假公寓5号店,酒店住宿,其他,119.560115,39.904955,hotel
poi_hotel.csv,秦皇岛一线观海听涛AA公寓,酒店住宿,其他,119.561153,39.906518,hotel
poi_hotel.csv,秦皇岛金梦海湾望海小筑度假公寓,酒店住宿,其他,119.558912,39.907648,hotel
poi_hotel.csv,世纪海洋花园海景公寓,酒店住宿,其他,119.565673,39.909627,hotel
poi_hotel.csv,秦皇岛恋海时光精品美宿公寓,酒店住宿,其他,119.558884,39.907585,hotel
poi_hotel.csv,秦皇岛金梦海湾望海小筑度假公寓,酒店住宿,其他,119.560109,39.904927,hotel
poi_hotel.csv,秦皇岛金梦海湾香堤澜庭海底世界超级海景房公寓,酒店住宿,其他,119.561119,39.906477,hotel
poi_hotel.csv,阳光公寓,酒店住宿,其他,119.565036,39.910349,hotel
poi_hotel.csv,秦皇岛隐匿之家小岛民宿,酒店住宿,其他,119.565024,39.910344,hotel
poi_hotel.csv,秦皇岛朵海公寓,酒店住宿,其他,119.565008,39.91036,hotel
poi_hotel.csv,秦皇岛山海关区若熙农家院,酒店住宿,其他,119.565036,39.910332,hotel
poi_hotel.csv,秦皇岛云朵家海景公寓,酒店住宿,其他,119.56499,39.910312,hotel
poi_hotel.csv,秦皇岛心悦公寓,酒店住宿,其他,119.558243,39.907302,hotel
poi_hotel.csv,秦皇岛岛予公寓,酒店住宿,其他,119.558213,39.907376,hotel
poi_hotel.csv,秦皇岛随缘999公寓,酒店住宿,其他,119.558271,39.907355,hotel
poi_hotel.csv,秦皇岛秦皇国际公寓A座,酒店住宿,其他,119.5648,39.910152,hotel
poi_hotel.csv,秦皇岛红小号公寓,酒店住宿,其他,119.569069,39.910344,hotel
poi_hotel.csv,秦皇岛万博尚府精品豪华酒店,酒店住宿,其他,119.571947,39.911094,hotel
poi_hotel.csv,秦皇岛金海洋海景公寓,酒店住宿,其他,119.573633,39.910868,hotel
poi_hotel.csv,秦皇岛宾至如归之家公寓,酒店住宿,其他,119.572784,39.911216,hotel
poi_hotel.csv,秦皇岛那家度假海景公寓,酒店住宿,舒适型酒店,119.573795,39.910801,hotel
poi_hotel.csv,秦皇岛那家度假海景公寓,酒店住宿,其他,119.573864,39.910819,hotel
poi_hotel.csv,秦皇岛那家海景公寓,酒店住宿,其他,119.572459,39.910776,hotel
poi_hotel.csv,秦皇岛COSMO海景公寓,酒店住宿,其他,119.573899,39.910801,hotel
poi_hotel.csv,秦皇岛无非公寓,酒店住宿,其他,119.572768,39.912247,hotel
poi_hotel.csv,秦皇岛仙本民宿酒店,酒店住宿,其他,119.570863,39.920305,hotel
poi_hotel.csv,秦皇岛拿波里小镇临海公寓,酒店住宿,其他,119.569773,39.917069000000005,hotel
poi_hotel.csv,秦皇岛C位民宿,酒店住宿,其他,119.572108,39.914105,hotel
poi_hotel.csv,秦皇岛推窗即海公寓,酒店住宿,其他,119.573859,39.910823,hotel
poi_hotel.csv,秦皇岛小海星嘉启民宿酒店,酒店住宿,其他,119.571854,39.91557,hotel
poi_hotel.csv,秦皇岛逸海雅居公寓,酒店住宿,其他,119.570075,39.915723,hotel
poi_hotel.csv,秦皇岛海湾之家公寓,酒店住宿,其他,119.572011,39.910645,hotel
poi_hotel.csv,秦皇岛止间岛公寓,酒店住宿,其他,119.572071,39.914569,hotel
poi_hotel.csv,秦皇岛东道主公寓,酒店住宿,其他,119.572479,39.911564,hotel
poi_hotel.csv,秦皇岛张先生公寓,酒店住宿,其他,119.568272,39.915544,hotel
poi_hotel.csv,秦皇岛华彬公寓,酒店住宿,其他,119.572487,39.910843,hotel
poi_hotel.csv,秦皇岛小岛居民公寓,酒店住宿,其他,119.568232,39.91862,hotel
poi_hotel.csv,秦皇岛花湾海一号海景屋公寓,酒店住宿,其他,119.57241,39.910864,hotel
poi_hotel.csv,秦皇岛两室高层海景温馨公寓,酒店住宿,其他,119.571886,39.915757,hotel
poi_hotel.csv,创万家公寓,酒店住宿,其他,119.568331,39.915537,hotel
poi_hotel.csv,秦皇岛秀晶公寓,酒店住宿,其他,119.573733,39.910934000000005,hotel
poi_hotel.csv,乔之家公寓,酒店住宿,其他,119.573508,39.911022,hotel
poi_hotel.csv,秦皇岛外语学院内看海临河双景公寓,酒店住宿,其他,119.570058,39.917272,hotel
poi_hotel.csv,秦皇岛爱琴海主题公寓,酒店住宿,其他,119.572442,39.911377,hotel
poi_hotel.csv,秦皇岛湾海一号国际海景公寓,酒店住宿,其他,119.573761,39.91079499999999,hotel
poi_hotel.csv,秦皇岛TOP.小超公寓,酒店住宿,其他,119.571849,39.915580000000006,hotel
poi_hotel.csv,秦皇岛NICE·美宿公寓,酒店住宿,其他,119.571846,39.915566000000005,hotel
poi_hotel.csv,秦皇岛言喆城宿精品公寓,酒店住宿,其他,119.572485,39.914374,hotel
poi_hotel.csv,秦皇岛K.Garden&滨海夜景公寓,酒店住宿,其他,119.570912,39.91535,hotel
poi_hotel.csv,秦皇岛无非1公寓,酒店住宿,舒适型酒店,119.573715,39.910868,hotel
poi_hotel.csv,秦皇岛由米望海豪华酒店公寓,酒店住宿,其他,119.57249,39.911099,hotel
poi_hotel.csv,秦皇岛闫鑫鑫公寓,酒店住宿,其他,119.572462,39.910785,hotel
poi_hotel.csv,秦皇岛popo166c公寓,酒店住宿,其他,119.572853,39.911145,hotel
poi_hotel.csv,恒通招待所,酒店住宿,舒适型酒店,119.586823,39.920636,hotel
poi_hotel.csv,外贸酒店,酒店住宿,其他,119.587284,39.921062,hotel
poi_hotel.csv,秦皇岛时光海景公寓,酒店住宿,其他,119.526756,39.889265,hotel
poi_hotel.csv,秦皇岛国际森林逸城日出观海豪华酒店,酒店住宿,其他,119.528358,39.890488,hotel
poi_hotel.csv,秦皇岛老朋友近海公寓,酒店住宿,其他,119.529375,39.89025,hotel
poi_hotel.csv,秦皇岛臻海逸品海岸公寓,酒店住宿,其他,119.529261,39.890062,hotel
poi_hotel.csv,秦皇岛天泽海景公寓,酒店住宿,其他,119.529284,39.890204,hotel
poi_hotel.csv,秦皇岛邂逅浪漫公寓,酒店住宿,其他,119.529338,39.890145,hotel
poi_hotel.csv,秦皇岛赵爽丽公寓,酒店住宿,其他,119.529412,39.89026,hotel
poi_hotel.csv,秦皇岛亚妈别墅,酒店住宿,其他,119.517807,39.895382000000005,hotel
poi_hotel.csv,秦皇岛半岛的家公寓,酒店住宿,其他,119.522382,39.89187,hotel
poi_hotel.csv,秦皇岛枫林舍公寓,酒店住宿,其他,119.52929,39.890228,hotel
poi_hotel.csv,秦皇岛无声公寓,酒店住宿,其他,119.523301,39.892045,hotel
poi_hotel.csv,秦皇岛俯瞰森林大海旅馆,酒店住宿,其他,119.529311,39.890086,hotel
poi_hotel.csv,秦皇岛沁时·逸宸公寓,酒店住宿,其他,119.528604,39.893207,hotel
poi_hotel.csv,秦皇岛坐在床上看海公寓,酒店住宿,其他,119.526593,39.891815,hotel
poi_hotel.csv,秦皇岛森林逸城观海公寓,酒店住宿,其他,119.52686,39.889613,hotel
poi_hotel.csv,秦皇岛森林逸城枕海听涛家庭公寓,酒店住宿,其他,119.528682,39.891098,hotel
poi_hotel.csv,楷模海岸公寓,酒店住宿,其他,119.52876,39.89094,hotel
poi_hotel.csv,秦皇岛森林逸城360瞰海公寓,酒店住宿,其他,119.52971,39.896029,hotel
poi_hotel.csv,秦皇岛彩桥小东公寓,酒店住宿,其他,119.529368,39.89018,hotel
poi_hotel.csv,秦皇岛哈哈豆公寓,酒店住宿,其他,119.529333,39.890145,hotel
poi_hotel.csv,秦皇岛爱雪118公寓,酒店住宿,其他,119.52152,39.891138000000005,hotel
poi_hotel.csv,秦皇岛Monica0903公寓,酒店住宿,其他,119.52543,39.888362,hotel
poi_hotel.csv,秦皇岛清新柠檬公寓,酒店住宿,其他,119.524013,39.891734,hotel
poi_hotel.csv,秦皇岛,酒店住宿,其他,119.529152,39.892713,hotel
poi_hotel.csv,秦皇岛森林逸城枕海听涛家庭公寓金湾环路分店,酒店住宿,其他,119.529228,39.890255,hotel
poi_hotel.csv,秦皇岛刘翠香公寓,酒店住宿,其他,119.529253,39.890117,hotel
poi_hotel.csv,秦皇岛好人好梦公寓,酒店住宿,其他,119.523329,39.891991,hotel
poi_hotel.csv,恋家海景公寓,酒店住宿,其他,119.529271,39.890406,hotel
poi_hotel.csv,秦皇岛海珊瑚公寓,酒店住宿,其他,119.52891,39.895615,hotel
poi_hotel.csv,知遇私享家公寓,酒店住宿,其他,119.521765,39.891151,hotel
poi_hotel.csv,森林逸城金海海景公寓,酒店住宿,其他,119.529228,39.890477,hotel
poi_hotel.csv,秦皇岛孟园别墅,酒店住宿,其他,119.515673,39.895933,hotel
poi_hotel.csv,秦皇岛半岛温馨公寓,酒店住宿,其他,119.507834,39.895778,hotel
poi_hotel.csv,秦皇岛宿岛九月公寓,酒店住宿,其他,119.507067,39.894098,hotel
poi_hotel.csv,秦皇岛瑞桐公寓,酒店住宿,其他,119.509534,39.895752,hotel
poi_hotel.csv,秦皇岛网红民宿华少,酒店住宿,其他,119.508246,39.895974,hotel
poi_hotel.csv,途掌柜111749精品民宿酒店,酒店住宿,其他,119.508196,39.895981,hotel
poi_hotel.csv,秦皇岛诺凡之家公寓,酒店住宿,其他,119.507432,39.897112,hotel
poi_hotel.csv,秦皇岛梧桐小陈公寓,酒店住宿,舒适型酒店,119.507862,39.895699,hotel
poi_hotel.csv,秦皇岛双鱼座民宿,酒店住宿,其他,119.507796,39.895748000000005,hotel
poi_hotel.csv,秦皇岛龙之轩优品公寓,酒店住宿,其他,119.515332,39.908839,hotel
poi_hotel.csv,秦皇岛尚悦豪华酒店,酒店住宿,其他,119.511025,39.900397,hotel
poi_hotel.csv,尙悦豪华酒店,酒店住宿,其他,119.511626,39.900451,hotel
poi_hotel.csv,秦皇岛温馨小屋,酒店住宿,其他,119.508124,39.907799,hotel
poi_hotel.csv,秦皇岛海逸公寓,酒店住宿,其他,119.509691,39.900377,hotel
poi_hotel.csv,秦皇岛风铃公寓,酒店住宿,其他,119.509744,39.929215,hotel
poi_hotel.csv,金明丽呈睿轩秦皇岛豪华酒店,酒店住宿,其他,119.52465,39.936374,hotel
poi_hotel.csv,秦皇岛麦芽精品豪华酒店,酒店住宿,其他,119.527956,39.943235,hotel
poi_hotel.csv,秦皇岛地利豪华酒店,酒店住宿,其他,119.52206,39.942626,hotel
poi_hotel.csv,浚源豪华酒店,酒店住宿,其他,119.511116,39.941374,hotel
poi_hotel.csv,浚源豪华酒店,酒店住宿,其他,119.51293,39.942974,hotel
poi_hotel.csv,润恒宾馆,酒店住宿,其他,119.45616,39.934503,hotel
poi_hotel.csv,卓豪豪华酒店,酒店住宿,其他,119.455774,39.934472,hotel
poi_hotel.csv,深河豪华酒店,酒店住宿,其他,119.455885,39.934917,hotel
poi_hotel.csv,秦皇岛福恩特高级豪华酒店式公寓,酒店住宿,其他,119.469037,39.93024,hotel
poi_hotel.csv,秦皇岛乔克酒店,酒店住宿,其他,119.468527,39.933448000000006,hotel
poi_hotel.csv,酒店,酒店住宿,舒适型酒店,119.467728,39.935465,hotel
poi_hotel.csv,福韵酒店,酒店住宿,其他,119.467938,39.935375,hotel
poi_hotel.csv,秦皇岛盛世帝景湾-快乐老家公寓,酒店住宿,其他,119.738662,39.999038,hotel
poi_hotel.csv,海盛花园豪华酒店,酒店住宿,高档型酒店,119.787569,39.976049,hotel
poi_hotel.csv,秦皇岛海韵丁香公寓,酒店住宿,其他,119.781197,39.980269,hotel
poi_hotel.csv,巴里岛假日风情酒店,酒店住宿,高档型酒店,119.779976,39.978421,hotel
poi_hotel.csv,秦皇岛娄璐公寓,酒店住宿,其他,119.784349,39.97757,hotel
poi_hotel.csv,秦皇岛刘璇公寓,酒店住宿,其他,119.784217,39.977109,hotel
poi_hotel.csv,秦皇岛文静爱家公寓,酒店住宿,其他,119.784684,39.977075,hotel
poi_hotel.csv,温柔的杨公寓,酒店住宿,其他,119.78077,39.979087,hotel
poi_hotel.csv,秦皇岛凯莱度假村,酒店住宿,其他,119.802193,39.977388,hotel
poi_hotel.csv,秦皇岛永强酒店,酒店住宿,其他,119.801603,39.97493,hotel
poi_hotel.csv,山海关高超公寓,酒店住宿,其他,119.803273,39.98038,hotel
poi_hotel.csv,山海之间度假民宿酒店,酒店住宿,舒适型酒店,119.803078,39.978259,hotel
poi_hotel.csv,秦皇岛春英公寓,酒店住宿,其他,119.803175,39.980693,hotel
poi_hotel.csv,秦皇岛幸福海景公寓,酒店住宿,其他,119.803658,39.980956,hotel
poi_hotel.csv,德馨酒店,酒店住宿,其他,119.803259,39.980156,hotel
poi_hotel.csv,秦皇岛假日蓝湾爱家公寓,酒店住宿,舒适型酒店,119.803636,39.98064299999999,hotel
poi_hotel.csv,秦皇岛小岛港湾公寓,酒店住宿,其他,119.801087,39.982875,hotel
poi_hotel.csv,秦皇岛山海关老龙头望海公寓,酒店住宿,其他,119.803335,39.980243,hotel
poi_hotel.csv,一号公寓,酒店住宿,其他,119.803366,39.98032,hotel
poi_hotel.csv,秦皇岛温馨之家公寓,酒店住宿,其他,119.803192,39.980727,hotel
poi_hotel.csv,秦皇岛紫色冰恋公寓,酒店住宿,其他,119.803291,39.980343,hotel
poi_hotel.csv,山海关温馨一小家公寓,酒店住宿,其他,119.803244,39.980359,hotel
poi_hotel.csv,秦皇岛刘晓林公寓,酒店住宿,其他,119.804025,39.981203,hotel
poi_hotel.csv,碧海蓝天海景公寓,酒店住宿,其他,119.804292,39.980682,hotel
poi_hotel.csv,秦皇岛侠客居公寓,酒店住宿,其他,119.801754,39.982509,hotel
poi_hotel.csv,秦皇岛芭比梦公寓,酒店住宿,其他,119.803312,39.98037,hotel
poi_hotel.csv,秦皇岛山海关假日蓝湾海岸公寓,酒店住宿,其他,119.803714,39.980659,hotel
poi_hotel.csv,秦皇岛王女士公寓,酒店住宿,其他,119.792176,39.975561,hotel
poi_hotel.csv,秦皇岛遇见海-邂逅海公寓,酒店住宿,其他,119.803531,39.979677,hotel
poi_hotel.csv,秦皇岛老龙头假日蓝湾优选度假公寓,酒店住宿,其他,119.803235,39.98041,hotel
poi_hotel.csv,老龙头悠选公寓,酒店住宿,其他,119.803115,39.980829,hotel
poi_hotel.csv,秦皇岛浪漫时光公寓,酒店住宿,其他,119.803908,39.981147,hotel
poi_hotel.csv,OYO轩宇酒店,酒店住宿,其他,119.800751,39.994706,hotel
poi_hotel.csv,秦皇岛么么哒公寓,酒店住宿,其他,119.800227,39.994496,hotel
poi_hotel.csv,秦皇岛奕木先生公寓,酒店住宿,其他,119.7981,39.993345,hotel
poi_hotel.csv,秦皇岛芬姐民宿酒店,酒店住宿,其他,119.800207,39.994605,hotel
poi_hotel.csv,秦皇岛六六小居公寓,酒店住宿,其他,119.79899,39.99256200000001,hotel
poi_hotel.csv,清雅湖沐浴,酒店住宿,其他,119.801963,39.993807,hotel
poi_hotel.csv,秦皇岛海之恋家园公寓,酒店住宿,其他,119.798333,39.991081,hotel
poi_hotel.csv,秦皇岛范洪双公寓,酒店住宿,其他,119.798653,39.991355,hotel
poi_hotel.csv,秦皇岛山海旧居公寓,酒店住宿,其他,119.79939,39.992826,hotel
poi_hotel.csv,秦皇岛海边一层楼公寓,酒店住宿,其他,119.798777,39.992924,hotel
poi_hotel.csv,秦皇岛老龙头乐岛东戴河民宿酒店,酒店住宿,其他,119.801559,39.994989,hotel
poi_hotel.csv,秦皇岛幸福近海公寓,酒店住宿,其他,119.802957,39.987578,hotel
poi_hotel.csv,秦皇岛海雨豪华酒店,酒店住宿,豪华型酒店,119.790235,39.99631,hotel
poi_hotel.csv,秦皇岛多宝的漫画家公寓,酒店住宿,其他,119.766194,39.98333,hotel
poi_hotel.csv,秦皇岛山海关观山观海海景度假公寓,酒店住宿,其他,119.762995,39.984126,hotel
poi_hotel.csv,秦皇岛日租房st公寓,酒店住宿,其他,119.763023,39.984594,hotel
poi_hotel.csv,秦皇岛赏日出家庭公寓,酒店住宿,其他,119.805943,39.981442,hotel
poi_hotel.csv,因福酒店,酒店住宿,其他,119.806996,39.980898,hotel
poi_hotel.csv,龙玺渡假豪华酒店,酒店住宿,其他,119.806977,39.979709,hotel
poi_hotel.csv,海岸线快捷酒店,酒店住宿,其他,119.805064,39.980521,hotel
poi_hotel.csv,秦皇岛大巍姐公寓,酒店住宿,其他,119.805124,39.980311,hotel
poi_hotel.csv,秦皇岛怡居海景公寓,酒店住宿,其他,119.805662,39.980513,hotel
poi_hotel.csv,卡梅尔豪华酒店,酒店住宿,其他,119.805629,39.981278,hotel
poi_hotel.csv,秦皇岛老龙头假日蓝湾公寓,酒店住宿,舒适型酒店,119.805374,39.981477000000005,hotel
poi_hotel.csv,柏纳酒店,酒店住宿,其他,119.806876,39.979747,hotel
poi_hotel.csv,秦皇岛假日海景豪华酒店式公寓,酒店住宿,其他,119.807162,39.97984,hotel
poi_hotel.csv,秦皇岛花与海纯美海景公寓,酒店住宿,其他,119.806545,39.979884,hotel
poi_hotel.csv,万里路秦皇岛青年旅馆,酒店住宿,青旅,119.804658,39.97838,hotel
poi_hotel.csv,秦皇岛卡梅尔假日蓝湾豪华酒店,酒店住宿,其他,119.805707,39.981314000000005,hotel
poi_hotel.csv,秦皇岛乐岛军姐公寓,酒店住宿,其他,119.806725,39.981099,hotel
poi_hotel.csv,老龙头假日蓝湾酒店式公寓,酒店住宿,其他,119.805753,39.980491,hotel
poi_hotel.csv,秦皇岛老龙头景区民宿酒店,酒店住宿,其他,119.805071,39.980363,hotel
poi_hotel.csv,秦皇岛凉爽夏天公寓,酒店住宿,其他,119.805111,39.980307,hotel
poi_hotel.csv,假日蓝湾超级海景公寓,酒店住宿,其他,119.805186,39.981285,hotel
poi_hotel.csv,迎招酒店,酒店住宿,其他,119.806306,39.979325,hotel
poi_hotel.csv,秦皇岛归家民宿海边度假小屋,酒店住宿,其他,119.805153,39.980341,hotel
poi_hotel.csv,秦皇岛忘念公寓,酒店住宿,其他,119.805145,39.979546000000006,hotel
poi_hotel.csv,秦皇岛赵越越公寓,酒店住宿,舒适型酒店,119.805355,39.980366,hotel
poi_hotel.csv,秦皇岛A微笑向暖公寓,酒店住宿,其他,119.805892,39.980498,hotel
poi_hotel.csv,秦皇岛陌家公寓,酒店住宿,其他,119.804945,39.98097,hotel
poi_hotel.csv,秦皇岛晚霜公寓,酒店住宿,其他,119.807322,39.979874,hotel
poi_hotel.csv,秦皇岛陌家公寓,酒店住宿,其他,119.804895,39.98096,hotel
poi_hotel.csv,秦皇岛假日蓝湾海景酒店,酒店住宿,其他,119.807131,39.979870000000005,hotel
poi_hotel.csv,幸福近海公寓,酒店住宿,其他,119.806256,39.980723,hotel
poi_hotel.csv,秦皇岛张明明公寓,酒店住宿,其他,119.805045,39.981556000000005,hotel
poi_hotel.csv,秦皇岛周有为公寓,酒店住宿,其他,119.805614,39.981407,hotel
poi_hotel.csv,秦皇岛海上华尔兹公寓,酒店住宿,其他,119.806799,39.981282,hotel
poi_hotel.csv,娄璐公寓,酒店住宿,其他,119.804588,39.980609,hotel
poi_hotel.csv,老龙头公寓,酒店住宿,其他,119.804912,39.9811,hotel
poi_hotel.csv,京山渔家院,酒店住宿,舒适型酒店,119.809874,39.980654,hotel
poi_hotel.csv,秦皇岛陈越龙公寓,酒店住宿,其他,119.805846,39.980526,hotel
poi_hotel.csv,秦皇岛山海关日租房公寓,酒店住宿,其他,119.805771,39.979841,hotel
poi_hotel.csv,秦皇岛山海关日租房公寓,酒店住宿,其他,119.805139,39.980363,hotel
poi_hotel.csv,秦皇岛假日蓝湾豪华酒店公寓,酒店住宿,其他,119.805852,39.980508,hotel
poi_hotel.csv,秦皇岛假日蓝湾海景房豪华酒店式公寓,酒店住宿,其他,119.805215,39.981596,hotel
poi_hotel.csv,秦皇岛徐佳宝贝公寓,酒店住宿,其他,119.806921,39.979844,hotel
poi_hotel.csv,秦皇岛秦皇岛老龙头洋洋家庭公寓,酒店住宿,其他,119.805748,39.981441,hotel
poi_hotel.csv,秦皇岛幸福近海公寓,酒店住宿,其他,119.80516,39.980308,hotel
poi_hotel.csv,秦皇岛老龙头海景别墅,酒店住宿,其他,119.807678,39.979712,hotel
poi_hotel.csv,日达鱼家院,酒店住宿,舒适型酒店,119.810552,39.980829,hotel
poi_hotel.csv,秦皇岛谭立国公寓,酒店住宿,其他,119.817693,39.984168,hotel
poi_hotel.csv,秦皇岛张伟公寓,酒店住宿,其他,119.81845,39.984313,hotel
poi_hotel.csv,秦皇岛金顺公寓,酒店住宿,其他,119.817699,39.985479000000005,hotel
poi_hotel.csv,秦皇岛海边朋友公寓,酒店住宿,舒适型酒店,119.817855,39.984539,hotel
poi_hotel.csv,秦皇岛日月星快捷酒店,酒店住宿,其他,119.81776,39.989684,hotel
poi_hotel.csv,秦皇岛赵丹公寓,酒店住宿,其他,119.819427,39.995008,hotel
poi_hotel.csv,山海关温馨芝家民宿酒店,酒店住宿,其他,119.818949,39.995859,hotel
poi_hotel.csv,明星酒店,酒店住宿,其他,119.817772,39.989738,hotel
poi_hotel.csv,秦皇岛小铭家公寓,酒店住宿,其他,119.818995,39.995842,hotel
poi_hotel.csv,秦皇岛闲野民宿酒店,酒店住宿,其他,119.818864,39.994264,hotel
poi_hotel.csv,秦皇岛晓霞温馨民宿酒店,酒店住宿,其他,119.817847,39.994227,hotel
poi_hotel.csv,秦皇岛薄荷青年公寓,酒店住宿,青旅,119.819527,39.995092,hotel
poi_hotel.csv,秦皇岛小宝渤海公寓,酒店住宿,其他,119.817858,39.994537,hotel
poi_hotel.csv,山海关亚克豪华酒店,酒店住宿,其他,119.818357,39.98974,hotel
poi_hotel.csv,秦皇岛王家温馨小屋,酒店住宿,其他,119.818978,39.995000000000005,hotel
poi_hotel.csv,秦皇岛敬雨家庭公寓,酒店住宿,其他,119.817662,39.995719,hotel
poi_hotel.csv,山海关温馨的家公寓,酒店住宿,其他,119.819077,39.995881,hotel
poi_hotel.csv,秦皇岛悦客之家公寓,酒店住宿,其他,119.818706,39.995383,hotel
poi_hotel.csv,海湾宜家公寓,酒店住宿,其他,119.827968,39.99389,hotel
poi_hotel.csv,秦皇岛小白姐姐吖公寓,酒店住宿,其他,119.819009,39.995641,hotel
poi_hotel.csv,秦皇岛海风民宿,酒店住宿,其他,119.818119,39.995509,hotel
poi_hotel.csv,秦皇岛爱睡觉的萝卜公寓,酒店住宿,其他,119.818471,39.996092,hotel
poi_hotel.csv,秦皇岛悦海兰馨家庭公寓,酒店住宿,其他,119.818041,39.995569,hotel
poi_hotel.csv,秦皇岛叶子家庭温馨公寓,酒店住宿,其他,119.819413,39.995184,hotel
poi_hotel.csv,秦皇岛蓉蓉家民宿,酒店住宿,其他,119.819501,39.99419,hotel
poi_hotel.csv,秦皇岛一帆风顺69319公寓,酒店住宿,其他,119.819415,39.99554,hotel
poi_hotel.csv,秦皇岛悦海之家公寓,酒店住宿,其他,119.819053,39.996107,hotel
poi_hotel.csv,秦皇岛温馨家具屋公寓,酒店住宿,其他,119.818617,39.995204,hotel
poi_hotel.csv,秦皇岛努力拼搏公寓,酒店住宿,其他,119.819017,39.995801,hotel
poi_hotel.csv,秦皇岛海洋公寓,酒店住宿,其他,119.819185,39.995810000000006,hotel
poi_hotel.csv,秦皇岛瑞星公寓,酒店住宿,其他,119.818766,39.996061,hotel
poi_hotel.csv,住宿服务,酒店住宿,其他,119.817582,39.989717,hotel
poi_hotel.csv,大家好公寓,酒店住宿,舒适型酒店,119.81889,39.994905,hotel
poi_hotel.csv,秦皇岛问天公寓,酒店住宿,其他,119.818708,39.996059,hotel
poi_hotel.csv,秦皇岛吕振公寓,酒店住宿,其他,119.819073,39.99557,hotel
poi_hotel.csv,秦皇岛田吻公寓,酒店住宿,其他,119.818188,39.994567,hotel
poi_hotel.csv,秦皇岛双乐公寓,酒店住宿,其他,119.818808,39.993915,hotel
poi_hotel.csv,秦皇岛姚17公寓,酒店住宿,其他,119.818826,39.99560700000001,hotel
poi_hotel.csv,秦皇岛楠姐公寓,酒店住宿,其他,119.818857,39.995505,hotel
poi_hotel.csv,秦皇岛欢乐时光悦海公寓,酒店住宿,其他,119.819217,39.995801,hotel
poi_hotel.csv,秦皇岛爱家温馨居室公寓,酒店住宿,其他,119.819165,39.995944,hotel
poi_hotel.csv,秦皇岛哈喽hi山海关公寓,酒店住宿,其他,119.819007,39.995107,hotel
poi_hotel.csv,秦皇岛蓉蓉家民宿,酒店住宿,其他,119.819442,39.994171,hotel
poi_hotel.csv,秦皇岛涛涛-爱的港湾公寓,酒店住宿,其他,119.818417,39.995882,hotel
poi_hotel.csv,秦皇岛言啊言公寓,酒店住宿,其他,119.819172,39.995839,hotel
poi_hotel.csv,秦皇岛步行者公寓,酒店住宿,其他,119.8188,39.995943,hotel
poi_hotel.csv,秦皇岛老龙头温馨家园公寓,酒店住宿,其他,119.818085,39.99566,hotel
poi_hotel.csv,秦皇岛冰冰到家公寓,酒店住宿,其他,119.818071,39.995614,hotel
poi_hotel.csv,秦皇岛海边秀丽的温馨小屋,酒店住宿,其他,119.818903,39.995823,hotel
poi_hotel.csv,秦皇岛Molly的悦海花园公寓,酒店住宿,其他,119.819394,39.994669,hotel
poi_hotel.csv,秦皇岛推窗看海公寓,酒店住宿,其他,119.81923,39.995844,hotel
poi_hotel.csv,秦皇岛海乐之家公寓,酒店住宿,其他,119.81901,39.995746,hotel
poi_hotel.csv,秦皇岛小伊家民宿酒店,酒店住宿,其他,119.818992,39.995854,hotel
poi_hotel.csv,秦皇岛静之小院,酒店住宿,其他,119.772238,40.014559000000006,hotel
poi_hotel.csv,秦皇岛有缘来相聚别墅,酒店住宿,其他,119.770184,40.015589,hotel
poi_hotel.csv,秦皇岛门宏公寓,酒店住宿,其他,119.77264,40.015684,hotel
poi_hotel.csv,秦皇岛东戴河佳兆业海逸明珠海景公寓分店,酒店住宿,其他,119.75875,40.021688,hotel
poi_hotel.csv,秦皇岛月光水岸公寓,酒店住宿,其他,119.780069,40.003415,hotel
poi_hotel.csv,秦皇岛刚哥的民宿酒店,酒店住宿,其他,119.780386,40.002683000000005,hotel
poi_hotel.csv,秦皇岛山海关一家人民宿酒店,酒店住宿,其他,119.782028,40.00769,hotel
poi_hotel.csv,秦皇岛欢乐时光悦海公寓,酒店住宿,其他,119.7816,40.00261,hotel
poi_hotel.csv,幸福近海公寓,酒店住宿,其他,119.784469,40.000912,hotel
poi_hotel.csv,幸福近海公寓,酒店住宿,其他,119.78044,40.002705,hotel
poi_hotel.csv,秦皇岛芭比梦公寓,酒店住宿,其他,119.781619,40.001605000000005,hotel
poi_hotel.csv,秦皇岛山海关幸福安康公寓,酒店住宿,其他,119.780448,40.002659,hotel
poi_hotel.csv,秦皇岛优优smile公寓,酒店住宿,其他,119.779983,40.00336,hotel
poi_hotel.csv,酉佳盈商务豪华酒店,酒店住宿,舒适型酒店,119.795793,40.020449,hotel
poi_hotel.csv,兴帝华酒店,酒店住宿,其他,119.793734,40.019675,hotel
poi_hotel.csv,秦皇岛冯晓东公寓,酒店住宿,其他,119.797396,40.023091,hotel
poi_hotel.csv,海逸名都,酒店住宿,其他,119.789346,40.019188,hotel
poi_hotel.csv,高铁酒店,酒店住宿,其他,119.781551,40.015378,hotel
poi_hotel.csv,桐起酒店,酒店住宿,其他,119.78362,40.016332,hotel
poi_hotel.csv,秦皇岛雅轩豪华酒店,酒店住宿,其他,119.781891,40.015576,hotel
poi_hotel.csv,东关村家惠超级市场宾馆,酒店住宿,其他,119.783229,40.016098,hotel
poi_hotel.csv,秦皇岛桐兴酒店,酒店住宿,其他,119.783418,40.015962,hotel
poi_hotel.csv,OYO智享圆梦酒店,酒店住宿,其他,119.780566,40.014412,hotel
poi_hotel.csv,钢铁豪华酒店,酒店住宿,其他,119.513567,40.019175,hotel
poi_hotel.csv,秦皇岛艺卓公寓,酒店住宿,其他,119.562345,39.95563,hotel
poi_hotel.csv,秦皇岛海红公寓,酒店住宿,其他,119.561358,39.954178,hotel
poi_hotel.csv,秦皇岛岁月静好123公寓,酒店住宿,其他,119.563384,39.960188,hotel
poi_hotel.csv,秦皇岛79快捷酒店,酒店住宿,舒适型酒店,119.571164,39.963707,hotel
poi_hotel.csv,喆啡酒店,酒店住宿,其他,119.569858,39.964117,hotel
poi_hotel.csv,恺阳招待所-民宿酒店,酒店住宿,舒适型酒店,119.571227,39.963122,hotel
poi_hotel.csv,秦皇岛伊蓝阁民宿酒店,酒店住宿,其他,119.578122,39.971127,hotel
poi_hotel.csv,圣之清酒店,酒店住宿,其他,119.560342,39.97827,hotel
poi_hotel.csv,圣之清酒店,酒店住宿,其他,119.559174,39.977588,hotel
poi_hotel.csv,秦皇岛誉港快捷酒店,酒店住宿,其他,119.558255,39.974984,hotel
poi_hotel.csv,秦皇岛暗沉梦落公寓,酒店住宿,其他,119.579093,39.974879,hotel
poi_hotel.csv,印象海景公寓联盟酒店,酒店住宿,其他,119.571002,39.983091,hotel
poi_hotel.csv,招待所,酒店住宿,舒适型酒店,119.60819,39.964506,hotel
poi_hotel.csv,同盛便捷酒店,酒店住宿,其他,119.649196,39.9745,hotel
poi_hotel.csv,秦皇岛五哥LJ特色民宿酒店,酒店住宿,其他,119.623186,40.078055,hotel
poi_hotel.csv,秦皇岛天龙商务豪华酒店,酒店住宿,舒适型酒店,119.609708,40.091272,hotel
poi_hotel.csv,富香园豪华酒店,酒店住宿,其他,119.288335,39.780749,hotel
poi_hotel.csv,格林豪泰酒店,酒店住宿,舒适型酒店,119.29266,39.778567,hotel
poi_hotel.csv,长城招待所,酒店住宿,舒适型酒店,119.299449,39.783991,hotel
poi_hotel.csv,好再来酒店,酒店住宿,其他,119.30245,39.78549,hotel
poi_hotel.csv,好再来酒店,酒店住宿,舒适型酒店,119.302502,39.785497,hotel
poi_hotel.csv,东旺豪华酒店,酒店住宿,其他,119.300458,39.794196,hotel
poi_hotel.csv,家辉酒店,酒店住宿,其他,119.301701,39.785172,hotel
poi_hotel.csv,新海浪屿豪华酒店,酒店住宿,其他,119.411143,39.776551,hotel
poi_hotel.csv,秦皇岛万豪度假豪华酒店,酒店住宿,其他,119.405735,39.77241,hotel
poi_hotel.csv,秦皇岛暖滋味公寓,酒店住宿,其他,119.405121,39.77711,hotel
poi_hotel.csv,秦皇岛蜂蜂亲子民宿,酒店住宿,其他,119.40615,39.774099,hotel
poi_hotel.csv,秦皇岛远洋蔚蓝海岸高端海景海边舒适公寓,酒店住宿,其他,119.405273,39.770755,hotel
poi_hotel.csv,南戴河观海园海景酒店,酒店住宿,舒适型酒店,119.422685,39.781108,hotel
poi_hotel.csv,南戴河国平旅社,酒店住宿,舒适型酒店,119.417447,39.789505,hotel
poi_hotel.csv,柒号酒店,酒店住宿,高档型酒店,119.416044,39.791365000000006,hotel
poi_hotel.csv,金海岸度假村,酒店住宿,其他,119.416755,39.787697,hotel
poi_hotel.csv,鑫悦酒店,酒店住宿,其他,119.414453,39.788663,hotel
poi_hotel.csv,雅轩宾馆,酒店住宿,其他,119.416103,39.787897,hotel
poi_hotel.csv,成杰酒店,酒店住宿,舒适型酒店,119.413056,39.789817,hotel
poi_hotel.csv,南戴河顺祥酒店,酒店住宿,舒适型酒店,119.414076,39.789159,hotel
poi_hotel.csv,南戴河海欣酒店,酒店住宿,其他,119.415019,39.790614000000005,hotel
poi_hotel.csv,邻河酒店,酒店住宿,其他,119.412023,39.789104,hotel
poi_hotel.csv,南戴河昕光酒店,酒店住宿,其他,119.415922,39.790982,hotel
poi_hotel.csv,南戴河海富酒店,酒店住宿,舒适型酒店,119.416659,39.784646,hotel
poi_hotel.csv,瀚文酒店,酒店住宿,舒适型酒店,119.414355,39.78946,hotel
poi_hotel.csv,明兰酒店,酒店住宿,舒适型酒店,119.416326,39.789254,hotel
poi_hotel.csv,秦皇岛快乐旅行公寓,酒店住宿,其他,119.414094,39.792694,hotel
poi_hotel.csv,银帆旅社,酒店住宿,舒适型酒店,119.416877,39.786393,hotel
poi_hotel.csv,快捷酒店,酒店住宿,其他,119.411633,39.789859,hotel
poi_hotel.csv,宇璐酒店,酒店住宿,其他,119.416438,39.789303,hotel
poi_hotel.csv,万全酒店,酒店住宿,舒适型酒店,119.413651,39.789959,hotel
poi_hotel.csv,伟辉酒店,酒店住宿,其他,119.414572,39.787136,hotel
poi_hotel.csv,秦皇岛李女士公寓,酒店住宿,其他,119.416515,39.789301,hotel
poi_hotel.csv,聚源酒店酒店,酒店住宿,其他,119.412622,39.790603,hotel
poi_hotel.csv,乐港酒店,酒店住宿,其他,119.412475,39.787968000000006,hotel
poi_hotel.csv,望海居酒店,酒店住宿,其他,119.413558,39.786806,hotel
poi_hotel.csv,合鑫酒店,酒店住宿,其他,119.415937,39.790236,hotel
poi_hotel.csv,源惠酒店,酒店住宿,其他,119.417354,39.78802700000001,hotel
poi_hotel.csv,南戴河易居酒店,酒店住宿,其他,119.416519,39.790859000000005,hotel
poi_hotel.csv,秦皇岛欧洲小区民宿酒店,酒店住宿,其他,119.408612,39.794215,hotel
poi_hotel.csv,南戴河隆鑫酒店,酒店住宿,其他,119.415755,39.789615,hotel
poi_hotel.csv,秦皇岛张磊佳民宿酒店,酒店住宿,其他,119.416501,39.789723,hotel
poi_hotel.csv,秦皇岛蓝海家园公寓,酒店住宿,其他,119.416869,39.791499,hotel
poi_hotel.csv,蓝色快乐家园酒店,酒店住宿,其他,119.416992,39.789291,hotel
poi_hotel.csv,秦皇岛风语者公寓,酒店住宿,其他,119.417114,39.79199,hotel
poi_hotel.csv,秦皇岛星澜民宿酒店,酒店住宿,其他,119.405354,39.78991,hotel
poi_hotel.csv,秦皇岛囍阳阳公寓,酒店住宿,其他,119.416765,39.79182,hotel
poi_hotel.csv,秦皇岛宇睿民宿酒店,酒店住宿,其他,119.417095,39.789223,hotel
poi_hotel.csv,秦皇岛千夕小筑,酒店住宿,其他,119.417135,39.791843,hotel
poi_hotel.csv,秦皇岛益嫣77公寓,酒店住宿,其他,119.412128,39.794751000000005,hotel
poi_hotel.csv,博仁酒店,酒店住宿,其他,119.415024,39.787577,hotel
poi_hotel.csv,南戴河康居酒店,酒店住宿,舒适型酒店,119.413579,39.789191,hotel
poi_hotel.csv,秦皇岛满鑫酒店,酒店住宿,其他,119.412361,39.789742,hotel
poi_hotel.csv,南戴河临海听涛豪华酒店,酒店住宿,其他,119.417415,39.791588,hotel
poi_hotel.csv,南戴河欣程快捷酒店,酒店住宿,其他,119.412381,39.790441,hotel
poi_hotel.csv,晓苒酒店,酒店住宿,舒适型酒店,119.413555,39.789523,hotel
poi_hotel.csv,浩睿酒店,酒店住宿,舒适型酒店,119.41429,39.788105,hotel
poi_hotel.csv,雅宜酒店,酒店住宿,舒适型酒店,119.414778,39.788577,hotel
poi_hotel.csv,南戴河治朝酒店,酒店住宿,其他,119.416999,39.789097000000005,hotel
poi_hotel.csv,侨居酒店,酒店住宿,其他,119.41222,39.788812,hotel
poi_hotel.csv,南戴河民宿,酒店住宿,其他,119.413574,39.790703,hotel
poi_hotel.csv,林洁酒店,酒店住宿,其他,119.413354,39.788999,hotel
poi_hotel.csv,秦皇岛临海听涛海滩公寓,酒店住宿,其他,119.41731,39.79155,hotel
poi_hotel.csv,静悦酒店,酒店住宿,其他,119.413053,39.789172,hotel
poi_hotel.csv,景风酒店,酒店住宿,舒适型酒店,119.412418,39.789767,hotel
poi_hotel.csv,秦皇岛海边的浪漫满屋公寓,酒店住宿,其他,119.416666,39.791677,hotel
poi_hotel.csv,秦皇岛华贸·蔚蓝海岸风情公寓,酒店住宿,其他,119.412328,39.790439,hotel
poi_hotel.csv,南戴河祎航宾馆,酒店住宿,其他,119.416138,39.789274,hotel
poi_hotel.csv,静民酒店,酒店住宿,舒适型酒店,119.415734,39.790234,hotel
poi_hotel.csv,星江家庭酒店,酒店住宿,舒适型酒店,119.416249,39.787914,hotel
poi_hotel.csv,满鑫酒店,酒店住宿,舒适型酒店,119.412437,39.789831,hotel
poi_hotel.csv,永志民宿,酒店住宿,舒适型酒店,119.41643,39.789843,hotel
poi_hotel.csv,卓禧民宿酒店,酒店住宿,舒适型酒店,119.416191,39.7929,hotel
poi_hotel.csv,奥洋酒店,酒店住宿,舒适型酒店,119.414018,39.788229,hotel
poi_hotel.csv,南戴河旭丽酒店,酒店住宿,舒适型酒店,119.417314,39.78839,hotel
poi_hotel.csv,蓝色港湾酒店,酒店住宿,其他,119.414663,39.785803,hotel
poi_hotel.csv,澜湾酒店,酒店住宿,其他,119.414172,39.788747,hotel
poi_hotel.csv,秦皇岛日增民宿,酒店住宿,其他,119.413535,39.790758,hotel
poi_hotel.csv,秦皇岛晗轩民宿,酒店住宿,其他,119.416907,39.793251,hotel
poi_hotel.csv,秦皇岛日增民宿,酒店住宿,其他,119.413531,39.790723,hotel
poi_hotel.csv,佳航酒店,酒店住宿,其他,119.416919,39.788779000000005,hotel
poi_hotel.csv,南戴河博杰酒店,酒店住宿,其他,119.414899,39.793039,hotel
poi_hotel.csv,海岸渔村民宿,酒店住宿,其他,119.413193,39.787049,hotel
poi_hotel.csv,天洋酒店,酒店住宿,舒适型酒店,119.417292,39.78956,hotel
poi_hotel.csv,秦皇岛诗与远方的家公寓,酒店住宿,其他,119.417148,39.791988,hotel
poi_hotel.csv,秦皇岛l及丽公寓,酒店住宿,其他,119.410235,39.793826,hotel
poi_hotel.csv,京海卓越民宿,酒店住宿,舒适型酒店,119.416054,39.793034,hotel
poi_hotel.csv,秦皇岛毛艳芳公寓,酒店住宿,其他,119.410338,39.794455,hotel
poi_hotel.csv,秦皇岛海阔天空任我飞公寓,酒店住宿,其他,119.405602,39.791138,hotel
poi_hotel.csv,秦皇岛南戴河loft公寓,酒店住宿,其他,119.405466,39.792807,hotel
poi_hotel.csv,秦皇岛海鸥之家豪华酒店式公寓,酒店住宿,其他,119.416655,39.791709,hotel
poi_hotel.csv,超奈斯别墅民宿,酒店住宿,其他,119.405795,39.791142,hotel
poi_hotel.csv,秦皇岛啊霞日租房普通公寓,酒店住宿,其他,119.410801,39.794013,hotel
poi_hotel.csv,秦皇岛小浣熊zZ精品公寓,酒店住宿,其他,119.414265,39.794598,hotel
poi_hotel.csv,听涛海景精品豪华酒店公寓,酒店住宿,其他,119.417391,39.791662,hotel
poi_hotel.csv,秦皇岛及丽之家公寓,酒店住宿,其他,119.410437,39.794248,hotel
poi_hotel.csv,秦皇岛南戴河洋河口鱼家小院,酒店住宿,其他,119.4148,39.793113,hotel
poi_hotel.csv,祎航民宿,酒店住宿,其他,119.417198,39.791835,hotel
poi_hotel.csv,秦皇岛幸福之家公寓,酒店住宿,其他,119.405361,39.794241,hotel
poi_hotel.csv,嘉和酒店,酒店住宿,其他,119.412799,39.789813,hotel
poi_hotel.csv,秦皇岛快乐旅行特色民宿,酒店住宿,其他,119.414188,39.792591,hotel
poi_hotel.csv,秦皇岛美好一天公寓,酒店住宿,其他,119.410284,39.794946,hotel
poi_hotel.csv,秦皇岛南戴河幸福里公寓,酒店住宿,其他,119.417228,39.794773,hotel
poi_hotel.csv,清雪丽人别墅,酒店住宿,其他,119.414319,39.786498,hotel
poi_hotel.csv,秦皇岛海之旅诚信公寓,酒店住宿,其他,119.405613,39.791182,hotel
poi_hotel.csv,秦皇岛快乐旅行度假别墅,酒店住宿,其他,119.414126,39.792746,hotel
poi_hotel.csv,航海酒店,酒店住宿,其他,119.411843,39.789375,hotel
poi_hotel.csv,富驿酒店,酒店住宿,其他,119.416613,39.787761,hotel
poi_hotel.csv,南戴河明欢酒店,酒店住宿,其他,119.416411,39.788656,hotel
poi_hotel.csv,秦皇岛赶海人家公寓,酒店住宿,其他,119.405769,39.791203,hotel
poi_hotel.csv,熙舍·戴河小筑,酒店住宿,舒适型酒店,119.414296,39.794539,hotel
poi_hotel.csv,秦皇岛蟹老板啊公寓,酒店住宿,其他,119.416125,39.794388,hotel
poi_hotel.csv,秦皇岛温馨小三居室公寓,酒店住宿,其他,119.416082,39.794647,hotel
poi_hotel.csv,秦皇岛啊霞日租民宿酒店,酒店住宿,其他,119.416041,39.79424,hotel
poi_hotel.csv,秦皇岛妙音柏波公寓,酒店住宿,其他,119.416078,39.794436000000005,hotel
poi_hotel.csv,秦皇岛林萍公寓,酒店住宿,其他,119.416139,39.794722,hotel
poi_hotel.csv,秦皇岛佳佳888民宿酒店,酒店住宿,其他,119.415147,39.794299,hotel
poi_hotel.csv,秦皇岛NDH清秋公寓,酒店住宿,其他,119.416156,39.794753,hotel
poi_hotel.csv,秦皇岛洛曦宸公寓,酒店住宿,其他,119.416655,39.794209,hotel
poi_hotel.csv,秦皇岛灰姑娘家庭公寓,酒店住宿,其他,119.416027,39.79469,hotel
poi_hotel.csv,秦皇岛佳佳小屋,酒店住宿,其他,119.415528,39.794634,hotel
poi_hotel.csv,南戴河海边幸福之家公寓,酒店住宿,其他,119.415548,39.79474,hotel
poi_hotel.csv,阳丹酒店,酒店住宿,其他,119.420439,39.814675,hotel
poi_hotel.csv,鑫源农家院,酒店住宿,其他,119.417912,39.813332,hotel
poi_hotel.csv,二姐酒店,酒店住宿,其他,119.420081,39.815209,hotel
poi_hotel.csv,北戴河百旺酒店,酒店住宿,其他,119.417752,39.814664,hotel
poi_hotel.csv,北戴河依山傍水酒店,酒店住宿,其他,119.420477,39.815012,hotel
poi_hotel.csv,优客豪华酒店,酒店住宿,其他,119.423156,39.812608,hotel
poi_hotel.csv,北戴河集发观光园8号别墅,酒店住宿,其他,119.417411,39.820086,hotel
poi_hotel.csv,香苒月,酒店住宿,舒适型酒店,119.422703,39.813106,hotel
poi_hotel.csv,秦皇岛静好民宿酒店,酒店住宿,舒适型酒店,119.420517,39.815321,hotel
poi_hotel.csv,敬哲酒店,酒店住宿,其他,119.417822,39.81495,hotel
poi_hotel.csv,秦皇岛花庭忆旅馆,酒店住宿,舒适型酒店,119.422364,39.813549,hotel
poi_hotel.csv,旭辰民宿酒店,酒店住宿,舒适型酒店,119.422651,39.812879,hotel
poi_hotel.csv,旭辰民宿酒店,酒店住宿,舒适型酒店,119.42265,39.812859,hotel
poi_hotel.csv,秦皇岛鸿儒阁酒店,酒店住宿,其他,119.420241,39.814308,hotel
poi_hotel.csv,秦皇岛馥约风格民宿酒店,酒店住宿,舒适型酒店,119.423254,39.811958,hotel
poi_hotel.csv,别漾民宿酒店,酒店住宿,其他,119.419695,39.815324,hotel
poi_hotel.csv,秦皇岛海云阁豪华酒店,酒店住宿,其他,119.423963,39.812407,hotel
poi_hotel.csv,北戴河誓约别墅,酒店住宿,其他,119.423526,39.812215,hotel
poi_hotel.csv,秦皇岛翠雅轩民宿酒店,酒店住宿,其他,119.42312,39.812256,hotel
poi_hotel.csv,秦皇岛依云旅馆,酒店住宿,其他,119.423074,39.811813,hotel
poi_hotel.csv,景亭轩民宿酒店,酒店住宿,其他,119.422544,39.813615,hotel
poi_hotel.csv,北戴河晓宁假日豪华酒店,酒店住宿,其他,119.417893,39.814424,hotel
poi_hotel.csv,北戴河惠馨民宿酒店,酒店住宿,其他,119.419198,39.816137000000005,hotel
poi_hotel.csv,北戴河忘返徽派建筑民宿酒店,酒店住宿,舒适型酒店,119.423509,39.812092,hotel
poi_hotel.csv,沐鼎雅园,酒店住宿,舒适型酒店,119.423024,39.812506,hotel
poi_hotel.csv,北戴河晓超民宿酒店,酒店住宿,其他,119.419475,39.815623,hotel
poi_hotel.csv,北戴河乐途房车营地,酒店住宿,其他,119.421597,39.816482,hotel
poi_hotel.csv,北戴河栖上原舍,酒店住宿,其他,119.423446,39.812306,hotel
poi_hotel.csv,隽秀酒店,酒店住宿,舒适型酒店,119.420261,39.815329,hotel
poi_hotel.csv,霍姐酒店,酒店住宿,舒适型酒店,119.417962,39.813299,hotel
poi_hotel.csv,乐家酒店,酒店住宿,舒适型酒店,119.420348,39.814797,hotel
poi_hotel.csv,北戴河圈子轰趴别墅,酒店住宿,其他,119.420611,39.814511,hotel
poi_hotel.csv,景尚缘公寓,酒店住宿,其他,119.423241,39.812696,hotel
poi_hotel.csv,古城新村民宿区,酒店住宿,其他,119.422428,39.813711000000005,hotel
poi_hotel.csv,古城新村民宿区,酒店住宿,其他,119.423814,39.812757,hotel
poi_hotel.csv,秦皇岛房东小侯同学别墅,酒店住宿,其他,119.421567,39.814808,hotel
poi_hotel.csv,北戴河王煜民宿餐馆,酒店住宿,其他,119.423312,39.812999000000005,hotel
poi_hotel.csv,宿约SUYUE,酒店住宿,其他,119.417505,39.814292,hotel
poi_hotel.csv,北戴河天野旅馆餐馆,酒店住宿,其他,119.418156,39.815602,hotel
poi_hotel.csv,秦皇岛北戴河云阁民宿酒店,酒店住宿,其他,119.421522,39.814775,hotel
poi_hotel.csv,北戴河墅园民宿酒店,酒店住宿,其他,119.420191,39.815798,hotel
poi_hotel.csv,澜珊国色酒店,酒店住宿,其他,119.423721,39.81216,hotel
poi_hotel.csv,德祥旅馆餐馆,酒店住宿,其他,119.419877,39.816323,hotel
poi_hotel.csv,艺甜民宿酒店,酒店住宿,其他,119.423377,39.812013,hotel
poi_hotel.csv,儒颂旅馆,酒店住宿,其他,119.422873,39.811677,hotel
poi_hotel.csv,佳臻园酒店,酒店住宿,其他,119.422941,39.813331,hotel
poi_hotel.csv,佳臻园酒店,酒店住宿,舒适型酒店,119.423022,39.813318,hotel
poi_hotel.csv,古城民宿区,酒店住宿,舒适型酒店,119.420281,39.815582,hotel
poi_hotel.csv,古韵酒店,酒店住宿,其他,119.420855,39.813998,hotel
poi_hotel.csv,秦皇岛宜佳家庭酒店,酒店住宿,其他,119.41911,39.815873,hotel
poi_hotel.csv,北戴河美栈酒店,酒店住宿,舒适型酒店,119.423162,39.813187,hotel
poi_hotel.csv,北戴河美栈酒店,酒店住宿,其他,119.423097,39.813161,hotel
poi_hotel.csv,秦皇岛宾丰阁民宿酒店,酒店住宿,其他,119.422549,39.8134,hotel
poi_hotel.csv,秦皇岛梦顺圆民宿酒店,酒店住宿,舒适型酒店,119.423259,39.812595,hotel
poi_hotel.csv,秦皇岛花筑北戴河素舍民宿,酒店住宿,其他,119.421038,39.81417,hotel
poi_hotel.csv,春奇酒店,酒店住宿,舒适型酒店,119.418517,39.815523000000006,hotel
poi_hotel.csv,冉冉公寓,酒店住宿,舒适型酒店,119.422152,39.813417,hotel
poi_hotel.csv,园中缘假日酒店,酒店住宿,其他,119.422186,39.814028,hotel
poi_hotel.csv,利群民宿,酒店住宿,其他,119.421148,39.814743,hotel
poi_hotel.csv,秦皇岛驿捷燕宝阁民宿,酒店住宿,舒适型酒店,119.422177,39.812224,hotel
poi_hotel.csv,绍轩·民宿餐馆,酒店住宿,舒适型酒店,119.422319,39.813893,hotel
poi_hotel.csv,秦皇岛荣江别墅,酒店住宿,其他,119.418816,39.815548,hotel
poi_hotel.csv,秦皇岛缘中园假日民宿酒店,酒店住宿,其他,119.422086,39.814396,hotel
poi_hotel.csv,秦皇岛张女士公寓,酒店住宿,其他,119.423691,39.813722,hotel
poi_hotel.csv,怡然之家酒店,酒店住宿,舒适型酒店,119.417973,39.814949000000006,hotel
poi_hotel.csv,北戴河永江酒店,酒店住宿,舒适型酒店,119.418638,39.814991,hotel
poi_hotel.csv,超奈斯精品别墅民宿,酒店住宿,其他,119.421124,39.814804,hotel
poi_hotel.csv,秦皇岛北戴河古城百旺民宿,酒店住宿,其他,119.417744,39.814615,hotel
poi_hotel.csv,北戴河芳泽园假日豪华酒店,酒店住宿,其他,119.417613,39.81481,hotel
poi_hotel.csv,北戴河海娃旅馆,酒店住宿,其他,119.421865,39.814082,hotel
poi_hotel.csv,秦皇岛海岸风情海景公寓,酒店住宿,其他,119.407198,39.814601,hotel
poi_hotel.csv,秦皇岛南戴河铂曼豪华酒店,酒店住宿,舒适型酒店,119.409881,39.810078,hotel
poi_hotel.csv,北戴河阿尔卡迪亚公寓,酒店住宿,舒适型酒店,119.409499,39.810801000000005,hotel
poi_hotel.csv,秦皇岛南戴河近海公寓,酒店住宿,其他,119.407949,39.812171,hotel
poi_hotel.csv,秦皇岛朋友在路上公寓,酒店住宿,其他,119.409608,39.809843,hotel
poi_hotel.csv,秦皇岛赵舜涛公寓,酒店住宿,其他,119.408109,39.81379200000001,hotel
poi_hotel.csv,秦皇岛单女士公寓,酒店住宿,其他,119.409761,39.811161,hotel
poi_hotel.csv,秦皇岛易坤阁别墅,酒店住宿,其他,119.416688,39.813655,hotel
poi_hotel.csv,秦皇岛游客家公寓,酒店住宿,其他,119.407848,39.813647,hotel
poi_hotel.csv,7天酒店,酒店住宿,其他,119.409924,39.809958,hotel
poi_hotel.csv,秦皇岛大乘民宿,酒店住宿,其他,119.409463,39.809743000000005,hotel
poi_hotel.csv,果实民宿酒店,酒店住宿,舒适型酒店,119.417307,39.814275,hotel
poi_hotel.csv,秦皇岛亮仔民宿酒店,酒店住宿,其他,119.417074,39.813755,hotel
poi_hotel.csv,北戴河吉康别墅,酒店住宿,其他,119.416726,39.8143,hotel
poi_hotel.csv,赞莹民宿酒店,酒店住宿,舒适型酒店,119.41706,39.813005,hotel
poi_hotel.csv,海语墅民宿酒店,酒店住宿,其他,119.417374,39.8132,hotel
poi_hotel.csv,一乡情院民宿酒店,酒店住宿,舒适型酒店,119.417173,39.814079,hotel
poi_hotel.csv,文娟消夏酒店,酒店住宿,舒适型酒店,119.416903,39.81412,hotel
poi_hotel.csv,亮仔精品民宅民宿酒店,酒店住宿,舒适型酒店,119.417226,39.813795,hotel
poi_hotel.csv,北戴河花辰悦汐酒店,酒店住宿,舒适型酒店,119.417146,39.813051,hotel
poi_hotel.csv,秦皇岛老王妈妈公寓,酒店住宿,其他,119.406744,39.81492,hotel
poi_hotel.csv,秦皇岛近海温馨公寓,酒店住宿,其他,119.408345,39.812681,hotel
poi_hotel.csv,秦皇岛何亚新公寓,酒店住宿,其他,119.408313,39.812168,hotel
poi_hotel.csv,秦皇岛河国仁公寓,酒店住宿,其他,119.40825,39.813752,hotel
poi_hotel.csv,秦皇岛嘉惠民宿酒店,酒店住宿,其他,119.417011,39.813797,hotel
poi_hotel.csv,北戴河桃墅民宿酒店,酒店住宿,其他,119.416616,39.814073,hotel
poi_hotel.csv,秦皇岛静好民宿,酒店住宿,其他,119.41419,39.808942,hotel
poi_hotel.csv,秦皇岛黄立臣度假别墅,酒店住宿,其他,119.409352,39.812403,hotel
poi_hotel.csv,秦皇岛家庭民宿,酒店住宿,其他,119.407229,39.815501000000005,hotel
poi_hotel.csv,文斌消夏,酒店住宿,其他,119.416721,39.814097,hotel
poi_hotel.csv,秦皇岛Penny公寓,酒店住宿,舒适型酒店,119.409767,39.813942,hotel
poi_hotel.csv,秦皇岛枫亭小栈五号公寓,酒店住宿,其他,119.416903,39.814388,hotel
poi_hotel.csv,秦皇岛东六路西古城村民宿区26排1号,酒店住宿,其他,119.417383,39.813981000000005,hotel
poi_hotel.csv,秦皇岛戴河小镇欢乐之旅公寓,酒店住宿,其他,119.408318,39.812325,hotel
poi_hotel.csv,秦皇岛南戴河京海卓越民宿,酒店住宿,其他,119.407987,39.812172,hotel
poi_hotel.csv,秦皇岛南戴河米罗复式海景公寓,酒店住宿,其他,119.435434,39.799864,hotel
poi_hotel.csv,秦皇岛南戴河仙螺岛亚朵豪华酒店,酒店住宿,其他,119.432321,39.800374000000005,hotel
poi_hotel.csv,国家邮政局南戴河培训学校,酒店住宿,其他,119.432781,39.794969,hotel
poi_hotel.csv,日月湖酒店,酒店住宿,舒适型酒店,119.434862,39.796149,hotel
poi_hotel.csv,中矿酒店,酒店住宿,其他,119.431961,39.800627,hotel
poi_hotel.csv,秦皇岛嘉澜海景度假公寓,酒店住宿,其他,119.43025,39.800251,hotel
poi_hotel.csv,博信海巢酒店南戴河,酒店住宿,其他,119.432775,39.79808499999999,hotel
poi_hotel.csv,金海岸度假公寓,酒店住宿,舒适型酒店,119.431405,39.801211,hotel
poi_hotel.csv,秦皇岛南戴河海景公寓,酒店住宿,其他,119.433833,39.798984,hotel
poi_hotel.csv,南戴河馨润海岸假日豪华酒店,酒店住宿,其他,119.432888,39.797005,hotel
poi_hotel.csv,滨海湾公寓豪华酒店,酒店住宿,其他,119.433003,39.798822,hotel
poi_hotel.csv,拾途豪华酒店,酒店住宿,其他,119.434606,39.800327,hotel
poi_hotel.csv,秦皇岛伴海时光公寓,酒店住宿,其他,119.4308,39.800778,hotel
poi_hotel.csv,秦皇岛玮艺公寓,酒店住宿,其他,119.438332,39.800768000000005,hotel
poi_hotel.csv,日月湖别墅,酒店住宿,其他,119.434777,39.796232,hotel
poi_hotel.csv,秦皇岛滨海湾公寓,酒店住宿,其他,119.433337,39.799125,hotel
poi_hotel.csv,南戴河泊度海景公寓,酒店住宿,舒适型酒店,119.433419,39.798809,hotel
poi_hotel.csv,南戴河海滨民宿,酒店住宿,其他,119.434833,39.796244,hotel
poi_hotel.csv,南戴河一抹阳光海景公寓,酒店住宿,其他,119.430643,39.799903,hotel
poi_hotel.csv,南戴河海巢亲海精装复式公寓,酒店住宿,其他,119.435169,39.799901000000006,hotel
poi_hotel.csv,秦皇岛hua.li公寓,酒店住宿,其他,119.434685,39.798026,hotel
poi_hotel.csv,遇见海景公寓,酒店住宿,其他,119.43104,39.800268,hotel
poi_hotel.csv,秦皇岛品嘉酒店,酒店住宿,其他,119.439203,39.797554000000005,hotel
poi_hotel.csv,花筑南戴河滨海小镇庭院酒店,酒店住宿,其他,119.435828,39.796862,hotel
poi_hotel.csv,百米别墅,酒店住宿,其他,119.434158,39.798431,hotel
poi_hotel.csv,南戴河滨海湾3号楼海景公寓,酒店住宿,其他,119.43151,39.800629,hotel
poi_hotel.csv,戴河庭院临海高档公寓,酒店住宿,舒适型酒店,119.437643,39.800147,hotel
poi_hotel.csv,昌黎王春明公寓,酒店住宿,其他,119.430623,39.799912,hotel
poi_hotel.csv,逅海公寓,酒店住宿,其他,119.433695,39.798909,hotel
poi_hotel.csv,庞春芝公寓,酒店住宿,其他,119.433345,39.797042000000005,hotel
poi_hotel.csv,王春明公寓,酒店住宿,其他,119.430938,39.800621,hotel
poi_hotel.csv,秦皇岛肖淑玲公寓,酒店住宿,其他,119.430524,39.797922,hotel
poi_hotel.csv,秦皇岛沐汐湾公寓,酒店住宿,其他,119.438142,39.801015,hotel
poi_hotel.csv,趣盟轰趴别墅,酒店住宿,其他,119.432503,39.797019000000006,hotel
poi_hotel.csv,南戴河loft公寓,酒店住宿,其他,119.433577,39.798612,hotel
poi_hotel.csv,秦皇岛婷丫公寓,酒店住宿,其他,119.430805,39.800699,hotel
poi_hotel.csv,秦皇岛九生公寓,酒店住宿,其他,119.432116,39.799398,hotel
poi_hotel.csv,金之旅复式公寓,酒店住宿,其他,119.434462,39.799359,hotel
poi_hotel.csv,OYO娜娜假日酒店,酒店住宿,其他,119.435089,39.799809,hotel
poi_hotel.csv,秦皇岛南北戴河黄金海岸独栋别墅,酒店住宿,其他,119.432961,39.799433,hotel
poi_hotel.csv,如家派柏·云酒店,酒店住宿,其他,119.430261,39.800214,hotel
poi_hotel.csv,南戴河戴河庭院假日酒店,酒店住宿,其他,119.438407,39.800759,hotel
poi_hotel.csv,秦皇岛啊霞日租房度假别墅,酒店住宿,其他,119.433875,39.79881,hotel
poi_hotel.csv,秦皇岛印象北戴河给您不一样的印象公寓,酒店住宿,其他,119.430355,39.80252,hotel
poi_hotel.csv,南戴河戴河国际度假公寓,酒店住宿,其他,119.430525,39.799724,hotel
poi_hotel.csv,南戴河馨润海岸东五栋别墅,酒店住宿,其他,119.43214,39.797821,hotel
poi_hotel.csv,秦皇岛北戴河金之旅度假别墅,酒店住宿,其他,119.435097,39.796303,hotel
poi_hotel.csv,秦皇岛假期首选聚会烧烤海边party别墅,酒店住宿,其他,119.437474,39.802066,hotel
poi_hotel.csv,秦皇岛戴河庭院高级花园一楼洋房联排别墅,酒店住宿,其他,119.437655,39.800695,hotel
poi_hotel.csv,秦皇岛北戴河沙滩别墅,酒店住宿,其他,119.436708,39.797173,hotel
poi_hotel.csv,秦皇岛南北戴河民宿日租别墅,酒店住宿,其他,119.434728,39.795769,hotel
poi_hotel.csv,秦皇岛核桃の家公寓,酒店住宿,其他,119.443875,39.807271,hotel
poi_hotel.csv,北戴河爱然酒店,酒店住宿,其他,119.44515,39.800553,hotel
poi_hotel.csv,北戴河海鹰酒店,酒店住宿,舒适型酒店,119.449082,39.805864,hotel
poi_hotel.csv,秦皇岛李女士公寓,酒店住宿,其他,119.451922,39.80798,hotel
poi_hotel.csv,鑫都酒店,酒店住宿,其他,119.449718,39.811848,hotel
poi_hotel.csv,伴山伴海民宿,酒店住宿,其他,119.447867,39.81071,hotel
poi_hotel.csv,克俭酒店,酒店住宿,舒适型酒店,119.448523,39.810885,hotel
poi_hotel.csv,义娟酒店,酒店住宿,其他,119.447966,39.812829,hotel
poi_hotel.csv,星客酒店,酒店住宿,其他,119.448183,39.81075,hotel
poi_hotel.csv,红樱酒店,酒店住宿,其他,119.448103,39.809159,hotel
poi_hotel.csv,张国强酒店,酒店住宿,舒适型酒店,119.443371,39.818314,hotel
poi_hotel.csv,陈程酒店,酒店住宿,其他,119.448192,39.810764,hotel
poi_hotel.csv,花筑·云舍民宿酒店,酒店住宿,其他,119.450319,39.809282,hotel
poi_hotel.csv,嘉恒酒店,酒店住宿,其他,119.447787,39.810913,hotel
poi_hotel.csv,秦皇岛希希公主旅馆,酒店住宿,其他,119.451243,39.809564,hotel
poi_hotel.csv,北戴河永鑫民宿酒店,酒店住宿,其他,119.449642,39.808993,hotel
poi_hotel.csv,海亭酒店,酒店住宿,舒适型酒店,119.447228,39.811738,hotel
poi_hotel.csv,北戴河渔嫂酒店,酒店住宿,舒适型酒店,119.448815,39.811727,hotel
poi_hotel.csv,北戴河花熙酒店,酒店住宿,其他,119.448132,39.811139,hotel
poi_hotel.csv,归瑶民宿酒店,酒店住宿,舒适型酒店,119.449239,39.809303,hotel
poi_hotel.csv,北戴河学顺酒店,酒店住宿,舒适型酒店,119.450576,39.809427,hotel
poi_hotel.csv,秦皇岛于杰农家乐,酒店住宿,其他,119.447613,39.811309,hotel
poi_hotel.csv,林氏酒店,酒店住宿,舒适型酒店,119.448696,39.812275,hotel
poi_hotel.csv,北戴河陌尚酒店,酒店住宿,舒适型酒店,119.451497,39.809738,hotel
poi_hotel.csv,北戴河康达酒店,酒店住宿,舒适型酒店,119.446941,39.811758,hotel
poi_hotel.csv,陈冲酒店,酒店住宿,舒适型酒店,119.448369,39.811521,hotel
poi_hotel.csv,云钢民宿酒店,酒店住宿,舒适型酒店,119.443328,39.819248,hotel
poi_hotel.csv,静悠酒店,酒店住宿,舒适型酒店,119.447525,39.811547,hotel
poi_hotel.csv,利琳酒店,酒店住宿,舒适型酒店,119.449959,39.810112,hotel
poi_hotel.csv,泰昕酒店,酒店住宿,舒适型酒店,119.448842,39.809226,hotel
poi_hotel.csv,敏思江酒店,酒店住宿,舒适型酒店,119.448994,39.809673,hotel
poi_hotel.csv,皓达酒店,酒店住宿,舒适型酒店,119.448117,39.812045000000005,hotel
poi_hotel.csv,北戴河临享里民宿酒店,酒店住宿,舒适型酒店,119.449803,39.812081,hotel
poi_hotel.csv,拥强酒店,酒店住宿,舒适型酒店,119.45051,39.809285,hotel
poi_hotel.csv,鸥上酒店,酒店住宿,舒适型酒店,119.448404,39.812243,hotel
poi_hotel.csv,澜居酒店,酒店住宿,舒适型酒店,119.449244,39.809297,hotel
poi_hotel.csv,兰海酒店,酒店住宿,舒适型酒店,119.44699,39.811199,hotel
poi_hotel.csv,义莲酒店,酒店住宿,舒适型酒店,119.449461,39.809341,hotel
poi_hotel.csv,亚志酒店,酒店住宿,舒适型酒店,119.442547,39.819399,hotel
poi_hotel.csv,春宇酒店,酒店住宿,舒适型酒店,119.447028,39.811019,hotel
poi_hotel.csv,俊泽民宿酒店,酒店住宿,舒适型酒店,119.447293,39.811008,hotel
poi_hotel.csv,春凤酒店,酒店住宿,舒适型酒店,119.44852,39.81177,hotel
poi_hotel.csv,永鑫悦酒店,酒店住宿,舒适型酒店,119.449844,39.809473,hotel
poi_hotel.csv,悠友酒店,酒店住宿,舒适型酒店,119.452418,39.810435,hotel
poi_hotel.csv,北戴河悦泰民宿酒店,酒店住宿,其他,119.450001,39.811578,hotel
poi_hotel.csv,北戴河艳荣酒店,酒店住宿,其他,119.450234,39.809051,hotel
poi_hotel.csv,秦皇岛张彦辉特色民宿酒店,酒店住宿,其他,119.449585,39.808723,hotel
poi_hotel.csv,北戴河祥年民宿酒店,酒店住宿,其他,119.450284,39.811992,hotel
poi_hotel.csv,秀香酒店,酒店住宿,其他,119.448599,39.811705,hotel
poi_hotel.csv,林花花民宿小院儿,酒店住宿,其他,119.449857,39.810234,hotel
poi_hotel.csv,秦皇岛北戴河维景民宿酒店,酒店住宿,其他,119.447901,39.810945,hotel
poi_hotel.csv,金玲酒店,酒店住宿,舒适型酒店,119.448416,39.808913,hotel
poi_hotel.csv,秦皇岛北戴河媛松民宿酒店,酒店住宿,其他,119.447974,39.811459,hotel
poi_hotel.csv,北戴河建平酒店,酒店住宿,舒适型酒店,119.448432,39.812965000000005,hotel
poi_hotel.csv,雨濛民宿酒店,酒店住宿,其他,119.447948,39.811581,hotel
poi_hotel.csv,北戴河忆红晨民宿酒店,酒店住宿,其他,119.450079,39.809396,hotel
poi_hotel.csv,北戴河昊达酒店,酒店住宿,其他,119.448024,39.812094,hotel
poi_hotel.csv,俊福酒店,酒店住宿,舒适型酒店,119.446585,39.811588,hotel
poi_hotel.csv,河洋酒店,酒店住宿,其他,119.440934,39.818085,hotel
poi_hotel.csv,北戴河富民酒店,酒店住宿,舒适型酒店,119.439475,39.812372,hotel
poi_hotel.csv,北戴河御宿日式精品豪华酒店,酒店住宿,其他,119.440868,39.81716,hotel
poi_hotel.csv,乡缘酒店,酒店住宿,其他,119.438287,39.813037,hotel
poi_hotel.csv,德同酒店,酒店住宿,其他,119.440466,39.813203,hotel
poi_hotel.csv,北戴河樱桃坊民宿酒店,酒店住宿,其他,119.441931,39.818186,hotel
poi_hotel.csv,秦皇岛花汐海别墅,酒店住宿,其他,119.440568,39.817407,hotel
poi_hotel.csv,秦皇岛北戴河无忧民宿酒店,酒店住宿,舒适型酒店,119.435243,39.813549,hotel
poi_hotel.csv,秦皇岛李秋杰酒店,酒店住宿,其他,119.441437,39.818142,hotel
poi_hotel.csv,西海岸酒店,酒店住宿,其他,119.438677,39.818455,hotel
poi_hotel.csv,秦皇岛沁馨畅苑旅馆,酒店住宿,其他,119.439914,39.819171,hotel
poi_hotel.csv,杨磊酒店,酒店住宿,其他,119.439856,39.819231,hotel
poi_hotel.csv,陆永酒店,酒店住宿,其他,119.43932,39.811095,hotel
poi_hotel.csv,北戴河逸享雅居酒店,酒店住宿,其他,119.439713,39.813941,hotel
poi_hotel.csv,梓庭酒店,酒店住宿,其他,119.441479,39.817589,hotel
poi_hotel.csv,秦皇岛亚荣民宿酒店,酒店住宿,其他,119.438097,39.817451000000005,hotel
poi_hotel.csv,静捷家庭旅馆,酒店住宿,其他,119.439295,39.811303,hotel
poi_hotel.csv,李娟酒店,酒店住宿,其他,119.43641,39.81283,hotel
poi_hotel.csv,秦皇岛静听涛语特色民宿酒店,酒店住宿,其他,119.441548,39.816828,hotel
poi_hotel.csv,秦皇岛乐游民宿酒店,酒店住宿,其他,119.439927,39.809779,hotel
poi_hotel.csv,秦皇岛宁静农家农家菜馆,酒店住宿,其他,119.441624,39.818526,hotel
poi_hotel.csv,蜗牛民宿,酒店住宿,其他,119.441582,39.817702,hotel
poi_hotel.csv,洪秋酒店,酒店住宿,舒适型酒店,119.440521,39.817948,hotel
poi_hotel.csv,北戴河秀萍酒店,酒店住宿,其他,119.439359,39.812157,hotel
poi_hotel.csv,霜华酒店,酒店住宿,舒适型酒店,119.436926,39.812712,hotel
poi_hotel.csv,长平酒店,酒店住宿,舒适型酒店,119.438107,39.813415,hotel
poi_hotel.csv,艺风小院,酒店住宿,舒适型酒店,119.441944,39.817731,hotel
poi_hotel.csv,霞栖晚归民宿酒店,酒店住宿,舒适型酒店,119.439849,39.813978,hotel
poi_hotel.csv,北戴河文红酒店,酒店住宿,舒适型酒店,119.439686,39.819313,hotel
poi_hotel.csv,北戴河德鑫酒店,酒店住宿,舒适型酒店,119.435522,39.813212,hotel
poi_hotel.csv,来野酒店,酒店住宿,舒适型酒店,119.440766,39.816252000000006,hotel
poi_hotel.csv,洪兵酒店,酒店住宿,舒适型酒店,119.435858,39.812993000000006,hotel
poi_hotel.csv,英杰酒店,酒店住宿,舒适型酒店,119.441438,39.815631,hotel
poi_hotel.csv,合龙酒店,酒店住宿,舒适型酒店,119.44013,39.813615,hotel
poi_hotel.csv,静君酒店,酒店住宿,舒适型酒店,119.438521,39.8131,hotel
poi_hotel.csv,力佳酒店,酒店住宿,舒适型酒店,119.436058,39.813301,hotel
poi_hotel.csv,旭洋酒店,酒店住宿,舒适型酒店,119.441379,39.820198,hotel
poi_hotel.csv,秦皇岛子涵旅店,酒店住宿,舒适型酒店,119.4407,39.814981,hotel
poi_hotel.csv,德悦酒店,酒店住宿,舒适型酒店,119.439123,39.813293,hotel
poi_hotel.csv,英利酒店,酒店住宿,舒适型酒店,119.439462,39.819642,hotel
poi_hotel.csv,东洁酒店,酒店住宿,舒适型酒店,119.438529,39.817833,hotel
poi_hotel.csv,伟迪酒店,酒店住宿,舒适型酒店,119.437942,39.815034,hotel
poi_hotel.csv,胡迎酒店,酒店住宿,舒适型酒店,119.44126,39.812826,hotel
poi_hotel.csv,城富酒店,酒店住宿,舒适型酒店,119.43888,39.813161,hotel
poi_hotel.csv,秦皇岛欧乐旅馆,酒店住宿,其他,119.440741,39.814003,hotel
poi_hotel.csv,桐阳酒店,酒店住宿,舒适型酒店,119.43879,39.813896,hotel
poi_hotel.csv,京京酒店,酒店住宿,舒适型酒店,119.439071,39.810643,hotel
poi_hotel.csv,北戴河王桂花酒店,酒店住宿,舒适型酒店,119.439882,39.818986,hotel
poi_hotel.csv,秦皇岛王彦光公寓,酒店住宿,其他,119.440487,39.813524,hotel
poi_hotel.csv,北戴河洪龙民宿酒店,酒店住宿,舒适型酒店,119.439982,39.81287,hotel
poi_hotel.csv,北戴河豪杰酒店,酒店住宿,舒适型酒店,119.439661,39.813584,hotel
poi_hotel.csv,北戴河冬青酒店,酒店住宿,其他,119.440862,39.815318,hotel
poi_hotel.csv,北戴河明琦酒店,酒店住宿,其他,119.441344,39.815386,hotel
poi_hotel.csv,连华酒店,酒店住宿,舒适型酒店,119.436833,39.81273,hotel
poi_hotel.csv,青艳酒店,酒店住宿,舒适型酒店,119.436081,39.812954,hotel
poi_hotel.csv,福暖酒店,酒店住宿,舒适型酒店,119.438804,39.811215,hotel
poi_hotel.csv,乡村菜,酒店住宿,其他,119.440628,39.815744,hotel
poi_hotel.csv,秦皇岛隐匿之家小岛民宿,酒店住宿,其他,119.441638,39.818527,hotel
poi_hotel.csv,北戴河连庆酒店,酒店住宿,舒适型酒店,119.440511,39.812929,hotel
poi_hotel.csv,芸畅酒店,酒店住宿,舒适型酒店,119.438945,39.817876,hotel
poi_hotel.csv,华双酒店,酒店住宿,舒适型酒店,119.43962,39.818587,hotel
poi_hotel.csv,克琴酒店,酒店住宿,其他,119.440819,39.81523,hotel
poi_hotel.csv,秦皇岛志红酒店,酒店住宿,其他,119.44,39.813101,hotel
poi_hotel.csv,国春酒店,酒店住宿,舒适型酒店,119.436897,39.812687,hotel
poi_hotel.csv,畅丰园豪华酒店,酒店住宿,其他,119.437464,39.813102,hotel
poi_hotel.csv,秦皇岛小戴河别墅,酒店住宿,其他,119.404971,39.820994,hotel
poi_hotel.csv,阳光民宿,酒店住宿,其他,119.408405,39.828754,hotel
poi_hotel.csv,秦皇岛小羊萌萌公寓,酒店住宿,其他,119.41174,39.830717,hotel
poi_hotel.csv,戴河湾豪华酒店,酒店住宿,其他,119.405086,39.82812,hotel
poi_hotel.csv,秦皇岛小莹子超爱柚柚公寓,酒店住宿,其他,119.405509,39.826813,hotel
poi_hotel.csv,秦皇岛有间家的感觉客栈,酒店住宿,其他,119.405971,39.822505,hotel
poi_hotel.csv,秦皇岛北戴河火车站保利海生态公园温馨的家公寓,酒店住宿,其他,119.405477,39.82793,hotel
poi_hotel.csv,美渡公寓,酒店住宿,其他,119.405454,39.829359,hotel
poi_hotel.csv,迷你民宿,酒店住宿,其他,119.405904,39.822117,hotel
poi_hotel.csv,秦皇岛列娜民宿酒店,酒店住宿,其他,119.40585,39.828553,hotel
poi_hotel.csv,秦皇岛全新近海自助公寓,酒店住宿,其他,119.406599,39.827055,hotel
poi_hotel.csv,北戴河惠馨酒店,酒店住宿,其他,119.417834,39.820678,hotel
poi_hotel.csv,嘉琳酒店,酒店住宿,其他,119.421428,39.845645,hotel
poi_hotel.csv,秦皇岛游客之家公寓,酒店住宿,其他,119.422949,39.836509,hotel
poi_hotel.csv,秦皇岛飞雪公寓,酒店住宿,其他,119.422069,39.836321,hotel
poi_hotel.csv,秦皇岛虹亭别墅,酒店住宿,其他,119.423638,39.835921,hotel
poi_hotel.csv,金丰酒店,酒店住宿,其他,119.406592,39.834184,hotel
poi_hotel.csv,秦皇岛车站快捷酒店,酒店住宿,其他,119.413979,39.845714,hotel
poi_hotel.csv,戴河湾豪华酒店,酒店住宿,其他,119.40318,39.829307,hotel
poi_hotel.csv,秦皇岛李芮公寓,酒店住宿,其他,119.404675,39.821063,hotel
poi_hotel.csv,秦皇岛开心新家别墅,酒店住宿,其他,119.404692,39.821017000000005,hotel
poi_hotel.csv,聚宾楼,酒店住宿,其他,119.392757,39.83031,hotel
poi_hotel.csv,北戴河戴河湾假日豪华酒店公寓,酒店住宿,其他,119.404355,39.829159,hotel
poi_hotel.csv,秦皇岛晗晗宝贝6公寓5号店,酒店住宿,其他,119.404842,39.829642,hotel
poi_hotel.csv,秦皇岛三三快捷酒店,酒店住宿,其他,119.404263,39.83562,hotel
poi_hotel.csv,秦皇岛家旅1万号公寓,酒店住宿,其他,119.404186,39.83408,hotel
poi_hotel.csv,拾光旅馆,酒店住宿,舒适型酒店,119.407369,39.854361,hotel
poi_hotel.csv,秦皇岛山水天域之家公寓,酒店住宿,其他,119.416798,39.848526,hotel
poi_hotel.csv,北戴河艺苑风景旅馆,酒店住宿,舒适型酒店,119.422143,39.862638,hotel
poi_hotel.csv,秦皇岛三生玖美汐民宿酒店,酒店住宿,舒适型酒店,119.424752,39.862465,hotel
poi_hotel.csv,源鞠舍,酒店住宿,其他,119.424692,39.862687,hotel
poi_hotel.csv,花筑·栖居小筑,酒店住宿,其他,119.42429,39.863331,hotel
poi_hotel.csv,秦皇岛思待旅馆,酒店住宿,其他,119.423931,39.862305,hotel
poi_hotel.csv,秦皇岛简素小院旅馆,酒店住宿,其他,119.42143,39.86368,hotel
poi_hotel.csv,秦皇岛源宿拾号民宿酒店,酒店住宿,其他,119.42403,39.862636,hotel
poi_hotel.csv,秦皇岛文博苑民宿酒店,酒店住宿,其他,119.424132,39.862093,hotel
poi_hotel.csv,秦皇岛戒盈小筑,酒店住宿,其他,119.425459,39.861262,hotel
poi_hotel.csv,北戴河听香水榭民宿酒店,酒店住宿,其他,119.427446,39.861656,hotel
poi_hotel.csv,蝉享小院,酒店住宿,其他,119.423632,39.862536,hotel
poi_hotel.csv,秦皇岛弈靖陶舍精品民宿酒店,酒店住宿,其他,119.426062,39.860835,hotel
poi_hotel.csv,容兮民宿酒店,酒店住宿,舒适型酒店,119.423792,39.863276,hotel
poi_hotel.csv,尚田小筑,酒店住宿,舒适型酒店,119.425574,39.86229,hotel
poi_hotel.csv,香舍民宿酒店,酒店住宿,其他,119.42344,39.863142,hotel
poi_hotel.csv,秦皇岛北戴河匠心庭轩民宿酒店,酒店住宿,其他,119.426435,39.860965,hotel
poi_hotel.csv,秦皇岛潘苏景然民宿酒店,酒店住宿,其他,119.421951,39.864070000000005,hotel
poi_hotel.csv,一亩三分地民宿酒店,酒店住宿,其他,119.424323,39.863189,hotel
poi_hotel.csv,北戴河纳语小院民宿酒店,酒店住宿,舒适型酒店,119.424201,39.862676,hotel
poi_hotel.csv,秦皇岛一弦一住艺术民宿酒店,酒店住宿,舒适型酒店,119.425362,39.864124,hotel
poi_hotel.csv,云树汀堂民宿酒店,酒店住宿,舒适型酒店,119.421889,39.863067,hotel
poi_hotel.csv,北戴河纳语静舍民宿酒店,酒店住宿,舒适型酒店,119.425902,39.86186,hotel
poi_hotel.csv,溱里旅馆,酒店住宿,其他,119.423673,39.863104,hotel
poi_hotel.csv,一弦一住,酒店住宿,舒适型酒店,119.425273,39.864202000000006,hotel
poi_hotel.csv,梓铭园民宿酒店,酒店住宿,舒适型酒店,119.424577,39.863275,hotel
poi_hotel.csv,二十三度夏,酒店住宿,其他,119.426036,39.862802,hotel
poi_hotel.csv,初见小院,酒店住宿,其他,119.425122,39.864794,hotel
poi_hotel.csv,北戴河村不见海民宿酒店,酒店住宿,其他,119.426867,39.861127,hotel
poi_hotel.csv,木言说,酒店住宿,舒适型酒店,119.426051,39.861962,hotel
poi_hotel.csv,上居民宿酒店,酒店住宿,舒适型酒店,119.425162,39.862544,hotel
poi_hotel.csv,北戴河逐香来老酒民宿酒店,酒店住宿,舒适型酒店,119.422376,39.863031,hotel
poi_hotel.csv,迦南之地,酒店住宿,舒适型酒店,119.42211,39.864012,hotel
poi_hotel.csv,艺瑶民宿酒店,酒店住宿,其他,119.426071,39.861507,hotel
poi_hotel.csv,北戴河乐悠悠民宿酒店,酒店住宿,其他,119.424945,39.86106,hotel
poi_hotel.csv,唐拉雅秀,酒店住宿,其他,119.426058,39.86244,hotel
poi_hotel.csv,深巷小院,酒店住宿,其他,119.421124,39.864016,hotel
poi_hotel.csv,北戴河保定文联艺术小院,酒店住宿,其他,119.423262,39.86246,hotel
poi_hotel.csv,简素民宿酒店,酒店住宿,其他,119.421417,39.863814,hotel
poi_hotel.csv,琉夏有客,酒店住宿,其他,119.422592,39.863086,hotel
poi_hotel.csv,秦皇岛北戴河文程小筑民宿酒店,酒店住宿,舒适型酒店,119.425426,39.864006,hotel
poi_hotel.csv,蝉享民宿,酒店住宿,其他,119.423603,39.862457,hotel
poi_hotel.csv,秦皇岛北戴河戏语雅巷民宿酒店,酒店住宿,其他,119.422586,39.86301,hotel
poi_hotel.csv,秦皇岛北戴河乡恋民宿,酒店住宿,舒适型酒店,119.426155,39.862041,hotel
poi_hotel.csv,拾夏小院,酒店住宿,其他,119.425895,39.861486000000006,hotel
poi_hotel.csv,花筑·北戴河思待民宿,酒店住宿,其他,119.42575,39.86108,hotel
poi_hotel.csv,秦皇岛北戴河艺术村乡恋民宿,酒店住宿,舒适型酒店,119.426227,39.862227,hotel
poi_hotel.csv,秦皇岛女医生公寓,酒店住宿,其他,119.416058,39.87131,hotel
poi_hotel.csv,祥云酒店,酒店住宿,舒适型酒店,119.44497,39.934714,hotel
poi_hotel.csv,卓瑞酒店,酒店住宿,舒适型酒店,119.448055,39.934832,hotel
poi_hotel.csv,达猛酒店,酒店住宿,舒适型酒店,119.430571,39.938083,hotel
poi_hotel.csv,京尚民宿酒店,酒店住宿,其他,119.257988,39.856976,hotel
poi_hotel.csv,秦皇岛洋河左岸酒店,酒店住宿,其他,119.27025,39.857954,hotel
poi_hotel.csv,金泰商务酒店,酒店住宿,其他,118.885391,39.891121,hotel
poi_hotel.csv,新城酒店,酒店住宿,舒适型酒店,118.889784,39.89067,hotel
poi_hotel.csv,卢龙酒店,酒店住宿,舒适型酒店,118.891257,39.894131,hotel
poi_hotel.csv,汉庭酒店,酒店住宿,其他,118.887453,39.897429,hotel
poi_hotel.csv,金亿通酒店,酒店住宿,其他,118.892697,39.896879,hotel
poi_hotel.csv,迎顺旅社,酒店住宿,舒适型酒店,118.891608,39.894875,hotel
poi_hotel.csv,卢龙嘉家旅店,酒店住宿,舒适型酒店,118.890554,39.896299,hotel
poi_hotel.csv,尚客优连锁酒店,酒店住宿,舒适型酒店,118.890877,39.897359,hotel
poi_hotel.csv,卢龙瑞鹏红山旅店,酒店住宿,舒适型酒店,118.889511,39.896643,hotel
poi_hotel.csv,卢龙德缘旅社,酒店住宿,舒适型酒店,118.889491,39.896581,hotel
poi_hotel.csv,短期租房,酒店住宿,其他,118.89172,39.894752,hotel
poi_hotel.csv,双龙商务酒店,酒店住宿,其他,118.891703,39.896933,hotel
poi_hotel.csv,秦源商务酒店,酒店住宿,其他,118.886763,39.89156800000001,hotel
poi_hotel.csv,七街豪华酒店,酒店住宿,其他,118.883348,39.891983,hotel
poi_hotel.csv,嘉源商务酒店,酒店住宿,其他,118.886692,39.891627,hotel
poi_hotel.csv,鑫兴旅社,酒店住宿,舒适型酒店,118.876258,39.880471,hotel
poi_hotel.csv,东街旅店,酒店住宿,舒适型酒店,118.876046,39.880109,hotel
poi_hotel.csv,保安酒店,酒店住宿,舒适型酒店,118.875413,39.880477,hotel
poi_hotel.csv,尹二酒店,酒店住宿,舒适型酒店,118.876124,39.880152,hotel
poi_hotel.csv,卢龙宾馆,酒店住宿,其他,118.872377,39.884408,hotel
poi_hotel.csv,格林豪泰酒店,酒店住宿,舒适型酒店,118.8788,39.890609000000005,hotel
poi_hotel.csv,永平酒店,酒店住宿,其他,118.877546,39.892779,hotel
poi_hotel.csv,豪泰智选豪华酒店,酒店住宿,其他,118.878895,39.892046,hotel
poi_hotel.csv,华驿酒店,酒店住宿,其他,118.878624,39.892118,hotel
poi_hotel.csv,卢龙天肽家园商务会所豪华酒店,酒店住宿,其他,118.875956,39.892466,hotel
poi_hotel.csv,爱恋小屋公寓,酒店住宿,其他,118.880045,39.891664,hotel
poi_hotel.csv,骏怡连锁酒店,酒店住宿,其他,118.876922,39.892246,hotel
poi_hotel.csv,惠缘酒店,酒店住宿,舒适型酒店,118.876335,39.892335,hotel
poi_hotel.csv,尚客优连锁酒店,酒店住宿,舒适型酒店,119.164618,39.700799,hotel
poi_hotel.csv,商业招待所,酒店住宿,舒适型酒店,119.166312,39.704455,hotel
poi_hotel.csv,昌黎小骄骄公寓,酒店住宿,其他,119.166549,39.700692,hotel
poi_hotel.csv,昌黎福安酒店,酒店住宿,其他,119.161419,39.699611,hotel
poi_hotel.csv,昌黎黎昌滨城公寓,酒店住宿,其他,119.176508,39.701627,hotel
poi_hotel.csv,驿桥酒店,酒店住宿,其他,119.17439,39.702228,hotel
poi_hotel.csv,众宁酒店,酒店住宿,舒适型酒店,119.174479,39.702523,hotel
poi_hotel.csv,OYO朗廷宾馆,酒店住宿,其他,119.173626,39.702663,hotel
poi_hotel.csv,硕新酒店,酒店住宿,其他,119.173565,39.702347,hotel
poi_hotel.csv,昌黎源和酒店,酒店住宿,其他,119.17366,39.70175999999999,hotel
poi_hotel.csv,昌黎硕金酒店,酒店住宿,其他,119.173635,39.702247,hotel
poi_hotel.csv,宇和酒店,酒店住宿,其他,119.173804,39.701746,hotel
poi_hotel.csv,学生公寓,酒店住宿,舒适型酒店,119.169639,39.699393,hotel
poi_hotel.csv,龙驰酒店,酒店住宿,舒适型酒店,119.172878,39.700407000000006,hotel
poi_hotel.csv,秦皇岛黄金海岸假日公寓,酒店住宿,其他,119.168651,39.711454,hotel
poi_hotel.csv,昌黎酒店,酒店住宿,其他,119.179423,39.717029,hotel
poi_hotel.csv,海棠豪华酒店,酒店住宿,其他,119.17911,39.715971,hotel
poi_hotel.csv,昌黎晗语酒店,酒店住宿,其他,119.189982,39.717363,hotel
poi_hotel.csv,7天优品酒店,酒店住宿,舒适型酒店,119.189392,39.717106,hotel
poi_hotel.csv,昌黎小猪短租公寓,酒店住宿,其他,119.188423,39.716101,hotel
poi_hotel.csv,志刚酒店,酒店住宿,其他,119.189248,39.717222,hotel
poi_hotel.csv,昌黎谷长运公寓,酒店住宿,其他,119.187779,39.717593,hotel
poi_hotel.csv,昌黎格楠快捷酒店,酒店住宿,其他,119.189098,39.717514,hotel
poi_hotel.csv,昌黎广缘如意日租公寓,酒店住宿,其他,119.189093,39.717585,hotel
poi_hotel.csv,北纬电影主题商务豪华酒店,酒店住宿,其他,119.182661,39.717189,hotel
poi_hotel.csv,白金商务会馆,酒店住宿,其他,119.180333,39.717131,hotel
poi_hotel.csv,何家庄村分店,酒店住宿,舒适型酒店,119.182278,39.717858,hotel
poi_hotel.csv,馨逸酒店公寓,酒店住宿,其他,119.182295,39.717865,hotel
poi_hotel.csv,秦皇岛徒久旅人公寓,酒店住宿,其他,119.183732,39.716959,hotel
poi_hotel.csv,昌黎金泽酒店,酒店住宿,其他,119.181836,39.723878,hotel
poi_hotel.csv,喜来登豪华酒店,酒店住宿,豪华型酒店,119.510238,39.826458,hotel
poi_hotel.csv,亚地酒店,酒店住宿,其他,119.506044,39.824464,hotel
poi_hotel.csv,北京祥龙世纪酒店,酒店住宿,舒适型酒店,119.50713,39.823736,hotel
poi_hotel.csv,北戴河刘庄若水居公寓,酒店住宿,舒适型酒店,119.505132,39.826519,hotel
poi_hotel.csv,速8酒店,酒店住宿,其他,119.505868,39.825212,hotel
poi_hotel.csv,兰平酒店,酒店住宿,其他,119.504972,39.822096,hotel
poi_hotel.csv,秦皇岛北戴河丽之莎民宿酒店,酒店住宿,舒适型酒店,119.505825,39.824258,hotel
poi_hotel.csv,友客酒店,酒店住宿,其他,119.505926,39.824595,hotel
poi_hotel.csv,兴旺来酒店,酒店住宿,其他,119.505982,39.825085,hotel
poi_hotel.csv,北戴河雨沐酒店,酒店住宿,其他,119.505115,39.822924,hotel
poi_hotel.csv,小水滴酒店,酒店住宿,其他,119.505049,39.822888,hotel
poi_hotel.csv,静悦酒店,酒店住宿,其他,119.504857,39.823942,hotel
poi_hotel.csv,甜鑫酒店,酒店住宿,其他,119.506595,39.825476,hotel
poi_hotel.csv,北戴河春旭酒店,酒店住宿,舒适型酒店,119.507063,39.826756,hotel
poi_hotel.csv,北戴河铁路疗养院6区,酒店住宿,其他,119.507899,39.823822,hotel
poi_hotel.csv,北戴河盛夏酒店,酒店住宿,其他,119.505463,39.826493,hotel
poi_hotel.csv,莹彩酒店,酒店住宿,其他,119.505693,39.82366,hotel
poi_hotel.csv,尚霖酒店,酒店住宿,其他,119.505078,39.82197,hotel
poi_hotel.csv,逅米酒店,酒店住宿,其他,119.505041,39.822895,hotel
poi_hotel.csv,红阳迪升豪华酒店,酒店住宿,其他,119.50923,39.825131,hotel
poi_hotel.csv,君雅宾馆,酒店住宿,其他,119.505601,39.824256,hotel
poi_hotel.csv,北戴河客美酒店,酒店住宿,其他,119.505197,39.824197000000005,hotel
poi_hotel.csv,瑞吉酒店,酒店住宿,其他,119.504841,39.822808,hotel
poi_hotel.csv,缘来精品豪华酒店,酒店住宿,其他,119.505306,39.82629,hotel
poi_hotel.csv,美途酒店,酒店住宿,其他,119.504867,39.824187,hotel
poi_hotel.csv,安雅酒店,酒店住宿,舒适型酒店,119.505402,39.822878,hotel
poi_hotel.csv,OYO尊享汇诚酒店,酒店住宿,高档型酒店,119.509256,39.824629,hotel
poi_hotel.csv,心心海岸宾馆,酒店住宿,其他,119.505888,39.824202,hotel
poi_hotel.csv,北戴河贺滨酒店,酒店住宿,舒适型酒店,119.505256,39.826472,hotel
poi_hotel.csv,北戴河贺滨酒店,酒店住宿,其他,119.505279,39.82646,hotel
poi_hotel.csv,阳光假日公寓,酒店住宿,其他,119.506085,39.825827,hotel
poi_hotel.csv,龙滨酒店,酒店住宿,舒适型酒店,119.505784,39.82416,hotel
poi_hotel.csv,北戴河若水居家庭酒店,酒店住宿,舒适型酒店,119.505154,39.826425,hotel
poi_hotel.csv,悦来旅馆,酒店住宿,舒适型酒店,119.504903,39.826561,hotel
poi_hotel.csv,屹蕾酒店,酒店住宿,其他,119.50551,39.82486,hotel
poi_hotel.csv,北戴河九加一酒店,酒店住宿,其他,119.50594,39.824866,hotel
poi_hotel.csv,里享精品民宿,酒店住宿,其他,119.504968,39.825127,hotel
poi_hotel.csv,爽馨酒店,酒店住宿,其他,119.50586,39.824062,hotel
poi_hotel.csv,凌轩阁酒店,酒店住宿,舒适型酒店,119.505027,39.823482,hotel
poi_hotel.csv,北戴河沐汐旅馆,酒店住宿,其他,119.505955,39.824242,hotel
poi_hotel.csv,不期而遇旅馆,酒店住宿,其他,119.504919,39.823431,hotel
poi_hotel.csv,汇诚豪华酒店,酒店住宿,其他,119.509385,39.824569,hotel
poi_hotel.csv,北戴河嘉澜盛和酒店,酒店住宿,舒适型酒店,119.505615,39.825103,hotel
poi_hotel.csv,花语海精品旅馆,酒店住宿,其他,119.504916,39.823694,hotel
poi_hotel.csv,北戴河拾玥民宿酒店,酒店住宿,其他,119.506031,39.826715,hotel
poi_hotel.csv,鑫涛居酒店,酒店住宿,其他,119.505328,39.823482000000006,hotel
poi_hotel.csv,北戴河刘庄云梦海酒店,酒店住宿,其他,119.505123,39.82451,hotel
poi_hotel.csv,北戴河戴海香阁民宿酒店,酒店住宿,其他,119.505623,39.825129,hotel
poi_hotel.csv,北戴河索菲亚民宿酒店,酒店住宿,其他,119.50504,39.823681,hotel
poi_hotel.csv,华驿民宿酒店,酒店住宿,舒适型酒店,119.506198,39.82476,hotel
poi_hotel.csv,华驿民宿酒店,酒店住宿,其他,119.506169,39.824792,hotel
poi_hotel.csv,北戴河海恋天酒店,酒店住宿,其他,119.50536,39.823041,hotel
poi_hotel.csv,北戴河逸馨酒店,酒店住宿,其他,119.505547,39.824679,hotel
poi_hotel.csv,相遇里上民宿酒店,酒店住宿,舒适型酒店,119.505813,39.824577,hotel
poi_hotel.csv,刘庄侯林酒店,酒店住宿,舒适型酒店,119.505427,39.826642,hotel
poi_hotel.csv,航海宾馆,酒店住宿,其他,119.505599,39.823697,hotel
poi_hotel.csv,北戴河本岛风情假日豪华酒店,酒店住宿,其他,119.506389,39.825176,hotel
poi_hotel.csv,北戴河燕山商业大厦,酒店住宿,舒适型酒店,119.509628,39.82274,hotel
poi_hotel.csv,北戴河高玮民宿酒店,酒店住宿,其他,119.505487,39.826884,hotel
poi_hotel.csv,孟秀荣酒店,酒店住宿,其他,119.504994,39.822269,hotel
poi_hotel.csv,北戴河刘振伟民宿酒店,酒店住宿,舒适型酒店,119.505624,39.824413,hotel
poi_hotel.csv,北戴河颐程酒店,酒店住宿,舒适型酒店,119.504895,39.824757,hotel
poi_hotel.csv,北戴河花语海酒店,酒店住宿,其他,119.505536,39.824222,hotel
poi_hotel.csv,北戴河刘佳凯酒店,酒店住宿,其他,119.505426,39.823717,hotel
poi_hotel.csv,北戴河圆梦酒店,酒店住宿,其他,119.505034,39.823844,hotel
poi_hotel.csv,北戴河结庐精品豪华酒店,酒店住宿,其他,119.506413,39.822258,hotel
poi_hotel.csv,北戴河港湾印象酒店,酒店住宿,其他,119.505077,39.823896000000005,hotel
poi_hotel.csv,北戴河岸恋酒店,酒店住宿,其他,119.50515,39.824203,hotel
poi_hotel.csv,北戴河珑玥民宿酒店,酒店住宿,舒适型酒店,119.506866,39.826965,hotel
poi_hotel.csv,木船花坞客栈,酒店住宿,其他,119.505565,39.824428,hotel
poi_hotel.csv,家韵民宿,酒店住宿,其他,119.505776,39.825318,hotel
poi_hotel.csv,秦皇岛北戴河刘庄近海旅馆,酒店住宿,其他,119.505234,39.821388,hotel
poi_hotel.csv,北戴河左岸酒店,酒店住宿,其他,119.504923,39.822363,hotel
poi_hotel.csv,刘庄香草园宾馆,酒店住宿,其他,119.504959,39.825431,hotel
poi_hotel.csv,张秀敏旅馆,酒店住宿,舒适型酒店,119.506557,39.826757,hotel
poi_hotel.csv,雅途公寓,酒店住宿,其他,119.505364,39.825159,hotel
poi_hotel.csv,秦皇岛安姐客栈,酒店住宿,其他,119.505725,39.825263,hotel
poi_hotel.csv,秦皇岛北戴河荣华民宿酒店,酒店住宿,舒适型酒店,119.504842,39.826677,hotel
poi_hotel.csv,秦皇岛香草园民宿酒店,酒店住宿,舒适型酒店,119.505167,39.8254,hotel
poi_hotel.csv,秦皇岛香草园民宿酒店,酒店住宿,其他,119.505118,39.825436,hotel
poi_hotel.csv,居山水岸民宿酒店,酒店住宿,舒适型酒店,119.505169,39.823133,hotel
poi_hotel.csv,北戴河逗号便捷酒店,酒店住宿,其他,119.505583,39.823863,hotel
poi_hotel.csv,单利森酒店,酒店住宿,舒适型酒店,119.505095,39.826653,hotel
poi_hotel.csv,如家派柏·云酒店,酒店住宿,其他,119.505589,39.824019,hotel
poi_hotel.csv,蜜途之旅酒店,酒店住宿,舒适型酒店,119.504979,39.826579,hotel
poi_hotel.csv,海时光民宿,酒店住宿,其他,119.505742,39.825343,hotel
poi_hotel.csv,东紫升酒店,酒店住宿,舒适型酒店,119.505301,39.824544,hotel
poi_hotel.csv,简里酒店,酒店住宿,舒适型酒店,119.505392,39.824499,hotel
poi_hotel.csv,客房部,酒店住宿,舒适型酒店,119.511018,39.825146,hotel
poi_hotel.csv,爱琴湾酒店,酒店住宿,舒适型酒店,119.506634,39.826522,hotel
poi_hotel.csv,北戴河月芽儿宾馆,酒店住宿,其他,119.505343,39.824665,hotel
poi_hotel.csv,秦皇岛相约秦皇岛来看海旅馆,酒店住宿,其他,119.505279,39.823869,hotel
poi_hotel.csv,秦皇岛柏莉客栈,酒店住宿,其他,119.504983,39.822125,hotel
poi_hotel.csv,秦皇岛冬梅酒店,酒店住宿,其他,119.506033,39.824646,hotel
poi_hotel.csv,北戴河倚海居酒店,酒店住宿,其他,119.50508,39.824476,hotel
poi_hotel.csv,凤泊园酒店,酒店住宿,其他,119.505276,39.823404,hotel
poi_hotel.csv,秦皇岛开心二丫公寓,酒店住宿,其他,119.506469,39.826052,hotel
poi_hotel.csv,秦皇岛北戴河冒号民宿酒店,酒店住宿,其他,119.505431,39.82334,hotel
poi_hotel.csv,秦皇岛韩李香公寓,酒店住宿,其他,119.504949,39.826187,hotel
poi_hotel.csv,布丁酒店,酒店住宿,其他,119.505612,39.825356,hotel
poi_hotel.csv,秦皇岛苗小姐的家公寓,酒店住宿,其他,119.505541,39.825624000000005,hotel
poi_hotel.csv,北戴河刘庄特色公寓,酒店住宿,其他,119.504957,39.824555,hotel
poi_hotel.csv,北戴河东升紫酒店,酒店住宿,其他,119.505158,39.82474,hotel
poi_hotel.csv,秦皇岛带刺玫瑰公寓,酒店住宿,其他,119.505508,39.826849,hotel
poi_hotel.csv,采螺酒店,酒店住宿,其他,119.505322,39.82248499999999,hotel
poi_hotel.csv,秦皇岛易先生公寓,酒店住宿,其他,119.505013,39.825964,hotel
poi_hotel.csv,秦皇岛海之燕民宿,酒店住宿,舒适型酒店,119.506952,39.826563,hotel
poi_hotel.csv,云梦海公寓,酒店住宿,其他,119.505859,39.824221,hotel
poi_hotel.csv,北京铁路局北戴河疗养院6区,酒店住宿,其他,119.507876,39.823735000000006,hotel
poi_hotel.csv,秦皇岛北戴河何丽梅旅馆,酒店住宿,舒适型酒店,119.50492,39.82317,hotel
poi_hotel.csv,你的名字概念小栈,酒店住宿,舒适型酒店,119.504887,39.823874,hotel
poi_hotel.csv,忆乡人宾馆,酒店住宿,其他,119.505229,39.825305,hotel
poi_hotel.csv,张玉玲酒店,酒店住宿,舒适型酒店,119.50682,39.82653,hotel
poi_hotel.csv,秦皇岛开心二丫公寓cyj,酒店住宿,其他,119.506468,39.826068,hotel
poi_hotel.csv,马淑英旅馆,酒店住宿,舒适型酒店,119.506158,39.825103000000006,hotel
poi_hotel.csv,骏怡连锁酒店,酒店住宿,其他,119.509157,39.82402,hotel
poi_hotel.csv,莉菲民宿,酒店住宿,其他,119.506104,39.824382,hotel
poi_hotel.csv,斯洛酒店,酒店住宿,其他,119.507351,39.82188,hotel
poi_hotel.csv,北戴河高国义临海家庭酒店,酒店住宿,舒适型酒店,119.504894,39.826658,hotel
poi_hotel.csv,北戴河杨立萍酒店,酒店住宿,其他,119.505275,39.824129,hotel
poi_hotel.csv,双霞酒店,酒店住宿,其他,119.505096,39.822097,hotel
poi_hotel.csv,浪漫海公寓,酒店住宿,其他,119.505847,39.825124,hotel
poi_hotel.csv,爱尚精品酒店,酒店住宿,其他,119.505407,39.826462,hotel
poi_hotel.csv,朋悦民宿酒店,酒店住宿,舒适型酒店,119.50495,39.824969,hotel
poi_hotel.csv,秦皇岛东升紫客栈,酒店住宿,其他,119.505476,39.82482,hotel
poi_hotel.csv,刘芝酒店,酒店住宿,舒适型酒店,119.506247,39.826798,hotel
poi_hotel.csv,北戴河近海美景六号院,酒店住宿,其他,119.511037,39.821816000000005,hotel
poi_hotel.csv,森海酒店,酒店住宿,舒适型酒店,119.505058,39.826598,hotel
poi_hotel.csv,小水滴酒店,酒店住宿,其他,119.504993,39.822993,hotel
poi_hotel.csv,客好居酒店,酒店住宿,其他,119.504813,39.822542,hotel
poi_hotel.csv,北戴河聚兴酒店,酒店住宿,其他,119.50606,39.825046,hotel
poi_hotel.csv,爱之夏酒店,酒店住宿,舒适型酒店,119.505067,39.823918,hotel
poi_hotel.csv,秦皇岛北戴河刘庄北里民宿酒店,酒店住宿,其他,119.505169,39.824042,hotel
poi_hotel.csv,秦皇岛温馨度假近海公寓,酒店住宿,其他,119.50571,39.825264,hotel
poi_hotel.csv,永强酒店,酒店住宿,其他,119.505335,39.824031,hotel
poi_hotel.csv,王品良酒店,酒店住宿,舒适型酒店,119.505825,39.82668,hotel
poi_hotel.csv,海雅假日酒店,酒店住宿,其他,119.507309,39.82111,hotel
poi_hotel.csv,秦皇岛半亩方塘客栈,酒店住宿,其他,119.505721,39.825198,hotel
poi_hotel.csv,秦皇岛北戴河张霄锋民宿酒店,酒店住宿,其他,119.506648,39.826426000000005,hotel
poi_hotel.csv,秦皇岛海塘客栈,酒店住宿,其他,119.505775,39.825279,hotel
poi_hotel.csv,秦皇岛北戴河杨素芹农家菜馆,酒店住宿,舒适型酒店,119.506699,39.826544000000005,hotel
poi_hotel.csv,北戴河天津教师宾馆,酒店住宿,其他,119.508819,39.824597,hotel
poi_hotel.csv,秦皇岛呢喃公寓,酒店住宿,其他,119.505292,39.824325,hotel
poi_hotel.csv,猛辉酒店,酒店住宿,其他,119.505195,39.824088,hotel
poi_hotel.csv,孜竹主题宾馆,酒店住宿,其他,119.505577,39.824772,hotel
poi_hotel.csv,秦皇岛北戴河刘庄海边特色民宿酒店,酒店住宿,其他,119.505252,39.826285,hotel
poi_hotel.csv,秦皇岛美宿时尚客栈刘庄店,酒店住宿,舒适型酒店,119.505443,39.826409,hotel
poi_hotel.csv,北戴河牵手驿站,酒店住宿,舒适型酒店,119.505306,39.824143,hotel
poi_hotel.csv,罗喜亚酒店,酒店住宿,舒适型酒店,119.507694,39.82269,hotel
poi_hotel.csv,晴畅民宿,酒店住宿,舒适型酒店,119.50545,39.824661,hotel
poi_hotel.csv,秦皇岛北戴河盈飞民宿,酒店住宿,其他,119.507243,39.821033,hotel
poi_hotel.csv,花筑·北戴河居海小筑民宿酒店,酒店住宿,其他,119.50736,39.826911,hotel
poi_hotel.csv,秦皇岛北戴河何丽梅海边民宿,酒店住宿,其他,119.505803,39.825294,hotel
poi_hotel.csv,刘民然酒店,酒店住宿,舒适型酒店,119.505748,39.826757,hotel
poi_hotel.csv,黑龙江省北戴河劳模疗养院,酒店住宿,其他,119.511806,39.823971,hotel
poi_hotel.csv,京煤集团北戴河矿工疗养院,酒店住宿,其他,119.517231,39.821889,hotel
poi_hotel.csv,京煤宾馆,酒店住宿,其他,119.516279,39.821385,hotel
poi_hotel.csv,秦皇岛枫林舍公寓,酒店住宿,其他,119.517229,39.824617,hotel
poi_hotel.csv,秦皇岛常兰北戴河休闲公寓,酒店住宿,其他,119.511338,39.822177,hotel
poi_hotel.csv,秦皇岛单赤路店,酒店住宿,舒适型酒店,119.517329,39.825073,hotel
poi_hotel.csv,鸿宇家庭公寓,酒店住宿,其他,119.512574,39.822094,hotel
poi_hotel.csv,秦皇岛常兰北戴河休闲公寓,酒店住宿,其他,119.51137,39.822112,hotel
poi_hotel.csv,金之旅民宿,酒店住宿,其他,119.513254,39.820953,hotel
poi_hotel.csv,奥都商务豪华酒店,酒店住宿,其他,119.511476,39.825345000000006,hotel
poi_hotel.csv,秦皇岛天小屹公寓,酒店住宿,其他,119.517118,39.824874,hotel
poi_hotel.csv,逅,酒店住宿,舒适型酒店,119.517187,39.8259,hotel
poi_hotel.csv,北戴河工商行政管理干部培训学校宾馆,酒店住宿,其他,119.5112,39.821746,hotel
poi_hotel.csv,华贸国际豪华酒店,酒店住宿,豪华型酒店,119.51109,39.827678,hotel
poi_hotel.csv,北戴河国际豪华酒店,酒店住宿,其他,119.511134,39.827499,hotel
poi_hotel.csv,北戴河伐木累公寓,酒店住宿,其他,119.513026,39.829955,hotel
poi_hotel.csv,怡莱酒店,酒店住宿,其他,119.517257,39.829726,hotel
poi_hotel.csv,秦皇岛ji si公寓,酒店住宿,舒适型酒店,119.511169,39.829395,hotel
poi_hotel.csv,花筑·北戴河林颐私汤别墅酒店,酒店住宿,其他,119.514884,39.832714,hotel
poi_hotel.csv,单女士公寓,酒店住宿,其他,119.516469,39.83128000000001,hotel
poi_hotel.csv,北戴河红屿高档别墅,酒店住宿,其他,119.514981,39.830554,hotel
poi_hotel.csv,秦皇岛北戴河海祥酒店,酒店住宿,舒适型酒店,119.517162,39.830302,hotel
poi_hotel.csv,梵星家庭公寓,酒店住宿,其他,119.516415,39.832,hotel
poi_hotel.csv,北戴河半亩海精品别墅,酒店住宿,其他,119.514992,39.83272,hotel
poi_hotel.csv,秦皇岛北戴河海韵假日度假别墅,酒店住宿,其他,119.517314,39.830675,hotel
poi_hotel.csv,积木青旅,酒店住宿,青旅,119.507165,39.827202,hotel
poi_hotel.csv,秦皇岛海天一色公寓,酒店住宿,其他,119.505461,39.832229,hotel
poi_hotel.csv,北戴河怡顺酒店,酒店住宿,其他,119.507692,39.83034,hotel
poi_hotel.csv,印象海岸主题酒店,酒店住宿,其他,119.506621,39.827759,hotel
poi_hotel.csv,贵缘阁主题旅馆,酒店住宿,其他,119.505283,39.82726,hotel
poi_hotel.csv,滨港家庭酒店,酒店住宿,舒适型酒店,119.506556,39.827502,hotel
poi_hotel.csv,北戴河农海家庭公寓,酒店住宿,其他,119.505085,39.832491,hotel
poi_hotel.csv,迎春酒店,酒店住宿,其他,119.505244,39.827812,hotel
poi_hotel.csv,北戴河懒阳阳酒店,酒店住宿,其他,119.506219,39.827198,hotel
poi_hotel.csv,刘振坤旅馆,酒店住宿,舒适型酒店,119.505629,39.827252,hotel
poi_hotel.csv,丰聚旅馆,酒店住宿,其他,119.505839,39.827799,hotel
poi_hotel.csv,红霞宾馆,酒店住宿,其他,119.506658,39.827772,hotel
poi_hotel.csv,缘利宾馆,酒店住宿,其他,119.507207,39.827351,hotel
poi_hotel.csv,秦皇岛13月普通公寓,酒店住宿,其他,119.505016,39.831223,hotel
poi_hotel.csv,北戴河杨武平自助公寓,酒店住宿,其他,119.505507,39.831793000000005,hotel
poi_hotel.csv,电梯公寓,酒店住宿,舒适型酒店,119.505292,39.832131,hotel
poi_hotel.csv,北戴河万腾精选民宿酒店,酒店住宿,其他,119.50507,39.831726,hotel
poi_hotel.csv,悦漫民宿,酒店住宿,舒适型酒店,119.504904,39.827222,hotel
poi_hotel.csv,北戴河半日闲酒店,酒店住宿,舒适型酒店,119.506621,39.827369,hotel
poi_hotel.csv,邂逅海酒店,酒店住宿,其他,119.506542,39.827334,hotel
poi_hotel.csv,北戴河红山公寓,酒店住宿,其他,119.505184,39.831113,hotel
poi_hotel.csv,北戴河初见青旅,酒店住宿,青旅,119.50712,39.827249,hotel
poi_hotel.csv,北戴河王浩冉自助公寓,酒店住宿,其他,119.505213,39.832522,hotel
poi_hotel.csv,秦皇岛海亮亮民宿酒店,酒店住宿,其他,119.50519,39.832409000000006,hotel
poi_hotel.csv,秦皇岛赵府公寓,酒店住宿,其他,119.504899,39.831113,hotel
poi_hotel.csv,秦皇岛沙海天公寓,酒店住宿,其他,119.505218,39.832341,hotel
poi_hotel.csv,秦皇岛客服小龙公寓,酒店住宿,其他,119.50606,39.833234,hotel
poi_hotel.csv,明扬酒店,酒店住宿,其他,119.506021,39.827792,hotel
poi_hotel.csv,秦皇岛冷燕公寓,酒店住宿,其他,119.505211,39.832061,hotel
poi_hotel.csv,秦皇岛大禹家公寓,酒店住宿,其他,119.505193,39.832458,hotel
poi_hotel.csv,北戴河芳华民宿酒店,酒店住宿,其他,119.505828,39.831935,hotel
poi_hotel.csv,迹墨主题豪华酒店,酒店住宿,其他,119.505226,39.827801,hotel
poi_hotel.csv,秦皇岛媛媛家庭公寓,酒店住宿,其他,119.505181,39.832349,hotel
poi_hotel.csv,秦皇岛海仑公寓,酒店住宿,其他,119.505067,39.831732,hotel
poi_hotel.csv,秦皇岛李爱荣公寓,酒店住宿,其他,119.508411,39.829928,hotel
poi_hotel.csv,秦皇岛程程特色民宿酒店,酒店住宿,其他,119.505247,39.832452,hotel
poi_hotel.csv,秦皇岛印象海岸公寓,酒店住宿,其他,119.506731,39.827884,hotel
poi_hotel.csv,秦皇岛小T公寓,酒店住宿,其他,119.508357,39.832515,hotel
poi_hotel.csv,秦皇岛清新的风公寓,酒店住宿,其他,119.506072,39.833258,hotel
poi_hotel.csv,秦皇岛北戴河宿海公寓,酒店住宿,其他,119.505507,39.832262,hotel
poi_hotel.csv,秦皇岛朋悦旅馆,酒店住宿,其他,119.505142,39.827177,hotel
poi_hotel.csv,北戴河海漾年华公寓,酒店住宿,其他,119.504916,39.831415,hotel
poi_hotel.csv,北戴河馨之海酒店,酒店住宿,舒适型酒店,119.506404,39.827875,hotel
poi_hotel.csv,北戴河途窝公寓,酒店住宿,其他,119.505179,39.832397,hotel
poi_hotel.csv,北戴河彤瑶公寓,酒店住宿,其他,119.505524,39.833154,hotel
poi_hotel.csv,秦皇岛小T公寓,酒店住宿,其他,119.507514,39.833054,hotel
poi_hotel.csv,秦皇岛如玉东海岸家庭公寓,酒店住宿,其他,119.505175,39.832413,hotel
poi_hotel.csv,北戴河爱情公寓,酒店住宿,其他,119.505316,39.832908,hotel
poi_hotel.csv,聚宾酒店,酒店住宿,舒适型酒店,119.507424,39.827586,hotel
poi_hotel.csv,北戴河晓辉公寓,酒店住宿,其他,119.505304,39.833048000000005,hotel
poi_hotel.csv,北戴河昆鹏公寓,酒店住宿,其他,119.505382,39.833365,hotel
poi_hotel.csv,秦皇岛北戴河阳光公寓,酒店住宿,其他,119.505193,39.832353,hotel
poi_hotel.csv,北戴河祺语馨居家庭公寓,酒店住宿,其他,119.508283,39.833185,hotel
poi_hotel.csv,北戴河初夏清凉一季公寓,酒店住宿,其他,119.505199,39.832376,hotel
poi_hotel.csv,天海一色酒店,酒店住宿,其他,119.506461,39.827533,hotel
poi_hotel.csv,秦皇岛近邻海边家庭公寓,酒店住宿,其他,119.507531,39.829335,hotel
poi_hotel.csv,秦皇岛下一刻北戴河公寓,酒店住宿,其他,119.50683,39.83216,hotel
poi_hotel.csv,朱春霞酒店,酒店住宿,舒适型酒店,119.50698,39.827342,hotel
poi_hotel.csv,秦皇岛一米阳光公寓,酒店住宿,其他,119.505212,39.831091,hotel
poi_hotel.csv,北戴河友家公寓,酒店住宿,其他,119.505243,39.832392,hotel
poi_hotel.csv,薇暖民宿酒店,酒店住宿,舒适型酒店,119.50708,39.827446,hotel
poi_hotel.csv,静宝の家,酒店住宿,其他,119.507915,39.833255,hotel
poi_hotel.csv,北戴河阳阳家庭公寓,酒店住宿,其他,119.505104,39.832473,hotel
poi_hotel.csv,北戴河程顺民宿酒店,酒店住宿,其他,119.50713,39.827121,hotel
poi_hotel.csv,秦皇岛微醺古德猫公寓,酒店住宿,其他,119.511029,39.827921,hotel
poi_hotel.csv,秦皇岛双双公寓,酒店住宿,其他,119.505967,39.833059,hotel
poi_hotel.csv,秦皇岛雨轩家庭公寓,酒店住宿,其他,119.505295,39.832986,hotel
poi_hotel.csv,秦皇岛楼姐公寓,酒店住宿,其他,119.505283,39.832497,hotel
poi_hotel.csv,秦皇岛洛小柒旅馆,酒店住宿,舒适型酒店,119.507226,39.827646,hotel
poi_hotel.csv,秦皇岛徐海坤旅馆,酒店住宿,其他,119.504859,39.831163,hotel
poi_hotel.csv,秦皇岛石松芹公寓,酒店住宿,其他,119.507148,39.828827,hotel
poi_hotel.csv,秦皇岛范先生公寓,酒店住宿,其他,119.505179,39.832447,hotel
poi_hotel.csv,北戴河云水逸公寓,酒店住宿,其他,119.50543,39.833373,hotel
poi_hotel.csv,秦皇岛懒阳阳民宿酒店,酒店住宿,其他,119.506785,39.827222,hotel
poi_hotel.csv,北戴河有家民宿酒店,酒店住宿,其他,119.505721,39.827123,hotel
poi_hotel.csv,北戴河甜心公寓3号店,酒店住宿,其他,119.505204,39.832391,hotel
poi_hotel.csv,北戴河旮旯小屋公寓,酒店住宿,其他,119.50537,39.832784,hotel
poi_hotel.csv,北戴河男男公寓,酒店住宿,其他,119.5052,39.832383,hotel
poi_hotel.csv,秦皇岛于莲娜旅馆,酒店住宿,舒适型酒店,119.505127,39.827192,hotel
poi_hotel.csv,蔡文娇公寓,酒店住宿,其他,119.505013,39.831125,hotel
poi_hotel.csv,秦皇岛红玉公寓,酒店住宿,其他,119.506803,39.827623,hotel
poi_hotel.csv,秦皇岛北戴河鑫盟公寓,酒店住宿,其他,119.505387,39.833363,hotel
poi_hotel.csv,秦皇岛小孟姐公寓,酒店住宿,其他,119.508627,39.831621,hotel
poi_hotel.csv,秦皇岛北戴河宿海公寓,酒店住宿,其他,119.505267,39.832097000000005,hotel
poi_hotel.csv,秦皇岛北戴河天天公寓,酒店住宿,其他,119.506052,39.833279,hotel
poi_hotel.csv,北戴河大恒近海家庭公寓,酒店住宿,舒适型酒店,119.505312,39.832414,hotel
poi_hotel.csv,海缘之家旅馆,酒店住宿,舒适型酒店,119.505551,39.827646,hotel
poi_hotel.csv,秦皇岛海居家庭式公寓,酒店住宿,其他,119.505351,39.83251,hotel
poi_hotel.csv,北戴河MEET·遇见精品度假公寓,酒店住宿,其他,119.505128,39.831616,hotel
poi_hotel.csv,秦皇岛刘庄公寓,酒店住宿,其他,119.505935,39.828843,hotel
poi_hotel.csv,艳英家庭公寓,酒店住宿,其他,119.505266,39.831164,hotel
poi_hotel.csv,北戴河晓辉公寓,酒店住宿,其他,119.505066,39.832433,hotel
poi_hotel.csv,秦皇岛北戴河岛屿家庭公寓,酒店住宿,其他,119.505765,39.832923,hotel
poi_hotel.csv,秦皇岛邢冰雪民宿,酒店住宿,其他,119.506756,39.827283,hotel
poi_hotel.csv,坤然之家公寓,酒店住宿,其他,119.505466,39.833162,hotel
poi_hotel.csv,秦皇岛魏强公寓,酒店住宿,其他,119.507544,39.829291,hotel
poi_hotel.csv,北戴河甜心公寓,酒店住宿,其他,119.505498,39.832269,hotel
poi_hotel.csv,北戴河李青家庭休闲酒店,酒店住宿,其他,119.507037,39.827264,hotel
poi_hotel.csv,北戴河初夏清凉一季公寓,酒店住宿,其他,119.505232,39.832401,hotel
poi_hotel.csv,嘟嘟家庭公寓,酒店住宿,其他,119.505159,39.832436,hotel
poi_hotel.csv,秦皇岛北戴河鑫海公寓民宿酒店,酒店住宿,其他,119.505323,39.832427,hotel
poi_hotel.csv,秦皇岛临海45度民宿,酒店住宿,其他,119.505368,39.83339,hotel
poi_hotel.csv,秦皇岛北戴河刘继芳民宿酒店,酒店住宿,其他,119.506719,39.827811,hotel
poi_hotel.csv,星海阁,酒店住宿,舒适型酒店,119.506539,39.827126,hotel
poi_hotel.csv,秦皇岛东海岸了了家的公寓,酒店住宿,其他,119.505237,39.832367000000005,hotel
poi_hotel.csv,秦皇岛慧慧近海公寓,酒店住宿,其他,119.507326,39.829146,hotel
poi_hotel.csv,海之缘宾馆,酒店住宿,舒适型酒店,119.506312,39.827107,hotel
poi_hotel.csv,北戴河美途美家近海自助公寓,酒店住宿,其他,119.505175,39.832246,hotel
poi_hotel.csv,秦皇岛海之夏公寓,酒店住宿,其他,119.50517,39.832436,hotel
poi_hotel.csv,秦皇岛知足常乐民宿酒店,酒店住宿,其他,119.505807,39.832758,hotel
poi_hotel.csv,秦皇岛时光与海公寓,酒店住宿,其他,119.505506,39.832223,hotel
poi_hotel.csv,秦皇岛陈女士特色民宿酒店,酒店住宿,其他,119.505224,39.832416,hotel
poi_hotel.csv,秦皇岛美琪麻麻公寓,酒店住宿,其他,119.505514,39.833415,hotel
poi_hotel.csv,秦皇岛那片海精装大三室公寓,酒店住宿,其他,119.505441,39.833362,hotel
poi_hotel.csv,秦皇岛温馨干净公寓,酒店住宿,其他,119.506306,39.82866,hotel
poi_hotel.csv,海在枕边建明民宿酒店,酒店住宿,其他,119.505948,39.826989,hotel
poi_hotel.csv,伴途客栈,酒店住宿,舒适型酒店,119.505464,39.827255,hotel
poi_hotel.csv,秦皇岛北戴河浪漫之家两室两厅公寓,酒店住宿,其他,119.505249,39.832142000000005,hotel
poi_hotel.csv,秦皇岛健康家庭公寓,酒店住宿,其他,119.505223,39.832361,hotel
poi_hotel.csv,北戴河香玺海旅馆,酒店住宿,其他,119.510158,39.830822,hotel
poi_hotel.csv,北戴河绿野公寓,酒店住宿,其他,119.505112,39.832413,hotel
poi_hotel.csv,秦皇岛北戴河金玉温馨家庭公寓,酒店住宿,其他,119.50655,39.828736,hotel
poi_hotel.csv,秦皇岛北戴河海滨印元公寓,酒店住宿,其他,119.505345,39.832049,hotel
poi_hotel.csv,秦皇岛北戴河如家家庭公寓,酒店住宿,其他,119.505205,39.83245,hotel
poi_hotel.csv,秦皇岛北戴河追梦近海公寓,酒店住宿,其他,119.505487,39.831854,hotel
poi_hotel.csv,北戴河赤土山丽山家庭公寓,酒店住宿,其他,119.505148,39.832446,hotel
poi_hotel.csv,秦皇岛北戴河夏优公寓,酒店住宿,其他,119.505419,39.833385,hotel
poi_hotel.csv,秦皇岛小月yue民宿,酒店住宿,其他,119.505196,39.832409,hotel
poi_hotel.csv,秦皇岛北戴河浪漫满屋旅馆,酒店住宿,其他,119.505016,39.831261,hotel
poi_hotel.csv,北戴河周爱茹公寓,酒店住宿,其他,119.505975,39.833272,hotel
poi_hotel.csv,我是海滨小房东公寓,酒店住宿,其他,119.506683,39.82878,hotel
poi_hotel.csv,御品星城近海公寓,酒店住宿,其他,119.505642,39.827857,hotel
poi_hotel.csv,秦皇岛北戴河卿颜近海轻奢公寓,酒店住宿,其他,119.50526,39.832723,hotel
poi_hotel.csv,秦皇岛临海苗苗家庭公寓,酒店住宿,其他,119.50543,39.831662,hotel
poi_hotel.csv,秦皇岛北戴河小雨名宿公寓,酒店住宿,其他,119.505201,39.832432,hotel
poi_hotel.csv,秦皇岛北戴河刚子家庭公寓,酒店住宿,其他,119.505175,39.83234,hotel
poi_hotel.csv,秦皇岛小航精装公寓,酒店住宿,其他,119.505212,39.832355,hotel
poi_hotel.csv,秦皇岛海湾家庭公寓,酒店住宿,其他,119.505184,39.832423,hotel
poi_hotel.csv,秦皇岛北戴河靓海家庭公寓,酒店住宿,其他,119.505227,39.831668,hotel
poi_hotel.csv,峦海小巷宾馆,酒店住宿,其他,119.505448,39.827716,hotel
poi_hotel.csv,秦皇岛北戴河伟月精装公寓,酒店住宿,其他,119.505217,39.832435,hotel
poi_hotel.csv,秦皇岛小鹿的家普通公寓,酒店住宿,其他,119.505848,39.83185700000001,hotel
poi_hotel.csv,秦皇岛薇子公寓,酒店住宿,其他,119.505193,39.832376,hotel
poi_hotel.csv,秦皇岛北戴河拾·光民宿公寓,酒店住宿,其他,119.508451,39.829973,hotel
poi_hotel.csv,秦皇岛北戴河·戴河彼岸公寓,酒店住宿,其他,119.505747,39.831712,hotel
poi_hotel.csv,秦皇岛北戴河豪华两居室公寓,酒店住宿,其他,119.505473,39.832881,hotel
poi_hotel.csv,北戴河滨海时光精品度假公寓,酒店住宿,其他,119.506028,39.833073000000006,hotel
poi_hotel.csv,秦皇岛北戴河客徕公寓,酒店住宿,其他,119.504968,39.831398,hotel
poi_hotel.csv,北戴河海蓝蓝公寓,酒店住宿,其他,119.505829,39.832749,hotel
poi_hotel.csv,北戴河洋儿家庭公寓,酒店住宿,舒适型酒店,119.506508,39.833001,hotel
poi_hotel.csv,秦皇岛北戴河敬伟公寓,酒店住宿,其他,119.505688,39.831272,hotel
poi_hotel.csv,秦皇岛浪漫蒲公英公寓,酒店住宿,其他,119.505222,39.832393,hotel
poi_hotel.csv,秦皇岛梦想0公寓,酒店住宿,其他,119.505268,39.833162,hotel
poi_hotel.csv,秦皇岛北戴河莹家公寓,酒店住宿,其他,119.505747,39.831706,hotel
poi_hotel.csv,秦皇岛北戴河岛屿·排名前三民宿,酒店住宿,其他,119.50567,39.831933,hotel
poi_hotel.csv,秦皇岛北戴河爱琴海三室精装公寓,酒店住宿,其他,119.505166,39.83243,hotel
poi_hotel.csv,嘟嘟家庭公寓,酒店住宿,其他,119.508097,39.829246,hotel
poi_hotel.csv,秦皇岛北戴河刘庄芳芳家庭公寓,酒店住宿,其他,119.507503,39.828989,hotel
poi_hotel.csv,秦皇岛北戴河东海岸民宿,酒店住宿,其他,119.50604,39.833281,hotel
poi_hotel.csv,北戴河临海小窝家庭公寓,酒店住宿,其他,119.508212,39.829107,hotel
poi_hotel.csv,秦皇岛1314吉祥近海公寓,酒店住宿,其他,119.505238,39.832151,hotel
poi_hotel.csv,王红玉酒店,酒店住宿,舒适型酒店,119.506489,39.827486,hotel
poi_hotel.csv,秦皇岛东海岸青青公寓位置好的临海公寓,酒店住宿,其他,119.505162,39.832429000000005,hotel
poi_hotel.csv,秦皇岛北戴河多套选择公寓下单前咨询免费做饭停车,酒店住宿,其他,119.505394,39.833223,hotel
poi_hotel.csv,秦皇岛安逸精装近海公寓,酒店住宿,其他,119.505246,39.832095,hotel
poi_hotel.csv,秦皇岛北戴河精装三室公寓,酒店住宿,其他,119.505154,39.83239,hotel
poi_hotel.csv,秦皇岛北戴河精装三室公寓,酒店住宿,其他,119.505145,39.832347,hotel
poi_hotel.csv,秦皇岛北戴河小玉家庭公寓,酒店住宿,其他,119.505585,39.831722,hotel
poi_hotel.csv,北戴河鸽子窝经典家庭公寓,酒店住宿,其他,119.505226,39.832348,hotel
poi_hotel.csv,秦皇岛北戴河公寓近刘庄鸽子窝老虎石碧螺塔,酒店住宿,其他,119.505296,39.832262,hotel
poi_hotel.csv,秦皇岛北戴河天天公寓,酒店住宿,其他,119.505229,39.829671,hotel
poi_hotel.csv,秦皇岛北戴河赤土山近海两居三居公寓,酒店住宿,其他,119.505352,39.832695,hotel
poi_hotel.csv,秦皇岛东海岸小钢镚家普通公寓,酒店住宿,其他,119.505173,39.832482,hotel
poi_hotel.csv,秦皇岛本地旅游达人公寓,酒店住宿,其他,119.508398,39.829988,hotel
poi_hotel.csv,秦皇岛Vincy 141319公寓,酒店住宿,其他,119.506869,39.833317,hotel
poi_hotel.csv,秦皇岛聚爱家北戴河休闲公寓,酒店住宿,其他,119.505147,39.832809,hotel
poi_hotel.csv,秦皇岛北戴河莹妹临海公寓,酒店住宿,其他,119.505166,39.832456,hotel
poi_hotel.csv,玛利亚qw公寓,酒店住宿,其他,119.50564,39.832802,hotel
poi_hotel.csv,北戴河18间民宿酒店,酒店住宿,舒适型酒店,119.50679,39.827069,hotel
poi_hotel.csv,秦皇岛打牌先打南公寓,酒店住宿,其他,119.505316,39.832725,hotel
poi_hotel.csv,秦皇岛范先生特色民宿,酒店住宿,舒适型酒店,119.505155,39.832371,hotel
poi_hotel.csv,海韵晞莹家庭公寓,酒店住宿,其他,119.50515,39.832387,hotel
poi_hotel.csv,秦皇岛雨停了天晴了特色民宿,酒店住宿,其他,119.505243,39.831935,hotel
poi_hotel.csv,秦皇岛北戴河双双家庭公寓S364联峰北路分店,酒店住宿,其他,119.507667,39.831334000000005,hotel
poi_hotel.csv,秦皇岛熙熙的温馨小屋,酒店住宿,舒适型酒店,119.505291,39.832139,hotel
poi_hotel.csv,北戴河菲尔海景豪华酒店,酒店住宿,其他,119.518787,39.821165,hotel
poi_hotel.csv,小孔家庭公寓,酒店住宿,其他,119.521559,39.826452,hotel
poi_hotel.csv,北戴河鱼家家庭自助公寓,酒店住宿,其他,119.522981,39.826092,hotel
poi_hotel.csv,北戴河水兮木原别墅豪华酒店,酒店住宿,其他,119.521043,39.823293,hotel
poi_hotel.csv,北戴河红珊瑚家庭公寓,酒店住宿,其他,119.52269,39.826103,hotel
poi_hotel.csv,花筑·北戴河轻舍民宿酒店,酒店住宿,舒适型酒店,119.519513,39.822293,hotel
poi_hotel.csv,秦皇岛房东单姐姐公寓,酒店住宿,其他,119.52152,39.826841,hotel
poi_hotel.csv,王素先家庭公寓,酒店住宿,其他,119.522276,39.826892,hotel
poi_hotel.csv,秦皇岛沐沐的温馨小筑,酒店住宿,其他,119.517352,39.82484,hotel
poi_hotel.csv,三舍公寓,酒店住宿,其他,119.522326,39.825895,hotel
poi_hotel.csv,北戴河真真公寓,酒店住宿,其他,119.52331,39.8265,hotel
poi_hotel.csv,北戴河海之韵家庭式公寓,酒店住宿,其他,119.522015,39.826543,hotel
poi_hotel.csv,秦皇岛小單家的house公寓,酒店住宿,其他,119.522367,39.826115,hotel
poi_hotel.csv,北戴河海韵公寓,酒店住宿,其他,119.522464,39.825904,hotel
poi_hotel.csv,悠悠公寓,酒店住宿,其他,119.518075,39.825841,hotel
poi_hotel.csv,秦皇岛近海昕居公寓,酒店住宿,其他,119.521422,39.826376,hotel
poi_hotel.csv,北戴河如家观海家庭公寓,酒店住宿,其他,119.521459,39.826364,hotel
poi_hotel.csv,北戴河李丹民宿酒店,酒店住宿,舒适型酒店,119.519803,39.823105,hotel
poi_hotel.csv,泽泽旅社,酒店住宿,舒适型酒店,119.519982,39.823316,hotel
poi_hotel.csv,秦皇岛温馨如家民宿酒店,酒店住宿,其他,119.522164,39.826419,hotel
poi_hotel.csv,秦皇岛老婷公寓,酒店住宿,其他,119.521022,39.826049000000005,hotel
poi_hotel.csv,北戴河夏墨古风精品公寓,酒店住宿,其他,119.518385,39.826854,hotel
poi_hotel.csv,秦皇岛吕静姐公寓,酒店住宿,其他,119.517523,39.824637,hotel
poi_hotel.csv,秦皇岛端木蓉公寓,酒店住宿,其他,119.519735,39.82652,hotel
poi_hotel.csv,秦皇岛萌化的女王公寓,酒店住宿,其他,119.517907,39.824933,hotel
poi_hotel.csv,秦皇岛梁先生公寓,酒店住宿,其他,119.518446,39.824945,hotel
poi_hotel.csv,北戴河海韵一家人小栈普通公寓,酒店住宿,其他,119.52231,39.826301,hotel
poi_hotel.csv,秦皇岛一席·港湾海边休闲民宿酒店,酒店住宿,其他,119.519821,39.821271,hotel
poi_hotel.csv,秦皇岛文秀临海家庭公寓,酒店住宿,其他,119.521979,39.826550000000005,hotel
poi_hotel.csv,秦皇岛房东老宁度假别墅,酒店住宿,其他,119.51742,39.826036,hotel
poi_hotel.csv,秦皇岛北戴河渔家家庭自助公寓,酒店住宿,舒适型酒店,119.521871,39.826068,hotel
poi_hotel.csv,秦皇岛北戴河近海温馨家庭公寓,酒店住宿,其他,119.522472,39.826344,hotel
poi_hotel.csv,秦皇岛北戴河近海温馨家庭公寓,酒店住宿,其他,119.523465,39.826755,hotel
poi_hotel.csv,秦皇岛北戴河近海温馨家庭公寓,酒店住宿,其他,119.522457,39.826348,hotel
poi_hotel.csv,秦皇岛张春生昵称才荣达吉公寓,酒店住宿,其他,119.522469,39.825862,hotel
poi_hotel.csv,秦皇岛鸽子窝临海自助公寓,酒店住宿,其他,119.521474,39.826566,hotel
poi_hotel.csv,北戴河海韵假日温馨家庭公寓,酒店住宿,其他,119.522701,39.825968,hotel
poi_hotel.csv,秦皇岛老单大哥公寓,酒店住宿,其他,119.518002,39.825218,hotel
poi_hotel.csv,中国石油天然气管道局北戴河培训学校,酒店住宿,舒适型酒店,119.522088,39.822891000000006,hotel
poi_hotel.csv,北戴河一米阳光家庭公寓,酒店住宿,其他,119.521626,39.826826,hotel
poi_hotel.csv,秦皇岛jize921公寓,酒店住宿,其他,119.522201,39.826394,hotel
poi_hotel.csv,御景园,酒店住宿,其他,119.523988,39.826879,hotel
poi_hotel.csv,北戴河友谊酒店,酒店住宿,舒适型酒店,119.527743,39.8223,hotel
poi_hotel.csv,双盛合豪华酒店,酒店住宿,其他,119.525167,39.822343,hotel
poi_hotel.csv,北戴河海韵近海公寓,酒店住宿,其他,119.52654,39.826873,hotel
poi_hotel.csv,爱尚家豪华酒店,酒店住宿,其他,119.525672,39.82110599999999,hotel
poi_hotel.csv,秦皇岛北戴河不舍民宿酒店,酒店住宿,其他,119.526315,39.826902,hotel
poi_hotel.csv,秦皇岛秦皇岛蓝莎公寓,酒店住宿,其他,119.525663,39.826679,hotel
poi_hotel.csv,秦皇岛陈先生公寓,酒店住宿,其他,119.525484,39.823905,hotel
poi_hotel.csv,秦皇岛jize921公寓,酒店住宿,其他,119.526051,39.826884,hotel
poi_hotel.csv,秦皇岛碧水蓝天家庭公寓楼,酒店住宿,其他,119.525622,39.826927,hotel
poi_hotel.csv,秦皇岛北戴河信波公寓,酒店住宿,其他,119.526192,39.826963,hotel
poi_hotel.csv,悦禧酒店,酒店住宿,其他,119.525168,39.822847,hotel
poi_hotel.csv,临海别园,酒店住宿,其他,119.529061,39.822754,hotel
poi_hotel.csv,秦皇岛单伟公寓,酒店住宿,其他,119.525725,39.826981,hotel
poi_hotel.csv,秦皇岛一家亲家庭公寓,酒店住宿,其他,119.525703,39.826685,hotel
poi_hotel.csv,北戴河碧海蓝天家庭公寓,酒店住宿,舒适型酒店,119.526189,39.826725,hotel
poi_hotel.csv,北戴河风情海韵假日公寓,酒店住宿,其他,119.526238,39.826907,hotel
poi_hotel.csv,秦皇岛沧海澜情海韵假日普通公寓,酒店住宿,其他,119.52526,39.826899,hotel
poi_hotel.csv,秦皇岛北戴河好友之家公寓,酒店住宿,其他,119.525025,39.823606000000005,hotel
poi_hotel.csv,李阿姨民宿,酒店住宿,其他,119.526105,39.826904,hotel
poi_hotel.csv,秦皇岛北戴河海边阳阳公寓,酒店住宿,其他,119.525826,39.826928,hotel
poi_hotel.csv,北戴河忆时光近海自助公寓,酒店住宿,其他,119.525152,39.826577,hotel
poi_hotel.csv,英华公寓,酒店住宿,其他,119.525759,39.82664,hotel
poi_hotel.csv,秦皇岛北戴河海韵假日近海公寓,酒店住宿,其他,119.526152,39.826974,hotel
poi_hotel.csv,秦皇岛北戴河近海莹莹公寓,酒店住宿,其他,119.525164,39.82651,hotel
poi_hotel.csv,北戴河湾海假日公寓,酒店住宿,其他,119.526591,39.826415,hotel
poi_hotel.csv,秦皇岛北戴河温馨驿栈公寓,酒店住宿,其他,119.525268,39.826833,hotel
poi_hotel.csv,秦皇岛北戴河家庭公寓,酒店住宿,其他,119.525167,39.826905,hotel
poi_hotel.csv,秦皇岛蓝莎临海家庭公寓,酒店住宿,其他,119.525104,39.82653,hotel
poi_hotel.csv,秦皇岛北戴河听海公寓,酒店住宿,其他,119.525007,39.826736,hotel
poi_hotel.csv,北戴河小房东小盈妹儿公寓,酒店住宿,其他,119.526035,39.826887,hotel
poi_hotel.csv,秦皇岛北戴河晓红公寓,酒店住宿,其他,119.525723,39.826777,hotel
poi_hotel.csv,东旺酒店,酒店住宿,舒适型酒店,119.525857,39.827566,hotel
poi_hotel.csv,望海酒店,酒店住宿,豪华型酒店,119.528019,39.828382000000005,hotel
poi_hotel.csv,睿柏·云酒店,酒店住宿,其他,119.524654,39.828264,hotel
poi_hotel.csv,秦皇岛北戴河静哥公寓,酒店住宿,其他,119.526315,39.827064,hotel
poi_hotel.csv,北戴河出海音乐旅馆,酒店住宿,舒适型酒店,119.525193,39.827648,hotel
poi_hotel.csv,秦皇岛逸岛民宿酒店,酒店住宿,舒适型酒店,119.524897,39.827595,hotel
poi_hotel.csv,北戴河于昊温馨家庭公寓,酒店住宿,其他,119.525484,39.827494,hotel
poi_hotel.csv,北戴河鑫悦湾酒店,酒店住宿,舒适型酒店,119.525567,39.827607,hotel
poi_hotel.csv,猫宅民宿酒店,酒店住宿,青旅,119.525015,39.82764,hotel
poi_hotel.csv,中国铝业公司北戴河培训学校,酒店住宿,其他,119.528284,39.82773,hotel
poi_hotel.csv,秦皇岛嘻嘻哈哈公寓,酒店住宿,其他,119.524173,39.828489,hotel
poi_hotel.csv,鸽子窝公寓,酒店住宿,其他,119.524234,39.828577,hotel
poi_hotel.csv,秦皇岛北戴河燕子公寓,酒店住宿,其他,119.523819,39.828506,hotel
poi_hotel.csv,北戴河花神度假客栈,酒店住宿,其他,119.525811,39.827585,hotel
poi_hotel.csv,东山宾馆,酒店住宿,高档型酒店,119.526942,39.831548000000005,hotel
poi_hotel.csv,北戴河鸽子窝公园附近的纳蓝晴空民宿酒店,酒店住宿,其他,119.526111,39.827292,hotel
poi_hotel.csv,北戴河红艳公寓,酒店住宿,其他,119.523585,39.828546,hotel
poi_hotel.csv,日光海岸公寓,酒店住宿,其他,119.525978,39.827194,hotel
poi_hotel.csv,北戴河轩雅宾馆,酒店住宿,其他,119.525193,39.82760699999999,hotel
poi_hotel.csv,秦皇岛海洋花园别墅,酒店住宿,其他,119.526122,39.828844,hotel
poi_hotel.csv,秦皇岛北戴河靠着海家庭公寓,酒店住宿,其他,119.526269,39.827109,hotel
poi_hotel.csv,北戴河爱这海假日豪华酒店,酒店住宿,舒适型酒店,119.523442,39.827029,hotel
poi_hotel.csv,北戴河华娜酒店,酒店住宿,其他,119.521494,39.828036,hotel
poi_hotel.csv,爱尚海度假公寓,酒店住宿,其他,119.519326,39.830174,hotel
poi_hotel.csv,轩然假日酒店,酒店住宿,其他,119.521034,39.827918,hotel
poi_hotel.csv,北戴河侣途公寓,酒店住宿,其他,119.522365,39.827997,hotel
poi_hotel.csv,地中海沿岸主题公寓,酒店住宿,其他,119.522114,39.829104,hotel
poi_hotel.csv,7天酒店,酒店住宿,其他,119.521386,39.827946,hotel
poi_hotel.csv,北戴河小悦家庭公寓,酒店住宿,其他,119.518773,39.827335000000005,hotel
poi_hotel.csv,秦皇岛渔民之家民宿酒店,酒店住宿,其他,119.520504,39.828298,hotel
poi_hotel.csv,如家派柏云豪华酒店,酒店住宿,其他,119.521306,39.827847,hotel
poi_hotel.csv,红屿公寓,酒店住宿,舒适型酒店,119.522505,39.828442,hotel
poi_hotel.csv,浪漫满屋家庭公寓,酒店住宿,舒适型酒店,119.520393,39.828889,hotel
poi_hotel.csv,浪漫满屋家庭公寓,酒店住宿,其他,119.520378,39.828921,hotel
poi_hotel.csv,秦皇岛鸽子窝海韵度假公寓,酒店住宿,其他,119.522824,39.827971000000005,hotel
poi_hotel.csv,北戴河爱茹酒店,酒店住宿,舒适型酒店,119.519985,39.827408000000005,hotel
poi_hotel.csv,秦皇岛鱼家小站家庭公寓,酒店住宿,其他,119.518387,39.828567,hotel
poi_hotel.csv,潮蹊晓筑,酒店住宿,其他,119.521444,39.82872,hotel
poi_hotel.csv,北戴河苏桂华酒店,酒店住宿,其他,119.520681,39.827957,hotel
poi_hotel.csv,北戴河东山家庭公寓,酒店住宿,其他,119.52231,39.827691,hotel
poi_hotel.csv,秦皇岛深蓝·民宿酒店,酒店住宿,其他,119.522902,39.829262,hotel
poi_hotel.csv,OYO轻享滨海东岸旅馆,酒店住宿,其他,119.520075,39.827369,hotel
poi_hotel.csv,s北戴河近海开心公寓,酒店住宿,其他,119.522408,39.828575,hotel
poi_hotel.csv,北戴河单淑敏酒店,酒店住宿,其他,119.519079,39.828926,hotel
poi_hotel.csv,秦皇岛娇小妹公寓,酒店住宿,其他,119.522477,39.828531000000005,hotel
poi_hotel.csv,秦皇岛高性价比公寓,酒店住宿,其他,119.522437,39.827588,hotel
poi_hotel.csv,秦皇岛北戴河當舍民宿酒店,酒店住宿,其他,119.522148,39.829229000000005,hotel
poi_hotel.csv,豪华酒店贵宾楼,酒店住宿,其他,119.521366,39.828106000000005,hotel
poi_hotel.csv,秦皇岛北戴河爱娟酒店,酒店住宿,舒适型酒店,119.520517,39.828637,hotel
poi_hotel.csv,旗荣惠酒店,酒店住宿,其他,119.521075,39.828633,hotel
poi_hotel.csv,梦遇民宿酒店,酒店住宿,其他,119.520076,39.828283,hotel
poi_hotel.csv,秦皇岛鸽子窝家庭公寓,酒店住宿,其他,119.522456,39.827611,hotel
poi_hotel.csv,郭静酒店,酒店住宿,其他,119.520825,39.828977,hotel
poi_hotel.csv,秦皇岛拂潮.惊鸥-公寓,酒店住宿,其他,119.519509,39.82987,hotel
poi_hotel.csv,秦皇岛三面海公寓,酒店住宿,其他,119.518437,39.827597,hotel
poi_hotel.csv,秦皇岛卓越公寓,酒店住宿,其他,119.522383,39.827931,hotel
poi_hotel.csv,秦皇岛雅丽靠海公寓,酒店住宿,其他,119.522446,39.827691,hotel
poi_hotel.csv,爱华酒店,酒店住宿,其他,119.519819,39.82900299999999,hotel
poi_hotel.csv,秦皇岛2281用户民宿酒店,酒店住宿,其他,119.522579,39.828019,hotel
poi_hotel.csv,秦皇岛文娜公寓,酒店住宿,其他,119.522578,39.828484,hotel
poi_hotel.csv,秦皇岛海韵假日公寓,酒店住宿,其他,119.522507,39.827192,hotel
poi_hotel.csv,念初旅馆,酒店住宿,舒适型酒店,119.520405,39.827208000000006,hotel
poi_hotel.csv,秦皇岛鸽子窝温馨公寓,酒店住宿,其他,119.519395,39.830014,hotel
poi_hotel.csv,海韵假日听涛公寓,酒店住宿,其他,119.522736,39.827092,hotel
poi_hotel.csv,北戴河优觅U-me旅馆,酒店住宿,其他,119.519935,39.828161,hotel
poi_hotel.csv,北戴河鱼民家公寓4号店,酒店住宿,其他,119.522889,39.828346,hotel
poi_hotel.csv,北戴河随心公寓,酒店住宿,其他,119.522767,39.827041,hotel
poi_hotel.csv,北戴河春敏酒店,酒店住宿,其他,119.519162,39.828901,hotel
poi_hotel.csv,北戴河海边别墅,酒店住宿,其他,119.521225,39.829713000000005,hotel
poi_hotel.csv,秦皇岛奥林Peak公园附近公寓,酒店住宿,其他,119.522545,39.828427,hotel
poi_hotel.csv,秦皇岛夏日时光临海公寓,酒店住宿,其他,119.518842,39.827058,hotel
poi_hotel.csv,北戴河临海风情公寓,酒店住宿,其他,119.522245,39.828521,hotel
poi_hotel.csv,北戴河李振民酒店,酒店住宿,其他,119.521365,39.828371,hotel
poi_hotel.csv,秦皇岛宫女士公寓,酒店住宿,其他,119.522134,39.829255,hotel
poi_hotel.csv,北戴河莹莹家庭公寓,酒店住宿,其他,119.522825,39.828172,hotel
poi_hotel.csv,秦皇岛单铁英公寓,酒店住宿,其他,119.519394,39.829598,hotel
poi_hotel.csv,秦皇岛鸽子窝临海自助公寓,酒店住宿,其他,119.522676,39.828728,hotel
poi_hotel.csv,北戴河玉翔依海公寓,酒店住宿,其他,119.518691,39.829414,hotel
poi_hotel.csv,随心公寓,酒店住宿,其他,119.522148,39.828615,hotel
poi_hotel.csv,秦皇岛北戴河侣途精装公寓,酒店住宿,其他,119.518705,39.829426,hotel
poi_hotel.csv,纳蓝晴空民宿酒店,酒店住宿,其他,119.520695,39.827949,hotel
poi_hotel.csv,秦皇岛北戴河晓文民宿酒店,酒店住宿,其他,119.522759,39.827861,hotel
poi_hotel.csv,北戴河李阿姨公寓,酒店住宿,其他,119.518619,39.829397,hotel
poi_hotel.csv,秦皇岛my度假别墅,酒店住宿,其他,119.523328,39.830509,hotel
poi_hotel.csv,赵春梅酒店,酒店住宿,其他,119.51928,39.829133,hotel
poi_hotel.csv,北戴河海滨单庄单桂艳酒店,酒店住宿,舒适型酒店,119.520232,39.827856,hotel
poi_hotel.csv,北戴河小财猫家庭酒店,酒店住宿,其他,119.520392,39.828126,hotel
poi_hotel.csv,蓝屿豪华酒店,酒店住宿,其他,119.521079,39.827607,hotel
poi_hotel.csv,桂兰酒店,酒店住宿,舒适型酒店,119.52098,39.828335,hotel
poi_hotel.csv,北戴河周爱茹公寓,酒店住宿,其他,119.522991,39.827325,hotel
poi_hotel.csv,杨姐公寓,酒店住宿,其他,119.519348,39.829859,hotel
poi_hotel.csv,秦皇岛哆啦A梦的幸福小窝公寓,酒店住宿,其他,119.522447,39.827626,hotel
poi_hotel.csv,彦杰旅馆,酒店住宿,舒适型酒店,119.519099,39.82851,hotel
poi_hotel.csv,北戴河娜美公寓,酒店住宿,其他,119.522881,39.827936,hotel
poi_hotel.csv,秦皇岛红颜之恋公寓,酒店住宿,其他,119.522507,39.82767,hotel
poi_hotel.csv,秦皇岛小白熊北戴河近海民宿公寓,酒店住宿,其他,119.517507,39.828808,hotel
poi_hotel.csv,秦皇岛爱尚海温馨公寓,酒店住宿,其他,119.519351,39.830238,hotel
poi_hotel.csv,秦皇岛爱尚海温馨公寓,酒店住宿,其他,119.522431,39.828565000000005,hotel
poi_hotel.csv,秦皇岛北戴河海边阳阳公寓,酒店住宿,其他,119.523106,39.828289000000005,hotel
poi_hotel.csv,北戴河宝霞旅馆,酒店住宿,舒适型酒店,119.520679,39.82849,hotel
poi_hotel.csv,鹿耳萌萌公寓,酒店住宿,其他,119.517396,39.829136,hotel
poi_hotel.csv,王女士公寓,酒店住宿,其他,119.518106,39.828397,hotel
poi_hotel.csv,邂逅海湾公寓,酒店住宿,其他,119.522438,39.828539,hotel
poi_hotel.csv,秦皇岛枕海听涛客栈,酒店住宿,其他,119.519364,39.827007,hotel
poi_hotel.csv,爱之家公寓,酒店住宿,其他,119.522637,39.828507,hotel
poi_hotel.csv,秦皇岛鸽子窝临海自助公寓,酒店住宿,其他,119.519099,39.827423,hotel
poi_hotel.csv,秦皇岛小岛别苑,酒店住宿,其他,119.518114,39.830162,hotel
poi_hotel.csv,北戴河玉华酒店,酒店住宿,其他,119.52092,39.829106,hotel
poi_hotel.csv,单莲菊酒店,酒店住宿,舒适型酒店,119.52094,39.828425,hotel
poi_hotel.csv,秦皇岛曾淑琴旅馆,酒店住宿,其他,119.519804,39.82879,hotel
poi_hotel.csv,秦皇岛刘庄两室两厅公寓,酒店住宿,其他,119.519443,39.827932,hotel
poi_hotel.csv,秦皇岛北戴河刘庄精品公寓,酒店住宿,其他,119.519922,39.827526,hotel
poi_hotel.csv,秦皇岛哆啦A梦的幸福小窝公寓,酒店住宿,其他,119.522329,39.828374,hotel
poi_hotel.csv,北戴河杨淑珍酒店,酒店住宿,其他,119.521643,39.828512,hotel
poi_hotel.csv,秦皇岛北戴河星源公寓,酒店住宿,其他,119.519341,39.830277,hotel
poi_hotel.csv,秦皇岛用户2424爱在深秋特色民宿,酒店住宿,其他,119.518112,39.827655,hotel
poi_hotel.csv,北戴河唐园临海花园,酒店住宿,舒适型酒店,119.51875,39.832379,hotel
poi_hotel.csv,秦皇岛北戴河红屿托斯卡纳风格独栋别墅,酒店住宿,其他,119.51775,39.832071,hotel
poi_hotel.csv,如鲸向海酒店,酒店住宿,其他,119.489951,39.81415,hotel
poi_hotel.csv,希悦澜,酒店住宿,其他,119.490897,39.814141,hotel
poi_hotel.csv,路乙海岸酒店,酒店住宿,其他,119.490476,39.814078,hotel
poi_hotel.csv,秦皇岛北戴河别墅豪华酒店,酒店住宿,其他,119.488569,39.81376899999999,hotel
poi_hotel.csv,浅水湾日出别墅,酒店住宿,其他,119.489875,39.813089000000005,hotel
poi_hotel.csv,老虎石海景假日豪华酒店,酒店住宿,其他,119.489392,39.814434,hotel
poi_hotel.csv,悦华酒店,酒店住宿,舒适型酒店,119.490877,39.817273,hotel
poi_hotel.csv,麗枫酒店,酒店住宿,高档型酒店,119.491299,39.819084,hotel
poi_hotel.csv,唐百酒店,酒店住宿,其他,119.489103,39.818654,hotel
poi_hotel.csv,北戴河宣和酒店,酒店住宿,高档型酒店,119.489902,39.818101,hotel
poi_hotel.csv,外交人员酒店,酒店住宿,其他,119.491704,39.814921,hotel
poi_hotel.csv,德园酒店,酒店住宿,舒适型酒店,119.488581,39.817217,hotel
poi_hotel.csv,悦馨酒店,酒店住宿,其他,119.487236,39.819735,hotel
poi_hotel.csv,北戴河金海酒店,酒店住宿,其他,119.48802,39.814567,hotel
poi_hotel.csv,海韵宾馆,酒店住宿,其他,119.488727,39.814989,hotel
poi_hotel.csv,天津市老干部休养所,酒店住宿,其他,119.489545,39.815954,hotel
poi_hotel.csv,美高豪华酒店,酒店住宿,其他,119.490864,39.819985,hotel
poi_hotel.csv,糖依城堡·kids豪华酒店,酒店住宿,其他,119.488234,39.8194,hotel
poi_hotel.csv,北戴河半岛豪华酒店,酒店住宿,其他,119.487013,39.820072,hotel
poi_hotel.csv,汉庭酒店,酒店住宿,舒适型酒店,119.490223,39.820008,hotel
poi_hotel.csv,北戴河君悦酒店,酒店住宿,其他,119.488883,39.82011,hotel
poi_hotel.csv,中国煤矿工人北戴河疗养院,酒店住宿,其他,119.486374,39.815597,hotel
poi_hotel.csv,星程酒店,酒店住宿,其他,119.488384,39.820202,hotel
poi_hotel.csv,怡莱酒店,酒店住宿,其他,119.48951,39.816196,hotel
poi_hotel.csv,依海听涛酒店,酒店住宿,其他,119.486323,39.819291,hotel
poi_hotel.csv,北戴河德鸿酒店,酒店住宿,其他,119.489041,39.816339,hotel
poi_hotel.csv,秦皇岛依海小阁旅馆,酒店住宿,其他,119.486309,39.820169,hotel
poi_hotel.csv,塔西豪华酒店,酒店住宿,其他,119.48619,39.817544,hotel
poi_hotel.csv,莫兰豪华酒店,酒店住宿,其他,119.48937,39.815848,hotel
poi_hotel.csv,红英酒店,酒店住宿,其他,119.486784,39.820039,hotel
poi_hotel.csv,安依府酒店,酒店住宿,其他,119.491125,39.817872,hotel
poi_hotel.csv,懋澜豪华酒店,酒店住宿,其他,119.488269,39.817512,hotel
poi_hotel.csv,北戴河希悦澜海景豪华酒店,酒店住宿,其他,119.490874,39.814229000000005,hotel
poi_hotel.csv,兰朵豪华酒店,酒店住宿,其他,119.489386,39.815782,hotel
poi_hotel.csv,秦皇岛大平姐旅馆,酒店住宿,其他,119.486644,39.820037,hotel
poi_hotel.csv,北戴河竹语别院民宿酒店,酒店住宿,其他,119.491765,39.820202,hotel
poi_hotel.csv,北戴河滨海度假村7号别墅,酒店住宿,其他,119.48955,39.816048,hotel
poi_hotel.csv,广海酒店,酒店住宿,舒适型酒店,119.486989,39.819477,hotel
poi_hotel.csv,秦皇岛夏至伴海别墅,酒店住宿,其他,119.489395,39.816083,hotel
poi_hotel.csv,秦皇岛北戴河近海云公寓,酒店住宿,其他,119.491408,39.820138,hotel
poi_hotel.csv,天津起士林北戴河大餐馆,酒店住宿,高档型酒店,119.492019,39.816621000000005,hotel
poi_hotel.csv,家庭酒店,酒店住宿,舒适型酒店,119.489104,39.816207,hotel
poi_hotel.csv,燕巢小憩酒店,酒店住宿,舒适型酒店,119.486347,39.819321,hotel
poi_hotel.csv,海沙庭院酒店,酒店住宿,舒适型酒店,119.486647,39.819975,hotel
poi_hotel.csv,秦皇岛康复路精品民宿酒店,酒店住宿,其他,119.486311,39.81982300000001,hotel
poi_hotel.csv,遇见海沙滩旅馆,酒店住宿,其他,119.489292,39.815149000000005,hotel
poi_hotel.csv,宁悦旅馆,酒店住宿,其他,119.487051,39.819468,hotel
poi_hotel.csv,如家·华驿酒店,酒店住宿,其他,119.488698,39.817265,hotel
poi_hotel.csv,湘居酒店,酒店住宿,其他,119.486138,39.819731,hotel
poi_hotel.csv,桂英酒店,酒店住宿,舒适型酒店,119.486481,39.819383,hotel
poi_hotel.csv,外交人员北戴河酒店,酒店住宿,其他,119.488989,39.815767,hotel
poi_hotel.csv,美都餐馆客房部,酒店住宿,舒适型酒店,119.486157,39.817706,hotel
poi_hotel.csv,秦皇岛北戴河临海别墅百年别墅,酒店住宿,其他,119.489546,39.815936,hotel
poi_hotel.csv,遇见海沙滩客栈,酒店住宿,其他,119.489189,39.815236,hotel
poi_hotel.csv,中国煤矿工人北戴河疗养院西区,酒店住宿,其他,119.488664,39.816528,hotel
poi_hotel.csv,北戴河幸运国际酒店,酒店住宿,其他,119.487886,39.817641,hotel
poi_hotel.csv,花筑·图兰酒店,酒店住宿,其他,119.488916,39.816764000000006,hotel
poi_hotel.csv,如家派柏·云酒店,酒店住宿,其他,119.4912,39.819556,hotel
poi_hotel.csv,圣彼得·巴洛克风情度假酒店,酒店住宿,其他,119.488648,39.817698,hotel
poi_hotel.csv,亲海拾光假日酒店,酒店住宿,其他,119.489325,39.816126,hotel
poi_hotel.csv,硕源宾馆,酒店住宿,其他,119.488907,39.820126,hotel
poi_hotel.csv,成瑞假日豪华酒店,酒店住宿,其他,119.485912,39.819267,hotel
poi_hotel.csv,津利华豪华酒店,酒店住宿,其他,119.483846,39.816712,hotel
poi_hotel.csv,中意酒店,酒店住宿,高档型酒店,119.483074,39.818524,hotel
poi_hotel.csv,遇静·蝉想豪华酒店,酒店住宿,其他,119.482864,39.817529,hotel
poi_hotel.csv,秦皇岛咱家小院,酒店住宿,其他,119.483142,39.818109,hotel
poi_hotel.csv,花筑·北戴河扎岛沙滩民宿酒店,酒店住宿,其他,119.483645,39.817441,hotel
poi_hotel.csv,北戴河北游记旅馆,酒店住宿,其他,119.485793,39.82011,hotel
poi_hotel.csv,文和酒店,酒店住宿,舒适型酒店,119.485435,39.819951,hotel
poi_hotel.csv,北戴河海岸印象豪华酒店,酒店住宿,其他,119.480891,39.817386,hotel
poi_hotel.csv,秦皇岛北戴河瑞生酒店,酒店住宿,其他,119.483814,39.817499,hotel
poi_hotel.csv,北戴河乐桐民宿酒店,酒店住宿,其他,119.480728,39.820384,hotel
poi_hotel.csv,北戴河京工酒店,酒店住宿,高档型酒店,119.480259,39.818825,hotel
poi_hotel.csv,海边小筑,酒店住宿,舒适型酒店,119.485823,39.820139000000005,hotel
poi_hotel.csv,秦皇岛北戴河盛夏拾光旅馆,酒店住宿,其他,119.484564,39.82054,hotel
poi_hotel.csv,北戴河紫园旅馆,酒店住宿,其他,119.480711,39.820288,hotel
poi_hotel.csv,阿雷旅馆,酒店住宿,舒适型酒店,119.48248,39.819742,hotel
poi_hotel.csv,海妮儿酒店,酒店住宿,舒适型酒店,119.485853,39.820572,hotel
poi_hotel.csv,福鑫民宿酒店,酒店住宿,舒适型酒店,119.483836,39.817384,hotel
poi_hotel.csv,西经路9号假日豪华酒店,酒店住宿,其他,119.482366,39.817672,hotel
poi_hotel.csv,亲海拾光豪华酒店,酒店住宿,其他,119.483712,39.817085,hotel
poi_hotel.csv,紫藤间,酒店住宿,舒适型酒店,119.485883,39.820523,hotel
poi_hotel.csv,北戴河张滨生酒店,酒店住宿,舒适型酒店,119.485988,39.819924,hotel
poi_hotel.csv,盛夏时光旅馆,酒店住宿,其他,119.485867,39.820148,hotel
poi_hotel.csv,临海小舍,酒店住宿,其他,119.48272,39.820034,hotel
poi_hotel.csv,北戴河海玺快捷宾馆,酒店住宿,其他,119.481704,39.819629,hotel
poi_hotel.csv,中海滩酒店,酒店住宿,其他,119.485244,39.817556,hotel
poi_hotel.csv,鼎玺宾馆,酒店住宿,其他,119.480696,39.819846,hotel
poi_hotel.csv,铁路招待所,酒店住宿,舒适型酒店,119.482957,39.819454,hotel
poi_hotel.csv,招待所驻勤分队,酒店住宿,其他,119.482386,39.818131,hotel
poi_hotel.csv,北戴河筑友酒店,酒店住宿,其他,119.485411,39.818668,hotel
poi_hotel.csv,振贤酒店,酒店住宿,舒适型酒店,119.485575,39.820441,hotel
poi_hotel.csv,秦皇岛天鹅堡近海自助公寓,酒店住宿,其他,119.482508,39.820031,hotel
poi_hotel.csv,秦皇岛合美休闲民宿,酒店住宿,其他,119.485881,39.820196,hotel
poi_hotel.csv,如家睿柏·云酒店,酒店住宿,其他,119.48302,39.818486,hotel
poi_hotel.csv,滨客隆酒店,酒店住宿,舒适型酒店,119.487808,39.823207,hotel
poi_hotel.csv,滨海蓝天商务酒店,酒店住宿,高档型酒店,119.490405,39.821166,hotel
poi_hotel.csv,圣捷商务豪华酒店,酒店住宿,舒适型酒店,119.489624,39.825115,hotel
poi_hotel.csv,花筑温莱豪华酒店,酒店住宿,其他,119.488401,39.822941,hotel
poi_hotel.csv,东奥酒店,酒店住宿,其他,119.489527,39.826186,hotel
poi_hotel.csv,北戴河华奥酒店,酒店住宿,其他,119.489499,39.826351,hotel
poi_hotel.csv,如家酒店,酒店住宿,舒适型酒店,119.489379,39.825447,hotel
poi_hotel.csv,北戴河祉悦同豪华酒店,酒店住宿,其他,119.486654,39.825327,hotel
poi_hotel.csv,秦皇岛简舍蒲桃里公寓,酒店住宿,其他,119.491916,39.820859000000006,hotel
poi_hotel.csv,秦皇岛海之缘家庭民宿酒店,酒店住宿,其他,119.491864,39.821015,hotel
poi_hotel.csv,云筑豪华酒店,酒店住宿,其他,119.491292,39.820755,hotel
poi_hotel.csv,北戴河谷隆椿宾馆,酒店住宿,其他,119.489443,39.823798,hotel
poi_hotel.csv,秦皇岛房东大叔陆拾旅馆,酒店住宿,其他,119.491388,39.821159,hotel
poi_hotel.csv,秦皇岛古老建筑近海民宿酒店,酒店住宿,其他,119.491705,39.820633,hotel
poi_hotel.csv,秦皇岛神仙的公寓,酒店住宿,其他,119.487373,39.826708,hotel
poi_hotel.csv,英子民宿酒店,酒店住宿,舒适型酒店,119.486757,39.82151399999999,hotel
poi_hotel.csv,丽霞民宿,酒店住宿,其他,119.486316,39.823214,hotel
poi_hotel.csv,遇见海度假酒店,酒店住宿,其他,119.489882,39.821235,hotel
poi_hotel.csv,喆啡豪华酒店秦皇岛北戴河老虎石浴场石塘路店大堂,酒店住宿,其他,119.49004,39.822463,hotel
poi_hotel.csv,北戴河惠霞酒店,酒店住宿,舒适型酒店,119.486317,39.820701,hotel
poi_hotel.csv,秦皇岛北戴河集艳民宿,酒店住宿,其他,119.486808,39.821874,hotel
poi_hotel.csv,如家华驿酒店,酒店住宿,其他,119.490605,39.822385,hotel
poi_hotel.csv,文世酒店,酒店住宿,舒适型酒店,119.48643,39.827349,hotel
poi_hotel.csv,北戴河浪琴屿豪华酒店,酒店住宿,高档型酒店,119.490233,39.830367,hotel
poi_hotel.csv,北戴河艳玲酒店,酒店住宿,舒适型酒店,119.486414,39.828048,hotel
poi_hotel.csv,北戴河艳玲酒店,酒店住宿,其他,119.486444,39.82809,hotel
poi_hotel.csv,栖岸豪华酒店,酒店住宿,其他,119.488727,39.829006,hotel
poi_hotel.csv,秦皇岛苗艳飞公寓,酒店住宿,其他,119.486345,39.828131,hotel
poi_hotel.csv,北戴河艳斌民宿酒店,酒店住宿,舒适型酒店,119.486647,39.828007,hotel
poi_hotel.csv,福生酒店,酒店住宿,舒适型酒店,119.486387,39.827841,hotel
poi_hotel.csv,华驿酒店,酒店住宿,其他,119.489658,39.829769,hotel
poi_hotel.csv,马天宇酒店,酒店住宿,舒适型酒店,119.486501,39.827538,hotel
poi_hotel.csv,白素香酒店,酒店住宿,舒适型酒店,119.486444,39.828065,hotel
poi_hotel.csv,北戴河心驰酒店,酒店住宿,舒适型酒店,119.486647,39.827961,hotel
poi_hotel.csv,刘明公寓,酒店住宿,舒适型酒店,119.486714,39.827915,hotel
poi_hotel.csv,继兰酒店,酒店住宿,舒适型酒店,119.486873,39.82789,hotel
poi_hotel.csv,秦皇岛张女士公寓,酒店住宿,其他,119.487516,39.827684000000005,hotel
poi_hotel.csv,云客公寓,酒店住宿,其他,119.491358,39.83223,hotel
poi_hotel.csv,北戴河三姐妹酒店,酒店住宿,其他,119.486931,39.82783,hotel
poi_hotel.csv,秦皇岛小希唯爱旅馆,酒店住宿,其他,119.487121,39.831401,hotel
poi_hotel.csv,秦皇岛小小清扬公寓,酒店住宿,其他,119.491382,39.832172,hotel
poi_hotel.csv,米多快捷酒店,酒店住宿,其他,119.492079,39.831219,hotel
poi_hotel.csv,娜娜酒店,酒店住宿,舒适型酒店,119.486292,39.827915,hotel
poi_hotel.csv,秦皇岛北戴河近海自助餐馆假日公寓,酒店住宿,其他,119.486965,39.832643,hotel
poi_hotel.csv,秦皇岛北戴河王正民宿酒店,酒店住宿,舒适型酒店,119.486246,39.82714,hotel
poi_hotel.csv,浪琴屿客房部,酒店住宿,舒适型酒店,119.49098,39.83102,hotel
poi_hotel.csv,秦皇岛晓娇民宿酒店,酒店住宿,舒适型酒店,119.486423,39.827423,hotel
poi_hotel.csv,秦皇岛涅磐民宿,酒店住宿,其他,119.486674,39.827708,hotel
poi_hotel.csv,黑桃K精品酒店,酒店住宿,其他,119.488531,39.827584,hotel
poi_hotel.csv,秦皇岛滨武民宿,酒店住宿,舒适型酒店,119.486433,39.827135,hotel
poi_hotel.csv,7天酒店,酒店住宿,其他,119.488601,39.827515,hotel
poi_hotel.csv,北戴河天海一号自助厨房家庭公寓,酒店住宿,其他,119.491249,39.832552,hotel
poi_hotel.csv,驿捷度假连锁酒店,酒店住宿,其他,119.492122,39.831232,hotel
poi_hotel.csv,秦皇岛馥栖居海景别墅,酒店住宿,其他,119.488501,39.827914,hotel
poi_hotel.csv,国资委商业北戴河休养院,酒店住宿,舒适型酒店,119.497254,39.824888,hotel
poi_hotel.csv,北戴河华北电力商业大厦,酒店住宿,高档型酒店,119.492415,39.822419,hotel
poi_hotel.csv,北戴河单秀芹酒店,酒店住宿,其他,119.497214,39.825191,hotel
poi_hotel.csv,君瑞轩酒店,酒店住宿,舒适型酒店,119.49328,39.822772,hotel
poi_hotel.csv,北戴河中华全国总工会疗养院,酒店住宿,其他,119.495924,39.821146,hotel
poi_hotel.csv,秦皇岛近海公寓,酒店住宿,其他,119.492868,39.823626,hotel
poi_hotel.csv,锦澜酒店,酒店住宿,其他,119.497701,39.822407,hotel
poi_hotel.csv,遇见春来青年旅馆,酒店住宿,青旅,119.493334,39.822502,hotel
poi_hotel.csv,阳光豪华酒店,酒店住宿,其他,119.494577,39.823523,hotel
poi_hotel.csv,北戴河海情酒店,酒店住宿,高档型酒店,119.492588,39.822618,hotel
poi_hotel.csv,嘟嘟快捷酒店,酒店住宿,其他,119.494543,39.822633,hotel
poi_hotel.csv,北戴河素芝酒店,酒店住宿,舒适型酒店,119.493284,39.826405,hotel
poi_hotel.csv,秦皇岛珍惜度假别墅,酒店住宿,其他,119.494299,39.820902,hotel
poi_hotel.csv,北戴河海洋时光旅馆,酒店住宿,舒适型酒店,119.493046,39.825886,hotel
poi_hotel.csv,骏怡连锁,酒店住宿,其他,119.494096,39.822684,hotel
poi_hotel.csv,北戴河军人驿站,酒店住宿,其他,119.497534,39.824924,hotel
poi_hotel.csv,秦皇岛滨海一家公寓,酒店住宿,其他,119.493155,39.825326,hotel
poi_hotel.csv,广电总局疗养院,酒店住宿,舒适型酒店,119.496143,39.823685,hotel
poi_hotel.csv,秦皇岛六月阳光民宿,酒店住宿,其他,119.493262,39.825707,hotel
poi_hotel.csv,鼎盛山海酒店,酒店住宿,其他,119.493791,39.82401,hotel
poi_hotel.csv,东经路宾馆,酒店住宿,其他,119.497858,39.821287,hotel
poi_hotel.csv,秦皇岛六月阳光特色民宿,酒店住宿,其他,119.493846,39.825635,hotel
poi_hotel.csv,北戴河国资委内贸酒店,酒店住宿,其他,119.497275,39.824734,hotel
poi_hotel.csv,秦皇岛百业酒店服务有限责任公司,酒店住宿,其他,119.49454,39.82359,hotel
poi_hotel.csv,小贝壳临海公寓,酒店住宿,舒适型酒店,119.503677,39.822245,hotel
poi_hotel.csv,煤矿职工北戴河休养院,酒店住宿,其他,119.500732,39.824174,hotel
poi_hotel.csv,怪楼奇园酒店,酒店住宿,高档型酒店,119.499964,39.826321,hotel
poi_hotel.csv,客海时春民宿酒店,酒店住宿,舒适型酒店,119.50446,39.826892,hotel
poi_hotel.csv,北戴河朋云民宿酒店,酒店住宿,其他,119.504711,39.826468,hotel
poi_hotel.csv,左玉兰旅馆,酒店住宿,舒适型酒店,119.504584,39.823308,hotel
poi_hotel.csv,鑫盟酒店,酒店住宿,其他,119.503946,39.822812,hotel
poi_hotel.csv,海缘假日酒店,酒店住宿,其他,119.504426,39.823765,hotel
poi_hotel.csv,北戴河浪漫海公寓,酒店住宿,其他,119.503688,39.825874,hotel
poi_hotel.csv,吉汇酒店,酒店住宿,其他,119.503611,39.825391,hotel
poi_hotel.csv,海滨花园豪华酒店,酒店住宿,高档型酒店,119.498692,39.821944,hotel
poi_hotel.csv,迎友酒店,酒店住宿,其他,119.504804,39.821786,hotel
poi_hotel.csv,北戴河等风来豪华酒店,酒店住宿,其他,119.503568,39.824367,hotel
poi_hotel.csv,正鸿酒店,酒店住宿,其他,119.504141,39.824026,hotel
poi_hotel.csv,北戴河臻滨旅馆,酒店住宿,其他,119.504245,39.824853,hotel
poi_hotel.csv,纪青酒店,酒店住宿,其他,119.504041,39.82223,hotel
poi_hotel.csv,中心豪华酒店,酒店住宿,舒适型酒店,119.500976,39.825231,hotel
poi_hotel.csv,北戴河海浪花临海度假屋,酒店住宿,其他,119.503793,39.821826,hotel
poi_hotel.csv,北戴河小贝壳酒店,酒店住宿,其他,119.504551,39.824326,hotel
poi_hotel.csv,北戴河夜夜海酒店,酒店住宿,其他,119.504817,39.822543,hotel
poi_hotel.csv,北戴河俊豪酒店,酒店住宿,其他,119.50428,39.822748,hotel
poi_hotel.csv,满庭芳酒店,酒店住宿,其他,119.504122,39.826658,hotel
poi_hotel.csv,路乙海岸精品豪华酒店,酒店住宿,其他,119.504216,39.825389,hotel
poi_hotel.csv,焦宝成酒店,酒店住宿,其他,119.503546,39.825411,hotel
poi_hotel.csv,秦皇岛海巢自助酒店,酒店住宿,其他,119.503314,39.822184,hotel
poi_hotel.csv,北戴河缘梦海公寓,酒店住宿,其他,119.503463,39.821540000000006,hotel
poi_hotel.csv,御墅龙湾豪华酒店,酒店住宿,其他,119.502168,39.821775,hotel
poi_hotel.csv,永慧酒店,酒店住宿,其他,119.50267,39.821854,hotel
poi_hotel.csv,祥海酒店,酒店住宿,其他,119.504366,39.822006,hotel
poi_hotel.csv,北戴河沃金酒店,酒店住宿,其他,119.504139,39.822283,hotel
poi_hotel.csv,宿兮旅馆,酒店住宿,舒适型酒店,119.504157,39.822177,hotel
poi_hotel.csv,尚客优,酒店住宿,其他,119.503505,39.825439,hotel
poi_hotel.csv,临海1号假日豪华酒店,酒店住宿,其他,119.504701,39.823932,hotel
poi_hotel.csv,米宝酒店,酒店住宿,舒适型酒店,119.503889,39.824429,hotel
poi_hotel.csv,宁薪阁酒店,酒店住宿,其他,119.504786,39.823571,hotel
poi_hotel.csv,海阔居,酒店住宿,其他,119.504526,39.822601,hotel
poi_hotel.csv,北戴河浪淘沙酒店,酒店住宿,舒适型酒店,119.503901,39.824773,hotel
poi_hotel.csv,守环酒店,酒店住宿,其他,119.503634,39.821661,hotel
poi_hotel.csv,涵海酒店,酒店住宿,舒适型酒店,119.504538,39.824667000000005,hotel
poi_hotel.csv,北戴河尚客酒店,酒店住宿,舒适型酒店,119.503929,39.826771,hotel
poi_hotel.csv,刘兰文酒店,酒店住宿,舒适型酒店,119.504584,39.82629,hotel
poi_hotel.csv,北戴河润鑫酒店,酒店住宿,其他,119.504203,39.823223,hotel
poi_hotel.csv,辰硕酒店,酒店住宿,舒适型酒店,119.504416,39.82295,hotel
poi_hotel.csv,北戴河雅诺酒店,酒店住宿,其他,119.504366,39.825162,hotel
poi_hotel.csv,北戴河枫雅主题酒店,酒店住宿,其他,119.503864,39.824864,hotel
poi_hotel.csv,金泊酒店,酒店住宿,其他,119.504049,39.822236,hotel
poi_hotel.csv,海依恋酒店,酒店住宿,其他,119.504172,39.82453,hotel
poi_hotel.csv,北戴河守环精品民宿,酒店住宿,其他,119.503853,39.821525,hotel
poi_hotel.csv,北戴河龙鑫主题酒店,酒店住宿,其他,119.504284,39.824011,hotel
poi_hotel.csv,北戴河灏福酒店,酒店住宿,其他,119.504568,39.824314,hotel
poi_hotel.csv,寻海听浪旅馆,酒店住宿,其他,119.503942,39.824362,hotel
poi_hotel.csv,北戴河刘庄绍君公寓,酒店住宿,其他,119.504022,39.821684,hotel
poi_hotel.csv,北戴河山海时光酒店,酒店住宿,其他,119.504001,39.825128,hotel
poi_hotel.csv,北戴河梧桐旅馆,酒店住宿,其他,119.503737,39.824404,hotel
poi_hotel.csv,秦皇岛房东晓张旅馆,酒店住宿,其他,119.504409,39.822976,hotel
poi_hotel.csv,时间海酒店,酒店住宿,其他,119.504235,39.822912,hotel
poi_hotel.csv,积勤酒店,酒店住宿,其他,119.503226,39.826153,hotel
poi_hotel.csv,秦皇岛北戴河趣海边公寓,酒店住宿,其他,119.503076,39.82237,hotel
poi_hotel.csv,多喜爱假日酒店,酒店住宿,其他,119.503817,39.824685,hotel
poi_hotel.csv,秦皇岛北戴河爱上海民宿酒店,酒店住宿,其他,119.504389,39.821699,hotel
poi_hotel.csv,祺益酒店,酒店住宿,其他,119.504654,39.8238,hotel
poi_hotel.csv,秦皇岛东升紫公寓,酒店住宿,其他,119.50266,39.821951,hotel
poi_hotel.csv,鑫来酒店,酒店住宿,其他,119.504717,39.822358,hotel
poi_hotel.csv,北戴河U-HOME旅馆,酒店住宿,其他,119.504772,39.824483,hotel
poi_hotel.csv,刘惠芹海天酒店,酒店住宿,舒适型酒店,119.504668,39.822805,hotel
poi_hotel.csv,烁光海岸,酒店住宿,其他,119.50418,39.822446,hotel
poi_hotel.csv,北戴河住海边公寓,酒店住宿,其他,119.502807,39.821245,hotel
poi_hotel.csv,北戴河映海民宿酒店,酒店住宿,舒适型酒店,119.503974,39.824612,hotel
poi_hotel.csv,北戴河刘庄家庭酒店,酒店住宿,舒适型酒店,119.503394,39.821674,hotel
poi_hotel.csv,北戴河海豚湾主题酒店,酒店住宿,其他,119.503926,39.824486,hotel
poi_hotel.csv,海客酒店,酒店住宿,其他,119.504253,39.820731,hotel
poi_hotel.csv,北戴河赵金辉民宿酒店,酒店住宿,其他,119.502964,39.821851,hotel
poi_hotel.csv,金沙滩公寓,酒店住宿,其他,119.502256,39.821831,hotel
poi_hotel.csv,琴民海主题酒店,酒店住宿,其他,119.503906,39.826441,hotel
poi_hotel.csv,七月玫瑰主题酒店,酒店住宿,其他,119.503671,39.82437,hotel
poi_hotel.csv,圣海酒店,酒店住宿,其他,119.504233,39.822289000000005,hotel
poi_hotel.csv,聆海听涛酒店,酒店住宿,其他,119.504686,39.823072,hotel
poi_hotel.csv,北戴河果果民宿酒店,酒店住宿,其他,119.504506,39.826858,hotel
poi_hotel.csv,秦皇岛80后小夫妻公寓,酒店住宿,其他,119.50244,39.822589,hotel
poi_hotel.csv,北戴河喻静酒店,酒店住宿,其他,119.504812,39.824943,hotel
poi_hotel.csv,北戴河相约夏季酒店,酒店住宿,其他,119.504721,39.822163,hotel
poi_hotel.csv,北戴河慧萱酒店,酒店住宿,其他,119.503839,39.824903,hotel
poi_hotel.csv,杨丽娟酒店,酒店住宿,舒适型酒店,119.504667,39.822996,hotel
poi_hotel.csv,秦皇岛成巧公寓,酒店住宿,其他,119.503872,39.824748,hotel
poi_hotel.csv,揣利君酒店,酒店住宿,舒适型酒店,119.504349,39.826627,hotel
poi_hotel.csv,北戴河海尚海酒店,酒店住宿,其他,119.5046,39.821932,hotel
poi_hotel.csv,秦皇岛北戴河何艳芳民宿,酒店住宿,其他,119.504633,39.822821,hotel
poi_hotel.csv,北戴河刘久源旅馆,酒店住宿,其他,119.503543,39.824494,hotel
poi_hotel.csv,北戴河万豪酒店,酒店住宿,其他,119.50461,39.824157,hotel
poi_hotel.csv,梦达酒店,酒店住宿,舒适型酒店,119.504031,39.825333,hotel
poi_hotel.csv,金海缘公寓,酒店住宿,其他,119.502991,39.821617,hotel
poi_hotel.csv,秦皇岛北戴河七色花旅馆,酒店住宿,其他,119.502788,39.822093,hotel
poi_hotel.csv,晶煜·娜香小筑,酒店住宿,其他,119.504059,39.824748,hotel
poi_hotel.csv,近海拾光民宿,酒店住宿,其他,119.504635,39.826638,hotel
poi_hotel.csv,北戴河怡海拾光酒店,酒店住宿,舒适型酒店,119.504543,39.823345,hotel
poi_hotel.csv,渔水谣主题宾馆,酒店住宿,其他,119.50454,39.824378,hotel
poi_hotel.csv,秦皇岛李家民宿酒店,酒店住宿,其他,119.504104,39.826207,hotel
poi_hotel.csv,秦皇岛北戴河刘贺民民宿酒店,酒店住宿,舒适型酒店,119.504005,39.823755000000006,hotel
poi_hotel.csv,北戴河海时光民宿酒店,酒店住宿,其他,119.504252,39.822944,hotel
poi_hotel.csv,北戴河悦澜酒店,酒店住宿,其他,119.504607,39.821891,hotel
poi_hotel.csv,浪度星晴精品民宿酒店,酒店住宿,其他,119.504159,39.824809,hotel
poi_hotel.csv,北戴河米宝民宿酒店,酒店住宿,其他,119.503539,39.824455,hotel
poi_hotel.csv,金瑞酒店,酒店住宿,舒适型酒店,119.503871,39.822252,hotel
poi_hotel.csv,北戴河陈惠玲酒店,酒店住宿,舒适型酒店,119.504069,39.823938,hotel
poi_hotel.csv,北戴河佰亿民宿酒店,酒店住宿,其他,119.503691,39.824713,hotel
poi_hotel.csv,北戴河宇轩阁民宿酒店,酒店住宿,其他,119.501596,39.823471000000005,hotel
poi_hotel.csv,云峰时尚豪华酒店,酒店住宿,其他,119.504782,39.824250000000006,hotel
poi_hotel.csv,七月海主题,酒店住宿,舒适型酒店,119.50464,39.823826,hotel
poi_hotel.csv,秦皇岛陈鹤旅馆,酒店住宿,其他,119.502689,39.822458,hotel
poi_hotel.csv,秦皇岛韩旭旅馆,酒店住宿,舒适型酒店,119.503127,39.821941,hotel
poi_hotel.csv,伊芙酒店,酒店住宿,其他,119.504378,39.823081,hotel
poi_hotel.csv,北戴河蓝庭湾滨馆,酒店住宿,其他,119.503538,39.824687,hotel
poi_hotel.csv,北戴河沐海时光酒店,酒店住宿,其他,119.504288,39.822711,hotel
poi_hotel.csv,爱莎公寓,酒店住宿,其他,119.504479,39.821482,hotel
poi_hotel.csv,秦皇岛小茹遇见旅馆,酒店住宿,其他,119.501402,39.823924,hotel
poi_hotel.csv,北戴河恒悦宾馆,酒店住宿,其他,119.503626,39.824405,hotel
poi_hotel.csv,北戴河爱情海主题酒店,酒店住宿,其他,119.504182,39.823865000000005,hotel
poi_hotel.csv,秦皇岛平海公寓,酒店住宿,其他,119.503492,39.824567,hotel
poi_hotel.csv,北戴河恋海依旧民宿酒店,酒店住宿,其他,119.503685,39.824674,hotel
poi_hotel.csv,星空海公寓,酒店住宿,其他,119.503596,39.824933,hotel
poi_hotel.csv,骏怡连锁酒店,酒店住宿,其他,119.503439,39.825415,hotel
poi_hotel.csv,佰亿酒店,酒店住宿,其他,119.503819,39.824541,hotel
poi_hotel.csv,北戴河米奇时光民宿,酒店住宿,其他,119.504467,39.823047,hotel
poi_hotel.csv,秦皇岛北戴河罗兰海边度假公寓,酒店住宿,其他,119.503986,39.825073,hotel
poi_hotel.csv,秦皇岛海浪花临海公寓刘庄夜市店,酒店住宿,舒适型酒店,119.50382,39.821878,hotel
poi_hotel.csv,北戴河御墅龙湾豪华酒店公寓,酒店住宿,其他,119.504271,39.820919,hotel
poi_hotel.csv,悦林宾馆,酒店住宿,其他,119.504458,39.822454,hotel
poi_hotel.csv,嘿楚卿青年旅舍,酒店住宿,青旅,119.504809,39.826513,hotel
poi_hotel.csv,恋上海•臻珍主题酒店,酒店住宿,其他,119.504617,39.82367,hotel
poi_hotel.csv,海岸逸舍民宿,酒店住宿,其他,119.50415,39.824593,hotel
poi_hotel.csv,小岛有片海主题酒店,酒店住宿,其他,119.50457,39.824826,hotel
poi_hotel.csv,北戴河依海一家公寓,酒店住宿,舒适型酒店,119.503095,39.82158,hotel
poi_hotel.csv,iHome公寓,酒店住宿,其他,119.502854,39.821552,hotel
poi_hotel.csv,秦皇岛海的声音公寓,酒店住宿,其他,119.504184,39.824958,hotel
poi_hotel.csv,秦皇岛寻海听浪公寓,酒店住宿,其他,119.504008,39.824394,hotel
poi_hotel.csv,秦皇岛可白可白公寓,酒店住宿,其他,119.503384,39.822243,hotel
poi_hotel.csv,幸福海岸宾馆,酒店住宿,其他,119.504108,39.822493,hotel
poi_hotel.csv,双奇民宿酒店,酒店住宿,舒适型酒店,119.500293,39.826688,hotel
poi_hotel.csv,张桂兰酒店,酒店住宿,舒适型酒店,119.504637,39.821892,hotel
poi_hotel.csv,北戴河向日葵宾馆,酒店住宿,其他,119.504666,39.822642,hotel
poi_hotel.csv,秦皇岛北戴河段海波民宿酒店,酒店住宿,舒适型酒店,119.504082,39.826621,hotel
poi_hotel.csv,沐晗公寓,酒店住宿,舒适型酒店,119.503299,39.821813,hotel
poi_hotel.csv,禧乐宾馆,酒店住宿,其他,119.504383,39.825162,hotel
poi_hotel.csv,秦皇岛荣滨宾馆,酒店住宿,其他,119.504726,39.823684,hotel
poi_hotel.csv,云邸·岸上澜湾公寓,酒店住宿,其他,119.502079,39.821706,hotel
poi_hotel.csv,星空海酒店,酒店住宿,其他,119.503754,39.824849,hotel
poi_hotel.csv,海家缘公寓,酒店住宿,青旅,119.50334,39.822062,hotel
poi_hotel.csv,秦皇岛北戴河lfm公寓,酒店住宿,其他,119.503762,39.824842,hotel
poi_hotel.csv,秦皇岛北戴河风雷小镇海边300米公寓,酒店住宿,其他,119.502647,39.821937,hotel
poi_hotel.csv,秦皇岛美筑·设计师公寓,酒店住宿,其他,119.50474,39.826493,hotel
poi_hotel.csv,可心公寓,酒店住宿,其他,119.50371,39.824933,hotel
poi_hotel.csv,北戴河李素芝酒店,酒店住宿,舒适型酒店,119.502002,39.823624,hotel
poi_hotel.csv,邂逅时光精品客栈,酒店住宿,其他,119.504262,39.822709,hotel
poi_hotel.csv,秦皇岛田氏田园小院,酒店住宿,其他,119.502848,39.821576,hotel
poi_hotel.csv,龙旺近海公寓,酒店住宿,舒适型酒店,119.503557,39.82487,hotel
poi_hotel.csv,秦皇岛北戴河尚善若水精品民宿刘庄夜市店,酒店住宿,其他,119.504511,39.823587,hotel
poi_hotel.csv,海梦缘御墅龙湾临海酒店,酒店住宿,其他,119.502975,39.821156,hotel
poi_hotel.csv,北戴河杨莹酒店,酒店住宿,舒适型酒店,119.503944,39.824386,hotel
poi_hotel.csv,海·上善若水主题宾馆,酒店住宿,其他,119.504534,39.823617,hotel
poi_hotel.csv,秦皇岛北戴河刘庄海边公寓,酒店住宿,其他,119.500688,39.824239000000006,hotel
poi_hotel.csv,等风也等你公寓,酒店住宿,其他,119.503584,39.82453,hotel
poi_hotel.csv,北戴河海滨佳博简约轻奢度假公寓,酒店住宿,其他,119.502741,39.821974,hotel
poi_hotel.csv,秦皇岛慧慧近海公寓,酒店住宿,其他,119.504636,39.822399,hotel
poi_hotel.csv,秦皇岛清梦小轩天际线客栈,酒店住宿,其他,119.504032,39.824492,hotel
poi_hotel.csv,北戴河等风来豪华酒店,酒店住宿,其他,119.503562,39.824377,hotel
poi_hotel.csv,鑫旅·遇见海Hotel,酒店住宿,其他,119.504109,39.825368000000005,hotel
poi_hotel.csv,秦皇岛北戴河御墅龙湾亲海公寓,酒店住宿,其他,119.504271,39.820945,hotel
poi_hotel.csv,秦皇岛北戴河蓝色海精品公寓,酒店住宿,其他,119.503101,39.821698,hotel
poi_hotel.csv,秦皇岛北戴河悠然公寓1号店,酒店住宿,其他,119.503447,39.824461,hotel
poi_hotel.csv,秦皇岛北戴河刘庄御墅龙湾近海夜市厨房海鲜市场公寓,酒店住宿,其他,119.503732,39.821234,hotel
poi_hotel.csv,团中央北戴河培训基地酒店,酒店住宿,其他,119.499226,39.82341,hotel
poi_hotel.csv,联峰假日酒店,酒店住宿,舒适型酒店,119.501079,39.830965,hotel
poi_hotel.csv,洪海酒店,酒店住宿,其他,119.504661,39.827781,hotel
poi_hotel.csv,秦皇岛小浣熊公寓,酒店住宿,其他,119.49972,39.832258,hotel
poi_hotel.csv,秦皇岛北戴河彤瑶公寓,酒店住宿,其他,119.504008,39.827053,hotel
poi_hotel.csv,秦皇岛丽华近海公寓,酒店住宿,其他,119.500943,39.832183,hotel
poi_hotel.csv,秦皇岛假日阳光公寓,酒店住宿,其他,119.501526,39.832965,hotel
poi_hotel.csv,北戴河窦雅芹酒店,酒店住宿,其他,119.500056,39.828293,hotel
poi_hotel.csv,逐日赶海家庭公寓,酒店住宿,其他,119.504578,39.832469,hotel
poi_hotel.csv,秦皇岛杨海凤公寓,酒店住宿,其他,119.501489,39.83299,hotel
poi_hotel.csv,北戴河云海小筑公寓,酒店住宿,其他,119.503114,39.832434,hotel
poi_hotel.csv,秦皇岛海岸线临海公寓,酒店住宿,其他,119.499277,39.833084,hotel
poi_hotel.csv,北戴河忆海时光公寓,酒店住宿,其他,119.504572,39.832487,hotel
poi_hotel.csv,秦皇岛一嘉民宿酒店,酒店住宿,其他,119.504499,39.832828,hotel
poi_hotel.csv,秦皇岛苏叁家公寓,酒店住宿,其他,119.504424,39.832165,hotel
poi_hotel.csv,北戴河心缘家庭公寓,酒店住宿,其他,119.504516,39.832531,hotel
poi_hotel.csv,洋儿家庭公寓,酒店住宿,其他,119.503141,39.83254,hotel
poi_hotel.csv,秦皇岛孟姐公寓,酒店住宿,其他,119.50442,39.833176,hotel
poi_hotel.csv,北戴河彤瑶民宿酒店,酒店住宿,其他,119.504069,39.827021,hotel
poi_hotel.csv,北戴河久壹观海公寓,酒店住宿,其他,119.499742,39.832337,hotel
poi_hotel.csv,秦皇岛鑫海源公寓,酒店住宿,其他,119.500501,39.832903,hotel
poi_hotel.csv,北戴河拾光后海公寓,酒店住宿,其他,119.504708,39.833192,hotel
poi_hotel.csv,秦皇岛芷晴2008公寓,酒店住宿,其他,119.500246,39.833005,hotel
poi_hotel.csv,北戴河客徕公寓,酒店住宿,其他,119.499755,39.832315,hotel
poi_hotel.csv,北戴河全全民宿,酒店住宿,其他,119.504658,39.832318,hotel
poi_hotel.csv,日光海酒店,酒店住宿,舒适型酒店,119.500231,39.827038,hotel
poi_hotel.csv,彤瑶主题酒店,酒店住宿,其他,119.503929,39.827201,hotel
poi_hotel.csv,北戴河客悦来公寓,酒店住宿,舒适型酒店,119.499804,39.832282,hotel
poi_hotel.csv,梦里花酒店式公寓,酒店住宿,舒适型酒店,119.504712,39.832714,hotel
poi_hotel.csv,秦皇岛北戴河家庭公寓66,酒店住宿,其他,119.500783,39.831634,hotel
poi_hotel.csv,幕巢酒店,酒店住宿,其他,119.504243,39.827091,hotel
poi_hotel.csv,秦皇岛天小屹公寓,酒店住宿,其他,119.504766,39.832732,hotel
poi_hotel.csv,秦皇岛可白可白公寓,酒店住宿,其他,119.501573,39.833054,hotel
poi_hotel.csv,北戴河爱之夏公寓,酒店住宿,其他,119.501446,39.833031000000005,hotel
poi_hotel.csv,秦皇岛天小屹公寓,酒店住宿,其他,119.504837,39.83272,hotel
poi_hotel.csv,麦比克酒店,酒店住宿,其他,119.50382,39.828613,hotel
poi_hotel.csv,美宿公寓,酒店住宿,其他,119.50442,39.833351,hotel
poi_hotel.csv,刘继超民宿酒店,酒店住宿,其他,119.50059,39.827561,hotel
poi_hotel.csv,如家华驿系列-北戴河刘庄爱友华驿豪华酒店,酒店住宿,其他,119.503712,39.828012,hotel
poi_hotel.csv,秦皇岛杨箭飞别墅,酒店住宿,其他,119.504783,39.831475,hotel
poi_hotel.csv,北戴河段家楼民宿酒店,酒店住宿,其他,119.503962,39.827036,hotel
poi_hotel.csv,北戴河宾至酒店,酒店住宿,舒适型酒店,119.500525,39.827453,hotel
poi_hotel.csv,北戴河刘爱琴酒店,酒店住宿,舒适型酒店,119.500169,39.828026,hotel
poi_hotel.csv,秦皇岛语汐漫时光精品公寓,酒店住宿,其他,119.504516,39.832981,hotel
poi_hotel.csv,小龙酒店,酒店住宿,舒适型酒店,119.504295,39.82722,hotel
poi_hotel.csv,晴天东海岸民宿,酒店住宿,其他,119.504497,39.832545,hotel
poi_hotel.csv,馨海家庭公寓,酒店住宿,其他,119.503835,39.828712,hotel
poi_hotel.csv,只为遇见你公寓,酒店住宿,其他,119.504828,39.831743,hotel
poi_hotel.csv,惜水阁公寓,酒店住宿,舒适型酒店,119.49982,39.832258,hotel
poi_hotel.csv,北戴河福禄星家庭公寓,酒店住宿,其他,119.504613,39.831256,hotel
poi_hotel.csv,秦皇岛小孟姐公寓,酒店住宿,其他,119.504562,39.832303,hotel
poi_hotel.csv,秦皇岛80后小夫妻公寓,酒店住宿,其他,119.500848,39.832987,hotel
poi_hotel.csv,秦皇岛王涵源41319公寓,酒店住宿,其他,119.499971,39.832256,hotel
poi_hotel.csv,秦皇岛北戴河修苒民宿酒店,酒店住宿,舒适型酒店,119.500177,39.82741,hotel
poi_hotel.csv,秦皇岛周冬仙公寓,酒店住宿,其他,119.504407,39.832199,hotel
poi_hotel.csv,秦皇岛好客阿勇公寓,酒店住宿,其他,119.504456,39.832261,hotel
poi_hotel.csv,秦皇岛北戴河喜居近海公寓,酒店住宿,其他,119.504758,39.831752,hotel
poi_hotel.csv,秦皇岛星光毅毅公寓,酒店住宿,其他,119.501753,39.833352,hotel
poi_hotel.csv,秦皇岛珍珠公寓,酒店住宿,其他,119.504439,39.832456,hotel
poi_hotel.csv,秦皇岛海浪之家普通公寓,酒店住宿,其他,119.504693,39.833125,hotel
poi_hotel.csv,秦皇岛北戴河海依恋民宿公寓,酒店住宿,其他,119.50475,39.831746,hotel
poi_hotel.csv,秦皇岛北戴河佑之家精品公寓,酒店住宿,其他,119.50448,39.833159,hotel
poi_hotel.csv,云海家庭公寓,酒店住宿,其他,119.501426,39.832287,hotel
poi_hotel.csv,秦皇岛北戴河客徕公寓,酒店住宿,其他,119.4998,39.832335,hotel
poi_hotel.csv,秦皇岛燕子海景房公寓,酒店住宿,其他,119.50471,39.82778,hotel
poi_hotel.csv,秦皇岛燕子海景房公寓,酒店住宿,其他,119.504676,39.827797,hotel
poi_hotel.csv,秦皇岛燕子海景房公寓,酒店住宿,其他,119.504705,39.827838,hotel
poi_hotel.csv,秦皇岛北戴河昕头公寓,酒店住宿,其他,119.504242,39.833197000000006,hotel
poi_hotel.csv,秦皇岛李春红公寓,酒店住宿,其他,119.504715,39.832103,hotel
poi_hotel.csv,秦皇岛猫头鹰的家普通公寓,酒店住宿,其他,119.504058,39.827605,hotel
poi_hotel.csv,秦皇岛梵星家庭公寓,酒店住宿,其他,119.503296,39.827284000000006,hotel
poi_hotel.csv,秦皇岛北戴河海窝度假公寓,酒店住宿,其他,119.504553,39.832167,hotel
poi_hotel.csv,秦皇岛阳光海湾客栈,酒店住宿,其他,119.504331,39.827224,hotel
poi_hotel.csv,秦皇岛北戴河高档轻奢主题公寓,酒店住宿,其他,119.504497,39.832148,hotel
poi_hotel.csv,秦皇岛金沙滩自助公寓,酒店住宿,其他,119.502885,39.83158,hotel
poi_hotel.csv,秦皇岛北戴河刘庄温馨两居室普通公寓,酒店住宿,其他,119.500979,39.832176,hotel
poi_hotel.csv,秦皇岛北戴河临海驿站家庭公寓,酒店住宿,其他,119.504554,39.832441,hotel
poi_hotel.csv,秦皇岛北戴河温馨自助公寓,酒店住宿,其他,119.504489,39.832508,hotel
poi_hotel.csv,秦皇岛北戴河近海自助公寓,酒店住宿,其他,119.504613,39.832431,hotel
poi_hotel.csv,龙旺近海公寓,酒店住宿,其他,119.500714,39.832944,hotel
poi_hotel.csv,秦皇岛御品星城近海公寓,酒店住宿,其他,119.499467,39.832958,hotel
poi_hotel.csv,北戴河海鑫源豪华酒店,酒店住宿,其他,119.493552,39.832625,hotel
poi_hotel.csv,北戴河歌华闲庭营地豪华酒店,酒店住宿,其他,119.495964,39.829301,hotel
poi_hotel.csv,北戴河惜水阁公寓,酒店住宿,其他,119.497282,39.833067,hotel
poi_hotel.csv,北戴河伐木累公寓,酒店住宿,其他,119.4958,39.833204,hotel
poi_hotel.csv,秦皇岛北戴河宿海公寓6号店,酒店住宿,其他,119.498232,39.830305,hotel
poi_hotel.csv,王铁艺术宫,酒店住宿,舒适型酒店,119.497043,39.828857,hotel
poi_hotel.csv,静美酒店,酒店住宿,其他,119.492653,39.830432,hotel
poi_hotel.csv,秦皇岛静海阁公寓,酒店住宿,其他,119.492675,39.833161,hotel
poi_hotel.csv,政霖酒店,酒店住宿,其他,119.49264,39.837485,hotel
poi_hotel.csv,长宏酒店,酒店住宿,其他,119.493877,39.835943,hotel
poi_hotel.csv,品艳酒店,酒店住宿,其他,119.49273,39.838033,hotel
poi_hotel.csv,芳海酒店,酒店住宿,舒适型酒店,119.493333,39.836556,hotel
poi_hotel.csv,北戴河烨烨酒店,酒店住宿,舒适型酒店,119.493106,39.838331,hotel
poi_hotel.csv,北戴河博泓酒店,酒店住宿,其他,119.495189,39.83454,hotel
poi_hotel.csv,米拉酒店,酒店住宿,其他,119.494822,39.836769,hotel
poi_hotel.csv,北戴河薄荷花园张晗公寓,酒店住宿,其他,119.495754,39.83681,hotel
poi_hotel.csv,秦皇岛北戴河韩峰酒店,酒店住宿,舒适型酒店,119.494551,39.836516,hotel
poi_hotel.csv,秦皇岛保林民宿酒店,酒店住宿,其他,119.4927,39.836677,hotel
poi_hotel.csv,家宏宾馆,酒店住宿,其他,119.492749,39.836696,hotel
poi_hotel.csv,北戴河君成之家民宿酒店,酒店住宿,其他,119.494536,39.837949,hotel
poi_hotel.csv,丽滨酒店,酒店住宿,舒适型酒店,119.493511,39.838162,hotel
poi_hotel.csv,北戴河佳冉旅馆,酒店住宿,其他,119.492547,39.837493,hotel
poi_hotel.csv,沐风小筑酒店,酒店住宿,其他,119.493953,39.834552,hotel
poi_hotel.csv,北戴河清馨民宿酒店,酒店住宿,舒适型酒店,119.492579,39.838364,hotel
poi_hotel.csv,吕玉珍民宿酒店,酒店住宿,舒适型酒店,119.493322,39.839161,hotel
poi_hotel.csv,秦皇岛小明同学公寓,酒店住宿,其他,119.495633,39.838234,hotel
poi_hotel.csv,银季豪华酒店,酒店住宿,其他,119.492678,39.83356,hotel
poi_hotel.csv,秦皇岛小妖精别墅,酒店住宿,其他,119.495921,39.839295,hotel
poi_hotel.csv,秦皇岛张小东公寓,酒店住宿,其他,119.496079,39.838011,hotel
poi_hotel.csv,秦皇岛热情娟姐公寓,酒店住宿,其他,119.495719,39.838501,hotel
poi_hotel.csv,秦皇岛樱桃丸子公寓,酒店住宿,其他,119.495585,39.8387,hotel
poi_hotel.csv,秦皇岛逸夫舍公寓,酒店住宿,其他,119.495202,39.837726,hotel
poi_hotel.csv,北戴河遇海听风公寓,酒店住宿,其他,119.494335,39.839171,hotel
poi_hotel.csv,北戴河心花向阳豪华酒店,酒店住宿,其他,119.49364,39.835085,hotel
poi_hotel.csv,秦皇岛洁子旅馆,酒店住宿,其他,119.495515,39.83637,hotel
poi_hotel.csv,秦皇岛曹馨月公寓,酒店住宿,其他,119.49477,39.839674,hotel
poi_hotel.csv,秦皇岛焱戊公寓,酒店住宿,其他,119.495735,39.839241,hotel
poi_hotel.csv,北戴河涛宇民宿,酒店住宿,其他,119.495358,39.836631,hotel
poi_hotel.csv,北戴河鹏海公寓,酒店住宿,其他,119.495741,39.837689,hotel
poi_hotel.csv,北戴河万禄小筑酒店,酒店住宿,舒适型酒店,119.49352,39.839197000000006,hotel
poi_hotel.csv,北戴河韩平酒店,酒店住宿,舒适型酒店,119.493408,39.837887,hotel
poi_hotel.csv,北戴河兴博民宿酒店,酒店住宿,舒适型酒店,119.49353,39.838151,hotel
poi_hotel.csv,胡坡民宿酒店,酒店住宿,舒适型酒店,119.493914,39.83953,hotel
poi_hotel.csv,OYO吉悦假日酒店,酒店住宿,其他,119.495466,39.836385,hotel
poi_hotel.csv,汝胜酒店,酒店住宿,舒适型酒店,119.493357,39.83653399999999,hotel
poi_hotel.csv,北戴河问讲公寓,酒店住宿,其他,119.494327,39.838432,hotel
poi_hotel.csv,花筑奢·栖舍酒店,酒店住宿,其他,119.493436,39.834497,hotel
poi_hotel.csv,北戴河乡村别墅式自助公寓,酒店住宿,其他,119.493537,39.838103,hotel
poi_hotel.csv,北戴河常晓跃酒店,酒店住宿,舒适型酒店,119.493977,39.839035,hotel
poi_hotel.csv,长斌酒店,酒店住宿,舒适型酒店,119.492941,39.8376,hotel
poi_hotel.csv,乐享民宿酒店,酒店住宿,舒适型酒店,119.49449,39.836064,hotel
poi_hotel.csv,建联监理北戴河招待所,酒店住宿,舒适型酒店,119.495203,39.833870000000005,hotel
poi_hotel.csv,盛荣酒店,酒店住宿,舒适型酒店,119.493745,39.837129,hotel
poi_hotel.csv,杨贺梅酒店,酒店住宿,舒适型酒店,119.494125,39.837289,hotel
poi_hotel.csv,冰僮旅馆,酒店住宿,舒适型酒店,119.493828,39.839438,hotel
poi_hotel.csv,遇见海公寓,酒店住宿,其他,119.495612,39.838642,hotel
poi_hotel.csv,秦皇岛浪漫一夏公寓,酒店住宿,其他,119.495749,39.837701,hotel
poi_hotel.csv,北戴河洪敏民宿酒店,酒店住宿,其他,119.493333,39.83643,hotel
poi_hotel.csv,北戴河薄荷民宿区,酒店住宿,其他,119.495574,39.836432,hotel
poi_hotel.csv,王艳洁酒店,酒店住宿,其他,119.494418,39.836084,hotel
poi_hotel.csv,秦皇岛薄荷庭中园刘俊公寓,酒店住宿,其他,119.494608,39.839447,hotel
poi_hotel.csv,格林豪泰智选酒店,酒店住宿,其他,119.49267,39.833719,hotel
poi_hotel.csv,秦皇岛盛荣别墅公寓,酒店住宿,其他,119.495149,39.838752,hotel
poi_hotel.csv,秦皇岛一嘉民宿,酒店住宿,其他,119.494428,39.839715,hotel
poi_hotel.csv,秦皇岛就不和你玩普通公寓,酒店住宿,其他,119.495567,39.838547,hotel
poi_hotel.csv,云朵拾光民宿,酒店住宿,其他,119.493951,39.834281,hotel
poi_hotel.csv,秦皇岛北戴河旭妹近海公寓,酒店住宿,其他,119.494963,39.837925,hotel
poi_hotel.csv,刘杰酒店,酒店住宿,舒适型酒店,119.494243,39.836605,hotel
poi_hotel.csv,秦皇岛北戴河晓丹公寓,酒店住宿,其他,119.496244,39.838252,hotel
poi_hotel.csv,秦皇岛北戴河迎荷民宿,酒店住宿,舒适型酒店,119.493808,39.838835,hotel
poi_hotel.csv,左邻右舍民宿,酒店住宿,其他,119.493742,39.837544,hotel
poi_hotel.csv,秦皇岛阿狸的幸福公寓,酒店住宿,其他,119.494271,39.833642000000005,hotel
poi_hotel.csv,秦皇岛奔跑的小薯条特色民宿,酒店住宿,其他,119.495628,39.838564,hotel
poi_hotel.csv,秦皇岛北戴河迎荷民宿-看海,酒店住宿,其他,119.493592,39.838994,hotel
poi_hotel.csv,秦皇岛北戴河随心民宿,酒店住宿,舒适型酒店,119.493588,39.837338,hotel
poi_hotel.csv,秦皇岛心无旁骛公寓,酒店住宿,其他,119.495816,39.83771,hotel
poi_hotel.csv,松阅轩酒店,酒店住宿,其他,119.494511,39.836698,hotel
poi_hotel.csv,北戴河怡海蓝湾近海公寓,酒店住宿,其他,119.504486,39.836302,hotel
poi_hotel.csv,小诺家庭公寓,酒店住宿,舒适型酒店,119.503334,39.837974,hotel
poi_hotel.csv,秦皇岛福海家庭公寓,酒店住宿,其他,119.504611,39.836372,hotel
poi_hotel.csv,北戴河她与海公寓,酒店住宿,其他,119.504209,39.838754,hotel
poi_hotel.csv,北戴河欣怡家庭公寓,酒店住宿,其他,119.504104,39.83553,hotel
poi_hotel.csv,悦来公寓,酒店住宿,其他,119.502999,39.834993,hotel
poi_hotel.csv,秦皇岛猎豹公寓,酒店住宿,其他,119.503493,39.839176,hotel
poi_hotel.csv,北戴河海之恋假日公寓,酒店住宿,其他,119.501027,39.834431,hotel
poi_hotel.csv,秦皇岛温馨临海公寓,酒店住宿,其他,119.504127,39.836511,hotel
poi_hotel.csv,北戴河鹏海公寓,酒店住宿,其他,119.501192,39.836253,hotel
poi_hotel.csv,秦皇岛灵眉公寓,酒店住宿,其他,119.503956,39.836407,hotel
poi_hotel.csv,北戴河海蓝之家公寓,酒店住宿,其他,119.504197,39.836322,hotel
poi_hotel.csv,秦皇岛王宝利公寓,酒店住宿,其他,119.504518,39.83516,hotel
poi_hotel.csv,秦皇岛郭先生公寓,酒店住宿,其他,119.501071,39.834479,hotel
poi_hotel.csv,秦皇岛宁馨家庭公寓,酒店住宿,其他,119.500724,39.833819,hotel
poi_hotel.csv,秦皇岛夏也也公寓,酒店住宿,其他,119.504655,39.836428000000005,hotel
poi_hotel.csv,秦皇岛临海舒适民宿酒店,酒店住宿,其他,119.504606,39.836439000000006,hotel
poi_hotel.csv,秦皇岛iHome公寓,酒店住宿,其他,119.504674,39.836378,hotel
poi_hotel.csv,北戴河嗨也嗨公寓,酒店住宿,其他,119.504643,39.836362,hotel
poi_hotel.csv,北戴河丽涛公寓,酒店住宿,其他,119.504577,39.836441,hotel
poi_hotel.csv,北戴河心语主题公寓,酒店住宿,其他,119.504641,39.836436,hotel
poi_hotel.csv,秦皇岛快乐家园民宿酒店,酒店住宿,其他,119.503414,39.836577,hotel
poi_hotel.csv,秦皇岛锡遥普通公寓,酒店住宿,其他,119.502352,39.834251,hotel
poi_hotel.csv,北戴河依海湾公寓,酒店住宿,其他,119.500876,39.833388,hotel
poi_hotel.csv,北戴河海蓝之家,酒店住宿,其他,119.503459,39.838825,hotel
poi_hotel.csv,秦皇岛晟烨公寓,酒店住宿,其他,119.504636,39.836381,hotel
poi_hotel.csv,秦皇岛李春红公寓,酒店住宿,其他,119.504584,39.83638,hotel
poi_hotel.csv,秦皇岛临海大公寓,酒店住宿,其他,119.50455,39.837091,hotel
poi_hotel.csv,秦皇岛小T公寓5号店,酒店住宿,其他,119.504594,39.836433,hotel
poi_hotel.csv,秦皇岛北戴河晨光公寓,酒店住宿,其他,119.504687,39.834492,hotel
poi_hotel.csv,秦皇岛安逸近海公寓,酒店住宿,其他,119.502455,39.837625,hotel
poi_hotel.csv,秦皇岛乐途民宿酒店,酒店住宿,其他,119.504374,39.839091,hotel
poi_hotel.csv,北戴河波波公寓2号店,酒店住宿,其他,119.504293,39.838852,hotel
poi_hotel.csv,秦皇岛一宅海宿公寓,酒店住宿,其他,119.50311,39.838684,hotel
poi_hotel.csv,北戴河爱上海精品公寓,酒店住宿,其他,119.504598,39.836383,hotel
poi_hotel.csv,秦皇岛碧海云居公寓,酒店住宿,其他,119.504151,39.838455,hotel
poi_hotel.csv,北戴河波波公寓,酒店住宿,其他,119.504271,39.8388,hotel
poi_hotel.csv,北戴河尚馨公寓,酒店住宿,其他,119.504526,39.83417,hotel
poi_hotel.csv,秦皇岛春秋花园公寓,酒店住宿,其他,119.504577,39.836402,hotel
poi_hotel.csv,北戴河诚信公寓,酒店住宿,其他,119.503503,39.838024,hotel
poi_hotel.csv,秦皇岛李军公寓,酒店住宿,其他,119.504705,39.838558000000006,hotel
poi_hotel.csv,秦皇岛滨海园公寓,酒店住宿,其他,119.504744,39.834156,hotel
poi_hotel.csv,秦皇岛优觅UME公寓,酒店住宿,其他,119.504739,39.837029,hotel
poi_hotel.csv,无锡Zan家公寓,酒店住宿,其他,119.503476,39.838041,hotel
poi_hotel.csv,秦皇岛美丽逸栈公寓,酒店住宿,其他,119.500172,39.834222,hotel
poi_hotel.csv,秦皇岛馨儿公寓,酒店住宿,其他,119.504642,39.836377,hotel
poi_hotel.csv,北戴河小刘公寓,酒店住宿,其他,119.502381,39.837392,hotel
poi_hotel.csv,北戴河驿旅阳光公寓,酒店住宿,其他,119.501178,39.836091,hotel
poi_hotel.csv,秦皇岛小T公寓,酒店住宿,其他,119.50444,39.839539,hotel
poi_hotel.csv,秦皇岛北戴河休闲度假公寓,酒店住宿,其他,119.504558,39.833523,hotel
poi_hotel.csv,北戴河鹏海公寓,酒店住宿,其他,119.503819,39.835123,hotel
poi_hotel.csv,北戴河休闲公寓,酒店住宿,其他,119.502021,39.837385,hotel
poi_hotel.csv,北戴河观海听涛公寓,酒店住宿,其他,119.503304,39.836973,hotel
poi_hotel.csv,秦皇岛沐曦近海家庭公寓,酒店住宿,其他,119.503134,39.837964,hotel
poi_hotel.csv,秦皇岛俊丽北欧轻奢公寓,酒店住宿,其他,119.502397,39.834526,hotel
poi_hotel.csv,北戴河小百合公寓,酒店住宿,其他,119.503343,39.837985,hotel
poi_hotel.csv,秦皇岛同家公寓,酒店住宿,其他,119.502328,39.834292000000005,hotel
poi_hotel.csv,北戴河鸽子窝赶海公寓,酒店住宿,其他,119.502971,39.835879000000006,hotel
poi_hotel.csv,秦皇岛北戴河宁宁公寓,酒店住宿,其他,119.503046,39.834968,hotel
poi_hotel.csv,北戴河浪淘沙自助公寓,酒店住宿,其他,119.502026,39.834981,hotel
poi_hotel.csv,北戴河鸽子窝观海鑫鑫公寓,酒店住宿,其他,119.503251,39.838801,hotel
poi_hotel.csv,秦皇岛赤土小镇公寓,酒店住宿,其他,119.502883,39.838755,hotel
poi_hotel.csv,映海民宿,酒店住宿,其他,119.500899,39.834188,hotel
poi_hotel.csv,青岩公寓,酒店住宿,其他,119.500511,39.833898,hotel
poi_hotel.csv,秦皇岛北戴河安居温馨公寓,酒店住宿,其他,119.50424,39.838722,hotel
poi_hotel.csv,北戴河1798爱情海轻奢公寓,酒店住宿,其他,119.504664,39.836384,hotel
poi_hotel.csv,北戴河小郭家庭公寓,酒店住宿,其他,119.502499,39.835672,hotel
poi_hotel.csv,北戴河鸽子窝近海房东公寓,酒店住宿,其他,119.504568,39.836407,hotel
poi_hotel.csv,海英公寓,酒店住宿,其他,119.50403,39.837072,hotel
poi_hotel.csv,雅途公寓,酒店住宿,其他,119.500915,39.834116,hotel
poi_hotel.csv,北戴河小逸公寓,酒店住宿,其他,119.504203,39.836559,hotel
poi_hotel.csv,秦皇岛海天一色公寓,酒店住宿,其他,119.503454,39.83804,hotel
poi_hotel.csv,北戴河鸿宇家庭公寓,酒店住宿,其他,119.504096,39.837063,hotel
poi_hotel.csv,秦皇岛北戴河海阳公寓7号店,酒店住宿,其他,119.503274,39.837078,hotel
poi_hotel.csv,北戴河庆庆家庭公寓,酒店住宿,其他,119.504508,39.83712,hotel
poi_hotel.csv,北戴河庆庆家庭公寓,酒店住宿,其他,119.504592,39.836567,hotel
poi_hotel.csv,时岚忆海民宿酒店,酒店住宿,其他,119.503438,39.838769,hotel
poi_hotel.csv,秦皇岛芳草公寓,酒店住宿,舒适型酒店,119.504595,39.833462,hotel
poi_hotel.csv,北戴河民宿酒店,酒店住宿,舒适型酒店,119.502334,39.838049,hotel
poi_hotel.csv,秦皇岛寻海听浪公寓,酒店住宿,其他,119.502445,39.834438,hotel
poi_hotel.csv,秦皇岛窦梅公寓,酒店住宿,其他,119.503543,39.834923,hotel
poi_hotel.csv,秦皇岛雪儿家庭公寓,酒店住宿,其他,119.50463,39.836956,hotel
poi_hotel.csv,秦皇岛桐祺宝宝公寓,酒店住宿,舒适型酒店,119.502206,39.834282,hotel
poi_hotel.csv,秦皇岛谢帅公寓,酒店住宿,其他,119.502667,39.838113,hotel
poi_hotel.csv,秦皇岛雅芳近海公寓,酒店住宿,其他,119.500928,39.833505,hotel
poi_hotel.csv,秦皇岛超意品牌公寓,酒店住宿,其他,119.500683,39.833618,hotel
poi_hotel.csv,秦皇岛恬恬公寓,酒店住宿,其他,119.503481,39.835611,hotel
poi_hotel.csv,北戴河海缘公寓,酒店住宿,其他,119.500947,39.834121,hotel
poi_hotel.csv,秦皇岛小T公寓,酒店住宿,其他,119.504781,39.836703,hotel
poi_hotel.csv,北戴河海边丽丽公寓,酒店住宿,其他,119.500931,39.83414,hotel
poi_hotel.csv,秦皇岛灵灵公寓,酒店住宿,其他,119.504374,39.837274,hotel
poi_hotel.csv,秦皇岛飞舞的蝴蝶公寓,酒店住宿,其他,119.504715,39.83642,hotel
poi_hotel.csv,秦皇岛孙楠楠公寓,酒店住宿,其他,119.504575,39.836396,hotel
poi_hotel.csv,秦皇岛途友家庭公寓,酒店住宿,其他,119.503754,39.838955,hotel
poi_hotel.csv,北戴河赤公馆精品度假公寓,酒店住宿,其他,119.503486,39.836585,hotel
poi_hotel.csv,秦皇岛大隐于市公寓,酒店住宿,其他,119.502132,39.835031,hotel
poi_hotel.csv,威客家庭公寓,酒店住宿,其他,119.504552,39.833487000000005,hotel
poi_hotel.csv,秦皇岛用户5469比家美公寓,酒店住宿,其他,119.500358,39.83516,hotel
poi_hotel.csv,秦皇岛浪漫蒲公英公寓,酒店住宿,其他,119.504508,39.834207000000006,hotel
poi_hotel.csv,北戴河鹏海公寓,酒店住宿,其他,119.501181,39.836195,hotel
poi_hotel.csv,秦皇岛北戴河近海公寓1,酒店住宿,其他,119.502047,39.834277,hotel
poi_hotel.csv,秦皇岛北戴河刘庄家庭公寓1号,酒店住宿,其他,119.501164,39.833497,hotel
poi_hotel.csv,秦皇岛刘庄公寓,酒店住宿,其他,119.5034,39.835316000000006,hotel
poi_hotel.csv,秦皇岛培培公寓,酒店住宿,其他,119.502524,39.837923,hotel
poi_hotel.csv,秦皇岛北戴河快乐旅途公寓,酒店住宿,其他,119.50336,39.838011,hotel
poi_hotel.csv,秦皇岛北戴河途友度假公寓,酒店住宿,舒适型酒店,119.503465,39.839243,hotel
poi_hotel.csv,秦皇岛阿白公寓,酒店住宿,其他,119.503246,39.837161,hotel
poi_hotel.csv,北戴河小逸公寓,酒店住宿,其他,119.504748,39.838512,hotel
poi_hotel.csv,秦皇岛楠楠温馨家庭公寓,酒店住宿,其他,119.503394,39.837686000000005,hotel
poi_hotel.csv,秦皇岛金色沙滩公寓,酒店住宿,其他,119.50448,39.833851,hotel
poi_hotel.csv,秦皇岛谢谢天天之家公寓,酒店住宿,其他,119.502577,39.83752,hotel
poi_hotel.csv,秦皇岛北戴河山海亭民宿酒店,酒店住宿,其他,119.502156,39.837415,hotel
poi_hotel.csv,iHome公寓,酒店住宿,其他,119.50097,39.834125,hotel
poi_hotel.csv,秦皇岛叫我小洋就行公寓,酒店住宿,其他,119.50463,39.835669,hotel
poi_hotel.csv,秦皇岛笑笑温馨家庭公寓,酒店住宿,其他,119.504334,39.839256,hotel
poi_hotel.csv,北戴河赤山少爷家庭公寓,酒店住宿,其他,119.502337,39.837355,hotel
poi_hotel.csv,秦皇岛海韵昕居度假公寓,酒店住宿,其他,119.501205,39.835044,hotel
poi_hotel.csv,秦皇岛小马奔腾6966公寓,酒店住宿,其他,119.502553,39.836892,hotel
poi_hotel.csv,北戴河小韩家庭公寓,酒店住宿,其他,119.504505,39.836472,hotel
poi_hotel.csv,秦皇岛北戴河海与情精品公寓,酒店住宿,其他,119.503355,39.83678,hotel
poi_hotel.csv,秦皇岛北戴河民宿多种风格,酒店住宿,其他,119.504476,39.833816,hotel
poi_hotel.csv,周斌斌的公寓,酒店住宿,其他,119.504129,39.837867,hotel
poi_hotel.csv,北戴河了了家的公寓5号店,酒店住宿,舒适型酒店,119.502474,39.838131,hotel
poi_hotel.csv,秦皇岛刘思淼妈妈公寓,酒店住宿,其他,119.504357,39.836824,hotel
poi_hotel.csv,秦皇岛孟女士公寓,酒店住宿,其他,119.502729,39.834701,hotel
poi_hotel.csv,秦皇岛诗凡家公寓,酒店住宿,其他,119.504598,39.836408,hotel
poi_hotel.csv,阳光海岸公寓,酒店住宿,其他,119.500683,39.835465,hotel
poi_hotel.csv,北戴河欣怡家庭公寓,酒店住宿,其他,119.504688,39.83823,hotel
poi_hotel.csv,秦皇岛北戴河听海度假公寓,酒店住宿,其他,119.504603,39.836445,hotel
poi_hotel.csv,秦皇岛北戴河小逸近海公寓,酒店住宿,其他,119.504143,39.836577,hotel
poi_hotel.csv,秦皇岛滨海小区度假公寓,酒店住宿,舒适型酒店,119.503953,39.835145,hotel
poi_hotel.csv,浪淘沙公寓,酒店住宿,其他,119.502035,39.835008,hotel
poi_hotel.csv,秦皇岛北戴河贰姑娘民宿,酒店住宿,其他,119.504657,39.836374,hotel
poi_hotel.csv,秀冬公寓,酒店住宿,其他,119.503589,39.836507,hotel
poi_hotel.csv,昆鹏公寓,酒店住宿,其他,119.502405,39.836925,hotel
poi_hotel.csv,爱家精装家庭公寓,酒店住宿,其他,119.503242,39.838983,hotel
poi_hotel.csv,秦皇岛90后热情小房东公寓,酒店住宿,其他,119.503233,39.83891,hotel
poi_hotel.csv,秦皇岛旅途之友公寓,酒店住宿,其他,119.504617,39.836451,hotel
poi_hotel.csv,秦皇岛刘庄两室两厅公寓,酒店住宿,其他,119.500993,39.834135,hotel
poi_hotel.csv,秦皇岛旅途之友公寓,酒店住宿,其他,119.50451,39.833857,hotel
poi_hotel.csv,秦皇岛左艾维秘公寓,酒店住宿,其他,119.503448,39.839214,hotel
poi_hotel.csv,秦皇岛可艾家庭公寓,酒店住宿,其他,119.504798,39.836373,hotel
poi_hotel.csv,秦皇岛芳草5673公寓,酒店住宿,其他,119.504589,39.83348,hotel
poi_hotel.csv,秦皇岛金碧辉煌公寓,酒店住宿,其他,119.500706,39.833638,hotel
poi_hotel.csv,秦皇岛姜姐家庭公寓,酒店住宿,其他,119.502715,39.835764,hotel
poi_hotel.csv,秦皇岛杨子公寓,酒店住宿,其他,119.503459,39.835331,hotel
poi_hotel.csv,秦皇岛北戴河777公寓,酒店住宿,其他,119.500985,39.834181,hotel
poi_hotel.csv,秦皇岛途掌柜114456精品民宿酒店,酒店住宿,其他,119.50093,39.834106,hotel
poi_hotel.csv,秦皇岛途掌柜114410精品民宿酒店,酒店住宿,其他,119.500964,39.834112000000005,hotel
poi_hotel.csv,秦皇岛海天一色特色民宿,酒店住宿,其他,119.503476,39.837963,hotel
poi_hotel.csv,赤山少爷家庭公寓,酒店住宿,其他,119.502541,39.837175,hotel
poi_hotel.csv,秦皇岛北戴河胖姐公寓,酒店住宿,其他,119.504645,39.836746,hotel
poi_hotel.csv,秦皇岛北戴河小娜公寓,酒店住宿,其他,119.504694,39.835275,hotel
poi_hotel.csv,秦皇岛北戴河海居近海家庭公寓,酒店住宿,其他,119.504657,39.83643,hotel
poi_hotel.csv,坤然之家公寓,酒店住宿,其他,119.504746,39.836739,hotel
poi_hotel.csv,杨女士公寓,酒店住宿,其他,119.500266,39.834691,hotel
poi_hotel.csv,秦皇岛北戴河世纪海岸度假公寓,酒店住宿,其他,119.504095,39.837321,hotel
poi_hotel.csv,清凉一夏家庭公寓,酒店住宿,其他,119.503316,39.83769,hotel
poi_hotel.csv,秦皇岛杨英兰公寓,酒店住宿,其他,119.504226,39.838764000000005,hotel
poi_hotel.csv,秦皇岛下一刻北戴河公寓,酒店住宿,其他,119.504652,39.836357,hotel
poi_hotel.csv,秦皇岛北戴河近海家庭公寓,酒店住宿,舒适型酒店,119.502076,39.833946000000005,hotel
poi_hotel.csv,秦皇岛海洋优质公寓分店,酒店住宿,其他,119.504562,39.833489,hotel
poi_hotel.csv,秦皇岛唯爱.公寓,酒店住宿,其他,119.504698,39.836481,hotel
poi_hotel.csv,北戴河鸽子窝贝壳海公寓,酒店住宿,其他,119.501924,39.833631,hotel
poi_hotel.csv,秦皇岛隐匿之家小岛民宿,酒店住宿,其他,119.504675,39.83643,hotel
poi_hotel.csv,秦皇岛北戴河睿晟度假公寓,酒店住宿,其他,119.504674,39.836374,hotel
poi_hotel.csv,秦皇岛北戴河刚子家庭公寓,酒店住宿,其他,119.504147,39.836334,hotel
poi_hotel.csv,秦皇岛北戴河越儿近海公寓,酒店住宿,舒适型酒店,119.504722,39.838587,hotel
poi_hotel.csv,秦皇岛北戴河爱情海主题民宿,酒店住宿,其他,119.504623,39.836394,hotel
poi_hotel.csv,A北戴河尚馨公寓,酒店住宿,其他,119.504605,39.834112,hotel
poi_hotel.csv,yyy小燕子民宿,酒店住宿,其他,119.504338,39.839085,hotel
poi_hotel.csv,秦皇岛北戴河小杜公寓,酒店住宿,其他,119.501263,39.83416,hotel
poi_hotel.csv,秦皇岛北戴河天天公寓,酒店住宿,其他,119.503954,39.838532,hotel
poi_hotel.csv,秦皇岛雨豪之家普通公寓,酒店住宿,其他,119.5034,39.838276,hotel
poi_hotel.csv,秦皇岛十二是只猫公寓,酒店住宿,其他,119.504403,39.833861,hotel
poi_hotel.csv,秦皇岛海舍汐畔公寓,酒店住宿,其他,119.500918,39.834118,hotel
poi_hotel.csv,秦皇岛北戴河徐俊平民宿,酒店住宿,其他,119.502597,39.837944,hotel
poi_hotel.csv,云蕾家庭公寓,酒店住宿,其他,119.504787,39.838053,hotel
poi_hotel.csv,秦皇岛北戴河滨海小区近海公寓,酒店住宿,其他,119.501162,39.833632,hotel
poi_hotel.csv,秦皇岛北戴河初夏清凉一季公寓,酒店住宿,其他,119.504335,39.837366,hotel
poi_hotel.csv,秦皇岛语汐漫时光精品公寓,酒店住宿,其他,119.502935,39.836714,hotel
poi_hotel.csv,秦皇岛北戴河云艾尚海岛家庭公寓,酒店住宿,其他,119.504815,39.83673,hotel
poi_hotel.csv,北戴河畅心居公寓,酒店住宿,舒适型酒店,119.503192,39.838359,hotel
poi_hotel.csv,秦皇岛刘先生特色民宿,酒店住宿,其他,119.501963,39.833569,hotel
poi_hotel.csv,秦皇岛东海岸青青公寓位置好的临海公寓,酒店住宿,其他,119.502675,39.837435,hotel
poi_hotel.csv,北戴河崇学宾馆,酒店住宿,其他,119.501125,39.843473,hotel
poi_hotel.csv,英伦马术木屋豪华酒店,酒店住宿,其他,119.501557,39.842689,hotel
poi_hotel.csv,北戴河滢滢公寓,酒店住宿,其他,119.499094,39.84107,hotel
poi_hotel.csv,赛福酒店,酒店住宿,其他,119.500634,39.845356,hotel
poi_hotel.csv,秦皇岛金梦海湾精品客栈,酒店住宿,舒适型酒店,119.500603,39.845581,hotel
poi_hotel.csv,雪峰酒店,酒店住宿,舒适型酒店,119.493308,39.844965,hotel
poi_hotel.csv,翠园酒店,酒店住宿,其他,119.492642,39.845941,hotel
poi_hotel.csv,秦皇岛天明宇亮公寓,酒店住宿,其他,119.495219,39.840485,hotel
poi_hotel.csv,秦皇岛宋国顺公寓,酒店住宿,舒适型酒店,119.492481,39.845576,hotel
poi_hotel.csv,景利酒店,酒店住宿,其他,119.492814,39.845891,hotel
poi_hotel.csv,同家酒店,酒店住宿,其他,119.493432,39.845619,hotel
poi_hotel.csv,秦皇岛北戴河盼盼自助公寓,酒店住宿,其他,119.494308,39.840069,hotel
poi_hotel.csv,海墅民宿酒店,酒店住宿,舒适型酒店,119.493426,39.845054,hotel
poi_hotel.csv,寒冬别墅,酒店住宿,其他,119.494183,39.840957,hotel
poi_hotel.csv,利芬酒店,酒店住宿,舒适型酒店,119.492865,39.845864,hotel
poi_hotel.csv,李兴林酒店,酒店住宿,舒适型酒店,119.492968,39.842037,hotel
poi_hotel.csv,绍文酒店,酒店住宿,舒适型酒店,119.493657,39.845113,hotel
poi_hotel.csv,北戴河薄荷花园家庭公寓,酒店住宿,其他,119.495355,39.840403,hotel
poi_hotel.csv,秦皇岛宿宿7731公寓,酒店住宿,其他,119.642146,39.930998,hotel
poi_hotel.csv,乐乐玲玲家公寓,酒店住宿,其他,119.63625,39.931376,hotel
poi_hotel.csv,秦皇岛小岛港湾公寓,酒店住宿,其他,119.631727,39.931546,hotel
poi_hotel.csv,秦皇岛房东妍妍1公寓,酒店住宿,其他,119.630274,39.93651800000001,hotel
poi_hotel.csv,秦皇岛海滨城市之家公寓,酒店住宿,其他,119.6373,39.947959,hotel
poi_hotel.csv,海港明珠公寓,酒店住宿,其他,119.641429,39.943665,hotel
poi_hotel.csv,秦皇岛一米六一公寓,酒店住宿,其他,119.63974,39.946053,hotel
poi_hotel.csv,秦皇岛明珠民宿酒店,酒店住宿,其他,119.639686,39.946045,hotel
poi_hotel.csv,秦皇岛小景图兔兔图图公寓,酒店住宿,其他,119.641565,39.948509,hotel
poi_hotel.csv,秦皇岛海景公寓别墅,酒店住宿,其他,119.633787,39.94654,hotel
poi_hotel.csv,秦皇岛海景公寓手机收售,酒店住宿,其他,119.633818,39.946474,hotel
poi_hotel.csv,秦皇岛新亚酒店,酒店住宿,舒适型酒店,119.605017,39.924582,hotel
poi_hotel.csv,秦皇岛乐来快捷酒店,酒店住宿,其他,119.60691,39.929207,hotel
poi_hotel.csv,昱湾快捷酒店,酒店住宿,其他,119.605884,39.929561,hotel
poi_hotel.csv,秦皇岛海誓近海简约一居公寓,酒店住宿,其他,119.611451,39.924749,hotel
poi_hotel.csv,澄江酒店,酒店住宿,其他,119.627262,39.930828000000005,hotel
poi_hotel.csv,秦皇岛比家美快捷酒店,酒店住宿,舒适型酒店,119.626132,39.934628,hotel
poi_hotel.csv,东港酒店,酒店住宿,其他,119.62407,39.930829,hotel
poi_hotel.csv,秦皇岛江涛酒店,酒店住宿,其他,119.627306,39.930549,hotel
poi_hotel.csv,广禄酒店,酒店住宿,舒适型酒店,119.625505,39.933602,hotel
poi_hotel.csv,秦皇岛如约旅馆,酒店住宿,舒适型酒店,119.625227,39.933069,hotel
poi_hotel.csv,合鑫酒店,酒店住宿,舒适型酒店,119.62455,39.931145,hotel
poi_hotel.csv,秦皇岛东韵酒店,酒店住宿,舒适型酒店,119.622315,39.929664,hotel
poi_hotel.csv,慕迪电竞豪华酒店,酒店住宿,其他,119.621646,39.931766,hotel
poi_hotel.csv,洪洋快捷酒店,酒店住宿,其他,119.621582,39.931802,hotel
poi_hotel.csv,秦皇岛未来以来公寓,酒店住宿,其他,119.621664,39.942031,hotel
poi_hotel.csv,海东青豪华酒店,酒店住宿,其他,119.627738,39.938322,hotel
poi_hotel.csv,秦皇岛红光宜居近海公寓,酒店住宿,其他,119.62838,39.942385,hotel
poi_hotel.csv,秦皇岛-海-公寓,酒店住宿,其他,119.626697,39.942578,hotel
poi_hotel.csv,秦皇岛刘小沐公寓,酒店住宿,其他,119.617529,39.947469,hotel
poi_hotel.csv,秦皇岛临河公寓,酒店住宿,其他,119.619457,39.94587,hotel
poi_hotel.csv,怡家海景公寓,酒店住宿,其他,119.558305,39.915303,hotel
poi_hotel.csv,远洋270度海景公寓,酒店住宿,其他,119.55851,39.915445,hotel
poi_hotel.csv,秦皇岛奥体海景公寓,酒店住宿,其他,119.558593,39.915372,hotel
poi_hotel.csv,秦皇岛沿途风景观海公寓,酒店住宿,其他,119.557373,39.91493199999999,hotel
poi_hotel.csv,秦皇岛星光远方的家公寓,酒店住宿,其他,119.558441,39.915401,hotel
poi_hotel.csv,秦皇岛印象海景公寓联盟豪华酒店,酒店住宿,其他,119.558383,39.915318,hotel
poi_hotel.csv,秦皇岛创万家公寓,酒店住宿,其他,119.558394,39.915285,hotel
poi_hotel.csv,秦皇岛柏拉图式的爱情公寓,酒店住宿,其他,119.558336,39.915349000000006,hotel
poi_hotel.csv,秦皇岛小星星1226公寓,酒店住宿,其他,119.558401,39.915639,hotel
poi_hotel.csv,秦皇岛金梦海湾海景公寓,酒店住宿,其他,119.558349,39.915356,hotel
poi_hotel.csv,秦皇岛且慢民宿酒店,酒店住宿,其他,119.558181,39.915219,hotel
poi_hotel.csv,秦皇岛途家斯维登度假公寓,酒店住宿,其他,119.558322,39.915393,hotel
poi_hotel.csv,秦皇岛房东嘉怡公寓,酒店住宿,其他,119.557712,39.914975,hotel
poi_hotel.csv,秦皇岛提香海景公寓,酒店住宿,其他,119.55821,39.91531,hotel
poi_hotel.csv,秦皇岛张连绪公寓,酒店住宿,其他,119.558304,39.915453,hotel
poi_hotel.csv,秦皇岛乐屿公寓,酒店住宿,其他,119.557335,39.914931,hotel
poi_hotel.csv,远洋海世纪,酒店住宿,其他,119.557816,39.915035,hotel
poi_hotel.csv,海逸世家的民宿,酒店住宿,舒适型酒店,119.558629,39.91553,hotel
poi_hotel.csv,秦皇岛海逸世家海景家庭公寓,酒店住宿,其他,119.559437,39.915699,hotel
poi_hotel.csv,秦皇岛海舍汐畔公寓,酒店住宿,其他,119.558358,39.91539,hotel
poi_hotel.csv,秦皇岛梵一公寓,酒店住宿,其他,119.557263,39.914931,hotel
poi_hotel.csv,秦皇岛蔚蓝云阁公寓,酒店住宿,其他,119.557279,39.914961,hotel
poi_hotel.csv,秦皇岛悦享屿海彼岸观海公寓,酒店住宿,其他,119.557806,39.914933,hotel
poi_hotel.csv,秦皇岛殊恒公寓,酒店住宿,其他,119.55729,39.914905,hotel
poi_hotel.csv,秦皇岛喆薇民宿酒店,酒店住宿,其他,119.557395,39.914909,hotel
poi_hotel.csv,海时光民宿,酒店住宿,其他,119.557332,39.914886,hotel
poi_hotel.csv,秦皇岛熊逗公寓,酒店住宿,其他,119.55741,39.914958000000006,hotel
poi_hotel.csv,秦皇岛胡秀香公寓,酒店住宿,其他,119.557299,39.914912,hotel
poi_hotel.csv,秦皇岛龙门民宿酒店,酒店住宿,其他,119.557348,39.914879000000006,hotel
poi_hotel.csv,秦皇岛远洋海逸世家海景公寓,酒店住宿,其他,119.558246,39.915293000000005,hotel
poi_hotel.csv,秦皇岛卓悦酒店,酒店住宿,其他,119.562163,39.912602,hotel
poi_hotel.csv,秦皇岛秦皇国际海棠公寓,酒店住宿,其他,119.565551,39.910548000000006,hotel
poi_hotel.csv,秦皇国际无敌海景公寓,酒店住宿,舒适型酒店,119.565964,39.910366,hotel
poi_hotel.csv,秦皇岛·秦皇国际公寓,酒店住宿,其他,119.565045,39.910593,hotel
poi_hotel.csv,秦皇岛面朝大海公寓,酒店住宿,其他,119.566109,39.913212,hotel
poi_hotel.csv,金梦海湾拾光海度假公寓,酒店住宿,舒适型酒店,119.565294,39.910409,hotel
poi_hotel.csv,秦皇岛38号民宿酒店,酒店住宿,其他,119.566228,39.915548,hotel
poi_hotel.csv,秦皇岛檀丽娜公寓,酒店住宿,其他,119.565061,39.910438,hotel
poi_hotel.csv,秦皇岛千达公寓,酒店住宿,其他,119.565593,39.910545,hotel
poi_hotel.csv,秦皇岛小可爱文公寓,酒店住宿,其他,119.565387,39.910456,hotel
poi_hotel.csv,秦皇岛秦皇国际家庭海景公寓,酒店住宿,其他,119.565049,39.910503000000006,hotel
poi_hotel.csv,秦皇岛郭学民公寓,酒店住宿,其他,119.564603,39.910415,hotel
poi_hotel.csv,秦皇岛秦皇国际大海假日豪华酒店式公寓,酒店住宿,其他,119.565057,39.910411,hotel
poi_hotel.csv,秦皇岛途掌柜113999精品民宿酒店,酒店住宿,其他,119.564952,39.91037,hotel
poi_hotel.csv,秦皇岛途掌柜114363精品民宿酒店,酒店住宿,其他,119.56495,39.910412,hotel
poi_hotel.csv,秦皇岛chen特色民宿,酒店住宿,其他,119.565729,39.910525,hotel
poi_hotel.csv,秦皇岛如意山海豪华酒店,酒店住宿,高档型酒店,119.56518,39.917605,hotel
poi_hotel.csv,鲁秦商务酒店,酒店住宿,其他,119.56713,39.91794,hotel
poi_hotel.csv,云峰酒店,酒店住宿,其他,119.564382,39.918219,hotel
poi_hotel.csv,秦皇岛博维酒店,酒店住宿,舒适型酒店,119.557489,39.921177,hotel
poi_hotel.csv,快捷酒店,酒店住宿,其他,119.557598,39.921018,hotel
poi_hotel.csv,秦皇岛家圆民宿酒店,酒店住宿,舒适型酒店,119.55759,39.921426,hotel
poi_hotel.csv,滨海人家豪华酒店,酒店住宿,其他,119.599459,39.922042,hotel
poi_hotel.csv,布丁酒店,酒店住宿,舒适型酒店,119.596905,39.922163000000005,hotel
poi_hotel.csv,一一八酒店,酒店住宿,其他,119.596837,39.921934,hotel
poi_hotel.csv,都市118精选酒店,酒店住宿,其他,119.597012,39.92211,hotel
poi_hotel.csv,秦皇岛海港万枫豪华酒店,酒店住宿,其他,119.583913,39.928672,hotel
poi_hotel.csv,秦皇岛如梦初醒公寓,酒店住宿,其他,119.591831,39.929424,hotel
poi_hotel.csv,秦皇岛Krystal的小屋,酒店住宿,其他,119.591475,39.928823,hotel
poi_hotel.csv,秦皇岛宝宝公寓,酒店住宿,其他,119.58721,39.929245,hotel
poi_hotel.csv,秦皇岛王小欠儿公寓,酒店住宿,其他,119.586797,39.929658,hotel
poi_hotel.csv,秦皇岛Amy的观海小屋,酒店住宿,其他,119.593552,39.928829,hotel
poi_hotel.csv,秦皇岛明珠海景公寓,酒店住宿,其他,119.593372,39.92954,hotel
poi_hotel.csv,秦皇岛宝妈公寓,酒店住宿,其他,119.598529,39.926403,hotel
poi_hotel.csv,秦皇岛许素红公寓,酒店住宿,其他,119.601124,39.929286,hotel
poi_hotel.csv,秦皇岛彼海岸2016青年旅舍,酒店住宿,青旅,119.602746,39.928859,hotel
poi_hotel.csv,秦皇岛彼岸海旅馆,酒店住宿,青旅,119.602623,39.929162,hotel
poi_hotel.csv,宴友假日豪华酒店,酒店住宿,其他,119.603662,39.928986,hotel
poi_hotel.csv,秦皇岛金来旅店,酒店住宿,舒适型酒店,119.601363,39.929018,hotel
poi_hotel.csv,秦皇岛五月天宾馆二店,酒店住宿,其他,119.5883,39.942443,hotel
poi_hotel.csv,秦皇岛五月天宾馆二店,酒店住宿,舒适型酒店,119.588305,39.942515,hotel
poi_hotel.csv,和家酒店,酒店住宿,其他,119.56057,39.925126,hotel
poi_hotel.csv,汉庭酒店,酒店住宿,舒适型酒店,119.557248,39.927078,hotel
poi_hotel.csv,布丁连锁酒店,酒店住宿,舒适型酒店,119.557246,39.926058,hotel
poi_hotel.csv,秦皇岛豪威酒店,酒店住宿,其他,119.558176,39.923208,hotel
poi_hotel.csv,珠江道47号公寓,酒店住宿,舒适型酒店,119.55518,39.925138,hotel
poi_hotel.csv,秦皇岛先超达连锁豪华酒店,酒店住宿,其他,119.558416,39.925282,hotel
poi_hotel.csv,逅岛度假豪华酒店,酒店住宿,其他,119.556809,39.926739,hotel
poi_hotel.csv,H·设计·豪华酒店,酒店住宿,其他,119.557151,39.926771,hotel
poi_hotel.csv,秦皇岛弘熙上品商务豪华酒店,酒店住宿,其他,119.556783,39.925695,hotel
poi_hotel.csv,快捷酒店,酒店住宿,其他,119.557525,39.924593,hotel
poi_hotel.csv,好到家酒店,酒店住宿,其他,119.557961,39.92508,hotel
poi_hotel.csv,欧仑酒店,酒店住宿,其他,119.557967,39.92529,hotel
poi_hotel.csv,秦皇岛华逸酒店,酒店住宿,其他,119.558317,39.92568,hotel
poi_hotel.csv,如家酒店,酒店住宿,舒适型酒店,119.564699,39.923473,hotel
poi_hotel.csv,秦皇岛鸿福商务酒店,酒店住宿,其他,119.561704,39.924707,hotel
poi_hotel.csv,鸿福豪华酒店,酒店住宿,其他,119.565168,39.923259,hotel
poi_hotel.csv,如家华驿酒店,酒店住宿,其他,119.565163,39.923254,hotel
poi_hotel.csv,秦皇岛于晓玲珑公寓,酒店住宿,其他,119.567011,39.924094,hotel
poi_hotel.csv,7天酒店,酒店住宿,舒适型酒店,119.564661,39.923547,hotel
poi_hotel.csv,锦江之星,酒店住宿,舒适型酒店,119.556836,39.930958,hotel
poi_hotel.csv,秦皇岛佳家快捷酒店,酒店住宿,其他,119.556267,39.933603,hotel
poi_hotel.csv,有家假日酒店,酒店住宿,其他,119.555942,39.93313,hotel
poi_hotel.csv,观河旅馆,酒店住宿,舒适型酒店,119.556107,39.933373,hotel
poi_hotel.csv,志爽豪华酒店,酒店住宿,其他,119.556084,39.933804,hotel
poi_hotel.csv,秦皇岛云天海湾假日豪华酒店,酒店住宿,舒适型酒店,119.570587,39.923621,hotel
poi_hotel.csv,秦皇岛南南小站公寓,酒店住宿,其他,119.571061,39.923902000000005,hotel
poi_hotel.csv,秦皇岛格调豪华酒店式公寓,酒店住宿,其他,119.570977,39.923973,hotel
poi_hotel.csv,秦皇岛孙月公寓,酒店住宿,其他,119.571139,39.923542,hotel
poi_hotel.csv,秦皇岛Me家民宿,酒店住宿,其他,119.571055,39.923887,hotel
poi_hotel.csv,秦皇岛佳林嘛公寓,酒店住宿,其他,119.571021,39.923629,hotel
poi_hotel.csv,秦皇岛蓝星海湾公寓,酒店住宿,其他,119.570862,39.923693,hotel
poi_hotel.csv,秦皇岛克瑞斯公寓,酒店住宿,其他,119.571154,39.923553,hotel
poi_hotel.csv,秦皇岛夜色迷茫公寓,酒店住宿,其他,119.571116,39.923783,hotel
poi_hotel.csv,秦皇岛维多利亚海湾公寓,酒店住宿,其他,119.571093,39.923928,hotel
poi_hotel.csv,秦皇岛王艳青公寓,酒店住宿,其他,119.570651,39.923848,hotel
poi_hotel.csv,游乐民宿,酒店住宿,其他,119.571173,39.923503,hotel
poi_hotel.csv,秦皇岛临海玉龙湾公寓,酒店住宿,其他,119.577315,39.926103,hotel
poi_hotel.csv,秦皇岛董晶晶公寓,酒店住宿,其他,119.577392,39.925947,hotel
poi_hotel.csv,秦皇岛幸福豪华酒店式公寓,酒店住宿,其他,119.57727,39.926114,hotel
poi_hotel.csv,秦皇岛大隐民宿酒店,酒店住宿,舒适型酒店,119.574597,39.926847,hotel
poi_hotel.csv,秦皇岛方大拿海景民宿酒店,酒店住宿,其他,119.577357,39.926099,hotel
poi_hotel.csv,秦皇岛听海小舍,酒店住宿,其他,119.574213,39.927317,hotel
poi_hotel.csv,秦皇岛乐屿公寓,酒店住宿,其他,119.574431,39.926234,hotel
poi_hotel.csv,秦皇岛雅轩日租公寓,酒店住宿,其他,119.578443,39.926571,hotel
poi_hotel.csv,秦皇岛玉龙湾公寓,酒店住宿,其他,119.577352,39.926081,hotel
poi_hotel.csv,秦皇岛木子家的民宿酒店,酒店住宿,其他,119.579306,39.925830000000005,hotel
poi_hotel.csv,秦皇岛裴姐小住公寓,酒店住宿,其他,119.57808,39.925588000000005,hotel
poi_hotel.csv,秦皇岛持家小仙女公寓,酒店住宿,其他,119.576007,39.92506,hotel
poi_hotel.csv,秦皇岛蜜恋杨公寓,酒店住宿,其他,119.579169,39.927511,hotel
poi_hotel.csv,秦皇岛玉龙湾日租公寓,酒店住宿,其他,119.577163,39.926164,hotel
poi_hotel.csv,秦皇岛河北大街中段玉龙湾公寓,酒店住宿,其他,119.577953,39.926729,hotel
poi_hotel.csv,秦皇岛海怡学府公寓,酒店住宿,其他,119.57837,39.92745,hotel
poi_hotel.csv,秦皇岛房东小涂姐姐公寓,酒店住宿,其他,119.578338,39.927399,hotel
poi_hotel.csv,秦皇岛杨先生城市小年轻公寓,酒店住宿,其他,119.574524,39.932614,hotel
poi_hotel.csv,秦皇岛秦皇岛新澳海底世界清新雅间公寓,酒店住宿,其他,119.57453,39.932593,hotel
poi_hotel.csv,房东水哥哥公寓,酒店住宿,其他,119.56991,39.9364,hotel
poi_hotel.csv,秦皇岛润杨豪华酒店,酒店住宿,舒适型酒店,119.573772,39.946008,hotel
poi_hotel.csv,文景商务豪华酒店,酒店住宿,其他,119.578203,39.948399,hotel
poi_hotel.csv,秦皇岛老杨家自己的房公寓,酒店住宿,其他,119.578694,39.946845,hotel
poi_hotel.csv,恩赐酒店,酒店住宿,舒适型酒店,119.577279,39.947285,hotel
poi_hotel.csv,秦皇岛大学生日租公寓,酒店住宿,其他,119.575256,39.946257,hotel
poi_hotel.csv,捞福来豪华酒店,酒店住宿,其他,119.555359,39.943551,hotel
poi_hotel.csv,竹水谣·奢·碧水华庭度假豪华酒店,酒店住宿,其他,119.55814,39.944508,hotel
poi_hotel.csv,秦皇岛半岛日租公寓,酒店住宿,其他,119.523348,39.903248,hotel
poi_hotel.csv,秦皇岛半岛海景公寓,酒店住宿,其他,119.517919,39.903649,hotel
poi_hotel.csv,半岛初夏公寓,酒店住宿,舒适型酒店,119.522535,39.903125,hotel
poi_hotel.csv,秦皇岛贝壳小屋的房东,酒店住宿,其他,119.523293,39.902404,hotel
poi_hotel.csv,秦皇岛一间Home光公寓,酒店住宿,其他,119.522429,39.90203,hotel
poi_hotel.csv,秦皇岛半岛花苑公寓,酒店住宿,其他,119.517928,39.903641,hotel
poi_hotel.csv,秦皇岛祉妤妈妈公寓,酒店住宿,其他,119.523624,39.898422,hotel
poi_hotel.csv,秦皇岛华少公寓,酒店住宿,其他,119.524368,39.902368,hotel
poi_hotel.csv,秦皇岛视角公寓,酒店住宿,其他,119.523843,39.902033,hotel
poi_hotel.csv,秦皇岛北北的爸爸公寓,酒店住宿,其他,119.523817,39.898996,hotel
poi_hotel.csv,秦皇岛杨三公寓,酒店住宿,其他,119.523754,39.898984,hotel
poi_hotel.csv,秦皇岛荟.家一期一会公寓,酒店住宿,其他,119.524047,39.897767,hotel
poi_hotel.csv,秦皇岛原野家庭公寓,酒店住宿,其他,119.523546,39.898502,hotel
poi_hotel.csv,秦皇岛N+1天公寓,酒店住宿,其他,119.518144,39.904717,hotel
poi_hotel.csv,银锭楼家庭公寓,酒店住宿,其他,119.524357,39.910749,hotel
poi_hotel.csv,秦皇岛叮叮当当公寓,酒店住宿,其他,119.525276,39.919063,hotel
poi_hotel.csv,秦皇岛蔚蓝&民宿,酒店住宿,其他,119.52946,39.917706,hotel
poi_hotel.csv,秦皇岛诺凡之家公寓,酒店住宿,其他,119.507276,39.911958,hotel
poi_hotel.csv,秦皇岛诺凡之家公寓,酒店住宿,其他,119.513737,39.910809,hotel
poi_hotel.csv,秦皇岛静雅两居民宿,酒店住宿,其他,119.512888,39.911771,hotel
poi_hotel.csv,秦皇岛艾小样公寓,酒店住宿,其他,119.516489,39.92082,hotel
poi_hotel.csv,秦皇岛诺诺小诺公寓,酒店住宿,其他,119.516338,39.922255,hotel
poi_hotel.csv,小岛遇见公寓,酒店住宿,其他,119.508161,39.919022,hotel
poi_hotel.csv,英庄李家商务豪华酒店,酒店住宿,其他,119.531616,39.898694,hotel
poi_hotel.csv,金屋逸家,酒店住宿,其他,119.533059,39.897609,hotel
poi_hotel.csv,全季酒店,酒店住宿,其他,119.535125,39.898504,hotel
poi_hotel.csv,秦皇岛石榴小院,酒店住宿,舒适型酒店,119.533673,39.899947,hotel
poi_hotel.csv,秦皇岛雨星凝公寓,酒店住宿,舒适型酒店,119.534959,39.898597,hotel
poi_hotel.csv,秦皇岛米春山公寓,酒店住宿,其他,119.535193,39.898257,hotel
poi_hotel.csv,海景湾·yoho公寓,酒店住宿,其他,119.535945,39.898939,hotel
poi_hotel.csv,秦皇岛欧美学院两居公寓,酒店住宿,其他,119.534246,39.898442,hotel
poi_hotel.csv,秦皇岛悦海棠海景公寓,酒店住宿,其他,119.536145,39.899055,hotel
poi_hotel.csv,秦皇岛土豆皮儿公寓,酒店住宿,其他,119.536711,39.897868,hotel
poi_hotel.csv,秦皇岛奇妙约会公寓,酒店住宿,其他,119.536217,39.89838,hotel
poi_hotel.csv,秦皇岛诗阳公寓,酒店住宿,其他,119.536303,39.899259,hotel
poi_hotel.csv,秦皇岛纪广公寓,酒店住宿,其他,119.536064,39.89916,hotel
poi_hotel.csv,秦皇岛小白云公寓,酒店住宿,其他,119.536359,39.899119,hotel
poi_hotel.csv,秦皇岛磐石豪华酒店,酒店住宿,其他,119.541512,39.906652,hotel
poi_hotel.csv,秦皇岛陈晓杰观海公寓,酒店住宿,其他,119.545808,39.902726,hotel
poi_hotel.csv,秦皇岛宝华观海公寓,酒店住宿,其他,119.544557,39.901344,hotel
poi_hotel.csv,秦皇岛顺心如意公寓,酒店住宿,其他,119.544513,39.90141,hotel
poi_hotel.csv,樱桃快捷宾馆,酒店住宿,其他,119.542846,39.90332,hotel
poi_hotel.csv,秦皇岛享梦宾馆,酒店住宿,其他,119.543862,39.901522,hotel
poi_hotel.csv,秦皇岛海碧台海景公寓,酒店住宿,其他,119.546955,39.897717,hotel
poi_hotel.csv,秦皇岛演逸酒店,酒店住宿,其他,119.544184,39.900851,hotel
poi_hotel.csv,秦皇岛晓云海洋公寓,酒店住宿,其他,119.544189,39.900973,hotel
poi_hotel.csv,秦皇岛海珊瑚海景假日公寓豪华酒店,酒店住宿,其他,119.544275,39.898183,hotel
poi_hotel.csv,秦皇岛世纪海洋花园公寓,酒店住宿,其他,119.544988,39.901487,hotel
poi_hotel.csv,格林豪华酒店,酒店住宿,其他,119.547152,39.899113,hotel
poi_hotel.csv,秦皇岛马金彪公寓,酒店住宿,其他,119.546128,39.901075,hotel
poi_hotel.csv,尚宜居海景公寓,酒店住宿,其他,119.544547,39.90133,hotel
poi_hotel.csv,秦皇岛马金彪公寓,酒店住宿,其他,119.545352,39.901757,hotel
poi_hotel.csv,秦皇岛海洋花园公寓,酒店住宿,其他,119.545403,39.901832,hotel
poi_hotel.csv,秦皇岛可甜可盐公寓,酒店住宿,其他,119.547071,39.902065,hotel
poi_hotel.csv,秦皇岛温馨公寓,酒店住宿,其他,119.545352,39.902498,hotel
poi_hotel.csv,秦皇岛日月阿姨公寓,酒店住宿,其他,119.544585,39.902253,hotel
poi_hotel.csv,秦皇岛乐乐小舍,酒店住宿,其他,119.545633,39.901417,hotel
poi_hotel.csv,秦皇岛朝鲜族李家公寓,酒店住宿,其他,119.544543,39.90142,hotel
poi_hotel.csv,秦皇岛至道锐志公寓,酒店住宿,其他,119.544347,39.898221,hotel
poi_hotel.csv,秦皇岛世纪海洋花园3号楼公寓,酒店住宿,其他,119.544556,39.901392,hotel
poi_hotel.csv,秦皇岛王姐公寓,酒店住宿,其他,119.544514,39.902155,hotel
poi_hotel.csv,秦皇岛十一观海之家公寓,酒店住宿,其他,119.545389,39.897967,hotel
poi_hotel.csv,秦皇岛阳光精装修海景房普通公寓,酒店住宿,其他,119.544546,39.901176,hotel
poi_hotel.csv,秦皇岛世纪海洋花园家庭公寓,酒店住宿,其他,119.545414,39.901809,hotel
poi_hotel.csv,秦皇岛刘广权世纪海洋花园家庭公寓,酒店住宿,舒适型酒店,119.546576,39.902757,hotel
poi_hotel.csv,观海民宿酒店,酒店住宿,舒适型酒店,119.544525,39.900666,hotel
poi_hotel.csv,蓝天海景公寓,酒店住宿,其他,119.546573,39.902785,hotel
poi_hotel.csv,秦皇岛这厢有礼了公寓,酒店住宿,其他,119.546763,39.902314,hotel
poi_hotel.csv,秦皇岛民宿,酒店住宿,其他,119.545441,39.901794,hotel
poi_hotel.csv,秦皇岛寂静兰心公寓,酒店住宿,其他,119.546469,39.903006,hotel
poi_hotel.csv,秦皇岛欣晴1230公寓,酒店住宿,其他,119.544166,39.900888,hotel
poi_hotel.csv,秦皇岛赵德强公寓,酒店住宿,其他,119.546477,39.902806,hotel
poi_hotel.csv,秦皇岛ZLZ公寓,酒店住宿,其他,119.545388,39.901821000000005,hotel
poi_hotel.csv,秦皇岛李姐姐123公寓,酒店住宿,其他,119.544485,39.900764,hotel
poi_hotel.csv,秦皇岛咫尺渤海公寓,酒店住宿,舒适型酒店,119.546682,39.901811,hotel
poi_hotel.csv,放飞心声临海家庭公寓,酒店住宿,其他,119.546496,39.902802,hotel
poi_hotel.csv,秦皇岛燕山大学海边浴场33层观海公寓,酒店住宿,其他,119.54432,39.902032000000005,hotel
poi_hotel.csv,秦皇岛海洋花园家庭公寓2号店,酒店住宿,其他,119.544455,39.901115,hotel
poi_hotel.csv,秦皇岛聆听风海公寓,酒店住宿,其他,119.545761,39.902649,hotel
poi_hotel.csv,秦皇岛丽姐家庭公寓,酒店住宿,其他,119.544348,39.902263,hotel
poi_hotel.csv,秦皇岛瞰海世纪海洋花园公寓,酒店住宿,其他,119.545087,39.902308,hotel
poi_hotel.csv,秦皇岛海碧台海景家庭房公寓,酒店住宿,其他,119.54708,39.90052,hotel
poi_hotel.csv,秦皇岛世纪海洋花园公寓,酒店住宿,其他,119.544447,39.902364,hotel
poi_hotel.csv,秦皇岛世纪海洋花园公寓,酒店住宿,其他,119.542802,39.90334,hotel
poi_hotel.csv,诗朵公寓,酒店住宿,其他,119.545831,39.902699,hotel
poi_hotel.csv,秦皇岛春日部小宿出品公寓,酒店住宿,其他,119.544254,39.90092,hotel
poi_hotel.csv,秦皇岛阳光丽景董女士公寓,酒店住宿,其他,119.544355,39.902,hotel
poi_hotel.csv,秦皇岛华梦海景公寓,酒店住宿,其他,119.545312,39.898300000000006,hotel
poi_hotel.csv,秦皇岛世纪海洋花园海景公寓燕山大学店,酒店住宿,其他,119.546175,39.901232,hotel
poi_hotel.csv,瞰海高层世纪海洋花园公寓,酒店住宿,其他,119.545051,39.902307,hotel
poi_hotel.csv,秦皇岛世纪海洋花园公寓,酒店住宿,其他,119.545855,39.902654,hotel
poi_hotel.csv,菊兰香酒店,酒店住宿,舒适型酒店,119.544062,39.901114,hotel
poi_hotel.csv,秦皇岛世纪海洋花园星光家庭公寓,酒店住宿,其他,119.545457,39.901763,hotel
poi_hotel.csv,秦皇岛海平短租普通公寓,酒店住宿,其他,119.544432,39.901339,hotel
poi_hotel.csv,秦皇岛小葛海景公寓,酒店住宿,其他,119.545616,39.90199,hotel
poi_hotel.csv,秦皇岛微笑临海民宿酒店,酒店住宿,其他,119.54497,39.90136,hotel
poi_hotel.csv,秦皇岛世纪海洋花园嘉恩海景公寓,酒店住宿,其他,119.544923,39.902102,hotel
poi_hotel.csv,秦皇岛英盈海景公寓,酒店住宿,其他,119.545459,39.901929,hotel
poi_hotel.csv,温馨家庭公寓,酒店住宿,其他,119.545416,39.901774,hotel
poi_hotel.csv,秦皇岛冰爽临海家庭公寓,酒店住宿,其他,119.545471,39.90176,hotel
poi_hotel.csv,秦皇岛拾间海公寓,酒店住宿,其他,119.545431,39.901836,hotel
poi_hotel.csv,秦皇岛小岛海燕之家公寓,酒店住宿,其他,119.545391,39.901757,hotel
poi_hotel.csv,秦皇岛寂寞的人公寓,酒店住宿,其他,119.545453,39.90184,hotel
poi_hotel.csv,秦皇岛世纪海洋公寓,酒店住宿,其他,119.54538,39.901804,hotel
poi_hotel.csv,听心花宿,酒店住宿,其他,119.545433,39.901969,hotel
poi_hotel.csv,秦皇岛温馨公寓,酒店住宿,舒适型酒店,119.545052,39.901372,hotel
poi_hotel.csv,世纪海洋花园公寓,酒店住宿,其他,119.545402,39.90178,hotel
poi_hotel.csv,楠之屋公寓,酒店住宿,其他,119.545436,39.901823,hotel
poi_hotel.csv,秦皇岛顺心如意公寓,酒店住宿,其他,119.545429,39.901765,hotel
poi_hotel.csv,秦皇岛宣丹丹公寓,酒店住宿,其他,119.545455,39.901846,hotel
poi_hotel.csv,秦皇岛近海舒适公寓,酒店住宿,其他,119.545466,39.90154,hotel
poi_hotel.csv,秦皇岛观海公寓世纪海洋花园店,酒店住宿,其他,119.54478,39.9015,hotel
poi_hotel.csv,秦皇岛孟凡霞公寓,酒店住宿,其他,119.544719,39.901073,hotel
poi_hotel.csv,秦皇岛萫萫小栈旅馆,酒店住宿,其他,119.545398,39.901833,hotel
poi_hotel.csv,秦皇岛桃子民宿,酒店住宿,其他,119.545463,39.901745,hotel
poi_hotel.csv,秦皇岛恋海公寓,酒店住宿,其他,119.545445,39.901798,hotel
poi_hotel.csv,秦皇岛王哥公寓,酒店住宿,其他,119.544465,39.901329,hotel
poi_hotel.csv,秦皇岛杜悦明公寓,酒店住宿,其他,119.545122,39.901642,hotel
poi_hotel.csv,秦皇岛走走停停海景公寓,酒店住宿,其他,119.545387,39.901714000000005,hotel
poi_hotel.csv,秦皇岛香香回家小栈公寓,酒店住宿,其他,119.545451,39.901743,hotel
poi_hotel.csv,秦皇岛绿叶赛虎公寓,酒店住宿,其他,119.545429,39.901625,hotel
poi_hotel.csv,秦皇岛晓晨公寓,酒店住宿,其他,119.545405,39.901810000000005,hotel
poi_hotel.csv,秦皇岛知家家庭公寓,酒店住宿,其他,119.545423,39.901765,hotel
poi_hotel.csv,秦皇岛权华世纪海洋花园家庭公寓,酒店住宿,其他,119.544391,39.901124,hotel
poi_hotel.csv,秦皇岛金梦印象家庭海景公寓,酒店住宿,其他,119.545885,39.90176,hotel
poi_hotel.csv,秦皇岛旅途上的驿站民宿酒店,酒店住宿,其他,119.54505,39.901458000000005,hotel
poi_hotel.csv,秦皇岛丽新海景公寓,酒店住宿,其他,119.545531,39.902,hotel
poi_hotel.csv,秦皇岛吴晓荣观海公寓,酒店住宿,其他,119.545576,39.902028,hotel
poi_hotel.csv,秦皇岛喧嚣静怡公寓,酒店住宿,其他,119.551576,39.903128,hotel
poi_hotel.csv,秦皇岛海边儿的家豪华酒店式公寓,酒店住宿,其他,119.553414,39.903572,hotel
poi_hotel.csv,星辰民宿,酒店住宿,舒适型酒店,119.548795,39.900936,hotel
poi_hotel.csv,秦皇岛香玺海好好公寓,酒店住宿,其他,119.553389,39.903485,hotel
poi_hotel.csv,秦皇岛海碧台海景日租房公寓,酒店住宿,其他,119.550254,39.899783000000006,hotel
poi_hotel.csv,秦皇岛C位民宿酒店,酒店住宿,其他,119.549893,39.90062,hotel
poi_hotel.csv,秦皇岛青儿的家公寓,酒店住宿,其他,119.549927,39.900611,hotel
poi_hotel.csv,秦皇岛自由的鱼公寓,酒店住宿,其他,119.54914,39.900024,hotel
poi_hotel.csv,秦皇岛迷离公寓,酒店住宿,其他,119.549863,39.900573,hotel
poi_hotel.csv,朋来海景公寓,酒店住宿,其他,119.553418,39.903526,hotel
poi_hotel.csv,顺心如意公寓秦皇岛金湾环路店,酒店住宿,其他,119.550289,39.901503,hotel
poi_hotel.csv,桂林归禾公寓,酒店住宿,其他,119.550065,39.900625,hotel
poi_hotel.csv,秦皇岛文禾公寓,酒店住宿,其他,119.550896,39.90154,hotel
poi_hotel.csv,星辰民宿立夏·Sharon小姐的海神号,酒店住宿,舒适型酒店,119.549668,39.901135,hotel
poi_hotel.csv,尚客优连锁酒店,酒店住宿,舒适型酒店,119.54872,39.906825,hotel
poi_hotel.csv,秦皇岛木风豪华酒店,酒店住宿,其他,119.548582,39.907076,hotel
poi_hotel.csv,格林豪泰,酒店住宿,舒适型酒店,119.548936,39.905887,hotel
poi_hotel.csv,驿家365酒店,酒店住宿,舒适型酒店,119.548797,39.90688299999999,hotel
poi_hotel.csv,秦皇岛北欧风情家庭房公寓,酒店住宿,其他,119.553947,39.904819,hotel
poi_hotel.csv,秦皇岛海边短租公寓,酒店住宿,其他,119.549767,39.905444,hotel
poi_hotel.csv,秦皇岛善良张姨公寓,酒店住宿,其他,119.549597,39.904929,hotel
poi_hotel.csv,秦皇岛贾丽旅馆,酒店住宿,其他,119.551208,39.90460100000001,hotel
poi_hotel.csv,秦皇岛倾心文昌公寓,酒店住宿,其他,119.549478,39.905279,hotel
poi_hotel.csv,秦皇岛文昌里公寓,酒店住宿,其他,119.549441,39.905245,hotel
poi_hotel.csv,秦皇岛文昌里公寓,酒店住宿,其他,119.549497,39.905222,hotel
poi_hotel.csv,秦皇岛御品星程豪华酒店,酒店住宿,其他,119.547741,39.91619,hotel
poi_hotel.csv,秦皇岛创逸美居公寓,酒店住宿,其他,119.544442,39.913519,hotel
poi_hotel.csv,秘密空间公寓,酒店住宿,其他,119.544425,39.913178,hotel
poi_hotel.csv,秦域哆啦豪华酒店,酒店住宿,其他,119.546871,39.915445,hotel
poi_hotel.csv,秦皇岛mika公寓,酒店住宿,其他,119.542449,39.912603,hotel
poi_hotel.csv,星城公寓,酒店住宿,其他,119.546926,39.915481,hotel
poi_hotel.csv,秦皇岛振军公寓,酒店住宿,其他,119.54425,39.91354,hotel
poi_hotel.csv,秦皇岛小清新民宿酒店,酒店住宿,其他,119.544138,39.914751,hotel
poi_hotel.csv,秦皇岛爱尚小岛精品公寓,酒店住宿,其他,119.54235,39.912677,hotel
poi_hotel.csv,秦域哆啦电竞酒店,酒店住宿,舒适型酒店,119.546858,39.915414,hotel
poi_hotel.csv,秦皇岛芳芳公寓,酒店住宿,其他,119.545852,39.916204,hotel
poi_hotel.csv,温馨近海公寓,酒店住宿,其他,119.547607,39.916721,hotel
poi_hotel.csv,汐海之约主题客栈,酒店住宿,其他,119.544345,39.913535,hotel
poi_hotel.csv,秦皇岛秦双小栈公寓,酒店住宿,其他,119.544259,39.914832,hotel
poi_hotel.csv,秦皇岛喧嚣静怡公寓,酒店住宿,其他,119.54495,39.914326,hotel
poi_hotel.csv,秦皇岛mika人生几何公寓,酒店住宿,其他,119.547271,39.916414,hotel
poi_hotel.csv,秦皇岛琴阿姨的家公寓,酒店住宿,其他,119.545904,39.9161,hotel
poi_hotel.csv,秦皇岛奥体青年连锁公寓,酒店住宿,其他,119.552563,39.911715,hotel
poi_hotel.csv,秦皇岛郭学民公寓,酒店住宿,其他,119.551117,39.915608,hotel
poi_hotel.csv,秦皇岛公馆雅居公寓,酒店住宿,其他,119.551456,39.913471,hotel
poi_hotel.csv,秦皇岛宿宿7731公寓,酒店住宿,其他,119.554503,39.911559,hotel
poi_hotel.csv,大爱小屋,酒店住宿,其他,119.550385,39.917693,hotel
poi_hotel.csv,秦皇岛英公寓,酒店住宿,其他,119.552742,39.91932,hotel
poi_hotel.csv,秦皇岛杜鹃A公寓,酒店住宿,其他,119.55221,39.919223,hotel
poi_hotel.csv,秦皇岛意味之家公寓,酒店住宿,其他,119.552239,39.918472,hotel
poi_hotel.csv,秦皇岛方华公寓,酒店住宿,其他,119.553861,39.91968,hotel
poi_hotel.csv,f小米公寓,酒店住宿,其他,119.551044,39.918664,hotel
poi_hotel.csv,秦皇岛钰墅酒店,酒店住宿,其他,119.544961,39.917923,hotel
poi_hotel.csv,秦皇岛大爱小屋,酒店住宿,其他,119.546574,39.917431,hotel
poi_hotel.csv,秦皇岛大爱小屋,酒店住宿,其他,119.545853,39.917017,hotel
poi_hotel.csv,都市花园酒店,酒店住宿,其他,119.543822,39.91841,hotel
poi_hotel.csv,家庭公寓,酒店住宿,舒适型酒店,119.535767,39.914774,hotel
poi_hotel.csv,秦皇岛龙玖轰趴小墅公寓,酒店住宿,其他,119.53392,39.912803,hotel
poi_hotel.csv,秦皇岛燕大西苑公寓,酒店住宿,其他,119.534791,39.913052,hotel
poi_hotel.csv,秦皇岛在路上小岛之家公寓,酒店住宿,其他,119.53273,39.913791,hotel
poi_hotel.csv,秦皇岛燕大西园日租房,酒店住宿,其他,119.535839,39.914814,hotel
poi_hotel.csv,秦皇岛方圆百里峰回路转公寓,酒店住宿,其他,119.53461,39.914958,hotel
poi_hotel.csv,秦皇岛乔傲天公寓,酒店住宿,其他,119.535719,39.911924,hotel
poi_hotel.csv,秦皇岛星愿的小屋,酒店住宿,其他,119.535808,39.914782,hotel
poi_hotel.csv,蝉享小屋,酒店住宿,其他,119.534157,39.912559,hotel
poi_hotel.csv,星星看海公寓,酒店住宿,舒适型酒店,119.540914,39.914535,hotel
poi_hotel.csv,博贤观海公寓,酒店住宿,其他,119.541245,39.912829,hotel
poi_hotel.csv,海悦观海公寓,酒店住宿,其他,119.541884,39.913055,hotel
poi_hotel.csv,秦皇岛白塔公管公寓,酒店住宿,其他,119.541426,39.91304,hotel
poi_hotel.csv,秦皇岛赫禹公寓,酒店住宿,其他,119.539554,39.915886,hotel
poi_hotel.csv,秦皇岛可可是头猪别墅,酒店住宿,其他,119.537797,39.915561,hotel
poi_hotel.csv,秦皇岛心在流浪公寓,酒店住宿,其他,119.536741,39.913157,hotel
poi_hotel.csv,秦皇岛天天公寓,酒店住宿,其他,119.537006,39.911952,hotel
poi_hotel.csv,秦皇岛mika依然小筑,酒店住宿,舒适型酒店,119.540324,39.912805000000006,hotel
poi_hotel.csv,秦皇岛享要枕海公寓,酒店住宿,其他,119.541809,39.913822,hotel
poi_hotel.csv,秦皇岛mika人生几何公寓,酒店住宿,其他,119.540654,39.912846,hotel
poi_hotel.csv,大脸猫与蓝皮鼠公寓,酒店住宿,其他,119.54153,39.913299,hotel
poi_hotel.csv,言喆城宿公寓,酒店住宿,其他,119.538652,39.916015,hotel
poi_hotel.csv,秦皇岛悦途快捷酒店,酒店住宿,其他,119.537651,39.921823,hotel
poi_hotel.csv,鸣岐豪华酒店,酒店住宿,其他,119.539077,39.918884,hotel
poi_hotel.csv,秦皇岛未来以来公寓,酒店住宿,其他,119.53651,39.919964,hotel
poi_hotel.csv,秦皇岛桔子二姐公寓,酒店住宿,其他,119.53931,39.922491,hotel
poi_hotel.csv,秦皇岛御乾池商务豪华酒店,酒店住宿,其他,119.536994,39.918744,hotel
poi_hotel.csv,恩你小木屋米酒店,酒店住宿,其他,119.538965,39.918764,hotel
poi_hotel.csv,秦皇岛悦如酒店,酒店住宿,其他,119.541763,39.925056,hotel
poi_hotel.csv,秦皇岛悦如酒店,酒店住宿,舒适型酒店,119.541785,39.925044,hotel
poi_hotel.csv,秦皇岛小岛遇见公寓,酒店住宿,其他,119.539077,39.928757,hotel
poi_hotel.csv,尚客优便捷酒店,酒店住宿,舒适型酒店,119.541652,39.92468,hotel
poi_hotel.csv,如家旅馆,酒店住宿,舒适型酒店,119.541709,39.925138,hotel
poi_hotel.csv,优居优住,酒店住宿,其他,119.540693,39.925322,hotel
poi_hotel.csv,秦皇岛安恒酒店,酒店住宿,舒适型酒店,119.541568,39.930194,hotel
poi_hotel.csv,秦皇岛小小温暖的家公寓,酒店住宿,其他,119.536496,39.930516,hotel
poi_hotel.csv,秦皇岛清馨日租公寓,酒店住宿,其他,119.533055,39.931644000000006,hotel
poi_hotel.csv,秦皇岛桐宝姥爷公寓,酒店住宿,其他,119.530409,39.934175,hotel
poi_hotel.csv,秦皇岛liu卜源公寓,酒店住宿,其他,119.533527,39.931776,hotel
poi_hotel.csv,秦皇岛飞絮公寓,酒店住宿,其他,119.542886,39.923754,hotel
poi_hotel.csv,秦皇岛太阳味道公寓,酒店住宿,其他,119.542638,39.929623,hotel
poi_hotel.csv,咱家大院假日豪华酒店,酒店住宿,其他,119.550507,39.932454,hotel
poi_hotel.csv,秦皇岛优蜜酒店,酒店住宿,其他,119.552369,39.931639,hotel
poi_hotel.csv,尚客优便捷酒店,酒店住宿,舒适型酒店,119.553014,39.93267,hotel
poi_hotel.csv,派柏·云豪华酒店,酒店住宿,其他,119.550824,39.932343,hotel
poi_hotel.csv,7天酒店,酒店住宿,舒适型酒店,119.553716,39.932677,hotel
poi_hotel.csv,秦皇岛客优酒店,酒店住宿,其他,119.55237,39.932585,hotel
poi_hotel.csv,秦皇岛兰英公寓,酒店住宿,其他,119.554343,39.93288,hotel
poi_hotel.csv,秦皇岛伊亚小镇豪华酒店式公寓,酒店住宿,其他,119.55414,39.936271,hotel
poi_hotel.csv,蒙羴鲜酒店-客房部,酒店住宿,其他,119.55172,39.947215,hotel
poi_hotel.csv,格林豪泰便捷酒店,酒店住宿,舒适型酒店,119.550738,39.944054,hotel
poi_hotel.csv,广顺酒店,酒店住宿,舒适型酒店,119.522869,39.9294,hotel
poi_hotel.csv,秦皇岛净之舍公寓,酒店住宿,其他,119.522503,39.924071000000005,hotel
poi_hotel.csv,刘洋123公寓,酒店住宿,其他,119.520666,39.923725000000005,hotel
poi_hotel.csv,巴里岛假日豪华酒店,酒店住宿,其他,119.526122,39.926382,hotel
poi_hotel.csv,秦皇岛顺到家酒店,酒店住宿,舒适型酒店,119.52793,39.926498,hotel
poi_hotel.csv,五爱五家酒店,酒店住宿,舒适型酒店,119.527967,39.926628,hotel
poi_hotel.csv,秦皇岛岛上相遇公寓,酒店住宿,其他,119.528439,39.923927,hotel
poi_hotel.csv,秦皇岛小亚之家公寓,酒店住宿,其他,119.529719,39.927854,hotel
poi_hotel.csv,广顺大豪华酒店,酒店住宿,其他,119.522936,39.929665,hotel
poi_hotel.csv,格林豪泰智选酒店,酒店住宿,舒适型酒店,119.743601,39.990553,hotel
poi_hotel.csv,秦皇岛果粒橙MM公寓,酒店住宿,其他,119.747101,39.992257,hotel
poi_hotel.csv,山海关两居民宿酒店,酒店住宿,其他,119.746389,39.992147,hotel
poi_hotel.csv,格林豪泰山海关火车站天下第一关智选豪华酒店,酒店住宿,其他,119.743815,39.990468,hotel
poi_hotel.csv,东方宾馆,酒店住宿,其他,119.753161,39.999664,hotel
poi_hotel.csv,南园酒店,酒店住宿,其他,119.751785,39.999822,hotel
poi_hotel.csv,秦皇岛山海关莹莉小屋,酒店住宿,其他,119.754157,39.999858,hotel
poi_hotel.csv,有缘酒店,酒店住宿,其他,119.749645,39.999022,hotel
poi_hotel.csv,秦皇岛心雨公寓,酒店住宿,其他,119.750394,40.000126,hotel
poi_hotel.csv,秦皇岛秀然香小韩公寓,酒店住宿,其他,119.75067,39.995878000000005,hotel
poi_hotel.csv,秦皇岛123沫沫民宿酒店,酒店住宿,其他,119.74751,40.004751000000006,hotel
poi_hotel.csv,福临门豪华酒店,酒店住宿,高档型酒店,119.751422,40.00278,hotel
poi_hotel.csv,秦皇岛三圣酒店,酒店住宿,其他,119.752967,40.000569,hotel
poi_hotel.csv,常府宅院,酒店住宿,舒适型酒店,119.754273,40.005766,hotel
poi_hotel.csv,山海假日豪华酒店,酒店住宿,高档型酒店,119.751689,40.007547,hotel
poi_hotel.csv,山海关花筑·乐居民宿酒店,酒店住宿,舒适型酒店,119.752861,40.006633,hotel
poi_hotel.csv,秦皇岛威远民宿酒店,酒店住宿,其他,119.750117,40.012058,hotel
poi_hotel.csv,山海关古城小院,酒店住宿,其他,119.754549,40.010224,hotel
poi_hotel.csv,秦皇岛椿下拾光别墅,酒店住宿,其他,119.749797,40.009702,hotel
poi_hotel.csv,古厝民宿酒店,酒店住宿,其他,119.752987,40.012289,hotel
poi_hotel.csv,秦皇岛祖家如画旅馆,酒店住宿,其他,119.753503,40.011407000000005,hotel
poi_hotel.csv,学生公寓,酒店住宿,舒适型酒店,119.753384,40.011826,hotel
poi_hotel.csv,秦皇岛竹居古街西院豪华酒店,酒店住宿,其他,119.75402,40.007714,hotel
poi_hotel.csv,山海关林家静享庭院,酒店住宿,舒适型酒店,119.753112,40.00724,hotel
poi_hotel.csv,留源精品民宿,酒店住宿,舒适型酒店,119.754572,40.008187,hotel
poi_hotel.csv,大明帅府酒店,酒店住宿,舒适型酒店,119.753741,40.011151,hotel
poi_hotel.csv,山海关古风民宿酒店,酒店住宿,其他,119.750563,40.008331,hotel
poi_hotel.csv,花田家民宿酒店,酒店住宿,其他,119.751421,40.008249,hotel
poi_hotel.csv,燕归来民宿酒店,酒店住宿,其他,119.751,40.008349,hotel
poi_hotel.csv,秦皇岛拾壹号院,酒店住宿,其他,119.750643,40.009043,hotel
poi_hotel.csv,秦皇岛山海关咱家小院古城民宿酒店,酒店住宿,其他,119.753294,40.011726,hotel
poi_hotel.csv,秦皇岛若熙农家院,酒店住宿,其他,119.753964,40.007538,hotel
poi_hotel.csv,山海假日豪华酒店壹号客房楼,酒店住宿,高档型酒店,119.751532,40.007854,hotel
poi_hotel.csv,山海假日豪华酒店贰号客房楼,酒店住宿,高档型酒店,119.751381,40.007704,hotel
poi_hotel.csv,山情海谊酒店,酒店住宿,其他,119.746685,40.00782400000001,hotel
poi_hotel.csv,祥和宾馆,酒店住宿,其他,119.746894,40.007869,hotel
poi_hotel.csv,秦皇岛憨果之家民宿酒店,酒店住宿,其他,119.776748,39.977397,hotel
poi_hotel.csv,秦皇岛新中式家居民宿酒店,酒店住宿,其他,119.775835,39.978872,hotel
poi_hotel.csv,秦皇岛临海小家公寓,酒店住宿,其他,119.776594,39.978453,hotel
poi_hotel.csv,秦皇岛小高高公寓,酒店住宿,其他,119.775796,39.978802,hotel
poi_hotel.csv,秦皇岛丁丁小院,酒店住宿,其他,119.776976,39.979862,hotel
poi_hotel.csv,秦皇岛茜妹儿之家公寓,酒店住宿,其他,119.778021,39.977917,hotel
poi_hotel.csv,秦皇岛荣女士特色民宿酒店,酒店住宿,其他,119.776771,39.978447,hotel
poi_hotel.csv,葫芦岛绥中海景老龙头日租房,酒店住宿,其他,119.778638,39.978083,hotel
poi_hotel.csv,城市印象公寓,酒店住宿,其他,119.775529,39.976357,hotel
poi_hotel.csv,秦皇岛江南人家精品民宿酒店,酒店住宿,其他,119.776566,39.978436,hotel
poi_hotel.csv,秦皇岛秀然香小韩公寓,酒店住宿,其他,119.775951,39.978155,hotel
poi_hotel.csv,观山观海海景公寓,酒店住宿,其他,119.777709,39.976793,hotel
poi_hotel.csv,景文商务宾馆,酒店住宿,其他,119.773884,39.983799,hotel
poi_hotel.csv,秦皇岛吉祥如意她爹地公寓,酒店住宿,其他,119.7792,39.981254,hotel
poi_hotel.csv,超顺宾馆,酒店住宿,其他,119.776885,39.982397,hotel
poi_hotel.csv,OYO景文商务宾馆,酒店住宿,其他,119.773578,39.983852,hotel
poi_hotel.csv,秦皇岛近景区温馨美公寓,酒店住宿,其他,119.770213,39.981212,hotel
poi_hotel.csv,山海关日租房公寓,酒店住宿,其他,119.770412,39.987041,hotel
poi_hotel.csv,山海关近海公寓,酒店住宿,其他,119.770271,39.981144,hotel
poi_hotel.csv,秦皇岛靖轩楼酒店,酒店住宿,其他,119.769184,39.988813,hotel
poi_hotel.csv,锦江之星,酒店住宿,舒适型酒店,119.769961,39.988822000000006,hotel
poi_hotel.csv,骏怡连锁酒店,酒店住宿,舒适型酒店,119.769808,39.988096,hotel
poi_hotel.csv,凯钰豪华酒店,酒店住宿,其他,119.769586,39.988488,hotel
poi_hotel.csv,大伙豪华酒店,酒店住宿,其他,119.771405,39.991717,hotel
poi_hotel.csv,望洋楼酒店餐厅住宿,酒店住宿,舒适型酒店,119.768815,39.989299,hotel
poi_hotel.csv,秦皇岛杨宇静旅馆,酒店住宿,其他,119.771324,39.991761,hotel
poi_hotel.csv,锦江之星秦皇岛山海关火车站老龙头路豪华酒店大堂,酒店住宿,舒适型酒店,119.769941,39.98881,hotel
poi_hotel.csv,秦皇岛巍巍日租公寓,酒店住宿,其他,119.777938,39.997552,hotel
poi_hotel.csv,秦皇岛永魁公寓,酒店住宿,其他,119.769947,39.997713,hotel
poi_hotel.csv,秦皇岛佳音民宿酒店,酒店住宿,其他,119.767549,39.998731,hotel
poi_hotel.csv,秦皇岛关城小栈公寓,酒店住宿,其他,119.767202,40.00014,hotel
poi_hotel.csv,秦皇岛王凤鑫公寓,酒店住宿,其他,119.770234,39.997638,hotel
poi_hotel.csv,秦皇岛乘风破浪公寓,酒店住宿,其他,119.767324,39.998654,hotel
poi_hotel.csv,秦皇岛巍巍日租公寓,酒店住宿,其他,119.772132,39.999219,hotel
poi_hotel.csv,st日租公寓,酒店住宿,其他,119.772552,39.999613,hotel
poi_hotel.csv,秦皇岛大美日租房公寓,酒店住宿,其他,119.769527,39.996202,hotel
poi_hotel.csv,中铁山桥招待所,酒店住宿,舒适型酒店,119.764968,39.993171,hotel
poi_hotel.csv,秦皇岛小爱温馨小屋,酒店住宿,其他,119.764817,39.990375,hotel
poi_hotel.csv,秦皇岛山海关大鱼民宿,酒店住宿,其他,119.766837,39.99258,hotel
poi_hotel.csv,秦皇岛张巧丽公寓,酒店住宿,其他,119.765948,39.992127,hotel
poi_hotel.csv,山海关谊合宾馆,酒店住宿,其他,119.761723,39.999638,hotel
poi_hotel.csv,谊宾酒店,酒店住宿,舒适型酒店,119.76305,39.995508,hotel
poi_hotel.csv,秦皇岛祥顺酒店,酒店住宿,其他,119.763375,39.999675,hotel
poi_hotel.csv,秦皇岛温馨雅居公寓,酒店住宿,其他,119.766985,39.998604,hotel
poi_hotel.csv,山海国际,酒店住宿,其他,119.763486,39.994422,hotel
poi_hotel.csv,秦皇岛赶海之乐公寓,酒店住宿,其他,119.763836,39.995129,hotel
poi_hotel.csv,秦皇岛kelly329958公寓,酒店住宿,其他,119.764299,39.996448,hotel
poi_hotel.csv,海洋兴居旅馆,酒店住宿,舒适型酒店,119.762813,39.999411,hotel
poi_hotel.csv,春潮旅社,酒店住宿,舒适型酒店,119.762663,39.99662,hotel
poi_hotel.csv,如家酒店·neo,酒店住宿,其他,119.761849,39.999535,hotel
poi_hotel.csv,如家酒店,酒店住宿,其他,119.76154,39.999453,hotel
poi_hotel.csv,怡莱酒店,酒店住宿,其他,119.765171,40.000106,hotel
poi_hotel.csv,大美日租房公寓,酒店住宿,其他,119.763015,39.995462,hotel
poi_hotel.csv,老龙头洋洋家庭公寓,酒店住宿,其他,119.807469,39.991489,hotel
poi_hotel.csv,山海关观海屋公寓,酒店住宿,其他,119.807261,39.99011,hotel
poi_hotel.csv,秦皇岛玺客轩酒店,酒店住宿,其他,119.808786,39.989628,hotel
poi_hotel.csv,秦皇岛李长亮公寓,酒店住宿,其他,119.807635,39.990219,hotel
poi_hotel.csv,秦皇岛杨秀英公寓,酒店住宿,其他,119.806824,39.990835,hotel
poi_hotel.csv,秦皇岛航航小屋,酒店住宿,其他,119.807515,39.991049,hotel
poi_hotel.csv,秦皇岛观海御景家庭公寓,酒店住宿,其他,119.80732,39.991951,hotel
poi_hotel.csv,秦皇岛苗苗观海公寓,酒店住宿,其他,119.807427,39.990967000000005,hotel
poi_hotel.csv,秦皇岛温馨小家公寓,酒店住宿,其他,119.808629,39.990837,hotel
poi_hotel.csv,山海关天下第一锅客房,酒店住宿,其他,119.810483,39.989616000000005,hotel
poi_hotel.csv,秦皇岛梁艳公寓,酒店住宿,其他,119.807184,39.992954,hotel
poi_hotel.csv,秦皇岛老龙头观海民宿酒店,酒店住宿,其他,119.806624,39.992495000000005,hotel
poi_hotel.csv,秦皇岛刘璇公寓,酒店住宿,其他,119.80743,39.991747,hotel
poi_hotel.csv,百川源豪华酒店,酒店住宿,其他,119.805933,39.990125000000006,hotel
poi_hotel.csv,梦幻港湾海景公寓,酒店住宿,其他,119.807293,39.99185,hotel
poi_hotel.csv,秦皇岛苗苗观海公寓,酒店住宿,其他,119.807511,39.991048000000006,hotel
poi_hotel.csv,秦皇岛赵宇锋公寓,酒店住宿,其他,119.807409,39.991059,hotel
poi_hotel.csv,祥浴园酒店,酒店住宿,其他,119.810511,39.993182,hotel
poi_hotel.csv,秦皇岛福庆酒店,酒店住宿,其他,119.81532,39.989707,hotel
poi_hotel.csv,新世佳便捷酒店,酒店住宿,其他,119.81605,39.989836,hotel
poi_hotel.csv,易佰连锁旅店秦皇岛山海关火车站老龙头店,酒店住宿,舒适型酒店,119.815875,39.990215,hotel
poi_hotel.csv,香梅豪华酒店,酒店住宿,其他,119.815046,39.989651,hotel
poi_hotel.csv,思曼尔连锁豪华酒店,酒店住宿,其他,119.816443,39.990126,hotel
poi_hotel.csv,秦皇岛同福酒店,酒店住宿,其他,119.814573,39.989784,hotel
poi_hotel.csv,秦皇岛迎宾旅馆,酒店住宿,其他,119.815899,39.98972800000001,hotel
poi_hotel.csv,快捷宾馆,酒店住宿,其他,119.815323,39.989821,hotel
poi_hotel.csv,里士满假日豪华酒店,酒店住宿,其他,119.814354,39.991739,hotel
poi_hotel.csv,山海关海川快捷酒店,酒店住宿,其他,119.816912,39.989649,hotel
poi_hotel.csv,里士满假日酒店,酒店住宿,其他,119.815892,39.99024,hotel
poi_hotel.csv,秦皇岛悠然驿站快捷酒店,酒店住宿,其他,119.812025,39.989666,hotel
poi_hotel.csv,秦皇岛周末快乐公寓,酒店住宿,其他,119.815218,39.990814,hotel
poi_hotel.csv,悦居酒店,酒店住宿,其他,119.811222,39.995508,hotel
poi_hotel.csv,99优选酒店,酒店住宿,其他,119.810996,39.995584,hotel
poi_hotel.csv,秦皇岛别具一阁公寓,酒店住宿,其他,119.812296,39.99631,hotel
poi_hotel.csv,山海关一片红民宿酒店,酒店住宿,其他,119.816556,39.995186,hotel
poi_hotel.csv,秦皇岛海边小溪公寓,酒店住宿,其他,119.814519,39.994606,hotel
poi_hotel.csv,秦皇岛欢乐居公寓,酒店住宿,其他,119.814714,39.994946,hotel
poi_hotel.csv,秦皇岛柏乐公寓,酒店住宿,其他,119.81396,39.996798000000005,hotel
poi_hotel.csv,秦皇岛敏敏两居公寓,酒店住宿,其他,119.811246,39.998477,hotel
poi_hotel.csv,山海关昊宇民宿酒店,酒店住宿,其他,119.814476,39.996607,hotel
poi_hotel.csv,晨曦若梦公寓,酒店住宿,其他,119.813575,39.998090000000005,hotel
poi_hotel.csv,秦皇岛李凡长点心公寓,酒店住宿,其他,119.816339,39.996427,hotel
poi_hotel.csv,秦皇岛金丝新天地公寓,酒店住宿,其他,119.811234,39.998124,hotel
poi_hotel.csv,秦皇岛庭院绿色雅居公寓,酒店住宿,其他,119.813839,39.996835,hotel
poi_hotel.csv,秦皇岛健康快乐每一天公寓,酒店住宿,其他,119.811827,39.997764,hotel
poi_hotel.csv,OYO春柱酒店,酒店住宿,其他,119.810421,39.998665,hotel
poi_hotel.csv,尚之驿快捷酒店,酒店住宿,其他,119.810517,39.998940000000005,hotel
poi_hotel.csv,秦皇岛鑫别克便捷酒店,酒店住宿,其他,119.810533,39.994833,hotel
poi_hotel.csv,秦皇岛爱沫公寓,酒店住宿,其他,119.810003,39.996411,hotel
poi_hotel.csv,秦皇岛王巧公寓,酒店住宿,其他,119.809159,39.99817,hotel
poi_hotel.csv,秦皇岛夕小夕公寓,酒店住宿,其他,119.808261,39.994831000000005,hotel
poi_hotel.csv,秦皇岛冯晓东公寓,酒店住宿,其他,119.808145,39.998253,hotel
poi_hotel.csv,秦皇岛周艳春公寓,酒店住宿,其他,119.810639,39.998145,hotel
poi_hotel.csv,秦皇岛晶晶的小家公寓,酒店住宿,其他,119.809828,39.994399,hotel
poi_hotel.csv,秦皇岛月光水岸公寓,酒店住宿,其他,119.810414,39.997025,hotel
poi_hotel.csv,晨曦若梦公寓,酒店住宿,其他,119.810451,39.994793,hotel
poi_hotel.csv,海沙舞招待所,酒店住宿,其他,119.810548,39.997984,hotel
poi_hotel.csv,海沙舞招待所,酒店住宿,舒适型酒店,119.810542,39.997971,hotel
poi_hotel.csv,山海关美时美刻日租房公寓,酒店住宿,其他,119.808954,39.996739,hotel
poi_hotel.csv,秦皇岛牧营酒店,酒店住宿,舒适型酒店,119.761639,40.008215,hotel
poi_hotel.csv,秦皇岛六国豪华酒店,酒店住宿,其他,119.762068,40.008402,hotel
poi_hotel.csv,美味鲜晶鑫豪华酒店,酒店住宿,其他,119.766851,40.010461,hotel
poi_hotel.csv,秦皇岛王家珊瑚小院民宿酒店,酒店住宿,其他,119.765819,40.011259,hotel
poi_hotel.csv,八号小住,酒店住宿,其他,119.761489,40.008576,hotel
poi_hotel.csv,山海关王家民宿,酒店住宿,其他,119.765571,40.011019,hotel
poi_hotel.csv,秦皇岛闲庭书法豪华酒店,酒店住宿,其他,119.758265,40.01001900000001,hotel
poi_hotel.csv,书香山海豪华酒店,酒店住宿,其他,119.755009,40.009890000000006,hotel
poi_hotel.csv,十里相遇酒店,酒店住宿,其他,119.754849,40.010482,hotel
poi_hotel.csv,京山酒店,酒店住宿,其他,119.758594,40.009488000000005,hotel
poi_hotel.csv,秦皇岛优雅小宅酒店,酒店住宿,其他,119.756137,40.012269,hotel
poi_hotel.csv,秦皇岛青朴居民宿酒店,酒店住宿,舒适型酒店,119.754575,40.008465,hotel
poi_hotel.csv,秦皇岛旧巷精品民宿酒店,酒店住宿,其他,119.759706,40.008775,hotel
poi_hotel.csv,柒间房民宿,酒店住宿,其他,119.755196,40.009649,hotel
poi_hotel.csv,花笺旅馆,酒店住宿,其他,119.760113,40.006977,hotel
poi_hotel.csv,花田家,酒店住宿,其他,119.755402,40.007145,hotel
poi_hotel.csv,山海关画家村旅馆,酒店住宿,其他,119.757665,40.007028,hotel
poi_hotel.csv,秦皇岛六号院民宿酒店,酒店住宿,舒适型酒店,119.759661,40.008746,hotel
poi_hotel.csv,水云间民宿,酒店住宿,其他,119.754581,40.010198,hotel
poi_hotel.csv,秦皇岛百宜庭院精品民宿酒店,酒店住宿,其他,119.756078,40.008724,hotel
poi_hotel.csv,山海关悦庭栖迟精品旅馆,酒店住宿,其他,119.755328,40.008029,hotel
poi_hotel.csv,山海关路通酒店,酒店住宿,其他,119.768457,40.001418,hotel
poi_hotel.csv,山海关祥荷酒店,酒店住宿,其他,119.768782,40.002402,hotel
poi_hotel.csv,正府酒店,酒店住宿,其他,119.770196,40.002513,hotel
poi_hotel.csv,秦皇岛煜安酒店,酒店住宿,其他,119.768137,40.001907,hotel
poi_hotel.csv,秦皇岛铁之缘酒店,酒店住宿,其他,119.768227,40.001765,hotel
poi_hotel.csv,山海关海悦酒店,酒店住宿,其他,119.768198,40.001873,hotel
poi_hotel.csv,佳宜宾馆,酒店住宿,其他,119.768445,40.001474,hotel
poi_hotel.csv,山海关鑫扬酒店,酒店住宿,其他,119.768046,40.001907,hotel
poi_hotel.csv,瀚海楼酒店,酒店住宿,其他,119.771775,40.005321,hotel
poi_hotel.csv,秦皇岛乐然小屋,酒店住宿,其他,119.769645,40.001942,hotel
poi_hotel.csv,正信酒店,酒店住宿,其他,119.768337,40.001665,hotel
poi_hotel.csv,如家华驿精选酒店,酒店住宿,其他,119.768429,40.001509,hotel
poi_hotel.csv,秦皇岛小茶公寓,酒店住宿,其他,119.773402,40.005959,hotel
poi_hotel.csv,秦皇岛巍巍日租公寓,酒店住宿,其他,119.779283,40.003177,hotel
poi_hotel.csv,楠毓快捷酒店,酒店住宿,其他,119.778274,40.000925,hotel
poi_hotel.csv,秦皇岛麻烦民宿酒店,酒店住宿,其他,119.774827,40.00236,hotel
poi_hotel.csv,秦皇岛chx公寓,酒店住宿,其他,119.775777,40.004507,hotel
poi_hotel.csv,秦皇岛遇见海的时光公寓,酒店住宿,其他,119.775259,40.005378,hotel
poi_hotel.csv,秦皇岛军英酒店,酒店住宿,其他,119.775346,40.010225,hotel
poi_hotel.csv,秦皇岛普晋酒店,酒店住宿,其他,119.774841,40.010217,hotel
poi_hotel.csv,秦皇岛娄学民公寓,酒店住宿,其他,119.774776,40.008337,hotel
poi_hotel.csv,秦皇岛山海关古城人家公寓,酒店住宿,其他,119.775093,40.008465,hotel
poi_hotel.csv,名豪宾馆,酒店住宿,其他,119.770466,40.008438,hotel
poi_hotel.csv,吉盈酒店,酒店住宿,其他,119.772231,40.009223,hotel
poi_hotel.csv,沁园酒店,酒店住宿,其他,119.771816,40.009016,hotel
poi_hotel.csv,秦皇岛山海关别墅民宿酒店,酒店住宿,其他,119.771078,40.008837,hotel
poi_hotel.csv,秦皇岛万鸿便捷酒店,酒店住宿,其他,119.770231,40.007461,hotel
poi_hotel.csv,友禄酒店,酒店住宿,其他,119.770411,40.008422,hotel
poi_hotel.csv,OYO祥英宾馆,酒店住宿,其他,119.773031,40.009042,hotel
poi_hotel.csv,秦皇岛蓝图酒店,酒店住宿,舒适型酒店,119.52871,40.017946,hotel
poi_hotel.csv,红祥旅店,酒店住宿,舒适型酒店,119.529118,40.017636,hotel
poi_hotel.csv,秦皇岛小小宿公寓,酒店住宿,其他,119.52879,40.01639,hotel
poi_hotel.csv,汽车酒店,酒店住宿,舒适型酒店,119.528906,40.016156,hotel
poi_hotel.csv,二楼招租,酒店住宿,其他,119.529332,40.016943000000005,hotel
poi_hotel.csv,如家·华驿酒店,酒店住宿,其他,119.568994,39.958055,hotel
poi_hotel.csv,秦皇岛怡然之居普通公寓,酒店住宿,其他,119.571439,39.956667,hotel
poi_hotel.csv,如家商旅酒店,酒店住宿,其他,119.572499,39.957873,hotel
poi_hotel.csv,秦皇岛风雨路归人公寓,酒店住宿,其他,119.571408,39.958565,hotel
poi_hotel.csv,如家酒店,酒店住宿,舒适型酒店,119.592103,39.961129,hotel
poi_hotel.csv,铁指旅馆,酒店住宿,其他,119.591782,39.959073,hotel
poi_hotel.csv,耀安宾馆,酒店住宿,其他,119.587717,39.961547,hotel
poi_hotel.csv,秦皇岛顺安酒店,酒店住宿,舒适型酒店,119.587251,39.95713799999999,hotel
poi_hotel.csv,秦皇岛八月网络旅馆,酒店住宿,舒适型酒店,119.587093,39.957496000000006,hotel
poi_hotel.csv,丽枫酒店,酒店住宿,其他,119.591992,39.958156,hotel
poi_hotel.csv,佳伦酒店,酒店住宿,其他,119.591749,39.961085,hotel
poi_hotel.csv,耀安酒店第一分公司,酒店住宿,其他,119.587805,39.961502,hotel
poi_hotel.csv,海友酒店,酒店住宿,其他,119.590743,39.957632,hotel
poi_hotel.csv,秦皇岛北戴河艳娥民宿去,酒店住宿,其他,119.588022,39.959901,hotel
poi_hotel.csv,今日假日豪华酒店,酒店住宿,其他,119.601229,39.952589,hotel
poi_hotel.csv,秦皇岛我会好好的公寓,酒店住宿,其他,119.598689,39.953159,hotel
poi_hotel.csv,秦皇岛毕秀娜公寓,酒店住宿,其他,119.598628,39.95369,hotel
poi_hotel.csv,羊城豪华酒店,酒店住宿,舒适型酒店,119.593026,39.960382,hotel
poi_hotel.csv,秦皇岛大豪华酒店C座,酒店住宿,豪华型酒店,119.595222,39.955328,hotel
poi_hotel.csv,机场酒店,酒店住宿,其他,119.592385,39.959423,hotel
poi_hotel.csv,秦皇岛悦蓝山豪华酒店,酒店住宿,其他,119.593712,39.956582,hotel
poi_hotel.csv,秦皇岛孤星泪公寓,酒店住宿,其他,119.593608,39.956426,hotel
poi_hotel.csv,秦皇岛美户吉兰公寓,酒店住宿,其他,119.59531,39.957398,hotel
poi_hotel.csv,秦皇岛海边假日精品民宿酒店,酒店住宿,其他,119.594424,39.956396,hotel
poi_hotel.csv,秦皇岛张连绪公寓,酒店住宿,其他,119.593424,39.956469000000006,hotel
poi_hotel.csv,秦皇岛张连绪公寓,酒店住宿,其他,119.593602,39.956428,hotel
poi_hotel.csv,秦皇岛秦家民宿,酒店住宿,其他,119.593573,39.956437,hotel
poi_hotel.csv,秦皇岛高胜才公寓,酒店住宿,其他,119.595781,39.957949,hotel
poi_hotel.csv,秦皇岛复式别云阁普通公寓,酒店住宿,其他,119.594714,39.958756,hotel
poi_hotel.csv,四川大酒店,酒店住宿,其他,119.592296,39.95887,hotel
poi_hotel.csv,秦皇岛平胜旅店,酒店住宿,其他,119.593499,39.963117,hotel
poi_hotel.csv,怡莱酒店,酒店住宿,其他,119.598757,39.964681000000006,hotel
poi_hotel.csv,尚客优酒店,酒店住宿,其他,119.602038,39.964662,hotel
poi_hotel.csv,如家华驿系列-秦皇岛火车站东华驿豪华酒店,酒店住宿,其他,119.598815,39.964711,hotel
poi_hotel.csv,秦皇岛彦子雅居公寓,酒店住宿,其他,119.602353,39.973246,hotel
poi_hotel.csv,秦皇岛北欧风小璇两居室公寓,酒店住宿,其他,119.593659,39.972764,hotel
poi_hotel.csv,福客居酒店,酒店住宿,其他,119.583115,39.962609,hotel
poi_hotel.csv,秦皇岛航帆商务豪华酒店,酒店住宿,其他,119.585183,39.962527,hotel
poi_hotel.csv,广业豪华酒店,酒店住宿,其他,119.583192,39.962504,hotel
poi_hotel.csv,祥跃豪华酒店,酒店住宿,其他,119.587755,39.963481,hotel
poi_hotel.csv,秦皇岛蓝海天晴公寓,酒店住宿,其他,119.590358,39.973869,hotel
poi_hotel.csv,清晏公寓,酒店住宿,其他,119.607144,39.95329,hotel
poi_hotel.csv,燕山大厦,酒店住宿,其他,119.606,39.954609,hotel
poi_hotel.csv,如家酒店,酒店住宿,舒适型酒店,119.606075,39.953757,hotel
poi_hotel.csv,秦皇岛老飘驿站酒店,酒店住宿,舒适型酒店,119.614231,39.959874000000006,hotel
poi_hotel.csv,爱家宾馆,酒店住宿,其他,119.606615,39.960201,hotel
poi_hotel.csv,秦皇岛吴金鐲公寓,酒店住宿,其他,119.609254,39.960945,hotel
poi_hotel.csv,秦皇岛爬爬公寓,酒店住宿,其他,119.624141,39.953311,hotel
poi_hotel.csv,秦皇岛诚品696精品小复式公寓,酒店住宿,其他,119.623825,39.953494,hotel
poi_hotel.csv,秦皇岛海岛宿公寓,酒店住宿,其他,119.62386,39.957728,hotel
poi_hotel.csv,丽枫酒店,酒店住宿,其他,119.628699,39.969248,hotel
poi_hotel.csv,铂铝酒店,酒店住宿,其他,119.6243,39.968308,hotel
poi_hotel.csv,秦皇岛王洪玲公寓,酒店住宿,其他,119.633802,39.952931,hotel
poi_hotel.csv,秦皇岛青叶竹公寓,酒店住宿,其他,119.633829,39.952904,hotel
poi_hotel.csv,如家华驿精选酒店,酒店住宿,其他,119.635443,39.952895,hotel
poi_hotel.csv,秦皇岛房东小景图兔兔公寓,酒店住宿,其他,119.633759,39.952941,hotel
poi_hotel.csv,秦皇岛易捷便捷酒店,酒店住宿,其他,119.636365,39.952606,hotel
poi_hotel.csv,港军酒店,酒店住宿,其他,119.63625,39.958043,hotel
poi_hotel.csv,秦皇岛青叶竹公寓,酒店住宿,其他,119.632004,39.955948,hotel
poi_hotel.csv,秦皇岛老龙头公寓,酒店住宿,其他,119.635305,39.956371,hotel
poi_hotel.csv,老孙民宿酒店,酒店住宿,舒适型酒店,119.635037,39.956256,hotel
poi_hotel.csv,秦皇岛天佑我缘公寓,酒店住宿,其他,119.632389,39.955453,hotel
poi_hotel.csv,军宫招待所,酒店住宿,舒适型酒店,119.635133,39.964029,hotel
poi_hotel.csv,华驿酒店,酒店住宿,其他,119.641918,39.973086,hotel
poi_hotel.csv,尚客优酒店,酒店住宿,其他,119.636106,39.969603,hotel
poi_hotel.csv,金芒果旅店,酒店住宿,舒适型酒店,119.234073,39.87652,hotel
poi_hotel.csv,秦皇岛龙尚云轩酒店,酒店住宿,其他,119.23411,39.876847,hotel
poi_hotel.csv,秦皇岛汤女士公寓,酒店住宿,其他,119.239162,39.882869,hotel
poi_hotel.csv,秦皇岛张水英公寓,酒店住宿,其他,119.239401,39.88275,hotel
poi_hotel.csv,秦皇岛南戴河家庭公寓,酒店住宿,其他,119.239191,39.882827,hotel
poi_hotel.csv,秦皇岛8989酒店,酒店住宿,舒适型酒店,119.252069,39.881831,hotel
poi_hotel.csv,秦皇岛8989酒店,酒店住宿,其他,119.252063,39.881778,hotel
poi_hotel.csv,丁小素公寓,酒店住宿,其他,119.252523,39.882729,hotel
poi_hotel.csv,爱秦海公寓,酒店住宿,其他,119.251758,39.881792,hotel
poi_hotel.csv,秦皇岛love爱上火锅公寓,酒店住宿,其他,119.252558,39.88281,hotel
poi_hotel.csv,傲澜酒店,酒店住宿,其他,119.243412,39.880083000000006,hotel
poi_hotel.csv,秦皇岛阿超酒店,酒店住宿,其他,119.242985,39.880153,hotel
poi_hotel.csv,鑫晟源酒店,酒店住宿,其他,119.244609,39.880253,hotel
poi_hotel.csv,秦皇岛老板娘民宿酒店,酒店住宿,其他,119.247161,39.889177,hotel
poi_hotel.csv,顺泽公寓,酒店住宿,其他,119.254555,39.884989,hotel
poi_hotel.csv,九晟快捷酒店,酒店住宿,其他,119.25313,39.890515,hotel
poi_hotel.csv,秦皇岛圣帝酒店,酒店住宿,其他,119.253797,39.889943,hotel
poi_hotel.csv,秦皇岛枫澜商务酒店,酒店住宿,其他,119.253744,39.889488,hotel
poi_hotel.csv,九晟沐浴酒店,酒店住宿,其他,119.253357,39.890556,hotel
poi_hotel.csv,秦皇岛圣家快捷旅店,酒店住宿,舒适型酒店,119.252805,39.891304,hotel
poi_hotel.csv,东东酒店,酒店住宿,舒适型酒店,119.25101,39.89134,hotel
poi_hotel.csv,恒悦公寓,酒店住宿,舒适型酒店,119.250183,39.892172,hotel
poi_hotel.csv,剑南快捷云友酒店,酒店住宿,其他,119.248648,39.891486,hotel
poi_hotel.csv,秦皇岛乐巢快捷旅店,酒店住宿,其他,119.242673,39.89448,hotel
poi_hotel.csv,今生缘酒店,酒店住宿,其他,119.244835,39.894238,hotel
poi_hotel.csv,人民政府招待所,酒店住宿,舒适型酒店,119.236239,39.888698,hotel
poi_hotel.csv,秦皇岛好兴旅店,酒店住宿,舒适型酒店,119.237978,39.888488,hotel
poi_hotel.csv,秦皇岛抚宁酒店,酒店住宿,其他,119.240387,39.89476,hotel
poi_hotel.csv,秦皇岛裕发快捷酒店,酒店住宿,其他,119.241947,39.895112000000005,hotel
poi_hotel.csv,秦皇岛宏祥快捷旅店,酒店住宿,舒适型酒店,119.239896,39.894742,hotel
poi_hotel.csv,秦皇岛塞外酒店,酒店住宿,其他,119.24231,39.894296,hotel
poi_hotel.csv,秦皇岛塞外酒店,酒店住宿,舒适型酒店,119.242334,39.89431,hotel
poi_hotel.csv,秦皇岛小鹿阳光旅店,酒店住宿,其他,119.23755,39.894048,hotel
poi_hotel.csv,君益酒店,酒店住宿,其他,119.242025,39.893819,hotel
poi_hotel.csv,秦皇岛万家酒店,酒店住宿,其他,119.237486,39.89396,hotel
poi_hotel.csv,想往酒店,酒店住宿,其他,119.237862,39.893924,hotel
poi_hotel.csv,秦皇岛王二酒店,酒店住宿,其他,119.237711,39.894002,hotel
poi_hotel.csv,秦皇岛心顺酒店,酒店住宿,其他,119.237504,39.894318,hotel
poi_hotel.csv,宁静酒店,酒店住宿,其他,119.237285,39.894251,hotel
poi_hotel.csv,秦皇岛正赢酒店,酒店住宿,舒适型酒店,119.236586,39.894175,hotel
poi_hotel.csv,秦皇岛正赢酒店,酒店住宿,其他,119.236559,39.894201,hotel
poi_hotel.csv,壹家酒店,酒店住宿,舒适型酒店,119.239889,39.894729,hotel
poi_hotel.csv,剑南酒店,酒店住宿,其他,119.238435,39.894839000000005,hotel
poi_hotel.csv,秦皇岛金运达快捷酒店,酒店住宿,舒适型酒店,119.236871,39.89425,hotel
poi_hotel.csv,富居酒店,酒店住宿,其他,119.237842,39.894341,hotel
poi_hotel.csv,客再来旅店,酒店住宿,舒适型酒店,119.237484,39.893995,hotel
poi_hotel.csv,华驿酒店,酒店住宿,其他,119.238471,39.894751,hotel
poi_hotel.csv,秦皇岛和祥旅店,酒店住宿,舒适型酒店,119.237087,39.89396,hotel
poi_hotel.csv,秦皇岛嘉成酒店,酒店住宿,舒适型酒店,119.236571,39.894215,hotel
poi_hotel.csv,胜林酒店,酒店住宿,其他,119.237663,39.894186,hotel
poi_hotel.csv,秦皇岛满江红旅店,酒店住宿,舒适型酒店,119.236582,39.893789000000005,hotel
poi_hotel.csv,秦皇岛满江红旅店,酒店住宿,其他,119.236542,39.893816,hotel
poi_hotel.csv,抚宁君乐旅店,酒店住宿,舒适型酒店,119.23646,39.893711,hotel
poi_hotel.csv,北街大院旅店,酒店住宿,舒适型酒店,119.237558,39.894224,hotel
poi_hotel.csv,平安酒店,酒店住宿,其他,119.237211,39.893928,hotel
poi_hotel.csv,川旺酒店,酒店住宿,舒适型酒店,119.237355,39.894364,hotel
poi_hotel.csv,华悦宾馆,酒店住宿,其他,119.242445,39.892811,hotel
poi_hotel.csv,识君旅店,酒店住宿,舒适型酒店,119.238957,39.894706,hotel
poi_hotel.csv,志祥酒店,酒店住宿,舒适型酒店,119.235716,39.89533,hotel
poi_hotel.csv,乐来酒店,酒店住宿,舒适型酒店,119.236255,39.894919,hotel
poi_hotel.csv,运通旅店,酒店住宿,舒适型酒店,119.236202,39.893671,hotel
poi_hotel.csv,秦皇岛裕兴酒店,酒店住宿,舒适型酒店,119.234746,39.894972,hotel
poi_hotel.csv,净洁旅店,酒店住宿,舒适型酒店,119.234978,39.893616,hotel
poi_hotel.csv,秦皇岛随缘旅店,酒店住宿,其他,119.23636,39.894097,hotel
poi_hotel.csv,客安旅店,酒店住宿,舒适型酒店,119.235962,39.893616,hotel
poi_hotel.csv,抚宁港湾旅店,酒店住宿,舒适型酒店,119.236234,39.891689,hotel
poi_hotel.csv,秦皇岛仁轩酒庄假日豪华酒店,酒店住宿,高档型酒店,119.420206,39.788008,hotel
poi_hotel.csv,祥博酒店,酒店住宿,其他,119.419282,39.785652,hotel
poi_hotel.csv,北戴河新区鑫海酒店,酒店住宿,其他,119.420349,39.786201,hotel
poi_hotel.csv,京港酒店,酒店住宿,其他,119.418815,39.786792,hotel
poi_hotel.csv,南戴河景元酒店,酒店住宿,其他,119.418805,39.785762,hotel
poi_hotel.csv,冀R之家坤旺酒店,酒店住宿,舒适型酒店,119.419124,39.785986,hotel
poi_hotel.csv,金海缘酒店,酒店住宿,其他,119.420022,39.785547,hotel
poi_hotel.csv,红亮农家院,酒店住宿,其他,119.417979,39.786202,hotel
poi_hotel.csv,和合酒店,酒店住宿,其他,119.41934,39.786829,hotel
poi_hotel.csv,红潭酒店,酒店住宿,其他,119.418011,39.785874,hotel
poi_hotel.csv,澜海酒店,酒店住宿,其他,119.418754,39.786662,hotel
poi_hotel.csv,南戴河星耀酒店,酒店住宿,其他,119.420651,39.784808000000005,hotel
poi_hotel.csv,悦航酒店,酒店住宿,其他,119.418666,39.784917,hotel
poi_hotel.csv,诺盛酒店,酒店住宿,其他,119.418143,39.786502,hotel
poi_hotel.csv,洛凡酒店,酒店住宿,其他,119.41821,39.786243,hotel
poi_hotel.csv,望海轩酒店,酒店住宿,其他,119.419796,39.786092,hotel
poi_hotel.csv,南戴河金色海景公寓,酒店住宿,其他,119.421169,39.784546,hotel
poi_hotel.csv,布丁酒店,酒店住宿,其他,119.423104,39.786284,hotel
poi_hotel.csv,秦皇岛二妹民宿酒店,酒店住宿,其他,119.421173,39.78546,hotel
poi_hotel.csv,南戴河锦生酒店,酒店住宿,舒适型酒店,119.418339,39.788538,hotel
poi_hotel.csv,南戴河康星农家院,酒店住宿,其他,119.418661,39.786221000000005,hotel
poi_hotel.csv,北戴河文君酒店,酒店住宿,舒适型酒店,119.418463,39.78573,hotel
poi_hotel.csv,南戴河倚海码头海景公寓,酒店住宿,其他,119.420722,39.78519,hotel
poi_hotel.csv,夏日酒店,酒店住宿,舒适型酒店,119.418282,39.785941,hotel
poi_hotel.csv,永源酒店,酒店住宿,其他,119.417728,39.788023,hotel
poi_hotel.csv,南戴河丽程海景精品豪华酒店,酒店住宿,其他,119.421631,39.785264,hotel
poi_hotel.csv,红伟酒店,酒店住宿,舒适型酒店,119.419184,39.784852,hotel
poi_hotel.csv,北戴河俊驰酒店,酒店住宿,其他,119.417942,39.78845,hotel
poi_hotel.csv,康星酒店,酒店住宿,舒适型酒店,119.418671,39.786291,hotel
poi_hotel.csv,康星酒店,酒店住宿,其他,119.418685,39.786277,hotel
poi_hotel.csv,海岸渔家酒店,酒店住宿,其他,119.419219,39.784009,hotel
poi_hotel.csv,枫云沐梓主题酒店,酒店住宿,其他,119.418364,39.78624,hotel
poi_hotel.csv,云来酒店,酒店住宿,其他,119.418583,39.784877,hotel
poi_hotel.csv,继东渔家酒店,酒店住宿,其他,119.419336,39.786387000000005,hotel
poi_hotel.csv,秦皇岛万成民宿酒店,酒店住宿,舒适型酒店,119.419693,39.786012,hotel
poi_hotel.csv,秦皇岛万成民宿酒店,酒店住宿,其他,119.419601,39.786037,hotel
poi_hotel.csv,百米别墅,酒店住宿,其他,119.421121,39.785316,hotel
poi_hotel.csv,江城酒店,酒店住宿,舒适型酒店,119.419438,39.78546,hotel
poi_hotel.csv,观潮旅馆,酒店住宿,舒适型酒店,119.419487,39.784986,hotel
poi_hotel.csv,海波旅店,酒店住宿,舒适型酒店,119.417476,39.788049,hotel
poi_hotel.csv,馨颖酒店,酒店住宿,舒适型酒店,119.419594,39.786366,hotel
poi_hotel.csv,欣荣酒店,酒店住宿,舒适型酒店,119.417927,39.788121,hotel
poi_hotel.csv,南戴河鑫境民宿酒店,酒店住宿,其他,119.419622,39.786344,hotel
poi_hotel.csv,南戴河永欣酒店,酒店住宿,其他,119.418236,39.785015,hotel
poi_hotel.csv,海岸渔家酒店,酒店住宿,其他,119.419292,39.783989,hotel
poi_hotel.csv,南戴河东财酒店,酒店住宿,舒适型酒店,119.422206,39.782364,hotel
poi_hotel.csv,南戴河尚游民宿酒店,酒店住宿,其他,119.420607,39.786053,hotel
poi_hotel.csv,南戴河子航家庭酒店,酒店住宿,其他,119.417997,39.785859,hotel
poi_hotel.csv,南戴河顺和酒店,酒店住宿,舒适型酒店,119.41879,39.786334,hotel
poi_hotel.csv,凯乔酒店,酒店住宿,其他,119.420259,39.785874,hotel
poi_hotel.csv,中国康养·祥颐北戴河旅居基地,酒店住宿,其他,119.422859,39.785797,hotel
poi_hotel.csv,秦皇岛A南戴河金海岸海景公寓,酒店住宿,其他,119.421117,39.785326,hotel
poi_hotel.csv,南戴河鹏艳酒店,酒店住宿,其他,119.417709,39.786411,hotel
poi_hotel.csv,茗予酒店,酒店住宿,舒适型酒店,119.417473,39.788322,hotel
poi_hotel.csv,翼图酒店公寓,酒店住宿,其他,119.420897,39.784782,hotel
poi_hotel.csv,如意别墅度假区,酒店住宿,其他,119.42166,39.7871,hotel
poi_hotel.csv,海岸风情海景公寓,酒店住宿,其他,119.421374,39.785418,hotel
poi_hotel.csv,秦皇岛北戴河新区日增酒店,酒店住宿,舒适型酒店,119.419444,39.786034,hotel
poi_hotel.csv,秦皇岛3100海边农家院民宿酒店,酒店住宿,其他,119.417601,39.788012,hotel
poi_hotel.csv,南戴河百合美食城民宿酒店,酒店住宿,其他,119.425092,39.788078,hotel
poi_hotel.csv,江屿酒店,酒店住宿,其他,119.42428,39.786604,hotel
poi_hotel.csv,23度海岸美墅,酒店住宿,其他,119.424148,39.785547,hotel
poi_hotel.csv,秦皇岛开心荣姐公寓,酒店住宿,其他,119.425062,39.786981,hotel
poi_hotel.csv,秦皇岛房东小小静公寓,酒店住宿,其他,119.425351,39.78835,hotel
poi_hotel.csv,秦皇岛刘姐家庭公寓,酒店住宿,其他,119.425348,39.786917,hotel
poi_hotel.csv,君海便捷酒店,酒店住宿,其他,119.424355,39.787357,hotel
poi_hotel.csv,顺风宾馆,酒店住宿,其他,119.424753,39.787537,hotel
poi_hotel.csv,如家华驿酒店,酒店住宿,其他,119.424404,39.787302,hotel
poi_hotel.csv,秦皇岛张小菊公寓,酒店住宿,其他,119.425345,39.786915,hotel
poi_hotel.csv,秦皇岛张纯辉旅馆,酒店住宿,其他,119.425297,39.786896,hotel
poi_hotel.csv,三只鱼海景酒店,酒店住宿,其他,119.425164,39.788114,hotel
poi_hotel.csv,瑞海豪华酒店,酒店住宿,其他,119.425364,39.788277,hotel
poi_hotel.csv,秦皇岛海景投影旅拍豪华酒店,酒店住宿,其他,119.425355,39.788439,hotel
poi_hotel.csv,日出别墅,酒店住宿,其他,119.425407,39.78678,hotel
poi_hotel.csv,啊霞日租房别墅,酒店住宿,其他,119.423688,39.782319,hotel
poi_hotel.csv,花筑·南戴河米十海景旅拍民宿,酒店住宿,其他,119.424889,39.787803,hotel
poi_hotel.csv,如家华驿系列-秦皇岛南戴河环海路华驿豪华酒店,酒店住宿,其他,119.424515,39.787558,hotel
poi_hotel.csv,秦皇岛家庭居所公寓,酒店住宿,其他,119.425367,39.786896,hotel
poi_hotel.csv,吉利豪华酒店,酒店住宿,其他,119.425442,39.788352,hotel
poi_hotel.csv,南戴河酒店,酒店住宿,舒适型酒店,119.424626,39.793674,hotel
poi_hotel.csv,海天主题豪华酒店,酒店住宿,其他,119.425223,39.794793,hotel
poi_hotel.csv,南戴河海岸别苑酒店,酒店住宿,舒适型酒店,119.427975,39.792254,hotel
poi_hotel.csv,南戴河海景主题诚成豪华酒店,酒店住宿,其他,119.426539,39.790331,hotel
poi_hotel.csv,海億酒店,酒店住宿,其他,119.424966,39.79127,hotel
poi_hotel.csv,秦顺宾馆,酒店住宿,其他,119.426245,39.789339,hotel
poi_hotel.csv,南戴河岭澜海景公寓豪华酒店,酒店住宿,高档型酒店,119.428014,39.793671,hotel
poi_hotel.csv,明悦豪华酒店,酒店住宿,其他,119.424078,39.790688,hotel
poi_hotel.csv,怡莱酒店,酒店住宿,舒适型酒店,119.429272,39.792259,hotel
poi_hotel.csv,文华酒店,酒店住宿,舒适型酒店,119.42507,39.790657,hotel
poi_hotel.csv,萃元祥民宿,酒店住宿,其他,119.426617,39.789689,hotel
poi_hotel.csv,蓟门海景豪华酒店,酒店住宿,其他,119.427328,39.790435,hotel
poi_hotel.csv,南戴河阳光正好公寓,酒店住宿,其他,119.427969,39.792273,hotel
poi_hotel.csv,栖岛海景美宿,酒店住宿,舒适型酒店,119.425732,39.788708,hotel
poi_hotel.csv,阿维那海景假日豪华酒店,酒店住宿,其他,119.427384,39.791526000000005,hotel
poi_hotel.csv,南戴河海岸别苑民宿酒店,酒店住宿,其他,119.42641,39.79365,hotel
poi_hotel.csv,情缘酒店,酒店住宿,其他,119.426998,39.794134,hotel
poi_hotel.csv,南戴河海之蓝民宿酒店,酒店住宿,其他,119.424552,39.794671,hotel
poi_hotel.csv,中煤酒店1号楼,酒店住宿,其他,119.425825,39.794467,hotel
poi_hotel.csv,中煤酒店3号楼,酒店住宿,其他,119.426372,39.794601,hotel
poi_hotel.csv,南戴河新纪元豪华酒店,酒店住宿,其他,119.427361,39.790241,hotel
poi_hotel.csv,南盐酒店,酒店住宿,其他,119.426967,39.792523,hotel
poi_hotel.csv,文华酒店2号楼,酒店住宿,其他,119.425039,39.790605,hotel
poi_hotel.csv,南戴河友谊宾馆,酒店住宿,其他,119.427272,39.792673,hotel
poi_hotel.csv,中煤酒店,酒店住宿,其他,119.425945,39.794354,hotel
poi_hotel.csv,秦皇岛燕巢复式公寓,酒店住宿,其他,119.428446,39.793886,hotel
poi_hotel.csv,秦皇岛陶先生公寓,酒店住宿,其他,119.426859,39.793055,hotel
poi_hotel.csv,南戴河小尹家庭酒店,酒店住宿,其他,119.424595,39.794858,hotel
poi_hotel.csv,南戴河国会度假豪华酒店,酒店住宿,其他,119.425422,39.792771,hotel
poi_hotel.csv,小鹿的店别墅,酒店住宿,其他,119.426857,39.792981000000005,hotel
poi_hotel.csv,凯瑞酒店,酒店住宿,其他,119.426745,39.793058,hotel
poi_hotel.csv,秦皇岛南戴河无敌海景豪华酒店式公寓,酒店住宿,其他,119.428098,39.793646,hotel
poi_hotel.csv,秦皇岛柏纳公寓,酒店住宿,其他,119.424676,39.790365,hotel
poi_hotel.csv,秦皇岛海边农家菜馆田园别墅,酒店住宿,其他,119.427883,39.791759,hotel
poi_hotel.csv,北戴河秦海谣酒店,酒店住宿,其他,119.4262,39.789255,hotel
poi_hotel.csv,YY友谊宾馆,酒店住宿,其他,119.427357,39.792662,hotel
poi_hotel.csv,夏之海海景酒店公寓,酒店住宿,舒适型酒店,119.420133,39.790184,hotel
poi_hotel.csv,非常海假日豪华酒店,酒店住宿,高档型酒店,119.421403,39.791616000000005,hotel
poi_hotel.csv,如家酒店,酒店住宿,舒适型酒店,119.419934,39.793733,hotel
poi_hotel.csv,怡莱酒店,酒店住宿,舒适型酒店,119.419537,39.793522,hotel
poi_hotel.csv,秦皇岛浡轩老爸联德民宿酒店,酒店住宿,其他,119.420283,39.792646,hotel
poi_hotel.csv,南戴河唯景豪华酒店式公寓,酒店住宿,其他,119.423061,39.792013,hotel
poi_hotel.csv,夏都海明月海景公寓,酒店住宿,舒适型酒店,119.419809,39.790283,hotel
poi_hotel.csv,抚矿酒店,酒店住宿,其他,119.421072,39.794674,hotel
poi_hotel.csv,忆潮豪华酒店,酒店住宿,其他,119.423411,39.789321,hotel
poi_hotel.csv,红仁餐馆宾馆,酒店住宿,其他,119.422448,39.794716,hotel
poi_hotel.csv,咏平民宿酒店,酒店住宿,舒适型酒店,119.419625,39.793907,hotel
poi_hotel.csv,秦皇岛旅途小憩公寓,酒店住宿,其他,119.422713,39.791988,hotel
poi_hotel.csv,秦皇岛悠家公寓,酒店住宿,其他,119.422812,39.791997,hotel
poi_hotel.csv,秦皇岛海海民宿酒店,酒店住宿,其他,119.420318,39.792306,hotel
poi_hotel.csv,秦皇岛南戴河民宿,酒店住宿,其他,119.420058,39.792338,hotel
poi_hotel.csv,北戴河君廷豪华酒店,酒店住宿,其他,119.419935,39.788712,hotel
poi_hotel.csv,秦皇岛临海听涛公寓,酒店住宿,其他,119.418124,39.792241,hotel
poi_hotel.csv,秦皇岛好客的大侠公寓,酒店住宿,其他,119.422801,39.792007,hotel
poi_hotel.csv,秦皇岛齐铭堃旅馆,酒店住宿,其他,119.419673,39.793843,hotel
poi_hotel.csv,秦皇岛整租农家院,酒店住宿,其他,119.419077,39.793876,hotel
poi_hotel.csv,黔海酒店,酒店住宿,其他,119.417612,39.789022,hotel
poi_hotel.csv,南戴河非常海公寓,酒店住宿,其他,119.421467,39.791594,hotel
poi_hotel.csv,京绣缘酒店,酒店住宿,其他,119.420497,39.793246,hotel
poi_hotel.csv,花美时豪华酒店,酒店住宿,其他,119.418421,39.79205,hotel
poi_hotel.csv,南戴河天马公寓,酒店住宿,其他,119.418529,39.790101,hotel
poi_hotel.csv,环游旅馆,酒店住宿,舒适型酒店,119.418623,39.794024,hotel
poi_hotel.csv,秦皇岛南戴河后巷民宿酒店,酒店住宿,青旅,119.419729,39.794319,hotel
poi_hotel.csv,北戴河千禾沐公寓豪华酒店,酒店住宿,其他,119.422706,39.79195,hotel
poi_hotel.csv,秦皇岛吴悠公寓,酒店住宿,其他,119.420299,39.7924,hotel
poi_hotel.csv,大同铁联南戴河云冈豪华酒店,酒店住宿,其他,119.422593,39.789751,hotel
poi_hotel.csv,新金石宾馆,酒店住宿,其他,119.420918,39.790742,hotel
poi_hotel.csv,秦皇岛平安是福李姐公寓,酒店住宿,其他,119.420989,39.794316,hotel
poi_hotel.csv,南戴河夏都海岸度假公寓,酒店住宿,其他,119.420018,39.790027,hotel
poi_hotel.csv,南戴河新海浪屿豪华酒店,酒店住宿,其他,119.417621,39.789107,hotel
poi_hotel.csv,南戴河大同铁联培训学校,酒店住宿,其他,119.422511,39.789681,hotel
poi_hotel.csv,秦皇岛南戴河近海农家院,酒店住宿,其他,119.423714,39.794519,hotel
poi_hotel.csv,良宿·Coast海景公寓豪华酒店,酒店住宿,其他,119.422886,39.792024000000005,hotel
poi_hotel.csv,南戴河夏都海岸海景公寓豪华酒店,酒店住宿,其他,119.419929,39.790382,hotel
poi_hotel.csv,北戴河新区云裳酒店,酒店住宿,舒适型酒店,119.419911,39.793691,hotel
poi_hotel.csv,缘爱酒店,酒店住宿,其他,119.422524,39.794684,hotel
poi_hotel.csv,南戴河海岸威尼斯酒店,酒店住宿,其他,119.418047,39.793225,hotel
poi_hotel.csv,秦皇岛海岸高层望海房民宿酒店,酒店住宿,其他,119.420252,39.792922,hotel
poi_hotel.csv,秦皇岛北戴河新区享海民宿酒店,酒店住宿,其他,119.419222,39.793983,hotel
poi_hotel.csv,米朵的院,酒店住宿,其他,119.419479,39.794401,hotel
poi_hotel.csv,那由她民宿酒店,酒店住宿,舒适型酒店,119.419247,39.794201,hotel
poi_hotel.csv,南戴河近海温馨公寓,酒店住宿,其他,119.421088,39.794067000000005,hotel
poi_hotel.csv,九月天民宿酒店,酒店住宿,舒适型酒店,119.42298,39.794791,hotel
poi_hotel.csv,倚海45度假公寓,酒店住宿,舒适型酒店,119.421531,39.79408299999999,hotel
poi_hotel.csv,南戴河无名旅馆,酒店住宿,舒适型酒店,119.422623,39.792972000000006,hotel
poi_hotel.csv,秦皇岛海之歌刘姐旅馆,酒店住宿,其他,119.418001,39.790868,hotel
poi_hotel.csv,浡轩老爸联德民宿酒店,酒店住宿,其他,119.419927,39.793073,hotel
poi_hotel.csv,溪亭小筑民宿酒店,酒店住宿,其他,119.419745,39.793968,hotel
poi_hotel.csv,聆海酒店,酒店住宿,其他,119.417486,39.789135,hotel
poi_hotel.csv,南戴河夏都海岸度假公寓A座,酒店住宿,其他,119.420125,39.790087,hotel
poi_hotel.csv,联德豪华酒店,酒店住宿,其他,119.420094,39.792843,hotel
poi_hotel.csv,秦皇岛房东老宁度假别墅,酒店住宿,其他,119.419068,39.794622,hotel
poi_hotel.csv,秦皇岛海边的房东可子公寓,酒店住宿,其他,119.422319,39.791889,hotel
poi_hotel.csv,秦皇岛南戴河花美时民宿,酒店住宿,其他,119.418268,39.791809,hotel
poi_hotel.csv,秦皇岛丁庄民宿,酒店住宿,其他,119.42359,39.792036,hotel
poi_hotel.csv,云栖·轻奢海景公寓酒店,酒店住宿,其他,119.422775,39.792018,hotel
poi_hotel.csv,秦皇岛轩宝妈妈公寓,酒店住宿,其他,119.420124,39.792777,hotel
poi_hotel.csv,秦皇岛黄金海岸东方假日公寓,酒店住宿,其他,119.420461,39.789978,hotel
poi_hotel.csv,夏都海岸美佳·HOME海景公寓,酒店住宿,其他,119.419867,39.790367,hotel
poi_hotel.csv,秦皇岛海之韵假日公寓,酒店住宿,其他,119.418363,39.793485,hotel
poi_hotel.csv,秦皇岛海欣农家院,酒店住宿,其他,119.418151,39.792256,hotel
poi_hotel.csv,秦皇岛1410陈亮公寓,酒店住宿,其他,119.422958,39.791554,hotel
poi_hotel.csv,南戴河夏都海岸B座唯景豪华酒店公寓,酒店住宿,其他,119.422794,39.792019,hotel
poi_hotel.csv,秦皇岛海洋之心公寓,酒店住宿,其他,119.421121,39.793621,hotel
poi_hotel.csv,抚顺矿业集团南戴河疗养院,酒店住宿,其他,119.4211,39.794562,hotel
poi_hotel.csv,秦皇岛啊霞日租房公寓,酒店住宿,其他,119.421462,39.791618,hotel
poi_hotel.csv,鹤岗矿业集团南戴河疗养院,酒店住宿,其他,119.422079,39.790406,hotel
poi_hotel.csv,秦皇岛假期聚会烧烤海边party别墅日租,酒店住宿,其他,119.420465,39.789957,hotel
poi_hotel.csv,秦皇岛南戴河海滨度假民宿,酒店住宿,其他,119.420308,39.792373,hotel
poi_hotel.csv,首钢鸥洲豪华酒店,酒店住宿,舒适型酒店,119.408281,39.796495,hotel
poi_hotel.csv,秦皇岛南戴河新诚公寓,酒店住宿,其他,119.406151,39.798927,hotel
poi_hotel.csv,南戴河滨海新城家庭公寓,酒店住宿,舒适型酒店,119.407523,39.799425,hotel
poi_hotel.csv,秦皇岛小亮公寓,酒店住宿,其他,119.404968,39.798189,hotel
poi_hotel.csv,秦皇岛南戴河欧洲民宿酒店,酒店住宿,其他,119.40865,39.795523,hotel
poi_hotel.csv,秦皇岛房东美慧公寓,酒店住宿,其他,119.408935,39.800455,hotel
poi_hotel.csv,聚缘豪华酒店,酒店住宿,其他,119.408367,39.796705,hotel
poi_hotel.csv,秦皇岛段誉公寓,酒店住宿,其他,119.410156,39.795831,hotel
poi_hotel.csv,秦皇岛房东宇姐公寓,酒店住宿,其他,119.407554,39.799412,hotel
poi_hotel.csv,秦皇岛老赵家公寓,酒店住宿,其他,119.407565,39.798248,hotel
poi_hotel.csv,秦皇岛女日租房主公寓,酒店住宿,其他,119.408259,39.79975,hotel
poi_hotel.csv,南戴河赵姨家公寓,酒店住宿,其他,119.40909,39.798922,hotel
poi_hotel.csv,秦皇岛华晗公寓,酒店住宿,其他,119.410035,39.80075600000001,hotel
poi_hotel.csv,秦皇岛yzcbaby1225公寓,酒店住宿,其他,119.405317,39.799517,hotel
poi_hotel.csv,秦皇岛红阳海鲜公寓,酒店住宿,其他,119.409176,39.800036,hotel
poi_hotel.csv,秦皇岛叁痕公寓,酒店住宿,其他,119.410152,39.795976,hotel
poi_hotel.csv,秦皇岛南戴河雪儿姐民宿酒店,酒店住宿,其他,119.404915,39.798956,hotel
poi_hotel.csv,南戴河首钢欧洲小区公寓,酒店住宿,其他,119.40906,39.794946,hotel
poi_hotel.csv,秦皇岛小浣熊精品公寓,酒店住宿,其他,119.409532,39.795939,hotel
poi_hotel.csv,孙女士公寓,酒店住宿,其他,119.409386,39.79889,hotel
poi_hotel.csv,秦皇岛王艳娟公寓,酒店住宿,其他,119.410747,39.795913,hotel
poi_hotel.csv,秦皇岛南戴河近海家庭公寓,酒店住宿,其他,119.408096,39.800066,hotel
poi_hotel.csv,海滨民宿,酒店住宿,其他,119.407502,39.799411,hotel
poi_hotel.csv,南戴河海边家庭民宿酒店,酒店住宿,舒适型酒店,119.405257,39.795502,hotel
poi_hotel.csv,水木民宿,酒店住宿,其他,119.40669,39.798383,hotel
poi_hotel.csv,秦皇岛面朝大海春暖花开公寓,酒店住宿,其他,119.405739,39.799023,hotel
poi_hotel.csv,秦皇岛a云淡风轻公寓,酒店住宿,其他,119.411078,39.79565,hotel
poi_hotel.csv,秦皇岛陈川公寓,酒店住宿,其他,119.411088,39.795615,hotel
poi_hotel.csv,秦皇岛孙德才公寓,酒店住宿,其他,119.409734,39.795632,hotel
poi_hotel.csv,秦皇岛倚栏听风公寓,酒店住宿,其他,119.409413,39.800086,hotel
poi_hotel.csv,秦皇岛净随吾心公寓,酒店住宿,其他,119.41047,39.79809,hotel
poi_hotel.csv,秦皇岛宁静休息家公寓,酒店住宿,其他,119.411023,39.795588,hotel
poi_hotel.csv,秦皇岛游玩如家公寓,酒店住宿,其他,119.408125,39.799291,hotel
poi_hotel.csv,秦皇岛公寓老板,酒店住宿,其他,119.40498,39.79879,hotel
poi_hotel.csv,秦皇岛归·宿公寓,酒店住宿,其他,119.410227,39.797183,hotel
poi_hotel.csv,秦皇岛好运自家公寓,酒店住宿,其他,119.409996,39.801242,hotel
poi_hotel.csv,美顺家庭公寓,酒店住宿,其他,119.40702,39.799303,hotel
poi_hotel.csv,秦皇岛南戴河乐子公寓,酒店住宿,其他,119.405727,39.798743,hotel
poi_hotel.csv,王禹铭公寓,酒店住宿,其他,119.40751,39.798077,hotel
poi_hotel.csv,秦皇岛南戴河乐子公寓,酒店住宿,其他,119.404919,39.798944000000006,hotel
poi_hotel.csv,秦皇岛洋洋美家民宿,酒店住宿,其他,119.40499,39.798924,hotel
poi_hotel.csv,超奈斯别墅民宿,酒店住宿,其他,119.405717,39.798728,hotel
poi_hotel.csv,秦皇岛南戴河乐子公寓,酒店住宿,其他,119.410941,39.797412,hotel
poi_hotel.csv,秦皇岛南戴河乐子公寓,酒店住宿,其他,119.405122,39.798249000000006,hotel
poi_hotel.csv,秦皇岛南戴河观海温馨一居公寓,酒店住宿,舒适型酒店,119.410368,39.795009,hotel
poi_hotel.csv,秦皇岛福佑居公寓,酒店住宿,其他,119.408206,39.796691,hotel
poi_hotel.csv,李佳女士公寓,酒店住宿,其他,119.408248,39.800608,hotel
poi_hotel.csv,秦皇岛小浣熊zZ精品公寓,酒店住宿,其他,119.409598,39.795948,hotel
poi_hotel.csv,宾至如归1公寓,酒店住宿,其他,119.409882,39.796802,hotel
poi_hotel.csv,秦皇岛海岸林亭家庭公寓,酒店住宿,其他,119.406184,39.799125,hotel
poi_hotel.csv,陈老师家庭公寓,酒店住宿,其他,119.410401,39.797383,hotel
poi_hotel.csv,秦皇岛走进漫时光普通公寓,酒店住宿,其他,119.410805,39.795936,hotel
poi_hotel.csv,秦皇岛旅游小向导公寓,酒店住宿,其他,119.410456,39.798313,hotel
poi_hotel.csv,啊霞日租房公寓,酒店住宿,其他,119.404915,39.798908,hotel
poi_hotel.csv,秦皇岛华贸蔚蓝海岸公寓,酒店住宿,其他,119.406278,39.79581099999999,hotel
poi_hotel.csv,秦皇岛吕姐南戴河特色民宿,酒店住宿,其他,119.408863,39.798147,hotel
poi_hotel.csv,秦皇岛紫澜香郡近海公寓,酒店住宿,舒适型酒店,119.405785,39.796649,hotel
poi_hotel.csv,秦皇岛南戴河海边民宿家庭公寓,酒店住宿,其他,119.405265,39.795483,hotel
poi_hotel.csv,永安豪华酒店,酒店住宿,其他,119.414368,39.801648,hotel
poi_hotel.csv,鑫佳酒店,酒店住宿,其他,119.41604,39.805601,hotel
poi_hotel.csv,南戴河水岸星城豪华酒店式公寓,酒店住宿,其他,119.411395,39.807135,hotel
poi_hotel.csv,秦皇岛水岸如家公寓,酒店住宿,其他,119.411333,39.807195,hotel
poi_hotel.csv,秦皇岛安心公寓,酒店住宿,其他,119.413722,39.801323,hotel
poi_hotel.csv,南戴河温馨租公寓,酒店住宿,其他,119.411384,39.807108,hotel
poi_hotel.csv,秦皇岛荧光公寓,酒店住宿,其他,119.412269,39.801618,hotel
poi_hotel.csv,秦皇岛北戴河小伙民宿酒店,酒店住宿,其他,119.411286,39.807128000000006,hotel
poi_hotel.csv,南戴河近海150平公寓,酒店住宿,其他,119.413638,39.801423,hotel
poi_hotel.csv,秦皇岛婉居民宿,酒店住宿,其他,119.411447,39.806712,hotel
poi_hotel.csv,秦皇岛海边的星空跃层公寓,酒店住宿,其他,119.411334,39.80725,hotel
poi_hotel.csv,秦皇岛祥圆民宿酒店,酒店住宿,其他,119.411359,39.807133,hotel
poi_hotel.csv,秦皇岛草米友情公寓,酒店住宿,其他,119.41673,39.803367,hotel
poi_hotel.csv,南戴河赶海家庭公寓,酒店住宿,其他,119.411498,39.807279,hotel
poi_hotel.csv,秦皇岛小蕾的幸福小屋,酒店住宿,其他,119.413557,39.801945,hotel
poi_hotel.csv,秦皇岛蓝叶子公寓,酒店住宿,其他,119.414495,39.80235,hotel
poi_hotel.csv,秦皇岛RETFOLL公寓,酒店住宿,其他,119.417288,39.802696,hotel
poi_hotel.csv,秦皇岛蔚蓝的天蔚蓝的海温馨的家公寓,酒店住宿,其他,119.411431,39.807258,hotel
poi_hotel.csv,秦皇岛色彩缤纷公寓,酒店住宿,其他,119.412135,39.801770000000005,hotel
poi_hotel.csv,秦皇岛海边的温柔乡普通公寓,酒店住宿,其他,119.41218,39.801821,hotel
poi_hotel.csv,秦皇岛皓悦府豪华欧式看海洋房公寓,酒店住宿,其他,119.415319,39.803701,hotel
poi_hotel.csv,南戴河幸福里三室公寓,酒店住宿,其他,119.413411,39.801974,hotel
poi_hotel.csv,温馨家庭公寓,酒店住宿,其他,119.412436,39.801855,hotel
poi_hotel.csv,信誉公寓,酒店住宿,其他,119.412284,39.801579,hotel
poi_hotel.csv,秦皇岛丹丹1公寓,酒店住宿,其他,119.412293,39.801594,hotel
poi_hotel.csv,秦皇岛观海之家1公寓,酒店住宿,其他,119.413081,39.801608,hotel
poi_hotel.csv,秦皇岛倩儿公寓,酒店住宿,其他,119.4101,39.80753,hotel
poi_hotel.csv,秦皇岛公寓接待,酒店住宿,其他,119.410518,39.806494,hotel
poi_hotel.csv,南戴河之家豪华酒店式公寓,酒店住宿,其他,119.410778,39.807112,hotel
poi_hotel.csv,秦皇岛李思昂公寓,酒店住宿,其他,119.409443,39.807541,hotel
poi_hotel.csv,秦皇岛缘聚小筑,酒店住宿,其他,119.411191,39.806867,hotel
poi_hotel.csv,秦皇岛戴河水岸人家公寓,酒店住宿,其他,119.40826,39.806985000000005,hotel
poi_hotel.csv,南戴河海之恋公寓,酒店住宿,其他,119.411018,39.806943,hotel
poi_hotel.csv,秦皇岛王艳娟公寓,酒店住宿,其他,119.40994,39.806631,hotel
poi_hotel.csv,秦皇岛南戴河常丽家庭民宿酒店,酒店住宿,其他,119.408576,39.806724,hotel
poi_hotel.csv,秦皇岛李世东公寓,酒店住宿,其他,119.40891,39.807045,hotel
poi_hotel.csv,秦皇岛下雨的晴天公寓,酒店住宿,其他,119.409498,39.805673,hotel
poi_hotel.csv,秦皇岛爱你不悔公寓,酒店住宿,其他,119.408271,39.806531,hotel
poi_hotel.csv,秦皇岛璐157公寓,酒店住宿,其他,119.408822,39.807123,hotel
poi_hotel.csv,张继宇公寓,酒店住宿,其他,119.410879,39.807693,hotel
poi_hotel.csv,秦皇岛南戴河民宿公寓,酒店住宿,其他,119.409893,39.806695,hotel
poi_hotel.csv,秦皇岛萌琦琦公寓,酒店住宿,其他,119.410084,39.807556,hotel
poi_hotel.csv,南戴河幸福之家公寓,酒店住宿,其他,119.408445,39.806662,hotel
poi_hotel.csv,秦皇岛怕冷却爱上冰公寓,酒店住宿,其他,119.409898,39.806687,hotel
poi_hotel.csv,超奈斯别墅民宿,酒店住宿,其他,119.409863,39.806652,hotel
poi_hotel.csv,秦皇岛李静华公寓,酒店住宿,其他,119.409896,39.806674,hotel
poi_hotel.csv,秦皇岛策马奔腾共享人世繁华公寓,酒店住宿,其他,119.409324,39.806872,hotel
poi_hotel.csv,秦皇岛李晓花公寓,酒店住宿,其他,119.41089,39.806599,hotel
poi_hotel.csv,唐拉雅秀冉雯惠公寓,酒店住宿,其他,119.409882,39.806567,hotel
poi_hotel.csv,秦皇岛北戴河勿忘我公寓,酒店住宿,其他,119.409896,39.80664,hotel
poi_hotel.csv,陈晓宇公寓,酒店住宿,其他,119.411136,39.807287,hotel
poi_hotel.csv,秦皇岛90后包租婆公寓,酒店住宿,其他,119.408839,39.807147,hotel
poi_hotel.csv,秦皇岛啊霞日租房公寓,酒店住宿,其他,119.409486,39.807294,hotel
poi_hotel.csv,美顺家庭公寓,酒店住宿,其他,119.409855,39.806684,hotel
poi_hotel.csv,倚海45度度假公寓,酒店住宿,高档型酒店,119.422278,39.79615,hotel
poi_hotel.csv,秦皇岛随心公寓,酒店住宿,其他,119.422763,39.798147,hotel
poi_hotel.csv,洋成便捷酒店,酒店住宿,其他,119.417846,39.797026,hotel
poi_hotel.csv,华驿豪华酒店易居,酒店住宿,其他,119.422336,39.797705,hotel
poi_hotel.csv,星期日酒店,酒店住宿,其他,119.422148,39.797285,hotel
poi_hotel.csv,秦皇岛回头客超多的精品近海家庭房公寓,酒店住宿,其他,119.422696,39.797892,hotel
poi_hotel.csv,秦皇岛走世界公寓,酒店住宿,其他,119.42257,39.796206,hotel
poi_hotel.csv,秦皇岛小遇房东公寓,酒店住宿,其他,119.418516,39.796862,hotel
poi_hotel.csv,秦皇岛海韵家庭公寓,酒店住宿,其他,119.422786,39.798259,hotel
poi_hotel.csv,南戴河小李子民宿酒店,酒店住宿,其他,119.422967,39.795814,hotel
poi_hotel.csv,秦皇岛边比家美公寓,酒店住宿,其他,119.419251,39.797035,hotel
poi_hotel.csv,秦皇岛石军公寓,酒店住宿,其他,119.419928,39.796746,hotel
poi_hotel.csv,南戴河倚海海景公寓,酒店住宿,其他,119.42242,39.796076,hotel
poi_hotel.csv,秦皇岛家In公寓,酒店住宿,其他,119.418465,39.796787,hotel
poi_hotel.csv,秦皇岛阳阳民宿酒店,酒店住宿,其他,119.418911,39.794999,hotel
poi_hotel.csv,秦皇岛永远的童心公寓,酒店住宿,其他,119.418466,39.796794,hotel
poi_hotel.csv,秦皇岛肚肚公寓,酒店住宿,其他,119.422912,39.797251,hotel
poi_hotel.csv,OYO海天歌豪华酒店,酒店住宿,其他,119.42192,39.797521,hotel
poi_hotel.csv,秦皇岛强哥民宿,酒店住宿,其他,119.41854,39.796713,hotel
poi_hotel.csv,南戴河海韵兰香家庭公寓,酒店住宿,其他,119.417738,39.795176,hotel
poi_hotel.csv,秦皇岛倚海45度小月公寓,酒店住宿,其他,119.42297,39.795769,hotel
poi_hotel.csv,秦皇岛南戴河仙螺岛民宿酒店,酒店住宿,其他,119.418464,39.796851,hotel
poi_hotel.csv,南戴河海澜豪华酒店,酒店住宿,其他,119.419795,39.796948,hotel
poi_hotel.csv,秦皇岛超兴酒店,酒店住宿,舒适型酒店,119.422241,39.797923,hotel
poi_hotel.csv,秦皇岛北戴河看海洋房公寓,酒店住宿,其他,119.418493,39.796842,hotel
poi_hotel.csv,秦皇岛露露家公寓,酒店住宿,其他,119.419243,39.795071,hotel
poi_hotel.csv,秦皇岛香郡度假民宿酒店,酒店住宿,其他,119.418484,39.796897,hotel
poi_hotel.csv,秦皇岛澎湃近海温馨家庭公寓,酒店住宿,其他,119.418551,39.796255,hotel
poi_hotel.csv,南戴河168公寓,酒店住宿,其他,119.418584,39.79516,hotel
poi_hotel.csv,秦皇岛八月海公寓,酒店住宿,其他,119.422468,39.796058,hotel
poi_hotel.csv,秦皇岛观海庭院公寓,酒店住宿,其他,119.418517,39.796817,hotel
poi_hotel.csv,南戴河祖姐观海公寓,酒店住宿,其他,119.418975,39.794894,hotel
poi_hotel.csv,秦皇岛张纯辉公寓,酒店住宿,其他,119.422814,39.798244,hotel
poi_hotel.csv,秦皇岛晗晗宝贝6公寓,酒店住宿,其他,119.417585,39.795158,hotel
poi_hotel.csv,秦皇岛王一公寓,酒店住宿,舒适型酒店,119.422434,39.796115,hotel
poi_hotel.csv,秦皇岛成海燕公寓,酒店住宿,其他,119.417964,39.795665,hotel
poi_hotel.csv,途掌柜111743精品民宿酒店,酒店住宿,其他,119.418468,39.796804,hotel
poi_hotel.csv,秦皇岛庆烨的海景公寓,酒店住宿,其他,119.419624,39.796949000000005,hotel
poi_hotel.csv,秦皇岛语格民宿酒店,酒店住宿,其他,119.418531,39.796822,hotel
poi_hotel.csv,秦皇岛熊先生公寓,酒店住宿,其他,119.418449,39.796811000000005,hotel
poi_hotel.csv,南戴河小丽的幸福之家公寓,酒店住宿,其他,119.417954,39.796198,hotel
poi_hotel.csv,秦皇岛南戴河乐子公寓,酒店住宿,其他,119.41874,39.795389,hotel
poi_hotel.csv,秦皇岛北戴河假日海景公寓,酒店住宿,其他,119.422602,39.796108,hotel
poi_hotel.csv,秦皇岛用户1076柳女士民宿酒店,酒店住宿,其他,119.417929,39.795649,hotel
poi_hotel.csv,如家华驿酒店,酒店住宿,其他,119.422388,39.797631,hotel
poi_hotel.csv,秦皇岛邂逅友人公寓,酒店住宿,其他,119.418541,39.79674,hotel
poi_hotel.csv,秦皇岛阿秋公寓,酒店住宿,其他,119.418507,39.796877,hotel
poi_hotel.csv,秦皇岛观海之家1公寓,酒店住宿,其他,119.422775,39.795737,hotel
poi_hotel.csv,秦皇岛途掌柜111746精品民宿酒店,酒店住宿,其他,119.41852,39.7968,hotel
poi_hotel.csv,南戴河旅游策划师公寓,酒店住宿,其他,119.418688,39.79675,hotel
poi_hotel.csv,秦皇岛啊霞日租房公寓,酒店住宿,其他,119.423102,39.795953,hotel
poi_hotel.csv,秦皇岛三姐的亲海小屋,酒店住宿,其他,119.422768,39.798281,hotel
poi_hotel.csv,秦皇岛南戴河家庭公寓,酒店住宿,其他,119.422725,39.798546,hotel
poi_hotel.csv,秦皇岛北京新国展商旅之家公寓,酒店住宿,其他,119.422926,39.795824,hotel
poi_hotel.csv,东海豪华酒店,酒店住宿,其他,119.421898,39.797681,hotel
poi_hotel.csv,秦皇岛郭玮公寓,酒店住宿,其他,119.41874,39.796775,hotel
poi_hotel.csv,倚海45度公寓,酒店住宿,其他,119.421922,39.795673,hotel
poi_hotel.csv,瞰海一线海景公寓,酒店住宿,其他,119.418505,39.796862,hotel
poi_hotel.csv,秦皇岛北戴河近邻南戴河温馨近海公寓,酒店住宿,其他,119.420809,39.79724,hotel
poi_hotel.csv,秦皇岛南戴河家庭房公寓,酒店住宿,其他,119.422597,39.796081,hotel
poi_hotel.csv,秦皇岛倚海风情主题民宿,酒店住宿,其他,119.422552,39.796261,hotel
poi_hotel.csv,秦皇岛南戴河驿旅阳光近海家庭公寓,酒店住宿,其他,119.422581,39.79697,hotel
poi_hotel.csv,秦皇岛晗晗宝贝特色民宿,酒店住宿,其他,119.41763,39.795098,hotel
poi_hotel.csv,南戴河瞰海一线海景公寓,酒店住宿,其他,119.422696,39.796061,hotel
poi_hotel.csv,海岸风情海景公寓,酒店住宿,其他,119.422569,39.795752,hotel
poi_hotel.csv,秦皇岛快乐金艳别墅,酒店住宿,其他,119.422274,39.796139,hotel
poi_hotel.csv,秦皇岛甜甜的梦之旅公寓,酒店住宿,其他,119.422182,39.796127,hotel
poi_hotel.csv,宜家酒店,酒店住宿,舒适型酒店,119.425642,39.795561,hotel
poi_hotel.csv,汉庭酒店,酒店住宿,舒适型酒店,119.42633,39.797465,hotel
poi_hotel.csv,秦皇岛鑫荣酒店,酒店住宿,舒适型酒店,119.423759,39.798326,hotel
poi_hotel.csv,梦艳酒店,酒店住宿,舒适型酒店,119.425149,39.795238000000005,hotel
poi_hotel.csv,秦皇岛同煤民宿酒店,酒店住宿,其他,119.429091,39.798152,hotel
poi_hotel.csv,秦皇岛海边特色农家院,酒店住宿,其他,119.42443,39.794988,hotel
poi_hotel.csv,南戴河国检酒店,酒店住宿,舒适型酒店,119.429479,39.795512,hotel
poi_hotel.csv,海岛柒号农家院,酒店住宿,其他,119.425471,39.795145000000005,hotel
poi_hotel.csv,缘园旅店,酒店住宿,舒适型酒店,119.425078,39.79517,hotel
poi_hotel.csv,鑫馨酒店,酒店住宿,舒适型酒店,119.425812,39.795294,hotel
poi_hotel.csv,北戴河朝朝巢民宿酒店,酒店住宿,舒适型酒店,119.42574,39.795241,hotel
poi_hotel.csv,大同公寓,酒店住宿,舒适型酒店,119.428728,39.797924,hotel
poi_hotel.csv,南戴河海朵海景公寓,酒店住宿,其他,119.427133,39.798124,hotel
poi_hotel.csv,南戴河海立方公寓,酒店住宿,其他,119.427322,39.798183,hotel
poi_hotel.csv,秦皇岛沐阳ww别墅,酒店住宿,其他,119.426944,39.797201,hotel
poi_hotel.csv,秦皇岛南嘉民宿酒店,酒店住宿,舒适型酒店,119.426642,39.796983,hotel
poi_hotel.csv,南戴河宝哥公寓,酒店住宿,其他,119.427885,39.798713,hotel
poi_hotel.csv,秦皇岛小高三公寓,酒店住宿,其他,119.426445,39.79649,hotel
poi_hotel.csv,南戴河沐阳酒店,酒店住宿,舒适型酒店,119.426784,39.797333,hotel
poi_hotel.csv,戴河一线海岸公寓,酒店住宿,其他,119.427401,39.797986,hotel
poi_hotel.csv,秦皇岛佳佳临海民宿酒店,酒店住宿,其他,119.426323,39.796307,hotel
poi_hotel.csv,南戴河近海家庭民宿酒店,酒店住宿,其他,119.424999,39.795632,hotel
poi_hotel.csv,南戴河福泽酒店,酒店住宿,舒适型酒店,119.424772,39.795353,hotel
poi_hotel.csv,喜多多假日豪华酒店,酒店住宿,其他,119.427461,39.798047,hotel
poi_hotel.csv,秦皇岛乾泰公寓,酒店住宿,其他,119.424542,39.795363,hotel
poi_hotel.csv,希岸酒店,酒店住宿,其他,119.425489,39.796779,hotel
poi_hotel.csv,迎泽酒店,酒店住宿,舒适型酒店,119.426066,39.795953,hotel
poi_hotel.csv,海之歌姐妹酒店,酒店住宿,其他,119.425455,39.795511,hotel
poi_hotel.csv,顺义酒店,酒店住宿,舒适型酒店,119.42545,39.795517,hotel
poi_hotel.csv,百米别墅,酒店住宿,其他,119.42741,39.798342000000005,hotel
poi_hotel.csv,秦皇岛MR小苏公寓,酒店住宿,其他,119.427708,39.80119,hotel
poi_hotel.csv,秦皇岛来看海吧公寓,酒店住宿,其他,119.426165,39.799341,hotel
poi_hotel.csv,花筑·秦皇岛临海听涛别墅,酒店住宿,其他,119.427886,39.79754,hotel
poi_hotel.csv,秦皇岛杨女士公寓,酒店住宿,其他,119.427846,39.801276,hotel
poi_hotel.csv,秦皇岛校园风光民宿,酒店住宿,其他,119.427714,39.80123,hotel
poi_hotel.csv,金之旅公寓,酒店住宿,其他,119.4278,39.798172,hotel
poi_hotel.csv,喜多多民宿,酒店住宿,舒适型酒店,119.426586,39.797646,hotel
poi_hotel.csv,夏盛民宿酒店,酒店住宿,舒适型酒店,119.424459,39.795726,hotel
poi_hotel.csv,秦皇岛南戴河吉如酒店,酒店住宿,舒适型酒店,119.425021,39.797154,hotel
poi_hotel.csv,杨女士民宿,酒店住宿,其他,119.426302,39.797078,hotel
poi_hotel.csv,秦皇岛温婉公寓,酒店住宿,其他,119.425196,39.796208,hotel
poi_hotel.csv,秦皇岛乾泰特色民宿,酒店住宿,其他,119.424564,39.795473,hotel
poi_hotel.csv,近海温馨的家公寓,酒店住宿,其他,119.424915,39.795531,hotel
poi_hotel.csv,秦皇岛南戴河校园家庭公寓,酒店住宿,其他,119.425347,39.799945,hotel
poi_hotel.csv,秦皇岛草莓学院公寓,酒店住宿,其他,119.425423,39.800813,hotel
poi_hotel.csv,秦皇岛戴河国际海之恋公寓,酒店住宿,其他,119.429892,39.800193,hotel
poi_hotel.csv,一里海民宿,酒店住宿,其他,119.425859,39.795772,hotel
poi_hotel.csv,秦皇岛晓靖公寓,酒店住宿,其他,119.426482,39.796476,hotel
poi_hotel.csv,庭院豪华洋房3号别墅,酒店住宿,其他,119.427335,39.798439,hotel
poi_hotel.csv,马红印民宿,酒店住宿,其他,119.425643,39.795797,hotel
poi_hotel.csv,秦皇岛北戴河新区悦然旅馆,酒店住宿,舒适型酒店,119.424912,39.795416,hotel
poi_hotel.csv,非繁·亚几木酒店,酒店住宿,其他,119.424664,39.796126,hotel
poi_hotel.csv,望海私家公寓,酒店住宿,其他,119.427333,39.798202,hotel
poi_hotel.csv,南戴河陈老师家庭公寓,酒店住宿,其他,119.426172,39.800373,hotel
poi_hotel.csv,秦皇岛海边的温馨公寓,酒店住宿,其他,119.426347,39.799501,hotel
poi_hotel.csv,非繁·亚几木豪华酒店秦皇岛北戴河仙螺岛店大堂,酒店住宿,其他,119.424661,39.796093,hotel
poi_hotel.csv,秦皇岛暗里着迷民宿,酒店住宿,其他,119.424922,39.795506,hotel
poi_hotel.csv,高扬酒店,酒店住宿,舒适型酒店,119.425159,39.795238,hotel
poi_hotel.csv,秦皇岛大门牙蔡老师公寓,酒店住宿,其他,119.42598,39.798407,hotel
poi_hotel.csv,秦皇岛宇辰海景私宅公寓,酒店住宿,其他,119.42777,39.797863,hotel
poi_hotel.csv,秦皇岛宇辰海景私宅公寓,酒店住宿,其他,119.42784,39.797871,hotel
poi_hotel.csv,秦皇岛南戴河外语学院公寓,酒店住宿,其他,119.426524,39.799474,hotel
poi_hotel.csv,顺喜旅馆,酒店住宿,舒适型酒店,119.424896,39.795077,hotel
poi_hotel.csv,经济便捷家庭公寓,酒店住宿,其他,119.426313,39.798333,hotel
poi_hotel.csv,秦皇岛南戴河的海公寓,酒店住宿,其他,119.427447,39.798223,hotel
poi_hotel.csv,近海家庭公寓,酒店住宿,其他,119.42926,39.800321,hotel
poi_hotel.csv,秦皇岛会飞的小蜗牛公寓,酒店住宿,其他,119.427372,39.798332,hotel
poi_hotel.csv,秦皇岛南戴河温馨日租公寓,酒店住宿,其他,119.426679,39.79693,hotel
poi_hotel.csv,秦皇岛海边的房东可子度假别墅,酒店住宿,其他,119.427487,39.797242,hotel
poi_hotel.csv,静泽酒店,酒店住宿,舒适型酒店,119.425525,39.795147,hotel
poi_hotel.csv,南戴河半岛喜多多公寓酒店,酒店住宿,其他,119.427453,39.798328,hotel
poi_hotel.csv,秦皇岛南戴河仙螺岛附近带院别墅可烧烤做饭,酒店住宿,其他,119.427189,39.796759,hotel
poi_hotel.csv,秦皇岛南戴河天马浴场三室一厅,酒店住宿,其他,119.424931,39.795536,hotel
poi_hotel.csv,秦皇岛于小燕公寓,酒店住宿,其他,119.42615,39.801551,hotel
poi_hotel.csv,秦皇岛吴江红公寓,酒店住宿,其他,119.426325,39.801349,hotel
poi_hotel.csv,秦皇岛阳光1968公寓,酒店住宿,其他,119.426178,39.801569,hotel
poi_hotel.csv,秦皇岛近海临河电梯公寓,酒店住宿,其他,119.426291,39.801526,hotel
poi_hotel.csv,秦皇岛汤女士公寓,酒店住宿,其他,119.427308,39.803492,hotel
poi_hotel.csv,秦皇岛陈老师家庭公寓,酒店住宿,其他,119.42644,39.801528,hotel
poi_hotel.csv,秦皇岛赵利安公寓,酒店住宿,舒适型酒店,119.426736,39.80142,hotel
poi_hotel.csv,南戴河艾家公寓,酒店住宿,其他,119.42597,39.801982,hotel
poi_hotel.csv,秦皇岛王会茹公寓,酒店住宿,其他,119.426032,39.801846,hotel
poi_hotel.csv,南戴河Lily公寓,酒店住宿,其他,119.426694,39.801777,hotel
poi_hotel.csv,秦皇岛杨老师家庭公寓,酒店住宿,其他,119.426262,39.801898,hotel
poi_hotel.csv,秦皇岛南戴河外语学院家庭公寓,酒店住宿,其他,119.425812,39.802286,hotel
poi_hotel.csv,秦皇岛小窝旅途之家公寓,酒店住宿,其他,119.42618,39.801539,hotel
poi_hotel.csv,秦皇岛雅途公寓,酒店住宿,舒适型酒店,119.426182,39.801903,hotel
poi_hotel.csv,秦皇岛侯侯的家普通公寓,酒店住宿,其他,119.426426,39.801593,hotel
poi_hotel.csv,南戴河陈老师家庭公寓2号店,酒店住宿,其他,119.42646,39.801529,hotel
poi_hotel.csv,秦皇岛于小燕公寓,酒店住宿,其他,119.426362,39.801701,hotel
poi_hotel.csv,南戴河外语学院公寓,酒店住宿,其他,119.426594,39.801389,hotel
poi_hotel.csv,南戴河近海家庭公寓,酒店住宿,其他,119.426307,39.801791,hotel
poi_hotel.csv,秦皇岛茶山饮冰公寓,酒店住宿,其他,119.426206,39.801546,hotel
poi_hotel.csv,秦皇岛晗晗宝贝6公寓,酒店住宿,其他,119.426163,39.801635,hotel
poi_hotel.csv,秦皇岛汤女士公寓,酒店住宿,其他,119.427287,39.803522,hotel
poi_hotel.csv,北戴河外国语职业学院马老师家庭公寓,酒店住宿,其他,119.426057,39.801858,hotel
poi_hotel.csv,秦皇岛大学校园近海临海家庭公寓,酒店住宿,其他,119.426338,39.801812,hotel
poi_hotel.csv,秦皇岛北戴河新区南戴河距海500米家庭公寓,酒店住宿,其他,119.426378,39.801774,hotel
poi_hotel.csv,秦皇岛咸咸的海风公寓,酒店住宿,其他,119.418056,39.802572,hotel
poi_hotel.csv,南戴河赵骑露公寓,酒店住宿,其他,119.418057,39.802628,hotel
poi_hotel.csv,秦皇岛李洋1314公寓,酒店住宿,其他,119.418787,39.803212,hotel
poi_hotel.csv,南戴河近海小洋房民宿酒店,酒店住宿,其他,119.417877,39.803688,hotel
poi_hotel.csv,南戴河紫澜香郡三室一厅公寓,酒店住宿,其他,119.418109,39.802684,hotel
poi_hotel.csv,秦皇岛幸福浩家公寓,酒店住宿,其他,119.420628,39.804232,hotel
poi_hotel.csv,秦皇岛李雅娇公寓,酒店住宿,其他,119.418093,39.80291,hotel
poi_hotel.csv,秦皇岛相约北戴河公寓,酒店住宿,其他,119.417667,39.803291,hotel
poi_hotel.csv,秦皇岛艺宁家园公寓,酒店住宿,其他,119.417721,39.803495,hotel
poi_hotel.csv,南戴河紫澜香郡近海公寓,酒店住宿,其他,119.417916,39.802991000000006,hotel
poi_hotel.csv,秦皇岛站在大海边等您公寓,酒店住宿,其他,119.418113,39.803098,hotel
poi_hotel.csv,佳佳888公寓,酒店住宿,其他,119.417891,39.803001,hotel
poi_hotel.csv,秦皇岛南戴河之近海仙螺岛三室两厅两卫一厨公寓,酒店住宿,其他,119.418493,39.802329,hotel
poi_hotel.csv,秦皇岛河北张先生公寓,酒店住宿,其他,119.418109,39.802998,hotel
poi_hotel.csv,秦皇岛南戴河紫澜香郡近海精致公寓,酒店住宿,其他,119.417773,39.803398,hotel
poi_hotel.csv,秦皇岛南戴河紫澜香郡精装临海房公寓,酒店住宿,其他,119.418079,39.80293,hotel
poi_hotel.csv,秦皇岛天峰酒店,酒店住宿,其他,119.422434,39.851071,hotel
poi_hotel.csv,秦皇岛百顺酒店,酒店住宿,其他,119.423349,39.851227,hotel
poi_hotel.csv,秦皇岛鼎福快捷酒店,酒店住宿,其他,119.422078,39.850817,hotel
poi_hotel.csv,秦皇岛成火酒店,酒店住宿,其他,119.423244,39.851155,hotel
poi_hotel.csv,秦皇岛品格酒店,酒店住宿,其他,119.421748,39.849086,hotel
poi_hotel.csv,北戴河旺客酒店,酒店住宿,其他,119.419495,39.848798,hotel
poi_hotel.csv,畅畅酒店·网吧,酒店住宿,其他,119.421052,39.849575,hotel
poi_hotel.csv,福缘酒店,酒店住宿,其他,119.422099,39.850567,hotel
poi_hotel.csv,秦皇岛嘉菲假日豪华酒店,酒店住宿,其他,119.420182,39.849167,hotel
poi_hotel.csv,秦皇岛晏欣酒店,酒店住宿,其他,119.420423,39.849268,hotel
poi_hotel.csv,福悦酒店,酒店住宿,其他,119.42153,39.849786,hotel
poi_hotel.csv,昆岳·宾馆·超级市场,酒店住宿,其他,119.421627,39.848739,hotel
poi_hotel.csv,惠菲豪华酒店,酒店住宿,其他,119.419838,39.849106,hotel
poi_hotel.csv,秦皇岛钲航酒店,酒店住宿,其他,119.419356,39.848792,hotel
poi_hotel.csv,秦皇岛悦尚酒店,酒店住宿,其他,119.420255,39.849179,hotel
poi_hotel.csv,北戴河福悦便捷酒店,酒店住宿,其他,119.421603,39.849503,hotel
poi_hotel.csv,秦皇岛海渤酒店,酒店住宿,其他,119.423541,39.851328,hotel
poi_hotel.csv,北戴河钰海酒店,酒店住宿,其他,119.420643,39.849432,hotel
poi_hotel.csv,秦皇岛翰林快捷假日豪华酒店,酒店住宿,其他,119.420915,39.849608,hotel
poi_hotel.csv,秦皇岛瑞庭便捷酒店,酒店住宿,其他,119.420351,39.849244,hotel
poi_hotel.csv,秦皇岛畅畅酒店,酒店住宿,其他,119.421144,39.849589,hotel
poi_hotel.csv,秦皇岛朗悦便捷酒店,酒店住宿,其他,119.421598,39.849498,hotel
poi_hotel.csv,北戴河悦庭酒店,酒店住宿,其他,119.419958,39.848701000000005,hotel
poi_hotel.csv,北戴河昆岳快捷酒店,酒店住宿,其他,119.421667,39.848698,hotel
poi_hotel.csv,秦皇岛鹏亮酒店,酒店住宿,其他,119.420406,39.849371000000005,hotel
poi_hotel.csv,秦皇岛清清酒店,酒店住宿,其他,119.421557,39.848737,hotel
poi_hotel.csv,秦皇岛优悦酒店,酒店住宿,其他,119.420823,39.849483,hotel
poi_hotel.csv,嘉龙酒店,酒店住宿,舒适型酒店,119.420087,39.848941,hotel
poi_hotel.csv,秦皇岛赵女土民宿酒店,酒店住宿,其他,119.420672,39.851431,hotel
poi_hotel.csv,秦皇岛音之家公寓,酒店住宿,其他,119.419963,39.851272,hotel
poi_hotel.csv,秦皇岛天普温馨旅馆,酒店住宿,其他,119.422353,39.851043,hotel
poi_hotel.csv,秦皇岛源缘酒店,酒店住宿,其他,119.420233,39.849195,hotel
poi_hotel.csv,秦皇岛北戴河金鑫快捷酒店,酒店住宿,其他,119.419718,39.849138,hotel
poi_hotel.csv,白玉兰酒店,酒店住宿,其他,119.421345,39.849732,hotel
poi_hotel.csv,秦皇岛北戴河优悦民宿,酒店住宿,其他,119.4211,39.849653,hotel
poi_hotel.csv,秦皇岛北戴河火车站温馨家园公寓,酒店住宿,其他,119.419968,39.847108,hotel
poi_hotel.csv,华盟酒店,酒店住宿,其他,119.42457,39.85146,hotel
poi_hotel.csv,秦皇岛旭达酒店,酒店住宿,其他,119.42365,39.851334,hotel
poi_hotel.csv,北戴河站前巴黎公寓,酒店住宿,其他,119.42681,39.852242,hotel
poi_hotel.csv,秦皇岛甄翌洋子公寓,酒店住宿,其他,119.426767,39.852251,hotel
poi_hotel.csv,星程民宿酒店,酒店住宿,其他,119.429361,39.851453,hotel
poi_hotel.csv,秦皇岛娃窝青葱岁月民宿酒店,酒店住宿,其他,119.427252,39.857707000000005,hotel
poi_hotel.csv,半山听雨·民宿酒店,酒店住宿,其他,119.426231,39.857913,hotel
poi_hotel.csv,娃窝轰趴别墅,酒店住宿,其他,119.42705,39.857655,hotel
poi_hotel.csv,秦皇岛烙画师之家公寓,酒店住宿,其他,119.429744,39.855382000000006,hotel
poi_hotel.csv,燕祥居,酒店住宿,其他,119.260851,39.861328,hotel
poi_hotel.csv,秦皇岛厚德豪华酒店,酒店住宿,其他,119.255266,39.869233,hotel
poi_hotel.csv,秦皇岛翰林公寓豪华酒店,酒店住宿,其他,119.256969,39.869682000000005,hotel
poi_hotel.csv,双桥旅社,酒店住宿,舒适型酒店,118.948268,40.403806,hotel
poi_hotel.csv,青龙鸿纬快捷酒店,酒店住宿,其他,118.945319,40.400486,hotel
poi_hotel.csv,青龙全鑫快捷酒店,酒店住宿,其他,118.945668,40.400486,hotel
poi_hotel.csv,健利酒店,酒店住宿,其他,118.948925,40.401086,hotel
poi_hotel.csv,友谊宾馆,酒店住宿,其他,118.948199,40.403962,hotel
poi_hotel.csv,红太阳大豪华酒店,酒店住宿,其他,118.953288,40.401467,hotel
poi_hotel.csv,青龙河山酒店,酒店住宿,其他,118.949982,40.400755,hotel
poi_hotel.csv,正点酒店,酒店住宿,其他,118.949694,40.400794,hotel
poi_hotel.csv,中兴旅社,酒店住宿,舒适型酒店,118.955428,40.404567,hotel
poi_hotel.csv,中兴旅社,酒店住宿,其他,118.955361,40.404567,hotel
poi_hotel.csv,青龙泰和酒店,酒店住宿,其他,118.951338,40.404775,hotel
poi_hotel.csv,四合商务豪华酒店,酒店住宿,其他,118.9521,40.404946,hotel
poi_hotel.csv,青龙立军豪华酒店,酒店住宿,其他,118.936303,40.402998,hotel
poi_hotel.csv,青龙万豪豪华酒店,酒店住宿,其他,118.937128,40.401058,hotel
poi_hotel.csv,青龙翠屏湾公寓,酒店住宿,其他,118.941859,40.401465,hotel
poi_hotel.csv,广缘酒店,酒店住宿,其他,118.935128,40.407156,hotel
poi_hotel.csv,林奇缘酒店,酒店住宿,其他,118.933694,40.404412,hotel
poi_hotel.csv,青龙锦大酒店,酒店住宿,其他,118.975616,40.40875,hotel
poi_hotel.csv,青龙县美居酒店,酒店住宿,舒适型酒店,118.971785,40.405892,hotel
poi_hotel.csv,恒昇酒店,酒店住宿,其他,118.969051,40.408741000000006,hotel
poi_hotel.csv,青龙客仙居酒店,酒店住宿,其他,118.969786,40.40593,hotel
poi_hotel.csv,永吉一号主题公寓,酒店住宿,其他,118.968937,40.409381,hotel
poi_hotel.csv,青龙澜庭快捷酒店,酒店住宿,其他,118.957869,40.402822,hotel
poi_hotel.csv,喜来喜商务酒店,酒店住宿,舒适型酒店,118.963224,40.404794,hotel
poi_hotel.csv,青龙三鑫酒店,酒店住宿,其他,118.967176,40.408662,hotel
poi_hotel.csv,顺鑫酒店,酒店住宿,舒适型酒店,118.966791,40.408377,hotel
poi_hotel.csv,红叶酒店,酒店住宿,舒适型酒店,118.965436,40.407509,hotel
poi_hotel.csv,祥隆泰酒店,酒店住宿,舒适型酒店,118.965507,40.406234,hotel
poi_hotel.csv,天原酒店,酒店住宿,其他,118.963994,40.40925,hotel
poi_hotel.csv,四海新酒店,酒店住宿,舒适型酒店,118.962858,40.407121,hotel
poi_hotel.csv,玖悦快捷酒店,酒店住宿,其他,118.965677,40.40482,hotel
poi_hotel.csv,宏达宾馆,酒店住宿,其他,118.96418,40.408494,hotel
poi_hotel.csv,海丰酒店,酒店住宿,其他,118.962794,40.407254,hotel
poi_hotel.csv,星兴酒店,酒店住宿,其他,118.967402,40.406742,hotel
poi_hotel.csv,青龙顺兴酒店,酒店住宿,其他,118.96699,40.408119,hotel
poi_hotel.csv,馨阳酒店,酒店住宿,其他,118.963254,40.407485,hotel
poi_hotel.csv,天源旅社,酒店住宿,舒适型酒店,118.964004,40.409298,hotel
poi_hotel.csv,一顺酒店,酒店住宿,舒适型酒店,118.966974,40.408654,hotel
poi_hotel.csv,鑫宏旅社,酒店住宿,舒适型酒店,118.965941,40.408698,hotel
poi_hotel.csv,青龙如玉快捷酒店,酒店住宿,其他,118.967865,40.405587,hotel
poi_hotel.csv,振兴酒店,酒店住宿,其他,118.963953,40.409244,hotel
poi_hotel.csv,云峰酒店,酒店住宿,其他,118.967974,40.406267,hotel
poi_hotel.csv,昌黎静静日租公寓,酒店住宿,其他,119.158245,39.695203,hotel
poi_hotel.csv,昌黎玲玲晟禾公寓,酒店住宿,其他,119.158292,39.693079,hotel
poi_hotel.csv,昌黎刘永旺公寓,酒店住宿,其他,119.158225,39.69529,hotel
poi_hotel.csv,昌黎庆双酒店,酒店住宿,其他,119.158376,39.695029,hotel
poi_hotel.csv,静静晟禾日租公寓,酒店住宿,其他,119.158895,39.692979,hotel
poi_hotel.csv,时代海岸海景公寓,酒店住宿,其他,119.158372,39.693434,hotel
poi_hotel.csv,晟禾日租公寓,酒店住宿,其他,119.159884,39.696828,hotel
poi_hotel.csv,尚客优连锁酒店,酒店住宿,舒适型酒店,119.159302,39.695811000000006,hotel
poi_hotel.csv,红月公寓,酒店住宿,其他,119.16002,39.697151000000005,hotel
poi_hotel.csv,阿利豪华酒店式公寓,酒店住宿,其他,119.159946,39.696545,hotel
poi_hotel.csv,秦皇岛昌黎红月短租公寓,酒店住宿,其他,119.159969,39.697183,hotel
poi_hotel.csv,昌黎晟禾公寓佳盛日租,酒店住宿,其他,119.156229,39.696102,hotel
poi_hotel.csv,昌黎A豪华两居公寓,酒店住宿,其他,119.156179,39.696113,hotel
poi_hotel.csv,A豪华两居公寓近黄金海岸孤独图书馆,酒店住宿,其他,119.1562,39.696118,hotel
poi_hotel.csv,7天酒店,酒店住宿,舒适型酒店,119.171986,39.714275,hotel
poi_hotel.csv,昌黎东府商务豪华酒店,酒店住宿,其他,119.171279,39.717593,hotel
poi_hotel.csv,尚客优连锁酒店,酒店住宿,舒适型酒店,119.17166,39.715801,hotel
poi_hotel.csv,锦乡酒店,酒店住宿,其他,119.163386,39.707621,hotel
poi_hotel.csv,龙江酒店,酒店住宿,其他,119.166182,39.706418,hotel
poi_hotel.csv,乐源酒店,酒店住宿,其他,119.166857,39.706277,hotel
poi_hotel.csv,安馨酒店,酒店住宿,其他,119.166858,39.706588,hotel
poi_hotel.csv,文峰宾馆,酒店住宿,其他,119.166582,39.706804000000005,hotel
poi_hotel.csv,昌黎元瑞集快捷酒店,酒店住宿,其他,119.165923,39.706327,hotel
poi_hotel.csv,派酒店,酒店住宿,其他,119.167034,39.706969,hotel
poi_hotel.csv,文峰宾馆,酒店住宿,其他,119.167669,39.706157,hotel
poi_hotel.csv,驿家365连锁酒店,酒店住宿,舒适型酒店,119.167022,39.70603,hotel
poi_hotel.csv,迎众酒店,酒店住宿,其他,119.166373,39.706446,hotel
poi_hotel.csv,银河酒店,酒店住宿,其他,119.166736,39.707061,hotel
poi_hotel.csv,保柱酒店,酒店住宿,其他,119.16654,39.707202,hotel
poi_hotel.csv,安如馨酒店,酒店住宿,其他,119.166868,39.706534,hotel
poi_hotel.csv,昌黎海悦酒店,酒店住宿,其他,119.167181,39.706977,hotel
poi_hotel.csv,龙门客栈,酒店住宿,其他,119.16703,39.707198,hotel
poi_hotel.csv,永成招待所,酒店住宿,舒适型酒店,119.166386,39.706716,hotel
poi_hotel.csv,骏怡连锁酒店,酒店住宿,舒适型酒店,119.167096,39.705838,hotel
poi_hotel.csv,昌黎惠民楼酒店,酒店住宿,其他,119.166615,39.707122,hotel
poi_hotel.csv,昌黎惠民楼酒店,酒店住宿,舒适型酒店,119.166594,39.707098,hotel
poi_hotel.csv,秦皇岛昌黎喜鑫园快捷酒店,酒店住宿,其他,119.16679,39.706642,hotel
poi_hotel.csv,泰快捷,酒店住宿,其他,119.166261,39.70785,hotel
poi_hotel.csv,格林豪泰,酒店住宿,舒适型酒店,119.166206,39.707894,hotel
poi_hotel.csv,平安酒店,酒店住宿,舒适型酒店,119.167395,39.711296,hotel
poi_hotel.csv,昌黎东门酒店,酒店住宿,其他,119.16638,39.711225,hotel
poi_hotel.csv,昌黎乐惠园酒店,酒店住宿,其他,119.165517,39.70861,hotel
poi_hotel.csv,龙门客栈,酒店住宿,其他,119.166455,39.710442,hotel
poi_hotel.csv,鼓楼酒店,酒店住宿,其他,119.162081,39.710777,hotel
poi_hotel.csv,住宿登记,酒店住宿,其他,119.161959,39.710695,hotel
poi_hotel.csv,聚鑫宾馆,酒店住宿,其他,119.163627,39.711670000000005,hotel
poi_hotel.csv,昌黎高档公寓,酒店住宿,其他,119.163024,39.712664,hotel
poi_hotel.csv,汉庭酒店,酒店住宿,舒适型酒店,119.165612,39.714372,hotel
poi_hotel.csv,锦江之星,酒店住宿,舒适型酒店,119.165537,39.715345,hotel
poi_hotel.csv,如家便捷酒店,酒店住宿,舒适型酒店,119.166099,39.715194,hotel
poi_hotel.csv,宏硕快捷酒店,酒店住宿,其他,119.160792,39.713781,hotel
poi_hotel.csv,速8酒店,酒店住宿,舒适型酒店,119.16033,39.713032,hotel
poi_hotel.csv,富余快捷酒店,酒店住宿,其他,119.189007,39.718811,hotel
poi_hotel.csv,昌黎温馨港湾日租公寓,酒店住宿,其他,119.188603,39.718023,hotel
poi_hotel.csv,昌黎合盛酒店,酒店住宿,其他,119.187527,39.719457000000006,hotel
poi_hotel.csv,昌黎小杰公寓,酒店住宿,其他,119.188269,39.718934,hotel
poi_hotel.csv,昌黎兴龙广缘公寓,酒店住宿,其他,119.188216,39.718426,hotel
poi_hotel.csv,秦皇岛昌黎广缘公寓,酒店住宿,其他,119.187912,39.718473,hotel
poi_hotel.csv,昌黎家家乐日租公寓,酒店住宿,其他,119.188271,39.718307,hotel
poi_hotel.csv,昌黎银座民宿酒店,酒店住宿,其他,119.187804,39.718671,hotel
poi_hotel.csv,昌黎娜娜民宿酒店,酒店住宿,其他,119.18837,39.718765000000005,hotel
poi_hotel.csv,昌黎吉祥日租公寓,酒店住宿,其他,119.188351,39.718654,hotel
poi_hotel.csv,百合酒店,酒店住宿,舒适型酒店,119.188938,39.719175,hotel
poi_hotel.csv,嘉利家公寓日租房,酒店住宿,其他,119.188257,39.718172,hotel
poi_hotel.csv,昌黎犀利一眼公寓,酒店住宿,其他,119.187983,39.718717,hotel
poi_hotel.csv,昌黎孙莎公寓,酒店住宿,其他,119.1887,39.718899,hotel
poi_hotel.csv,秦皇岛周女士特色民宿酒店,酒店住宿,其他,119.187514,39.718399,hotel
poi_hotel.csv,牙牙日租公寓,酒店住宿,舒适型酒店,119.187504,39.718292000000005,hotel
poi_hotel.csv,昌黎海洋日租公寓,酒店住宿,其他,119.187933,39.718267,hotel
poi_hotel.csv,昌黎风之漫画日租公寓,酒店住宿,其他,119.187872,39.718467,hotel
poi_hotel.csv,广缘日租公寓,酒店住宿,其他,119.187031,39.718243,hotel
poi_hotel.csv,秦皇岛蓝天拥抱大海公寓,酒店住宿,其他,119.187971,39.717992,hotel
poi_hotel.csv,昌黎兴龙银座豪华酒店式公寓,酒店住宿,其他,119.188249,39.718834,hotel
poi_hotel.csv,秦皇岛爱的蜗居民俗公寓,酒店住宿,其他,119.187957,39.719583,hotel
poi_hotel.csv,秦皇岛起个名挺难的公寓,酒店住宿,其他,119.188345,39.718166,hotel
poi_hotel.csv,昌黎静馨日租公寓,酒店住宿,其他,119.187967,39.718352,hotel
poi_hotel.csv,昌黎亚惠温馨居豪华酒店式公寓,酒店住宿,其他,119.188361,39.718788,hotel
poi_hotel.csv,昌黎兴隆广缘时光里日租公寓,酒店住宿,其他,119.18786,39.717971,hotel
poi_hotel.csv,海景民宿,酒店住宿,其他,119.188139,39.719045,hotel
poi_hotel.csv,昌黎小静家日租短租精品房公寓,酒店住宿,其他,119.187873,39.718419,hotel
poi_hotel.csv,徐政斌公寓,酒店住宿,其他,119.187958,39.718236000000005,hotel
poi_hotel.csv,格林豪泰便捷酒店,酒店住宿,舒适型酒店,119.189473,39.719965,hotel
poi_hotel.csv,昌黎云上日租公寓,酒店住宿,其他,119.188276,39.718228,hotel
poi_hotel.csv,昌黎金晟日租公寓,酒店住宿,其他,119.187951,39.718471,hotel
poi_hotel.csv,昌黎广缘景悦日租公寓,酒店住宿,其他,119.187971,39.718271,hotel
poi_hotel.csv,昌黎金海新天地公寓,酒店住宿,其他,119.187912,39.718421,hotel
poi_hotel.csv,昌黎漂流之家公寓,酒店住宿,其他,119.187872,39.718242,hotel
poi_hotel.csv,昌黎广缘合佳欢公寓,酒店住宿,其他,119.188171,39.718846,hotel
poi_hotel.csv,昌黎李泽越公寓,酒店住宿,其他,119.18847,39.718183,hotel
poi_hotel.csv,昌黎云上公寓,酒店住宿,其他,119.188103,39.718648,hotel
poi_hotel.csv,小宝日租公寓,酒店住宿,其他,119.188072,39.718227,hotel
poi_hotel.csv,广缘小仔日租公寓,酒店住宿,其他,119.187991,39.718576000000006,hotel
poi_hotel.csv,昌黎广缘观景壹号日租公寓,酒店住宿,其他,119.18815,39.718639,hotel
poi_hotel.csv,秦皇岛昌黎楠楠日租公寓,酒店住宿,其他,119.187969,39.718407,hotel
poi_hotel.csv,昌黎广缘夏日公寓,酒店住宿,其他,119.188105,39.718595,hotel
poi_hotel.csv,秦皇岛崔迎秋公寓,酒店住宿,其他,119.187599,39.718549,hotel
poi_hotel.csv,文文日租公寓,酒店住宿,其他,119.18802,39.718418,hotel
poi_hotel.csv,昌黎广源日租公寓,酒店住宿,其他,119.187991,39.71844,hotel
poi_hotel.csv,昌黎孙岩公寓,酒店住宿,其他,119.187978,39.718467,hotel
poi_hotel.csv,昌黎广缘立美公寓,酒店住宿,其他,119.188133,39.718610000000005,hotel
poi_hotel.csv,昌黎橘子味啤酒公寓,酒店住宿,其他,119.187947,39.718494,hotel
poi_hotel.csv,广缘家家乐日租民宿,酒店住宿,其他,119.187909,39.718306,hotel
poi_hotel.csv,秦皇岛印玉学公寓,酒店住宿,其他,119.187981,39.718272,hotel
poi_hotel.csv,昌黎A王小伍公寓,酒店住宿,其他,119.188096,39.718567,hotel
poi_hotel.csv,秦皇岛阿那亚向导公寓,酒店住宿,其他,119.188094,39.718361,hotel
poi_hotel.csv,广缘景悦公寓,酒店住宿,其他,119.187974,39.718322,hotel
poi_hotel.csv,昌黎e家人短租公寓,酒店住宿,其他,119.187715,39.718313,hotel
poi_hotel.csv,昌黎王晨鑫公寓,酒店住宿,其他,119.187814,39.71843,hotel
poi_hotel.csv,秦皇岛昌黎小静家豪华酒店式公寓,酒店住宿,其他,119.187933,39.718483,hotel
poi_hotel.csv,昌黎老挺日租民宿酒店,酒店住宿,其他,119.187785,39.718499,hotel
poi_hotel.csv,昌黎左岸佳宿公寓,酒店住宿,其他,119.187942,39.718303,hotel
poi_hotel.csv,秦皇岛静馨日租公寓,酒店住宿,其他,119.188249,39.718245,hotel
poi_hotel.csv,地康酒店,酒店住宿,其他,119.187653,39.721277,hotel
poi_hotel.csv,昌黎金海新天地公寓,酒店住宿,其他,119.188588,39.724332,hotel
poi_hotel.csv,舒合酒店,酒店住宿,舒适型酒店,119.480017,39.82266,hotel
poi_hotel.csv,舒合酒店,酒店住宿,其他,119.479959,39.822689,hotel
poi_hotel.csv,日昇酒店,酒店住宿,其他,119.480679,39.820703,hotel
poi_hotel.csv,北戴河赵东酒店,酒店住宿,舒适型酒店,119.481951,39.822844,hotel
poi_hotel.csv,滨航酒店,酒店住宿,舒适型酒店,119.482251,39.822044,hotel
poi_hotel.csv,北戴河水利部西院公寓,酒店住宿,其他,119.479888,39.821417,hotel
poi_hotel.csv,老白酒店,酒店住宿,其他,119.482104,39.823197,hotel
poi_hotel.csv,北戴河红日酒店,酒店住宿,其他,119.480666,39.820701,hotel
poi_hotel.csv,北戴河慧超酒店,酒店住宿,其他,119.481465,39.823401,hotel
poi_hotel.csv,秦皇岛陆佳伟旅馆,酒店住宿,其他,119.482653,39.822376,hotel
poi_hotel.csv,北戴河李凤琴公寓,酒店住宿,其他,119.481342,39.821006,hotel
poi_hotel.csv,北戴河水利酒店,酒店住宿,其他,119.480025,39.821575,hotel
poi_hotel.csv,郭文香酒店,酒店住宿,其他,119.482399,39.822806,hotel
poi_hotel.csv,王贤酒店,酒店住宿,其他,119.482272,39.822021,hotel
poi_hotel.csv,冯建华酒店,酒店住宿,舒适型酒店,119.482787,39.823504,hotel
poi_hotel.csv,淑珍酒店,酒店住宿,舒适型酒店,119.482117,39.82126,hotel
poi_hotel.csv,北戴河赵素艳民宿酒店,酒店住宿,舒适型酒店,119.482854,39.823459,hotel
poi_hotel.csv,舒心酒店,酒店住宿,舒适型酒店,119.481138,39.822089,hotel
poi_hotel.csv,闻海听涛旅馆,酒店住宿,舒适型酒店,119.480939,39.822302,hotel
poi_hotel.csv,秦皇岛海豚湾客栈,酒店住宿,其他,119.482548,39.822418,hotel
poi_hotel.csv,冯宝余旅馆,酒店住宿,舒适型酒店,119.481987,39.821891,hotel
poi_hotel.csv,秦皇岛红悦酒店,酒店住宿,舒适型酒店,119.48047,39.822943,hotel
poi_hotel.csv,素琴酒店,酒店住宿,舒适型酒店,119.48294,39.82155,hotel
poi_hotel.csv,浅夏旅馆,酒店住宿,舒适型酒店,119.48291,39.823644,hotel
poi_hotel.csv,星星海旅馆,酒店住宿,舒适型酒店,119.482967,39.82118,hotel
poi_hotel.csv,陈玉香旅馆,酒店住宿,舒适型酒店,119.481356,39.822199000000005,hotel
poi_hotel.csv,北戴河丹甜家庭酒店,酒店住宿,舒适型酒店,119.480862,39.8207,hotel
poi_hotel.csv,冀F旅馆,酒店住宿,舒适型酒店,119.480769,39.822462,hotel
poi_hotel.csv,刘建波酒店,酒店住宿,舒适型酒店,119.482506,39.823348,hotel
poi_hotel.csv,北戴河阿沐小栈,酒店住宿,其他,119.480176,39.822485,hotel
poi_hotel.csv,秦皇岛阳光小屋,酒店住宿,其他,119.482407,39.822577,hotel
poi_hotel.csv,秦皇岛玫瑰七月旅馆,酒店住宿,其他,119.48238,39.821043,hotel
poi_hotel.csv,北戴河冯志敏酒店,酒店住宿,其他,119.482761,39.821762,hotel
poi_hotel.csv,北戴河海滨哲慧酒店,酒店住宿,舒适型酒店,119.480764,39.823487,hotel
poi_hotel.csv,秦皇岛小青之家民宿酒店,酒店住宿,其他,119.482386,39.822637,hotel
poi_hotel.csv,北戴河福知秋民宿酒店,酒店住宿,其他,119.482623,39.822157,hotel
poi_hotel.csv,临海客栈,酒店住宿,舒适型酒店,119.482145,39.823763,hotel
poi_hotel.csv,Q居北戴河碧海金沙旅社,酒店住宿,舒适型酒店,119.482311,39.823744000000005,hotel
poi_hotel.csv,北戴河海蓝之家家庭酒店,酒店住宿,舒适型酒店,119.480618,39.822815,hotel
poi_hotel.csv,刘彦酒店,酒店住宿,舒适型酒店,119.480574,39.823007,hotel
poi_hotel.csv,秦皇岛田红丽民宿酒店,酒店住宿,舒适型酒店,119.482047,39.821559,hotel
poi_hotel.csv,北戴河晨霞酒店,酒店住宿,舒适型酒店,119.482977,39.821641,hotel
poi_hotel.csv,林霞民宿酒店,酒店住宿,其他,119.482238,39.823366,hotel
poi_hotel.csv,纯君酒店,酒店住宿,舒适型酒店,119.479972,39.822791,hotel
poi_hotel.csv,玲侠酒店,酒店住宿,舒适型酒店,119.480452,39.823118,hotel
poi_hotel.csv,秦皇岛海初驿站,酒店住宿,其他,119.482831,39.821561,hotel
poi_hotel.csv,碧海花园,酒店住宿,舒适型酒店,119.480206,39.82303,hotel
poi_hotel.csv,沙玉玲旅店,酒店住宿,舒适型酒店,119.48064,39.822515,hotel
poi_hotel.csv,刘艳玲酒店,酒店住宿,其他,119.482082,39.823115,hotel
poi_hotel.csv,北戴河逸海酒店,酒店住宿,其他,119.482828,39.821656,hotel
poi_hotel.csv,五魁民宿,酒店住宿,舒适型酒店,119.483657,39.822243,hotel
poi_hotel.csv,冯桂霞旅馆,酒店住宿,舒适型酒店,119.483554,39.82234,hotel
poi_hotel.csv,秦皇岛海滨桌球屋民宿酒店,酒店住宿,其他,119.485456,39.823353,hotel
poi_hotel.csv,北戴河小敏公寓,酒店住宿,其他,119.484472,39.823586,hotel
poi_hotel.csv,栖岛旅馆,酒店住宿,舒适型酒店,119.483662,39.821083,hotel
poi_hotel.csv,秦皇岛木居香舍特色民宿酒店,酒店住宿,其他,119.486134,39.820707000000006,hotel
poi_hotel.csv,宁静家庭酒店,酒店住宿,舒适型酒店,119.483917,39.823156,hotel
poi_hotel.csv,佳欢酒店,酒店住宿,舒适型酒店,119.483667,39.822849,hotel
poi_hotel.csv,玉环酒店,酒店住宿,舒适型酒店,119.483329,39.823667,hotel
poi_hotel.csv,北戴河一游到邸民宿酒店,酒店住宿,其他,119.483877,39.822847,hotel
poi_hotel.csv,刘军兰酒店,酒店住宿,舒适型酒店,119.483437,39.822908,hotel
poi_hotel.csv,北戴河诗琪旅馆,酒店住宿,其他,119.484243,39.822985,hotel
poi_hotel.csv,北戴河盛雅酒店,酒店住宿,舒适型酒店,119.484175,39.82307,hotel
poi_hotel.csv,刘彦华酒店,酒店住宿,舒适型酒店,119.483098,39.823744000000005,hotel
poi_hotel.csv,苏博酒店,酒店住宿,舒适型酒店,119.483452,39.823365,hotel
poi_hotel.csv,北戴河民晟酒店,酒店住宿,舒适型酒店,119.483272,39.822756000000005,hotel
poi_hotel.csv,e+家宁静酒店,酒店住宿,舒适型酒店,119.483986,39.823172,hotel
poi_hotel.csv,秦皇岛北戴河苏洪恩酒店,酒店住宿,舒适型酒店,119.48311,39.823433,hotel
poi_hotel.csv,一品·朴宿,酒店住宿,其他,119.483734,39.823008,hotel
poi_hotel.csv,秦皇岛清凉凉民宿酒店,酒店住宿,其他,119.48429,39.823277,hotel
poi_hotel.csv,建秋主题客栈,酒店住宿,其他,119.484099,39.822986,hotel
poi_hotel.csv,英坤酒店,酒店住宿,舒适型酒店,119.483129,39.821307,hotel
poi_hotel.csv,北戴河草场二喜家庭旅店,酒店住宿,舒适型酒店,119.483929,39.822299,hotel
poi_hotel.csv,丽云酒店,酒店住宿,舒适型酒店,119.484334,39.821166,hotel
poi_hotel.csv,天岳旅馆,酒店住宿,舒适型酒店,119.483955,39.823369,hotel
poi_hotel.csv,北戴河汐明民宿酒店,酒店住宿,其他,119.483092,39.823741000000005,hotel
poi_hotel.csv,马会荣酒店,酒店住宿,其他,119.483203,39.82332,hotel
poi_hotel.csv,爱英酒店,酒店住宿,舒适型酒店,119.483188,39.823581,hotel
poi_hotel.csv,四海酒店,酒店住宿,舒适型酒店,119.483403,39.823216,hotel
poi_hotel.csv,海英旅店,酒店住宿,舒适型酒店,119.483717,39.821543000000005,hotel
poi_hotel.csv,海英旅店,酒店住宿,其他,119.483771,39.821516,hotel
poi_hotel.csv,鑫民假日酒店,酒店住宿,其他,119.485456,39.826807,hotel
poi_hotel.csv,秦皇岛翠艳悠悠民宿酒店,酒店住宿,其他,119.483104,39.825573,hotel
poi_hotel.csv,翼粮酒店,酒店住宿,其他,119.485523,39.825121,hotel
poi_hotel.csv,冀粮酒店,酒店住宿,其他,119.485691,39.825074,hotel
poi_hotel.csv,继华酒店,酒店住宿,舒适型酒店,119.48397,39.824835,hotel
poi_hotel.csv,段桂荣酒店,酒店住宿,舒适型酒店,119.483198,39.823987,hotel
poi_hotel.csv,冯巍酒店,酒店住宿,其他,119.48435,39.824735,hotel
poi_hotel.csv,冯志晶民宿酒店,酒店住宿,舒适型酒店,119.483619,39.824568,hotel
poi_hotel.csv,北戴河海蓝蓝家庭酒店,酒店住宿,其他,119.483247,39.824913,hotel
poi_hotel.csv,北戴河语格民宿酒店,酒店住宿,舒适型酒店,119.483575,39.824982,hotel
poi_hotel.csv,建辉酒店,酒店住宿,舒适型酒店,119.483926,39.824859,hotel
poi_hotel.csv,秦皇岛北戴河语格主题旅馆,酒店住宿,其他,119.483598,39.824919,hotel
poi_hotel.csv,李元酒店,酒店住宿,其他,119.483225,39.824467000000006,hotel
poi_hotel.csv,和平旅店,酒店住宿,其他,119.483114,39.823924,hotel
poi_hotel.csv,北戴河语格公寓,酒店住宿,其他,119.483556,39.824957,hotel
poi_hotel.csv,竹水谣·圣托里尼亲子水乐园民宿酒店,酒店住宿,舒适型酒店,119.485232,39.826774,hotel
poi_hotel.csv,玉芬酒店,酒店住宿,舒适型酒店,119.483207,39.824405,hotel
poi_hotel.csv,北戴河时光海岸精品旅馆,酒店住宿,舒适型酒店,119.48529,39.82506,hotel
poi_hotel.csv,文彦酒店,酒店住宿,舒适型酒店,119.48338,39.825598,hotel
poi_hotel.csv,秦皇岛李元农家院,酒店住宿,其他,119.483208,39.824392,hotel
poi_hotel.csv,秦皇岛冯志焦酒店,酒店住宿,其他,119.484506,39.824812,hotel
poi_hotel.csv,文松酒店,酒店住宿,其他,119.483616,39.825307,hotel
poi_hotel.csv,秦皇岛玉平酒店,酒店住宿,舒适型酒店,119.480994,39.825624,hotel
poi_hotel.csv,北戴河知了旅馆,酒店住宿,舒适型酒店,119.482497,39.824124000000005,hotel
poi_hotel.csv,北戴河义滨酒店,酒店住宿,其他,119.48072,39.824674,hotel
poi_hotel.csv,3568旅馆,酒店住宿,舒适型酒店,119.4821,39.824348,hotel
poi_hotel.csv,四季海客栈,酒店住宿,其他,119.481487,39.824818,hotel
poi_hotel.csv,北戴河夏冬民宿酒店,酒店住宿,其他,119.480997,39.824946,hotel
poi_hotel.csv,北戴河洋河城旅馆,酒店住宿,其他,119.482105,39.824864000000005,hotel
poi_hotel.csv,秦皇岛杨镇硕公寓,酒店住宿,其他,119.481172,39.825237,hotel
poi_hotel.csv,徐敏酒店,酒店住宿,其他,119.482126,39.825396,hotel
poi_hotel.csv,翠艳酒店,酒店住宿,舒适型酒店,119.482724,39.825492,hotel
poi_hotel.csv,北戴河王秀华民宿酒店,酒店住宿,舒适型酒店,119.48261,39.82546,hotel
poi_hotel.csv,秦皇岛北戴河海韵农家菜馆,酒店住宿,其他,119.482089,39.824947,hotel
poi_hotel.csv,秦皇岛北戴河徐金山民宿酒店,酒店住宿,舒适型酒店,119.482344,39.824882,hotel
poi_hotel.csv,秦皇岛北戴河羽诺精品民宿酒店,酒店住宿,其他,119.48122,39.824299,hotel
poi_hotel.csv,夏海旅馆,酒店住宿,舒适型酒店,119.48215,39.824688,hotel
poi_hotel.csv,海韵客栈,酒店住宿,其他,119.481795,39.82479,hotel
poi_hotel.csv,赵志国酒店,酒店住宿,舒适型酒店,119.480709,39.824854,hotel
poi_hotel.csv,志成酒店,酒店住宿,舒适型酒店,119.481516,39.824545,hotel
poi_hotel.csv,北戴河阳光小屋旅馆,酒店住宿,舒适型酒店,119.482311,39.824841,hotel
poi_hotel.csv,北戴河林青民宿酒店,酒店住宿,其他,119.481786,39.825325,hotel
poi_hotel.csv,淑香酒店,酒店住宿,舒适型酒店,119.481588,39.825723,hotel
poi_hotel.csv,悦客之家,酒店住宿,舒适型酒店,119.482152,39.82461,hotel
poi_hotel.csv,秦皇岛北戴河海韵民宿酒店,酒店住宿,其他,119.482066,39.82623,hotel
poi_hotel.csv,宗惠国酒店,酒店住宿,舒适型酒店,119.482849,39.82482,hotel
poi_hotel.csv,自省吾身民宿酒店,酒店住宿,其他,119.48117,39.82562,hotel
poi_hotel.csv,优佳旅馆,酒店住宿,舒适型酒店,119.482127,39.824688,hotel
poi_hotel.csv,秦皇岛北戴河翠莲酒店,酒店住宿,舒适型酒店,119.481752,39.824678,hotel
poi_hotel.csv,北戴河杨秀茹酒店,酒店住宿,其他,119.481735,39.825113,hotel
poi_hotel.csv,北戴河允希民宿酒店,酒店住宿,其他,119.481973,39.82442,hotel
poi_hotel.csv,秦皇岛海边近海短租豪华酒店式公寓,酒店住宿,其他,119.480436,39.82678,hotel
poi_hotel.csv,秦皇岛羽诺公寓,酒店住宿,其他,119.48209,39.824722,hotel
poi_hotel.csv,秦皇岛林清民宿酒店,酒店住宿,舒适型酒店,119.482086,39.82527,hotel
poi_hotel.csv,四季小屋客栈,酒店住宿,其他,119.482315,39.82502,hotel
poi_hotel.csv,雁明酒店,酒店住宿,舒适型酒店,119.482096,39.82433,hotel
poi_hotel.csv,北戴河鑫晴语海家庭民宿酒店,酒店住宿,其他,119.481755,39.825372,hotel
poi_hotel.csv,冯树森酒店,酒店住宿,舒适型酒店,119.482751,39.823923,hotel
poi_hotel.csv,北戴河怡寿苑酒店,酒店住宿,舒适型酒店,119.481814,39.824334,hotel
poi_hotel.csv,潘景芝酒店,酒店住宿,舒适型酒店,119.482616,39.823903,hotel
poi_hotel.csv,盈轩民宿酒店,酒店住宿,舒适型酒店,119.482268,39.825352,hotel
poi_hotel.csv,秦皇岛鸿鹄居客栈,酒店住宿,其他,119.480233,39.824955,hotel
poi_hotel.csv,北戴河风景秀利家庭旅馆,酒店住宿,舒适型酒店,119.482416,39.824417,hotel
poi_hotel.csv,北戴河优佳民宿,酒店住宿,其他,119.4821,39.8245,hotel
poi_hotel.csv,北戴河孟小丽酒店,酒店住宿,其他,119.482437,39.824574,hotel
poi_hotel.csv,北戴河小北初见民宿酒店,酒店住宿,舒适型酒店,119.481409,39.823989,hotel
poi_hotel.csv,秦皇岛夏海民宿,酒店住宿,其他,119.482567,39.826073,hotel
poi_hotel.csv,秦皇岛北戴河海韵东方客栈,酒店住宿,其他,119.482211,39.825866,hotel
poi_hotel.csv,兆春酒店,酒店住宿,舒适型酒店,119.48097,39.825519,hotel
poi_hotel.csv,秦皇岛北戴河林逸民宿,酒店住宿,舒适型酒店,119.482915,39.825701,hotel
poi_hotel.csv,子赫酒店,酒店住宿,舒适型酒店,119.482443,39.824499,hotel
poi_hotel.csv,莎拉豪华酒店,酒店住宿,其他,119.481438,39.828124,hotel
poi_hotel.csv,秦皇岛陈德平公寓,酒店住宿,其他,119.482311,39.827671,hotel
poi_hotel.csv,秦皇岛北戴河.海滨公寓,酒店住宿,其他,119.480052,39.827612,hotel
poi_hotel.csv,北戴河莉莉家庭公寓,酒店住宿,其他,119.479876,39.827664,hotel
poi_hotel.csv,秦皇岛杨女士公寓,酒店住宿,其他,119.479939,39.827701,hotel
poi_hotel.csv,花筑·北戴河Sala私人酒店,酒店住宿,其他,119.481377,39.828125,hotel
poi_hotel.csv,秦皇岛北戴河蔚蓝假日公寓,酒店住宿,其他,119.479897,39.827650000000006,hotel
poi_hotel.csv,艳丽酒店,酒店住宿,舒适型酒店,119.485883,39.827206,hotel
poi_hotel.csv,玉娥酒店,酒店住宿,舒适型酒店,119.485667,39.827079,hotel
poi_hotel.csv,留夏酒店,酒店住宿,舒适型酒店,119.486112,39.827201,hotel
poi_hotel.csv,北戴河爱尚海家庭公寓,酒店住宿,其他,119.485926,39.827495,hotel
poi_hotel.csv,秦皇岛郝哥公寓,酒店住宿,其他,119.485753,39.830071,hotel
poi_hotel.csv,北戴河刘秀平民宿酒店,酒店住宿,其他,119.485636,39.827922,hotel
poi_hotel.csv,秦皇岛房东·刘旅馆,酒店住宿,其他,119.485749,39.827337,hotel
poi_hotel.csv,秦皇岛北戴河振琪酒店,酒店住宿,舒适型酒店,119.485239,39.827194,hotel
poi_hotel.csv,联荣酒店,酒店住宿,舒适型酒店,119.485742,39.828074,hotel
poi_hotel.csv,北戴河蓝色海旅馆,酒店住宿,其他,119.485902,39.828047,hotel
poi_hotel.csv,刘晶酒店,酒店住宿,舒适型酒店,119.485717,39.82812,hotel
poi_hotel.csv,北戴河李冬艳民宿酒店,酒店住宿,舒适型酒店,119.48578,39.827901,hotel
poi_hotel.csv,北戴河徐俊新酒店,酒店住宿,舒适型酒店,119.486016,39.828241,hotel
poi_hotel.csv,北戴河琳欣酒店,酒店住宿,舒适型酒店,119.48552,39.828376000000006,hotel
poi_hotel.csv,艾琳酒店,酒店住宿,舒适型酒店,119.485537,39.827982,hotel
poi_hotel.csv,建颖酒店,酒店住宿,舒适型酒店,119.485624,39.827507,hotel
poi_hotel.csv,弘星酒店,酒店住宿,舒适型酒店,119.485599,39.827051,hotel
poi_hotel.csv,宋翠华酒店,酒店住宿,舒适型酒店,119.485126,39.828029,hotel
poi_hotel.csv,北戴河海边秀萍酒店,酒店住宿,舒适型酒店,119.485627,39.827946,hotel
poi_hotel.csv,千寻民宿酒店,酒店住宿,其他,119.484777,39.828391,hotel
poi_hotel.csv,顺利酒店,酒店住宿,舒适型酒店,119.486028,39.827816,hotel
poi_hotel.csv,秦皇岛王佳音公寓,酒店住宿,其他,119.485966,39.82744099999999,hotel
poi_hotel.csv,秦皇岛秀娥温馨民宿酒店,酒店住宿,其他,119.486031,39.827588,hotel
poi_hotel.csv,秦皇岛niepan公寓,酒店住宿,其他,119.486045,39.827662,hotel
poi_hotel.csv,秦皇岛秀琴小筑,酒店住宿,其他,119.486021,39.827702,hotel
poi_hotel.csv,北戴河青年公寓,酒店住宿,青旅,119.484696,39.828237,hotel
poi_hotel.csv,秦皇岛周桂芹民宿酒店,酒店住宿,舒适型酒店,119.485806,39.82781799999999,hotel
poi_hotel.csv,张女士公寓,酒店住宿,其他,119.485484,39.827954,hotel
poi_hotel.csv,淑凤酒店,酒店住宿,舒适型酒店,119.485218,39.827627,hotel
poi_hotel.csv,滨起酒店,酒店住宿,舒适型酒店,119.4858,39.827180000000006,hotel
poi_hotel.csv,秦皇岛王秀琴民宿酒店,酒店住宿,其他,119.486034,39.827689,hotel
poi_hotel.csv,素云酒店,酒店住宿,舒适型酒店,119.485518,39.827497,hotel
poi_hotel.csv,淑媛酒店,酒店住宿,舒适型酒店,119.485726,39.827742,hotel
poi_hotel.csv,北戴河建海旅馆,酒店住宿,舒适型酒店,119.485727,39.827020000000005,hotel
poi_hotel.csv,海韵公寓,酒店住宿,其他,119.481404,39.830843,hotel
poi_hotel.csv,恋海依旧民宿,酒店住宿,其他,119.482011,39.831782,hotel
poi_hotel.csv,蜗居酒店,酒店住宿,舒适型酒店,119.609898,39.931854,hotel
poi_hotel.csv,金灿商务豪华酒店,酒店住宿,其他,119.607845,39.930431,hotel
poi_hotel.csv,言华酒店,酒店住宿,舒适型酒店,119.609836,39.930739,hotel
poi_hotel.csv,秦新酒店,酒店住宿,舒适型酒店,119.609788,39.930757,hotel
poi_hotel.csv,秦皇岛麦田张姐公寓,酒店住宿,其他,119.608796,39.935516,hotel
poi_hotel.csv,秦皇岛娜娜公寓,酒店住宿,其他,119.606661,39.936937,hotel
poi_hotel.csv,秦皇岛GDW公寓,酒店住宿,其他,119.60658,39.937036,hotel
poi_hotel.csv,骏怡连锁酒店,酒店住宿,其他,119.608983,39.938986,hotel
poi_hotel.csv,红桥酒店,酒店住宿,其他,119.609669,39.939361,hotel
poi_hotel.csv,秦皇岛张江华公寓,酒店住宿,其他,119.610964,39.941141,hotel
poi_hotel.csv,如家便捷酒店,酒店住宿,舒适型酒店,119.607401,39.939963,hotel
poi_hotel.csv,爸爸糖手工吐司,酒店住宿,其他,119.615995,39.941283000000006,hotel
poi_hotel.csv,秦皇岛吐司豪华酒店,酒店住宿,其他,119.616041,39.941322,hotel
poi_hotel.csv,秦皇岛张江华公寓,酒店住宿,其他,119.611333,39.941875,hotel
poi_hotel.csv,秦皇岛张江华公寓,酒店住宿,其他,119.611414,39.941978,hotel
poi_hotel.csv,布丁酒店,酒店住宿,舒适型酒店,119.611907,39.943066,hotel
poi_hotel.csv,双顺酒店,酒店住宿,其他,119.612611,39.943395,hotel
poi_hotel.csv,金凤凰旅店,酒店住宿,舒适型酒店,119.615626,39.944425,hotel
poi_hotel.csv,桃园宾馆,酒店住宿,其他,119.616229,39.944482,hotel
poi_hotel.csv,秦皇岛天娇公寓,酒店住宿,其他,119.617107,39.944796,hotel
poi_hotel.csv,汉宫沐浴,酒店住宿,其他,119.614791,39.947667,hotel
poi_hotel.csv,秦皇岛亚鑫阁酒店,酒店住宿,其他,119.615563,39.947591,hotel
poi_hotel.csv,易佰连锁旅店,酒店住宿,其他,119.610229,39.942729,hotel
poi_hotel.csv,易百连锁旅店,酒店住宿,舒适型酒店,119.610287,39.94258,hotel
poi_hotel.csv,尚客优连锁酒店,酒店住宿,其他,119.610492,39.942727,hotel
poi_hotel.csv,秦皇岛百味商务豪华酒店,酒店住宿,舒适型酒店,119.609198,39.948125000000005,hotel
poi_hotel.csv,国贸餐馆,酒店住宿,其他,119.60909,39.946309,hotel
poi_hotel.csv,Business hotel,酒店住宿,其他,119.608964,39.94805899999999,hotel
poi_hotel.csv,橙客连锁酒店,酒店住宿,其他,119.60799,39.946841,hotel
poi_hotel.csv,秦皇岛庚云酒店,酒店住宿,其他,119.608463,39.946935,hotel
poi_hotel.csv,国贸餐馆,酒店住宿,其他,119.607155,39.948191,hotel
poi_hotel.csv,易佰连锁旅店,酒店住宿,舒适型酒店,119.607058,39.948907,hotel
poi_hotel.csv,秦皇岛辛迪公寓,酒店住宿,其他,119.605315,39.947921,hotel
poi_hotel.csv,秦皇岛大庆酒店,酒店住宿,其他,119.588053,39.932635000000005,hotel
poi_hotel.csv,秦皇岛天天快捷酒店,酒店住宿,其他,119.588534,39.932207,hotel
poi_hotel.csv,良陌合院,酒店住宿,其他,119.591916,39.93103,hotel
poi_hotel.csv,喆·啡酒店,酒店住宿,舒适型酒店,119.591604,39.935008,hotel
poi_hotel.csv,桔子酒店,酒店住宿,舒适型酒店,119.59027,39.935534,hotel
poi_hotel.csv,夏都酒店,酒店住宿,舒适型酒店,119.588732,39.933203,hotel
poi_hotel.csv,佳之星便捷酒店,酒店住宿,其他,119.586222,39.935208,hotel
poi_hotel.csv,如家酒店,酒店住宿,舒适型酒店,119.587786,39.933885,hotel
poi_hotel.csv,中兴宾馆,酒店住宿,其他,119.587616,39.934801,hotel
poi_hotel.csv,南舍旅馆,酒店住宿,舒适型酒店,119.587583,39.934825,hotel
poi_hotel.csv,夏都酒店·宴会厅,酒店住宿,其他,119.58777,39.9343,hotel
poi_hotel.csv,华驿精选酒店,酒店住宿,其他,119.587536,39.934018,hotel
poi_hotel.csv,秦皇岛福寿德商务豪华酒店,酒店住宿,其他,119.583119,39.930255,hotel
poi_hotel.csv,秦皇岛快乐胡胡公寓,酒店住宿,其他,119.584958,39.931674,hotel
poi_hotel.csv,华威酒店,酒店住宿,其他,119.585525,39.935308,hotel
poi_hotel.csv,和顺宾馆,酒店住宿,其他,119.585591,39.935345,hotel
poi_hotel.csv,星程酒店,酒店住宿,舒适型酒店,119.582994,39.934453,hotel
poi_hotel.csv,速8酒店,酒店住宿,其他,119.582854,39.93412300000001,hotel
poi_hotel.csv,秦皇岛星光民宿,酒店住宿,其他,119.580702,39.932872,hotel
poi_hotel.csv,秦皇岛祥云旅店,酒店住宿,舒适型酒店,119.601557,39.930124,hotel
poi_hotel.csv,7天优品酒店,酒店住宿,其他,119.600722,39.929983,hotel
poi_hotel.csv,秦皇岛哈曼林豪华酒店,酒店住宿,其他,119.601216,39.929876,hotel
poi_hotel.csv,亚几木主题酒店,酒店住宿,其他,119.601292,39.932298,hotel
poi_hotel.csv,婕妤女子公寓,酒店住宿,舒适型酒店,119.600046,39.930836,hotel
poi_hotel.csv,秦皇岛悦来福酒店,酒店住宿,其他,119.601273,39.93224,hotel
poi_hotel.csv,莫泰酒店,酒店住宿,舒适型酒店,119.599664,39.93231,hotel
poi_hotel.csv,如家商旅酒店,酒店住宿,其他,119.599657,39.932496,hotel
poi_hotel.csv,星程酒店,酒店住宿,舒适型酒店,119.603496,39.934963,hotel
poi_hotel.csv,秦皇岛安信酒店式公寓,酒店住宿,其他,119.603584,39.935546,hotel
poi_hotel.csv,锦江之星,酒店住宿,舒适型酒店,119.603988,39.934333,hotel
poi_hotel.csv,锦江酒店,酒店住宿,其他,119.604592,39.934532,hotel
poi_hotel.csv,百时便捷酒店,酒店住宿,舒适型酒店,119.603951,39.934332,hotel
poi_hotel.csv,白雪酒店,酒店住宿,其他,119.60027,39.932943,hotel
poi_hotel.csv,秦皇岛枣香酒店,酒店住宿,其他,119.59976,39.934695000000005,hotel
poi_hotel.csv,秦皇岛相约美丽的秦皇岛公寓,酒店住宿,其他,119.59935,39.935533,hotel
poi_hotel.csv,丁洋酒店,酒店住宿,其他,119.595084,39.931724,hotel
poi_hotel.csv,尚客优连锁酒店,酒店住宿,舒适型酒店,119.592992,39.930813,hotel
poi_hotel.csv,秦皇岛一酷电竞公寓,酒店住宿,其他,119.592802,39.930639,hotel
poi_hotel.csv,易佰连锁旅店,酒店住宿,舒适型酒店,119.597911,39.931990000000006,hotel
poi_hotel.csv,易佰连锁旅店,酒店住宿,其他,119.59793,39.931932,hotel
poi_hotel.csv,富鸿商务客房,酒店住宿,舒适型酒店,119.598007,39.93195,hotel
poi_hotel.csv,秦皇岛老妈妈招待所,酒店住宿,舒适型酒店,119.597067,39.93323,hotel
poi_hotel.csv,酒店,酒店住宿,舒适型酒店,119.59701,39.933263,hotel
poi_hotel.csv,秦皇岛一只傻鹅公寓,酒店住宿,其他,119.594119,39.93417,hotel
poi_hotel.csv,丽都国际豪华酒店,酒店住宿,高档型酒店,119.592298,39.937099,hotel
poi_hotel.csv,秦皇岛温馨浪漫舒适之家公寓,酒店住宿,其他,119.598166,39.938859,hotel
poi_hotel.csv,秦皇岛乐嘉·闽商豪华酒店,酒店住宿,其他,119.597933,39.941828,hotel
poi_hotel.csv,尚客优精选酒店,酒店住宿,其他,119.598463,39.941857000000006,hotel
poi_hotel.csv,秦皇岛顽嘉电竞公寓,酒店住宿,其他,119.597954,39.94158,hotel
poi_hotel.csv,非繁·闽商酒店,酒店住宿,其他,119.597843,39.941501,hotel
poi_hotel.csv,不归宿,酒店住宿,其他,119.598477,39.941595,hotel
poi_hotel.csv,爱家酒店,酒店住宿,其他,119.602994,39.936499,hotel
poi_hotel.csv,小租短租民宿,酒店住宿,其他,119.603459,39.936368,hotel
poi_hotel.csv,秦皇岛锦亮酒店,酒店住宿,其他,119.6025,39.937187,hotel
poi_hotel.csv,王哥公寓,酒店住宿,其他,119.603488,39.936417,hotel
poi_hotel.csv,秦皇岛小屋大世界民宿酒店,酒店住宿,其他,119.603469,39.936465,hotel
poi_hotel.csv,秦皇岛梦醒公寓,酒店住宿,其他,119.603506,39.936462,hotel
poi_hotel.csv,山海关海边乐途公寓,酒店住宿,其他,119.603424,39.936417000000006,hotel
poi_hotel.csv,秦皇岛军安公寓,酒店住宿,其他,119.603638,39.936273,hotel
poi_hotel.csv,秦皇岛恋家民宿-,酒店住宿,其他,119.60347,39.936438,hotel
poi_hotel.csv,秦皇岛秘境客栈豪华酒店,酒店住宿,舒适型酒店,119.602742,39.939861,hotel
poi_hotel.csv,秦皇岛秘境客栈豪华酒店,酒店住宿,其他,119.602698,39.939842000000006,hotel
poi_hotel.csv,桔子酒店,酒店住宿,舒适型酒店,119.602779,39.941693,hotel
poi_hotel.csv,海上海国际豪华酒店,酒店住宿,高档型酒店,119.601214,39.941799,hotel
poi_hotel.csv,臻客精选酒店,酒店住宿,舒适型酒店,119.598475,39.941854,hotel
poi_hotel.csv,海上海国际酒店-商务楼,酒店住宿,舒适型酒店,119.601293,39.941811,hotel
poi_hotel.csv,秦皇岛继红酒店,酒店住宿,其他,119.600765,39.944984,hotel
poi_hotel.csv,秦皇岛齐振伟公寓,酒店住宿,其他,119.601032,39.94418700000001,hotel
poi_hotel.csv,秦皇岛君庭国际豪华酒店,酒店住宿,高档型酒店,119.60227,39.944127,hotel
poi_hotel.csv,喆啡酒店,酒店住宿,其他,119.602153,39.944168,hotel
poi_hotel.csv,金盛达酒店,酒店住宿,其他,119.599848,39.948778,hotel
poi_hotel.csv,秦皇岛韩博公寓,酒店住宿,其他,119.600298,39.946411,hotel
poi_hotel.csv,布丁酒店,酒店住宿,其他,119.599885,39.948523,hotel
poi_hotel.csv,秦皇岛雪庐豪华酒店,酒店住宿,其他,119.600668,39.948072,hotel
poi_hotel.csv,金三角商务酒店,酒店住宿,其他,119.595411,39.943344,hotel
poi_hotel.csv,锦江之星,酒店住宿,舒适型酒店,119.595156,39.946419,hotel
poi_hotel.csv,正尚酒店,酒店住宿,其他,119.593979,39.947696,hotel
poi_hotel.csv,半日闲华亮洗浴酒店,酒店住宿,舒适型酒店,119.581373,39.93845,hotel
poi_hotel.csv,秦皇岛有家旅馆,酒店住宿,其他,119.585112,39.937933,hotel
poi_hotel.csv,朗云豪华酒店,酒店住宿,其他,119.585137,39.937843,hotel
poi_hotel.csv,睿柏云酒店,酒店住宿,其他,119.585114,39.937833000000005,hotel
poi_hotel.csv,晴晴家高端私密精品民宿酒店,酒店住宿,其他,119.58412,39.940621,hotel
poi_hotel.csv,招待所,酒店住宿,舒适型酒店,119.581177,39.939681,hotel
poi_hotel.csv,夏忆栈豪华酒店,酒店住宿,其他,119.590916,39.936245,hotel
poi_hotel.csv,秦皇岛瑞诚酒店,酒店住宿,其他,119.592013,39.942214,hotel
poi_hotel.csv,秦皇岛碧海云天看海公寓,酒店住宿,其他,119.589185,39.941399,hotel
poi_hotel.csv,秦皇岛碧海云天港城爱家公寓,酒店住宿,其他,119.589393,39.941397,hotel
poi_hotel.csv,秦皇岛碧海云天12号公寓,酒店住宿,其他,119.589141,39.941104,hotel
poi_hotel.csv,海珑酒店,酒店住宿,高档型酒店,119.588859,39.941422,hotel
poi_hotel.csv,秦皇岛旅行者小栈公寓,酒店住宿,其他,119.588495,39.941547,hotel
poi_hotel.csv,金安宾馆,酒店住宿,其他,119.588586,39.940461,hotel
poi_hotel.csv,碧海云天民宿,酒店住宿,其他,119.588642,39.941564,hotel
poi_hotel.csv,秦皇岛涵舍民宿酒店,酒店住宿,其他,119.588875,39.941442,hotel
poi_hotel.csv,涵舍恰面,酒店住宿,舒适型酒店,119.588677,39.941491000000006,hotel
poi_hotel.csv,星程海珑豪华酒店,酒店住宿,其他,119.588587,39.94158,hotel
poi_hotel.csv,秦皇岛小租短租民宿,酒店住宿,其他,119.588538,39.941721,hotel
poi_hotel.csv,苏秦港湾之翠岛天成普通公寓,酒店住宿,舒适型酒店,119.58205,39.944619,hotel
poi_hotel.csv,金桔酒店,酒店住宿,其他,119.583471,39.948323,hotel
poi_hotel.csv,秦皇岛东戴河佳兆业海景房鑫鑫普通公寓和平大街店,酒店住宿,其他,119.562102,39.932227,hotel
poi_hotel.csv,葫芦岛途家房东星妈公寓,酒店住宿,其他,119.561956,39.930942,hotel
poi_hotel.csv,秦皇岛金月湾民宿,酒店住宿,其他,119.562665,39.932275,hotel
poi_hotel.csv,秦皇岛Ead'sInn公寓,酒店住宿,其他,119.561645,39.932709,hotel
poi_hotel.csv,格林豪泰,酒店住宿,舒适型酒店,119.56583,39.933365,hotel
poi_hotel.csv,秦皇岛韦依文公寓,酒店住宿,其他,119.563044,39.935852,hotel
poi_hotel.csv,秦皇岛酷妮爱屋公寓,酒店住宿,其他,119.571943,39.933059,hotel
poi_hotel.csv,秦皇岛快乐自驾公寓,酒店住宿,其他,119.570294,39.934177000000005,hotel
poi_hotel.csv,秦皇岛海景房日租公寓,酒店住宿,其他,119.517614,39.923170000000006,hotel
poi_hotel.csv,露西娅公寓,酒店住宿,其他,119.545319,39.906737,hotel
poi_hotel.csv,秦皇岛海色观海公寓,酒店住宿,其他,119.545298,39.906635,hotel
poi_hotel.csv,秦皇岛TOP美宿公寓,酒店住宿,其他,119.545229,39.906657,hotel
poi_hotel.csv,秦皇岛闲庭四艺豪华酒店,酒店住宿,其他,119.542746,39.905114,hotel
poi_hotel.csv,秦皇岛小山居驿站,酒店住宿,其他,119.545171,39.906632,hotel
poi_hotel.csv,秦皇岛茂业见面观海公寓,酒店住宿,其他,119.545188,39.906615,hotel
poi_hotel.csv,秦皇岛前道西苑民宿酒店,酒店住宿,其他,119.545226,39.906621,hotel
poi_hotel.csv,秦皇岛糖漂漂小屋,酒店住宿,其他,119.545122,39.906698000000006,hotel
poi_hotel.csv,如家商旅酒店,酒店住宿,其他,119.544767,39.906159,hotel
poi_hotel.csv,闲庭四艺豪华酒店-燕山大学文化空间,酒店住宿,其他,119.542593,39.904713,hotel
poi_hotel.csv,秦皇岛蔚蓝民宿,酒店住宿,其他,119.545162,39.90685,hotel
poi_hotel.csv,秦皇岛行者豪华酒店,酒店住宿,其他,119.544637,39.904969,hotel
poi_hotel.csv,泰福宾馆,酒店住宿,其他,119.544747,39.904941,hotel
poi_hotel.csv,军缘便捷酒店,酒店住宿,其他,119.547522,39.90704,hotel
poi_hotel.csv,7天酒店,酒店住宿,其他,119.548261,39.905296,hotel
poi_hotel.csv,秦皇岛小岛海边公寓,酒店住宿,其他,119.546442,39.905891,hotel
poi_hotel.csv,秦皇岛梦想海景公寓,酒店住宿,其他,119.546627,39.905952,hotel
poi_hotel.csv,渔村客栈,酒店住宿,其他,119.546211,39.905851,hotel
poi_hotel.csv,Smile花香海景公寓,酒店住宿,其他,119.546449,39.905864,hotel
poi_hotel.csv,丫丫海景公寓,酒店住宿,其他,119.546407,39.906086,hotel
poi_hotel.csv,秦皇岛魁华馨园李阿姨公寓,酒店住宿,其他,119.546583,39.905727000000006,hotel
poi_hotel.csv,秦皇岛魁华馨苑枫林公寓酒店,酒店住宿,其他,119.546035,39.905643,hotel
poi_hotel.csv,秦皇岛诚信公寓,酒店住宿,其他,119.546296,39.90575,hotel
poi_hotel.csv,秦皇岛温馨满屋公寓,酒店住宿,其他,119.546171,39.905834,hotel
poi_hotel.csv,秦皇岛谢夫特公寓,酒店住宿,其他,119.546414,39.905923,hotel
poi_hotel.csv,秦皇岛天之大公寓,酒店住宿,其他,119.546437,39.90614,hotel
poi_hotel.csv,秦皇岛何毅公寓,酒店住宿,其他,119.547137,39.90491,hotel
poi_hotel.csv,秦皇岛小城之家日租公寓,酒店住宿,其他,119.546047,39.90568,hotel
poi_hotel.csv,秦皇岛回home公寓,酒店住宿,其他,119.546508,39.906627,hotel
poi_hotel.csv,汉庭酒店,酒店住宿,其他,119.545566,39.90673,hotel
poi_hotel.csv,秦皇岛丹琦会所普通公寓,酒店住宿,其他,119.546571,39.905756,hotel
poi_hotel.csv,温馨公寓,酒店住宿,其他,119.546089,39.90577,hotel
poi_hotel.csv,蔚蓝观海公寓,酒店住宿,其他,119.546246,39.905864,hotel
poi_hotel.csv,秦皇岛逸休公寓,酒店住宿,其他,119.546179,39.905868,hotel
poi_hotel.csv,秦皇岛逸休公寓,酒店住宿,其他,119.546167,39.905852,hotel
poi_hotel.csv,秦皇岛逸休公寓,酒店住宿,其他,119.546239,39.905875,hotel
poi_hotel.csv,秦皇岛奥体欧式观海公寓,酒店住宿,其他,119.546203,39.905921,hotel
poi_hotel.csv,秦皇岛娜片海欧式观海公寓,酒店住宿,其他,119.546206,39.905822,hotel
poi_hotel.csv,秦皇岛小岛主题观海公寓,酒店住宿,其他,119.545988,39.905651,hotel
poi_hotel.csv,宿宸民宿,酒店住宿,其他,119.54695,39.908666,hotel
poi_hotel.csv,洲兴酒店,酒店住宿,其他,119.547073,39.908428,hotel
poi_hotel.csv,鼎盛海景酒店,酒店住宿,其他,119.545745,39.908731,hotel
poi_hotel.csv,新澳观海公寓,酒店住宿,其他,119.545744,39.909838,hotel
poi_hotel.csv,秦皇岛茂业北江旅馆,酒店住宿,其他,119.545732,39.908764,hotel
poi_hotel.csv,秦皇岛小岛拾光公寓,酒店住宿,其他,119.546759,39.908534,hotel
poi_hotel.csv,秦皇岛景悦公寓,酒店住宿,其他,119.546698,39.908509,hotel
poi_hotel.csv,樱田·花巷,酒店住宿,其他,119.546554,39.908597,hotel
poi_hotel.csv,观澜海景酒店,酒店住宿,其他,119.546995,39.908412,hotel
poi_hotel.csv,沁恩海景公寓,酒店住宿,其他,119.546633,39.908716000000005,hotel
poi_hotel.csv,秦皇岛恋尚小岛公寓,酒店住宿,其他,119.546759,39.908471000000006,hotel
poi_hotel.csv,小岛与鱼观海公寓酒店,酒店住宿,其他,119.545796,39.908669,hotel
poi_hotel.csv,签收日落主题公寓,酒店住宿,舒适型酒店,119.546773,39.908451,hotel
poi_hotel.csv,夏至蝉鸣观海公寓,酒店住宿,其他,119.546803,39.9088,hotel
poi_hotel.csv,秦皇岛河马很甜公寓,酒店住宿,其他,119.546458,39.908841,hotel
poi_hotel.csv,秦皇岛茂业中心假日豪华酒店,酒店住宿,其他,119.54678,39.90876,hotel
poi_hotel.csv,豪瑞酒店公寓,酒店住宿,其他,119.547412,39.908031,hotel
poi_hotel.csv,红颜公寓,酒店住宿,其他,119.547168,39.908254,hotel
poi_hotel.csv,秦皇岛茂业中心悦澜湾海景公寓,酒店住宿,其他,119.545725,39.908713,hotel
poi_hotel.csv,秦皇岛茂业中心B座观海公寓,酒店住宿,其他,119.546722,39.908453,hotel
poi_hotel.csv,Zhotel高空智慧公寓,酒店住宿,其他,119.546727,39.908543,hotel
poi_hotel.csv,ZHotel高空海景智慧豪华酒店,酒店住宿,其他,119.547076,39.908096,hotel
poi_hotel.csv,欧宸公寓,酒店住宿,其他,119.54676,39.908517,hotel
poi_hotel.csv,秦皇岛千墅一葉海景度假酒店,酒店住宿,其他,119.546764,39.908755,hotel
poi_hotel.csv,初夏观海公寓,酒店住宿,舒适型酒店,119.543719,39.909043,hotel
poi_hotel.csv,友帮公寓,酒店住宿,其他,119.544251,39.90795,hotel
poi_hotel.csv,秦皇岛玺西观海民宿酒店,酒店住宿,其他,119.543582,39.908909,hotel
poi_hotel.csv,逅海与你公寓豪华酒店,酒店住宿,其他,119.544937,39.909298,hotel
poi_hotel.csv,秦皇岛本沫观海公寓,酒店住宿,其他,119.543869,39.909049,hotel
poi_hotel.csv,秦皇岛若雨观海公寓,酒店住宿,其他,119.54362,39.909088,hotel
poi_hotel.csv,秦皇岛海港观海公寓,酒店住宿,其他,119.54415,39.90905,hotel
poi_hotel.csv,庆阳条顿电竞公寓,酒店住宿,其他,119.543736,39.909204,hotel
poi_hotel.csv,秦皇岛80·旅馆,酒店住宿,舒适型酒店,119.543599,39.909161,hotel
poi_hotel.csv,秦皇岛朴宿薇澜公寓,酒店住宿,其他,119.543977,39.908803,hotel
poi_hotel.csv,秦皇岛观海小公寓,酒店住宿,其他,119.545105,39.909665,hotel
poi_hotel.csv,栖海·美宿优选观海公寓,酒店住宿,舒适型酒店,119.543696,39.909074,hotel
poi_hotel.csv,秦皇岛艾尚观海精品公寓,酒店住宿,其他,119.54452,39.909033,hotel
poi_hotel.csv,小时光观海公寓,酒店住宿,其他,119.543683,39.909064,hotel
poi_hotel.csv,私密空间主题公寓,酒店住宿,其他,119.543762,39.908989,hotel
poi_hotel.csv,小时光观海公寓,酒店住宿,其他,119.54407,39.908607,hotel
poi_hotel.csv,秦皇岛燕大西苑公寓,酒店住宿,其他,119.534184,39.921317,hotel
poi_hotel.csv,汉庭酒店,酒店住宿,舒适型酒店,119.530057,39.922703,hotel
poi_hotel.csv,如家酒店·neo,酒店住宿,舒适型酒店,119.530107,39.922732,hotel
poi_hotel.csv,锦江之星,酒店住宿,舒适型酒店,119.53117,39.922257,hotel
poi_hotel.csv,奥阑酒店,酒店住宿,其他,119.53119,39.921824,hotel
poi_hotel.csv,秦皇岛途我自在公寓,酒店住宿,其他,119.532674,39.923475,hotel
poi_hotel.csv,秦皇岛银海精品豪华酒店,酒店住宿,其他,119.534797,39.928709000000005,hotel
poi_hotel.csv,美居豪华酒店,酒店住宿,其他,119.53173,39.928791,hotel
poi_hotel.csv,秦皇岛汇之滨酒店,酒店住宿,其他,119.743561,39.996638,hotel
poi_hotel.csv,秦皇岛亚非民宿酒店,酒店住宿,其他,119.74577,39.994722,hotel
poi_hotel.csv,山海关清居影儿的家旅馆,酒店住宿,其他,119.759363,40.000222,hotel
poi_hotel.csv,秦皇岛娜麽好公寓,酒店住宿,其他,119.759049,39.99886,hotel
poi_hotel.csv,秦皇岛驿佳人旅馆,酒店住宿,舒适型酒店,119.757335,40.002766,hotel
poi_hotel.csv,好玖不见精品民宿酒店,酒店住宿,舒适型酒店,119.754978,40.002751,hotel
poi_hotel.csv,文铭民宿酒店,酒店住宿,舒适型酒店,119.758119,40.002976,hotel
poi_hotel.csv,秦皇岛海雨天风商务酒店,酒店住宿,其他,119.760042,40.001077,hotel
poi_hotel.csv,山海清居民宿酒店,酒店住宿,其他,119.759262,40.000377,hotel
poi_hotel.csv,秦皇岛邓跃特色民宿酒店,酒店住宿,其他,119.758083,40.003407,hotel
poi_hotel.csv,五条小筑,酒店住宿,舒适型酒店,119.759577,40.00595,hotel
poi_hotel.csv,杰姆旅馆,酒店住宿,舒适型酒店,119.759826,40.004734,hotel
poi_hotel.csv,山海关山友庭院民宿酒店,酒店住宿,舒适型酒店,119.759398,40.004045000000005,hotel
poi_hotel.csv,山海关金巽源酒店,酒店住宿,其他,119.759892,40.00406,hotel
poi_hotel.csv,山海关寄雲山馆民宿酒店,酒店住宿,其他,119.759444,40.003926,hotel
poi_hotel.csv,秦皇岛西库小院,酒店住宿,其他,119.759759,40.00413,hotel
poi_hotel.csv,秦皇岛四条老院民宿酒店,酒店住宿,其他,119.760001,40.006505,hotel
poi_hotel.csv,城中酒店,酒店住宿,舒适型酒店,119.75946,40.004989,hotel
poi_hotel.csv,山海关栖宿小舍民宿酒店,酒店住宿,舒适型酒店,119.760561,40.00610399999999,hotel
poi_hotel.csv,山海关马家民宿酒店,酒店住宿,其他,119.758823,40.00632,hotel
poi_hotel.csv,秦皇岛如愿精品房旅馆,酒店住宿,其他,119.75806,40.005312,hotel
poi_hotel.csv,秦皇岛丁家民宿酒店,酒店住宿,舒适型酒店,119.757805,40.00599,hotel
poi_hotel.csv,秦皇岛花田家品质民宿,酒店住宿,其他,119.758876,40.005624,hotel
poi_hotel.csv,秦皇岛山海关天下第一关古城丁家民宿酒店,酒店住宿,其他,119.758377,40.005506,hotel
poi_hotel.csv,西厢民宿酒店,酒店住宿,其他,119.756738,40.006184,hotel
poi_hotel.csv,影新宾馆,酒店住宿,舒适型酒店,119.762936,40.002508,hotel
poi_hotel.csv,秦皇岛伊山酒店,酒店住宿,其他,119.763716,40.001542,hotel
poi_hotel.csv,星程酒店,酒店住宿,其他,119.76211,40.001881,hotel
poi_hotel.csv,御驾酒店,酒店住宿,其他,119.763352,40.001942,hotel
poi_hotel.csv,秦皇岛平静生活公寓,酒店住宿,其他,119.763032,40.002749,hotel
poi_hotel.csv,7天酒店,酒店住宿,其他,119.762943,40.000459,hotel
poi_hotel.csv,秦皇岛山海关天成宾馆,酒店住宿,其他,119.762979,40.002494000000006,hotel
poi_hotel.csv,山海关顺裕园酒店,酒店住宿,其他,119.763769,40.001395,hotel
poi_hotel.csv,秦皇岛山海关火车站古城人家公寓,酒店住宿,其他,119.76236,40.002076,hotel
poi_hotel.csv,天佑酒店,酒店住宿,其他,119.763096,40.00233,hotel
poi_hotel.csv,秦皇岛山海关亚朵豪华酒店,酒店住宿,其他,119.761866,40.002935,hotel
poi_hotel.csv,秦皇岛冠里便捷酒店,酒店住宿,其他,119.762256,40.003043,hotel
poi_hotel.csv,山海关宜佳酒店,酒店住宿,舒适型酒店,119.765708,40.002596,hotel
poi_hotel.csv,正桐酒店,酒店住宿,其他,119.76409,40.002152,hotel
poi_hotel.csv,舒朋酒店,酒店住宿,其他,119.765793,40.002425,hotel
poi_hotel.csv,山海关萃莲快捷酒店,酒店住宿,其他,119.766104,40.00211,hotel
poi_hotel.csv,山海关旺圣酒店,酒店住宿,其他,119.766008,40.002256,hotel
poi_hotel.csv,山海关华荣招待所,酒店住宿,舒适型酒店,119.764125,40.001544,hotel
poi_hotel.csv,秦皇岛雅之家快捷酒店,酒店住宿,其他,119.766083,40.002017,hotel
poi_hotel.csv,宾悦酒店,酒店住宿,舒适型酒店,119.764225,40.003102,hotel
poi_hotel.csv,靖泽酒店,酒店住宿,其他,119.765439,40.002874,hotel
poi_hotel.csv,山海关铁北酒店,酒店住宿,其他,119.765462,40.002843,hotel
poi_hotel.csv,山海关海逸酒店,酒店住宿,其他,119.765193,40.002634,hotel
poi_hotel.csv,荷花快捷宾馆,酒店住宿,其他,119.765418,40.003161,hotel
poi_hotel.csv,秦皇岛山海关火车站大众民宿酒店,酒店住宿,其他,119.764392,40.001917000000006,hotel
poi_hotel.csv,中星酒店,酒店住宿,其他,119.76562,40.001015,hotel
poi_hotel.csv,汉庭酒店,酒店住宿,舒适型酒店,119.766019,40.001751,hotel
poi_hotel.csv,美居酒店,酒店住宿,其他,119.764806,40.002903,hotel
poi_hotel.csv,秦皇岛金家源酒店,酒店住宿,其他,119.764065,40.000989,hotel
poi_hotel.csv,谊春旅社,酒店住宿,舒适型酒店,119.765789,40.000742,hotel
poi_hotel.csv,秦皇岛帝佳快捷酒店,酒店住宿,其他,119.764899,40.003661,hotel
poi_hotel.csv,秦皇岛博逸商务豪华酒店,酒店住宿,其他,119.764364,40.004104,hotel
poi_hotel.csv,博逸书画主题酒店,酒店住宿,其他,119.764053,40.003918,hotel
poi_hotel.csv,山海关荷花酒店,酒店住宿,其他,119.765049,40.003391,hotel
poi_hotel.csv,秦皇岛山海关帝佳宾馆,酒店住宿,其他,119.765071,40.003553,hotel
poi_hotel.csv,天一小院旅馆,酒店住宿,舒适型酒店,119.761111,40.004258,hotel
poi_hotel.csv,山海关吉华里民宿酒店,酒店住宿,舒适型酒店,119.762803,40.00516,hotel
poi_hotel.csv,秦皇岛祥安家庭酒店,酒店住宿,其他,119.761143,40.004883,hotel
poi_hotel.csv,秦皇岛琳源酒店,酒店住宿,其他,119.763015,40.003604,hotel
poi_hotel.csv,秦皇岛望古楼旅馆,酒店住宿,其他,119.761757,40.003997000000005,hotel
poi_hotel.csv,秦皇岛古城之旅特色民宿酒店,酒店住宿,其他,119.76093,40.004122,hotel
poi_hotel.csv,來缘酒店,酒店住宿,其他,119.76386,40.006152,hotel
poi_hotel.csv,温馨近海公寓,酒店住宿,其他,119.761723,40.005751,hotel
poi_hotel.csv,万通豪华酒店,酒店住宿,其他,119.568882,39.949195,hotel
poi_hotel.csv,秦皇岛依依雅居公寓,酒店住宿,其他,119.570136,39.951172,hotel
poi_hotel.csv,秦皇岛小岛之民宿酒店,酒店住宿,其他,119.570423,39.952572,hotel
poi_hotel.csv,商旅豪华酒店,酒店住宿,其他,119.568196,39.953129,hotel
poi_hotel.csv,秦皇岛AAA枫叶公寓,酒店住宿,其他,119.567969,39.952888,hotel
poi_hotel.csv,睿柏·云酒店,酒店住宿,其他,119.568313,39.953161,hotel
poi_hotel.csv,海逸公寓,酒店住宿,其他,119.57422,39.948951,hotel
poi_hotel.csv,秦皇岛君安时尚豪华酒店,酒店住宿,其他,119.578307,39.954104,hotel
poi_hotel.csv,秦皇岛天宝豪华酒店,酒店住宿,其他,119.575007,39.954007,hotel
poi_hotel.csv,天宝客房,酒店住宿,舒适型酒店,119.574714,39.954403000000006,hotel
poi_hotel.csv,秦皇岛留岛公寓,酒店住宿,其他,119.574135,39.952373,hotel
poi_hotel.csv,秦皇岛巢巢花园民宿酒店,酒店住宿,其他,119.574118,39.955521000000005,hotel
poi_hotel.csv,秦皇岛秦铁小家公寓,酒店住宿,其他,119.575243,39.957817,hotel
poi_hotel.csv,秦皇岛赵小如公寓,酒店住宿,其他,119.577318,39.9579,hotel
poi_hotel.csv,日宝酒店,酒店住宿,其他,119.579595,39.961529,hotel
poi_hotel.csv,秦皇岛旭势待发公寓,酒店住宿,其他,119.578041,39.959637,hotel
poi_hotel.csv,酒店,酒店住宿,其他,119.578146,39.961167,hotel
poi_hotel.csv,天翔酒店,酒店住宿,其他,119.574976,39.959483,hotel
poi_hotel.csv,星程酒店,酒店住宿,舒适型酒店,119.584949,39.94896,hotel
poi_hotel.csv,秦皇岛北岛酒店,酒店住宿,其他,119.584323,39.949117,hotel
poi_hotel.csv,格盟酒店,酒店住宿,其他,119.584909,39.954275,hotel
poi_hotel.csv,华驿酒店,酒店住宿,其他,119.585939,39.954243,hotel
poi_hotel.csv,秦皇岛雍悦主题豪华酒店,酒店住宿,其他,119.586428,39.951705,hotel
poi_hotel.csv,如家华驿精选酒店,酒店住宿,其他,119.586075,39.94953,hotel
poi_hotel.csv,君御酒店,酒店住宿,豪华型酒店,119.592247,39.953344,hotel
poi_hotel.csv,东发宾馆,酒店住宿,其他,119.586554,39.95489,hotel
poi_hotel.csv,7天酒店,酒店住宿,舒适型酒店,119.586084,39.954275,hotel
poi_hotel.csv,铭扬酒店,酒店住宿,其他,119.586504,39.955172,hotel
poi_hotel.csv,如家联盟-华驿豪华酒店秦皇岛万达广场店,酒店住宿,其他,119.586095,39.954178,hotel
poi_hotel.csv,枫桥酒店,酒店住宿,其他,119.594483,39.950631,hotel
poi_hotel.csv,秦皇岛火车站迎宾路亚朵豪华酒店,酒店住宿,其他,119.594524,39.950278,hotel
poi_hotel.csv,秦皇岛君达长城豪华酒店,酒店住宿,高档型酒店,119.596437,39.953458000000005,hotel
poi_hotel.csv,长城豪华酒店,酒店住宿,其他,119.596482,39.953883,hotel
poi_hotel.csv,秦皇岛酒店,酒店住宿,豪华型酒店,119.59463,39.955033,hotel
poi_hotel.csv,秦皇岛大豪华酒店·宴会厅,酒店住宿,其他,119.594527,39.955077,hotel
poi_hotel.csv,秦皇岛韩雪晴公寓,酒店住宿,其他,119.592297,39.953459,hotel
poi_hotel.csv,怡莱酒店,酒店住宿,其他,119.592918,39.95501,hotel
poi_hotel.csv,秦皇岛海秦豪华酒店,酒店住宿,舒适型酒店,119.615661,39.951852,hotel
poi_hotel.csv,海洋之星汗蒸广场,酒店住宿,其他,119.615457,39.951602,hotel
poi_hotel.csv,秦皇岛弘正快捷酒店,酒店住宿,其他,119.614781,39.949001,hotel
poi_hotel.csv,小楼昨夜宾馆,酒店住宿,其他,119.616257,39.95395,hotel
poi_hotel.csv,365云盟豪华酒店,酒店住宿,其他,119.615786,39.954118,hotel
poi_hotel.csv,骏怡连锁酒店,酒店住宿,其他,119.615719,39.953997,hotel
poi_hotel.csv,雅居便捷酒店,酒店住宿,其他,119.615737,39.95402,hotel
poi_hotel.csv,派酒店,酒店住宿,其他,119.615551,39.953879,hotel
poi_hotel.csv,秦皇岛汇宾餐馆,酒店住宿,其他,119.618785,39.949102,hotel
poi_hotel.csv,秦皇岛圣优客主题酒店,酒店住宿,其他,119.622602,39.954991,hotel
poi_hotel.csv,华通酒店,酒店住宿,其他,119.617385,39.953943,hotel
poi_hotel.csv,南戴河避暑花园三期家庭式公寓,酒店住宿,舒适型酒店,119.412369,39.797133,hotel
poi_hotel.csv,近海两室公寓,酒店住宿,舒适型酒店,119.412295,39.796365,hotel
poi_hotel.csv,秦皇岛近海温馨两室大床房公寓,酒店住宿,其他,119.412352,39.797103,hotel
poi_hotel.csv,洛丽塔治愈系公主屋,酒店住宿,其他,119.412289,39.796335,hotel
poi_hotel.csv,南戴河观海温馨公寓,酒店住宿,其他,119.411656,39.797298,hotel
poi_hotel.csv,秦皇岛我的微店公寓,酒店住宿,其他,119.411229,39.796441,hotel
poi_hotel.csv,南戴河笑笑家庭公寓,酒店住宿,其他,119.411647,39.796823,hotel
poi_hotel.csv,秦皇岛张芹公寓,酒店住宿,其他,119.41157,39.796579,hotel
poi_hotel.csv,南戴河杨杨公寓,酒店住宿,其他,119.41412,39.798032,hotel
poi_hotel.csv,秦皇岛避暑小屋民宿酒店,酒店住宿,其他,119.413092,39.796929,hotel
poi_hotel.csv,锦程酒店,酒店住宿,舒适型酒店,119.413759,39.798093,hotel
poi_hotel.csv,秦皇岛看海小屋心灵驿站,酒店住宿,其他,119.411743,39.797233,hotel
poi_hotel.csv,秦皇岛大海dahai888公寓,酒店住宿,舒适型酒店,119.412555,39.796476,hotel
poi_hotel.csv,秦皇岛安心公寓,酒店住宿,其他,119.412952,39.795958,hotel
poi_hotel.csv,秦皇岛李硕公寓,酒店住宿,其他,119.41238,39.797127,hotel
poi_hotel.csv,秦皇岛公寓接待,酒店住宿,其他,119.411757,39.797137,hotel
poi_hotel.csv,南戴河临海民宿酒店,酒店住宿,其他,119.412419,39.796701,hotel
poi_hotel.csv,秦皇岛杨小伟公寓,酒店住宿,其他,119.411907,39.797207,hotel
poi_hotel.csv,秦皇岛缘份天空小屋,酒店住宿,其他,119.413928,39.796806,hotel
poi_hotel.csv,秦皇岛海边happy小屋,酒店住宿,其他,119.413395,39.796392,hotel
poi_hotel.csv,南戴河美顺家庭公寓,酒店住宿,其他,119.412583,39.796229,hotel
poi_hotel.csv,秦皇岛金德海公寓,酒店住宿,舒适型酒店,119.412336,39.797098,hotel
poi_hotel.csv,秦皇岛单秀梅公寓,酒店住宿,其他,119.412916,39.798008,hotel
poi_hotel.csv,秦皇岛cmy610公寓,酒店住宿,其他,119.414045,39.79778,hotel
poi_hotel.csv,秦皇岛海驿近海公寓,酒店住宿,其他,119.412362,39.79589,hotel
poi_hotel.csv,秦皇岛花开半夏普通公寓,酒店住宿,其他,119.4124,39.796151,hotel
poi_hotel.csv,海韵兰香公寓,酒店住宿,其他,119.412831,39.796449,hotel
poi_hotel.csv,秦皇岛杨小艳公寓,酒店住宿,其他,119.411931,39.797183,hotel
poi_hotel.csv,秦皇岛南戴河近海大2室公寓,酒店住宿,其他,119.412329,39.796136,hotel
poi_hotel.csv,南戴河幸福之家公寓,酒店住宿,其他,119.411413,39.795704,hotel
poi_hotel.csv,秦皇岛90后包租婆公寓,酒店住宿,其他,119.412374,39.797085,hotel
poi_hotel.csv,秦皇岛summer3176公寓,酒店住宿,其他,119.411832,39.797963,hotel
poi_hotel.csv,秦皇岛看海小屋心灵驿站,酒店住宿,其他,119.413992,39.795317,hotel
poi_hotel.csv,佳佳888公寓,酒店住宿,其他,119.414051,39.796952000000005,hotel
poi_hotel.csv,秦皇岛九鱼富贵花季公寓,酒店住宿,其他,119.413625,39.797549,hotel
poi_hotel.csv,南戴河近海宜住张老师家庭公寓,酒店住宿,其他,119.411232,39.795765,hotel
poi_hotel.csv,秦皇岛南戴河子航民宿,酒店住宿,其他,119.41229,39.796464,hotel
poi_hotel.csv,秦皇岛南戴河家庭公寓,酒店住宿,其他,119.41382,39.798058000000005,hotel
poi_hotel.csv,秦皇岛南戴河避暑花园民宿,酒店住宿,其他,119.41391,39.797705,hotel
poi_hotel.csv,张女士公寓秦皇岛避暑花园店,酒店住宿,舒适型酒店,119.411222,39.796514,hotel
poi_hotel.csv,秦皇岛李霞ly公寓,酒店住宿,其他,119.416932,39.795605,hotel
poi_hotel.csv,秦皇岛一家人之家公寓,酒店住宿,其他,119.415033,39.797369,hotel
poi_hotel.csv,秦皇岛陈女士公寓,酒店住宿,其他,119.417015,39.797402000000005,hotel
poi_hotel.csv,南戴河近水岸豪华酒店,酒店住宿,其他,119.416516,39.796054000000005,hotel
poi_hotel.csv,南戴河海韵兰香公寓,酒店住宿,其他,119.417186,39.796716,hotel
poi_hotel.csv,秦皇岛南戴河心怡民宿酒店,酒店住宿,其他,119.417115,39.797442,hotel
poi_hotel.csv,秦皇岛奈斯精品民宿酒店,酒店住宿,其他,119.41453,39.798067,hotel
poi_hotel.csv,秦皇岛王禹铭公寓,酒店住宿,其他,119.416502,39.795557,hotel
poi_hotel.csv,南戴河超奈斯别墅,酒店住宿,其他,119.4146,39.798062,hotel
poi_hotel.csv,秦皇岛近海精装修公寓,酒店住宿,其他,119.416986,39.79561,hotel
poi_hotel.csv,秦皇岛亲海温馨公寓,酒店住宿,其他,119.416494,39.795546,hotel
poi_hotel.csv,秦皇岛清雅驿站,酒店住宿,其他,119.416915,39.795705,hotel
poi_hotel.csv,秦皇岛一抹安和的静公寓,酒店住宿,其他,119.416525,39.795564000000006,hotel
poi_hotel.csv,南戴河赵骑露公寓,酒店住宿,其他,119.41438,39.795100000000005,hotel
poi_hotel.csv,秦皇岛爱家小屋,酒店住宿,其他,119.414622,39.798082,hotel
poi_hotel.csv,南戴河小卢家庭公寓,酒店住宿,其他,119.417087,39.797343,hotel
poi_hotel.csv,秦皇岛塌耳兔兔别墅,酒店住宿,其他,119.417058,39.797221,hotel
poi_hotel.csv,秦皇岛临海听涛公寓,酒店住宿,其他,119.417189,39.796814,hotel
poi_hotel.csv,秦皇岛幸福里家庭公寓,酒店住宿,其他,119.414474,39.795213,hotel
poi_hotel.csv,雪儿姐民宿,酒店住宿,其他,119.416867,39.794946,hotel
poi_hotel.csv,秦皇岛静泽公寓,酒店住宿,其他,119.415724,39.797032,hotel
poi_hotel.csv,秦皇岛乐信家公寓,酒店住宿,其他,119.415216,39.798044,hotel
poi_hotel.csv,秦皇岛温馨短租公寓,酒店住宿,其他,119.414612,39.798085,hotel
poi_hotel.csv,秦皇岛南戴河gj公寓,酒店住宿,其他,119.417239,39.796702,hotel
poi_hotel.csv,秦皇岛李家轩公寓,酒店住宿,其他,119.414536,39.798091,hotel
poi_hotel.csv,南戴河海岸时光别墅,酒店住宿,其他,119.41595,39.797121,hotel
poi_hotel.csv,秦皇岛石海鹏公寓,酒店住宿,其他,119.416269,39.795259,hotel
poi_hotel.csv,秦皇岛南戴河乐子公寓,酒店住宿,其他,119.416244,39.795229,hotel
poi_hotel.csv,南戴河海韵兰香家庭公寓,酒店住宿,其他,119.417303,39.79521,hotel
poi_hotel.csv,秦皇岛泊海湾别墅,酒店住宿,其他,119.416222,39.797178,hotel
poi_hotel.csv,秦皇岛游客家公寓,酒店住宿,其他,119.415763,39.795278,hotel
poi_hotel.csv,秦皇岛南戴河舒适小窝公寓,酒店住宿,其他,119.417198,39.796651,hotel
poi_hotel.csv,秦皇岛南戴河近海三居套房,酒店住宿,其他,119.416982,39.795066000000006,hotel
poi_hotel.csv,近海公寓,酒店住宿,其他,119.417343,39.79605299999999,hotel
poi_hotel.csv,秦皇岛近海温馨两室大床房公寓,酒店住宿,其他,119.416961,39.796615,hotel
poi_hotel.csv,南戴河近海温馨公寓,酒店住宿,其他,119.416513,39.795584000000005,hotel
poi_hotel.csv,南戴河温馨三室公寓,酒店住宿,其他,119.417229,39.797333,hotel
poi_hotel.csv,秦皇岛南戴河温馨小三居室公寓,酒店住宿,其他,119.416925,39.796978,hotel
poi_hotel.csv,秦皇岛北戴河近海小聚之家公寓,酒店住宿,其他,119.414986,39.797399000000006,hotel
poi_hotel.csv,唯美公寓,酒店住宿,其他,119.416911,39.795464,hotel
poi_hotel.csv,秦皇岛孙阿姨家庭公寓,酒店住宿,舒适型酒店,119.41514,39.797422,hotel
poi_hotel.csv,美丹公寓,酒店住宿,其他,119.415228,39.795999,hotel
poi_hotel.csv,秦皇岛南戴河小白民宿,酒店住宿,其他,119.416488,39.795577,hotel
poi_hotel.csv,看海小屋心灵驿站,酒店住宿,其他,119.417237,39.795312,hotel
poi_hotel.csv,秦皇岛逝水流年近海民宿,酒店住宿,其他,119.414512,39.798054,hotel
poi_hotel.csv,秦皇岛孙妍家庭公寓,酒店住宿,其他,119.416027,39.795117,hotel
poi_hotel.csv,秦皇岛北戴河阿尔卡迪亚勿忘我公寓,酒店住宿,其他,119.415048,39.79726,hotel
poi_hotel.csv,秦皇岛韩雅琴公寓,酒店住宿,其他,119.414716,39.798844,hotel
poi_hotel.csv,南戴河吕姐公寓,酒店住宿,其他,119.415223,39.800209,hotel
poi_hotel.csv,秦皇岛卖小鱼儿滴公寓,酒店住宿,其他,119.414697,39.798161,hotel
poi_hotel.csv,秦皇岛甜朵糖豆公寓,酒店住宿,其他,119.416119,39.798944000000006,hotel
poi_hotel.csv,秦皇岛吴大嫂公寓,酒店住宿,其他,119.415032,39.799146,hotel
poi_hotel.csv,南戴河小张公寓,酒店住宿,其他,119.414725,39.800624,hotel
poi_hotel.csv,秦皇岛南戴河家庭公寓,酒店住宿,其他,119.415376,39.798705,hotel
poi_hotel.csv,家的味道公寓,酒店住宿,其他,119.415583,39.799443,hotel
poi_hotel.csv,秦皇岛北戴河新区南戴河近海繁华地段三室两厅公寓,酒店住宿,其他,119.415644,39.799069,hotel
poi_hotel.csv,南戴河曹桂琴家庭酒店,酒店住宿,其他,119.414138,39.798745,hotel
poi_hotel.csv,秦皇岛刘三姐家庭公寓,酒店住宿,其他,119.412077,39.798926,hotel
poi_hotel.csv,南戴河近海家庭公寓,酒店住宿,其他,119.412044,39.799196,hotel
poi_hotel.csv,秦皇岛晟达公寓,酒店住宿,其他,119.413739,39.801293,hotel
poi_hotel.csv,秦皇岛海岛七号公寓,酒店住宿,其他,119.412324,39.801242,hotel
poi_hotel.csv,南戴河富强里家庭公寓,酒店住宿,其他,119.413639,39.800187,hotel
poi_hotel.csv,秦皇岛清凉e夏公寓,酒店住宿,其他,119.412,39.798958,hotel
poi_hotel.csv,秦皇岛房东老虎公寓,酒店住宿,其他,119.41187,39.799199,hotel
poi_hotel.csv,秦皇岛吴永兰公寓,酒店住宿,其他,119.412592,39.801241,hotel
poi_hotel.csv,秦皇岛拉尼娜公寓,酒店住宿,其他,119.412,39.798961,hotel
poi_hotel.csv,秦皇岛秋叶公寓,酒店住宿,其他,119.413622,39.800207,hotel
poi_hotel.csv,南戴河优途民宿酒店,酒店住宿,其他,119.414248,39.80081,hotel
poi_hotel.csv,秦皇岛Wendyloved公寓,酒店住宿,其他,119.412031,39.798965,hotel
poi_hotel.csv,南戴河李姐公寓,酒店住宿,其他,119.412119,39.800262,hotel
poi_hotel.csv,南戴河唐娜家庭酒店,酒店住宿,舒适型酒店,119.412031,39.799253,hotel
poi_hotel.csv,秦皇岛曾光公寓,酒店住宿,其他,119.412003,39.79895,hotel
poi_hotel.csv,经济家庭公寓,酒店住宿,其他,119.413911,39.79821,hotel
poi_hotel.csv,秦皇岛南戴河孙阿姨民宿酒店,酒店住宿,其他,119.412539,39.80132,hotel
poi_hotel.csv,秦皇岛南戴河滨海公寓,酒店住宿,其他,119.413969,39.798438,hotel
poi_hotel.csv,秦皇岛大美南戴河之韵公寓,酒店住宿,其他,119.413953,39.798175,hotel
poi_hotel.csv,秦皇岛南戴河快乐小家公寓,酒店住宿,其他,119.412179,39.798949,hotel
poi_hotel.csv,秦皇岛南戴河安宇家庭公寓,酒店住宿,其他,119.412108,39.801242,hotel
poi_hotel.csv,秦皇岛南戴河海边豪华公寓,酒店住宿,其他,119.412179,39.799023,hotel
poi_hotel.csv,秦皇岛梁家小院近海民宿,酒店住宿,其他,119.412818,39.798848,hotel
poi_hotel.csv,秦皇岛快乐金艳公寓,酒店住宿,其他,119.411715,39.798433,hotel
poi_hotel.csv,曹桂琴公寓,酒店住宿,其他,119.413789,39.799852,hotel
poi_hotel.csv,张张123公寓,酒店住宿,其他,119.414007,39.798996,hotel
poi_hotel.csv,秦皇岛孙阿姨家庭公寓,酒店住宿,其他,119.412355,39.801285,hotel
poi_hotel.csv,青青家庭公寓,酒店住宿,其他,119.412047,39.798934,hotel
poi_hotel.csv,秦皇岛奕菲亦欣的小家公寓,酒店住宿,其他,119.412002,39.798966,hotel
poi_hotel.csv,青龙好梦快捷酒店,酒店住宿,其他,118.945914,40.405339,hotel
poi_hotel.csv,酒店住宿,酒店住宿,舒适型酒店,118.943648,40.404947,hotel
poi_hotel.csv,青龙大楼酒店,酒店住宿,其他,118.948034,40.406319,hotel
poi_hotel.csv,青龙劝业酒店,酒店住宿,其他,118.947736,40.405999,hotel
poi_hotel.csv,青龙酒店,酒店住宿,其他,118.947853,40.408015,hotel
poi_hotel.csv,金源商务酒店,酒店住宿,其他,118.957118,40.405804,hotel
poi_hotel.csv,家园旅社,酒店住宿,舒适型酒店,118.961614,40.407996,hotel
poi_hotel.csv,立军公寓,酒店住宿,舒适型酒店,118.960777,40.408075,hotel
poi_hotel.csv,学之成快捷宾馆,酒店住宿,其他,119.607663,39.930947,hotel
poi_hotel.csv,惠丰商务公寓,酒店住宿,其他,119.606948,39.931176,hotel
poi_hotel.csv,太阳城招待所,酒店住宿,舒适型酒店,119.605404,39.931779,hotel
poi_hotel.csv,铁路招待所,酒店住宿,舒适型酒店,119.605317,39.93182,hotel
poi_hotel.csv,浪漫主题公寓,酒店住宿,其他,119.605557,39.933255,hotel
poi_hotel.csv,格林豪泰,酒店住宿,舒适型酒店,119.607108,39.934347,hotel
poi_hotel.csv,秦皇岛中心旅馆,酒店住宿,其他,119.606791,39.933871,hotel
poi_hotel.csv,秦皇岛新华街景象特色酒店,酒店住宿,其他,119.606606,39.93395,hotel
poi_hotel.csv,如家酒店,酒店住宿,其他,119.607841,39.934096,hotel
poi_hotel.csv,维也纳酒店,酒店住宿,其他,119.60544,39.934754,hotel
poi_hotel.csv,秦皇岛旺客旅店,酒店住宿,舒适型酒店,119.601933,39.930023,hotel
poi_hotel.csv,秦皇岛田经理公寓,酒店住宿,其他,119.604372,39.931997,hotel
poi_hotel.csv,秦皇岛景区阳光海景套房公寓,酒店住宿,其他,119.521841,39.898233000000005,hotel
poi_hotel.csv,秦皇岛素素小姐公寓,酒店住宿,其他,119.523403,39.898627,hotel
poi_hotel.csv,秦皇岛水云间民宿酒店,酒店住宿,其他,119.378238,40.025521,hotel
poi_hotel.csv,秦皇岛冰塘峪星空木屋,酒店住宿,其他,119.358711,40.105683,hotel
poi_hotel.csv,悠然逸栈民宿酒店,酒店住宿,其他,119.330457,40.097483,hotel
poi_hotel.csv,聚丰园豪华酒店,酒店住宿,其他,119.281748,40.055081,hotel
poi_hotel.csv,好再来面店旅店,酒店住宿,舒适型酒店,119.150071,39.487268,hotel
poi_hotel.csv,昌黎小河和大海公寓,酒店住宿,其他,119.310362,39.631674,hotel
poi_hotel.csv,秦皇岛美美de糖糖琪公寓,酒店住宿,其他,119.310116,39.631425,hotel
poi_hotel.csv,阿那亚民宿中心,酒店住宿,其他,119.314422,39.639062,hotel
poi_hotel.csv,秦皇岛阿卡莹馨家公寓,酒店住宿,其他,119.310359,39.631484,hotel
poi_hotel.csv,渔岛菲奢尔海景温泉豪华酒店,酒店住宿,其他,119.294495,39.595088,hotel
poi_hotel.csv,铭乐居酒店,酒店住宿,舒适型酒店,119.302299,39.699646,hotel
poi_hotel.csv,金烨农家院,酒店住宿,其他,119.303514,39.700945,hotel
poi_hotel.csv,吉祥精品农家院,酒店住宿,其他,119.119288,39.766807,hotel
poi_hotel.csv,感恩浴池,酒店住宿,其他,119.212091,39.759892,hotel
poi_hotel.csv,富城餐馆宾馆,酒店住宿,其他,119.39085,40.472448,hotel
poi_hotel.csv,银河酒店,酒店住宿,其他,118.925872,40.4127,hotel
poi_hotel.csv,秦皇岛鱼群别墅,酒店住宿,其他,119.304763,39.644752,hotel
poi_hotel.csv,秦皇岛房东67公寓,酒店住宿,其他,119.304698,39.644752,hotel
poi_hotel.csv,秦皇岛北戴河曦语民宿酒店,酒店住宿,其他,119.304743,39.644716,hotel
poi_hotel.csv,秦皇岛晴天开心公寓,酒店住宿,其他,119.304751,39.644702,hotel
poi_hotel.csv,秦皇岛布偶格格公寓,酒店住宿,其他,119.304756,39.644757,hotel
poi_hotel.csv,秦皇岛丁丁的幸福小院,酒店住宿,其他,119.30468,39.644707,hotel
poi_hotel.csv,秦皇岛房东啵别墅,酒店住宿,其他,119.304757,39.644731,hotel
poi_hotel.csv,北戴河喜居豪华酒店,酒店住宿,其他,119.301955,39.65062,hotel
poi_hotel.csv,北戴河海澜假日豪华酒店,酒店住宿,其他,119.303423,39.649979,hotel
poi_hotel.csv,秦皇岛桃之夭夭别墅,酒店住宿,其他,119.304753,39.644749,hotel
poi_hotel.csv,秦皇岛竹海雅居别墅,酒店住宿,其他,119.304686,39.64472,hotel
poi_hotel.csv,秦皇岛房主肖先生别墅,酒店住宿,其他,119.304728,39.64468,hotel
poi_hotel.csv,孔雀上院,酒店住宿,舒适型酒店,119.303224,39.64434,hotel
poi_hotel.csv,秦皇岛临海别墅,酒店住宿,其他,119.304672,39.644735,hotel
poi_hotel.csv,阿卡小王民宿,酒店住宿,其他,119.304706,39.644693,hotel
poi_hotel.csv,爱暑酒店,酒店住宿,其他,119.287496,39.677148,hotel
poi_hotel.csv,时代海岸公寓式酒店,酒店住宿,其他,119.286678,39.677991,hotel
poi_hotel.csv,川起酒店,酒店住宿,其他,119.329593,39.698617000000006,hotel
poi_hotel.csv,秦皇岛夏沐民宿酒店,酒店住宿,其他,119.316033,39.707737,hotel
poi_hotel.csv,北戴河新区鼎兴农家院,酒店住宿,其他,119.325695,39.725545,hotel
poi_hotel.csv,秦皇岛二郎庄园特色民宿,酒店住宿,其他,119.114646,39.725915,hotel
poi_hotel.csv,北戴河森屿康养豪华酒店,酒店住宿,其他,119.479451,39.81966,hotel
poi_hotel.csv,盛泉酒店,酒店住宿,舒适型酒店,119.489309,39.846977,hotel
poi_hotel.csv,北戴河中心豪华酒店,酒店住宿,舒适型酒店,119.523732,39.855391,hotel
poi_hotel.csv,大同铁联北戴河豪华酒店,酒店住宿,其他,119.520841,39.849775,hotel
poi_hotel.csv,北戴河良宿赶海日出民宿酒店,酒店住宿,其他,119.519926,39.85033,hotel
poi_hotel.csv,山海关服务站客房,酒店住宿,舒适型酒店,119.75407,40.026583,hotel
poi_hotel.csv,秦皇岛清净海风民宿酒店,酒店住宿,其他,119.75833,39.96621,hotel
poi_hotel.csv,秦皇岛雨梦家民宿酒店,酒店住宿,其他,119.757628,39.967051,hotel
poi_hotel.csv,山海关夏国春鱼家院,酒店住宿,其他,119.766569,39.965842,hotel
poi_hotel.csv,秦皇岛小花朵朵农家院,酒店住宿,其他,119.765962,39.963585,hotel
poi_hotel.csv,秦皇岛乐岛附近民宿酒店,酒店住宿,其他,119.756285,39.965877,hotel
poi_hotel.csv,夏威夷旅拍公寓,酒店住宿,其他,119.389009,39.768836,hotel
poi_hotel.csv,秦皇岛程心程意别墅,酒店住宿,其他,119.385611,39.767796,hotel
poi_hotel.csv,北戴河迪悦荷塘,酒店住宿,其他,119.447176,39.842137,hotel
poi_hotel.csv,秦皇岛北戴河归隐民宿酒店,酒店住宿,其他,119.436059,39.83336,hotel
poi_hotel.csv,北戴河桃溪小筑民宿酒店,酒店住宿,舒适型酒店,119.446409,39.83946,hotel
poi_hotel.csv,聚小乐民宿酒店,酒店住宿,舒适型酒店,119.448287,39.839512,hotel
poi_hotel.csv,琦睿酒店,酒店住宿,舒适型酒店,119.445773,39.840272,hotel
poi_hotel.csv,心怡民宿酒店,酒店住宿,舒适型酒店,119.444538,39.840417,hotel
poi_hotel.csv,秦皇岛云钢民宿酒店,酒店住宿,其他,119.44218,39.820945,hotel
poi_hotel.csv,秦皇岛南戴河新诚公寓,酒店住宿,其他,119.404945,39.798812,hotel
poi_hotel.csv,秦皇岛小光民宿酒店,酒店住宿,其他,119.404952,39.798864,hotel
poi_hotel.csv,秦皇岛小房东小蒋公寓,酒店住宿,其他,119.451206,39.850227,hotel
poi_hotel.csv,秦皇岛牟志鹏公寓,酒店住宿,其他,119.432717,39.853606,hotel
poi_hotel.csv,秦皇岛清博快捷酒店,酒店住宿,其他,119.255464,39.874231,hotel
poi_hotel.csv,秦皇岛骄骄的家公寓,酒店住宿,其他,119.262762,39.87197,hotel
poi_hotel.csv,青龙大华酒店,酒店住宿,其他,118.99582,40.408437,hotel
poi_hotel.csv,卢龙儒家旅馆,酒店住宿,其他,118.896446,39.89333,hotel
poi_hotel.csv,naive理想国青年旅馆,酒店住宿,青旅,119.317127,39.646669,hotel
poi_hotel.csv,秦皇岛艺居网红公寓,酒店住宿,其他,119.317239,39.651705,hotel
poi_hotel.csv,秦皇岛房东初学公寓,酒店住宿,其他,119.317257,39.651707,hotel
poi_hotel.csv,昌黎bobo873别墅,酒店住宿,其他,119.317225,39.651707,hotel
poi_hotel.csv,YIN HOTEL-隐豪华酒店,酒店住宿,其他,119.318616,39.648177,hotel
poi_hotel.csv,昌黎海慢生活别墅,酒店住宿,其他,119.317849,39.648877,hotel
poi_hotel.csv,昌黎常乐乐公寓,酒店住宿,其他,119.320489,39.659747,hotel
poi_hotel.csv,昌黎AnnCreate公寓,酒店住宿,其他,119.318637,39.653897,hotel
poi_hotel.csv,北京这家儿地铁一号线直达天安门故宫度假别墅,酒店住宿,其他,119.320759,39.660023,hotel
poi_hotel.csv,阿那亚民宿中心,酒店住宿,其他,119.317793,39.655416,hotel
poi_hotel.csv,秦皇岛房东蛋清公寓,酒店住宿,其他,119.312705,39.656463,hotel
poi_hotel.csv,秦皇岛小元宝妈妈公寓,酒店住宿,其他,119.312741,39.656487,hotel
poi_hotel.csv,北戴河安澜豪华酒店大堂,酒店住宿,其他,119.314075,39.654051,hotel
poi_hotel.csv,昌黎时代海岸公寓,酒店住宿,高档型酒店,119.339091,39.698483,hotel
poi_hotel.csv,时代海岸豪华酒店式公寓,酒店住宿,高档型酒店,119.339426,39.69911,hotel
poi_hotel.csv,华苑酒店,酒店住宿,舒适型酒店,119.336332,39.698162,hotel
poi_hotel.csv,金钰湾酒店,酒店住宿,舒适型酒店,119.333797,39.699649,hotel
poi_hotel.csv,昌黎乐游海景公寓,酒店住宿,其他,119.339388,39.699217,hotel
poi_hotel.csv,时代海岸全海景公寓,酒店住宿,其他,119.345349,39.704746,hotel
poi_hotel.csv,昌黎瀚娜公寓,酒店住宿,其他,119.342635,39.709703000000005,hotel
poi_hotel.csv,昌黎临海假日普通公寓,酒店住宿,其他,119.343747,39.710127,hotel
poi_hotel.csv,齐齐海边房东民宿,酒店住宿,其他,119.346052,39.714686,hotel
poi_hotel.csv,秦皇岛黄金海岸龙华园海景豪华酒店,酒店住宿,其他,119.345863,39.71439,hotel
poi_hotel.csv,昌黎临海壹号度假豪华酒店,酒店住宿,其他,119.342037,39.709395,hotel
poi_hotel.csv,伟业酒店,酒店住宿,其他,119.344041,39.711044,hotel
poi_hotel.csv,秦皇岛忆海酒店,酒店住宿,其他,119.34076,39.706505,hotel
poi_hotel.csv,绿岛白帆假日酒店,酒店住宿,高档型酒店,119.337937,39.710508,hotel
poi_hotel.csv,昌黎金沙·蓝海海景公寓,酒店住宿,其他,119.342476,39.709623,hotel
poi_hotel.csv,吉源日租公寓,酒店住宿,舒适型酒店,119.195541,39.696102,hotel
poi_hotel.csv,秦皇岛朵朵花儿开公寓,酒店住宿,其他,119.199577,39.700936000000006,hotel
poi_hotel.csv,景泰园酒店,酒店住宿,其他,119.195814,39.72362,hotel
poi_hotel.csv,聚鑫园假日豪华酒店,酒店住宿,其他,119.527369,39.835279,hotel
poi_hotel.csv,北戴河小逸公寓,酒店住宿,其他,119.505354,39.836615,hotel
poi_hotel.csv,楠楠温馨家庭公寓,酒店住宿,其他,119.50534,39.833498000000006,hotel
poi_hotel.csv,海滨度假村,酒店住宿,其他,119.503819,39.818392,hotel
poi_hotel.csv,月恒豪华酒店,酒店住宿,其他,119.49425,39.819483,hotel
poi_hotel.csv,北戴河海源宾馆,酒店住宿,其他,119.473771,39.826221,hotel
poi_hotel.csv,北戴河紫藤小院,酒店住宿,其他,119.46955,39.842506,hotel
poi_hotel.csv,北戴河涵轩酒店,酒店住宿,其他,119.468103,39.840223,hotel
poi_hotel.csv,秦皇岛北戴河叙雅小院,酒店住宿,其他,119.469376,39.840361,hotel
poi_hotel.csv,北戴河季安舍民宿酒店,酒店住宿,其他,119.471026,39.841286,hotel
poi_hotel.csv,上岸鸭考研寄宿营地,酒店住宿,其他,119.471277,39.836447,hotel
poi_hotel.csv,北戴河滨成酒店,酒店住宿,其他,119.470862,39.836044,hotel
poi_hotel.csv,北戴河飞龙大院,酒店住宿,其他,119.467357,39.842871,hotel
poi_hotel.csv,秦皇岛双鑫雪莲旅馆,酒店住宿,其他,119.465264,39.842947,hotel
poi_hotel.csv,秦皇岛祁桂英民宿酒店,酒店住宿,其他,119.464583,39.837825,hotel
poi_hotel.csv,畅游民宿,酒店住宿,其他,119.465696,39.839501000000006,hotel
poi_hotel.csv,思华年民宿酒店,酒店住宿,舒适型酒店,119.466874,39.842185,hotel
poi_hotel.csv,北戴河成荣家庭酒店,酒店住宿,舒适型酒店,119.464171,39.837863,hotel
poi_hotel.csv,忆亩闲田民宿酒店,酒店住宿,舒适型酒店,119.466932,39.842808,hotel
poi_hotel.csv,简兮民宿酒店,酒店住宿,其他,119.466501,39.83782,hotel
poi_hotel.csv,容朋民宿酒店,酒店住宿,舒适型酒店,119.465916,39.840889,hotel
poi_hotel.csv,秦皇岛北戴河丹阳民宿酒店,酒店住宿,其他,119.467048,39.837348,hotel
poi_hotel.csv,北戴河期惜民宿酒店,酒店住宿,其他,119.466144,39.843159,hotel
poi_hotel.csv,北戴河尽愉民宿酒店,酒店住宿,其他,119.467203,39.841777,hotel
poi_hotel.csv,西港国际航海中心豪华酒店,酒店住宿,其他,119.606808,39.908561,hotel
poi_hotel.csv,家如民宿酒店,酒店住宿,舒适型酒店,119.620423,39.922205,hotel
poi_hotel.csv,秦皇岛c海家的周末公寓,酒店住宿,其他,119.642232,39.947594,hotel
poi_hotel.csv,李建鲲公寓,酒店住宿,其他,119.565274,39.909516,hotel
poi_hotel.csv,秦皇岛度春风公寓,酒店住宿,其他,119.512428,39.903801,hotel
poi_hotel.csv,凯莱度假村,酒店住宿,舒适型酒店,119.80223,39.97739,hotel
poi_hotel.csv,秦皇岛山海渔家快捷酒店,酒店住宿,其他,119.804041,39.990135,hotel
poi_hotel.csv,秦皇岛金杭1021公寓,酒店住宿,其他,119.799402,39.995448,hotel
poi_hotel.csv,乐享山海,酒店住宿,其他,119.80536,39.978435000000005,hotel
poi_hotel.csv,秦皇岛海韵1号公寓,酒店住宿,其他,119.805641,39.979641,hotel
poi_hotel.csv,龙跃度假豪华酒店,酒店住宿,其他,119.806865,39.980073,hotel
poi_hotel.csv,秦皇岛O农家小院,酒店住宿,其他,119.804567,39.980528,hotel
poi_hotel.csv,望海民宿酒店,酒店住宿,其他,119.804683,39.978225,hotel
poi_hotel.csv,山海关安澜民宿酒店,酒店住宿,其他,119.804761,39.978531,hotel
poi_hotel.csv,老龙头一关望海小屋,酒店住宿,其他,119.818814,39.984827,hotel
poi_hotel.csv,秦皇岛熙儿民宿酒店,酒店住宿,其他,119.819156,39.995944,hotel
poi_hotel.csv,亚客酒店,酒店住宿,其他,119.644236,39.97328,hotel
poi_hotel.csv,云渤酒店,酒店住宿,舒适型酒店,119.414481,39.787536,hotel
poi_hotel.csv,南戴河美霖酒店,酒店住宿,其他,119.413936,39.790154,hotel
poi_hotel.csv,海岸渔村民宿,酒店住宿,其他,119.413155,39.787016,hotel
poi_hotel.csv,北戴河景阳格民宿酒店,酒店住宿,其他,119.416924,39.813034,hotel
poi_hotel.csv,南戴河宇龙海景公寓,酒店住宿,其他,119.430629,39.79988,hotel
poi_hotel.csv,北戴河白羊座自然小院,酒店住宿,其他,119.448806,39.811036,hotel
poi_hotel.csv,博凯酒店,酒店住宿,舒适型酒店,119.450276,39.81155699999999,hotel
poi_hotel.csv,秋文酒店,酒店住宿,舒适型酒店,119.44015,39.812103,hotel
poi_hotel.csv,北戴河爱君酒店,酒店住宿,其他,119.438626,39.813913,hotel
poi_hotel.csv,丽君酒店,酒店住宿,其他,119.440686,39.819655,hotel
poi_hotel.csv,海音悦居民宿酒店,酒店住宿,其他,119.439237,39.818231,hotel
poi_hotel.csv,秦皇岛南戴河公寓,酒店住宿,其他,119.404688,39.820991,hotel
poi_hotel.csv,秦皇岛夏日的海度假温馨公寓,酒店住宿,其他,119.403496,39.830944,hotel
poi_hotel.csv,三生玖·kaws美墅,酒店住宿,舒适型酒店,119.424864,39.862658,hotel
poi_hotel.csv,源鞠舍民宿酒店,酒店住宿,其他,119.424846,39.862747,hotel
poi_hotel.csv,秦皇岛逐香来民宿酒店,酒店住宿,舒适型酒店,119.422289,39.862952,hotel
poi_hotel.csv,卢龙和顺酒店,酒店住宿,舒适型酒店,118.886991,39.896865,hotel
poi_hotel.csv,卢龙福运酒店,酒店住宿,其他,118.890236,39.894395,hotel
poi_hotel.csv,红山旅馆餐馆,酒店住宿,其他,118.889519,39.896581000000005,hotel
poi_hotel.csv,凯迪旅社,酒店住宿,舒适型酒店,118.876112,39.880534,hotel
poi_hotel.csv,火车站招待所,酒店住宿,舒适型酒店,119.168165,39.704696,hotel
poi_hotel.csv,昌黎红月短租公寓,酒店住宿,其他,119.189015,39.716136,hotel
poi_hotel.csv,华驿酒店,酒店住宿,其他,119.18946,39.716888,hotel
poi_hotel.csv,昌黎白金商务休闲会馆,酒店住宿,其他,119.18028,39.717092,hotel
poi_hotel.csv,原北豪华酒店,酒店住宿,其他,119.506573,39.822707,hotel
poi_hotel.csv,北戴河九加一酒店,酒店住宿,其他,119.505958,39.824907,hotel
poi_hotel.csv,北戴河九加一酒店,酒店住宿,舒适型酒店,119.505933,39.824849,hotel
poi_hotel.csv,北戴河刘良酒店,酒店住宿,其他,119.506251,39.82518,hotel
poi_hotel.csv,清雅酒店,酒店住宿,其他,119.517255,39.826539,hotel
poi_hotel.csv,北戴河酒店,酒店住宿,其他,119.512988,39.820785,hotel
poi_hotel.csv,最高人民检察院北戴河培训学校宾馆,酒店住宿,其他,119.512303,39.823012,hotel
poi_hotel.csv,北戴河逸家民宿酒店,酒店住宿,舒适型酒店,119.506813,39.82808,hotel
poi_hotel.csv,北戴河刘秀芳酒店,酒店住宿,舒适型酒店,119.506806,39.827201,hotel
poi_hotel.csv,北戴河柒舍未见民宿酒店,酒店住宿,舒适型酒店,119.50711,39.827569,hotel
poi_hotel.csv,北戴河拾光后海公寓,酒店住宿,其他,119.505558,39.832036,hotel
poi_hotel.csv,秦皇岛北戴河海韵假日民宿酒店,酒店住宿,其他,119.522474,39.826298,hotel
poi_hotel.csv,秦皇岛yyy小燕子公寓,酒店住宿,其他,119.518358,39.826777,hotel
poi_hotel.csv,北戴河随心家庭公寓,酒店住宿,其他,119.522362,39.826839,hotel
poi_hotel.csv,逍遥康养豪华酒店1号楼,酒店住宿,其他,119.519959,39.823032,hotel
poi_hotel.csv,北戴河梦美鱼家家庭公寓,酒店住宿,其他,119.52294,39.826088,hotel
poi_hotel.csv,蓝莎公寓,酒店住宿,其他,119.52248,39.825969,hotel
poi_hotel.csv,海韵一家人家庭公寓,酒店住宿,其他,119.526289,39.826885,hotel
poi_hotel.csv,秦皇岛闻鹊喜民宿酒店,酒店住宿,其他,119.525698,39.8268,hotel
poi_hotel.csv,北戴河爱随行公寓,酒店住宿,其他,119.521474,39.82564,hotel
poi_hotel.csv,秦皇岛果小果家庭公寓,酒店住宿,其他,119.526662,39.826954,hotel
poi_hotel.csv,北戴河人大家属院公寓,酒店住宿,其他,119.523603,39.823549,hotel
poi_hotel.csv,秦皇岛北戴河舒适近海公寓,酒店住宿,其他,119.521924,39.825871,hotel
poi_hotel.csv,北戴河滨和酒店,酒店住宿,其他,119.520145,39.827103,hotel
poi_hotel.csv,如家酒店,酒店住宿,舒适型酒店,119.521287,39.827758,hotel
poi_hotel.csv,温馨如家公寓,酒店住宿,其他,119.522048,39.828368,hotel
poi_hotel.csv,北戴河浮闲旅馆,酒店住宿,其他,119.518894,39.828729,hotel
poi_hotel.csv,北戴河温馨之家公寓,酒店住宿,其他,119.522661,39.828463,hotel
poi_hotel.csv,北戴河奥林维景公寓,酒店住宿,其他,119.52288,39.827965,hotel
poi_hotel.csv,北戴河侣途公寓,酒店住宿,其他,119.522611,39.827675,hotel
poi_hotel.csv,北戴河单久英酒店,酒店住宿,其他,119.519549,39.829104,hotel
poi_hotel.csv,玥康酒店,酒店住宿,其他,119.520843,39.827608,hotel
poi_hotel.csv,漫花居.铂兰豪华酒店,酒店住宿,其他,119.488966,39.820357,hotel
poi_hotel.csv,望海酒店,酒店住宿,其他,119.483687,39.81703,hotel
poi_hotel.csv,LIDAN HOTEL,酒店住宿,其他,119.482528,39.817612,hotel
poi_hotel.csv,婉娜旅馆,酒店住宿,舒适型酒店,119.480831,39.82037,hotel
poi_hotel.csv,凯文海岸庭院豪华酒店,酒店住宿,其他,119.481802,39.818096,hotel
poi_hotel.csv,丽锦假日酒店,酒店住宿,其他,119.489363,39.822562,hotel
poi_hotel.csv,水墨豪华酒店,酒店住宿,其他,119.488431,39.827871,hotel
poi_hotel.csv,海之岩酒店,酒店住宿,其他,119.486226,39.828134,hotel
poi_hotel.csv,北戴河豪华酒店,酒店住宿,其他,119.494561,39.823559,hotel
poi_hotel.csv,渔尚渔酒店,酒店住宿,其他,119.504533,39.822059,hotel
poi_hotel.csv,万志远宾馆,酒店住宿,其他,119.504252,39.822896,hotel
poi_hotel.csv,秦皇岛培培公寓,酒店住宿,其他,119.504725,39.832146,hotel
poi_hotel.csv,北戴河国义酒店,酒店住宿,其他,119.504435,39.826981,hotel
poi_hotel.csv,怡都酒店,酒店住宿,其他,119.492648,39.831178,hotel
poi_hotel.csv,品艳酒店,酒店住宿,舒适型酒店,119.492775,39.838031,hotel
poi_hotel.csv,品艳酒店,酒店住宿,其他,119.492713,39.838072,hotel
poi_hotel.csv,秦皇岛家庭公寓邱,酒店住宿,其他,119.495618,39.838605,hotel
poi_hotel.csv,秦皇岛可心公寓,酒店住宿,其他,119.501777,39.834799,hotel
poi_hotel.csv,北戴河近海公寓,酒店住宿,其他,119.50363,39.836578,hotel
poi_hotel.csv,秦皇岛珊珊sunny公寓,酒店住宿,其他,119.504614,39.836445,hotel
poi_hotel.csv,北戴河滨海品芹公寓,酒店住宿,其他,119.500905,39.834142,hotel
poi_hotel.csv,秦皇岛心怡之家公寓,酒店住宿,其他,119.502045,39.83741,hotel
poi_hotel.csv,秦皇岛赤土小镇民宿酒店,酒店住宿,其他,119.503219,39.837896,hotel
poi_hotel.csv,秦皇岛诗禹公寓,酒店住宿,其他,119.503631,39.83835,hotel
poi_hotel.csv,秦皇岛燕儿飞飞公寓,酒店住宿,其他,119.640739,39.948866,hotel
poi_hotel.csv,秦皇岛楼亭瞰海海景公寓,酒店住宿,其他,119.558516,39.915387,hotel
poi_hotel.csv,秦皇岛遇见Ta观海公寓,酒店住宿,其他,119.557685,39.914914,hotel
poi_hotel.csv,秦皇岛房东巨巨公寓,酒店住宿,其他,119.557267,39.914892,hotel
poi_hotel.csv,秦皇岛海贝民宿酒店,酒店住宿,其他,119.557707,39.914945,hotel
poi_hotel.csv,秦皇岛陌野公寓,酒店住宿,其他,119.557378,39.914953,hotel
poi_hotel.csv,秦皇岛米可儿观海公寓,酒店住宿,其他,119.558082,39.91465,hotel
poi_hotel.csv,秦皇岛电影人生公寓,酒店住宿,其他,119.557601,39.914442,hotel
poi_hotel.csv,心若海景公寓,酒店住宿,其他,119.558429,39.915397,hotel
poi_hotel.csv,秦皇岛沐沐小住公寓,酒店住宿,其他,119.557264,39.914895,hotel
poi_hotel.csv,瑞草海景公寓,酒店住宿,其他,119.557811,39.915136,hotel
poi_hotel.csv,瑞草海景公寓,酒店住宿,舒适型酒店,119.557827,39.915157,hotel
poi_hotel.csv,秦皇岛卓悦酒店,酒店住宿,其他,119.559514,39.912958,hotel
poi_hotel.csv,秦皇岛美居海景公寓,酒店住宿,其他,119.565383,39.91041,hotel
poi_hotel.csv,恋海公寓,酒店住宿,其他,119.565072,39.910577,hotel
poi_hotel.csv,普澜亚国际体育主题豪华酒店,酒店住宿,其他,119.56634,39.918296000000005,hotel
poi_hotel.csv,美岭招待所,酒店住宿,其他,119.558056,39.923033,hotel
poi_hotel.csv,碧水华庭国际俱乐部客房,酒店住宿,舒适型酒店,119.558504,39.944255,hotel
poi_hotel.csv,秦皇岛途家房东210817187402公寓,酒店住宿,其他,119.52447,39.903261,hotel
poi_hotel.csv,秦皇岛张鑫公寓,酒店住宿,其他,119.513804,39.922818,hotel
poi_hotel.csv,秦皇岛精灵海海景民宿酒店,酒店住宿,其他,119.540279,39.902384,hotel
poi_hotel.csv,秦皇岛大屿海棠海景公寓,酒店住宿,其他,119.558774,39.90796,hotel
poi_hotel.csv,秦皇岛兴龙香玺海豪华酒店式公寓,酒店住宿,其他,119.553357,39.903496,hotel
poi_hotel.csv,秦皇岛博贤院金舍公寓,酒店住宿,其他,119.543153,39.912402,hotel
poi_hotel.csv,秦皇岛海岸风景线公寓,酒店住宿,其他,119.543848,39.914774,hotel
poi_hotel.csv,秦皇岛喧嚣静怡公寓,酒店住宿,其他,119.543042,39.912524,hotel
poi_hotel.csv,秦皇岛乐汐小屋,酒店住宿,其他,119.546035,39.917284,hotel
poi_hotel.csv,秦皇岛七塘快捷酒店,酒店住宿,其他,119.754445,40.000056,hotel
poi_hotel.csv,秦皇岛啤酒大师公寓,酒店住宿,其他,119.749329,40.000993,hotel
poi_hotel.csv,秦皇岛温馨晨曦小筑,酒店住宿,其他,119.775753,39.978856,hotel
poi_hotel.csv,秦皇岛山海风文艺民宿酒店,酒店住宿,其他,119.776995,39.984269000000005,hotel
poi_hotel.csv,秦皇岛用户0916公寓,酒店住宿,其他,119.770447,39.982524,hotel
poi_hotel.csv,秦皇岛海边小溪公寓,酒店住宿,其他,119.772381,39.990038,hotel
poi_hotel.csv,秦皇岛同福酒店,酒店住宿,其他,119.814563,39.989752,hotel
poi_hotel.csv,快捷酒店,酒店住宿,其他,119.815281,39.989777,hotel
poi_hotel.csv,秦皇岛沐晗公寓,酒店住宿,其他,119.811008,39.997735,hotel
poi_hotel.csv,秦皇岛绿色雅居普通公寓,酒店住宿,其他,119.816261,39.995799,hotel
poi_hotel.csv,秦皇岛欢乐时光悦海公寓,酒店住宿,其他,119.811383,39.997111,hotel
poi_hotel.csv,秦皇岛苏府民宿酒店,酒店住宿,其他,119.75978,40.007446,hotel
poi_hotel.csv,府城客栈,酒店住宿,其他,119.756118,40.009028,hotel
poi_hotel.csv,城爱酒店,酒店住宿,其他,119.768285,40.001393,hotel
poi_hotel.csv,山海关昕昕酒店,酒店住宿,其他,119.77013,40.001936,hotel
poi_hotel.csv,秦皇岛火车站旁温馨家庭公寓,酒店住宿,其他,119.770085,40.002157,hotel
poi_hotel.csv,山海关仁合酒店,酒店住宿,其他,119.770588,40.007254,hotel
poi_hotel.csv,秦皇岛慧児公寓,酒店住宿,其他,119.768552,40.010048,hotel
poi_hotel.csv,秦皇岛上岛酒店,酒店住宿,其他,119.771965,40.008858,hotel
poi_hotel.csv,秦皇岛夏团团的愉快海边之旅公寓,酒店住宿,其他,119.593646,39.956585,hotel
poi_hotel.csv,秦皇岛旅游休闲落脚点公寓,酒店住宿,其他,119.596534,39.956203,hotel
poi_hotel.csv,秦皇岛富源酒店,酒店住宿,其他,119.592748,39.961794000000005,hotel
poi_hotel.csv,秦皇岛开泰酒店,酒店住宿,其他,119.607035,39.950138,hotel
poi_hotel.csv,如家联盟,酒店住宿,舒适型酒店,119.641911,39.973068,hotel
poi_hotel.csv,松果酒店,酒店住宿,其他,119.234579,39.894829,hotel
poi_hotel.csv,松果旅店,酒店住宿,舒适型酒店,119.236085,39.894846,hotel
poi_hotel.csv,红潭酒店,酒店住宿,其他,119.417827,39.78624,hotel
poi_hotel.csv,红潭酒店,酒店住宿,舒适型酒店,119.417791,39.78623,hotel
poi_hotel.csv,南戴河鑫海酒店,酒店住宿,其他,119.420354,39.786195,hotel
poi_hotel.csv,南戴河怡伯酒店,酒店住宿,舒适型酒店,119.419044,39.78587,hotel
poi_hotel.csv,早点酒店,酒店住宿,其他,119.425183,39.787831,hotel
poi_hotel.csv,南戴河金海豪华酒店,酒店住宿,其他,119.425161,39.788071,hotel
poi_hotel.csv,秦皇岛李洋1314公寓,酒店住宿,其他,119.425364,39.786864,hotel
poi_hotel.csv,君迈豪华酒店,酒店住宿,其他,119.419854,39.788619,hotel
poi_hotel.csv,京秀缘宾馆,酒店住宿,其他,119.420491,39.793188,hotel
poi_hotel.csv,秦皇岛丁庄民宿酒店,酒店住宿,其他,119.421203,39.790811,hotel
poi_hotel.csv,秦皇岛南戴河聚源民宿,酒店住宿,其他,119.404958,39.79894,hotel
poi_hotel.csv,秦皇岛房东杨1989公寓,酒店住宿,其他,119.409483,39.795974,hotel
poi_hotel.csv,秦皇岛宾至如归1公寓,酒店住宿,其他,119.405795,39.797596,hotel
poi_hotel.csv,南戴河紫蓝香郡公寓,酒店住宿,其他,119.414054,39.801943,hotel
poi_hotel.csv,秦皇岛李静华公寓,酒店住宿,其他,119.409832,39.806679,hotel
poi_hotel.csv,秦皇岛赵先生民宿酒店,酒店住宿,其他,119.417943,39.796152,hotel
poi_hotel.csv,秦皇岛紫澜香郡近海公寓,酒店住宿,其他,119.417917,39.802938000000005,hotel
poi_hotel.csv,畅畅网咖,酒店住宿,其他,119.421072,39.849663,hotel
poi_hotel.csv,海渤·宾馆餐馆,酒店住宿,其他,119.423508,39.851197,hotel
poi_hotel.csv,居然宾馆,酒店住宿,其他,119.426829,39.852237,hotel
poi_hotel.csv,喜屿民宿酒店,酒店住宿,舒适型酒店,119.425572,39.857727,hotel
poi_hotel.csv,北戴河蜜糖民宿店,酒店住宿,舒适型酒店,119.425934,39.858485,hotel
poi_hotel.csv,秦皇岛随和的80后公寓,酒店住宿,其他,119.15982,39.697033,hotel
poi_hotel.csv,666广缘公寓,酒店住宿,其他,119.188365,39.718329,hotel
poi_hotel.csv,昌黎广缘福客缘公寓,酒店住宿,其他,119.18785,39.718509,hotel
poi_hotel.csv,广缘高档日租公寓,酒店住宿,其他,119.188025,39.718057,hotel
poi_hotel.csv,北戴河刘文香酒店,酒店住宿,其他,119.48182,39.821359,hotel
poi_hotel.csv,骏怡连锁豪华酒店,酒店住宿,其他,119.480284,39.82141,hotel
poi_hotel.csv,北戴河吉华酒店,酒店住宿,舒适型酒店,119.481616,39.821522,hotel
poi_hotel.csv,董艳红酒店,酒店住宿,舒适型酒店,119.481566,39.822297,hotel
poi_hotel.csv,永滨酒店,酒店住宿,舒适型酒店,119.48217,39.823154,hotel
poi_hotel.csv,北戴河靓靓酒店,酒店住宿,舒适型酒店,119.484227,39.823198000000005,hotel
poi_hotel.csv,北戴河观海阁旅馆,酒店住宿,其他,119.484175,39.82297,hotel
poi_hotel.csv,秦皇岛玉生民宿酒店,酒店住宿,其他,119.483308,39.821211,hotel
poi_hotel.csv,慧儿民宿酒店,酒店住宿,其他,119.484885,39.821784,hotel
poi_hotel.csv,秦皇岛望峰海民宿酒店,酒店住宿,其他,119.482611,39.825120000000005,hotel
poi_hotel.csv,北戴河海滨林青民宿酒店,酒店住宿,舒适型酒店,119.482071,39.825252000000006,hotel
poi_hotel.csv,北戴河建军酒店,酒店住宿,舒适型酒店,119.485618,39.82776,hotel
poi_hotel.csv,北戴河赵春华酒店,酒店住宿,其他,119.485566,39.827425,hotel
poi_hotel.csv,北戴河吉美民宿,酒店住宿,其他,119.483858,39.833242,hotel
poi_hotel.csv,秦皇岛二十五小时快捷商务豪华酒店,酒店住宿,其他,119.61292,39.9422,hotel
poi_hotel.csv,秦皇岛轻住·悦享豪华酒店,酒店住宿,其他,119.583013,39.93414,hotel
poi_hotel.csv,宁洋酒店,酒店住宿,其他,119.59513,39.931918,hotel
poi_hotel.csv,优居优住,酒店住宿,其他,119.594071,39.930091,hotel
poi_hotel.csv,辰晶豪华酒店,酒店住宿,其他,119.595574,39.930977,hotel
poi_hotel.csv,友邦酒店,酒店住宿,其他,119.597983,39.931934000000005,hotel
poi_hotel.csv,我的地盘电竞豪华酒店,酒店住宿,其他,119.597199,39.933083,hotel
poi_hotel.csv,海鲜城酒店,酒店住宿,其他,119.586996,39.938504,hotel
poi_hotel.csv,秦皇岛海怡学府公寓,酒店住宿,舒适型酒店,119.569233,39.932293,hotel
poi_hotel.csv,万阔·精品海景豪华酒店,酒店住宿,其他,119.546701,39.908457,hotel
poi_hotel.csv,松沐·精选豪华酒店,酒店住宿,其他,119.54678,39.908452,hotel
poi_hotel.csv,秦皇岛玥美墅李哥民宿,酒店住宿,其他,119.545801,39.908674,hotel
poi_hotel.csv,秦皇岛洲顿美居豪华酒店,酒店住宿,其他,119.533021,39.92876,hotel
poi_hotel.csv,山揽径清民宿酒店,酒店住宿,舒适型酒店,119.75598,40.003373,hotel
poi_hotel.csv,山海关金巽源民宿酒店,酒店住宿,其他,119.759813,40.004148,hotel
poi_hotel.csv,秦皇岛山友民宿,酒店住宿,其他,119.759386,40.004109,hotel
poi_hotel.csv,山海关惠姐民宿酒店,酒店住宿,其他,119.757274,40.005113,hotel
poi_hotel.csv,周家沟10号民宿酒店,酒店住宿,其他,119.755483,40.005345,hotel
poi_hotel.csv,皇冠快捷酒店,酒店住宿,其他,119.762467,40.003179,hotel
poi_hotel.csv,宇泉豪华酒店,酒店住宿,其他,119.753842,39.999557,hotel
poi_hotel.csv,秦皇岛我想静静民宿-孟佳,酒店住宿,其他,119.761887,40.005371,hotel
poi_hotel.csv,尚酷酒店,酒店住宿,其他,119.574993,39.95951,hotel
poi_hotel.csv,星程酒店,酒店住宿,其他,119.585991,39.954096,hotel
poi_hotel.csv,秦皇岛印立群公寓,酒店住宿,其他,119.413496,39.797703,hotel
poi_hotel.csv,秦皇岛珊珊小家公寓,酒店住宿,其他,119.413426,39.797984,hotel
poi_hotel.csv,秦皇岛summer3176特色民宿,酒店住宿,其他,119.415376,39.799029,hotel
poi_hotel.csv,秦皇岛海边家庭公寓,酒店住宿,其他,119.41409,39.795255,hotel
poi_hotel.csv,秦皇岛南戴河家庭公寓,酒店住宿,其他,119.413863,39.797987000000006,hotel
poi_hotel.csv,南戴河海韵兰香家庭公寓,酒店住宿,其他,119.412773,39.796348,hotel
poi_hotel.csv,晗晗宝贝6公寓,酒店住宿,其他,119.416718,39.79575,hotel
poi_hotel.csv,秦皇岛真诚打开市场公寓,酒店住宿,其他,119.414532,39.798028,hotel
poi_hotel.csv,秦皇岛清泉和琪琪公寓,酒店住宿,其他,119.412675,39.798446,hotel
poi_hotel.csv,天宝大酒店,酒店住宿,其他,118.945321,40.406098,hotel
poi_hotel.csv,上一当酒店,酒店住宿,舒适型酒店,118.947253,40.408064,hotel
poi_hotel.csv,新世纪酒店,酒店住宿,其他,118.958659,40.405174,hotel
poi_hotel.csv,诚金店,酒店住宿,舒适型酒店,119.605683,39.932498,hotel
poi_hotel.csv,秦皇岛金坤电竞公寓,酒店住宿,其他,119.604247,39.932069,hotel
poi_hotel.csv,昌黎安丰酒店,酒店住宿,其他,118.891099,39.637347,hotel
poi_hotel.csv,槐南六院豪华酒店,酒店住宿,其他,119.356898,39.733182,hotel
poi_hotel.csv,渔田万得澜度假酒店,酒店住宿,其他,119.214775,39.573739,hotel
poi_hotel.csv,鱼田·七里宿集,酒店住宿,其他,119.215881,39.574019,hotel
poi_hotel.csv,秦海红农家院,酒店住宿,其他,119.222281,39.575748,hotel
poi_hotel.csv,昌黎海的边民宿,酒店住宿,舒适型酒店,119.207484,39.572644,hotel
poi_hotel.csv,流白民宿,酒店住宿,其他,119.214948,39.572443,hotel
poi_hotel.csv,十亩之间民宿,酒店住宿,其他,119.221179,39.574294,hotel
poi_hotel.csv,祖山天女小镇娇华民宿酒店,酒店住宿,舒适型酒店,119.525381,40.119864,hotel
poi_hotel.csv,等将庄园,酒店住宿,舒适型酒店,119.670489,40.216815,hotel
poi_hotel.csv,草碾第一酒店,酒店住宿,舒适型酒店,118.971715,40.202275,hotel
poi_hotel.csv,鹏宇农家菜馆住宿,酒店住宿,其他,119.57226,40.13507,hotel
poi_hotel.csv,昌黎翡翠轩庄园,酒店住宿,其他,119.117574,39.765638,hotel
poi_hotel.csv,昌黎酒酣农家院,酒店住宿,其他,119.116985,39.766034,hotel
poi_hotel.csv,秦皇岛朗格斯酒庄豪华酒店,酒店住宿,其他,119.248808,39.759925,hotel
poi_hotel.csv,颐荷苑假日酒店,酒店住宿,其他,119.33978,39.746167,hotel
poi_hotel.csv,祝家沟旅店,酒店住宿,舒适型酒店,118.971642,39.715494,hotel
poi_hotel.csv,卢龙华驿酒店,酒店住宿,其他,119.029805,39.814751,hotel
poi_hotel.csv,北戴河澜宿精品豪华酒店,酒店住宿,其他,119.303993,39.649942,hotel
poi_hotel.csv,V·HOTEL,酒店住宿,其他,119.298973,39.659004,hotel
poi_hotel.csv,北戴河森屿海度假豪华酒店,酒店住宿,其他,119.304064,39.6498,hotel
poi_hotel.csv,北戴河灰鲸度假豪华酒店,酒店住宿,其他,119.303529,39.649957,hotel
poi_hotel.csv,Seely禧里别墅,酒店住宿,其他,119.300023,39.643982,hotel
poi_hotel.csv,北戴河禧柿假日豪华酒店,酒店住宿,其他,119.304552,39.649731,hotel
poi_hotel.csv,海馨别苑民宿酒店,酒店住宿,舒适型酒店,119.303569,39.649827,hotel
poi_hotel.csv,北戴河小鱼儿民宿,酒店住宿,舒适型酒店,119.303954,39.649856,hotel
poi_hotel.csv,一日一日民宿,酒店住宿,其他,119.304613,39.644769,hotel
poi_hotel.csv,昌黎宏乾豪华酒店,酒店住宿,其他,119.303515,39.650032,hotel
poi_hotel.csv,海边的飞鸟民宿,酒店住宿,其他,119.288373,39.676276,hotel
poi_hotel.csv,爱暑宾馆原沥泽民宿,酒店住宿,其他,119.290435,39.676265,hotel
poi_hotel.csv,爱暑宾馆原沥泽民宿,酒店住宿,其他,119.286638,39.677258,hotel
poi_hotel.csv,乐思民宿,酒店住宿,其他,119.288437,39.676186,hotel
poi_hotel.csv,华驿精选酒店,酒店住宿,其他,119.268811,39.683024,hotel
poi_hotel.csv,在水一方庭院酒店,酒店住宿,其他,119.333495,39.692117,hotel
poi_hotel.csv,i巢.轻奢海景假日公寓,酒店住宿,其他,119.337049,39.691186,hotel
poi_hotel.csv,黄金海岸澳景蓝湾精品海景公寓,酒店住宿,其他,119.33693,39.691045,hotel
poi_hotel.csv,小树发芽公寓,酒店住宿,其他,119.337237,39.690941,hotel
poi_hotel.csv,秦皇岛南戴河黄金海岸澳景蓝湾度假海景公寓,酒店住宿,其他,119.337316,39.69193,hotel
poi_hotel.csv,秦皇客栈,酒店住宿,其他,119.33775,39.689814,hotel
poi_hotel.csv,深蓝色民宿,酒店住宿,其他,119.337501,39.689229,hotel
poi_hotel.csv,澳景蓝湾￥民宿,酒店住宿,其他,119.33715,39.690955,hotel
poi_hotel.csv,XZGUXG民宿,酒店住宿,其他,119.337728,39.691158,hotel
poi_hotel.csv,简绘生民宿,酒店住宿,其他,119.33719,39.69095,hotel
poi_hotel.csv,拾涧海民宿,酒店住宿,舒适型酒店,119.319683,39.669744,hotel
poi_hotel.csv,炎坤驿站,酒店住宿,舒适型酒店,119.313769,39.667234,hotel
poi_hotel.csv,昌黎黄金海岸海畔酒店,酒店住宿,其他,119.328206,39.703636,hotel
poi_hotel.csv,乐庭漫时光民宿,酒店住宿,其他,119.316027,39.70776,hotel
poi_hotel.csv,沐泽民宿酒店,酒店住宿,舒适型酒店,119.315947,39.707738,hotel
poi_hotel.csv,昌黎圣淘沙度假公寓,酒店住宿,其他,119.347478,39.719659,hotel
poi_hotel.csv,昌黎黄金海岸海阔酒店,酒店住宿,其他,119.349028,39.721202,hotel
poi_hotel.csv,南戴河国际娱乐中心槐南六院,酒店住宿,其他,119.346005,39.72344,hotel
poi_hotel.csv,昌黎森谷民宿,酒店住宿,舒适型酒店,119.342442,39.723891,hotel
poi_hotel.csv,海澜之家轻奢海景民宿,酒店住宿,其他,119.348344,39.719604,hotel
poi_hotel.csv,花筑·悠游别墅,酒店住宿,其他,119.332096,39.721133,hotel
poi_hotel.csv,汀涛·轻奢海景公寓,酒店住宿,其他,119.347618,39.719323,hotel
poi_hotel.csv,昌黎遇见印象民宿酒店,酒店住宿,其他,119.341787,39.723544,hotel
poi_hotel.csv,昌黎丽国农家院,酒店住宿,其他,119.325418,39.727469,hotel
poi_hotel.csv,北戴河聪宇民宿酒店,酒店住宿,其他,119.323586,39.72874,hotel
poi_hotel.csv,北戴河新区海风舍豪华酒店管理中心,酒店住宿,其他,119.307114,39.723046,hotel
poi_hotel.csv,火孩儿公寓,酒店住宿,其他,119.325731,39.727502,hotel
poi_hotel.csv,北戴河观澜海景度假豪华酒店,酒店住宿,其他,119.51723,39.817253,hotel
poi_hotel.csv,东海滩观海酒店,酒店住宿,其他,119.522928,39.816930000000006,hotel
poi_hotel.csv,若出酒店,酒店住宿,其他,119.523104,39.816924,hotel
poi_hotel.csv,金海酒店,酒店住宿,其他,119.531699,39.81688,hotel
poi_hotel.csv,北戴河海天一色豪华酒店,酒店住宿,其他,119.535718,39.831328,hotel
poi_hotel.csv,竹水谣连锁·陌野香榭沙滩旅拍设计师民宿,酒店住宿,其他,119.477378,39.817937,hotel
poi_hotel.csv,德顺酒店,酒店住宿,其他,119.477502,39.817849,hotel
poi_hotel.csv,北戴河奇点旅馆,酒店住宿,其他,119.477675,39.818225,hotel
poi_hotel.csv,海景民宿酒店,酒店住宿,舒适型酒店,119.630193,39.922421,hotel
poi_hotel.csv,闲云飘至民宿,酒店住宿,其他,119.491562,39.847164,hotel
poi_hotel.csv,北戴河玉英酒店,酒店住宿,舒适型酒店,119.489791,39.847057,hotel
poi_hotel.csv,闲云飘至民宿,酒店住宿,其他,119.491475,39.847029,hotel
poi_hotel.csv,茉漫酒店,酒店住宿,其他,119.522321,39.849614,hotel
poi_hotel.csv,秦皇岛NARSH沙滩营地,酒店住宿,其他,119.527159,39.85656,hotel
poi_hotel.csv,林与海精品酒店,酒店住宿,其他,119.521528,39.84974,hotel
poi_hotel.csv,秦皇岛NARSH沙滩营地,酒店住宿,其他,119.546439,39.895257,hotel
poi_hotel.csv,玉皑海景公寓,酒店住宿,其他,119.530606,39.893579,hotel
poi_hotel.csv,阁楼观海度假屋民宿,酒店住宿,其他,119.726421,39.953989,hotel
poi_hotel.csv,秦皇岛乐岛民宿酒店,酒店住宿,其他,119.741337,39.95911,hotel
poi_hotel.csv,乐岛海景民宿,酒店住宿,其他,119.742923,39.958515000000006,hotel
poi_hotel.csv,宝荔达豪华酒店,酒店住宿,其他,119.711804,40.001747,hotel
poi_hotel.csv,红艳民宿,酒店住宿,其他,119.728749,40.012021,hotel
poi_hotel.csv,田庄智能假日豪华酒店,酒店住宿,其他,119.767543,39.96441,hotel
poi_hotel.csv,秦皇岛山海关老船长鱼家院,酒店住宿,其他,119.767286,39.963968,hotel
poi_hotel.csv,海丰渔家院,酒店住宿,其他,119.761161,39.960829,hotel
poi_hotel.csv,赶海人家民宿小院,酒店住宿,其他,119.766691,39.965892,hotel
poi_hotel.csv,秦皇岛八仙齐酒店,酒店住宿,其他,119.768207,39.963905,hotel
poi_hotel.csv,山海关望海度假村,酒店住宿,其他,119.798941,39.973600000000005,hotel
poi_hotel.csv,秦皇岛火车站北港大街亚朵酒店,酒店住宿,其他,119.59039,39.975701,hotel
poi_hotel.csv,到此驿站,酒店住宿,舒适型酒店,119.266687,39.76327,hotel
poi_hotel.csv,蓝境度假豪华酒店,酒店住宿,其他,119.384393,39.748414,hotel
poi_hotel.csv,Yinhub隐航豪华酒店,酒店住宿,其他,119.380258,39.7479,hotel
poi_hotel.csv,葡萄岛海岛一线海景公寓,酒店住宿,其他,119.384875,39.74571400000001,hotel
poi_hotel.csv,听海小筑,酒店住宿,舒适型酒店,119.389988,39.763518000000005,hotel
poi_hotel.csv,艺选安來酒店,酒店住宿,其他,119.388978,39.768981,hotel
poi_hotel.csv,花筑·莫美山居别墅,酒店住宿,其他,119.398963,39.774058,hotel
poi_hotel.csv,伴岛美庐·设计师独院别墅,酒店住宿,其他,119.402668,39.782974,hotel
poi_hotel.csv,太阳城堡开蔓豪华酒店,酒店住宿,其他,119.3875,39.783132,hotel
poi_hotel.csv,喜爱海酒店,酒店住宿,其他,119.430643,39.793404,hotel
poi_hotel.csv,渔家湾精品酒店,酒店住宿,其他,119.430301,39.793101,hotel
poi_hotel.csv,桃香暖舍度假别墅,酒店住宿,其他,119.448493,39.839529,hotel
poi_hotel.csv,枕山梳云度假别墅,酒店住宿,其他,119.444135,39.841161,hotel
poi_hotel.csv,桃语间民宿,酒店住宿,其他,119.445772,39.839135,hotel
poi_hotel.csv,邂逅拾光民宿,酒店住宿,其他,119.440502,39.821668,hotel
poi_hotel.csv,意朵民宿,酒店住宿,其他,119.448027,39.839481,hotel
poi_hotel.csv,茗隅民宿酒店,酒店住宿,其他,119.444584,39.84173,hotel
poi_hotel.csv,北戴河悦里民宿酒店,酒店住宿,其他,119.447152,39.839361,hotel
poi_hotel.csv,北戴河玖号民宿,酒店住宿,舒适型酒店,119.441634,39.820704,hotel
poi_hotel.csv,秦皇岛南戴河新诚公寓,酒店住宿,其他,119.404947,39.79883,hotel
poi_hotel.csv,南戴河笑笑家民宿,酒店住宿,其他,119.40491,39.798778,hotel
poi_hotel.csv,西溪花间小院民宿,酒店住宿,其他,119.393441,39.814295,hotel
poi_hotel.csv,南戴河民宿,酒店住宿,其他,119.403667,39.798312,hotel
poi_hotel.csv,星海别苑,酒店住宿,其他,119.404345,39.820569,hotel
poi_hotel.csv,南戴河民宿,酒店住宿,其他,119.403869,39.802128,hotel
poi_hotel.csv,南戴河民宿,酒店住宿,其他,119.404148,39.798561,hotel
poi_hotel.csv,风吹稻香民宿酒店,酒店住宿,其他,119.422339,39.877312,hotel
poi_hotel.csv,杨家民宿酒店,酒店住宿,其他,119.419453,39.875416,hotel
poi_hotel.csv,丽枫酒店,酒店住宿,其他,119.262772,39.878799,hotel
poi_hotel.csv,维也纳国际酒店,酒店住宿,其他,119.267064,39.874171,hotel
poi_hotel.csv,锦江之星,酒店住宿,其他,118.902466,39.902949,hotel
poi_hotel.csv,睿柏·云酒店,酒店住宿,其他,118.894983,39.902837000000005,hotel
poi_hotel.csv,小魔仙在海边民宿,酒店住宿,舒适型酒店,119.312095,39.653736,hotel
poi_hotel.csv,沧海怡宿民宿,酒店住宿,其他,119.315715,39.646754,hotel
poi_hotel.csv,海风loft美墅,酒店住宿,其他,119.317227,39.653642,hotel
poi_hotel.csv,EOSO雲頌豪华酒店,酒店住宿,其他,119.320496,39.652468,hotel
poi_hotel.csv,那片海民宿,酒店住宿,其他,119.317583,39.652838,hotel
poi_hotel.csv,贝壳在海边美宿,酒店住宿,舒适型酒店,119.320039,39.653632,hotel
poi_hotel.csv,沐光里海边民宿,酒店住宿,舒适型酒店,119.317887,39.655306,hotel
poi_hotel.csv,栖海里民宿,酒店住宿,其他,119.321705,39.655454,hotel
poi_hotel.csv,听海卿宿,酒店住宿,舒适型酒店,119.317609,39.654486,hotel
poi_hotel.csv,后海·风沙滩度假酒店,酒店住宿,其他,119.32355,39.659265,hotel
poi_hotel.csv,花间See·sea美宿,酒店住宿,舒适型酒店,119.317935,39.655234,hotel
poi_hotel.csv,隐庐,酒店住宿,其他,119.314674,39.660686,hotel
poi_hotel.csv,阿那亚隐庐豪华酒店大堂,酒店住宿,其他,119.314697,39.66065,hotel
poi_hotel.csv,闲拾民宿,酒店住宿,其他,119.312888,39.656441,hotel
poi_hotel.csv,海边有家民宿,酒店住宿,舒适型酒店,119.313938,39.657509,hotel
poi_hotel.csv,屿见·轻奢美宿,酒店住宿,舒适型酒店,119.308555,39.657159,hotel
poi_hotel.csv,鲸奇贝贝海景亲子酒店,酒店住宿,其他,119.33641,39.692725,hotel
poi_hotel.csv,Smile.笑与泳池海景酒店,酒店住宿,其他,119.340398,39.702258,hotel
poi_hotel.csv,海之缘小田民宿,酒店住宿,其他,119.343217,39.709304,hotel
poi_hotel.csv,度假的家民宿,酒店住宿,其他,119.344283,39.711973,hotel
poi_hotel.csv,昌黎天海公寓,酒店住宿,其他,119.342899,39.710389,hotel
poi_hotel.csv,黄金海岸东子海景公寓别墅近约阿那亚,酒店住宿,其他,119.342571,39.709536,hotel
poi_hotel.csv,甲壹号海景别墅,酒店住宿,其他,119.346235,39.715287,hotel
poi_hotel.csv,昌黎黄金海岸金桥假日豪华酒店,酒店住宿,其他,119.346174,39.716646,hotel
poi_hotel.csv,秦皇岛澜诗海景酒店,酒店住宿,其他,119.341609,39.705985,hotel
poi_hotel.csv,昌黎金洋海景公寓,酒店住宿,其他,119.339244,39.708324,hotel
poi_hotel.csv,昌黎金洋海景公寓,酒店住宿,舒适型酒店,119.339278,39.708292,hotel
poi_hotel.csv,王宁A民宿,酒店住宿,其他,119.342466,39.710087,hotel
poi_hotel.csv,汐岸轻奢海景公寓,酒店住宿,舒适型酒店,119.339307,39.708124,hotel
poi_hotel.csv,拾年海景度假公寓,酒店住宿,舒适型酒店,119.339275,39.708088,hotel
poi_hotel.csv,汐海·轻奢度假海景公寓,酒店住宿,其他,119.33796,39.710504,hotel
poi_hotel.csv,昌黎东方假日海景公寓豪华酒店,酒店住宿,其他,119.339271,39.707857,hotel
poi_hotel.csv,熙悦·轻奢智能海景公寓,酒店住宿,其他,119.342181,39.709104,hotel
poi_hotel.csv,漫居·朴宿近海园林酒店,酒店住宿,其他,119.339788,39.710897,hotel
poi_hotel.csv,海鸣轻奢高层海景公寓黄金海岸店,酒店住宿,其他,119.342493,39.709684,hotel
poi_hotel.csv,海边公寓套,酒店住宿,其他,119.340773,39.706390000000006,hotel
poi_hotel.csv,海公馆隐澜海景度假公寓,酒店住宿,其他,119.33827,39.710403,hotel
poi_hotel.csv,拾忆假期海景公寓,酒店住宿,其他,119.340104,39.706927,hotel
poi_hotel.csv,边海人家海景民宿酒店,酒店住宿,舒适型酒店,119.338762,39.708157,hotel
poi_hotel.csv,昌黎酒店,酒店住宿,其他,119.196332,39.697006,hotel
poi_hotel.csv,Nice阿澜影音民宿,酒店住宿,舒适型酒店,119.196007,39.696726,hotel
poi_hotel.csv,澜舍民宿,酒店住宿,舒适型酒店,119.1968,39.696803,hotel
poi_hotel.csv,TT·涛澜全智能公寓,酒店住宿,其他,119.196134,39.696694,hotel
poi_hotel.csv,昌黎馨逸豪华酒店公寓,酒店住宿,其他,119.179492,39.726432,hotel
poi_hotel.csv,悦庭民宿酒店,酒店住宿,舒适型酒店,119.131806,39.714357,hotel
poi_hotel.csv,凯文海岸四季湾度假酒店,酒店住宿,其他,119.52718,39.835213,hotel
poi_hotel.csv,北戴河鸽子窝公园红日浴海豪华酒店,酒店住宿,其他,119.526561,39.83567,hotel
poi_hotel.csv,北戴河东海岸民宿,酒店住宿,其他,119.505808,39.834354,hotel
poi_hotel.csv,好好短租民宿,酒店住宿,其他,119.505802,39.833826,hotel
poi_hotel.csv,拾光·屿海·Life轻奢设计公寓,酒店住宿,其他,119.506589,39.834266,hotel
poi_hotel.csv,北戴河欣怡家庭公寓,酒店住宿,其他,119.505355,39.833447,hotel
poi_hotel.csv,北戴河花屿海民宿,酒店住宿,其他,119.505481,39.833414,hotel
poi_hotel.csv,乖乖妈妈公寓,酒店住宿,其他,119.50528,39.833998,hotel
poi_hotel.csv,北戴河靓海家庭公寓,酒店住宿,其他,119.505875,39.838933,hotel
poi_hotel.csv,北戴河栖迟海温馨度假公寓,酒店住宿,其他,119.505596,39.834417,hotel
poi_hotel.csv,在海边,酒店住宿,其他,119.492743,39.819039,hotel
poi_hotel.csv,北戴河电子疗养院,酒店住宿,其他,119.49469,39.818857,hotel
poi_hotel.csv,北戴河东经路酒店,酒店住宿,其他,119.497068,39.818866,hotel
poi_hotel.csv,北戴河贵宾楼,酒店住宿,其他,119.494083,39.819695,hotel
poi_hotel.csv,北戴河臻选假日酒店,酒店住宿,其他,119.48421,39.837108,hotel
poi_hotel.csv,云居·Hai house酒店,酒店住宿,其他,119.490242,39.843685,hotel
poi_hotel.csv,花尘美筑酒店,酒店住宿,其他,119.490414,39.834525,hotel
poi_hotel.csv,北戴河诗与远方度假豪华酒店,酒店住宿,其他,119.485013,39.837028,hotel
poi_hotel.csv,璞居云筑民宿酒店,酒店住宿,其他,119.488655,39.835737,hotel
poi_hotel.csv,北戴河源庭酒店,酒店住宿,其他,119.475684,39.823262,hotel
poi_hotel.csv,海霞民宿,酒店住宿,其他,119.477697,39.822285,hotel
poi_hotel.csv,天佑京铁北戴河酒店,酒店住宿,其他,119.477523,39.820829,hotel
poi_hotel.csv,陪你·去看海民宿,酒店住宿,其他,119.479153,39.821592,hotel
poi_hotel.csv,落日星海假日民宿,酒店住宿,其他,119.474243,39.826453,hotel
poi_hotel.csv,北戴河凤栖阁豪华酒店,酒店住宿,其他,119.479133,39.827561,hotel
poi_hotel.csv,轻享荣华民宿酒店,酒店住宿,舒适型酒店,119.478152,39.822912,hotel
poi_hotel.csv,咱家小院ZJXY民宿,酒店住宿,其他,119.47771,39.828282,hotel
poi_hotel.csv,花筑·雅士居民宿,酒店住宿,舒适型酒店,119.470847,39.836051,hotel
poi_hotel.csv,花筑·北戴河半亩方塘民宿酒店,酒店住宿,其他,119.469848,39.839024,hotel
poi_hotel.csv,正竹精品小慧民宿,酒店住宿,其他,119.469776,39.842818,hotel
poi_hotel.csv,联山有宿·泳池小院,酒店住宿,其他,119.468861,39.838352,hotel
poi_hotel.csv,欢朋·Boutique民宿酒店,酒店住宿,舒适型酒店,119.467296,39.837802,hotel
poi_hotel.csv,北戴河界隐民宿酒店,酒店住宿,其他,119.466091,39.840814,hotel
poi_hotel.csv,北戴河香秀民宿,酒店住宿,其他,119.465794,39.839423,hotel
poi_hotel.csv,秦皇岛海天一色酒店,酒店住宿,其他,119.623705,39.914916,hotel
poi_hotel.csv,蓝顶温泉酒店,酒店住宿,其他,119.62675,39.918823,hotel
poi_hotel.csv,秦屿海酒店,酒店住宿,其他,119.6203,39.92174,hotel
poi_hotel.csv,WINCL民宿,酒店住宿,其他,119.643585,39.945124,hotel
poi_hotel.csv,香玺海·海景度假公寓,酒店住宿,其他,119.555461,39.904675,hotel
poi_hotel.csv,白塔岭街道秦皇岛香格里拉酒店,酒店住宿,其他,119.556294,39.903267,hotel
poi_hotel.csv,私享家海景公寓,酒店住宿,其他,119.529419,39.890095,hotel
poi_hotel.csv,秦皇半岛温馨三居公寓,酒店住宿,其他,119.507883,39.895782,hotel
poi_hotel.csv,暖阳洋临海民宿,酒店住宿,其他,119.741318,40.001417,hotel
poi_hotel.csv,闲舍特色民宿,酒店住宿,其他,119.74657,40.025479,hotel
poi_hotel.csv,那山海艺术营地,酒店住宿,其他,119.734201,40.021149,hotel
poi_hotel.csv,琳源宾馆,酒店住宿,其他,119.780046,39.978398,hotel
poi_hotel.csv,云海间豪华酒店,酒店住宿,其他,119.790084,39.983138,hotel
poi_hotel.csv,我爱我家山海民宿,酒店住宿,舒适型酒店,119.784741,39.978056,hotel
poi_hotel.csv,老龙头乐岛山海雅居私家花园洋房公寓,酒店住宿,其他,119.785387,39.978748,hotel
poi_hotel.csv,秦皇岛老龙头假日蓝湾阳光公寓,酒店住宿,其他,119.803573,39.980905,hotel
poi_hotel.csv,山海关假日蓝湾子涵公寓,酒店住宿,舒适型酒店,119.803276,39.980201,hotel
poi_hotel.csv,老龙头假日蓝湾爱家公寓,酒店住宿,舒适型酒店,119.803732,39.980731,hotel
poi_hotel.csv,秦皇岛老龙头假日蓝湾优选度假公寓,酒店住宿,其他,119.803269,39.980438,hotel
poi_hotel.csv,老龙头假日蓝湾佳晨临海公寓,酒店住宿,其他,119.80424,39.980708,hotel
poi_hotel.csv,临海公寓,酒店住宿,其他,119.803129,39.980657,hotel
poi_hotel.csv,老龙头优选公寓,酒店住宿,其他,119.803333,39.980153,hotel
poi_hotel.csv,心如nini公寓,酒店住宿,其他,119.80133,39.994735000000006,hotel
poi_hotel.csv,月伴湾公寓,酒店住宿,其他,119.801344,39.994764,hotel
poi_hotel.csv,妙妙海景小屋,酒店住宿,舒适型酒店,119.802857,39.995392,hotel
poi_hotel.csv,硕硕民宿,酒店住宿,其他,119.801342,39.994737,hotel
poi_hotel.csv,oceaN公寓,酒店住宿,其他,119.800138,39.994681,hotel
poi_hotel.csv,一勺青年公寓,酒店住宿,青旅,119.801383,39.994703,hotel
poi_hotel.csv,金江家园民宿,酒店住宿,其他,119.801359,39.994704000000006,hotel
poi_hotel.csv,蕏晓妮公寓,酒店住宿,其他,119.801425,39.994690000000006,hotel
poi_hotel.csv,卡梅尔酒店,酒店住宿,其他,119.805247,39.98149,hotel
poi_hotel.csv,秦皇岛老龙头军姐酒店,酒店住宿,其他,119.806041,39.981435,hotel
poi_hotel.csv,老龙头滨海假日民宿,酒店住宿,其他,119.806094,39.980984,hotel
poi_hotel.csv,秦皇岛假日蓝湾阳光浴场公寓,酒店住宿,其他,119.806037,39.980562,hotel
poi_hotel.csv,陈越龙公寓,酒店住宿,其他,119.805848,39.980602000000005,hotel
poi_hotel.csv,山海关沐海安澜海景别墅,酒店住宿,其他,119.804717,39.978587000000005,hotel
poi_hotel.csv,晨曦若梦公寓,酒店住宿,其他,119.817794,39.984022,hotel
poi_hotel.csv,一帆风顺69319公寓,酒店住宿,其他,119.819477,39.995514,hotel
poi_hotel.csv,罗罡酒店,酒店住宿,其他,119.768724,40.013694,hotel
poi_hotel.csv,山海关田山农家院,酒店住宿,其他,119.782029,40.001916,hotel
poi_hotel.csv,沙河路民宿,酒店住宿,其他,119.780993,40.007518,hotel
poi_hotel.csv,山海关田山农家院餐馆民宿,酒店住宿,其他,119.780595,40.002631,hotel
poi_hotel.csv,爱之家快捷宾馆,酒店住宿,其他,119.783117,40.015744,hotel
poi_hotel.csv,山海关钰福酒店,酒店住宿,其他,119.781623,40.015439,hotel
poi_hotel.csv,柒玖商旅酒店,酒店住宿,其他,119.571205,39.963724,hotel
poi_hotel.csv,石门寨镇五福豪华酒店,酒店住宿,其他,119.605552,40.086043,hotel
poi_hotel.csv,秦皇岛万豪度假豪华酒店大堂,酒店住宿,其他,119.405801,39.772449,hotel
poi_hotel.csv,北戴河拾涧海民宿,酒店住宿,舒适型酒店,119.405905,39.776895,hotel
poi_hotel.csv,房东葡萄爸爸公寓,酒店住宿,舒适型酒店,119.406955,39.779117,hotel
poi_hotel.csv,栖约·Seatopia假日公寓,酒店住宿,其他,119.405168,39.774631,hotel
poi_hotel.csv,惠芷公寓,酒店住宿,其他,119.405293,39.772588000000006,hotel
poi_hotel.csv,半岛小宿公寓,酒店住宿,舒适型酒店,119.405931,39.77688,hotel
poi_hotel.csv,宝君海景公寓豪华酒店,酒店住宿,其他,119.417394,39.791682,hotel
poi_hotel.csv,南戴河涛博旅馆,酒店住宿,舒适型酒店,119.412659,39.789229,hotel
poi_hotel.csv,漫宜居民宿酒店,酒店住宿,舒适型酒店,119.415184,39.788769,hotel
poi_hotel.csv,野还行民宿,酒店住宿,其他,119.417069,39.787971,hotel
poi_hotel.csv,且慢民宿酒店,酒店住宿,舒适型酒店,119.416432,39.789934,hotel
poi_hotel.csv,翼图酒店公寓,酒店住宿,舒适型酒店,119.417356,39.791703,hotel
poi_hotel.csv,澜湾宾馆,酒店住宿,其他,119.414176,39.788755,hotel
poi_hotel.csv,烟岚·云岫民宿,酒店住宿,其他,119.420283,39.814638,hotel
poi_hotel.csv,秦皇岛天艾民宿酒店,酒店住宿,舒适型酒店,119.423026,39.812805,hotel
poi_hotel.csv,北戴河冉冉民宿酒店,酒店住宿,其他,119.422127,39.813466,hotel
poi_hotel.csv,北戴河拂茵之家民宿酒店,酒店住宿,舒适型酒店,119.423866,39.812457,hotel
poi_hotel.csv,秀梅酒店,酒店住宿,其他,119.419254,39.81582,hotel
poi_hotel.csv,秦皇岛北戴河巷往Hopeful民宿,酒店住宿,其他,119.422232,39.813467,hotel
poi_hotel.csv,会永民宿,酒店住宿,舒适型酒店,119.419951,39.815411000000005,hotel
poi_hotel.csv,北戴河光年里海滨公园度假豪华酒店,酒店住宿,其他,119.414313,39.814117,hotel
poi_hotel.csv,海的欣公寓,酒店住宿,其他,119.409579,39.809805,hotel
poi_hotel.csv,仙螺岛·维漫海景豪华酒店,酒店住宿,其他,119.433076,39.799147,hotel
poi_hotel.csv,观澜酒店,酒店住宿,其他,119.431957,39.800684,hotel
poi_hotel.csv,戴河国际海景酒店,酒店住宿,其他,119.430332,39.799589000000005,hotel
poi_hotel.csv,北戴河干部疗养院,酒店住宿,其他,119.447174,39.809406,hotel
poi_hotel.csv,北戴河随心游民宿,酒店住宿,其他,119.447792,39.810673,hotel
poi_hotel.csv,海边的屋-国成旅馆,酒店住宿,舒适型酒店,119.448671,39.80958,hotel
poi_hotel.csv,北戴河鸥上酒店,酒店住宿,其他,119.44833,39.812227,hotel
poi_hotel.csv,冰月酒店,酒店住宿,其他,119.446496,39.811007,hotel
poi_hotel.csv,品海阁酒店,酒店住宿,其他,119.449894,39.812249,hotel
poi_hotel.csv,北戴河秘境loft民宿,酒店住宿,舒适型酒店,119.443641,39.819002,hotel
poi_hotel.csv,北戴河依山临海民宿酒店,酒店住宿,舒适型酒店,119.447631,39.811257,hotel
poi_hotel.csv,北戴河莱拉民宿酒店,酒店住宿,其他,119.444543,39.819205,hotel
poi_hotel.csv,荣恩客栈,酒店住宿,其他,119.448778,39.811533,hotel
poi_hotel.csv,克俭小院,酒店住宿,其他,119.448296,39.810654,hotel
poi_hotel.csv,悠悠假日酒店,酒店住宿,其他,119.45215,39.810247,hotel
poi_hotel.csv,北戴河丁岛民宿酒店,酒店住宿,其他,119.441012,39.817818,hotel
poi_hotel.csv,北戴河理享家度假民宿酒店,酒店住宿,其他,119.440869,39.817212,hotel
poi_hotel.csv,吴楠旅馆,酒店住宿,舒适型酒店,119.437778,39.817855,hotel
poi_hotel.csv,北戴河融舍溪院民宿酒店,酒店住宿,其他,119.440225,39.81794,hotel
poi_hotel.csv,夕海客栈,酒店住宿,舒适型酒店,119.438389,39.810896,hotel
poi_hotel.csv,北戴河栖山语海民宿酒店,酒店住宿,舒适型酒店,119.440963,39.817906,hotel
poi_hotel.csv,万怡锐品酒店,酒店住宿,其他,119.405735,39.829608,hotel
poi_hotel.csv,秦皇岛北戴河高层民宿小区住宅,酒店住宿,其他,119.40621,39.829011,hotel
poi_hotel.csv,大乘民宿,酒店住宿,其他,119.406371,39.82889,hotel
poi_hotel.csv,一沙一尘民宿,酒店住宿,其他,119.406847,39.827137,hotel
poi_hotel.csv,趣玩民宿,酒店住宿,舒适型酒店,119.407839,39.828728,hotel
poi_hotel.csv,秦皇岛太平庄园,酒店住宿,其他,119.423543,39.827964,hotel
poi_hotel.csv,栖里民宿,酒店住宿,其他,119.425344,39.83782299999999,hotel
poi_hotel.csv,旅享民宿,酒店住宿,其他,119.405508,39.833871,hotel
poi_hotel.csv,顺连宾馆,酒店住宿,其他,119.404479,39.835024,hotel
poi_hotel.csv,北戴河容兮民宿,酒店住宿,其他,119.423709,39.863368,hotel
poi_hotel.csv,北戴河三生玖·kaws美墅民宿酒店,酒店住宿,舒适型酒店,119.425044,39.862649000000005,hotel
poi_hotel.csv,IU酒店,酒店住宿,其他,119.270401,39.863389,hotel
poi_hotel.csv,如家华驿酒店,酒店住宿,其他,118.892772,39.896876,hotel
poi_hotel.csv,玛卡巴卡日租公寓,酒店住宿,其他,119.170126,39.705584,hotel
poi_hotel.csv,昌黎铂山商务豪华酒店,酒店住宿,其他,119.179449,39.716955,hotel
poi_hotel.csv,昌黎大厦金岛商务豪华酒店,酒店住宿,其他,119.189765,39.715598,hotel
poi_hotel.csv,昌黎格楠电竞豪华酒店,酒店住宿,其他,119.189052,39.717752,hotel
poi_hotel.csv,渤海馨涛酒店,酒店住宿,其他,119.188886,39.717870000000005,hotel
poi_hotel.csv,馨逸豪华酒店式日租公寓,酒店住宿,其他,119.185604,39.719051,hotel
poi_hotel.csv,馨逸豪华酒店式日租公寓,酒店住宿,舒适型酒店,119.185522,39.719087,hotel
poi_hotel.csv,海很蓝公寓,酒店住宿,舒适型酒店,119.192243,39.725449000000005,hotel
poi_hotel.csv,滨屿汇国际豪华酒店,酒店住宿,其他,119.507805,39.822818000000005,hotel
poi_hotel.csv,夏至亲子度假村,酒店住宿,其他,119.50646,39.822815,hotel
poi_hotel.csv,花筑·北戴河喜栎精品酒店,酒店住宿,其他,119.505524,39.825304,hotel
poi_hotel.csv,北戴河璟晨云海公寓,酒店住宿,其他,119.507405,39.821928,hotel
poi_hotel.csv,北戴河朗顿雅庭酒店,酒店住宿,其他,119.508533,39.823147000000006,hotel
poi_hotel.csv,乐韵兴花园酒店,酒店住宿,其他,119.507184,39.824537,hotel
poi_hotel.csv,北戴河久久宾馆刘庄夜市店,酒店住宿,其他,119.505547,39.824928,hotel
poi_hotel.csv,北京康养北戴河酒店,酒店住宿,其他,119.516118,39.821377,hotel
poi_hotel.csv,北戴河国权康养中心,酒店住宿,其他,119.513287,39.823612,hotel
poi_hotel.csv,六国旅馆,酒店住宿,舒适型酒店,119.514691,39.825527,hotel
poi_hotel.csv,MechariHotel美程里酒店,酒店住宿,其他,119.516082,39.832195,hotel
poi_hotel.csv,秦皇岛北戴河半亩海湶墅Villa别墅,酒店住宿,其他,119.514933,39.832607,hotel
poi_hotel.csv,Seven宿品质民宿,酒店住宿,其他,119.505509,39.832298,hotel
poi_hotel.csv,北戴河听海度假公寓,酒店住宿,舒适型酒店,119.504862,39.831092,hotel
poi_hotel.csv,北戴河依海壹舍民宿,酒店住宿,其他,119.505162,39.832391,hotel
poi_hotel.csv,見個面叭·home公寓,酒店住宿,舒适型酒店,119.506382,39.831976,hotel
poi_hotel.csv,观风屿民宿,酒店住宿,其他,119.506654,39.827358,hotel
poi_hotel.csv,北戴河夏优公寓民宿,酒店住宿,其他,119.505191,39.832133,hotel
poi_hotel.csv,北戴河倩倩家庭公寓,酒店住宿,其他,119.505322,39.830972,hotel
poi_hotel.csv,北戴河诚缘阁酒店,酒店住宿,舒适型酒店,119.50663,39.827094,hotel
poi_hotel.csv,北戴河鑫海公寓民宿,酒店住宿,其他,119.505357,39.832402,hotel
poi_hotel.csv,北戴河轻奢公寓,酒店住宿,其他,119.505042,39.831822,hotel
poi_hotel.csv,伽朵豪华酒店,酒店住宿,其他,119.520328,39.820939,hotel
poi_hotel.csv,海屿花园豪华酒店,酒店住宿,其他,119.517601,39.825888,hotel
poi_hotel.csv,北戴河星辰·屿海精品民宿,酒店住宿,其他,119.522415,39.826707,hotel
poi_hotel.csv,秦皇岛瑞尔威连锁豪华酒店北戴河豪华酒店公寓,酒店住宿,其他,119.522452,39.824399,hotel
poi_hotel.csv,北戴河渔家家庭自助公寓,酒店住宿,其他,119.521821,39.826126,hotel
poi_hotel.csv,秦皇岛北戴河小海星精品公寓,酒店住宿,其他,119.518316,39.826764,hotel
poi_hotel.csv,XZAMZCE民宿,酒店住宿,其他,119.525722,39.826884,hotel
poi_hotel.csv,懒阳阳公寓民宿,酒店住宿,其他,119.523633,39.823672,hotel
poi_hotel.csv,北戴河长城豪华酒店,酒店住宿,其他,119.524045,39.82174,hotel
poi_hotel.csv,北戴河猫宅民宿酒店,酒店住宿,青旅,119.524973,39.827596,hotel
poi_hotel.csv,梦里·回首民宿酒店,酒店住宿,其他,119.52468,39.827534,hotel
poi_hotel.csv,怡莱酒店,酒店住宿,其他,119.526044,39.82758,hotel
poi_hotel.csv,秦皇岛鸽子窝公园酒店,酒店住宿,舒适型酒店,119.52517,39.827907,hotel
poi_hotel.csv,悠岛客栈,酒店住宿,舒适型酒店,119.524612,39.827645,hotel
poi_hotel.csv,山澜雅居客栈,酒店住宿,舒适型酒店,119.524594,39.827884000000005,hotel
poi_hotel.csv,默汐庭院旅馆,酒店住宿,舒适型酒店,119.525667,39.827683,hotel
poi_hotel.csv,北戴河红屿海边公寓,酒店住宿,其他,119.523665,39.827956,hotel
poi_hotel.csv,北戴河红屿海边公寓,酒店住宿,舒适型酒店,119.523621,39.82793,hotel
poi_hotel.csv,临海温馨公寓,酒店住宿,其他,119.523674,39.829211,hotel
poi_hotel.csv,SYWJYK民宿,酒店住宿,其他,119.525757,39.827251,hotel
poi_hotel.csv,北戴河朵亚酒店,酒店住宿,其他,119.521249,39.828102,hotel
poi_hotel.csv,梦里森境民宿,酒店住宿,舒适型酒店,119.518806,39.829093,hotel
poi_hotel.csv,花筑·北戴河朵朵酒店,酒店住宿,其他,119.5229,39.827685,hotel
poi_hotel.csv,北戴河途悠悠酒店,酒店住宿,其他,119.519032,39.828938,hotel
poi_hotel.csv,北戴河地中海风情公寓,酒店住宿,舒适型酒店,119.522138,39.829257000000005,hotel
poi_hotel.csv,红屿私墅豪华酒店,酒店住宿,其他,119.51874,39.832363,hotel
poi_hotel.csv,北戴河近海雅丽民宿酒店,酒店住宿,其他,119.52254,39.827681,hotel
poi_hotel.csv,花筑·北戴河锦禾客栈,酒店住宿,其他,119.51894,39.829244,hotel
poi_hotel.csv,闲情雅筑旅馆,酒店住宿,其他,119.520598,39.827976,hotel
poi_hotel.csv,花筑·北戴河艾沐海景酒店,酒店住宿,其他,119.490205,39.813898,hotel
poi_hotel.csv,乐鸥海景酒店,酒店住宿,其他,119.490374,39.814002,hotel
poi_hotel.csv,圣托里尼海景豪华酒店,酒店住宿,其他,119.490418,39.814067,hotel
poi_hotel.csv,陌上轻居酒店,酒店住宿,其他,119.490283,39.81927099999999,hotel
poi_hotel.csv,宜必思尚品酒店,酒店住宿,其他,119.491581,39.819035,hotel
poi_hotel.csv,塘·Tang Arts Hotle,酒店住宿,其他,119.486785,39.819148,hotel
poi_hotel.csv,北戴河悦华酒店,酒店住宿,其他,119.490055,39.817995,hotel
poi_hotel.csv,遇见海美宿豪华酒店,酒店住宿,其他,119.488839,39.820134,hotel
poi_hotel.csv,德林·欢阁海景酒店,酒店住宿,其他,119.48221,39.817768,hotel
poi_hotel.csv,明晗宾馆,酒店住宿,其他,119.483423,39.820323,hotel
poi_hotel.csv,天佑京铁北戴河酒店,酒店住宿,其他,119.483058,39.819104,hotel
poi_hotel.csv,喆啡酒店,酒店住宿,其他,119.490113,39.822471,hotel
poi_hotel.csv,如家驿居酒店,酒店住宿,其他,119.490099,39.820862,hotel
poi_hotel.csv,美豪怡致海景酒店,酒店住宿,其他,119.48985,39.822026,hotel
poi_hotel.csv,非繁城品·秦皇岛北戴河老虎石店,酒店住宿,其他,119.490702,39.821445,hotel
poi_hotel.csv,良筑·豪华酒店,酒店住宿,其他,119.490546,39.821187,hotel
poi_hotel.csv,海塘湾酒店,酒店住宿,其他,119.487624,39.820624,hotel
poi_hotel.csv,棠·设计师酒店,酒店住宿,其他,119.490939,39.831028,hotel
poi_hotel.csv,希岸酒店,酒店住宿,其他,119.490679,39.830887,hotel
poi_hotel.csv,花筑.米高假日豪华酒店,酒店住宿,其他,119.489724,39.829894,hotel
poi_hotel.csv,隐沫豪华酒店,酒店住宿,其他,119.499889,39.826328,hotel
poi_hotel.csv,悦夏酒店,酒店住宿,其他,119.504719,39.823247,hotel
poi_hotel.csv,北戴河故里海客栈,酒店住宿,其他,119.503231,39.824611,hotel
poi_hotel.csv,北戴河博越·sand度假酒店,酒店住宿,其他,119.504567,39.823889,hotel
poi_hotel.csv,捌壹捌精品酒店,酒店住宿,其他,119.503135,39.826170000000005,hotel
poi_hotel.csv,北戴河万志远宾馆,酒店住宿,其他,119.5043,39.822887,hotel
poi_hotel.csv,北戴河蓝色海岸精品民宿酒店,酒店住宿,其他,119.504763,39.831281,hotel
poi_hotel.csv,北戴河橘子海民宿,酒店住宿,其他,119.504503,39.832543,hotel
poi_hotel.csv,船宿house·精品公寓,酒店住宿,其他,119.504503,39.832467,hotel
poi_hotel.csv,十二宿酒店,酒店住宿,其他,119.501465,39.831678,hotel
poi_hotel.csv,北戴河拾秋·house精品民宿酒店,酒店住宿,其他,119.504577,39.832479,hotel
poi_hotel.csv,奈思民宿酒店,酒店住宿,其他,119.504545,39.827135,hotel
poi_hotel.csv,北戴河赤土山培培公寓,酒店住宿,其他,119.50322,39.833257,hotel
poi_hotel.csv,北戴河沐海阁旅馆,酒店住宿,其他,119.504426,39.826981,hotel
poi_hotel.csv,北戴河女性健康基地闲庭香绿轩豪华酒店,酒店住宿,其他,119.496383,39.827088,hotel
poi_hotel.csv,北戴河怡都豪华酒店,酒店住宿,其他,119.492588,39.831238,hotel
poi_hotel.csv,房东燕姐haiyan公寓,酒店住宿,舒适型酒店,119.492469,39.83313,hotel
poi_hotel.csv,南谷Swimming pool豪华酒店,酒店住宿,其他,119.493375,39.834513,hotel
poi_hotel.csv,喜筑·Villa度假民宿,酒店住宿,其他,119.492748,39.837994,hotel
poi_hotel.csv,漫花居设计师民宿,酒店住宿,其他,119.492485,39.838604,hotel
poi_hotel.csv,北戴河君成之家民宿酒店,酒店住宿,其他,119.494433,39.837939,hotel
poi_hotel.csv,北戴河君成之家民宿酒店,酒店住宿,舒适型酒店,119.494433,39.837918,hotel
poi_hotel.csv,南谷Swimming pool豪华酒店大堂,酒店住宿,其他,119.493452,39.834407,hotel
poi_hotel.csv,刚子民宿,酒店住宿,其他,119.504579,39.836427,hotel
poi_hotel.csv,WJXABC民宿,酒店住宿,其他,119.5046,39.836445,hotel
poi_hotel.csv,下一站北戴河民宿,酒店住宿,其他,119.504662,39.836454,hotel
poi_hotel.csv,YCR民宿,酒店住宿,其他,119.504048,39.835526,hotel
poi_hotel.csv,北戴河欢乐海岸民宿,酒店住宿,其他,119.503125,39.833715,hotel
poi_hotel.csv,北戴河赤土山近海遇见民宿酒店,酒店住宿,其他,119.501919,39.837381,hotel
poi_hotel.csv,北戴河欣怡自助公寓,酒店住宿,舒适型酒店,119.504635,39.836414000000005,hotel
poi_hotel.csv,北戴河·爱de海湾lifetime精选民宿,酒店住宿,舒适型酒店,119.504718,39.836565,hotel
poi_hotel.csv,秦皇岛北戴河军旅之家精品民宿,酒店住宿,其他,119.504499,39.833516,hotel
poi_hotel.csv,北戴河钰源民宿,酒店住宿,舒适型酒店,119.502629,39.837801,hotel
poi_hotel.csv,北戴河吉祥海边公寓,酒店住宿,其他,119.504385,39.837596,hotel
poi_hotel.csv,秦皇岛北戴河美宿近海公寓普通公寓,酒店住宿,其他,119.500904,39.834181,hotel
poi_hotel.csv,英伦Equestrian旅拍木屋美宿,酒店住宿,舒适型酒店,119.50156,39.841381000000005,hotel
poi_hotel.csv,花香鸟语公寓,酒店住宿,舒适型酒店,119.498626,39.842451,hotel
poi_hotel.csv,翠海酒店,酒店住宿,其他,119.493997,39.844991,hotel
poi_hotel.csv,北戴河夫恩康养民宿酒店,酒店住宿,其他,119.494322,39.845075,hotel
poi_hotel.csv,千米·设计师独院别墅,酒店住宿,其他,119.493817,39.840004,hotel
poi_hotel.csv,河北秦皇岛1038公寓,酒店住宿,其他,119.623161,39.944543,hotel
poi_hotel.csv,柒禾页观海豪华酒店,酒店住宿,其他,119.558382,39.915392,hotel
poi_hotel.csv,芝士民宿,酒店住宿,其他,119.557669,39.914933000000005,hotel
poi_hotel.csv,秦皇国际公寓,酒店住宿,其他,119.56511,39.910478,hotel
poi_hotel.csv,秦皇岛秦皇国际巴厘岛度假公寓,酒店住宿,其他,119.565526,39.910527,hotel
poi_hotel.csv,房东我家住海边公寓,酒店住宿,其他,119.565471,39.910583,hotel
poi_hotel.csv,秦皇国际精品公寓,酒店住宿,其他,119.565739,39.910576,hotel
poi_hotel.csv,巡游者民宿酒店,酒店住宿,其他,119.565074,39.910863,hotel
poi_hotel.csv,秦皇岛宇翰大酒店,酒店住宿,其他,119.564935,39.917547,hotel
poi_hotel.csv,觅你电竞酒店,酒店住宿,其他,119.556418,39.927014,hotel
poi_hotel.csv,天普连锁酒店,酒店住宿,其他,119.557218,39.925700000000006,hotel
poi_hotel.csv,望海舒适大三居公寓,酒店住宿,其他,119.567053,39.924113,hotel
poi_hotel.csv,秦皇岛简岸高空海景豪华酒店,酒店住宿,其他,119.576072,39.925939,hotel
poi_hotel.csv,梦栖阁民宿酒店,酒店住宿,其他,119.573549,39.928078,hotel
poi_hotel.csv,文景商务豪华酒店,酒店住宿,高档型酒店,119.576118,39.947303,hotel
poi_hotel.csv,叶与晨电竞电影酒店,酒店住宿,其他,119.576141,39.947272000000005,hotel
poi_hotel.csv,秦皇岛碧水华庭国际俱乐部,酒店住宿,其他,119.558542,39.944287,hotel
poi_hotel.csv,提琴民宿,酒店住宿,其他,119.524057,39.897847,hotel
poi_hotel.csv,秦皇岛紫薇民宿酒店,酒店住宿,舒适型酒店,119.517758,39.906241,hotel
poi_hotel.csv,当夏民宿酒店,酒店住宿,舒适型酒店,119.511162,39.911753,hotel
poi_hotel.csv,艾沅民宿,酒店住宿,其他,119.509018,39.918274,hotel
poi_hotel.csv,雲海朴宿海景民宿,酒店住宿,其他,119.541941,39.902753,hotel
poi_hotel.csv,老阿姨霞姐公寓,酒店住宿,其他,119.536292,39.899034,hotel
poi_hotel.csv,悦已·云端海景豪华酒店,酒店住宿,其他,119.536417,39.899201,hotel
poi_hotel.csv,王哥海景公寓,酒店住宿,其他,119.543985,39.900892,hotel
poi_hotel.csv,蓝天海景公寓666,酒店住宿,其他,119.546445,39.902865000000006,hotel
poi_hotel.csv,喜海小筑,酒店住宿,其他,119.544977,39.901428,hotel
poi_hotel.csv,故屿海边民宿,酒店住宿,其他,119.542945,39.901286,hotel
poi_hotel.csv,秦皇岛海洋花园望海公寓,酒店住宿,其他,119.545265,39.902399,hotel
poi_hotel.csv,秦皇岛友帮海景公寓,酒店住宿,其他,119.54508,39.901582,hotel
poi_hotel.csv,秦皇岛晨溪小舍,酒店住宿,其他,119.545393,39.898166,hotel
poi_hotel.csv,王烈英民宿,酒店住宿,其他,119.54498,39.900615,hotel
poi_hotel.csv,华驿酒店,酒店住宿,其他,119.54901,39.906600000000005,hotel
poi_hotel.csv,秦皇岛S/Feel轻奢电竞豪华酒店,酒店住宿,其他,119.546888,39.915428000000006,hotel
poi_hotel.csv,秦皇岛创逸美居公寓,酒店住宿,其他,119.544459,39.91357,hotel
poi_hotel.csv,小岛董先生公寓,酒店住宿,舒适型酒店,119.552899,39.918888,hotel
poi_hotel.csv,龙玖轰趴小墅公寓,酒店住宿,其他,119.533907,39.9128,hotel
poi_hotel.csv,mika人生几何公寓,酒店住宿,其他,119.54064,39.912779,hotel
poi_hotel.csv,MIKA人生几何民宿,酒店住宿,其他,119.541409,39.913107,hotel
poi_hotel.csv,MIKA人生几何民宿,酒店住宿,其他,119.540622,39.912796,hotel
poi_hotel.csv,归家小栈公寓民宿,酒店住宿,舒适型酒店,119.541366,39.913043,hotel
poi_hotel.csv,如家派柏·云酒店,酒店住宿,其他,119.539159,39.918991000000005,hotel
poi_hotel.csv,昱竹林名墅,酒店住宿,舒适型酒店,119.554479,39.927128,hotel
poi_hotel.csv,喆啡酒店,酒店住宿,其他,119.523076,39.92957,hotel
poi_hotel.csv,侧耳倾听公寓,酒店住宿,其他,119.520547,39.923661,hotel
poi_hotel.csv,星程酒店,酒店住宿,其他,119.526056,39.926445,hotel
poi_hotel.csv,观海山豪华酒店,酒店住宿,其他,119.749806,39.99906,hotel
poi_hotel.csv,山海关陆拾捌号小院,酒店住宿,其他,119.743096,40.003379,hotel
poi_hotel.csv,山海关运舍乐雅民宿酒店,酒店住宿,舒适型酒店,119.744855,40.0042,hotel
poi_hotel.csv,秦皇岛揽月阁民宿,酒店住宿,其他,119.753667,40.005245,hotel
poi_hotel.csv,英子民宿,酒店住宿,其他,119.748461,40.005764,hotel
poi_hotel.csv,十里楠舍酒店,酒店住宿,其他,119.754313,40.010993,hotel
poi_hotel.csv,古道边民宿,酒店住宿,其他,119.752035,40.006814,hotel
poi_hotel.csv,永恩旅馆,酒店住宿,舒适型酒店,119.751267,40.00736,hotel
poi_hotel.csv,格林客栈,酒店住宿,其他,119.753223,40.012355,hotel
poi_hotel.csv,沧海民宿,酒店住宿,其他,119.753827,40.007551,hotel
poi_hotel.csv,山海关云里民宿酒店,酒店住宿,舒适型酒店,119.750649,40.008659,hotel
poi_hotel.csv,秦皇岛途掌柜112753精品民宿酒店,酒店住宿,其他,119.770946,39.980756,hotel
poi_hotel.csv,秦皇岛遥胖公寓,酒店住宿,其他,119.771577,39.98074,hotel
poi_hotel.csv,老龙头朴宿微澜民宿,酒店住宿,舒适型酒店,119.777778,39.977766,hotel
poi_hotel.csv,美丽山海关公寓,酒店住宿,其他,119.779258,39.98206,hotel
poi_hotel.csv,吾家小院,酒店住宿,其他,119.768259,39.983623,hotel
poi_hotel.csv,凯钰豪华酒店,酒店住宿,其他,119.769605,39.988515,hotel
poi_hotel.csv,山海关创先民宿酒店,酒店住宿,其他,119.779319,39.98963,hotel
poi_hotel.csv,咪咕921民宿,酒店住宿,其他,119.77413,39.999976,hotel
poi_hotel.csv,东戴河山海同湾鹏飞海景公寓,酒店住宿,其他,119.760419,39.989158,hotel
poi_hotel.csv,房东小奇葩公寓,酒店住宿,其他,119.760443,39.989114,hotel
poi_hotel.csv,咱家美宿,酒店住宿,舒适型酒店,119.760773,39.989084,hotel
poi_hotel.csv,山海之约酒店,酒店住宿,其他,119.760939,39.997793,hotel
poi_hotel.csv,苍龙沐浴民宿酒店,酒店住宿,其他,119.810748,39.991335,hotel
poi_hotel.csv,易居酒店,酒店住宿,其他,119.815928,39.990245,hotel
poi_hotel.csv,咏爱酒店,酒店住宿,其他,119.813156,39.989665,hotel
poi_hotel.csv,晨曦若梦公寓,酒店住宿,其他,119.810435,39.994811000000006,hotel
poi_hotel.csv,阳光快乐公寓,酒店住宿,其他,119.807409,39.994254,hotel
poi_hotel.csv,山海关古城客栈,酒店住宿,其他,119.761546,40.009056,hotel
poi_hotel.csv,山海关闲庭书法酒店,酒店住宿,其他,119.758213,40.010373,hotel
poi_hotel.csv,悦庭栖迟精品客栈,酒店住宿,其他,119.755331,40.008044,hotel
poi_hotel.csv,如院民宿,酒店住宿,舒适型酒店,119.757139,40.008562,hotel
poi_hotel.csv,北舍古典四合院精品民宿,酒店住宿,其他,119.756913,40.011819,hotel
poi_hotel.csv,静享山海民宿酒店,酒店住宿,其他,119.757204,40.007687,hotel
poi_hotel.csv,月美荷塘宾馆,酒店住宿,其他,119.770685,40.002594,hotel
poi_hotel.csv,超越民宿,酒店住宿,其他,119.775309,40.005578,hotel
poi_hotel.csv,小猫咪的亲亲公寓,酒店住宿,其他,119.768768,40.010291,hotel
poi_hotel.csv,晶晶小途公寓,酒店住宿,其他,119.76789,40.010982,hotel
poi_hotel.csv,山海关中电酒店,酒店住宿,其他,119.769901,40.008182,hotel
poi_hotel.csv,海阳公寓,酒店住宿,舒适型酒店,119.550066,39.955385,hotel
poi_hotel.csv,驿居酒店,酒店住宿,其他,119.590788,39.957725,hotel
poi_hotel.csv,如家华驿精选酒店,酒店住宿,其他,119.591835,39.959061000000005,hotel
poi_hotel.csv,非繁城品酒店,酒店住宿,其他,119.601148,39.952773,hotel
poi_hotel.csv,尚客优连锁酒店,酒店住宿,其他,119.601686,39.94984,hotel
poi_hotel.csv,秦皇岛八佰杯旅馆,酒店住宿,其他,119.601611,39.949618,hotel
poi_hotel.csv,7天酒店,酒店住宿,舒适型酒店,119.596532,39.964604,hotel
poi_hotel.csv,格林豪泰,酒店住宿,其他,119.596631,39.964761,hotel
poi_hotel.csv,秦皇岛铁路公寓,酒店住宿,其他,119.595775,39.964442,hotel
poi_hotel.csv,秦皇岛西瓜开门电竞豪华酒店,酒店住宿,其他,119.598901,39.96471,hotel
poi_hotel.csv,恒大城湘江民宿,酒店住宿,舒适型酒店,119.594921,39.973835,hotel
poi_hotel.csv,房东宝柱的民宿,酒店住宿,其他,119.581754,39.970941,hotel
poi_hotel.csv,如家华驿酒店,酒店住宿,其他,119.606596,39.960464,hotel
poi_hotel.csv,惜缘居公寓,酒店住宿,其他,119.624024,39.953807,hotel
poi_hotel.csv,秦皇岛安妮色彩公寓,酒店住宿,其他,119.629252,39.95677,hotel
poi_hotel.csv,闲居公寓,酒店住宿,其他,119.633765,39.952919,hotel
poi_hotel.csv,小小暖民宿,酒店住宿,其他,119.641625,39.955018,hotel
poi_hotel.csv,XZGIVZE民宿,酒店住宿,其他,119.631986,39.955955,hotel
poi_hotel.csv,小太阳民宿a,酒店住宿,其他,119.632018,39.955888,hotel
poi_hotel.csv,XZGIVZE民宿,酒店住宿,其他,119.632006,39.955922,hotel
poi_hotel.csv,秦皇岛秦缘公寓,酒店住宿,其他,119.251766,39.881744000000005,hotel
poi_hotel.csv,抚宁秋果酒店,酒店住宿,其他,119.251949,39.879673,hotel
poi_hotel.csv,秦皇岛烨霖宾馆,酒店住宿,其他,119.252392,39.880996,hotel
poi_hotel.csv,尚客优酒店,酒店住宿,舒适型酒店,119.25311,39.889902,hotel
poi_hotel.csv,秦皇岛美吉公寓,酒店住宿,其他,119.249925,39.889511,hotel
poi_hotel.csv,恒悦公寓,酒店住宿,舒适型酒店,119.250196,39.892146,hotel
poi_hotel.csv,万鑫酒店,酒店住宿,其他,119.237632,39.894936,hotel
poi_hotel.csv,秦皇岛抚宁酒店,酒店住宿,其他,119.240384,39.894718,hotel
poi_hotel.csv,万澜豪华酒店,酒店住宿,其他,119.237291,39.895263,hotel
poi_hotel.csv,希曼花园酒店,酒店住宿,其他,119.420784,39.785853,hotel
poi_hotel.csv,翼图星耀海景酒店,酒店住宿,其他,119.421363,39.785425,hotel
poi_hotel.csv,南戴河时光海精品公寓豪华酒店,酒店住宿,其他,119.421306,39.784973,hotel
poi_hotel.csv,南戴河金海岸海景公寓,酒店住宿,其他,119.420312,39.783949,hotel
poi_hotel.csv,南戴河鑫海宾馆,酒店住宿,其他,119.420331,39.786134,hotel
poi_hotel.csv,杨宁豪华酒店,酒店住宿,其他,119.423144,39.786007,hotel
poi_hotel.csv,金海岸海景公寓酒店,酒店住宿,其他,119.420953,39.784731,hotel
poi_hotel.csv,南戴河金海岸遇见海景民宿,酒店住宿,其他,119.421199,39.785222000000005,hotel
poi_hotel.csv,靖海酒店,酒店住宿,其他,119.419812,39.784752000000005,hotel
poi_hotel.csv,南戴河听涛酒店,酒店住宿,其他,119.420083,39.786431,hotel
poi_hotel.csv,熙客海景公寓,酒店住宿,舒适型酒店,119.420321,39.783902,hotel
poi_hotel.csv,南戴河顺风观海豪华酒店,酒店住宿,其他,119.424661,39.787436,hotel
poi_hotel.csv,南戴河吉和酒店,酒店住宿,其他,119.425553,39.788533,hotel
poi_hotel.csv,三只鱼海景酒店,酒店住宿,其他,119.425263,39.788132,hotel
poi_hotel.csv,百合酒店,酒店住宿,其他,119.425151,39.788208,hotel
poi_hotel.csv,梧忧海墅度假别墅,酒店住宿,其他,119.424692,39.787609,hotel
poi_hotel.csv,花筑·米海景旅拍民宿酒店,酒店住宿,舒适型酒店,119.424943,39.78784,hotel
poi_hotel.csv,莫言莫语海景豪华酒店,酒店住宿,其他,119.426875,39.79235,hotel
poi_hotel.csv,美豪·怡致海景酒店,酒店住宿,其他,119.42966,39.792558,hotel
poi_hotel.csv,花筑·米莱酒店,酒店住宿,其他,119.424246,39.791593,hotel
poi_hotel.csv,国药康养南戴河康养社区,酒店住宿,其他,119.425474,39.792833,hotel
poi_hotel.csv,南戴河云屿海旅居基地,酒店住宿,舒适型酒店,119.427523,39.79074,hotel
poi_hotel.csv,罗曼汐亲子旅拍民宿,酒店住宿,其他,119.429343,39.792152,hotel
poi_hotel.csv,贺富强民宿,酒店住宿,其他,119.42734,39.790302,hotel
poi_hotel.csv,十米海海景酒店,酒店住宿,其他,119.425991,39.788878,hotel
poi_hotel.csv,花堇民宿,酒店住宿,舒适型酒店,119.426387,39.793779,hotel
poi_hotel.csv,如家·UP华驿精选酒店,酒店住宿,其他,119.418542,39.791033000000006,hotel
poi_hotel.csv,唯景海景公寓酒店,酒店住宿,其他,119.422984,39.792069000000005,hotel
poi_hotel.csv,云海风豪华酒店,酒店住宿,其他,119.422095,39.793235,hotel
poi_hotel.csv,北戴河溪汐民宿,酒店住宿,其他,119.406445,39.798167,hotel
poi_hotel.csv,聚缘民宿,酒店住宿,其他,119.40528,39.79549,hotel
poi_hotel.csv,女医生公寓,酒店住宿,其他,119.404992,39.798885000000006,hotel
poi_hotel.csv,刘春娜民宿,酒店住宿,其他,119.409508,39.795921,hotel
poi_hotel.csv,无忧无虑随缘公寓,酒店住宿,其他,119.406397,39.798205,hotel
poi_hotel.csv,南戴河近海温馨度假公寓电梯房水岸星城社区,酒店住宿,其他,119.411306,39.807486,hotel
poi_hotel.csv,安心公寓,酒店住宿,其他,119.413619,39.801715,hotel
poi_hotel.csv,北戴河海景公寓民宿,酒店住宿,其他,119.413053,39.801581,hotel
poi_hotel.csv,海天歌近仙螺岛蔚蓝海岸近阿那亚民宿,酒店住宿,其他,119.40908,39.806757,hotel
poi_hotel.csv,南戴河民宿,酒店住宿,其他,119.409907,39.806673,hotel
poi_hotel.csv,南戴河蘭姑娘民宿,酒店住宿,其他,119.409868,39.806836,hotel
poi_hotel.csv,戴河水岸公寓,酒店住宿,其他,119.409919,39.806653,hotel
poi_hotel.csv,南戴河幸福里三居室温馨短租民宿,酒店住宿,其他,119.41069,39.807095,hotel
poi_hotel.csv,南戴河幸福里短租民宿,酒店住宿,其他,119.409144,39.80660099999999,hotel
poi_hotel.csv,南戴河幸福里三居室温馨短租民宿,酒店住宿,其他,119.410708,39.807135,hotel
poi_hotel.csv,南戴河幸福里短租民宿,酒店住宿,其他,119.409134,39.806589,hotel
poi_hotel.csv,南戴河幸福里三居室温馨短租民宿,酒店住宿,其他,119.408379,39.806488,hotel
poi_hotel.csv,南戴河幸福里三居室温馨短租民宿,酒店住宿,其他,119.408439,39.806463,hotel
poi_hotel.csv,强哥民宿,酒店住宿,其他,119.41006,39.807497,hotel
poi_hotel.csv,7天酒店,酒店住宿,其他,119.421955,39.797581,hotel
poi_hotel.csv,瞰海海景民宿,酒店住宿,舒适型酒店,119.422593,39.795974,hotel
poi_hotel.csv,45度倚海豪华酒店,酒店住宿,其他,119.423194,39.795929,hotel
poi_hotel.csv,福安悦客别墅胖姐,酒店住宿,其他,119.422316,39.798296,hotel
poi_hotel.csv,戴河四季花园度假豪华酒店,酒店住宿,其他,119.428715,39.799259,hotel
poi_hotel.csv,伴岛美庐·设计师民宿,酒店住宿,其他,119.428855,39.799393,hotel
poi_hotel.csv,南戴河双雨小筑,酒店住宿,其他,119.425658,39.795186,hotel
poi_hotel.csv,自由女神1115公寓,酒店住宿,其他,119.426326,39.796315,hotel
poi_hotel.csv,碧海家园民宿酒店,酒店住宿,其他,119.426239,39.796081,hotel
poi_hotel.csv,松宝贝之家公寓,酒店住宿,其他,119.426125,39.801609,hotel
poi_hotel.csv,秦皇岛赵先生公寓,酒店住宿,其他,119.426002,39.801662,hotel
poi_hotel.csv,秦皇岛晗晗宝贝6公寓,酒店住宿,其他,119.426136,39.801544,hotel
poi_hotel.csv,茶山饮冰公寓,酒店住宿,其他,119.426164,39.801588,hotel
poi_hotel.csv,秦皇岛紫澜公寓,酒店住宿,其他,119.417478,39.80392,hotel
poi_hotel.csv,南戴河螃蟹民宿酒店,酒店住宿,其他,119.418413,39.802893000000005,hotel
poi_hotel.csv,超奈斯别墅民宿,酒店住宿,其他,119.417768,39.803376,hotel
poi_hotel.csv,你的旅游小向导民宿,酒店住宿,其他,119.417992,39.803202,hotel
poi_hotel.csv,陈久彬民宿酒店,酒店住宿,其他,119.420132,39.804776,hotel
poi_hotel.csv,南戴河临海民宿酒店,酒店住宿,舒适型酒店,119.420904,39.803705,hotel
poi_hotel.csv,子昂民宿,酒店住宿,舒适型酒店,119.420742,39.803968,hotel
poi_hotel.csv,南戴河临海观潮大两居新高层家庭公寓,酒店住宿,其他,119.419054,39.802538000000006,hotel
poi_hotel.csv,南戴河临海观潮大两居新高层家庭公寓,酒店住宿,舒适型酒店,119.418973,39.802546,hotel
poi_hotel.csv,元民宿酒店,酒店住宿,舒适型酒店,119.420804,39.804281,hotel
poi_hotel.csv,北戴河暖心智能客栈,酒店住宿,舒适型酒店,119.420633,39.848831,hotel
poi_hotel.csv,如初豪华酒店,酒店住宿,其他,119.420432,39.849358,hotel
poi_hotel.csv,北戴河盛世宾馆电梯客房,酒店住宿,其他,119.420699,39.849429,hotel
poi_hotel.csv,秦皇岛翰林快捷假日豪华酒店,酒店住宿,其他,119.420967,39.849483,hotel
poi_hotel.csv,北戴河沐风民宿,酒店住宿,其他,119.42656,39.857829,hotel
poi_hotel.csv,AI尚家民宿,酒店住宿,其他,119.429509,39.854902,hotel
poi_hotel.csv,漫时光民宿酒店,酒店住宿,舒适型酒店,119.427584,39.858146000000005,hotel
poi_hotel.csv,小岛海景民宿,酒店住宿,其他,119.265422,39.871224,hotel
poi_hotel.csv,青龙美禾民宿酒店,酒店住宿,其他,118.952142,40.403037,hotel
poi_hotel.csv,青龙万豪豪华酒店大堂,酒店住宿,其他,118.937486,40.400989,hotel
poi_hotel.csv,青龙锦兴酒店,酒店住宿,其他,118.966729,40.408572,hotel
poi_hotel.csv,昌黎玲玲晟禾公寓,酒店住宿,其他,119.159875,39.696481,hotel
poi_hotel.csv,昌黎德记轩酒店,酒店住宿,其他,119.166849,39.706756000000006,hotel
poi_hotel.csv,文峰酒店,酒店住宿,其他,119.167363,39.706049,hotel
poi_hotel.csv,昌黎蓝岛快捷酒店,酒店住宿,其他,119.165227,39.713839,hotel
poi_hotel.csv,如家派柏·云酒店,酒店住宿,舒适型酒店,119.166195,39.715206,hotel
poi_hotel.csv,边海人家轻奢精品民宿酒店,酒店住宿,其他,119.187767,39.718122,hotel
poi_hotel.csv,兴龙银座民宿,酒店住宿,其他,119.187626,39.718709,hotel
poi_hotel.csv,安静日租民宿,酒店住宿,其他,119.188248,39.718838,hotel
poi_hotel.csv,花筑·北戴河汐山瞰海民宿,酒店住宿,其他,119.482967,39.821542,hotel
poi_hotel.csv,北戴河如你所院民宿酒店,酒店住宿,其他,119.481986,39.82198,hotel
poi_hotel.csv,花筑·北戴河栖心精品民宿,酒店住宿,其他,119.481424,39.822532,hotel
poi_hotel.csv,秦皇岛付柏坡酒店,酒店住宿,其他,119.481505,39.822743,hotel
poi_hotel.csv,北戴河小颖民宿,酒店住宿,舒适型酒店,119.480471,39.823036,hotel
poi_hotel.csv,翠艳悠悠民宿,酒店住宿,其他,119.482666,39.822214,hotel
poi_hotel.csv,哲慧客栈,酒店住宿,舒适型酒店,119.481277,39.823657,hotel
poi_hotel.csv,北戴河邓素芝酒店,酒店住宿,舒适型酒店,119.481077,39.822159,hotel
poi_hotel.csv,北戴河于亚滨酒店,酒店住宿,舒适型酒店,119.482,39.823088,hotel
poi_hotel.csv,暖意小院民宿,酒店住宿,其他,119.48122,39.821101,hotel
poi_hotel.csv,萍姐民宿,酒店住宿,舒适型酒店,119.482135,39.823727,hotel
poi_hotel.csv,顺盛宾馆,酒店住宿,其他,119.485199,39.821989,hotel
poi_hotel.csv,北戴河春华旅馆,酒店住宿,其他,119.484109,39.823111,hotel
poi_hotel.csv,北戴河苏通旅馆,酒店住宿,舒适型酒店,119.483126,39.822071,hotel
poi_hotel.csv,北戴河晋晋旅馆,酒店住宿,舒适型酒店,119.483826,39.822728,hotel
poi_hotel.csv,北戴河佳欢民宿酒店,酒店住宿,舒适型酒店,119.483554,39.82293000000001,hotel
poi_hotel.csv,北戴河华飞酒店,酒店住宿,舒适型酒店,119.483991,39.822991,hotel
poi_hotel.csv,尚善康养豪华酒店,酒店住宿,舒适型酒店,119.48567,39.825101,hotel
poi_hotel.csv,澜天一舍loft主题海景公寓,酒店住宿,其他,119.484902,39.824711,hotel
poi_hotel.csv,竹水谣·秦溪空中花园民宿,酒店住宿,舒适型酒店,119.485235,39.826818,hotel
poi_hotel.csv,海之源旅馆,酒店住宿,舒适型酒店,119.483111,39.824999,hotel
poi_hotel.csv,巷往墨香旅馆,酒店住宿,舒适型酒店,119.48368,39.825277,hotel
poi_hotel.csv,北戴河羽诺精品民宿,酒店住宿,其他,119.481214,39.824233,hotel
poi_hotel.csv,北戴河小岛遇见海精品民宿酒店,酒店住宿,其他,119.482154,39.824761,hotel
poi_hotel.csv,北戴河朴遇民宿,酒店住宿,其他,119.482015,39.824103,hotel
poi_hotel.csv,北戴河义滨酒店,酒店住宿,其他,119.480708,39.824671,hotel
poi_hotel.csv,北戴河阳光小屋民宿,酒店住宿,舒适型酒店,119.482404,39.824803,hotel
poi_hotel.csv,北戴河任春侠酒店,酒店住宿,舒适型酒店,119.481047,39.825233,hotel
poi_hotel.csv,北戴河sala私人豪华酒店,酒店住宿,其他,119.481559,39.828005,hotel
poi_hotel.csv,澜曦阁民宿酒店,酒店住宿,其他,119.485428,39.828002,hotel
poi_hotel.csv,秦皇岛秀娥酒店,酒店住宿,其他,119.485959,39.82801,hotel
poi_hotel.csv,北戴河美娟酒店,酒店住宿,舒适型酒店,119.485999,39.827938,hotel
poi_hotel.csv,北戴河逐浪酒店,酒店住宿,舒适型酒店,119.485716,39.828036,hotel
poi_hotel.csv,竹水谣爱琴海风情亲子民宿,酒店住宿,其他,119.485141,39.827062,hotel
poi_hotel.csv,小太阳旅之驿酒店,酒店住宿,其他,119.484815,39.82831,hotel
poi_hotel.csv,睿卿民宿酒店,酒店住宿,舒适型酒店,119.485636,39.827569,hotel
poi_hotel.csv,北戴河蓝半旅馆,酒店住宿,舒适型酒店,119.48586,39.827887,hotel
poi_hotel.csv,张江华公寓,酒店住宿,其他,119.610965,39.941144,hotel
poi_hotel.csv,易龙宾馆,酒店住宿,其他,119.607375,39.940146,hotel
poi_hotel.csv,房东小习球公寓,酒店住宿,其他,119.611707,39.936323,hotel
poi_hotel.csv,秦皇岛帝森商务酒店,酒店住宿,其他,119.616157,39.93682,hotel
poi_hotel.csv,全季酒店,酒店住宿,其他,119.614352,39.942237,hotel
poi_hotel.csv,亲亲我的小屋民宿,酒店住宿,其他,119.612922,39.941639,hotel
poi_hotel.csv,布丁严选酒店,酒店住宿,其他,119.612119,39.94312,hotel
poi_hotel.csv,百味商务酒店,酒店住宿,舒适型酒店,119.609169,39.948158,hotel
poi_hotel.csv,秦皇岛嘉逸豪华酒店,酒店住宿,其他,119.607308,39.948881,hotel
poi_hotel.csv,秦皇岛夏都花园豪华酒店,酒店住宿,舒适型酒店,119.588771,39.933322,hotel
poi_hotel.csv,秦域哆啦电竞酒店,酒店住宿,其他,119.588705,39.93331,hotel
poi_hotel.csv,晟景酒店,酒店住宿,其他,119.603948,39.934331,hotel
poi_hotel.csv,秦皇岛枣香酒店,酒店住宿,其他,119.599796,39.934655,hotel
poi_hotel.csv,都市花园酒店,酒店住宿,其他,119.597355,39.932943,hotel
poi_hotel.csv,云裳豪华酒店,酒店住宿,其他,119.598026,39.94185,hotel
poi_hotel.csv,臻客酒店,酒店住宿,其他,119.598472,39.941878,hotel
poi_hotel.csv,半岛四季豪华酒店,酒店住宿,豪华型酒店,119.603586,39.93645,hotel
poi_hotel.csv,秦皇岛尚宫丽呈酒店,酒店住宿,其他,119.603254,39.936243000000005,hotel
poi_hotel.csv,如家华驿酒店,酒店住宿,其他,119.60314,39.936636,hotel
poi_hotel.csv,半岛四季豪华酒店大堂,酒店住宿,豪华型酒店,119.603682,39.936417,hotel
poi_hotel.csv,秋鑫酒店,酒店住宿,其他,119.599552,39.94176,hotel
poi_hotel.csv,汉庭酒店,酒店住宿,其他,119.59507,39.946268,hotel
poi_hotel.csv,小幸运0335公寓,酒店住宿,其他,119.585147,39.940706000000006,hotel
poi_hotel.csv,港城爱家民宿,酒店住宿,其他,119.588387,39.941637,hotel
poi_hotel.csv,秦皇岛涵舍民宿酒店,酒店住宿,其他,119.588477,39.941579,hotel
poi_hotel.csv,芯航民宿,酒店住宿,其他,119.571988,39.932437,hotel
poi_hotel.csv,浪漫温馨小屋干净舒适.,酒店住宿,其他,119.56717,39.937087,hotel
poi_hotel.csv,尚岛网咖,酒店住宿,其他,119.544831,39.906248,hotel
poi_hotel.csv,季风之旅宾馆,酒店住宿,其他,119.545014,39.904862,hotel
poi_hotel.csv,创客之家酒店,酒店住宿,其他,119.545032,39.904042,hotel
poi_hotel.csv,金同正快捷宾馆,酒店住宿,其他,119.544811,39.905001000000006,hotel
poi_hotel.csv,喆啡酒店,酒店住宿,其他,119.548411,39.905442,hotel
poi_hotel.csv,庞玲公寓,酒店住宿,其他,119.548197,39.904352,hotel
poi_hotel.csv,瓶宿星辰公寓,酒店住宿,其他,119.546025,39.905702,hotel
poi_hotel.csv,秦Li家尊享seascape民宿,酒店住宿,其他,119.546723,39.908486,hotel
poi_hotel.csv,秦皇岛茂业天地·佳一轻奢公寓,酒店住宿,其他,119.546771,39.908358,hotel
poi_hotel.csv,君怡公寓,酒店住宿,舒适型酒店,119.546766,39.908522000000005,hotel
poi_hotel.csv,夜渡·壹号海景公寓酒店,酒店住宿,舒适型酒店,119.546727,39.908368,hotel
poi_hotel.csv,秦皇岛雅缦高空海景酒店,酒店住宿,其他,119.547214,39.90797,hotel
poi_hotel.csv,美夜优品海景民宿,酒店住宿,舒适型酒店,119.544783,39.908743,hotel
poi_hotel.csv,浅浅民宿酒店,酒店住宿,舒适型酒店,119.544817,39.907778,hotel
poi_hotel.csv,维也纳智好酒店,酒店住宿,其他,119.531329,39.921584,hotel
poi_hotel.csv,·如家便捷酒店,酒店住宿,其他,119.530032,39.922812,hotel
poi_hotel.csv,蔷薇小筑1,酒店住宿,其他,119.742703,39.998899,hotel
poi_hotel.csv,退伍军人日租房民宿,酒店住宿,其他,119.755206,39.996411,hotel
poi_hotel.csv,锦江之星酒店,酒店住宿,舒适型酒店,119.760082,39.997462,hotel
poi_hotel.csv,山海关遇见你民宿,酒店住宿,其他,119.755107,39.998812,hotel
poi_hotel.csv,秦皇岛娜麽好公寓,酒店住宿,其他,119.755353,39.998791,hotel
poi_hotel.csv,山海关古城小院,酒店住宿,其他,119.757378,39.997753,hotel
poi_hotel.csv,退伍军人日租房民宿,酒店住宿,其他,119.756994,40.001268,hotel
poi_hotel.csv,山海关古城小院印家18,酒店住宿,舒适型酒店,119.75529,40.00255,hotel
poi_hotel.csv,山海关日租房民宿,酒店住宿,其他,119.757015,40.001293,hotel
poi_hotel.csv,忆昔民宿,酒店住宿,舒适型酒店,119.759323,40.006216,hotel
poi_hotel.csv,一庭民宿,酒店住宿,舒适型酒店,119.760041,40.006150000000005,hotel
poi_hotel.csv,来民宿酒店,酒店住宿,舒适型酒店,119.760743,40.003777,hotel
poi_hotel.csv,秦皇岛丁家民宿酒店,酒店住宿,舒适型酒店,119.75804,40.005345,hotel
poi_hotel.csv,古城惠姐民宿,酒店住宿,其他,119.757735,40.005256,hotel
poi_hotel.csv,秦皇岛香樟民宿酒店,酒店住宿,舒适型酒店,119.760517,40.006258,hotel
poi_hotel.csv,枫铃驿站,酒店住宿,其他,119.75473,40.005074,hotel
poi_hotel.csv,汉庭酒店,酒店住宿,舒适型酒店,119.762089,40.001251,hotel
poi_hotel.csv,信谊酒店,酒店住宿,其他,119.766061,40.001651,hotel
poi_hotel.csv,夕霞小筑二部,酒店住宿,其他,119.765152,40.000434,hotel
poi_hotel.csv,桂友酒店,酒店住宿,其他,119.766221,40.002602,hotel
poi_hotel.csv,房东英子公寓,酒店住宿,其他,119.764456,40.001961,hotel
poi_hotel.csv,静鑫阁名宿,酒店住宿,其他,119.764444,40.006122000000005,hotel
poi_hotel.csv,XH豪华酒店,酒店住宿,其他,119.764174,40.004052,hotel
poi_hotel.csv,吉家酒店,酒店住宿,其他,119.764984,40.003787,hotel
poi_hotel.csv,电竞Vx豪华酒店,酒店住宿,其他,119.7641,40.00405,hotel
poi_hotel.csv,钱多多民宿酒店,酒店住宿,舒适型酒店,119.763518,40.004747,hotel
poi_hotel.csv,浮生阁,酒店住宿,其他,119.761696,40.004797,hotel
poi_hotel.csv,山海关我想静静民宿,酒店住宿,其他,119.761159,40.00601,hotel
poi_hotel.csv,秦皇岛喜窝小栈,酒店住宿,其他,119.761031,40.00501,hotel
poi_hotel.csv,恬院民宿,酒店住宿,其他,119.762066,40.006288,hotel
poi_hotel.csv,如流民宿酒店,酒店住宿,舒适型酒店,119.76143,40.003801,hotel
poi_hotel.csv,得闲雅舍民宿,酒店住宿,舒适型酒店,119.762911,40.005193,hotel
poi_hotel.csv,房东孟凡伟公寓,酒店住宿,其他,119.57028,39.949918,hotel
poi_hotel.csv,海优驿ETUDE公寓,酒店住宿,其他,119.567346,39.953335,hotel
poi_hotel.csv,航飞豪华酒店,酒店住宿,其他,119.576279,39.959988,hotel
poi_hotel.csv,星程秦皇岛天水草堂豪华酒店大堂,酒店住宿,舒适型酒店,119.585092,39.949024,hotel
poi_hotel.csv,前研公寓,酒店住宿,其他,119.592087,39.950496,hotel
poi_hotel.csv,JING·平顶松电竞酒店,酒店住宿,其他,119.586162,39.954271000000006,hotel
poi_hotel.csv,海的眷恋民宿,酒店住宿,其他,119.597761,39.951404,hotel
poi_hotel.csv,华驿酒店,酒店住宿,其他,119.592904,39.954886,hotel
poi_hotel.csv,雅熙豪华酒店,酒店住宿,其他,119.592878,39.955032,hotel
poi_hotel.csv,舒客尊享便捷酒店,酒店住宿,其他,119.622789,39.949084,hotel
poi_hotel.csv,刘春娜民宿,酒店住宿,其他,119.412435,39.795994,hotel
poi_hotel.csv,安心姐民宿,酒店住宿,其他,119.412042,39.797322,hotel
poi_hotel.csv,嗨途公寓,酒店住宿,其他,119.412529,39.797558,hotel
poi_hotel.csv,聚缘民宿,酒店住宿,其他,119.412327,39.796302,hotel
poi_hotel.csv,秀梅民宿酒店,酒店住宿,舒适型酒店,119.412199,39.796299000000005,hotel
poi_hotel.csv,君越海边房东民宿,酒店住宿,其他,119.412548,39.797524,hotel
poi_hotel.csv,南戴河避暑花园达致民宿,酒店住宿,其他,119.412293,39.796415,hotel
poi_hotel.csv,福安悦客别墅胖姐,酒店住宿,其他,119.414538,39.795271,hotel
poi_hotel.csv,顺利一生公寓,酒店住宿,其他,119.416681,39.794932,hotel
poi_hotel.csv,南戴河孙阿姨民宿,酒店住宿,其他,119.415233,39.797489,hotel
poi_hotel.csv,房东小静公寓,酒店住宿,其他,119.411848,39.799205,hotel
poi_hotel.csv,刘庄夜市商业步行街公寓,酒店住宿,舒适型酒店,119.41398,39.80027,hotel
poi_hotel.csv,南戴河小张公寓,酒店住宿,其他,119.412044,39.799006,hotel
poi_hotel.csv,青龙大楼酒店,酒店住宿,其他,118.947999,40.406402,hotel
poi_hotel.csv,青龙酒店,酒店住宿,其他,118.948092,40.407911,hotel
poi_hotel.csv,青龙淑玉公寓,酒店住宿,其他,118.9562,40.406163,hotel
poi_hotel.csv,青龙二百酒店,酒店住宿,其他,118.957611,40.408072,hotel
poi_hotel.csv,如家华驿系列-秦皇岛太阳城商业步行街驿禾酒店,酒店住宿,其他,119.607769,39.930976,hotel
poi_hotel.csv,微光·云影墅,酒店住宿,其他,119.605593,39.933188,hotel
poi_hotel.csv,如家酒店·neo,酒店住宿,舒适型酒店,119.606342,39.933878,hotel
poi_hotel.csv,隐于市·城宿,酒店住宿,其他,119.60698,39.934182,hotel
poi_hotel.csv,蔚蓝假日酒店,酒店住宿,其他,119.607078,39.935511000000005,hotel
poi_hotel.csv,三只猫青旅,酒店住宿,青旅,119.605104,39.934886000000006,hotel
poi_hotel.csv,秦皇岛十六家房客民宿酒店,酒店住宿,其他,119.605234,39.935197,hotel
poi_hotel.csv,秦皇岛雅客豪华酒店式公寓,酒店住宿,舒适型酒店,119.6042,39.932101,hotel
poi_hotel.csv,汉庭酒店,酒店住宿,其他,119.60301,39.932337,hotel
poi_hotel.csv,温泉酒店,酒店住宿,其他,119.054457,39.713225,hotel
poi_hotel.csv,秦皇岛任起祥鱼家院,酒店住宿,其他,119.76321,39.964434,hotel
poi_hotel.csv,迎宾餐馆宾馆,酒店住宿,其他,119.44053,40.225085,hotel
poi_hotel.csv,葡萄沟老树葡萄庄园,酒店住宿,其他,119.117667,39.756915,hotel
poi_hotel.csv,昌黎县北枫葡萄庄园,酒店住宿,其他,119.114492,39.757646,hotel
poi_hotel.csv,昌黎酒酣农家院,酒店住宿,其他,119.117404,39.765583,hotel
poi_hotel.csv,昌黎葡萄沟和平饭庄,酒店住宿,其他,119.118583,39.766456000000005,hotel
poi_hotel.csv,正亮农家院,酒店住宿,其他,119.295699,39.698792000000005,hotel
poi_hotel.csv,昌黎黄金海岸如意农家院,酒店住宿,其他,119.295296,39.705925,hotel
poi_hotel.csv,山海关望海度假村(老龙头店),酒店住宿,其他,119.798625,39.973796,hotel
poi_hotel.csv,秦皇岛嘉璇农家院,酒店住宿,其他,119.76713,39.9646,hotel
poi_hotel.csv,山海关李红亮农家院(乐岛海洋王国店),酒店住宿,其他,119.765334,39.963058,hotel
poi_hotel.csv,秦皇岛海兴渔家院(山海关乐岛店),酒店住宿,其他,119.766205,39.963284,hotel
poi_hotel.csv,秦皇岛客之家农家院,酒店住宿,其他,119.765973,39.962787,hotel
poi_hotel.csv,山海关海丰渔家院,酒店住宿,其他,119.761106,39.961251,hotel
poi_hotel.csv,河北省总工会北戴河工人疗养院(东三路),酒店住宿,其他,119.522105,39.817811,hotel
poi_hotel.csv,天津市北戴河工人疗养院,酒店住宿,其他,119.521372,39.819305,hotel
poi_hotel.csv,夏至·亲子度假村(北戴河刘庄夜市店),酒店住宿,其他,119.506647,39.822777,hotel
poi_hotel.csv,黑龙江省北戴河劳模疗养院,酒店住宿,其他,119.511598,39.823695,hotel
poi_hotel.csv,中国煤矿工人北戴河疗养院,酒店住宿,其他,119.486368,39.815212,hotel
poi_hotel.csv,北戴河交通疗养院(中海滩路),酒店住宿,其他,119.497984,39.816804,hotel
poi_hotel.csv,开滦休养中心,酒店住宿,其他,119.527074,39.816073,hotel
poi_hotel.csv,河北省北戴河干部疗养院,酒店住宿,其他,119.447152,39.809435,hotel
poi_hotel.csv,河北省北戴河干部疗养院,酒店住宿,其他,119.44705,39.809543,hotel
poi_hotel.csv,国家邮政局南戴河培训中心,酒店住宿,其他,119.432902,39.794748,hotel
poi_hotel.csv,如家快捷酒店,酒店住宿,舒适型酒店,119.59229,39.961161,hotel
poi_hotel.csv,金广快捷酒店,酒店住宿,舒适型酒店,119.595522,39.950616,hotel
poi_hotel.csv,秦皇岛云峰宾馆,酒店住宿,舒适型酒店,119.564355,39.918199,hotel
poi_hotel.csv,秦皇岛君安时尚酒店,酒店住宿,舒适型酒店,119.578596,39.95389,hotel
poi_hotel.csv,尚客优连锁酒店,酒店住宿,舒适型酒店,119.548826,39.906819,hotel
poi_hotel.csv,秦皇岛北戴河喜来登酒店,酒店住宿,豪华型酒店,119.510435,39.826568,hotel
poi_hotel.csv,秦皇岛海景开元酒店,酒店住宿,豪华型酒店,119.624857,39.916843,hotel
poi_hotel.csv,渔岛菲奢尔海景温泉酒店,酒店住宿,豪华型酒店,119.284578,39.603594,hotel
poi_hotel.csv,北戴河交通疗养院,酒店住宿,舒适型酒店,119.497583,39.817262,hotel
poi_hotel.csv,渔岛菲奢尔度假酒店,酒店住宿,高档型酒店,119.278676,39.597242,hotel
poi_hotel.csv,阿卡小镇.黄金海岸汤泉度假酒店,酒店住宿,舒适型酒店,119.337726,39.717415,hotel
poi_hotel.csv,南戴河荣盛-一杯澜海景度假酒店,酒店住宿,高档型酒店,119.388494,39.764221,hotel
poi_hotel.csv,秦皇岛近海休闲度假别墅,酒店住宿,舒适型酒店,119.333221,39.711063,hotel
poi_hotel.csv,阿那亚安澜酒店,酒店住宿,豪华型酒店,119.315914,39.651212,hotel
poi_hotel.csv,北戴河云天海滩假日酒店,酒店住宿,舒适型酒店,119.517089,39.849041,hotel
poi_hotel.csv,秦皇岛海盛花园酒店,酒店住宿,高档型酒店,119.786682,39.975752,hotel
poi_hotel.csv,秦皇岛半岛四季酒店,酒店住宿,豪华型酒店,119.603459,39.936332,hotel
poi_hotel.csv,北戴河宣和酒店,酒店住宿,舒适型酒店,119.489531,39.817898,hotel
poi_hotel.csv,秦皇岛首旅京伦酒店,酒店住宿,高档型酒店,119.558257,39.907354,hotel
poi_hotel.csv,河北省煤矿职工北戴河休养院,酒店住宿,舒适型酒店,119.500715,39.823984,hotel
poi_hotel.csv,秦皇岛香格里拉酒店,酒店住宿,豪华型酒店,119.555578,39.902964,hotel
poi_hotel.csv,北戴河赵颖旅馆,酒店住宿,舒适型酒店,119.488375,39.821678,hotel
poi_hotel.csv,北戴河小螺号宾馆,酒店住宿,舒适型酒店,119.504396,39.822677,hotel
poi_hotel.csv,秦皇岛海云阁酒店,酒店住宿,舒适型酒店,119.421774,39.81512,hotel
poi_hotel.csv,南戴河长城酒店度假村,酒店住宿,舒适型酒店,119.338753,39.710811,hotel
poi_hotel.csv,北戴河镇山快捷宾馆,酒店住宿,舒适型酒店,119.482981,39.819512,hotel
poi_hotel.csv,北戴河君兰旅馆,酒店住宿,舒适型酒店,119.483877,39.822715,hotel
poi_hotel.csv,北戴河望汐-乐园酒店,酒店住宿,舒适型酒店,119.515896,39.849249,hotel
poi_hotel.csv,北戴河立仙旅馆,酒店住宿,舒适型酒店,119.477571,39.825429,hotel
poi_hotel.csv,北戴河月昇宾馆,酒店住宿,舒适型酒店,119.477141,39.818451,hotel
poi_hotel.csv,北戴河亮仔民宿,酒店住宿,舒适型酒店,119.416907,39.814363,hotel
poi_hotel.csv,北戴河君成民宿,酒店住宿,舒适型酒店,119.494369,39.837887,hotel
poi_hotel.csv,北戴河高雅君旅馆,酒店住宿,舒适型酒店,119.505389,39.823111,hotel
poi_hotel.csv,北戴河海缘之家旅馆,酒店住宿,舒适型酒店,119.506018,39.827269,hotel
poi_hotel.csv,秦皇岛北戴河日光海岸旅社,酒店住宿,舒适型酒店,119.481939,39.824172,hotel
poi_hotel.csv,北戴河维景旅馆,酒店住宿,舒适型酒店,119.4479,39.810935,hotel
poi_hotel.csv,北京铁路局北戴河疗养院,酒店住宿,舒适型酒店,119.477579,39.820831,hotel
poi_hotel.csv,秦皇岛森林逸城看海公寓,酒店住宿,舒适型酒店,119.531987,39.897151,hotel
poi_hotel.csv,秦皇岛东顺旅馆,酒店住宿,舒适型酒店,119.559744,39.91589,hotel
poi_hotel.csv,秦皇岛佳伦酒店,酒店住宿,舒适型酒店,119.591869,39.961064,hotel
poi_hotel.csv,秦皇岛永吉1号海景公寓,酒店住宿,舒适型酒店,119.529325,39.890157,hotel
poi_hotel.csv,秦皇岛新世佳快捷宾馆,酒店住宿,舒适型酒店,119.817989,39.989635,hotel
poi_hotel.csv,北戴河御墅龙湾酒店式公寓,酒店住宿,舒适型酒店,119.502287,39.818916,hotel
poi_hotel.csv,北戴河滨客隆宾馆,酒店住宿,舒适型酒店,119.487785,39.823337,hotel
poi_hotel.csv,秦皇岛幸福起航海景假日公寓,酒店住宿,舒适型酒店,119.572322,39.910893,hotel
poi_hotel.csv,秦皇岛秦皇国际怡海公寓,酒店住宿,舒适型酒店,119.564832,39.910359,hotel
poi_hotel.csv,秦皇岛潮海巢宾馆,酒店住宿,舒适型酒店,119.55832,39.906971,hotel
poi_hotel.csv,秦皇岛创客之家宾馆,酒店住宿,舒适型酒店,119.545181,39.904239,hotel
poi_hotel.csv,北戴河中铁总公司休养所,酒店住宿,舒适型酒店,119.475709,39.821805,hotel
poi_hotel.csv,北戴河金山精品酒店,酒店住宿,舒适型酒店,119.522367,39.821442,hotel
poi_hotel.csv,秦皇岛迎宾假日酒店,酒店住宿,舒适型酒店,119.816461,39.989782,hotel
poi_hotel.csv,北戴河佳欢民宿,酒店住宿,舒适型酒店,119.48328,39.82544,hotel
poi_hotel.csv,北戴河信珍民宿,酒店住宿,舒适型酒店,119.430723,39.851703,hotel
poi_hotel.csv,秦皇岛心若海景公寓-酒店,酒店住宿,舒适型酒店,119.558474,39.915401,hotel
poi_hotel.csv,秦皇岛世纪海洋花园田丰家庭公寓,酒店住宿,舒适型酒店,119.543956,39.900963,hotel
poi_hotel.csv,秦皇岛秦皇国际大海假日酒店式公寓,酒店住宿,舒适型酒店,119.565359,39.910389,hotel
poi_hotel.csv,秦皇岛鹏亮宾馆,酒店住宿,舒适型酒店,119.420971,39.849402,hotel
poi_hotel.csv,北戴河义瑞民宿,酒店住宿,舒适型酒店,119.487707,39.835086,hotel
poi_hotel.csv,北戴河海滨度假村,酒店住宿,舒适型酒店,119.503496,39.81851,hotel
poi_hotel.csv,秦皇岛雅之家快捷宾馆,酒店住宿,舒适型酒店,119.76616,40.001958,hotel
poi_hotel.csv,秦皇岛优优家快捷宾馆,酒店住宿,舒适型酒店,119.603111,39.929175,hotel
poi_hotel.csv,秦皇岛吐司酒店,酒店住宿,舒适型酒店,119.615994,39.941402,hotel
poi_hotel.csv,秦皇岛鑫荣旅馆,酒店住宿,舒适型酒店,119.425061,39.798015,hotel
poi_hotel.csv,秦皇岛银海精品酒店,酒店住宿,舒适型酒店,119.534678,39.928509,hotel
poi_hotel.csv,秦皇岛印象海景公寓联盟酒店,酒店住宿,舒适型酒店,119.557459,39.914944,hotel
poi_hotel.csv,山海关梦游五百里快捷酒店,酒店住宿,舒适型酒店,119.707832,39.987109,hotel
poi_hotel.csv,布丁连锁酒店,酒店住宿,舒适型酒店,119.55721,39.925736,hotel
poi_hotel.csv,北戴河美都饭店,酒店住宿,舒适型酒店,119.486167,39.817683,hotel
poi_hotel.csv,北戴河赵露民宿,酒店住宿,舒适型酒店,119.468412,39.839288,hotel
poi_hotel.csv,秦皇岛半岛日租公寓,酒店住宿,舒适型酒店,119.523633,39.901123,hotel
poi_hotel.csv,秦皇岛润杨酒店,酒店住宿,舒适型酒店,119.573878,39.946531,hotel
poi_hotel.csv,秦皇岛丽都国际酒店,酒店住宿,高档型酒店,119.592464,39.937166,hotel
poi_hotel.csv,秦皇岛百味商务酒店,酒店住宿,舒适型酒店,119.609055,39.948116,hotel
poi_hotel.csv,天津市北戴河工人疗养院,酒店住宿,高档型酒店,119.521809,39.821036,hotel
poi_hotel.csv,秦皇岛鸣岐酒店,酒店住宿,舒适型酒店,119.539378,39.919001,hotel
poi_hotel.csv,秦皇岛御品星程酒店,酒店住宿,舒适型酒店,119.547429,39.916126,hotel
poi_hotel.csv,秦皇岛港口宾馆,酒店住宿,舒适型酒店,119.608223,39.919878,hotel
poi_hotel.csv,北戴河云帆宾馆,酒店住宿,舒适型酒店,119.477244,39.818205,hotel
poi_hotel.csv,北戴河海洋花园别墅度假村,酒店住宿,舒适型酒店,119.541664,39.893525,hotel
poi_hotel.csv,秦皇岛广顺酒店,酒店住宿,舒适型酒店,119.523139,39.929823,hotel
poi_hotel.csv,如家商旅酒店,酒店住宿,舒适型酒店,119.599526,39.932331,hotel
poi_hotel.csv,秦皇岛山海关假日蓝湾海景公寓,酒店住宿,舒适型酒店,119.805151,39.980182,hotel
poi_hotel.csv,外交人员北戴河宾馆,酒店住宿,舒适型酒店,119.48887,39.815674,hotel
poi_hotel.csv,锦江之星,酒店住宿,舒适型酒店,119.594918,39.946231,hotel
poi_hotel.csv,秦皇岛旺客旅店,酒店住宿,舒适型酒店,119.601894,39.929977,hotel
poi_hotel.csv,秦皇岛国际海员俱乐部,酒店住宿,舒适型酒店,119.60316,39.919443,hotel
poi_hotel.csv,秦皇岛城市印象度假公寓,酒店住宿,舒适型酒店,119.767484,39.984004,hotel
poi_hotel.csv,秦皇岛桃园宾馆,酒店住宿,舒适型酒店,119.615675,39.9442,hotel
poi_hotel.csv,秦皇岛巴里岛假日酒店,酒店住宿,舒适型酒店,119.526643,39.926348,hotel
poi_hotel.csv,秦皇岛金坤公寓,酒店住宿,舒适型酒店,119.603852,39.931644,hotel
poi_hotel.csv,北戴河伊健民宿,酒店住宿,舒适型酒店,119.47809,39.822931,hotel
poi_hotel.csv,北戴河良辰美景旅馆,酒店住宿,舒适型酒店,119.507229,39.827658,hotel
poi_hotel.csv,北戴河海源宾馆,酒店住宿,舒适型酒店,119.473723,39.826124,hotel
poi_hotel.csv,秦皇岛湾海一号金海洋度假海景公寓,酒店住宿,舒适型酒店,119.572308,39.911268,hotel
poi_hotel.csv,秦皇岛逅岛度假酒店,酒店住宿,舒适型酒店,119.557013,39.926821,hotel
poi_hotel.csv,秦皇岛军缘快捷酒店,酒店住宿,舒适型酒店,119.547531,39.907214,hotel
poi_hotel.csv,北戴河怡海度假公寓,酒店住宿,舒适型酒店,119.50488,39.831094,hotel
poi_hotel.csv,秦皇岛优蜜快捷宾馆,酒店住宿,舒适型酒店,119.552402,39.931558,hotel
poi_hotel.csv,秦皇岛好到家快捷宾馆,酒店住宿,舒适型酒店,119.557943,39.92496,hotel
poi_hotel.csv,秦皇岛言华旅馆,酒店住宿,舒适型酒店,119.609962,39.930908,hotel
poi_hotel.csv,秦皇岛魁华馨苑旅游观海公寓,酒店住宿,舒适型酒店,119.545911,39.905312,hotel
poi_hotel.csv,秦皇岛铭扬快捷宾馆,酒店住宿,舒适型酒店,119.586725,39.954683,hotel
poi_hotel.csv,秦皇岛金屋逸家宾馆,酒店住宿,舒适型酒店,119.532183,39.896353,hotel
poi_hotel.csv,北戴河浪琴屿酒店,酒店住宿,舒适型酒店,119.490191,39.830081,hotel
poi_hotel.csv,百时快捷酒店,酒店住宿,舒适型酒店,119.603615,39.934523,hotel
poi_hotel.csv,秦皇岛悦途快捷宾馆,酒店住宿,舒适型酒店,119.53815,39.923391,hotel
poi_hotel.csv,秦皇岛钰墅宾馆,酒店住宿,舒适型酒店,119.544908,39.917887,hotel
poi_hotel.csv,秦皇岛英盈海景公寓,酒店住宿,舒适型酒店,119.543951,39.900906,hotel
poi_hotel.csv,北戴河幸运国际酒店,酒店住宿,高档型酒店,119.487852,39.817577,hotel
poi_hotel.csv,秦皇岛鸿福商务宾馆,酒店住宿,舒适型酒店,119.562017,39.924656,hotel
poi_hotel.csv,睿柏-云酒店,酒店住宿,舒适型酒店,119.567943,39.952941,hotel
poi_hotel.csv,如家酒店,酒店住宿,舒适型酒店,119.521298,39.82784,hotel
poi_hotel.csv,秦皇岛远洋观海客栈,酒店住宿,舒适型酒店,119.557955,39.915128,hotel
poi_hotel.csv,华驿酒店,酒店住宿,舒适型酒店,119.641496,39.973665,hotel
poi_hotel.csv,汉庭酒店,酒店住宿,舒适型酒店,119.426257,39.797336,hotel
poi_hotel.csv,北戴河德顺宾馆,酒店住宿,舒适型酒店,119.477535,39.817896,hotel
poi_hotel.csv,北戴河自由空间优选公寓,酒店住宿,舒适型酒店,119.505165,39.832546,hotel
poi_hotel.csv,南戴河碧海蓝天度假村,酒店住宿,舒适型酒店,119.389035,39.765486,hotel
poi_hotel.csv,7天酒店,酒店住宿,舒适型酒店,119.410103,39.809904,hotel
poi_hotel.csv,秦皇岛欧瑞风情海景公寓,酒店住宿,舒适型酒店,119.555792,39.9047,hotel
poi_hotel.csv,北戴河星光海岸近海公寓,酒店住宿,舒适型酒店,119.50511,39.838196,hotel
poi_hotel.csv,7天优品酒店,酒店住宿,舒适型酒店,119.523212,39.834903,hotel
poi_hotel.csv,海朝宾馆,酒店住宿,舒适型酒店,119.76337,40.001999,hotel
poi_hotel.csv,中国煤矿工人北戴河疗养院西区,酒店住宿,舒适型酒店,119.488483,39.816973,hotel
poi_hotel.csv,北戴河赤公馆精品度假公寓,酒店住宿,舒适型酒店,119.515666,39.833109,hotel
poi_hotel.csv,云尚精品连锁酒店,酒店住宿,舒适型酒店,119.506109,39.8237,hotel
poi_hotel.csv,北戴河怡海蓝湾主题宾馆,酒店住宿,舒适型酒店,119.505738,39.824052,hotel
poi_hotel.csv,北戴河居家游公寓,酒店住宿,舒适型酒店,119.503222,39.821758,hotel
poi_hotel.csv,秦皇岛文博苑民宿,酒店住宿,舒适型酒店,119.424147,39.862048,hotel
poi_hotel.csv,北戴河焦勇宾馆,酒店住宿,舒适型酒店,119.505763,39.825308,hotel
poi_hotel.csv,南戴河香澜酒店,酒店住宿,舒适型酒店,119.388979,39.765498,hotel
poi_hotel.csv,Q加-顺盛宾馆公寓,酒店住宿,舒适型酒店,119.485313,39.822009,hotel
poi_hotel.csv,北戴河1314海边小屋,酒店住宿,舒适型酒店,119.505168,39.823155,hotel
poi_hotel.csv,秦皇岛山海渔家快捷宾馆,酒店住宿,舒适型酒店,119.803972,39.990013,hotel
poi_hotel.csv,秦皇岛东韵旅馆,酒店住宿,舒适型酒店,119.622277,39.929662,hotel
poi_hotel.csv,秦皇岛忘返民宿,酒店住宿,舒适型酒店,119.423447,39.811998,hotel
poi_hotel.csv,北戴河语格公寓,酒店住宿,舒适型酒店,119.484575,39.824664,hotel
poi_hotel.csv,北戴河春旭宾馆,酒店住宿,舒适型酒店,119.507197,39.826888,hotel
poi_hotel.csv,小光公寓,酒店住宿,舒适型酒店,119.405827,39.798729,hotel
poi_hotel.csv,秦皇岛秦皇国际美居海景公寓,酒店住宿,舒适型酒店,119.565469,39.910679,hotel
poi_hotel.csv,云邸-小筑精品酒店,酒店住宿,舒适型酒店,119.503454,39.825297,hotel
poi_hotel.csv,花愈宿怡旅阳光海景公寓,酒店住宿,舒适型酒店,119.565059,39.910397,hotel
poi_hotel.csv,北戴河青旅度假酒店,酒店住宿,青旅,119.471381,39.838206,hotel
poi_hotel.csv,北戴河外交部休养所,酒店住宿,舒适型酒店,119.494097,39.817398,hotel
poi_hotel.csv,秦皇岛海之蓝度假村,酒店住宿,舒适型酒店,119.425759,39.796928,hotel
poi_hotel.csv,北戴河日光海宾馆,酒店住宿,舒适型酒店,119.500383,39.827051,hotel
poi_hotel.csv,北戴河凯滨宾馆,酒店住宿,舒适型酒店,119.503962,39.825385,hotel
poi_hotel.csv,秦皇岛秦皇国际天使湾海景公寓,酒店住宿,舒适型酒店,119.56479,39.910115,hotel
poi_hotel.csv,秦皇岛嘻嘻家庭公寓,酒店住宿,舒适型酒店,119.50459,39.836437,hotel
poi_hotel.csv,秦皇岛旭景商务宾馆,酒店住宿,舒适型酒店,119.75151,40.003367,hotel
poi_hotel.csv,秘密空间主题公寓,酒店住宿,舒适型酒店,119.544481,39.913199,hotel
poi_hotel.csv,北戴河喜居近海公寓,酒店住宿,舒适型酒店,119.5024,39.837306,hotel
poi_hotel.csv,北戴河海湾公寓,酒店住宿,舒适型酒店,119.505832,39.831748,hotel
poi_hotel.csv,秦皇岛北戴河语格主题公寓,酒店住宿,舒适型酒店,119.505012,39.831202,hotel
poi_hotel.csv,北戴河润鑫旅馆,酒店住宿,舒适型酒店,119.504246,39.823189,hotel
poi_hotel.csv,如家华驿酒店,酒店住宿,舒适型酒店,119.490008,39.829742,hotel
poi_hotel.csv,秦皇岛闲庭书法酒店,酒店住宿,高档型酒店,119.758154,40.010007,hotel
poi_hotel.csv,秦皇岛第一观豪华公寓,酒店住宿,舒适型酒店,119.559733,39.905196,hotel
poi_hotel.csv,语格主题客栈,酒店住宿,舒适型酒店,119.481276,39.834195,hotel
poi_hotel.csv,秦皇岛楼亭瞰海海景公寓,酒店住宿,舒适型酒店,119.558556,39.915407,hotel
poi_hotel.csv,秦皇岛迈三陌假日庭院,酒店住宿,舒适型酒店,119.42114,39.814759,hotel
poi_hotel.csv,北戴河晨曦公寓,酒店住宿,舒适型酒店,119.499779,39.832321,hotel
poi_hotel.csv,秦皇岛汇之滨宾馆,酒店住宿,舒适型酒店,119.74358,39.996651,hotel
poi_hotel.csv,秦皇岛瞰海公寓秦皇国际店,酒店住宿,舒适型酒店,119.565739,39.910476,hotel
poi_hotel.csv,金梦海湾海景公寓,酒店住宿,舒适型酒店,119.557554,39.915105,hotel
poi_hotel.csv,北戴河邢秀珍农家院,酒店住宿,舒适型酒店,119.32905,39.754252,hotel
poi_hotel.csv,秦皇岛帅辉旅馆,酒店住宿,舒适型酒店,119.33009,39.733343,hotel
poi_hotel.csv,秦皇岛观海御景家庭公寓,酒店住宿,舒适型酒店,119.807486,39.991008,hotel
poi_hotel.csv,如家华驿精选酒店,酒店住宿,舒适型酒店,119.614671,39.934532,hotel
poi_hotel.csv,秦皇岛孙海民宿,酒店住宿,舒适型酒店,119.465247,39.839057,hotel
poi_hotel.csv,北戴河李锦山民宿,酒店住宿,舒适型酒店,119.523849,39.83043,hotel
poi_hotel.csv,秦皇岛朗悦快捷酒店,酒店住宿,舒适型酒店,119.421771,39.849507,hotel
poi_hotel.csv,秦皇岛海港区鑫尚邑酒店,酒店住宿,舒适型酒店,119.592442,39.955895,hotel
poi_hotel.csv,秦皇岛海港区秦皇国际观海公寓,酒店住宿,舒适型酒店,119.565627,39.910589,hotel
poi_hotel.csv,秦皇岛海逸世家澜庭公寓,酒店住宿,舒适型酒店,119.558863,39.915375,hotel
poi_hotel.csv,秦皇岛金海海景公寓,酒店住宿,舒适型酒店,119.536094,39.89464,hotel
poi_hotel.csv,布丁酒店连锁,酒店住宿,舒适型酒店,119.505633,39.825305,hotel
poi_hotel.csv,暖家宾馆,酒店住宿,舒适型酒店,119.752607,40.011365,hotel
poi_hotel.csv,云朵拾光精品酒店,酒店住宿,舒适型酒店,119.49074,39.81996,hotel
poi_hotel.csv,北戴河海多蓝家庭公寓,酒店住宿,舒适型酒店,119.522784,39.826999,hotel
poi_hotel.csv,北戴河广富民宿,酒店住宿,舒适型酒店,119.48783,39.834272,hotel
poi_hotel.csv,秦皇岛璐爽渔家院,酒店住宿,舒适型酒店,119.765499,39.963294,hotel
poi_hotel.csv,北戴河夏墨古风公寓,酒店住宿,舒适型酒店,119.518345,39.827001,hotel
poi_hotel.csv,北戴河王秀华民宿,酒店住宿,舒适型酒店,119.483047,39.824968,hotel
poi_hotel.csv,北戴河继华旅馆,酒店住宿,舒适型酒店,119.484145,39.824882,hotel
poi_hotel.csv,格林豪泰,酒店住宿,舒适型酒店,119.593535,39.949126,hotel
poi_hotel.csv,舒客尊享快捷酒店,酒店住宿,舒适型酒店,119.62278,39.949128,hotel
poi_hotel.csv,秦皇岛世纪海洋花园家庭公寓,酒店住宿,舒适型酒店,119.545413,39.90182,hotel
poi_hotel.csv,布丁酒店,酒店住宿,舒适型酒店,119.599931,39.948436,hotel
poi_hotel.csv,北戴河尚霖宾馆,酒店住宿,舒适型酒店,119.50506,39.821756,hotel
poi_hotel.csv,北戴河东山家庭公寓,酒店住宿,舒适型酒店,119.522291,39.827725,hotel
poi_hotel.csv,北戴河桓程旅馆,酒店住宿,舒适型酒店,119.505773,39.824038,hotel
poi_hotel.csv,秦皇岛天龙快捷宾馆,酒店住宿,舒适型酒店,119.609572,40.0912,hotel
poi_hotel.csv,秦皇岛森林逸城看海家庭公寓,酒店住宿,舒适型酒店,119.533437,39.897771,hotel
poi_hotel.csv,北戴河海窝精品度假公寓,酒店住宿,舒适型酒店,119.504483,39.833867,hotel
poi_hotel.csv,北戴河品艳宾馆,酒店住宿,舒适型酒店,119.492223,39.837811,hotel
poi_hotel.csv,北戴河海韵木子公寓,酒店住宿,舒适型酒店,119.505149,39.837443,hotel
poi_hotel.csv,北戴河临海风情公寓,酒店住宿,舒适型酒店,119.52228,39.828564,hotel
poi_hotel.csv,如家派柏-云酒店,酒店住宿,舒适型酒店,119.521394,39.82783,hotel
poi_hotel.csv,北戴河刘庄贺民宾馆,酒店住宿,舒适型酒店,119.503936,39.823717,hotel
poi_hotel.csv,北戴河海蓝蓝家庭旅馆,酒店住宿,舒适型酒店,119.483432,39.825644,hotel
poi_hotel.csv,北戴河杜淑君旅馆,酒店住宿,舒适型酒店,119.482349,39.822475,hotel
poi_hotel.csv,北戴河海街客栈,酒店住宿,舒适型酒店,119.505033,39.82632,hotel
poi_hotel.csv,北戴河会永旅馆,酒店住宿,舒适型酒店,119.42011,39.815437,hotel
poi_hotel.csv,秦皇岛云天海湾假日酒店,酒店住宿,舒适型酒店,119.571006,39.923706,hotel
poi_hotel.csv,花筑-北戴河铂曼酒店,酒店住宿,舒适型酒店,119.406887,39.821035,hotel
poi_hotel.csv,北戴河小悦家庭公寓,酒店住宿,舒适型酒店,119.518738,39.827294,hotel
poi_hotel.csv,北戴河海滨花园酒店,酒店住宿,高档型酒店,119.49874,39.821556,hotel
poi_hotel.csv,秦皇岛火车站迎宾路亚朵酒店,酒店住宿,高档型酒店,119.594434,39.950422,hotel
poi_hotel.csv,秦皇国际公寓,酒店住宿,舒适型酒店,119.565984,39.910169,hotel
poi_hotel.csv,秦皇岛海洋花园家庭公寓,酒店住宿,舒适型酒店,119.545224,39.901612,hotel
poi_hotel.csv,汉庭酒店,酒店住宿,舒适型酒店,119.556917,39.926985,hotel
poi_hotel.csv,北戴河湘彭宾馆,酒店住宿,舒适型酒店,119.506009,39.825105,hotel
poi_hotel.csv,北戴河花熙宾馆,酒店住宿,舒适型酒店,119.448059,39.810828,hotel
poi_hotel.csv,和顺宾馆,酒店住宿,舒适型酒店,119.585592,39.935293,hotel
poi_hotel.csv,速8酒店,酒店住宿,舒适型酒店,119.582797,39.934162,hotel
poi_hotel.csv,喆啡酒店,酒店住宿,舒适型酒店,119.591203,39.935119,hotel
poi_hotel.csv,锦江之星,酒店住宿,舒适型酒店,119.770846,39.987482,hotel
poi_hotel.csv,7天优品酒店,酒店住宿,舒适型酒店,119.592875,39.954905,hotel
poi_hotel.csv,秦皇岛悦途酒店,酒店住宿,舒适型酒店,119.495668,39.817741,hotel
poi_hotel.csv,秦皇岛秦皇国际海棠公寓,酒店住宿,舒适型酒店,119.565506,39.910582,hotel
poi_hotel.csv,格林豪泰,酒店住宿,舒适型酒店,119.597041,39.964626,hotel
poi_hotel.csv,如家酒店,酒店住宿,舒适型酒店,119.419933,39.793615,hotel
poi_hotel.csv,易佰连锁旅店秦皇岛山海关火车站老龙头店,酒店住宿,舒适型酒店,119.815959,39.990213,hotel
poi_hotel.csv,北戴河鑫民假日宾馆,酒店住宿,舒适型酒店,119.485585,39.826921,hotel
poi_hotel.csv,秦皇岛远洋-小时光观海公寓,酒店住宿,舒适型酒店,119.558609,39.915299,hotel
poi_hotel.csv,北戴河海韵风情近海公寓,酒店住宿,舒适型酒店,119.504482,39.832449,hotel
poi_hotel.csv,秦皇岛锦廷酒店,酒店住宿,舒适型酒店,119.530747,40.012824,hotel
poi_hotel.csv,秦皇岛文景商务酒店,酒店住宿,高档型酒店,119.576012,39.947436,hotel
poi_hotel.csv,秦皇岛东山浴场家庭旅馆,酒店住宿,舒适型酒店,119.622763,39.919614,hotel
poi_hotel.csv,翼图酒店,酒店住宿,舒适型酒店,119.420368,39.79003,hotel
poi_hotel.csv,秦皇岛名豪宾馆,酒店住宿,舒适型酒店,119.770523,40.008114,hotel
poi_hotel.csv,秦皇岛老龙头假日蓝湾阳光公寓,酒店住宿,舒适型酒店,119.805403,39.981543,hotel
poi_hotel.csv,7天优品酒店,酒店住宿,舒适型酒店,119.600837,39.930006,hotel
poi_hotel.csv,骏怡连锁酒店,酒店住宿,舒适型酒店,119.608578,39.938656,hotel
poi_hotel.csv,秦皇岛玖玖快捷酒店,酒店住宿,舒适型酒店,119.608962,39.935808,hotel
poi_hotel.csv,北戴河海悦酒店,酒店住宿,舒适型酒店,119.525512,39.834884,hotel
poi_hotel.csv,北戴河素兰旅馆,酒店住宿,舒适型酒店,119.48631,39.82001,hotel
poi_hotel.csv,秦皇岛圣蓝海岸海景公寓,酒店住宿,舒适型酒店,119.553417,39.903707,hotel
poi_hotel.csv,汉庭酒店,酒店住宿,舒适型酒店,119.765925,40.001762,hotel
poi_hotel.csv,秦皇岛海川快捷宾馆,酒店住宿,舒适型酒店,119.817059,39.989838,hotel
poi_hotel.csv,北戴河风情海韵公寓,酒店住宿,舒适型酒店,119.526379,39.826961,hotel
poi_hotel.csv,秦皇岛海天一色酒店,酒店住宿,高档型酒店,119.624024,39.915944,hotel
poi_hotel.csv,秦皇岛乐嘉-闽商酒店,酒店住宿,舒适型酒店,119.597967,39.942008,hotel
poi_hotel.csv,布丁酒店,酒店住宿,舒适型酒店,119.504222,39.825467,hotel
poi_hotel.csv,北戴河华贸国际酒店公馆,酒店住宿,高档型酒店,119.510092,39.82679,hotel
poi_hotel.csv,北戴河阳阳家庭公寓,酒店住宿,舒适型酒店,119.504574,39.83327,hotel
poi_hotel.csv,尚客优快捷酒店,酒店住宿,舒适型酒店,119.54144,39.92464,hotel
poi_hotel.csv,北戴河四季小镇,酒店住宿,舒适型酒店,119.491145,39.820596,hotel
poi_hotel.csv,7天连锁酒店,酒店住宿,舒适型酒店,119.60677,39.934009,hotel
poi_hotel.csv,锦江之星,酒店住宿,舒适型酒店,119.531107,39.922216,hotel
poi_hotel.csv,汉庭酒店,酒店住宿,舒适型酒店,119.53025,39.922689,hotel
poi_hotel.csv,秦皇岛谊合酒店,酒店住宿,舒适型酒店,119.761613,39.999555,hotel
poi_hotel.csv,北戴河圣捷商务酒店,酒店住宿,舒适型酒店,119.490545,39.824713,hotel
poi_hotel.csv,莫泰酒店,酒店住宿,舒适型酒店,119.599593,39.932412,hotel
poi_hotel.csv,秦皇岛三十三间房海景公寓,酒店住宿,舒适型酒店,119.536291,39.894673,hotel
poi_hotel.csv,如家酒店,酒店住宿,舒适型酒店,119.606035,39.953837,hotel
poi_hotel.csv,秦皇岛哈曼林酒店,酒店住宿,舒适型酒店,119.601362,39.929729,hotel
poi_hotel.csv,如家酒店,酒店住宿,舒适型酒店,119.607534,39.939994,hotel
poi_hotel.csv,如家酒店,酒店住宿,舒适型酒店,119.587582,39.933975,hotel
poi_hotel.csv,如家-华驿酒店,酒店住宿,舒适型酒店,119.569234,39.958102,hotel
poi_hotel.csv,如家酒店-neo,酒店住宿,舒适型酒店,119.606443,39.933832,hotel
poi_hotel.csv,北戴河海浪花临海度假屋,酒店住宿,舒适型酒店,119.503939,39.822238,hotel
poi_hotel.csv,锦江之星,酒店住宿,舒适型酒店,119.60361,39.934536,hotel
poi_hotel.csv,南戴河夏都海岸公寓,酒店住宿,舒适型酒店,119.420039,39.790051,hotel
poi_hotel.csv,秦皇岛福寿德商务酒店,酒店住宿,舒适型酒店,119.583231,39.930093,hotel
poi_hotel.csv,秦皇岛由米望海酒店,酒店住宿,舒适型酒店,119.572505,39.911105,hotel
poi_hotel.csv,秦皇岛浚源商务酒店,酒店住宿,舒适型酒店,119.512098,39.941879,hotel
poi_hotel.csv,怡莱酒店,酒店住宿,舒适型酒店,119.592867,39.954736,hotel
poi_hotel.csv,尚客优骏怡连锁酒店,酒店住宿,舒适型酒店,119.769803,39.988169,hotel
poi_hotel.csv,秦皇岛简沐家观海公寓,酒店住宿,舒适型酒店,119.558456,39.915385,hotel
poi_hotel.csv,秦皇岛鼎福快捷宾馆,酒店住宿,舒适型酒店,119.422112,39.851074,hotel
poi_hotel.csv,南戴河星期日宾馆,酒店住宿,舒适型酒店,119.422055,39.79748,hotel
poi_hotel.csv,格林豪泰,酒店住宿,舒适型酒店,119.607092,39.933986,hotel
poi_hotel.csv,秦皇岛如意山海酒店,酒店住宿,舒适型酒店,119.564885,39.917635,hotel
poi_hotel.csv,海友酒店,酒店住宿,舒适型酒店,119.590674,39.957644,hotel
poi_hotel.csv,秦皇岛豪威宾馆,酒店住宿,舒适型酒店,119.559854,39.922987,hotel
poi_hotel.csv,7天连锁酒店,酒店住宿,舒适型酒店,119.54799,39.906441,hotel
poi_hotel.csv,7天连锁酒店,酒店住宿,舒适型酒店,119.586053,39.954621,hotel
poi_hotel.csv,北戴河沐海时光宾馆,酒店住宿,舒适型酒店,119.504262,39.822393,hotel
poi_hotel.csv,秦皇岛欧仑酒店,酒店住宿,舒适型酒店,119.557869,39.925335,hotel
poi_hotel.csv,秦皇岛羊城酒店,酒店住宿,舒适型酒店,119.592899,39.960353,hotel
poi_hotel.csv,北戴河海燕快捷酒店,酒店住宿,舒适型酒店,119.506809,39.82632,hotel
poi_hotel.csv,秦皇岛山海关老龙头海景公寓,酒店住宿,舒适型酒店,119.80482,39.981589,hotel
poi_hotel.csv,北戴河西经路9号假日酒店,酒店住宿,舒适型酒店,119.482412,39.817783,hotel
poi_hotel.csv,如家酒店,酒店住宿,舒适型酒店,119.489075,39.825603,hotel
poi_hotel.csv,如家酒店,酒店住宿,舒适型酒店,119.564703,39.923512,hotel
poi_hotel.csv,星程酒店,酒店住宿,舒适型酒店,119.58506,39.949083,hotel
poi_hotel.csv,秦皇岛景文商务宾馆,酒店住宿,舒适型酒店,119.773764,39.983836,hotel
poi_hotel.csv,秦皇岛恋家海景公寓,酒店住宿,舒适型酒店,119.52931,39.894633,hotel
poi_hotel.csv,北戴河海之恋公寓,酒店住宿,舒适型酒店,119.5001,39.832705,hotel
poi_hotel.csv,秦皇岛山海关蓝湾假日观海公寓,酒店住宿,舒适型酒店,119.803792,39.980689,hotel
poi_hotel.csv,北戴河盈盈家庭公寓,酒店住宿,舒适型酒店,119.522686,39.82796,hotel
poi_hotel.csv,北戴河美宿近海公寓,酒店住宿,舒适型酒店,119.502178,39.83533,hotel
poi_hotel.csv,锦江之星,酒店住宿,舒适型酒店,119.5568,39.930842,hotel
poi_hotel.csv,北戴河随心家庭公寓,酒店住宿,舒适型酒店,119.522367,39.826797,hotel
poi_hotel.csv,秦皇国际B座海景公寓,酒店住宿,舒适型酒店,119.565427,39.910351,hotel
poi_hotel.csv,北戴河起士林合惠大饭店,酒店住宿,高档型酒店,119.492136,39.817218,hotel
poi_hotel.csv,北戴河渔家家庭自助公寓,酒店住宿,舒适型酒店,119.522482,39.82729,hotel
poi_hotel.csv,北戴河优米客栈,酒店住宿,舒适型酒店,119.504678,39.822986,hotel
poi_hotel.csv,秦皇岛日宝酒店,酒店住宿,舒适型酒店,119.578797,39.961287,hotel
poi_hotel.csv,易佰连锁旅店,酒店住宿,舒适型酒店,119.597897,39.93206,hotel
poi_hotel.csv,易佰连锁酒店,酒店住宿,舒适型酒店,119.609514,39.942838,hotel
poi_hotel.csv,北戴河白楼宾馆,酒店住宿,舒适型酒店,119.488506,39.818557,hotel
poi_hotel.csv,秦皇岛黄金海岸香槐海度假公寓,酒店住宿,舒适型酒店,119.333204,39.711322,hotel
poi_hotel.csv,秦皇岛老龙头民宿,酒店住宿,舒适型酒店,119.805074,39.980206,hotel
poi_hotel.csv,秦皇岛七塘快捷宾馆,酒店住宿,舒适型酒店,119.754144,40.000073,hotel
poi_hotel.csv,汉庭酒店,酒店住宿,舒适型酒店,119.565325,39.917096,hotel
poi_hotel.csv,里士满假日酒店,酒店住宿,舒适型酒店,119.816058,39.990126,hotel
poi_hotel.csv,秦皇岛海珊瑚海景假日公寓酒店,酒店住宿,舒适型酒店,119.544645,39.89819,hotel
poi_hotel.csv,秦皇岛南园宾馆,酒店住宿,舒适型酒店,119.751776,39.99978,hotel
poi_hotel.csv,秦皇岛悦庭宾馆,酒店住宿,舒适型酒店,119.42011,39.84896,hotel
poi_hotel.csv,秦皇岛私享家海景公寓,酒店住宿,舒适型酒店,119.529319,39.890282,hotel
poi_hotel.csv,秦皇岛北岛宾馆,酒店住宿,舒适型酒店,119.584206,39.949094,hotel
poi_hotel.csv,秦皇岛祥浴园宾馆,酒店住宿,舒适型酒店,119.81121,39.993985,hotel
poi_hotel.csv,锦江之星,酒店住宿,舒适型酒店,119.621732,39.92032,hotel
poi_hotel.csv,格林豪泰,酒店住宿,舒适型酒店,119.549098,39.906038,hotel
poi_hotel.csv,如家派柏-云酒店,酒店住宿,舒适型酒店,119.422926,39.851647,hotel
poi_hotel.csv,如家华驿精选酒店,酒店住宿,舒适型酒店,119.766947,40.000674,hotel
poi_hotel.csv,秦皇岛弘正快捷宾馆,酒店住宿,舒适型酒店,119.614643,39.949071,hotel
poi_hotel.csv,星程酒店,酒店住宿,舒适型酒店,119.603594,39.935164,hotel
poi_hotel.csv,北戴河吉程酒店,酒店住宿,舒适型酒店,119.491459,39.818932,hotel
poi_hotel.csv,汉庭酒店,酒店住宿,舒适型酒店,119.603178,39.932603,hotel
poi_hotel.csv,北戴河素芹旅馆,酒店住宿,舒适型酒店,119.472629,39.826335,hotel
poi_hotel.csv,北戴河如家观海家庭公寓,酒店住宿,舒适型酒店,119.522455,39.827547,hotel
poi_hotel.csv,北戴河星程民宿,酒店住宿,舒适型酒店,119.428961,39.85124,hotel
poi_hotel.csv,樱桃快捷宾馆,酒店住宿,舒适型酒店,119.543049,39.903512,hotel
poi_hotel.csv,布丁酒店,酒店住宿,舒适型酒店,119.612011,39.943069,hotel
poi_hotel.csv,汉庭酒店,酒店住宿,舒适型酒店,119.490136,39.820157,hotel
poi_hotel.csv,秦皇岛酒店,酒店住宿,高档型酒店,119.594048,39.955156,hotel
poi_hotel.csv,秦皇岛北戴河语格主题客栈,酒店住宿,舒适型酒店,119.482967,39.82538,hotel
poi_hotel.csv,北戴河滨海人家假日公寓,酒店住宿,舒适型酒店,119.499772,39.832254,hotel
poi_hotel.csv,北戴河黄金宾馆,酒店住宿,舒适型酒店,119.495966,39.818342,hotel
poi_hotel.csv,汉庭酒店,酒店住宿,舒适型酒店,119.599163,39.964674,hotel
poi_hotel.csv,秦皇岛同福宾馆,酒店住宿,舒适型酒店,119.815049,39.990047,hotel
poi_hotel.csv,秦皇岛星光远方的家公寓,酒店住宿,舒适型酒店,119.559414,39.915682,hotel
poi_hotel.csv,秦皇岛东港快捷宾馆,酒店住宿,舒适型酒店,119.623741,39.930833,hotel
poi_hotel.csv,7天连锁酒店,酒店住宿,舒适型酒店,119.59461,39.963829,hotel
poi_hotel.csv,北戴河秀丽家庭旅馆,酒店住宿,舒适型酒店,119.478959,39.824511,hotel
poi_hotel.csv,秦皇岛春柱快捷宾馆,酒店住宿,舒适型酒店,119.81048,39.998719,hotel
poi_hotel.csv,秦皇岛日月星快捷宾馆,酒店住宿,舒适型酒店,119.817606,39.989832,hotel
poi_hotel.csv,卢龙金泰商务宾馆,酒店住宿,舒适型酒店,118.885213,39.891331,hotel
poi_hotel.csv,昌黎七号尚府商务酒店,酒店住宿,舒适型酒店,119.194139,39.696654,hotel
poi_hotel.csv,北戴河邮政宾馆,酒店住宿,舒适型酒店,119.488581,39.829228,hotel
poi_hotel.csv,北戴河古澜民宿,酒店住宿,舒适型酒店,119.422975,39.812835,hotel
poi_hotel.csv,汉庭酒店,酒店住宿,舒适型酒店,118.887602,39.897364,hotel
poi_hotel.csv,卢龙双龙商务宾馆,酒店住宿,舒适型酒店,118.891525,39.896732,hotel
poi_hotel.csv,格林豪泰酒店,酒店住宿,舒适型酒店,118.878679,39.890628,hotel
poi_hotel.csv,秦皇岛学之成快捷宾馆,酒店住宿,舒适型酒店,119.607859,39.931068,hotel
poi_hotel.csv,北戴河踏海归来宾馆,酒店住宿,舒适型酒店,119.519813,39.850387,hotel
poi_hotel.csv,昌黎爱妤风情酒店式公寓,酒店住宿,舒适型酒店,119.171532,39.716503,hotel
poi_hotel.csv,昌黎凤桐山居度假酒店,酒店住宿,舒适型酒店,119.114995,39.76432,hotel
poi_hotel.csv,锦江之星,酒店住宿,舒适型酒店,119.165562,39.715328,hotel
poi_hotel.csv,昌黎志强宾馆,酒店住宿,舒适型酒店,119.296584,39.70266,hotel
poi_hotel.csv,昌黎和泰宾馆,酒店住宿,舒适型酒店,119.286355,39.584799,hotel
poi_hotel.csv,7天优品酒店,酒店住宿,舒适型酒店,119.189556,39.716883,hotel
poi_hotel.csv,昌黎佳朋商务酒店,酒店住宿,舒适型酒店,119.098815,39.528995,hotel
poi_hotel.csv,骏怡连锁酒店,酒店住宿,舒适型酒店,119.166656,39.706988,hotel
poi_hotel.csv,格林豪泰,酒店住宿,舒适型酒店,119.166306,39.707786,hotel
poi_hotel.csv,昌黎惠民楼宾馆,酒店住宿,舒适型酒店,119.166559,39.707162,hotel
poi_hotel.csv,驿家365连锁酒店,酒店住宿,舒适型酒店,119.167213,39.705828,hotel
poi_hotel.csv,昌黎香纳森宾馆,酒店住宿,舒适型酒店,119.268882,39.683115,hotel
poi_hotel.csv,骏怡连锁酒店,酒店住宿,舒适型酒店,119.149125,39.613948,hotel
poi_hotel.csv,昌黎文峰宾馆,酒店住宿,舒适型酒店,119.16673,39.706833,hotel
poi_hotel.csv,昌黎馨逸酒店式公寓,酒店住宿,舒适型酒店,119.178266,39.726984,hotel
poi_hotel.csv,如家派柏-云酒店,酒店住宿,舒适型酒店,119.166029,39.715348,hotel
poi_hotel.csv,昌黎宾馆,酒店住宿,舒适型酒店,119.179443,39.716857,hotel
poi_hotel.csv,7天连锁酒店,酒店住宿,舒适型酒店,119.172061,39.714294,hotel
poi_hotel.csv,昌黎格楠快捷宾馆,酒店住宿,舒适型酒店,119.189016,39.717726,hotel
poi_hotel.csv,昌黎聚鑫宾馆,酒店住宿,舒适型酒店,119.163648,39.711333,hotel
poi_hotel.csv,北戴河国海宾馆,酒店住宿,舒适型酒店,119.50591,39.818173,hotel
poi_hotel.csv,北戴河刘晶旅馆,酒店住宿,舒适型酒店,119.485913,39.828145,hotel
poi_hotel.csv,北戴河依山傍水宾馆,酒店住宿,舒适型酒店,119.420502,39.815017,hotel
poi_hotel.csv,国家广播电影电视总局北戴河疗养院,酒店住宿,舒适型酒店,119.49585,39.823268,hotel
poi_hotel.csv,滨海蓝天酒店,酒店住宿,高档型酒店,119.49069,39.821149,hotel
poi_hotel.csv,北戴河国良旅馆,酒店住宿,舒适型酒店,119.478532,39.822826,hotel
poi_hotel.csv,永兴快捷宾馆,酒店住宿,舒适型酒店,119.762373,39.999589,hotel
poi_hotel.csv,秦皇岛小葛海景公寓,酒店住宿,舒适型酒店,119.54557,39.90202,hotel
poi_hotel.csv,北戴河淑敏家庭旅馆,酒店住宿,舒适型酒店,119.518894,39.828747,hotel
poi_hotel.csv,秦皇岛洁雅小窝海景公寓,酒店住宿,舒适型酒店,119.558903,39.907535,hotel
poi_hotel.csv,北戴河莹彩宾馆,酒店住宿,舒适型酒店,119.505667,39.823507,hotel
poi_hotel.csv,尚宜居海景公寓,酒店住宿,舒适型酒店,119.544594,39.901309,hotel
poi_hotel.csv,北戴河单庄秀芹旅馆,酒店住宿,舒适型酒店,119.519065,39.828932,hotel
poi_hotel.csv,北戴河滨海假日酒店,酒店住宿,舒适型酒店,119.516796,39.81673,hotel
poi_hotel.csv,北戴河双盛合酒店,酒店住宿,舒适型酒店,119.525161,39.822524,hotel
poi_hotel.csv,秦皇岛家应商旅湾海一号海景公寓,酒店住宿,舒适型酒店,119.57364,39.910906,hotel
poi_hotel.csv,北戴河听涛客栈,酒店住宿,舒适型酒店,119.478176,39.822509,hotel
poi_hotel.csv,秦皇岛君其农家院,酒店住宿,舒适型酒店,119.767427,39.964231,hotel
poi_hotel.csv,北戴河张志强宾馆,酒店住宿,舒适型酒店,119.492192,39.836561,hotel
poi_hotel.csv,刘庄育花家庭公寓,酒店住宿,舒适型酒店,119.505886,39.827361,hotel
poi_hotel.csv,北戴河德金宾馆,酒店住宿,舒适型酒店,119.505068,39.827707,hotel
poi_hotel.csv,秦皇岛悦海棠酒店,酒店住宿,舒适型酒店,119.535858,39.899109,hotel
poi_hotel.csv,秦皇岛恺润宾馆,酒店住宿,舒适型酒店,119.465364,39.866368,hotel
poi_hotel.csv,森海旅馆,酒店住宿,舒适型酒店,119.505075,39.826607,hotel
poi_hotel.csv,张秀敏旅馆,酒店住宿,舒适型酒店,119.506687,39.826829,hotel
poi_hotel.csv,刘佳凯宾馆,酒店住宿,舒适型酒店,119.505728,39.823642,hotel
poi_hotel.csv,懒阳阳宾馆,酒店住宿,舒适型酒店,119.50623,39.827142,hotel
poi_hotel.csv,苗玉仙旅馆,酒店住宿,舒适型酒店,119.479047,39.822438,hotel
poi_hotel.csv,索菲亚宾馆,酒店住宿,舒适型酒店,119.505091,39.823789,hotel
poi_hotel.csv,京山宾馆,酒店住宿,舒适型酒店,119.758648,40.009749,hotel
poi_hotel.csv,沐心宾馆,酒店住宿,舒适型酒店,119.506047,39.824696,hotel
poi_hotel.csv,北戴河恒颐度假庭院,酒店住宿,高档型酒店,119.523028,39.834467,hotel
poi_hotel.csv,孟秀荣宾馆,酒店住宿,舒适型酒店,119.505029,39.822313,hotel
poi_hotel.csv,谦广宾馆,酒店住宿,舒适型酒店,119.504059,39.824304,hotel
poi_hotel.csv,爱莉客栈,酒店住宿,舒适型酒店,119.486506,39.82007,hotel
poi_hotel.csv,山海关沁园宾馆,酒店住宿,舒适型酒店,119.771852,40.00901,hotel
poi_hotel.csv,寻海听浪客栈,酒店住宿,舒适型酒店,119.50397,39.824372,hotel
poi_hotel.csv,南海宾馆,酒店住宿,舒适型酒店,119.790436,39.972532,hotel
poi_hotel.csv,斯洛主题酒店,酒店住宿,舒适型酒店,119.507362,39.822042,hotel
poi_hotel.csv,花筑-温莱酒店,酒店住宿,舒适型酒店,119.48856,39.82311,hotel
poi_hotel.csv,南戴河临海听涛公寓,酒店住宿,舒适型酒店,119.416705,39.791753,hotel
poi_hotel.csv,北戴河星晴酒店,酒店住宿,舒适型酒店,119.263198,39.683658,hotel
poi_hotel.csv,完美海景公寓,酒店住宿,舒适型酒店,119.555726,39.904873,hotel
poi_hotel.csv,北戴河艳春旅馆,酒店住宿,舒适型酒店,119.520186,39.827565,hotel
poi_hotel.csv,坤海宾馆,酒店住宿,舒适型酒店,119.486312,39.819292,hotel
poi_hotel.csv,北戴河耕读民宿,酒店住宿,舒适型酒店,119.417798,39.822239,hotel
poi_hotel.csv,南戴河紫澜香郡帛轩公寓,酒店住宿,舒适型酒店,119.417125,39.797069,hotel
poi_hotel.csv,香玺海蔚蓝海景公寓,酒店住宿,舒适型酒店,119.555528,39.904607,hotel
poi_hotel.csv,南戴河远洋蔚蓝海岸皓居悦府假日公寓,酒店住宿,舒适型酒店,119.400642,39.781013,hotel
poi_hotel.csv,秦皇岛老龙头假日蓝湾优选度假公寓,酒店住宿,舒适型酒店,119.803145,39.980592,hotel
poi_hotel.csv,昌黎涛海农家院,酒店住宿,舒适型酒店,119.328081,39.703021,hotel
poi_hotel.csv,秦皇岛若熙农家院,酒店住宿,舒适型酒店,119.762746,39.964748,hotel
poi_hotel.csv,秦皇岛金海岸海景公寓,酒店住宿,舒适型酒店,119.56479,39.910115,hotel
poi_hotel.csv,北戴河祥海宾馆,酒店住宿,舒适型酒店,119.504336,39.822035,hotel
poi_hotel.csv,南戴河锦鑫宾馆,酒店住宿,舒适型酒店,119.431294,39.801316,hotel
poi_hotel.csv,北戴河交通疗养院迎宾楼,酒店住宿,舒适型酒店,119.496557,39.818038,hotel
poi_hotel.csv,秦皇岛海岸逸舍海景公寓,酒店住宿,舒适型酒店,119.536262,39.894781,hotel
poi_hotel.csv,北戴河凡朴静舍民宿,酒店住宿,舒适型酒店,119.425804,39.861979,hotel
poi_hotel.csv,蓝色海精品酒店,酒店住宿,舒适型酒店,119.506172,39.825203,hotel
poi_hotel.csv,花神6号客栈,酒店住宿,舒适型酒店,119.525601,39.8276,hotel
poi_hotel.csv,如家派柏-云酒店,酒店住宿,舒适型酒店,119.50557,39.825587,hotel
poi_hotel.csv,海岸印象酒店,酒店住宿,舒适型酒店,119.480975,39.817037,hotel
poi_hotel.csv,海天主题酒店,酒店住宿,舒适型酒店,119.424977,39.794764,hotel
poi_hotel.csv,竹水谣-禅想观海旅拍民宿,酒店住宿,舒适型酒店,119.429999,39.800254,hotel
poi_hotel.csv,斯维登度假公寓,酒店住宿,舒适型酒店,119.55841,39.915422,hotel
poi_hotel.csv,秦皇岛茂业见面观海公寓,酒店住宿,舒适型酒店,119.545208,39.906652,hotel
poi_hotel.csv,昌黎海嗨主题酒店,酒店住宿,舒适型酒店,119.337542,39.702953,hotel
poi_hotel.csv,格林豪泰,酒店住宿,舒适型酒店,119.565912,39.933191,hotel
poi_hotel.csv,昌黎半山居农家院,酒店住宿,舒适型酒店,119.118434,39.766369,hotel
poi_hotel.csv,秦皇岛黄金海岸听海微园度假村民宿,酒店住宿,舒适型酒店,119.328513,39.70074,hotel
poi_hotel.csv,秦皇岛诗海雅居海景公寓,酒店住宿,舒适型酒店,119.558422,39.907539,hotel
poi_hotel.csv,花愈宿纯美公寓,酒店住宿,舒适型酒店,119.558959,39.915487,hotel
poi_hotel.csv,昌黎牧海农家院,酒店住宿,舒适型酒店,119.328981,39.682583,hotel
poi_hotel.csv,昌黎吉祥农家院,酒店住宿,舒适型酒店,119.119263,39.76677,hotel
poi_hotel.csv,秦皇岛渤海明珠公寓,酒店住宿,舒适型酒店,119.593347,39.929499,hotel
poi_hotel.csv,秦皇岛赏日出家庭公寓,酒店住宿,舒适型酒店,119.80405,39.979775,hotel
poi_hotel.csv,秦皇岛蜻蜓电竞酒店,酒店住宿,舒适型酒店,119.576229,39.947194,hotel
poi_hotel.csv,花美时民宿,酒店住宿,舒适型酒店,119.41719,39.791817,hotel
poi_hotel.csv,秦皇岛竹居古街西院酒店,酒店住宿,舒适型酒店,119.754191,40.00789,hotel
poi_hotel.csv,秦皇岛丁家民宿,酒店住宿,舒适型酒店,119.757853,40.005999,hotel
poi_hotel.csv,北戴河阿尔卡迪亚遇见你公寓,酒店住宿,舒适型酒店,119.304236,39.634254,hotel
poi_hotel.csv,南戴河嘉澜海景度假酒店,酒店住宿,高档型酒店,119.430027,39.800279,hotel
poi_hotel.csv,北戴河欣怡家庭公寓,酒店住宿,舒适型酒店,119.505104,39.833543,hotel
poi_hotel.csv,维也纳酒店,酒店住宿,舒适型酒店,119.605332,39.935115,hotel
poi_hotel.csv,骏怡连锁酒店,酒店住宿,舒适型酒店,118.876942,39.892405,hotel
poi_hotel.csv,卢龙儒家客栈,酒店住宿,舒适型酒店,118.895712,39.893302,hotel
poi_hotel.csv,华驿酒店,酒店住宿,舒适型酒店,118.879484,39.892056,hotel
poi_hotel.csv,北戴河缘缘客栈,酒店住宿,舒适型酒店,119.479028,39.824865,hotel
poi_hotel.csv,秦皇岛英禄渔家院饭庄,酒店住宿,舒适型酒店,119.764631,39.962849,hotel
poi_hotel.csv,青龙万豪酒店,酒店住宿,舒适型酒店,118.937807,40.400778,hotel
poi_hotel.csv,秦皇岛香梅酒店,酒店住宿,舒适型酒店,119.814933,39.989778,hotel
poi_hotel.csv,秦皇岛天天公寓,酒店住宿,舒适型酒店,119.537052,39.91195,hotel
poi_hotel.csv,秦皇岛十六家房客民宿,酒店住宿,舒适型酒店,119.605929,39.93562,hotel
poi_hotel.csv,南戴河维京度假公寓,酒店住宿,舒适型酒店,119.430013,39.800182,hotel
poi_hotel.csv,秦皇岛第一观美沙观海公寓,酒店住宿,舒适型酒店,119.560332,39.905422,hotel
poi_hotel.csv,秦皇岛翰林快捷假日酒店,酒店住宿,舒适型酒店,119.421869,39.849421,hotel
poi_hotel.csv,秦皇岛金梦海湾度假酒店,酒店住宿,高档型酒店,119.546494,39.897352,hotel
poi_hotel.csv,北戴河新宿精品公寓,酒店住宿,舒适型酒店,119.48902,39.82023,hotel
poi_hotel.csv,北戴河淇博主题宾馆,酒店住宿,舒适型酒店,119.504926,39.822528,hotel
poi_hotel.csv,秦皇岛新世佳宾馆,酒店住宿,舒适型酒店,119.817989,39.989635,hotel
poi_hotel.csv,北戴河范成余民宿,酒店住宿,舒适型酒店,119.445908,39.841059,hotel
poi_hotel.csv,北戴河烨烨旅馆,酒店住宿,舒适型酒店,119.493199,39.83826,hotel
poi_hotel.csv,北戴河王书平旅馆,酒店住宿,舒适型酒店,119.477682,39.822601,hotel
poi_hotel.csv,南戴河华贸蔚蓝海岸皓居悦府酒店式公寓,酒店住宿,舒适型酒店,119.403681,39.77525,hotel
poi_hotel.csv,南戴河星海绿洲公寓,酒店住宿,舒适型酒店,119.404861,39.821192,hotel
poi_hotel.csv,南戴河书成旅馆,酒店住宿,舒适型酒店,119.416753,39.79003,hotel
poi_hotel.csv,秦皇岛悦居宾馆,酒店住宿,舒适型酒店,119.8112,39.995514,hotel
poi_hotel.csv,北戴河诚信公寓,酒店住宿,舒适型酒店,119.503483,39.83799,hotel
poi_hotel.csv,华驿酒店,酒店住宿,舒适型酒店,119.5213,39.827979,hotel
poi_hotel.csv,秦皇岛尚悦酒店,酒店住宿,舒适型酒店,119.511554,39.900653,hotel
poi_hotel.csv,北戴河真水居客栈,酒店住宿,舒适型酒店,119.253128,39.685776,hotel
poi_hotel.csv,天女小镇-丹栗客栈,酒店住宿,舒适型酒店,119.523867,40.120479,hotel
poi_hotel.csv,南戴河一抹阳光海景公寓,酒店住宿,舒适型酒店,119.430664,39.799924,hotel
poi_hotel.csv,北戴河若邻沧海民宿,酒店住宿,舒适型酒店,119.505432,39.822754,hotel
poi_hotel.csv,秦皇岛小海螺海景公寓,酒店住宿,舒适型酒店,119.555523,39.904625,hotel
poi_hotel.csv,北戴河锦源宾馆,酒店住宿,舒适型酒店,119.52014,39.82704,hotel
poi_hotel.csv,秦皇岛峪见六号院,酒店住宿,舒适型酒店,119.377831,40.022526,hotel
poi_hotel.csv,秦皇岛囍舍loft海景公寓,酒店住宿,舒适型酒店,119.560332,39.905422,hotel
poi_hotel.csv,秦皇岛海淼民宿,酒店住宿,舒适型酒店,119.623928,39.931172,hotel
poi_hotel.csv,秦皇岛洋河左岸酒店,酒店住宿,舒适型酒店,119.269517,39.85801,hotel
poi_hotel.csv,南戴河帛轩酒店式公寓,酒店住宿,舒适型酒店,119.418502,39.796853,hotel
poi_hotel.csv,秦皇岛航帆商务酒店,酒店住宿,舒适型酒店,119.584972,39.962282,hotel
poi_hotel.csv,橙客连锁酒店,酒店住宿,舒适型酒店,119.60799,39.946741,hotel
poi_hotel.csv,格林豪泰智选酒店,酒店住宿,舒适型酒店,119.742475,39.993079,hotel
poi_hotel.csv,秦皇岛金梦海湾第一观月光海景公寓,酒店住宿,舒适型酒店,119.559713,39.905003,hotel
poi_hotel.csv,秦皇岛界岭口精品民宿,酒店住宿,舒适型酒店,119.294513,40.161709,hotel
poi_hotel.csv,遇见-拾光海景公寓,酒店住宿,舒适型酒店,119.560129,39.904975,hotel
poi_hotel.csv,秦皇岛本沫观海公寓,酒店住宿,舒适型酒店,119.545208,39.906652,hotel
poi_hotel.csv,秦皇岛金梦海湾初见海景度假公寓,酒店住宿,舒适型酒店,119.55884,39.907841,hotel
poi_hotel.csv,秦皇岛8989宾馆,酒店住宿,舒适型酒店,119.251089,39.881722,hotel
poi_hotel.csv,北戴河爱上海精品公寓,酒店住宿,舒适型酒店,119.504626,39.836406,hotel
poi_hotel.csv,北戴河小岛青柠客栈,酒店住宿,舒适型酒店,119.478647,39.824167,hotel
poi_hotel.csv,秦皇岛和合家海景公寓,酒店住宿,舒适型酒店,119.55303,39.90339,hotel
poi_hotel.csv,南戴河临海听涛酒店,酒店住宿,高档型酒店,119.417771,39.792157,hotel
poi_hotel.csv,秦皇岛三生玖美汐民宿,酒店住宿,舒适型酒店,119.424947,39.862663,hotel
poi_hotel.csv,秦皇岛金海岸精品海景公寓,酒店住宿,舒适型酒店,119.56479,39.910115,hotel
poi_hotel.csv,秦皇岛依云客栈,酒店住宿,舒适型酒店,119.423029,39.811821,hotel
poi_hotel.csv,秦皇岛古厝民宿,酒店住宿,舒适型酒店,119.753128,40.012173,hotel
poi_hotel.csv,北戴河希悦澜海景酒店,酒店住宿,舒适型酒店,119.491985,39.81407,hotel
poi_hotel.csv,秦皇岛源宿拾号民宿,酒店住宿,舒适型酒店,119.425796,39.862443,hotel
poi_hotel.csv,秦皇岛洋桃宾馆,酒店住宿,舒适型酒店,119.423824,39.81243,hotel
poi_hotel.csv,北戴河洲顿庄园酒店,酒店住宿,高档型酒店,119.441643,39.833558,hotel
poi_hotel.csv,秦皇岛先超达连锁酒店,酒店住宿,舒适型酒店,119.558253,39.925304,hotel
poi_hotel.csv,北戴河时光海岸公寓,酒店住宿,舒适型酒店,119.503752,39.821102,hotel
poi_hotel.csv,涵海宾馆,酒店住宿,舒适型酒店,119.504336,39.824757,hotel
poi_hotel.csv,尚客优骏怡连锁酒店,酒店住宿,舒适型酒店,119.503454,39.825297,hotel
poi_hotel.csv,翼图酒店式公寓,酒店住宿,舒适型酒店,119.417475,39.791935,hotel
poi_hotel.csv,秦皇岛戴河湾酒店,酒店住宿,舒适型酒店,119.404903,39.829482,hotel
poi_hotel.csv,秦皇岛容兮民宿,酒店住宿,舒适型酒店,119.4237,39.863239,hotel
poi_hotel.csv,花筑-北戴河扎岛沙滩民宿,酒店住宿,舒适型酒店,119.483729,39.817474,hotel
poi_hotel.csv,北戴河MEET-遇见精品度假公寓,酒店住宿,舒适型酒店,119.505021,39.831578,hotel
poi_hotel.csv,北戴河红屿别墅,酒店住宿,舒适型酒店,119.519013,39.83112,hotel
poi_hotel.csv,秦皇岛临海温馨家庭公寓,酒店住宿,舒适型酒店,119.50558,39.834402,hotel
poi_hotel.csv,千禾沐海景公寓酒店,酒店住宿,舒适型酒店,119.42266,39.79199,hotel
poi_hotel.csv,柏纳酒店,酒店住宿,舒适型酒店,119.807625,39.979845,hotel
poi_hotel.csv,北戴河王淑英民宿,酒店住宿,舒适型酒店,119.468077,39.840328,hotel
poi_hotel.csv,秦皇岛天海一号家庭公寓,酒店住宿,舒适型酒店,119.484434,39.832841,hotel
poi_hotel.csv,如家华驿精选酒店,酒店住宿,舒适型酒店,119.635342,39.953028,hotel
poi_hotel.csv,秦皇岛陈杰民宿,酒店住宿,舒适型酒店,119.48633,39.82718,hotel
poi_hotel.csv,北戴河刘成杰旅馆,酒店住宿,舒适型酒店,119.504875,39.82739,hotel
poi_hotel.csv,北戴河故里海宾馆,酒店住宿,舒适型酒店,119.503247,39.824591,hotel
poi_hotel.csv,南戴河滨海花园家庭公寓,酒店住宿,舒适型酒店,119.409404,39.800091,hotel
poi_hotel.csv,秦皇岛伊涵自助公寓,酒店住宿,舒适型酒店,119.50494,39.832824,hotel
poi_hotel.csv,北戴河赤雅新居公寓,酒店住宿,舒适型酒店,119.505209,39.832411,hotel
poi_hotel.csv,秦皇岛奥洋旅馆,酒店住宿,舒适型酒店,119.413466,39.790766,hotel
poi_hotel.csv,秦皇岛东方宾馆,酒店住宿,舒适型酒店,119.753255,39.999764,hotel
poi_hotel.csv,桔子酒店,酒店住宿,舒适型酒店,119.602776,39.942003,hotel
poi_hotel.csv,北戴河宝珍旅馆,酒店住宿,舒适型酒店,119.50953,39.822025,hotel
poi_hotel.csv,御驾酒店,酒店住宿,舒适型酒店,119.763277,40.002312,hotel
poi_hotel.csv,秦皇岛紫澜香郡公寓,酒店住宿,舒适型酒店,119.4185,39.796741,hotel
poi_hotel.csv,北戴河忆海公寓,酒店住宿,舒适型酒店,119.505024,39.831852,hotel
poi_hotel.csv,骏怡连锁酒店,酒店住宿,舒适型酒店,119.480292,39.821429,hotel
poi_hotel.csv,北戴河菲尔海景酒店,酒店住宿,舒适型酒店,119.518488,39.820971,hotel
poi_hotel.csv,海悦观海公寓,酒店住宿,舒适型酒店,119.540436,39.912764,hotel
poi_hotel.csv,北戴河懒阳阳宾馆,酒店住宿,舒适型酒店,119.504684,39.826343,hotel
poi_hotel.csv,7天连锁酒店,酒店住宿,舒适型酒店,119.554108,39.932732,hotel
poi_hotel.csv,凯文海岸花园酒店,酒店住宿,高档型酒店,119.489453,39.815731,hotel
poi_hotel.csv,南戴河泊渡海景公寓,酒店住宿,舒适型酒店,119.43419,39.798512,hotel
poi_hotel.csv,北戴河莹莹家庭公寓,酒店住宿,舒适型酒店,119.522303,39.827746,hotel
poi_hotel.csv,北戴河好友之家公寓,酒店住宿,舒适型酒店,119.524056,39.823472,hotel
poi_hotel.csv,秦皇岛海之旅家庭公寓,酒店住宿,舒适型酒店,119.41274,39.801642,hotel
poi_hotel.csv,南戴河新姐海景公寓,酒店住宿,舒适型酒店,119.430013,39.800182,hotel
poi_hotel.csv,南戴河夏都海岸度假公寓,酒店住宿,舒适型酒店,119.420039,39.790051,hotel
poi_hotel.csv,海韵宾馆,酒店住宿,舒适型酒店,119.488893,39.814742,hotel
poi_hotel.csv,北戴河逸馨园,酒店住宿,舒适型酒店,119.498419,39.820363,hotel
poi_hotel.csv,花筑-北戴河轻舍民宿,酒店住宿,舒适型酒店,119.519744,39.82188,hotel
poi_hotel.csv,秦皇岛优蜜宾馆,酒店住宿,舒适型酒店,119.552402,39.931558,hotel
poi_hotel.csv,秦皇岛酉佳盈商务酒店,酒店住宿,舒适型酒店,119.795399,40.019917,hotel
poi_hotel.csv,星程酒店,酒店住宿,舒适型酒店,119.582893,39.934515,hotel
poi_hotel.csv,秦皇岛雪庐酒店,酒店住宿,舒适型酒店,119.600824,39.948082,hotel
poi_hotel.csv,秦皇岛那家海景公寓,酒店住宿,舒适型酒店,119.57379,39.910893,hotel
poi_hotel.csv,雅居快捷酒店,酒店住宿,舒适型酒店,119.61566,39.953794,hotel
poi_hotel.csv,山海关乐居民宿,酒店住宿,舒适型酒店,119.752988,40.006764,hotel
poi_hotel.csv,秦皇岛青朴居民宿,酒店住宿,舒适型酒店,119.753995,40.008918,hotel
poi_hotel.csv,南戴河联德酒店,酒店住宿,舒适型酒店,119.420269,39.79235,hotel
poi_hotel.csv,喆啡酒店,酒店住宿,舒适型酒店,119.602364,39.944214,hotel
poi_hotel.csv,南戴河一杯澜沐汐湾酒店,酒店住宿,舒适型酒店,119.388979,39.765498,hotel
poi_hotel.csv,秦皇岛人来人往海景公寓,酒店住宿,舒适型酒店,119.55764,39.914867,hotel
poi_hotel.csv,秦皇岛林海一线海景公寓,酒店住宿,舒适型酒店,119.559659,39.904784,hotel
poi_hotel.csv,秦皇岛沐泽民宿,酒店住宿,舒适型酒店,119.757322,39.966492,hotel
poi_hotel.csv,秦皇岛麦芽精品酒店,酒店住宿,舒适型酒店,119.528048,39.943341,hotel
poi_hotel.csv,秦皇岛乐享山海宾馆,酒店住宿,舒适型酒店,119.805286,39.978595,hotel
poi_hotel.csv,秦皇岛龙之轩优品公寓,酒店住宿,舒适型酒店,119.515441,39.908833,hotel
poi_hotel.csv,山海关亚克酒店,酒店住宿,舒适型酒店,119.81829,39.989723,hotel
poi_hotel.csv,花筑-北戴河素舍民宿,酒店住宿,舒适型酒店,119.421017,39.814108,hotel
poi_hotel.csv,南戴河吾乡别墅,酒店住宿,高档型酒店,119.403496,39.774956,hotel
poi_hotel.csv,山海关蓝湾海岸公寓,酒店住宿,舒适型酒店,119.803623,39.980646,hotel
poi_hotel.csv,秦皇岛万鸿快捷酒店,酒店住宿,舒适型酒店,119.770427,40.007454,hotel
poi_hotel.csv,北戴河乐途房车营地,酒店住宿,舒适型酒店,119.420349,39.816545,hotel
poi_hotel.csv,和颐至格酒店,酒店住宿,高档型酒店,119.52319,39.83498,hotel
poi_hotel.csv,秦皇岛一弦一住艺术民宿,酒店住宿,舒适型酒店,119.426081,39.864179,hotel
poi_hotel.csv,沐海时光宾馆,酒店住宿,舒适型酒店,119.504262,39.822393,hotel
poi_hotel.csv,北戴河致家宾馆,酒店住宿,舒适型酒店,119.503954,39.825885,hotel
poi_hotel.csv,北戴河圆梦宾馆,酒店住宿,舒适型酒店,119.50515,39.823856,hotel
poi_hotel.csv,夏途宾馆,酒店住宿,舒适型酒店,119.491145,39.820596,hotel
poi_hotel.csv,山海关海悦宾馆,酒店住宿,舒适型酒店,119.768027,40.001898,hotel
poi_hotel.csv,秦皇岛乐来快捷宾馆,酒店住宿,舒适型酒店,119.606931,39.929292,hotel
poi_hotel.csv,秦皇岛清良居民宿,酒店住宿,舒适型酒店,119.445575,39.840668,hotel
poi_hotel.csv,北戴河出海音乐客栈,酒店住宿,舒适型酒店,119.525163,39.827512,hotel
poi_hotel.csv,北戴河若水居家庭旅馆,酒店住宿,舒适型酒店,119.505414,39.826129,hotel
poi_hotel.csv,秦皇岛博轩家庭公寓,酒店住宿,舒适型酒店,119.414323,39.79802,hotel
poi_hotel.csv,秦皇岛刘群民宿,酒店住宿,舒适型酒店,119.46921,39.838219,hotel
poi_hotel.csv,秦皇岛优选近海公寓,酒店住宿,舒适型酒店,119.503427,39.834828,hotel
poi_hotel.csv,秦皇岛海沙舞商旅宾馆,酒店住宿,舒适型酒店,119.81053,39.997786,hotel
poi_hotel.csv,秦皇岛E80家庭公寓,酒店住宿,舒适型酒店,119.49582,39.83769,hotel
poi_hotel.csv,南戴河悦榕禅想民宿,酒店住宿,舒适型酒店,119.429999,39.800254,hotel
poi_hotel.csv,北戴河爱萍旅馆,酒店住宿,舒适型酒店,119.519893,39.828525,hotel
poi_hotel.csv,秦皇岛席昌盛酒店,酒店住宿,舒适型酒店,119.678941,39.977289,hotel
poi_hotel.csv,秦皇岛周奇民宿,酒店住宿,舒适型酒店,119.513845,39.830691,hotel
poi_hotel.csv,秦皇岛咱家公寓,酒店住宿,舒适型酒店,119.501605,39.8356,hotel
poi_hotel.csv,北戴河华秀旅馆,酒店住宿,舒适型酒店,119.484153,39.823656,hotel
poi_hotel.csv,秦皇岛木风酒店,酒店住宿,舒适型酒店,119.548534,39.906865,hotel
poi_hotel.csv,喆啡酒店,酒店住宿,舒适型酒店,119.569837,39.964028,hotel
poi_hotel.csv,北戴河张力旅馆,酒店住宿,舒适型酒店,119.443142,39.824268,hotel
poi_hotel.csv,北戴河小水滴宾馆,酒店住宿,舒适型酒店,119.504752,39.822991,hotel
poi_hotel.csv,南戴河小尹家庭旅馆,酒店住宿,舒适型酒店,119.424616,39.794862,hotel
poi_hotel.csv,北戴河怡海自助公寓,酒店住宿,舒适型酒店,119.505145,39.83246,hotel
poi_hotel.csv,北戴河海帝精品酒店,酒店住宿,舒适型酒店,119.517563,39.829859,hotel
poi_hotel.csv,北戴河天津老干部休养所7号楼,酒店住宿,舒适型酒店,119.48938,39.81606,hotel
poi_hotel.csv,北戴河东经路宾馆,酒店住宿,高档型酒店,119.497022,39.818835,hotel
poi_hotel.csv,尚客优连锁酒店,酒店住宿,舒适型酒店,119.592919,39.930679,hotel
poi_hotel.csv,北戴河昆鹏公寓,酒店住宿,舒适型酒店,119.499559,39.833241,hotel
poi_hotel.csv,南戴河玖鑫旅馆,酒店住宿,舒适型酒店,119.424761,39.795606,hotel
poi_hotel.csv,秦皇岛碧水华庭俱乐部,酒店住宿,舒适型酒店,119.558349,39.944787,hotel
poi_hotel.csv,北戴河清舟宾馆,酒店住宿,舒适型酒店,119.504946,39.822577,hotel
poi_hotel.csv,守环精品民宿,酒店住宿,舒适型酒店,119.504194,39.821176,hotel
poi_hotel.csv,7天连锁酒店,酒店住宿,舒适型酒店,119.564901,39.923545,hotel
poi_hotel.csv,南戴河海岛柒号农家院,酒店住宿,舒适型酒店,119.426479,39.796456,hotel
poi_hotel.csv,华驿酒店,酒店住宿,舒适型酒店,119.50557,39.825587,hotel
poi_hotel.csv,秦皇岛普晋宾馆,酒店住宿,舒适型酒店,119.774895,40.010084,hotel
poi_hotel.csv,山海关山友庭院民宿,酒店住宿,舒适型酒店,119.759157,40.003994,hotel
poi_hotel.csv,秦皇岛第一观公寓,酒店住宿,舒适型酒店,119.544497,39.896573,hotel
poi_hotel.csv,北戴河壹亩叁分地民宿,酒店住宿,舒适型酒店,119.424317,39.863067,hotel
poi_hotel.csv,北戴河半亩海精品别墅,酒店住宿,高档型酒店,119.515014,39.83271,hotel
poi_hotel.csv,格林豪泰智选酒店,酒店住宿,舒适型酒店,119.49327,39.833531,hotel
poi_hotel.csv,山海关悦庭栖迟精品客栈,酒店住宿,舒适型酒店,119.754964,40.00807,hotel
poi_hotel.csv,如家商旅酒店,酒店住宿,舒适型酒店,119.572667,39.957935,hotel
poi_hotel.csv,秦皇岛走走停停海景公寓,酒店住宿,舒适型酒店,119.5454,39.901728,hotel
poi_hotel.csv,秦皇岛金梦海湾诗海雅居海景度假公寓,酒店住宿,舒适型酒店,119.558422,39.907539,hotel
poi_hotel.csv,秦皇岛金桔酒店,酒店住宿,舒适型酒店,119.583538,39.948366,hotel
poi_hotel.csv,昌黎黄金海岸美丽的爱情海公寓,酒店住宿,舒适型酒店,119.303605,39.633948,hotel
poi_hotel.csv,昌黎玲玲晟禾公寓,酒店住宿,舒适型酒店,119.159911,39.696532,hotel
poi_hotel.csv,昌黎海泉阳光洗浴宾馆,酒店住宿,舒适型酒店,119.146975,39.621604,hotel
poi_hotel.csv,北戴河阿尔卡迪亚澳罗拉公寓,酒店住宿,舒适型酒店,119.304888,39.634258,hotel
poi_hotel.csv,格林豪泰快捷酒店,酒店住宿,舒适型酒店,119.191099,39.720597,hotel
poi_hotel.csv,昌黎启铭宾馆,酒店住宿,舒适型酒店,119.257047,39.685053,hotel
poi_hotel.csv,昌黎鑫博薇酒店式公寓,酒店住宿,舒适型酒店,119.33266,39.698491,hotel
poi_hotel.csv,昌黎东府商务酒店,酒店住宿,舒适型酒店,119.171601,39.716495,hotel
poi_hotel.csv,昌黎盛世?花园酒店,酒店住宿,舒适型酒店,119.168977,39.718668,hotel
poi_hotel.csv,昌黎阿卡海澜公寓,酒店住宿,舒适型酒店,119.303775,39.63407,hotel
poi_hotel.csv,昌黎天空之城轻奢客栈,酒店住宿,舒适型酒店,119.331124,39.697705,hotel
poi_hotel.csv,昌黎黄金海岸翡翠岛乔乔农家院,酒店住宿,舒适型酒店,119.22036,39.582057,hotel
poi_hotel.csv,昌黎国海酒店,酒店住宿,舒适型酒店,119.33556,39.698192,hotel
poi_hotel.csv,香纳森宾馆,酒店住宿,舒适型酒店,119.305173,39.658425,hotel
poi_hotel.csv,昌黎和顺祥酒店,酒店住宿,舒适型酒店,119.336677,39.703336,hotel
poi_hotel.csv,汉庭酒店,酒店住宿,舒适型酒店,119.165637,39.714252,hotel
poi_hotel.csv,昌黎金泽宾馆,酒店住宿,舒适型酒店,119.180097,39.725591,hotel
poi_hotel.csv,派酒店,酒店住宿,舒适型酒店,119.166899,39.707177,hotel
poi_hotel.csv,昌黎嘉泰酒庄假日酒店,酒店住宿,高档型酒店,119.206309,39.752552,hotel
poi_hotel.csv,尚客优连锁酒店,酒店住宿,舒适型酒店,119.172139,39.715548,hotel
poi_hotel.csv,秦皇岛龙腾海景酒店式公寓,酒店住宿,舒适型酒店,119.339182,39.707915,hotel
poi_hotel.csv,昌黎合盛酒店,酒店住宿,舒适型酒店,119.187886,39.719373,hotel
poi_hotel.csv,昌黎秉锴宾馆,酒店住宿,舒适型酒店,119.295526,39.705582,hotel
poi_hotel.csv,昌黎三十五號宅院,酒店住宿,舒适型酒店,119.3334,39.699217,hotel
poi_hotel.csv,昌黎漫时光酒店,酒店住宿,舒适型酒店,119.335954,39.702909,hotel
poi_hotel.csv,昌黎益民宾馆,酒店住宿,舒适型酒店,119.166522,39.707306,hotel
poi_hotel.csv,龙玺渡假酒店,酒店住宿,高档型酒店,119.80693,39.979664,hotel
poi_hotel.csv,北戴河岸恋宾馆,酒店住宿,舒适型酒店,119.505297,39.824279,hotel
poi_hotel.csv,北戴河灵阳近海家庭公寓,酒店住宿,舒适型酒店,119.505319,39.832681,hotel
poi_hotel.csv,学之成快捷宾馆,酒店住宿,舒适型酒店,119.607867,39.931047,hotel
poi_hotel.csv,博莹宾馆,酒店住宿,舒适型酒店,119.755651,39.96645,hotel
poi_hotel.csv,文彬消夏旅馆,酒店住宿,舒适型酒店,119.41689,39.814148,hotel
poi_hotel.csv,天天快捷宾馆,酒店住宿,舒适型酒店,119.588689,39.932128,hotel
poi_hotel.csv,北戴河新华假日酒店,酒店住宿,高档型酒店,119.493388,39.819654,hotel
poi_hotel.csv,瀚海楼宾馆,酒店住宿,舒适型酒店,119.771817,40.005336,hotel
poi_hotel.csv,怪楼奇园酒店,酒店住宿,高档型酒店,119.499929,39.826281,hotel
poi_hotel.csv,春玲宾馆,酒店住宿,舒适型酒店,119.448146,39.812052,hotel
poi_hotel.csv,清姐度假别墅,酒店住宿,舒适型酒店,119.328164,39.69855,hotel
poi_hotel.csv,秦皇岛河船重工培训中心,酒店住宿,舒适型酒店,119.329985,39.698547,hotel
poi_hotel.csv,长城酒店,酒店住宿,高档型酒店,119.59648,39.953447,hotel
poi_hotel.csv,海之歌家庭旅馆,酒店住宿,舒适型酒店,119.425277,39.795535,hotel
poi_hotel.csv,新南戴河国际娱乐中心水乡庄园,酒店住宿,舒适型酒店,119.351649,39.734439,hotel
poi_hotel.csv,戴维斯百年名人别墅,酒店住宿,舒适型酒店,119.523128,39.816504,hotel
poi_hotel.csv,花筑-北戴河Sala私人酒店,酒店住宿,舒适型酒店,119.481549,39.82806,hotel
poi_hotel.csv,信波公寓,酒店住宿,舒适型酒店,119.526231,39.826931,hotel
poi_hotel.csv,李元旅馆,酒店住宿,舒适型酒店,119.483237,39.824475,hotel
poi_hotel.csv,静悦旅馆,酒店住宿,舒适型酒店,119.412976,39.789151,hotel
poi_hotel.csv,学忠旅馆,酒店住宿,舒适型酒店,119.332045,39.733667,hotel
poi_hotel.csv,渔夫农家宾馆,酒店住宿,舒适型酒店,119.318462,39.726973,hotel
poi_hotel.csv,鼓楼宾馆,酒店住宿,舒适型酒店,119.162065,39.710754,hotel
poi_hotel.csv,广禄旅馆,酒店住宿,舒适型酒店,119.625518,39.93359,hotel
poi_hotel.csv,林涛宾馆,酒店住宿,舒适型酒店,119.338351,39.707371,hotel
poi_hotel.csv,志强宾馆,酒店住宿,舒适型酒店,119.301047,39.700246,hotel
poi_hotel.csv,演逸宾馆,酒店住宿,舒适型酒店,119.544218,39.900898,hotel
poi_hotel.csv,康居旅馆,酒店住宿,舒适型酒店,119.413593,39.789201,hotel
poi_hotel.csv,北戴河尼莫客栈,酒店住宿,舒适型酒店,119.506217,39.827518,hotel
poi_hotel.csv,林炎旅馆,酒店住宿,舒适型酒店,119.424379,39.798673,hotel
poi_hotel.csv,王桂玲民宿,酒店住宿,舒适型酒店,119.468087,39.842516,hotel
poi_hotel.csv,成荣民宿,酒店住宿,舒适型酒店,119.464009,39.837758,hotel
poi_hotel.csv,快乐驿站管理员的民宿,酒店住宿,舒适型酒店,119.609863,39.930678,hotel
poi_hotel.csv,南屋客栈,酒店住宿,舒适型酒店,119.417391,39.791579,hotel
poi_hotel.csv,刘文涛民宿,酒店住宿,舒适型酒店,119.463829,39.846196,hotel
poi_hotel.csv,卢闯宾馆,酒店住宿,舒适型酒店,119.46893,39.83873,hotel
poi_hotel.csv,海霞旅馆,酒店住宿,舒适型酒店,119.477684,39.823872,hotel
poi_hotel.csv,席昌盛酒店,酒店住宿,舒适型酒店,119.678983,39.977195,hotel
poi_hotel.csv,海安农家院,酒店住宿,舒适型酒店,119.469652,39.840351,hotel
poi_hotel.csv,南戴河利娟旅馆,酒店住宿,舒适型酒店,119.424865,39.795198,hotel
poi_hotel.csv,北戴河浪漫海宾馆,酒店住宿,舒适型酒店,119.505773,39.824668,hotel
poi_hotel.csv,秀琴旅馆,酒店住宿,舒适型酒店,119.486009,39.827659,hotel
poi_hotel.csv,正军民宿,酒店住宿,舒适型酒店,119.468823,39.839412,hotel
poi_hotel.csv,近海民宿,酒店住宿,舒适型酒店,119.503515,39.837953,hotel
poi_hotel.csv,筑友旅馆,酒店住宿,舒适型酒店,119.485381,39.818689,hotel
poi_hotel.csv,秋军假日宾馆,酒店住宿,舒适型酒店,119.446758,39.811756,hotel
poi_hotel.csv,黄金海岸丽国农家院,酒店住宿,舒适型酒店,119.325465,39.727456,hotel
poi_hotel.csv,德园酒店,酒店住宿,舒适型酒店,119.488622,39.817239,hotel
poi_hotel.csv,北戴河同家宾馆,酒店住宿,舒适型酒店,119.494278,39.845054,hotel
poi_hotel.csv,妍希旅馆,酒店住宿,舒适型酒店,119.451684,39.809656,hotel
poi_hotel.csv,白素香旅馆,酒店住宿,舒适型酒店,119.4857,39.827692,hotel
poi_hotel.csv,庆江民宿,酒店住宿,舒适型酒店,119.481637,39.824775,hotel
poi_hotel.csv,悦客宾馆,酒店住宿,舒适型酒店,119.426998,39.794159,hotel
poi_hotel.csv,玲娜旅馆,酒店住宿,舒适型酒店,119.478499,39.825475,hotel
poi_hotel.csv,振敏民宿,酒店住宿,舒适型酒店,119.478848,39.825059,hotel
poi_hotel.csv,秦皇岛佳盈宾馆,酒店住宿,舒适型酒店,119.419652,39.848871,hotel
poi_hotel.csv,泉海旅馆,酒店住宿,舒适型酒店,119.481501,39.822271,hotel
poi_hotel.csv,依山傍水宾馆,酒店住宿,舒适型酒店,119.420493,39.815011,hotel
poi_hotel.csv,泽葆宾馆,酒店住宿,舒适型酒店,119.301294,39.700247,hotel
poi_hotel.csv,蓝屿酒店,酒店住宿,舒适型酒店,119.52103,39.827555,hotel
poi_hotel.csv,亚东民宿,酒店住宿,舒适型酒店,119.470921,39.840628,hotel
poi_hotel.csv,旭滨旅馆,酒店住宿,舒适型酒店,119.491533,39.835453,hotel
poi_hotel.csv,优觅民宿,酒店住宿,舒适型酒店,119.520219,39.82814,hotel
poi_hotel.csv,北戴河结庐精品酒店,酒店住宿,豪华型酒店,119.506322,39.822441,hotel
poi_hotel.csv,华盟宾馆,酒店住宿,舒适型酒店,119.424533,39.851483,hotel
poi_hotel.csv,东源宾馆,酒店住宿,舒适型酒店,119.304808,39.700577,hotel
poi_hotel.csv,君亿旅馆,酒店住宿,舒适型酒店,119.464681,39.83758,hotel
poi_hotel.csv,滨滨民宿,酒店住宿,舒适型酒店,119.467637,39.842187,hotel
poi_hotel.csv,京药宾馆,酒店住宿,舒适型酒店,119.508856,39.824091,hotel
poi_hotel.csv,秦皇岛李春杰渔家院,酒店住宿,舒适型酒店,119.765221,39.96297,hotel
poi_hotel.csv,立凯农家院,酒店住宿,舒适型酒店,119.765831,39.962822,hotel
poi_hotel.csv,爱尚小岛精品度假公寓,酒店住宿,舒适型酒店,119.54196,39.912979,hotel
poi_hotel.csv,常晓跃旅馆,酒店住宿,舒适型酒店,119.493987,39.839048,hotel
poi_hotel.csv,渔家农家院,酒店住宿,舒适型酒店,119.305246,39.679724,hotel
poi_hotel.csv,海澜农家院,酒店住宿,舒适型酒店,119.335459,39.702604,hotel
poi_hotel.csv,倚海观澜客栈,酒店住宿,舒适型酒店,119.48093,39.822249,hotel
poi_hotel.csv,任权宾馆,酒店住宿,舒适型酒店,119.762581,39.965152,hotel
poi_hotel.csv,秦皇岛望海阁时尚度假公寓,酒店住宿,舒适型酒店,119.502739,39.8375,hotel
poi_hotel.csv,秦皇国际地中海风情海景公寓,酒店住宿,舒适型酒店,119.565741,39.91053,hotel
poi_hotel.csv,秦皇岛爱情公寓,酒店住宿,舒适型酒店,119.615948,39.954018,hotel
poi_hotel.csv,瑞程民宿,酒店住宿,舒适型酒店,119.422735,39.813504,hotel
poi_hotel.csv,美秋农家院,酒店住宿,舒适型酒店,119.46507,39.839075,hotel
poi_hotel.csv,雅逸居宾馆,酒店住宿,舒适型酒店,119.504172,39.823885,hotel
poi_hotel.csv,秦皇岛小花朵朵农家院,酒店住宿,舒适型酒店,119.766397,39.963459,hotel
poi_hotel.csv,宴友假日酒店,酒店住宿,舒适型酒店,119.603731,39.928901,hotel
poi_hotel.csv,海梦缘宾馆,酒店住宿,舒适型酒店,119.504712,39.824392,hotel
poi_hotel.csv,世纪海洋花园公寓,酒店住宿,舒适型酒店,119.544315,39.900711,hotel
poi_hotel.csv,北戴河王品良近海家庭旅馆,酒店住宿,舒适型酒店,119.505844,39.826715,hotel
poi_hotel.csv,海燕快捷酒店,酒店住宿,舒适型酒店,119.506965,39.826626,hotel
poi_hotel.csv,中隆宾馆,酒店住宿,舒适型酒店,119.492321,39.819122,hotel
poi_hotel.csv,王秋林农家院,酒店住宿,舒适型酒店,119.76662,39.96325,hotel
poi_hotel.csv,假日蓝湾海景家庭公寓,酒店住宿,舒适型酒店,119.805028,39.981529,hotel
poi_hotel.csv,舒合宾馆,酒店住宿,舒适型酒店,119.479971,39.822699,hotel
poi_hotel.csv,丽海源酒店,酒店住宿,舒适型酒店,119.280053,39.58975,hotel
poi_hotel.csv,居然宾馆,酒店住宿,舒适型酒店,119.427876,39.85232,hotel
poi_hotel.csv,奥体欧式观海公寓,酒店住宿,舒适型酒店,119.546248,39.905897,hotel
poi_hotel.csv,美景度假公寓,酒店住宿,舒适型酒店,119.505986,39.834804,hotel
poi_hotel.csv,观海阁度假海景公寓,酒店住宿,舒适型酒店,119.555636,39.904657,hotel
poi_hotel.csv,爽佳民宿,酒店住宿,舒适型酒店,119.467995,39.840081,hotel
poi_hotel.csv,于洪星旅馆,酒店住宿,舒适型酒店,119.467938,39.838487,hotel
poi_hotel.csv,中矿宾馆,酒店住宿,舒适型酒店,119.431967,39.800677,hotel
poi_hotel.csv,鑫悦宾馆,酒店住宿,舒适型酒店,119.414485,39.788716,hotel
poi_hotel.csv,绿岛白帆假日酒店,酒店住宿,舒适型酒店,119.337966,39.710521,hotel
poi_hotel.csv,庆公辕旅馆,酒店住宿,舒适型酒店,119.488002,39.836157,hotel
poi_hotel.csv,刘群民宿,酒店住宿,舒适型酒店,119.465258,39.838087,hotel
poi_hotel.csv,甄馨旅馆,酒店住宿,舒适型酒店,119.494585,39.822646,hotel
poi_hotel.csv,轻住-馥-HOTEL酒店,酒店住宿,舒适型酒店,119.496863,39.818079,hotel
poi_hotel.csv,丽滨家庭旅馆,酒店住宿,舒适型酒店,119.493467,39.838117,hotel
poi_hotel.csv,温素艳家庭旅馆,酒店住宿,舒适型酒店,119.478872,39.824919,hotel
poi_hotel.csv,鑫悦湾-庭院美宿,酒店住宿,舒适型酒店,119.52542,39.827619,hotel
poi_hotel.csv,德鸿旅馆,酒店住宿,舒适型酒店,119.489076,39.816337,hotel
poi_hotel.csv,阳光海岸客栈,酒店住宿,舒适型酒店,119.507071,39.826829,hotel
poi_hotel.csv,绍明旅馆,酒店住宿,舒适型酒店,119.489226,39.844805,hotel
poi_hotel.csv,冰月宾馆,酒店住宿,舒适型酒店,119.446639,39.810821,hotel
poi_hotel.csv,香海农家院,酒店住宿,舒适型酒店,119.321338,39.727037,hotel
poi_hotel.csv,云城商务酒店,酒店住宿,舒适型酒店,119.220634,39.693234,hotel
poi_hotel.csv,昌黎萍成农家院,酒店住宿,舒适型酒店,119.325686,39.724999,hotel
poi_hotel.csv,半夏客栈,酒店住宿,舒适型酒店,119.505734,39.827067,hotel
poi_hotel.csv,微园旅游庄园,酒店住宿,舒适型酒店,119.328104,39.70158,hotel
poi_hotel.csv,和颐至格酒店,酒店住宿,高档型酒店,119.5232,39.83473,hotel
poi_hotel.csv,张滨生旅馆,酒店住宿,舒适型酒店,119.48608,39.819941,hotel
poi_hotel.csv,刘庄高国义临海家庭旅馆,酒店住宿,舒适型酒店,119.504386,39.827102,hotel
poi_hotel.csv,赵春华旅馆,酒店住宿,舒适型酒店,119.485528,39.827396,hotel
poi_hotel.csv,星河宾馆,酒店住宿,舒适型酒店,119.504063,39.821586,hotel
poi_hotel.csv,月芽儿宾馆,酒店住宿,舒适型酒店,119.505444,39.824687,hotel
poi_hotel.csv,精灵海岸近海公寓,酒店住宿,舒适型酒店,119.504184,39.836258,hotel
poi_hotel.csv,海天一色海景酒店式公寓,酒店住宿,舒适型酒店,119.558773,39.907598,hotel
poi_hotel.csv,赤土山滨海园近海公寓,酒店住宿,舒适型酒店,119.504545,39.834104,hotel
poi_hotel.csv,北戴河度假公寓,酒店住宿,舒适型酒店,119.431732,39.852935,hotel
poi_hotel.csv,观海阁客栈,酒店住宿,舒适型酒店,119.484228,39.822977,hotel
poi_hotel.csv,慕斯海景度假公寓,酒店住宿,舒适型酒店,119.555554,39.904757,hotel
poi_hotel.csv,北戴河慧超宾馆,酒店住宿,舒适型酒店,119.481916,39.823362,hotel
poi_hotel.csv,滑石山庄,酒店住宿,舒适型酒店,119.149366,39.827148,hotel
poi_hotel.csv,新军民宿,酒店住宿,舒适型酒店,119.489137,39.875336,hotel
poi_hotel.csv,K设计师酒店,酒店住宿,舒适型酒店,119.490159,39.815669,hotel
poi_hotel.csv,泽会宾馆,酒店住宿,舒适型酒店,119.50467,39.822028,hotel
poi_hotel.csv,爱屋日租公寓,酒店住宿,舒适型酒店,119.187808,39.718039,hotel
poi_hotel.csv,鑫馨苑家庭公寓,酒店住宿,舒适型酒店,119.504161,39.836277,hotel
poi_hotel.csv,兰墨缘客栈,酒店住宿,舒适型酒店,119.479503,39.824551,hotel
poi_hotel.csv,秦皇岛普澜亚国际体育主题酒店,酒店住宿,舒适型酒店,119.566135,39.918226,hotel
poi_hotel.csv,秦皇岛馨宿精品休闲公寓,酒店住宿,舒适型酒店,119.558643,39.907495,hotel
poi_hotel.csv,完美假日海景公寓,酒店住宿,舒适型酒店,119.555562,39.904535,hotel
poi_hotel.csv,翰林假日宾馆,酒店住宿,舒适型酒店,119.42087,39.849499,hotel
poi_hotel.csv,牧海精品公寓,酒店住宿,舒适型酒店,119.503163,39.821864,hotel
poi_hotel.csv,常莉客栈,酒店住宿,舒适型酒店,119.504753,39.821906,hotel
poi_hotel.csv,北戴河自驾度假公寓,酒店住宿,舒适型酒店,119.505534,39.838106,hotel
poi_hotel.csv,清湖洗浴中心客房,酒店住宿,舒适型酒店,119.587093,39.942169,hotel
poi_hotel.csv,由米望海海景公寓,酒店住宿,舒适型酒店,119.572505,39.911106,hotel
poi_hotel.csv,顺盛民宿,酒店住宿,舒适型酒店,119.485428,39.821853,hotel
poi_hotel.csv,映海宾馆,酒店住宿,舒适型酒店,119.503921,39.824602,hotel
poi_hotel.csv,恋上观海公寓,酒店住宿,舒适型酒店,119.545145,39.914444,hotel
poi_hotel.csv,御驾酒店,酒店住宿,舒适型酒店,119.763361,40.001961,hotel
poi_hotel.csv,冯东宾馆,酒店住宿,舒适型酒店,119.483821,39.821284,hotel
poi_hotel.csv,雅茹宾馆,酒店住宿,舒适型酒店,119.506208,39.825231,hotel
poi_hotel.csv,蓝莎快捷酒店,酒店住宿,舒适型酒店,119.48978,39.82235,hotel
poi_hotel.csv,敬雯民宿,酒店住宿,舒适型酒店,119.490122,39.835802,hotel
poi_hotel.csv,静好民宿,酒店住宿,舒适型酒店,119.420495,39.815293,hotel
poi_hotel.csv,蓝海风情海景公寓,酒店住宿,舒适型酒店,119.564744,39.910071,hotel
poi_hotel.csv,南戴河馨润海岸酒店,酒店住宿,舒适型酒店,119.432242,39.797802,hotel
poi_hotel.csv,鑫涛宾馆,酒店住宿,舒适型酒店,118.875944,39.706442,hotel
poi_hotel.csv,海逸宾馆,酒店住宿,舒适型酒店,119.765161,40.00266,hotel
poi_hotel.csv,静静日租公寓,酒店住宿,舒适型酒店,119.158927,39.692987,hotel
poi_hotel.csv,冯志敏家庭旅馆,酒店住宿,舒适型酒店,119.48329,39.824978,hotel
poi_hotel.csv,韩艳君民宿,酒店住宿,舒适型酒店,119.504439,39.819398,hotel
poi_hotel.csv,铭信民宿,酒店住宿,舒适型酒店,119.775851,39.97532,hotel
poi_hotel.csv,百合民宿,酒店住宿,舒适型酒店,119.188043,39.718593,hotel
poi_hotel.csv,永发农家院,酒店住宿,舒适型酒店,119.331279,40.06294,hotel
poi_hotel.csv,遇见客栈,酒店住宿,舒适型酒店,119.500477,39.827749,hotel
poi_hotel.csv,若邻沧海宾馆,酒店住宿,舒适型酒店,119.504905,39.823018,hotel
poi_hotel.csv,友长日租公寓,酒店住宿,舒适型酒店,119.188216,39.718166,hotel
poi_hotel.csv,昌黎晗语宾馆,酒店住宿,舒适型酒店,119.189814,39.717333,hotel
poi_hotel.csv,东港宾馆,酒店住宿,舒适型酒店,119.624712,39.931056,hotel
poi_hotel.csv,盈轩民宿,酒店住宿,舒适型酒店,119.482289,39.825348,hotel
poi_hotel.csv,晟禾玖豪日租公寓,酒店住宿,舒适型酒店,119.160044,39.697099,hotel
poi_hotel.csv,花千墅精品民宿,酒店住宿,舒适型酒店,119.492498,39.833206,hotel
poi_hotel.csv,乐陶酒店,酒店住宿,舒适型酒店,119.505608,39.825338,hotel
poi_hotel.csv,3568客栈,酒店住宿,舒适型酒店,119.482144,39.824343,hotel
poi_hotel.csv,琪悦宾馆,酒店住宿,舒适型酒店,119.504221,39.823165,hotel
poi_hotel.csv,祥年民宿,酒店住宿,舒适型酒店,119.449822,39.811918,hotel
poi_hotel.csv,双梓民宿,酒店住宿,舒适型酒店,119.503729,39.824849,hotel
poi_hotel.csv,驿旅阳光近海家庭公寓,酒店住宿,舒适型酒店,119.42262,39.796879,hotel
poi_hotel.csv,汐默精品酒店,酒店住宿,舒适型酒店,119.505947,39.824188,hotel
poi_hotel.csv,莹瑞民宿,酒店住宿,舒适型酒店,119.504043,39.826295,hotel
poi_hotel.csv,程顺宾馆,酒店住宿,舒适型酒店,119.50706,39.827082,hotel
poi_hotel.csv,王丽华海边家庭旅馆,酒店住宿,舒适型酒店,119.470146,39.840235,hotel
poi_hotel.csv,文波旅馆,酒店住宿,舒适型酒店,119.468671,39.8391,hotel
poi_hotel.csv,祥海宾馆,酒店住宿,舒适型酒店,119.504345,39.822038,hotel
poi_hotel.csv,时间海观海公寓,酒店住宿,舒适型酒店,119.557761,39.91504,hotel
poi_hotel.csv,刘秀芳家庭旅馆,酒店住宿,舒适型酒店,119.506849,39.827241,hotel
poi_hotel.csv,平美旅馆,酒店住宿,舒适型酒店,119.424467,39.795211,hotel
poi_hotel.csv,宁静特色客栈,酒店住宿,舒适型酒店,119.483895,39.823174,hotel
poi_hotel.csv,秦皇岛凯蓝农家院,酒店住宿,舒适型酒店,119.762881,39.964783,hotel
poi_hotel.csv,海之声宾馆,酒店住宿,舒适型酒店,119.476225,39.821917,hotel
poi_hotel.csv,希凤家庭旅馆,酒店住宿,舒适型酒店,119.504367,39.826633,hotel
poi_hotel.csv,星光家庭公寓,酒店住宿,舒适型酒店,119.54404,39.901258,hotel
poi_hotel.csv,优蜜快捷宾馆,酒店住宿,舒适型酒店,119.552267,39.931627,hotel
poi_hotel.csv,刘志丹旅馆,酒店住宿,舒适型酒店,119.505209,39.826701,hotel
poi_hotel.csv,南戴河新海浪屿酒店,酒店住宿,舒适型酒店,119.417863,39.789573,hotel
poi_hotel.csv,易坤阁别墅,酒店住宿,舒适型酒店,119.416733,39.813702,hotel
poi_hotel.csv,丽凯宾馆,酒店住宿,舒适型酒店,119.524608,39.827692,hotel
poi_hotel.csv,刘民然旅馆,酒店住宿,舒适型酒店,119.505779,39.826722,hotel
poi_hotel.csv,佳妮宾馆,酒店住宿,舒适型酒店,119.490169,39.846787,hotel
poi_hotel.csv,品艳宾馆,酒店住宿,舒适型酒店,119.49274,39.838058,hotel
poi_hotel.csv,玉荣旅馆,酒店住宿,舒适型酒店,119.520802,39.827839,hotel
poi_hotel.csv,兴旺渔家院,酒店住宿,舒适型酒店,119.763941,39.96415,hotel
poi_hotel.csv,星海阁旅馆,酒店住宿,舒适型酒店,119.506565,39.827147,hotel
poi_hotel.csv,温馨家园旅馆,酒店住宿,舒适型酒店,119.506853,39.827465,hotel
poi_hotel.csv,菊菊民宿,酒店住宿,舒适型酒店,119.423068,39.812858,hotel
poi_hotel.csv,友客宾馆,酒店住宿,舒适型酒店,119.505908,39.824608,hotel
poi_hotel.csv,杨淑珍家庭宾馆,酒店住宿,舒适型酒店,119.521528,39.828306,hotel
poi_hotel.csv,嘉跃宾馆,酒店住宿,舒适型酒店,119.483573,39.8173,hotel
poi_hotel.csv,蓝之梦主题客栈,酒店住宿,舒适型酒店,119.506368,39.827304,hotel
poi_hotel.csv,北戴河天津市老干部休养所,酒店住宿,舒适型酒店,119.489353,39.815895,hotel
poi_hotel.csv,杰姆家庭旅馆,酒店住宿,舒适型酒店,119.759823,40.004712,hotel
poi_hotel.csv,连庆民宿,酒店住宿,舒适型酒店,119.440483,39.812932,hotel
poi_hotel.csv,妮雅民宿,酒店住宿,舒适型酒店,119.486746,39.820036,hotel
poi_hotel.csv,九爱民宿,酒店住宿,舒适型酒店,119.467536,39.842065,hotel
poi_hotel.csv,北戴河滨航旅馆,酒店住宿,舒适型酒店,119.48233,39.821915,hotel
poi_hotel.csv,桂琴家庭宾馆,酒店住宿,舒适型酒店,119.52047,39.82774,hotel
poi_hotel.csv,富余快捷宾馆,酒店住宿,舒适型酒店,119.188994,39.718852,hotel
poi_hotel.csv,盛海假日旅馆,酒店住宿,舒适型酒店,119.412821,39.790469,hotel
poi_hotel.csv,中电宾馆,酒店住宿,舒适型酒店,119.770069,40.007971,hotel
poi_hotel.csv,枫雅主题宾馆,酒店住宿,舒适型酒店,119.503828,39.82482,hotel
poi_hotel.csv,俊良旅馆,酒店住宿,舒适型酒店,119.478539,39.824008,hotel
poi_hotel.csv,玖玥旅馆,酒店住宿,舒适型酒店,119.4777,39.822446,hotel
poi_hotel.csv,我爱我家家庭旅馆,酒店住宿,舒适型酒店,119.504463,39.826654,hotel
poi_hotel.csv,老龙头海景别墅,酒店住宿,舒适型酒店,119.804374,39.977866,hotel
poi_hotel.csv,国顺宾馆,酒店住宿,舒适型酒店,119.419426,39.815124,hotel
poi_hotel.csv,武惠渔家院,酒店住宿,舒适型酒店,119.763209,39.964898,hotel
poi_hotel.csv,朋志民宿,酒店住宿,舒适型酒店,119.467097,39.839518,hotel
poi_hotel.csv,逅米旅馆,酒店住宿,舒适型酒店,119.505044,39.822909,hotel
poi_hotel.csv,朱春霞家庭旅馆,酒店住宿,舒适型酒店,119.507035,39.827337,hotel
poi_hotel.csv,盛雅旅馆,酒店住宿,舒适型酒店,119.483978,39.823109,hotel
poi_hotel.csv,张桂兰宾馆,酒店住宿,舒适型酒店,119.504703,39.821807,hotel
poi_hotel.csv,四海旅馆,酒店住宿,舒适型酒店,119.483782,39.823245,hotel
poi_hotel.csv,德英旅馆,酒店住宿,舒适型酒店,119.418122,39.814971,hotel
poi_hotel.csv,彩云阁宾馆,酒店住宿,舒适型酒店,119.503687,39.823999,hotel
poi_hotel.csv,友好渔家院,酒店住宿,舒适型酒店,119.766715,39.963267,hotel
poi_hotel.csv,伊健民宿,酒店住宿,舒适型酒店,119.47809,39.82293,hotel
poi_hotel.csv,百纳农家院,酒店住宿,舒适型酒店,119.267907,39.605645,hotel
poi_hotel.csv,秀丽农家院,酒店住宿,舒适型酒店,119.765352,39.962377,hotel
poi_hotel.csv,刘爱琴旅馆,酒店住宿,舒适型酒店,119.500147,39.827951,hotel
poi_hotel.csv,尚游精品客栈,酒店住宿,舒适型酒店,119.50509,39.826502,hotel
poi_hotel.csv,龙观海农家院,酒店住宿,舒适型酒店,119.795415,39.974147,hotel
poi_hotel.csv,语格主题客栈,酒店住宿,舒适型酒店,119.483538,39.825028,hotel
poi_hotel.csv,菲尔海景酒店,酒店住宿,舒适型酒店,119.518772,39.82113,hotel
poi_hotel.csv,黄金海岸翡翠岛红悦农家院,酒店住宿,舒适型酒店,119.219219,39.57435,hotel
poi_hotel.csv,东楼宾馆,酒店住宿,舒适型酒店,119.524749,39.824628,hotel
poi_hotel.csv,日光海宾馆,酒店住宿,舒适型酒店,119.500241,39.827085,hotel
poi_hotel.csv,鹏量宾馆,酒店住宿,舒适型酒店,119.325248,39.727619,hotel
poi_hotel.csv,富强宾馆,酒店住宿,舒适型酒店,119.504315,39.821767,hotel
poi_hotel.csv,陈静姣民宿,酒店住宿,舒适型酒店,119.477344,39.823703,hotel
poi_hotel.csv,秦皇岛任起祥渔家院,酒店住宿,舒适型酒店,119.763802,39.964823,hotel
poi_hotel.csv,嘟嘟快捷宾馆,酒店住宿,舒适型酒店,119.494558,39.822606,hotel
poi_hotel.csv,秦皇岛秀丽家庭旅馆,酒店住宿,舒适型酒店,119.479645,39.82467,hotel
poi_hotel.csv,聚滨主题宾馆,酒店住宿,舒适型酒店,119.50735,39.827632,hotel
poi_hotel.csv,刘庄侯林旅馆,酒店住宿,舒适型酒店,119.505435,39.826627,hotel
poi_hotel.csv,何艳芳宾馆,酒店住宿,舒适型酒店,119.5046,39.822842,hotel
poi_hotel.csv,日出海景公寓,酒店住宿,舒适型酒店,119.806045,39.979661,hotel
poi_hotel.csv,海岛佳缘宾馆,酒店住宿,舒适型酒店,119.506263,39.827125,hotel
poi_hotel.csv,吉美酒店,酒店住宿,舒适型酒店,119.503667,39.824942,hotel
poi_hotel.csv,馨海宾馆,酒店住宿,舒适型酒店,119.506586,39.827802,hotel
poi_hotel.csv,广富民宿,酒店住宿,舒适型酒店,119.489173,39.836947,hotel
poi_hotel.csv,假日临海公寓,酒店住宿,舒适型酒店,119.807159,39.980011,hotel
poi_hotel.csv,刘艳玲旅馆,酒店住宿,舒适型酒店,119.481891,39.823938,hotel
poi_hotel.csv,慕君家庭旅馆,酒店住宿,舒适型酒店,119.504333,39.826854,hotel
poi_hotel.csv,书香山海酒店,酒店住宿,舒适型酒店,119.75492,40.009851,hotel
poi_hotel.csv,惠天度假酒店,酒店住宿,舒适型酒店,119.791577,39.971457,hotel
poi_hotel.csv,鑫鸽日出客栈,酒店住宿,舒适型酒店,119.524942,39.835181,hotel
poi_hotel.csv,云梦海宾馆,酒店住宿,舒适型酒店,119.505171,39.824473,hotel
poi_hotel.csv,安也主题客栈,酒店住宿,舒适型酒店,119.505431,39.827235,hotel
poi_hotel.csv,古澜民宿,酒店住宿,舒适型酒店,119.422859,39.812964,hotel
poi_hotel.csv,山海时光宾馆,酒店住宿,舒适型酒店,119.503989,39.82509,hotel
poi_hotel.csv,临海听涛酒店,酒店住宿,高档型酒店,119.418041,39.791829,hotel
poi_hotel.csv,瑞吉宾馆,酒店住宿,舒适型酒店,119.504869,39.822801,hotel
poi_hotel.csv,明扬宾馆,酒店住宿,舒适型酒店,119.506051,39.827782,hotel
poi_hotel.csv,初见客栈,酒店住宿,舒适型酒店,119.482074,39.821522,hotel
poi_hotel.csv,欧式风情观海公寓,酒店住宿,舒适型酒店,119.54629,39.905779,hotel
poi_hotel.csv,大榆树农家院,酒店住宿,舒适型酒店,119.768069,39.96413,hotel
poi_hotel.csv,克俭农家院,酒店住宿,舒适型酒店,119.448062,39.810673,hotel
poi_hotel.csv,别漾民宿,酒店住宿,舒适型酒店,119.419703,39.815362,hotel
poi_hotel.csv,宸居瑧苑唐风客栈,酒店住宿,舒适型酒店,119.422478,39.813083,hotel
poi_hotel.csv,倚海居宾馆,酒店住宿,舒适型酒店,119.505102,39.824352,hotel
poi_hotel.csv,靓靓旅馆,酒店住宿,舒适型酒店,119.484216,39.823175,hotel
poi_hotel.csv,王建伟旅馆,酒店住宿,舒适型酒店,119.478111,39.822459,hotel
poi_hotel.csv,天际线主题宾馆,酒店住宿,舒适型酒店,119.504017,39.824555,hotel
poi_hotel.csv,李超家庭旅馆,酒店住宿,舒适型酒店,119.50669,39.827189,hotel
poi_hotel.csv,紫澜香郡花园酒店式公寓,酒店住宿,舒适型酒店,119.418979,39.797205,hotel
poi_hotel.csv,天海一色民宿,酒店住宿,舒适型酒店,119.506416,39.827498,hotel
poi_hotel.csv,北戴河优佳民宿,酒店住宿,舒适型酒店,119.482052,39.82449,hotel
poi_hotel.csv,格楠快捷宾馆,酒店住宿,舒适型酒店,119.189077,39.717516,hotel
poi_hotel.csv,红霞宾馆,酒店住宿,舒适型酒店,119.506639,39.827819,hotel
poi_hotel.csv,峦海小巷宾馆,酒店住宿,舒适型酒店,119.505486,39.827748,hotel
poi_hotel.csv,北戴河亚地宾馆,酒店住宿,舒适型酒店,119.506071,39.824539,hotel
poi_hotel.csv,七色花客栈,酒店住宿,舒适型酒店,119.502795,39.822058,hotel
poi_hotel.csv,秦皇岛美度酒店式公寓,酒店住宿,舒适型酒店,119.558521,39.906752,hotel
poi_hotel.csv,夏都海岸美佳-HOME海景公寓,酒店住宿,高档型酒店,119.419883,39.790376,hotel
poi_hotel.csv,伊芙宾馆,酒店住宿,舒适型酒店,119.504405,39.822993,hotel
poi_hotel.csv,秦海海景公寓,酒店住宿,舒适型酒店,119.536095,39.894824,hotel
poi_hotel.csv,鸿福商务宾馆,酒店住宿,舒适型酒店,119.561293,39.92495,hotel
poi_hotel.csv,春光小镇客栈,酒店住宿,舒适型酒店,119.482152,39.8241,hotel
poi_hotel.csv,秦皇岛汇宾饭店,酒店住宿,舒适型酒店,119.618593,39.949043,hotel
poi_hotel.csv,老妈妈旅馆,酒店住宿,舒适型酒店,119.596868,39.933197,hotel
poi_hotel.csv,一家客栈,酒店住宿,舒适型酒店,119.481904,39.823664,hotel
poi_hotel.csv,秦皇岛翰林公寓酒店,酒店住宿,舒适型酒店,119.256641,39.869913,hotel
poi_hotel.csv,神秘树公寓,酒店住宿,舒适型酒店,119.163549,39.706378,hotel
poi_hotel.csv,潮汐-海景酒店,酒店住宿,舒适型酒店,119.558741,39.907555,hotel
poi_hotel.csv,璐爽渔家院,酒店住宿,舒适型酒店,119.765556,39.963215,hotel
poi_hotel.csv,刚子公寓,酒店住宿,舒适型酒店,119.505537,39.836663,hotel
poi_hotel.csv,天天家庭公寓,酒店住宿,舒适型酒店,119.506024,39.833306,hotel
poi_hotel.csv,丰聚宾馆,酒店住宿,舒适型酒店,119.50581,39.827741,hotel
poi_hotel.csv,澜珊国色宾馆,酒店住宿,舒适型酒店,119.423705,39.812194,hotel
poi_hotel.csv,老龙头假日蓝湾近海度假公寓,酒店住宿,舒适型酒店,119.803072,39.980793,hotel
poi_hotel.csv,秦皇岛龙尚云轩宾馆,酒店住宿,舒适型酒店,119.234416,39.876847,hotel
poi_hotel.csv,左岸佳宿日租公寓,酒店住宿,舒适型酒店,119.187999,39.718359,hotel
poi_hotel.csv,文文日租公寓,酒店住宿,舒适型酒店,119.18792,39.718315,hotel
poi_hotel.csv,乐享山海宾馆,酒店住宿,舒适型酒店,119.805288,39.978552,hotel
poi_hotel.csv,绿美嘉民宿,酒店住宿,舒适型酒店,119.465811,39.868278,hotel
poi_hotel.csv,佳朋商务酒店,酒店住宿,舒适型酒店,119.100112,39.532672,hotel
poi_hotel.csv,东门宾馆,酒店住宿,舒适型酒店,119.166391,39.71124,hotel
poi_hotel.csv,嘉运旅馆,酒店住宿,舒适型酒店,119.44296,39.810921,hotel
poi_hotel.csv,李青家庭休闲旅馆,酒店住宿,舒适型酒店,119.507461,39.828138,hotel
poi_hotel.csv,云邸-维诺快捷酒店,酒店住宿,舒适型酒店,119.504352,39.824231,hotel
poi_hotel.csv,秦皇岛三三快捷宾馆,酒店住宿,舒适型酒店,119.404276,39.835596,hotel
poi_hotel.csv,好来轩宾馆,酒店住宿,舒适型酒店,119.517693,39.848794,hotel
poi_hotel.csv,地利宾馆,酒店住宿,舒适型酒店,119.522057,39.942831,hotel
poi_hotel.csv,吉盈宾馆,酒店住宿,舒适型酒店,119.772197,40.009185,hotel
poi_hotel.csv,圣伊宾馆,酒店住宿,舒适型酒店,119.36407,39.816297,hotel
poi_hotel.csv,新亚旅馆,酒店住宿,舒适型酒店,119.605008,39.924568,hotel
poi_hotel.csv,英坤旅馆,酒店住宿,舒适型酒店,119.482961,39.821433,hotel
poi_hotel.csv,北戴河娜娜民宿,酒店住宿,舒适型酒店,119.465118,39.837475,hotel
poi_hotel.csv,曹爱英旅馆,酒店住宿,舒适型酒店,119.484081,39.823482,hotel
poi_hotel.csv,艾秦海-海景公寓,酒店住宿,舒适型酒店,119.55772,39.914948,hotel
poi_hotel.csv,海巢复式楼公寓,酒店住宿,舒适型酒店,119.435107,39.799632,hotel
poi_hotel.csv,99优选酒店,酒店住宿,舒适型酒店,119.810952,39.995563,hotel
poi_hotel.csv,星程酒店,酒店住宿,高档型酒店,119.592815,39.954632,hotel
poi_hotel.csv,赵凤清旅馆,酒店住宿,舒适型酒店,119.466653,39.837523,hotel
poi_hotel.csv,南戴河绎心民宿,酒店住宿,舒适型酒店,119.419748,39.794001,hotel
poi_hotel.csv,香苒月民宿,酒店住宿,舒适型酒店,119.422662,39.81311,hotel
poi_hotel.csv,祖山木寨酒店,酒店住宿,舒适型酒店,119.430744,40.148224,hotel
poi_hotel.csv,寒舍民宿,酒店住宿,舒适型酒店,119.491946,39.837417,hotel
poi_hotel.csv,海澜鑫居宾馆,酒店住宿,舒适型酒店,119.76968,40.002471,hotel
poi_hotel.csv,近水岸酒店,酒店住宿,舒适型酒店,119.416478,39.796092,hotel
poi_hotel.csv,慧麒轩民宿,酒店住宿,舒适型酒店,119.50573,39.82434,hotel
poi_hotel.csv,薇汀宾馆,酒店住宿,舒适型酒店,119.554453,39.908483,hotel
poi_hotel.csv,世蒲源酒店,酒店住宿,舒适型酒店,119.26226,39.684211,hotel
poi_hotel.csv,柒舍未见民宿,酒店住宿,舒适型酒店,119.507133,39.827595,hotel
poi_hotel.csv,福满楼客栈,酒店住宿,舒适型酒店,119.421709,39.845951,hotel
poi_hotel.csv,静海园旅馆,酒店住宿,舒适型酒店,119.426029,39.816518,hotel
poi_hotel.csv,滨客隆宾馆,酒店住宿,舒适型酒店,119.487787,39.823214,hotel
poi_hotel.csv,慧玲家庭旅馆,酒店住宿,舒适型酒店,119.48324,39.825349,hotel
poi_hotel.csv,艺锦宾馆,酒店住宿,舒适型酒店,119.503722,39.824767,hotel
poi_hotel.csv,莹彩宾馆,酒店住宿,舒适型酒店,119.505615,39.82349,hotel
poi_hotel.csv,翠荣民宿,酒店住宿,舒适型酒店,119.480429,39.825598,hotel
poi_hotel.csv,鲜香渔家院,酒店住宿,舒适型酒店,119.765035,39.963064,hotel
poi_hotel.csv,乐来快捷宾馆,酒店住宿,舒适型酒店,119.60693,39.92924,hotel
poi_hotel.csv,治富渔家院,酒店住宿,舒适型酒店,119.743784,39.960317,hotel
poi_hotel.csv,若熙农家院,酒店住宿,舒适型酒店,119.762767,39.964856,hotel
poi_hotel.csv,秦皇岛海居近海家庭式公寓,酒店住宿,舒适型酒店,119.521955,39.825865,hotel
poi_hotel.csv,宋国顺民宿,酒店住宿,舒适型酒店,119.492547,39.845622,hotel
poi_hotel.csv,上居民宿,酒店住宿,舒适型酒店,119.425136,39.862566,hotel
poi_hotel.csv,故里民宿,酒店住宿,舒适型酒店,119.812468,40.036554,hotel
poi_hotel.csv,小海鸥客栈,酒店住宿,舒适型酒店,119.479252,39.822713,hotel
poi_hotel.csv,旭缘渔家院,酒店住宿,舒适型酒店,119.766161,39.962891,hotel
poi_hotel.csv,北戴河新区云朵农家院,酒店住宿,舒适型酒店,119.221248,39.582368,hotel
poi_hotel.csv,八仙齐宾馆,酒店住宿,舒适型酒店,119.76824,39.963906,hotel
poi_hotel.csv,北戴河翠雅轩民宿,酒店住宿,舒适型酒店,119.42313,39.812049,hotel
poi_hotel.csv,古厝民宿,酒店住宿,舒适型酒店,119.75402,40.011472,hotel
poi_hotel.csv,圣飨宾馆,酒店住宿,舒适型酒店,119.188899,39.717737,hotel
poi_hotel.csv,蓝庭湾宾馆,酒店住宿,舒适型酒店,119.504087,39.82459,hotel
poi_hotel.csv,海英宾馆,酒店住宿,舒适型酒店,119.483749,39.821519,hotel
poi_hotel.csv,华怡海景公寓,酒店住宿,舒适型酒店,119.546581,39.902935,hotel
poi_hotel.csv,荣家海边旅馆,酒店住宿,舒适型酒店,119.425576,39.795546,hotel
poi_hotel.csv,李建华旅馆,酒店住宿,舒适型酒店,119.485803,39.820511,hotel
poi_hotel.csv,尚雅苑主题民宿,酒店住宿,舒适型酒店,119.517071,39.904932,hotel
poi_hotel.csv,金海岸-精品海景公寓,酒店住宿,舒适型酒店,119.56516,39.910298,hotel
poi_hotel.csv,依云客栈,酒店住宿,舒适型酒店,119.423029,39.811818,hotel
poi_hotel.csv,聚福缘农家院,酒店住宿,舒适型酒店,119.214754,39.581195,hotel
poi_hotel.csv,戴河海岸精品主题旅馆,酒店住宿,舒适型酒店,119.479593,39.823405,hotel
poi_hotel.csv,缘来海精品客栈,酒店住宿,舒适型酒店,119.505569,39.822428,hotel
poi_hotel.csv,金梦海湾海景房,酒店住宿,舒适型酒店,119.560091,39.904965,hotel
poi_hotel.csv,秦皇岛且慢民宿,酒店住宿,舒适型酒店,119.558313,39.915321,hotel
poi_hotel.csv,艺航民宿,酒店住宿,舒适型酒店,119.491843,39.842449,hotel
poi_hotel.csv,乐享海滩假日酒店,酒店住宿,舒适型酒店,119.50543,39.823162,hotel
poi_hotel.csv,世佳宾馆,酒店住宿,舒适型酒店,119.503349,39.825338,hotel
poi_hotel.csv,宝霞旅馆,酒店住宿,舒适型酒店,119.520344,39.828496,hotel
poi_hotel.csv,海巢近海唯美公寓,酒店住宿,舒适型酒店,119.505692,39.831748,hotel
poi_hotel.csv,悠然轩家兴客栈,酒店住宿,舒适型酒店,119.480667,39.822897,hotel
poi_hotel.csv,顺权宾馆,酒店住宿,舒适型酒店,119.252651,39.685725,hotel
poi_hotel.csv,依林假日公寓,酒店住宿,舒适型酒店,119.503062,39.821548,hotel
poi_hotel.csv,煜安宾馆,酒店住宿,舒适型酒店,119.768269,40.001901,hotel
poi_hotel.csv,北戴河情人海主题宾馆,酒店住宿,舒适型酒店,119.505076,39.822107,hotel
poi_hotel.csv,昌黎秋海假日酒店,酒店住宿,舒适型酒店,119.245661,39.76369,hotel
poi_hotel.csv,驿旅客栈,酒店住宿,舒适型酒店,119.503229,39.822303,hotel
poi_hotel.csv,怡心旅馆,酒店住宿,舒适型酒店,119.476128,39.821776,hotel
poi_hotel.csv,故里海宾馆,酒店住宿,舒适型酒店,119.503293,39.824571,hotel
poi_hotel.csv,咏春宾馆,酒店住宿,舒适型酒店,119.30112,39.700261,hotel
poi_hotel.csv,利达酒店,酒店住宿,舒适型酒店,119.414939,39.791227,hotel
poi_hotel.csv,君杰渔家院,酒店住宿,舒适型酒店,119.768303,39.966062,hotel
poi_hotel.csv,北戴河成巧宾馆,酒店住宿,舒适型酒店,119.503611,39.824703,hotel
poi_hotel.csv,如家华驿系列-秦皇岛北戴河老虎石公园海宁路华驿易居酒店,酒店住宿,舒适型酒店,119.489651,39.829771,hotel
poi_hotel.csv,印象海景公寓,酒店住宿,舒适型酒店,119.558152,39.915201,hotel
poi_hotel.csv,蒲溪农家院,酒店住宿,舒适型酒店,119.752747,39.968719,hotel
poi_hotel.csv,段海波家庭旅馆,酒店住宿,舒适型酒店,119.504314,39.826511,hotel
poi_hotel.csv,桐兴农家院,酒店住宿,舒适型酒店,119.767799,39.967046,hotel
poi_hotel.csv,秦皇岛燕山大学海景度假公寓,酒店住宿,舒适型酒店,119.544478,39.902187,hotel
poi_hotel.csv,迈三陌民宿,酒店住宿,舒适型酒店,119.423651,39.81258,hotel
poi_hotel.csv,爱尚海度假公寓,酒店住宿,舒适型酒店,119.519302,39.830198,hotel
poi_hotel.csv,葡萄沟晨晨饭庄,酒店住宿,舒适型酒店,119.118179,39.765896,hotel
poi_hotel.csv,秦皇岛比邻别苑宾馆,酒店住宿,舒适型酒店,119.325057,39.710744,hotel
poi_hotel.csv,徐俊丽旅馆,酒店住宿,舒适型酒店,119.482527,39.823318,hotel
poi_hotel.csv,缘爱宾馆,酒店住宿,舒适型酒店,119.422519,39.794728,hotel
poi_hotel.csv,迎春旅馆,酒店住宿,舒适型酒店,119.477715,39.825035,hotel
poi_hotel.csv,福泽旅馆,酒店住宿,舒适型酒店,119.424763,39.795352,hotel
poi_hotel.csv,北戴河冯宝敏家庭旅馆,酒店住宿,舒适型酒店,119.482704,39.821909,hotel
poi_hotel.csv,小红房旅馆,酒店住宿,舒适型酒店,119.424498,39.795881,hotel
poi_hotel.csv,金和宾馆,酒店住宿,舒适型酒店,119.303838,39.700387,hotel
poi_hotel.csv,满庭芳宾馆,酒店住宿,舒适型酒店,119.504113,39.826645,hotel
poi_hotel.csv,爱茹宾馆,酒店住宿,舒适型酒店,119.520096,39.827377,hotel
poi_hotel.csv,北沟农家院,酒店住宿,舒适型酒店,119.110603,39.760579,hotel
poi_hotel.csv,皇冠快捷宾馆,酒店住宿,舒适型酒店,119.762418,40.003137,hotel
poi_hotel.csv,周会秋农家院,酒店住宿,舒适型酒店,119.761936,39.964552,hotel
poi_hotel.csv,南戴河近海宜住张老师家庭公寓,酒店住宿,舒适型酒店,119.41132,39.796053,hotel
poi_hotel.csv,淑珍旅馆,酒店住宿,舒适型酒店,119.482112,39.821222,hotel
poi_hotel.csv,客之家农家院,酒店住宿,舒适型酒店,119.765693,39.963223,hotel
poi_hotel.csv,丽晟宾馆,酒店住宿,舒适型酒店,119.47406,39.834481,hotel
poi_hotel.csv,杜月英旅馆,酒店住宿,舒适型酒店,119.475995,39.822453,hotel
poi_hotel.csv,宾悦旅馆,酒店住宿,舒适型酒店,119.764341,40.00302,hotel
poi_hotel.csv,余舍-时光客栈,酒店住宿,舒适型酒店,119.520093,39.828132,hotel
poi_hotel.csv,格博旅馆,酒店住宿,舒适型酒店,119.446602,39.811796,hotel
poi_hotel.csv,马海峰民宿,酒店住宿,舒适型酒店,119.469621,39.839133,hotel
poi_hotel.csv,聚海旅馆,酒店住宿,舒适型酒店,119.494329,39.822658,hotel
poi_hotel.csv,春秋精品度假公寓,酒店住宿,舒适型酒店,119.513198,39.831735,hotel
poi_hotel.csv,顺喜旅馆,酒店住宿,舒适型酒店,119.424881,39.795041,hotel
poi_hotel.csv,诚缘阁主题旅馆,酒店住宿,舒适型酒店,119.506654,39.827066,hotel
poi_hotel.csv,胖大福客栈,酒店住宿,舒适型酒店,119.479609,39.823537,hotel
poi_hotel.csv,陶家民宿,酒店住宿,舒适型酒店,119.484645,39.822001,hotel
poi_hotel.csv,宝忠旅馆,酒店住宿,舒适型酒店,119.479743,39.823471,hotel
poi_hotel.csv,单久英旅馆,酒店住宿,舒适型酒店,119.519553,39.829054,hotel
poi_hotel.csv,驿梦萱宾馆,酒店住宿,舒适型酒店,119.504661,39.823485,hotel
poi_hotel.csv,婉娜客栈,酒店住宿,舒适型酒店,119.480801,39.820391,hotel
poi_hotel.csv,三纹鱼主题客栈,酒店住宿,舒适型酒店,119.419577,39.797176,hotel
poi_hotel.csv,果果民宿,酒店住宿,舒适型酒店,119.504555,39.826898,hotel
poi_hotel.csv,北戴河ins精品民宿,酒店住宿,舒适型酒店,119.467397,39.839114,hotel
poi_hotel.csv,滨海东岸-云公寓,酒店住宿,舒适型酒店,119.519722,39.826462,hotel
poi_hotel.csv,洪玉旅馆,酒店住宿,舒适型酒店,119.476209,39.822397,hotel
poi_hotel.csv,成柱旅馆,酒店住宿,舒适型酒店,119.478445,39.824293,hotel
poi_hotel.csv,桂红旅馆,酒店住宿,舒适型酒店,119.52072,39.82795,hotel
poi_hotel.csv,客悦来旅馆,酒店住宿,舒适型酒店,119.419512,39.794293,hotel
poi_hotel.csv,玥莹-倚海精品客栈,酒店住宿,舒适型酒店,119.504904,39.823246,hotel
poi_hotel.csv,立仙旅馆,酒店住宿,舒适型酒店,119.478234,39.825282,hotel
poi_hotel.csv,秦皇岛老船长渔家院,酒店住宿,舒适型酒店,119.767268,39.964197,hotel
poi_hotel.csv,京秀源快捷酒店,酒店住宿,舒适型酒店,119.425856,39.793188,hotel
poi_hotel.csv,秀荣旅店,酒店住宿,舒适型酒店,119.490677,39.835947,hotel
poi_hotel.csv,赵春梅旅馆,酒店住宿,舒适型酒店,119.519279,39.82909,hotel
poi_hotel.csv,鸿鹄居宾馆,酒店住宿,舒适型酒店,119.52002,39.828329,hotel
poi_hotel.csv,夏冬民宿,酒店住宿,舒适型酒店,119.482031,39.82528,hotel
poi_hotel.csv,积勤宾馆,酒店住宿,舒适型酒店,119.503389,39.826123,hotel
poi_hotel.csv,单桂艳旅馆,酒店住宿,舒适型酒店,119.520126,39.82804,hotel
poi_hotel.csv,品格假日酒店,酒店住宿,舒适型酒店,119.421703,39.849103,hotel
poi_hotel.csv,小静家日租公寓,酒店住宿,舒适型酒店,119.18792,39.718448,hotel
poi_hotel.csv,段家楼民宿,酒店住宿,舒适型酒店,119.503993,39.827055,hotel
poi_hotel.csv,渔嫂家庭旅馆,酒店住宿,舒适型酒店,119.448789,39.81174,hotel
poi_hotel.csv,福来日租公寓,酒店住宿,舒适型酒店,119.188183,39.718552,hotel
poi_hotel.csv,骊腾酒店,酒店住宿,舒适型酒店,119.476976,39.826653,hotel
poi_hotel.csv,8号日租公寓,酒店住宿,舒适型酒店,119.187654,39.718423,hotel
poi_hotel.csv,纪超民宿,酒店住宿,舒适型酒店,119.441659,39.818513,hotel
poi_hotel.csv,碧海公寓酒店,酒店住宿,舒适型酒店,119.427166,39.79799,hotel
poi_hotel.csv,田红丽民宿,酒店住宿,舒适型酒店,119.482049,39.821578,hotel
poi_hotel.csv,轻住-白楼宾馆,酒店住宿,舒适型酒店,119.488315,39.817678,hotel
poi_hotel.csv,那年海岸宾馆,酒店住宿,舒适型酒店,119.503984,39.822277,hotel
poi_hotel.csv,清风斜阳精品度假公寓,酒店住宿,舒适型酒店,119.50456,39.836399,hotel
poi_hotel.csv,太古里隐枫别墅客栈,酒店住宿,舒适型酒店,119.489589,39.834519,hotel
poi_hotel.csv,刘荣军民宿,酒店住宿,舒适型酒店,119.504819,39.82323,hotel
poi_hotel.csv,安馨日租公寓,酒店住宿,舒适型酒店,119.178986,39.724776,hotel
poi_hotel.csv,北戴河丹阳民宿,酒店住宿,舒适型酒店,119.467044,39.837363,hotel
poi_hotel.csv,英禄渔家院,酒店住宿,舒适型酒店,119.764314,39.963439,hotel
poi_hotel.csv,清水湾公寓,酒店住宿,舒适型酒店,119.569882,39.978739,hotel
poi_hotel.csv,盛夏时光主题客栈,酒店住宿,舒适型酒店,119.48588,39.82017,hotel
poi_hotel.csv,帝佳宾馆,酒店住宿,舒适型酒店,119.764927,40.003646,hotel
poi_hotel.csv,夏末花开宾馆,酒店住宿,舒适型酒店,119.478468,39.822466,hotel
poi_hotel.csv,子鱼-城宿公寓,酒店住宿,舒适型酒店,119.569946,39.931037,hotel
poi_hotel.csv,新会旅馆,酒店住宿,舒适型酒店,119.483935,39.82477,hotel
poi_hotel.csv,英子民宿,酒店住宿,舒适型酒店,119.486729,39.821529,hotel
poi_hotel.csv,鲜源旅馆,酒店住宿,舒适型酒店,119.416816,39.789734,hotel
poi_hotel.csv,刘惠云旅馆,酒店住宿,舒适型酒店,119.5047,39.823273,hotel
poi_hotel.csv,望汐-乐园酒店,酒店住宿,舒适型酒店,119.515791,39.849298,hotel
poi_hotel.csv,冯宝敏旅馆,酒店住宿,舒适型酒店,119.478384,39.824153,hotel
poi_hotel.csv,马壮旅馆,酒店住宿,舒适型酒店,119.486224,39.827708,hotel
poi_hotel.csv,雁明旅店,酒店住宿,舒适型酒店,119.482149,39.824258,hotel
poi_hotel.csv,胖大福客栈,酒店住宿,舒适型酒店,119.47968,39.823351,hotel
poi_hotel.csv,南戴河桂友旅馆,酒店住宿,舒适型酒店,119.332511,39.733678,hotel
poi_hotel.csv,佰亿宾馆,酒店住宿,舒适型酒店,119.503591,39.824704,hotel
poi_hotel.csv,合家欢渔家院,酒店住宿,舒适型酒店,119.765329,39.964239,hotel
poi_hotel.csv,假日蓝湾超级海景公寓,酒店住宿,舒适型酒店,119.805065,39.981287,hotel
poi_hotel.csv,荣恩民宿,酒店住宿,舒适型酒店,119.448792,39.811665,hotel
poi_hotel.csv,兰友宾馆,酒店住宿,舒适型酒店,119.332721,39.734012,hotel
poi_hotel.csv,佳欢民宿,酒店住宿,舒适型酒店,119.483524,39.822885,hotel
poi_hotel.csv,南戴河源海旅馆,酒店住宿,舒适型酒店,119.425807,39.795627,hotel
poi_hotel.csv,看海公寓,酒店住宿,舒适型酒店,119.423827,39.793987,hotel
poi_hotel.csv,福安旅馆,酒店住宿,舒适型酒店,119.425673,39.794947,hotel
poi_hotel.csv,维丽旅馆,酒店住宿,舒适型酒店,119.487891,39.836552,hotel
poi_hotel.csv,海丰渔家院,酒店住宿,舒适型酒店,119.761264,39.960447,hotel
poi_hotel.csv,北戴河刘武然旅馆,酒店住宿,舒适型酒店,119.505351,39.824875,hotel
poi_hotel.csv,海在枕边客栈,酒店住宿,舒适型酒店,119.505957,39.827009,hotel
poi_hotel.csv,冯树森旅馆,酒店住宿,舒适型酒店,119.482736,39.823895,hotel
poi_hotel.csv,金泊宾馆,酒店住宿,舒适型酒店,119.504,39.822308,hotel
poi_hotel.csv,朵朵日租公寓,酒店住宿,舒适型酒店,119.516802,39.920983,hotel
poi_hotel.csv,爱佳宾馆,酒店住宿,舒适型酒店,119.504775,39.826311,hotel
poi_hotel.csv,马会荣旅馆,酒店住宿,舒适型酒店,119.483238,39.82342,hotel
poi_hotel.csv,荣深民宿,酒店住宿,舒适型酒店,119.447192,39.839201,hotel
poi_hotel.csv,塞外宾馆,酒店住宿,舒适型酒店,119.242348,39.894321,hotel
poi_hotel.csv,侨居宾馆,酒店住宿,舒适型酒店,119.411975,39.788965,hotel
poi_hotel.csv,南戴河吉如旅馆,酒店住宿,舒适型酒店,119.415642,39.791014,hotel
poi_hotel.csv,文和旅馆,酒店住宿,舒适型酒店,119.485439,39.819919,hotel
poi_hotel.csv,合佳欢日租公寓,酒店住宿,舒适型酒店,119.187986,39.71829,hotel
poi_hotel.csv,新疆干休所住宿,酒店住宿,舒适型酒店,119.518061,39.825979,hotel
poi_hotel.csv,任宇旅馆,酒店住宿,舒适型酒店,119.483662,39.82107,hotel
poi_hotel.csv,阳光家庭公寓,酒店住宿,舒适型酒店,119.404421,39.797874,hotel
poi_hotel.csv,南戴河避暑花园浪漫家庭公寓,酒店住宿,舒适型酒店,119.410121,39.794913,hotel
poi_hotel.csv,华顺旅馆,酒店住宿,舒适型酒店,119.469743,39.840351,hotel
poi_hotel.csv,强斌邻海客栈,酒店住宿,舒适型酒店,119.478432,39.822466,hotel
poi_hotel.csv,庆双宾馆,酒店住宿,舒适型酒店,119.158262,39.694942,hotel
poi_hotel.csv,晨昕旅馆,酒店住宿,舒适型酒店,119.416671,39.79064,hotel
poi_hotel.csv,李冬艳旅馆,酒店住宿,舒适型酒店,119.485873,39.82793,hotel
poi_hotel.csv,港口宾馆,酒店住宿,舒适型酒店,119.608327,39.920027,hotel
poi_hotel.csv,忘返客栈,酒店住宿,舒适型酒店,119.423501,39.8121,hotel
poi_hotel.csv,秦皇岛优联精品酒店,酒店住宿,舒适型酒店,119.404383,39.777461,hotel
poi_hotel.csv,广缘宾馆,酒店住宿,舒适型酒店,118.935056,40.407124,hotel
poi_hotel.csv,秦皇国际怡海公寓,酒店住宿,舒适型酒店,119.565063,39.910325,hotel
poi_hotel.csv,乐家海景公寓,酒店住宿,舒适型酒店,119.545451,39.9018,hotel
poi_hotel.csv,葡萄沟日租公寓,酒店住宿,舒适型酒店,119.096825,39.742595,hotel
poi_hotel.csv,秦皇岛海雨酒店,酒店住宿,舒适型酒店,119.790604,39.995789,hotel
poi_hotel.csv,果文慧渔家院,酒店住宿,舒适型酒店,119.765982,39.963701,hotel
poi_hotel.csv,潘金良民宿,酒店住宿,舒适型酒店,119.468912,39.842472,hotel
poi_hotel.csv,乐游旅鸟?秦皇岛海岸公寓,酒店住宿,舒适型酒店,119.54534,39.896198,hotel
poi_hotel.csv,城市印象酒店式公寓,酒店住宿,舒适型酒店,119.42302,39.796246,hotel
poi_hotel.csv,贺海宾馆,酒店住宿,舒适型酒店,119.302573,39.699942,hotel
poi_hotel.csv,秦皇岛世纪海洋花园临海公寓,酒店住宿,舒适型酒店,119.545421,39.901791,hotel
poi_hotel.csv,夏墨古风精品公寓,酒店住宿,舒适型酒店,119.518432,39.826822,hotel
poi_hotel.csv,云爽民宿,酒店住宿,舒适型酒店,119.505051,39.826282,hotel
poi_hotel.csv,秦皇岛假日蓝湾爱家公寓,酒店住宿,舒适型酒店,119.805074,39.980206,hotel
poi_hotel.csv,好梦快捷宾馆,酒店住宿,舒适型酒店,118.945869,40.405367,hotel
poi_hotel.csv,木子里客栈,酒店住宿,舒适型酒店,119.477017,39.818131,hotel
poi_hotel.csv,刘晶旅馆,酒店住宿,舒适型酒店,119.485713,39.828092,hotel
poi_hotel.csv,老姐农家院,酒店住宿,舒适型酒店,119.257938,39.630039,hotel
poi_hotel.csv,遇见你近海公寓,酒店住宿,舒适型酒店,119.504713,39.83818,hotel
poi_hotel.csv,祁桂英民宿,酒店住宿,舒适型酒店,119.464696,39.837764,hotel
poi_hotel.csv,幸福海岸宾馆,酒店住宿,舒适型酒店,119.504157,39.822499,hotel
poi_hotel.csv,王红玉旅馆,酒店住宿,舒适型酒店,119.50647,39.827521,hotel
poi_hotel.csv,怡顺宾馆,酒店住宿,舒适型酒店,119.507736,39.830339,hotel
poi_hotel.csv,秦皇岛悦如宾馆,酒店住宿,舒适型酒店,119.541729,39.925048,hotel
poi_hotel.csv,佳家宾馆,酒店住宿,舒适型酒店,119.556086,39.933526,hotel
poi_hotel.csv,帝森酒店,酒店住宿,舒适型酒店,119.789228,39.973043,hotel
poi_hotel.csv,御墅龙湾38号观海公寓,酒店住宿,舒适型酒店,119.503169,39.821111,hotel
poi_hotel.csv,秦皇岛融侨海岸民宿,酒店住宿,舒适型酒店,119.528465,39.892727,hotel
poi_hotel.csv,丽姐家庭海景公寓,酒店住宿,舒适型酒店,119.544578,39.902263,hotel
poi_hotel.csv,观沧海度假村,酒店住宿,舒适型酒店,119.493586,39.81633,hotel
poi_hotel.csv,南戴河佳美近海公寓,酒店住宿,舒适型酒店,119.414246,39.798041,hotel
poi_hotel.csv,盛夏家庭旅馆,酒店住宿,舒适型酒店,119.424206,39.795589,hotel
poi_hotel.csv,驿家365连锁酒店,酒店住宿,舒适型酒店,119.166999,39.70601,hotel
poi_hotel.csv,海硕宾馆,酒店住宿,舒适型酒店,119.520851,39.828692,hotel
poi_hotel.csv,东临酒店,酒店住宿,舒适型酒店,119.586674,39.963823,hotel
poi_hotel.csv,山桥招待所,酒店住宿,舒适型酒店,119.764879,39.993282,hotel
poi_hotel.csv,秦皇岛远洋亲海假日海景酒店式公寓,酒店住宿,舒适型酒店,119.557877,39.915038,hotel
poi_hotel.csv,远洋-小岛海景公寓,酒店住宿,舒适型酒店,119.558331,39.915342,hotel
poi_hotel.csv,鑫源农家院,酒店住宿,舒适型酒店,119.417939,39.813316,hotel
poi_hotel.csv,邂逅海童话主题宾馆,酒店住宿,舒适型酒店,119.506528,39.82734,hotel
poi_hotel.csv,秦皇岛汐明民宿,酒店住宿,舒适型酒店,119.482744,39.823492,hotel
poi_hotel.csv,姐妹旅馆,酒店住宿,舒适型酒店,119.425566,39.793616,hotel
poi_hotel.csv,海滨度假村86号楼,酒店住宿,舒适型酒店,119.492982,39.81567,hotel
poi_hotel.csv,京海假日公寓,酒店住宿,舒适型酒店,119.339382,39.708124,hotel
poi_hotel.csv,郑洋旅馆,酒店住宿,舒适型酒店,119.52052,39.82815,hotel
poi_hotel.csv,小城之家日租公寓,酒店住宿,舒适型酒店,119.546068,39.905697,hotel
poi_hotel.csv,瑞宁快捷酒店,酒店住宿,舒适型酒店,119.50606,39.827212,hotel
poi_hotel.csv,颐程宾馆,酒店住宿,舒适型酒店,119.504885,39.824767,hotel
poi_hotel.csv,半日闲民宿,酒店住宿,舒适型酒店,119.506617,39.827409,hotel
poi_hotel.csv,秦皇岛御乾池商务酒店,酒店住宿,舒适型酒店,119.537479,39.918513,hotel
poi_hotel.csv,世纪海洋花园精品公寓,酒店住宿,舒适型酒店,119.545086,39.902305,hotel
poi_hotel.csv,千寻民宿,酒店住宿,舒适型酒店,119.478573,39.822852,hotel
poi_hotel.csv,金敏家庭旅馆,酒店住宿,舒适型酒店,119.468297,39.840916,hotel
poi_hotel.csv,OYO-金星宾馆,酒店住宿,舒适型酒店,119.608057,39.940292,hotel
poi_hotel.csv,秦皇岛祥安家庭旅馆,酒店住宿,舒适型酒店,119.761122,40.004915,hotel
poi_hotel.csv,凯文海岸庭院酒店,酒店住宿,舒适型酒店,119.481742,39.818182,hotel
poi_hotel.csv,秦皇岛海怡学府公寓,酒店住宿,舒适型酒店,119.552584,39.918991,hotel
poi_hotel.csv,如家华驿精选酒店,酒店住宿,舒适型酒店,119.58595,39.949605,hotel
poi_hotel.csv,北戴河小孔旅馆,酒店住宿,舒适型酒店,119.520717,39.827333,hotel
poi_hotel.csv,北戴河广电宾馆,酒店住宿,舒适型酒店,119.490708,39.816661,hotel
poi_hotel.csv,北戴河吉祥客栈,酒店住宿,舒适型酒店,119.484542,39.824875,hotel
poi_hotel.csv,北戴河夕阳海主题宾馆,酒店住宿,舒适型酒店,119.503912,39.825078,hotel
poi_hotel.csv,金湾海景酒店,酒店住宿,舒适型酒店,119.523462,39.835937,hotel
poi_hotel.csv,凯文海岸庭院酒店,酒店住宿,舒适型酒店,119.482343,39.817717,hotel
poi_hotel.csv,北戴河王建伟旅馆,酒店住宿,舒适型酒店,119.477777,39.822433,hotel
poi_hotel.csv,北戴河春敏旅馆,酒店住宿,舒适型酒店,119.517359,39.829171,hotel
poi_hotel.csv,秦皇岛夏都宾馆,酒店住宿,舒适型酒店,119.588596,39.933089,hotel
poi_hotel.csv,北戴河享心小院,酒店住宿,舒适型酒店,119.523686,39.823382,hotel
poi_hotel.csv,秦皇岛海秦酒店,酒店住宿,舒适型酒店,119.615422,39.951839,hotel
poi_hotel.csv,秦皇岛遇见海精品度假海景公寓,酒店住宿,舒适型酒店,119.555781,39.904861,hotel
poi_hotel.csv,秦皇岛晨砻酒店,酒店住宿,高档型酒店,119.644906,39.943929,hotel
poi_hotel.csv,北戴河长宏旅馆,酒店住宿,舒适型酒店,119.494428,39.835004,hotel
poi_hotel.csv,秦皇岛鑫别克快捷酒店,酒店住宿,舒适型酒店,119.810528,39.994799,hotel
poi_hotel.csv,北戴河爱这海假日酒店,酒店住宿,舒适型酒店,119.523441,39.827196,hotel
poi_hotel.csv,北戴河成瑞假日酒店,酒店住宿,舒适型酒店,119.485922,39.819233,hotel
poi_hotel.csv,戴河一线海岸公寓,酒店住宿,舒适型酒店,119.427221,39.798235,hotel
poi_hotel.csv,竹水谣-奢-碧水华庭度假酒店,酒店住宿,舒适型酒店,119.558135,39.944619,hotel
poi_hotel.csv,秦皇岛青年点怀旧主题酒店,酒店住宿,舒适型酒店,119.46697,39.864238,hotel
poi_hotel.csv,渔村客栈,酒店住宿,舒适型酒店,119.545581,39.905637,hotel
poi_hotel.csv,常玉峰民宿,酒店住宿,舒适型酒店,119.467692,39.842036,hotel
poi_hotel.csv,海浪花度假公寓,酒店住宿,舒适型酒店,119.500861,39.832956,hotel
poi_hotel.csv,黄金海岸涛海宾馆,酒店住宿,舒适型酒店,119.328239,39.70341,hotel
poi_hotel.csv,黄金海岸东方小宣假日公寓,酒店住宿,舒适型酒店,119.339387,39.708112,hotel
poi_hotel.csv,留采宾馆,酒店住宿,舒适型酒店,119.332184,39.733695,hotel
poi_hotel.csv,澜湾宾馆,酒店住宿,舒适型酒店,119.414475,39.788392,hotel
poi_hotel.csv,随心民宿,酒店住宿,舒适型酒店,119.492607,39.836465,hotel
poi_hotel.csv,海边特色农家院,酒店住宿,舒适型酒店,119.424557,39.794999,hotel
poi_hotel.csv,顺心旅馆,酒店住宿,舒适型酒店,118.896586,39.903464,hotel
poi_hotel.csv,阳光海岸公寓,酒店住宿,舒适型酒店,119.500758,39.835616,hotel
poi_hotel.csv,秦皇岛枫林海景公寓,酒店住宿,舒适型酒店,119.54611,39.905691,hotel
poi_hotel.csv,向荣宾馆,酒店住宿,舒适型酒店,119.331011,39.698419,hotel
poi_hotel.csv,北戴河刘会芝旅馆,酒店住宿,舒适型酒店,119.506511,39.827471,hotel
poi_hotel.csv,会燕旅馆,酒店住宿,舒适型酒店,119.470682,39.840146,hotel
poi_hotel.csv,艳斌旅馆,酒店住宿,舒适型酒店,119.486737,39.827982,hotel
poi_hotel.csv,缘分天空宾馆,酒店住宿,舒适型酒店,119.50647,39.827441,hotel
poi_hotel.csv,东山浴场家庭旅馆,酒店住宿,舒适型酒店,119.622748,39.919627,hotel
poi_hotel.csv,芳庭公寓,酒店住宿,舒适型酒店,119.188219,39.718157,hotel
poi_hotel.csv,甜杰旅馆,酒店住宿,舒适型酒店,119.468357,39.839304,hotel
poi_hotel.csv,南戴河曹桂琴家庭旅馆,酒店住宿,舒适型酒店,119.414117,39.798739,hotel
poi_hotel.csv,杨素芹旅馆,酒店住宿,舒适型酒店,119.506582,39.826354,hotel
poi_hotel.csv,顺到家旅馆,酒店住宿,舒适型酒店,119.527871,39.926569,hotel
poi_hotel.csv,春敏旅馆,酒店住宿,舒适型酒店,119.519894,39.827553,hotel
poi_hotel.csv,爱上海假日连锁公寓,酒店住宿,舒适型酒店,119.503897,39.82171,hotel
poi_hotel.csv,李艳玲旅馆,酒店住宿,舒适型酒店,119.48685,39.828261,hotel
poi_hotel.csv,单淑敏旅馆,酒店住宿,舒适型酒店,119.51898,39.828751,hotel
poi_hotel.csv,清晏酒店式公寓,酒店住宿,舒适型酒店,119.607206,39.953135,hotel
poi_hotel.csv,裕兴旅馆,酒店住宿,舒适型酒店,119.234682,39.894924,hotel
poi_hotel.csv,天艾民宿,酒店住宿,舒适型酒店,119.423423,39.812634,hotel
poi_hotel.csv,锦廷酒店,酒店住宿,舒适型酒店,119.530815,40.012789,hotel
poi_hotel.csv,大楼宾馆,酒店住宿,舒适型酒店,118.948751,40.407013,hotel
poi_hotel.csv,陈晓婷家庭旅馆,酒店住宿,舒适型酒店,119.477755,39.824077,hotel
poi_hotel.csv,夏天海度假公寓,酒店住宿,舒适型酒店,119.505195,39.83211,hotel
poi_hotel.csv,义瑞旅馆,酒店住宿,舒适型酒店,119.487675,39.835058,hotel
poi_hotel.csv,驿旅阳光客栈,酒店住宿,舒适型酒店,119.504853,39.826582,hotel
poi_hotel.csv,丽霞旅馆,酒店住宿,舒适型酒店,119.491675,39.835791,hotel
poi_hotel.csv,海韵温馨家庭公寓,酒店住宿,舒适型酒店,119.52256,39.825572,hotel
poi_hotel.csv,听海精品度假公寓,酒店住宿,舒适型酒店,119.504853,39.831095,hotel
poi_hotel.csv,旭达宾馆,酒店住宿,舒适型酒店,119.423695,39.851336,hotel
poi_hotel.csv,鑫海家庭公寓,酒店住宿,舒适型酒店,119.505319,39.83174,hotel
poi_hotel.csv,安妮的梦境海景主题公寓,酒店住宿,舒适型酒店,119.546624,39.90605,hotel
poi_hotel.csv,天利旅社,酒店住宿,舒适型酒店,119.592571,39.962709,hotel
poi_hotel.csv,青龙全鑫快捷宾馆,酒店住宿,舒适型酒店,118.945561,40.400493,hotel
poi_hotel.csv,喜民旅馆,酒店住宿,舒适型酒店,119.487893,39.837221,hotel
poi_hotel.csv,优客酒店,酒店住宿,舒适型酒店,119.423566,39.812905,hotel
poi_hotel.csv,时代旅馆,酒店住宿,舒适型酒店,118.873916,39.892666,hotel
poi_hotel.csv,昊达宾馆,酒店住宿,舒适型酒店,119.44579,39.811025,hotel
poi_hotel.csv,时光海精品酒店,酒店住宿,舒适型酒店,119.503891,39.825373,hotel
poi_hotel.csv,碧海宾馆,酒店住宿,舒适型酒店,119.494102,39.822669,hotel
poi_hotel.csv,秦皇岛靖轩楼宾馆,酒店住宿,舒适型酒店,119.769497,39.988625,hotel
poi_hotel.csv,三圣宾馆,酒店住宿,舒适型酒店,119.753039,40.00068,hotel
poi_hotel.csv,抚宁酒店,酒店住宿,舒适型酒店,119.2404,39.894618,hotel
poi_hotel.csv,秦海酒店,酒店住宿,舒适型酒店,119.615407,39.951827,hotel
poi_hotel.csv,弘正快捷宾馆,酒店住宿,舒适型酒店,119.614646,39.949085,hotel
poi_hotel.csv,如家酒店-neo,酒店住宿,舒适型酒店,119.606059,39.953833,hotel
poi_hotel.csv,国际海员俱乐部客房,酒店住宿,舒适型酒店,119.603072,39.919297,hotel
poi_hotel.csv,继华旅馆,酒店住宿,舒适型酒店,119.484146,39.824881,hotel
poi_hotel.csv,保军农家院,酒店住宿,舒适型酒店,119.767673,39.96326,hotel
poi_hotel.csv,娜娜民宿,酒店住宿,舒适型酒店,119.46468,39.837572,hotel
poi_hotel.csv,张丽娟旅馆,酒店住宿,舒适型酒店,119.484012,39.82402,hotel
poi_hotel.csv,临海听风客栈,酒店住宿,舒适型酒店,119.477713,39.823685,hotel
poi_hotel.csv,假日海景酒店式公寓,酒店住宿,舒适型酒店,119.807248,39.979752,hotel
poi_hotel.csv,刘莹莹民宿,酒店住宿,舒适型酒店,119.506368,39.826604,hotel
poi_hotel.csv,迎友宾馆,酒店住宿,舒适型酒店,119.504728,39.821855,hotel
poi_hotel.csv,周阿姨精品公寓,酒店住宿,舒适型酒店,119.506056,39.832972,hotel
poi_hotel.csv,北戴河遇见海沙滩客栈,酒店住宿,舒适型酒店,119.489257,39.815298,hotel
poi_hotel.csv,广缘逸家日租公寓,酒店住宿,舒适型酒店,119.188141,39.718711,hotel
poi_hotel.csv,凯文海岸国际青旅,酒店住宿,青旅,119.49541,39.834091,hotel
poi_hotel.csv,临海小舍,酒店住宿,舒适型酒店,119.476612,39.822515,hotel
poi_hotel.csv,假日蓝湾临海公寓,酒店住宿,舒适型酒店,119.806986,39.980956,hotel
poi_hotel.csv,广缘日租公寓,酒店住宿,舒适型酒店,119.187734,39.718279,hotel
poi_hotel.csv,蓝博湾客栈,酒店住宿,舒适型酒店,119.482151,39.821571,hotel
poi_hotel.csv,百年名人欧式亲海花园别墅,酒店住宿,舒适型酒店,119.494785,39.821269,hotel
poi_hotel.csv,爱之旅度假客栈,酒店住宿,舒适型酒店,119.478694,39.822874,hotel
poi_hotel.csv,馋眠客栈,酒店住宿,舒适型酒店,119.479134,39.822487,hotel
poi_hotel.csv,悦海公寓,酒店住宿,舒适型酒店,119.819007,39.995713,hotel
poi_hotel.csv,静馨日租公寓,酒店住宿,舒适型酒店,119.187793,39.718122,hotel
poi_hotel.csv,晓云海洋公寓,酒店住宿,舒适型酒店,119.546313,39.902062,hotel
poi_hotel.csv,紫梦缘日租公寓,酒店住宿,舒适型酒店,119.187974,39.718439,hotel
poi_hotel.csv,白芸旅馆,酒店住宿,舒适型酒店,119.519235,39.82788,hotel
poi_hotel.csv,苏桂华旅馆,酒店住宿,舒适型酒店,119.519787,39.828412,hotel
poi_hotel.csv,海之味农家院,酒店住宿,舒适型酒店,119.4132,39.790611,hotel
poi_hotel.csv,欣海旅馆,酒店住宿,舒适型酒店,119.477717,39.817973,hotel
poi_hotel.csv,秦皇岛东韵旅馆,酒店住宿,舒适型酒店,119.62234,39.929561,hotel
poi_hotel.csv,春春御墅龙湾公寓,酒店住宿,舒适型酒店,119.503318,39.821225,hotel
poi_hotel.csv,京津晋之家农家院,酒店住宿,舒适型酒店,119.220131,39.581977,hotel
poi_hotel.csv,都市118连锁酒店,酒店住宿,舒适型酒店,119.596906,39.921805,hotel
poi_hotel.csv,刘佳自助公寓,酒店住宿,舒适型酒店,119.406975,39.798702,hotel
poi_hotel.csv,秦皇岛韵欣宾馆,酒店住宿,舒适型酒店,119.181368,39.716707,hotel
poi_hotel.csv,刘在李家客栈,酒店住宿,舒适型酒店,119.504129,39.826265,hotel
poi_hotel.csv,商业招待所,酒店住宿,舒适型酒店,119.166294,39.704421,hotel
poi_hotel.csv,芳俊宾馆,酒店住宿,舒适型酒店,119.504609,39.823074,hotel
poi_hotel.csv,杜晓书家庭旅馆,酒店住宿,舒适型酒店,119.506496,39.826767,hotel
poi_hotel.csv,良辰美景民宿,酒店住宿,舒适型酒店,119.507271,39.827789,hotel
poi_hotel.csv,南戴河小莲旅馆,酒店住宿,舒适型酒店,119.404922,39.834556,hotel
poi_hotel.csv,南戴河鸥州两室一厅公寓,酒店住宿,舒适型酒店,119.406702,39.798328,hotel
poi_hotel.csv,南戴河望海居宾馆,酒店住宿,舒适型酒店,119.412121,39.788183,hotel
poi_hotel.csv,冯桂霞旅馆,酒店住宿,舒适型酒店,119.483635,39.822448,hotel
poi_hotel.csv,骊人旅馆,酒店住宿,舒适型酒店,119.426161,39.795947,hotel
poi_hotel.csv,梦游五百里快捷酒店,酒店住宿,舒适型酒店,119.708093,39.987496,hotel
poi_hotel.csv,海屿花园客栈,酒店住宿,舒适型酒店,119.51754,39.826004,hotel
poi_hotel.csv,祥云旅馆,酒店住宿,舒适型酒店,119.60162,39.930053,hotel
poi_hotel.csv,品华旅馆,酒店住宿,舒适型酒店,119.504477,39.826649,hotel
poi_hotel.csv,秦皇国际巴厘岛度假公寓,酒店住宿,舒适型酒店,119.564782,39.910105,hotel
poi_hotel.csv,秦皇岛天使湾海景公寓,酒店住宿,舒适型酒店,119.564792,39.910113,hotel
poi_hotel.csv,666广缘公寓,酒店住宿,舒适型酒店,119.187916,39.718223,hotel
poi_hotel.csv,世纪海洋花园瞰海公寓,酒店住宿,舒适型酒店,119.545953,39.90267,hotel
poi_hotel.csv,秦皇岛融侨海岸商旅民宿,酒店住宿,舒适型酒店,119.522094,39.891081,hotel
poi_hotel.csv,迎众宾馆,酒店住宿,舒适型酒店,119.166466,39.706509,hotel
poi_hotel.csv,放飞心声临海家庭公寓,酒店住宿,舒适型酒店,119.546669,39.902933,hotel
poi_hotel.csv,学军公寓,酒店住宿,舒适型酒店,119.545425,39.901797,hotel
poi_hotel.csv,知家家庭公寓,酒店住宿,舒适型酒店,119.545467,39.901863,hotel
poi_hotel.csv,世纪海洋花园家庭公寓,酒店住宿,舒适型酒店,119.545515,39.901723,hotel
poi_hotel.csv,侯氏庄园,酒店住宿,舒适型酒店,119.089589,39.729802,hotel
poi_hotel.csv,菊兰香快捷宾馆,酒店住宿,舒适型酒店,119.544151,39.901055,hotel
poi_hotel.csv,秦皇岛北戴河洲顿亚朵酒店,酒店住宿,高档型酒店,119.503545,39.819184,hotel
poi_hotel.csv,小飞鱼精品主题客栈,酒店住宿,舒适型酒店,119.504534,39.823197,hotel
poi_hotel.csv,嘉琳宾馆,酒店住宿,舒适型酒店,119.421376,39.845511,hotel
poi_hotel.csv,林逸民宿,酒店住宿,舒适型酒店,119.482741,39.825346,hotel
poi_hotel.csv,瑞庭快捷酒店,酒店住宿,舒适型酒店,119.42026,39.849303,hotel
poi_hotel.csv,彤瑶主题宾馆,酒店住宿,舒适型酒店,119.504095,39.827063,hotel
poi_hotel.csv,郭丽萍旅馆,酒店住宿,舒适型酒店,119.504523,39.826439,hotel
poi_hotel.csv,双龙宾馆,酒店住宿,舒适型酒店,119.335061,39.701139,hotel
poi_hotel.csv,沿途风景观海公寓,酒店住宿,舒适型酒店,119.557736,39.914942,hotel
poi_hotel.csv,顺怡旅馆,酒店住宿,舒适型酒店,119.506002,39.827022,hotel
poi_hotel.csv,海珊瑚海景假日公寓酒店,酒店住宿,舒适型酒店,119.543916,39.896754,hotel
poi_hotel.csv,新英侨宾馆,酒店住宿,舒适型酒店,119.16698,39.706011,hotel
poi_hotel.csv,爱情海景公寓,酒店住宿,舒适型酒店,119.52952,39.894928,hotel
poi_hotel.csv,时光客栈,酒店住宿,舒适型酒店,119.530856,39.893482,hotel
poi_hotel.csv,左右快捷宾馆,酒店住宿,舒适型酒店,119.029823,39.81477,hotel
poi_hotel.csv,尚宜居海景公寓,酒店住宿,舒适型酒店,119.546676,39.9023,hotel
poi_hotel.csv,守信宾馆,酒店住宿,舒适型酒店,118.995986,40.4091,hotel
poi_hotel.csv,秦皇岛馨港度假公寓,酒店住宿,舒适型酒店,119.505558,39.833028,hotel
poi_hotel.csv,冬雪别墅,酒店住宿,舒适型酒店,119.456645,39.865508,hotel
poi_hotel.csv,秦皇岛八月网络客栈,酒店住宿,舒适型酒店,119.58689,39.95751,hotel
poi_hotel.csv,菲舍尔宾馆,酒店住宿,舒适型酒店,119.504896,39.822327,hotel
poi_hotel.csv,顺心公寓,酒店住宿,舒适型酒店,119.546102,39.905683,hotel
poi_hotel.csv,海洋花园观海公寓,酒店住宿,舒适型酒店,119.54559,39.901835,hotel
poi_hotel.csv,许建平民居,酒店住宿,舒适型酒店,119.540882,39.91451,hotel
poi_hotel.csv,北戴河禧悦民宿,酒店住宿,舒适型酒店,119.482811,39.823253,hotel
poi_hotel.csv,瑞鹏红山旅店,酒店住宿,舒适型酒店,118.889829,39.896601,hotel
poi_hotel.csv,诚信公寓,酒店住宿,舒适型酒店,119.546076,39.905694,hotel
poi_hotel.csv,爱妤风情酒店式公寓,酒店住宿,舒适型酒店,119.171757,39.71541,hotel
poi_hotel.csv,赶海人家艺术小屋,酒店住宿,舒适型酒店,119.505321,39.833087,hotel
poi_hotel.csv,北戴河来吧自助厨房家庭公寓,酒店住宿,舒适型酒店,119.50211,39.834057,hotel
poi_hotel.csv,发小农家院,酒店住宿,舒适型酒店,119.480371,39.869947,hotel
poi_hotel.csv,去那海假日宾馆,酒店住宿,舒适型酒店,119.505774,39.82385,hotel
poi_hotel.csv,中腾宾馆,酒店住宿,舒适型酒店,119.515972,39.853751,hotel
poi_hotel.csv,嘉源商务宾馆,酒店住宿,舒适型酒店,118.886368,39.891597,hotel
poi_hotel.csv,双龙商务宾馆,酒店住宿,舒适型酒店,118.891453,39.896818,hotel
poi_hotel.csv,彩虹小屋客栈,酒店住宿,舒适型酒店,119.482402,39.82369,hotel
poi_hotel.csv,秉锴宾馆,酒店住宿,舒适型酒店,119.295523,39.705764,hotel
poi_hotel.csv,启惠农家院,酒店住宿,舒适型酒店,119.762903,39.964505,hotel
poi_hotel.csv,紫园海岸度假客栈,酒店住宿,舒适型酒店,119.480727,39.820326,hotel
poi_hotel.csv,涛宇家庭公寓,酒店住宿,舒适型酒店,119.487617,39.835236,hotel
poi_hotel.csv,美居快捷宾馆,酒店住宿,舒适型酒店,119.76531,40.002985,hotel
poi_hotel.csv,四海之家度假公寓,酒店住宿,舒适型酒店,119.509052,39.829886,hotel
poi_hotel.csv,夏南民宿,酒店住宿,舒适型酒店,119.463132,39.838941,hotel
poi_hotel.csv,盼海农家院,酒店住宿,舒适型酒店,119.7654,39.962695,hotel
poi_hotel.csv,老龙头一号假日公寓,酒店住宿,舒适型酒店,119.803382,39.98023,hotel
poi_hotel.csv,宇睿宾馆,酒店住宿,舒适型酒店,119.41746,39.78918,hotel
poi_hotel.csv,维多利亚海湾公寓,酒店住宿,舒适型酒店,119.570802,39.923862,hotel
poi_hotel.csv,赫娜民宿,酒店住宿,舒适型酒店,119.468942,39.839492,hotel
poi_hotel.csv,乾泰旅馆,酒店住宿,舒适型酒店,119.425302,39.794323,hotel
poi_hotel.csv,山海假日度假公寓,酒店住宿,舒适型酒店,119.775662,39.976201,hotel
poi_hotel.csv,李青家庭休闲旅馆,酒店住宿,舒适型酒店,119.507042,39.827175,hotel
poi_hotel.csv,小时光日租家庭公寓,酒店住宿,舒适型酒店,119.188089,39.71824,hotel
poi_hotel.csv,凤霞旅馆,酒店住宿,舒适型酒店,119.486087,39.827613,hotel
poi_hotel.csv,昆岳快捷宾馆,酒店住宿,舒适型酒店,119.421729,39.84856,hotel
poi_hotel.csv,友邦海景公寓,酒店住宿,舒适型酒店,119.545267,39.901571,hotel
poi_hotel.csv,遇见春来青旅,酒店住宿,青旅,119.493284,39.822434,hotel
poi_hotel.csv,蓝畔农家院旅店,酒店住宿,舒适型酒店,119.796278,39.972921,hotel
poi_hotel.csv,悦途快捷宾馆,酒店住宿,舒适型酒店,119.537728,39.922145,hotel
poi_hotel.csv,允希客栈,酒店住宿,舒适型酒店,119.482436,39.824602,hotel
poi_hotel.csv,玉龙湾幸福酒店式公寓,酒店住宿,舒适型酒店,119.57736,39.92598,hotel
poi_hotel.csv,刘振建旅馆,酒店住宿,舒适型酒店,119.477601,39.8247,hotel
poi_hotel.csv,聚鑫宾馆,酒店住宿,舒适型酒店,119.163614,39.711497,hotel
poi_hotel.csv,海边农家乐,酒店住宿,舒适型酒店,119.425642,39.795935,hotel
poi_hotel.csv,锦程旅馆,酒店住宿,舒适型酒店,119.414292,39.798107,hotel
poi_hotel.csv,鸿纬快捷宾馆,酒店住宿,舒适型酒店,118.945313,40.400538,hotel
poi_hotel.csv,永平宾馆,酒店住宿,舒适型酒店,118.877223,39.892988,hotel
poi_hotel.csv,兴博民宿,酒店住宿,舒适型酒店,119.493532,39.838125,hotel
poi_hotel.csv,新世佳快捷宾馆,酒店住宿,舒适型酒店,119.816056,39.989705,hotel
poi_hotel.csv,元瑞集快捷宾馆,酒店住宿,舒适型酒店,119.166484,39.706733,hotel
poi_hotel.csv,宇轩阁主题客栈,酒店住宿,舒适型酒店,119.505829,39.827506,hotel
poi_hotel.csv,海韵一家人家庭公寓,酒店住宿,舒适型酒店,119.525216,39.82668,hotel
poi_hotel.csv,宏波旅馆,酒店住宿,舒适型酒店,119.438743,39.809452,hotel
poi_hotel.csv,花熙宾馆,酒店住宿,舒适型酒店,119.448278,39.810937,hotel
poi_hotel.csv,天龙商务酒店,酒店住宿,舒适型酒店,119.609708,40.091152,hotel
poi_hotel.csv,黄金海岸正亮农家院,酒店住宿,舒适型酒店,119.297383,39.699993,hotel
poi_hotel.csv,花神六号度假客栈,酒店住宿,舒适型酒店,119.525533,39.827602,hotel
poi_hotel.csv,慧萱宾馆,酒店住宿,舒适型酒店,119.503716,39.82464,hotel
poi_hotel.csv,卢龙酒店,酒店住宿,高档型酒店,118.891159,39.893903,hotel
poi_hotel.csv,海上海国际酒店,酒店住宿,高档型酒店,119.60136,39.941899,hotel
poi_hotel.csv,北戴河贵缘阁主题客栈,酒店住宿,舒适型酒店,119.505291,39.827276,hotel
poi_hotel.csv,泰达宾馆,酒店住宿,舒适型酒店,119.492356,39.834521,hotel
poi_hotel.csv,海帝酒店,酒店住宿,舒适型酒店,119.517915,39.82792,hotel
poi_hotel.csv,东方宾馆,酒店住宿,舒适型酒店,119.75344,39.999873,hotel
poi_hotel.csv,唯特短租公寓,酒店住宿,舒适型酒店,119.60425,39.932091,hotel
poi_hotel.csv,谊合酒店,酒店住宿,舒适型酒店,119.761572,39.999432,hotel
poi_hotel.csv,碧海金沙刘庄家庭旅馆,酒店住宿,舒适型酒店,119.504222,39.824569,hotel
poi_hotel.csv,大庆宾馆,酒店住宿,舒适型酒店,119.58798,39.932621,hotel
poi_hotel.csv,博逸商务酒店,酒店住宿,舒适型酒店,119.76435,40.004192,hotel
poi_hotel.csv,华威宾馆,酒店住宿,舒适型酒店,119.58563,39.935393,hotel
poi_hotel.csv,昌黎宾馆,酒店住宿,舒适型酒店,119.179815,39.716751,hotel
poi_hotel.csv,二十五小时快捷商务酒店,酒店住宿,舒适型酒店,119.612813,39.942204,hotel
poi_hotel.csv,东发宾馆,酒店住宿,舒适型酒店,119.586572,39.95484,hotel
poi_hotel.csv,南园宾馆,酒店住宿,舒适型酒店,119.751769,39.999787,hotel
poi_hotel.csv,玖玖快捷酒店,酒店住宿,舒适型酒店,119.608667,39.936066,hotel
poi_hotel.csv,云峰宾馆,酒店住宿,舒适型酒店,119.564189,39.918301,hotel
poi_hotel.csv,红月公寓,酒店住宿,舒适型酒店,119.159892,39.696888,hotel
poi_hotel.csv,时光半夏客栈,酒店住宿,舒适型酒店,119.506609,39.826774,hotel
poi_hotel.csv,誉港快捷宾馆,酒店住宿,舒适型酒店,119.558028,39.975061,hotel
poi_hotel.csv,忆海居-海景主题公寓,酒店住宿,舒适型酒店,119.564834,39.909993,hotel
poi_hotel.csv,顺心如意临海家庭公寓,酒店住宿,舒适型酒店,119.545425,39.901797,hotel
poi_hotel.csv,乐源宾馆,酒店住宿,舒适型酒店,119.166855,39.706303,hotel
poi_hotel.csv,晟禾日租公寓,酒店住宿,舒适型酒店,119.159911,39.696532,hotel
poi_hotel.csv,秦皇岛博贤观海公寓,酒店住宿,舒适型酒店,119.543434,39.914307,hotel
poi_hotel.csv,近海温馨公寓,酒店住宿,舒适型酒店,119.545166,39.90238,hotel
poi_hotel.csv,相约日租公寓,酒店住宿,舒适型酒店,119.179483,39.726526,hotel
poi_hotel.csv,温馨家庭公寓,酒店住宿,舒适型酒店,119.545425,39.901797,hotel
poi_hotel.csv,傲澜宾馆,酒店住宿,舒适型酒店,119.243533,39.880137,hotel
poi_hotel.csv,轻松住-四季小屋客栈,酒店住宿,舒适型酒店,119.482322,39.825052,hotel
poi_hotel.csv,秦皇岛金梦印象家庭海景公寓,酒店住宿,舒适型酒店,119.545855,39.901768,hotel
poi_hotel.csv,东山小院民宿,酒店住宿,舒适型酒店,119.626477,39.917732,hotel
poi_hotel.csv,丫丫海景公寓,酒店住宿,舒适型酒店,119.546151,39.905735,hotel
poi_hotel.csv,秦皇岛金梦海湾8号公寓,酒店住宿,舒适型酒店,119.558469,39.907737,hotel
poi_hotel.csv,戴河湾酒店,酒店住宿,舒适型酒店,119.403186,39.829349,hotel
poi_hotel.csv,Summer主题客栈,酒店住宿,舒适型酒店,119.506997,39.826809,hotel
poi_hotel.csv,陈晓杰观海公寓,酒店住宿,舒适型酒店,119.54557,39.90202,hotel
poi_hotel.csv,秦皇岛洁雅小窝海景公寓,酒店住宿,舒适型酒店,119.55891,39.907536,hotel
poi_hotel.csv,北戴河德丰家庭式公寓,酒店住宿,舒适型酒店,119.502706,39.82587,hotel
poi_hotel.csv,苏通旅馆,酒店住宿,舒适型酒店,119.483312,39.822091,hotel
poi_hotel.csv,爱恋小屋公寓,酒店住宿,舒适型酒店,118.880073,39.891696,hotel
poi_hotel.csv,维多利亚短租公寓,酒店住宿,舒适型酒店,119.570728,39.923655,hotel
poi_hotel.csv,劝业宾馆,酒店住宿,舒适型酒店,118.947661,40.405852,hotel
poi_hotel.csv,渔尚渔宾馆,酒店住宿,舒适型酒店,119.504557,39.821889,hotel
poi_hotel.csv,裕翔依海公寓,酒店住宿,舒适型酒店,119.518746,39.82938,hotel
poi_hotel.csv,北戴河海之蓝精品公寓,酒店住宿,舒适型酒店,119.504143,39.834591,hotel
poi_hotel.csv,海韵假日别墅,酒店住宿,舒适型酒店,119.520108,39.824629,hotel
poi_hotel.csv,顶好宾馆,酒店住宿,舒适型酒店,118.891156,39.898201,hotel
poi_hotel.csv,正赢宾馆,酒店住宿,舒适型酒店,119.236872,39.894323,hotel
poi_hotel.csv,北戴河家庭公寓,酒店住宿,舒适型酒店,119.505363,39.833084,hotel
poi_hotel.csv,柳明家庭公寓,酒店住宿,舒适型酒店,119.546543,39.902852,hotel
poi_hotel.csv,福运旅馆,酒店住宿,舒适型酒店,118.890699,39.896184,hotel
poi_hotel.csv,赤土山新区公寓,酒店住宿,舒适型酒店,119.505171,39.832063,hotel
poi_hotel.csv,李红亮农家院,酒店住宿,舒适型酒店,119.765518,39.962301,hotel
poi_hotel.csv,泰和宾馆,酒店住宿,舒适型酒店,118.951474,40.404714,hotel
poi_hotel.csv,艾琳旅馆,酒店住宿,舒适型酒店,119.485529,39.827993,hotel
poi_hotel.csv,孙宝琴旅馆,酒店住宿,舒适型酒店,119.468966,39.839462,hotel
poi_hotel.csv,立楠旅馆,酒店住宿,舒适型酒店,119.486003,39.82725,hotel
poi_hotel.csv,伊山宾馆,酒店住宿,舒适型酒店,119.763688,40.001584,hotel
poi_hotel.csv,海之岸旅馆,酒店住宿,舒适型酒店,119.623491,39.919892,hotel
poi_hotel.csv,南戴河明兰宾馆,酒店住宿,舒适型酒店,119.417059,39.789352,hotel
poi_hotel.csv,秦皇岛山海假日酒店,酒店住宿,高档型酒店,119.751894,40.007599,hotel
poi_hotel.csv,我行我宿休闲客栈,酒店住宿,舒适型酒店,119.483646,39.82271,hotel
poi_hotel.csv,旺客旅店,酒店住宿,舒适型酒店,119.601956,39.930016,hotel
poi_hotel.csv,海初驿站,酒店住宿,舒适型酒店,119.482236,39.821684,hotel
poi_hotel.csv,天明宾馆,酒店住宿,舒适型酒店,119.334936,39.698504,hotel
poi_hotel.csv,江涛宾馆,酒店住宿,舒适型酒店,119.627533,39.930438,hotel
poi_hotel.csv,比基尼海滩宾馆,酒店住宿,舒适型酒店,119.505444,39.824059,hotel
poi_hotel.csv,雨朵旅馆,酒店住宿,舒适型酒店,119.505305,39.826291,hotel
poi_hotel.csv,钰海宾馆,酒店住宿,舒适型酒店,119.420287,39.849406,hotel
poi_hotel.csv,嘉利家公寓日租房,酒店住宿,舒适型酒店,119.187554,39.718427,hotel
poi_hotel.csv,驿旅阳光宾馆,酒店住宿,舒适型酒店,118.908818,39.910371,hotel
poi_hotel.csv,立田旅馆,酒店住宿,舒适型酒店,119.470084,39.840443,hotel
poi_hotel.csv,汇之滨快捷宾馆,酒店住宿,舒适型酒店,119.743579,39.996815,hotel
poi_hotel.csv,孙海民宿,酒店住宿,舒适型酒店,119.465373,39.838808,hotel
poi_hotel.csv,秦皇岛优雅小宅旅馆,酒店住宿,舒适型酒店,119.756624,40.011723,hotel
poi_hotel.csv,秦皇岛晏欣宾馆,酒店住宿,舒适型酒店,119.42082,39.849594,hotel
poi_hotel.csv,鑫顺海景公寓,酒店住宿,舒适型酒店,119.558359,39.907334,hotel
poi_hotel.csv,磊磊宾馆,酒店住宿,舒适型酒店,119.507279,39.827728,hotel
poi_hotel.csv,鑫尚邑酒店,酒店住宿,舒适型酒店,119.592733,39.955531,hotel
poi_hotel.csv,曼坞主题观海公寓,酒店住宿,舒适型酒店,119.529347,39.890186,hotel
poi_hotel.csv,秦皇岛小逸近海公寓,酒店住宿,舒适型酒店,119.505176,39.831148,hotel
poi_hotel.csv,秦皇岛畅畅宾馆,酒店住宿,舒适型酒店,119.421691,39.849783,hotel
poi_hotel.csv,超市宾馆,酒店住宿,舒适型酒店,119.422995,39.85115,hotel
poi_hotel.csv,海夏宾馆,酒店住宿,舒适型酒店,119.504508,39.823804,hotel
poi_hotel.csv,乔克宾馆,酒店住宿,舒适型酒店,119.468833,39.933372,hotel
poi_hotel.csv,宜家旅馆,酒店住宿,舒适型酒店,119.425557,39.795114,hotel
poi_hotel.csv,望峰海民宿,酒店住宿,舒适型酒店,119.482639,39.825152,hotel
poi_hotel.csv,鸿鑫宾馆,酒店住宿,舒适型酒店,119.30677,39.700176,hotel
poi_hotel.csv,金钰湾酒店,酒店住宿,舒适型酒店,119.334152,39.699795,hotel
poi_hotel.csv,冯宝余旅馆,酒店住宿,舒适型酒店,119.481901,39.82186,hotel
poi_hotel.csv,文世旅馆,酒店住宿,舒适型酒店,119.486398,39.827297,hotel
poi_hotel.csv,秦皇岛瑞草海景公寓,酒店住宿,舒适型酒店,119.557695,39.915039,hotel
poi_hotel.csv,森林逸城豪华观海公寓,酒店住宿,舒适型酒店,119.526676,39.88927,hotel
poi_hotel.csv,悦馨宾馆,酒店住宿,舒适型酒店,119.487196,39.819771,hotel
poi_hotel.csv,海寓宾馆,酒店住宿,舒适型酒店,119.622897,39.9196,hotel
poi_hotel.csv,兴宇旅馆,酒店住宿,舒适型酒店,119.48663,39.81948,hotel
poi_hotel.csv,奇利公寓,酒店住宿,舒适型酒店,119.809593,39.999461,hotel
poi_hotel.csv,花溪居-海景亲子公馆,酒店住宿,舒适型酒店,119.487485,39.819475,hotel
poi_hotel.csv,文博苑民宿,酒店住宿,舒适型酒店,119.424105,39.862068,hotel
poi_hotel.csv,静泽海边农家乐,酒店住宿,舒适型酒店,119.425533,39.795134,hotel
poi_hotel.csv,金梦海湾明月海景公寓,酒店住宿,舒适型酒店,119.558192,39.907446,hotel
poi_hotel.csv,海与佳人观海公寓,酒店住宿,舒适型酒店,119.558304,39.90795,hotel
poi_hotel.csv,远洋-海逸世家观海公寓,酒店住宿,舒适型酒店,119.557853,39.91502,hotel
poi_hotel.csv,刘凤莲旅馆,酒店住宿,舒适型酒店,119.477654,39.824651,hotel
poi_hotel.csv,阳光小居日租公寓,酒店住宿,舒适型酒店,119.187546,39.71842,hotel
poi_hotel.csv,和泰宾馆,酒店住宿,舒适型酒店,119.285983,39.585004,hotel
poi_hotel.csv,秦皇岛花蕊家庭公寓,酒店住宿,舒适型酒店,119.503227,39.838484,hotel
poi_hotel.csv,李娟旅馆,酒店住宿,舒适型酒店,119.43657,39.813094,hotel
poi_hotel.csv,驿捷度假连锁酒店,酒店住宿,舒适型酒店,119.423381,39.813018,hotel
poi_hotel.csv,怡海拾光旅馆,酒店住宿,舒适型酒店,119.504603,39.8233,hotel
poi_hotel.csv,安信公寓,酒店住宿,舒适型酒店,119.599409,39.943463,hotel
poi_hotel.csv,华伦奥主题宾馆,酒店住宿,舒适型酒店,119.505088,39.822329,hotel
poi_hotel.csv,段桂荣家庭旅馆,酒店住宿,舒适型酒店,119.483213,39.823971,hotel
poi_hotel.csv,陆静家庭旅馆,酒店住宿,舒适型酒店,119.440438,39.811642,hotel
poi_hotel.csv,有间客栈,酒店住宿,舒适型酒店,119.507037,39.827417,hotel
poi_hotel.csv,百顺宾馆,酒店住宿,舒适型酒店,119.423216,39.851218,hotel
poi_hotel.csv,碧园春宾馆,酒店住宿,舒适型酒店,119.476852,39.822414,hotel
poi_hotel.csv,振清临海客栈,酒店住宿,舒适型酒店,119.486547,39.820098,hotel
poi_hotel.csv,浅水湾花园轰趴别墅,酒店住宿,舒适型酒店,119.519685,39.848295,hotel
poi_hotel.csv,源缘公寓,酒店住宿,舒适型酒店,119.518235,39.828874,hotel
poi_hotel.csv,赵翠艳旅馆,酒店住宿,舒适型酒店,119.48265,39.825642,hotel
poi_hotel.csv,振伟旅馆,酒店住宿,舒适型酒店,119.566362,39.919495,hotel
poi_hotel.csv,金源商务宾馆,酒店住宿,舒适型酒店,118.957307,40.405696,hotel
poi_hotel.csv,海韵旅馆,酒店住宿,舒适型酒店,119.43232,39.79836,hotel
poi_hotel.csv,赵曼家庭旅馆,酒店住宿,舒适型酒店,119.466477,39.838445,hotel
poi_hotel.csv,同福宾馆,酒店住宿,舒适型酒店,119.814675,39.989737,hotel
poi_hotel.csv,时尚湾海海景精品公寓,酒店住宿,舒适型酒店,119.43366,39.799362,hotel
poi_hotel.csv,旭辰民宿,酒店住宿,舒适型酒店,119.422678,39.812679,hotel
poi_hotel.csv,地海宾馆,酒店住宿,舒适型酒店,119.491528,39.842225,hotel
poi_hotel.csv,旭旭民宿,酒店住宿,舒适型酒店,119.4791,39.824513,hotel
poi_hotel.csv,羊城酒店,酒店住宿,舒适型酒店,119.593381,39.960221,hotel
poi_hotel.csv,秦皇国际名轩住宿,酒店住宿,舒适型酒店,119.564894,39.910058,hotel
poi_hotel.csv,英盈海景公寓,酒店住宿,舒适型酒店,119.544088,39.900846,hotel
poi_hotel.csv,宝泰快捷宾馆,酒店住宿,舒适型酒店,119.421399,39.797428,hotel
poi_hotel.csv,秦皇岛雁集快捷宾馆,酒店住宿,舒适型酒店,119.600749,39.948662,hotel
poi_hotel.csv,亲亲我的小屋,酒店住宿,舒适型酒店,119.611302,39.941936,hotel
poi_hotel.csv,燕佳民宿,酒店住宿,舒适型酒店,119.460787,39.863675,hotel
poi_hotel.csv,上徐快捷宾馆,酒店住宿,舒适型酒店,119.394469,39.920431,hotel
poi_hotel.csv,建秋主题客栈,酒店住宿,舒适型酒店,119.484157,39.822809,hotel
poi_hotel.csv,闪客一族家庭自助公寓,酒店住宿,舒适型酒店,119.505143,39.832458,hotel
poi_hotel.csv,爱家碧海云天公寓,酒店住宿,舒适型酒店,119.589036,39.94137,hotel
poi_hotel.csv,爱琴海海景主题公寓,酒店住宿,舒适型酒店,119.577326,39.926049,hotel
poi_hotel.csv,七室独栋别墅,酒店住宿,舒适型酒店,119.494885,39.836455,hotel
poi_hotel.csv,北戴河营营家庭公寓,酒店住宿,舒适型酒店,119.505326,39.833035,hotel
poi_hotel.csv,爱君旅馆饭店,酒店住宿,舒适型酒店,119.438655,39.813845,hotel
poi_hotel.csv,心顺宾馆,酒店住宿,舒适型酒店,119.237724,39.894052,hotel
poi_hotel.csv,春柱快捷宾馆,酒店住宿,舒适型酒店,119.810486,39.998738,hotel
poi_hotel.csv,隆鑫农家院,酒店住宿,舒适型酒店,119.416551,39.790717,hotel
poi_hotel.csv,小悦家庭公寓,酒店住宿,舒适型酒店,119.518747,39.82727,hotel
poi_hotel.csv,北戴河胡坡旅馆,酒店住宿,舒适型酒店,119.493996,39.839412,hotel
poi_hotel.csv,缘梦海公寓,酒店住宿,舒适型酒店,119.503437,39.821598,hotel
poi_hotel.csv,玛丽娜宾馆,酒店住宿,舒适型酒店,119.488775,39.819062,hotel
poi_hotel.csv,北戴河恋海度假公寓,酒店住宿,舒适型酒店,119.499487,39.832241,hotel
poi_hotel.csv,畅心居公寓,酒店住宿,舒适型酒店,119.504674,39.836998,hotel
poi_hotel.csv,蓝湾阳光公寓,酒店住宿,舒适型酒店,119.803588,39.980631,hotel
poi_hotel.csv,北戴河铭浩家庭公寓,酒店住宿,舒适型酒店,119.504813,39.833425,hotel
poi_hotel.csv,宾至旅馆,酒店住宿,舒适型酒店,119.50063,39.827401,hotel
poi_hotel.csv,渤海明珠公寓,酒店住宿,舒适型酒店,119.59156,39.929272,hotel
poi_hotel.csv,鑫荣旅馆,酒店住宿,舒适型酒店,119.424225,39.798651,hotel
poi_hotel.csv,秦皇国际渤海公寓,酒店住宿,舒适型酒店,119.564771,39.910135,hotel
poi_hotel.csv,金润顺民宿,酒店住宿,舒适型酒店,119.477717,39.826126,hotel
poi_hotel.csv,李建军宾馆,酒店住宿,舒适型酒店,119.505646,39.823853,hotel
poi_hotel.csv,北戴河樱塘-老七宾馆,酒店住宿,舒适型酒店,119.479665,39.8242,hotel
poi_hotel.csv,西浴场铭昔宾馆,酒店住宿,舒适型酒店,119.572244,39.911554,hotel
poi_hotel.csv,秦皇岛毕桂华宾馆,酒店住宿,舒适型酒店,119.464369,39.868763,hotel
poi_hotel.csv,友家快捷旅店,酒店住宿,舒适型酒店,119.245743,39.893857,hotel
poi_hotel.csv,北戴河快乐近海家庭公寓,酒店住宿,舒适型酒店,119.504288,39.829162,hotel
poi_hotel.csv,伴途客栈,酒店住宿,舒适型酒店,119.505413,39.827272,hotel
poi_hotel.csv,海韵假日公寓,酒店住宿,舒适型酒店,119.522141,39.827604,hotel
poi_hotel.csv,望海谣甜甜民宿,酒店住宿,舒适型酒店,119.412529,39.790469,hotel
poi_hotel.csv,春梅宾馆,酒店住宿,舒适型酒店,119.519264,39.827821,hotel
poi_hotel.csv,米多快捷宾馆,酒店住宿,舒适型酒店,119.492049,39.831081,hotel
poi_hotel.csv,夏都海岸度假公寓,酒店住宿,舒适型酒店,119.42031,39.790055,hotel
poi_hotel.csv,南戴河俊宁公寓,酒店住宿,舒适型酒店,119.42898,39.79944,hotel
poi_hotel.csv,晟嘉快捷宾馆,酒店住宿,舒适型酒店,118.89075,39.89903,hotel
poi_hotel.csv,源缘宾馆,酒店住宿,舒适型酒店,119.420208,39.849349,hotel
poi_hotel.csv,逸馨园酒店,酒店住宿,舒适型酒店,119.498581,39.820493,hotel
poi_hotel.csv,桂英旅馆,酒店住宿,舒适型酒店,119.486647,39.819371,hotel
poi_hotel.csv,蓝图宾馆,酒店住宿,舒适型酒店,119.528956,40.018296,hotel
poi_hotel.csv,银河宾馆,酒店住宿,舒适型酒店,119.166602,39.706986,hotel
poi_hotel.csv,秦皇岛帝森商务酒店,酒店住宿,舒适型酒店,119.616084,39.936735,hotel
poi_hotel.csv,怡佳公寓,酒店住宿,舒适型酒店,119.755646,39.966443,hotel
poi_hotel.csv,立海旅馆,酒店住宿,舒适型酒店,119.467572,39.838966,hotel
poi_hotel.csv,洪洋快捷宾馆,酒店住宿,舒适型酒店,119.621729,39.931942,hotel
poi_hotel.csv,五爱五家旅馆,酒店住宿,舒适型酒店,119.527922,39.9266,hotel
poi_hotel.csv,金屋逸家,酒店住宿,舒适型酒店,119.533273,39.897537,hotel
poi_hotel.csv,天悦楼宾馆,酒店住宿,舒适型酒店,119.609892,39.932382,hotel
poi_hotel.csv,至顺宾馆,酒店住宿,舒适型酒店,119.585599,39.935396,hotel
poi_hotel.csv,枣香宾馆,酒店住宿,舒适型酒店,119.59968,39.934649,hotel
poi_hotel.csv,周玉洁家庭旅馆,酒店住宿,舒适型酒店,119.477957,39.825293,hotel
poi_hotel.csv,小鹿宾馆,酒店住宿,舒适型酒店,119.237723,39.894227,hotel
poi_hotel.csv,秦皇岛锦江半岛四季酒店,酒店住宿,豪华型酒店,119.603477,39.93634,hotel
poi_hotel.csv,时尚快捷宾馆,酒店住宿,舒适型酒店,119.50435,39.823673,hotel
poi_hotel.csv,老龙头海景公寓,酒店住宿,舒适型酒店,119.805248,39.981496,hotel
poi_hotel.csv,半岛日租公寓,酒店住宿,舒适型酒店,119.523544,39.901126,hotel
poi_hotel.csv,佳佳客栈,酒店住宿,舒适型酒店,119.492625,39.837148,hotel
poi_hotel.csv,南戴河睿轩渔家院,酒店住宿,舒适型酒店,119.42172,39.794222,hotel
poi_hotel.csv,九晟快捷宾馆,酒店住宿,舒适型酒店,119.253158,39.89063,hotel
poi_hotel.csv,楠毓快捷宾馆,酒店住宿,舒适型酒店,119.77791,40.000979,hotel
poi_hotel.csv,硕金宾馆,酒店住宿,舒适型酒店,119.173663,39.702151,hotel
poi_hotel.csv,华荣招待所,酒店住宿,舒适型酒店,119.76419,40.00156,hotel
poi_hotel.csv,鑫逸渔家院,酒店住宿,舒适型酒店,119.767432,39.964783,hotel
poi_hotel.csv,明日星城日租公寓,酒店住宿,舒适型酒店,119.516886,39.922763,hotel
poi_hotel.csv,轩宇宾馆,酒店住宿,舒适型酒店,119.800999,39.99454,hotel
poi_hotel.csv,泰福宾馆,酒店住宿,舒适型酒店,119.54475,39.904766,hotel
poi_hotel.csv,夏都海岸主题公寓酒店,酒店住宿,舒适型酒店,119.422978,39.791907,hotel
poi_hotel.csv,亿隆宾馆,酒店住宿,舒适型酒店,119.763942,40.001325,hotel
poi_hotel.csv,南戴河近海自助家庭公寓,酒店住宿,舒适型酒店,119.415078,39.800251,hotel
poi_hotel.csv,葡萄沟酒酣农家院,酒店住宿,舒适型酒店,119.119488,39.767091,hotel
poi_hotel.csv,浪漫情海假日公寓,酒店住宿,舒适型酒店,119.50566,39.821627,hotel
poi_hotel.csv,长宏旅馆,酒店住宿,舒适型酒店,119.493955,39.835919,hotel
poi_hotel.csv,南戴河时尚海景公寓酒店,酒店住宿,舒适型酒店,119.423887,39.809891,hotel
poi_hotel.csv,乐巢宾馆,酒店住宿,舒适型酒店,119.242603,39.894633,hotel
poi_hotel.csv,东都宾馆,酒店住宿,舒适型酒店,119.489536,39.816353,hotel
poi_hotel.csv,亲海窝假日酒店,酒店住宿,舒适型酒店,119.558902,39.907534,hotel
poi_hotel.csv,燕宝阁民宿,酒店住宿,舒适型酒店,119.42202,39.812034,hotel
poi_hotel.csv,海源宾馆,酒店住宿,舒适型酒店,119.473823,39.826264,hotel
poi_hotel.csv,秦皇岛鸽子窝海韵度假公寓,酒店住宿,舒适型酒店,119.522801,39.82795,hotel
poi_hotel.csv,向日葵度假宾馆,酒店住宿,舒适型酒店,119.505157,39.822433,hotel
poi_hotel.csv,碧海湾家庭公寓,酒店住宿,舒适型酒店,119.50474,39.832103,hotel
poi_hotel.csv,昌黎县滨海宾馆,酒店住宿,舒适型酒店,119.335719,39.698584,hotel
poi_hotel.csv,秦皇国际公寓,酒店住宿,舒适型酒店,119.565769,39.91049,hotel
poi_hotel.csv,俊新旅馆,酒店住宿,舒适型酒店,119.485853,39.828238,hotel
poi_hotel.csv,庆滨旅馆,酒店住宿,舒适型酒店,119.479675,39.823354,hotel
poi_hotel.csv,圣帝主题酒店,酒店住宿,舒适型酒店,119.253794,39.890372,hotel
poi_hotel.csv,北戴河艳丽旅馆,酒店住宿,舒适型酒店,119.485886,39.827112,hotel
poi_hotel.csv,红果民宿,酒店住宿,舒适型酒店,119.477965,39.822631,hotel
poi_hotel.csv,温馨度假公寓,酒店住宿,舒适型酒店,119.500209,39.832981,hotel
poi_hotel.csv,刘丹旅馆,酒店住宿,舒适型酒店,119.47821,39.82387,hotel
poi_hotel.csv,俊滨民宿,酒店住宿,舒适型酒店,119.478181,39.822905,hotel
poi_hotel.csv,言华旅馆,酒店住宿,舒适型酒店,119.60991,39.93083,hotel
poi_hotel.csv,新梅民宿,酒店住宿,舒适型酒店,119.48792,39.8369,hotel
poi_hotel.csv,骏怡连锁酒店,酒店住宿,舒适型酒店,119.608992,39.939103,hotel
poi_hotel.csv,永强宾馆,酒店住宿,舒适型酒店,119.505291,39.824067,hotel
poi_hotel.csv,近海家庭公寓,酒店住宿,舒适型酒店,119.523038,39.8288,hotel
poi_hotel.csv,怡安客舍,酒店住宿,舒适型酒店,119.419826,39.81514,hotel
poi_hotel.csv,俊洋民宿,酒店住宿,舒适型酒店,119.439567,39.813384,hotel
poi_hotel.csv,守环精品民宿,酒店住宿,舒适型酒店,119.504402,39.821372,hotel
poi_hotel.csv,德缘旅社,酒店住宿,舒适型酒店,118.889669,39.896568,hotel
poi_hotel.csv,云友宾馆,酒店住宿,舒适型酒店,119.248622,39.891419,hotel
poi_hotel.csv,广海客栈,酒店住宿,舒适型酒店,119.486795,39.819453,hotel
poi_hotel.csv,北戴河假日公寓,酒店住宿,舒适型酒店,119.500974,39.833194,hotel
poi_hotel.csv,路通宾馆,酒店住宿,舒适型酒店,119.768367,40.001525,hotel
poi_hotel.csv,美惠旅馆,酒店住宿,舒适型酒店,119.469615,39.840228,hotel
poi_hotel.csv,庆祝旅馆,酒店住宿,舒适型酒店,119.467866,39.839913,hotel
poi_hotel.csv,倦鸟归巢渔家院,酒店住宿,舒适型酒店,119.765404,39.967386,hotel
poi_hotel.csv,永滨旅馆,酒店住宿,舒适型酒店,119.482042,39.823013,hotel
poi_hotel.csv,宏健宾馆,酒店住宿,舒适型酒店,119.214651,39.897365,hotel
poi_hotel.csv,凤平旅馆,酒店住宿,舒适型酒店,119.448668,39.81197,hotel
poi_hotel.csv,剑铁宾馆,酒店住宿,舒适型酒店,119.477827,39.818283,hotel
poi_hotel.csv,秦皇岛阳阳家庭公寓,酒店住宿,舒适型酒店,119.522306,39.827723,hotel
poi_hotel.csv,金御祥民宿酒店,酒店住宿,舒适型酒店,119.763633,39.96467,hotel
poi_hotel.csv,望古楼客栈,酒店住宿,舒适型酒店,119.761269,40.003831,hotel
poi_hotel.csv,夏都海明月海景公寓,酒店住宿,舒适型酒店,119.420249,39.790051,hotel
poi_hotel.csv,迎顺旅社,酒店住宿,舒适型酒店,118.890552,39.89542,hotel
poi_hotel.csv,宝君客栈,酒店住宿,舒适型酒店,119.479151,39.823233,hotel
poi_hotel.csv,这片海公寓,酒店住宿,舒适型酒店,119.419442,39.797401,hotel
poi_hotel.csv,驿家快捷,酒店住宿,舒适型酒店,119.187904,39.720424,hotel
poi_hotel.csv,驿祥宾馆,酒店住宿,舒适型酒店,119.335123,39.702855,hotel
poi_hotel.csv,南戴河幸福里家庭旅馆,酒店住宿,舒适型酒店,119.414974,39.793785,hotel
poi_hotel.csv,宏城快捷宾馆,酒店住宿,舒适型酒店,119.174247,39.701711,hotel
poi_hotel.csv,秦皇岛雅客日租公寓,酒店住宿,舒适型酒店,119.604232,39.93206,hotel
poi_hotel.csv,庆福一号酒店,酒店住宿,舒适型酒店,119.482168,39.823286,hotel
poi_hotel.csv,网盛宾馆,酒店住宿,舒适型酒店,118.94762,40.406019,hotel
poi_hotel.csv,紫研旅馆,酒店住宿,舒适型酒店,119.483142,39.825463,hotel
poi_hotel.csv,建喜旅馆,酒店住宿,舒适型酒店,119.479227,39.822733,hotel
poi_hotel.csv,淇政渔家院,酒店住宿,舒适型酒店,119.768699,39.963824,hotel
poi_hotel.csv,福琪民宿,酒店住宿,舒适型酒店,119.487884,39.837256,hotel
poi_hotel.csv,正府宾馆,酒店住宿,舒适型酒店,119.769845,40.002448,hotel
poi_hotel.csv,鑫民假日宾馆,酒店住宿,舒适型酒店,119.485594,39.826901,hotel
poi_hotel.csv,冀强快捷宾馆,酒店住宿,舒适型酒店,118.89737,39.903911,hotel
poi_hotel.csv,秦皇岛卓悦宾馆,酒店住宿,舒适型酒店,119.562449,39.912639,hotel
poi_hotel.csv,南戴河邂逅青年旅社,酒店住宿,青旅,119.424203,39.794733,hotel
poi_hotel.csv,越恒别墅客栈,酒店住宿,舒适型酒店,119.440439,39.823805,hotel
poi_hotel.csv,小欧旅馆,酒店住宿,舒适型酒店,119.492708,39.819663,hotel
poi_hotel.csv,江信公寓,酒店住宿,舒适型酒店,119.332407,39.698432,hotel
poi_hotel.csv,天峰宾馆,酒店住宿,舒适型酒店,119.4225,39.851089,hotel
poi_hotel.csv,莉菲精品民宿,酒店住宿,舒适型酒店,119.506094,39.824334,hotel
poi_hotel.csv,君其农家院,酒店住宿,舒适型酒店,119.767652,39.964288,hotel
poi_hotel.csv,天海一色近海主题公寓,酒店住宿,舒适型酒店,119.503789,39.821516,hotel
poi_hotel.csv,近海度假自助式家庭公寓,酒店住宿,舒适型酒店,119.426179,39.801599,hotel
poi_hotel.csv,老农旅馆,酒店住宿,舒适型酒店,119.437903,39.812652,hotel
poi_hotel.csv,淑香旅馆,酒店住宿,舒适型酒店,119.481656,39.82476,hotel
poi_hotel.csv,北戴河海岸线公寓,酒店住宿,舒适型酒店,119.501136,39.834579,hotel
poi_hotel.csv,秦皇岛正桐宾馆,酒店住宿,舒适型酒店,119.763825,40.002126,hotel
poi_hotel.csv,方芳旅馆,酒店住宿,舒适型酒店,119.479841,39.824121,hotel
poi_hotel.csv,海洋花园望海公寓,酒店住宿,舒适型酒店,119.544963,39.902178,hotel
poi_hotel.csv,福韵宾馆,酒店住宿,舒适型酒店,119.467769,39.935602,hotel
poi_hotel.csv,志惠宾馆,酒店住宿,舒适型酒店,119.487144,39.8197,hotel
poi_hotel.csv,华逸宾馆,酒店住宿,舒适型酒店,119.558094,39.925729,hotel
poi_hotel.csv,鼎福快捷宾馆,酒店住宿,舒适型酒店,119.422124,39.850865,hotel
poi_hotel.csv,粮食宾馆,酒店住宿,舒适型酒店,119.775245,40.010285,hotel
poi_hotel.csv,宏泰宾馆,酒店住宿,舒适型酒店,119.487665,39.820702,hotel
poi_hotel.csv,君林观海公寓,酒店住宿,舒适型酒店,119.805781,39.980325,hotel
poi_hotel.csv,居山水岸宾馆,酒店住宿,舒适型酒店,119.505183,39.823158,hotel
poi_hotel.csv,温馨满屋公寓,酒店住宿,舒适型酒店,119.546409,39.90593,hotel
poi_hotel.csv,夏都宾馆,酒店住宿,舒适型酒店,119.588424,39.933315,hotel
poi_hotel.csv,金坤短租日租公寓,酒店住宿,舒适型酒店,119.604402,39.932002,hotel
poi_hotel.csv,金运达宾馆,酒店住宿,舒适型酒店,119.236893,39.894211,hotel
poi_hotel.csv,旭景商务宾馆,酒店住宿,舒适型酒店,119.751548,40.003385,hotel
poi_hotel.csv,文松宾馆,酒店住宿,舒适型酒店,119.483603,39.825486,hotel
poi_hotel.csv,青艳旅馆,酒店住宿,舒适型酒店,119.436588,39.813307,hotel
poi_hotel.csv,冉冉公寓,酒店住宿,舒适型酒店,119.421822,39.813086,hotel
poi_hotel.csv,宏硕快捷宾馆,酒店住宿,舒适型酒店,119.160784,39.713753,hotel
poi_hotel.csv,北戴河汝胜旅馆,酒店住宿,舒适型酒店,119.493386,39.836539,hotel
poi_hotel.csv,红明酒店,酒店住宿,舒适型酒店,119.258412,39.614344,hotel
poi_hotel.csv,马天宇旅馆,酒店住宿,舒适型酒店,119.486534,39.827592,hotel
poi_hotel.csv,北戴河近海居公寓,酒店住宿,舒适型酒店,119.522802,39.826962,hotel
poi_hotel.csv,秦皇岛鑫鑫海景公寓,酒店住宿,舒适型酒店,119.535739,39.914169,hotel
poi_hotel.csv,龙顺景酒店,酒店住宿,舒适型酒店,119.600772,39.948086,hotel
poi_hotel.csv,秦新旅馆,酒店住宿,舒适型酒店,119.609979,39.930868,hotel
poi_hotel.csv,勒飞民宿,酒店住宿,舒适型酒店,119.479205,39.822867,hotel
poi_hotel.csv,海之恋假日公寓,酒店住宿,舒适型酒店,119.500902,39.83449,hotel
poi_hotel.csv,海岸林庭主题公寓,酒店住宿,舒适型酒店,119.331499,39.698395,hotel
poi_hotel.csv,秦皇岛帝森酒店,酒店住宿,舒适型酒店,119.789124,39.973714,hotel
poi_hotel.csv,魏淑华旅馆,酒店住宿,舒适型酒店,119.483998,39.822476,hotel
poi_hotel.csv,红悦旅馆,酒店住宿,舒适型酒店,119.481086,39.822564,hotel
poi_hotel.csv,如家派柏-云酒店,酒店住宿,舒适型酒店,119.422658,39.851052,hotel
poi_hotel.csv,万家乐日租公寓,酒店住宿,舒适型酒店,119.187954,39.718406,hotel
poi_hotel.csv,海云阁民宿,酒店住宿,舒适型酒店,119.423656,39.812645,hotel
poi_hotel.csv,旺客宾馆,酒店住宿,舒适型酒店,119.419362,39.848898,hotel
poi_hotel.csv,馨逸酒店式日租公寓,酒店住宿,舒适型酒店,119.179452,39.726412,hotel
poi_hotel.csv,秦皇岛澜庭快捷宾馆,酒店住宿,舒适型酒店,118.957521,40.402814,hotel
poi_hotel.csv,花和海轰趴日租别墅,酒店住宿,舒适型酒店,119.488447,39.84538,hotel
poi_hotel.csv,佳伦酒店,酒店住宿,舒适型酒店,119.591881,39.961093,hotel
poi_hotel.csv,嘉琪海景公寓,酒店住宿,舒适型酒店,119.544579,39.902288,hotel
poi_hotel.csv,浪漫之旅主题宾馆,酒店住宿,舒适型酒店,119.505589,39.827382,hotel
poi_hotel.csv,雅之家快捷宾馆,酒店住宿,舒适型酒店,119.76613,40.001917,hotel
poi_hotel.csv,温之馨旅馆,酒店住宿,舒适型酒店,119.424345,39.798687,hotel
poi_hotel.csv,铭扬快捷宾馆,酒店住宿,舒适型酒店,119.586546,39.95498,hotel
poi_hotel.csv,乐佰客商旅酒店,酒店住宿,舒适型酒店,119.610603,39.942738,hotel
poi_hotel.csv,博雅日租公寓,酒店住宿,舒适型酒店,119.604241,39.932159,hotel
poi_hotel.csv,徐敏宾馆,酒店住宿,舒适型酒店,119.481946,39.825429,hotel
poi_hotel.csv,曹秀珍民宿,酒店住宿,舒适型酒店,119.465959,39.867458,hotel
poi_hotel.csv,晟禾日租公寓,酒店住宿,舒适型酒店,119.160036,39.696352,hotel
poi_hotel.csv,北岛宾馆,酒店住宿,舒适型酒店,119.584097,39.94906,hotel
poi_hotel.csv,轶涵民宿,酒店住宿,舒适型酒店,119.466116,39.866997,hotel
poi_hotel.csv,海e居海景度假公寓,酒店住宿,舒适型酒店,119.565114,39.910317,hotel
poi_hotel.csv,7天酒店-秦皇岛东北大学珠江道店,酒店住宿,舒适型酒店,119.564484,39.923525,hotel
poi_hotel.csv,鼓楼快捷宾馆,酒店住宿,舒适型酒店,119.164529,39.700735,hotel
poi_hotel.csv,秦皇岛香梅酒店,酒店住宿,舒适型酒店,119.814933,39.989777,hotel
poi_hotel.csv,悦居宾馆,酒店住宿,舒适型酒店,119.810943,39.995575,hotel
poi_hotel.csv,米拉主题宾馆,酒店住宿,舒适型酒店,119.494661,39.836845,hotel
poi_hotel.csv,提香海景公寓,酒店住宿,舒适型酒店,119.558193,39.915298,hotel
poi_hotel.csv,成火宾馆,酒店住宿,舒适型酒店,119.423148,39.851187,hotel
poi_hotel.csv,七塘快捷宾馆,酒店住宿,舒适型酒店,119.754227,40.000111,hotel
poi_hotel.csv,建军旅馆,酒店住宿,舒适型酒店,119.485932,39.829517,hotel
poi_hotel.csv,橙子酒店,酒店住宿,舒适型酒店,119.262416,39.68485,hotel
poi_hotel.csv,晨圆旅馆,酒店住宿,舒适型酒店,119.487839,39.837585,hotel
poi_hotel.csv,山海关望洋楼酒店,酒店住宿,舒适型酒店,119.768813,39.989231,hotel
poi_hotel.csv,宇和宾馆,酒店住宿,舒适型酒店,119.173893,39.701632,hotel
poi_hotel.csv,7天优品-秦皇岛火车站迎宾路店,酒店住宿,舒适型酒店,119.592499,39.954716,hotel
poi_hotel.csv,秦皇岛秦皇国际酒店,酒店住宿,豪华型酒店,119.565886,39.909208,hotel
poi_hotel.csv,秦皇岛创逸美居公寓,酒店住宿,舒适型酒店,119.544549,39.913928,hotel
poi_hotel.csv,昌黎温馨港湾日租公寓,酒店住宿,舒适型酒店,119.188855,39.718169,hotel
poi_hotel.csv,君庭国际酒店,酒店住宿,高档型酒店,119.602179,39.944078,hotel
poi_hotel.csv,华通宾馆,酒店住宿,舒适型酒店,119.61738,39.953981,hotel
poi_hotel.csv,汉庭,酒店住宿,舒适型酒店,119.599155,39.964646,hotel
poi_hotel.csv,如家酒店-neo,酒店住宿,舒适型酒店,119.606436,39.933856,hotel
poi_hotel.csv,嘉菲假日酒店,酒店住宿,舒适型酒店,119.420089,39.84931,hotel
poi_hotel.csv,有家客栈,酒店住宿,舒适型酒店,119.585154,39.937905,hotel
poi_hotel.csv,如家酒店,酒店住宿,舒适型酒店,119.489585,39.82548,hotel
poi_hotel.csv,Eric民宿,酒店住宿,舒适型酒店,119.505392,39.826673,hotel
poi_hotel.csv,秦皇国际海景假日公寓,酒店住宿,舒适型酒店,119.565107,39.910024,hotel
poi_hotel.csv,桃园宾馆,酒店住宿,舒适型酒店,119.616325,39.944387,hotel
poi_hotel.csv,布丁连锁酒店,酒店住宿,舒适型酒店,119.600029,39.948554,hotel
poi_hotel.csv,星期日宾馆,酒店住宿,舒适型酒店,119.422234,39.797225,hotel
poi_hotel.csv,友邻宾馆,酒店住宿,舒适型酒店,119.492499,39.842352,hotel
poi_hotel.csv,婉君民宿,酒店住宿,舒适型酒店,119.488352,39.837026,hotel
poi_hotel.csv,南戴河海岸威尼斯酒店,酒店住宿,舒适型酒店,119.418786,39.793215,hotel
poi_hotel.csv,悠然驿站,酒店住宿,舒适型酒店,119.811721,39.989641,hotel
poi_hotel.csv,北戴河斯麦尔艺术酒店,酒店住宿,舒适型酒店,119.489746,39.814163,hotel
poi_hotel.csv,名豪宾馆,酒店住宿,舒适型酒店,119.771082,40.008509,hotel
poi_hotel.csv,影新宾馆,酒店住宿,舒适型酒店,119.763053,40.002471,hotel
poi_hotel.csv,如意山海酒店,酒店住宿,高档型酒店,119.565153,39.917622,hotel
poi_hotel.csv,驿桥宾馆,酒店住宿,舒适型酒店,119.174471,39.702175,hotel
poi_hotel.csv,骏怡连锁酒店,酒店住宿,舒适型酒店,119.607827,39.930895,hotel
poi_hotel.csv,秦皇岛北戴河金鑫快捷宾馆,酒店住宿,舒适型酒店,119.419912,39.849076,hotel
poi_hotel.csv,秘境商务酒店,酒店住宿,舒适型酒店,119.598819,39.931328,hotel
poi_hotel.csv,澜庭小屋海景公寓,酒店住宿,舒适型酒店,119.557716,39.915042,hotel
poi_hotel.csv,语格主题客栈,酒店住宿,舒适型酒店,119.481215,39.834201,hotel
poi_hotel.csv,风尚空间青年旅社,酒店住宿,青旅,119.52319,39.83498,hotel
poi_hotel.csv,尚客优连锁酒店,酒店住宿,舒适型酒店,119.159685,39.695894,hotel
poi_hotel.csv,悦冉民宿,酒店住宿,舒适型酒店,119.463941,39.866653,hotel
poi_hotel.csv,赵露主题客栈,酒店住宿,舒适型酒店,119.468403,39.8393,hotel
poi_hotel.csv,琳源宾馆,酒店住宿,舒适型酒店,119.76311,40.003603,hotel
poi_hotel.csv,祥荷宾馆,酒店住宿,舒适型酒店,119.768606,40.002326,hotel
poi_hotel.csv,金海湾森林逸城观海公寓,酒店住宿,舒适型酒店,119.536371,39.894614,hotel
poi_hotel.csv,恋爱海公寓,酒店住宿,舒适型酒店,119.429811,39.800076,hotel
poi_hotel.csv,晨砻酒店,酒店住宿,高档型酒店,119.644894,39.94395,hotel
poi_hotel.csv,云天海湾假日酒店,酒店住宿,舒适型酒店,119.570995,39.923711,hotel
poi_hotel.csv,燕山大学宾馆,酒店住宿,舒适型酒店,119.542726,39.904789,hotel
poi_hotel.csv,森林逸城永吉1号海景公寓,酒店住宿,舒适型酒店,119.529502,39.890027,hotel
poi_hotel.csv,雍悦主题精品酒店,酒店住宿,舒适型酒店,119.586923,39.9515,hotel
poi_hotel.csv,中煤大厦,酒店住宿,舒适型酒店,119.606107,39.956695,hotel
poi_hotel.csv,秦皇岛御品星程酒店有限责任公司,酒店住宿,舒适型酒店,119.547952,39.916314,hotel
poi_hotel.csv,楼亭瞰海度假公寓,酒店住宿,舒适型酒店,119.557552,39.914357,hotel
poi_hotel.csv,海天主题酒店,酒店住宿,舒适型酒店,119.424927,39.79468,hotel
poi_hotel.csv,秦皇岛海珑酒店,酒店住宿,舒适型酒店,119.588568,39.941629,hotel
poi_hotel.csv,文峰宾馆,酒店住宿,舒适型酒店,119.166646,39.706938,hotel
poi_hotel.csv,福恩特公寓,酒店住宿,舒适型酒店,119.47001,39.929934,hotel
poi_hotel.csv,军缘快捷酒店,酒店住宿,舒适型酒店,119.54755,39.907244,hotel
poi_hotel.csv,易佰连锁旅店,酒店住宿,舒适型酒店,119.607102,39.948848,hotel
poi_hotel.csv,海悦精品观海公寓,酒店住宿,舒适型酒店,119.54335,39.912112,hotel
poi_hotel.csv,巴里岛假日酒店,酒店住宿,舒适型酒店,119.526355,39.926226,hotel
poi_hotel.csv,启梦快捷宾馆,酒店住宿,舒适型酒店,119.536455,39.898384,hotel
poi_hotel.csv,79快捷宾馆,酒店住宿,舒适型酒店,119.570959,39.963695,hotel
poi_hotel.csv,森林逸城听涛海景公寓,酒店住宿,舒适型酒店,119.536143,39.894727,hotel
poi_hotel.csv,琳欣旅馆,酒店住宿,舒适型酒店,119.485418,39.82832,hotel
poi_hotel.csv,樱桃快捷宾馆,酒店住宿,舒适型酒店,119.542835,39.903292,hotel
poi_hotel.csv,桔子酒店,酒店住宿,高档型酒店,119.590026,39.935503,hotel
poi_hotel.csv,秦皇岛文景商务酒店,酒店住宿,高档型酒店,119.576021,39.947415,hotel
poi_hotel.csv,尚客优快捷酒店,酒店住宿,舒适型酒店,119.548733,39.906769,hotel
poi_hotel.csv,秦皇国际森林逸城主题海景公寓,酒店住宿,舒适型酒店,119.529331,39.890298,hotel
poi_hotel.csv,格林豪泰快捷酒店,酒店住宿,舒适型酒店,119.548743,39.905905,hotel
poi_hotel.csv,银海假日酒店,酒店住宿,舒适型酒店,119.534668,39.928574,hotel
poi_hotel.csv,如家联盟华驿酒店,酒店住宿,舒适型酒店,119.595444,39.943419,hotel
poi_hotel.csv,速8酒店,酒店住宿,舒适型酒店,119.591639,39.942265,hotel
poi_hotel.csv,远洋-小时光观海公寓,酒店住宿,舒适型酒店,119.557571,39.915039,hotel
poi_hotel.csv,祥顺宾馆,酒店住宿,舒适型酒店,119.76343,39.999751,hotel
poi_hotel.csv,桐兴宾馆,酒店住宿,舒适型酒店,119.78327,40.016119,hotel
poi_hotel.csv,秦皇国际临海公寓,酒店住宿,舒适型酒店,119.565114,39.910313,hotel
poi_hotel.csv,耀安宾馆,酒店住宿,舒适型酒店,119.590522,39.957693,hotel
poi_hotel.csv,格林豪泰商务酒店,酒店住宿,舒适型酒店,119.593463,39.949119,hotel
poi_hotel.csv,格林豪泰贝壳酒店,酒店住宿,舒适型酒店,119.558009,39.925143,hotel
poi_hotel.csv,锦江之星,酒店住宿,舒适型酒店,119.603609,39.934505,hotel
poi_hotel.csv,远洋-简沐家观海公寓,酒店住宿,舒适型酒店,119.558321,39.915372,hotel
poi_hotel.csv,小时光客栈,酒店住宿,舒适型酒店,119.462133,39.866913,hotel
poi_hotel.csv,佳海度假海景公寓,酒店住宿,舒适型酒店,119.573277,39.911025,hotel
poi_hotel.csv,格林豪泰快捷酒店,酒店住宿,舒适型酒店,119.565909,39.933176,hotel
poi_hotel.csv,金灿商务酒店,酒店住宿,舒适型酒店,119.607936,39.930425,hotel
poi_hotel.csv,成好快捷酒店,酒店住宿,舒适型酒店,119.42136,39.849767,hotel
poi_hotel.csv,圣优客主题酒店,酒店住宿,舒适型酒店,119.622749,39.955102,hotel
poi_hotel.csv,喆啡酒店,酒店住宿,高档型酒店,119.569862,39.96402,hotel
poi_hotel.csv,洋成快捷酒店,酒店住宿,舒适型酒店,119.417952,39.797124,hotel
poi_hotel.csv,北戴河印象海岸主题宾馆,酒店住宿,舒适型酒店,119.506764,39.827766,hotel
poi_hotel.csv,骏怡连锁酒店,酒店住宿,舒适型酒店,119.7698,39.988161,hotel
poi_hotel.csv,优悦宾馆,酒店住宿,舒适型酒店,119.421083,39.849636,hotel
poi_hotel.csv,宜德祥酒店,酒店住宿,舒适型酒店,119.606675,39.959498,hotel
poi_hotel.csv,润杨商务酒店,酒店住宿,舒适型酒店,119.573878,39.946347,hotel
poi_hotel.csv,金盛达宾馆,酒店住宿,舒适型酒店,119.60082,39.948748,hotel
poi_hotel.csv,有缘宾馆,酒店住宿,舒适型酒店,119.749799,39.999105,hotel
poi_hotel.csv,秦皇国际公寓,酒店住宿,高档型酒店,119.565079,39.910314,hotel
poi_hotel.csv,滨海蓝天酒店,酒店住宿,高档型酒店,119.490493,39.821127,hotel
poi_hotel.csv,君益宾馆,酒店住宿,舒适型酒店,119.241962,39.893935,hotel
poi_hotel.csv,英荘李家商务酒店,酒店住宿,舒适型酒店,119.531791,39.898397,hotel
poi_hotel.csv,日宝酒店,酒店住宿,舒适型酒店,119.579901,39.961596,hotel
poi_hotel.csv,福客居酒店,酒店住宿,舒适型酒店,119.583504,39.962634,hotel
poi_hotel.csv,7天优品-秦皇岛昌黎店,酒店住宿,舒适型酒店,119.189451,39.717131,hotel
poi_hotel.csv,秦皇国际公寓,酒店住宿,高档型酒店,119.564985,39.910047,hotel
poi_hotel.csv,森林逸城恋家海景公寓,酒店住宿,舒适型酒店,119.536226,39.894729,hotel
poi_hotel.csv,7天连锁酒店,酒店住宿,舒适型酒店,119.554253,39.932791,hotel
poi_hotel.csv,金亿通宾馆,酒店住宿,舒适型酒店,118.892805,39.896616,hotel
poi_hotel.csv,7天酒店-秦皇岛昌黎碣阳大街店,酒店住宿,舒适型酒店,119.171633,39.714356,hotel
poi_hotel.csv,博维酒店,酒店住宿,舒适型酒店,119.557712,39.92112,hotel
poi_hotel.csv,金桔酒店,酒店住宿,舒适型酒店,119.583524,39.948346,hotel
poi_hotel.csv,速8酒店,酒店住宿,舒适型酒店,119.490931,39.83456,hotel
poi_hotel.csv,星程酒店,酒店住宿,高档型酒店,119.585231,39.949108,hotel
poi_hotel.csv,布丁连锁酒店,酒店住宿,舒适型酒店,119.557336,39.925535,hotel
poi_hotel.csv,尚客优快捷酒店,酒店住宿,舒适型酒店,119.5929,39.930691,hotel
poi_hotel.csv,绿岛白帆假日酒店,酒店住宿,舒适型酒店,119.337854,39.710437,hotel
poi_hotel.csv,秦皇岛桐兴农家院,酒店住宿,舒适型酒店,119.768296,39.966984,hotel
poi_hotel.csv,秦皇岛霖霖宾馆,酒店住宿,舒适型酒店,119.440751,39.809981,hotel
poi_hotel.csv,北戴河浪漫海精品公寓,酒店住宿,舒适型酒店,119.505788,39.832878,hotel
poi_hotel.csv,北戴河宸居瑧苑客栈,酒店住宿,舒适型酒店,119.422752,39.813204,hotel
poi_hotel.csv,云邸-海里梦里精品酒店,酒店住宿,舒适型酒店,119.505153,39.823738,hotel
poi_hotel.csv,云邸-海鹏精品酒店,酒店住宿,舒适型酒店,119.506476,39.824716,hotel
poi_hotel.csv,中海滩宾馆,酒店住宿,舒适型酒店,119.489779,39.816834,hotel
poi_hotel.csv,北戴河内贸宾馆,酒店住宿,舒适型酒店,119.497259,39.824959,hotel
poi_hotel.csv,北戴河马克青舍,酒店住宿,舒适型酒店,119.504882,39.823266,hotel
poi_hotel.csv,都市118精选酒店,酒店住宿,舒适型酒店,119.596988,39.921951,hotel
poi_hotel.csv,秦皇岛北戴河英松旅馆,酒店住宿,舒适型酒店,119.47862,39.823912,hotel
poi_hotel.csv,北戴河迎荷民宿,酒店住宿,舒适型酒店,119.49587,39.838031,hotel
poi_hotel.csv,北戴河戴维斯百年名人别墅,酒店住宿,舒适型酒店,119.523469,39.818476,hotel
poi_hotel.csv,北戴河麦芽庭院客栈,酒店住宿,舒适型酒店,119.478678,39.82265,hotel
poi_hotel.csv,北戴河盛雅旅馆,酒店住宿,舒适型酒店,119.48426,39.823283,hotel
poi_hotel.csv,北戴河吉康别墅,酒店住宿,舒适型酒店,119.417397,39.814396,hotel
poi_hotel.csv,北戴河唐拉雅秀民宿,酒店住宿,舒适型酒店,119.425953,39.862404,hotel
poi_hotel.csv,布丁酒店,酒店住宿,舒适型酒店,119.596859,39.921833,hotel
poi_hotel.csv,非繁-亚几木酒店,酒店住宿,舒适型酒店,119.42454,39.796188,hotel
poi_hotel.csv,北戴河雯之翼客栈,酒店住宿,舒适型酒店,119.504432,39.824085,hotel
poi_hotel.csv,北戴河木言说客栈,酒店住宿,舒适型酒店,119.425934,39.861888,hotel
poi_hotel.csv,秦皇岛喜晋酒店,酒店住宿,舒适型酒店,119.497583,39.817262,hotel
poi_hotel.csv,秦皇岛拾汐阁海景公寓,酒店住宿,舒适型酒店,119.555738,39.904711,hotel
poi_hotel.csv,奥阑酒店,酒店住宿,舒适型酒店,119.531035,39.922243,hotel
poi_hotel.csv,途窝假日酒店,酒店住宿,高档型酒店,119.566991,39.918091,hotel
poi_hotel.csv,麗枫酒店,酒店住宿,舒适型酒店,119.592251,39.958205,hotel
poi_hotel.csv,秦皇岛秦皇国际森林逸城大海日出海景酒店,酒店住宿,舒适型酒店,119.531772,39.896212,hotel
poi_hotel.csv,北戴河山海时光宾馆,酒店住宿,舒适型酒店,119.503985,39.825043,hotel
poi_hotel.csv,北戴河顺青旅馆,酒店住宿,青旅,119.521532,39.828529,hotel
poi_hotel.csv,北戴河妮雅民宿,酒店住宿,舒适型酒店,119.48647,39.820061,hotel
poi_hotel.csv,北戴河张娜民宿,酒店住宿,舒适型酒店,119.478498,39.823411,hotel
poi_hotel.csv,秦皇岛华悦宾馆,酒店住宿,舒适型酒店,119.489066,39.815525,hotel
poi_hotel.csv,北戴河喻静宾馆,酒店住宿,舒适型酒店,119.50502,39.8248,hotel
poi_hotel.csv,奥都酒店,酒店住宿,舒适型酒店,119.511087,39.825189,hotel
poi_hotel.csv,北戴河精品乐桐民宿,酒店住宿,舒适型酒店,119.480534,39.820346,hotel
poi_hotel.csv,秦皇岛悦海棠-日出观海复式公寓,酒店住宿,舒适型酒店,119.559637,39.905191,hotel
poi_hotel.csv,秦皇岛车站快捷宾馆,酒店住宿,舒适型酒店,119.41329,39.846119,hotel
poi_hotel.csv,秦皇岛冯东旅馆,酒店住宿,舒适型酒店,119.482965,39.821478,hotel
poi_hotel.csv,秦皇岛且慢民宿,酒店住宿,舒适型酒店,119.558481,39.91541,hotel
poi_hotel.csv,秦皇岛金梦海景公寓.,酒店住宿,舒适型酒店,119.545318,39.898292,hotel
poi_hotel.csv,北戴河枫雅宾馆,酒店住宿,舒适型酒店,119.503819,39.824822,hotel
poi_hotel.csv,秦皇岛龙跃渡假酒店,酒店住宿,舒适型酒店,119.807132,39.980058,hotel
poi_hotel.csv,北戴河云邸-相约海精品客栈,酒店住宿,舒适型酒店,119.479508,39.822047,hotel
poi_hotel.csv,秦皇岛品格宾馆,酒店住宿,舒适型酒店,119.421913,39.849145,hotel
poi_hotel.csv,北戴河慢时光-途悦宾馆,酒店住宿,舒适型酒店,119.488919,39.819707,hotel
poi_hotel.csv,北戴河一隅闲暇客栈,酒店住宿,舒适型酒店,119.507014,39.821156,hotel
poi_hotel.csv,昌黎黄金海岸东方假日森柏公寓,酒店住宿,舒适型酒店,119.339421,39.708077,hotel
poi_hotel.csv,秦皇岛海雨天风商务宾馆,酒店住宿,舒适型酒店,119.760029,40.001161,hotel
poi_hotel.csv,秦皇岛创万家公寓,酒店住宿,舒适型酒店,119.557377,39.914928,hotel
poi_hotel.csv,秦皇岛木子里客栈,酒店住宿,舒适型酒店,119.483307,39.824197,hotel
poi_hotel.csv,北戴河米修的海精品酒店,酒店住宿,舒适型酒店,119.503973,39.825325,hotel
poi_hotel.csv,秦皇岛金梦海湾8号菲尔度假海景公寓,酒店住宿,舒适型酒店,119.558854,39.908066,hotel
poi_hotel.csv,北戴河凯文海岸国际青旅,酒店住宿,青旅,119.495411,39.834126,hotel
poi_hotel.csv,南戴河望海宾馆,酒店住宿,舒适型酒店,119.415713,39.791416,hotel
poi_hotel.csv,北戴河美途美家近海自助公寓,酒店住宿,舒适型酒店,119.50522,39.832231,hotel
poi_hotel.csv,北戴河忆海时光主题客栈,酒店住宿,舒适型酒店,119.482537,39.823608,hotel
poi_hotel.csv,北戴河海地那客栈,酒店住宿,舒适型酒店,119.50429,39.823897,hotel
poi_hotel.csv,怡莱酒店,酒店住宿,舒适型酒店,119.517563,39.829859,hotel
poi_hotel.csv,北戴河刘惠芹旅店,酒店住宿,舒适型酒店,119.504798,39.822786,hotel
poi_hotel.csv,北戴河胖大福客栈,酒店住宿,舒适型酒店,119.478884,39.824992,hotel
poi_hotel.csv,云邸-海翔快捷酒店,酒店住宿,舒适型酒店,119.471734,39.836661,hotel
poi_hotel.csv,雁归泽宾馆,酒店住宿,舒适型酒店,119.505359,39.824496,hotel
poi_hotel.csv,北戴河梦美渔家家庭公寓,酒店住宿,舒适型酒店,119.522967,39.826118,hotel
poi_hotel.csv,北戴河刘庄家庭旅馆,酒店住宿,舒适型酒店,119.50166,39.824227,hotel
poi_hotel.csv,北戴河原北酒店,酒店住宿,舒适型酒店,119.506007,39.822891,hotel
poi_hotel.csv,秦皇岛金梦印象家庭海景公寓,酒店住宿,舒适型酒店,119.545863,39.901765,hotel
poi_hotel.csv,秦皇岛花愈宿怡海阁海景公寓,酒店住宿,舒适型酒店,119.557409,39.915133,hotel
poi_hotel.csv,秦皇岛彼海岸2016青年旅社,酒店住宿,青旅,119.602756,39.928883,hotel
poi_hotel.csv,北戴河summer公寓,酒店住宿,舒适型酒店,119.503421,39.836786,hotel
poi_hotel.csv,豪庭度假酒店,酒店住宿,舒适型酒店,119.4935,39.819061,hotel
poi_hotel.csv,秦皇岛陈悦旅馆,酒店住宿,舒适型酒店,119.42612,39.795874,hotel
poi_hotel.csv,北戴河旺客宾馆,酒店住宿,舒适型酒店,119.419726,39.848895,hotel
poi_hotel.csv,秦皇岛海景湾公寓,酒店住宿,舒适型酒店,119.536324,39.899087,hotel
poi_hotel.csv,秦皇岛香舍民宿,酒店住宿,舒适型酒店,119.423455,39.863108,hotel
poi_hotel.csv,秦皇岛微公馆,酒店住宿,舒适型酒店,119.531742,39.896869,hotel
poi_hotel.csv,秦皇岛卡梅尔酒店,酒店住宿,舒适型酒店,119.805055,39.981528,hotel
poi_hotel.csv,北戴河洋河城客栈,酒店住宿,舒适型酒店,119.482095,39.824886,hotel
poi_hotel.csv,北戴河圆梦主题宾馆,酒店住宿,舒适型酒店,119.505958,39.823658,hotel
poi_hotel.csv,秦皇岛秘境商务酒店,酒店住宿,舒适型酒店,119.599001,39.931425,hotel
poi_hotel.csv,北戴河吉健旅馆,酒店住宿,舒适型酒店,119.477699,39.823995,hotel
poi_hotel.csv,秦皇岛盼海渔家院,酒店住宿,舒适型酒店,119.766464,39.962374,hotel
poi_hotel.csv,秦皇岛香玺海亚朵酒店,酒店住宿,高档型酒店,119.555772,39.904727,hotel
poi_hotel.csv,北戴河安雅宾馆,酒店住宿,舒适型酒店,119.505663,39.824235,hotel
poi_hotel.csv,北戴河畅丰园宾馆,酒店住宿,舒适型酒店,119.437554,39.813099,hotel
poi_hotel.csv,秦皇岛工美宾馆,酒店住宿,舒适型酒店,119.331084,39.697087,hotel
poi_hotel.csv,北戴河联城酒店,酒店住宿,舒适型酒店,119.441661,39.818458,hotel
poi_hotel.csv,北戴河观海阁客栈,酒店住宿,舒适型酒店,119.48422,39.822978,hotel
poi_hotel.csv,北戴河海边小筑主题客栈,酒店住宿,舒适型酒店,119.486288,39.819964,hotel
poi_hotel.csv,北戴河志伟旅馆,酒店住宿,舒适型酒店,119.492929,39.837008,hotel
poi_hotel.csv,秦皇岛山海之间民宿,酒店住宿,舒适型酒店,119.803011,39.978321,hotel
poi_hotel.csv,北戴河爱君宾馆,酒店住宿,舒适型酒店,119.505575,39.82349,hotel
poi_hotel.csv,北京市医药总公司北戴河休养所,酒店住宿,舒适型酒店,119.509299,39.824197,hotel
poi_hotel.csv,山海关海丰渔家院,酒店住宿,舒适型酒店,119.760857,39.960324,hotel
poi_hotel.csv,途窝假日酒店,酒店住宿,舒适型酒店,119.492832,39.817688,hotel
poi_hotel.csv,秦皇岛成好快捷酒店,酒店住宿,舒适型酒店,119.421631,39.849776,hotel
poi_hotel.csv,北戴河御墅龙湾海客宾馆,酒店住宿,舒适型酒店,119.503569,39.819135,hotel
poi_hotel.csv,北戴河海初驿站,酒店住宿,舒适型酒店,119.482869,39.821546,hotel
poi_hotel.csv,北戴河刘庄李超旅馆,酒店住宿,舒适型酒店,119.508824,39.828472,hotel
poi_hotel.csv,北戴河鸿舟宾馆,酒店住宿,舒适型酒店,119.520086,39.823025,hotel
poi_hotel.csv,北戴河浪度星晴精品民宿,酒店住宿,舒适型酒店,119.504427,39.822237,hotel
poi_hotel.csv,北戴河聚滨宾馆,酒店住宿,舒适型酒店,119.507292,39.827548,hotel
poi_hotel.csv,秦皇岛满鑫宾馆,酒店住宿,舒适型酒店,119.411431,39.789362,hotel
poi_hotel.csv,北戴河文松宾馆,酒店住宿,舒适型酒店,119.483694,39.825706,hotel
poi_hotel.csv,北戴河腾运旅馆,酒店住宿,舒适型酒店,119.478518,39.825424,hotel
poi_hotel.csv,北戴河汇和苑,酒店住宿,舒适型酒店,119.523686,39.818585,hotel
poi_hotel.csv,铁道部北戴河干部休养所1号楼,酒店住宿,舒适型酒店,119.475925,39.822314,hotel
poi_hotel.csv,北戴河戴河海岸精品主题旅馆,酒店住宿,舒适型酒店,119.479842,39.823418,hotel
poi_hotel.csv,中国铝业公司北戴河培训中心,酒店住宿,舒适型酒店,119.52889,39.827752,hotel
poi_hotel.csv,北戴河梦遇民宿,酒店住宿,舒适型酒店,119.520966,39.828335,hotel
poi_hotel.csv,秦皇岛闻海听涛客栈,酒店住宿,舒适型酒店,119.480941,39.82217,hotel
poi_hotel.csv,北戴河富瑶宾馆,酒店住宿,舒适型酒店,119.476734,39.822463,hotel
poi_hotel.csv,北戴河家捷旅馆,酒店住宿,舒适型酒店,119.502871,39.822044,hotel
poi_hotel.csv,秦皇岛福满园渔家院,酒店住宿,舒适型酒店,119.76501,39.962039,hotel
poi_hotel.csv,秦皇岛正赢旅馆,酒店住宿,舒适型酒店,119.236733,39.893405,hotel
poi_hotel.csv,北戴河康宁旅馆,酒店住宿,舒适型酒店,119.465033,39.838315,hotel
poi_hotel.csv,秦皇岛乐岛小花朵朵农家院,酒店住宿,舒适型酒店,119.766397,39.963459,hotel
poi_hotel.csv,山海关祥荷宾馆,酒店住宿,舒适型酒店,119.768621,40.00236,hotel
poi_hotel.csv,北戴河加号精品民宿,酒店住宿,舒适型酒店,119.504845,39.823408,hotel
poi_hotel.csv,北戴河王淑芳宾馆,酒店住宿,舒适型酒店,119.52121,39.828462,hotel
poi_hotel.csv,北戴河小军旅馆,酒店住宿,舒适型酒店,119.43632,39.813117,hotel
poi_hotel.csv,北戴河冀粮宾馆,酒店住宿,舒适型酒店,119.485556,39.825064,hotel
poi_hotel.csv,北戴河秋军民宿,酒店住宿,舒适型酒店,119.446917,39.811853,hotel
poi_hotel.csv,怡莱酒店,酒店住宿,舒适型酒店,119.526132,39.827546,hotel
poi_hotel.csv,北戴河海明宾馆,酒店住宿,舒适型酒店,119.467688,39.842857,hotel
poi_hotel.csv,北戴河国和旅馆,酒店住宿,舒适型酒店,119.441455,39.818806,hotel
poi_hotel.csv,Q加-北戴河红日宾馆,酒店住宿,舒适型酒店,119.480953,39.820682,hotel
poi_hotel.csv,北戴河茜颖海边旅馆,酒店住宿,舒适型酒店,119.479263,39.824427,hotel
poi_hotel.csv,北戴河客美宾馆,酒店住宿,舒适型酒店,119.505124,39.824499,hotel
poi_hotel.csv,布丁酒店,酒店住宿,舒适型酒店,119.505767,39.825341,hotel
poi_hotel.csv,北戴河相遇里上民宿,酒店住宿,舒适型酒店,119.505124,39.82548,hotel
poi_hotel.csv,秦皇岛国顺宾馆,酒店住宿,舒适型酒店,119.420115,39.815359,hotel
poi_hotel.csv,驿捷度假连锁酒店,酒店住宿,舒适型酒店,119.505803,39.82424,hotel
poi_hotel.csv,北戴河侯林旅馆,酒店住宿,舒适型酒店,119.505448,39.826637,hotel
poi_hotel.csv,北戴河云邸-海角七号精品酒店,酒店住宿,舒适型酒店,119.503918,39.822357,hotel
poi_hotel.csv,北戴河心花向阳酒店,酒店住宿,舒适型酒店,119.494322,39.834869,hotel
poi_hotel.csv,北戴河建荣民宿,酒店住宿,舒适型酒店,119.478218,39.825503,hotel
poi_hotel.csv,云邸-惜缘客栈,酒店住宿,舒适型酒店,119.479774,39.822689,hotel
poi_hotel.csv,北戴河蓝梦客栈,酒店住宿,舒适型酒店,119.4871,39.820128,hotel
poi_hotel.csv,北戴河海洋时光客栈,酒店住宿,舒适型酒店,119.493624,39.826337,hotel
poi_hotel.csv,海屿花园精品民宿,酒店住宿,舒适型酒店,119.517161,39.825897,hotel
poi_hotel.csv,远洋海景公寓,酒店住宿,舒适型酒店,119.557682,39.914951,hotel
poi_hotel.csv,秦皇岛王艳娟公寓,酒店住宿,豪华型酒店,119.409973,39.806668,hotel
poi_hotel.csv,麗枫酒店,酒店住宿,舒适型酒店,119.629091,39.969069,hotel
poi_hotel.csv,秦皇岛李静华公寓,酒店住宿,豪华型酒店,119.412308,39.801572,hotel
poi_hotel.csv,海韵客栈,酒店住宿,舒适型酒店,119.482112,39.824992,hotel
poi_hotel.csv,秦皇岛有家客栈,酒店住宿,舒适型酒店,119.587064,39.937556,hotel
poi_hotel.csv,北戴河和平宾馆,酒店住宿,舒适型酒店,119.504573,39.825494,hotel
poi_hotel.csv,秦皇岛杰姆家庭旅馆,酒店住宿,舒适型酒店,119.759941,40.004809,hotel
poi_hotel.csv,南戴河夏都海岸海景公寓,酒店住宿,舒适型酒店,119.420374,39.789923,hotel
poi_hotel.csv,北戴河悦澜宾馆,酒店住宿,舒适型酒店,119.504585,39.821907,hotel
poi_hotel.csv,北戴河刘振坤旅馆,酒店住宿,舒适型酒店,119.505674,39.827227,hotel
poi_hotel.csv,秦皇岛秘境客栈酒店,酒店住宿,舒适型酒店,119.602585,39.939829,hotel
poi_hotel.csv,怡莱酒店,酒店住宿,舒适型酒店,119.605086,39.922919,hotel
poi_hotel.csv,尚客优连锁酒店,酒店住宿,舒适型酒店,119.593483,39.930731,hotel
poi_hotel.csv,秦皇岛远洋逸家海景公寓,酒店住宿,舒适型酒店,119.558538,39.91489,hotel
poi_hotel.csv,北戴河海漾年华公寓,酒店住宿,舒适型酒店,119.50478,39.831627,hotel
poi_hotel.csv,北戴河金台度假酒店,酒店住宿,高档型酒店,119.504325,39.818637,hotel
poi_hotel.csv,99优选酒店,酒店住宿,舒适型酒店,119.810979,39.995536,hotel
poi_hotel.csv,秦皇岛森林海岸自助家庭公寓,酒店住宿,舒适型酒店,119.533476,39.89767,hotel
poi_hotel.csv,北戴河昆岳快捷宾馆,酒店住宿,舒适型酒店,119.421214,39.847037,hotel
poi_hotel.csv,秦皇岛巴里岛假日风情酒店,酒店住宿,舒适型酒店,119.780068,39.978587,hotel
poi_hotel.csv,北戴河一游到邸,酒店住宿,舒适型酒店,119.484333,39.823024,hotel
poi_hotel.csv,秦皇岛海景酒店,酒店住宿,豪华型酒店,119.624835,39.917034,hotel
poi_hotel.csv,北戴河小海星精品客栈,酒店住宿,舒适型酒店,119.503807,39.824623,hotel
poi_hotel.csv,爱家宾馆,酒店住宿,舒适型酒店,119.606577,39.960503,hotel
poi_hotel.csv,南戴河恋爱海公寓酒店,酒店住宿,舒适型酒店,119.42978,39.800148,hotel
poi_hotel.csv,北戴河御墅龙湾公寓,酒店住宿,舒适型酒店,119.503772,39.819234,hotel
poi_hotel.csv,北戴河猫宅咖啡旅馆,酒店住宿,舒适型酒店,119.524966,39.827567,hotel
poi_hotel.csv,北戴河阳光温馨假日公寓,酒店住宿,舒适型酒店,119.504946,39.822577,hotel
poi_hotel.csv,尚客优快捷酒店,酒店住宿,舒适型酒店,119.552597,39.932613,hotel
poi_hotel.csv,青龙领秀城宾馆,酒店住宿,豪华型酒店,118.969885,40.406259,hotel
poi_hotel.csv,青龙客仙居宾馆,酒店住宿,豪华型酒店,118.970019,40.405961,hotel
poi_hotel.csv,青龙泰和宾馆,酒店住宿,豪华型酒店,118.949007,40.404632,hotel
poi_hotel.csv,青龙聚源宾馆,酒店住宿,豪华型酒店,118.967962,40.405288,hotel
poi_hotel.csv,青龙鸿纬快捷宾馆,酒店住宿,豪华型酒店,118.920541,40.415394,hotel
poi_hotel.csv,青龙玖悦快捷宾馆,酒店住宿,豪华型酒店,118.964783,40.40463,hotel
poi_hotel.csv,青龙金源商务宾馆,酒店住宿,豪华型酒店,118.957467,40.406751,hotel
poi_hotel.csv,青龙红太阳商务宾馆,酒店住宿,舒适型酒店,118.953303,40.401399,hotel
poi_hotel.csv,青龙锦兴宾馆,酒店住宿,豪华型酒店,118.966548,40.408681,hotel
poi_hotel.csv,青龙大楼宾馆,酒店住宿,舒适型酒店,118.948274,40.406812,hotel
poi_hotel.csv,青龙如玉快捷宾馆,酒店住宿,豪华型酒店,118.967966,40.405554,hotel
poi_hotel.csv,青龙云峰宾馆,酒店住宿,豪华型酒店,118.967886,40.406299,hotel
poi_hotel.csv,青龙三鑫宾馆,酒店住宿,豪华型酒店,118.967181,40.408661,hotel
poi_hotel.csv,青龙百圆快捷宾馆,酒店住宿,豪华型酒店,118.956401,40.407844,hotel
poi_hotel.csv,秦皇岛青龙劝业宾馆,酒店住宿,豪华型酒店,118.947651,40.405903,hotel
poi_hotel.csv,青龙喜来喜商务宾馆,酒店住宿,豪华型酒店,118.963165,40.404726,hotel
poi_hotel.csv,北戴河冯树英旅馆,酒店住宿,舒适型酒店,119.478543,39.824342,hotel
poi_hotel.csv,北戴河双霞宾馆,酒店住宿,舒适型酒店,119.505033,39.822052,hotel
poi_hotel.csv,北戴河东阳宾馆,酒店住宿,舒适型酒店,119.447924,39.811174,hotel
poi_hotel.csv,昌黎黄金海岸香海农家院,酒店住宿,舒适型酒店,119.323922,39.726108,hotel
poi_hotel.csv,北京电视台黄金海岸培训中心,酒店住宿,高档型酒店,119.337968,39.712988,hotel
poi_hotel.csv,昌黎听海别墅,酒店住宿,舒适型酒店,119.310764,39.656769,hotel
poi_hotel.csv,骏怡连锁酒店,酒店住宿,舒适型酒店,119.188405,39.719818,hotel
poi_hotel.csv,昌黎铭乐居宾馆,酒店住宿,舒适型酒店,119.300522,39.700407,hotel
poi_hotel.csv,秦皇岛黄金海岸假日公寓,酒店住宿,舒适型酒店,119.339075,39.708144,hotel
poi_hotel.csv,昌黎华雅农家院,酒店住宿,舒适型酒店,119.286183,39.584885,hotel
poi_hotel.csv,昌黎翡翠岛碧海温泉假日酒店,酒店住宿,舒适型酒店,119.284565,39.586667,hotel
poi_hotel.csv,昌黎听海农家院,酒店住宿,舒适型酒店,119.326289,39.725062,hotel
poi_hotel.csv,昌黎山水人家农家院,酒店住宿,舒适型酒店,119.117439,39.766522,hotel
poi_hotel.csv,昌黎黄金海岸听涛宾馆,酒店住宿,舒适型酒店,119.32826,39.703589,hotel
poi_hotel.csv,北戴河马天宇旅馆,酒店住宿,舒适型酒店,119.486381,39.827462,hotel
poi_hotel.csv,北戴河李冬艳民宿,酒店住宿,舒适型酒店,119.485883,39.827951,hotel
poi_hotel.csv,秦皇岛假日海景酒店式公寓,酒店住宿,舒适型酒店,119.805758,39.98059,hotel
poi_hotel.csv,北戴河国春旅馆,酒店住宿,舒适型酒店,119.43671,39.813161,hotel
poi_hotel.csv,南戴河享海旅馆,酒店住宿,舒适型酒店,119.419243,39.793923,hotel
poi_hotel.csv,北戴河马丽娟旅馆,酒店住宿,舒适型酒店,119.477765,39.82378,hotel
poi_hotel.csv,秦皇岛烈英海景公寓,酒店住宿,舒适型酒店,119.54557,39.90202,hotel
poi_hotel.csv,北戴河宇轩阁旅馆,酒店住宿,舒适型酒店,119.506505,39.827605,hotel
poi_hotel.csv,北戴河刘品英旅馆,酒店住宿,舒适型酒店,119.504159,39.824978,hotel
poi_hotel.csv,秦皇岛林夕假日海景公寓,酒店住宿,舒适型酒店,119.572209,39.910951,hotel
poi_hotel.csv,北戴河津利华酒店,酒店住宿,舒适型酒店,119.48386,39.816702,hotel
poi_hotel.csv,北戴河祉悦同酒店,酒店住宿,舒适型酒店,119.486672,39.824563,hotel
poi_hotel.csv,秦皇岛阿尔卡迪亚,酒店住宿,豪华型酒店,119.301644,39.635914,hotel
poi_hotel.csv,秦皇岛圣优客主题宾馆,酒店住宿,舒适型酒店,119.622689,39.955166,hotel
poi_hotel.csv,北戴河木子里客栈,酒店住宿,舒适型酒店,119.477247,39.817995,hotel
poi_hotel.csv,7天酒店,酒店住宿,舒适型酒店,119.521773,39.827825,hotel
poi_hotel.csv,北戴河倚海居宾馆,酒店住宿,舒适型酒店,119.505799,39.824172,hotel
poi_hotel.csv,秦皇岛金梦海湾8号海景公寓,酒店住宿,舒适型酒店,119.559201,39.907499,hotel
poi_hotel.csv,秦皇岛静昕佳公寓,酒店住宿,舒适型酒店,119.541412,39.913106,hotel
poi_hotel.csv,临海听涛酒店,酒店住宿,舒适型酒店,119.417314,39.791886,hotel
poi_hotel.csv,北戴河逅海雅居酒店式公寓,酒店住宿,舒适型酒店,119.479078,39.820279,hotel
poi_hotel.csv,澜湾近海公寓,酒店住宿,舒适型酒店,119.385365,39.770726,hotel
poi_hotel.csv,秦皇岛听涛昕居海景公寓,酒店住宿,舒适型酒店,119.544557,39.897026,hotel
poi_hotel.csv,江南水乡庭院庄园,酒店住宿,舒适型酒店,119.345989,39.723463,hotel
poi_hotel.csv,北戴河丰聚宾馆,酒店住宿,舒适型酒店,119.505662,39.827845,hotel
poi_hotel.csv,北戴河郭艳君宾馆,酒店住宿,舒适型酒店,119.505279,39.823971,hotel
poi_hotel.csv,华驿精选酒店,酒店住宿,舒适型酒店,119.490051,39.814182,hotel
poi_hotel.csv,华驿酒店,酒店住宿,舒适型酒店,119.488961,39.815313,hotel
poi_hotel.csv,北戴河明晗宾馆,酒店住宿,舒适型酒店,119.483405,39.820356,hotel
poi_hotel.csv,豪瑞酒店式公寓,酒店住宿,舒适型酒店,119.547397,39.908079,hotel
poi_hotel.csv,北戴河海洋花园别墅,酒店住宿,舒适型酒店,119.54173,39.893476,hotel
poi_hotel.csv,昌黎朗格斯酒庄,酒店住宿,舒适型酒店,119.248937,39.759918,hotel
poi_hotel.csv,安家公寓,酒店住宿,舒适型酒店,119.286624,39.67602,hotel
poi_hotel.csv,昌黎爱平快捷宾馆,酒店住宿,舒适型酒店,118.988204,39.721195,hotel
poi_hotel.csv,花筑-北戴河星海精品民宿,酒店住宿,舒适型酒店,119.406973,39.8231,hotel
poi_hotel.csv,北戴河飞龙大院,酒店住宿,舒适型酒店,119.467354,39.842878,hotel
poi_hotel.csv,秦皇岛平行海岸海景公寓,酒店住宿,舒适型酒店,119.560938,39.906789,hotel
poi_hotel.csv,北戴河阿尔卡迪亚爱情海公寓,酒店住宿,舒适型酒店,119.304411,39.633977,hotel
poi_hotel.csv,山海关吉华里民宿,酒店住宿,舒适型酒店,119.762748,40.005156,hotel
poi_hotel.csv,北戴河海韵民宿,酒店住宿,舒适型酒店,119.519904,39.82541,hotel
poi_hotel.csv,北戴河汐默精品酒店,酒店住宿,舒适型酒店,119.505803,39.82424,hotel
poi_hotel.csv,秦皇岛茂业天地观海公寓,酒店住宿,舒适型酒店,119.546646,39.908485,hotel
poi_hotel.csv,昌黎青源洗浴宾馆,酒店住宿,舒适型酒店,119.159154,39.55143,hotel
poi_hotel.csv,云栖-轻奢海景公寓酒店,酒店住宿,舒适型酒店,119.423232,39.792025,hotel
poi_hotel.csv,秦皇岛蓝岸公寓,酒店住宿,舒适型酒店,119.545514,39.908747,hotel
poi_hotel.csv,秦皇岛柒号设计师海景公寓,酒店住宿,舒适型酒店,119.561126,39.907111,hotel
poi_hotel.csv,嘉澜海景度假酒店,酒店住宿,舒适型酒店,119.430331,39.800229,hotel
poi_hotel.csv,黑桃K精品酒店,酒店住宿,舒适型酒店,119.489536,39.823977,hotel
poi_hotel.csv,尚客优连锁酒店,酒店住宿,舒适型酒店,119.635679,39.969661,hotel
poi_hotel.csv,航帆商务酒店,酒店住宿,舒适型酒店,119.584877,39.96237,hotel
poi_hotel.csv,宜必思-尚品酒店,酒店住宿,高档型酒店,119.491579,39.81901,hotel
poi_hotel.csv,麦芽精品酒店,酒店住宿,舒适型酒店,119.527952,39.943221,hotel
poi_hotel.csv,雪庐酒店,酒店住宿,舒适型酒店,119.600713,39.948093,hotel
poi_hotel.csv,普晋宾馆,酒店住宿,舒适型酒店,119.775001,40.010107,hotel
poi_hotel.csv,如家商旅酒店,酒店住宿,高档型酒店,119.599552,39.932423,hotel
poi_hotel.csv,海岛宿公寓,酒店住宿,舒适型酒店,119.623816,39.957738,hotel
poi_hotel.csv,花神六号宾馆,酒店住宿,舒适型酒店,119.52571,39.827606,hotel
poi_hotel.csv,汉庭,酒店住宿,舒适型酒店,119.545584,39.906763,hotel
poi_hotel.csv,东海湾家庭公寓,酒店住宿,舒适型酒店,119.50472,39.833777,hotel
poi_hotel.csv,冰冰农家院,酒店住宿,舒适型酒店,119.219802,39.574389,hotel
poi_hotel.csv,陌野日租公寓,酒店住宿,舒适型酒店,119.158184,39.693145,hotel
poi_hotel.csv,赵鑫满农家院,酒店住宿,舒适型酒店,119.172744,39.590903,hotel
poi_hotel.csv,银海精品酒店,酒店住宿,舒适型酒店,119.53496,39.928711,hotel
poi_hotel.csv,如意日租公寓,酒店住宿,舒适型酒店,119.187856,39.71852,hotel
poi_hotel.csv,天肽家园商务酒店,酒店住宿,舒适型酒店,118.875839,39.892475,hotel
poi_hotel.csv,庆欣居宾馆,酒店住宿,舒适型酒店,119.505509,39.824901,hotel
poi_hotel.csv,星呈精品酒店,酒店住宿,舒适型酒店,119.420549,39.793149,hotel
poi_hotel.csv,云木旅馆,酒店住宿,舒适型酒店,119.440584,39.812349,hotel
poi_hotel.csv,丽美农家院,酒店住宿,舒适型酒店,119.119078,39.757029,hotel
poi_hotel.csv,龙玖酒店,酒店住宿,舒适型酒店,119.487093,39.835962,hotel
poi_hotel.csv,庚云宾馆,酒店住宿,舒适型酒店,119.608579,39.947014,hotel
poi_hotel.csv,建中旅馆,酒店住宿,舒适型酒店,119.486714,39.827737,hotel
poi_hotel.csv,金潮酒店,酒店住宿,舒适型酒店,119.302089,39.699899,hotel
poi_hotel.csv,夏日秋时宾馆,酒店住宿,舒适型酒店,119.503476,39.824411,hotel
poi_hotel.csv,二东渔家院,酒店住宿,舒适型酒店,119.767185,39.963754,hotel
poi_hotel.csv,鑫都宾馆,酒店住宿,舒适型酒店,119.449753,39.811864,hotel
poi_hotel.csv,东才旅馆,酒店住宿,舒适型酒店,119.412625,39.789694,hotel
poi_hotel.csv,天涯海阁近海酒店,酒店住宿,舒适型酒店,119.317879,39.663759,hotel
poi_hotel.csv,志祥旅馆,酒店住宿,舒适型酒店,119.235742,39.895341,hotel
poi_hotel.csv,葡萄沟天伦庄园,酒店住宿,舒适型酒店,119.122064,39.757752,hotel
poi_hotel.csv,帅辉旅馆,酒店住宿,舒适型酒店,119.328718,39.732489,hotel
poi_hotel.csv,双阳农家院,酒店住宿,舒适型酒店,119.120032,39.757631,hotel
poi_hotel.csv,丽之莎宾馆,酒店住宿,舒适型酒店,119.50548,39.824437,hotel
poi_hotel.csv,秋菊旅店,酒店住宿,舒适型酒店,119.237162,39.894133,hotel
poi_hotel.csv,刘文滨旅馆,酒店住宿,舒适型酒店,119.465998,39.837707,hotel
poi_hotel.csv,北枫葡萄庄园,酒店住宿,舒适型酒店,119.11432,39.757346,hotel
poi_hotel.csv,永山宾馆,酒店住宿,舒适型酒店,119.412199,39.788594,hotel
poi_hotel.csv,国春旅馆,酒店住宿,舒适型酒店,119.436765,39.813101,hotel
poi_hotel.csv,爽夏宾馆,酒店住宿,舒适型酒店,119.504983,39.825153,hotel
poi_hotel.csv,笑美盈宾馆,酒店住宿,舒适型酒店,119.504497,39.825114,hotel
poi_hotel.csv,田连华旅馆,酒店住宿,舒适型酒店,119.47856,39.824117,hotel
poi_hotel.csv,云上日租公寓,酒店住宿,舒适型酒店,119.188009,39.718371,hotel
poi_hotel.csv,冯强旅馆,酒店住宿,舒适型酒店,119.479427,39.824373,hotel
poi_hotel.csv,瑾鸿快捷酒店,酒店住宿,舒适型酒店,119.577323,39.946528,hotel
poi_hotel.csv,海聚缘渔家院,酒店住宿,舒适型酒店,119.762844,39.965393,hotel
poi_hotel.csv,迎宾酒店,酒店住宿,舒适型酒店,119.81488,39.989793,hotel
poi_hotel.csv,戴河海宾馆,酒店住宿,舒适型酒店,119.481459,39.822418,hotel
poi_hotel.csv,银季酒店,酒店住宿,舒适型酒店,119.492752,39.833747,hotel
poi_hotel.csv,红仁宾馆,酒店住宿,舒适型酒店,119.422431,39.794648,hotel
poi_hotel.csv,益民旅馆,酒店住宿,舒适型酒店,119.481341,39.823867,hotel
poi_hotel.csv,苏氏旅馆,酒店住宿,舒适型酒店,119.329712,39.732382,hotel
poi_hotel.csv,双艳旅馆,酒店住宿,舒适型酒店,119.436768,39.813096,hotel
poi_hotel.csv,斯洛酒店,酒店住宿,舒适型酒店,119.507474,39.821892,hotel
poi_hotel.csv,东旺宾馆,酒店住宿,舒适型酒店,119.5258,39.827623,hotel
poi_hotel.csv,忆海旅馆,酒店住宿,舒适型酒店,119.426728,39.7939,hotel
poi_hotel.csv,铁明旅馆,酒店住宿,舒适型酒店,119.479672,39.823344,hotel
poi_hotel.csv,幸福小院,酒店住宿,舒适型酒店,119.419939,39.794182,hotel
poi_hotel.csv,桂娟旅馆,酒店住宿,舒适型酒店,119.481184,39.820991,hotel
poi_hotel.csv,依水居小院,酒店住宿,舒适型酒店,119.465576,39.838935,hotel
poi_hotel.csv,诺言宾馆,酒店住宿,舒适型酒店,119.490351,39.834562,hotel
poi_hotel.csv,霜华旅馆,酒店住宿,舒适型酒店,119.437024,39.812525,hotel
poi_hotel.csv,莲益旅馆,酒店住宿,舒适型酒店,119.47651,39.822119,hotel
poi_hotel.csv,拾光宾馆,酒店住宿,舒适型酒店,119.505207,39.82401,hotel
poi_hotel.csv,蜜塘旅馆,酒店住宿,舒适型酒店,119.484542,39.824873,hotel
poi_hotel.csv,玺腾宾馆,酒店住宿,舒适型酒店,119.505479,39.824073,hotel
poi_hotel.csv,梦旅人宾馆,酒店住宿,舒适型酒店,119.505175,39.82528,hotel
poi_hotel.csv,星程酒店,酒店住宿,高档型酒店,119.762224,40.00182,hotel
poi_hotel.csv,冯志晶旅馆,酒店住宿,舒适型酒店,119.483603,39.824592,hotel
poi_hotel.csv,王桂花旅馆,酒店住宿,舒适型酒店,119.439865,39.818955,hotel
poi_hotel.csv,秦皇岛淘乐居家庭式公寓,酒店住宿,舒适型酒店,119.502135,39.835049,hotel
poi_hotel.csv,莱悦宾馆,酒店住宿,舒适型酒店,119.503627,39.824866,hotel
poi_hotel.csv,蜻蜓电竞酒店,酒店住宿,舒适型酒店,119.576225,39.947195,hotel
poi_hotel.csv,精灵海精品主题宾馆,酒店住宿,舒适型酒店,119.503784,39.824865,hotel
poi_hotel.csv,瑞吉民宿,酒店住宿,舒适型酒店,119.41466,39.790239,hotel
poi_hotel.csv,海恋天宾馆,酒店住宿,舒适型酒店,119.505329,39.823021,hotel
poi_hotel.csv,同悦轩酒店,酒店住宿,舒适型酒店,119.675655,39.977322,hotel
poi_hotel.csv,晶晶宾馆,酒店住宿,舒适型酒店,119.504205,39.821607,hotel
poi_hotel.csv,嘉家旅店,酒店住宿,舒适型酒店,118.890595,39.895914,hotel
poi_hotel.csv,欣程宾馆,酒店住宿,舒适型酒店,119.412597,39.790465,hotel
poi_hotel.csv,李素芝旅馆,酒店住宿,舒适型酒店,119.493278,39.826379,hotel
poi_hotel.csv,教师疗养院,酒店住宿,舒适型酒店,119.509269,39.825145,hotel
poi_hotel.csv,亚克假日酒店,酒店住宿,舒适型酒店,119.81836,39.989691,hotel
poi_hotel.csv,北戴河连元宾馆,酒店住宿,舒适型酒店,119.285678,39.585407,hotel
poi_hotel.csv,格林豪泰智选酒店,酒店住宿,舒适型酒店,119.743593,39.990569,hotel
poi_hotel.csv,秦皇岛森霖宾馆,酒店住宿,舒适型酒店,119.437354,39.813902,hotel
poi_hotel.csv,雁归泽宾馆,酒店住宿,舒适型酒店,119.50487,39.824609,hotel
poi_hotel.csv,凤和酒店,酒店住宿,舒适型酒店,119.514501,39.851668,hotel
poi_hotel.csv,有更农家院,酒店住宿,舒适型酒店,119.3428,40.09657,hotel
poi_hotel.csv,湾湾小栈,酒店住宿,舒适型酒店,119.506107,39.826778,hotel
poi_hotel.csv,勇利海边旅馆,酒店住宿,舒适型酒店,119.46859,39.839111,hotel
poi_hotel.csv,如家商旅酒店,酒店住宿,高档型酒店,119.544945,39.906232,hotel
poi_hotel.csv,汇龙养生汤泉酒店,酒店住宿,舒适型酒店,119.583857,39.972015,hotel
poi_hotel.csv,海鑫源酒店,酒店住宿,舒适型酒店,119.493577,39.832672,hotel
poi_hotel.csv,鑫泰公寓,酒店住宿,舒适型酒店,119.533414,39.913509,hotel
poi_hotel.csv,90旅社,酒店住宿,舒适型酒店,119.558454,39.922189,hotel
poi_hotel.csv,海航宾馆,酒店住宿,舒适型酒店,119.502641,39.821912,hotel
poi_hotel.csv,秦皇岛刘大姐旅馆,酒店住宿,舒适型酒店,119.519383,39.829332,hotel
poi_hotel.csv,常岚旅馆,酒店住宿,舒适型酒店,119.520896,39.828336,hotel
poi_hotel.csv,兴帝华宾馆,酒店住宿,舒适型酒店,119.793801,40.019971,hotel
poi_hotel.csv,新里程盛世-花园酒店,酒店住宿,舒适型酒店,119.168993,39.718572,hotel
poi_hotel.csv,袍泽旅馆,酒店住宿,舒适型酒店,119.520992,39.828023,hotel
poi_hotel.csv,瑶塘艺术酒店,酒店住宿,舒适型酒店,119.486905,39.819104,hotel
poi_hotel.csv,大伙酒店,酒店住宿,舒适型酒店,119.771544,39.99146,hotel
poi_hotel.csv,汇源酒店,酒店住宿,舒适型酒店,119.471224,39.836719,hotel
poi_hotel.csv,半山居农家院,酒店住宿,舒适型酒店,119.118051,39.766549,hotel
poi_hotel.csv,Smile花香海景公寓,酒店住宿,舒适型酒店,119.546414,39.905913,hotel
poi_hotel.csv,悦尚宾馆,酒店住宿,舒适型酒店,119.420084,39.849253,hotel
poi_hotel.csv,阿超宾馆,酒店住宿,舒适型酒店,119.243038,39.880092,hotel
poi_hotel.csv,津泰宾馆,酒店住宿,舒适型酒店,119.415668,39.790789,hotel
poi_hotel.csv,国海酒店,酒店住宿,舒适型酒店,119.335444,39.698179,hotel
poi_hotel.csv,王煜民宿,酒店住宿,舒适型酒店,119.423344,39.812939,hotel
poi_hotel.csv,和顺祥酒店,酒店住宿,舒适型酒店,119.337136,39.703256,hotel
poi_hotel.csv,利萍旅馆,酒店住宿,舒适型酒店,119.351089,39.904684,hotel
poi_hotel.csv,兴程宾馆,酒店住宿,舒适型酒店,118.888749,39.641904,hotel
poi_hotel.csv,喆-啡酒店,酒店住宿,高档型酒店,119.602182,39.94415,hotel
poi_hotel.csv,福悦快捷酒店,酒店住宿,舒适型酒店,119.421677,39.849491,hotel
poi_hotel.csv,前后院家庭旅店,酒店住宿,舒适型酒店,119.315664,40.108571,hotel
poi_hotel.csv,涵海宾馆,酒店住宿,舒适型酒店,119.504428,39.824731,hotel
poi_hotel.csv,秦氏庄园,酒店住宿,舒适型酒店,119.113089,39.758712,hotel
poi_hotel.csv,双清浴池宾馆,酒店住宿,舒适型酒店,119.148362,39.607876,hotel
poi_hotel.csv,王雪旅馆,酒店住宿,舒适型酒店,119.505512,39.827405,hotel
poi_hotel.csv,娜宝雅栈旅馆,酒店住宿,舒适型酒店,119.477582,39.822413,hotel
poi_hotel.csv,特特宾馆,酒店住宿,舒适型酒店,119.261579,39.684317,hotel
poi_hotel.csv,悠慢时光宾馆,酒店住宿,舒适型酒店,119.504404,39.822431,hotel
poi_hotel.csv,昌黎婷婷公寓,酒店住宿,舒适型酒店,119.188014,39.720321,hotel
poi_hotel.csv,海雅假日酒店,酒店住宿,舒适型酒店,119.507408,39.821425,hotel
poi_hotel.csv,东旭宾馆,酒店住宿,舒适型酒店,119.595433,39.933694,hotel
poi_hotel.csv,和意宾馆,酒店住宿,舒适型酒店,119.505076,39.824937,hotel
poi_hotel.csv,秦海红农家院,酒店住宿,舒适型酒店,119.222053,39.575842,hotel
poi_hotel.csv,如家华驿系列-秦皇岛卢龙万豪华驿酒店,酒店住宿,舒适型酒店,118.87871,39.892067,hotel
poi_hotel.csv,7天酒店-秦皇岛开发区长江道店,酒店住宿,舒适型酒店,119.554204,39.9328,hotel
poi_hotel.csv,川汇精品酒店,酒店住宿,舒适型酒店,119.188395,39.719695,hotel
poi_hotel.csv,如家商旅酒店,酒店住宿,高档型酒店,119.572518,39.957887,hotel
poi_hotel.csv,陈悦旅馆,酒店住宿,舒适型酒店,119.425492,39.795527,hotel
poi_hotel.csv,金来旅馆,酒店住宿,舒适型酒店,119.601343,39.929052,hotel
poi_hotel.csv,新城旅馆,酒店住宿,舒适型酒店,118.889582,39.89062,hotel
poi_hotel.csv,翡翠轩农家院,酒店住宿,舒适型酒店,119.117579,39.765881,hotel
poi_hotel.csv,祥泰农家大院,酒店住宿,舒适型酒店,119.291739,39.704698,hotel
poi_hotel.csv,及时雨农家院,酒店住宿,舒适型酒店,119.298525,39.705904,hotel
poi_hotel.csv,真水居宾馆,酒店住宿,舒适型酒店,119.252595,39.685786,hotel
poi_hotel.csv,怡居宾馆,酒店住宿,舒适型酒店,118.981985,39.718323,hotel
poi_hotel.csv,戒盈小筑,酒店住宿,舒适型酒店,119.425474,39.861224,hotel
poi_hotel.csv,静美旅馆,酒店住宿,舒适型酒店,119.500466,39.828347,hotel
poi_hotel.csv,虹亭宾馆,酒店住宿,舒适型酒店,119.505071,39.824189,hotel
poi_hotel.csv,蓝都宾馆,酒店住宿,舒适型酒店,119.504999,39.822151,hotel
poi_hotel.csv,山海关林家静享庭院,酒店住宿,舒适型酒店,119.753155,40.007101,hotel
poi_hotel.csv,秦皇岛海港万枫酒店,酒店住宿,高档型酒店,119.58397,39.928854,hotel
poi_hotel.csv,北戴河贺民旅馆,酒店住宿,舒适型酒店,119.503936,39.823717,hotel
poi_hotel.csv,北戴河慢享时光公寓,酒店住宿,舒适型酒店,119.505386,39.830998,hotel
poi_hotel.csv,秦皇岛芷晴家庭公寓,酒店住宿,舒适型酒店,119.500671,39.832396,hotel
poi_hotel.csv,秦皇岛涵舍民宿,酒店住宿,舒适型酒店,119.588472,39.941552,hotel
poi_hotel.csv,秦皇岛宴友酒店,酒店住宿,舒适型酒店,119.603709,39.928924,hotel
poi_hotel.csv,秦皇岛若雨观海公寓,酒店住宿,舒适型酒店,119.545208,39.906652,hotel
poi_hotel.csv,秦皇岛-秦皇国际公寓,酒店住宿,舒适型酒店,119.565046,39.910557,hotel
poi_hotel.csv,秦皇岛贝壳海景度假公寓,酒店住宿,舒适型酒店,119.559241,39.905061,hotel
poi_hotel.csv,秦皇岛临海栖居度假公寓,酒店住宿,舒适型酒店,119.560339,39.905151,hotel
poi_hotel.csv,尚客优酒店,酒店住宿,舒适型酒店,119.636342,39.96989,hotel
poi_hotel.csv,山海关高超公寓,酒店住宿,舒适型酒店,119.80328,39.980408,hotel
poi_hotel.csv,秦皇岛香堤澜庭海景公寓,酒店住宿,舒适型酒店,119.561027,39.906512,hotel
poi_hotel.csv,秦皇岛时光屿海公寓,酒店住宿,舒适型酒店,119.558735,39.907873,hotel
poi_hotel.csv,竹水谣精品酒店,酒店住宿,舒适型酒店,119.493729,39.81979,hotel
poi_hotel.csv,北戴河紫竹轩宾馆,酒店住宿,舒适型酒店,119.504285,39.824684,hotel
poi_hotel.csv,友帮公寓,酒店住宿,舒适型酒店,119.545076,39.906716,hotel
poi_hotel.csv,南戴河远洋蔚蓝海岸北北美居丽景别墅酒店,酒店住宿,高档型酒店,119.403011,39.774871,hotel
poi_hotel.csv,秦皇岛祥顺宾馆,酒店住宿,舒适型酒店,119.763529,39.999816,hotel
poi_hotel.csv,秦皇岛苏府民宿,酒店住宿,舒适型酒店,119.76012,40.007568,hotel
poi_hotel.csv,北戴河国家林业局培训中心,酒店住宿,舒适型酒店,119.501438,39.823233,hotel
poi_hotel.csv,山海关古韵四合院,酒店住宿,舒适型酒店,119.75953,40.006731,hotel
poi_hotel.csv,南戴河暖猫民宿,酒店住宿,舒适型酒店,119.388404,39.769361,hotel
poi_hotel.csv,秦皇岛悦尚宾馆,酒店住宿,舒适型酒店,119.42106,39.849512,hotel
poi_hotel.csv,悦禧酒店,酒店住宿,高档型酒店,119.525469,39.822712,hotel
poi_hotel.csv,北戴河达达家庭公寓,酒店住宿,舒适型酒店,119.505052,39.835059,hotel
poi_hotel.csv,北戴河云梦海宾馆,酒店住宿,舒适型酒店,119.505871,39.824254,hotel
poi_hotel.csv,秦皇岛弘熙上品商务酒店,酒店住宿,舒适型酒店,119.556809,39.925558,hotel
poi_hotel.csv,花千墅海景民宿,酒店住宿,舒适型酒店,119.555519,39.904625,hotel
poi_hotel.csv,北戴河踏海酒店,酒店住宿,舒适型酒店,119.519813,39.850387,hotel
poi_hotel.csv,北戴河沐汐客栈,酒店住宿,舒适型酒店,119.505964,39.824265,hotel
poi_hotel.csv,南戴河锦绣大地度假村,酒店住宿,舒适型酒店,119.388116,39.765628,hotel
poi_hotel.csv,北戴河海鑫源酒店,酒店住宿,舒适型酒店,119.493221,39.832838,hotel
poi_hotel.csv,秦皇岛轰趴别墅,酒店住宿,高档型酒店,119.456035,39.864355,hotel
poi_hotel.csv,北戴河珊珊自助公寓,酒店住宿,舒适型酒店,119.502651,39.836228,hotel
poi_hotel.csv,秦皇岛巴厘岛度假公寓,酒店住宿,舒适型酒店,119.564444,39.910365,hotel
poi_hotel.csv,秦皇岛海渤宾馆,酒店住宿,舒适型酒店,119.423119,39.851438,hotel
poi_hotel.csv,临海公寓,酒店住宿,舒适型酒店,119.802798,39.979487,hotel
poi_hotel.csv,秦皇岛小时光客栈,酒店住宿,舒适型酒店,119.462166,39.8678,hotel
poi_hotel.csv,希岸酒店,酒店住宿,舒适型酒店,119.790072,39.974019,hotel
poi_hotel.csv,北戴河美秋农家院,酒店住宿,舒适型酒店,119.465035,39.839086,hotel
poi_hotel.csv,秦皇岛蓝海风情海景公寓,酒店住宿,舒适型酒店,119.565324,39.910016,hotel
poi_hotel.csv,秦皇岛景悦公寓,酒店住宿,舒适型酒店,119.546474,39.907776,hotel
poi_hotel.csv,北戴河现代轻奢风主题公寓,酒店住宿,舒适型酒店,119.504443,39.832182,hotel
poi_hotel.csv,秦皇岛蔓芸海景公寓,酒店住宿,舒适型酒店,119.559785,39.904928,hotel
poi_hotel.csv,昌黎兴程宾馆,酒店住宿,舒适型酒店,118.879692,39.643338,hotel
poi_hotel.csv,秦皇岛梓悦公寓,酒店住宿,舒适型酒店,119.557691,39.914985,hotel
poi_hotel.csv,卢龙天肽家园商务会所酒店,酒店住宿,舒适型酒店,118.875222,39.892511,hotel
poi_hotel.csv,卢龙嘉家旅店,酒店住宿,舒适型酒店,118.890751,39.896076,hotel
poi_hotel.csv,昌黎观凤楼农家院,酒店住宿,舒适型酒店,119.115621,39.765408,hotel
poi_hotel.csv,昌黎洁雅农家院,酒店住宿,舒适型酒店,119.087781,39.750339,hotel
poi_hotel.csv,昌黎长城酒店度假村,酒店住宿,舒适型酒店,119.337213,39.709251,hotel
poi_hotel.csv,昌黎聚福缘农家院,酒店住宿,舒适型酒店,119.217224,39.581712,hotel
poi_hotel.csv,昌黎天桂凌云农家院,酒店住宿,舒适型酒店,119.12337,39.768426,hotel
poi_hotel.csv,昌黎23°Club葡萄大院,酒店住宿,舒适型酒店,119.11844,39.765323,hotel
poi_hotel.csv,秦皇岛千墅一葉海景度假酒店,酒店住宿,舒适型酒店,119.547193,39.908337,hotel
poi_hotel.csv,秦皇岛锦亮宾馆,酒店住宿,舒适型酒店,119.602609,39.937195,hotel
poi_hotel.csv,北戴河赵东旅馆,酒店住宿,舒适型酒店,119.481919,39.822871,hotel
poi_hotel.csv,秦皇岛玖居港湾观海公寓,酒店住宿,舒适型酒店,119.544187,39.909006,hotel
poi_hotel.csv,秦皇岛驿佳人客栈,酒店住宿,舒适型酒店,119.75733,40.002727,hotel
poi_hotel.csv,北戴河嘉澜盛和宾馆,酒店住宿,舒适型酒店,119.505618,39.825072,hotel
poi_hotel.csv,北戴河近海美景六号院,酒店住宿,舒适型酒店,119.511005,39.821842,hotel
poi_hotel.csv,秦皇岛桃墅民宿,酒店住宿,舒适型酒店,119.424936,39.808889,hotel
poi_hotel.csv,如家商旅酒店,酒店住宿,舒适型酒店,119.544937,39.906163,hotel
poi_hotel.csv,北戴河栖迟民宿,酒店住宿,舒适型酒店,119.490133,39.835876,hotel
poi_hotel.csv,北戴河海屯家庭旅馆,酒店住宿,舒适型酒店,119.478959,39.824511,hotel
poi_hotel.csv,北戴河十亩之间民宿,酒店住宿,舒适型酒店,119.221172,39.57444,hotel
poi_hotel.csv,黄金海岸臻宿精品民宿,酒店住宿,舒适型酒店,119.312096,39.655179,hotel
poi_hotel.csv,北戴河木船花坞客栈,酒店住宿,舒适型酒店,119.504159,39.824978,hotel
poi_hotel.csv,秦皇岛金梦海湾希尔顿欢朋酒店,酒店住宿,高档型酒店,119.559717,39.906364,hotel
poi_hotel.csv,北戴河里享民宿,酒店住宿,舒适型酒店,119.504983,39.825081,hotel
poi_hotel.csv,秦皇岛金坤电竞公寓,酒店住宿,舒适型酒店,119.603852,39.931644,hotel
poi_hotel.csv,青龙大华宾馆,酒店住宿,舒适型酒店,118.995833,40.408348,hotel
poi_hotel.csv,怡莱酒店,酒店住宿,舒适型酒店,119.599163,39.964674,hotel
poi_hotel.csv,汉庭酒店,酒店住宿,舒适型酒店,119.545549,39.906577,hotel
poi_hotel.csv,北戴河宝霞旅馆,酒店住宿,舒适型酒店,119.520499,39.828626,hotel
poi_hotel.csv,宜必思尚品酒店,酒店住宿,舒适型酒店,119.491571,39.819168,hotel
poi_hotel.csv,北戴河客海时春旅馆,酒店住宿,舒适型酒店,119.504141,39.826283,hotel
poi_hotel.csv,南戴河蔚蓝海岸YQ公寓,酒店住宿,舒适型酒店,119.402731,39.777388,hotel
poi_hotel.csv,北戴河云木旅馆,酒店住宿,舒适型酒店,119.440624,39.812366,hotel
poi_hotel.csv,秦皇岛观海-秦皇国际公寓,酒店住宿,舒适型酒店,119.564781,39.910136,hotel
poi_hotel.csv,北戴河宁静旅馆,酒店住宿,舒适型酒店,119.484203,39.823313,hotel
poi_hotel.csv,秦皇岛如枫商务海景公寓,酒店住宿,舒适型酒店,119.536317,39.89909,hotel
poi_hotel.csv,秦皇岛金梦海湾第一观大恒海景公寓,酒店住宿,舒适型酒店,119.559045,39.904539,hotel
poi_hotel.csv,转角遇见海精品客栈,酒店住宿,舒适型酒店,119.479141,39.821437,hotel
poi_hotel.csv,昌黎金晟日租公寓,酒店住宿,舒适型酒店,119.187957,39.718471,hotel
poi_hotel.csv,北戴河亲海别墅,酒店住宿,舒适型酒店,119.489648,39.815882,hotel
poi_hotel.csv,北戴河特特宾馆,酒店住宿,舒适型酒店,119.261557,39.6844,hotel
poi_hotel.csv,秦皇岛逸城邂逅海景公寓,酒店住宿,舒适型酒店,119.529368,39.890228,hotel
poi_hotel.csv,昌黎望峪庄园,酒店住宿,舒适型酒店,119.11034,39.75791,hotel
poi_hotel.csv,秦皇岛金梦海湾第一观恋夏轻奢海景公寓,酒店住宿,舒适型酒店,119.559593,39.905227,hotel
poi_hotel.csv,北戴河佳遇宾馆,酒店住宿,舒适型酒店,119.505618,39.825072,hotel
poi_hotel.csv,星程酒店,酒店住宿,舒适型酒店,119.761821,40.002035,hotel
poi_hotel.csv,秦皇岛盛夏时光精品海景公寓,酒店住宿,舒适型酒店,119.561125,39.906506,hotel
poi_hotel.csv,南戴河非常海酒店,酒店住宿,高档型酒店,119.421966,39.79111,hotel
poi_hotel.csv,花筑-秦皇岛临海听涛别墅,酒店住宿,舒适型酒店,119.428261,39.79741,hotel
poi_hotel.csv,花筑-北戴河云舍民宿,酒店住宿,舒适型酒店,119.450021,39.808966,hotel
poi_hotel.csv,秦皇岛利年农家院,酒店住宿,舒适型酒店,119.331532,39.733736,hotel
poi_hotel.csv,鸿鑫缘客栈,酒店住宿,舒适型酒店,119.477335,39.823233,hotel
poi_hotel.csv,秦皇岛亮仔民宿,酒店住宿,舒适型酒店,119.416907,39.814363,hotel
poi_hotel.csv,北北民宿,酒店住宿,舒适型酒店,119.400957,39.780994,hotel
poi_hotel.csv,北戴河地海宾馆,酒店住宿,舒适型酒店,119.491503,39.842397,hotel
poi_hotel.csv,如家派柏-云酒店,酒店住宿,舒适型酒店,119.505847,39.823798,hotel
poi_hotel.csv,秦皇岛乐岛民宿,酒店住宿,舒适型酒店,119.74243,39.958677,hotel
poi_hotel.csv,北戴河逸享雅居宾馆,酒店住宿,舒适型酒店,119.439669,39.813839,hotel
poi_hotel.csv,7天连锁酒店,酒店住宿,舒适型酒店,119.338877,39.710926,hotel
poi_hotel.csv,北戴河翼图酒店式公寓-戴河首领店,酒店住宿,舒适型酒店,119.303609,39.634068,hotel
poi_hotel.csv,北戴河翰邦酒店,酒店住宿,舒适型酒店,119.474486,39.826789,hotel
poi_hotel.csv,北戴河拂潮惊鸥公寓,酒店住宿,舒适型酒店,119.522392,39.826769,hotel
poi_hotel.csv,海雅假日酒店,酒店住宿,舒适型酒店,119.507057,39.821213,hotel
poi_hotel.csv,如家华驿酒店,酒店住宿,舒适型酒店,119.422323,39.797755,hotel
poi_hotel.csv,山海关老龙头海景公寓,酒店住宿,舒适型酒店,119.805348,39.981579,hotel
poi_hotel.csv,秦皇岛第一观度假公寓,酒店住宿,舒适型酒店,119.560321,39.905013,hotel
poi_hotel.csv,晓敏宾馆,酒店住宿,舒适型酒店,119.47574,39.822994,hotel
poi_hotel.csv,北戴河韩艳君旅馆,酒店住宿,舒适型酒店,119.50462,39.819877,hotel
poi_hotel.csv,秦皇岛府城宾馆,酒店住宿,舒适型酒店,119.75615,40.00899,hotel
poi_hotel.csv,南戴河薪丰旅馆,酒店住宿,舒适型酒店,119.425701,39.793868,hotel
poi_hotel.csv,秦皇岛沁海博舍公寓,酒店住宿,舒适型酒店,119.555668,39.904855,hotel
poi_hotel.csv,北北假日公寓,酒店住宿,高档型酒店,119.400291,39.78066,hotel
poi_hotel.csv,秦皇岛长城酒店度假村,酒店住宿,舒适型酒店,119.338255,39.709032,hotel
poi_hotel.csv,秦皇岛潮汐海景度假公寓,酒店住宿,舒适型酒店,119.558228,39.90734,hotel
poi_hotel.csv,南戴河蔚蓝海岸希岸海景公寓,酒店住宿,舒适型酒店,119.404125,39.774857,hotel
poi_hotel.csv,北戴河静捷旅馆,酒店住宿,舒适型酒店,119.440075,39.811747,hotel
poi_hotel.csv,遇见海日出客栈,酒店住宿,舒适型酒店,119.525512,39.834884,hotel
poi_hotel.csv,秦皇岛和信基业万怡酒店,酒店住宿,豪华型酒店,119.442848,39.899568,hotel
poi_hotel.csv,花筑-北戴河汐夏设计师民宿,酒店住宿,舒适型酒店,119.477624,39.824297,hotel
poi_hotel.csv,南戴河鸥洲酒店,酒店住宿,高档型酒店,119.408363,39.796713,hotel
poi_hotel.csv,北戴河鸽子窝日出相伴别墅,酒店住宿,舒适型酒店,119.517962,39.834762,hotel
poi_hotel.csv,北戴河福悦快捷酒店,酒店住宿,舒适型酒店,119.421558,39.849518,hotel
poi_hotel.csv,瑶塘艺术酒店,酒店住宿,舒适型酒店,119.486777,39.81917,hotel
poi_hotel.csv,秦皇岛荷田居酒店,酒店住宿,舒适型酒店,119.424026,39.812427,hotel
poi_hotel.csv,花筑奢-栖舍酒店,酒店住宿,高档型酒店,119.493437,39.834335,hotel
poi_hotel.csv,南戴河正达酒店,酒店住宿,舒适型酒店,119.423767,39.7931,hotel
poi_hotel.csv,北戴河红果民宿,酒店住宿,舒适型酒店,119.478013,39.822457,hotel
poi_hotel.csv,秦皇岛悦享屿海彼岸观海公寓,酒店住宿,舒适型酒店,119.557766,39.914937,hotel
poi_hotel.csv,北戴河蜜塘旅馆,酒店住宿,舒适型酒店,119.484542,39.824875,hotel
poi_hotel.csv,海之缘旅馆,酒店住宿,舒适型酒店,119.480315,39.818664,hotel
poi_hotel.csv,秦皇岛蓝都宾馆,酒店住宿,舒适型酒店,119.505093,39.821929,hotel
poi_hotel.csv,麗枫酒店,酒店住宿,舒适型酒店,119.491459,39.818932,hotel
poi_hotel.csv,花筑-北戴河思待民宿,酒店住宿,舒适型酒店,119.426834,39.861224,hotel
poi_hotel.csv,华驿酒店,酒店住宿,舒适型酒店,119.595306,39.943273,hotel
poi_hotel.csv,融侨海岸民宿,酒店住宿,舒适型酒店,119.534131,39.89467,hotel
poi_hotel.csv,如家酒店,酒店住宿,舒适型酒店,119.59229,39.961161,hotel
poi_hotel.csv,南戴河倚海45°公寓,酒店住宿,舒适型酒店,119.422245,39.796072,hotel
poi_hotel.csv,花筑-北戴河栖居小筑民宿,酒店住宿,舒适型酒店,119.425199,39.863625,hotel
poi_hotel.csv,北戴河U-HOME客栈,酒店住宿,舒适型酒店,119.504826,39.824507,hotel
poi_hotel.csv,秦皇岛近海精装度假公寓,酒店住宿,舒适型酒店,119.517521,39.825821,hotel
poi_hotel.csv,南戴河治朝宾馆,酒店住宿,舒适型酒店,119.416571,39.789671,hotel
poi_hotel.csv,北戴河昊岳精品酒店,酒店住宿,高档型酒店,119.49606,39.818929,hotel
poi_hotel.csv,秦皇岛启梦宾馆,酒店住宿,舒适型酒店,119.537474,39.897361,hotel
poi_hotel.csv,北戴河蔚蓝海岸汐溪的孩子-亲子酒店,酒店住宿,高档型酒店,119.402973,39.777442,hotel
poi_hotel.csv,北戴河鑫悦湾客栈,酒店住宿,舒适型酒店,119.525461,39.827607,hotel
poi_hotel.csv,怡莱酒店,酒店住宿,舒适型酒店,119.419565,39.793319,hotel
poi_hotel.csv,留源精品民宿,酒店住宿,舒适型酒店,119.754446,40.00802,hotel
poi_hotel.csv,昌黎海风亲子精品民宿,酒店住宿,舒适型酒店,119.313712,39.657541,hotel
poi_hotel.csv,昌黎渔海居酒店,酒店住宿,舒适型酒店,119.285784,39.58576,hotel
poi_hotel.csv,昌黎夏都宾馆,酒店住宿,舒适型酒店,119.33561,39.698643,hotel
poi_hotel.csv,昌黎润庭酒店,酒店住宿,舒适型酒店,119.206864,39.729639,hotel
poi_hotel.csv,悦华宾馆,酒店住宿,舒适型酒店,119.49116,39.817297,hotel
poi_hotel.csv,洪海客栈,酒店住宿,舒适型酒店,119.504877,39.82777,hotel
poi_hotel.csv,北戴河政霖宾馆,酒店住宿,舒适型酒店,119.49297,39.83708,hotel
poi_hotel.csv,宝珍旅馆,酒店住宿,舒适型酒店,119.520918,39.828227,hotel
poi_hotel.csv,英华旅馆,酒店住宿,舒适型酒店,119.521036,39.828066,hotel
poi_hotel.csv,卫芳民宿,酒店住宿,舒适型酒店,119.419396,39.793724,hotel
poi_hotel.csv,石磊民宿,酒店住宿,舒适型酒店,119.467428,39.842936,hotel
poi_hotel.csv,海蓝之家精品公寓,酒店住宿,舒适型酒店,119.503391,39.838888,hotel
poi_hotel.csv,爱莎港湾民宿,酒店住宿,舒适型酒店,119.504479,39.836537,hotel
poi_hotel.csv,星空海宾馆,酒店住宿,舒适型酒店,119.503607,39.824737,hotel
poi_hotel.csv,宇璐宾馆,酒店住宿,舒适型酒店,119.417117,39.789321,hotel
poi_hotel.csv,宜佳宾馆,酒店住宿,舒适型酒店,119.765855,40.00237,hotel
poi_hotel.csv,连华旅馆,酒店住宿,舒适型酒店,119.425078,39.79519,hotel
poi_hotel.csv,双霞宾馆,酒店住宿,舒适型酒店,119.505029,39.822109,hotel
poi_hotel.csv,等风来酒店,酒店住宿,舒适型酒店,119.50386,39.824356,hotel
poi_hotel.csv,北戴河海墅民宿,酒店住宿,舒适型酒店,119.493597,39.84521,hotel
poi_hotel.csv,轻住-忆水澜庭商务酒店,酒店住宿,舒适型酒店,119.605273,39.922639,hotel
poi_hotel.csv,悦来福宾馆,酒店住宿,舒适型酒店,119.601318,39.932141,hotel
poi_hotel.csv,米宝宾馆,酒店住宿,舒适型酒店,119.503858,39.82446,hotel
poi_hotel.csv,六六短租公寓,酒店住宿,舒适型酒店,119.558328,39.915269,hotel
poi_hotel.csv,途窝假日酒店,酒店住宿,舒适型酒店,119.492732,39.81764,hotel
poi_hotel.csv,化工宾馆,酒店住宿,舒适型酒店,119.508014,39.820463,hotel
poi_hotel.csv,海舜快捷宾馆,酒店住宿,舒适型酒店,119.623303,39.919495,hotel
poi_hotel.csv,秦皇国际望海公寓,酒店住宿,舒适型酒店,119.565712,39.910589,hotel
poi_hotel.csv,娇娜旅馆,酒店住宿,舒适型酒店,119.467495,39.843693,hotel
poi_hotel.csv,翡翠岛顺天假日酒店,酒店住宿,舒适型酒店,119.235403,39.585649,hotel
poi_hotel.csv,普华宾馆,酒店住宿,舒适型酒店,119.491368,39.820647,hotel
poi_hotel.csv,刘振东旅馆,酒店住宿,舒适型酒店,119.478449,39.825048,hotel
poi_hotel.csv,暖家宾馆,酒店住宿,舒适型酒店,119.752528,40.011408,hotel
poi_hotel.csv,联馨旅馆,酒店住宿,舒适型酒店,119.58221,39.94047,hotel
poi_hotel.csv,好到家快捷宾馆,酒店住宿,舒适型酒店,119.557985,39.924869,hotel
poi_hotel.csv,北戴河馨庆苑家庭公寓,酒店住宿,舒适型酒店,119.50483,39.838481,hotel
poi_hotel.csv,7日阳光度假客栈,酒店住宿,舒适型酒店,119.48235,39.825136,hotel
poi_hotel.csv,吉祥海岸临海客栈,酒店住宿,舒适型酒店,119.479183,39.822472,hotel
poi_hotel.csv,惠福客栈,酒店住宿,舒适型酒店,119.506282,39.826963,hotel
poi_hotel.csv,陈松宾馆,酒店住宿,舒适型酒店,119.504587,39.825369,hotel
poi_hotel.csv,临街看海小栈,酒店住宿,舒适型酒店,119.504539,39.819812,hotel
poi_hotel.csv,北戴河通达宾馆,酒店住宿,舒适型酒店,119.506427,39.823663,hotel
poi_hotel.csv,刘勇旅馆,酒店住宿,舒适型酒店,119.506106,39.826718,hotel
poi_hotel.csv,润福旅馆,酒店住宿,舒适型酒店,119.505161,39.82751,hotel
poi_hotel.csv,滨生旅馆,酒店住宿,舒适型酒店,119.48608,39.819928,hotel
poi_hotel.csv,半岛逸家,酒店住宿,舒适型酒店,119.522429,39.891134,hotel
poi_hotel.csv,丽美商务酒店,酒店住宿,舒适型酒店,119.71091,39.988867,hotel
poi_hotel.csv,阿沐小栈,酒店住宿,舒适型酒店,119.480154,39.822481,hotel
poi_hotel.csv,美元观海度假公寓,酒店住宿,舒适型酒店,119.541504,39.912783,hotel
poi_hotel.csv,嘟嘟民宿,酒店住宿,舒适型酒店,119.502117,39.833978,hotel
poi_hotel.csv,同煤别墅,酒店住宿,舒适型酒店,119.428856,39.797872,hotel
poi_hotel.csv,森澳宾馆,酒店住宿,舒适型酒店,119.431359,39.851858,hotel
poi_hotel.csv,酉佳盈商务酒店,酒店住宿,舒适型酒店,119.795736,40.020493,hotel
poi_hotel.csv,窦雅芹旅馆,酒店住宿,舒适型酒店,119.500173,39.828352,hotel
poi_hotel.csv,秦缘快捷酒店,酒店住宿,舒适型酒店,119.431291,39.801202,hotel
poi_hotel.csv,同德宾馆,酒店住宿,舒适型酒店,119.441396,39.813094,hotel
poi_hotel.csv,佳盛宾馆,酒店住宿,舒适型酒店,119.598491,39.941886,hotel
poi_hotel.csv,黄金海岸文企宾馆,酒店住宿,舒适型酒店,119.335337,39.698256,hotel
poi_hotel.csv,龙湾海岸公寓,酒店住宿,舒适型酒店,119.504084,39.819728,hotel
poi_hotel.csv,海之家主题客栈,酒店住宿,舒适型酒店,119.477776,39.822857,hotel
poi_hotel.csv,嘉和宾馆,酒店住宿,舒适型酒店,119.412786,39.790367,hotel
poi_hotel.csv,兴隆旅店,酒店住宿,舒适型酒店,119.591701,39.9621,hotel
poi_hotel.csv,山海小住客栈,酒店住宿,舒适型酒店,119.481798,39.825209,hotel
poi_hotel.csv,秦皇国际看海公寓,酒店住宿,舒适型酒店,119.564689,39.910094,hotel
poi_hotel.csv,好好海景酒店式公寓,酒店住宿,舒适型酒店,119.555599,39.904724,hotel
poi_hotel.csv,夏末海岸精品客栈,酒店住宿,舒适型酒店,119.505415,39.8268,hotel
poi_hotel.csv,海边渔家乐,酒店住宿,舒适型酒店,119.42497,39.795546,hotel
poi_hotel.csv,登巴连锁青旅,酒店住宿,青旅,119.485118,39.826857,hotel
poi_hotel.csv,派酒店,酒店住宿,舒适型酒店,119.41948,39.793453,hotel
poi_hotel.csv,秦皇岛首旅京伦酒店,酒店住宿,高档型酒店,119.558218,39.907355,hotel
poi_hotel.csv,北戴河阿那亚隐庐酒店,酒店住宿,豪华型酒店,119.317821,39.655116,hotel
poi_hotel.csv,速8酒店,酒店住宿,舒适型酒店,119.160363,39.713149,hotel
poi_hotel.csv,秦皇岛诚信公寓,酒店住宿,舒适型酒店,119.546308,39.905764,hotel
poi_parking.csv,专用停车场,交通设施,停车场,119.677271,39.943293,parking
poi_parking.csv,昊腾专用停车场,交通设施,停车场,119.69371,39.948556,parking
poi_parking.csv,昌黎服务区专用停车场,交通设施,停车场,119.046132,39.489248,parking
poi_parking.csv,昌黎安丰颐养中心附属医院停车场,交通设施,停车场,118.891764,39.636122,parking
poi_parking.csv,专用停车场,交通设施,停车场,119.763984,40.054726,parking
poi_parking.csv,专用停车场,交通设施,停车场,119.755698,40.065356,parking
poi_parking.csv,国家地质公园长寿山景区南门南专用停车场,交通设施,停车场,119.75168,40.06673,parking
poi_parking.csv,国家地质公园长寿山景区停车场,交通设施,停车场,119.752311,40.06668,parking
poi_parking.csv,团队大巴专用停车场,交通设施,停车场,119.507659,40.125449,parking
poi_parking.csv,天女小镇停车场,交通设施,停车场,119.529488,40.114088,parking
poi_parking.csv,祖山风景区东门南专用停车场,交通设施,停车场,119.529236,40.113267,parking
poi_parking.csv,祖山风景区东门北专用停车场,交通设施,停车场,119.529841,40.114023,parking
poi_parking.csv,济心寺停车场,交通设施,停车场,119.433698,40.145179,parking
poi_parking.csv,河北百润射击场专用停车场,交通设施,停车场,119.318135,40.084939000000006,parking
poi_parking.csv,河北百润射击场停车场,交通设施,停车场,119.317524,40.084838,parking
poi_parking.csv,龙云谷2号专用停车场,交通设施,停车场,119.340765,40.063687,parking
poi_parking.csv,龙云谷山门专用停车场,交通设施,停车场,119.339685,40.062671,parking
poi_parking.csv,龙云谷山上专用停车场,交通设施,停车场,119.341531,40.061676,parking
poi_parking.csv,龙云谷3号专用停车场,交通设施,停车场,119.340092,40.063048,parking
poi_parking.csv,龙云谷大车专用停车场,交通设施,停车场,119.347143,40.064854,parking
poi_parking.csv,龙云谷1号专用停车场,交通设施,停车场,119.343603,40.064683,parking
poi_parking.csv,青龙东服务区专用停车场,交通设施,停车场,119.156116,40.254271,parking
poi_parking.csv,官场乡头道窝铺村梨花节1号专用停车场,交通设施,停车场,119.179248,40.157531,parking
poi_parking.csv,专用停车场,交通设施,停车场,119.143187,40.280902,parking
poi_parking.csv,地上专用停车场,交通设施,停车场,119.145698,40.283398,parking
poi_parking.csv,洋洋阿布卡小镇·七彩青龙专用停车场,交通设施,停车场,119.144523,40.292833,parking
poi_parking.csv,祖山风景区北门停车场,交通设施,停车场,119.426244,40.167663,parking
poi_parking.csv,祖山风景区北门停车场,交通设施,停车场,119.425636,40.168215,parking
poi_parking.csv,秦皇岛首秦龙汇矿业有限责任公司停车场,交通设施,停车场,119.206495,40.418102000000005,parking
poi_parking.csv,老君顶景区北专用停车场,交通设施,停车场,119.583681,40.158953,parking
poi_parking.csv,老君顶景区游客中心专用停车场,交通设施,停车场,119.583543,40.15654,parking
poi_parking.csv,板城小镇专用停车场,交通设施,停车场,119.56892,40.193734,parking
poi_parking.csv,板厂峪风景区专用停车场,交通设施,停车场,119.571672,40.199093000000005,parking
poi_parking.csv,山海间温泉艺术中心专用停车场,交通设施,停车场,118.822986,40.205976,parking
poi_parking.csv,专用停车场,交通设施,停车场,119.043662,40.467826,parking
poi_parking.csv,专用停车场,交通设施,停车场,119.012666,39.713744,parking
poi_parking.csv,安丰公司专用停车场,交通设施,停车场,118.910865,39.659088,parking
poi_parking.csv,大型料场-地磅专用停车场,交通设施,停车场,118.824647,39.731466000000005,parking
poi_parking.csv,专用停车场,交通设施,停车场,118.95441,39.891706,parking
poi_parking.csv,秦皇岛泰和医院停车场,交通设施,停车场,118.922469,39.911836,parking
poi_parking.csv,专用停车场,交通设施,停车场,118.939999,40.093332,parking
poi_parking.csv,北戴河阿尔卡迪亚滨海度假酒店停车场,交通设施,停车场,119.308438,39.632706,parking
poi_parking.csv,黄金海岸休闲体育滑沙公园停车场,交通设施,停车场,119.312882,39.637597,parking
poi_parking.csv,专用停车场,交通设施,停车场,119.302722,39.633211,parking
poi_parking.csv,沙雕海洋乐园专用停车场,交通设施,停车场,119.299484,39.626178,parking
poi_parking.csv,森泽苑酒店专用停车场,交通设施,停车场,119.29578,39.597018,parking
poi_parking.csv,渔岛菲奢尔度假酒店停车场,交通设施,停车场,119.291999,39.594838,parking
poi_parking.csv,渔岛菲奢尔度假酒店停车场,交通设施,停车场,119.289036,39.595515000000006,parking
poi_parking.csv,渔岛菲奢尔度假酒店停车场,交通设施,停车场,119.291326,39.595818,parking
poi_parking.csv,渔岛海洋温泉景区度假酒店专用停车场,交通设施,停车场,119.289425,39.595691,parking
poi_parking.csv,渔岛海洋温泉景区温泉馆专用停车场,交通设施,停车场,119.293589,39.594641,parking
poi_parking.csv,渔岛海洋温泉景区大型车专用停车场,交通设施,停车场,119.282895,39.602076,parking
poi_parking.csv,专用停车场,交通设施,停车场,119.148303,39.607846,parking
poi_parking.csv,大型专用停车场,交通设施,停车场,119.150842,39.678158,parking
poi_parking.csv,隆昕市场-大型专用停车场,交通设施,停车场,119.154852,39.685205,parking
poi_parking.csv,专用停车场,交通设施,停车场,119.081779,39.71348,parking
poi_parking.csv,院内大型专用停车场,交通设施,停车场,119.083643,39.71288,parking
poi_parking.csv,鹏远专用停车场,交通设施,停车场,119.067522,39.712948,parking
poi_parking.csv,专用停车场,交通设施,停车场,119.090032,39.712265,parking
poi_parking.csv,燕塞湖景区鸟语林停车场,交通设施,停车场,119.703686,40.032114,parking
poi_parking.csv,专用停车场,交通设施,停车场,119.659746,40.013094,parking
poi_parking.csv,专用停车场,交通设施,停车场,119.665124,40.002835,parking
poi_parking.csv,石河镇大樱桃节临时专用停车场,交通设施,停车场,119.666736,40.025048,parking
poi_parking.csv,燕塞湖景区-东区专用停车场,交通设施,停车场,119.704215,40.031959,parking
poi_parking.csv,燕塞湖景区西区停车场,交通设施,停车场,119.704107,40.032124,parking
poi_parking.csv,望峪山庄专用停车场,交通设施,停车场,119.664278,40.039607,parking
poi_parking.csv,燕塞湖景区东区停车场,交通设施,停车场,119.704151,40.032125,parking
poi_parking.csv,燕塞湖景区西区停车场,交通设施,停车场,119.70338,40.031592,parking
poi_parking.csv,燕塞湖景区专用停车场,交通设施,停车场,119.703636,40.0321,parking
poi_parking.csv,松果乐园1号专用停车场,交通设施,停车场,119.602973,40.02567,parking
poi_parking.csv,净土寺停车场,交通设施,停车场,119.57609,40.131367,parking
poi_parking.csv,柳江医院停车场,交通设施,停车场,119.602477,40.106406,parking
poi_parking.csv,傍水崖景区东专用停车场,交通设施,停车场,119.576205,40.131451,parking
poi_parking.csv,傍水崖景区西专用停车场,交通设施,停车场,119.574403,40.130356,parking
poi_parking.csv,傍水崖景区3号专用停车场,交通设施,停车场,119.569362,40.128836,parking
poi_parking.csv,专用停车场,交通设施,停车场,119.112491,39.763714,parking
poi_parking.csv,碣石山风景区专用停车场,交通设施,停车场,119.15084,39.744755,parking
poi_parking.csv,昌黎葡萄沟景区停车点,交通设施,停车场,119.11179,39.763406,parking
poi_parking.csv,左右佳园专用停车场,交通设施,停车场,119.071311,39.813917,parking
poi_parking.csv,五峰山景区专用停车场,交通设施,停车场,119.161826,39.749777,parking
poi_parking.csv,昌黎嘉泰酒庄假日酒店专用停车场,交通设施,停车场,119.20605,39.751962,parking
poi_parking.csv,昌黎嘉泰酒庄假日酒店停车场,交通设施,停车场,119.205976,39.751982000000005,parking
poi_parking.csv,智能停车,交通设施,停车场,119.225886,39.916733,parking
poi_parking.csv,兔耳山停车场,交通设施,停车场,119.153967,39.862865,parking
poi_parking.csv,专用停车场,交通设施,停车场,119.33912,39.802215,parking
poi_parking.csv,抚宁服务区专用停车场,交通设施,停车场,119.329429,39.826377,parking
poi_parking.csv,专用停车场,交通设施,停车场,119.376549,39.909689,parking
poi_parking.csv,北戴河服务区专用停车场,交通设施,停车场,119.350309,39.932561,parking
poi_parking.csv,青龙服务区停车场,交通设施,停车场,118.867589,40.410635,parking
poi_parking.csv,安丰大厦停车场,交通设施,停车场,118.892782,39.644302,parking
poi_parking.csv,专用停车场,交通设施,停车场,118.866028,39.705991,parking
poi_parking.csv,专用停车场,交通设施,停车场,118.864473,39.697249,parking
poi_parking.csv,宏兴钢铁公司职工北门专用停车场,交通设施,停车场,118.874712,39.70566,parking
poi_parking.csv,宏兴钢铁办公楼停车场,交通设施,停车场,118.863845,39.705132,parking
poi_parking.csv,宏兴-4号门户专用停车场,交通设施,停车场,118.889777,39.697209,parking
poi_parking.csv,大存车场,交通设施,停车场,118.860645,39.729503,parking
poi_parking.csv,兴龙广缘石门店停车场,交通设施,停车场,118.861704,39.729432,parking
poi_parking.csv,兴龙广缘石门店停车场,交通设施,停车场,118.861345,39.729596,parking
poi_parking.csv,香纳森宾馆昌黎沿海公路店专用停车场,交通设施,停车场,119.305046,39.658583,parking
poi_parking.csv,专用停车场,交通设施,停车场,119.261307,39.685069,parking
poi_parking.csv,院内停大车,交通设施,停车场,119.261131,39.685125,parking
poi_parking.csv,专用停车场,交通设施,停车场,119.322905,39.681554,parking
poi_parking.csv,北戴河阿尔法林荫专用停车场,交通设施,停车场,119.313904,39.66759,parking
poi_parking.csv,停车场,交通设施,停车场,119.318982,39.668106,parking
poi_parking.csv,停车场,交通设施,停车场,119.318767,39.666698,parking
poi_parking.csv,圣蓝海洋公园大门专用停车场,交通设施,停车场,119.318512,39.667543,parking
poi_parking.csv,交警七大队专用停车场,交通设施,停车场,119.322923,39.696047,parking
poi_parking.csv,专用停车场,交通设施,停车场,119.316104,39.698203,parking
poi_parking.csv,专用停车场,交通设施,停车场,119.35021,39.736357000000005,parking
poi_parking.csv,秦皇岛保利高尔夫球会专用停车场,交通设施,停车场,119.334825,39.73247,parking
poi_parking.csv,专用停车场,交通设施,停车场,119.349454,39.720725,parking
poi_parking.csv,南戴河大观园专用停车场,交通设施,停车场,119.350512,39.731246,parking
poi_parking.csv,南戴河水乡庄园专用停车场,交通设施,停车场,119.351309,39.72646,parking
poi_parking.csv,秦皇岛保利高尔夫球会专用停车场,交通设施,停车场,119.344046,39.731341,parking
poi_parking.csv,南戴河国际娱乐中心大巴专用停车场,交通设施,停车场,119.350948,39.738969,parking
poi_parking.csv,南戴河国际娱乐中心专用停车场,交通设施,停车场,119.351102,39.736932,parking
poi_parking.csv,碣石山风景区水岩寺专用停车场,交通设施,停车场,119.150995,39.742877,parking
poi_parking.csv,中海滩路路侧专用停车场,交通设施,停车场,119.520819,39.816557,parking
poi_parking.csv,金山海边专用停车场,交通设施,停车场,119.526732,39.816017,parking
poi_parking.csv,碧螺塔酒吧公园海边专用停车场,交通设施,停车场,119.526841,39.816187,parking
poi_parking.csv,牧渔人精品酒店专用停车场,交通设施,停车场,119.524431,39.818692,parking
poi_parking.csv,东海滩路专用停车场,交通设施,停车场,119.526827,39.815943,parking
poi_parking.csv,碧螺塔第2专用停车场,交通设施,停车场,119.52845,39.818946,parking
poi_parking.csv,金海湾度假村停车场,交通设施,停车场,119.523207,39.816653,parking
poi_parking.csv,北戴河金山宾馆停车场,交通设施,停车场,119.524289,39.817047,parking
poi_parking.csv,牧渔人精品酒店停车场,交通设施,停车场,119.524235,39.818528,parking
poi_parking.csv,金龙酒店东三路店停车场,交通设施,停车场,119.523206,39.816551,parking
poi_parking.csv,金山宾馆专用停车场,交通设施,停车场,119.524469,39.817374,parking
poi_parking.csv,医疗气功医院专用停车场,交通设施,停车场,119.517673,39.820553,parking
poi_parking.csv,北戴河兴武专用停车场,交通设施,停车场,119.53311,39.818635,parking
poi_parking.csv,碧螺塔停车场,交通设施,停车场,119.534478,39.820443,parking
poi_parking.csv,36号专用停车场,交通设施,停车场,119.533479,39.818798,parking
poi_parking.csv,专用停车场,交通设施,停车场,119.534043,39.819660000000006,parking
poi_parking.csv,停车场,交通设施,停车场,119.533531,39.818726,parking
poi_parking.csv,东坡路专用停车场,交通设施,停车场,119.531302,39.82763,parking
poi_parking.csv,北华园观海酒店专用停车场,交通设施,停车场,119.534626,39.827778,parking
poi_parking.csv,北戴河亿腾海景日出酒店专用停车场,交通设施,停车场,119.535458,39.831603,parking
poi_parking.csv,东山旅游码头专用停车场,交通设施,停车场,119.534399,39.826451,parking
poi_parking.csv,浴场专用停车场,交通设施,停车场,119.478078,39.816305,parking
poi_parking.csv,京工宾馆专用停车场,交通设施,停车场,119.479842,39.818251,parking
poi_parking.csv,花西小镇专用停车场,交通设施,停车场,119.481343,39.888295,parking
poi_parking.csv,法云寺停车场,交通设施,停车场,119.500056,39.885584,parking
poi_parking.csv,法云寺专用停车场,交通设施,停车场,119.500564,39.886225,parking
poi_parking.csv,孔雀园专用停车场,交通设施,停车场,119.522219,39.861743,parking
poi_parking.csv,秦皇岛野生动物园停车场,交通设施,停车场,119.524319,39.855968,parking
poi_parking.csv,北戴河国际俱乐部停车场,交通设施,停车场,119.521168,39.847876,parking
poi_parking.csv,北戴河国际俱乐部专用停车场,交通设施,停车场,119.521428,39.848096000000005,parking
poi_parking.csv,秦皇岛野生动物园专用停车场,交通设施,停车场,119.524635,39.857036,parking
poi_parking.csv,路边专用停车场,交通设施,停车场,119.53432,39.888407,parking
poi_parking.csv,专用停车场,交通设施,停车场,119.547359,39.89728,parking
poi_parking.csv,景旭酒店专用停车场,交通设施,停车场,119.540085,39.897498,parking
poi_parking.csv,停车场,交通设施,停车场,119.543903,39.895101,parking
poi_parking.csv,景旭酒店停车场,交通设施,停车场,119.540341,39.897142,parking
poi_parking.csv,专用停车场,交通设施,停车场,119.460803,39.905266000000005,parking
poi_parking.csv,栖云寺艺场专用停车场,交通设施,停车场,119.462021,39.906954,parking
poi_parking.csv,开发区数谷大厦专用停车场,交通设施,停车场,119.457248,39.923205,parking
poi_parking.csv,专用停车场,交通设施,停车场,119.488487,39.918981,parking
poi_parking.csv,专用停车场,交通设施,停车场,119.484432,39.91707,parking
poi_parking.csv,专用停车场,交通设施,停车场,119.494572,39.921976,parking
poi_parking.csv,专用停车场,交通设施,停车场,119.482842,39.922477,parking
poi_parking.csv,专用停车场,交通设施,停车场,119.488066,39.917104,parking
poi_parking.csv,专用停车场,交通设施,停车场,119.486751,39.91732,parking
poi_parking.csv,橡树湾专用停车场,交通设施,停车场,119.504339,39.915872,parking
poi_parking.csv,橡树湾停车场,交通设施,停车场,119.504321,39.915895000000006,parking
poi_parking.csv,专用停车场,交通设施,停车场,119.482559,39.926196,parking
poi_parking.csv,专用停车场,交通设施,停车场,119.493412,39.923566,parking
poi_parking.csv,铂悦山停车场,交通设施,停车场,119.503151,39.92754,parking
poi_parking.csv,专用停车场,交通设施,停车场,119.697484,39.982872,parking
poi_parking.csv,停车场,交通设施,停车场,119.704285,39.984878,parking
poi_parking.csv,专用停车场,交通设施,停车场,119.714449,39.961487,parking
poi_parking.csv,地上专用停车场,交通设施,停车场,119.75261,39.957249,parking
poi_parking.csv,专用停车场,交通设施,停车场,119.743497,39.958649,parking
poi_parking.csv,地上专用停车场,交通设施,停车场,119.708113,39.988102,parking
poi_parking.csv,芳佳花卉停车场,交通设施,停车场,119.719314,39.992259,parking
poi_parking.csv,轿车停放区,交通设施,停车场,119.740724,40.033459,parking
poi_parking.csv,山海关欢乐海洋公园专用停车场,交通设施,停车场,119.75513,39.95639,parking
poi_parking.csv,乐岛海洋王国停车场,交通设施,停车场,119.759559,39.958357,parking
poi_parking.csv,乐岛海洋王国北门西专用停车场,交通设施,停车场,119.754789,39.956104,parking
poi_parking.csv,乐岛海洋王园专用停车场,交通设施,停车场,119.756138,39.956804,parking
poi_parking.csv,老龙头游客中心专用停车场,交通设施,停车场,119.796189,39.970117,parking
poi_parking.csv,老龙头海边立平专用停车场,交通设施,停车场,119.801288,39.974101,parking
poi_parking.csv,老龙头专用停车场,交通设施,停车场,119.796372,39.970348,parking
poi_parking.csv,山海关景区老龙头景区北门专用停车场,交通设施,停车场,119.798598,39.971637,parking
poi_parking.csv,立平专用停车场,交通设施,停车场,119.80115,39.973948,parking
poi_parking.csv,专用停车场,交通设施,停车场,119.795475,39.972328,parking
poi_parking.csv,山海壹号停车场,交通设施,停车场,119.790948,39.97440700000001,parking
poi_parking.csv,希岸酒店,交通设施,停车场,119.791075,39.974287,parking
poi_parking.csv,山海关老龙头景区停车场,交通设施,停车场,119.797633,39.970871,parking
poi_parking.csv,帝森酒店老龙头店停车场,交通设施,停车场,119.789085,39.973613,parking
poi_parking.csv,帝森酒店老龙头店专用停车场,交通设施,停车场,119.789083,39.972744,parking
poi_parking.csv,惠天度假酒店专用停车场,交通设施,停车场,119.791453,39.972612,parking
poi_parking.csv,专用停车场,交通设施,停车场,119.839668,39.996694000000005,parking
poi_parking.csv,专用停车场,交通设施,停车场,119.816201,40.007168,parking
poi_parking.csv,专用停车场,交通设施,停车场,119.807104,40.001551,parking
poi_parking.csv,万基钢管,交通设施,停车场,119.819455,40.000688,parking
poi_parking.csv,专用停车场,交通设施,停车场,119.806341,40.004397,parking
poi_parking.csv,京哈专用停车场,交通设施,停车场,119.814278,40.037252,parking
poi_parking.csv,免费停车,交通设施,停车场,119.821205,40.041899,parking
poi_parking.csv,孟姜女庙市场停车场,交通设施,停车场,119.821462,40.035895,parking
poi_parking.csv,孟姜女庙市场西区停车场,交通设施,停车场,119.81975,40.035862,parking
poi_parking.csv,孟姜女庙专用停车场,交通设施,停车场,119.821792,40.036477,parking
poi_parking.csv,高速专用停车场,交通设施,停车场,119.5423,39.990013,parking
poi_parking.csv,超市,交通设施,停车场,119.531609,40.003719,parking
poi_parking.csv,专用停车场,交通设施,停车场,119.604612,39.975366,parking
poi_parking.csv,北城1号专用停车场,交通设施,停车场,119.598756,39.978263,parking
poi_parking.csv,恒大城D区停车场,交通设施,停车场,119.592642,39.975519,parking
poi_parking.csv,专用停车场,交通设施,停车场,119.630016,39.978145000000005,parking
poi_parking.csv,秦皇岛冀盛物流有限责任公司停车场,交通设施,停车场,119.633352,39.974767,parking
poi_parking.csv,核泰专用停车场,交通设施,停车场,119.625721,39.993551,parking
poi_parking.csv,核泰专用停车场,交通设施,停车场,119.626638,39.993939000000005,parking
poi_parking.csv,专用停车场,交通设施,停车场,119.613227,39.984167,parking
poi_parking.csv,停车场,交通设施,停车场,119.605508,39.974896,parking
poi_parking.csv,专用停车场,交通设施,停车场,119.392116,39.764115,parking
poi_parking.csv,专用停车场,交通设施,停车场,119.390551,39.763765,parking
poi_parking.csv,维也纳国际酒店专用停车场,交通设施,停车场,119.3852,39.772344,parking
poi_parking.csv,远洋蔚蓝海岸2号专用停车场,交通设施,停车场,119.403362,39.774512,parking
poi_parking.csv,北戴河哒哒岛魔法城堡专用停车场,交通设施,停车场,119.388994,39.783226,parking
poi_parking.csv,地上专用停车场,交通设施,停车场,119.430793,39.792857000000005,parking
poi_parking.csv,仙螺岛景区停车场,交通设施,停车场,119.432716,39.794305,parking
poi_parking.csv,北戴河联城宾馆停车场,交通设施,停车场,119.440284,39.824844,parking
poi_parking.csv,北戴河洲顿庄园酒店停车场,交通设施,停车场,119.440043,39.833297,parking
poi_parking.csv,兴龙广缘抚宁金山店专用停车场,交通设施,停车场,119.266049,39.873125,parking
poi_parking.csv,兴龙广缘Mall停车场,交通设施,停车场,119.26627,39.873367,parking
poi_parking.csv,兴龙广缘抚宁金山店停车场,交通设施,停车场,119.266346,39.873406,parking
poi_parking.csv,专用停车场,交通设施,停车场,118.88649,39.881765,parking
poi_parking.csv,专用停车场,交通设施,停车场,118.894417,39.890985,parking
poi_parking.csv,专用停车场,交通设施,停车场,118.895572,39.890061,parking
poi_parking.csv,停车场,交通设施,停车场,118.889802,39.8989,parking
poi_parking.csv,停车场,交通设施,停车场,118.889506,39.898932,parking
poi_parking.csv,医院停车场,交通设施,停车场,118.886524,39.898179,parking
poi_parking.csv,兴龙广缘卢龙店停车场,交通设施,停车场,118.891638,39.90017,parking
poi_parking.csv,卢龙广缘百货立体南停车场,交通设施,停车场,118.890603,39.899803,parking
poi_parking.csv,卢龙广缘百货东停车场,交通设施,停车场,118.89152,39.900243,parking
poi_parking.csv,卢龙广缘百货地下停车场,交通设施,停车场,118.890766,39.899876,parking
poi_parking.csv,卢龙广缘百货东停车场,交通设施,停车场,118.891243,39.899820000000005,parking
poi_parking.csv,卢龙广缘百货地下停车场,交通设施,停车场,118.891049,39.899798,parking
poi_parking.csv,卢龙服务区专用停车场,交通设施,停车场,118.897541,39.917077,parking
poi_parking.csv,卢龙迎宾汽修专用停车场,交通设施,停车场,118.897282,39.913272,parking
poi_parking.csv,阿那亚国际高尔夫俱乐部专用停车场,交通设施,停车场,119.315935,39.652406,parking
poi_parking.csv,专用停车场,交通设施,停车场,119.316414,39.652325,parking
poi_parking.csv,阿娜亚五期聆海小院专用停车场,交通设施,停车场,119.307856,39.641138,parking
poi_parking.csv,theTANG 唐舍酒店地下停车场,交通设施,停车场,119.3167,39.643935,parking
poi_parking.csv,阿那亚小镇南区-地下车库,交通设施,停车场,119.311706,39.652878,parking
poi_parking.csv,阿那亚民宿中心专用停车场,交通设施,停车场,119.32154,39.660014,parking
poi_parking.csv,圣蓝皇家海洋公园停车场,交通设施,停车场,119.318791,39.666599,parking
poi_parking.csv,阿那亚访客专用停车场,交通设施,停车场,119.305379,39.655422,parking
poi_parking.csv,蔚来能源,交通设施,停车场,119.313256,39.659591,parking
poi_parking.csv,北戴河安澜酒店地下停车场,交通设施,停车场,119.314564,39.655074,parking
poi_parking.csv,北戴河安澜酒店地下停车场,交通设施,停车场,119.312934,39.654465,parking
poi_parking.csv,北戴河安澜酒店停车场,交通设施,停车场,119.314788,39.655153,parking
poi_parking.csv,北戴河安澜酒店停车场,交通设施,停车场,119.315104,39.654654,parking
poi_parking.csv,黄金海岸专用停车场,交通设施,停车场,119.34074,39.702283,parking
poi_parking.csv,专用停车场,交通设施,停车场,119.340018,39.69899,parking
poi_parking.csv,专用停车场,交通设施,停车场,119.339943,39.698985,parking
poi_parking.csv,北京国鑫宾馆专用停车场,交通设施,停车场,119.339065,39.69811,parking
poi_parking.csv,专用停车场,交通设施,停车场,119.336864,39.702976,parking
poi_parking.csv,专用停车场,交通设施,停车场,119.339858,39.699738,parking
poi_parking.csv,金沙度假村专用停车场,交通设施,停车场,119.338581,39.696479,parking
poi_parking.csv,时代海岸公寓式酒店昌黎学院路店专用停车场,交通设施,停车场,119.33844,39.699061,parking
poi_parking.csv,顺来专用停车场,交通设施,停车场,119.34002,39.702871,parking
poi_parking.csv,时代海岸公寓式酒店昌黎学院路店地下停车场,交通设施,停车场,119.338468,39.699564,parking
poi_parking.csv,阔澜专用停车场,交通设施,停车场,119.33752,39.698553,parking
poi_parking.csv,停车场,交通设施,停车场,119.339662,39.699068,parking
poi_parking.csv,大田园宾馆停车点,交通设施,停车场,119.338979,39.698377,parking
poi_parking.csv,时代海岸地下购物广场停车场,交通设施,停车场,119.339581,39.69899,parking
poi_parking.csv,时代海岸公寓式酒店昌黎学院路店停车场,交通设施,停车场,119.339541,39.699138000000005,parking
poi_parking.csv,时代海岸公寓式酒店昌黎学院路店地下停车点,交通设施,停车场,119.338547,39.699644,parking
poi_parking.csv,时代海岸公寓式酒店昌黎学院路店地下停车点,交通设施,停车场,119.339324,39.699114,parking
poi_parking.csv,黄金海岸专用停车场,交通设施,停车场,119.338573,39.695117,parking
poi_parking.csv,专用停车场,交通设施,停车场,119.34424,39.711294,parking
poi_parking.csv,专用停车场,交通设施,停车场,119.348062,39.717756,parking
poi_parking.csv,专用停车场,交通设施,停车场,119.344951,39.714713,parking
poi_parking.csv,专用停车场,交通设施,停车场,119.343882,39.709882,parking
poi_parking.csv,停车场,交通设施,停车场,119.182299,39.70065,parking
poi_parking.csv,专用停车场,交通设施,停车场,119.192937,39.719045,parking
poi_parking.csv,停车场,交通设施,停车场,119.19391,39.721331,parking
poi_parking.csv,金榭巴黎D区停车场,交通设施,停车场,119.201704,39.720946000000005,parking
poi_parking.csv,华夏庄园专用停车场,交通设施,停车场,119.182546,39.734972,parking
poi_parking.csv,信发商厦专用停车场,交通设施,停车场,119.16706,39.720082,parking
poi_parking.csv,泰安盛世停车场,交通设施,停车场,119.168869,39.724495,parking
poi_parking.csv,人民医院停车场,交通设施,停车场,119.178424,39.728196,parking
poi_parking.csv,专用停车场,交通设施,停车场,119.523752,39.835655,parking
poi_parking.csv,专用停车场,交通设施,停车场,119.523813,39.835659,parking
poi_parking.csv,停车场,交通设施,停车场,119.525366,39.835349,parking
poi_parking.csv,秦皇岛鸟类博物馆停车场,交通设施,停车场,119.518385,39.835601,parking
poi_parking.csv,首都师范大学培训中心停车场,交通设施,停车场,119.51824,39.8352,parking
poi_parking.csv,秦皇岛鸟类博物馆专用停车场,交通设施,停车场,119.518348,39.836123,parking
poi_parking.csv,专用停车场,交通设施,停车场,119.515862,39.834662,parking
poi_parking.csv,鸽子窝一号专用停车场,交通设施,停车场,119.516263,39.834581,parking
poi_parking.csv,金海园地面停车场,交通设施,停车场,119.517178,39.838382,parking
poi_parking.csv,东经路宾馆东经路专用停车场,交通设施,停车场,119.496117,39.818893,parking
poi_parking.csv,近海度假酒店北戴河老虎石海上公园店专用停车场,交通设施,停车场,119.497856,39.817624,parking
poi_parking.csv,金台度假酒店停车场,交通设施,停车场,119.504657,39.81803,parking
poi_parking.csv,北戴河交通疗养院停车场,交通设施,停车场,119.497499,39.818241,parking
poi_parking.csv,北戴河观沧海度假村停车场,交通设施,停车场,119.49323,39.816289000000005,parking
poi_parking.csv,近海度假酒店北戴河老虎石海上公园店停车场,交通设施,停车场,119.497552,39.818134,parking
poi_parking.csv,秦皇岛北戴河洲顿亚朵酒店停车场,交通设施,停车场,119.503104,39.819132,parking
poi_parking.csv,秦皇岛北戴河洲顿亚朵酒店停车场,交通设施,停车场,119.503728,39.81916,parking
poi_parking.csv,秦皇岛北戴河洲顿亚朵酒店专用停车场,交通设施,停车场,119.503377,39.819123,parking
poi_parking.csv,中国银行北戴河支行专用停车场,交通设施,停车场,119.480119,39.834502,parking
poi_parking.csv,专用停车场,交通设施,停车场,119.488064,39.834069,parking
poi_parking.csv,速8酒店北戴河海滨中心店专用停车场,交通设施,停车场,119.491123,39.834728,parking
poi_parking.csv,硅谷湾停车场,交通设施,停车场,119.486286,39.838367,parking
poi_parking.csv,速8酒店北戴河海滨中心店停车场,交通设施,停车场,119.491117,39.834592,parking
poi_parking.csv,专用停车场,交通设施,停车场,119.485113,39.835128000000005,parking
poi_parking.csv,专用停车场,交通设施,停车场,119.473923,39.820976,parking
poi_parking.csv,联峰路路侧专用停车场一,交通设施,停车场,119.479851,39.827358,parking
poi_parking.csv,北戴河莲蓬假日酒店专用停车场,交通设施,停车场,119.473705,39.822852000000005,parking
poi_parking.csv,专用停车场,交通设施,停车场,119.479201,39.829257000000005,parking
poi_parking.csv,专用停车场,交通设施,停车场,119.472339,39.825778,parking
poi_parking.csv,专用停车场,交通设施,停车场,119.475341,39.821501,parking
poi_parking.csv,云海宾馆专用停车场,交通设施,停车场,119.479017,39.827515,parking
poi_parking.csv,联峰山公园专用停车场,交通设施,停车场,119.472444,39.825864,parking
poi_parking.csv,北京铁路局北戴河疗养院五区专用停车场,交通设施,停车场,119.475237,39.826292,parking
poi_parking.csv,联峰山公园北门停车场,交通设施,停车场,119.471767,39.826219,parking
poi_parking.csv,翰邦酒店停车场,交通设施,停车场,119.474422,39.826114,parking
poi_parking.csv,北戴河海源宾馆地面停车点,交通设施,停车场,119.473596,39.826051,parking
poi_parking.csv,龙兴商务酒店停车场,交通设施,停车场,119.473275,39.825939000000005,parking
poi_parking.csv,北京铁路局北戴河疗养院五区停车场,交通设施,停车场,119.475339,39.826184,parking
poi_parking.csv,肇事车辆专用停车场,交通设施,停车场,119.47445,39.835857,parking
poi_parking.csv,专用停车场,交通设施,停车场,119.47876,39.835006,parking
poi_parking.csv,秦皇岛职业技术学校停车场,交通设施,停车场,119.478602,39.836126,parking
poi_parking.csv,专用停车场,交通设施,停车场,119.475166,39.8357,parking
poi_parking.csv,西山花园停车场,交通设施,停车场,119.475071,39.835753,parking
poi_parking.csv,秦皇求仙入海处景区-北门专用停车场,交通设施,停车场,119.623572,39.915022,parking
poi_parking.csv,东山浴场地面专用停车场,交通设施,停车场,119.627036,39.918045000000006,parking
poi_parking.csv,专用停车场,交通设施,停车场,119.625961,39.917570000000005,parking
poi_parking.csv,停车场,交通设施,停车场,119.625774,39.917387,parking
poi_parking.csv,云海停车场,交通设施,停车场,119.624689,39.918311,parking
poi_parking.csv,东山浴场地面停车场,交通设施,停车场,119.627054,39.918026000000005,parking
poi_parking.csv,秦皇求仙入海处停车场,交通设施,停车场,119.623003,39.914623,parking
poi_parking.csv,河北港口医院停车场,交通设施,停车场,119.622663,39.917878,parking
poi_parking.csv,河北港口医院专用停车场,交通设施,停车场,119.6229,39.917935,parking
poi_parking.csv,秦皇岛海景开元大酒店-专用停车场,交通设施,停车场,119.624123,39.91682,parking
poi_parking.csv,东山浴场专用停车场,交通设施,停车场,119.626982,39.91807,parking
poi_parking.csv,秦皇求仙入海处西北门专用停车场,交通设施,停车场,119.6211,39.916023,parking
poi_parking.csv,秦皇求仙入海处专用停车场,交通设施,停车场,119.622891,39.914307,parking
poi_parking.csv,专用停车场,交通设施,停车场,119.608673,39.921632,parking
poi_parking.csv,开埠地火车站专用停车场,交通设施,停车场,119.615553,39.914031,parking
poi_parking.csv,专用停车场,交通设施,停车场,119.605053,39.91972,parking
poi_parking.csv,西港花园停车场,交通设施,停车场,119.615432,39.913928,parking
poi_parking.csv,海誓花园专用停车场,交通设施,停车场,119.615528,39.91425,parking
poi_parking.csv,港口俱乐部停车场,交通设施,停车场,119.607235,39.919707,parking
poi_parking.csv,港口宾馆停车场,交通设施,停车场,119.608553,39.919813,parking
poi_parking.csv,港口宾馆停车场,交通设施,停车场,119.60778,39.919791,parking
poi_parking.csv,港口宾馆专用停车场,交通设施,停车场,119.608175,39.919832,parking
poi_parking.csv,专用停车场,交通设施,停车场,119.642609,39.943638,parking
poi_parking.csv,专用停车场,交通设施,停车场,119.644415,39.945273,parking
poi_parking.csv,东方明珠城专用停车场,交通设施,停车场,119.64251,39.945218,parking
poi_parking.csv,停车场,交通设施,停车场,119.644205,39.947954,parking
poi_parking.csv,海豚表演馆专用停车场,交通设施,停车场,119.564993,39.907257,parking
poi_parking.csv,专用停车场,交通设施,停车场,119.56388,39.90868,parking
poi_parking.csv,海景广场西北专用停车场,交通设施,停车场,119.566053,39.907627000000005,parking
poi_parking.csv,西浴场停车场,交通设施,停车场,119.566227,39.907571,parking
poi_parking.csv,绿荫专用停车场,交通设施,停车场,119.559065,39.90979,parking
poi_parking.csv,秦皇岛金梦海湾希尔顿欢朋酒店专用停车场,交通设施,停车场,119.560012,39.906315000000006,parking
poi_parking.csv,体育局专用停车场,交通设施,停车场,119.557087,39.909377,parking
poi_parking.csv,停车场,交通设施,停车场,119.559076,39.907812,parking
poi_parking.csv,停车场,交通设施,停车场,119.558956,39.907411,parking
poi_parking.csv,金梦海湾·第一观专用停车场,交通设施,停车场,119.559064,39.905299,parking
poi_parking.csv,金梦海湾·第一观专用停车场,交通设施,停车场,119.559002,39.904562000000006,parking
poi_parking.csv,金梦海湾·第一观停车场,交通设施,停车场,119.559156,39.904663,parking
poi_parking.csv,秦皇岛新澳海底世界停车场,交通设施,停车场,119.562622,39.906566,parking
poi_parking.csv,金梦海湾·第一观停车场,交通设施,停车场,119.558985,39.905244,parking
poi_parking.csv,海豚表演馆停车场,交通设施,停车场,119.564323,39.907176,parking
poi_parking.csv,海景广场西停车场,交通设施,停车场,119.564962,39.907414,parking
poi_parking.csv,奥林匹克体育中心停车场,交通设施,停车场,119.556736,39.909571,parking
poi_parking.csv,秦皇国际大酒店停车场,交通设施,停车场,119.564672,39.9084,parking
poi_parking.csv,秦皇国际大酒店停车场,交通设施,停车场,119.566159,39.910021,parking
poi_parking.csv,秦皇国际大酒店停车场,交通设施,停车场,119.56667,39.909323,parking
poi_parking.csv,首旅京伦酒店地下停车点,交通设施,停车场,119.558816,39.907348000000006,parking
poi_parking.csv,首旅京伦酒店停车点,交通设施,停车场,119.55816,39.90771599999999,parking
poi_parking.csv,秦皇岛香格里拉地下停车场,交通设施,停车场,119.555405,39.903413,parking
poi_parking.csv,秦皇岛香格里拉停车场,交通设施,停车场,119.555143,39.903306,parking
poi_parking.csv,秦皇岛新澳海底世界停车场,交通设施,停车场,119.563168,39.906774000000006,parking
poi_parking.csv,秦皇岛金梦海湾希尔顿欢朋酒店停车场,交通设施,停车场,119.559868,39.90602,parking
poi_parking.csv,首旅京伦酒店停车点,交通设施,停车场,119.558574,39.908061,parking
poi_parking.csv,秦皇岛香格里拉停车场,交通设施,停车场,119.555552,39.903931,parking
poi_parking.csv,秦皇岛香格里拉专用停车场,交通设施,停车场,119.555192,39.902854,parking
poi_parking.csv,秦皇岛香格里拉地下专用停车场,交通设施,停车场,119.555364,39.903389,parking
poi_parking.csv,秦皇国际大酒店专用停车场,交通设施,停车场,119.56626,39.909061,parking
poi_parking.csv,首旅京伦酒店停车场,交通设施,停车场,119.558061,39.907726,parking
poi_parking.csv,首旅京伦酒店地下停车场,交通设施,停车场,119.558943,39.907219,parking
poi_parking.csv,秦皇岛新澳海底世界专用停车场,交通设施,停车场,119.562799,39.90641,parking
poi_parking.csv,西浴场专用停车场,交通设施,停车场,119.570375,39.909334,parking
poi_parking.csv,国家体育总局秦皇岛训练基地专用停车场,交通设施,停车场,119.56947,39.908971,parking
poi_parking.csv,停车场,交通设施,停车场,119.570618,39.909591,parking
poi_parking.csv,停车场,交通设施,停车场,119.569114,39.908952,parking
poi_parking.csv,地上专用停车场,交通设施,停车场,119.568391,39.922296,parking
poi_parking.csv,专用停车场,交通设施,停车场,119.568521,39.921913,parking
poi_parking.csv,专用停车场,交通设施,停车场,119.568668,39.923026,parking
poi_parking.csv,地上专用停车场,交通设施,停车场,119.571712,39.922833,parking
poi_parking.csv,专用停车场,交通设施,停车场,119.571212,39.922623,parking
poi_parking.csv,北京体育大学足球学院专用停车场,交通设施,停车场,119.568842,39.91481,parking
poi_parking.csv,盛景金领域专用停车场,交通设施,停车场,119.568289,39.922285,parking
poi_parking.csv,停车场,交通设施,停车场,119.568079,39.922224,parking
poi_parking.csv,万众大厦停车场,交通设施,停车场,119.570372,39.9224,parking
poi_parking.csv,富堡商城停车场,交通设施,停车场,119.570063,39.920506,parking
poi_parking.csv,万博尚府酒店停车场,交通设施,停车场,119.571523,39.910749,parking
poi_parking.csv,文精里小区专用停车场,交通设施,停车场,119.56882,39.919418,parking
poi_parking.csv,秦皇岛万博尚府精品酒店停车场,交通设施,停车场,119.571557,39.910779,parking
poi_parking.csv,盛景金领域停车场,交通设施,停车场,119.569441,39.923069000000005,parking
poi_parking.csv,国家体育总局秦皇岛训练基地停车场,交通设施,停车场,119.568811,39.91488,parking
poi_parking.csv,国家体育总局秦皇岛训练基地停车场,交通设施,停车场,119.571133,39.911789,parking
poi_parking.csv,万众大厦专用停车场,交通设施,停车场,119.570176,39.922493,parking
poi_parking.csv,停车场,交通设施,停车场,119.586599,39.92107,parking
poi_parking.csv,秦皇岛野生动物园停车场,交通设施,停车场,119.529436,39.872382,parking
poi_parking.csv,专用停车场,交通设施,停车场,119.524373,39.897258,parking
poi_parking.csv,收费停车,交通设施,停车场,119.526127,39.891364,parking
poi_parking.csv,金海湾森林逸城D区专用停车场,交通设施,停车场,119.525861,39.891353,parking
poi_parking.csv,金海湾森林逸城27号专用停车场,交通设施,停车场,119.527213,39.890192,parking
poi_parking.csv,半岛公园专用停车场,交通设施,停车场,119.515546,39.897152000000006,parking
poi_parking.csv,专用停车场,交通设施,停车场,119.509713,39.895054,parking
poi_parking.csv,专用停车场,交通设施,停车场,119.509299,39.89729,parking
poi_parking.csv,专用停车场,交通设施,停车场,119.517283,39.889144,parking
poi_parking.csv,富立秦皇半岛停车场,交通设施,停车场,119.509912,39.896753,parking
poi_parking.csv,半岛公园停车场,交通设施,停车场,119.515486,39.897067,parking
poi_parking.csv,专用停车场,交通设施,停车场,119.51321,39.900677,parking
poi_parking.csv,半岛公园专用停车场,交通设施,停车场,119.512713,39.900403,parking
poi_parking.csv,专用停车场,交通设施,停车场,119.509181,39.897853000000005,parking
poi_parking.csv,金屋.秦皇半岛2区专用停车场,交通设施,停车场,119.516283,39.90057,parking
poi_parking.csv,瑞斯丽酒店专用停车场,交通设施,停车场,119.515015,39.901385,parking
poi_parking.csv,金屋秦皇半岛专用停车场,交通设施,停车场,119.516604,39.900036,parking
poi_parking.csv,专用停车场,交通设施,停车场,119.513641,39.90174,parking
poi_parking.csv,专用停车场,交通设施,停车场,119.515655,39.908699000000006,parking
poi_parking.csv,紫城·秦皇半岛专用停车场,交通设施,停车场,119.517087,39.905031,parking
poi_parking.csv,紫城·秦皇半岛专用停车场,交通设施,停车场,119.51652,39.907693,parking
poi_parking.csv,恒大·悦府停车场,交通设施,停车场,119.513429,39.902829,parking
poi_parking.csv,紫城·秦皇半岛停车场,交通设施,停车场,119.51654,39.90782,parking
poi_parking.csv,南岭国际壹街区停车场,交通设施,停车场,119.508209,39.907486,parking
poi_parking.csv,半岛公园山东堡路东专用停车场,交通设施,停车场,119.512204,39.900363,parking
poi_parking.csv,专用停车场,交通设施,停车场,119.530447,39.937395,parking
poi_parking.csv,专用停车场,交通设施,停车场,119.537678,39.93991,parking
poi_parking.csv,专用停车场,交通设施,停车场,119.538293,39.939684,parking
poi_parking.csv,专用停车场,交通设施,停车场,119.532795,39.93848199999999,parking
poi_parking.csv,专用停车场,交通设施,停车场,119.534701,39.944869,parking
poi_parking.csv,专用停车场,交通设施,停车场,119.531271,39.938573,parking
poi_parking.csv,专用停车场,交通设施,停车场,119.53703,39.937653000000005,parking
poi_parking.csv,专用停车场,交通设施,停车场,119.532234,39.937014,parking
poi_parking.csv,专用停车场,交通设施,停车场,119.533054,39.937189,parking
poi_parking.csv,专用停车场,交通设施,停车场,119.542006,39.938972,parking
poi_parking.csv,专用停车场,交通设施,停车场,119.533153,39.937193,parking
poi_parking.csv,龙之俊丰田汽车销售服务有限责任公司停车场,交通设施,停车场,119.530234,39.938447,parking
poi_parking.csv,秦皇岛森林体育公园西北1门停车场,交通设施,停车场,119.536397,39.937338,parking
poi_parking.csv,国兴公园里停车场,交通设施,停车场,119.539156,39.944669,parking
poi_parking.csv,金融大厦停车场,交通设施,停车场,119.533471,39.937238,parking
poi_parking.csv,国兴公园里停车场,交通设施,停车场,119.536734,39.944207,parking
poi_parking.csv,爱运动体育停车场,交通设施,停车场,119.532121,39.941776,parking
poi_parking.csv,秦皇新天地北侧停车场,交通设施,停车场,119.541367,39.937189,parking
poi_parking.csv,秦皇岛开发区管委会大楼停车场,交通设施,停车场,119.532705,39.937616000000006,parking
poi_parking.csv,秦皇岛经济技术开发区体育中心停车场,交通设施,停车场,119.534021,39.937194000000005,parking
poi_parking.csv,秦皇岛森林体育公园西北2门停车场,交通设施,停车场,119.537212,39.937541,parking
poi_parking.csv,专用停车场,交通设施,停车场,119.506681,39.934394000000005,parking
poi_parking.csv,专用停车场,交通设施,停车场,119.505312,39.923369,parking
poi_parking.csv,专用停车场,交通设施,停车场,119.507543,39.924113,parking
poi_parking.csv,专用停车场,交通设施,停车场,119.508986,39.935777,parking
poi_parking.csv,专用停车场,交通设施,停车场,119.528711,39.941279,parking
poi_parking.csv,秦皇岛兴龙轮毂有限责任公司停车场,交通设施,停车场,119.521337,39.943924,parking
poi_parking.csv,金明国际财富中心停车场,交通设施,停车场,119.524883,39.936955,parking
poi_parking.csv,金明国际财富中心停车场,交通设施,停车场,119.525261,39.936122,parking
poi_parking.csv,专用停车场,交通设施,停车场,119.51425,39.93958,parking
poi_parking.csv,专用停车场,交通设施,停车场,119.510835,39.941679,parking
poi_parking.csv,专用停车场,交通设施,停车场,119.510882,39.941364,parking
poi_parking.csv,专用停车场,交通设施,停车场,119.464323,39.935481,parking
poi_parking.csv,开发区数谷大厦停车场,交通设施,停车场,119.457451,39.923464,parking
poi_parking.csv,福韵宾馆停车场,交通设施,停车场,119.467766,39.93567,parking
poi_parking.csv,科技大厦停车场,交通设施,停车场,119.476842,39.92482,parking
poi_parking.csv,秦皇岛乔克宾馆停车场,交通设施,停车场,119.468219,39.93327,parking
poi_parking.csv,中关村创业大厦停车场,交通设施,停车场,119.474096,39.928307,parking
poi_parking.csv,盛世帝景湾停车场,交通设施,停车场,119.73878,39.99909,parking
poi_parking.csv,山海关北门停车场,交通设施,停车场,119.752528,40.013071,parking
poi_parking.csv,大型专用停车场,交通设施,停车场,119.732962,40.013611,parking
poi_parking.csv,停车场,交通设施,停车场,119.784254,39.976991,parking
poi_parking.csv,宾馆专用停车场,交通设施,停车场,119.803925,39.990131000000005,parking
poi_parking.csv,菊岛休闲会馆专用停车场,交通设施,停车场,119.80395,39.989984,parking
poi_parking.csv,专用停车场,交通设施,停车场,119.80797,39.980303,parking
poi_parking.csv,专用停车场,交通设施,停车场,119.789025,40.001380000000005,parking
poi_parking.csv,专用停车场,交通设施,停车场,119.795248,40.019595,parking
poi_parking.csv,专用停车场,交通设施,停车场,119.550219,39.971134,parking
poi_parking.csv,中古专用停车场,交通设施,停车场,119.554594,39.974381,parking
poi_parking.csv,专用停车场,交通设施,停车场,119.566816,39.957508,parking
poi_parking.csv,停车场,交通设施,停车场,119.558111,39.953341,parking
poi_parking.csv,康健里小区专用停车场,交通设施,停车场,119.558983,39.951906,parking
poi_parking.csv,盛达鑫苑西区专用停车场,交通设施,停车场,119.565577,39.957011,parking
poi_parking.csv,上城汤廷停车场,交通设施,停车场,119.567174,39.958689,parking
poi_parking.csv,盛达鑫苑西区停车场,交通设施,停车场,119.565602,39.957079,parking
poi_parking.csv,盛达鑫苑停车场,交通设施,停车场,119.565891,39.957196,parking
poi_parking.csv,兴龙广缘和月大街店专用停车场,交通设施,停车场,119.576458,39.972475,parking
poi_parking.csv,兴龙广缘和月大街店地下专用停车场,交通设施,停车场,119.576797,39.973393,parking
poi_parking.csv,和月大街广缘超市专用停车场,交通设施,停车场,119.57669,39.972468,parking
poi_parking.csv,停车场,交通设施,停车场,119.576976,39.97242,parking
poi_parking.csv,秦皇岛79快捷宾馆停车场,交通设施,停车场,119.570855,39.963616,parking
poi_parking.csv,秦皇岛79快捷宾馆停车场,交通设施,停车场,119.570847,39.963686,parking
poi_parking.csv,兴龙广缘和月大街店停车场,交通设施,停车场,119.576975,39.972570000000005,parking
poi_parking.csv,兴龙广缘和月大街店地下停车场,交通设施,停车场,119.576842,39.97343,parking
poi_parking.csv,兴龙广缘和月大街店停车场,交通设施,停车场,119.577093,39.973426,parking
poi_parking.csv,兴龙广缘和月大街店停车场,交通设施,停车场,119.576026,39.972355,parking
poi_parking.csv,专用停车场,交通设施,停车场,119.558493,39.974467,parking
poi_parking.csv,专用停车场,交通设施,停车场,119.558754,39.974507,parking
poi_parking.csv,专用停车场,交通设施,停车场,119.558323,39.974073,parking
poi_parking.csv,秦皇岛新源奥丕汽车销售服务有限责任公司停车场,交通设施,停车场,119.560592,39.976598,parking
poi_parking.csv,专用停车场,交通设施,停车场,119.571222,39.976512,parking
poi_parking.csv,盛泰北苑停车场,交通设施,停车场,119.577323,39.97465,parking
poi_parking.csv,专用停车场,交通设施,停车场,119.61137,39.962173,parking
poi_parking.csv,兴龙生态谷商业区专用停车场,交通设施,停车场,119.605399,39.974387,parking
poi_parking.csv,紫金嘉府二区专用停车场,交通设施,停车场,119.61057,39.962135,parking
poi_parking.csv,紫金嘉府一区停车场,交通设施,停车场,119.60886,39.963477,parking
poi_parking.csv,紫金嘉府二区停车场,交通设施,停车场,119.610614,39.962139,parking
poi_parking.csv,环美大厦停车场,交通设施,停车场,119.606013,39.962786,parking
poi_parking.csv,环美大厦停车场,交通设施,停车场,119.605945,39.962304,parking
poi_parking.csv,金嘉国际停车场,交通设施,停车场,119.607188,39.963821,parking
poi_parking.csv,兴龙生态谷商业区停车场,交通设施,停车场,119.604981,39.972755,parking
poi_parking.csv,金嘉国际停车场,交通设施,停车场,119.606508,39.96333,parking
poi_parking.csv,专用停车场,交通设施,停车场,119.646941,39.949615,parking
poi_parking.csv,专用停车场,交通设施,停车场,119.645204,39.949593,parking
poi_parking.csv,秦皇岛晨砻酒店文体中心停车场,交通设施,停车场,119.64535,39.949763,parking
poi_parking.csv,专用停车场,交通设施,停车场,119.651639,39.974388000000005,parking
poi_parking.csv,专用停车场,交通设施,停车场,119.64471,39.972967,parking
poi_parking.csv,秦皇岛惠仁医院停车场,交通设施,停车场,119.646996,39.973493000000005,parking
poi_parking.csv,专用停车场,交通设施,停车场,119.293245,39.777,parking
poi_parking.csv,存车场,交通设施,停车场,119.302042,39.792334,parking
poi_parking.csv,免费专用停车场,交通设施,停车场,119.422815,39.780128,parking
poi_parking.csv,碧海嘉园专用停车场,交通设施,停车场,119.416933,39.790957,parking
poi_parking.csv,西古城村专用停车场,交通设施,停车场,119.422098,39.814893,parking
poi_parking.csv,集发农业梦想王国路东专用停车场,交通设施,停车场,119.420187,39.816906,parking
poi_parking.csv,集发农业梦想王国中心门专用停车场,交通设施,停车场,119.419357,39.816727,parking
poi_parking.csv,集发南门专用停车场,交通设施,停车场,119.420938,39.811129,parking
poi_parking.csv,北戴河集发观光园专用停车场,交通设施,停车场,119.42097,39.810242,parking
poi_parking.csv,小型车专用停车场,交通设施,停车场,119.41803,39.816033,parking
poi_parking.csv,集发农业梦想王国专用停车场,交通设施,停车场,119.418009,39.816688,parking
poi_parking.csv,停车场,交通设施,停车场,119.418513,39.820035,parking
poi_parking.csv,仙螺岛景区东门专用停车场,交通设施,停车场,119.434937,39.795127,parking
poi_parking.csv,滨海湾-车库,交通设施,停车场,119.432402,39.799783,parking
poi_parking.csv,停车场,交通设施,停车场,119.440922,39.807497000000005,parking
poi_parking.csv,停车场,交通设施,停车场,119.43699,39.796569,parking
poi_parking.csv,戴河庭院休闲海滩专用停车场,交通设施,停车场,119.441545,39.798639,parking
poi_parking.csv,滨海湾车库,交通设施,停车场,119.432252,39.799916,parking
poi_parking.csv,仙螺岛景区东门停车场,交通设施,停车场,119.434573,39.795153,parking
poi_parking.csv,滨海湾车库,交通设施,停车场,119.43294,39.799328,parking
poi_parking.csv,集发观光园专用停车场,交通设施,停车场,119.416205,39.823124,parking
poi_parking.csv,北戴河集发观光园-专用停车场4,交通设施,停车场,119.417354,39.820929,parking
poi_parking.csv,集发海鲜烧烤广场专用停车场,交通设施,停车场,119.416372,39.823457,parking
poi_parking.csv,集发农业梦想王国内部专用停车场,交通设施,停车场,119.418277,39.821409,parking
poi_parking.csv,北戴河集发观光园停车场,交通设施,停车场,119.418321,39.822119,parking
poi_parking.csv,牛头崖大集专用停车场,交通设施,停车场,119.410461,39.841914,parking
poi_parking.csv,牛头崖大集停车场,交通设施,停车场,119.410808,39.842365,parking
poi_parking.csv,旭联购物广场停车场,交通设施,停车场,119.409815,39.841226,parking
poi_parking.csv,专用停车场,交通设施,停车场,119.404968,39.833398,parking
poi_parking.csv,鑫香源专用停车场,交通设施,停车场,119.397382,39.834769,parking
poi_parking.csv,鑫香源停车场,交通设施,停车场,119.397603,39.834679,parking
poi_parking.csv,宝尊超市专用停车场,交通设施,停车场,119.416714,39.846776,parking
poi_parking.csv,北京高铁北戴河保养点专用停车场,交通设施,停车场,119.410712,39.847266,parking
poi_parking.csv,北戴河保养点,交通设施,停车场,119.41368,39.848786,parking
poi_parking.csv,专用停车场,交通设施,停车场,118.892197,39.890576,parking
poi_parking.csv,专用停车场,交通设施,停车场,118.890801,39.89442,parking
poi_parking.csv,停车场,交通设施,停车场,118.892707,39.896721,parking
poi_parking.csv,蓝钻公馆财东道停车场,交通设施,停车场,118.888754,39.89705,parking
poi_parking.csv,专用停车场,交通设施,停车场,118.881711,39.891791,parking
poi_parking.csv,专用停车场,交通设施,停车场,118.88368,39.891672,parking
poi_parking.csv,专用停车场,交通设施,停车场,118.883891,39.891561,parking
poi_parking.csv,医院停车场,交通设施,停车场,118.885421,39.897583,parking
poi_parking.csv,中医院停车场,交通设施,停车场,118.885702,39.892586,parking
poi_parking.csv,卢城路-路侧停车场,交通设施,停车场,118.876217,39.888346,parking
poi_parking.csv,专用停车场,交通设施,停车场,118.87601,39.88731,parking
poi_parking.csv,乐购超市停车场,交通设施,停车场,118.878529,39.890889,parking
poi_parking.csv,乐购超市停车场,交通设施,停车场,118.877928,39.890164,parking
poi_parking.csv,专用停车场,交通设施,停车场,118.880259,39.892064,parking
poi_parking.csv,专用停车场,交通设施,停车场,118.879892,39.892325,parking
poi_parking.csv,专用停车场,交通设施,停车场,118.876615,39.892864,parking
poi_parking.csv,专用停车场,交通设施,停车场,118.873352,39.89281,parking
poi_parking.csv,青龙河森林湿地公园停车点,交通设施,停车场,118.868295,39.895395,parking
poi_parking.csv,停车场,交通设施,停车场,119.167637,39.704914,parking
poi_parking.csv,鹏湖购物中心停车场,交通设施,停车场,119.167357,39.69921,parking
poi_parking.csv,专用停车场,交通设施,停车场,119.161308,39.699125,parking
poi_parking.csv,收费专用停车场,交通设施,停车场,119.167949,39.704983,parking
poi_parking.csv,鹏湖购物中心停车场,交通设施,停车场,119.168462,39.699462,parking
poi_parking.csv,昌黎站班线车停车场,交通设施,停车场,119.168236,39.705581,parking
poi_parking.csv,停车场,交通设施,停车场,119.182795,39.717291,parking
poi_parking.csv,建设大厦停车场,交通设施,停车场,119.182276,39.717174,parking
poi_parking.csv,建设大厦停车场,交通设施,停车场,119.181456,39.717041,parking
poi_parking.csv,专用停车场,交通设施,停车场,119.508426,39.823967,parking
poi_parking.csv,专用停车场,交通设施,停车场,119.509864,39.824541,parking
poi_parking.csv,刘庄红石路路侧专用停车场,交通设施,停车场,119.507149,39.826861,parking
poi_parking.csv,专用停车场,交通设施,停车场,119.507232,39.822343,parking
poi_parking.csv,专用停车场,交通设施,停车场,119.507238,39.822218,parking
poi_parking.csv,专用停车场,交通设施,停车场,119.508804,39.822626,parking
poi_parking.csv,鸥鹏酒店专用停车场,交通设施,停车场,119.508029,39.821445,parking
poi_parking.csv,燕山大厦专用停车场,交通设施,停车场,119.509378,39.822912,parking
poi_parking.csv,专用停车场,交通设施,停车场,119.508651,39.823042,parking
poi_parking.csv,专用停车场,交通设施,停车场,119.507434,39.82402,parking
poi_parking.csv,专用停车场,交通设施,停车场,119.505112,39.82133,parking
poi_parking.csv,专用停车场,交通设施,停车场,119.505097,39.82134,parking
poi_parking.csv,专用停车场,交通设施,停车场,119.505816,39.825414,parking
poi_parking.csv,专用停车场,交通设施,停车场,119.507311,39.824207,parking
poi_parking.csv,专用停车场,交通设施,停车场,119.505678,39.820917,parking
poi_parking.csv,罗喜亚酒店专用停车场,交通设施,停车场,119.508489,39.822816,parking
poi_parking.csv,中国人寿保险专用停车场,交通设施,停车场,119.505894,39.820915,parking
poi_parking.csv,斯洛酒店北戴河双石路店停车场,交通设施,停车场,119.507298,39.822085,parking
poi_parking.csv,专用停车场,交通设施,停车场,119.509421,39.825497000000006,parking
poi_parking.csv,OYO尊享汇诚酒店秦皇宫联峰路店专用停车场,交通设施,停车场,119.509273,39.824877,parking
poi_parking.csv,中国人寿保险公司疗养院专用停车场,交通设施,停车场,119.505258,39.821278,parking
poi_parking.csv,鸥鹏酒店停车场,交通设施,停车场,119.508029,39.821345,parking
poi_parking.csv,总部大厦停车场,交通设施,停车场,119.508022,39.825675,parking
poi_parking.csv,总部大厦地下停车场,交通设施,停车场,119.50774,39.825843,parking
poi_parking.csv,喜来登酒店地下停车场,交通设施,停车场,119.509966,39.826016,parking
poi_parking.csv,斯洛酒店北戴河双石路店停车点,交通设施,停车场,119.507332,39.822134,parking
poi_parking.csv,OYO尊享汇诚酒店秦皇宫联峰路店停车场,交通设施,停车场,119.510154,39.824966,parking
poi_parking.csv,OYO尊享汇诚酒店秦皇宫联峰路店停车场,交通设施,停车场,119.509176,39.825314,parking
poi_parking.csv,总部大厦专用停车场,交通设施,停车场,119.507897,39.825812,parking
poi_parking.csv,总部大厦地下专用停车场,交通设施,停车场,119.507619,39.825849,parking
poi_parking.csv,喜来登酒店专用停车场,交通设施,停车场,119.510613,39.826868,parking
poi_parking.csv,喜来登酒店地下专用停车场,交通设施,停车场,119.510012,39.826016,parking
poi_parking.csv,喜来登酒店停车场,交通设施,停车场,119.511422,39.826753,parking
poi_parking.csv,国际会议中心停车场,交通设施,停车场,119.511476,39.82673,parking
poi_parking.csv,北戴河历史文化展览馆停车场,交通设施,停车场,119.515701,39.825886,parking
poi_parking.csv,奥森专用停车场,交通设施,停车场,119.515451,39.830816,parking
poi_parking.csv,专用停车场,交通设施,停车场,119.515745,39.830745,parking
poi_parking.csv,奥林匹克公园停车场,交通设施,停车场,119.515106,39.830522,parking
poi_parking.csv,海帝精品酒店停车场,交通设施,停车场,119.517157,39.829547,parking
poi_parking.csv,国际会议中心停车场,交通设施,停车场,119.511068,39.828015,parking
poi_parking.csv,停车场,交通设施,停车场,119.515848,39.830634,parking
poi_parking.csv,北戴河怡顺宾馆专用停车场,交通设施,停车场,119.508108,39.83025,parking
poi_parking.csv,国际会议中心专用停车场,交通设施,停车场,119.510574,39.827093,parking
poi_parking.csv,热力公司-院内专用停车场,交通设施,停车场,119.507714,39.828225,parking
poi_parking.csv,停车场,交通设施,停车场,119.507742,39.828258,parking
poi_parking.csv,北戴河怡顺宾馆停车场,交通设施,停车场,119.508011,39.830497,parking
poi_parking.csv,秦皇岛金山精品酒店停车场,交通设施,停车场,119.522699,39.821041,parking
poi_parking.csv,医疗气功医院停车场,交通设施,停车场,119.517529,39.821086,parking
poi_parking.csv,瑞尔威连锁饭店北戴河酒店公寓停车场,交通设施,停车场,119.522327,39.824459,parking
poi_parking.csv,东坡路专用停车场,交通设施,停车场,119.527982,39.827714,parking
poi_parking.csv,东山宾馆停车场,交通设施,停车场,119.526762,39.829423000000006,parking
poi_parking.csv,专用停车场,交通设施,停车场,119.522909,39.82753,parking
poi_parking.csv,联峰路路侧专用停车场三,交通设施,停车场,119.522405,39.827495,parking
poi_parking.csv,保二路路侧专用停车场,交通设施,停车场,119.488953,39.81486,parking
poi_parking.csv,宣和海鲜餐厅专用停车场,交通设施,停车场,119.489939,39.818332,parking
poi_parking.csv,北戴河幸运国际酒店专用停车场,交通设施,停车场,119.487602,39.817622,parking
poi_parking.csv,老虎石海上公园中海滩停车场,交通设施,停车场,119.489046,39.814209,parking
poi_parking.csv,老虎石海上公园专用停车场,交通设施,停车场,119.48891,39.814178,parking
poi_parking.csv,欧玛克假日酒店专用停车场,交通设施,停车场,119.488873,39.817845000000005,parking
poi_parking.csv,劳动人民文化宫停车场,交通设施,停车场,119.487584,39.818092,parking
poi_parking.csv,麗枫酒店北戴河老虎石店停车场,交通设施,停车场,119.491595,39.81895,parking
poi_parking.csv,麗枫酒店北戴河老虎石店专用停车场,交通设施,停车场,119.491408,39.818973,parking
poi_parking.csv,北戴河劳动人民文化宫专用停车场,交通设施,停车场,119.487309,39.817968,parking
poi_parking.csv,平安路路侧专用停车场,交通设施,停车场,119.484653,39.818607,parking
poi_parking.csv,碣石园专用停车场,交通设施,停车场,119.480277,39.817043000000005,parking
poi_parking.csv,专用停车场,交通设施,停车场,119.480033,39.817388,parking
poi_parking.csv,专用停车场,交通设施,停车场,119.484012,39.818624,parking
poi_parking.csv,平水桥公园中海淮路专用停车场,交通设施,停车场,119.483199,39.817109,parking
poi_parking.csv,平水桥公园中海淮路停车场,交通设施,停车场,119.483423,39.816723,parking
poi_parking.csv,中海滩路停车场,交通设施,停车场,119.483409,39.816738,parking
poi_parking.csv,中海滩宾馆停车场,交通设施,停车场,119.484103,39.816302,parking
poi_parking.csv,海岸印象酒店停车场,交通设施,停车场,119.481463,39.817045,parking
poi_parking.csv,专用停车场,交通设施,停车场,119.489161,39.823054000000006,parking
poi_parking.csv,专用停车场,交通设施,停车场,119.487934,39.823472,parking
poi_parking.csv,市场监督管理局专用停车场,交通设施,停车场,119.488922,39.82654,parking
poi_parking.csv,暑供酒店专用停车场,交通设施,停车场,119.486528,39.825138,parking
poi_parking.csv,石塘路专用停车场,交通设施,停车场,119.490549,39.823064,parking
poi_parking.csv,遇见海度假酒店专用停车场,交通设施,停车场,119.490129,39.821067,parking
poi_parking.csv,艾欣生活超市草厂店专用停车场,交通设施,停车场,119.486204,39.822093,parking
poi_parking.csv,专用停车场,交通设施,停车场,119.49064,39.822471,parking
poi_parking.csv,华奥宾馆停车场,交通设施,停车场,119.489354,39.826274000000005,parking
poi_parking.csv,工商行政管理局专用停车场,交通设施,停车场,119.489236,39.825951,parking
poi_parking.csv,石塘路市场停车场,交通设施,停车场,119.486893,39.821554,parking
poi_parking.csv,OYO暑供宾馆停车场,交通设施,停车场,119.486332,39.824594,parking
poi_parking.csv,北戴河医院停车场,交通设施,停车场,119.488189,39.823484,parking
poi_parking.csv,北戴河医院停车场,交通设施,停车场,119.487994,39.823745,parking
poi_parking.csv,石塘路海鲜市场停车场,交通设施,停车场,119.486883,39.821591000000005,parking
poi_parking.csv,遇见海度假酒店停车场,交通设施,停车场,119.490182,39.82127,parking
poi_parking.csv,滨海蓝天商务酒店,交通设施,停车场,119.490908,39.821153,parking
poi_parking.csv,艾欣生活超市草厂店停车场,交通设施,停车场,119.486342,39.822172,parking
poi_parking.csv,专用停车场房产管理局东,交通设施,停车场,119.488395,39.823187,parking
poi_parking.csv,滨客隆宾馆专用停车场,交通设施,停车场,119.487819,39.823308,parking
poi_parking.csv,石塘路市场专用停车场,交通设施,停车场,119.486627,39.821243,parking
poi_parking.csv,北戴河医院专用停车场,交通设施,停车场,119.488155,39.824159,parking
poi_parking.csv,专用停车场,交通设施,停车场,119.490453,39.83015,parking
poi_parking.csv,7天酒店停车场,交通设施,停车场,119.488454,39.827248,parking
poi_parking.csv,中国移动营业厅海宁路营业厅停车场,交通设施,停车场,119.488671,39.827156,parking
poi_parking.csv,专用停车场,交通设施,停车场,119.494563,39.823777,parking
poi_parking.csv,中俄产业园路侧专用停车场,交通设施,停车场,119.494802,39.824256,parking
poi_parking.csv,联峰路路侧专用停车场二,交通设施,停车场,119.498085,39.825819,parking
poi_parking.csv,林业局专用停车场,交通设施,停车场,119.494745,39.826866,parking
poi_parking.csv,海滨花园酒店-专用停车场,交通设施,停车场,119.4981,39.821608,parking
poi_parking.csv,专用停车场,交通设施,停车场,119.503507,39.82267,parking
poi_parking.csv,北戴河安顺专用停车场,交通设施,停车场,119.503142,39.822743,parking
poi_parking.csv,河北煤矿安全培训学校停车场,交通设施,停车场,119.501148,39.824003000000005,parking
poi_parking.csv,北戴河中学专用停车场,交通设施,停车场,119.502211,39.826150000000005,parking
poi_parking.csv,怪楼奇园大酒店停车场,交通设施,停车场,119.500238,39.82598,parking
poi_parking.csv,秦皇岛北戴河怪楼奇园景区专用停车场,交通设施,停车场,119.498937,39.826023,parking
poi_parking.csv,煤矿职工北戴河休养院,交通设施,停车场,119.501187,39.824075,parking
poi_parking.csv,怪楼奇园大酒店专用停车场,交通设施,停车场,119.500292,39.825997,parking
poi_parking.csv,煤矿职工北戴河休养院专用停车场,交通设施,停车场,119.501113,39.823962,parking
poi_parking.csv,刘庄海鲜市场专用停车场,交通设施,停车场,119.503226,39.831444,parking
poi_parking.csv,专用停车场,交通设施,停车场,119.500308,39.832038,parking
poi_parking.csv,联峰假日酒店停车场,交通设施,停车场,119.501595,39.830972,parking
poi_parking.csv,刘庄海鲜市场停车场,交通设施,停车场,119.503669,39.831593,parking
poi_parking.csv,刘庄海鲜市场停车场,交通设施,停车场,119.502992,39.831147,parking
poi_parking.csv,专用停车场,交通设施,停车场,119.497291,39.833149,parking
poi_parking.csv,专用停车场,交通设施,停车场,119.494401,39.83334,parking
poi_parking.csv,银季酒店停车场,交通设施,停车场,119.493055,39.833212,parking
poi_parking.csv,专用停车场,交通设施,停车场,119.494714,39.833793,parking
poi_parking.csv,薄荷花苑小区停车场,交通设施,停车场,119.495156,39.83852,parking
poi_parking.csv,第一医院体检中心专用停车场,交通设施,停车场,119.504614,39.842015,parking
poi_parking.csv,东方明珠城D区专用停车场,交通设施,停车场,119.639437,39.945124,parking
poi_parking.csv,专用停车场,交通设施,停车场,119.63845,39.948683,parking
poi_parking.csv,停车场,交通设施,停车场,119.640999,39.943098,parking
poi_parking.csv,文体中心停车场,交通设施,停车场,119.638716,39.943273000000005,parking
poi_parking.csv,停车场,交通设施,停车场,119.641337,39.943184,parking
poi_parking.csv,大秦华府专用停车场,交通设施,停车场,119.641125,39.948218,parking
poi_parking.csv,专用停车场,交通设施,停车场,119.631712,39.948812,parking
poi_parking.csv,第一站小区专用停车场,交通设施,停车场,119.607896,39.929127,parking
poi_parking.csv,专用停车场,交通设施,停车场,119.606892,39.928635,parking
poi_parking.csv,专用停车场,交通设施,停车场,119.606264,39.92896,parking
poi_parking.csv,停车场,交通设施,停车场,119.606949,39.928782000000005,parking
poi_parking.csv,博维.27度空间停车场,交通设施,停车场,119.605395,39.928963,parking
poi_parking.csv,河东水产批发市场停车场,交通设施,停车场,119.628125,39.929863,parking
poi_parking.csv,河东水产综合批发市场停车场,交通设施,停车场,119.627463,39.92977,parking
poi_parking.csv,利园小区专用停车场,交通设施,停车场,119.622846,39.936536,parking
poi_parking.csv,第一站小区专用停车场,交通设施,停车场,119.617991,39.937676,parking
poi_parking.csv,利园小区停车场,交通设施,停车场,119.62271,39.936152,parking
poi_parking.csv,四季青小商品国际商贸城停车场,交通设施,停车场,119.618724,39.937181,parking
poi_parking.csv,专用停车场,交通设施,停车场,119.626317,39.94247,parking
poi_parking.csv,红光宜居停车场,交通设施,停车场,119.627856,39.941107,parking
poi_parking.csv,专用停车场,交通设施,停车场,119.623754,39.945295,parking
poi_parking.csv,专用停车场,交通设施,停车场,119.628634,39.942767,parking
poi_parking.csv,专用停车场,交通设施,停车场,119.557995,39.911046,parking
poi_parking.csv,专用停车场,交通设施,停车场,119.557471,39.915121,parking
poi_parking.csv,远洋朗越专用停车场,交通设施,停车场,119.556882,39.911744,parking
poi_parking.csv,停车场,交通设施,停车场,119.558966,39.91505,parking
poi_parking.csv,远洋·海逸世家停车场,交通设施,停车场,119.557677,39.915049,parking
poi_parking.csv,远洋·海逸世家专用停车场,交通设施,停车场,119.557724,39.915045,parking
poi_parking.csv,河北建材职业技术学校停车场,交通设施,停车场,119.558904,39.911626,parking
poi_parking.csv,河北建材职业技术学校停车场,交通设施,停车场,119.559393,39.91092,parking
poi_parking.csv,河北建材职业技术学校停车场,交通设施,停车场,119.558846,39.911589,parking
poi_parking.csv,河北建材职业技术学校中校区停车场,交通设施,停车场,119.561289,39.913847,parking
poi_parking.csv,乡间柴火停车场,交通设施,停车场,119.566267,39.916336,parking
poi_parking.csv,专用停车场,交通设施,停车场,119.566861,39.922555,parking
poi_parking.csv,专用停车场,交通设施,停车场,119.566831,39.922819,parking
poi_parking.csv,如意山海饭店专用停车场,交通设施,停车场,119.565219,39.91785,parking
poi_parking.csv,如意山海饭店停车场,交通设施,停车场,119.564922,39.917781000000005,parking
poi_parking.csv,和平开发大厦停车场,交通设施,停车场,119.566613,39.922707,parking
poi_parking.csv,秦皇岛博维大酒店停车场,交通设施,停车场,119.557811,39.9212,parking
poi_parking.csv,购物专用停车场,交通设施,停车场,119.604595,39.920697,parking
poi_parking.csv,专用停车场,交通设施,停车场,119.60384,39.922809,parking
poi_parking.csv,滨海城专用停车场,交通设施,停车场,119.603631,39.92204,parking
poi_parking.csv,专用停车场,交通设施,停车场,119.604725,39.920046000000006,parking
poi_parking.csv,每日星辰量贩式KTV-专用停车场,交通设施,停车场,119.60455,39.919461,parking
poi_parking.csv,秦皇岛国际海员俱乐部专用停车场,交通设施,停车场,119.602898,39.919209,parking
poi_parking.csv,停车场,交通设施,停车场,119.600091,39.921843,parking
poi_parking.csv,购物专用停车场,交通设施,停车场,119.603952,39.921532,parking
poi_parking.csv,滨海城停车场,交通设施,停车场,119.60361,39.922118000000005,parking
poi_parking.csv,滨海公寓停车点,交通设施,停车场,119.59921,39.922085,parking
poi_parking.csv,秦皇岛国际海员俱乐部停车场,交通设施,停车场,119.603136,39.919019000000006,parking
poi_parking.csv,专用停车场,交通设施,停车场,119.596253,39.921643,parking
poi_parking.csv,第四医院南区南停车场,交通设施,停车场,119.597891,39.921705,parking
poi_parking.csv,第四医院南区南停车场,交通设施,停车场,119.598446,39.921717,parking
poi_parking.csv,第四医院南区停车场,交通设施,停车场,119.598242,39.922842,parking
poi_parking.csv,专用停车场,交通设施,停车场,119.580822,39.928041,parking
poi_parking.csv,旭日家居建材中心广场北侧停车场,交通设施,停车场,119.584516,39.929098,parking
poi_parking.csv,旭日家居建材中心广场南侧停车场,交通设施,停车场,119.584431,39.929013,parking
poi_parking.csv,旭日家居建材中心广场北侧停车场,交通设施,停车场,119.585217,39.929566,parking
poi_parking.csv,宏扬·铂郡专用停车场,交通设施,停车场,119.58403,39.929163,parking
poi_parking.csv,燕赵专用停车场,交通设施,停车场,119.587609,39.928217,parking
poi_parking.csv,秦皇岛雅绅鸿居1期专用停车场,交通设施,停车场,119.590415,39.928651,parking
poi_parking.csv,旭日家居建材中心广场南侧停车场,交通设施,停车场,119.586272,39.929394,parking
poi_parking.csv,专用停车场,交通设施,停车场,119.596989,39.929101,parking
poi_parking.csv,专用停车场,交通设施,停车场,119.595108,39.928721,parking
poi_parking.csv,专用停车场,交通设施,停车场,119.59484,39.928581,parking
poi_parking.csv,新宝街专用停车场,交通设施,停车场,119.59422,39.928389,parking
poi_parking.csv,站西公馆停车场,交通设施,停车场,119.596915,39.929409,parking
poi_parking.csv,专用停车场,交通设施,停车场,119.60346,39.929535,parking
poi_parking.csv,停车场,交通设施,停车场,119.604458,39.926683,parking
poi_parking.csv,专用停车场,交通设施,停车场,119.604489,39.925717,parking
poi_parking.csv,中国建设银行秦皇岛建设路支行停车场,交通设施,停车场,119.604297,39.924751,parking
poi_parking.csv,世贸官邸停车场,交通设施,停车场,119.602942,39.929384,parking
poi_parking.csv,百饺愿楼专用停车场,交通设施,停车场,119.588718,39.946596,parking
poi_parking.csv,专用停车场,交通设施,停车场,119.591288,39.948459,parking
poi_parking.csv,行政审批中心专用停车场,交通设施,停车场,119.587716,39.944609,parking
poi_parking.csv,专用停车场,交通设施,停车场,119.591595,39.947952,parking
poi_parking.csv,专用停车场,交通设施,停车场,119.588829,39.946681,parking
poi_parking.csv,专用停车场,交通设施,停车场,119.587543,39.944425,parking
poi_parking.csv,沃金商厦停车场,交通设施,停车场,119.591464,39.947917,parking
poi_parking.csv,停车场,交通设施,停车场,119.58763,39.943572,parking
poi_parking.csv,金工环岛商办楼停车场,交通设施,停车场,119.589006,39.946558,parking
poi_parking.csv,政务服务大厦停车场,交通设施,停车场,119.58783,39.942545,parking
poi_parking.csv,新闻里专用停车场,交通设施,停车场,119.592022,39.944569,parking
poi_parking.csv,秦皇岛经济技术开发区卫生局专用停车场,交通设施,停车场,119.560695,39.92526,parking
poi_parking.csv,专用停车场,交通设施,停车场,119.55683,39.925535,parking
poi_parking.csv,专用停车场,交通设施,停车场,119.557529,39.926037,parking
poi_parking.csv,专用停车场,交通设施,停车场,119.557381,39.925468,parking
poi_parking.csv,恐怖故事,交通设施,停车场,119.556965,39.927313,parking
poi_parking.csv,吕宋海鲜楼停车场,交通设施,停车场,119.555377,39.927027,parking
poi_parking.csv,亿丰大厦停车场,交通设施,停车场,119.558093,39.925409,parking
poi_parking.csv,秦皇岛经济技术开发区医院停车场,交通设施,停车场,119.556542,39.925226,parking
poi_parking.csv,秦皇岛经济技术开发区医院专用停车场,交通设施,停车场,119.55684,39.925115,parking
poi_parking.csv,专用停车场,交通设施,停车场,119.566155,39.923494,parking
poi_parking.csv,珠江花园停车场,交通设施,停车场,119.567169,39.924845,parking
poi_parking.csv,珠江花园专用停车场,交通设施,停车场,119.567173,39.924857,parking
poi_parking.csv,1984文化创意产业园区专用停车场,交通设施,停车场,119.554833,39.92981,parking
poi_parking.csv,锦江之星,交通设施,停车场,119.5567,39.930792,parking
poi_parking.csv,中医医院停车场,交通设施,停车场,119.556163,39.931497,parking
poi_parking.csv,锦江之星,交通设施,停车场,119.556562,39.930778,parking
poi_parking.csv,专用停车场,交通设施,停车场,119.567649,39.92509,parking
poi_parking.csv,专用停车场,交通设施,停车场,119.571771,39.923684,parking
poi_parking.csv,云天海湾专用停车场,交通设施,停车场,119.570777,39.9239,parking
poi_parking.csv,珠江花园专用停车场,交通设施,停车场,119.567311,39.926084,parking
poi_parking.csv,珠江花园停车场,交通设施,停车场,119.567388,39.926154,parking
poi_parking.csv,秦皇岛建设大厦停车场,交通设施,停车场,119.572625,39.929618,parking
poi_parking.csv,秦皇岛云天海湾假日酒店立体停车点,交通设施,停车场,119.570587,39.923927,parking
poi_parking.csv,秦皇岛云天海湾假日酒店立体停车场,交通设施,停车场,119.570623,39.923934,parking
poi_parking.csv,停车场,交通设施,停车场,119.57882,39.9268,parking
poi_parking.csv,专用停车场,交通设施,停车场,119.576789,39.925068,parking
poi_parking.csv,专用停车场,交通设施,停车场,119.578774,39.926146,parking
poi_parking.csv,专用停车场,交通设施,停车场,119.57744,39.925428,parking
poi_parking.csv,专用停车场,交通设施,停车场,119.577679,39.925493,parking
poi_parking.csv,玉龙湾专用停车场,交通设施,停车场,119.577709,39.926137,parking
poi_parking.csv,顺向准停,交通设施,停车场,119.575736,39.931381,parking
poi_parking.csv,朝北车库,交通设施,停车场,119.57968,39.935958,parking
poi_parking.csv,汤河铭筑专用停车场,交通设施,停车场,119.577817,39.934142,parking
poi_parking.csv,汤河铭筑停车场,交通设施,停车场,119.577796,39.934197,parking
poi_parking.csv,专用停车场,交通设施,停车场,119.571699,39.941585,parking
poi_parking.csv,专用停车场,交通设施,停车场,119.572992,39.936089,parking
poi_parking.csv,秦冶医院专用停车场,交通设施,停车场,119.573113,39.940533,parking
poi_parking.csv,专用停车场,交通设施,停车场,119.572421,39.940866,parking
poi_parking.csv,首府A区停车场,交通设施,停车场,119.570661,39.942117,parking
poi_parking.csv,秦冶医院停车场,交通设施,停车场,119.572981,39.940343,parking
poi_parking.csv,首府A区专用停车场,交通设施,停车场,119.570613,39.942125,parking
poi_parking.csv,专用停车场,交通设施,停车场,119.57484,39.945211,parking
poi_parking.csv,专用停车场,交通设施,停车场,119.575912,39.948139,parking
poi_parking.csv,世纪港湾地下专用停车场,交通设施,停车场,119.579677,39.946567,parking
poi_parking.csv,专用停车场,交通设施,停车场,119.57718,39.946757,parking
poi_parking.csv,秦皇岛文景商务酒店客房专用停车场,交通设施,停车场,119.576646,39.946812,parking
poi_parking.csv,文博城停车场,交通设施,停车场,119.57408,39.946981,parking
poi_parking.csv,停车场,交通设施,停车场,119.573713,39.94628,parking
poi_parking.csv,翠岛天成停车场,交通设施,停车场,119.579232,39.945902,parking
poi_parking.csv,温州大厦停车场,交通设施,停车场,119.574494,39.942811,parking
poi_parking.csv,世纪港湾地下停车场,交通设施,停车场,119.57945,39.94656,parking
poi_parking.csv,文景商务酒店停车点,交通设施,停车场,119.575976,39.947809,parking
poi_parking.csv,文景商务酒店停车点,交通设施,停车场,119.576664,39.946934,parking
poi_parking.csv,温州大厦停车场,交通设施,停车场,119.574442,39.942823,parking
poi_parking.csv,文景商务酒店地下停车点,交通设施,停车场,119.576662,39.946841,parking
poi_parking.csv,文景大厦停车场,交通设施,停车场,119.576638,39.946838,parking
poi_parking.csv,文博大厦停车场,交通设施,停车场,119.576604,39.946961,parking
poi_parking.csv,文博大厦停车场,交通设施,停车场,119.576086,39.947655,parking
poi_parking.csv,温州大厦地下停车场,交通设施,停车场,119.573674,39.943487,parking
poi_parking.csv,文博大厦地下停车场,交通设施,停车场,119.576544,39.946934,parking
poi_parking.csv,8号温泉会馆专用停车场,交通设施,停车场,119.577246,39.948269,parking
poi_parking.csv,文景商务酒店地下停车场,交通设施,停车场,119.576706,39.946864,parking
poi_parking.csv,文景商务酒店停车场,交通设施,停车场,119.575919,39.947796,parking
poi_parking.csv,专用停车场,交通设施,停车场,119.573755,39.94623,parking
poi_parking.csv,文博城专用停车场,交通设施,停车场,119.574094,39.946968000000005,parking
poi_parking.csv,文博城专用停车场,交通设施,停车场,119.576594,39.94534,parking
poi_parking.csv,专用停车场,交通设施,停车场,119.571956,39.948851000000005,parking
poi_parking.csv,专用停车场,交通设施,停车场,119.571056,39.948066,parking
poi_parking.csv,专用停车场,交通设施,停车场,119.573316,39.948041,parking
poi_parking.csv,秦皇岛图书馆停车场,交通设施,停车场,119.57314,39.947641,parking
poi_parking.csv,秦皇岛图书馆专用停车场,交通设施,停车场,119.573152,39.947796,parking
poi_parking.csv,秦皇岛文化艺术广场停车场,交通设施,停车场,119.572863,39.947591,parking
poi_parking.csv,碧水华庭专用停车场,交通设施,停车场,119.557291,39.940248,parking
poi_parking.csv,九号别墅专用停车场,交通设施,停车场,119.555072,39.936141,parking
poi_parking.csv,九号别墅停车场,交通设施,停车场,119.55495,39.936162,parking
poi_parking.csv,专用停车场,交通设施,停车场,119.562328,39.946645,parking
poi_parking.csv,专用停车场,交通设施,停车场,119.565972,39.947267,parking
poi_parking.csv,碧水华庭专用停车场,交通设施,停车场,119.556684,39.944074,parking
poi_parking.csv,碧水华庭俱乐部秦皇西大街店专用停车场,交通设施,停车场,119.558475,39.94466,parking
poi_parking.csv,俏江南碧水华庭俱乐部停车场,交通设施,停车场,119.558263,39.944609,parking
poi_parking.csv,专用停车场,交通设施,停车场,119.517432,39.898738,parking
poi_parking.csv,专用停车场,交通设施,停车场,119.517613,39.900143,parking
poi_parking.csv,半岛大厦停车场,交通设施,停车场,119.522413,39.903711,parking
poi_parking.csv,燕山大学里仁学院专用停车场,交通设施,停车场,119.520733,39.909736,parking
poi_parking.csv,紫城·秦皇半岛专用停车场,交通设施,停车场,119.517737,39.90638,parking
poi_parking.csv,紫城·秦皇半岛停车场,交通设施,停车场,119.518839,39.905574,parking
poi_parking.csv,专用停车场,交通设施,停车场,119.518739,39.913037,parking
poi_parking.csv,燕山大学里仁学院专用停车场,交通设施,停车场,119.521931,39.913584,parking
poi_parking.csv,专用停车场,交通设施,停车场,119.524868,39.92256,parking
poi_parking.csv,曦城花语四区专用停车场,交通设施,停车场,119.527146,39.920018000000006,parking
poi_parking.csv,曦城花语停车场,交通设施,停车场,119.527178,39.922254,parking
poi_parking.csv,曦城花语专用停车场,交通设施,停车场,119.52704,39.92231700000001,parking
poi_parking.csv,曦城花语专用停车场,交通设施,停车场,119.524955,39.920289,parking
poi_parking.csv,专用停车场,交通设施,停车场,119.505489,39.914876,parking
poi_parking.csv,秦皇岛华润橡树湾专用停车场,交通设施,停车场,119.506936,39.914882,parking
poi_parking.csv,橡树湾停车场,交通设施,停车场,119.506883,39.91484,parking
poi_parking.csv,润方·南岭国际三区专用停车场,交通设施,停车场,119.5069,39.914862,parking
poi_parking.csv,停车场,交通设施,停车场,119.507956,39.911958,parking
poi_parking.csv,公富庄便民市场停车场,交通设施,停车场,119.510305,39.912482,parking
poi_parking.csv,芳佳花卉停车场,交通设施,停车场,119.509196,39.911686,parking
poi_parking.csv,芳佳花卉停车场,交通设施,停车场,119.509679,39.912105,parking
poi_parking.csv,芳佳花卉停车场,交通设施,停车场,119.50984,39.912288,parking
poi_parking.csv,专用停车场,交通设施,停车场,119.514996,39.916109,parking
poi_parking.csv,学府嘉园专用停车场,交通设施,停车场,119.511633,39.918347,parking
poi_parking.csv,明日星城停车场,交通设施,停车场,119.511539,39.921936,parking
poi_parking.csv,万发大儒世家专用停车场,交通设施,停车场,119.513103,39.920113,parking
poi_parking.csv,专用停车场,交通设施,停车场,119.53351,39.898247000000005,parking
poi_parking.csv,海景湾停车场,交通设施,停车场,119.53608,39.898745,parking
poi_parking.csv,英庄李家商务酒店停车点,交通设施,停车场,119.531793,39.898268,parking
poi_parking.csv,全季酒店,交通设施,停车场,119.534578,39.898548,parking
poi_parking.csv,全季酒店,交通设施,停车场,119.535194,39.899065,parking
poi_parking.csv,专用停车场,交通设施,停车场,119.541544,39.902284,parking
poi_parking.csv,燕山大学东校区停车场,交通设施,停车场,119.540512,39.90258,parking
poi_parking.csv,燕山大学专用停车场,交通设施,停车场,119.536268,39.905095,parking
poi_parking.csv,燕山大学东校区停车场,交通设施,停车场,119.538054,39.909565,parking
poi_parking.csv,海碧台·巢专用停车场,交通设施,停车场,119.546476,39.897728,parking
poi_parking.csv,秦皇岛滨海专用停车场,交通设施,停车场,119.554807,39.902107,parking
poi_parking.csv,金梦海湾海滩停车场,交通设施,停车场,119.554362,39.901346,parking
poi_parking.csv,专用停车场,交通设施,停车场,119.548631,39.909161,parking
poi_parking.csv,奥林匹克体育中心停车场,交通设施,停车场,119.551106,39.905406,parking
poi_parking.csv,格林豪泰快捷酒店停车场,交通设施,停车场,119.548692,39.906084,parking
poi_parking.csv,奥林匹克体育中心专用停车场,交通设施,停车场,119.551045,39.905374,parking
poi_parking.csv,金舍·博贤院专用停车场,交通设施,停车场,119.543697,39.912809,parking
poi_parking.csv,倪庄新村专用停车场,交通设施,停车场,119.542352,39.916489,parking
poi_parking.csv,金舍·博贤院停车场,交通设施,停车场,119.543607,39.912837,parking
poi_parking.csv,燕山大学停车场,交通设施,停车场,119.543849,39.91168,parking
poi_parking.csv,河北科技师范学院停车场,交通设施,停车场,119.545192,39.913122,parking
poi_parking.csv,市场专用停车场,交通设施,停车场,119.54994,39.91574,parking
poi_parking.csv,海悦公馆停车场,交通设施,停车场,119.551824,39.914681,parking
poi_parking.csv,收费专用停车场,交通设施,停车场,119.549694,39.915676,parking
poi_parking.csv,海悦公馆停车场,交通设施,停车场,119.553411,39.913686,parking
poi_parking.csv,河北科技师范学院停车场,交通设施,停车场,119.551223,39.910406,parking
poi_parking.csv,专用停车场,交通设施,停车场,119.553188,39.920555,parking
poi_parking.csv,海怡学府专用停车场,交通设施,停车场,119.553919,39.919564,parking
poi_parking.csv,西岭润园小区专用停车场,交通设施,停车场,119.550942,39.916843,parking
poi_parking.csv,东北大学秦皇岛分校停车场,交通设施,停车场,119.552499,39.92098,parking
poi_parking.csv,锦江公园专用停车场,交通设施,停车场,119.542923,39.921452,parking
poi_parking.csv,御品星城专用停车场,交通设施,停车场,119.546822,39.917206,parking
poi_parking.csv,新交警指挥中心大楼停车场,交通设施,停车场,119.544032,39.919517000000006,parking
poi_parking.csv,新交警指挥中心大楼停车场,交通设施,停车场,119.544234,39.91857,parking
poi_parking.csv,新交警指挥中心大楼地下停车场,交通设施,停车场,119.544613,39.918538,parking
poi_parking.csv,新交警指挥中心大楼专用停车场,交通设施,停车场,119.544521,39.918871,parking
poi_parking.csv,新交警指挥中心大楼地下专用停车场,交通设施,停车场,119.544686,39.918541,parking
poi_parking.csv,里维埃拉竹海专用停车场,交通设施,停车场,119.535335,39.915906,parking
poi_parking.csv,专用停车场,交通设施,停车场,119.531426,39.912961,parking
poi_parking.csv,专用停车场,交通设施,停车场,119.534152,39.913049,parking
poi_parking.csv,里维埃拉竹海停车场,交通设施,停车场,119.531458,39.915582,parking
poi_parking.csv,燕山大学西校区停车场,交通设施,停车场,119.535796,39.91099,parking
poi_parking.csv,里维埃拉竹海专用停车场,交通设施,停车场,119.531767,39.91319,parking
poi_parking.csv,专用停车场,交通设施,停车场,119.538872,39.91121,parking
poi_parking.csv,倪庄新村停车场,交通设施,停车场,119.542249,39.916643,parking
poi_parking.csv,专用停车场,交通设施,停车场,119.538745,39.916966,parking
poi_parking.csv,专用停车场,交通设施,停车场,119.5393,39.922617,parking
poi_parking.csv,鸣岐酒店停车场,交通设施,停车场,119.539547,39.919153,parking
poi_parking.csv,宝佳花园停车场,交通设施,停车场,119.539268,39.922675000000005,parking
poi_parking.csv,宝佳花园停车场,交通设施,停车场,119.538221,39.922527,parking
poi_parking.csv,宝佳花园停车场,交通设施,停车场,119.538232,39.92244,parking
poi_parking.csv,天成锦江苑专用停车场,交通设施,停车场,119.538139,39.917969,parking
poi_parking.csv,友谊医院停车场,交通设施,停车场,119.541898,39.925318,parking
poi_parking.csv,专用停车场,交通设施,停车场,119.540128,39.930588,parking
poi_parking.csv,秦皇新天地地下专用停车场,交通设施,停车场,119.540641,39.935264,parking
poi_parking.csv,秦皇新天地南侧专用停车场,交通设施,停车场,119.540494,39.935879,parking
poi_parking.csv,家惠购物中心停车场,交通设施,停车场,119.539611,39.930673,parking
poi_parking.csv,秦皇新天地南侧停车场,交通设施,停车场,119.540386,39.935802,parking
poi_parking.csv,秦皇新天地地下专用停车场,交通设施,停车场,119.540602,39.935314000000005,parking
poi_parking.csv,秦皇新天地地下专用停车场,交通设施,停车场,119.540127,39.93558,parking
poi_parking.csv,家惠购物广场停车场,交通设施,停车场,119.539618,39.930703,parking
poi_parking.csv,泰和家园专用停车场,交通设施,停车场,119.541507,39.930876,parking
poi_parking.csv,专用停车场,交通设施,停车场,119.530042,39.935219,parking
poi_parking.csv,专用停车场,交通设施,停车场,119.530902,39.935205,parking
poi_parking.csv,大秦世家停车场,交通设施,停车场,119.534923,39.930843,parking
poi_parking.csv,停车场,交通设施,停车场,119.531193,39.935791,parking
poi_parking.csv,秦皇岛经济技术开发区体育中心停车场,交通设施,停车场,119.533312,39.935167,parking
poi_parking.csv,秦皇岛经济技术开发区体育中心地下停车场,交通设施,停车场,119.533538,39.935201,parking
poi_parking.csv,秦皇岛经济技术开发区体育中心地下停车场,交通设施,停车场,119.534376,39.93534,parking
poi_parking.csv,开发区金融保险商务楼停车场,交通设施,停车场,119.531083,39.935733,parking
poi_parking.csv,东北大学秦皇岛分校停车场,交通设施,停车场,119.547687,39.925586,parking
poi_parking.csv,专用停车场,交通设施,停车场,119.552713,39.927608,parking
poi_parking.csv,专用停车场,交通设施,停车场,119.552981,39.925742,parking
poi_parking.csv,东北大学秦皇岛分校专用停车场,交通设施,停车场,119.549074,39.925248,parking
poi_parking.csv,专用停车场,交通设施,停车场,119.551606,39.93229,parking
poi_parking.csv,专用停车场,交通设施,停车场,119.550422,39.931694,parking
poi_parking.csv,专用停车场,交通设施,停车场,119.552893,39.932142,parking
poi_parking.csv,秦海医院停车场,交通设施,停车场,119.550596,39.931458,parking
poi_parking.csv,仁和大厦停车场,交通设施,停车场,119.550357,39.931753,parking
poi_parking.csv,秦皇岛北方机动车配件交易城专用停车场,交通设施,停车场,119.551893,39.933301,parking
poi_parking.csv,泰和家园专用停车场,交通设施,停车场,119.543102,39.933448000000006,parking
poi_parking.csv,专用停车场,交通设施,停车场,119.543369,39.931177,parking
poi_parking.csv,泰和家园专用停车场,交通设施,停车场,119.543602,39.932101,parking
poi_parking.csv,泰和家园专用停车场,交通设施,停车场,119.543385,39.932697000000005,parking
poi_parking.csv,专用停车场,交通设施,停车场,119.544562,39.931352,parking
poi_parking.csv,金财大厦西侧停车场,交通设施,停车场,119.545284,39.93497,parking
poi_parking.csv,金财大厦东侧停车场,交通设施,停车场,119.545267,39.934939,parking
poi_parking.csv,财政局专用停车场,交通设施,停车场,119.544996,39.935047,parking
poi_parking.csv,泰和家园停车场,交通设施,停车场,119.543193,39.933475,parking
poi_parking.csv,专用停车场,交通设施,停车场,119.547099,39.938797,parking
poi_parking.csv,银通大厦停车场,交通设施,停车场,119.545836,39.937757,parking
poi_parking.csv,居然之家秦皇岛华山北店停车场,交通设施,停车场,119.546316,39.942485,parking
poi_parking.csv,居然之家秦皇岛华山北店地下停车场,交通设施,停车场,119.544605,39.9415,parking
poi_parking.csv,海盈大厦停车场,交通设施,停车场,119.552094,39.937638,parking
poi_parking.csv,海盈企业管理咨询秦皇岛有限责任公司停车场,交通设施,停车场,119.552063,39.937665,parking
poi_parking.csv,农业局专用停车场,交通设施,停车场,119.551623,39.94328,parking
poi_parking.csv,秦皇植物园停车场,交通设施,停车场,119.551831,39.948739,parking
poi_parking.csv,秦皇岛蒙羴鲜酒店停车场,交通设施,停车场,119.551864,39.947318,parking
poi_parking.csv,居然之家秦皇岛华山北店专用停车场,交通设施,停车场,119.545515,39.943142,parking
poi_parking.csv,居然之家秦皇岛华山北店地下专用停车场,交通设施,停车场,119.544128,39.942598,parking
poi_parking.csv,碧景华庭停车场,交通设施,停车场,119.546594,39.942868,parking
poi_parking.csv,碧景华庭停车场,交通设施,停车场,119.546422,39.943704,parking
poi_parking.csv,居然之家秦皇岛华山北店停车场,交通设施,停车场,119.54606,39.943153,parking
poi_parking.csv,居然之家秦皇岛华山北店地下停车场,交通设施,停车场,119.544121,39.942618,parking
poi_parking.csv,碧景华庭专用停车场,交通设施,停车场,119.546609,39.942737,parking
poi_parking.csv,专用停车场,交通设施,停车场,119.522207,39.924769000000005,parking
poi_parking.csv,专用停车场,交通设施,停车场,119.520901,39.926929,parking
poi_parking.csv,专用停车场,交通设施,停车场,119.523333,39.923396,parking
poi_parking.csv,秦皇岛广顺大酒店南侧停车场,交通设施,停车场,119.523443,39.929302,parking
poi_parking.csv,专用停车场,交通设施,停车场,119.525928,39.924951,parking
poi_parking.csv,专用停车场,交通设施,停车场,119.528171,39.925157,parking
poi_parking.csv,巴里岛假日酒店停车点,交通设施,停车场,119.526214,39.925867,parking
poi_parking.csv,巴里岛假日酒店停车点,交通设施,停车场,119.526118,39.926922,parking
poi_parking.csv,巴里岛假日酒店停车场,交通设施,停车场,119.526023,39.925966,parking
poi_parking.csv,专用停车场,交通设施,停车场,119.519588,39.931031,parking
poi_parking.csv,专用停车场,交通设施,停车场,119.522596,39.930711,parking
poi_parking.csv,秦皇岛广顺大酒店北侧专用停车场,交通设施,停车场,119.523082,39.929867,parking
poi_parking.csv,专用停车场,交通设施,停车场,119.520789,39.933222,parking
poi_parking.csv,专用停车场,交通设施,停车场,119.745643,39.987735,parking
poi_parking.csv,左岸香颂专用停车场,交通设施,停车场,119.744831,39.993437,parking
poi_parking.csv,专用停车场,交通设施,停车场,119.752067,39.999435000000005,parking
poi_parking.csv,专用停车场,交通设施,停车场,119.752859,40.001501,parking
poi_parking.csv,福临门酒店东停车场,交通设施,停车场,119.752107,40.002801,parking
poi_parking.csv,福临门酒店西停车场,交通设施,停车场,119.751836,40.002709,parking
poi_parking.csv,山海关总兵府景区-停车场,交通设施,停车场,119.748992,40.006258,parking
poi_parking.csv,山海关古城景区专用停车场,交通设施,停车场,119.748727,40.006724,parking
poi_parking.csv,山海关总兵府景区专用停车场,交通设施,停车场,119.752351,40.008181,parking
poi_parking.csv,山海假日酒店停车场,交通设施,停车场,119.751264,40.007472,parking
poi_parking.csv,山海假日酒店专用停车场,交通设施,停车场,119.751639,40.007439,parking
poi_parking.csv,专用停车场,交通设施,停车场,119.747354,40.012642,parking
poi_parking.csv,东岸上城小区停车场,交通设施,停车场,119.770178,39.98033,parking
poi_parking.csv,专用停车场,交通设施,停车场,119.774648,39.979418,parking
poi_parking.csv,停车场,交通设施,停车场,119.774278,39.979415,parking
poi_parking.csv,专用停车场,交通设施,停车场,119.779054,39.979123,parking
poi_parking.csv,专用停车场,交通设施,停车场,119.773558,39.97933,parking
poi_parking.csv,OYO景文商务宾馆,交通设施,停车场,119.773951,39.983971,parking
poi_parking.csv,东岸上城小区专用停车场,交通设施,停车场,119.772525,39.981443,parking
poi_parking.csv,东岸上城小区停车场,交通设施,停车场,119.772549,39.981561,parking
poi_parking.csv,山海新城4号地下停车场,交通设施,停车场,119.770137,39.982285000000005,parking
poi_parking.csv,专用停车场,交通设施,停车场,119.774806,39.999081,parking
poi_parking.csv,工人医院职工专用停车场,交通设施,停车场,119.768399,39.996904,parking
poi_parking.csv,通用环球中铁山桥医院停车场,交通设施,停车场,119.762788,39.991397,parking
poi_parking.csv,兴华商城西侧专用停车场,交通设施,停车场,119.760999,40.000214,parking
poi_parking.csv,中铁山桥停车场,交通设施,停车场,119.762607,39.995403,parking
poi_parking.csv,山海关谊合宾馆,交通设施,停车场,119.761332,39.999594,parking
poi_parking.csv,兴华商城东侧停车场,交通设施,停车场,119.762588,40.000096,parking
poi_parking.csv,中铁山桥专用停车场,交通设施,停车场,119.76265,39.995209,parking
poi_parking.csv,工人医院停车场,交通设施,停车场,119.766708,39.996597,parking
poi_parking.csv,兴华商城西侧停车场,交通设施,停车场,119.76111,39.999719,parking
poi_parking.csv,工人医院专用停车场,交通设施,停车场,119.766375,39.996366,parking
poi_parking.csv,山海关谊合宾馆,交通设施,停车场,119.761344,39.999634,parking
poi_parking.csv,专用停车场,交通设施,停车场,119.815953,39.990163,parking
poi_parking.csv,专用停车场,交通设施,停车场,119.815232,39.990121,parking
poi_parking.csv,专用停车场,交通设施,停车场,119.815502,40.000049,parking
poi_parking.csv,中油宝世顺钢管有限责任公司员工家园停车场,交通设施,停车场,119.814261,39.999491,parking
poi_parking.csv,开发区第二医院停车场,交通设施,停车场,119.810887,39.994326,parking
poi_parking.csv,山海关古城景区专用停车场,交通设施,停车场,119.764071,40.010338,parking
poi_parking.csv,山海关景区天下第一关景区停车场,交通设施,停车场,119.765077,40.008826,parking
poi_parking.csv,东罗城专用停车场,交通设施,停车场,119.766301,40.00769,parking
poi_parking.csv,许昌经济技术开发区管理委员会专用停车场,交通设施,停车场,119.766347,40.007655,parking
poi_parking.csv,专用停车场,交通设施,停车场,119.758672,40.009396,parking
poi_parking.csv,山海关总兵府景区A区专用停车场,交通设施,停车场,119.754852,40.008741,parking
poi_parking.csv,山海关景区-专用停车场B区,交通设施,停车场,119.754621,40.0089,parking
poi_parking.csv,山海关站专用停车场,交通设施,停车场,119.767053,40.001305,parking
poi_parking.csv,专用停车场,交通设施,停车场,119.768086,40.006762,parking
poi_parking.csv,天下第一关专用停车场,交通设施,停车场,119.768396,40.008392,parking
poi_parking.csv,万鸿宾馆专用停车场,交通设施,停车场,119.770389,40.007484,parking
poi_parking.csv,植物园专用停车场,交通设施,停车场,119.552043,39.95003,parking
poi_parking.csv,专用停车场,交通设施,停车场,119.546176,39.958645,parking
poi_parking.csv,专用停车场,交通设施,停车场,119.529178,40.017882,parking
poi_parking.csv,专用停车场,交通设施,停车场,119.529054,40.018999,parking
poi_parking.csv,秦皇岛蓝图宾馆停车场,交通设施,停车场,119.529182,40.018137,parking
poi_parking.csv,蓝图鑫苑商业大厦停车场,交通设施,停车场,119.529087,40.019294,parking
poi_parking.csv,盛达鑫苑东区停车场,交通设施,停车场,119.570939,39.958604,parking
poi_parking.csv,盛达鑫苑东区停车场,交通设施,停车场,119.570208,39.958323,parking
poi_parking.csv,专用停车场,交通设施,停车场,119.586148,39.960597,parking
poi_parking.csv,专用停车场,交通设施,停车场,119.586408,39.957154,parking
poi_parking.csv,专用停车场,交通设施,停车场,119.586173,39.956037,parking
poi_parking.csv,停车场,交通设施,停车场,119.586543,39.95832,parking
poi_parking.csv,停车场,交通设施,停车场,119.591997,39.961399,parking
poi_parking.csv,金色未来商厦停车场,交通设施,停车场,119.586107,39.957761000000005,parking
poi_parking.csv,专用停车场,交通设施,停车场,119.585686,39.961465,parking
poi_parking.csv,专用停车场,交通设施,停车场,119.585654,39.96146400000001,parking
poi_parking.csv,专用停车场,交通设施,停车场,119.583551,39.958002,parking
poi_parking.csv,秦皇岛军工医院停车场,交通设施,停车场,119.580562,39.956543,parking
poi_parking.csv,金色未来商厦专用停车场,交通设施,停车场,119.585204,39.95797,parking
poi_parking.csv,石化大厦停车场,交通设施,停车场,119.600906,39.951886,parking
poi_parking.csv,国瑞锦院停车场,交通设施,停车场,119.60135,39.949735,parking
poi_parking.csv,资源环境大厦停车场,交通设施,停车场,119.604231,39.954308,parking
poi_parking.csv,专用停车场,交通设施,停车场,119.599498,39.96117,parking
poi_parking.csv,停车场,交通设施,停车场,119.599559,39.961581,parking
poi_parking.csv,达润御园停车场,交通设施,停车场,119.603315,39.961478,parking
poi_parking.csv,达润御园专用停车场,交通设施,停车场,119.603523,39.961547,parking
poi_parking.csv,专用停车场,交通设施,停车场,119.592234,39.961103,parking
poi_parking.csv,专用停车场,交通设施,停车场,119.592669,39.956799,parking
poi_parking.csv,专用停车场,交通设施,停车场,119.593357,39.960879,parking
poi_parking.csv,时代逸城专用停车场,交通设施,停车场,119.598061,39.961189,parking
poi_parking.csv,天洋新城停车场,交通设施,停车场,119.593479,39.958868,parking
poi_parking.csv,羊城酒店停车场,交通设施,停车场,119.592763,39.959884,parking
poi_parking.csv,秦新悦蓝山公寓停车场,交通设施,停车场,119.593602,39.956222,parking
poi_parking.csv,秦皇岛日报社专用停车场,交通设施,停车场,119.592792,39.955889,parking
poi_parking.csv,铁道大厦停车场,交通设施,停车场,119.592417,39.959154,parking
poi_parking.csv,报业大厦停车场,交通设施,停车场,119.59274,39.956505,parking
poi_parking.csv,秦新悦蓝山公寓专用停车场,交通设施,停车场,119.593807,39.956438000000006,parking
poi_parking.csv,达润时代逸城停车场,交通设施,停车场,119.598058,39.961222,parking
poi_parking.csv,金属大厦西侧停车场,交通设施,停车场,119.593728,39.955627,parking
poi_parking.csv,金属大厦东侧停车场,交通设施,停车场,119.593706,39.955535,parking
poi_parking.csv,羊城酒店专用停车场,交通设施,停车场,119.592758,39.959863,parking
poi_parking.csv,铁道大厦专用停车场,交通设施,停车场,119.592306,39.958979,parking
poi_parking.csv,报业大厦专用停车场,交通设施,停车场,119.592837,39.956192,parking
poi_parking.csv,天洋新城专用停车场,交通设施,停车场,119.59439,39.959042,parking
poi_parking.csv,天洋新城专用停车场,交通设施,停车场,119.593608,39.958868,parking
poi_parking.csv,天洋新城专用停车场,交通设施,停车场,119.59519,39.959166,parking
poi_parking.csv,秦皇岛站站前广场专用停车场,交通设施,停车场,119.592608,39.964914,parking
poi_parking.csv,秦皇岛站铁路专用停车场,交通设施,停车场,119.593989,39.964954,parking
poi_parking.csv,专用停车场,交通设施,停车场,119.604122,39.961867,parking
poi_parking.csv,时代逸城专用停车场,交通设施,停车场,119.603087,39.961732,parking
poi_parking.csv,专用停车场,交通设施,停车场,119.604581,39.973271,parking
poi_parking.csv,停车场,交通设施,停车场,119.604548,39.974329,parking
poi_parking.csv,停车场,交通设施,停车场,119.585381,39.963393,parking
poi_parking.csv,玉峰北里停车场,交通设施,停车场,119.584273,39.962238,parking
poi_parking.csv,专用停车场,交通设施,停车场,119.587078,39.963504,parking
poi_parking.csv,专用停车场,交通设施,停车场,119.586162,39.963117,parking
poi_parking.csv,秦皇岛站站前广场停车场,交通设施,停车场,119.590882,39.964486,parking
poi_parking.csv,专用停车场,交通设施,停车场,119.581177,39.973814,parking
poi_parking.csv,和美小区西区停车场,交通设施,停车场,119.580725,39.973814,parking
poi_parking.csv,龙溪御园停车场,交通设施,停车场,119.583379,39.972188,parking
poi_parking.csv,专用停车场,交通设施,停车场,119.610616,39.954314,parking
poi_parking.csv,秦皇岛玻璃工业研究设计院有限责任公司停车场,交通设施,停车场,119.607658,39.954524,parking
poi_parking.csv,供水大厦停车场,交通设施,停车场,119.606898,39.953925000000005,parking
poi_parking.csv,金域大厦停车场,交通设施,停车场,119.606813,39.952994,parking
poi_parking.csv,金域大厦地下停车场,交通设施,停车场,119.606915,39.952865,parking
poi_parking.csv,资源环境大厦停车场,交通设施,停车场,119.604887,39.954366,parking
poi_parking.csv,秦皇岛玻璃工业研究设计院有限公司停车场,交通设施,停车场,119.607753,39.954429,parking
poi_parking.csv,专用停车场,交通设施,停车场,119.614622,39.961372,parking
poi_parking.csv,专用停车场,交通设施,停车场,119.614268,39.959226,parking
poi_parking.csv,专用停车场,交通设施,停车场,119.614812,39.956244000000005,parking
poi_parking.csv,河北城区新车场,交通设施,停车场,119.615011,39.955725,parking
poi_parking.csv,紫金嘉府二区专用停车场,交通设施,停车场,119.614174,39.960091,parking
poi_parking.csv,专用停车场,交通设施,停车场,119.606433,39.961329,parking
poi_parking.csv,专用停车场,交通设施,停车场,119.606468,39.9603,parking
poi_parking.csv,专用停车场,交通设施,停车场,119.606151,39.9596,parking
poi_parking.csv,中煤大厦停车场,交通设施,停车场,119.606209,39.956863,parking
poi_parking.csv,人民检察院停车场,交通设施,停车场,119.606561,39.961635,parking
poi_parking.csv,中煤大厦专用停车场,交通设施,停车场,119.606136,39.956699,parking
poi_parking.csv,世极城堡专用停车场,交通设施,停车场,119.627965,39.956523,parking
poi_parking.csv,彩龙国际商贸广场,交通设施,停车场,119.619906,39.966367,parking
poi_parking.csv,彩龙国际商业广场,交通设施,停车场,119.62466,39.968022000000005,parking
poi_parking.csv,中信渤海铝业控股有限责任公司地面停车场,交通设施,停车场,119.629626,39.963378,parking
poi_parking.csv,专用停车场,交通设施,停车场,119.62678,39.968154,parking
poi_parking.csv,秦皇岛义乌小商品城专用停车场,交通设施,停车场,119.627995,39.970901000000005,parking
poi_parking.csv,彩龙国际商贸广场,交通设施,停车场,119.624615,39.968179,parking
poi_parking.csv,麗枫酒店秦皇岛火车站店停车点,交通设施,停车场,119.628783,39.9688,parking
poi_parking.csv,世极城堡专用停车场,交通设施,停车场,119.633743,39.954645,parking
poi_parking.csv,专用停车场,交通设施,停车场,119.635664,39.953094,parking
poi_parking.csv,停车场,交通设施,停车场,119.635695,39.95387,parking
poi_parking.csv,东盛世家专用停车场,交通设施,停车场,119.635422,39.952756,parking
poi_parking.csv,华联购物中心,交通设施,停车场,119.636935,39.954544000000006,parking
poi_parking.csv,世极城堡专用停车场,交通设施,停车场,119.629728,39.957652,parking
poi_parking.csv,专用停车场,交通设施,停车场,119.641255,39.972548,parking
poi_parking.csv,专用停车场,交通设施,停车场,119.638472,39.97104,parking
poi_parking.csv,专用停车场,交通设施,停车场,119.641883,39.972919,parking
poi_parking.csv,专用停车场,交通设施,停车场,119.640316,39.971817,parking
poi_parking.csv,专用停车场,交通设施,停车场,119.641686,39.972147,parking
poi_parking.csv,专用停车场,交通设施,停车场,119.629824,39.96868,parking
poi_parking.csv,专用停车场,交通设施,停车场,119.630722,39.971797,parking
poi_parking.csv,秦皇岛义乌古玩城专用停车场,交通设施,停车场,119.631971,39.969647,parking
poi_parking.csv,秦皇岛义乌古玩城停车场,交通设施,停车场,119.632258,39.969646,parking
poi_parking.csv,秦皇岛义乌古玩城停车场,交通设施,停车场,119.631017,39.969204000000005,parking
poi_parking.csv,秦皇岛义乌古玩城停车场,交通设施,停车场,119.63114,39.969245,parking
poi_parking.csv,专用停车场,交通设施,停车场,119.237528,39.877267,parking
poi_parking.csv,专用停车场,交通设施,停车场,119.238572,39.882712,parking
poi_parking.csv,人民医院专用停车场,交通设施,停车场,119.238077,39.881142,parking
poi_parking.csv,地上专用停车场,交通设施,停车场,119.238358,39.883004,parking
poi_parking.csv,专用停车场,交通设施,停车场,119.238429,39.881336000000005,parking
poi_parking.csv,专用停车场,交通设施,停车场,119.247285,39.875513,parking
poi_parking.csv,专用停车场,交通设施,停车场,119.247202,39.877505,parking
poi_parking.csv,专用停车场,交通设施,停车场,119.247505,39.87808,parking
poi_parking.csv,专用停车场,交通设施,停车场,119.246692,39.87581599999999,parking
poi_parking.csv,人民政府政务服务运营中心停车场,交通设施,停车场,119.247034,39.876925,parking
poi_parking.csv,专用停车场,交通设施,停车场,119.250152,39.874532,parking
poi_parking.csv,专用停车场,交通设施,停车场,119.2512,39.874428,parking
poi_parking.csv,专用停车场,交通设施,停车场,119.249835,39.880047,parking
poi_parking.csv,华达国际停车场,交通设施,停车场,119.251342,39.880036,parking
poi_parking.csv,东购商场停车场,交通设施,停车场,119.249284,39.880183,parking
poi_parking.csv,专用停车场,交通设施,停车场,119.246799,39.880352,parking
poi_parking.csv,招商大厦停车场,交通设施,停车场,119.247367,39.880139,parking
poi_parking.csv,招商大厦停车场,交通设施,停车场,119.247329,39.880599,parking
poi_parking.csv,国土大厦停车场,交通设施,停车场,119.24848,39.879885,parking
poi_parking.csv,国土大厦停车场,交通设施,停车场,119.247702,39.879448,parking
poi_parking.csv,专用停车场,交通设施,停车场,119.246462,39.885333,parking
poi_parking.csv,专用停车场,交通设施,停车场,119.247854,39.887997,parking
poi_parking.csv,专用停车场,交通设施,停车场,119.248139,39.890954,parking
poi_parking.csv,专用停车场,交通设施,停车场,119.248552,39.890873,parking
poi_parking.csv,停车场,交通设施,停车场,119.248105,39.884881,parking
poi_parking.csv,抚宁创业大厦停车场,交通设施,停车场,119.247988,39.889230000000005,parking
poi_parking.csv,专用停车场,交通设施,停车场,119.251235,39.891363,parking
poi_parking.csv,专用停车场,交通设施,停车场,119.243112,39.894531,parking
poi_parking.csv,停车场,交通设施,停车场,119.245178,39.893693,parking
poi_parking.csv,停车场,交通设施,停车场,119.245461,39.893878,parking
poi_parking.csv,公安局专用停车场,交通设施,停车场,119.235671,39.890222,parking
poi_parking.csv,专用停车场,交通设施,停车场,119.240149,39.88533,parking
poi_parking.csv,专用停车场,交通设施,停车场,119.238495,39.884773,parking
poi_parking.csv,专用停车场,交通设施,停车场,119.238575,39.890756,parking
poi_parking.csv,专用停车场,交通设施,停车场,119.24151,39.885224,parking
poi_parking.csv,专用停车场,交通设施,停车场,119.242085,39.889747,parking
poi_parking.csv,专用停车场,交通设施,停车场,119.238344,39.89246,parking
poi_parking.csv,专用停车场,交通设施,停车场,119.238355,39.895216000000005,parking
poi_parking.csv,专用停车场,交通设施,停车场,119.422647,39.78328500000001,parking
poi_parking.csv,老兵真人CS野战营专用停车场,交通设施,停车场,119.423454,39.788006,parking
poi_parking.csv,小专用停车场,交通设施,停车场,119.421879,39.784327000000005,parking
poi_parking.csv,专用停车场,交通设施,停车场,119.421507,39.78424,parking
poi_parking.csv,专用停车场,交通设施,停车场,119.425821,39.790789,parking
poi_parking.csv,专用停车场,交通设施,停车场,119.426145,39.788798,parking
poi_parking.csv,南戴河海湾宾馆-小车专用停车场,交通设施,停车场,119.426911,39.792052,parking
poi_parking.csv,专用停车场,交通设施,停车场,119.426041,39.789673,parking
poi_parking.csv,天马浴场专用停车场,交通设施,停车场,119.426773,39.793688,parking
poi_parking.csv,南娱通勤车-专用专用停车场,交通设施,停车场,119.424401,39.79307,parking
poi_parking.csv,专用停车场,交通设施,停车场,119.425857,39.790279,parking
poi_parking.csv,秦顺宾馆,交通设施,停车场,119.426071,39.789035000000005,parking
poi_parking.csv,南戴河国检宾馆停车场,交通设施,停车场,119.429355,39.794508,parking
poi_parking.csv,南戴河海景主题诚成酒店停车场,交通设施,停车场,119.425897,39.790244,parking
poi_parking.csv,南戴河岭澜海景公寓酒店停车场,交通设施,停车场,119.428247,39.793247,parking
poi_parking.csv,南戴河海景主题诚成酒店专用停车场,交通设施,停车场,119.426346,39.790302,parking
poi_parking.csv,金太阳海鲜城专用停车场,交通设施,停车场,119.419955,39.794779000000005,parking
poi_parking.csv,专用停车场,交通设施,停车场,119.421959,39.793533,parking
poi_parking.csv,临海听涛公寓专用停车场,交通设施,停车场,119.417894,39.791847,parking
poi_parking.csv,非常海渡假公寓专用停车场,交通设施,停车场,119.421378,39.791942,parking
poi_parking.csv,专用停车场,交通设施,停车场,119.410112,39.800149000000005,parking
poi_parking.csv,专用停车场,交通设施,停车场,119.414433,39.801995000000005,parking
poi_parking.csv,倚海45度度假公寓停车场,交通设施,停车场,119.42274,39.795797,parking
poi_parking.csv,倚海45度度假公寓专用停车场,交通设施,停车场,119.421885,39.795492,parking
poi_parking.csv,喜多多假日酒店专用停车场,交通设施,停车场,119.427162,39.798363,parking
poi_parking.csv,发改委秦皇岛培训基地专用停车场,交通设施,停车场,119.428837,39.799431,parking
poi_parking.csv,汉庭酒店,交通设施,停车场,119.426328,39.79765,parking
poi_parking.csv,汉庭酒店,交通设施,停车场,119.42625,39.797661000000005,parking
poi_parking.csv,专用停车场,交通设施,停车场,119.422897,39.851323,parking
poi_parking.csv,北戴河站职工专用停车场,交通设施,停车场,119.418944,39.849617,parking
poi_parking.csv,北戴河站停车场,交通设施,停车场,119.422522,39.851768,parking
poi_parking.csv,北戴河站职工停车场,交通设施,停车场,119.419567,39.849687,parking
poi_parking.csv,专用停车场,交通设施,停车场,119.426868,39.851263,parking
poi_parking.csv,专用停车场,交通设施,停车场,118.948258,40.404052,parking
poi_parking.csv,专用停车场,交通设施,停车场,118.948598,40.402416,parking
poi_parking.csv,专用停车场,交通设施,停车场,118.948523,40.402941,parking
poi_parking.csv,停车场,交通设施,停车场,118.949109,40.401954,parking
poi_parking.csv,家乐家购物中心停车场,交通设施,停车场,118.948629,40.403645,parking
poi_parking.csv,家乐家购物广场停车场,交通设施,停车场,118.948901,40.404286,parking
poi_parking.csv,家乐家购物广场停车场,交通设施,停车场,118.949525,40.404274,parking
poi_parking.csv,八方购物专用停车场,交通设施,停车场,118.951752,40.40446,parking
poi_parking.csv,专用停车场,交通设施,停车场,118.95208,40.404494,parking
poi_parking.csv,八方购物停车场,交通设施,停车场,118.95181,40.404491,parking
poi_parking.csv,停车场,交通设施,停车场,118.949429,40.404551000000005,parking
poi_parking.csv,家惠超市,交通设施,停车场,118.951316,40.4069,parking
poi_parking.csv,专用停车场,交通设施,停车场,118.941322,40.39972,parking
poi_parking.csv,中医院专用停车场,交通设施,停车场,118.967973,40.409378,parking
poi_parking.csv,专用停车场,交通设施,停车场,118.959059,40.401528,parking
poi_parking.csv,中医院停车场,交通设施,停车场,118.967775,40.409106,parking
poi_parking.csv,喜来喜商务宾馆专用停车场,交通设施,停车场,118.963395,40.404681,parking
poi_parking.csv,晟禾家居建材广场停车场,交通设施,停车场,119.156491,39.693922,parking
poi_parking.csv,晟禾家居建材广场停车场,交通设施,停车场,119.157135,39.69314,parking
poi_parking.csv,晟禾家居建材广场停车场,交通设施,停车场,119.1589,39.693393,parking
poi_parking.csv,专用停车场,交通设施,停车场,119.16049,39.697477,parking
poi_parking.csv,晟禾家居建材广场专用停车场,交通设施,停车场,119.159089,39.697426,parking
poi_parking.csv,晟禾家居建材广场停车场,交通设施,停车场,119.159659,39.697338,parking
poi_parking.csv,晟禾家居建材广场停车场,交通设施,停车场,119.159067,39.697381,parking
poi_parking.csv,晟禾家居建材广场停车场,交通设施,停车场,119.160246,39.696515000000005,parking
poi_parking.csv,晟禾家居建材广场停车场,交通设施,停车场,119.157893,39.697146,parking
poi_parking.csv,第二医院专用停车场,交通设施,停车场,119.169564,39.712109000000005,parking
poi_parking.csv,临时专用停车场,交通设施,停车场,119.170241,39.711889,parking
poi_parking.csv,救护车停车场,交通设施,停车场,119.169359,39.711996,parking
poi_parking.csv,停车场,交通设施,停车场,119.168437,39.713319,parking
poi_parking.csv,第二医院专用停车场,交通设施,停车场,119.169785,39.711685,parking
poi_parking.csv,第二医院停车场,交通设施,停车场,119.170255,39.7117,parking
poi_parking.csv,专用停车场,交通设施,停车场,119.173258,39.711914,parking
poi_parking.csv,第二医院专用停车场,交通设施,停车场,119.17202,39.711780000000005,parking
poi_parking.csv,昌黎联华商厦停车场,交通设施,停车场,119.162992,39.708103,parking
poi_parking.csv,专用停车场,交通设施,停车场,119.167175,39.706035,parking
poi_parking.csv,专用停车场,交通设施,停车场,119.167198,39.706033,parking
poi_parking.csv,专用停车场,交通设施,停车场,119.166677,39.708174,parking
poi_parking.csv,专用停车场,交通设施,停车场,119.166643,39.707234,parking
poi_parking.csv,停车场,交通设施,停车场,119.167282,39.706204,parking
poi_parking.csv,建安专用停车场,交通设施,停车场,119.167684,39.705464,parking
poi_parking.csv,停车场,交通设施,停车场,119.16754,39.705188,parking
poi_parking.csv,专用停车场,交通设施,停车场,119.166479,39.708915000000005,parking
poi_parking.csv,专用停车场,交通设施,停车场,119.162817,39.710158,parking
poi_parking.csv,停车场,交通设施,停车场,119.163097,39.708383000000005,parking
poi_parking.csv,专用停车场,交通设施,停车场,119.163302,39.710987,parking
poi_parking.csv,专用停车场,交通设施,停车场,119.163484,39.712433,parking
poi_parking.csv,专用停车场,交通设施,停车场,119.162029,39.713058,parking
poi_parking.csv,海钧天府专用停车场,交通设施,停车场,119.162627,39.711912000000005,parking
poi_parking.csv,海钧天府专用停车场,交通设施,停车场,119.162627,39.711911,parking
poi_parking.csv,海钧天府专用停车场,交通设施,停车场,119.162306,39.711787,parking
poi_parking.csv,海钧天府专用停车场,交通设施,停车场,119.162248,39.711778,parking
poi_parking.csv,专用停车场,交通设施,停车场,119.162356,39.71303,parking
poi_parking.csv,昌黎供销广场停车场,交通设施,停车场,119.164532,39.714198,parking
poi_parking.csv,富贵家园专用停车场,交通设施,停车场,119.164215,39.713229,parking
poi_parking.csv,专用停车场,交通设施,停车场,119.165138,39.712925,parking
poi_parking.csv,专用停车场,交通设施,停车场,119.166217,39.711658,parking
poi_parking.csv,民生广场专用停车场,交通设施,停车场,119.166804,39.714474,parking
poi_parking.csv,创业园专用停车场,交通设施,停车场,119.164682,39.714087,parking
poi_parking.csv,民生路-路侧停车场,交通设施,停车场,119.166141,39.713024,parking
poi_parking.csv,民生广场停车场,交通设施,停车场,119.166843,39.714355000000005,parking
poi_parking.csv,停车场,交通设施,停车场,119.161153,39.71258,parking
poi_parking.csv,星耀商业广场停车场,交通设施,停车场,119.158526,39.713268,parking
poi_parking.csv,星耀商业广场地下停车场,交通设施,停车场,119.16001,39.71224,parking
poi_parking.csv,兴龙广缘碣阳店停车场,交通设施,停车场,119.187281,39.718506,parking
poi_parking.csv,兴龙广缘碣阳店停车场,交通设施,停车场,119.188793,39.718107,parking
poi_parking.csv,秦皇岛昌黎长城医院停车场,交通设施,停车场,119.188087,39.719883,parking
poi_parking.csv,兴龙广缘碣阳店地下停车场,交通设施,停车场,119.188512,39.718269,parking
poi_parking.csv,兴龙广缘碣阳店地下专用停车场,交通设施,停车场,119.188388,39.718264000000005,parking
poi_parking.csv,秦皇岛昌黎长城医院专用停车场,交通设施,停车场,119.188216,39.719899000000005,parking
poi_parking.csv,专用停车场,交通设施,停车场,119.19226,39.718864,parking
poi_parking.csv,专用停车场,交通设施,停车场,119.191379,39.718225,parking
poi_parking.csv,市场购物临时专用停车场,交通设施,停车场,119.480835,39.822065,parking
poi_parking.csv,草厂村-中路专用停车场,交通设施,停车场,119.48086,39.821966,parking
poi_parking.csv,草厂中路便民市场停车场,交通设施,停车场,119.481763,39.822363,parking
poi_parking.csv,停车民宿酒店,交通设施,停车场,119.483091,39.821631,parking
poi_parking.csv,艾欣生活超市草厂店停车场,交通设施,停车场,119.485915,39.82209,parking
poi_parking.csv,专用停车场,交通设施,停车场,119.48404,39.82578,parking
poi_parking.csv,中国人民财产保险股份有限责任公司北戴河支公司停车场,交通设施,停车场,119.482704,39.826511,parking
poi_parking.csv,北戴河sala私人酒店停车场,交通设施,停车场,119.481819,39.828116,parking
poi_parking.csv,秦皇小区专用停车场,交通设施,停车场,119.612328,39.929664,parking
poi_parking.csv,专用停车场,交通设施,停车场,119.616665,39.932624,parking
poi_parking.csv,专用停车场,交通设施,停车场,119.616566,39.933345,parking
poi_parking.csv,专用停车场,交通设施,停车场,119.615471,39.933601,parking
poi_parking.csv,专用停车场,交通设施,停车场,119.615441,39.933289,parking
poi_parking.csv,家欣快捷宾馆专用停车场,交通设施,停车场,119.614813,39.934144,parking
poi_parking.csv,专用停车场,交通设施,停车场,119.612309,39.935063,parking
poi_parking.csv,人民政府专用停车场,交通设施,停车场,119.613016,39.934254,parking
poi_parking.csv,太阳城专用停车场,交通设施,停车场,119.608343,39.93101,parking
poi_parking.csv,大爱城专用停车场,交通设施,停车场,119.607992,39.931927,parking
poi_parking.csv,天乙商务大厦专用停车场,交通设施,停车场,119.607969,39.93204,parking
poi_parking.csv,太阳城专用停车场,交通设施,停车场,119.608287,39.930843,parking
poi_parking.csv,专用停车场,交通设施,停车场,119.609096,39.93058,parking
poi_parking.csv,秦皇小区专用停车场,交通设施,停车场,119.610823,39.930172,parking
poi_parking.csv,太阳城停车场,交通设施,停车场,119.608215,39.930917,parking
poi_parking.csv,大爱城停车场,交通设施,停车场,119.608096,39.931758,parking
poi_parking.csv,鸿祥大厦停车场,交通设施,停车场,119.608524,39.929786,parking
poi_parking.csv,天桥市场停车场,交通设施,停车场,119.608382,39.930483,parking
poi_parking.csv,天乙商务大厦停车场,交通设施,停车场,119.608112,39.931817,parking
poi_parking.csv,兴龙广缘生活广场停车场,交通设施,停车场,119.608281,39.931565,parking
poi_parking.csv,天桥市场停车场,交通设施,停车场,119.608461,39.930004,parking
poi_parking.csv,天洋电器壹号店专用停车场,交通设施,停车场,119.608611,39.933036,parking
poi_parking.csv,专用停车场,交通设施,停车场,119.609766,39.935355,parking
poi_parking.csv,专用停车场,交通设施,停车场,119.608067,39.933882,parking
poi_parking.csv,太阳城专用停车场,交通设施,停车场,119.608104,39.933522,parking
poi_parking.csv,住总商务大厦专用停车场,交通设施,停车场,119.608143,39.932903,parking
poi_parking.csv,天洋西厅专用停车场,交通设施,停车场,119.607955,39.932977,parking
poi_parking.csv,专用停车场,交通设施,停车场,119.607993,39.934333,parking
poi_parking.csv,天洋西厅停车场,交通设施,停车场,119.608116,39.933183,parking
poi_parking.csv,江东路步行街停车场,交通设施,停车场,119.607948,39.93382,parking
poi_parking.csv,秦新自由港停车场,交通设施,停车场,119.608487,39.935542,parking
poi_parking.csv,住总商务大厦停车场,交通设施,停车场,119.608083,39.933157,parking
poi_parking.csv,专用停车场,交通设施,停车场,119.607505,39.936407,parking
poi_parking.csv,兴龙国际城停车场,交通设施,停车场,119.607635,39.937853,parking
poi_parking.csv,缤塔咖啡专用停车场,交通设施,停车场,119.607706,39.938202,parking
poi_parking.csv,亨利商务楼停车场,交通设施,停车场,119.607872,39.936646,parking
poi_parking.csv,茂业百货地下专用停车场,交通设施,停车场,119.608908,39.937538,parking
poi_parking.csv,茂业百货专用停车场,交通设施,停车场,119.608364,39.937557,parking
poi_parking.csv,兴龙国际城专用停车场,交通设施,停车场,119.60792,39.937411,parking
poi_parking.csv,现代购物广场地下停车场,交通设施,停车场,119.608796,39.93741,parking
poi_parking.csv,茂业百货停车场,交通设施,停车场,119.608324,39.93737,parking
poi_parking.csv,茂业百货停车场,交通设施,停车场,119.608286,39.93805,parking
poi_parking.csv,现代购物广场停车场,交通设施,停车场,119.608297,39.938083,parking
poi_parking.csv,茂业百货地下停车场,交通设施,停车场,119.608863,39.937495,parking
poi_parking.csv,亨利商务中心停车场,交通设施,停车场,119.607945,39.936498,parking
poi_parking.csv,现代购物中心地下停车场,交通设施,停车场,119.608739,39.937449,parking
poi_parking.csv,赫敦山停车场,交通设施,停车场,119.610886,39.939619,parking
poi_parking.csv,专用停车场,交通设施,停车场,119.606643,39.940884,parking
poi_parking.csv,专用停车场,交通设施,停车场,119.605403,39.942088,parking
poi_parking.csv,停车场,交通设施,停车场,119.607217,39.941028,parking
poi_parking.csv,弘扬家居城停车场,交通设施,停车场,119.607041,39.940859,parking
poi_parking.csv,专用停车场,交通设施,停车场,119.616148,39.937236000000006,parking
poi_parking.csv,四季青小商品批发城停车场,交通设施,停车场,119.616338,39.93775,parking
poi_parking.csv,四季青小商品国际商贸城停车场,交通设施,停车场,119.616732,39.936785,parking
poi_parking.csv,四季青小商品国际商贸城停车场,交通设施,停车场,119.616224,39.937123,parking
poi_parking.csv,林业局专用停车场,交通设施,停车场,119.615911,39.937549,parking
poi_parking.csv,四季青小商品国际商贸城停车场,交通设施,停车场,119.616361,39.937459,parking
poi_parking.csv,四季城专用停车场,交通设施,停车场,119.616243,39.939677,parking
poi_parking.csv,四季青商务楼停车场,交通设施,停车场,119.616304,39.939345,parking
poi_parking.csv,人民政府政务服务运营中心人力资源和社会保障分中心停车场,交通设施,停车场,119.613913,39.942308,parking
poi_parking.csv,人力资源和社会保障局专用停车场,交通设施,停车场,119.613632,39.942285,parking
poi_parking.csv,海河大厦专用停车场,交通设施,停车场,119.615804,39.948113,parking
poi_parking.csv,专用停车场,交通设施,停车场,119.616133,39.948807,parking
poi_parking.csv,专用停车场,交通设施,停车场,119.615377,39.946535,parking
poi_parking.csv,亚鑫阁宾馆专用停车场,交通设施,停车场,119.615461,39.947465,parking
poi_parking.csv,东方红家宴停车场,交通设施,停车场,119.615045,39.945835,parking
poi_parking.csv,海河大厦停车场,交通设施,停车场,119.615834,39.948423,parking
poi_parking.csv,金海滩商务大厦停车场,交通设施,停车场,119.615419,39.948531,parking
poi_parking.csv,顺风肥牛专用停车场,交通设施,停车场,119.613572,39.948784,parking
poi_parking.csv,广华大厦南专用停车场,交通设施,停车场,119.613384,39.948898,parking
poi_parking.csv,亚泰地下停车场,交通设施,停车场,119.606623,39.945039,parking
poi_parking.csv,聚贤大厦停车场,交通设施,停车场,119.607105,39.945071,parking
poi_parking.csv,百味饺子专用停车场,交通设施,停车场,119.60988,39.948343,parking
poi_parking.csv,专用停车场,交通设施,停车场,119.606948,39.947381,parking
poi_parking.csv,专用停车场,交通设施,停车场,119.606909,39.948727,parking
poi_parking.csv,大秦·左岸专用停车场,交通设施,停车场,119.604943,39.948165,parking
poi_parking.csv,停车场,交通设施,停车场,119.606555,39.947554,parking
poi_parking.csv,停车场,交通设施,停车场,119.604894,39.948158,parking
poi_parking.csv,专用停车场,交通设施,停车场,119.588185,39.932166,parking
poi_parking.csv,专用停车场,交通设施,停车场,119.5881,39.93286,parking
poi_parking.csv,秦皇岛红星美凯龙停车场,交通设施,停车场,119.586933,39.930049,parking
poi_parking.csv,雅昆鸿居对外专用停车场,交通设施,停车场,119.589238,39.929753,parking
poi_parking.csv,专用停车场,交通设施,停车场,119.590892,39.930612,parking
poi_parking.csv,停车场,交通设施,停车场,119.589171,39.929902,parking
poi_parking.csv,雅绅鸿居地下专用停车场,交通设施,停车场,119.590335,39.929964000000005,parking
poi_parking.csv,专用停车场,交通设施,停车场,119.590588,39.935634,parking
poi_parking.csv,专用停车场,交通设施,停车场,119.591293,39.93564,parking
poi_parking.csv,博维新座标专用停车场,交通设施,停车场,119.590606,39.934666,parking
poi_parking.csv,博维新座标专用停车场,交通设施,停车场,119.590736,39.933446,parking
poi_parking.csv,专用停车场,交通设施,停车场,119.582338,39.932363,parking
poi_parking.csv,专用停车场,交通设施,停车场,119.583464,39.934449,parking
poi_parking.csv,专用停车场,交通设施,停车场,119.583811,39.935055,parking
poi_parking.csv,华威宾馆停车场,交通设施,停车场,119.585745,39.935329,parking
poi_parking.csv,鑫阳国际商务北侧停车场,交通设施,停车场,119.583158,39.935119,parking
poi_parking.csv,鑫阳国际商务北侧停车场,交通设施,停车场,119.584204,39.935462,parking
poi_parking.csv,鑫阳国际商务南侧停车场,交通设施,停车场,119.584351,39.935032,parking
poi_parking.csv,专用停车场,交通设施,停车场,119.582355,39.93599,parking
poi_parking.csv,和平大厦停车场,交通设施,停车场,119.581631,39.934443,parking
poi_parking.csv,运兴大厦停车场,交通设施,停车场,119.582683,39.935105,parking
poi_parking.csv,秦皇岛商场专用停车场,交通设施,停车场,119.600429,39.931649,parking
poi_parking.csv,莫泰168旅店海阳路店专用停车场,交通设施,停车场,119.599511,39.932297,parking
poi_parking.csv,供销大厦停车场,交通设施,停车场,119.601082,39.931515,parking
poi_parking.csv,汉王大厦停车场,交通设施,停车场,119.599246,39.932458,parking
poi_parking.csv,金三角市场停车场,交通设施,停车场,119.600028,39.932117,parking
poi_parking.csv,西沙滩大厦停车场,交通设施,停车场,119.601599,39.930063,parking
poi_parking.csv,鑫园广场-专用停车场,交通设施,停车场,119.60043,39.931275,parking
poi_parking.csv,中国工商银行秦皇岛渤海支行停车场,交通设施,停车场,119.60285,39.933469,parking
poi_parking.csv,停车场,交通设施,停车场,119.60423,39.935354,parking
poi_parking.csv,金辉国贸大厦北停车场,交通设施,停车场,119.604573,39.932993,parking
poi_parking.csv,中国工商银行秦皇岛渤海支行停车场,交通设施,停车场,119.602422,39.933159,parking
poi_parking.csv,锦江之星酒店秦皇岛河北大街太阳城店停车场,交通设施,停车场,119.604292,39.934683,parking
poi_parking.csv,金辉国贸大厦北停车场,交通设施,停车场,119.603558,39.932922000000005,parking
poi_parking.csv,乐都汇秦皇岛店地下停车场,交通设施,停车场,119.603788,39.933017,parking
poi_parking.csv,苏宁电器文化路店专用停车场,交通设施,停车场,119.603151,39.935732,parking
poi_parking.csv,乐都汇秦皇岛店地下专用停车场,交通设施,停车场,119.604341,39.933151,parking
poi_parking.csv,专用停车场,交通设施,停车场,119.592525,39.93156,parking
poi_parking.csv,专用停车场,交通设施,停车场,119.594803,39.931736,parking
poi_parking.csv,金堡宾馆专用停车场,交通设施,停车场,119.595494,39.930835,parking
poi_parking.csv,金阳大厦停车场,交通设施,停车场,119.596952,39.930451,parking
poi_parking.csv,金阳大厦停车场,交通设施,停车场,119.595843,39.930489,parking
poi_parking.csv,专用停车场,交通设施,停车场,119.595941,39.934193,parking
poi_parking.csv,停车场,交通设施,停车场,119.595972,39.934209,parking
poi_parking.csv,环宇公寓停车场,交通设施,停车场,119.59613,39.934198,parking
poi_parking.csv,运通大厦停车场,交通设施,停车场,119.597192,39.933233,parking
poi_parking.csv,环宇公寓地下停车场,交通设施,停车场,119.596891,39.934597,parking
poi_parking.csv,都市花园酒店,交通设施,停车场,119.597153,39.933203,parking
poi_parking.csv,锦绣嘉园专用停车场,交通设施,停车场,119.596899,39.934629,parking
poi_parking.csv,专用停车场,交通设施,停车场,119.593347,39.934855,parking
poi_parking.csv,专用停车场,交通设施,停车场,119.594286,39.934995,parking
poi_parking.csv,国王网咖专用停车场,交通设施,停车场,119.593671,39.93534,parking
poi_parking.csv,天贺沐浴专用停车场,交通设施,停车场,119.593923,39.935233,parking
poi_parking.csv,人民广场专用停车场,交通设施,停车场,119.594251,39.93891,parking
poi_parking.csv,专用停车场,交通设施,停车场,119.593134,39.937628,parking
poi_parking.csv,专用停车场,交通设施,停车场,119.592939,39.936421,parking
poi_parking.csv,人民广场专用停车场,交通设施,停车场,119.593804,39.939151,parking
poi_parking.csv,专用停车场,交通设施,停车场,119.595677,39.941871,parking
poi_parking.csv,人民广场南门东专用停车场,交通设施,停车场,119.596789,39.939426000000005,parking
poi_parking.csv,人民广场专用停车场,交通设施,停车场,119.594304,39.939848,parking
poi_parking.csv,图书大厦西停车场,交通设施,停车场,119.593439,39.942428,parking
poi_parking.csv,图书大厦东停车场,交通设施,停车场,119.593586,39.942341,parking
poi_parking.csv,洋洋花卉专用停车场,交通设施,停车场,119.598596,39.9366,parking
poi_parking.csv,停车场,交通设施,停车场,119.601283,39.93749,parking
poi_parking.csv,洋洋购物广场停车场,交通设施,停车场,119.598646,39.936294,parking
poi_parking.csv,半岛四季酒店停车场,交通设施,停车场,119.603316,39.936420000000005,parking
poi_parking.csv,半岛四季酒店地下停车场,交通设施,停车场,119.603803,39.936806,parking
poi_parking.csv,停车场,交通设施,停车场,119.602524,39.936913,parking
poi_parking.csv,专用停车场,交通设施,停车场,119.604724,39.942448,parking
poi_parking.csv,专用停车场,交通设施,停车场,119.604424,39.942078,parking
poi_parking.csv,秦皇岛秘境客栈酒店专用停车场,交通设施,停车场,119.602469,39.939895,parking
poi_parking.csv,金屋花苑停车场,交通设施,停车场,119.603141,39.942425,parking
poi_parking.csv,桔子酒店,交通设施,停车场,119.603304,39.941946,parking
poi_parking.csv,桔子酒店,交通设施,停车场,119.60333,39.941986,parking
poi_parking.csv,中央胜境专用停车场,交通设施,停车场,119.600767,39.942353,parking
poi_parking.csv,第一医院专用停车场,交通设施,停车场,119.601106,39.939394,parking
poi_parking.csv,海上海国际酒店北停车场,交通设施,停车场,119.600985,39.942101,parking
poi_parking.csv,海上海国际酒店南停车场,交通设施,停车场,119.600937,39.941868,parking
poi_parking.csv,第一医院停车场,交通设施,停车场,119.600773,39.939456,parking
poi_parking.csv,第一医院立体停车场,交通设施,停车场,119.600749,39.939451,parking
poi_parking.csv,中央胜境停车场,交通设施,停车场,119.600091,39.942561,parking
poi_parking.csv,中央胜境停车场,交通设施,停车场,119.601399,39.944389,parking
poi_parking.csv,河北银行秦皇岛分行停车场,交通设施,停车场,119.600909,39.943126,parking
poi_parking.csv,河北银行秦皇岛分行停车场,交通设施,停车场,119.601624,39.942961,parking
poi_parking.csv,金龙商街停车场,交通设施,停车场,119.601563,39.943064,parking
poi_parking.csv,金贸国际停车场,交通设施,停车场,119.601559,39.943052,parking
poi_parking.csv,金街时代广场东侧停车场,交通设施,停车场,119.600135,39.944678,parking
poi_parking.csv,金街时代广场东侧停车场,交通设施,停车场,119.601327,39.944678,parking
poi_parking.csv,金街时代广场西侧停车场,交通设施,停车场,119.599833,39.944665,parking
poi_parking.csv,金街时代广场西侧停车场,交通设施,停车场,119.598609,39.944622,parking
poi_parking.csv,金街时代广场东侧专用停车场,交通设施,停车场,119.600556,39.944643,parking
poi_parking.csv,金街时代广场西侧专用停车场,交通设施,停车场,119.599354,39.944572,parking
poi_parking.csv,中央胜境专用停车场,交通设施,停车场,119.601627,39.943482,parking
poi_parking.csv,秦皇岛君庭国际酒店停车场,交通设施,停车场,119.602061,39.944054,parking
poi_parking.csv,秦皇岛海三大厦停车场,交通设施,停车场,119.602348,39.943450000000006,parking
poi_parking.csv,中华联合财产保险股份有限责任公司停车场,交通设施,停车场,119.601657,39.946678,parking
poi_parking.csv,专用停车场,交通设施,停车场,119.598544,39.948496,parking
poi_parking.csv,中国建设银行秦皇岛文化北路分理处专用停车场,交通设施,停车场,119.601216,39.946594,parking
poi_parking.csv,中国银行文化路支行专用停车场,交通设施,停车场,119.601045,39.947804,parking
poi_parking.csv,银都大厦停车场,交通设施,停车场,119.600741,39.948119,parking
poi_parking.csv,八达大厦北停车场,交通设施,停车场,119.598977,39.948135,parking
poi_parking.csv,八达大厦南停车场,交通设施,停车场,119.598667,39.947798000000006,parking
poi_parking.csv,港瑞商务大厦停车场,交通设施,停车场,119.601255,39.947061,parking
poi_parking.csv,八达大厦北停车场,交通设施,停车场,119.598698,39.948072,parking
poi_parking.csv,八达大厦北停车场,交通设施,停车场,119.599374,39.948177,parking
poi_parking.csv,专用停车场,交通设施,停车场,119.594941,39.945493,parking
poi_parking.csv,蜀川天府,交通设施,停车场,119.595567,39.948435,parking
poi_parking.csv,专用停车场,交通设施,停车场,119.596548,39.94808200000001,parking
poi_parking.csv,专用停车场,交通设施,停车场,119.59731,39.948419,parking
poi_parking.csv,豆花酒楼专用停车场,交通设施,停车场,119.597772,39.94843,parking
poi_parking.csv,专用停车场,交通设施,停车场,119.592884,39.948365,parking
poi_parking.csv,世纪公寓专用停车场,交通设施,停车场,119.592392,39.947906,parking
poi_parking.csv,专用停车场,交通设施,停车场,119.582069,39.938107,parking
poi_parking.csv,专用停车场,交通设施,停车场,119.581646,39.937973,parking
poi_parking.csv,停车场,交通设施,停车场,119.582403,39.936303,parking
poi_parking.csv,第一医院,交通设施,停车场,119.581308,39.939092,parking
poi_parking.csv,盛祥家园北区停车场,交通设施,停车场,119.582725,39.937353,parking
poi_parking.csv,秦皇岛慈善医院停车场,交通设施,停车场,119.581392,39.93892,parking
poi_parking.csv,专用停车场,交通设施,停车场,119.58519,39.937853,parking
poi_parking.csv,果品综合批发市场停车场,交通设施,停车场,119.583704,39.939724000000005,parking
poi_parking.csv,世纪商务中心停车场,交通设施,停车场,119.58304,39.941037,parking
poi_parking.csv,果品批发市场停车场,交通设施,停车场,119.584135,39.93991,parking
poi_parking.csv,新洋洋花卉停车场,交通设施,停车场,119.585752,39.93948,parking
poi_parking.csv,停车场,交通设施,停车场,119.581863,39.939443,parking
poi_parking.csv,果品批发市场停车场,交通设施,停车场,119.581973,39.939635,parking
poi_parking.csv,洋洋花卉专用停车场,交通设施,停车场,119.586195,39.93917,parking
poi_parking.csv,专用停车场,交通设施,停车场,119.587788,39.936506,parking
poi_parking.csv,舍宾女子俱乐部专用停车场,交通设施,停车场,119.58745,39.937923,parking
poi_parking.csv,专用停车场,交通设施,停车场,119.587403,39.937019,parking
poi_parking.csv,专用停车场,交通设施,停车场,119.58685,39.938179,parking
poi_parking.csv,中国城肥牛红旗路总店专用停车场,交通设施,停车场,119.587769,39.937698,parking
poi_parking.csv,停车场,交通设施,停车场,119.587328,39.936338,parking
poi_parking.csv,洋洋花卉停车场,交通设施,停车场,119.586565,39.939034,parking
poi_parking.csv,工会大厦地下专用停车场,交通设施,停车场,119.591931,39.936843,parking
poi_parking.csv,博川大厦专用停车场,交通设施,停车场,119.591149,39.936132,parking
poi_parking.csv,博朗园专用停车场,交通设施,停车场,119.590902,39.936523,parking
poi_parking.csv,中央公馆专用停车场,交通设施,停车场,119.590277,39.936074,parking
poi_parking.csv,工会大厦地下停车场,交通设施,停车场,119.591879,39.93684,parking
poi_parking.csv,专用停车场,交通设施,停车场,119.589195,39.942094,parking
poi_parking.csv,专用停车场,交通设施,停车场,119.589806,39.942121,parking
poi_parking.csv,专用停车场,交通设施,停车场,119.592147,39.941561,parking
poi_parking.csv,宜安大厦停车场,交通设施,停车场,119.589906,39.942167000000005,parking
poi_parking.csv,专用停车场,交通设施,停车场,119.588238,39.939644,parking
poi_parking.csv,专用停车场,交通设施,停车场,119.588006,39.940882,parking
poi_parking.csv,停车场,交通设施,停车场,119.588523,39.94035,parking
poi_parking.csv,政务服务大厦停车场,交通设施,停车场,119.586766,39.941909,parking
poi_parking.csv,政务服务大厦停车场,交通设施,停车场,119.587602,39.942028,parking
poi_parking.csv,专用停车场,交通设施,停车场,119.584611,39.948535,parking
poi_parking.csv,世纪港湾地下停车场,交通设施,停车场,119.581264,39.946397,parking
poi_parking.csv,世纪港湾地下停车场,交通设施,停车场,119.580167,39.94772,parking
poi_parking.csv,世纪港湾地下停车场,交通设施,停车场,119.582491,39.946662,parking
poi_parking.csv,在水一方C区专用停车场,交通设施,停车场,119.561086,39.93276,parking
poi_parking.csv,在水一方C区车库,交通设施,停车场,119.562035,39.932798,parking
poi_parking.csv,港发大厦停车场,交通设施,停车场,119.566845,39.933769,parking
poi_parking.csv,亚通大厦内部停车场,交通设施,停车场,119.565137,39.933132,parking
poi_parking.csv,亚通大厦内部专用停车场,交通设施,停车场,119.564858,39.933139,parking
poi_parking.csv,专用停车场,交通设施,停车场,119.562599,39.932963,parking
poi_parking.csv,华运建材城专用停车场,交通设施,停车场,119.563083,39.933396,parking
poi_parking.csv,在水一方C区专用停车场,交通设施,停车场,119.56199,39.932854,parking
poi_parking.csv,专用停车场,交通设施,停车场,119.572194,39.930114,parking
poi_parking.csv,专用停车场,交通设施,停车场,119.572758,39.929715,parking
poi_parking.csv,城乡建设局专用停车场,交通设施,停车场,119.572429,39.929939,parking
poi_parking.csv,停车场,交通设施,停车场,119.572428,39.930177,parking
poi_parking.csv,专用停车场,交通设施,停车场,119.572238,39.933439,parking
poi_parking.csv,雨田大厦地下专用停车场,交通设施,停车场,119.573157,39.934746,parking
poi_parking.csv,雨田大厦停车场,交通设施,停车场,119.573156,39.934707,parking
poi_parking.csv,在水一方A区3号专用停车场,交通设施,停车场,119.570617,39.933379,parking
poi_parking.csv,雨田大厦地下停车场,交通设施,停车场,119.573087,39.934743000000005,parking
poi_parking.csv,红卫里社区专用停车场,交通设施,停车场,119.576336,39.940507,parking
poi_parking.csv,专用停车场,交通设施,停车场,119.561208,39.936633,parking
poi_parking.csv,金舍·德圆小区专用停车场,交通设施,停车场,119.562858,39.936598,parking
poi_parking.csv,东升家园停车场,交通设施,停车场,119.566851,39.936914,parking
poi_parking.csv,秦皇岛建一医院停车场,交通设施,停车场,119.565518,39.937432,parking
poi_parking.csv,专用停车场,交通设施,停车场,119.518659,39.918369,parking
poi_parking.csv,燕山大学西校区停车场,交通设施,停车场,119.518344,39.917875,parking
poi_parking.csv,专用停车场,交通设施,停车场,119.522694,39.921735000000005,parking
poi_parking.csv,停车场,交通设施,停车场,119.520836,39.921468,parking
poi_parking.csv,天山南路综合市场北停车场,交通设施,停车场,119.522152,39.920361,parking
poi_parking.csv,天山南路综合市场南停车场,交通设施,停车场,119.522149,39.920289,parking
poi_parking.csv,韵唐花卉古玩城停车场,交通设施,停车场,119.521885,39.921404,parking
poi_parking.csv,韵唐花卉古玩城停车场,交通设施,停车场,119.521012,39.921374,parking
poi_parking.csv,银都广场停车场,交通设施,停车场,119.518262,39.921982,parking
poi_parking.csv,银都广场停车场,交通设施,停车场,119.520222,39.921624,parking
poi_parking.csv,银都广场地下停车场,交通设施,停车场,119.519092,39.92111,parking
poi_parking.csv,银都广场地下停车场,交通设施,停车场,119.518213,39.921882,parking
poi_parking.csv,兴龙广缘生活广场明日星城店停车场,交通设施,停车场,119.520236,39.921559,parking
poi_parking.csv,兴龙广缘生活广场明日星城店地下停车场,交通设施,停车场,119.518165,39.922005,parking
poi_parking.csv,兴龙广缘生活广场明日星城店停车场,交通设施,停车场,119.518217,39.922016,parking
poi_parking.csv,兴龙广缘生活广场明日星城店地下停车场,交通设施,停车场,119.519354,39.921055,parking
poi_parking.csv,兴龙广缘生活广场明日星城店地下专用停车场,交通设施,停车场,119.519384,39.920993,parking
poi_parking.csv,兴龙广缘生活广场明日星城店专用停车场,交通设施,停车场,119.519793,39.921881,parking
poi_parking.csv,停车场,交通设施,停车场,119.544875,39.904974,parking
poi_parking.csv,燕山大学宾馆停车场,交通设施,停车场,119.542903,39.904275000000005,parking
poi_parking.csv,如家商旅酒店,交通设施,停车场,119.545252,39.906607,parking
poi_parking.csv,如家商旅酒店,交通设施,停车场,119.545425,39.906535,parking
poi_parking.csv,如家商旅酒店,交通设施,停车场,119.546121,39.9069,parking
poi_parking.csv,居贤小厨停车场,交通设施,停车场,119.545647,39.905803,parking
poi_parking.csv,居贤小厨停车场,交通设施,停车场,119.546426,39.906256,parking
poi_parking.csv,7天酒店专用停车场,交通设施,停车场,119.547269,39.906972,parking
poi_parking.csv,如家商旅酒店,交通设施,停车场,119.546058,39.906960000000005,parking
poi_parking.csv,魁华馨苑专用停车场,交通设施,停车场,119.54645,39.906035,parking
poi_parking.csv,河北科技师范学院专用停车场,交通设施,停车场,119.547677,39.910122,parking
poi_parking.csv,秦皇岛茂业中心地下停车场,交通设施,停车场,119.545447,39.908087,parking
poi_parking.csv,秦皇岛茂业天地地下专用停车场,交通设施,停车场,119.545054,39.90863,parking
poi_parking.csv,秦皇岛茂业中心地下专用停车场,交通设施,停车场,119.544835,39.908818,parking
poi_parking.csv,秦皇岛茂业天地地下停车场,交通设施,停车场,119.544681,39.908787,parking
poi_parking.csv,秦皇岛茂业天地地下停车场,交通设施,停车场,119.545332,39.908089,parking
poi_parking.csv,秦皇岛茂业中心地下停车场,交通设施,停车场,119.544712,39.908823000000005,parking
poi_parking.csv,专用停车场,交通设施,停车场,119.530672,39.917562,parking
poi_parking.csv,专用停车场,交通设施,停车场,119.535822,39.91908900000001,parking
poi_parking.csv,专用停车场,交通设施,停车场,119.535078,39.919732,parking
poi_parking.csv,香邑溪谷专用停车场,交通设施,停车场,119.533048,39.919163000000005,parking
poi_parking.csv,开发区孟营综合农贸大市场专用停车场,交通设施,停车场,119.535236,39.921437,parking
poi_parking.csv,停车场,交通设施,停车场,119.534569,39.920334,parking
poi_parking.csv,开发区孟营综合农贸大市场停车场,交通设施,停车场,119.535122,39.921793,parking
poi_parking.csv,开发区孟营综合农贸大市场停车场,交通设施,停车场,119.53498,39.921391,parking
poi_parking.csv,香邑溪谷停车场,交通设施,停车场,119.531127,39.920624,parking
poi_parking.csv,升达弘璟专用停车场,交通设施,停车场,119.530648,39.922885,parking
poi_parking.csv,专用停车场,交通设施,停车场,119.531046,39.924404,parking
poi_parking.csv,华苑馨居专用停车场,交通设施,停车场,119.533712,39.923629000000005,parking
poi_parking.csv,专用停车场,交通设施,停车场,119.534206,39.92873,parking
poi_parking.csv,兴龙广缘生活购物中心停车场,交通设施,停车场,119.534162,39.927945,parking
poi_parking.csv,兴龙广缘生活广场广缘孟营店停车场,交通设施,停车场,119.534103,39.927852,parking
poi_parking.csv,专用停车场,交通设施,停车场,119.532404,39.927958,parking
poi_parking.csv,专用停车场,交通设施,停车场,119.53125,39.928487,parking
poi_parking.csv,专用停车场,交通设施,停车场,119.532766,39.929304,parking
poi_parking.csv,兴龙广缘生活购物广场停车场,交通设施,停车场,119.532681,39.928765,parking
poi_parking.csv,兴龙广缘生活广场广缘孟营店专用停车场,交通设施,停车场,119.532645,39.928739,parking
poi_parking.csv,停车场,交通设施,停车场,119.532604,39.928964,parking
poi_parking.csv,停车场,交通设施,停车场,119.748166,39.994337,parking
poi_parking.csv,专用停车场,交通设施,停车场,119.759717,39.997616,parking
poi_parking.csv,专用停车场,交通设施,停车场,119.757067,40.00079,parking
poi_parking.csv,专用停车场,交通设施,停车场,119.760704,40.000691,parking
poi_parking.csv,万商商贸城西顺城街店专用停车场,交通设施,停车场,119.760785,40.001821,parking
poi_parking.csv,万商商贸城西顺城街店停车场,交通设施,停车场,119.760272,40.001803,parking
poi_parking.csv,兴华商城西侧停车场,交通设施,停车场,119.760685,40.000813,parking
poi_parking.csv,专用停车场,交通设施,停车场,119.757971,40.003485000000005,parking
poi_parking.csv,专用停车场,交通设施,停车场,119.763827,40.000696,parking
poi_parking.csv,停车场,交通设施,停车场,119.761047,40.002769,parking
poi_parking.csv,万孚购物广场停车场,交通设施,停车场,119.762362,40.0019,parking
poi_parking.csv,停车场,交通设施,停车场,119.763887,40.000661,parking
poi_parking.csv,万商商贸城西顺城街店停车场,交通设施,停车场,119.761084,40.002054,parking
poi_parking.csv,山海关站-自行车摩托车停放区,交通设施,停车场,119.766004,40.001083,parking
poi_parking.csv,山海关站停车场,交通设施,停车场,119.76687,40.001609,parking
poi_parking.csv,莲花湖公园-专用停车场,交通设施,停车场,119.765378,40.00388,parking
poi_parking.csv,古城景区-专用停车场,交通设施,停车场,119.764169,40.005815,parking
poi_parking.csv,山海关古城-靖边楼专用停车场,交通设施,停车场,119.764816,40.005436,parking
poi_parking.csv,昌兴停车场,交通设施,停车场,119.765168,40.005767,parking
poi_parking.csv,山海关古城景区停车场,交通设施,停车场,119.763231,40.005274,parking
poi_parking.csv,专用停车场,交通设施,停车场,119.569599,39.949592,parking
poi_parking.csv,专用停车场,交通设施,停车场,119.571487,39.950404,parking
poi_parking.csv,专用停车场,交通设施,停车场,119.571208,39.949854,parking
poi_parking.csv,专用停车场,交通设施,停车场,119.572344,39.953343,parking
poi_parking.csv,专用停车场,交通设施,停车场,119.56828,39.952643,parking
poi_parking.csv,专用停车场,交通设施,停车场,119.567546,39.952697,parking
poi_parking.csv,3号专用停车场,交通设施,停车场,119.569081,39.953684,parking
poi_parking.csv,万通大厦停车场,交通设施,停车场,119.569857,39.952716,parking
poi_parking.csv,万通商务停车场,交通设施,停车场,119.570047,39.95276,parking
poi_parking.csv,万通商务地下停车场,交通设施,停车场,119.569957,39.952639,parking
poi_parking.csv,专用停车场,交通设施,停车场,119.573496,39.950224,parking
poi_parking.csv,秦皇岛万达广场地下专用停车场,交通设施,停车场,119.575957,39.950366,parking
poi_parking.csv,秦皇岛万达广场地下停车场,交通设施,停车场,119.575968,39.950412,parking
poi_parking.csv,天娇园专用停车场,交通设施,停车场,119.579396,39.949401,parking
poi_parking.csv,专用停车场,交通设施,停车场,119.577893,39.953799,parking
poi_parking.csv,专用停车场,交通设施,停车场,119.575668,39.953682,parking
poi_parking.csv,玉峰里市政小区专用停车场,交通设施,停车场,119.574882,39.954197,parking
poi_parking.csv,天宝酒店,交通设施,停车场,119.575718,39.95371,parking
poi_parking.csv,天宝酒店,交通设施,停车场,119.574619,39.95414,parking
poi_parking.csv,秦皇岛万达广场地下停车场,交通设施,停车场,119.576309,39.953234,parking
poi_parking.csv,华盾凤凰城专用停车场,交通设施,停车场,119.578031,39.960529,parking
poi_parking.csv,华盾凤凰城专用停车场,交通设施,停车场,119.577021,39.959686,parking
poi_parking.csv,专用停车场,交通设施,停车场,119.57492,39.959861,parking
poi_parking.csv,专用停车场,交通设施,停车场,119.57609,39.960129,parking
poi_parking.csv,专用停车场北环路商办楼,交通设施,停车场,119.574667,39.959498,parking
poi_parking.csv,星程秦皇岛天水草堂酒店专用停车场,交通设施,停车场,119.585616,39.949283,parking
poi_parking.csv,星程酒店,交通设施,停车场,119.585648,39.949116,parking
poi_parking.csv,星程酒店,交通设施,停车场,119.585629,39.949122,parking
poi_parking.csv,玉峰国际公寓专用停车场,交通设施,停车场,119.583476,39.953407,parking
poi_parking.csv,汉庭酒店,交通设施,停车场,119.585021,39.954491,parking
poi_parking.csv,停车场,交通设施,停车场,119.583668,39.953692,parking
poi_parking.csv,专用停车场,交通设施,停车场,119.587141,39.951909,parking
poi_parking.csv,新丰嘉园专用停车场,交通设施,停车场,119.587156,39.951051,parking
poi_parking.csv,专用停车场,交通设施,停车场,119.587446,39.951691,parking
poi_parking.csv,专用停车场,交通设施,停车场,119.588443,39.95063,parking
poi_parking.csv,专用停车场,交通设施,停车场,119.589664,39.948946,parking
poi_parking.csv,专用停车场,交通设施,停车场,119.592004,39.953807,parking
poi_parking.csv,文香府邸停车场,交通设施,停车场,119.59098,39.953212,parking
poi_parking.csv,燕山商务中心停车场,交通设施,停车场,119.591349,39.953286000000006,parking
poi_parking.csv,燕山商务中心地下停车场,交通设施,停车场,119.591294,39.953238,parking
poi_parking.csv,君御酒店公寓楼停车场,交通设施,停车场,119.591649,39.952814,parking
poi_parking.csv,文香府邸专用停车场,交通设施,停车场,119.591106,39.953359,parking
poi_parking.csv,卓众医院专用停车场,交通设施,停车场,119.587743,39.953161,parking
poi_parking.csv,专用停车场,交通设施,停车场,119.586465,39.954126,parking
poi_parking.csv,文香府邸专用停车场,交通设施,停车场,119.588742,39.953597,parking
poi_parking.csv,迎秋里小区专用停车场,交通设施,停车场,119.588749,39.953668,parking
poi_parking.csv,7天酒店,交通设施,停车场,119.586199,39.95414,parking
poi_parking.csv,7天酒店,交通设施,停车场,119.586203,39.954142,parking
poi_parking.csv,专用停车场,交通设施,停车场,119.59279,39.950621,parking
poi_parking.csv,专用停车场,交通设施,停车场,119.59444,39.948922,parking
poi_parking.csv,专用停车场,交通设施,停车场,119.593771,39.950244,parking
poi_parking.csv,泛亚大厦停车场,交通设施,停车场,119.593546,39.95148,parking
poi_parking.csv,中钢酒店专用停车场,交通设施,停车场,119.594385,39.950279,parking
poi_parking.csv,房产大厦停车场,交通设施,停车场,119.593627,39.951658,parking
poi_parking.csv,泛亚大厦停车场,交通设施,停车场,119.593475,39.950917,parking
poi_parking.csv,泛亚大厦专用停车场,交通设施,停车场,119.593453,39.951234,parking
poi_parking.csv,房产大厦专用停车场,交通设施,停车场,119.593491,39.951999,parking
poi_parking.csv,枫桥酒店,交通设施,停车场,119.595581,39.950649,parking
poi_parking.csv,枫桥酒店,交通设施,停车场,119.595607,39.95062,parking
poi_parking.csv,景业大厦专用停车场,交通设施,停车场,119.596451,39.955207,parking
poi_parking.csv,秦皇岛大酒店停车场,交通设施,停车场,119.595385,39.954871,parking
poi_parking.csv,长城酒店停车场,交通设施,停车场,119.596677,39.953924,parking
poi_parking.csv,君御酒店公寓楼专用停车场,交通设施,停车场,119.593005,39.952988,parking
poi_parking.csv,君御大酒店地下专用停车场,交通设施,停车场,119.592339,39.952987,parking
poi_parking.csv,君御大酒店专用停车场,交通设施,停车场,119.593139,39.953027,parking
poi_parking.csv,君御酒店公寓楼地下专用停车场,交通设施,停车场,119.592295,39.953006,parking
poi_parking.csv,秦皇岛大酒店停车点,交通设施,停车场,119.593611,39.955187,parking
poi_parking.csv,专用停车场,交通设施,停车场,119.615178,39.95166,parking
poi_parking.csv,秦皇岛古玩城专用停车场,交通设施,停车场,119.614326,39.949523,parking
poi_parking.csv,专用停车场,交通设施,停车场,119.615323,39.949555,parking
poi_parking.csv,第三医院停车场,交通设施,停车场,119.6152,39.952792,parking
poi_parking.csv,天海宾馆专用停车场,交通设施,停车场,119.611662,39.954062,parking
poi_parking.csv,秦新·巴塞罗那生活广场专用停车场,交通设施,停车场,119.613325,39.95400600000001,parking
poi_parking.csv,秦新·巴塞罗那生活广场地下专用停车场,交通设施,停车场,119.613325,39.953925,parking
poi_parking.csv,秦新·巴塞罗那停车场,交通设施,停车场,119.613228,39.953939,parking
poi_parking.csv,秦新·巴塞罗那生活广场停车场,交通设施,停车场,119.613323,39.954035,parking
poi_parking.csv,秦新·巴塞罗那生活广场地下停车场,交通设施,停车场,119.612416,39.95305200000001,parking
poi_parking.csv,秦新·巴塞罗那地下停车场,交通设施,停车场,119.613204,39.953974,parking
poi_parking.csv,秦新·巴塞罗那生活广场地下停车场,交通设施,停车场,119.613261,39.953927,parking
poi_parking.csv,专用停车场,交通设施,停车场,119.619697,39.948955,parking
poi_parking.csv,专用停车场,交通设施,停车场,119.622798,39.94899,parking
poi_parking.csv,卫生学校专用停车场,交通设施,停车场,119.620023,39.952822000000005,parking
poi_parking.csv,专用停车场,交通设施,停车场,119.411729,39.80069700000001,parking
poi_parking.csv,专用停车场,交通设施,停车场,119.413899,39.798315,parking
poi_parking.csv,专用停车场,交通设施,停车场,118.945397,40.404454,parking
poi_parking.csv,专用停车场,交通设施,停车场,118.945423,40.405996,parking
poi_parking.csv,龙城广场专用停车场,交通设施,停车场,118.945324,40.404428,parking
poi_parking.csv,停车场,交通设施,停车场,118.944698,40.404699,parking
poi_parking.csv,龙城广场停车场,交通设施,停车场,118.946026,40.404391,parking
poi_parking.csv,龙城广场停车场,交通设施,停车场,118.944977,40.404487,parking
poi_parking.csv,龙城广场停车场,交通设施,停车场,118.945527,40.404459,parking
poi_parking.csv,大楼宾馆专用停车场,交通设施,停车场,118.947837,40.406725,parking
poi_parking.csv,专用停车场,交通设施,停车场,118.948502,40.404716,parking
poi_parking.csv,专用停车场,交通设施,停车场,118.947547,40.40602,parking
poi_parking.csv,金源商务宾馆,交通设施,停车场,118.957503,40.405751,parking
poi_parking.csv,专用停车场,交通设施,停车场,118.959081,40.409379,parking
poi_parking.csv,专用停车场,交通设施,停车场,118.95593,40.407908,parking
poi_parking.csv,专用停车场,交通设施,停车场,119.605218,39.930822,parking
poi_parking.csv,收费专用停车场,交通设施,停车场,119.606221,39.930852,parking
poi_parking.csv,国辰商厦专用停车场,交通设施,停车场,119.605369,39.93251,parking
poi_parking.csv,金辉国贸大厦东专用停车场,交通设施,停车场,119.604865,39.932606,parking
poi_parking.csv,太阳城商业区专用停车场,交通设施,停车场,119.605075,39.931849,parking
poi_parking.csv,停车场,交通设施,停车场,119.604902,39.93218,parking
poi_parking.csv,国辰商厦停车场,交通设施,停车场,119.605405,39.932429,parking
poi_parking.csv,乐都汇秦皇岛店专用停车场,交通设施,停车场,119.60507,39.933451,parking
poi_parking.csv,国辰商务楼停车场,交通设施,停车场,119.604974,39.932875,parking
poi_parking.csv,长丰大厦停车场,交通设施,停车场,119.605576,39.933469,parking
poi_parking.csv,国辰商务中心停车场,交通设施,停车场,119.604917,39.93294,parking
poi_parking.csv,新天地购物广场停车场,交通设施,停车场,119.605786,39.934356,parking
poi_parking.csv,乐都汇秦皇岛店停车场,交通设施,停车场,119.605337,39.93352,parking
poi_parking.csv,金辉国贸大厦东停车场,交通设施,停车场,119.604809,39.932996,parking
poi_parking.csv,乐都汇秦皇岛店地下停车场,交通设施,停车场,119.605633,39.934151,parking
poi_parking.csv,乐都汇秦皇岛店地下停车场,交通设施,停车场,119.604725,39.933,parking
poi_parking.csv,新天地商务中心地下停车场,交通设施,停车场,119.606041,39.933796,parking
poi_parking.csv,新天地购物中心地下停车场,交通设施,停车场,119.606007,39.933749,parking
poi_parking.csv,专用停车场,交通设施,停车场,119.607278,39.933799,parking
poi_parking.csv,新天地商务中心地下停车场,交通设施,停车场,119.607195,39.933924,parking
poi_parking.csv,新天地购物中心地下停车场,交通设施,停车场,119.607212,39.93387,parking
poi_parking.csv,新天地购物中心停车场,交通设施,停车场,119.606568,39.934468,parking
poi_parking.csv,新天地购物中心地下停车场,交通设施,停车场,119.606985,39.933986,parking
poi_parking.csv,秦皇岛商城内部地下停车场,交通设施,停车场,119.604835,39.935258,parking
poi_parking.csv,秦皇岛商城内部地下专用停车场,交通设施,停车场,119.60503,39.934857,parking
poi_parking.csv,茂业百货商城店停车场,交通设施,停车场,119.605618,39.934769,parking
poi_parking.csv,供销大厦专用停车场,交通设施,停车场,119.601859,39.931061,parking
poi_parking.csv,茂业百货金都店南专用停车场,交通设施,停车场,119.604499,39.931029,parking
poi_parking.csv,海港医院专用停车场,交通设施,停车场,119.604493,39.929969,parking
poi_parking.csv,金辉国贸大厦南专用停车场,交通设施,停车场,119.603976,39.932384,parking
poi_parking.csv,顺风肥牛专用停车场,交通设施,停车场,119.613787,39.949737000000006,parking
poi_parking.csv,绿茵港湾专用停车场,交通设施,停车场,119.401836,39.852253,parking
poi_parking.csv,阿那亚南一门访客专用停车场,交通设施,停车场,119.307905,39.640261,parking
poi_parking.csv,秦皇岛北戴河机场专用停车场,交通设施,停车场,119.065179,39.662236,parking
poi_parking.csv,碧螺塔公园专用停车场,交通设施,停车场,119.528593,39.819026,parking
poi_parking.csv,碧螺塔树荫专用停车场,交通设施,停车场,119.528559,39.819035,parking
poi_parking.csv,金海酒店专用停车场,交通设施,停车场,119.532119,39.81695199999999,parking
poi_parking.csv,地面专用停车场,交通设施,停车场,119.478076,39.816261,parking
poi_parking.csv,卢龙广缘百货南专用停车场,交通设施,停车场,118.890249,39.899618,parking
poi_parking.csv,卢龙广缘百货东专用停车场,交通设施,停车场,118.891252,39.900126,parking
poi_parking.csv,卢龙广缘百货地下专用停车场,交通设施,停车场,118.890383,39.900163,parking
poi_parking.csv,北戴河安澜酒店专用停车场,交通设施,停车场,119.314691,39.655403,parking
poi_parking.csv,北戴河安澜酒店地下专用停车场,交通设施,停车场,119.314465,39.655053,parking
poi_parking.csv,汇文公园专用停车场,交通设施,停车场,119.20275,39.718106,parking
poi_parking.csv,信发商厦地下专用停车场,交通设施,停车场,119.1669,39.720172,parking
poi_parking.csv,信发商厦地面专用停车场,交通设施,停车场,119.16604,39.71858,parking
poi_parking.csv,地面专用停车场,交通设施,停车场,119.604933,39.922587,parking
poi_parking.csv,西浴场地面专用停车场,交通设施,停车场,119.570417,39.90955700000001,parking
poi_parking.csv,地面专用停车场,交通设施,停车场,119.589799,39.921719,parking
poi_parking.csv,地面专用停车场,交通设施,停车场,119.588308,39.92151,parking
poi_parking.csv,地面专用停车场,交通设施,停车场,119.587568,39.921512,parking
poi_parking.csv,专用停车场,交通设施,停车场,119.509136,39.891594,parking
poi_parking.csv,专用停车场,交通设施,停车场,119.512441,39.928088,parking
poi_parking.csv,专用停车场,交通设施,停车场,119.514106,39.923849,parking
poi_parking.csv,专用停车场,交通设施,停车场,119.475666,39.927581,parking
poi_parking.csv,山海壹号专用停车场,交通设施,停车场,119.791116,39.974630000000005,parking
poi_parking.csv,专用停车场,交通设施,停车场,119.605704,39.968213000000006,parking
poi_parking.csv,交警支队车辆管理所办业务专用停车场,交通设施,停车场,119.606635,39.971333,parking
poi_parking.csv,专用停车场,交通设施,停车场,118.887101,39.891413,parking
poi_parking.csv,地面专用停车场,交通设施,停车场,119.517283,39.829671000000005,parking
poi_parking.csv,专用停车场,交通设施,停车场,119.489715,39.81712,parking
poi_parking.csv,地面专用停车场,交通设施,停车场,119.488474,39.819492,parking
poi_parking.csv,中海滩宾馆专用停车场,交通设施,停车场,119.48417,39.816835,parking
poi_parking.csv,地面专用停车场,交通设施,停车场,119.483693,39.8166,parking
poi_parking.csv,石塘路海鲜市场专用停车场,交通设施,停车场,119.48656,39.821161,parking
poi_parking.csv,地面专用停车场,交通设施,停车场,119.489144,39.826106,parking
poi_parking.csv,地面专用停车场,交通设施,停车场,119.489609,39.821654,parking
poi_parking.csv,地面专用停车场,交通设施,停车场,119.49102,39.820691,parking
poi_parking.csv,地面专用停车场,交通设施,停车场,119.504728,39.830958,parking
poi_parking.csv,银季酒店专用停车场,交通设施,停车场,119.493003,39.833499,parking
poi_parking.csv,道路停车场,交通设施,停车场,119.623942,39.944788,parking
poi_parking.csv,地面专用停车场,交通设施,停车场,119.565084,39.917002,parking
poi_parking.csv,地面专用停车场,交通设施,停车场,119.597222,39.928626,parking
poi_parking.csv,地面专用停车场,交通设施,停车场,119.589086,39.946796,parking
poi_parking.csv,地面专用停车场,交通设施,停车场,119.557133,39.927343,parking
poi_parking.csv,地面专用停车场,交通设施,停车场,119.555844,39.927545,parking
poi_parking.csv,专用停车场,交通设施,停车场,119.565198,39.928279,parking
poi_parking.csv,地面专用停车场,交通设施,停车场,119.572964,39.941079,parking
poi_parking.csv,专用停车场,交通设施,停车场,119.572437,39.938599,parking
poi_parking.csv,地面专用停车场,交通设施,停车场,119.573649,39.946283,parking
poi_parking.csv,地面专用停车场,交通设施,停车场,119.576158,39.948084,parking
poi_parking.csv,自然家园专用停车场,交通设施,停车场,119.556392,39.944903,parking
poi_parking.csv,公富庄便民市场专用停车场,交通设施,停车场,119.510864,39.913036,parking
poi_parking.csv,公富庄美食广场停车场,交通设施,停车场,119.509715,39.911962,parking
poi_parking.csv,地面停车场,交通设施,停车场,119.554391,39.913106,parking
poi_parking.csv,竹海小区专用停车场,交通设施,停车场,119.534446,39.914419,parking
poi_parking.csv,地面专用停车场,交通设施,停车场,119.541777,39.930903,parking
poi_parking.csv,地面专用停车场,交通设施,停车场,119.531141,39.935857,parking
poi_parking.csv,地面专用停车场,交通设施,停车场,119.54298,39.930733,parking
poi_parking.csv,地面专用停车场,交通设施,停车场,119.550884,39.944033,parking
poi_parking.csv,地面专用停车场,交通设施,停车场,119.750825,40.004818,parking
poi_parking.csv,专用停车场,交通设施,停车场,119.774214,39.983250000000005,parking
poi_parking.csv,老龙头路-道路停车场,交通设施,停车场,119.769009,39.989255,parking
poi_parking.csv,专用停车场,交通设施,停车场,119.766419,39.992356,parking
poi_parking.csv,专用停车场,交通设施,停车场,119.806871,39.989704,parking
poi_parking.csv,专用停车场,交通设施,停车场,119.814282,39.989795,parking
poi_parking.csv,专用停车场,交通设施,停车场,119.77266,40.009005,parking
poi_parking.csv,地面专用停车场,交通设施,停车场,119.770824,40.006798,parking
poi_parking.csv,专用停车场,交通设施,停车场,119.529767,40.015162,parking
poi_parking.csv,停车场,交通设施,停车场,119.529054,40.02014,parking
poi_parking.csv,专用停车场,交通设施,停车场,119.585608,39.958591000000006,parking
poi_parking.csv,地面专用停车场,交通设施,停车场,119.603504,39.963888,parking
poi_parking.csv,专用停车场,交通设施,停车场,119.606745,39.952259,parking
poi_parking.csv,东风本田汽车京和特约销售服务店地面专用停车场,交通设施,停车场,119.635607,39.966517,parking
poi_parking.csv,专用停车场,交通设施,停车场,119.635646,39.968501,parking
poi_parking.csv,专用停车场,交通设施,停车场,119.248562,39.874776,parking
poi_parking.csv,专用停车场,交通设施,停车场,119.245574,39.880264,parking
poi_parking.csv,专用停车场,交通设施,停车场,119.247305,39.879467,parking
poi_parking.csv,专用停车场,交通设施,停车场,119.167051,39.706125,parking
poi_parking.csv,专用停车场,交通设施,停车场,119.167076,39.706093,parking
poi_parking.csv,专用停车场,交通设施,停车场,119.15796,39.713408,parking
poi_parking.csv,地面专用停车场,交通设施,停车场,119.616245,39.932727,parking
poi_parking.csv,专用停车场,交通设施,停车场,119.61125,39.934956,parking
poi_parking.csv,太阳城地面专用停车场,交通设施,停车场,119.608083,39.933864,parking
poi_parking.csv,地面专用停车场,交通设施,停车场,119.604885,39.942379,parking
poi_parking.csv,四季青小商品国际商贸城地面专用停车场,交通设施,停车场,119.616199,39.937069,parking
poi_parking.csv,四季青小商品国际商贸城地下专用停车场,交通设施,停车场,119.616717,39.936853,parking
poi_parking.csv,东港海鲜专用停车场,交通设施,停车场,119.612672,39.94845,parking
poi_parking.csv,地面专用停车场,交通设施,停车场,119.606864,39.948665000000005,parking
poi_parking.csv,秦皇岛雅绅鸿居1期地面专用停车场,交通设施,停车场,119.589174,39.929912,parking
poi_parking.csv,人民广场专用停车场,交通设施,停车场,119.597776,39.93834,parking
poi_parking.csv,地面专用停车场,交通设施,停车场,119.602137,39.942769,parking
poi_parking.csv,地面专用停车场,交通设施,停车场,119.58229,39.936142,parking
poi_parking.csv,地面专用停车场,交通设施,停车场,119.582191,39.937714,parking
poi_parking.csv,专用停车场,交通设施,停车场,119.581833,39.936662,parking
poi_parking.csv,地面专用停车场,交通设施,停车场,119.588167,39.939201,parking
poi_parking.csv,地面专用停车场,交通设施,停车场,119.570846,39.933647,parking
poi_parking.csv,地面专用停车场,交通设施,停车场,119.570132,39.933932,parking
poi_parking.csv,专用停车场,交通设施,停车场,119.565069,39.940172,parking
poi_parking.csv,天山南路综合批发市场南停车场,交通设施,停车场,119.52197,39.920434,parking
poi_parking.csv,天山南路综合批发市场北停车场,交通设施,停车场,119.522756,39.92089,parking
poi_parking.csv,专用停车场,交通设施,停车场,119.517342,39.921554,parking
poi_parking.csv,地面专用停车场,交通设施,停车场,119.548061,39.90761,parking
poi_parking.csv,地面专用停车场,交通设施,停车场,119.761076,40.002758,parking
poi_parking.csv,地面专用停车场,交通设施,停车场,119.596536,39.954198000000005,parking
poi_parking.csv,圆明山规划展厅地面停车场,交通设施,停车场,119.594118,39.953661,parking
poi_parking.csv,地面专用停车场,交通设施,停车场,119.617168,39.948906,parking
poi_parking.csv,冰塘峪1区专用停车场,交通设施,停车场,119.360688,40.106387,parking
poi_parking.csv,背牛顶旅游区专用停车场,交通设施,停车场,119.404035,40.070213,parking
poi_parking.csv,冰塘峪2区专用停车场,交通设施,停车场,119.359601,40.106157,parking
poi_parking.csv,花果山景区专用停车场,交通设施,停车场,119.360183,40.128069,parking
poi_parking.csv,青龙东服务区专用停车场,交通设施,停车场,119.155075,40.253234000000006,parking
poi_parking.csv,秦皇岛北戴河机场停车场,交通设施,停车场,119.066271,39.662439000000006,parking
poi_parking.csv,天马山南专用停车场,交通设施,停车场,119.250368,39.974144,parking
poi_parking.csv,天马山游客中心专用停车场,交通设施,停车场,119.247253,39.976551,parking
poi_parking.csv,青龙服务区专用停车场,交通设施,停车场,118.868136,40.412238,parking
poi_parking.csv,碣石山景区-水岩寺停车点,交通设施,停车场,119.151247,39.742833000000005,parking
poi_parking.csv,碧螺塔公园A专用停车场,交通设施,停车场,119.528455,39.81889,parking
poi_parking.csv,碧螺塔酒吧公园专用停车场,交通设施,停车场,119.534545,39.820257000000005,parking
poi_parking.csv,碧螺塔酒吧公园停车场,交通设施,停车场,119.53436,39.820446,parking
poi_parking.csv,金山浴场专用停车场,交通设施,停车场,119.531473,39.816808,parking
poi_parking.csv,法云寺专用停车场,交通设施,停车场,119.500056,39.885295,parking
poi_parking.csv,浅水湾浴场停车场,交通设施,停车场,119.525956,39.855658000000005,parking
poi_parking.csv,浅水湾专用停车场,交通设施,停车场,119.525875,39.855535,parking
poi_parking.csv,金梦海湾西侧地面专用停车场,交通设施,停车场,119.54429,39.895313,parking
poi_parking.csv,角山长城专用停车场,交通设施,停车场,119.741783,40.03337,parking
poi_parking.csv,角山风景区停车场,交通设施,停车场,119.741813,40.03264,parking
poi_parking.csv,京哈地面专用停车场,交通设施,停车场,119.821725,40.042772,parking
poi_parking.csv,孟姜女庙景区停车场,交通设施,停车场,119.821833,40.035945000000005,parking
poi_parking.csv,山海关服务区专用停车场,交通设施,停车场,119.755082,40.026298,parking
poi_parking.csv,紫金山公园专用停车场,交通设施,停车场,119.253643,39.866447,parking
poi_parking.csv,一杯澜浴场停车场,交通设施,停车场,119.391455,39.763698,parking
poi_parking.csv,仙螺岛景区西门专用停车场,交通设施,停车场,119.432451,39.793959,parking
poi_parking.csv,福满家卢龙生活购物中心停车场,交通设施,停车场,118.905305,39.910891,parking
poi_parking.csv,阿那亚六期地面专用停车场,交通设施,停车场,119.315667,39.647083,parking
poi_parking.csv,Sukha苏卡酒店专用停车场,交通设施,停车场,119.318553,39.651422,parking
poi_parking.csv,阿那亚业主访客地面专用停车场,交通设施,停车场,119.322041,39.660523000000005,parking
poi_parking.csv,华夏酒庄接待服务中心停车场,交通设施,停车场,119.186762,39.734305,parking
poi_parking.csv,华夏酒庄第一专用停车场,交通设施,停车场,119.186133,39.735342,parking
poi_parking.csv,鸽子窝公园小型车辆专用停车场,交通设施,停车场,119.518215,39.836263,parking
poi_parking.csv,鸽子窝公园出口专用停车场,交通设施,停车场,119.525341,39.834827,parking
poi_parking.csv,鸽子窝公园出口停车场,交通设施,停车场,119.525784,39.835154,parking
poi_parking.csv,鸽子窝专用停车场,交通设施,停车场,119.518138,39.835225,parking
poi_parking.csv,秦皇求仙入海处专用停车场,交通设施,停车场,119.623613,39.915894,parking
poi_parking.csv,海景广场东专用停车场,交通设施,停车场,119.570303,39.90939,parking
poi_parking.csv,国家体育总局秦皇岛训练基地停车场,交通设施,停车场,119.569465,39.909392,parking
poi_parking.csv,铂悦山专用停车场,交通设施,停车场,119.505871,39.924582,parking
poi_parking.csv,山海关-天下第一关景区北门地面专用停车场,交通设施,停车场,119.750885,40.015056,parking
poi_parking.csv,山海关服务区专用停车场,交通设施,停车场,119.755484,40.025101,parking
poi_parking.csv,山海关货场专用停车场,交通设施,停车场,119.789509,40.001574000000005,parking
poi_parking.csv,皓月天玺专用停车场,交通设施,停车场,119.537995,39.973182,parking
poi_parking.csv,首秦公司办公楼专用停车场,交通设施,停车场,119.505519,40.012046000000005,parking
poi_parking.csv,秦皇岛首钢产城融合示范园南门专用停车场,交通设施,停车场,119.521711,40.011927,parking
poi_parking.csv,秦皇岛首钢产城融合示范园北门地面停车场,交通设施,停车场,119.508944,40.024425,parking
poi_parking.csv,秦皇岛首钢产城融合示范园北门地面停车场,交通设施,停车场,119.511231,40.024753,parking
poi_parking.csv,晨砻酒店文体中心专用停车场,交通设施,停车场,119.645353,39.950167,parking
poi_parking.csv,蔚蓝海岸海边3号专用停车场,交通设施,停车场,119.407051,39.774642,parking
poi_parking.csv,梦之湾海上观光渔政码头停车场,交通设施,停车场,119.42251,39.780779,parking
poi_parking.csv,仙螺岛地面专用停车场,交通设施,停车场,119.432171,39.797804,parking
poi_parking.csv,戴河庭院休闲海滩专用停车场,交通设施,停车场,119.447766,39.801867,parking
poi_parking.csv,集发农业梦想王国集发印象餐厅专用停车场,交通设施,停车场,119.418292,39.820854,parking
poi_parking.csv,集发农业梦想王国内部停车场,交通设施,停车场,119.418272,39.822322,parking
poi_parking.csv,昌黎站专用停车场,交通设施,停车场,119.167898,39.704538,parking
poi_parking.csv,鹏湖购物广场停车场,交通设施,停车场,119.168111,39.699367,parking
poi_parking.csv,妇幼保健医院停车场,交通设施,停车场,119.159173,39.707414,parking
poi_parking.csv,昌黎大厦专用停车场,交通设施,停车场,119.189972,39.715717,parking
poi_parking.csv,北戴河历史文化展览馆地面专用停车场,交通设施,停车场,119.515679,39.825797,parking
poi_parking.csv,刘庄夜市专用停车场,交通设施,停车场,119.500025,39.825338,parking
poi_parking.csv,第一医院体检中心地面停车场,交通设施,停车场,119.504662,39.841872,parking
poi_parking.csv,英伦国际马术俱乐部专用停车场,交通设施,停车场,119.501563,39.842568,parking
poi_parking.csv,英伦国际马术俱乐部停车场,交通设施,停车场,119.50141,39.842767,parking
poi_parking.csv,熊猫欢乐王国停车场,交通设施,停车场,119.621014,39.924885,parking
poi_parking.csv,港城早市地面专用停车场,交通设施,停车场,119.623967,39.944625,parking
poi_parking.csv,专用停车场,交通设施,停车场,119.560219,39.910744,parking
poi_parking.csv,世贸官邸专用停车场,交通设施,停车场,119.602382,39.929576,parking
poi_parking.csv,中医医院专用停车场,交通设施,停车场,119.556126,39.931562,parking
poi_parking.csv,中医医院本部专用停车场,交通设施,停车场,119.556014,39.931691,parking
poi_parking.csv,公富庄家园专用停车场,交通设施,停车场,119.512559,39.910819,parking
poi_parking.csv,状元府停车场,交通设施,停车场,119.516661,39.920947,parking
poi_parking.csv,金梦海湾帆船大巴车专用停车场,交通设施,停车场,119.55268,39.903229,parking
poi_parking.csv,免费专用停车场,交通设施,停车场,119.525124,39.935611,parking
poi_parking.csv,秦皇岛广顺大酒店北侧停车场,交通设施,停车场,119.523215,39.929873,parking
poi_parking.csv,威远公园停车场,交通设施,停车场,119.747361,40.012624,parking
poi_parking.csv,地面专用停车场,交通设施,停车场,119.769704,39.99721,parking
poi_parking.csv,山海关古城景区地面停车场,交通设施,停车场,119.767105,40.007053,parking
poi_parking.csv,天下第一关景区专用停车场,交通设施,停车场,119.768424,40.007200000000005,parking
poi_parking.csv,秦皇植物园专用停车场,交通设施,停车场,119.552181,39.949408000000005,parking
poi_parking.csv,北京大学第三医院秦皇岛医院专用停车场,交通设施,停车场,119.580748,39.956666000000006,parking
poi_parking.csv,秦皇岛站站前广场停车场,交通设施,停车场,119.593125,39.964515,parking
poi_parking.csv,六合商务综合大厦专用停车场,交通设施,停车场,119.596444,39.964416,parking
poi_parking.csv,妇幼保健医院停车场,交通设施,停车场,119.5863,39.961805000000005,parking
poi_parking.csv,秦皇岛长途汽车站专用停车场,交通设施,停车场,119.58835,39.963527,parking
poi_parking.csv,站南专用停车场,交通设施,停车场,119.58979,39.962847,parking
poi_parking.csv,中信渤海铝业控股有限责任公司停车场,交通设施,停车场,119.629601,39.963629,parking
poi_parking.csv,中信渤海铝业控股有限公司停车场,交通设施,停车场,119.629591,39.963431,parking
poi_parking.csv,麗枫酒店秦皇岛火车站店停车场,交通设施,停车场,119.629009,39.968919,parking
poi_parking.csv,东风本田汽车秦皇岛京和特约销售服务店专用停车场,交通设施,停车场,119.635851,39.966675,parking
poi_parking.csv,秦皇岛义乌小商品城专用停车场,交通设施,停车场,119.631621,39.969603,parking
poi_parking.csv,中医医院专用停车场,交通设施,停车场,119.250097,39.891413,parking
poi_parking.csv,江屿专用停车场,交通设施,停车场,119.424346,39.786857,parking
poi_parking.csv,江屿专用停车场,交通设施,停车场,119.424285,39.786713,parking
poi_parking.csv,北戴河站专用停车场,交通设施,停车场,119.422146,39.851583,parking
poi_parking.csv,家乐家购物广场停车场,交通设施,停车场,118.949372,40.403934,parking
poi_parking.csv,碣石山市场专用停车场,交通设施,停车场,119.15789,39.713093,parking
poi_parking.csv,北戴河草厂中路专用停车场,交通设施,停车场,119.480644,39.822311,parking
poi_parking.csv,花筑·北戴河Sala私人酒店老虎石海上公园店专用停车场,交通设施,停车场,119.481603,39.828087,parking
poi_parking.csv,现代购物中心停车场,交通设施,停车场,119.608358,39.937921,parking
poi_parking.csv,四季青小商品批发城专用停车场,交通设施,停车场,119.616464,39.938088,parking
poi_parking.csv,中国移动营业厅秦皇岛建设大街营业厅停车场,交通设施,停车场,119.608207,39.942506,parking
poi_parking.csv,星光御园专用停车场,交通设施,停车场,119.581935,39.932171,parking
poi_parking.csv,都市花园酒店,交通设施,停车场,119.597137,39.933213,parking
poi_parking.csv,人民公园-专用停车场,交通设施,停车场,119.594383,39.935006,parking
poi_parking.csv,人民公园停车场,交通设施,停车场,119.594174,39.938893,parking
poi_parking.csv,丽都国际酒店停车场,交通设施,停车场,119.592745,39.937173,parking
poi_parking.csv,老干部活动中心专用停车场,交通设施,停车场,119.598089,39.93733,parking
poi_parking.csv,人民广场北1门专用停车场,交通设施,停车场,119.593684,39.941742,parking
poi_parking.csv,人民广场西2门专用停车场,交通设施,停车场,119.592827,39.940312,parking
poi_parking.csv,第一医院立体专用停车场,交通设施,停车场,119.600603,39.939244,parking
poi_parking.csv,中央胜境专用停车场,交通设施,停车场,119.599845,39.942422,parking
poi_parking.csv,新华书店专用停车场,交通设施,停车场,119.594781,39.94262,parking
poi_parking.csv,阳光大厦专用停车场,交通设施,停车场,119.594138,39.947517000000005,parking
poi_parking.csv,政务服务大厦专用停车场,交通设施,停车场,119.58756,39.942132,parking
poi_parking.csv,全聚德秦皇岛店专用停车场,交通设施,停车场,119.58407,39.948235,parking
poi_parking.csv,在水一方A区5号专用停车场,交通设施,停车场,119.570299,39.932345,parking
poi_parking.csv,金舍·德圆小区停车场,交通设施,停车场,119.562776,39.936542,parking
poi_parking.csv,昌德星城专用停车场,交通设施,停车场,119.534276,39.919628,parking
poi_parking.csv,广缘超市,交通设施,停车场,119.532491,39.928941,parking
poi_parking.csv,山海关人民医院专用停车场,交通设施,停车场,119.745422,39.996716,parking
poi_parking.csv,万通大厦专用停车场,交通设施,停车场,119.569992,39.952615,parking
poi_parking.csv,万达广场停车场,交通设施,停车场,119.57599,39.950494,parking
poi_parking.csv,天娇园停车场,交通设施,停车场,119.579337,39.949432,parking
poi_parking.csv,天宝酒店,交通设施,停车场,119.574669,39.954197,parking
poi_parking.csv,卓众医院停车场,交通设施,停车场,119.58738,39.953187,parking
poi_parking.csv,第三医院专用停车场,交通设施,停车场,119.615687,39.952912,parking
poi_parking.csv,秦新·巴塞罗那专用停车场,交通设施,停车场,119.613264,39.953762000000005,parking
poi_parking.csv,卫校医院专用停车场,交通设施,停车场,119.620836,39.954039,parking
poi_parking.csv,秦皇岛开放大学专用停车场,交通设施,停车场,119.618399,39.954368,parking
poi_parking.csv,太阳城专用停车场,交通设施,停车场,119.605707,39.930731,parking
poi_parking.csv,专用停车场,交通设施,停车场,119.605059,39.931175,parking
poi_parking.csv,金原国际商务大厦专用停车场,交通设施,停车场,119.607649,39.935132,parking
poi_parking.csv,金原国际商务大厦停车场,交通设施,停车场,119.607789,39.935099,parking
poi_parking.csv,佳乐佳超市金原地下专用停车场,交通设施,停车场,119.605395,39.935958,parking
poi_parking.csv,茂业百货商城店专用停车场,交通设施,停车场,119.605509,39.935033,parking
poi_parking.csv,海港医院停车场,交通设施,停车场,119.604052,39.930156,parking
poi_parking.csv,山海关景区·天下第一关景区第一停车场,交通设施,停车场,119.765262,40.008601,parking
poi_parking.csv,山海关站北停车场,交通设施,停车场,119.76674,40.001748,parking
poi_parking.csv,山海关景区·天下第一关景区第二停车场,交通设施,停车场,119.748838,40.006934,parking
poi_parking.csv,山海关站南广场停车场,交通设施,停车场,119.769419,39.998485,parking
poi_parking.csv,山海关景区·天下第一关景区第三停车场,交通设施,停车场,119.751097,40.015486,parking
poi_parking.csv,孟姜女庙停车场,交通设施,停车场,119.821906,40.036463,parking
poi_parking.csv,昌黎葡萄沟风景区停车点,交通设施,停车场,119.112182,39.763759,parking
poi_parking.csv,福满家卢龙生活购物广场停车场,交通设施,停车场,118.905388,39.912544,parking
poi_parking.csv,福满家卢龙生活购物广场停车场,交通设施,停车场,118.907509,39.911669,parking
poi_parking.csv,左右山谷停车场,交通设施,停车场,119.071118,39.814371,parking
poi_parking.csv,卢龙广缘百货南停车场,交通设施,停车场,118.890543,39.89945,parking
poi_parking.csv,福满家卢龙生活购物广场停车场(入口),交通设施,停车场,118.905602,39.911096,parking
poi_parking.csv,冰塘峪1区停车场,交通设施,停车场,119.361009,40.106545,parking
poi_parking.csv,冰塘峪2区停车场,交通设施,停车场,119.359487,40.105789,parking
poi_parking.csv,祖山风景区东门北停车场,交通设施,停车场,119.530005,40.114031,parking
poi_parking.csv,祖山风景区东门南停车场,交通设施,停车场,119.528775,40.113062,parking
poi_parking.csv,傍水崖景区西停车场,交通设施,停车场,119.57459,40.130336,parking
poi_parking.csv,板厂峪长城公园停车场,交通设施,停车场,119.571689,40.199299,parking
poi_parking.csv,傍水崖景区东停车场,交通设施,停车场,119.576431,40.131896,parking
poi_parking.csv,老君顶景区游客中心停车场,交通设施,停车场,119.584032,40.156054,parking
poi_parking.csv,老君顶景区北停车场,交通设施,停车场,119.583281,40.158557,parking
poi_parking.csv,渔岛海洋温泉景区小型车停车场,交通设施,停车场,119.286109,39.606820000000006,parking
poi_parking.csv,秦皇岛北戴河机场停车场,交通设施,停车场,119.06522,39.661878,parking
poi_parking.csv,黄金海岸停车场,交通设施,停车场,119.338859,39.695216,parking
poi_parking.csv,昌黎站停车场,交通设施,停车场,119.168036,39.705058,parking
poi_parking.csv,圣蓝海洋公园大门停车场,交通设施,停车场,119.318762,39.667244,parking
poi_parking.csv,渔岛海洋温泉景区大型车停车场,交通设施,停车场,119.283063,39.602417,parking
poi_parking.csv,北戴河阿尔卡迪亚滨海度假酒楼停车场,交通设施,停车场,119.31041,39.632993,parking
poi_parking.csv,山海关景区·天下第一关景区第一停车场,交通设施,停车场,119.765063,40.008351000000005,parking
poi_parking.csv,山海关景区·老龙头景区第一停车场,交通设施,停车场,119.796121,39.9701,parking
poi_parking.csv,山海关景区·老龙头景区第二停车场,交通设施,停车场,119.798457,39.97167,parking
poi_parking.csv,山海关站北停车场,交通设施,停车场,119.767528,40.001407,parking
poi_parking.csv,山海关景区·天下第一关景区第二停车场,交通设施,停车场,119.749219,40.006827,parking
poi_parking.csv,山海关站南广场停车场,交通设施,停车场,119.769939,39.997946,parking
poi_parking.csv,乐岛海洋王国北门西停车场,交通设施,停车场,119.754412,39.955789,parking
poi_parking.csv,老龙头海边停车场,交通设施,停车场,119.801149,39.9737,parking
poi_parking.csv,山海关景区·天下第一关景区第三停车场,交通设施,停车场,119.751066,40.01556,parking
poi_parking.csv,乐岛海洋王园北门东停车场,交通设施,停车场,119.755964,39.956507,parking
poi_parking.csv,孟姜女庙停车场,交通设施,停车场,119.821841,40.036552,parking
poi_parking.csv,北戴河站停车场,交通设施,停车场,119.421722,39.851854,parking
poi_parking.csv,老虎石海上公园停车场,交通设施,停车场,119.488846,39.814362,parking
poi_parking.csv,仙螺岛景区西门停车场,交通设施,停车场,119.43216,39.794223,parking
poi_parking.csv,秦皇岛野生动物园停车场,交通设施,停车场,119.524527,39.856631,parking
poi_parking.csv,鸽子窝公园出口停车场,交通设施,停车场,119.525464,39.834475000000005,parking
poi_parking.csv,鸽子窝公园小型车辆停车场,交通设施,停车场,119.517922,39.836445,parking
poi_parking.csv,联峰山公园北门停车点,交通设施,停车场,119.472187,39.826031,parking
poi_parking.csv,集发农业梦想王国停车场,交通设施,停车场,119.418056,39.816879,parking
poi_parking.csv,北戴河海滩停车点,交通设施,停车场,119.526051,39.855369,parking
poi_parking.csv,刘庄夜市停车场,交通设施,停车场,119.500306,39.825271,parking
poi_parking.csv,北戴河区奥森地面停车场,交通设施,停车场,119.515666,39.831217,parking
poi_parking.csv,浅水湾浴场停车点,交通设施,停车场,119.526278,39.855707,parking
poi_parking.csv,鸽子窝停车场,交通设施,停车场,119.517827,39.835664,parking
poi_parking.csv,秦皇岛新澳海底世界停车场,交通设施,停车场,119.563096,39.906478,parking
poi_parking.csv,秦皇岛站站前广场停车场,交通设施,停车场,119.592674,39.964833,parking
poi_parking.csv,金梦海湾海滩停车点,交通设施,停车场,119.554281,39.902116,parking
poi_parking.csv,秦皇岛茂业天地地下停车场,交通设施,停车场,119.544975,39.908492,parking
poi_parking.csv,秦皇岛万达广场地下停车场,交通设施,停车场,119.576883,39.952239,parking
poi_parking.csv,秦皇求仙入海处停车场,交通设施,停车场,119.623109,39.915791,parking
poi_parking.csv,秦皇岛港口工业旅游区入口区停车场,交通设施,停车场,119.615167,39.913963,parking
poi_parking.csv,秦皇岛市第一医院停车场,交通设施,停车场,119.601291,39.939727,parking
poi_parking.csv,秦皇求仙入海处西北门停车场,交通设施,停车场,119.621036,39.916009,parking
poi_parking.csv,秦皇岛博物馆停车场,交通设施,停车场,119.514628,39.885716,parking
poi_parking.csv,北戴河站停车场,交通设施,停车场,119.422456,39.851689,parking
poi_parking.csv,仙螺岛景区西门停车场,交通设施,停车场,119.432822,39.794249,parking
poi_parking.csv,联峰山公园北门停车点,交通设施,停车场,119.47138,39.826331,parking
poi_parking.csv,集发农业梦想王国停车场,交通设施,停车场,119.418208,39.816529,parking
poi_parking.csv,南戴河国际娱乐中心停车场,交通设施,停车场,119.3515,39.736922,parking
poi_parking.csv,冰塘峪1区停车场,交通设施,停车场,119.360807,40.10642,parking
poi_parking.csv,仙螺岛景区东门停车场,交通设施,停车场,119.435232,39.794834,parking
poi_parking.csv,蔚蓝海岸3号停车场,交通设施,停车场,119.408976,39.775034,parking
poi_parking.csv,远洋·蔚蓝海岸海边2号地面停车场,交通设施,停车场,119.403412,39.774416,parking
poi_parking.csv,北戴河站出租车停车场,交通设施,停车场,119.419008,39.85046199999999,parking
poi_transit.csv,唐山大觉寺(公交站),交通设施,公交站,118.77319387,39.75826856,transit
poi_transit.csv,唐山上场(公交站),交通设施,公交站,118.91846316,40.11688024,transit
poi_transit.csv,秦皇岛公交总公司(公交站),交通设施,公交站,119.60058927,39.96427188,transit
poi_transit.csv,秦皇岛铝业公司(公交站),交通设施,公交站,119.62188849,39.96667924,transit
poi_transit.csv,秦皇岛海港区老年公寓(公交站),交通设施,公交站,119.62424511,39.9676248,transit
poi_transit.csv,秦皇岛旅游集散中心(公交站),交通设施,公交站,119.62856751,39.96857365,transit
poi_transit.csv,秦皇岛北环路(公交站),交通设施,公交站,119.63249608,39.96929908,transit
poi_transit.csv,秦皇岛东港路北段(公交站),交通设施,公交站,119.63524692,39.9677573,transit
poi_transit.csv,秦皇岛三五四四工厂(公交站),交通设施,公交站,119.63533766,39.96460646,transit
poi_transit.csv,秦皇岛东盐务(公交站),交通设施,公交站,119.63575854,39.9556608,transit
poi_transit.csv,秦皇岛东盛世家(公交站),交通设施,公交站,119.63326491,39.95446029,transit
poi_transit.csv,秦皇岛东环里(公交站),交通设施,公交站,119.62190769,39.95434041,transit
poi_transit.csv,秦皇岛东华里(公交站),交通设施,公交站,119.62001507,39.95432231,transit
poi_transit.csv,秦皇岛秦皇岛开放大学(公交站),交通设施,公交站,119.61795635,39.95430299,transit
poi_transit.csv,秦皇岛第三医院(公交站),交通设施,公交站,119.61485914,39.95179722,transit
poi_transit.csv,秦皇岛西盐务(公交站),交通设施,公交站,119.61513597,39.94707486,transit
poi_transit.csv,秦皇岛临河里(公交站),交通设施,公交站,119.61522879,39.9453763,transit
poi_transit.csv,秦皇岛农乐里(公交站),交通设施,公交站,119.61591036,39.9400847,transit
poi_transit.csv,秦皇岛建国路小学(公交站),交通设施,公交站,119.61511513,39.93585197,transit
poi_transit.csv,秦皇岛第三中学(公交站),交通设施,公交站,119.61201496,39.93488832,transit
poi_transit.csv,秦皇岛秦皇岛商城・金原店(公交站),交通设施,公交站,119.60632444,39.93470742,transit
poi_transit.csv,秦皇岛第二中学(公交站),交通设施,公交站,119.6018175,39.93325789,transit
poi_transit.csv,秦皇岛五道桥市场(公交站),交通设施,公交站,119.5972455,39.93342001,transit
poi_transit.csv,秦皇岛人民公园(公交站),交通设施,公交站,119.594486,39.93487511,transit
poi_transit.csv,秦皇岛第四中学(公交站),交通设施,公交站,119.59069056,39.93540753,transit
poi_transit.csv,秦皇岛红旗西里(公交站),交通设施,公交站,119.58492312,39.93504706,transit
poi_transit.csv,秦皇岛金龙花苑小区(公交站),交通设施,公交站,119.57976689,39.93469654,transit
poi_transit.csv,秦皇岛第四医院北区(公交站),交通设施,公交站,119.57587871,39.93440569,transit
poi_transit.csv,秦皇岛安子寺(公交站),交通设施,公交站,119.57286481,39.93574865,transit
poi_transit.csv,秦皇岛红卫南里(公交站),交通设施,公交站,119.57274657,39.93860191,transit
poi_transit.csv,秦皇岛红卫里(公交站),交通设施,公交站,119.5736284,39.941321,transit
poi_transit.csv,秦皇岛风湿骨病医院(铁庄)(公交站),交通设施,公交站,119.57700708,39.94646288,transit
poi_transit.csv,秦皇岛燕玻里(公交站),交通设施,公交站,119.57555999,39.95108771,transit
poi_transit.csv,秦皇岛市政集团(公交站),交通设施,公交站,119.57683837,39.95353532,transit
poi_transit.csv,秦皇岛玉峰里(公交站),交通设施,公交站,119.58183378,39.95388911,transit
poi_transit.csv,秦皇岛应急管理局(公交站),交通设施,公交站,119.58452747,39.95391496,transit
poi_transit.csv,秦皇岛燕山大街(公交站),交通设施,公交站,119.58675725,39.95582232,transit
poi_transit.csv,秦皇岛铁新里(公交站),交通设施,公交站,119.58638768,39.95845572,transit
poi_transit.csv,秦皇岛妇幼保健院(公交站),交通设施,公交站,119.58594563,39.96147819,transit
poi_transit.csv,秦皇岛秦皇岛火车站西(公交站),交通设施,公交站,119.59024796,39.96379761,transit
poi_transit.csv,秦皇岛秦皇岛火车站(公交站),交通设施,公交站,119.5941293,39.96382026,transit
poi_transit.csv,秦皇岛市骨科医院(铁新里)(公交站),交通设施,公交站,119.58633096,39.95836582,transit
poi_transit.csv,秦皇岛秦皇小区(公交站),交通设施,公交站,119.60748483,39.92860484,transit
poi_transit.csv,秦皇岛鑫龙大市场(公交站),交通设施,公交站,119.60487675,39.92950015,transit
poi_transit.csv,秦皇岛四道桥汽车站(公交站),交通设施,公交站,119.5964302,39.93083232,transit
poi_transit.csv,秦皇岛雅绅鸿居小区(公交站),交通设施,公交站,119.59091801,39.93035822,transit
poi_transit.csv,秦皇岛旭日家居建材中心广场(公交站),交通设施,公交站,119.58588988,39.92993379,transit
poi_transit.csv,秦皇岛桥东里(公交站),交通设施,公交站,119.57969177,39.9270502,transit
poi_transit.csv,秦皇岛汤河公园(公交站),交通设施,公交站,119.57441226,39.92391935,transit
poi_transit.csv,秦皇岛秦皇岛海关(公交站),交通设施,公交站,119.57012803,39.92217679,transit
poi_transit.csv,秦皇岛娄山路(公交站),交通设施,公交站,119.56732781,39.92247677,transit
poi_transit.csv,秦皇岛井冈山路(公交站),交通设施,公交站,119.56276798,39.92459182,transit
poi_transit.csv,秦皇岛开发区城管大队(公交站),交通设施,公交站,119.56011396,39.92545131,transit
poi_transit.csv,秦皇岛珠江道(公交站),交通设施,公交站,119.55756833,39.92649153,transit
poi_transit.csv,秦皇岛市中医医院(湘江道)(公交站),交通设施,公交站,119.55651367,39.93050528,transit
poi_transit.csv,秦皇岛和平桥(公交站),交通设施,公交站,119.5565146,39.93463835,transit
poi_transit.csv,秦皇岛和平里(公交站),交通设施,公交站,119.55701745,39.9377516,transit
poi_transit.csv,秦皇岛前进小区(公交站),交通设施,公交站,119.55331775,39.93861114,transit
poi_transit.csv,秦皇岛淮河道(公交站),交通设施,公交站,119.55144848,39.93836695,transit
poi_transit.csv,秦皇岛河北海事局(公交站),交通设施,公交站,119.54297347,39.94017212,transit
poi_transit.csv,秦皇岛森林公园(公交站),交通设施,公交站,119.53446244,39.93786251,transit
poi_transit.csv,秦皇岛峨嵋山北路(公交站),交通设施,公交站,119.53056406,39.93858881,transit
poi_transit.csv,秦皇岛同和热电厂(公交站),交通设施,公交站,119.52904683,39.94202026,transit
poi_transit.csv,秦皇岛吴庄(公交站),交通设施,公交站,119.52749045,39.94547288,transit
poi_transit.csv,秦皇岛中秦兴龙工业集团公司(公交站),交通设施,公交站,119.52197505,39.94413521,transit
poi_transit.csv,秦皇岛开发区交通局(公交站),交通设施,公交站,119.51655063,39.94059993,transit
poi_transit.csv,秦皇岛春光公司(公交站),交通设施,公交站,119.51389416,39.93889735,transit
poi_transit.csv,秦皇岛宇田科技(公交站),交通设施,公交站,119.51030319,39.93654273,transit
poi_transit.csv,秦皇岛LG电子(公交站),交通设施,公交站,119.50832443,39.93460015,transit
poi_transit.csv,秦皇岛淮河道站(公交站),交通设施,公交站,119.55104463,39.93831311,transit
poi_transit.csv,秦皇岛聚贤人才市场(珠江道)(公交站),交通设施,公交站,119.55734279,39.92701805,transit
poi_transit.csv,秦皇岛鑫园广场(公交站),交通设施,公交站,119.60207634,39.92984337,transit
poi_transit.csv,秦皇岛区交通局(公交站),交通设施,公交站,119.58120941,39.9617218,transit
poi_transit.csv,秦皇岛土台子(公交站),交通设施,公交站,119.5747809,39.96011752,transit
poi_transit.csv,秦皇岛邹吕庄小学(公交站),交通设施,公交站,119.56602476,39.95758657,transit
poi_transit.csv,秦皇岛海阳路口(公交站),交通设施,公交站,119.56197352,39.95603804,transit
poi_transit.csv,秦皇岛海阳大桥(公交站),交通设施,公交站,119.55799231,39.95534076,transit
poi_transit.csv,秦皇岛海阳果菜批发市场(公交站),交通设施,公交站,119.55190777,39.95400187,transit
poi_transit.csv,秦皇岛秦皇植物园(公交站),交通设施,公交站,119.55151503,39.94958672,transit
poi_transit.csv,秦皇岛市农业农村局(公交站),交通设施,公交站,119.55118311,39.94591925,transit
poi_transit.csv,秦皇岛富康家园(公交站),交通设施,公交站,119.55279897,39.93600047,transit
poi_transit.csv,秦皇岛东北大学(公交站),交通设施,公交站,119.55776676,39.92301069,transit
poi_transit.csv,秦皇岛泰山路(公交站),交通设施,公交站,119.55830941,39.91817105,transit
poi_transit.csv,秦皇岛白塔岭(公交站),交通设施,公交站,119.55498091,39.91230011,transit
poi_transit.csv,秦皇岛河北科技师范学院(公交站),交通设施,公交站,119.54942306,39.90896876,transit
poi_transit.csv,秦皇岛三五四零工厂(公交站),交通设施,公交站,119.54591824,39.9065499,transit
poi_transit.csv,秦皇岛燕山大学(公交站),交通设施,公交站,119.54153423,39.90301026,transit
poi_transit.csv,秦皇岛森林逸城(公交站),交通设施,公交站,119.53236535,39.8982812,transit
poi_transit.csv,秦皇岛东北石油大学(公交站),交通设施,公交站,119.52754407,39.89603545,transit
poi_transit.csv,秦皇岛归提寨(公交站),交通设施,公交站,119.52192991,39.89359261,transit
poi_transit.csv,秦皇岛市民中心(公交站),交通设施,公交站,119.51745176,39.89033253,transit
poi_transit.csv,秦皇岛新世纪高级中学(公交站),交通设施,公交站,119.51378948,39.88703612,transit
poi_transit.csv,秦皇岛山海关汽车站(公交站),交通设施,公交站,119.77215104,40.00885349,transit
poi_transit.csv,秦皇岛粮食局(公交站),交通设施,公交站,119.77564621,40.01076105,transit
poi_transit.csv,秦皇岛山海关药业(公交站),交通设施,公交站,119.77867674,40.01244569,transit
poi_transit.csv,秦皇岛吕家沟(公交站),交通设施,公交站,119.78249106,40.01578616,transit
poi_transit.csv,秦皇岛四零四小区(公交站),交通设施,公交站,119.78655668,40.01803269,transit
poi_transit.csv,秦皇岛南窑河(公交站),交通设施,公交站,119.79087772,40.01877892,transit
poi_transit.csv,秦皇岛沙河东村(公交站),交通设施,公交站,119.79017489,40.0128175,transit
poi_transit.csv,秦皇岛沙河西村(公交站),交通设施,公交站,119.78795477,40.01061486,transit
poi_transit.csv,秦皇岛沙河路市场(公交站),交通设施,公交站,119.78259103,40.00744586,transit
poi_transit.csv,秦皇岛沙河路西(公交站),交通设施,公交站,119.77928528,40.00626128,transit
poi_transit.csv,秦皇岛东水关立交桥(公交站),交通设施,公交站,119.77449425,40.00454742,transit
poi_transit.csv,秦皇岛天下第一关(公交站),交通设施,公交站,119.76668729,40.00572833,transit
poi_transit.csv,秦皇岛山海关南门(公交站),交通设施,公交站,119.76125989,40.0030695,transit
poi_transit.csv,秦皇岛兴华市场(公交站),交通设施,公交站,119.76039035,40.0009885,transit
poi_transit.csv,秦皇岛铁新街(公交站),交通设施,公交站,119.76485476,39.99470379,transit
poi_transit.csv,秦皇岛南海道(公交站),交通设施,公交站,119.76673211,39.99576492,transit
poi_transit.csv,秦皇岛老干部公寓(公交站),交通设施,公交站,119.77186452,39.99847224,transit
poi_transit.csv,秦皇岛长城西街(公交站),交通设施,公交站,119.77429533,39.99967954,transit
poi_transit.csv,秦皇岛南水井(公交站),交通设施,公交站,119.77824758,40.0005705,transit
poi_transit.csv,秦皇岛海天驾校(公交站),交通设施,公交站,119.78946559,39.99596112,transit
poi_transit.csv,秦皇岛首创山海关水务公司(公交站),交通设施,公交站,119.79413605,39.99365646,transit
poi_transit.csv,秦皇岛天威盛景(公交站),交通设施,公交站,119.79863982,39.99102395,transit
poi_transit.csv,秦皇岛城发局东区(公交站),交通设施,公交站,119.80742842,39.98982825,transit
poi_transit.csv,秦皇岛海燕俱乐部(公交站),交通设施,公交站,119.81428395,39.98994698,transit
poi_transit.csv,秦皇岛船厂路小区(公交站),交通设施,公交站,119.81667615,39.98995553,transit
poi_transit.csv,秦皇岛天威保变公司(公交站),交通设施,公交站,119.82140722,39.99010548,transit
poi_transit.csv,秦皇岛金海食品(公交站),交通设施,公交站,119.83049522,39.99178497,transit
poi_transit.csv,秦皇岛鹏泰公司(公交站),交通设施,公交站,119.83988562,39.99387159,transit
poi_transit.csv,秦皇岛三养食品公司(公交站),交通设施,公交站,119.83897786,39.99538718,transit
poi_transit.csv,秦皇岛上海西道站(公交站),交通设施,公交站,119.78947323,39.99603258,transit
poi_transit.csv,秦皇岛兴隆里(公交站),交通设施,公交站,119.58832766,39.93280771,transit
poi_transit.csv,秦皇岛红旗里(公交站),交通设施,公交站,119.58772332,39.93662645,transit
poi_transit.csv,秦皇岛长城村(公交站),交通设施,公交站,119.5885317,39.93997197,transit
poi_transit.csv,秦皇岛巧致美容医院(公交站),交通设施,公交站,119.58802827,39.94454608,transit
poi_transit.csv,秦皇岛新世纪公园(公交站),交通设施,公交站,119.59166694,39.94814482,transit
poi_transit.csv,秦皇岛服务北里(公交站),交通设施,公交站,119.59717371,39.94825835,transit
poi_transit.csv,秦皇岛海港镇政府(公交站),交通设施,公交站,119.59954477,39.94830291,transit
poi_transit.csv,秦皇岛天安人寿(公交站),交通设施,公交站,119.60378385,39.94839253,transit
poi_transit.csv,秦皇岛海军秦皇岛医院(公交站),交通设施,公交站,119.60868146,39.94848349,transit
poi_transit.csv,秦皇岛第八中学(公交站),交通设施,公交站,119.61264814,39.94857449,transit
poi_transit.csv,秦皇岛建安里(公交站),交通设施,公交站,119.61624725,39.94863172,transit
poi_transit.csv,秦皇岛燕海东里(公交站),交通设施,公交站,119.62202316,39.94875913,transit
poi_transit.csv,秦皇岛军安小区(公交站),交通设施,公交站,119.63203622,39.94896214,transit
poi_transit.csv,秦皇岛富丰家园(公交站),交通设施,公交站,119.63594131,39.95123674,transit
poi_transit.csv,秦皇岛秦皇岛冀盛物流(公交站),交通设施,公交站,119.63285989,39.97433814,transit
poi_transit.csv,秦皇岛福凯物流(公交站),交通设施,公交站,119.63065403,39.97856895,transit
poi_transit.csv,秦皇岛小李庄(公交站),交通设施,公交站,119.63041307,39.98257567,transit
poi_transit.csv,秦皇岛小张庄(公交站),交通设施,公交站,119.63047309,39.98528394,transit
poi_transit.csv,秦皇岛小张庄北站(公交站),交通设施,公交站,119.62961194,39.99016374,transit
poi_transit.csv,秦皇岛嘉控电气有限公司(公交站),交通设施,公交站,119.63136499,39.99807339,transit
poi_transit.csv,秦皇岛秀山樱园小区(公交站),交通设施,公交站,119.63504243,39.99927737,transit
poi_transit.csv,秦皇岛邵岭小区(公交站),交通设施,公交站,119.58802845,39.94454555,transit
poi_transit.csv,秦皇岛天安人寿(交建里)(公交站),交通设施,公交站,119.60405154,39.94847451,transit
poi_transit.csv,秦皇岛市委党校(公交站),交通设施,公交站,119.50247079,39.84250412,transit
poi_transit.csv,秦皇岛赤土山新村(公交站),交通设施,公交站,119.50586143,39.84134113,transit
poi_transit.csv,秦皇岛新河路(公交站),交通设施,公交站,119.51648292,39.83873171,transit
poi_transit.csv,秦皇岛临时站(公交站),交通设施,公交站,119.51910991,39.83545799,transit
poi_transit.csv,秦皇岛有色金属疗养院(公交站),交通设施,公交站,119.52889691,39.82742297,transit
poi_transit.csv,秦皇岛国家环保总局(公交站),交通设施,公交站,119.52695187,39.82695687,transit
poi_transit.csv,秦皇岛康乐路(公交站),交通设施,公交站,119.52624238,39.82501633,transit
poi_transit.csv,秦皇岛秦皇岛友谊宾馆(公交站),交通设施,公交站,119.52551438,39.82231988,transit
poi_transit.csv,秦皇岛管道局培训中心(公交站),交通设施,公交站,119.5218136,39.82172879,transit
poi_transit.csv,秦皇岛省康复医院(公交站),交通设施,公交站,119.5172057,39.82126127,transit
poi_transit.csv,秦皇岛黑龙江干部疗养院(公交站),交通设施,公交站,119.5134578,39.82080318,transit
poi_transit.csv,秦皇岛月季园(公交站),交通设施,公交站,119.50582579,39.81936701,transit
poi_transit.csv,秦皇岛七桥南路路口(公交站),交通设施,公交站,119.50363746,39.81905836,transit
poi_transit.csv,秦皇岛交通疗养院(公交站),交通设施,公交站,119.49789147,39.81845064,transit
poi_transit.csv,秦皇岛书画展览馆(公交站),交通设施,公交站,119.49276799,39.81747529,transit
poi_transit.csv,秦皇岛老虎石公园(公交站),交通设施,公交站,119.49008724,39.81920889,transit
poi_transit.csv,秦皇岛北戴河医院(公交站),交通设施,公交站,119.48790267,39.82361497,transit
poi_transit.csv,秦皇岛北四路(公交站),交通设施,公交站,119.48372306,39.82579569,transit
poi_transit.csv,秦皇岛北岭花园(公交站),交通设施,公交站,119.48205734,39.82711116,transit
poi_transit.csv,秦皇岛北戴河二中(公交站),交通设施,公交站,119.48183776,39.83072898,transit
poi_transit.csv,秦皇岛秦皇岛职业技术学院(公交站),交通设施,公交站,119.48226406,39.83322713,transit
poi_transit.csv,秦皇岛北戴河区政府(北五路)(公交站),交通设施,公交站,119.48306194,39.83544946,transit
poi_transit.csv,秦皇岛广缘北戴河店(公交站),交通设施,公交站,119.48384187,39.83743071,transit
poi_transit.csv,秦皇岛北三路(公交站),交通设施,公交站,119.4879631,39.83534522,transit
poi_transit.csv,秦皇岛速8酒店(公交站),交通设施,公交站,119.49021506,39.83420552,transit
poi_transit.csv,秦皇岛避暑园小区(公交站),交通设施,公交站,119.49200312,39.83161685,transit
poi_transit.csv,秦皇岛北戴河交警队(公交站),交通设施,公交站,119.48886296,39.82756972,transit
poi_transit.csv,秦皇岛海滨汽车站(公交站),交通设施,公交站,119.49199716,39.82378354,transit
poi_transit.csv,秦皇岛北戴河第一中学(公交站),交通设施,公交站,119.48671603,39.83851963,transit
poi_transit.csv,秦皇岛鸽子窝公园(公交站),交通设施,公交站,119.51882994,39.83552118,transit
poi_transit.csv,秦皇岛东环路(公交站),交通设施,公交站,119.61564439,39.92878814,transit
poi_transit.csv,秦皇岛文化里(公交站),交通设施,公交站,119.60293171,39.93611841,transit
poi_transit.csv,秦皇岛第一医院(公交站),交通设施,公交站,119.60257953,39.93861259,transit
poi_transit.csv,秦皇岛人民路(公交站),交通设施,公交站,119.59925335,39.94218888,transit
poi_transit.csv,秦皇岛新闻里(公交站),交通设施,公交站,119.5913184,39.94199886,transit
poi_transit.csv,秦皇岛新世纪小区(公交站),交通设施,公交站,119.58514407,39.9413822,transit
poi_transit.csv,秦皇岛友谊路路口(公交站),交通设施,公交站,119.58096824,39.94182359,transit
poi_transit.csv,秦皇岛配电公司(公交站),交通设施,公交站,119.57829655,39.94321637,transit
poi_transit.csv,秦皇岛五粮液大酒店(公交站),交通设施,公交站,119.57498295,39.94493095,transit
poi_transit.csv,秦皇岛市文化广场(公交站),交通设施,公交站,119.5709111,39.9470472,transit
poi_transit.csv,秦皇岛市公安局(公交站),交通设施,公交站,119.56745737,39.94951761,transit
poi_transit.csv,秦皇岛李姓安庄(公交站),交通设施,公交站,119.5652831,39.95297844,transit
poi_transit.csv,秦皇岛邹吕庄(公交站),交通设施,公交站,119.56429069,39.95512594,transit
poi_transit.csv,秦皇岛腰占庄(公交站),交通设施,公交站,119.55946382,39.96258912,transit
poi_transit.csv,秦皇岛五一五(公交站),交通设施,公交站,119.55700174,39.96522329,transit
poi_transit.csv,秦皇岛海阳集贸市场(公交站),交通设施,公交站,119.5543759,39.96809321,transit
poi_transit.csv,秦皇岛新庄(公交站),交通设施,公交站,119.55124244,39.97124613,transit
poi_transit.csv,秦皇岛缪庄(公交站),交通设施,公交站,119.54792875,39.97394534,transit
poi_transit.csv,秦皇岛北张庄(公交站),交通设施,公交站,119.54562879,39.98105036,transit
poi_transit.csv,秦皇岛路通驾校(公交站),交通设施,公交站,119.5437211,39.9859293,transit
poi_transit.csv,秦皇岛徐庄(公交站),交通设施,公交站,119.54289216,39.98798995,transit
poi_transit.csv,秦皇岛徐庄村委会(公交站),交通设施,公交站,119.53813063,39.98905213,transit
poi_transit.csv,秦皇岛郭庄(公交站),交通设施,公交站,119.52869463,39.98710813,transit
poi_transit.csv,秦皇岛栗园(公交站),交通设施,公交站,119.52030171,39.9867202,transit
poi_transit.csv,秦皇岛第七中学(公交站),交通设施,公交站,119.60219113,39.94056212,transit
poi_transit.csv,秦皇岛清真寺(公交站),交通设施,公交站,119.60831516,39.9334049,transit
poi_transit.csv,秦皇岛秦皇小区(广缘太阳城店)(公交站),交通设施,公交站,119.60866638,39.92939952,transit
poi_transit.csv,秦皇岛海港医院(公交站),交通设施,公交站,119.60350878,39.93169356,transit
poi_transit.csv,秦皇岛张庄(公交站),交通设施,公交站,119.56791939,39.93374806,transit
poi_transit.csv,秦皇岛装饰材料城(公交站),交通设施,公交站,119.56178866,39.93328232,transit
poi_transit.csv,秦皇岛经棉里(公交站),交通设施,公交站,119.5527835,39.93238966,transit
poi_transit.csv,秦皇岛长江中道(公交站),交通设施,公交站,119.54815466,39.93184352,transit
poi_transit.csv,秦皇岛孟营苗圃(公交站),交通设施,公交站,119.54477521,39.92761764,transit
poi_transit.csv,秦皇岛宝佳花园(公交站),交通设施,公交站,119.54278467,39.9251924,transit
poi_transit.csv,秦皇岛开发区中学(公交站),交通设施,公交站,119.53984633,39.92540968,transit
poi_transit.csv,秦皇岛孟营小区(公交站),交通设施,公交站,119.53737561,39.92559726,transit
poi_transit.csv,秦皇岛乐园小区(公交站),交通设施,公交站,119.53432482,39.9234653,transit
poi_transit.csv,秦皇岛天成锦江苑(公交站),交通设施,公交站,119.53466082,39.92098212,transit
poi_transit.csv,秦皇岛升达弘Z小区(公交站),交通设施,公交站,119.53190589,39.92191278,transit
poi_transit.csv,秦皇岛青馨家园四区(公交站),交通设施,公交站,119.52841264,39.92514205,transit
poi_transit.csv,秦皇岛邢庄家园(公交站),交通设施,公交站,119.52566591,39.92508841,transit
poi_transit.csv,秦皇岛曦城花语(公交站),交通设施,公交站,119.5227073,39.92204113,transit
poi_transit.csv,秦皇岛明日星城(公交站),交通设施,公交站,119.52002139,39.91965357,transit
poi_transit.csv,秦皇岛状元府(公交站),交通设施,公交站,119.51683503,39.91716839,transit
poi_transit.csv,秦皇岛第一中学(公交站),交通设施,公交站,119.51277465,39.91405824,transit
poi_transit.csv,秦皇岛公富庄(公交站),交通设施,公交站,119.50833916,39.91076514,transit
poi_transit.csv,秦皇岛南岭国际(公交站),交通设施,公交站,119.50627788,39.90867424,transit
poi_transit.csv,秦皇岛王岭(公交站),交通设施,公交站,119.60608352,39.96299096,transit
poi_transit.csv,秦皇岛检察院(公交站),交通设施,公交站,119.60618717,39.960991,transit
poi_transit.csv,秦皇岛燕安小区(公交站),交通设施,公交站,119.60633986,39.95706408,transit
poi_transit.csv,秦皇岛秦皇岛市自来水有限公司(公交站),交通设施,公交站,119.60828596,39.95412594,transit
poi_transit.csv,秦皇岛燕山小区(公交站),交通设施,公交站,119.61283784,39.95416589,transit
poi_transit.csv,秦皇岛园丁小区(公交站),交通设施,公交站,119.62305264,39.95174261,transit
poi_transit.csv,秦皇岛国贸饭店(公交站),交通设施,公交站,119.60672985,39.94722594,transit
poi_transit.csv,秦皇岛亚泰(公交站),交通设施,公交站,119.60680328,39.94517536,transit
poi_transit.csv,秦皇岛中国移动通信(公交站),交通设施,公交站,119.60687743,39.94339544,transit
poi_transit.csv,秦皇岛弘扬家居城(公交站),交通设施,公交站,119.60749189,39.94058497,transit
poi_transit.csv,秦皇岛现代购物广场(公交站),交通设施,公交站,119.60807879,39.93705105,transit
poi_transit.csv,秦皇岛龙城华府(公交站),交通设施,公交站,119.58278043,39.93074068,transit
poi_transit.csv,秦皇岛河涧里北区(公交站),交通设施,公交站,119.58254511,39.93289742,transit
poi_transit.csv,秦皇岛水果批发市场(公交站),交通设施,公交站,119.58172435,39.93944961,transit
poi_transit.csv,秦皇岛育红里(公交站),交通设施,公交站,119.57206229,39.94516316,transit
poi_transit.csv,秦皇岛盛安福地(公交站),交通设施,公交站,119.56810166,39.94269919,transit
poi_transit.csv,秦皇岛张庄小区(公交站),交通设施,公交站,119.56528677,39.94143,transit
poi_transit.csv,秦皇岛市骨科医院(公交站),交通设施,公交站,119.58633203,39.95836644,transit
poi_transit.csv,秦皇岛市红十字会(公交站),交通设施,公交站,119.58743257,39.95060347,transit
poi_transit.csv,秦皇岛红旗路路口(公交站),交通设施,公交站,119.58873646,39.93773904,transit
poi_transit.csv,秦皇岛工人文化宫(公交站),交通设施,公交站,119.59177282,39.93618745,transit
poi_transit.csv,秦皇岛地道南口(公交站),交通设施,公交站,119.60469159,39.92547389,transit
poi_transit.csv,秦皇岛光明路路口(公交站),交通设施,公交站,119.60475212,39.92300619,transit
poi_transit.csv,秦皇岛海港里(公交站),交通设施,公交站,119.60275327,39.92173578,transit
poi_transit.csv,秦皇岛第四医院南区(公交站),交通设施,公交站,119.59814622,39.92165836,transit
poi_transit.csv,秦皇岛第十中学(公交站),交通设施,公交站,119.59541493,39.92160693,transit
poi_transit.csv,秦皇岛秦港教育培训中心(公交站),交通设施,公交站,119.58840927,39.92149267,transit
poi_transit.csv,秦皇岛耀振里(公交站),交通设施,公交站,119.58556115,39.92300794,transit
poi_transit.csv,秦皇岛桥西(公交站),交通设施,公交站,119.56605118,39.91893506,transit
poi_transit.csv,秦皇岛文体路(公交站),交通设施,公交站,119.56950388,39.91501717,transit
poi_transit.csv,秦皇岛体育基地(公交站),交通设施,公交站,119.57133988,39.91435241,transit
poi_transit.csv,秦皇岛河滨路(公交站),交通设施,公交站,119.57037941,39.90960046,transit
poi_transit.csv,秦皇岛秦皇国际大酒店(公交站),交通设施,公交站,119.56574203,39.90770953,transit
poi_transit.csv,秦皇岛旭海・金梦海湾8号(公交站),交通设施,公交站,119.5582122,39.90529453,transit
poi_transit.csv,秦皇岛香格里拉大酒店(公交站),交通设施,公交站,119.55457841,39.90205678,transit
poi_transit.csv,秦皇岛金梦海湾一号(公交站),交通设施,公交站,119.54739629,39.89764355,transit
poi_transit.csv,秦皇岛耀华新居(公交站),交通设施,公交站,119.58957014,39.92334537,transit
poi_transit.csv,秦皇岛人民公园(海阳路)(公交站),交通设施,公交站,119.59448701,39.93487538,transit
poi_transit.csv,秦皇岛中西医骨科医院(公交站),交通设施,公交站,119.58745554,39.9509197,transit
poi_transit.csv,秦皇岛公用事业局(公交站),交通设施,公交站,119.59709657,39.93341503,transit
poi_transit.csv,秦皇岛秦港培训中心(公交站),交通设施,公交站,119.58904876,39.92150146,transit
poi_transit.csv,秦皇岛煤港里(公交站),交通设施,公交站,119.63626275,39.9350939,transit
poi_transit.csv,秦皇岛秦港二公司(公交站),交通设施,公交站,119.63702009,39.93211235,transit
poi_transit.csv,秦皇岛海洋学院(公交站),交通设施,公交站,119.63574078,39.92927209,transit
poi_transit.csv,秦皇岛工人南里(公交站),交通设施,公交站,119.63179886,39.92958295,transit
poi_transit.csv,秦皇岛河东(公交站),交通设施,公交站,119.62897169,39.92991928,transit
poi_transit.csv,秦皇岛海港区市政(公交站),交通设施,公交站,119.62218141,39.93150125,transit
poi_transit.csv,秦皇岛交运里(公交站),交通设施,公交站,119.61531768,39.93356031,transit
poi_transit.csv,秦皇岛热力总公司(公交站),交通设施,公交站,119.58623592,39.93910078,transit
poi_transit.csv,秦皇岛海阳镇政府(公交站),交通设施,公交站,119.54918428,39.95497725,transit
poi_transit.csv,秦皇岛海洋香都(公交站),交通设施,公交站,119.54564541,39.95697204,transit
poi_transit.csv,秦皇岛法检大楼(公交站),交通设施,公交站,119.23254247,39.87652255,transit
poi_transit.csv,秦皇岛抚宁区政府(公交站),交通设施,公交站,119.24602731,39.87496681,transit
poi_transit.csv,秦皇岛迎宾小区(公交站),交通设施,公交站,119.24734726,39.877042,transit
poi_transit.csv,秦皇岛抚宁区交通运输局(公交站),交通设施,公交站,119.24764504,39.88131744,transit
poi_transit.csv,秦皇岛爱玛电动车(公交站),交通设施,公交站,119.24487584,39.88525582,transit
poi_transit.csv,秦皇岛抚宁电力局(公交站),交通设施,公交站,119.23857476,39.88633294,transit
poi_transit.csv,秦皇岛抚宁老干部局(公交站),交通设施,公交站,119.23840652,39.89010582,transit
poi_transit.csv,秦皇岛移动公司(公交站),交通设施,公交站,119.23809585,39.89354647,transit
poi_transit.csv,秦皇岛抚宁公交汽车站(公交站),交通设施,公交站,119.24062601,39.89495003,transit
poi_transit.csv,秦皇岛抚宁交通运输局(公交站),交通设施,公交站,119.24754392,39.88115766,transit
poi_transit.csv,秦皇岛兴龙广缘金山店(公交站),交通设施,公交站,119.26673485,39.87368809,transit
poi_transit.csv,秦皇岛新一中(公交站),交通设施,公交站,119.25958868,39.8739324,transit
poi_transit.csv,秦皇岛抚宁卫生局(公交站),交通设施,公交站,119.25324181,39.87411008,transit
poi_transit.csv,秦皇岛骊骅山庄(公交站),交通设施,公交站,119.24958121,39.87454292,transit
poi_transit.csv,秦皇岛党校(公交站),交通设施,公交站,119.23743933,39.87739593,transit
poi_transit.csv,秦皇岛抚宁建设局(公交站),交通设施,公交站,119.23804126,39.88034482,transit
poi_transit.csv,秦皇岛童星幼儿教育(公交站),交通设施,公交站,119.2479726,39.8856813,transit
poi_transit.csv,秦皇岛抚宁粮食局(公交站),交通设施,公交站,119.24817144,39.888409,transit
poi_transit.csv,秦皇岛抚宁妇幼医院(公交站),交通设施,公交站,119.24563835,39.89370209,transit
poi_transit.csv,秦皇岛南戴河(公交站),交通设施,公交站,119.42284383,39.79543508,transit
poi_transit.csv,秦皇岛南戴河医院(公交站),交通设施,公交站,119.41879096,39.79584391,transit
poi_transit.csv,秦皇岛富园里小区(公交站),交通设施,公交站,119.41670774,39.79769054,transit
poi_transit.csv,秦皇岛富强里小区(公交站),交通设施,公交站,119.4156392,39.79990655,transit
poi_transit.csv,秦皇岛南戴河海滨市场(公交站),交通设施,公交站,119.41293023,39.8051839,transit
poi_transit.csv,秦皇岛戴河水岸星城(公交站),交通设施,公交站,119.41144502,39.8080227,transit
poi_transit.csv,秦皇岛戴河苑小区(公交站),交通设施,公交站,119.40997421,39.81081635,transit
poi_transit.csv,秦皇岛避暑家园小区(公交站),交通设施,公交站,119.40821711,39.81436644,transit
poi_transit.csv,秦皇岛碧海华亭(公交站),交通设施,公交站,119.40673941,39.82348995,transit
poi_transit.csv,秦皇岛戴河新城(公交站),交通设施,公交站,119.40516029,39.83074956,transit
poi_transit.csv,秦皇岛牛头崖政府(公交站),交通设施,公交站,119.40478547,39.83429325,transit
poi_transit.csv,秦皇岛狮子河(公交站),交通设施,公交站,119.39060741,39.82885082,transit
poi_transit.csv,秦皇岛蒲兰村路口(公交站),交通设施,公交站,119.3804313,39.82410828,transit
poi_transit.csv,秦皇岛都寨(公交站),交通设施,公交站,119.36075194,39.81458407,transit
poi_transit.csv,秦皇岛洋河套路口(公交站),交通设施,公交站,119.35490463,39.81182544,transit
poi_transit.csv,秦皇岛牛店子(公交站),交通设施,公交站,119.34179267,39.80350525,transit
poi_transit.csv,秦皇岛刘义庄(公交站),交通设施,公交站,119.33375675,39.79926668,transit
poi_transit.csv,秦皇岛毛家营(公交站),交通设施,公交站,119.32529994,39.79722575,transit
poi_transit.csv,秦皇岛好马营路口(公交站),交通设施,公交站,119.31403662,39.78591621,transit
poi_transit.csv,秦皇岛留守营(公交站),交通设施,公交站,119.29724425,39.78211547,transit
poi_transit.csv,秦皇岛农行路口(公交站),交通设施,公交站,119.29962721,39.78378032,transit
poi_transit.csv,秦皇岛吉祥家园(公交站),交通设施,公交站,119.30604231,39.78687439,transit
poi_transit.csv,秦皇岛东街菜市场(公交站),交通设施,公交站,119.30725286,39.79010186,transit
poi_transit.csv,秦皇岛豪峰小区(公交站),交通设施,公交站,119.30143722,39.79278465,transit
poi_transit.csv,秦皇岛张各前路口(公交站),交通设施,公交站,119.29530895,39.79638818,transit
poi_transit.csv,秦皇岛黄义庄(公交站),交通设施,公交站,119.28986985,39.80055568,transit
poi_transit.csv,秦皇岛小营村(公交站),交通设施,公交站,119.287863,39.80707071,transit
poi_transit.csv,秦皇岛潘官营(公交站),交通设施,公交站,119.28493432,39.82521221,transit
poi_transit.csv,秦皇岛马义庄(公交站),交通设施,公交站,119.2805868,39.83304978,transit
poi_transit.csv,秦皇岛小沿村(公交站),交通设施,公交站,119.27108323,39.84089842,transit
poi_transit.csv,秦皇岛沿沟屯(公交站),交通设施,公交站,119.27098273,39.84731699,transit
poi_transit.csv,秦皇岛碧海路(公交站),交通设施,公交站,119.26925765,39.85227904,transit
poi_transit.csv,秦皇岛紫荆路(公交站),交通设施,公交站,119.24978514,39.8561507,transit
poi_transit.csv,秦皇岛紫金湾(公交站),交通设施,公交站,119.25140469,39.86236642,transit
poi_transit.csv,秦皇岛抚宁第一中学(公交站),交通设施,公交站,119.25673681,39.87220385,transit
poi_transit.csv,秦皇岛联通公司(公交站),交通设施,公交站,119.25244149,39.87878056,transit
poi_transit.csv,秦皇岛骊景华庭(公交站),交通设施,公交站,119.2530353,39.88449089,transit
poi_transit.csv,秦皇岛北方家具城(公交站),交通设施,公交站,119.25316666,39.89092991,transit
poi_transit.csv,秦皇岛抚宁中医院(公交站),交通设施,公交站,119.24965911,39.89207245,transit
poi_transit.csv,秦皇岛抚宁交通局(公交站),交通设施,公交站,119.24754458,39.88114258,transit
poi_transit.csv,秦皇岛老站(公交站),交通设施,公交站,119.23373182,39.89646207,transit
poi_transit.csv,秦皇岛三里杨村(公交站),交通设施,公交站,119.24972623,39.90212005,transit
poi_transit.csv,秦皇岛渤海寨村(公交站),交通设施,公交站,119.25274701,39.90773376,transit
poi_transit.csv,秦皇岛河潮营村(公交站),交通设施,公交站,119.26418001,39.92397499,transit
poi_transit.csv,秦皇岛富金村(公交站),交通设施,公交站,119.2725388,39.9378081,transit
poi_transit.csv,秦皇岛博士营村(公交站),交通设施,公交站,119.28000769,39.94577653,transit
poi_transit.csv,秦皇岛兴龙寨村(公交站),交通设施,公交站,119.29055614,39.9502217,transit
poi_transit.csv,秦皇岛东新寨村(公交站),交通设施,公交站,119.29670319,39.94924721,transit
poi_transit.csv,秦皇岛修理庄村(公交站),交通设施,公交站,119.31070103,39.93724054,transit
poi_transit.csv,秦皇岛安庄村(公交站),交通设施,公交站,119.32271639,39.93284249,transit
poi_transit.csv,秦皇岛温庄村(公交站),交通设施,公交站,119.3271951,39.92518235,transit
poi_transit.csv,秦皇岛兴福庄(公交站),交通设施,公交站,119.33600696,39.92117513,transit
poi_transit.csv,秦皇岛永顺庄(公交站),交通设施,公交站,119.34463687,39.91525986,transit
poi_transit.csv,秦皇岛榆关镇后庄村(公交站),交通设施,公交站,119.35009251,39.91010746,transit
poi_transit.csv,秦皇岛贾庄(公交站),交通设施,公交站,119.33736567,39.93792664,transit
poi_transit.csv,秦皇岛驸马寨村(公交站),交通设施,公交站,119.33491604,39.94496138,transit
poi_transit.csv,秦皇岛龙口店(公交站),交通设施,公交站,119.3341833,39.9539039,transit
poi_transit.csv,秦皇岛台上村(公交站),交通设施,公交站,119.3334439,39.95895717,transit
poi_transit.csv,秦皇岛冯庄(公交站),交通设施,公交站,119.33512121,39.96515114,transit
poi_transit.csv,秦皇岛王家庄村(公交站),交通设施,公交站,119.33638859,39.96701724,transit
poi_transit.csv,秦皇岛李庄村(公交站),交通设施,公交站,119.33800542,39.97355276,transit
poi_transit.csv,秦皇岛龙腰村(公交站),交通设施,公交站,119.33828081,39.97691333,transit
poi_transit.csv,秦皇岛石门村(公交站),交通设施,公交站,119.34556823,39.98816984,transit
poi_transit.csv,秦皇岛北车厂村(公交站),交通设施,公交站,119.351115,39.99687272,transit
poi_transit.csv,秦皇岛苏家庄(公交站),交通设施,公交站,119.34176074,39.79250671,transit
poi_transit.csv,秦皇岛圈子营(公交站),交通设施,公交站,119.34387237,39.78981418,transit
poi_transit.csv,秦皇岛西河南(公交站),交通设施,公交站,119.34773531,39.77940742,transit
poi_transit.csv,秦皇岛第二小学(公交站),交通设施,公交站,119.2325494,39.89532123,transit
poi_transit.csv,秦皇岛抚宁桥(公交站),交通设施,公交站,119.22685326,39.89581783,transit
poi_transit.csv,秦皇岛抚洋小区(公交站),交通设施,公交站,119.22350352,39.89607592,transit
poi_transit.csv,秦皇岛大李庄村(公交站),交通设施,公交站,119.2105817,39.89798501,transit
poi_transit.csv,秦皇岛兴王庄村(公交站),交通设施,公交站,119.20538045,39.89894028,transit
poi_transit.csv,秦皇岛鲁庄村(公交站),交通设施,公交站,119.19718847,39.90044434,transit
poi_transit.csv,秦皇岛肖各庄村(公交站),交通设施,公交站,119.17467983,39.92049758,transit
poi_transit.csv,秦皇岛曹东庄村(公交站),交通设施,公交站,119.16980779,39.93513861,transit
poi_transit.csv,秦皇岛西石河村(公交站),交通设施,公交站,119.18485759,39.9404631,transit
poi_transit.csv,秦皇岛后石河村(公交站),交通设施,公交站,119.18687335,39.94990843,transit
poi_transit.csv,秦皇岛刘各庄路口(公交站),交通设施,公交站,119.19087198,39.96755822,transit
poi_transit.csv,秦皇岛茹各庄村(公交站),交通设施,公交站,119.192932,39.97441416,transit
poi_transit.csv,秦皇岛马各庄东(公交站),交通设施,公交站,119.18038955,39.97712689,transit
poi_transit.csv,秦皇岛马各庄村(公交站),交通设施,公交站,119.17436305,39.98020477,transit
poi_transit.csv,秦皇岛东河南大庄(公交站),交通设施,公交站,119.38066547,39.78269529,transit
poi_transit.csv,秦皇岛东河南小庄(公交站),交通设施,公交站,119.37419864,39.78037634,transit
poi_transit.csv,秦皇岛水沿庄(公交站),交通设施,公交站,119.33733504,39.76875257,transit
poi_transit.csv,秦皇岛后朱建坨(公交站),交通设施,公交站,119.32931489,39.76210209,transit
poi_transit.csv,秦皇岛前朱建坨(公交站),交通设施,公交站,119.32972816,39.75461851,transit
poi_transit.csv,秦皇岛丁义庄(公交站),交通设施,公交站,119.32436538,39.75077839,transit
poi_transit.csv,秦皇岛唐义庄(公交站),交通设施,公交站,119.32306059,39.74753276,transit
poi_transit.csv,秦皇岛南里庄(公交站),交通设施,公交站,119.31694826,39.74619333,transit
poi_transit.csv,秦皇岛官庄(公交站),交通设施,公交站,119.30786497,39.76258449,transit
poi_transit.csv,秦皇岛文建里(公交站),交通设施,公交站,119.60762218,39.94063762,transit
poi_transit.csv,秦皇岛广源世纪港湾(公交站),交通设施,公交站,119.58330266,39.94806762,transit
poi_transit.csv,秦皇岛广缘世纪港湾店(公交站),交通设施,公交站,119.57852187,39.94802724,transit
poi_transit.csv,秦皇岛海港区政务服务中心(公交站),交通设施,公交站,119.56390911,39.94705852,transit
poi_transit.csv,秦皇岛碧水华庭(公交站),交通设施,公交站,119.5550251,39.9439317,transit
poi_transit.csv,秦皇岛西环北路(公交站),交通设施,公交站,119.55192147,39.95290037,transit
poi_transit.csv,秦皇岛大里营(公交站),交通设施,公交站,119.54007542,39.95423036,transit
poi_transit.csv,秦皇岛大里营西站(公交站),交通设施,公交站,119.53394256,39.95408546,transit
poi_transit.csv,秦皇岛西王岭(公交站),交通设施,公交站,119.52570926,39.95361903,transit
poi_transit.csv,秦皇岛西王岭西站(公交站),交通设施,公交站,119.52006129,39.9519291,transit
poi_transit.csv,秦皇岛祈连山路口(公交站),交通设施,公交站,119.51215744,39.94993913,transit
poi_transit.csv,秦皇岛凤凰店(公交站),交通设施,公交站,119.50733604,39.94885881,transit
poi_transit.csv,秦皇岛西张庄(公交站),交通设施,公交站,119.50245138,39.9471687,transit
poi_transit.csv,秦皇岛许庄村(公交站),交通设施,公交站,119.49900456,39.94208416,transit
poi_transit.csv,秦皇岛迎秋西里(公交站),交通设施,公交站,119.58345935,39.94798773,transit
poi_transit.csv,秦皇岛交建里(公交站),交通设施,公交站,119.60378288,39.94839177,transit
poi_transit.csv,秦皇岛抚宁第二小学幼儿园(公交站),交通设施,公交站,119.2325494,39.89532052,transit
poi_transit.csv,秦皇岛上官营村(公交站),交通设施,公交站,119.16189074,39.94885123,transit
poi_transit.csv,秦皇岛小黄金山村(公交站),交通设施,公交站,119.1611608,39.95463081,transit
poi_transit.csv,秦皇岛大黄金山村(公交站),交通设施,公交站,119.15421115,39.95570693,transit
poi_transit.csv,秦皇岛许家峪村(公交站),交通设施,公交站,119.14129536,39.96809819,transit
poi_transit.csv,秦皇岛杨家燕山村(公交站),交通设施,公交站,119.11393607,39.97294949,transit
poi_transit.csv,秦皇岛后白塔村(公交站),交通设施,公交站,119.10763158,39.9712479,transit
poi_transit.csv,秦皇岛朱家燕山村(公交站),交通设施,公交站,119.08931224,39.98554746,transit
poi_transit.csv,秦皇岛森林逸城汽车站(公交站),交通设施,公交站,119.52437704,39.88841314,transit
poi_transit.csv,秦皇岛森林逸城南门(公交站),交通设施,公交站,119.53090394,39.89062293,transit
poi_transit.csv,秦皇岛森林逸城东门(公交站),交通设施,公交站,119.53401424,39.89275082,transit
poi_transit.csv,秦皇岛世纪海洋花园(公交站),交通设施,公交站,119.54682219,39.90140084,transit
poi_transit.csv,秦皇岛首旅京伦酒店(公交站),交通设施,公交站,119.55704628,39.90732886,transit
poi_transit.csv,秦皇岛桥东北里(公交站),交通设施,公交站,119.57480184,39.92577547,transit
poi_transit.csv,秦皇岛在水一方(公交站),交通设施,公交站,119.5729982,39.93110083,transit
poi_transit.csv,秦皇岛铁庄(公交站),交通设施,公交站,119.57861582,39.94782789,transit
poi_transit.csv,秦皇岛港城早市(公交站),交通设施,公交站,119.62369904,39.94430353,transit
poi_transit.csv,秦皇岛新征南里(公交站),交通设施,公交站,119.62094371,39.93735684,transit
poi_transit.csv,秦皇岛平水桥浴场(公交站),交通设施,公交站,119.4822553,39.81716466,transit
poi_transit.csv,秦皇岛铁疗(公交站),交通设施,公交站,119.47712704,39.81630403,transit
poi_transit.csv,秦皇岛联峰山公园(公交站),交通设施,公交站,119.4713353,39.82607286,transit
poi_transit.csv,秦皇岛崔各庄(公交站),交通设施,公交站,119.46813953,39.83653308,transit
poi_transit.csv,秦皇岛费石庄(公交站),交通设施,公交站,119.44993074,39.83034661,transit
poi_transit.csv,秦皇岛乔庄(公交站),交通设施,公交站,119.44217658,39.82898286,transit
poi_transit.csv,秦皇岛丁庄(公交站),交通设施,公交站,119.43739239,39.81848203,transit
poi_transit.csv,秦皇岛陆庄(公交站),交通设施,公交站,119.43741552,39.81212299,transit
poi_transit.csv,秦皇岛戴河庭院(公交站),交通设施,公交站,119.43640584,39.8037808,transit
poi_transit.csv,秦皇岛临海路口(公交站),交通设施,公交站,119.43144256,39.80172083,transit
poi_transit.csv,秦皇岛对外经贸职业学院(公交站),交通设施,公交站,119.42927049,39.80014307,transit
poi_transit.csv,秦皇岛戴河大街(公交站),交通设施,公交站,119.4278802,39.79912909,transit
poi_transit.csv,秦皇岛宁海道路口(公交站),交通设施,公交站,119.42289041,39.79546798,transit
poi_transit.csv,秦皇岛浚源爱牙仕口腔(公交站),交通设施,公交站,119.41879133,39.79584496,transit
poi_transit.csv,秦皇岛牛头崖镇政府(公交站),交通设施,公交站,119.40478427,39.83429276,transit
poi_transit.csv,秦皇岛牛头崖(公交站),交通设施,公交站,119.40772486,39.83935999,transit
poi_transit.csv,秦皇岛牛头崖大集(公交站),交通设施,公交站,119.41266496,39.84363485,transit
poi_transit.csv,秦皇岛戴河家园小区(公交站),交通设施,公交站,119.41722745,39.844119,transit
poi_transit.csv,秦皇岛新兴小区(公交站),交通设施,公交站,119.42192635,39.84818563,transit
poi_transit.csv,秦皇岛北戴河火车站(公交站),交通设施,公交站,119.41964764,39.8497737,transit
poi_transit.csv,秦皇岛碧海华庭(公交站),交通设施,公交站,119.40662109,39.82359907,transit
poi_transit.csv,秦皇岛天桥市场(公交站),交通设施,公交站,119.60866795,39.93090305,transit
poi_transit.csv,秦皇岛金屋雅园(公交站),交通设施,公交站,119.61773565,39.94254704,transit
poi_transit.csv,秦皇岛红光里(公交站),交通设施,公交站,119.62890069,39.94284642,transit
poi_transit.csv,秦皇岛红光北里(公交站),交通设施,公交站,119.63245697,39.9450299,transit
poi_transit.csv,秦皇岛热电里社区(公交站),交通设施,公交站,119.64101506,39.94915571,transit
poi_transit.csv,秦皇岛热电厂(公交站),交通设施,公交站,119.64838915,39.94332206,transit
poi_transit.csv,秦皇岛中阿化肥(公交站),交通设施,公交站,119.65483534,39.94348936,transit
poi_transit.csv,秦皇岛建设大街路口(公交站),交通设施,公交站,119.6728072,39.94517484,transit
poi_transit.csv,秦皇岛龙港路公交汽车站(公交站),交通设施,公交站,119.67278612,39.9494273,transit
poi_transit.csv,秦皇岛黄土坎(公交站),交通设施,公交站,119.67321044,39.96643272,transit
poi_transit.csv,秦皇岛中心庄(公交站),交通设施,公交站,119.67950948,39.97019493,transit
poi_transit.csv,秦皇岛龙家营(公交站),交通设施,公交站,119.68803225,39.96610291,transit
poi_transit.csv,秦皇岛山海关机场(黄金村)(公交站),交通设施,公交站,119.72994004,39.97678434,transit
poi_transit.csv,秦皇岛民航候机楼(公交站),交通设施,公交站,119.72114926,39.96770835,transit
poi_transit.csv,秦皇岛沟渠寨(公交站),交通设施,公交站,119.71899714,39.95700059,transit
poi_transit.csv,秦皇岛王庄(公交站),交通设施,公交站,119.69869081,39.95070404,transit
poi_transit.csv,秦皇岛东向河寨(公交站),交通设施,公交站,119.69454024,39.9508187,transit
poi_transit.csv,秦皇岛西向河寨(公交站),交通设施,公交站,119.68983334,39.95103887,transit
poi_transit.csv,秦皇岛上营(公交站),交通设施,公交站,119.68514732,39.95134408,transit
poi_transit.csv,秦皇岛中煤储运公司(公交站),交通设施,公交站,119.65715583,39.9496006,transit
poi_transit.csv,秦皇岛华瀛磷酸有限公司(公交站),交通设施,公交站,119.64990887,39.94945375,transit
poi_transit.csv,秦皇岛山海关火车站(公交站),交通设施,公交站,119.76698334,40.00184261,transit
poi_transit.csv,秦皇岛秦皇岛工人医院(公交站),交通设施,公交站,119.76332842,39.99492036,transit
poi_transit.csv,秦皇岛山海关二中(公交站),交通设施,公交站,119.76835953,39.9902197,transit
poi_transit.csv,秦皇岛肖庄(公交站),交通设施,公交站,119.77236531,39.98576879,transit
poi_transit.csv,秦皇岛南海花园(公交站),交通设施,公交站,119.77621114,39.98228523,transit
poi_transit.csv,秦皇岛行政中心(公交站),交通设施,公交站,119.78091907,39.97828047,transit
poi_transit.csv,秦皇岛南海村小区(公交站),交通设施,公交站,119.78887786,39.97405634,transit
poi_transit.csv,秦皇岛老龙头(公交站),交通设施,公交站,119.79249471,39.97238931,transit
poi_transit.csv,秦皇岛南海村(公交站),交通设施,公交站,119.79076473,39.97029782,transit
poi_transit.csv,秦皇岛山海关水务局(公交站),交通设施,公交站,119.77979904,39.96940659,transit
poi_transit.csv,秦皇岛田庄(公交站),交通设施,公交站,119.76649499,39.96244071,transit
poi_transit.csv,秦皇岛团练村(公交站),交通设施,公交站,119.75919311,39.95860892,transit
poi_transit.csv,秦皇岛欢乐海洋公园(公交站),交通设施,公交站,119.75609304,39.95702377,transit
poi_transit.csv,秦皇岛唐子寨(公交站),交通设施,公交站,119.7459577,39.95370324,transit
poi_transit.csv,秦皇岛龙海大道东段(公交站),交通设施,公交站,119.73991433,39.95185226,transit
poi_transit.csv,秦皇岛东荣水产(公交站),交通设施,公交站,119.73495389,39.95035564,transit
poi_transit.csv,秦皇岛渤海船务公司(公交站),交通设施,公交站,119.71687175,39.94736293,transit
poi_transit.csv,秦皇岛卸粮口(公交站),交通设施,公交站,119.71259628,39.94512692,transit
poi_transit.csv,秦皇岛龙海大道(公交站),交通设施,公交站,119.70485686,39.94418455,transit
poi_transit.csv,秦皇岛向河寨口(公交站),交通设施,公交站,119.69606128,39.94414246,transit
poi_transit.csv,秦皇岛秦港六公司(公交站),交通设施,公交站,119.67699957,39.9440425,transit
poi_transit.csv,秦皇岛第二印刷厂(公交站),交通设施,公交站,119.67461977,39.94402724,transit
poi_transit.csv,秦皇岛晨砻路路口(公交站),交通设施,公交站,119.64068482,39.94318825,transit
poi_transit.csv,秦皇岛建设大街东段(公交站),交通设施,公交站,119.63478158,39.9430513,transit
poi_transit.csv,秦皇岛东港里(公交站),交通设施,公交站,119.62699308,39.93694256,transit
poi_transit.csv,秦皇岛安居里(公交站),交通设施,公交站,119.62553844,39.93423573,transit
poi_transit.csv,秦皇岛秦皇岛商城金原店(公交站),交通设施,公交站,119.60632484,39.93470647,transit
poi_transit.csv,秦皇岛燕北小区(公交站),交通设施,公交站,119.57066903,39.96349437,transit
poi_transit.csv,秦皇岛秦皇岛技师学院(公交站),交通设施,公交站,119.57026353,39.96936723,transit
poi_transit.csv,秦皇岛耀华工业园(公交站),交通设施,公交站,119.57024161,39.97434619,transit
poi_transit.csv,秦皇岛北港大街路口(公交站),交通设施,公交站,119.57022726,39.97722999,transit
poi_transit.csv,秦皇岛北二环路口(公交站),交通设施,公交站,119.57020276,39.98120431,transit
poi_transit.csv,秦皇岛羿珩科技(公交站),交通设施,公交站,119.58211716,39.98464285,transit
poi_transit.csv,秦皇岛大旺庄砖厂(公交站),交通设施,公交站,119.59870421,39.98557248,transit
poi_transit.csv,秦皇岛田家沟(公交站),交通设施,公交站,119.61394622,39.98433618,transit
poi_transit.csv,秦皇岛小张庄北(公交站),交通设施,公交站,119.62961159,39.990163,transit
poi_transit.csv,秦皇岛圆明馨苑(公交站),交通设施,公交站,119.62773253,40.01102559,transit
poi_transit.csv,秦皇岛魏家沟(公交站),交通设施,公交站,119.61914589,40.02380014,transit
poi_transit.csv,秦皇岛南王庄(公交站),交通设施,公交站,119.61813931,40.02953203,transit
poi_transit.csv,秦皇岛麻念庄(公交站),交通设施,公交站,119.61648533,40.04093494,transit
poi_transit.csv,秦皇岛拦马庄(公交站),交通设施,公交站,119.60916286,40.0509777,transit
poi_transit.csv,秦皇岛刘家河(公交站),交通设施,公交站,119.60129888,40.06004341,transit
poi_transit.csv,秦皇岛闫庄村(公交站),交通设施,公交站,119.59979522,40.06233969,transit
poi_transit.csv,秦皇岛连峪山庄(公交站),交通设施,公交站,119.64170018,40.04949066,transit
poi_transit.csv,秦皇岛范家店(公交站),交通设施,公交站,119.59231324,39.96175187,transit
poi_transit.csv,秦皇岛中国银行(公交站),交通设施,公交站,119.59293919,39.95729285,transit
poi_transit.csv,秦皇岛军转培训中心(公交站),交通设施,公交站,119.59496906,39.95400688,transit
poi_transit.csv,秦皇岛八三西里(公交站),交通设施,公交站,119.60073496,39.95102385,transit
poi_transit.csv,秦皇岛胜利村(公交站),交通设施,公交站,119.60139729,39.94618548,transit
poi_transit.csv,秦皇岛海湾公司(公交站),交通设施,公交站,119.54815371,39.93184303,transit
poi_transit.csv,秦皇岛泰和家园(公交站),交通设施,公交站,119.54138745,39.9307346,transit
poi_transit.csv,秦皇岛大秦世家(公交站),交通设施,公交站,119.53668215,39.92993445,transit
poi_transit.csv,秦皇岛广缘孟营店(公交站),交通设施,公交站,119.53249499,39.92918099,transit
poi_transit.csv,秦皇岛科技师院开发区校区(公交站),交通设施,公交站,119.5285268,39.92744858,transit
poi_transit.csv,秦皇岛明日星城小区(公交站),交通设施,公交站,119.52039469,39.92167183,transit
poi_transit.csv,秦皇岛玉柴特约服务站(公交站),交通设施,公交站,119.51581862,39.92599087,transit
poi_transit.csv,秦皇岛胜利村(广缘金街店)(公交站),交通设施,公交站,119.60161904,39.94558747,transit
poi_transit.csv,秦皇岛八三东里(公交站),交通设施,公交站,119.60225255,39.95417323,transit
poi_transit.csv,秦皇岛迎春里(公交站),交通设施,公交站,119.58972188,39.95403609,transit
poi_transit.csv,秦皇岛西城里(公交站),交通设施,公交站,119.57416955,39.95492044,transit
poi_transit.csv,秦皇岛盛达鑫苑(公交站),交通设施,公交站,119.57300319,39.95812487,transit
poi_transit.csv,秦皇岛北港大街(公交站),交通设施,公交站,119.56823675,39.97633908,transit
poi_transit.csv,秦皇岛新维工业用布公司(公交站),交通设施,公交站,119.56262201,39.97632387,transit
poi_transit.csv,秦皇岛运通建材城(公交站),交通设施,公交站,119.55710397,39.97650653,transit
poi_transit.csv,秦皇岛广缘超市和月店(公交站),交通设施,公交站,119.5772136,39.9726325,transit
poi_transit.csv,秦皇岛和美小区(公交站),交通设施,公交站,119.58113278,39.97275311,transit
poi_transit.csv,秦皇岛红旗北路路口(公交站),交通设施,公交站,119.58791315,39.97630546,transit
poi_transit.csv,秦皇岛华耀路(公交站),交通设施,公交站,119.59683595,39.97633328,transit
poi_transit.csv,秦皇岛北港大街东段(公交站),交通设施,公交站,119.60352657,39.9763528,transit
poi_transit.csv,秦皇岛涂庄新村(公交站),交通设施,公交站,119.60579793,39.9715337,transit
poi_transit.csv,秦皇岛民族北路(公交站),交通设施,公交站,119.60586093,39.96864553,transit
poi_transit.csv,秦皇岛秦皇岛市公安医院(公交站),交通设施,公交站,119.6062018,39.96082644,transit
poi_transit.csv,秦皇岛世嘉茗庭(公交站),交通设施,公交站,119.60472238,39.94230831,transit
poi_transit.csv,秦皇岛市第一医院(公交站),交通设施,公交站,119.60245845,39.9386045,transit
poi_transit.csv,秦皇岛海滨路(公交站),交通设施,公交站,119.60480769,39.92065794,transit
poi_transit.csv,秦皇岛国际海员俱乐部(公交站),交通设施,公交站,119.60235003,39.91899691,transit
poi_transit.csv,秦皇岛建设里小区(公交站),交通设施,公交站,119.59798101,39.91895384,transit
poi_transit.csv,秦皇岛耀华老村(公交站),交通设施,公交站,119.59485693,39.91887861,transit
poi_transit.csv,秦皇岛秦皇岛海事局(公交站),交通设施,公交站,119.59165158,39.91865675,transit
poi_transit.csv,秦皇岛外运公司(公交站),交通设施,公交站,119.58710271,39.92061195,transit
poi_transit.csv,秦皇岛燕山家园(公交站),交通设施,公交站,119.56764865,39.95254223,transit
poi_transit.csv,秦皇岛西港路(公交站),交通设施,公交站,119.57229034,39.95314312,transit
poi_transit.csv,秦皇岛秦皇岛工业职业技术学院(公交站),交通设施,公交站,119.57026355,39.96946767,transit
poi_transit.csv,秦皇岛海港经济开发区管委会(公交站),交通设施,公交站,119.57160804,39.9762607,transit
poi_transit.csv,秦皇岛晒甲会(公交站),交通设施,公交站,119.57953179,39.97627764,transit
poi_transit.csv,秦皇岛博兴物流(公交站),交通设施,公交站,119.71312727,40.003298,transit
poi_transit.csv,秦皇岛胡庄(公交站),交通设施,公交站,119.7283524,40.01092735,transit
poi_transit.csv,秦皇岛回马寨(公交站),交通设施,公交站,119.73244216,40.01218164,transit
poi_transit.csv,秦皇岛西河家园(公交站),交通设施,公交站,119.74730142,40.0120229,transit
poi_transit.csv,秦皇岛北马号胡同(公交站),交通设施,公交站,119.74851579,40.00940133,transit
poi_transit.csv,秦皇岛迎恩楼(公交站),交通设施,公交站,119.74977581,40.00677507,transit
poi_transit.csv,秦皇岛平安东里小区(公交站),交通设施,公交站,119.75249161,40.00223898,transit
poi_transit.csv,秦皇岛山海关国税局(公交站),交通设施,公交站,119.75677215,40.00142414,transit
poi_transit.csv,秦皇岛兴盛家园(公交站),交通设施,公交站,119.76841161,39.98545937,transit
poi_transit.csv,秦皇岛水郡御景(公交站),交通设施,公交站,119.76474002,39.98350628,transit
poi_transit.csv,秦皇岛石河景观长廊(公交站),交通设施,公交站,119.76585544,39.9805795,transit
poi_transit.csv,秦皇岛正合街路口(公交站),交通设施,公交站,119.77163189,39.97729763,transit
poi_transit.csv,秦皇岛山海关区政府(公交站),交通设施,公交站,119.77619505,39.97770089,transit
poi_transit.csv,秦皇岛假日蓝湾(公交站),交通设施,公交站,119.8057115,39.97862492,transit
poi_transit.csv,秦皇岛姜庄村(公交站),交通设施,公交站,119.80623922,39.9816218,transit
poi_transit.csv,秦皇岛河南南路(公交站),交通设施,公交站,119.80285034,39.9888365,transit
poi_transit.csv,秦皇岛船厂路口(公交站),交通设施,公交站,119.81090154,39.99073375,transit
poi_transit.csv,秦皇岛邮政局(公交站),交通设施,公交站,119.81084613,39.9927048,transit
poi_transit.csv,秦皇岛开发区二院(公交站),交通设施,公交站,119.81077183,39.99513397,transit
poi_transit.csv,秦皇岛渤海家园(公交站),交通设施,公交站,119.81065574,40.00141397,transit
poi_transit.csv,秦皇岛姜家庄(公交站),交通设施,公交站,119.80053832,39.98035679,transit
poi_transit.csv,秦皇岛孟姜女庙(公交站),交通设施,公交站,119.82120093,40.03578856,transit
poi_transit.csv,秦皇岛边墙子(公交站),交通设施,公交站,119.81207656,40.0326669,transit
poi_transit.csv,秦皇岛崔庄(公交站),交通设施,公交站,119.80742096,40.02437021,transit
poi_transit.csv,秦皇岛临港工业管委(公交站),交通设施,公交站,119.80128763,40.02066194,transit
poi_transit.csv,秦皇岛临时停车站(公交站),交通设施,公交站,119.79713556,40.02001681,transit
poi_transit.csv,秦皇岛北京西道(公交站),交通设施,公交站,119.7912742,39.99818027,transit
poi_transit.csv,秦皇岛黄庄村(公交站),交通设施,公交站,119.80116282,39.99452383,transit
poi_transit.csv,秦皇岛郭庄村(公交站),交通设施,公交站,119.80433769,39.99368522,transit
poi_transit.csv,秦皇岛观海御景区小区(公交站),交通设施,公交站,119.80639164,39.99251678,transit
poi_transit.csv,秦皇岛哈电重装(公交站),交通设施,公交站,119.81749994,39.98399321,transit
poi_transit.csv,秦皇岛东风本田京和店(公交站),交通设施,公交站,119.63541052,39.96783178,transit
poi_transit.csv,秦皇岛大高庄村(公交站),交通设施,公交站,119.64178006,39.98458849,transit
poi_transit.csv,秦皇岛华润雪花啤酒厂(公交站),交通设施,公交站,119.64720939,39.98460775,transit
poi_transit.csv,秦皇岛东付店(公交站),交通设施,公交站,119.66602653,39.99131699,transit
poi_transit.csv,秦皇岛丁武寨(公交站),交通设施,公交站,119.66930405,40.00024866,transit
poi_transit.csv,秦皇岛陈庄(公交站),交通设施,公交站,119.66473809,40.00297518,transit
poi_transit.csv,秦皇岛户远寨(公交站),交通设施,公交站,119.66059853,40.0103581,transit
poi_transit.csv,秦皇岛富源畜牧公司(公交站),交通设施,公交站,119.65970795,40.02437883,transit
poi_transit.csv,秦皇岛外峪(公交站),交通设施,公交站,119.65902529,40.03226984,transit
poi_transit.csv,秦皇岛龙山养老中心(公交站),交通设施,公交站,119.66395617,40.03894774,transit
poi_transit.csv,秦皇岛望峪山庄(公交站),交通设施,公交站,119.66684067,40.04172421,transit
poi_transit.csv,秦皇岛东风日产佳浩专营店(公交站),交通设施,公交站,119.52928332,39.93586075,transit
poi_transit.csv,秦皇岛开发区体育中心(公交站),交通设施,公交站,119.53181323,39.93554968,transit
poi_transit.csv,秦皇岛青馨家园(公交站),交通设施,公交站,119.53361539,39.93140055,transit
poi_transit.csv,秦皇岛聚贤人才市场(公交站),交通设施,公交站,119.55728696,39.92719788,transit
poi_transit.csv,秦皇岛白塔岭市场(公交站),交通设施,公交站,119.55852671,39.91693351,transit
poi_transit.csv,秦皇岛建材学院(公交站),交通设施,公交站,119.55996124,39.91505331,transit
poi_transit.csv,秦皇岛旭日家居(公交站),交通设施,公交站,119.58592166,39.92993274,transit
poi_transit.csv,秦皇岛秦皇半岛(公交站),交通设施,公交站,119.51917016,39.89299384,transit
poi_transit.csv,秦皇岛王国幼儿园(公交站),交通设施,公交站,119.51812279,39.89589908,transit
poi_transit.csv,秦皇岛御享天源半岛医院(公交站),交通设施,公交站,119.51685483,39.90080818,transit
poi_transit.csv,秦皇岛金屋半岛(公交站),交通设施,公交站,119.51120677,39.90007908,transit
poi_transit.csv,秦皇岛胜利村站(公交站),交通设施,公交站,119.60161963,39.94558657,transit
poi_transit.csv,秦皇岛市报社(公交站),交通设施,公交站,119.59309903,39.9569382,transit
poi_transit.csv,秦皇岛秦山公路(公交站),交通设施,公交站,119.6401809,39.97184975,transit
poi_transit.csv,秦皇岛崔家庄(公交站),交通设施,公交站,119.64375922,39.97279024,transit
poi_transit.csv,秦皇岛柳村(公交站),交通设施,公交站,119.65042332,39.97419183,transit
poi_transit.csv,秦皇岛腾润驾校(公交站),交通设施,公交站,119.65808037,39.97478924,transit
poi_transit.csv,秦皇岛黄土坎村(公交站),交通设施,公交站,119.66183862,39.97505002,transit
poi_transit.csv,秦皇岛秦山公路中段(公交站),交通设施,公交站,119.66710394,39.97556636,transit
poi_transit.csv,秦皇岛救助站(公交站),交通设施,公交站,119.67090466,39.97617436,transit
poi_transit.csv,秦皇岛市第五医院(公交站),交通设施,公交站,119.68253902,39.97780886,transit
poi_transit.csv,秦皇岛孙庄(公交站),交通设施,公交站,119.68717102,39.97830972,transit
poi_transit.csv,秦皇岛红瓦店(公交站),交通设施,公交站,119.69658754,39.98231278,transit
poi_transit.csv,秦皇岛东环二手车市场(公交站),交通设施,公交站,119.70590973,39.98579195,transit
poi_transit.csv,秦皇岛五里台(公交站),交通设施,公交站,119.71119052,39.98858497,transit
poi_transit.csv,秦皇岛石河镇政府(公交站),交通设施,公交站,119.71807422,39.99193298,transit
poi_transit.csv,秦皇岛孟家店(公交站),交通设施,公交站,119.72408858,39.99327169,transit
poi_transit.csv,秦皇岛公牛啤酒厂(公交站),交通设施,公交站,119.73147433,39.9919769,transit
poi_transit.csv,秦皇岛山海关人民医院(公交站),交通设施,公交站,119.7442887,39.99657611,transit
poi_transit.csv,秦皇岛南园(公交站),交通设施,公交站,119.75057695,39.99902188,transit
poi_transit.csv,秦皇岛东港镇徐庄(公交站),交通设施,公交站,119.65831537,39.97486366,transit
poi_transit.csv,秦皇岛北环路站(公交站),交通设施,公交站,119.63307741,39.96952288,transit
poi_transit.csv,秦皇岛柳村南站(公交站),交通设施,公交站,119.68230231,39.97778782,transit
poi_transit.csv,秦皇岛罗城(公交站),交通设施,公交站,119.76619858,40.01292596,transit
poi_transit.csv,秦皇岛正大有限公司(公交站),交通设施,公交站,119.76423739,40.01587582,transit
poi_transit.csv,秦皇岛房产大厦(公交站),交通设施,公交站,119.59369034,39.95213325,transit
poi_transit.csv,秦皇岛海港区财政局(公交站),交通设施,公交站,119.59448177,39.94622197,transit
poi_transit.csv,秦皇岛广电中心(公交站),交通设施,公交站,119.59489905,39.94335796,transit
poi_transit.csv,秦皇岛隆兴示范园(公交站),交通设施,公交站,119.51869441,39.83992375,transit
poi_transit.csv,秦皇岛奥林匹克公园(公交站),交通设施,公交站,119.51381043,39.82963701,transit
poi_transit.csv,秦皇岛滨海大道环岛(公交站),交通设施,公交站,119.51133808,39.82642152,transit
poi_transit.csv,秦皇岛北戴河区政府(公交站),交通设施,公交站,119.48527668,39.8337947,transit
poi_transit.csv,秦皇岛崔各庄汽车站(公交站),交通设施,公交站,119.4736604,39.83637575,transit
poi_transit.csv,秦皇岛海港医院(晶艺福珠宝城)(公交站),交通设施,公交站,119.60350864,39.93169408,transit
poi_transit.csv,秦皇岛世纪港湾购物广场(公交站),交通设施,公交站,119.58345223,39.94806635,transit
poi_transit.csv,秦皇岛市群众艺术馆(公交站),交通设施,公交站,119.5751086,39.94801333,transit
poi_transit.csv,秦皇岛秦皇岛军分区(公交站),交通设施,公交站,119.51971682,39.93103937,transit
poi_transit.csv,秦皇岛天山路(公交站),交通设施,公交站,119.51545883,39.92882688,transit
poi_transit.csv,秦皇岛王校庄(公交站),交通设施,公交站,119.50949433,39.92546073,transit
poi_transit.csv,秦皇岛滦河道路口(公交站),交通设施,公交站,119.50555676,39.9233423,transit
poi_transit.csv,秦皇岛金时汽车园(公交站),交通设施,公交站,119.50313051,39.92237739,transit
poi_transit.csv,秦皇岛天成佳境(公交站),交通设施,公交站,119.49726525,39.92003505,transit
poi_transit.csv,秦皇岛威乐水泵电机公司(公交站),交通设施,公交站,119.49277813,39.91825324,transit
poi_transit.csv,秦皇岛泰盛国际康复中心(公交站),交通设施,公交站,119.48854368,39.91658311,transit
poi_transit.csv,秦皇岛龙海道路口(公交站),交通设施,公交站,119.47828878,39.92527664,transit
poi_transit.csv,秦皇岛兴凯湖路口(公交站),交通设施,公交站,119.47718235,39.92969656,transit
poi_transit.csv,秦皇岛鹏鼎控股(公交站),交通设施,公交站,119.4674054,39.92894401,transit
poi_transit.csv,秦皇岛世奥车检(公交站),交通设施,公交站,119.46739344,39.92636444,transit
poi_transit.csv,秦皇岛城市发展局(公交站),交通设施,公交站,119.46736114,39.92042418,transit
poi_transit.csv,秦皇岛园博园正门(公交站),交通设施,公交站,119.46781252,39.91452785,transit
poi_transit.csv,秦皇岛燕兴小区(公交站),交通设施,公交站,119.42315825,39.850339,transit
poi_transit.csv,秦皇岛戴河村(公交站),交通设施,公交站,119.42701111,39.85718334,transit
poi_transit.csv,秦皇岛戴河镇政府(公交站),交通设施,公交站,119.42816072,39.84970635,transit
poi_transit.csv,秦皇岛五七一一家属区(公交站),交通设施,公交站,119.42836334,39.8466788,transit
poi_transit.csv,秦皇岛万嘉家园(公交站),交通设施,公交站,119.43516957,39.84478301,transit
poi_transit.csv,秦皇岛拨道洼(公交站),交通设施,公交站,119.44055164,39.84889363,transit
poi_transit.csv,秦皇岛瑞途驾校(公交站),交通设施,公交站,119.43970606,39.85278645,transit
poi_transit.csv,秦皇岛通联公司(公交站),交通设施,公交站,119.44668266,39.85585506,transit
poi_transit.csv,秦皇岛新乔学校(公交站),交通设施,公交站,119.4533927,39.85907745,transit
poi_transit.csv,秦皇岛北戴河开发区管委(公交站),交通设施,公交站,119.45964238,39.85812389,transit
poi_transit.csv,秦皇岛金程公司(公交站),交通设施,公交站,119.46123044,39.85635181,transit
poi_transit.csv,秦皇岛高新科技园(公交站),交通设施,公交站,119.4618575,39.85332226,transit
poi_transit.csv,秦皇岛公路管理站(公交站),交通设施,公交站,119.47127331,39.85241505,transit
poi_transit.csv,秦皇岛西快路口(公交站),交通设施,公交站,119.47502752,39.85203486,transit
poi_transit.csv,秦皇岛小薄荷寨(公交站),交通设施,公交站,119.49151277,39.84661475,transit
poi_transit.csv,秦皇岛戴河彩印厂(公交站),交通设施,公交站,119.49457984,39.84525699,transit
poi_transit.csv,秦皇岛海宁路小学(公交站),交通设施,公交站,119.49746615,39.83987807,transit
poi_transit.csv,秦皇岛大薄荷寨(公交站),交通设施,公交站,119.4961675,39.83696613,transit
poi_transit.csv,秦皇岛怪楼(公交站),交通设施,公交站,119.49872099,39.82575422,transit
poi_transit.csv,秦皇岛刘庄(公交站),交通设施,公交站,119.50342884,39.82558679,transit
poi_transit.csv,秦皇岛北戴河博物馆(公交站),交通设施,公交站,119.51634531,39.82604537,transit
poi_transit.csv,秦皇岛东海园小区(公交站),交通设施,公交站,119.51918988,39.82665384,transit
poi_transit.csv,秦皇岛单庄(公交站),交通设施,公交站,119.52316429,39.82736728,transit
poi_transit.csv,秦皇岛蔡各庄立交桥(公交站),交通设施,公交站,119.47873134,39.86937701,transit
poi_transit.csv,秦皇岛慕义寨(公交站),交通设施,公交站,119.4775293,39.87857461,transit
poi_transit.csv,秦皇岛港西绿地(公交站),交通设施,公交站,119.48083634,39.88844136,transit
poi_transit.csv,秦皇岛小乐安寨(公交站),交通设施,公交站,119.48576707,39.90141398,transit
poi_transit.csv,秦皇岛大乐安寨(公交站),交通设施,公交站,119.48446901,39.9098268,transit
poi_transit.csv,秦皇岛天成佳境(计新庄)(公交站),交通设施,公交站,119.49882432,39.92055112,transit
poi_transit.csv,秦皇岛交警支队(公交站),交通设施,公交站,119.54403448,39.9201696,transit
poi_transit.csv,秦皇岛幸福家园(公交站),交通设施,公交站,119.54254709,39.91325968,transit
poi_transit.csv,秦皇岛文昌路(公交站),交通设施,公交站,119.5466221,39.90926672,transit
poi_transit.csv,秦皇岛市民中心西门(公交站),交通设施,公交站,119.51682653,39.886115,transit
poi_transit.csv,秦皇岛市民中心南门(公交站),交通设施,公交站,119.52135796,39.88747528,transit
poi_transit.csv,秦皇岛森林逸城(铁三处)(公交站),交通设施,公交站,119.53234987,39.89805401,transit
poi_transit.csv,秦皇岛森林家园(公交站),交通设施,公交站,119.5239654,39.89934271,transit
poi_transit.csv,秦皇岛横断山路南段(公交站),交通设施,公交站,119.5227003,39.90162032,transit
poi_transit.csv,秦皇岛紫城半岛东门(公交站),交通设施,公交站,119.5197134,39.9050351,transit
poi_transit.csv,秦皇岛长江道路口(公交站),交通设施,公交站,119.51533049,39.909696,transit
poi_transit.csv,秦皇岛曦城花语小区(公交站),交通设施,公交站,119.52316426,39.92240593,transit
poi_transit.csv,秦皇岛市军工医院(公交站),交通设施,公交站,119.58160515,39.95396445,transit
poi_transit.csv,秦皇岛科技师范学院开发区校区(公交站),交通设施,公交站,119.52852688,39.92744832,transit
poi_transit.csv,秦皇岛海港区市民中心(公交站),交通设施,公交站,119.5639093,39.94705846,transit
poi_transit.csv,秦皇岛经文里(公交站),交通设施,公交站,119.55418907,39.92086349,transit
poi_transit.csv,秦皇岛海怡学府(公交站),交通设施,公交站,119.55193661,39.91998282,transit
poi_transit.csv,秦皇岛雍景院小区(公交站),交通设施,公交站,119.54945029,39.91745618,transit
poi_transit.csv,秦皇岛御品星城(公交站),交通设施,公交站,119.54652721,39.91461419,transit
poi_transit.csv,秦皇岛竹海小区(公交站),交通设施,公交站,119.53871832,39.91686905,transit
poi_transit.csv,秦皇岛偏坡新村(公交站),交通设施,公交站,119.53300034,39.91862472,transit
poi_transit.csv,秦皇岛万和郡小区(公交站),交通设施,公交站,119.53082755,39.91542294,transit
poi_transit.csv,秦皇岛纬五路(公交站),交通设施,公交站,119.53252381,39.91274612,transit
poi_transit.csv,秦皇岛燕大西苑(公交站),交通设施,公交站,119.53441442,39.91193883,transit
poi_transit.csv,秦皇岛天山路路口(公交站),交通设施,公交站,119.5376489,39.90999193,transit
poi_transit.csv,秦皇岛庆园小区(公交站),交通设施,公交站,119.52904225,39.90385774,transit
poi_transit.csv,秦皇岛半岛书香(公交站),交通设施,公交站,119.52512494,39.90391856,transit
poi_transit.csv,秦皇岛紫城半岛(公交站),交通设施,公交站,119.51874511,39.90362372,transit
poi_transit.csv,秦皇岛金屋售楼处(公交站),交通设施,公交站,119.51685596,39.90080817,transit
poi_transit.csv,秦皇岛半岛书香(燕山大学西校区)(公交站),交通设施,公交站,119.52484583,39.90386656,transit
poi_transit.csv,秦皇岛工农里(公交站),交通设施,公交站,119.61254879,39.94242194,transit
poi_transit.csv,秦皇岛北丁义庄站(公交站),交通设施,公交站,119.28234417,39.85272355,transit
poi_transit.csv,秦皇岛万庄(公交站),交通设施,公交站,119.31865847,39.85987492,transit
poi_transit.csv,秦皇岛大泥河村(柏新庄村)(公交站),交通设施,公交站,119.34243803,39.86601269,transit
poi_transit.csv,秦皇岛渠子口村(公交站),交通设施,公交站,119.35911037,39.87212002,transit
poi_transit.csv,秦皇岛崔李庄(公交站),交通设施,公交站,119.37478472,39.87909791,transit
poi_transit.csv,秦皇岛牛头崖管理处(公交站),交通设施,公交站,119.39206376,39.8852292,transit
poi_transit.csv,秦皇岛戴河生态园(公交站),交通设施,公交站,119.39791766,39.88732606,transit
poi_transit.csv,秦皇岛泰盛商务大厦(公交站),交通设施,公交站,119.43556858,39.89641664,transit
poi_transit.csv,秦皇岛秦皇岛国际会展中心(公交站),交通设施,公交站,119.44141432,39.89824908,transit
poi_transit.csv,秦皇岛园博园(公交站),交通设施,公交站,119.45977318,39.89970166,transit
poi_transit.csv,秦皇岛杨户屯(公交站),交通设施,公交站,119.47142589,39.90253377,transit
poi_transit.csv,秦皇岛戴河生态园西门(公交站),交通设施,公交站,119.38957965,39.88480953,transit
poi_transit.csv,秦皇岛北丁义庄(公交站),交通设施,公交站,119.28263043,39.85290611,transit
poi_transit.csv,秦皇岛市财政局(公交站),交通设施,公交站,119.54488853,39.93571734,transit
poi_transit.csv,秦皇岛北部公交汽车站(公交站),交通设施,公交站,119.59751629,39.98671739,transit
poi_transit.csv,秦皇岛公安医院(公交站),交通设施,公交站,119.60634062,39.9570639,transit
poi_transit.csv,秦皇岛北环路小学(公交站),交通设施,公交站,119.56602516,39.95758557,transit
poi_transit.csv,秦皇岛望海陵园(公交站),交通设施,公交站,119.49517384,39.94419892,transit
poi_transit.csv,秦皇岛亿海公司(公交站),交通设施,公交站,119.4848271,39.94137124,transit
poi_transit.csv,秦皇岛望海店(公交站),交通设施,公交站,119.47286711,39.93687065,transit
poi_transit.csv,秦皇岛锦绣佳成(公交站),交通设施,公交站,119.46420645,39.93512768,transit
poi_transit.csv,秦皇岛深河乡政府(公交站),交通设施,公交站,119.45913624,39.93470122,transit
poi_transit.csv,秦皇岛深河(公交站),交通设施,公交站,119.44705194,39.93472045,transit
poi_transit.csv,秦皇岛深河乡西站(公交站),交通设施,公交站,119.43556796,39.93623759,transit
poi_transit.csv,秦皇岛102国道(公交站),交通设施,公交站,119.42579609,39.93676756,transit
poi_transit.csv,秦皇岛董庄村(公交站),交通设施,公交站,119.41816493,39.93218903,transit
poi_transit.csv,秦皇岛天池路北口(公交站),交通设施,公交站,119.4127172,39.9297583,transit
poi_transit.csv,秦皇岛往子店村东(公交站),交通设施,公交站,119.40545006,39.92602464,transit
poi_transit.csv,秦皇岛往子店村(公交站),交通设施,公交站,119.39674828,39.9214518,transit
poi_transit.csv,秦皇岛韩义庄村(公交站),交通设施,公交站,119.38363939,39.91299369,transit
poi_transit.csv,秦皇岛开发区榆关管理处(公交站),交通设施,公交站,119.37869371,39.91011078,transit
poi_transit.csv,秦皇岛沙河村(公交站),交通设施,公交站,119.36936823,39.90848126,transit
poi_transit.csv,秦皇岛榆关镇政府(公交站),交通设施,公交站,119.35888556,39.90016822,transit
poi_transit.csv,秦皇岛抚宁车管所(公交站),交通设施,公交站,119.34148458,39.89232248,transit
poi_transit.csv,秦皇岛高庄村(公交站),交通设施,公交站,119.32549689,39.88579987,transit
poi_transit.csv,秦皇岛刘庄村(公交站),交通设施,公交站,119.3149819,39.88128172,transit
poi_transit.csv,秦皇岛杨家营村(公交站),交通设施,公交站,119.27783977,39.88125858,transit
poi_transit.csv,秦皇岛钟庄村村委会(公交站),交通设施,公交站,119.26455364,39.88615836,transit
poi_transit.csv,秦皇岛温家洼(公交站),交通设施,公交站,119.4880328,39.98041048,transit
poi_transit.csv,秦皇岛温家洼路口(公交站),交通设施,公交站,119.49173241,39.98054453,transit
poi_transit.csv,秦皇岛小苇芝港(公交站),交通设施,公交站,119.49727987,39.98075761,transit
poi_transit.csv,秦皇岛鲤泮庄砖厂(公交站),交通设施,公交站,119.51174494,39.97839261,transit
poi_transit.csv,秦皇岛鲤泮庄(公交站),交通设施,公交站,119.5168405,39.9758965,transit
poi_transit.csv,秦皇岛侯庄(公交站),交通设施,公交站,119.52768382,39.97822326,transit
poi_transit.csv,秦皇岛范庄(公交站),交通设施,公交站,119.53238735,39.97377453,transit
poi_transit.csv,秦皇岛大胡同(公交站),交通设施,公交站,119.54122852,39.96693801,transit
poi_transit.csv,秦皇岛海阳中街(公交站),交通设施,公交站,119.54172422,39.96537977,transit
poi_transit.csv,秦皇岛海阳小学(公交站),交通设施,公交站,119.54244754,39.96331678,transit
poi_transit.csv,秦皇岛三村村委会(公交站),交通设施,公交站,119.54331885,39.96102834,transit
poi_transit.csv,秦皇岛东坨头(公交站),交通设施,公交站,119.42841715,39.84029553,transit
poi_transit.csv,秦皇岛西坨头(公交站),交通设施,公交站,119.42553555,39.83708272,transit
poi_transit.csv,秦皇岛太平庄(公交站),交通设施,公交站,119.41957094,39.82980742,transit
poi_transit.csv,秦皇岛集发印象餐厅(公交站),交通设施,公交站,119.41852419,39.82090039,transit
poi_transit.csv,秦皇岛集发农业梦想王国(公交站),交通设施,公交站,119.41982233,39.81708526,transit
poi_transit.csv,秦皇岛古城(公交站),交通设施,公交站,119.42314901,39.81353519,transit
poi_transit.csv,秦皇岛慧集寺(公交站),交通设施,公交站,119.42528761,39.81157861,transit
poi_transit.csv,秦皇岛二八一医院(公交站),交通设施,公交站,119.4331784,39.80693821,transit
poi_transit.csv,秦皇岛北岭三区(公交站),交通设施,公交站,119.47725893,39.82653646,transit
poi_transit.csv,秦皇岛集发股份公司(公交站),交通设施,公交站,119.41995188,39.81697564,transit
poi_transit.csv,秦皇岛集发观光园(公交站),交通设施,公交站,119.41877657,39.82005728,transit
poi_transit.csv,秦皇岛北戴河一中(公交站),交通设施,公交站,119.51794661,39.8273364,transit
poi_transit.csv,秦皇岛红屿别墅(公交站),交通设施,公交站,119.5168946,39.82994394,transit
poi_transit.csv,秦皇岛赤土山(公交站),交通设施,公交站,119.51164546,39.83054885,transit
poi_transit.csv,秦皇岛红石路(公交站),交通设施,公交站,119.50779411,39.83078352,transit
poi_transit.csv,秦皇岛育花路小学(公交站),交通设施,公交站,119.50491694,39.83096602,transit
poi_transit.csv,秦皇岛滨海小区(公交站),交通设施,公交站,119.49945482,39.83217465,transit
poi_transit.csv,秦皇岛北七路(公交站),交通设施,公交站,119.4732517,39.83621349,transit
poi_transit.csv,秦皇岛新驼路口(公交站),交通设施,公交站,119.44002617,39.80721535,transit
poi_transit.csv,秦皇岛陆庄南口(公交站),交通设施,公交站,119.44387156,39.80729481,transit
poi_transit.csv,秦皇岛河东寨(公交站),交通设施,公交站,119.44965601,39.80858884,transit
poi_transit.csv,秦皇岛河东寨村(公交站),交通设施,公交站,119.44944162,39.80845651,transit
poi_transit.csv,秦皇岛金城路(公交站),交通设施,公交站,119.45339537,39.85371389,transit
poi_transit.csv,秦皇岛金港大道路口(公交站),交通设施,公交站,119.44660505,39.85411229,transit
poi_transit.csv,秦皇岛河北环境工程学院(公交站),交通设施,公交站,119.45607969,39.86545175,transit
poi_transit.csv,秦皇岛蔡各庄(公交站),交通设施,公交站,119.46338929,39.8686909,transit
poi_transit.csv,秦皇岛蔡各庄北岭新区(公交站),交通设施,公交站,119.46801176,39.87062703,transit
poi_transit.csv,秦皇岛蔡各庄东口(公交站),交通设施,公交站,119.47572321,39.87003411,transit
poi_transit.csv,秦皇岛小康村(公交站),交通设施,公交站,119.48257393,39.87403312,transit
poi_transit.csv,秦皇岛新店子(公交站),交通设施,公交站,119.50322859,39.88144564,transit
poi_transit.csv,秦皇岛下庄(公交站),交通设施,公交站,119.51047296,39.88463081,transit
poi_transit.csv,秦皇岛南大寺(公交站),交通设施,公交站,119.49545562,39.87941229,transit
poi_transit.csv,秦皇岛广场西路(公交站),交通设施,公交站,119.5930145,39.93693758,transit
poi_transit.csv,秦皇岛人民广场(公交站),交通设施,公交站,119.59259382,39.94027441,transit
poi_transit.csv,秦皇岛姚周寨村(公交站),交通设施,公交站,119.5666677,39.98546557,transit
poi_transit.csv,秦皇岛姚周寨馨居(公交站),交通设施,公交站,119.56741932,39.98761808,transit
poi_transit.csv,秦皇岛姚周寨中学(公交站),交通设施,公交站,119.57216925,39.9884005,transit
poi_transit.csv,秦皇岛姚周寨村北(公交站),交通设施,公交站,119.57648319,39.98988336,transit
poi_transit.csv,秦皇岛芽子山村南(公交站),交通设施,公交站,119.57652734,39.99513519,transit
poi_transit.csv,秦皇岛芽子山村(公交站),交通设施,公交站,119.57556505,39.99898348,transit
poi_transit.csv,秦皇岛芽子山村委会(公交站),交通设施,公交站,119.57521392,40.00458749,transit
poi_transit.csv,秦皇岛海涛集团(公交站),交通设施,公交站,119.57331381,40.01093603,transit
poi_transit.csv,秦皇岛光辉养老中心(公交站),交通设施,公交站,119.57058585,40.01379129,transit
poi_transit.csv,秦皇岛徐家沟(公交站),交通设施,公交站,119.56108875,40.01471511,transit
poi_transit.csv,秦皇岛耀华工业园区(公交站),交通设施,公交站,119.57015006,39.97429687,transit
poi_transit.csv,秦皇岛涂庄新居(公交站),交通设施,公交站,119.60592175,39.97343189,transit
poi_transit.csv,秦皇岛揽月街路口(公交站),交通设施,公交站,119.60587463,39.97912125,transit
poi_transit.csv,秦皇岛陈庄西(公交站),交通设施,公交站,119.60246627,40.02575683,transit
poi_transit.csv,秦皇岛暴庄(公交站),交通设施,公交站,119.59540321,40.02727302,transit
poi_transit.csv,秦皇岛暴庄浴池(公交站),交通设施,公交站,119.59580652,40.02970591,transit
poi_transit.csv,秦皇岛三信公司苗圃(公交站),交通设施,公交站,119.59518406,40.03670369,transit
poi_transit.csv,秦皇岛高岭沟村村委会(公交站),交通设施,公交站,119.5956463,40.03858763,transit
poi_transit.csv,秦皇岛高岭沟村(公交站),交通设施,公交站,119.59738647,40.04146697,transit
poi_transit.csv,秦皇岛闫家沟村(公交站),交通设施,公交站,119.60151158,40.05153578,transit
poi_transit.csv,秦皇岛阎家沟(公交站),交通设施,公交站,119.60021577,40.05351969,transit
poi_transit.csv,秦皇岛刘峪村(公交站),交通设施,公交站,119.59073484,40.05346194,transit
poi_transit.csv,秦皇岛刘峪村村委会(公交站),交通设施,公交站,119.58802849,40.05272589,transit
poi_transit.csv,秦皇岛停车站(公交站),交通设施,公交站,119.58519816,40.04736047,transit
poi_transit.csv,秦皇岛刘家沟村(公交站),交通设施,公交站,119.58241502,40.04747034,transit
poi_transit.csv,秦皇岛招呼站(公交站),交通设施,公交站,119.58521269,40.04738509,transit
poi_transit.csv,秦皇岛大旺庄(公交站),交通设施,公交站,119.5952738,39.99178899,transit
poi_transit.csv,秦皇岛大旺庄油坊(公交站),交通设施,公交站,119.59601343,39.99655608,transit
poi_transit.csv,秦皇岛小旺庄(公交站),交通设施,公交站,119.59390846,40.00907015,transit
poi_transit.csv,秦皇岛小旺庄北(招呼站)(公交站),交通设施,公交站,119.59401412,40.01287716,transit
poi_transit.csv,秦皇岛暴庄小学(公交站),交通设施,公交站,119.59733243,40.02671859,transit
poi_transit.csv,秦皇岛暴庄村委会(公交站),交通设施,公交站,119.59477041,40.02224217,transit
poi_transit.csv,秦皇岛小旺庄北(公交站),交通设施,公交站,119.59390838,40.01269228,transit
poi_transit.csv,秦皇岛龙溪御园(公交站),交通设施,公交站,119.58307797,39.97221444,transit
poi_transit.csv,秦皇岛和美实验学校(公交站),交通设施,公交站,119.5889727,39.9721861,transit
poi_transit.csv,秦皇岛数谷大厦(公交站),交通设施,公交站,119.45889052,39.92165101,transit
poi_transit.csv,秦皇岛恒热控股(公交站),交通设施,公交站,119.46250741,39.921341,transit
poi_transit.csv,秦皇岛北岛博智(公交站),交通设施,公交站,119.47585316,39.92439362,transit
poi_transit.csv,秦皇岛龙海道东段(公交站),交通设施,公交站,119.4807915,39.92428073,transit
poi_transit.csv,秦皇岛馨凯物流(公交站),交通设施,公交站,119.49075658,39.92567313,transit
poi_transit.csv,秦皇岛鹏远光电(公交站),交通设施,公交站,119.49283016,39.92731783,transit
poi_transit.csv,秦皇岛境泊湖路口(公交站),交通设施,公交站,119.50037414,39.93304019,transit
poi_transit.csv,秦皇岛龙海道(公交站),交通设施,公交站,119.50378058,39.93564886,transit
poi_transit.csv,秦皇岛西湖路(公交站),交通设施,公交站,119.50696157,39.93903639,transit
poi_transit.csv,秦皇岛约和庄(公交站),交通设施,公交站,119.50553386,39.94097854,transit
poi_transit.csv,秦皇岛渤海东道(公交站),交通设施,公交站,119.50784567,39.94362452,transit
poi_transit.csv,秦皇岛开发区第三中学(公交站),交通设施,公交站,119.51134899,39.94515122,transit
poi_transit.csv,秦皇岛六盘山路(公交站),交通设施,公交站,119.52186845,39.94262496,transit
poi_transit.csv,秦皇岛松花江道(公交站),交通设施,公交站,119.52591846,39.94072504,transit
poi_transit.csv,秦皇岛乐山路(公交站),交通设施,公交站,119.53315079,39.94259577,transit
poi_transit.csv,秦皇岛泰盛家园(公交站),交通设施,公交站,119.54565579,39.94758733,transit
poi_transit.csv,秦皇岛海政里西门(公交站),交通设施,公交站,119.54553738,39.9495523,transit
poi_transit.csv,秦皇岛海政里(公交站),交通设施,公交站,119.54641497,39.95246675,transit
poi_transit.csv,秦皇岛华山北路(公交站),交通设施,公交站,119.54626212,39.9437232,transit
poi_transit.csv,秦皇岛天成墅(公交站),交通设施,公交站,119.54001795,39.91939814,transit
poi_transit.csv,秦皇岛燕大星苑(公交站),交通设施,公交站,119.53609477,39.91614447,transit
poi_transit.csv,秦皇岛港口医院(公交站),交通设施,公交站,119.62254888,39.91952063,transit
poi_transit.csv,秦皇岛东港路立交桥(公交站),交通设施,公交站,119.6210131,39.92192689,transit
poi_transit.csv,秦皇岛渔轮码头(公交站),交通设施,公交站,119.62218214,39.92647851,transit
poi_transit.csv,秦皇岛东港路口(公交站),交通设施,公交站,119.62321214,39.93034229,transit
poi_transit.csv,秦皇岛北戴河长途汽车站(公交站),交通设施,公交站,119.47750132,39.83570283,transit
poi_transit.csv,秦皇岛秦皇岛高等职业技术学院(公交站),交通设施,公交站,119.48067734,39.83458417,transit
poi_transit.csv,秦皇岛北戴河海滨汽车站(公交站),交通设施,公交站,119.49123628,39.82437118,transit
poi_transit.csv,秦皇岛海业大酒店(公交站),交通设施,公交站,119.43144427,39.80172054,transit
poi_transit.csv,秦皇岛对外经贸学院(公交站),交通设施,公交站,119.4292701,39.8001434,transit
poi_transit.csv,秦皇岛贝克王国(公交站),交通设施,公交站,119.41657283,39.79205438,transit
poi_transit.csv,秦皇岛哒哒岛(公交站),交通设施,公交站,119.40330423,39.78280598,transit
poi_transit.csv,秦皇岛蔚蓝海岸(公交站),交通设施,公交站,119.39808288,39.78169597,transit
poi_transit.csv,秦皇岛圈里村(公交站),交通设施,公交站,119.39463565,39.78055383,transit
poi_transit.csv,秦皇岛维也纳大酒店(公交站),交通设施,公交站,119.38843558,39.77585956,transit
poi_transit.csv,秦皇岛海关总署监管技术研究中心(公交站),交通设施,公交站,119.38645454,39.76713811,transit
poi_transit.csv,秦皇岛西河南边防派出所(公交站),交通设施,公交站,119.36062196,39.74853667,transit
poi_transit.csv,秦皇岛南戴河娱乐中心(公交站),交通设施,公交站,119.3506416,39.73472938,transit
poi_transit.csv,秦皇岛五纬路(公交站),交通设施,公交站,119.34488581,39.7220264,transit
poi_transit.csv,秦皇岛三纬路(公交站),交通设施,公交站,119.33698461,39.71027433,transit
poi_transit.csv,秦皇岛黄金海岸(公交站),交通设施,公交站,119.33464799,39.70062247,transit
poi_transit.csv,秦皇岛圣蓝海洋公园(公交站),交通设施,公交站,119.3185547,39.66647898,transit
poi_transit.csv,秦皇岛北戴河新区政务服务中心(公交站),交通设施,公交站,119.31283756,39.69240609,transit
poi_transit.csv,秦皇岛北戴河新区管委会(公交站),交通设施,公交站,119.30765125,39.69685799,transit
poi_transit.csv,秦皇岛贝壳王国(公交站),交通设施,公交站,119.41579759,39.79170131,transit
poi_transit.csv,秦皇岛同煤集团疗养院(公交站),交通设施,公交站,119.42669756,39.79810593,transit
poi_transit.csv,秦皇岛外国语学院(公交站),交通设施,公交站,119.4293538,39.80005608,transit
poi_transit.csv,秦皇岛阿那亚北岸(公交站),交通设施,公交站,119.31644229,39.67036827,transit
poi_transit.csv,秦皇岛关总署监管技术研究中心(公交站),交通设施,公交站,119.38680808,39.76733857,transit
poi_transit.csv,秦皇岛避暑花园小区(公交站),交通设施,公交站,119.41565941,39.79987095,transit
poi_transit.csv,秦皇岛大蒲河村(公交站),交通设施,公交站,119.27636841,39.68172545,transit
poi_transit.csv,秦皇岛东金庄村(公交站),交通设施,公交站,119.29628386,39.68411843,transit
poi_transit.csv,秦皇岛邱营村(公交站),交通设施,公交站,119.29597874,39.70257831,transit
poi_transit.csv,秦皇岛薛家营村(公交站),交通设施,公交站,119.29445384,39.71539933,transit
poi_transit.csv,秦皇岛沟而湾(公交站),交通设施,公交站,119.30575138,39.7251715,transit
poi_transit.csv,秦皇岛西苏撑子村(公交站),交通设施,公交站,119.32062647,39.72812277,transit
poi_transit.csv,秦皇岛小泥河村(公交站),交通设施,公交站,119.33925716,39.87685871,transit
poi_transit.csv,秦皇岛大泥河村(公交站),交通设施,公交站,119.33880556,39.87193701,transit
poi_transit.csv,秦皇岛北坊村(公交站),交通设施,公交站,119.35341967,39.86603281,transit
poi_transit.csv,秦皇岛马庄村(公交站),交通设施,公交站,119.35702804,39.85772781,transit
poi_transit.csv,秦皇岛柏新庄村(公交站),交通设施,公交站,119.35231193,39.85602614,transit
poi_transit.csv,秦皇岛贲庄村(公交站),交通设施,公交站,119.35220587,39.85053647,transit
poi_transit.csv,秦皇岛蒲兰村(公交站),交通设施,公交站,119.36493408,39.83434418,transit
poi_transit.csv,秦皇岛狮子河村(公交站),交通设施,公交站,119.39023933,39.8286891,transit
poi_transit.csv,秦皇岛牛头崖镇(公交站),交通设施,公交站,119.40311198,39.83568071,transit
poi_transit.csv,秦皇岛桃园村(公交站),交通设施,公交站,119.33716488,39.844577,transit
poi_transit.csv,秦皇岛卢王庄小学(公交站),交通设施,公交站,119.34736775,39.83371366,transit
poi_transit.csv,秦皇岛卢王庄(公交站),交通设施,公交站,119.34999632,39.83766691,transit
poi_transit.csv,秦皇岛岭上(公交站),交通设施,公交站,119.37667313,39.84402917,transit
poi_transit.csv,秦皇岛满井(公交站),交通设施,公交站,119.38235175,39.84762418,transit
poi_transit.csv,秦皇岛太和寨小学(公交站),交通设施,公交站,119.40651169,39.85321161,transit
poi_transit.csv,秦皇岛太和寨(公交站),交通设施,公交站,119.40668712,39.84962636,transit
poi_transit.csv,秦皇岛南戴河街道办事处(公交站),交通设施,公交站,119.41724719,39.79685564,transit
poi_transit.csv,秦皇岛孟庄(公交站),交通设施,公交站,119.39691341,39.79029604,transit
poi_transit.csv,秦皇岛蒋营(公交站),交通设施,公交站,119.3869702,39.80059369,transit
poi_transit.csv,秦皇岛洋河套(公交站),交通设施,公交站,119.35704062,39.79437337,transit
poi_transit.csv,秦皇岛都寨小学(公交站),交通设施,公交站,119.35623357,39.80979903,transit
poi_transit.csv,秦皇岛都寨村委会(公交站),交通设施,公交站,119.36717872,39.80963876,transit
poi_transit.csv,秦皇岛西陆庄(公交站),交通设施,公交站,119.37461892,39.80868034,transit
poi_transit.csv,秦皇岛枣园(公交站),交通设施,公交站,119.38287888,39.8121696,transit
poi_transit.csv,秦皇岛枣园中学(公交站),交通设施,公交站,119.38631329,39.81320195,transit
poi_transit.csv,秦皇岛王各庄(公交站),交通设施,公交站,119.39122002,39.81402734,transit
poi_transit.csv,秦皇岛万科拾光海湾(公交站),交通设施,公交站,119.38136325,39.76998523,transit
poi_transit.csv,秦皇岛葡萄岛路口(公交站),交通设施,公交站,119.36653872,39.76224076,transit
poi_transit.csv,秦皇岛心乐园(公交站),交通设施,公交站,119.34090342,39.74927308,transit
poi_transit.csv,秦皇岛东苏撑子(公交站),交通设施,公交站,119.33275011,39.73261167,transit
poi_transit.csv,秦皇岛西苏撑子(公交站),交通设施,公交站,119.32656441,39.72080492,transit
poi_transit.csv,秦皇岛沟湾儿村(公交站),交通设施,公交站,119.32629972,39.71563072,transit
poi_transit.csv,秦皇岛云溪潮畔小区(公交站),交通设施,公交站,119.3183565,39.699335,transit
poi_transit.csv,秦皇岛北戴河新区政务中心(公交站),交通设施,公交站,119.31535439,39.69332627,transit
poi_transit.csv,秦皇岛国际健康中心(公交站),交通设施,公交站,119.31412717,39.66443762,transit
poi_transit.csv,秦皇岛阿那亚西门(公交站),交通设施,公交站,119.30953185,39.65758238,transit
poi_transit.csv,秦皇岛森屿海度假酒店(公交站),交通设施,公交站,119.3065598,39.64951752,transit
poi_transit.csv,秦皇岛阿尔卡迪亚(公交站),交通设施,公交站,119.30157056,39.63619476,transit
poi_transit.csv,秦皇岛如是海(公交站),交通设施,公交站,119.29851397,39.6269244,transit
poi_transit.csv,秦皇岛渔岛温泉度假村(公交站),交通设施,公交站,119.28395656,39.60480482,transit
poi_transit.csv,秦皇岛碧水湾度假村(公交站),交通设施,公交站,119.3040538,39.63976109,transit
poi_transit.csv,秦皇岛北戴河新区政务行政中心(公交站),交通设施,公交站,119.31545156,39.69304882,transit
poi_transit.csv,秦皇岛西河南路口(公交站),交通设施,公交站,119.35830796,39.75699185,transit
poi_transit.csv,秦皇岛海阳路汽车站(公交站),交通设施,公交站,119.5979267,39.93298009,transit
poi_transit.csv,秦皇岛小北站(公交站),交通设施,公交站,119.58623526,39.93910115,transit
poi_transit.csv,秦皇岛五粮液海鲜大酒店(公交站),交通设施,公交站,119.57400804,39.94543623,transit
poi_transit.csv,秦皇岛人才市场(公交站),交通设施,公交站,119.56745764,39.94951789,transit
poi_transit.csv,秦皇岛玉带湾(公交站),交通设施,公交站,119.56429105,39.95512697,transit
poi_transit.csv,秦皇岛515(公交站),交通设施,公交站,119.55700152,39.96522346,transit
poi_transit.csv,秦皇岛海阳大集(公交站),交通设施,公交站,119.55437642,39.96809425,transit
poi_transit.csv,秦皇岛紫峰坨(公交站),交通设施,公交站,119.53756964,39.99725933,transit
poi_transit.csv,秦皇岛方圆玻璃厂(公交站),交通设施,公交站,119.53511745,39.9996583,transit
poi_transit.csv,秦皇岛北高庄(公交站),交通设施,公交站,119.53194714,40.00349346,transit
poi_transit.csv,秦皇岛浅野(公交站),交通设施,公交站,119.53153456,40.00624074,transit
poi_transit.csv,秦皇岛盛世家园(公交站),交通设施,公交站,119.5300021,40.01505878,transit
poi_transit.csv,秦皇岛蓝图花园(公交站),交通设施,公交站,119.52945597,40.01752883,transit
poi_transit.csv,秦皇岛杜庄大集(公交站),交通设施,公交站,119.5292087,40.02006763,transit
poi_transit.csv,秦皇岛大道村(公交站),交通设施,公交站,119.52911801,40.02252058,transit
poi_transit.csv,秦皇岛赵庄(公交站),交通设施,公交站,119.53009096,40.02674511,transit
poi_transit.csv,秦皇岛杜庄乡供电所(公交站),交通设施,公交站,119.5258497,40.02714644,transit
poi_transit.csv,秦皇岛中首物流(公交站),交通设施,公交站,119.51935101,40.02640772,transit
poi_transit.csv,秦皇岛首钢北门(公交站),交通设施,公交站,119.51283642,40.02510614,transit
poi_transit.csv,秦皇岛北石庄(公交站),交通设施,公交站,119.50486305,40.02826564,transit
poi_transit.csv,秦皇岛廖庄(公交站),交通设施,公交站,119.49702054,40.03135226,transit
poi_transit.csv,秦皇岛黑山咀(公交站),交通设施,公交站,119.48436215,40.04530867,transit
poi_transit.csv,秦皇岛民族学校(公交站),交通设施,公交站,119.48100433,40.04656755,transit
poi_transit.csv,秦皇岛温泉堡(公交站),交通设施,公交站,119.47553422,40.0432627,transit
poi_transit.csv,秦皇岛杜庄镇政府(公交站),交通设施,公交站,119.53032224,40.01329328,transit
poi_transit.csv,秦皇岛海阳路长途汽车站(公交站),交通设施,公交站,119.59768548,39.93289588,transit
poi_transit.csv,秦皇岛第一医院骨科院区(公交站),交通设施,公交站,119.55437699,39.96809369,transit
poi_transit.csv,秦皇岛碧桂园(公交站),交通设施,公交站,119.54003309,39.99469902,transit
poi_transit.csv,秦皇岛蓝图嘉园(公交站),交通设施,公交站,119.53268497,40.02925085,transit
poi_transit.csv,秦皇岛鸡冠山(公交站),交通设施,公交站,119.53718354,40.03484129,transit
poi_transit.csv,秦皇岛小部落(公交站),交通设施,公交站,119.54663991,40.04015258,transit
poi_transit.csv,秦皇岛老观峪(公交站),交通设施,公交站,119.55134218,40.04622862,transit
poi_transit.csv,秦皇岛闫家峪(公交站),交通设施,公交站,119.5452903,40.0514121,transit
poi_transit.csv,秦皇岛下平山(公交站),交通设施,公交站,119.53856249,40.06104068,transit
poi_transit.csv,秦皇岛柳条庄(公交站),交通设施,公交站,119.53922337,40.07104846,transit
poi_transit.csv,秦皇岛柳观峪(公交站),交通设施,公交站,119.53298763,40.08506371,transit
poi_transit.csv,秦皇岛山羊寨(公交站),交通设施,公交站,119.53391892,40.09130743,transit
poi_transit.csv,秦皇岛秋子峪(公交站),交通设施,公交站,119.5371878,40.10368668,transit
poi_transit.csv,秦皇岛张赵庄(公交站),交通设施,公交站,119.53326439,40.11262752,transit
poi_transit.csv,秦皇岛天女小镇(公交站),交通设施,公交站,119.52925284,40.1143413,transit
poi_transit.csv,秦皇岛车场(公交站),交通设施,公交站,119.52798382,40.11669686,transit
poi_transit.csv,秦皇岛北杨庄(公交站),交通设施,公交站,119.54209242,40.11938483,transit
poi_transit.csv,秦皇岛刘家房(公交站),交通设施,公交站,119.53468099,40.13830131,transit
poi_transit.csv,秦皇岛大花场峪(公交站),交通设施,公交站,119.52747359,40.15258571,transit
poi_transit.csv,秦皇岛花场峪1(公交站),交通设施,公交站,119.52654767,40.1547398,transit
poi_transit.csv,秦皇岛花场峪2(公交站),交通设施,公交站,119.51222672,40.16384874,transit
poi_transit.csv,秦皇岛花场峪3(公交站),交通设施,公交站,119.48722145,40.17117986,transit
poi_transit.csv,秦皇岛花场峪(公交站),交通设施,公交站,119.52950552,40.15132242,transit
poi_transit.csv,秦皇岛石岭(公交站),交通设施,公交站,119.59578059,40.14451742,transit
poi_transit.csv,秦皇岛杨蒋山(公交站),交通设施,公交站,119.56616499,40.16524066,transit
poi_transit.csv,秦皇岛北沟(公交站),交通设施,公交站,119.53666392,40.19891454,transit
poi_transit.csv,秦皇岛山神庙(公交站),交通设施,公交站,119.53363365,40.20151784,transit
poi_transit.csv,秦皇岛山神庙大集(公交站),交通设施,公交站,119.51755189,40.20591361,transit
poi_transit.csv,秦皇岛三岔(公交站),交通设施,公交站,119.48710045,40.2187681,transit
poi_transit.csv,秦皇岛王丈子(公交站),交通设施,公交站,119.12271852,40.36512032,transit
poi_transit.csv,秦皇岛老观峪路口(公交站),交通设施,公交站,119.55173271,40.04544965,transit
poi_transit.csv,秦皇岛老观峪大队(公交站),交通设施,公交站,119.55764308,40.05148162,transit
poi_transit.csv,秦皇岛李河沟(公交站),交通设施,公交站,119.56603575,40.05813758,transit
poi_transit.csv,秦皇岛大槽沟(公交站),交通设施,公交站,119.57458636,40.06321913,transit
poi_transit.csv,秦皇岛黑山窑(公交站),交通设施,公交站,119.57981571,40.06673322,transit
poi_transit.csv,秦皇岛双星泵房(公交站),交通设施,公交站,119.58727261,40.0717322,transit
poi_transit.csv,秦皇岛付水寨(公交站),交通设施,公交站,119.59170457,40.07380575,transit
poi_transit.csv,秦皇岛卞庄(公交站),交通设施,公交站,119.5983167,40.07443574,transit
poi_transit.csv,秦皇岛王木庄(公交站),交通设施,公交站,119.60311836,40.07611986,transit
poi_transit.csv,秦皇岛石门寨大集(公交站),交通设施,公交站,119.60609953,40.08755032,transit
poi_transit.csv,秦皇岛石门寨镇政府(公交站),交通设施,公交站,119.60799104,40.09026386,transit
poi_transit.csv,秦皇岛农行(公交站),交通设施,公交站,119.61128485,40.09281084,transit
poi_transit.csv,秦皇岛高中路口(公交站),交通设施,公交站,119.6115642,40.09694899,transit
poi_transit.csv,秦皇岛北河泵房(公交站),交通设施,公交站,119.60920696,40.10023641,transit
poi_transit.csv,秦皇岛北河桥(公交站),交通设施,公交站,119.60589802,40.10232847,transit
poi_transit.csv,秦皇岛柳江(公交站),交通设施,公交站,119.60265749,40.10558048,transit
poi_transit.csv,秦皇岛浅北(公交站),交通设施,公交站,119.6014583,40.11434203,transit
poi_transit.csv,秦皇岛潮水峪路口(公交站),交通设施,公交站,119.60017346,40.1169707,transit
poi_transit.csv,秦皇岛上庄坨(公交站),交通设施,公交站,119.59735577,40.12064677,transit
poi_transit.csv,秦皇岛电厂桥(公交站),交通设施,公交站,119.59450435,40.12484212,transit
poi_transit.csv,秦皇岛槐树店(公交站),交通设施,公交站,119.59186364,40.12799275,transit
poi_transit.csv,秦皇岛半壁店(公交站),交通设施,公交站,119.59366361,40.13579335,transit
poi_transit.csv,秦皇岛石岭小学(公交站),交通设施,公交站,119.59591508,40.14012149,transit
poi_transit.csv,秦皇岛耐火厂(公交站),交通设施,公交站,119.57397328,39.94539227,transit
poi_transit.csv,秦皇岛浅南(公交站),交通设施,公交站,119.62060372,40.10154869,transit
poi_transit.csv,秦皇岛大峪口(公交站),交通设施,公交站,119.62370643,40.10242678,transit
poi_transit.csv,秦皇岛沙河寨(公交站),交通设施,公交站,119.64914857,40.10615707,transit
poi_transit.csv,秦皇岛下沙河寨(公交站),交通设施,公交站,119.65876418,40.10265428,transit
poi_transit.csv,秦皇岛石嘴村(公交站),交通设施,公交站,119.67274835,40.10880898,transit
poi_transit.csv,秦皇岛朱清峪(公交站),交通设施,公交站,119.69365949,40.11532434,transit
poi_transit.csv,秦皇岛田家岗(公交站),交通设施,公交站,119.70053947,40.11830371,transit
poi_transit.csv,秦皇岛响水(公交站),交通设施,公交站,119.70478999,40.12008587,transit
poi_transit.csv,秦皇岛九门口(公交站),交通设施,公交站,119.74351256,40.12084432,transit
poi_transit.csv,秦皇岛大曹沟(公交站),交通设施,公交站,119.57447337,40.06324893,transit
poi_transit.csv,秦皇岛大傍水崖(公交站),交通设施,公交站,119.56051711,40.12524928,transit
poi_transit.csv,秦皇岛净土寺(公交站),交通设施,公交站,119.57169134,40.12964958,transit
poi_transit.csv,秦皇岛北未庄(公交站),交通设施,公交站,119.57286903,40.1352068,transit
poi_transit.csv,秦皇岛北庄坨(公交站),交通设施,公交站,119.56464483,40.13909336,transit
poi_transit.csv,秦皇岛老君顶(公交站),交通设施,公交站,119.58340903,40.15573809,transit
poi_transit.csv,秦皇岛拿子峪(公交站),交通设施,公交站,119.56532001,40.17686249,transit
poi_transit.csv,秦皇岛义院口(公交站),交通设施,公交站,119.56495427,40.17819825,transit
poi_transit.csv,秦皇岛板厂峪(公交站),交通设施,公交站,119.5715404,40.19883477,transit
poi_transit.csv,秦皇岛港口俱乐部(公交站),交通设施,公交站,119.60748838,39.91956027,transit
poi_transit.csv,秦皇岛开滦路(公交站),交通设施,公交站,119.61187837,39.91954441,transit
poi_transit.csv,秦皇岛西港花园(公交站),交通设施,公交站,119.61831035,39.91440488,transit
poi_transit.csv,秦皇岛求仙入海处(公交站),交通设施,公交站,119.62118235,39.9162717,transit
poi_transit.csv,秦皇岛图成玻璃公司(公交站),交通设施,公交站,119.50555705,39.92334243,transit
poi_transit.csv,秦皇岛义卜寨(公交站),交通设施,公交站,119.44754987,39.92468663,transit
poi_transit.csv,秦皇岛深河路(公交站),交通设施,公交站,119.43588054,39.9273111,transit
poi_transit.csv,秦皇岛中信戴卡(公交站),交通设施,公交站,119.42934683,39.92683975,transit
poi_transit.csv,秦皇岛洪泽湖路路口(公交站),交通设施,公交站,119.42274122,39.9259489,transit
poi_transit.csv,秦皇岛龙海道西段(公交站),交通设施,公交站,119.41847902,39.92537256,transit
poi_transit.csv,秦皇岛中秦兴龙(公交站),交通设施,公交站,119.41225908,39.92371548,transit
poi_transit.csv,秦皇岛首创思泰意达(公交站),交通设施,公交站,119.40925985,39.92250464,transit
poi_transit.csv,秦皇岛祁连山南路(公交站),交通设施,公交站,119.52466804,39.92860103,transit
poi_transit.csv,秦皇岛白庙(公交站),交通设施,公交站,119.51952865,39.93443462,transit
poi_transit.csv,秦皇岛奥格集团(公交站),交通设施,公交站,119.516071,39.93841536,transit
poi_transit.csv,秦皇岛镜泊湖路口(公交站),交通设施,公交站,119.50060589,39.9332195,transit
poi_transit.csv,秦皇岛渤海西道(公交站),交通设施,公交站,119.47911922,39.93411321,transit
poi_transit.csv,秦皇岛新航驾校(公交站),交通设施,公交站,119.48398757,39.93453924,transit
poi_transit.csv,秦皇岛倪庄新村(公交站),交通设施,公交站,119.54562922,39.91784101,transit
poi_transit.csv,秦皇岛白塔岭小学(公交站),交通设施,公交站,119.54931979,39.91618115,transit
poi_transit.csv,秦皇岛e谷创想空间(公交站),交通设施,公交站,119.4738373,39.92712798,transit
poi_transit.csv,秦皇岛和信基业广场(公交站),交通设施,公交站,119.44284913,39.90156099,transit
poi_transit.csv,秦皇岛栖云山路(公交站),交通设施,公交站,119.44050262,39.90803091,transit
poi_transit.csv,秦皇岛孤家子(公交站),交通设施,公交站,119.43900221,39.91172232,transit
poi_transit.csv,秦皇岛滇池路(公交站),交通设施,公交站,119.43962828,39.91789245,transit
poi_transit.csv,秦皇岛学府嘉园(公交站),交通设施,公交站,119.50549668,39.91897093,transit
poi_transit.csv,秦皇岛橡树湾(公交站),交通设施,公交站,119.50763953,39.91709,transit
poi_transit.csv,秦皇岛第一中学西门(公交站),交通设施,公交站,119.5105761,39.91448891,transit
poi_transit.csv,秦皇岛科技师范开发区校区(公交站),交通设施,公交站,119.52962675,39.9280011,transit
poi_transit.csv,秦皇岛张庄市场(公交站),交通设施,公交站,119.5654104,39.93893093,transit
poi_transit.csv,秦皇岛威卡威一厂(公交站),交通设施,公交站,119.4365205,39.91734247,transit
poi_transit.csv,秦皇岛洋河左岸(公交站),交通设施,公交站,119.26850834,39.85743164,transit
poi_transit.csv,秦皇岛景逸小区(公交站),交通设施,公交站,119.26128783,39.86207533,transit
poi_transit.csv,秦皇岛景彩小区(公交站),交通设施,公交站,119.25609155,39.86521982,transit
poi_transit.csv,秦皇岛城市溪谷(公交站),交通设施,公交站,119.26357395,39.86794283,transit
poi_transit.csv,秦皇岛翰邻院(公交站),交通设施,公交站,119.26527848,39.87109349,transit
poi_transit.csv,秦皇岛学府名苑(公交站),交通设施,公交站,119.26272638,39.87382247,transit
poi_transit.csv,秦皇岛卫生局(公交站),交通设施,公交站,119.25329608,39.87411136,transit
poi_transit.csv,秦皇岛交通局(公交站),交通设施,公交站,119.24764525,39.88132272,transit
poi_transit.csv,秦皇岛抚宁汽车站(公交站),交通设施,公交站,119.24019275,39.89501407,transit
poi_transit.csv,秦皇岛白鹭岛(田庄)(公交站),交通设施,公交站,119.76618203,39.962196,transit
poi_transit.csv,秦皇岛山海关开发区二院(公交站),交通设施,公交站,119.81077172,39.99513579,transit
poi_transit.csv,秦皇岛戴河生态园(龙海道)(公交站),交通设施,公交站,119.44360246,39.92327036,transit
poi_transit.csv,秦皇岛高家店(公交站),交通设施,公交站,119.38509633,39.88028942,transit
poi_transit.csv,秦皇岛大米河头村(公交站),交通设施,公交站,119.38508098,39.87135151,transit
poi_transit.csv,秦皇岛孙家庄(公交站),交通设施,公交站,119.39410229,39.86980129,transit
poi_transit.csv,秦皇岛太和小镇(公交站),交通设施,公交站,119.39500158,39.8503587,transit
poi_transit.csv,秦皇岛华都驿郡(公交站),交通设施,公交站,119.40682973,39.84915373,transit
poi_transit.csv,秦皇岛太和寨村(公交站),交通设施,公交站,119.40670911,39.84956661,transit
poi_transit.csv,秦皇岛机场宾馆(公交站),交通设施,公交站,119.59252801,39.95966643,transit
poi_transit.csv,秦皇岛北戴河海宁路201号(公交站),交通设施,公交站,119.47206259,39.8524215,transit
poi_transit.csv,秦皇岛北戴河机场(公交站),交通设施,公交站,119.06739511,39.65980001,transit
poi_transit.csv,秦皇岛鸽子窝停车场(公交站),交通设施,公交站,119.51511485,39.83530011,transit
poi_transit.csv,秦皇岛葡萄沟(公交站),交通设施,公交站,119.11637751,39.76571499,transit
poi_transit.csv,秦皇岛西山场(公交站),交通设施,公交站,119.11607293,39.76548008,transit
poi_transit.csv,秦皇岛马庄(公交站),交通设施,公交站,119.09950051,39.75480013,transit
poi_transit.csv,秦皇岛秦庄(公交站),交通设施,公交站,119.09653801,39.7530581,transit
poi_transit.csv,秦皇岛十八里碑(公交站),交通设施,公交站,119.09115489,39.75180633,transit
poi_transit.csv,秦皇岛灵芝顶(公交站),交通设施,公交站,119.09652976,39.74402584,transit
poi_transit.csv,秦皇岛张各庄一村(公交站),交通设施,公交站,119.09983822,39.7376687,transit
poi_transit.csv,秦皇岛张各庄二村(公交站),交通设施,公交站,119.10521119,39.72806873,transit
poi_transit.csv,秦皇岛十里铺(公交站),交通设施,公交站,119.11229484,39.71916132,transit
poi_transit.csv,秦皇岛五里营(公交站),交通设施,公交站,119.12878512,39.71249361,transit
poi_transit.csv,秦皇岛计生委(公交站),交通设施,公交站,119.13499303,39.71276799,transit
poi_transit.csv,秦皇岛西苑小区(公交站),交通设施,公交站,119.14423,39.71223527,transit
poi_transit.csv,秦皇岛汇文一中(公交站),交通设施,公交站,119.15167775,39.71207997,transit
poi_transit.csv,秦皇岛碣石山市场(公交站),交通设施,公交站,119.15785174,39.71325418,transit
poi_transit.csv,秦皇岛星耀广场(公交站),交通设施,公交站,119.15853179,39.71329415,transit
poi_transit.csv,秦皇岛蓝岛(公交站),交通设施,公交站,119.16594591,39.71338999,transit
poi_transit.csv,秦皇岛移动(公交站),交通设施,公交站,119.16630325,39.70934807,transit
poi_transit.csv,秦皇岛火车站(公交站),交通设施,公交站,119.16786132,39.70507104,transit
poi_transit.csv,秦皇岛昌黎商厦(公交站),交通设施,公交站,119.16639256,39.70867133,transit
poi_transit.csv,秦皇岛解官营(公交站),交通设施,公交站,119.23737033,39.68905805,transit
poi_transit.csv,秦皇岛葛条港(公交站),交通设施,公交站,119.22799785,39.70497844,transit
poi_transit.csv,秦皇岛张官庄(公交站),交通设施,公交站,119.21300493,39.70305507,transit
poi_transit.csv,秦皇岛葛条岗(公交站),交通设施,公交站,119.21202139,39.70734802,transit
poi_transit.csv,秦皇岛姚家庄(公交站),交通设施,公交站,119.20556831,39.71109011,transit
poi_transit.csv,秦皇岛消防队(公交站),交通设施,公交站,119.19582938,39.70956766,transit
poi_transit.csv,秦皇岛大厦(公交站),交通设施,公交站,119.1905648,39.71588294,transit
poi_transit.csv,秦皇岛东大市场(公交站),交通设施,公交站,119.18893925,39.71845745,transit
poi_transit.csv,秦皇岛广缘(公交站),交通设施,公交站,119.18711908,39.71890981,transit
poi_transit.csv,秦皇岛碣石花苑(公交站),交通设施,公交站,119.18570089,39.71847866,transit
poi_transit.csv,秦皇岛昌黎宾馆(公交站),交通设施,公交站,119.17971537,39.71652173,transit
poi_transit.csv,秦皇岛东山公园(公交站),交通设施,公交站,119.17578857,39.71500741,transit
poi_transit.csv,秦皇岛电视台(公交站),交通设施,公交站,119.17038051,39.71451638,transit
poi_transit.csv,秦皇岛县医院(公交站),交通设施,公交站,119.17832895,39.72840526,transit
poi_transit.csv,秦皇岛泰安盛世(公交站),交通设施,公交站,119.16717405,39.72656018,transit
poi_transit.csv,秦皇岛丽京花苑(公交站),交通设施,公交站,119.16552207,39.72159064,transit
poi_transit.csv,秦皇岛时代家园(公交站),交通设施,公交站,119.16588074,39.71852562,transit
poi_transit.csv,秦皇岛怡景花园(公交站),交通设施,公交站,119.16582099,39.71682377,transit
poi_transit.csv,秦皇岛中行(公交站),交通设施,公交站,119.16344186,39.71385019,transit
poi_transit.csv,秦皇岛步行街(公交站),交通设施,公交站,119.16655676,39.7079024,transit
poi_transit.csv,秦皇岛东门(公交站),交通设施,公交站,119.16617307,39.71096447,transit
poi_transit.csv,秦皇岛建设银行(公交站),交通设施,公交站,119.17020536,39.71441874,transit
poi_transit.csv,秦皇岛广缘超市(公交站),交通设施,公交站,119.1859299,39.71844763,transit
poi_transit.csv,秦皇岛四中(公交站),交通设施,公交站,119.18680975,39.72296295,transit
poi_transit.csv,秦皇岛县图书馆(公交站),交通设施,公交站,119.18342666,39.71780342,transit
poi_transit.csv,秦皇岛步行街路口(公交站),交通设施,公交站,119.16667193,39.70757149,transit
poi_transit.csv,秦皇岛农校(公交站),交通设施,公交站,119.17489305,39.70757649,transit
poi_transit.csv,秦皇岛海滴韵(公交站),交通设施,公交站,119.17851695,39.70973305,transit
poi_transit.csv,秦皇岛六合上城(公交站),交通设施,公交站,119.18371956,39.7109488,transit
poi_transit.csv,秦皇岛征收大厅(公交站),交通设施,公交站,119.19747679,39.70388621,transit
poi_transit.csv,秦皇岛吉祥尚府(公交站),交通设施,公交站,119.19741394,39.6976891,transit
poi_transit.csv,秦皇岛职教中心(公交站),交通设施,公交站,119.21129194,39.69459204,transit
poi_transit.csv,秦皇岛歇马台(公交站),交通设施,公交站,119.23059735,39.69053785,transit
poi_transit.csv,秦皇岛小蒲河(公交站),交通设施,公交站,119.25741241,39.68529028,transit
poi_transit.csv,秦皇岛大蒲河(公交站),交通设施,公交站,119.27633371,39.68154856,transit
poi_transit.csv,秦皇岛网球中心(公交站),交通设施,公交站,119.29995267,39.66801935,transit
poi_transit.csv,秦皇岛新区行政服务中心(公交站),交通设施,公交站,119.32077693,39.6819846,transit
poi_transit.csv,秦皇岛海岸医院(公交站),交通设施,公交站,119.32234312,39.69414658,transit
poi_transit.csv,秦皇岛碧螺湾(公交站),交通设施,公交站,119.32712068,39.69830084,transit
poi_transit.csv,秦皇岛新区法院(公交站),交通设施,公交站,119.3341728,39.69924677,transit
poi_transit.csv,秦皇岛黎昌尚府(公交站),交通设施,公交站,119.15118291,39.71212965,transit
poi_transit.csv,秦皇岛鼓楼交电(公交站),交通设施,公交站,119.16327443,39.70728276,transit
poi_transit.csv,秦皇岛兴华小区(公交站),交通设施,公交站,119.16224847,39.70056516,transit
poi_transit.csv,秦皇岛晟禾时代(公交站),交通设施,公交站,119.16109924,39.69703367,transit
poi_transit.csv,秦皇岛三中(公交站),交通设施,公交站,119.16814557,39.6991638,transit
poi_transit.csv,秦皇岛金海阳光(公交站),交通设施,公交站,119.18186682,39.70149271,transit
poi_transit.csv,秦皇岛八里庄村(公交站),交通设施,公交站,119.1991756,39.72540545,transit
poi_transit.csv,秦皇岛金榭巴黎(公交站),交通设施,公交站,119.19716168,39.72432013,transit
poi_transit.csv,秦皇岛镇政府(公交站),交通设施,公交站,119.19256105,39.72112529,transit
poi_transit.csv,秦皇岛海棠酒店(公交站),交通设施,公交站,119.17953472,39.71645651,transit
poi_transit.csv,秦皇岛学院路口(公交站),交通设施,公交站,119.1729725,39.71455308,transit
poi_transit.csv,秦皇岛昌萱家具城(公交站),交通设施,公交站,119.16602993,39.7121953,transit
poi_transit.csv,秦皇岛红日电脑商城(公交站),交通设施,公交站,119.16622922,39.7101863,transit
poi_transit.csv,秦皇岛文峰时尚(公交站),交通设施,公交站,119.16726609,39.70600539,transit
poi_transit.csv,秦皇岛海滴韵花苑(公交站),交通设施,公交站,119.17851825,39.70973436,transit
poi_transit.csv,秦皇岛汇文尚府(公交站),交通设施,公交站,119.18619419,39.71158676,transit
poi_transit.csv,秦皇岛行政大厅(公交站),交通设施,公交站,119.19739137,39.70439408,transit
poi_transit.csv,秦皇岛高速路口(公交站),交通设施,公交站,119.23710577,39.68911018,transit
poi_transit.csv,秦皇岛茂道庄路口(公交站),交通设施,公交站,119.26940359,39.68325219,transit
poi_transit.csv,秦皇岛顶大(公交站),交通设施,公交站,119.30616009,39.66719947,transit
poi_transit.csv,秦皇岛新区政府(公交站),交通设施,公交站,119.30908297,39.66681836,transit
poi_transit.csv,秦皇岛园区路口(公交站),交通设施,公交站,119.31382236,39.66637268,transit
poi_transit.csv,秦皇岛黄金海岸医院(公交站),交通设施,公交站,119.32234211,39.6941483,transit
poi_transit.csv,秦皇岛阿那亚(公交站),交通设施,公交站,119.31602544,39.66881983,transit
poi_transit.csv,秦皇岛孔雀王府(公交站),交通设施,公交站,119.28327836,39.67743461,transit
poi_transit.csv,秦皇岛财政局(公交站),交通设施,公交站,119.15985679,39.71446513,transit
poi_transit.csv,秦皇岛公安局(公交站),交通设施,公交站,119.15961523,39.71582284,transit
poi_transit.csv,秦皇岛工商局(公交站),交通设施,公交站,119.15631904,39.71857956,transit
poi_transit.csv,秦皇岛杏树园(公交站),交通设施,公交站,119.15525655,39.73578996,transit
poi_transit.csv,秦皇岛水岩寺(公交站),交通设施,公交站,119.15098406,39.74298368,transit
poi_transit.csv,秦皇岛垂柳庄(公交站),交通设施,公交站,119.04735684,39.69160392,transit
poi_transit.csv,秦皇岛杨封台(公交站),交通设施,公交站,119.06676409,39.69855318,transit
poi_transit.csv,秦皇岛边封台(公交站),交通设施,公交站,119.08050762,39.69820736,transit
poi_transit.csv,秦皇岛龙封台(公交站),交通设施,公交站,119.08260755,39.69895266,transit
poi_transit.csv,秦皇岛左封台(公交站),交通设施,公交站,119.08860183,39.70024517,transit
poi_transit.csv,秦皇岛孔庄(公交站),交通设施,公交站,119.09650704,39.70114211,transit
poi_transit.csv,秦皇岛郝宋庄(公交站),交通设施,公交站,119.10708057,39.69869633,transit
poi_transit.csv,秦皇岛四村(公交站),交通设施,公交站,119.1154929,39.69719392,transit
poi_transit.csv,秦皇岛犁湾河三村(公交站),交通设施,公交站,119.11749957,39.6969675,transit
poi_transit.csv,秦皇岛四季雪(公交站),交通设施,公交站,119.1272839,39.70189869,transit
poi_transit.csv,秦皇岛一中(公交站),交通设施,公交站,119.15148239,39.71209821,transit
poi_transit.csv,秦皇岛佟庄子(公交站),交通设施,公交站,119.21466554,39.65087985,transit
poi_transit.csv,秦皇岛佟庄子小学(公交站),交通设施,公交站,119.21348911,39.65141923,transit
poi_transit.csv,秦皇岛东沙河村委(公交站),交通设施,公交站,119.22664477,39.66574703,transit
poi_transit.csv,秦皇岛黎昌滨城(公交站),交通设施,公交站,119.18735331,39.69995972,transit
poi_transit.csv,秦皇岛文化局(公交站),交通设施,公交站,119.17246768,39.70044272,transit
poi_transit.csv,秦皇岛地王酒厂(公交站),交通设施,公交站,119.16473681,39.69812321,transit
poi_transit.csv,秦皇岛法院(公交站),交通设施,公交站,119.16321764,39.69766809,transit
poi_transit.csv,秦皇岛电力公司(公交站),交通设施,公交站,119.17380238,39.70073701,transit
poi_transit.csv,秦皇岛西沙河小学(公交站),交通设施,公交站,119.21735839,39.66352814,transit
poi_transit.csv,秦皇岛罗家营(公交站),交通设施,公交站,119.18751772,39.64752824,transit
poi_transit.csv,秦皇岛平安庄(公交站),交通设施,公交站,119.18668641,39.6551891,transit
poi_transit.csv,秦皇岛高庄(公交站),交通设施,公交站,119.18514069,39.66404807,transit
poi_transit.csv,秦皇岛刘李庄(公交站),交通设施,公交站,119.18214225,39.67652036,transit
poi_transit.csv,秦皇岛钱庄子(公交站),交通设施,公交站,119.18995839,39.69581401,transit
poi_transit.csv,秦皇岛富临广场(公交站),交通设施,公交站,119.170297,39.71450756,transit
poi_transit.csv,秦皇岛二院路口(公交站),交通设施,公交站,119.16907664,39.71432232,transit
poi_transit.csv,秦皇岛小商品(公交站),交通设施,公交站,119.20502076,39.72833295,transit
poi_transit.csv,秦皇岛长城驾校(公交站),交通设施,公交站,119.22694042,39.74280236,transit
poi_transit.csv,秦皇岛索坤(公交站),交通设施,公交站,119.23233623,39.74397075,transit
poi_transit.csv,秦皇岛段营(公交站),交通设施,公交站,119.28184633,39.74589513,transit
poi_transit.csv,秦皇岛黄营(公交站),交通设施,公交站,119.25634905,39.72500606,transit
poi_transit.csv,秦皇岛裴家堡(公交站),交通设施,公交站,119.26728854,39.74270381,transit
poi_transit.csv,秦皇岛段庄(公交站),交通设施,公交站,119.25163229,39.74042033,transit
poi_transit.csv,秦皇岛杨家营(公交站),交通设施,公交站,119.2849948,39.74125833,transit
poi_transit.csv,秦皇岛草梁屯(公交站),交通设施,公交站,119.21546677,39.73473411,transit
poi_transit.csv,秦皇岛老派出所(公交站),交通设施,公交站,119.16336516,39.70640032,transit
poi_transit.csv,秦皇岛小庄(公交站),交通设施,公交站,119.11771011,39.62471306,transit
poi_transit.csv,秦皇岛井儿庄(公交站),交通设施,公交站,119.09114048,39.62821214,transit
poi_transit.csv,秦皇岛第一关停车场(公交站),交通设施,公交站,119.76777313,40.01014358,transit
poi_transit.csv,秦皇岛商城(公交站),交通设施,公交站,119.60625654,39.93468895,transit
poi_transit.csv,秦皇岛金梦海湾1号(公交站),交通设施,公交站,119.54587099,39.89608691,transit
poi_transit.csv,秦皇岛秦皇小巷(公交站),交通设施,公交站,119.560735,39.911544,transit
poi_transit.csv,秦皇岛广缘超市孟营店(公交站),交通设施,公交站,119.53328589,39.92926045,transit
poi_transit.csv,秦皇岛抚宁一中(公交站),交通设施,公交站,119.25673692,39.87220289,transit
poi_transit.csv,秦皇岛精工绿筑(公交站),交通设施,公交站,119.23685217,39.92121071,transit
poi_transit.csv,秦皇岛秦驰建材(公交站),交通设施,公交站,119.23681487,39.9198505,transit
poi_transit.csv,秦皇岛中环绿建(公交站),交通设施,公交站,119.23619333,39.91508892,transit
poi_transit.csv,秦皇岛佰兴金属(公交站),交通设施,公交站,119.23099762,39.91507035,transit
poi_transit.csv,秦皇岛顺之达汽车产业园(公交站),交通设施,公交站,119.22734346,39.91507681,transit
poi_transit.csv,秦皇岛果岭湾(公交站),交通设施,公交站,119.5115221,39.92651709,transit
poi_transit.csv,秦皇岛北戴河人民医院(公交站),交通设施,公交站,119.48811564,39.82352659,transit
poi_transit.csv,秦皇岛草场民宿区(公交站),交通设施,公交站,119.47596079,39.82222864,transit
poi_transit.csv,秦皇岛莲花石(公交站),交通设施,公交站,119.47620449,39.82090804,transit
poi_transit.csv,秦皇岛铁疗一区(公交站),交通设施,公交站,119.47748004,39.81634646,transit
poi_transit.csv,秦皇岛中海滩宾馆(公交站),交通设施,公交站,119.4850174,39.81786956,transit
poi_transit.csv,秦皇岛老虎石海上公园(公交站),交通设施,公交站,119.49118371,39.8175387,transit
poi_transit.csv,秦皇岛交通部疗养院(公交站),交通设施,公交站,119.49794307,39.81846129,transit
poi_transit.csv,秦皇岛海滨度假村(公交站),交通设施,公交站,119.50333046,39.81903019,transit
poi_transit.csv,秦皇岛黑龙江省干部疗养院(公交站),交通设施,公交站,119.51295752,39.82077982,transit
poi_transit.csv,秦皇岛河北省疗养院(公交站),交通设施,公交站,119.51729795,39.82127233,transit
poi_transit.csv,秦皇岛天津市工人疗养院(公交站),交通设施,公交站,119.52238667,39.82143497,transit
poi_transit.csv,秦皇岛赤土山村(公交站),交通设施,公交站,119.51645969,39.83435567,transit
poi_transit.csv,秦皇岛喜来登酒店(公交站),交通设施,公交站,119.51113483,39.82615498,transit
poi_transit.csv,秦皇岛刘庄民宿区(公交站),交通设施,公交站,119.50403873,39.82565514,transit
poi_transit.csv,秦皇岛怪楼奇园(公交站),交通设施,公交站,119.49839345,39.82580875,transit
poi_transit.csv,秦皇岛秦皇岛长途汽车站(公交站),交通设施,公交站,119.58783702,39.96383592,transit
poi_transit.csv,秦皇岛乐岛(公交站),交通设施,公交站,119.75453686,39.9563742,transit
poi_transit.csv,秦皇岛公交公司(公交站),交通设施,公交站,118.92336352,40.41336251,transit
poi_transit.csv,秦皇岛木兰街北口(公交站),交通设施,公交站,118.93079139,40.40990066,transit
poi_transit.csv,秦皇岛绿叶火锅(公交站),交通设施,公交站,118.93559716,40.40750641,transit
poi_transit.csv,秦皇岛裕祥园小区(公交站),交通设施,公交站,118.94121849,40.4061877,transit
poi_transit.csv,秦皇岛移动营业厅(公交站),交通设施,公交站,118.94486373,40.40619786,transit
poi_transit.csv,秦皇岛供销小区(公交站),交通设施,公交站,118.94656478,40.40634093,transit
poi_transit.csv,秦皇岛邮政储蓄(公交站),交通设施,公交站,118.94858751,40.40655829,transit
poi_transit.csv,秦皇岛家惠超市(公交站),交通设施,公交站,118.95037983,40.40667847,transit
poi_transit.csv,秦皇岛青龙一小(公交站),交通设施,公交站,118.95390941,40.40726278,transit
poi_transit.csv,秦皇岛林业局(公交站),交通设施,公交站,118.95721859,40.4078035,transit
poi_transit.csv,秦皇岛花园小区(公交站),交通设施,公交站,118.96176069,40.40797367,transit
poi_transit.csv,秦皇岛青龙汽车站(公交站),交通设施,公交站,118.9636611,40.40817618,transit
poi_transit.csv,秦皇岛人保财险(公交站),交通设施,公交站,118.96539608,40.40845045,transit
poi_transit.csv,秦皇岛中医院(公交站),交通设施,公交站,118.96820387,40.40909159,transit
poi_transit.csv,秦皇岛领秀城(公交站),交通设施,公交站,118.96980455,40.40722139,transit
poi_transit.csv,秦皇岛本源街南口(公交站),交通设施,公交站,118.96954808,40.40570223,transit
poi_transit.csv,秦皇岛喜来喜商务宾馆(公交站),交通设施,公交站,118.96324422,40.40440791,transit
poi_transit.csv,秦皇岛山水雅园(公交站),交通设施,公交站,118.95982084,40.40245902,transit
poi_transit.csv,秦皇岛满韵都阳路口(公交站),交通设施,公交站,118.95836303,40.40231744,transit
poi_transit.csv,秦皇岛满韵祖山路口(公交站),交通设施,公交站,118.95776047,40.4044345,transit
poi_transit.csv,秦皇岛中兴小区(公交站),交通设施,公交站,118.95701104,40.40477735,transit
poi_transit.csv,秦皇岛民族文化宫(公交站),交通设施,公交站,118.95125377,40.40458758,transit
poi_transit.csv,秦皇岛商贸中心(公交站),交通设施,公交站,118.94922576,40.40452955,transit
poi_transit.csv,秦皇岛中环广场(公交站),交通设施,公交站,118.9458848,40.40455187,transit
poi_transit.csv,秦皇岛青龙二小(公交站),交通设施,公交站,118.94441293,40.40470194,transit
poi_transit.csv,秦皇岛县残联(公交站),交通设施,公交站,118.93505458,40.40700037,transit
poi_transit.csv,秦皇岛青龙商贸(公交站),交通设施,公交站,118.94920023,40.40453534,transit
poi_transit.csv,秦皇岛江城医院(公交站),交通设施,公交站,118.94829844,40.40041566,transit
poi_transit.csv,秦皇岛翠屏湾(公交站),交通设施,公交站,118.94424176,40.4003644,transit
poi_transit.csv,秦皇岛潭香山(公交站),交通设施,公交站,118.94109004,40.40089567,transit
poi_transit.csv,秦皇岛龙城明珠(公交站),交通设施,公交站,118.93147752,40.40525031,transit
poi_transit.csv,秦皇岛人民法院(公交站),交通设施,公交站,118.92948084,40.40685862,transit
poi_transit.csv,秦皇岛人民法院路口(公交站),交通设施,公交站,118.92874196,40.40782186,transit
poi_transit.csv,秦皇岛龙泉酒店(公交站),交通设施,公交站,118.92764903,40.4097515,transit
poi_transit.csv,秦皇岛华强石油(公交站),交通设施,公交站,118.92526386,40.41224569,transit
poi_transit.csv,秦皇岛青龙公交(公交站),交通设施,公交站,118.92268651,40.41361037,transit
poi_transit.csv,秦皇岛第四小学(公交站),交通设施,公交站,118.91946173,40.41449993,transit
poi_transit.csv,秦皇岛兴龙广缘(公交站),交通设施,公交站,118.91483097,40.41602609,transit
poi_transit.csv,秦皇岛凤岛(公交站),交通设施,公交站,118.90898391,40.41781708,transit
poi_transit.csv,秦皇岛山南(公交站),交通设施,公交站,118.89704123,40.41027631,transit
poi_transit.csv,秦皇岛实验中学(公交站),交通设施,公交站,118.89393426,40.40925821,transit
poi_transit.csv,秦皇岛青一精神病院(公交站),交通设施,公交站,118.89045145,40.40878381,transit
poi_transit.csv,秦皇岛明德学院(公交站),交通设施,公交站,118.88784454,40.40881342,transit
poi_transit.csv,秦皇岛响水沟(公交站),交通设施,公交站,118.88463381,40.41008413,transit
poi_transit.csv,秦皇岛烧锅杖子(公交站),交通设施,公交站,118.8751036,40.41083895,transit
poi_transit.csv,秦皇岛北坎子(公交站),交通设施,公交站,118.87109368,40.40986605,transit
poi_transit.csv,秦皇岛头道丈子(公交站),交通设施,公交站,118.85547418,40.40529536,transit
poi_transit.csv,秦皇岛西庙沟(公交站),交通设施,公交站,118.84883879,40.40524259,transit
poi_transit.csv,秦皇岛岔沟(公交站),交通设施,公交站,118.82854335,40.40756352,transit
poi_transit.csv,秦皇岛塔沟东(公交站),交通设施,公交站,118.81473208,40.40630382,transit
poi_transit.csv,秦皇岛塔沟(公交站),交通设施,公交站,118.81285607,40.40491021,transit
poi_transit.csv,秦皇岛塔沟西(公交站),交通设施,公交站,118.80795975,40.40226596,transit
poi_transit.csv,秦皇岛八道河(公交站),交通设施,公交站,118.79962936,40.40239432,transit
poi_transit.csv,秦皇岛边杖子(公交站),交通设施,公交站,118.80428009,40.41591519,transit
poi_transit.csv,秦皇岛八道河红绿灯(公交站),交通设施,公交站,118.79708699,40.40029545,transit
poi_transit.csv,秦皇岛八道河防疫站(公交站),交通设施,公交站,118.78549282,40.39913296,transit
poi_transit.csv,秦皇岛牧马(公交站),交通设施,公交站,118.76630728,40.40030489,transit
poi_transit.csv,秦皇岛牧马西(公交站),交通设施,公交站,118.76344676,40.39928325,transit
poi_transit.csv,秦皇岛邢厂东(公交站),交通设施,公交站,118.74776608,40.40380452,transit
poi_transit.csv,秦皇岛邢厂(公交站),交通设施,公交站,118.74418893,40.40731354,transit
poi_transit.csv,秦皇岛抄道沟路口(公交站),交通设施,公交站,118.73317375,40.41261028,transit
poi_transit.csv,秦皇岛抄道沟卫生室(公交站),交通设施,公交站,118.73439755,40.42557932,transit
poi_transit.csv,秦皇岛抄道沟(公交站),交通设施,公交站,118.7335839,40.42732445,transit
poi_transit.csv,秦皇岛王厂加油站(公交站),交通设施,公交站,118.72057581,40.41471876,transit
poi_transit.csv,秦皇岛天桥沟(公交站),交通设施,公交站,118.71222058,40.38520569,transit
poi_transit.csv,秦皇岛王厂大集(公交站),交通设施,公交站,118.73179491,40.41311303,transit
poi_transit.csv,秦皇岛抹子沟(公交站),交通设施,公交站,118.74295952,40.40853752,transit
poi_transit.csv,秦皇岛邢厂路口(公交站),交通设施,公交站,118.7448445,40.40658093,transit
poi_transit.csv,秦皇岛八道河路口(公交站),交通设施,公交站,118.77588418,40.40431915,transit
poi_transit.csv,秦皇岛小南山(公交站),交通设施,公交站,118.85960991,40.40720443,transit
poi_transit.csv,秦皇岛南坎子(公交站),交通设施,公交站,118.87242842,40.41019767,transit
poi_transit.csv,秦皇岛明德学校(公交站),交通设施,公交站,118.88783558,40.40881191,transit
poi_transit.csv,秦皇岛万龙车检(公交站),交通设施,公交站,118.89213941,40.40893399,transit
poi_transit.csv,秦皇岛家居广场(公交站),交通设施,公交站,118.91829904,40.4147386,transit
poi_transit.csv,秦皇岛广电局(公交站),交通设施,公交站,118.95034503,40.40456566,transit
poi_transit.csv,秦皇岛锦绣家园(公交站),交通设施,公交站,118.94566384,40.4125709,transit
poi_transit.csv,秦皇岛康乾便民市场(公交站),交通设施,公交站,118.94632067,40.41088522,transit
poi_transit.csv,秦皇岛康乾祖山路口(公交站),交通设施,公交站,118.94816581,40.40470952,transit
poi_transit.csv,秦皇岛家乐家购物中心(公交站),交通设施,公交站,118.94930937,40.40446753,transit
poi_transit.csv,秦皇岛县检察院(公交站),交通设施,公交站,118.95865243,40.40480778,transit
poi_transit.csv,秦皇岛全友家私(公交站),交通设施,公交站,118.96417941,40.40510181,transit
poi_transit.csv,秦皇岛矿业局(公交站),交通设施,公交站,118.96551676,40.40847827,transit
poi_transit.csv,秦皇岛协和医院(公交站),交通设施,公交站,118.96079624,40.40790288,transit
poi_transit.csv,秦皇岛防疫站(公交站),交通设施,公交站,118.95820489,40.40781934,transit
poi_transit.csv,秦皇岛电力局(公交站),交通设施,公交站,118.95629919,40.40768916,transit
poi_transit.csv,秦皇岛第一小学(公交站),交通设施,公交站,118.95390856,40.40726265,transit
poi_transit.csv,秦皇岛医药公司(公交站),交通设施,公交站,118.95214013,40.406909,transit
poi_transit.csv,秦皇岛县政府(公交站),交通设施,公交站,118.94872139,40.40656548,transit
poi_transit.csv,秦皇岛青龙交电中心(公交站),交通设施,公交站,118.95083231,40.40451408,transit
poi_transit.csv,秦皇岛农村信用社(公交站),交通设施,公交站,118.9530273,40.40457411,transit
poi_transit.csv,秦皇岛原卫生局(公交站),交通设施,公交站,118.953977,40.40459686,transit
poi_transit.csv,秦皇岛水务局(公交站),交通设施,公交站,118.95565661,40.40465127,transit
poi_transit.csv,秦皇岛国土局(公交站),交通设施,公交站,118.95655692,40.40469494,transit
poi_transit.csv,秦皇岛秦皇岛银行(公交站),交通设施,公交站,118.95792235,40.40476458,transit
poi_transit.csv,秦皇岛烟草(公交站),交通设施,公交站,118.95976725,40.40487798,transit
poi_transit.csv,秦皇岛计生办(公交站),交通设施,公交站,118.96113111,40.40497991,transit
poi_transit.csv,秦皇岛美佳建材(公交站),交通设施,公交站,118.96283862,40.40509533,transit
poi_transit.csv,秦皇岛地毯小区(公交站),交通设施,公交站,118.96372763,40.40818579,transit
poi_transit.csv,秦皇岛黄金招待所(公交站),交通设施,公交站,118.96484169,40.40835179,transit
poi_transit.csv,秦皇岛中国人保财险(公交站),交通设施,公交站,118.96543244,40.40846359,transit
poi_transit.csv,秦皇岛红阳幼儿园(公交站),交通设施,公交站,118.96695329,40.40880654,transit
poi_transit.csv,秦皇岛万成尚景小区(公交站),交通设施,公交站,118.97859312,40.41053074,transit
poi_transit.csv,秦皇岛万成尚景东区(公交站),交通设施,公交站,118.98005142,40.41056036,transit
poi_transit.csv,秦皇岛阳光私立中学(公交站),交通设施,公交站,118.98212333,40.41060869,transit
poi_transit.csv,秦皇岛前庄超市(公交站),交通设施,公交站,118.98498367,40.41079577,transit
poi_transit.csv,秦皇岛前庄诊所(公交站),交通设施,公交站,118.98706953,40.41110987,transit
poi_transit.csv,秦皇岛雨洋超市(公交站),交通设施,公交站,118.9883151,40.41129924,transit
poi_transit.csv,秦皇岛前庄村委会(公交站),交通设施,公交站,118.98994538,40.41147238,transit
poi_transit.csv,秦皇岛福万家小区(公交站),交通设施,公交站,118.99330876,40.41113693,transit
poi_transit.csv,秦皇岛前庄建材城(公交站),交通设施,公交站,118.99488268,40.41060547,transit
poi_transit.csv,秦皇岛新汽车站北门(公交站),交通设施,公交站,118.99672134,40.40997184,transit
poi_transit.csv,秦皇岛新汽车站(公交站),交通设施,公交站,118.99797209,40.40954597,transit
poi_transit.csv,秦皇岛湾丈子(公交站),交通设施,公交站,118.99444628,40.4340254,transit
poi_transit.csv,秦皇岛满杖子(公交站),交通设施,公交站,119.01161679,40.44821888,transit
poi_transit.csv,秦皇岛大骆驼岭(公交站),交通设施,公交站,119.025831,40.45816886,transit
poi_transit.csv,秦皇岛明塘子沟(公交站),交通设施,公交站,119.04080482,40.46490852,transit
poi_transit.csv,秦皇岛马圈子(公交站),交通设施,公交站,119.04297496,40.46896391,transit
poi_transit.csv,秦皇岛利民医院(公交站),交通设施,公交站,119.04751781,40.47105825,transit
poi_transit.csv,秦皇岛马圈子西(公交站),交通设施,公交站,119.04970926,40.47175872,transit
poi_transit.csv,秦皇岛庙泉沟(公交站),交通设施,公交站,119.05368312,40.47311376,transit
poi_transit.csv,秦皇岛马圈子派出所(公交站),交通设施,公交站,119.05798641,40.4750841,transit
poi_transit.csv,秦皇岛小新庄(公交站),交通设施,公交站,119.06102801,40.47826746,transit
poi_transit.csv,秦皇岛马圈子中学(公交站),交通设施,公交站,119.06716446,40.48205983,transit
poi_transit.csv,秦皇岛达子沟(公交站),交通设施,公交站,119.0696234,40.48329629,transit
poi_transit.csv,秦皇岛头道河(公交站),交通设施,公交站,119.09436187,40.48807503,transit
poi_transit.csv,秦皇岛二道河(公交站),交通设施,公交站,119.10133215,40.49203585,transit
poi_transit.csv,秦皇岛三道河(公交站),交通设施,公交站,119.10746576,40.49473908,transit
poi_transit.csv,秦皇岛三道河东(公交站),交通设施,公交站,119.11183095,40.49435348,transit
poi_transit.csv,秦皇岛麻沟(公交站),交通设施,公交站,119.11800419,40.49385057,transit
poi_transit.csv,秦皇岛炮手堡子(公交站),交通设施,公交站,119.12669479,40.49408569,transit
poi_transit.csv,秦皇岛炮手堡子南(公交站),交通设施,公交站,119.13015016,40.4913603,transit
poi_transit.csv,秦皇岛新庄子(公交站),交通设施,公交站,119.12906356,40.48788405,transit
poi_transit.csv,秦皇岛土门子敬老院(公交站),交通设施,公交站,119.13676767,40.4848697,transit
poi_transit.csv,秦皇岛西蒿(公交站),交通设施,公交站,119.1463796,40.47929335,transit
poi_transit.csv,秦皇岛蒿村路口(公交站),交通设施,公交站,119.15199368,40.47584327,transit
poi_transit.csv,秦皇岛西蒿南(公交站),交通设施,公交站,119.15689245,40.47465475,transit
poi_transit.csv,秦皇岛华兴加油站(公交站),交通设施,公交站,119.15832339,40.47425362,transit
poi_transit.csv,秦皇岛东蒿(公交站),交通设施,公交站,119.16062309,40.4729855,transit
poi_transit.csv,秦皇岛东蒿东(公交站),交通设施,公交站,119.16294442,40.47217474,transit
poi_transit.csv,秦皇岛蒿村大桥西(公交站),交通设施,公交站,119.16951225,40.47305105,transit
poi_transit.csv,秦皇岛蒿村大桥(公交站),交通设施,公交站,119.17407109,40.47545078,transit
poi_transit.csv,秦皇岛红旗杆南(公交站),交通设施,公交站,119.1575543,40.4967579,transit
poi_transit.csv,秦皇岛红旗杆(公交站),交通设施,公交站,119.15839653,40.49945893,transit
poi_transit.csv,秦皇岛红旗杆北沟(公交站),交通设施,公交站,119.15980353,40.50090112,transit
poi_transit.csv,秦皇岛黑瞎子沟(公交站),交通设施,公交站,119.16601565,40.50553648,transit
poi_transit.csv,秦皇岛下山南(公交站),交通设施,公交站,119.17447085,40.50978306,transit
poi_transit.csv,秦皇岛下山南东(公交站),交通设施,公交站,119.17721741,40.51079646,transit
poi_transit.csv,秦皇岛石岭南庄(公交站),交通设施,公交站,119.17162106,40.51839843,transit
poi_transit.csv,秦皇岛大石岭(公交站),交通设施,公交站,119.16910553,40.52048765,transit
poi_transit.csv,秦皇岛头道岔(公交站),交通设施,公交站,119.17443703,40.51709748,transit
poi_transit.csv,秦皇岛红旗杆北(公交站),交通设施,公交站,119.15753638,40.4970114,transit
poi_transit.csv,秦皇岛东嵩东(公交站),交通设施,公交站,119.16435537,40.47222593,transit
poi_transit.csv,秦皇岛东嵩(公交站),交通设施,公交站,119.1628243,40.47217409,transit
poi_transit.csv,秦皇岛东嵩西(公交站),交通设施,公交站,119.16014393,40.47335707,transit
poi_transit.csv,秦皇岛西地(公交站),交通设施,公交站,119.15702043,40.47462726,transit
poi_transit.csv,秦皇岛炮手堡子西(公交站),交通设施,公交站,119.12702161,40.49410057,transit
poi_transit.csv,秦皇岛马圈子小学(公交站),交通设施,公交站,119.05672179,40.4742566,transit
poi_transit.csv,秦皇岛国林加油站(公交站),交通设施,公交站,119.04127373,40.46754794,transit
poi_transit.csv,秦皇岛满丈子北(公交站),交通设施,公交站,119.01565078,40.45204822,transit
poi_transit.csv,秦皇岛满丈子(公交站),交通设施,公交站,119.01208115,40.44861675,transit
poi_transit.csv,秦皇岛湾丈子北(公交站),交通设施,公交站,118.99792648,40.43703188,transit
poi_transit.csv,秦皇岛鹏泰家园小区(公交站),交通设施,公交站,118.9915226,40.41137351,transit
poi_transit.csv,秦皇岛明日之星幼儿园(公交站),交通设施,公交站,118.98921445,40.41142848,transit
poi_transit.csv,秦皇岛农业局(公交站),交通设施,公交站,118.97565384,40.41016549,transit
poi_transit.csv,秦皇岛育龙湾(公交站),交通设施,公交站,118.97449401,40.40990176,transit
poi_transit.csv,秦皇岛农业发展银行(公交站),交通设施,公交站,118.97005536,40.4091363,transit
poi_transit.csv,秦皇岛工信局(公交站),交通设施,公交站,118.96561229,40.40850355,transit
poi_transit.csv,秦皇岛沙河街西口(公交站),交通设施,公交站,118.9630144,40.40516305,transit
poi_transit.csv,秦皇岛妇幼医院(公交站),交通设施,公交站,118.96216377,40.40512017,transit
poi_transit.csv,秦皇岛线务局(公交站),交通设施,公交站,118.96116192,40.40504318,transit
poi_transit.csv,秦皇岛金源小区(公交站),交通设施,公交站,118.95842684,40.40485916,transit
poi_transit.csv,秦皇岛烟草公司(公交站),交通设施,公交站,118.9597212,40.40487595,transit
poi_transit.csv,秦皇岛明塘子(公交站),交通设施,公交站,119.04075977,40.46480014,transit
poi_transit.csv,秦皇岛马圈子中学门口(公交站),交通设施,公交站,119.0662003,40.48340821,transit
poi_transit.csv,秦皇岛沈杖子(公交站),交通设施,公交站,119.06588776,40.50024675,transit
poi_transit.csv,秦皇岛沈杖子北(公交站),交通设施,公交站,119.06655414,40.50235459,transit
poi_transit.csv,秦皇岛沈杖子北加油站(公交站),交通设施,公交站,119.06594154,40.50524875,transit
poi_transit.csv,秦皇岛张杖子(公交站),交通设施,公交站,119.05423907,40.53981518,transit
poi_transit.csv,秦皇岛张杖子北(公交站),交通设施,公交站,119.05620073,40.54180556,transit
poi_transit.csv,秦皇岛杨杖子(公交站),交通设施,公交站,119.07148289,40.55081513,transit
poi_transit.csv,秦皇岛杨树底下(公交站),交通设施,公交站,119.05826609,40.56333396,transit
poi_transit.csv,秦皇岛拉拉岭(公交站),交通设施,公交站,119.05727829,40.57777756,transit
poi_transit.csv,秦皇岛土桥沟(公交站),交通设施,公交站,119.04429132,40.50528625,transit
poi_transit.csv,秦皇岛崔杖子(公交站),交通设施,公交站,119.05590413,40.50496089,transit
poi_transit.csv,秦皇岛大新庄(公交站),交通设施,公交站,119.06700185,40.48829525,transit
poi_transit.csv,秦皇岛小新庄路口(公交站),交通设施,公交站,119.06580408,40.48470949,transit
poi_transit.csv,秦皇岛马圈子东(公交站),交通设施,公交站,119.04945613,40.47167933,transit
poi_transit.csv,秦皇岛农资加油站(公交站),交通设施,公交站,118.99643597,40.41007112,transit
poi_transit.csv,秦皇岛大柳树(公交站),交通设施,公交站,118.99075124,40.41142816,transit
poi_transit.csv,秦皇岛万成尚景小区(第三实验小学)(公交站),交通设施,公交站,118.9787073,40.41053382,transit
poi_transit.csv,秦皇岛嘉和园(公交站),交通设施,公交站,118.9645904,40.40831257,transit
poi_transit.csv,秦皇岛上七道河(公交站),交通设施,公交站,118.78400406,40.38437734,transit
poi_transit.csv,秦皇岛沙河(公交站),交通设施,公交站,118.79047582,40.38079309,transit
poi_transit.csv,秦皇岛沙河小学(公交站),交通设施,公交站,118.79169013,40.37625574,transit
poi_transit.csv,秦皇岛沙河南(公交站),交通设施,公交站,118.79541189,40.37401227,transit
poi_transit.csv,秦皇岛丁杖子(公交站),交通设施,公交站,118.79773105,40.36005719,transit
poi_transit.csv,秦皇岛龙山北(公交站),交通设施,公交站,118.79721734,40.35726882,transit
poi_transit.csv,秦皇岛龙山(公交站),交通设施,公交站,118.79576159,40.35313048,transit
poi_transit.csv,秦皇岛娄丈子小学(公交站),交通设施,公交站,118.79186987,40.3478212,transit
poi_transit.csv,秦皇岛狮子坪路口(公交站),交通设施,公交站,118.79111673,40.34420591,transit
poi_transit.csv,秦皇岛狮子坪(公交站),交通设施,公交站,118.79092567,40.34315208,transit
poi_transit.csv,秦皇岛娄杖子(公交站),交通设施,公交站,118.78002414,40.33757279,transit
poi_transit.csv,秦皇岛明玉商行(公交站),交通设施,公交站,118.78269301,40.33439222,transit
poi_transit.csv,秦皇岛娄杖子路口(公交站),交通设施,公交站,118.78851842,40.33365162,transit
poi_transit.csv,秦皇岛木兰菌叶(公交站),交通设施,公交站,118.79357748,40.35079559,transit
poi_transit.csv,秦皇岛八道河小桥(公交站),交通设施,公交站,118.7827425,40.39371013,transit
poi_transit.csv,秦皇岛小南沟(公交站),交通设施,公交站,118.85951608,40.40719811,transit
poi_transit.csv,秦皇岛大转(公交站),交通设施,公交站,118.63988241,40.42499864,transit
poi_transit.csv,秦皇岛大转东(公交站),交通设施,公交站,118.64813527,40.42554273,transit
poi_transit.csv,秦皇岛二道沟(公交站),交通设施,公交站,118.66274702,40.42629854,transit
poi_transit.csv,秦皇岛头道沟西(公交站),交通设施,公交站,118.67299524,40.42325863,transit
poi_transit.csv,秦皇岛头道沟(公交站),交通设施,公交站,118.6759174,40.42290845,transit
poi_transit.csv,秦皇岛头道沟东(公交站),交通设施,公交站,118.68045049,40.42148638,transit
poi_transit.csv,秦皇岛公厂(公交站),交通设施,公交站,118.69308143,40.42084847,transit
poi_transit.csv,秦皇岛公厂东(公交站),交通设施,公交站,118.70139126,40.41997263,transit
poi_transit.csv,秦皇岛王厂西(公交站),交通设施,公交站,118.71199035,40.41746503,transit
poi_transit.csv,秦皇岛王厂(公交站),交通设施,公交站,118.71565751,40.41580914,transit
poi_transit.csv,秦皇岛王厂东(公交站),交通设施,公交站,118.718134,40.4150159,transit
poi_transit.csv,秦皇岛顺达五金(公交站),交通设施,公交站,118.72685197,40.41456524,transit
poi_transit.csv,秦皇岛华润石油(公交站),交通设施,公交站,118.92531912,40.41220644,transit
poi_transit.csv,秦皇岛双庙中学(公交站),交通设施,公交站,118.88784727,40.40881273,transit
poi_transit.csv,秦皇岛下洼村(公交站),交通设施,公交站,118.81471104,40.40627425,transit
poi_transit.csv,秦皇岛钱杖子(公交站),交通设施,公交站,118.69154891,40.37908218,transit
poi_transit.csv,秦皇岛湾仗子(公交站),交通设施,公交站,118.99444223,40.43402444,transit
poi_transit.csv,秦皇岛满仗子(公交站),交通设施,公交站,119.0115604,40.44816973,transit
poi_transit.csv,秦皇岛满仗子北(公交站),交通设施,公交站,119.01519546,40.45148838,transit
poi_transit.csv,秦皇岛三道河加油站(公交站),交通设施,公交站,119.10391769,40.49431272,transit
poi_transit.csv,秦皇岛嵩村路口(公交站),交通设施,公交站,119.14580209,40.47940269,transit
poi_transit.csv,秦皇岛外明塘东(公交站),交通设施,公交站,119.12231237,40.47478365,transit
poi_transit.csv,秦皇岛外明塘(公交站),交通设施,公交站,119.1188659,40.47362117,transit
poi_transit.csv,秦皇岛明塘子东(公交站),交通设施,公交站,119.10879203,40.4696999,transit
poi_transit.csv,秦皇岛明塘子路口(公交站),交通设施,公交站,119.10645788,40.46953513,transit
poi_transit.csv,秦皇岛西嵩村(公交站),交通设施,公交站,119.14128558,40.48301964,transit
poi_transit.csv,秦皇岛头道河东(公交站),交通设施,公交站,119.09890856,40.48993657,transit
poi_transit.csv,秦皇岛青龙派出所(公交站),交通设施,公交站,118.99928146,40.40950152,transit
poi_transit.csv,秦皇岛三家西(公交站),交通设施,公交站,119.0366385,40.46840348,transit
poi_transit.csv,秦皇岛三家(公交站),交通设施,公交站,119.03205132,40.46941082,transit
poi_transit.csv,秦皇岛三家东(公交站),交通设施,公交站,119.02632111,40.47241718,transit
poi_transit.csv,秦皇岛三家西沟(公交站),交通设施,公交站,119.0160751,40.47697948,transit
poi_transit.csv,秦皇岛中达加油站(公交站),交通设施,公交站,119.00849538,40.47448686,transit
poi_transit.csv,秦皇岛三义合(公交站),交通设施,公交站,119.00381081,40.47833381,transit
poi_transit.csv,秦皇岛三义合西(公交站),交通设施,公交站,119.00040597,40.47980279,transit
poi_transit.csv,秦皇岛水胡同(公交站),交通设施,公交站,118.99416609,40.46655707,transit
poi_transit.csv,秦皇岛水胡同西(公交站),交通设施,公交站,118.98919847,40.46714808,transit
poi_transit.csv,秦皇岛仙湖亲子乐园(公交站),交通设施,公交站,118.97232149,40.46414838,transit
poi_transit.csv,秦皇岛水胡同广场(公交站),交通设施,公交站,118.99377274,40.46641059,transit
poi_transit.csv,秦皇岛三义合东(公交站),交通设施,公交站,119.00617138,40.47591188,transit
poi_transit.csv,秦皇岛满丈子南(公交站),交通设施,公交站,119.01218618,40.44870824,transit
poi_transit.csv,秦皇岛华强加油站(公交站),交通设施,公交站,118.97272693,40.40635142,transit
poi_transit.csv,秦皇岛君安医院(公交站),交通设施,公交站,118.96961084,40.40571519,transit
poi_transit.csv,秦皇岛柳条沟(公交站),交通设施,公交站,119.01520136,40.45149426,transit
poi_transit.csv,秦皇岛薄杖子(公交站),交通设施,公交站,119.09351099,40.42923056,transit
poi_transit.csv,秦皇岛西蒿村(公交站),交通设施,公交站,119.14123425,40.48305907,transit
poi_transit.csv,秦皇岛马圈子西庄(公交站),交通设施,公交站,119.0494415,40.47167541,transit
poi_transit.csv,秦皇岛马圈子加油站(公交站),交通设施,公交站,119.04126904,40.46753492,transit
poi_transit.csv,秦皇岛湾丈子村委(公交站),交通设施,公交站,118.99420123,40.43389136,transit
poi_transit.csv,秦皇岛逸夫学校(公交站),交通设施,公交站,118.97463557,40.40993564,transit
poi_transit.csv,秦皇岛小山(公交站),交通设施,公交站,118.80933921,40.33958333,transit
poi_transit.csv,秦皇岛狮子坪东(公交站),交通设施,公交站,118.79665568,40.34253007,transit
poi_transit.csv,秦皇岛狮子坪西(公交站),交通设施,公交站,118.79085237,40.34290672,transit
poi_transit.csv,秦皇岛何杖子(公交站),交通设施,公交站,118.79725917,40.35749428,transit
poi_transit.csv,秦皇岛沙河北(公交站),交通设施,公交站,118.79058307,40.38074739,transit
poi_transit.csv,秦皇岛八道河桥(公交站),交通设施,公交站,118.78273995,40.39372327,transit
poi_transit.csv,秦皇岛八道河小学(公交站),交通设施,公交站,118.78776676,40.39860467,transit
poi_transit.csv,秦皇岛八道河镇政府(公交站),交通设施,公交站,118.78919798,40.39867095,transit
poi_transit.csv,秦皇岛八道河中学(公交站),交通设施,公交站,118.79190279,40.39878921,transit
poi_transit.csv,秦皇岛头道杖子(公交站),交通设施,公交站,118.85489243,40.40530179,transit
poi_transit.csv,秦皇岛头道杖子东(公交站),交通设施,公交站,118.85957186,40.40720248,transit
poi_transit.csv,秦皇岛凯德龙湾(公交站),交通设施,公交站,118.94637967,40.40028788,transit
poi_transit.csv,秦皇岛头道杖子西(公交站),交通设施,公交站,118.85381816,40.40540804,transit
poi_transit.csv,秦皇岛狮子坪北(公交站),交通设施,公交站,118.79195426,40.34813673,transit
poi_transit.csv,秦皇岛云山小区(公交站),交通设施,公交站,118.94728077,40.40640827,transit
poi_transit.csv,秦皇岛裕祥园(公交站),交通设施,公交站,118.94107989,40.40621334,transit
poi_transit.csv,秦皇岛阿郎火锅(公交站),交通设施,公交站,118.93498734,40.40784799,transit
poi_transit.csv,秦皇岛金伯世家(公交站),交通设施,公交站,118.92695564,40.41193937,transit
poi_transit.csv,秦皇岛渤海保险(公交站),交通设施,公交站,118.94623519,40.40445999,transit
poi_transit.csv,秦皇岛城建局(公交站),交通设施,公交站,118.94743341,40.40441148,transit
poi_transit.csv,秦皇岛娄杖子镇政府(公交站),交通设施,公交站,118.78002186,40.33757147,transit
poi_transit.csv,秦皇岛朴杖子(公交站),交通设施,公交站,118.78851602,40.33365277,transit
poi_transit.csv,秦皇岛朴杖子路口(公交站),交通设施,公交站,118.78810728,40.32957671,transit
poi_transit.csv,秦皇岛马杖子(公交站),交通设施,公交站,118.78800276,40.31938732,transit
poi_transit.csv,秦皇岛后擦岭(公交站),交通设施,公交站,118.80472951,40.30609075,transit
poi_transit.csv,秦皇岛头道丈子北(公交站),交通设施,公交站,118.85956647,40.40720241,transit
poi_transit.csv,秦皇岛忠达加油站(公交站),交通设施,公交站,119.00857719,40.47442616,transit
poi_transit.csv,秦皇岛河西(公交站),交通设施,公交站,118.97283517,40.46672867,transit
poi_transit.csv,秦皇岛唐杖子(公交站),交通设施,公交站,118.94809452,40.46802475,transit
poi_transit.csv,秦皇岛唐杖子东(公交站),交通设施,公交站,118.95567367,40.47227315,transit
poi_transit.csv,秦皇岛仙湖山庄(公交站),交通设施,公交站,118.96914651,40.46974105,transit
poi_transit.csv,秦皇岛志华超市(公交站),交通设施,公交站,118.99245815,40.46616184,transit
poi_transit.csv,秦皇岛东嵩村西(公交站),交通设施,公交站,119.1519883,40.47584519,transit
poi_transit.csv,秦皇岛东嵩村(公交站),交通设施,公交站,119.15978465,40.47357086,transit
poi_transit.csv,秦皇岛东嵩村东(公交站),交通设施,公交站,119.16290536,40.47217316,transit
poi_transit.csv,秦皇岛老岭湾(公交站),交通设施,公交站,119.11786173,40.58051226,transit
poi_transit.csv,秦皇岛交电中心(公交站),交通设施,公交站,118.95075855,40.40451143,transit
poi_transit.csv,秦皇岛万城尚景东区(公交站),交通设施,公交站,118.98002044,40.41056049,transit
poi_transit.csv,秦皇岛满杖子北(公交站),交通设施,公交站,119.01524206,40.45154714,transit
poi_transit.csv,秦皇岛三义合南(公交站),交通设施,公交站,119.00384586,40.47830797,transit
poi_transit.csv,秦皇岛K椤滩(公交站),交通设施,公交站,118.94574423,40.51865024,transit
poi_transit.csv,秦皇岛下岔(公交站),交通设施,公交站,118.95454348,40.5064512,transit
poi_transit.csv,秦皇岛东岔(公交站),交通设施,公交站,118.9973094,40.48159761,transit
poi_transit.csv,秦皇岛三义合路口(公交站),交通设施,公交站,119.00621893,40.47587799,transit
poi_transit.csv,秦皇岛三家村(公交站),交通设施,公交站,119.0287269,40.47062999,transit
poi_transit.csv,秦皇岛三家村东(公交站),交通设施,公交站,119.03142624,40.46956866,transit
poi_transit.csv,秦皇岛起飞配件(公交站),交通设施,公交站,118.96632696,40.40509469,transit
poi_transit.csv,秦皇岛金声幼儿园(公交站),交通设施,公交站,118.97404879,40.4097922,transit
poi_transit.csv,秦皇岛第三实验小学(公交站),交通设施,公交站,118.97633942,40.4102896,transit
poi_transit.csv,秦皇岛鹏泰家园(公交站),交通设施,公交站,118.99168413,40.41136377,transit
poi_transit.csv,秦皇岛满丈子(北)(公交站),交通设施,公交站,119.01531192,40.45163342,transit
poi_transit.csv,秦皇岛新庄子南(公交站),交通设施,公交站,119.13276172,40.48634514,transit
poi_transit.csv,秦皇岛加油站(公交站),交通设施,公交站,119.15850625,40.4741901,transit
poi_transit.csv,秦皇岛东蒿村(公交站),交通设施,公交站,119.16272538,40.47217591,transit
poi_transit.csv,秦皇岛东蒿村东(公交站),交通设施,公交站,119.16951449,40.47305012,transit
poi_transit.csv,秦皇岛小岭(公交站),交通设施,公交站,119.17807548,40.47638647,transit
poi_transit.csv,秦皇岛河东村(公交站),交通设施,公交站,119.18171746,40.47829982,transit
poi_transit.csv,秦皇岛土门子(公交站),交通设施,公交站,119.19680434,40.47874313,transit
poi_transit.csv,秦皇岛土门子小学(公交站),交通设施,公交站,119.19890311,40.4802181,transit
poi_transit.csv,秦皇岛石马沟(公交站),交通设施,公交站,119.2029263,40.48413264,transit
poi_transit.csv,秦皇岛西山嘴(公交站),交通设施,公交站,119.21180043,40.49456557,transit
poi_transit.csv,秦皇岛水泉村(公交站),交通设施,公交站,119.21407002,40.50010955,transit
poi_transit.csv,秦皇岛吴杖子(公交站),交通设施,公交站,119.22037291,40.51068905,transit
poi_transit.csv,秦皇岛滕杖子(公交站),交通设施,公交站,119.23304778,40.51907296,transit
poi_transit.csv,秦皇岛景杖子村(公交站),交通设施,公交站,119.23700158,40.52055509,transit
poi_transit.csv,秦皇岛景杖子(公交站),交通设施,公交站,119.23538081,40.52005005,transit
poi_transit.csv,秦皇岛吴杖子东(公交站),交通设施,公交站,119.21659861,40.50692815,transit
poi_transit.csv,秦皇岛水泉(公交站),交通设施,公交站,119.21398712,40.4999141,transit
poi_transit.csv,秦皇岛土门子中学(公交站),交通设施,公交站,119.19006433,40.47687387,transit
poi_transit.csv,秦皇岛北山(公交站),交通设施,公交站,119.18475346,40.47895035,transit
poi_transit.csv,秦皇岛东蒿村西(公交站),交通设施,公交站,119.15067203,40.476587,transit
poi_transit.csv,秦皇岛二道河东(公交站),交通设施,公交站,119.10218066,40.49295193,transit
poi_transit.csv,秦皇岛国林石油(公交站),交通设施,公交站,119.04126033,40.46749062,transit
poi_transit.csv,秦皇岛富国街小区(公交站),交通设施,公交站,118.96295596,40.40737233,transit
poi_transit.csv,秦皇岛中医银行(公交站),交通设施,公交站,118.95315289,40.40463553,transit
poi_transit.csv,秦皇岛第三小学(公交站),交通设施,公交站,118.97859693,40.41053215,transit
poi_transit.csv,秦皇岛兴隆沟(公交站),交通设施,公交站,119.02809805,40.51464686,transit
poi_transit.csv,秦皇岛伞杖子(公交站),交通设施,公交站,119.01121748,40.52404962,transit
poi_transit.csv,秦皇岛石杖子(公交站),交通设施,公交站,119.04059133,40.54253938,transit
poi_transit.csv,秦皇岛蒲杖子(公交站),交通设施,公交站,119.01126904,40.54450764,transit
poi_transit.csv,秦皇岛蒲仗子(公交站),交通设施,公交站,119.01136141,40.54461529,transit
poi_transit.csv,秦皇岛蒲仗子东(公交站),交通设施,公交站,119.0167633,40.54675213,transit
poi_transit.csv,秦皇岛小西仗子(公交站),交通设施,公交站,119.03028274,40.54429894,transit
poi_transit.csv,秦皇岛石仗子(公交站),交通设施,公交站,119.04014929,40.54255749,transit
poi_transit.csv,秦皇岛沈仗子(公交站),交通设施,公交站,119.0658179,40.50001214,transit
poi_transit.csv,秦皇岛塔沟中桥(公交站),交通设施,公交站,118.80786275,40.40222993,transit
poi_transit.csv,秦皇岛东杖子(公交站),交通设施,公交站,118.70110611,40.42003009,transit
poi_transit.csv,秦皇岛郭杖子(公交站),交通设施,公交站,118.69112029,40.4739511,transit
poi_transit.csv,秦皇岛小棒锤沟(公交站),交通设施,公交站,118.69540472,40.45621652,transit
poi_transit.csv,秦皇岛老彭家(公交站),交通设施,公交站,118.69401124,40.45178456,transit
poi_transit.csv,秦皇岛长沟村(公交站),交通设施,公交站,118.68977259,40.43821619,transit
poi_transit.csv,秦皇岛大块地(公交站),交通设施,公交站,118.68301906,40.42640639,transit
poi_transit.csv,秦皇岛王厂村碑(公交站),交通设施,公交站,118.7120648,40.41743454,transit
poi_transit.csv,秦皇岛民泰医院(公交站),交通设施,公交站,118.72461135,40.41483119,transit
poi_transit.csv,秦皇岛邢厂西(公交站),交通设施,公交站,118.74766294,40.40390202,transit
poi_transit.csv,秦皇岛牧马村中(公交站),交通设施,公交站,118.7592125,40.39945763,transit
poi_transit.csv,秦皇岛牧马村东(公交站),交通设施,公交站,118.77126016,40.40318079,transit
poi_transit.csv,秦皇岛塔沟村东(公交站),交通设施,公交站,118.81487537,40.40651576,transit
poi_transit.csv,秦皇岛西蒿村南(公交站),交通设施,公交站,119.15191757,40.4758858,transit
poi_transit.csv,秦皇岛东蒿西(公交站),交通设施,公交站,119.16014531,40.47335821,transit
poi_transit.csv,秦皇岛汽车站(公交站),交通设施,公交站,118.96343431,40.40814541,transit
poi_transit.csv,秦皇岛青龙一中(公交站),交通设施,公交站,118.95978936,40.4093822,transit
poi_transit.csv,秦皇岛安居小区(公交站),交通设施,公交站,118.95815782,40.41389245,transit
poi_transit.csv,秦皇岛山海间温泉(公交站),交通设施,公交站,118.82455808,40.20581684,transit
poi_transit.csv,秦皇岛光明(公交站),交通设施,公交站,118.8150557,40.23273578,transit
poi_transit.csv,秦皇岛荒山沟(公交站),交通设施,公交站,118.86100977,40.28879756,transit
poi_transit.csv,秦皇岛上打虎店(公交站),交通设施,公交站,118.87107765,40.3020217,transit
poi_transit.csv,秦皇岛五指山(公交站),交通设施,公交站,118.88631172,40.32247258,transit
poi_transit.csv,秦皇岛王子店(公交站),交通设施,公交站,118.88466738,40.3362932,transit
poi_transit.csv,秦皇岛三岔口(公交站),交通设施,公交站,118.88910378,40.34729045,transit
poi_transit.csv,秦皇岛榆树沟(公交站),交通设施,公交站,118.90048011,40.39271677,transit
poi_transit.csv,秦皇岛泰龙公司(公交站),交通设施,公交站,118.90025402,40.40234811,transit
poi_transit.csv,秦皇岛土石门(公交站),交通设施,公交站,118.90932059,40.36570189,transit
poi_transit.csv,秦皇岛佛龛沟(公交站),交通设施,公交站,118.90144606,40.3512904,transit
poi_transit.csv,秦皇岛娄子店(公交站),交通设施,公交站,118.88017481,40.31376794,transit
poi_transit.csv,秦皇岛西庄(公交站),交通设施,公交站,118.87478009,40.30752356,transit
poi_transit.csv,秦皇岛姚杖子(公交站),交通设施,公交站,118.81872688,40.23924777,transit
poi_transit.csv,秦皇岛柳树沟道口(公交站),交通设施,公交站,118.8139504,40.2294936,transit
poi_transit.csv,秦皇岛白家店(公交站),交通设施,公交站,118.82380674,40.21798235,transit
poi_transit.csv,秦皇岛住建局(公交站),交通设施,公交站,118.94730315,40.40448812,transit
poi_transit.csv,秦皇岛劳动局(公交站),交通设施,公交站,118.94614869,40.40452963,transit
poi_transit.csv,秦皇岛新社区医院(公交站),交通设施,公交站,118.94537289,40.4046039,transit
poi_transit.csv,秦皇岛商务局(公交站),交通设施,公交站,118.94313967,40.40485094,transit
poi_transit.csv,秦皇岛春雷水产超市(公交站),交通设施,公交站,118.94174903,40.40511072,transit
poi_transit.csv,秦皇岛慧童幼儿园(公交站),交通设施,公交站,118.93641752,40.40618102,transit
poi_transit.csv,秦皇岛龙城明珠小区(公交站),交通设施,公交站,118.93445882,40.40770344,transit
poi_transit.csv,秦皇岛新天地小区(公交站),交通设施,公交站,118.93301812,40.40909999,transit
poi_transit.csv,秦皇岛满中路口(公交站),交通设施,公交站,118.93097069,40.40983797,transit
poi_transit.csv,秦皇岛南市场(公交站),交通设施,公交站,118.92942222,40.41061339,transit
poi_transit.csv,秦皇岛热力公司(公交站),交通设施,公交站,118.92857905,40.41106839,transit
poi_transit.csv,秦皇岛一中路口(公交站),交通设施,公交站,118.92782055,40.41147543,transit
poi_transit.csv,秦皇岛土坎子(公交站),交通设施,公交站,118.92573102,40.41285786,transit
poi_transit.csv,秦皇岛岭沟门(公交站),交通设施,公交站,118.90878798,40.44917889,transit
poi_transit.csv,秦皇岛大营子南(公交站),交通设施,公交站,118.91148161,40.47316215,transit
poi_transit.csv,秦皇岛横河沟(公交站),交通设施,公交站,118.88906256,40.48094571,transit
poi_transit.csv,秦皇岛老爷庙(公交站),交通设施,公交站,118.87059278,40.48465034,transit
poi_transit.csv,秦皇岛县邮局(公交站),交通设施,公交站,118.94858729,40.40655716,transit
poi_transit.csv,秦皇岛沙河祖山路口(公交站),交通设施,公交站,118.96438114,40.40513742,transit
poi_transit.csv,秦皇岛吉祥恒矿业公司(公交站),交通设施,公交站,118.95925156,40.40491164,transit
poi_transit.csv,秦皇岛博爱医院(公交站),交通设施,公交站,118.97257081,40.40626474,transit
poi_transit.csv,秦皇岛龙岛公园(公交站),交通设施,公交站,118.9745719,40.40685978,transit
poi_transit.csv,秦皇岛育龙湾北门(公交站),交通设施,公交站,118.97236004,40.40941211,transit
poi_transit.csv,秦皇岛乐家超市(公交站),交通设施,公交站,118.96949259,40.40914,transit
poi_transit.csv,秦皇岛交警队(公交站),交通设施,公交站,118.8994608,40.40794909,transit
poi_transit.csv,秦皇岛汽博城(公交站),交通设施,公交站,118.89811591,40.41027464,transit
poi_transit.csv,秦皇岛氧气厂(公交站),交通设施,公交站,118.89975677,40.41135842,transit
poi_transit.csv,秦皇岛凤苑家园(公交站),交通设施,公交站,118.90876585,40.41727591,transit
poi_transit.csv,秦皇岛宏达热力(公交站),交通设施,公交站,118.92844337,40.41115707,transit
poi_transit.csv,秦皇岛龙城国际(公交站),交通设施,公交站,118.93800754,40.40675645,transit
poi_transit.csv,秦皇岛县交通局(公交站),交通设施,公交站,118.94300978,40.40604844,transit
poi_transit.csv,秦皇岛吉祥街北口(公交站),交通设施,公交站,118.94407514,40.4061252,transit
poi_transit.csv,秦皇岛青少年活动中心(公交站),交通设施,公交站,118.95610631,40.407658,transit
poi_transit.csv,秦皇岛阳光逸城(公交站),交通设施,公交站,118.97694611,40.41039441,transit
poi_transit.csv,秦皇岛福万家(公交站),交通设施,公交站,118.99348597,40.41107393,transit
poi_transit.csv,秦皇岛客运站北门(公交站),交通设施,公交站,118.99795318,40.40954983,transit
poi_transit.csv,秦皇岛顺德汽修(公交站),交通设施,公交站,118.9676921,40.40526696,transit
poi_transit.csv,秦皇岛万成尚景(公交站),交通设施,公交站,118.98405391,40.40921038,transit
poi_transit.csv,秦皇岛新客运站(公交站),交通设施,公交站,118.99703783,40.40750114,transit
poi_transit.csv,秦皇岛富鹏天雅制衣公司(公交站),交通设施,公交站,119.00028708,40.40654344,transit
poi_transit.csv,秦皇岛高速青龙收费站(公交站),交通设施,公交站,119.01466104,40.39511936,transit
poi_transit.csv,秦皇岛广茶山小学(公交站),交通设施,公交站,119.02606966,40.3882114,transit
poi_transit.csv,秦皇岛满族中学(公交站),交通设施,公交站,118.93079162,40.40990197,transit
poi_transit.csv,秦皇岛滨水馨居(公交站),交通设施,公交站,118.96109293,40.40497729,transit
poi_transit.csv,秦皇岛城乡规划局(公交站),交通设施,公交站,118.94522926,40.40026037,transit
poi_transit.csv,秦皇岛老龙头景区(公交站),交通设施,公交站,119.79455345,39.97103681,transit
poi_transit.csv,秦皇岛世极城堡(公交站),交通设施,公交站,119.62964879,39.95530366,transit
poi_transit.csv,秦皇岛山东堡路西段(公交站),交通设施,公交站,119.50744227,39.89770871,transit
poi_transit.csv,秦皇岛金屋半岛八区(公交站),交通设施,公交站,119.51000585,39.89504119,transit
poi_transit.csv,秦皇岛达润时代逸城(公交站),交通设施,公交站,119.59933748,39.96144073,transit
poi_transit.csv,秦皇岛燕港路(公交站),交通设施,公交站,119.61220575,39.95322961,transit
poi_transit.csv,秦皇岛金色未来商厦(公交站),交通设施,公交站,119.5854045,39.95769847,transit
poi_transit.csv,秦皇岛第十六中学(公交站),交通设施,公交站,119.58130879,39.95847307,transit
poi_transit.csv,秦皇岛海港区建设局(公交站),交通设施,公交站,119.5874554,39.95091875,transit
poi_transit.csv,秦皇岛军工医院(公交站),交通设施,公交站,119.58159176,39.95396451,transit
poi_transit.csv,秦皇岛曙光男科医院(公交站),交通设施,公交站,119.57300169,39.95812536,transit
poi_transit.csv,秦皇岛世纪港湾(公交站),交通设施,公交站,119.58355596,39.94806907,transit
poi_transit.csv,秦皇岛风湿骨病医院(公交站),交通设施,公交站,119.5768634,39.94644656,transit
poi_transit.csv,秦皇岛兴龙广缘MALL(公交站),交通设施,公交站,119.26901484,39.87274286,transit
