date,year,three_region_daily_shape,official_annual_tourists_thousand,annual_scale_factor,city_daily_visitor_estimate,estimate_label,series_scope
2023-01-01,2023,148852.35866121372,80255.2,3.3380182511157135,496871.8899327535,annual_anchor_constrained_city_daily_estimate,citywide_daily_estimate__official_annual_total_constrained__three_core_regions_supply_shape
2023-01-02,2023,47826.727183394796,80255.2,3.3380182511157135,159646.48822930385,annual_anchor_constrained_city_daily_estimate,citywide_daily_estimate__official_annual_total_constrained__three_core_regions_supply_shape
2023-01-03,2023,12172.508776753277,80255.2,3.3380182511157135,40632.056458668645,annual_anchor_constrained_city_daily_estimate,citywide_daily_estimate__official_annual_total_constrained__three_core_regions_supply_shape
2023-01-04,2023,13319.46569926051,80255.2,3.3380182511157135,44460.619599241305,annual_anchor_constrained_city_daily_estimate,citywide_daily_estimate__official_annual_total_constrained__three_core_regions_supply_shape
2023-01-05,2023,14055.344345462863,80255.2,3.3380182511157135,46916.99595087108,annual_anchor_constrained_city_daily_estimate,citywide_daily_estimate__official_annual_total_constrained__three_core_regions_supply_shape
2023-01-06,2023,14702.546615609068,80255.2,3.3380182511157135,49077.36894078263,annual_anchor_constrained_city_daily_estimate,citywide_daily_estimate__official_annual_total_constrained__three_core_regions_supply_shape
2023-01-07,2023,35789.735735935355,80255.2,3.3380182511157135,119466.79108916048,annual_anchor_constrained_city_daily_estimate,citywide_daily_estimate__official_annual_total_constrained__three_core_regions_supply_shape
2023-01-08,2023,33323.39856518198,80255.2,3.3380182511157135,111234.11259978064,annual_anchor_constrained_city_daily_estimate,citywide_daily_estimate__official_annual_total_constrained__three_core_regions_supply_shape
2023-01-09,2023,13700.494323654122,80255.2,3.3380182511157135,45732.50010166469,annual_anchor_constrained_city_daily_estimate,citywide_daily_estimate__official_annual_total_constrained__three_core_regions_supply_shape
2023-01-10,2023,14271.63807383356,80255.2,3.3380182511157135,47638.988363774326,annual_anchor_constrained_city_daily_estimate,citywide_daily_estimate__official_annual_total_constrained__three_core_regions_supply_shape
2023-01-11,2023,14389.746163738071,80255.2,3.3380182511157135,48033.23532348,annual_anchor_constrained_city_daily_estimate,citywide_daily_estimate__official_annual_total_constrained__three_core_regions_supply_shape
2023-01-12,2023,13740.726348681794,80255.2,3.3380182511157135,45866.79533548641,annual_anchor_constrained_city_daily_estimate,citywide_daily_estimate__official_annual_total_constrained__three_core_regions_supply_shape
2023-01-13,2023,14605.570755172675,80255.2,3.3380182511157135,48753.66174872831,annual_anchor_constrained_city_daily_estimate,citywide_daily_estimate__official_annual_total_constrained__three_core_regions_supply_shape
2023-01-14,2023,33924.63820525727,80255.2,3.3380182511157135,113241.06149164621,annual_anchor_constrained_city_daily_estimate,citywide_daily_estimate__official_annual_total_constrained__three_core_regions_supply_shape
2023-01-15,2023,33575.489732729446,80255.2,3.3380182511157135,112075.59751799914,annual_anchor_constrained_city_daily_estimate,citywide_daily_estimate__official_annual_total_constrained__three_core_regions_supply_shape
2023-01-16,2023,14269.62654414806,80255.2,3.3380182511157135,47632.273840971466,annual_anchor_constrained_city_daily_estimate,citywide_daily_estimate__official_annual_total_constrained__three_core_regions_supply_shape
2023-01-17,2023,14882.67784237615,80255.2,3.3380182511157135,49678.650263327014,annual_anchor_constrained_city_daily_estimate,citywide_daily_estimate__official_annual_total_constrained__three_core_regions_supply_shape
2023-01-18,2023,14933.785818244392,80255.2,3.3380182511157135,49849.24961955279,annual_anchor_constrained_city_daily_estimate,citywide_daily_estimate__official_annual_total_constrained__three_core_regions_supply_shape
2023-01-19,2023,14813.263345329233,80255.2,3.3380182511157135,49446.94340529239,annual_anchor_constrained_city_daily_estimate,citywide_daily_estimate__official_annual_total_constrained__three_core_regions_supply_shape
2023-01-20,2023,14138.322949212485,80255.2,3.3380182511157135,47193.980044639415,annual_anchor_constrained_city_daily_estimate,citywide_daily_estimate__official_annual_total_constrained__three_core_regions_supply_shape
2023-01-21,2023,150052.3463344168,80255.2,3.3380182511157135,500877.4706870193,annual_anchor_constrained_city_daily_estimate,citywide_daily_estimate__official_annual_total_constrained__three_core_regions_supply_shape
2023-01-22,2023,130747.15920467378,80255.2,3.3380182511157135,436436.4037067329,annual_anchor_constrained_city_daily_estimate,citywide_daily_estimate__official_annual_total_constrained__three_core_regions_supply_shape
2023-01-23,2023,72587.33986744357,80255.2,3.3380182511157135,242297.8652774659,annual_anchor_constrained_city_daily_estimate,citywide_daily_estimate__official_annual_total_constrained__three_core_regions_supply_shape
2023-01-24,2023,82256.44986744877,80255.2,3.3380182511157135,274573.5309295287,annual_anchor_constrained_city_daily_estimate,citywide_daily_estimate__official_annual_total_constrained__three_core_regions_supply_shape
2023-01-25,2023,88962.78615008407,80255.2,3.3380182511157135,296959.40383908484,annual_anchor_constrained_city_daily_estimate,citywide_daily_estimate__official_annual_total_constrained__three_core_regions_supply_shape
2023-01-26,2023,88121.75061817322,80255.2,3.3380182511157135,294152.0118837296,annual_anchor_constrained_city_daily_estimate,citywide_daily_estimate__official_annual_total_constrained__three_core_regions_supply_shape
2023-01-27,2023,92917.6858587562,80255.2,3.3380182511157135,310160.9312479646,annual_anchor_constrained_city_daily_estimate,citywide_daily_estimate__official_annual_total_constrained__three_core_regions_supply_shape
2023-01-28,2023,47246.94181634678,80255.2,3.3380182511157135,157711.15409236774,annual_anchor_constrained_city_daily_estimate,citywide_daily_estimate__official_annual_total_constrained__three_core_regions_supply_shape
2023-01-29,2023,44491.44153553541,80255.2,3.3380182511157135,148513.24386406492,annual_anchor_constrained_city_daily_estimate,citywide_daily_estimate__official_annual_total_constrained__three_core_regions_supply_shape
2023-01-30,2023,15623.426086048696,80255.2,3.3380182511157135,52151.28142018789,annual_anchor_constrained_city_daily_estimate,citywide_daily_estimate__official_annual_total_constrained__three_core_regions_supply_shape
2023-01-31,2023,24306.268377796772,80255.2,3.3380182511157135,81134.76746160236,annual_anchor_constrained_city_daily_estimate,citywide_daily_estimate__official_annual_total_constrained__three_core_regions_supply_shape
2023-02-01,2023,18349.31039801021,80255.2,3.3380182511157135,61250.333003945416,annual_anchor_constrained_city_daily_estimate,citywide_daily_estimate__official_annual_total_constrained__three_core_regions_supply_shape
2023-02-02,2023,23583.658158175574,80255.2,3.3380182511157135,78722.68136006406,annual_anchor_constrained_city_daily_estimate,citywide_daily_estimate__official_annual_total_constrained__three_core_regions_supply_shape
2023-02-03,2023,13723.638161991285,80255.2,3.3380182511157135,45809.75465643501,annual_anchor_constrained_city_daily_estimate,citywide_daily_estimate__official_annual_total_constrained__three_core_regions_supply_shape
2023-02-04,2023,39108.41866090447,80255.2,3.3380182511157135,130544.61526237347,annual_anchor_constrained_city_daily_estimate,citywide_daily_estimate__official_annual_total_constrained__three_core_regions_supply_shape
2023-02-05,2023,40108.5355555637,80255.2,3.3380182511157135,133883.02370999515,annual_anchor_constrained_city_daily_estimate,citywide_daily_estimate__official_annual_total_constrained__three_core_regions_supply_shape
2023-02-06,2023,61241.41626426818,80255.2,3.3380182511157135,204424.96521430186,annual_anchor_constrained_city_daily_estimate,citywide_daily_estimate__official_annual_total_constrained__three_core_regions_supply_shape
2023-02-07,2023,41209.46747041655,80255.2,3.3380182511157135,137557.95453500975,annual_anchor_constrained_city_daily_estimate,citywide_daily_estimate__official_annual_total_constrained__three_core_regions_supply_shape
2023-02-08,2023,41315.8595152101,80255.2,3.3380182511157135,137913.09312230413,annual_anchor_constrained_city_daily_estimate,citywide_daily_estimate__official_annual_total_constrained__three_core_regions_supply_shape
2023-02-09,2023,32386.22425717508,80255.2,3.3380182511157135,108105.80765517686,annual_anchor_constrained_city_daily_estimate,citywide_daily_estimate__official_annual_total_constrained__three_core_regions_supply_shape
2023-02-10,2023,22815.287406294283,80255.2,3.3380182511157135,76157.8457666608,annual_anchor_constrained_city_daily_estimate,citywide_daily_estimate__official_annual_total_constrained__three_core_regions_supply_shape
2023-02-11,2023,143766.26256843802,80255.2,3.3380182511157135,479894.40834813996,annual_anchor_constrained_city_daily_estimate,citywide_daily_estimate__official_annual_total_constrained__three_core_regions_supply_shape
2023-02-12,2023,111971.62659386125,80255.2,3.3380182511157135,373763.33317742246,annual_anchor_constrained_city_daily_estimate,citywide_daily_estimate__official_annual_total_constrained__three_core_regions_supply_shape
2023-02-13,2023,15008.47110775458,80255.2,3.3380182511157135,50098.55047902766,annual_anchor_constrained_city_daily_estimate,citywide_daily_estimate__official_annual_total_constrained__three_core_regions_supply_shape
2023-02-14,2023,15225.04510652385,80255.2,3.3380182511157135,50821.478439636594,annual_anchor_constrained_city_daily_estimate,citywide_daily_estimate__official_annual_total_constrained__three_core_regions_supply_shape
2023-02-15,2023,14701.017950935677,80255.2,3.3380182511157135,49072.266230203015,annual_anchor_constrained_city_daily_estimate,citywide_daily_estimate__official_annual_total_constrained__three_core_regions_supply_shape
2023-02-16,2023,15091.926342792793,80255.2,3.3380182511157135,50377.12557673636,annual_anchor_constrained_city_daily_estimate,citywide_daily_estimate__official_annual_total_constrained__three_core_regions_supply_shape
2023-02-17,2023,36775.932730254484,80255.2,3.3380182511157135,122758.7346553932,annual_anchor_constrained_city_daily_estimate,citywide_daily_estimate__official_annual_total_constrained__three_core_regions_supply_shape
2023-02-18,2023,47646.44040499028,80255.2,3.3380182511157135,159044.68767255472,annual_anchor_constrained_city_daily_estimate,citywide_daily_estimate__official_annual_total_constrained__three_core_regions_supply_shape
2023-02-19,2023,58343.80558742714,80255.2,3.3380182511157135,194752.68789037873,annual_anchor_constrained_city_daily_estimate,citywide_daily_estimate__official_annual_total_constrained__three_core_regions_supply_shape
2023-02-20,2023,15590.480243579615,80255.2,3.3380182511157135,52041.30759672771,annual_anchor_constrained_city_daily_estimate,citywide_daily_estimate__official_annual_total_constrained__three_core_regions_supply_shape
2023-02-21,2023,14997.826387118905,80255.2,3.3380182511157135,50063.01820726775,annual_anchor_constrained_city_daily_estimate,citywide_daily_estimate__official_annual_total_constrained__three_core_regions_supply_shape
2023-02-22,2023,43582.016383543945,80255.2,3.3380182511157135,145477.56610869372,annual_anchor_constrained_city_daily_estimate,citywide_daily_estimate__official_annual_total_constrained__three_core_regions_supply_shape
2023-02-23,2023,23164.234169996314,80255.2,3.3380182511157135,77322.63643256595,annual_anchor_constrained_city_daily_estimate,citywide_daily_estimate__official_annual_total_constrained__three_core_regions_supply_shape
2023-02-24,2023,18568.762280036168,80255.2,3.3380182511157135,61982.86739138976,annual_anchor_constrained_city_daily_estimate,citywide_daily_estimate__official_annual_total_constrained__three_core_regions_supply_shape
2023-02-25,2023,56888.30815543655,80255.2,3.3380182511157135,189894.2108979421,annual_anchor_constrained_city_daily_estimate,citywide_daily_estimate__official_annual_total_constrained__three_core_regions_supply_shape
2023-02-26,2023,61884.124947265394,80255.2,3.3380182511157135,206570.3385282971,annual_anchor_constrained_city_daily_estimate,citywide_daily_estimate__official_annual_total_constrained__three_core_regions_supply_shape
2023-02-27,2023,30589.645802516672,80255.2,3.3380182511157135,102108.79598396583,annual_anchor_constrained_city_daily_estimate,citywide_daily_estimate__official_annual_total_constrained__three_core_regions_supply_shape
2023-02-28,2023,16430.15101366754,80255.2,3.3380182511157135,54844.14395220958,annual_anchor_constrained_city_daily_estimate,citywide_daily_estimate__official_annual_total_constrained__three_core_regions_supply_shape
2023-03-01,2023,20206.104444796907,80255.2,3.3380182511157135,67448.34542068241,annual_anchor_constrained_city_daily_estimate,citywide_daily_estimate__official_annual_total_constrained__three_core_regions_supply_shape
2023-03-02,2023,18610.282209882713,80255.2,3.3380182511157135,62121.46167500257,annual_anchor_constrained_city_daily_estimate,citywide_daily_estimate__official_annual_total_constrained__three_core_regions_supply_shape
2023-03-03,2023,16333.009945193806,80255.2,3.3380182511157135,54519.885292711384,annual_anchor_constrained_city_daily_estimate,citywide_daily_estimate__official_annual_total_constrained__three_core_regions_supply_shape
2023-03-04,2023,48008.33049719642,80255.2,3.3380182511157135,160252.68340523675,annual_anchor_constrained_city_daily_estimate,citywide_daily_estimate__official_annual_total_constrained__three_core_regions_supply_shape
2023-03-05,2023,39779.2185650325,80255.2,3.3380182511157135,132783.7575851995,annual_anchor_constrained_city_daily_estimate,citywide_daily_estimate__official_annual_total_constrained__three_core_regions_supply_shape
2023-03-06,2023,35867.08675216627,80255.2,3.3380182511157135,119724.99019308164,annual_anchor_constrained_city_daily_estimate,citywide_daily_estimate__official_annual_total_constrained__three_core_regions_supply_shape
2023-03-07,2023,14746.817920861648,80255.2,3.3380182511157135,49225.14736571646,annual_anchor_constrained_city_daily_estimate,citywide_daily_estimate__official_annual_total_constrained__three_core_regions_supply_shape
2023-03-08,2023,15939.59054835484,80255.2,3.3380182511157135,53206.644165719976,annual_anchor_constrained_city_daily_estimate,citywide_daily_estimate__official_annual_total_constrained__three_core_regions_supply_shape
2023-03-09,2023,16079.714554329155,80255.2,3.3380182511157135,53674.38065508169,annual_anchor_constrained_city_daily_estimate,citywide_daily_estimate__official_annual_total_constrained__three_core_regions_supply_shape
2023-03-10,2023,16811.613086895813,80255.2,3.3380182511157135,56117.471314754,annual_anchor_constrained_city_daily_estimate,citywide_daily_estimate__official_annual_total_constrained__three_core_regions_supply_shape
2023-03-11,2023,42927.35430124249,80255.2,3.3380182511157135,143292.29212965808,annual_anchor_constrained_city_daily_estimate,citywide_daily_estimate__official_annual_total_constrained__three_core_regions_supply_shape
2023-03-12,2023,44886.928706018756,80255.2,3.3380182511157135,149833.38725722046,annual_anchor_constrained_city_daily_estimate,citywide_daily_estimate__official_annual_total_constrained__three_core_regions_supply_shape
2023-03-13,2023,15855.165067927255,80255.2,3.3380182511157135,52924.830371193486,annual_anchor_constrained_city_daily_estimate,citywide_daily_estimate__official_annual_total_constrained__three_core_regions_supply_shape
2023-03-14,2023,15584.187789030677,80255.2,3.3380182511157135,52020.30326859904,annual_anchor_constrained_city_daily_estimate,citywide_daily_estimate__official_annual_total_constrained__three_core_regions_supply_shape
2023-03-15,2023,15637.697141392598,80255.2,3.3380182511157135,52198.918463388516,annual_anchor_constrained_city_daily_estimate,citywide_daily_estimate__official_annual_total_constrained__three_core_regions_supply_shape
2023-03-16,2023,15814.406273281453,80255.2,3.3380182511157135,52788.776770772325,annual_anchor_constrained_city_daily_estimate,citywide_daily_estimate__official_annual_total_constrained__three_core_regions_supply_shape
2023-03-17,2023,16202.322266328189,80255.2,3.3380182511157135,54083.647435462,annual_anchor_constrained_city_daily_estimate,citywide_daily_estimate__official_annual_total_constrained__three_core_regions_supply_shape
2023-03-18,2023,48319.30094185705,80255.2,3.3380182511157135,161290.70842507153,annual_anchor_constrained_city_daily_estimate,citywide_daily_estimate__official_annual_total_constrained__three_core_regions_supply_shape
2023-03-19,2023,47972.60514789421,80255.2,3.3380182511157135,160133.4315372385,annual_anchor_constrained_city_daily_estimate,citywide_daily_estimate__official_annual_total_constrained__three_core_regions_supply_shape
2023-03-20,2023,17258.86500172561,80255.2,3.3380182511157135,57610.40636930232,annual_anchor_constrained_city_daily_estimate,citywide_daily_estimate__official_annual_total_constrained__three_core_regions_supply_shape
2023-03-21,2023,14949.630780398553,80255.2,3.3380182511157135,49902.14039241162,annual_anchor_constrained_city_daily_estimate,citywide_daily_estimate__official_annual_total_constrained__three_core_regions_supply_shape
2023-03-22,2023,15528.103579387278,80255.2,3.3380182511157135,51833.09315320997,annual_anchor_constrained_city_daily_estimate,citywide_daily_estimate__official_annual_total_constrained__three_core_regions_supply_shape
2023-03-23,2023,16127.143882275512,80255.2,3.3380182511157135,53832.70061740478,annual_anchor_constrained_city_daily_estimate,citywide_daily_estimate__official_annual_total_constrained__three_core_regions_supply_shape
2023-03-24,2023,15529.603596205869,80255.2,3.3380182511157135,51838.100236727405,annual_anchor_constrained_city_daily_estimate,citywide_daily_estimate__official_annual_total_constrained__three_core_regions_supply_shape
2023-03-25,2023,39405.059453012596,80255.2,3.3380182511157135,131534.8076404558,annual_anchor_constrained_city_daily_estimate,citywide_daily_estimate__official_annual_total_constrained__three_core_regions_supply_shape
2023-03-26,2023,38943.210629495734,80255.2,3.3380182511157135,129993.14783830021,annual_anchor_constrained_city_daily_estimate,citywide_daily_estimate__official_annual_total_constrained__three_core_regions_supply_shape
2023-03-27,2023,15735.213237708347,80255.2,3.3380182511157135,52524.42897266804,annual_anchor_constrained_city_daily_estimate,citywide_daily_estimate__official_annual_total_constrained__three_core_regions_supply_shape
2023-03-28,2023,15501.309977312152,80255.2,3.3380182511157135,51743.65562047007,annual_anchor_constrained_city_daily_estimate,citywide_daily_estimate__official_annual_total_constrained__three_core_regions_supply_shape
2023-03-29,2023,17595.24725227102,80255.2,3.3380182511157135,58733.25646097427,annual_anchor_constrained_city_daily_estimate,citywide_daily_estimate__official_annual_total_constrained__three_core_regions_supply_shape
2023-03-30,2023,16896.18008199355,80255.2,3.3380182511157135,56399.757487832256,annual_anchor_constrained_city_daily_estimate,citywide_daily_estimate__official_annual_total_constrained__three_core_regions_supply_shape
2023-03-31,2023,18763.985617757324,80255.2,3.3380182511157135,62634.5264557467,annual_anchor_constrained_city_daily_estimate,citywide_daily_estimate__official_annual_total_constrained__three_core_regions_supply_shape
2023-04-01,2023,49526.035774017364,80255.2,3.3380182511157135,165318.81131907972,annual_anchor_constrained_city_daily_estimate,citywide_daily_estimate__official_annual_total_constrained__three_core_regions_supply_shape
2023-04-02,2023,50127.46849081351,80255.2,3.3380182511157135,167326.40470456335,annual_anchor_constrained_city_daily_estimate,citywide_daily_estimate__official_annual_total_constrained__three_core_regions_supply_shape
2023-04-03,2023,16399.24763188064,80255.2,3.3380182511157135,54740.98789978372,annual_anchor_constrained_city_daily_estimate,citywide_daily_estimate__official_annual_total_constrained__three_core_regions_supply_shape
2023-04-04,2023,13983.02228795195,80255.2,3.3380182511157135,46675.58360294141,annual_anchor_constrained_city_daily_estimate,citywide_daily_estimate__official_annual_total_constrained__three_core_regions_supply_shape
2023-04-05,2023,88623.19832135786,80255.2,3.3380182511157135,295825.85346894,annual_anchor_constrained_city_daily_estimate,citywide_daily_estimate__official_annual_total_constrained__three_core_regions_supply_shape
2023-04-06,2023,18042.05292793427,80255.2,3.3380182511157135,60224.70196104029,annual_anchor_constrained_city_daily_estimate,citywide_daily_estimate__official_annual_total_constrained__three_core_regions_supply_shape
2023-04-07,2023,21354.200752339024,80255.2,3.3380182511157135,71280.71184929657,annual_anchor_constrained_city_daily_estimate,citywide_daily_estimate__official_annual_total_constrained__three_core_regions_supply_shape
2023-04-08,2023,51206.4526698162,80255.2,3.3380182511157135,170928.07358673943,annual_anchor_constrained_city_daily_estimate,citywide_daily_estimate__official_annual_total_constrained__three_core_regions_supply_shape
2023-04-09,2023,56696.45904379914,80255.2,3.3380182511157135,189253.8150618361,annual_anchor_constrained_city_daily_estimate,citywide_daily_estimate__official_annual_total_constrained__three_core_regions_supply_shape
2023-04-10,2023,20469.132178978834,80255.2,3.3380182511157135,68326.3367979313,annual_anchor_constrained_city_daily_estimate,citywide_daily_estimate__official_annual_total_constrained__three_core_regions_supply_shape
2023-04-11,2023,26139.16300720475,80255.2,3.3380182511157135,87253.00318693815,annual_anchor_constrained_city_daily_estimate,citywide_daily_estimate__official_annual_total_constrained__three_core_regions_supply_shape
2023-04-12,2023,26993.7583311873,80255.2,3.3380182511157135,90105.65797571004,annual_anchor_constrained_city_daily_estimate,citywide_daily_estimate__official_annual_total_constrained__three_core_regions_supply_shape
2023-04-13,2023,27760.86231712169,80255.2,3.3380182511157135,92666.26508126265,annual_anchor_constrained_city_daily_estimate,citywide_daily_estimate__official_annual_total_constrained__three_core_regions_supply_shape
2023-04-14,2023,26409.97766362659,80255.2,3.3380182511157135,88156.98745274388,annual_anchor_constrained_city_daily_estimate,citywide_daily_estimate__official_annual_total_constrained__three_core_regions_supply_shape
2023-04-15,2023,79516.0938924935,80255.2,3.3380182511157135,265426.17267057404,annual_anchor_constrained_city_daily_estimate,citywide_daily_estimate__official_annual_total_constrained__three_core_regions_supply_shape
2023-04-16,2023,74810.12973521664,80255.2,3.3380182511157135,249717.5784244875,annual_anchor_constrained_city_daily_estimate,citywide_daily_estimate__official_annual_total_constrained__three_core_regions_supply_shape
2023-04-17,2023,22681.12739027931,80255.2,3.3380182511157135,75710.01718463286,annual_anchor_constrained_city_daily_estimate,citywide_daily_estimate__official_annual_total_constrained__three_core_regions_supply_shape
2023-04-18,2023,34415.83789348302,80255.2,3.3380182511157135,114880.69501588609,annual_anchor_constrained_city_daily_estimate,citywide_daily_estimate__official_annual_total_constrained__three_core_regions_supply_shape
2023-04-19,2023,34600.028655640795,80255.2,3.3380182511157135,115495.52714165566,annual_anchor_constrained_city_daily_estimate,citywide_daily_estimate__official_annual_total_constrained__three_core_regions_supply_shape
2023-04-20,2023,32685.638997362243,80255.2,3.3380182511157135,109105.25952257468,annual_anchor_constrained_city_daily_estimate,citywide_daily_estimate__official_annual_total_constrained__three_core_regions_supply_shape
2023-04-21,2023,30028.710302159878,80255.2,3.3380182511157135,100236.38304607612,annual_anchor_constrained_city_daily_estimate,citywide_daily_estimate__official_annual_total_constrained__three_core_regions_supply_shape
2023-04-22,2023,73061.55345544104,80255.2,3.3380182511157135,243880.79888912852,annual_anchor_constrained_city_daily_estimate,citywide_daily_estimate__official_annual_total_constrained__three_core_regions_supply_shape
2023-04-23,2023,70119.76694374393,80255.2,3.3380182511157135,234061.06182219755,annual_anchor_constrained_city_daily_estimate,citywide_daily_estimate__official_annual_total_constrained__three_core_regions_supply_shape
2023-04-24,2023,36943.12236983299,80255.2,3.3380182511157135,123316.81672370371,annual_anchor_constrained_city_daily_estimate,citywide_daily_estimate__official_annual_total_constrained__three_core_regions_supply_shape
2023-04-25,2023,36341.171702993335,80255.2,3.3380182511157135,121307.49441152166,annual_anchor_constrained_city_daily_estimate,citywide_daily_estimate__official_annual_total_constrained__three_core_regions_supply_shape
2023-04-26,2023,32969.71240828761,80255.2,3.3380182511157135,110053.50175290025,annual_anchor_constrained_city_daily_estimate,citywide_daily_estimate__official_annual_total_constrained__three_core_regions_supply_shape
2023-04-27,2023,37140.46708147996,80255.2,3.3380182511157135,123975.55697294246,annual_anchor_constrained_city_daily_estimate,citywide_daily_estimate__official_annual_total_constrained__three_core_regions_supply_shape
2023-04-28,2023,35422.338301108604,80255.2,3.3380182511157135,118240.4117462957,annual_anchor_constrained_city_daily_estimate,citywide_daily_estimate__official_annual_total_constrained__three_core_regions_supply_shape
2023-04-29,2023,276755.2599434472,80255.2,3.3380182511157135,923814.1087835003,annual_anchor_constrained_city_daily_estimate,citywide_daily_estimate__official_annual_total_constrained__three_core_regions_supply_shape
2023-04-30,2023,444405.1617545604,80255.2,3.3380182511157135,1483432.5408267535,annual_anchor_constrained_city_daily_estimate,citywide_daily_estimate__official_annual_total_constrained__three_core_regions_supply_shape
2023-05-01,2023,283025.3993707935,80255.2,3.3380182511157135,944743.9486290225,annual_anchor_constrained_city_daily_estimate,citywide_daily_estimate__official_annual_total_constrained__three_core_regions_supply_shape
2023-05-02,2023,238389.41302307328,80255.2,3.3380182511157135,795748.2115437806,annual_anchor_constrained_city_daily_estimate,citywide_daily_estimate__official_annual_total_constrained__three_core_regions_supply_shape
2023-05-03,2023,207537.47779762038,80255.2,3.3380182511157135,692763.888678979,annual_anchor_constrained_city_daily_estimate,citywide_daily_estimate__official_annual_total_constrained__three_core_regions_supply_shape
2023-05-04,2023,28859.043297988246,80255.2,3.3380182511157135,96332.01323842337,annual_anchor_constrained_city_daily_estimate,citywide_daily_estimate__official_annual_total_constrained__three_core_regions_supply_shape
2023-05-05,2023,24096.228604735392,80255.2,3.3380182511157135,80433.65086566326,annual_anchor_constrained_city_daily_estimate,citywide_daily_estimate__official_annual_total_constrained__three_core_regions_supply_shape
2023-05-06,2023,73055.42157666592,80255.2,3.3380182511157135,243860.33056586352,annual_anchor_constrained_city_daily_estimate,citywide_daily_estimate__official_annual_total_constrained__three_core_regions_supply_shape
2023-05-07,2023,84911.31583542167,80255.2,3.3380182511157135,283435.52198488824,annual_anchor_constrained_city_daily_estimate,citywide_daily_estimate__official_annual_total_constrained__three_core_regions_supply_shape
2023-05-08,2023,35186.156287278514,80255.2,3.3380182511157135,117452.0318735456,annual_anchor_constrained_city_daily_estimate,citywide_daily_estimate__official_annual_total_constrained__three_core_regions_supply_shape
2023-05-09,2023,27991.2562590275,80255.2,3.3380182511157135,93435.32426429074,annual_anchor_constrained_city_daily_estimate,citywide_daily_estimate__official_annual_total_constrained__three_core_regions_supply_shape
2023-05-10,2023,35355.30787742094,80255.2,3.3380182511157135,118016.66296864627,annual_anchor_constrained_city_daily_estimate,citywide_daily_estimate__official_annual_total_constrained__three_core_regions_supply_shape
2023-05-11,2023,27993.245270185173,80255.2,3.3380182511157135,93441.96361983672,annual_anchor_constrained_city_daily_estimate,citywide_daily_estimate__official_annual_total_constrained__three_core_regions_supply_shape
2023-05-12,2023,30028.510716262987,80255.2,3.3380182511157135,100235.71682470964,annual_anchor_constrained_city_daily_estimate,citywide_daily_estimate__official_annual_total_constrained__three_core_regions_supply_shape
2023-05-13,2023,69804.09301281281,80255.2,3.3380182511157135,233007.336479348,annual_anchor_constrained_city_daily_estimate,citywide_daily_estimate__official_annual_total_constrained__three_core_regions_supply_shape
2023-05-14,2023,66159.61726810287,80255.2,3.3380182511157135,220842.0099277577,annual_anchor_constrained_city_daily_estimate,citywide_daily_estimate__official_annual_total_constrained__three_core_regions_supply_shape
2023-05-15,2023,25926.567310006867,80255.2,3.3380182511157135,86543.35486958295,annual_anchor_constrained_city_daily_estimate,citywide_daily_estimate__official_annual_total_constrained__three_core_regions_supply_shape
2023-05-16,2023,27245.089437026738,80255.2,3.3380182511157135,90944.60579407519,annual_anchor_constrained_city_daily_estimate,citywide_daily_estimate__official_annual_total_constrained__three_core_regions_supply_shape
2023-05-17,2023,29306.310986743352,80255.2,3.3380182511157135,97825.00094662227,annual_anchor_constrained_city_daily_estimate,citywide_daily_estimate__official_annual_total_constrained__three_core_regions_supply_shape
2023-05-18,2023,29568.453941257874,80255.2,3.3380182511157135,98700.03891319313,annual_anchor_constrained_city_daily_estimate,citywide_daily_estimate__official_annual_total_constrained__three_core_regions_supply_shape
2023-05-19,2023,25613.73573775347,80255.2,3.3380182511157135,85499.1173718759,annual_anchor_constrained_city_daily_estimate,citywide_daily_estimate__official_annual_total_constrained__three_core_regions_supply_shape
2023-05-20,2023,64220.55451407961,80255.2,3.3380182511157135,214369.38306476935,annual_anchor_constrained_city_daily_estimate,citywide_daily_estimate__official_annual_total_constrained__three_core_regions_supply_shape
2023-05-21,2023,57688.375534053004,80255.2,3.3380182511157135,192564.85040988613,annual_anchor_constrained_city_daily_estimate,citywide_daily_estimate__official_annual_total_constrained__three_core_regions_supply_shape
2023-05-22,2023,22486.961864501354,80255.2,3.3380182511157135,75061.88911584855,annual_anchor_constrained_city_daily_estimate,citywide_daily_estimate__official_annual_total_constrained__three_core_regions_supply_shape
2023-05-23,2023,23876.61428487888,80255.2,3.3380182511157135,79700.57425777586,annual_anchor_constrained_city_daily_estimate,citywide_daily_estimate__official_annual_total_constrained__three_core_regions_supply_shape
2023-05-24,2023,26136.814920496112,80255.2,3.3380182511157135,87245.16523064952,annual_anchor_constrained_city_daily_estimate,citywide_daily_estimate__official_annual_total_constrained__three_core_regions_supply_shape
2023-05-25,2023,26290.648337006347,80255.2,3.3380182511157135,87758.66398259217,annual_anchor_constrained_city_daily_estimate,citywide_daily_estimate__official_annual_total_constrained__three_core_regions_supply_shape
2023-05-26,2023,25072.358227166606,80255.2,3.3380182511157135,83691.98936079335,annual_anchor_constrained_city_daily_estimate,citywide_daily_estimate__official_annual_total_constrained__three_core_regions_supply_shape
2023-05-27,2023,63795.472598457054,80255.2,3.3380182511157135,212950.45187220204,annual_anchor_constrained_city_daily_estimate,citywide_daily_estimate__official_annual_total_constrained__three_core_regions_supply_shape
2023-05-28,2023,59511.765394630915,80255.2,3.3380182511157135,198651.35904339454,annual_anchor_constrained_city_daily_estimate,citywide_daily_estimate__official_annual_total_constrained__three_core_regions_supply_shape
2023-05-29,2023,23948.185485942664,80255.2,3.3380182511157135,79939.48023318105,annual_anchor_constrained_city_daily_estimate,citywide_daily_estimate__official_annual_total_constrained__three_core_regions_supply_shape
2023-05-30,2023,23613.044610829562,80255.2,3.3380182511157135,78820.77387535862,annual_anchor_constrained_city_daily_estimate,citywide_daily_estimate__official_annual_total_constrained__three_core_regions_supply_shape
2023-05-31,2023,25562.757265305234,80255.2,3.3380182511157135,85328.95030042967,annual_anchor_constrained_city_daily_estimate,citywide_daily_estimate__official_annual_total_constrained__three_core_regions_supply_shape
2023-06-01,2023,26086.69823140158,80255.2,3.3380182511157135,87077.87480776648,annual_anchor_constrained_city_daily_estimate,citywide_daily_estimate__official_annual_total_constrained__three_core_regions_supply_shape
2023-06-02,2023,23764.48119422954,80255.2,3.3380182511157135,79326.27195463434,annual_anchor_constrained_city_daily_estimate,citywide_daily_estimate__official_annual_total_constrained__three_core_regions_supply_shape
2023-06-03,2023,63184.86108623454,80255.2,3.3380182511157135,210912.2195000619,annual_anchor_constrained_city_daily_estimate,citywide_daily_estimate__official_annual_total_constrained__three_core_regions_supply_shape
2023-06-04,2023,76747.60275989721,80255.2,3.3380182511157135,256184.89874191562,annual_anchor_constrained_city_daily_estimate,citywide_daily_estimate__official_annual_total_constrained__three_core_regions_supply_shape
2023-06-05,2023,29981.98079893512,80255.2,3.3380182511157135,100080.39911144631,annual_anchor_constrained_city_daily_estimate,citywide_daily_estimate__official_annual_total_constrained__three_core_regions_supply_shape
2023-06-06,2023,34940.24730874914,80255.2,3.3380182511157135,116631.18321510131,annual_anchor_constrained_city_daily_estimate,citywide_daily_estimate__official_annual_total_constrained__three_core_regions_supply_shape
2023-06-07,2023,31567.52361363881,80255.2,3.3380182511157135,105372.9699648526,annual_anchor_constrained_city_daily_estimate,citywide_daily_estimate__official_annual_total_constrained__three_core_regions_supply_shape
2023-06-08,2023,35513.135437687175,80255.2,3.3380182511157135,118543.49424534402,annual_anchor_constrained_city_daily_estimate,citywide_daily_estimate__official_annual_total_constrained__three_core_regions_supply_shape
2023-06-09,2023,35730.66863929597,80255.2,3.3380182511157135,119269.62404253779,annual_anchor_constrained_city_daily_estimate,citywide_daily_estimate__official_annual_total_constrained__three_core_regions_supply_shape
2023-06-10,2023,91127.45237669919,80255.2,3.3380182511157135,304185.0992110999,annual_anchor_constrained_city_daily_estimate,citywide_daily_estimate__official_annual_total_constrained__three_core_regions_supply_shape
2023-06-11,2023,82236.64126742899,80255.2,3.3380182511157135,274507.40946113365,annual_anchor_constrained_city_daily_estimate,citywide_daily_estimate__official_annual_total_constrained__three_core_regions_supply_shape
2023-06-12,2023,36068.34744772745,80255.2,3.3380182511157135,120396.8020680971,annual_anchor_constrained_city_daily_estimate,citywide_daily_estimate__official_annual_total_constrained__three_core_regions_supply_shape
2023-06-13,2023,41040.16319765679,80255.2,3.3380182511157135,136992.81378254577,annual_anchor_constrained_city_daily_estimate,citywide_daily_estimate__official_annual_total_constrained__three_core_regions_supply_shape
2023-06-14,2023,34072.76450938492,80255.2,3.3380182511157135,113735.5097982946,annual_anchor_constrained_city_daily_estimate,citywide_daily_estimate__official_annual_total_constrained__three_core_regions_supply_shape
2023-06-15,2023,18797.54475168529,80255.2,3.3380182511157135,62746.5474572899,annual_anchor_constrained_city_daily_estimate,citywide_daily_estimate__official_annual_total_constrained__three_core_regions_supply_shape
2023-06-16,2023,36215.03639482957,80255.2,3.3380182511157135,120886.45245076092,annual_anchor_constrained_city_daily_estimate,citywide_daily_estimate__official_annual_total_constrained__three_core_regions_supply_shape
2023-06-17,2023,107298.73899298438,80255.2,3.3380182511157135,358165.1490802831,annual_anchor_constrained_city_daily_estimate,citywide_daily_estimate__official_annual_total_constrained__three_core_regions_supply_shape
2023-06-18,2023,118866.57427138885,80255.2,3.3380182511157135,396778.7943654975,annual_anchor_constrained_city_daily_estimate,citywide_daily_estimate__official_annual_total_constrained__three_core_regions_supply_shape
2023-06-19,2023,38142.15110090458,80255.2,3.3380182511157135,127319.19651163279,annual_anchor_constrained_city_daily_estimate,citywide_daily_estimate__official_annual_total_constrained__three_core_regions_supply_shape
2023-06-20,2023,46501.2960875542,80255.2,3.3380182511157135,155222.17504079163,annual_anchor_constrained_city_daily_estimate,citywide_daily_estimate__official_annual_total_constrained__three_core_regions_supply_shape
2023-06-21,2023,51674.20382839641,80255.2,3.3380182511157135,172489.4354910607,annual_anchor_constrained_city_daily_estimate,citywide_daily_estimate__official_annual_total_constrained__three_core_regions_supply_shape
2023-06-22,2023,217258.71156542934,80255.2,3.3380182511157135,725213.5444192877,annual_anchor_constrained_city_daily_estimate,citywide_daily_estimate__official_annual_total_constrained__three_core_regions_supply_shape
2023-06-23,2023,220770.74757113247,80255.2,3.3380182511157135,736936.7847049002,annual_anchor_constrained_city_daily_estimate,citywide_daily_estimate__official_annual_total_constrained__three_core_regions_supply_shape
2023-06-24,2023,316947.69143617555,80255.2,3.3380182511157135,1057977.1786629455,annual_anchor_constrained_city_daily_estimate,citywide_daily_estimate__official_annual_total_constrained__three_core_regions_supply_shape
2023-06-25,2023,117969.36846334745,80255.2,3.3380182511157135,393783.90500324825,annual_anchor_constrained_city_daily_estimate,citywide_daily_estimate__official_annual_total_constrained__three_core_regions_supply_shape
2023-06-26,2023,56933.57655310033,80255.2,3.3380182511157135,190045.31763554254,annual_anchor_constrained_city_daily_estimate,citywide_daily_estimate__official_annual_total_constrained__three_core_regions_supply_shape
2023-06-27,2023,56514.07509722345,80255.2,3.3380182511157135,188645.0141194559,annual_anchor_constrained_city_daily_estimate,citywide_daily_estimate__official_annual_total_constrained__three_core_regions_supply_shape
2023-06-28,2023,52452.427579648975,80255.2,3.3380182511157135,175087.16057619348,annual_anchor_constrained_city_daily_estimate,citywide_daily_estimate__official_annual_total_constrained__three_core_regions_supply_shape
2023-06-29,2023,83948.78976812755,80255.2,3.3380182511157135,280222.5924050858,annual_anchor_constrained_city_daily_estimate,citywide_daily_estimate__official_annual_total_constrained__three_core_regions_supply_shape
2023-06-30,2023,90340.22289389548,80255.2,3.3380182511157135,301557.31282968476,annual_anchor_constrained_city_daily_estimate,citywide_daily_estimate__official_annual_total_constrained__three_core_regions_supply_shape
2023-07-01,2023,192041.82942208505,80255.2,3.3380182511157135,641039.1315885705,annual_anchor_constrained_city_daily_estimate,citywide_daily_estimate__official_annual_total_constrained__three_core_regions_supply_shape
2023-07-02,2023,180951.85431817043,80255.2,3.3380182511157135,604020.5922872847,annual_anchor_constrained_city_daily_estimate,citywide_daily_estimate__official_annual_total_constrained__three_core_regions_supply_shape
2023-07-03,2023,144023.6853688149,80255.2,3.3380182511157135,480753.6903540513,annual_anchor_constrained_city_daily_estimate,citywide_daily_estimate__official_annual_total_constrained__three_core_regions_supply_shape
2023-07-04,2023,112489.15799121308,80255.2,3.3380182511157135,375490.8624273083,annual_anchor_constrained_city_daily_estimate,citywide_daily_estimate__official_annual_total_constrained__three_core_regions_supply_shape
2023-07-05,2023,162355.4612031223,80255.2,3.3380182511157135,541945.4926643315,annual_anchor_constrained_city_daily_estimate,citywide_daily_estimate__official_annual_total_constrained__three_core_regions_supply_shape
2023-07-06,2023,170295.12087498745,80255.2,3.3380182511157135,568448.2215566647,annual_anchor_constrained_city_daily_estimate,citywide_daily_estimate__official_annual_total_constrained__three_core_regions_supply_shape
2023-07-07,2023,163605.15551471952,80255.2,3.3380182511157135,546116.9950847584,annual_anchor_constrained_city_daily_estimate,citywide_daily_estimate__official_annual_total_constrained__three_core_regions_supply_shape
2023-07-08,2023,280322.5784555904,80255.2,3.3380182511157135,935721.8830845773,annual_anchor_constrained_city_daily_estimate,citywide_daily_estimate__official_annual_total_constrained__three_core_regions_supply_shape
2023-07-09,2023,257370.09019957768,80255.2,3.3380182511157135,859106.0583774877,annual_anchor_constrained_city_daily_estimate,citywide_daily_estimate__official_annual_total_constrained__three_core_regions_supply_shape
2023-07-10,2023,163278.69626713658,80255.2,3.3380182511157135,545027.268158081,annual_anchor_constrained_city_daily_estimate,citywide_daily_estimate__official_annual_total_constrained__three_core_regions_supply_shape
2023-07-11,2023,178852.37258575473,80255.2,3.3380182511157135,597012.483946597,annual_anchor_constrained_city_daily_estimate,citywide_daily_estimate__official_annual_total_constrained__three_core_regions_supply_shape
2023-07-12,2023,168212.12868066638,80255.2,3.3380182511157135,561495.1555950893,annual_anchor_constrained_city_daily_estimate,citywide_daily_estimate__official_annual_total_constrained__three_core_regions_supply_shape
2023-07-13,2023,176726.97824906727,80255.2,3.3380182511157135,589917.8788599162,annual_anchor_constrained_city_daily_estimate,citywide_daily_estimate__official_annual_total_constrained__three_core_regions_supply_shape
2023-07-14,2023,181246.49689413462,80255.2,3.3380182511157135,605004.1145834088,annual_anchor_constrained_city_daily_estimate,citywide_daily_estimate__official_annual_total_constrained__three_core_regions_supply_shape
2023-07-15,2023,277936.9149581744,80255.2,3.3380182511157135,927758.4947891821,annual_anchor_constrained_city_daily_estimate,citywide_daily_estimate__official_annual_total_constrained__three_core_regions_supply_shape
2023-07-16,2023,276311.0410486292,80255.2,3.3380182511157135,922331.2980051074,annual_anchor_constrained_city_daily_estimate,citywide_daily_estimate__official_annual_total_constrained__three_core_regions_supply_shape
2023-07-17,2023,201364.1901015913,80255.2,3.3380182511157135,672157.3416802458,annual_anchor_constrained_city_daily_estimate,citywide_daily_estimate__official_annual_total_constrained__three_core_regions_supply_shape
2023-07-18,2023,214197.9643103375,80255.2,3.3380182511157135,714996.7142197388,annual_anchor_constrained_city_daily_estimate,citywide_daily_estimate__official_annual_total_constrained__three_core_regions_supply_shape
2023-07-19,2023,218097.63857428706,80255.2,3.3380182511157135,728013.8980862086,annual_anchor_constrained_city_daily_estimate,citywide_daily_estimate__official_annual_total_constrained__three_core_regions_supply_shape
2023-07-20,2023,209391.0404056707,80255.2,3.3380182511157135,698951.1144942367,annual_anchor_constrained_city_daily_estimate,citywide_daily_estimate__official_annual_total_constrained__three_core_regions_supply_shape
2023-07-21,2023,202627.3040624901,80255.2,3.3380182511157135,676373.639134965,annual_anchor_constrained_city_daily_estimate,citywide_daily_estimate__official_annual_total_constrained__three_core_regions_supply_shape
2023-07-22,2023,122236.51234008376,80255.2,3.3380182511157135,408027.70914393076,annual_anchor_constrained_city_daily_estimate,citywide_daily_estimate__official_annual_total_constrained__three_core_regions_supply_shape
2023-07-23,2023,285313.9260647622,80255.2,3.3380182511157135,952383.0925016556,annual_anchor_constrained_city_daily_estimate,citywide_daily_estimate__official_annual_total_constrained__three_core_regions_supply_shape
2023-07-24,2023,186539.97152207748,80255.2,3.3380182511157135,622673.8295033,annual_anchor_constrained_city_daily_estimate,citywide_daily_estimate__official_annual_total_constrained__three_core_regions_supply_shape
2023-07-25,2023,205037.09034507937,80255.2,3.3380182511157135,684417.5497275364,annual_anchor_constrained_city_daily_estimate,citywide_daily_estimate__official_annual_total_constrained__three_core_regions_supply_shape
2023-07-26,2023,216072.38534107717,80255.2,3.3380182511157135,721253.5658306229,annual_anchor_constrained_city_daily_estimate,citywide_daily_estimate__official_annual_total_constrained__three_core_regions_supply_shape
2023-07-27,2023,199585.56702363613,80255.2,3.3380182511157135,666220.2653841759,annual_anchor_constrained_city_daily_estimate,citywide_daily_estimate__official_annual_total_constrained__three_core_regions_supply_shape
2023-07-28,2023,193921.81923840888,80255.2,3.3380182511157135,647314.5719073712,annual_anchor_constrained_city_daily_estimate,citywide_daily_estimate__official_annual_total_constrained__three_core_regions_supply_shape
2023-07-29,2023,158119.75681325342,80255.2,3.3380182511157135,527806.6341046181,annual_anchor_constrained_city_daily_estimate,citywide_daily_estimate__official_annual_total_constrained__three_core_regions_supply_shape
2023-07-30,2023,105035.74867968363,80255.2,3.3380182511157135,350611.24611238716,annual_anchor_constrained_city_daily_estimate,citywide_daily_estimate__official_annual_total_constrained__three_core_regions_supply_shape
2023-07-31,2023,99186.91127249169,80255.2,3.3380182511157135,331087.72009937215,annual_anchor_constrained_city_daily_estimate,citywide_daily_estimate__official_annual_total_constrained__three_core_regions_supply_shape
2023-08-01,2023,158537.34954326664,80255.2,3.3380182511157135,529200.5662589355,annual_anchor_constrained_city_daily_estimate,citywide_daily_estimate__official_annual_total_constrained__three_core_regions_supply_shape
2023-08-02,2023,156078.3205064127,80255.2,3.3380182511157135,520992.28245389357,annual_anchor_constrained_city_daily_estimate,citywide_daily_estimate__official_annual_total_constrained__three_core_regions_supply_shape
2023-08-03,2023,175063.23402932347,80255.2,3.3380182511157135,584364.2702892232,annual_anchor_constrained_city_daily_estimate,citywide_daily_estimate__official_annual_total_constrained__three_core_regions_supply_shape
2023-08-04,2023,197855.6524812868,80255.2,3.3380182511157135,660445.7790689433,annual_anchor_constrained_city_daily_estimate,citywide_daily_estimate__official_annual_total_constrained__three_core_regions_supply_shape
2023-08-05,2023,324693.6082597032,80255.2,3.3380182511157135,1083833.1903915051,annual_anchor_constrained_city_daily_estimate,citywide_daily_estimate__official_annual_total_constrained__three_core_regions_supply_shape
2023-08-06,2023,277867.56882989453,80255.2,3.3380182511157135,927527.0161473397,annual_anchor_constrained_city_daily_estimate,citywide_daily_estimate__official_annual_total_constrained__three_core_regions_supply_shape
2023-08-07,2023,161067.65490548091,80255.2,3.3380182511157135,537646.7717389027,annual_anchor_constrained_city_daily_estimate,citywide_daily_estimate__official_annual_total_constrained__three_core_regions_supply_shape
2023-08-08,2023,162761.1382896552,80255.2,3.3380182511157135,543299.6501832376,annual_anchor_constrained_city_daily_estimate,citywide_daily_estimate__official_annual_total_constrained__three_core_regions_supply_shape
2023-08-09,2023,144198.42107719934,80255.2,3.3380182511157135,481336.96133776015,annual_anchor_constrained_city_daily_estimate,citywide_daily_estimate__official_annual_total_constrained__three_core_regions_supply_shape
2023-08-10,2023,226403.63570786256,80255.2,3.3380182511157135,755739.4681117985,annual_anchor_constrained_city_daily_estimate,citywide_daily_estimate__official_annual_total_constrained__three_core_regions_supply_shape
2023-08-11,2023,152422.8820014367,80255.2,3.3380182511157135,508790.3620084525,annual_anchor_constrained_city_daily_estimate,citywide_daily_estimate__official_annual_total_constrained__three_core_regions_supply_shape
2023-08-12,2023,114549.74905026187,80255.2,3.3380182511157135,382369.152990499,annual_anchor_constrained_city_daily_estimate,citywide_daily_estimate__official_annual_total_constrained__three_core_regions_supply_shape
2023-08-13,2023,227850.38508167327,80255.2,3.3380182511157135,760568.7439263689,annual_anchor_constrained_city_daily_estimate,citywide_daily_estimate__official_annual_total_constrained__three_core_regions_supply_shape
2023-08-14,2023,134630.73943567587,80255.2,3.3380182511157135,449399.8653974901,annual_anchor_constrained_city_daily_estimate,citywide_daily_estimate__official_annual_total_constrained__three_core_regions_supply_shape
2023-08-15,2023,148300.01043299222,80255.2,3.3380182511157135,495028.14146597876,annual_anchor_constrained_city_daily_estimate,citywide_daily_estimate__official_annual_total_constrained__three_core_regions_supply_shape
2023-08-16,2023,150118.42445948263,80255.2,3.3380182511157135,501098.0406744886,annual_anchor_constrained_city_daily_estimate,citywide_daily_estimate__official_annual_total_constrained__three_core_regions_supply_shape
2023-08-17,2023,137320.25401545558,80255.2,3.3380182511157135,458377.51415143657,annual_anchor_constrained_city_daily_estimate,citywide_daily_estimate__official_annual_total_constrained__three_core_regions_supply_shape
2023-08-18,2023,124468.13420601486,80255.2,3.3380182511157135,415476.90366199764,annual_anchor_constrained_city_daily_estimate,citywide_daily_estimate__official_annual_total_constrained__three_core_regions_supply_shape
2023-08-19,2023,210122.4517883842,80255.2,3.3380182511157135,701392.5790388081,annual_anchor_constrained_city_daily_estimate,citywide_daily_estimate__official_annual_total_constrained__three_core_regions_supply_shape
2023-08-20,2023,166253.0305762168,80255.2,3.3380182511157135,554955.6503667105,annual_anchor_constrained_city_daily_estimate,citywide_daily_estimate__official_annual_total_constrained__three_core_regions_supply_shape
2023-08-21,2023,37763.41473992992,80255.2,3.3380182511157135,126054.96762633823,annual_anchor_constrained_city_daily_estimate,citywide_daily_estimate__official_annual_total_constrained__three_core_regions_supply_shape
2023-08-22,2023,83237.06811881863,80255.2,3.3380182511157135,277846.8525499785,annual_anchor_constrained_city_daily_estimate,citywide_daily_estimate__official_annual_total_constrained__three_core_regions_supply_shape
2023-08-23,2023,58170.418303274164,80255.2,3.3380182511157135,194173.91797136472,annual_anchor_constrained_city_daily_estimate,citywide_daily_estimate__official_annual_total_constrained__three_core_regions_supply_shape
2023-08-24,2023,69800.01443265147,80255.2,3.3380182511157135,232993.7221043308,annual_anchor_constrained_city_daily_estimate,citywide_daily_estimate__official_annual_total_constrained__three_core_regions_supply_shape
2023-08-25,2023,68763.20475000238,80255.2,3.3380182511157135,229532.83246071465,annual_anchor_constrained_city_daily_estimate,citywide_daily_estimate__official_annual_total_constrained__three_core_regions_supply_shape
2023-08-26,2023,138209.18487592426,80255.2,3.3380182511157135,461344.781587661,annual_anchor_constrained_city_daily_estimate,citywide_daily_estimate__official_annual_total_constrained__three_core_regions_supply_shape
2023-08-27,2023,130955.46412082991,80255.2,3.3380182511157135,437131.7293186592,annual_anchor_constrained_city_daily_estimate,citywide_daily_estimate__official_annual_total_constrained__three_core_regions_supply_shape
2023-08-28,2023,44467.073625257064,80255.2,3.3380182511157135,148431.90333481424,annual_anchor_constrained_city_daily_estimate,citywide_daily_estimate__official_annual_total_constrained__three_core_regions_supply_shape
2023-08-29,2023,43983.12475441371,80255.2,3.3380182511157135,146816.4731713323,annual_anchor_constrained_city_daily_estimate,citywide_daily_estimate__official_annual_total_constrained__three_core_regions_supply_shape
2023-08-30,2023,45113.12763247716,80255.2,3.3380182511157135,150588.44340212137,annual_anchor_constrained_city_daily_estimate,citywide_daily_estimate__official_annual_total_constrained__three_core_regions_supply_shape
2023-08-31,2023,34144.164021981596,80255.2,3.3380182511157135,113973.84267446307,annual_anchor_constrained_city_daily_estimate,citywide_daily_estimate__official_annual_total_constrained__three_core_regions_supply_shape
2023-09-01,2023,38728.92349529061,80255.2,3.3380182511157135,129277.85347334424,annual_anchor_constrained_city_daily_estimate,citywide_daily_estimate__official_annual_total_constrained__three_core_regions_supply_shape
2023-09-02,2023,87847.65007251065,80255.2,3.3380182511157135,293237.0592596672,annual_anchor_constrained_city_daily_estimate,citywide_daily_estimate__official_annual_total_constrained__three_core_regions_supply_shape
2023-09-03,2023,64729.446388982564,80255.2,3.3380182511157135,216068.07343103993,annual_anchor_constrained_city_daily_estimate,citywide_daily_estimate__official_annual_total_constrained__three_core_regions_supply_shape
2023-09-04,2023,34186.79319458868,80255.2,3.3380182511157135,114116.13963065548,annual_anchor_constrained_city_daily_estimate,citywide_daily_estimate__official_annual_total_constrained__three_core_regions_supply_shape
2023-09-05,2023,34242.337527513184,80255.2,3.3380182511157135,114301.54762770352,annual_anchor_constrained_city_daily_estimate,citywide_daily_estimate__official_annual_total_constrained__three_core_regions_supply_shape
2023-09-06,2023,33570.80297442422,80255.2,3.3380182511157135,112059.95303323773,annual_anchor_constrained_city_daily_estimate,citywide_daily_estimate__official_annual_total_constrained__three_core_regions_supply_shape
2023-09-07,2023,34426.88321278573,80255.2,3.3380182511157135,114917.56449330795,annual_anchor_constrained_city_daily_estimate,citywide_daily_estimate__official_annual_total_constrained__three_core_regions_supply_shape
2023-09-08,2023,37395.00916456134,80255.2,3.3380182511157135,124825.22309194512,annual_anchor_constrained_city_daily_estimate,citywide_daily_estimate__official_annual_total_constrained__three_core_regions_supply_shape
2023-09-09,2023,69100.01345492368,80255.2,3.3380182511157135,230657.10606487663,annual_anchor_constrained_city_daily_estimate,citywide_daily_estimate__official_annual_total_constrained__three_core_regions_supply_shape
2023-09-10,2023,84349.18990935698,80255.2,3.3380182511157135,281559.135384259,annual_anchor_constrained_city_daily_estimate,citywide_daily_estimate__official_annual_total_constrained__three_core_regions_supply_shape
2023-09-11,2023,17932.754075930225,80255.2,3.3380182511157135,59859.86039822479,annual_anchor_constrained_city_daily_estimate,citywide_daily_estimate__official_annual_total_constrained__three_core_regions_supply_shape
2023-09-12,2023,36327.76928231818,80255.2,3.3380182511157135,121262.75688669886,annual_anchor_constrained_city_daily_estimate,citywide_daily_estimate__official_annual_total_constrained__three_core_regions_supply_shape
2023-09-13,2023,37941.92139511921,80255.2,3.3380182511157135,126650.82609930569,annual_anchor_constrained_city_daily_estimate,citywide_daily_estimate__official_annual_total_constrained__three_core_regions_supply_shape
2023-09-14,2023,36713.88091094805,80255.2,3.3380182511157135,122551.60455003339,annual_anchor_constrained_city_daily_estimate,citywide_daily_estimate__official_annual_total_constrained__three_core_regions_supply_shape
2023-09-15,2023,38616.67180253059,80255.2,3.3380182511157135,128903.15527419264,annual_anchor_constrained_city_daily_estimate,citywide_daily_estimate__official_annual_total_constrained__three_core_regions_supply_shape
2023-09-16,2023,96733.84357915845,80255.2,3.3380182511157135,322899.33536780346,annual_anchor_constrained_city_daily_estimate,citywide_daily_estimate__official_annual_total_constrained__three_core_regions_supply_shape
2023-09-17,2023,93843.13298454904,80255.2,3.3380182511157135,313250.0906443037,annual_anchor_constrained_city_daily_estimate,citywide_daily_estimate__official_annual_total_constrained__three_core_regions_supply_shape
2023-09-18,2023,37670.33817906648,80255.2,3.3380182511157135,125744.27636742497,annual_anchor_constrained_city_daily_estimate,citywide_daily_estimate__official_annual_total_constrained__three_core_regions_supply_shape
2023-09-19,2023,36860.7156887644,80255.2,3.3380182511157135,123041.7417182829,annual_anchor_constrained_city_daily_estimate,citywide_daily_estimate__official_annual_total_constrained__three_core_regions_supply_shape
2023-09-20,2023,36067.68575736946,80255.2,3.3380182511157135,120394.59333360553,annual_anchor_constrained_city_daily_estimate,citywide_daily_estimate__official_annual_total_constrained__three_core_regions_supply_shape
2023-09-21,2023,18348.655221081583,80255.2,3.3380182511157135,61248.14601139995,annual_anchor_constrained_city_daily_estimate,citywide_daily_estimate__official_annual_total_constrained__three_core_regions_supply_shape
2023-09-22,2023,29382.340008314928,80255.2,3.3380182511157135,98078.78720824266,annual_anchor_constrained_city_daily_estimate,citywide_daily_estimate__official_annual_total_constrained__three_core_regions_supply_shape
2023-09-23,2023,66063.41257987176,80255.2,3.3380182511157135,220520.87692259936,annual_anchor_constrained_city_daily_estimate,citywide_daily_estimate__official_annual_total_constrained__three_core_regions_supply_shape
2023-09-24,2023,59608.23684988942,80255.2,3.3380182511157135,198973.3825217591,annual_anchor_constrained_city_daily_estimate,citywide_daily_estimate__official_annual_total_constrained__three_core_regions_supply_shape
2023-09-25,2023,23190.795637472063,80255.2,3.3380182511157135,77411.29909577641,annual_anchor_constrained_city_daily_estimate,citywide_daily_estimate__official_annual_total_constrained__three_core_regions_supply_shape
2023-09-26,2023,27822.581778169453,80255.2,3.3380182511157135,92872.28576868912,annual_anchor_constrained_city_daily_estimate,citywide_daily_estimate__official_annual_total_constrained__three_core_regions_supply_shape
2023-09-27,2023,29713.507559285685,80255.2,3.3380182511157135,99184.23053756033,annual_anchor_constrained_city_daily_estimate,citywide_daily_estimate__official_annual_total_constrained__three_core_regions_supply_shape
2023-09-28,2023,33227.36244864037,80255.2,3.3380182511157135,110913.54228999847,annual_anchor_constrained_city_daily_estimate,citywide_daily_estimate__official_annual_total_constrained__three_core_regions_supply_shape
2023-09-29,2023,166548.572054412,80255.2,3.3380182511157135,555942.1732148877,annual_anchor_constrained_city_daily_estimate,citywide_daily_estimate__official_annual_total_constrained__three_core_regions_supply_shape
2023-09-30,2023,292205.34492384864,80255.2,3.3380182511157135,975386.774429369,annual_anchor_constrained_city_daily_estimate,citywide_daily_estimate__official_annual_total_constrained__three_core_regions_supply_shape
2023-10-01,2023,304338.8451230021,80255.2,3.3380182511157135,1015888.6195440594,annual_anchor_constrained_city_daily_estimate,citywide_daily_estimate__official_annual_total_constrained__three_core_regions_supply_shape
2023-10-02,2023,218716.32105033915,80255.2,3.3380182511157135,730079.071482916,annual_anchor_constrained_city_daily_estimate,citywide_daily_estimate__official_annual_total_constrained__three_core_regions_supply_shape
2023-10-03,2023,191524.95594650556,80255.2,3.3380182511157135,639313.7984935686,annual_anchor_constrained_city_daily_estimate,citywide_daily_estimate__official_annual_total_constrained__three_core_regions_supply_shape
2023-10-04,2023,175879.1280603423,80255.2,3.3380182511157135,587087.7394557404,annual_anchor_constrained_city_daily_estimate,citywide_daily_estimate__official_annual_total_constrained__three_core_regions_supply_shape
2023-10-05,2023,150213.45690023448,80255.2,3.3380182511157135,501415.2606961663,annual_anchor_constrained_city_daily_estimate,citywide_daily_estimate__official_annual_total_constrained__three_core_regions_supply_shape
2023-10-06,2023,137911.98839979578,80255.2,3.3380182511157135,460352.73432617687,annual_anchor_constrained_city_daily_estimate,citywide_daily_estimate__official_annual_total_constrained__three_core_regions_supply_shape
2023-10-07,2023,66909.34709288825,80255.2,3.3380182511157135,223344.62176629706,annual_anchor_constrained_city_daily_estimate,citywide_daily_estimate__official_annual_total_constrained__three_core_regions_supply_shape
2023-10-08,2023,38427.538222728705,80255.2,3.3380182511157135,128271.8239329151,annual_anchor_constrained_city_daily_estimate,citywide_daily_estimate__official_annual_total_constrained__three_core_regions_supply_shape
2023-10-09,2023,19719.496105066133,80255.2,3.3380182511157135,65824.03790151597,annual_anchor_constrained_city_daily_estimate,citywide_daily_estimate__official_annual_total_constrained__three_core_regions_supply_shape
2023-10-10,2023,18943.088032561653,80255.2,3.3380182511157135,63232.37358518245,annual_anchor_constrained_city_daily_estimate,citywide_daily_estimate__official_annual_total_constrained__three_core_regions_supply_shape
2023-10-11,2023,19492.690595594217,80255.2,3.3380182511157135,65066.95697144512,annual_anchor_constrained_city_daily_estimate,citywide_daily_estimate__official_annual_total_constrained__three_core_regions_supply_shape
2023-10-12,2023,20966.825092234732,80255.2,3.3380182511157135,69987.64482583044,annual_anchor_constrained_city_daily_estimate,citywide_daily_estimate__official_annual_total_constrained__three_core_regions_supply_shape
2023-10-13,2023,13921.967912275688,80255.2,3.3380182511157135,46471.782982623576,annual_anchor_constrained_city_daily_estimate,citywide_daily_estimate__official_annual_total_constrained__three_core_regions_supply_shape
2023-10-14,2023,50179.08093981781,80255.2,3.3380182511157135,167498.68800132448,annual_anchor_constrained_city_daily_estimate,citywide_daily_estimate__official_annual_total_constrained__three_core_regions_supply_shape
2023-10-15,2023,49115.12545927077,80255.2,3.3380182511157135,163947.18518888386,annual_anchor_constrained_city_daily_estimate,citywide_daily_estimate__official_annual_total_constrained__three_core_regions_supply_shape
2023-10-16,2023,16496.14272078105,80255.2,3.3380182511157135,55064.425474976764,annual_anchor_constrained_city_daily_estimate,citywide_daily_estimate__official_annual_total_constrained__three_core_regions_supply_shape
2023-10-17,2023,16387.986054270157,80255.2,3.3380182511157135,54703.39654818357,annual_anchor_constrained_city_daily_estimate,citywide_daily_estimate__official_annual_total_constrained__three_core_regions_supply_shape
2023-10-18,2023,14266.686424469071,80255.2,3.3380182511157135,47622.45966782254,annual_anchor_constrained_city_daily_estimate,citywide_daily_estimate__official_annual_total_constrained__three_core_regions_supply_shape
2023-10-19,2023,15677.256418654566,80255.2,3.3380182511157135,52330.96805288991,annual_anchor_constrained_city_daily_estimate,citywide_daily_estimate__official_annual_total_constrained__three_core_regions_supply_shape
2023-10-20,2023,15222.3592360992,80255.2,3.3380182511157135,50812.512955138984,annual_anchor_constrained_city_daily_estimate,citywide_daily_estimate__official_annual_total_constrained__three_core_regions_supply_shape
2023-10-21,2023,37226.19576310426,80255.2,3.3380182511157135,124261.72087684847,annual_anchor_constrained_city_daily_estimate,citywide_daily_estimate__official_annual_total_constrained__three_core_regions_supply_shape
2023-10-22,2023,41937.90692880262,80255.2,3.3380182511157135,139989.4987419353,annual_anchor_constrained_city_daily_estimate,citywide_daily_estimate__official_annual_total_constrained__three_core_regions_supply_shape
2023-10-23,2023,15436.967732100831,80255.2,3.3380182511157135,51528.880031636916,annual_anchor_constrained_city_daily_estimate,citywide_daily_estimate__official_annual_total_constrained__three_core_regions_supply_shape
2023-10-24,2023,15922.820735519505,80255.2,3.3380182511157135,53150.66622440783,annual_anchor_constrained_city_daily_estimate,citywide_daily_estimate__official_annual_total_constrained__three_core_regions_supply_shape
2023-10-25,2023,15625.84020067442,80255.2,3.3380182511157135,52159.33977886884,annual_anchor_constrained_city_daily_estimate,citywide_daily_estimate__official_annual_total_constrained__three_core_regions_supply_shape
2023-10-26,2023,15211.570700521284,80255.2,3.3380182511157135,50776.500626477085,annual_anchor_constrained_city_daily_estimate,citywide_daily_estimate__official_annual_total_constrained__three_core_regions_supply_shape
2023-10-27,2023,14983.887565392388,80255.2,3.3380182511157135,50016.490165945586,annual_anchor_constrained_city_daily_estimate,citywide_daily_estimate__official_annual_total_constrained__three_core_regions_supply_shape
2023-10-28,2023,42632.23156523235,80255.2,3.3380182511157135,142307.167050537,annual_anchor_constrained_city_daily_estimate,citywide_daily_estimate__official_annual_total_constrained__three_core_regions_supply_shape
2023-10-29,2023,41747.08252199066,80255.2,3.3380182511157135,139352.52338923863,annual_anchor_constrained_city_daily_estimate,citywide_daily_estimate__official_annual_total_constrained__three_core_regions_supply_shape
2023-10-30,2023,15730.031897946525,80255.2,3.3380182511157135,52507.13356597785,annual_anchor_constrained_city_daily_estimate,citywide_daily_estimate__official_annual_total_constrained__three_core_regions_supply_shape
2023-10-31,2023,15465.515515651909,80255.2,3.3380182511157135,51624.17305415931,annual_anchor_constrained_city_daily_estimate,citywide_daily_estimate__official_annual_total_constrained__three_core_regions_supply_shape
2023-11-01,2023,14560.87564983291,80255.2,3.3380182511157135,48604.468671368624,annual_anchor_constrained_city_daily_estimate,citywide_daily_estimate__official_annual_total_constrained__three_core_regions_supply_shape
2023-11-02,2023,15317.105604774715,80255.2,3.3380182511157135,51128.778063004786,annual_anchor_constrained_city_daily_estimate,citywide_daily_estimate__official_annual_total_constrained__three_core_regions_supply_shape
2023-11-03,2023,14503.274227725216,80255.2,3.3380182511157135,48412.19407308293,annual_anchor_constrained_city_daily_estimate,citywide_daily_estimate__official_annual_total_constrained__three_core_regions_supply_shape
2023-11-04,2023,39251.661056080426,80255.2,3.3380182511157135,131022.76099180435,annual_anchor_constrained_city_daily_estimate,citywide_daily_estimate__official_annual_total_constrained__three_core_regions_supply_shape
2023-11-05,2023,20676.30693224397,80255.2,3.3380182511157135,69017.88990550072,annual_anchor_constrained_city_daily_estimate,citywide_daily_estimate__official_annual_total_constrained__three_core_regions_supply_shape
2023-11-06,2023,12996.62573219467,80255.2,3.3380182511157135,43382.97389698593,annual_anchor_constrained_city_daily_estimate,citywide_daily_estimate__official_annual_total_constrained__three_core_regions_supply_shape
2023-11-07,2023,13568.042937793349,80255.2,3.3380182511157135,45290.37495827586,annual_anchor_constrained_city_daily_estimate,citywide_daily_estimate__official_annual_total_constrained__three_core_regions_supply_shape
2023-11-08,2023,14873.344487798257,80255.2,3.3380182511157135,49647.49535540187,annual_anchor_constrained_city_daily_estimate,citywide_daily_estimate__official_annual_total_constrained__three_core_regions_supply_shape
2023-11-09,2023,13752.953709365074,80255.2,3.3380182511157135,45907.61048861017,annual_anchor_constrained_city_daily_estimate,citywide_daily_estimate__official_annual_total_constrained__three_core_regions_supply_shape
2023-11-10,2023,14019.171722307676,80255.2,3.3380182511157135,46796.251074588334,annual_anchor_constrained_city_daily_estimate,citywide_daily_estimate__official_annual_total_constrained__three_core_regions_supply_shape
2023-11-11,2023,33498.47494052819,80255.2,3.3380182511157135,111818.52073602547,annual_anchor_constrained_city_daily_estimate,citywide_daily_estimate__official_annual_total_constrained__three_core_regions_supply_shape
2023-11-12,2023,27078.44139932407,80255.2,3.3380182511157135,90388.33160271107,annual_anchor_constrained_city_daily_estimate,citywide_daily_estimate__official_annual_total_constrained__three_core_regions_supply_shape
2023-11-13,2023,14212.089489032138,80255.2,3.3380182511157135,47440.21410087907,annual_anchor_constrained_city_daily_estimate,citywide_daily_estimate__official_annual_total_constrained__three_core_regions_supply_shape
2023-11-14,2023,14712.513817958612,80255.2,3.3380182511157135,49110.63964413798,annual_anchor_constrained_city_daily_estimate,citywide_daily_estimate__official_annual_total_constrained__three_core_regions_supply_shape
2023-11-15,2023,15348.58944658041,80255.2,3.3380182511157135,51233.87170156744,annual_anchor_constrained_city_daily_estimate,citywide_daily_estimate__official_annual_total_constrained__three_core_regions_supply_shape
2023-11-16,2023,14233.943559901656,80255.2,3.3380182511157135,47513.163388302695,annual_anchor_constrained_city_daily_estimate,citywide_daily_estimate__official_annual_total_constrained__three_core_regions_supply_shape
2023-11-17,2023,14163.847819311755,80255.2,3.3380182511157135,47279.18252688814,annual_anchor_constrained_city_daily_estimate,citywide_daily_estimate__official_annual_total_constrained__three_core_regions_supply_shape
2023-11-18,2023,34611.88602615085,80255.2,3.3380182511157135,115535.10726082847,annual_anchor_constrained_city_daily_estimate,citywide_daily_estimate__official_annual_total_constrained__three_core_regions_supply_shape
2023-11-19,2023,34443.78095724578,80255.2,3.3380182511157135,114973.96947271827,annual_anchor_constrained_city_daily_estimate,citywide_daily_estimate__official_annual_total_constrained__three_core_regions_supply_shape
2023-11-20,2023,15241.784761917164,80255.2,3.3380182511157135,50877.355714856865,annual_anchor_constrained_city_daily_estimate,citywide_daily_estimate__official_annual_total_constrained__three_core_regions_supply_shape
2023-11-21,2023,15563.507457501708,80255.2,3.3380182511157135,51951.271944516215,annual_anchor_constrained_city_daily_estimate,citywide_daily_estimate__official_annual_total_constrained__three_core_regions_supply_shape
2023-11-22,2023,14994.215699391376,80255.2,3.3380182511157135,50050.96566573418,annual_anchor_constrained_city_daily_estimate,citywide_daily_estimate__official_annual_total_constrained__three_core_regions_supply_shape
2023-11-23,2023,15089.172085318582,80255.2,3.3380182511157135,50367.931815019176,annual_anchor_constrained_city_daily_estimate,citywide_daily_estimate__official_annual_total_constrained__three_core_regions_supply_shape
2023-11-24,2023,14256.604398028105,80255.2,3.3380182511157135,47588.80567955436,annual_anchor_constrained_city_daily_estimate,citywide_daily_estimate__official_annual_total_constrained__three_core_regions_supply_shape
2023-11-25,2023,34497.142973742346,80255.2,3.3380182511157135,115152.09285770015,annual_anchor_constrained_city_daily_estimate,citywide_daily_estimate__official_annual_total_constrained__three_core_regions_supply_shape
2023-11-26,2023,29841.764701651126,80255.2,3.3380182511157135,99612.35521961212,annual_anchor_constrained_city_daily_estimate,citywide_daily_estimate__official_annual_total_constrained__three_core_regions_supply_shape
2023-11-27,2023,13822.571222042088,80255.2,3.3380182511157135,46139.995016523324,annual_anchor_constrained_city_daily_estimate,citywide_daily_estimate__official_annual_total_constrained__three_core_regions_supply_shape
2023-11-28,2023,14034.002990997717,80255.2,3.3380182511157135,46845.75812016289,annual_anchor_constrained_city_daily_estimate,citywide_daily_estimate__official_annual_total_constrained__three_core_regions_supply_shape
2023-11-29,2023,13900.270235150254,80255.2,3.3380182511157135,46399.355740372055,annual_anchor_constrained_city_daily_estimate,citywide_daily_estimate__official_annual_total_constrained__three_core_regions_supply_shape
2023-11-30,2023,14672.042718824296,80255.2,3.3380182511157135,48975.54637658491,annual_anchor_constrained_city_daily_estimate,citywide_daily_estimate__official_annual_total_constrained__three_core_regions_supply_shape
2023-12-01,2023,13980.901163546378,80255.2,3.3380182511157135,46668.50325096272,annual_anchor_constrained_city_daily_estimate,citywide_daily_estimate__official_annual_total_constrained__three_core_regions_supply_shape
2023-12-02,2023,33659.82216800182,80255.2,3.3380182511157135,112357.10072609935,annual_anchor_constrained_city_daily_estimate,citywide_daily_estimate__official_annual_total_constrained__three_core_regions_supply_shape
2023-12-03,2023,37389.314733571475,80255.2,3.3380182511157135,124806.21497737123,annual_anchor_constrained_city_daily_estimate,citywide_daily_estimate__official_annual_total_constrained__three_core_regions_supply_shape
2023-12-04,2023,14726.287230974916,80255.2,3.3380182511157135,49156.615548166556,annual_anchor_constrained_city_daily_estimate,citywide_daily_estimate__official_annual_total_constrained__three_core_regions_supply_shape
2023-12-05,2023,13968.83728632262,80255.2,3.3380182511157135,46628.2338086106,annual_anchor_constrained_city_daily_estimate,citywide_daily_estimate__official_annual_total_constrained__three_core_regions_supply_shape
2023-12-06,2023,14569.531050500917,80255.2,3.3380182511157135,48633.360556769156,annual_anchor_constrained_city_daily_estimate,citywide_daily_estimate__official_annual_total_constrained__three_core_regions_supply_shape
2023-12-07,2023,14413.241132903626,80255.2,3.3380182511157135,48111.66195936403,annual_anchor_constrained_city_daily_estimate,citywide_daily_estimate__official_annual_total_constrained__three_core_regions_supply_shape
2023-12-08,2023,14357.755248513473,80255.2,3.3380182511157135,47926.4490645904,annual_anchor_constrained_city_daily_estimate,citywide_daily_estimate__official_annual_total_constrained__three_core_regions_supply_shape
2023-12-09,2023,34001.503363026,80255.2,3.3380182511157135,113497.6387911531,annual_anchor_constrained_city_daily_estimate,citywide_daily_estimate__official_annual_total_constrained__three_core_regions_supply_shape
2023-12-10,2023,28549.190668628937,80255.2,3.3380182511157135,95297.71950646582,annual_anchor_constrained_city_daily_estimate,citywide_daily_estimate__official_annual_total_constrained__three_core_regions_supply_shape
2023-12-11,2023,13148.558314064374,80255.2,3.3380182511157135,43890.12762820614,annual_anchor_constrained_city_daily_estimate,citywide_daily_estimate__official_annual_total_constrained__three_core_regions_supply_shape
2023-12-12,2023,13065.18034962633,80255.2,3.3380182511157135,43611.810461171066,annual_anchor_constrained_city_daily_estimate,citywide_daily_estimate__official_annual_total_constrained__three_core_regions_supply_shape
2023-12-13,2023,12433.069308498054,80255.2,3.3380182511157135,41501.812269153124,annual_anchor_constrained_city_daily_estimate,citywide_daily_estimate__official_annual_total_constrained__three_core_regions_supply_shape
2023-12-14,2023,12229.306909378096,80255.2,3.3380182511157135,40821.64966199958,annual_anchor_constrained_city_daily_estimate,citywide_daily_estimate__official_annual_total_constrained__three_core_regions_supply_shape
2023-12-15,2023,13331.395776391864,80255.2,3.3380182511157135,44500.44241444298,annual_anchor_constrained_city_daily_estimate,citywide_daily_estimate__official_annual_total_constrained__three_core_regions_supply_shape
2023-12-16,2023,28723.68167671147,80255.2,3.3380182511157135,95880.17367610088,annual_anchor_constrained_city_daily_estimate,citywide_daily_estimate__official_annual_total_constrained__three_core_regions_supply_shape
2023-12-17,2023,27740.784127719737,80255.2,3.3380182511157135,92599.24371858958,annual_anchor_constrained_city_daily_estimate,citywide_daily_estimate__official_annual_total_constrained__three_core_regions_supply_shape
2023-12-18,2023,12873.79087881113,80255.2,3.3380182511157135,42972.94891451856,annual_anchor_constrained_city_daily_estimate,citywide_daily_estimate__official_annual_total_constrained__three_core_regions_supply_shape
2023-12-19,2023,12813.674651785685,80255.2,3.3380182511157135,42772.2798515194,annual_anchor_constrained_city_daily_estimate,citywide_daily_estimate__official_annual_total_constrained__three_core_regions_supply_shape
2023-12-20,2023,12820.210401846414,80255.2,3.3380182511157135,42794.09630450685,annual_anchor_constrained_city_daily_estimate,citywide_daily_estimate__official_annual_total_constrained__three_core_regions_supply_shape
2023-12-21,2023,12601.555542660602,80255.2,3.3380182511157135,42064.22239384947,annual_anchor_constrained_city_daily_estimate,citywide_daily_estimate__official_annual_total_constrained__three_core_regions_supply_shape
2023-12-22,2023,12345.203715498024,80255.2,3.3380182511157135,41208.51531607392,annual_anchor_constrained_city_daily_estimate,citywide_daily_estimate__official_annual_total_constrained__three_core_regions_supply_shape
2023-12-23,2023,24409.58154254887,80255.2,3.3380182511157135,81479.62869112537,annual_anchor_constrained_city_daily_estimate,citywide_daily_estimate__official_annual_total_constrained__three_core_regions_supply_shape
2023-12-24,2023,21995.953173958,80255.2,3.3380182511157135,73422.89314535842,annual_anchor_constrained_city_daily_estimate,citywide_daily_estimate__official_annual_total_constrained__three_core_regions_supply_shape
2023-12-25,2023,12534.12069093053,80255.2,3.3380182511157135,41839.12362801321,annual_anchor_constrained_city_daily_estimate,citywide_daily_estimate__official_annual_total_constrained__three_core_regions_supply_shape
2023-12-26,2023,13141.324089780675,80255.2,3.3380182511157135,43865.979655514486,annual_anchor_constrained_city_daily_estimate,citywide_daily_estimate__official_annual_total_constrained__three_core_regions_supply_shape
2023-12-27,2023,13613.518733480849,80255.2,3.3380182511157135,45442.17399426475,annual_anchor_constrained_city_daily_estimate,citywide_daily_estimate__official_annual_total_constrained__three_core_regions_supply_shape
2023-12-28,2023,13877.491832043122,80255.2,3.3380182511157135,46323.32101506918,annual_anchor_constrained_city_daily_estimate,citywide_daily_estimate__official_annual_total_constrained__three_core_regions_supply_shape
2023-12-29,2023,14172.788121828344,80255.2,3.3380182511157135,47309.025419859005,annual_anchor_constrained_city_daily_estimate,citywide_daily_estimate__official_annual_total_constrained__three_core_regions_supply_shape
2023-12-30,2023,32210.99361144548,80255.2,3.3380182511157135,107520.88456157666,annual_anchor_constrained_city_daily_estimate,citywide_daily_estimate__official_annual_total_constrained__three_core_regions_supply_shape
2023-12-31,2023,32728.787085985252,80255.2,3.3380182511157135,109249.28862989903,annual_anchor_constrained_city_daily_estimate,citywide_daily_estimate__official_annual_total_constrained__three_core_regions_supply_shape
2024-01-01,2024,48273.887107045826,89457.2,3.5232617412387106,170081.5395451312,annual_anchor_constrained_city_daily_estimate,citywide_daily_estimate__official_annual_total_constrained__three_core_regions_supply_shape
2024-01-02,2024,12464.24662712609,89457.2,3.5232617412387106,43914.80327471699,annual_anchor_constrained_city_daily_estimate,citywide_daily_estimate__official_annual_total_constrained__three_core_regions_supply_shape
2024-01-03,2024,14418.56462229587,89457.2,3.5232617412387106,50800.377097313016,annual_anchor_constrained_city_daily_estimate,citywide_daily_estimate__official_annual_total_constrained__three_core_regions_supply_shape
2024-01-04,2024,15441.699576745295,89457.2,3.5232617412387106,54405.14933844869,annual_anchor_constrained_city_daily_estimate,citywide_daily_estimate__official_annual_total_constrained__three_core_regions_supply_shape
2024-01-05,2024,18149.262794455783,89457.2,3.5232617412387106,63944.603235393224,annual_anchor_constrained_city_daily_estimate,citywide_daily_estimate__official_annual_total_constrained__three_core_regions_supply_shape
2024-01-06,2024,47413.3659458279,89457.2,3.5232617412387106,167049.6982602858,annual_anchor_constrained_city_daily_estimate,citywide_daily_estimate__official_annual_total_constrained__three_core_regions_supply_shape
2024-01-07,2024,48413.44012050938,89457.2,3.5232617412387106,170573.22133834194,annual_anchor_constrained_city_daily_estimate,citywide_daily_estimate__official_annual_total_constrained__three_core_regions_supply_shape
2024-01-08,2024,18581.07975456957,89457.2,3.5232617412387106,65466.007410180144,annual_anchor_constrained_city_daily_estimate,citywide_daily_estimate__official_annual_total_constrained__three_core_regions_supply_shape
2024-01-09,2024,18740.035291852844,89457.2,3.5232617412387106,66026.04937324834,annual_anchor_constrained_city_daily_estimate,citywide_daily_estimate__official_annual_total_constrained__three_core_regions_supply_shape
2024-01-10,2024,16596.05169356518,89457.2,3.5232617412387106,58472.23398755811,annual_anchor_constrained_city_daily_estimate,citywide_daily_estimate__official_annual_total_constrained__three_core_regions_supply_shape
2024-01-11,2024,16441.555019856547,89457.2,3.5232617412387106,57927.90176793184,annual_anchor_constrained_city_daily_estimate,citywide_daily_estimate__official_annual_total_constrained__three_core_regions_supply_shape
2024-01-12,2024,15376.889812359232,89457.2,3.5232617412387106,54176.80757512858,annual_anchor_constrained_city_daily_estimate,citywide_daily_estimate__official_annual_total_constrained__three_core_regions_supply_shape
2024-01-13,2024,47703.80261475452,89457.2,3.5232617412387106,168072.98266416776,annual_anchor_constrained_city_daily_estimate,citywide_daily_estimate__official_annual_total_constrained__three_core_regions_supply_shape
2024-01-14,2024,43101.9251132596,89457.2,3.5232617412387106,151859.3637252835,annual_anchor_constrained_city_daily_estimate,citywide_daily_estimate__official_annual_total_constrained__three_core_regions_supply_shape
2024-01-15,2024,16871.218979468267,89457.2,3.5232617412387106,59441.72035842095,annual_anchor_constrained_city_daily_estimate,citywide_daily_estimate__official_annual_total_constrained__three_core_regions_supply_shape
2024-01-16,2024,17502.664316499304,89457.2,3.5232617412387106,61666.46755606598,annual_anchor_constrained_city_daily_estimate,citywide_daily_estimate__official_annual_total_constrained__three_core_regions_supply_shape
2024-01-17,2024,16699.54709759225,89457.2,3.5232617412387106,58836.87538496073,annual_anchor_constrained_city_daily_estimate,citywide_daily_estimate__official_annual_total_constrained__three_core_regions_supply_shape
2024-01-18,2024,17096.03252477489,89457.2,3.5232617412387106,60233.797321512015,annual_anchor_constrained_city_daily_estimate,citywide_daily_estimate__official_annual_total_constrained__three_core_regions_supply_shape
2024-01-19,2024,16828.661664403782,89457.2,3.5232617412387106,59291.779798444404,annual_anchor_constrained_city_daily_estimate,citywide_daily_estimate__official_annual_total_constrained__three_core_regions_supply_shape
2024-01-20,2024,40872.14887410145,89457.2,3.5232617412387106,144003.27841033446,annual_anchor_constrained_city_daily_estimate,citywide_daily_estimate__official_annual_total_constrained__three_core_regions_supply_shape
2024-01-21,2024,35541.20134595395,89457.2,3.5232617412387106,125220.95493986133,annual_anchor_constrained_city_daily_estimate,citywide_daily_estimate__official_annual_total_constrained__three_core_regions_supply_shape
2024-01-22,2024,15713.42718690339,89457.2,3.5232617412387106,55362.51683135693,annual_anchor_constrained_city_daily_estimate,citywide_daily_estimate__official_annual_total_constrained__three_core_regions_supply_shape
2024-01-23,2024,15506.270446169245,89457.2,3.5232617412387106,54632.649412288614,annual_anchor_constrained_city_daily_estimate,citywide_daily_estimate__official_annual_total_constrained__three_core_regions_supply_shape
2024-01-24,2024,17596.50032370291,89457.2,3.5232617412387106,61997.07637019704,annual_anchor_constrained_city_daily_estimate,citywide_daily_estimate__official_annual_total_constrained__three_core_regions_supply_shape
2024-01-25,2024,16784.26314516398,89457.2,3.5232617412387106,59135.35219423916,annual_anchor_constrained_city_daily_estimate,citywide_daily_estimate__official_annual_total_constrained__three_core_regions_supply_shape
2024-01-26,2024,15359.433326234872,89457.2,3.5232617412387106,54115.30380543016,annual_anchor_constrained_city_daily_estimate,citywide_daily_estimate__official_annual_total_constrained__three_core_regions_supply_shape
2024-01-27,2024,41686.570949449706,89457.2,3.5232617412387106,146872.70054962923,annual_anchor_constrained_city_daily_estimate,citywide_daily_estimate__official_annual_total_constrained__three_core_regions_supply_shape
2024-01-28,2024,41437.54112468443,89457.2,3.5232617412387106,145995.30329560634,annual_anchor_constrained_city_daily_estimate,citywide_daily_estimate__official_annual_total_constrained__three_core_regions_supply_shape
2024-01-29,2024,15735.819292838309,89457.2,3.5232617412387106,55441.41008150319,annual_anchor_constrained_city_daily_estimate,citywide_daily_estimate__official_annual_total_constrained__three_core_regions_supply_shape
2024-01-30,2024,17311.366115906832,89457.2,3.5232617412387106,60992.473924750724,annual_anchor_constrained_city_daily_estimate,citywide_daily_estimate__official_annual_total_constrained__three_core_regions_supply_shape
2024-01-31,2024,18090.81351599433,89457.2,3.5232617412387106,63738.671128786984,annual_anchor_constrained_city_daily_estimate,citywide_daily_estimate__official_annual_total_constrained__three_core_regions_supply_shape
2024-02-01,2024,16752.116316159674,89457.2,3.5232617412387106,59022.09050150615,annual_anchor_constrained_city_daily_estimate,citywide_daily_estimate__official_annual_total_constrained__three_core_regions_supply_shape
2024-02-02,2024,16290.755591469817,89457.2,3.5232617412387106,57396.59591129621,annual_anchor_constrained_city_daily_estimate,citywide_daily_estimate__official_annual_total_constrained__three_core_regions_supply_shape
2024-02-03,2024,45859.01689703636,89457.2,3.5232617412387106,161573.31972414776,annual_anchor_constrained_city_daily_estimate,citywide_daily_estimate__official_annual_total_constrained__three_core_regions_supply_shape
2024-02-04,2024,38103.82721121896,89457.2,3.5232617412387106,134249.75660805826,annual_anchor_constrained_city_daily_estimate,citywide_daily_estimate__official_annual_total_constrained__three_core_regions_supply_shape
2024-02-05,2024,18153.111638458908,89457.2,3.5232617412387106,63958.16372021743,annual_anchor_constrained_city_daily_estimate,citywide_daily_estimate__official_annual_total_constrained__three_core_regions_supply_shape
2024-02-06,2024,17912.215809474408,89457.2,3.5232617412387106,63109.42466233236,annual_anchor_constrained_city_daily_estimate,citywide_daily_estimate__official_annual_total_constrained__three_core_regions_supply_shape
2024-02-07,2024,17916.162196677793,89457.2,3.5232617412387106,63123.328817382164,annual_anchor_constrained_city_daily_estimate,citywide_daily_estimate__official_annual_total_constrained__three_core_regions_supply_shape
2024-02-08,2024,17860.23165980416,89457.2,3.5232617412387106,62926.270896648355,annual_anchor_constrained_city_daily_estimate,citywide_daily_estimate__official_annual_total_constrained__three_core_regions_supply_shape
2024-02-09,2024,16235.588068783183,89457.2,3.5232617412387106,57202.22628925547,annual_anchor_constrained_city_daily_estimate,citywide_daily_estimate__official_annual_total_constrained__three_core_regions_supply_shape
2024-02-10,2024,118901.73318251278,89457.2,3.5232617412387106,418921.92748892057,annual_anchor_constrained_city_daily_estimate,citywide_daily_estimate__official_annual_total_constrained__three_core_regions_supply_shape
2024-02-11,2024,150481.49067504995,89457.2,3.5232617412387106,530185.6788599733,annual_anchor_constrained_city_daily_estimate,citywide_daily_estimate__official_annual_total_constrained__three_core_regions_supply_shape
2024-02-12,2024,110055.72516329098,89457.2,3.5232617412387106,387755.12587210553,annual_anchor_constrained_city_daily_estimate,citywide_daily_estimate__official_annual_total_constrained__three_core_regions_supply_shape
2024-02-13,2024,116784.01320888934,89457.2,3.5232617412387106,411460.64572719607,annual_anchor_constrained_city_daily_estimate,citywide_daily_estimate__official_annual_total_constrained__three_core_regions_supply_shape
2024-02-14,2024,115413.20804677415,89457.2,3.5232617412387106,406630.94034482306,annual_anchor_constrained_city_daily_estimate,citywide_daily_estimate__official_annual_total_constrained__three_core_regions_supply_shape
2024-02-15,2024,112192.8269853451,89457.2,3.5232617412387106,395284.69495888037,annual_anchor_constrained_city_daily_estimate,citywide_daily_estimate__official_annual_total_constrained__three_core_regions_supply_shape
2024-02-16,2024,133800.60212761883,89457.2,3.5232617412387106,471414.54243094224,annual_anchor_constrained_city_daily_estimate,citywide_daily_estimate__official_annual_total_constrained__three_core_regions_supply_shape
2024-02-17,2024,210857.72214011414,89457.2,3.5232617412387106,742906.9452610068,annual_anchor_constrained_city_daily_estimate,citywide_daily_estimate__official_annual_total_constrained__three_core_regions_supply_shape
2024-02-18,2024,51063.303671769565,89457.2,3.5232617412387106,179909.3842079999,annual_anchor_constrained_city_daily_estimate,citywide_daily_estimate__official_annual_total_constrained__three_core_regions_supply_shape
2024-02-19,2024,20687.156910546735,89457.2,3.5232617412387106,72886.26847793131,annual_anchor_constrained_city_daily_estimate,citywide_daily_estimate__official_annual_total_constrained__three_core_regions_supply_shape
2024-02-20,2024,18257.83063127633,89457.2,3.5232617412387106,64327.11614119211,annual_anchor_constrained_city_daily_estimate,citywide_daily_estimate__official_annual_total_constrained__three_core_regions_supply_shape
2024-02-21,2024,18037.53486875804,89457.2,3.5232617412387106,63550.956509354415,annual_anchor_constrained_city_daily_estimate,citywide_daily_estimate__official_annual_total_constrained__three_core_regions_supply_shape
2024-02-22,2024,17109.938158124936,89457.2,3.5232617412387106,60282.79050748192,annual_anchor_constrained_city_daily_estimate,citywide_daily_estimate__official_annual_total_constrained__three_core_regions_supply_shape
2024-02-23,2024,18223.006246944704,89457.2,3.5232617412387106,64204.4207202143,annual_anchor_constrained_city_daily_estimate,citywide_daily_estimate__official_annual_total_constrained__three_core_regions_supply_shape
2024-02-24,2024,41232.535343878015,89457.2,3.5232617412387106,145273.01427135832,annual_anchor_constrained_city_daily_estimate,citywide_daily_estimate__official_annual_total_constrained__three_core_regions_supply_shape
2024-02-25,2024,46730.69184514792,89457.2,3.5232617412387106,164644.4587196255,annual_anchor_constrained_city_daily_estimate,citywide_daily_estimate__official_annual_total_constrained__three_core_regions_supply_shape
2024-02-26,2024,16401.753178057646,89457.2,3.5232617412387106,57787.669461490936,annual_anchor_constrained_city_daily_estimate,citywide_daily_estimate__official_annual_total_constrained__three_core_regions_supply_shape
2024-02-27,2024,18413.504040943582,89457.2,3.5232617412387106,64875.59430960092,annual_anchor_constrained_city_daily_estimate,citywide_daily_estimate__official_annual_total_constrained__three_core_regions_supply_shape
2024-02-28,2024,18382.427294689744,89457.2,3.5232617412387106,64766.102798482585,annual_anchor_constrained_city_daily_estimate,citywide_daily_estimate__official_annual_total_constrained__three_core_regions_supply_shape
2024-02-29,2024,15323.174499364995,89457.2,3.5232617412387106,53987.55446793732,annual_anchor_constrained_city_daily_estimate,citywide_daily_estimate__official_annual_total_constrained__three_core_regions_supply_shape
2024-03-01,2024,16188.855338559815,89457.2,3.5232617412387106,57037.57464879585,annual_anchor_constrained_city_daily_estimate,citywide_daily_estimate__official_annual_total_constrained__three_core_regions_supply_shape
2024-03-02,2024,44433.20927269339,89457.2,3.5232617412387106,156549.82627093373,annual_anchor_constrained_city_daily_estimate,citywide_daily_estimate__official_annual_total_constrained__three_core_regions_supply_shape
2024-03-03,2024,34380.27716542805,89457.2,3.5232617412387106,121130.71519013552,annual_anchor_constrained_city_daily_estimate,citywide_daily_estimate__official_annual_total_constrained__three_core_regions_supply_shape
2024-03-04,2024,15822.61187002202,89457.2,3.5232617412387106,55747.20304811807,annual_anchor_constrained_city_daily_estimate,citywide_daily_estimate__official_annual_total_constrained__three_core_regions_supply_shape
2024-03-05,2024,17907.70337142024,89457.2,3.5232617412387106,63093.526161976406,annual_anchor_constrained_city_daily_estimate,citywide_daily_estimate__official_annual_total_constrained__three_core_regions_supply_shape
2024-03-06,2024,17939.199041944375,89457.2,3.5232617412387106,63204.49365294875,annual_anchor_constrained_city_daily_estimate,citywide_daily_estimate__official_annual_total_constrained__three_core_regions_supply_shape
2024-03-07,2024,16361.969331996766,89457.2,3.5232617412387106,57647.50055874531,annual_anchor_constrained_city_daily_estimate,citywide_daily_estimate__official_annual_total_constrained__three_core_regions_supply_shape
2024-03-08,2024,17663.735118727243,89457.2,3.5232617412387106,62233.96215118631,annual_anchor_constrained_city_daily_estimate,citywide_daily_estimate__official_annual_total_constrained__three_core_regions_supply_shape
2024-03-09,2024,41694.84834281886,89457.2,3.5232617412387106,146901.86397300396,annual_anchor_constrained_city_daily_estimate,citywide_daily_estimate__official_annual_total_constrained__three_core_regions_supply_shape
2024-03-10,2024,35805.75824073884,89457.2,3.5232617412387106,126153.05812563784,annual_anchor_constrained_city_daily_estimate,citywide_daily_estimate__official_annual_total_constrained__three_core_regions_supply_shape
2024-03-11,2024,16163.899148880462,89457.2,3.5232617412387106,56949.64746049149,annual_anchor_constrained_city_daily_estimate,citywide_daily_estimate__official_annual_total_constrained__three_core_regions_supply_shape
2024-03-12,2024,17732.53620539225,89457.2,3.5232617412387106,62476.36638758878,annual_anchor_constrained_city_daily_estimate,citywide_daily_estimate__official_annual_total_constrained__three_core_regions_supply_shape
2024-03-13,2024,17366.55916452651,89457.2,3.5232617412387106,61186.93348133475,annual_anchor_constrained_city_daily_estimate,citywide_daily_estimate__official_annual_total_constrained__three_core_regions_supply_shape
2024-03-14,2024,19534.009987981346,89457.2,3.5232617412387106,68823.43004362952,annual_anchor_constrained_city_daily_estimate,citywide_daily_estimate__official_annual_total_constrained__three_core_regions_supply_shape
2024-03-15,2024,25068.690589597914,89457.2,3.5232617412387106,88323.55845728122,annual_anchor_constrained_city_daily_estimate,citywide_daily_estimate__official_annual_total_constrained__three_core_regions_supply_shape
2024-03-16,2024,47401.15648580382,89457.2,3.5232617412387106,167006.68113690175,annual_anchor_constrained_city_daily_estimate,citywide_daily_estimate__official_annual_total_constrained__three_core_regions_supply_shape
2024-03-17,2024,40410.093353976874,89457.2,3.5232617412387106,142375.3358739514,annual_anchor_constrained_city_daily_estimate,citywide_daily_estimate__official_annual_total_constrained__three_core_regions_supply_shape
2024-03-18,2024,16777.346640694817,89457.2,3.5232617412387106,59110.98353865986,annual_anchor_constrained_city_daily_estimate,citywide_daily_estimate__official_annual_total_constrained__three_core_regions_supply_shape
2024-03-19,2024,18872.279334948096,89457.2,3.5232617412387106,66491.97975079257,annual_anchor_constrained_city_daily_estimate,citywide_daily_estimate__official_annual_total_constrained__three_core_regions_supply_shape
2024-03-20,2024,18502.804151534987,89457.2,3.5232617412387106,65190.221972736,annual_anchor_constrained_city_daily_estimate,citywide_daily_estimate__official_annual_total_constrained__three_core_regions_supply_shape
2024-03-21,2024,17866.375215402015,89457.2,3.5232617412387106,62947.916251041446,annual_anchor_constrained_city_daily_estimate,citywide_daily_estimate__official_annual_total_constrained__three_core_regions_supply_shape
2024-03-22,2024,18003.89681416006,89457.2,3.5232617412387106,63432.440838539645,annual_anchor_constrained_city_daily_estimate,citywide_daily_estimate__official_annual_total_constrained__three_core_regions_supply_shape
2024-03-23,2024,68676.7713777824,89457.2,3.5232617412387106,241966.24110713846,annual_anchor_constrained_city_daily_estimate,citywide_daily_estimate__official_annual_total_constrained__three_core_regions_supply_shape
2024-03-24,2024,58379.48093445209,89457.2,3.5232617412387106,205686.1916497298,annual_anchor_constrained_city_daily_estimate,citywide_daily_estimate__official_annual_total_constrained__three_core_regions_supply_shape
2024-03-25,2024,33863.777381057815,89457.2,3.5232617412387106,119310.95126050583,annual_anchor_constrained_city_daily_estimate,citywide_daily_estimate__official_annual_total_constrained__three_core_regions_supply_shape
2024-03-26,2024,36328.636440401235,89457.2,3.5232617412387106,127995.29488183613,annual_anchor_constrained_city_daily_estimate,citywide_daily_estimate__official_annual_total_constrained__three_core_regions_supply_shape
2024-03-27,2024,39285.82897277392,89457.2,3.5232617412387106,138414.2581926216,annual_anchor_constrained_city_daily_estimate,citywide_daily_estimate__official_annual_total_constrained__three_core_regions_supply_shape
2024-03-28,2024,35408.07447417629,89457.2,3.5232617412387106,124751.9141257963,annual_anchor_constrained_city_daily_estimate,citywide_daily_estimate__official_annual_total_constrained__three_core_regions_supply_shape
2024-03-29,2024,33280.13057838884,89457.2,3.5232617412387106,117254.61081026592,annual_anchor_constrained_city_daily_estimate,citywide_daily_estimate__official_annual_total_constrained__three_core_regions_supply_shape
2024-03-30,2024,67401.78564748196,89457.2,3.5232617412387106,237474.1326629456,annual_anchor_constrained_city_daily_estimate,citywide_daily_estimate__official_annual_total_constrained__three_core_regions_supply_shape
2024-03-31,2024,68423.92524580167,89457.2,3.5232617412387106,241075.39800391055,annual_anchor_constrained_city_daily_estimate,citywide_daily_estimate__official_annual_total_constrained__three_core_regions_supply_shape
2024-04-01,2024,17893.1658124084,89457.2,3.5232617412387106,63042.30653649898,annual_anchor_constrained_city_daily_estimate,citywide_daily_estimate__official_annual_total_constrained__three_core_regions_supply_shape
2024-04-02,2024,35004.99528012908,89457.2,3.5232617412387106,123331.76062272042,annual_anchor_constrained_city_daily_estimate,citywide_daily_estimate__official_annual_total_constrained__three_core_regions_supply_shape
2024-04-03,2024,37980.02066207111,89457.2,3.5232617412387106,133813.55373013087,annual_anchor_constrained_city_daily_estimate,citywide_daily_estimate__official_annual_total_constrained__three_core_regions_supply_shape
2024-04-04,2024,173531.7081701236,89457.2,3.5232617412387106,611397.6282875974,annual_anchor_constrained_city_daily_estimate,citywide_daily_estimate__official_annual_total_constrained__three_core_regions_supply_shape
2024-04-05,2024,126446.47981480422,89457.2,3.5232617412387106,445504.0446458126,annual_anchor_constrained_city_daily_estimate,citywide_daily_estimate__official_annual_total_constrained__three_core_regions_supply_shape
2024-04-06,2024,235543.7999746577,89457.2,3.5232617412387106,829882.4588366951,annual_anchor_constrained_city_daily_estimate,citywide_daily_estimate__official_annual_total_constrained__three_core_regions_supply_shape
2024-04-07,2024,59380.84354008838,89457.2,3.5232617412387106,209214.25420727523,annual_anchor_constrained_city_daily_estimate,citywide_daily_estimate__official_annual_total_constrained__three_core_regions_supply_shape
2024-04-08,2024,34814.33780495469,89457.2,3.5232617412387106,122660.02443475733,annual_anchor_constrained_city_daily_estimate,citywide_daily_estimate__official_annual_total_constrained__three_core_regions_supply_shape
2024-04-09,2024,19840.861032737124,89457.2,3.5232617412387106,69904.54658987669,annual_anchor_constrained_city_daily_estimate,citywide_daily_estimate__official_annual_total_constrained__three_core_regions_supply_shape
2024-04-10,2024,30342.37136889631,89457.2,3.5232617412387106,106904.11618248922,annual_anchor_constrained_city_daily_estimate,citywide_daily_estimate__official_annual_total_constrained__three_core_regions_supply_shape
2024-04-11,2024,36363.312892951355,89457.2,3.5232617412387106,128117.46910042784,annual_anchor_constrained_city_daily_estimate,citywide_daily_estimate__official_annual_total_constrained__three_core_regions_supply_shape
2024-04-12,2024,23889.0200739228,89457.2,3.5232617412387106,84167.27046213576,annual_anchor_constrained_city_daily_estimate,citywide_daily_estimate__official_annual_total_constrained__three_core_regions_supply_shape
2024-04-13,2024,59208.14226746631,89457.2,3.5232617412387106,208605.78242078266,annual_anchor_constrained_city_daily_estimate,citywide_daily_estimate__official_annual_total_constrained__three_core_regions_supply_shape
2024-04-14,2024,52326.54917604766,89457.2,3.5232617412387106,184360.12876301468,annual_anchor_constrained_city_daily_estimate,citywide_daily_estimate__official_annual_total_constrained__three_core_regions_supply_shape
2024-04-15,2024,64421.98560541107,89457.2,3.5232617412387106,226975.51717817577,annual_anchor_constrained_city_daily_estimate,citywide_daily_estimate__official_annual_total_constrained__three_core_regions_supply_shape
2024-04-16,2024,74080.83350212709,89457.2,3.5232617412387106,261006.1664371193,annual_anchor_constrained_city_daily_estimate,citywide_daily_estimate__official_annual_total_constrained__three_core_regions_supply_shape
2024-04-17,2024,60112.49497350258,89457.2,3.5232617412387106,211792.05371054594,annual_anchor_constrained_city_daily_estimate,citywide_daily_estimate__official_annual_total_constrained__three_core_regions_supply_shape
2024-04-18,2024,48337.3917206364,89457.2,3.5232617412387106,170305.28292058702,annual_anchor_constrained_city_daily_estimate,citywide_daily_estimate__official_annual_total_constrained__three_core_regions_supply_shape
2024-04-19,2024,38505.37994626756,89457.2,3.5232617412387106,135664.53199654477,annual_anchor_constrained_city_daily_estimate,citywide_daily_estimate__official_annual_total_constrained__three_core_regions_supply_shape
2024-04-20,2024,85049.25616757578,89457.2,3.5232617412387106,299650.7903760302,annual_anchor_constrained_city_daily_estimate,citywide_daily_estimate__official_annual_total_constrained__three_core_regions_supply_shape
2024-04-21,2024,70193.89722065566,89457.2,3.5232617412387106,247311.47254597838,annual_anchor_constrained_city_daily_estimate,citywide_daily_estimate__official_annual_total_constrained__three_core_regions_supply_shape
2024-04-22,2024,34363.85421834488,89457.2,3.5232617412387106,121072.852848999,annual_anchor_constrained_city_daily_estimate,citywide_daily_estimate__official_annual_total_constrained__three_core_regions_supply_shape
2024-04-23,2024,13886.073330667346,89457.2,3.5232617412387106,48924.270901975455,annual_anchor_constrained_city_daily_estimate,citywide_daily_estimate__official_annual_total_constrained__three_core_regions_supply_shape
2024-04-24,2024,45850.091507518126,89457.2,3.5232617412387106,161541.87324073253,annual_anchor_constrained_city_daily_estimate,citywide_daily_estimate__official_annual_total_constrained__three_core_regions_supply_shape
2024-04-25,2024,31128.533083405113,89457.2,3.5232617412387106,109673.96967364471,annual_anchor_constrained_city_daily_estimate,citywide_daily_estimate__official_annual_total_constrained__three_core_regions_supply_shape
2024-04-26,2024,36911.04601356104,89457.2,3.5232617412387106,130047.27624868124,annual_anchor_constrained_city_daily_estimate,citywide_daily_estimate__official_annual_total_constrained__three_core_regions_supply_shape
2024-04-27,2024,80364.17574825838,89457.2,3.5232617412387106,283144.02578002255,annual_anchor_constrained_city_daily_estimate,citywide_daily_estimate__official_annual_total_constrained__three_core_regions_supply_shape
2024-04-28,2024,95404.01033665931,89457.2,3.5232617412387106,336133.2995798942,annual_anchor_constrained_city_daily_estimate,citywide_daily_estimate__official_annual_total_constrained__three_core_regions_supply_shape
2024-04-29,2024,51881.63546290982,89457.2,3.5232617412387106,182792.5812993637,annual_anchor_constrained_city_daily_estimate,citywide_daily_estimate__official_annual_total_constrained__three_core_regions_supply_shape
2024-04-30,2024,40816.70039809328,89457.2,3.5232617412387106,143807.9189162049,annual_anchor_constrained_city_daily_estimate,citywide_daily_estimate__official_annual_total_constrained__three_core_regions_supply_shape
2024-05-01,2024,255914.67510180315,89457.2,3.5232617412387106,901654.3838077178,annual_anchor_constrained_city_daily_estimate,citywide_daily_estimate__official_annual_total_constrained__three_core_regions_supply_shape
2024-05-02,2024,286962.650353986,89457.2,3.5232617412387106,1011044.5271566601,annual_anchor_constrained_city_daily_estimate,citywide_daily_estimate__official_annual_total_constrained__three_core_regions_supply_shape
2024-05-03,2024,256245.83175855127,89457.2,3.5232617412387106,902821.135386795,annual_anchor_constrained_city_daily_estimate,citywide_daily_estimate__official_annual_total_constrained__three_core_regions_supply_shape
2024-05-04,2024,333125.28865219385,89457.2,3.5232617412387106,1173687.5845473765,annual_anchor_constrained_city_daily_estimate,citywide_daily_estimate__official_annual_total_constrained__three_core_regions_supply_shape
2024-05-05,2024,260917.70062897343,89457.2,3.5232617412387106,919281.3522380375,annual_anchor_constrained_city_daily_estimate,citywide_daily_estimate__official_annual_total_constrained__three_core_regions_supply_shape
2024-05-06,2024,35369.46902148841,89457.2,3.5232617412387106,124615.89701133789,annual_anchor_constrained_city_daily_estimate,citywide_daily_estimate__official_annual_total_constrained__three_core_regions_supply_shape
2024-05-07,2024,43143.729744564596,89457.2,3.5232617412387106,152006.652383367,annual_anchor_constrained_city_daily_estimate,citywide_daily_estimate__official_annual_total_constrained__three_core_regions_supply_shape
2024-05-08,2024,28913.514869580627,89457.2,3.5232617412387106,101869.88074472999,annual_anchor_constrained_city_daily_estimate,citywide_daily_estimate__official_annual_total_constrained__three_core_regions_supply_shape
2024-05-09,2024,24575.040328498926,89457.2,3.5232617412387106,86584.29937879866,annual_anchor_constrained_city_daily_estimate,citywide_daily_estimate__official_annual_total_constrained__three_core_regions_supply_shape
2024-05-10,2024,26931.585441054864,89457.2,3.5232617412387106,94887.02461537007,annual_anchor_constrained_city_daily_estimate,citywide_daily_estimate__official_annual_total_constrained__three_core_regions_supply_shape
2024-05-11,2024,72771.36571513386,89457.2,3.5232617412387106,256392.56868182152,annual_anchor_constrained_city_daily_estimate,citywide_daily_estimate__official_annual_total_constrained__three_core_regions_supply_shape
2024-05-12,2024,70942.14671329952,89457.2,3.5232617412387106,249947.75135631172,annual_anchor_constrained_city_daily_estimate,citywide_daily_estimate__official_annual_total_constrained__three_core_regions_supply_shape
2024-05-13,2024,27461.979615567736,89457.2,3.5232617412387106,96755.74211820716,annual_anchor_constrained_city_daily_estimate,citywide_daily_estimate__official_annual_total_constrained__three_core_regions_supply_shape
2024-05-14,2024,35175.15159736814,89457.2,3.5232617412387106,123931.26586527888,annual_anchor_constrained_city_daily_estimate,citywide_daily_estimate__official_annual_total_constrained__three_core_regions_supply_shape
2024-05-15,2024,29538.627108712004,89457.2,3.5232617412387106,104072.31478084164,annual_anchor_constrained_city_daily_estimate,citywide_daily_estimate__official_annual_total_constrained__three_core_regions_supply_shape
2024-05-16,2024,37146.69117919016,89457.2,3.5232617412387106,130877.51584525016,annual_anchor_constrained_city_daily_estimate,citywide_daily_estimate__official_annual_total_constrained__three_core_regions_supply_shape
2024-05-17,2024,34787.75416591912,89457.2,3.5232617412387106,122566.3633164004,annual_anchor_constrained_city_daily_estimate,citywide_daily_estimate__official_annual_total_constrained__three_core_regions_supply_shape
2024-05-18,2024,77582.63611821571,89457.2,3.5232617412387106,273343.933619754,annual_anchor_constrained_city_daily_estimate,citywide_daily_estimate__official_annual_total_constrained__three_core_regions_supply_shape
2024-05-19,2024,45241.84160573215,89457.2,3.5232617412387106,159398.8496326578,annual_anchor_constrained_city_daily_estimate,citywide_daily_estimate__official_annual_total_constrained__three_core_regions_supply_shape
2024-05-20,2024,32433.521993929775,89457.2,3.5232617412387106,114271.78717483704,annual_anchor_constrained_city_daily_estimate,citywide_daily_estimate__official_annual_total_constrained__three_core_regions_supply_shape
2024-05-21,2024,30677.63004863518,89457.2,3.5232617412387106,108085.32026223137,annual_anchor_constrained_city_daily_estimate,citywide_daily_estimate__official_annual_total_constrained__three_core_regions_supply_shape
2024-05-22,2024,30579.254883350164,89457.2,3.5232617412387106,107738.71880609465,annual_anchor_constrained_city_daily_estimate,citywide_daily_estimate__official_annual_total_constrained__three_core_regions_supply_shape
2024-05-23,2024,27980.74229142684,89457.2,3.5232617412387106,98583.47880684416,annual_anchor_constrained_city_daily_estimate,citywide_daily_estimate__official_annual_total_constrained__three_core_regions_supply_shape
2024-05-24,2024,39280.317058224624,89457.2,3.5232617412387106,138394.8382749691,annual_anchor_constrained_city_daily_estimate,citywide_daily_estimate__official_annual_total_constrained__three_core_regions_supply_shape
2024-05-25,2024,64274.54106415336,89457.2,3.5232617412387106,226456.03146700797,annual_anchor_constrained_city_daily_estimate,citywide_daily_estimate__official_annual_total_constrained__three_core_regions_supply_shape
2024-05-26,2024,77638.6485685526,89457.2,3.5232617412387106,273541.280143059,annual_anchor_constrained_city_daily_estimate,citywide_daily_estimate__official_annual_total_constrained__three_core_regions_supply_shape
2024-05-27,2024,32472.485340613446,89457.2,3.5232617412387106,114409.06524351824,annual_anchor_constrained_city_daily_estimate,citywide_daily_estimate__official_annual_total_constrained__three_core_regions_supply_shape
2024-05-28,2024,37912.62156692894,89457.2,3.5232617412387106,133576.08907682233,annual_anchor_constrained_city_daily_estimate,citywide_daily_estimate__official_annual_total_constrained__three_core_regions_supply_shape
2024-05-29,2024,36980.28916155793,89457.2,3.5232617412387106,130291.23798286161,annual_anchor_constrained_city_daily_estimate,citywide_daily_estimate__official_annual_total_constrained__three_core_regions_supply_shape
2024-05-30,2024,35241.870460370585,89457.2,3.5232617412387106,124166.33388271435,annual_anchor_constrained_city_daily_estimate,citywide_daily_estimate__official_annual_total_constrained__three_core_regions_supply_shape
2024-05-31,2024,40434.56299244234,89457.2,3.5232617412387106,142461.54881497874,annual_anchor_constrained_city_daily_estimate,citywide_daily_estimate__official_annual_total_constrained__three_core_regions_supply_shape
2024-06-01,2024,82634.50553436649,89457.2,3.5232617412387106,291142.9918554119,annual_anchor_constrained_city_daily_estimate,citywide_daily_estimate__official_annual_total_constrained__three_core_regions_supply_shape
2024-06-02,2024,61956.25358780468,89457.2,3.5232617412387106,218288.0978963958,annual_anchor_constrained_city_daily_estimate,citywide_daily_estimate__official_annual_total_constrained__three_core_regions_supply_shape
2024-06-03,2024,33882.242458222325,89457.2,3.5232617412387106,119376.00856042856,annual_anchor_constrained_city_daily_estimate,citywide_daily_estimate__official_annual_total_constrained__three_core_regions_supply_shape
2024-06-04,2024,39889.724665097034,89457.2,3.5232617412387106,140541.94078108252,annual_anchor_constrained_city_daily_estimate,citywide_daily_estimate__official_annual_total_constrained__three_core_regions_supply_shape
2024-06-05,2024,43864.49057512835,89457.2,3.5232617412387106,154546.08144227572,annual_anchor_constrained_city_daily_estimate,citywide_daily_estimate__official_annual_total_constrained__three_core_regions_supply_shape
2024-06-06,2024,38364.06915520286,89457.2,3.5232617412387106,135166.65709276233,annual_anchor_constrained_city_daily_estimate,citywide_daily_estimate__official_annual_total_constrained__three_core_regions_supply_shape
2024-06-07,2024,36447.78389431644,89457.2,3.5232617412387106,128415.08254778157,annual_anchor_constrained_city_daily_estimate,citywide_daily_estimate__official_annual_total_constrained__three_core_regions_supply_shape
2024-06-08,2024,103590.21021922045,89457.2,3.5232617412387106,364975.4244322547,annual_anchor_constrained_city_daily_estimate,citywide_daily_estimate__official_annual_total_constrained__three_core_regions_supply_shape
2024-06-09,2024,111667.23587952822,89457.2,3.5232617412387106,393432.8999242204,annual_anchor_constrained_city_daily_estimate,citywide_daily_estimate__official_annual_total_constrained__three_core_regions_supply_shape
2024-06-10,2024,159933.80145509675,89457.2,3.5232617412387106,563488.6437976104,annual_anchor_constrained_city_daily_estimate,citywide_daily_estimate__official_annual_total_constrained__three_core_regions_supply_shape
2024-06-11,2024,40855.24312731829,89457.2,3.5232617412387106,143943.7150394863,annual_anchor_constrained_city_daily_estimate,citywide_daily_estimate__official_annual_total_constrained__three_core_regions_supply_shape
2024-06-12,2024,43998.284133509325,89457.2,3.5232617412387106,155017.4711677436,annual_anchor_constrained_city_daily_estimate,citywide_daily_estimate__official_annual_total_constrained__three_core_regions_supply_shape
2024-06-13,2024,40300.651523925524,89457.2,3.5232617412387106,141989.74366124033,annual_anchor_constrained_city_daily_estimate,citywide_daily_estimate__official_annual_total_constrained__three_core_regions_supply_shape
2024-06-14,2024,46428.60391893041,89457.2,3.5232617412387106,163580.12388669318,annual_anchor_constrained_city_daily_estimate,citywide_daily_estimate__official_annual_total_constrained__three_core_regions_supply_shape
2024-06-15,2024,121621.98103722213,89457.2,3.5232617412387106,428506.07268210466,annual_anchor_constrained_city_daily_estimate,citywide_daily_estimate__official_annual_total_constrained__three_core_regions_supply_shape
2024-06-16,2024,101363.7814830374,89457.2,3.5232617412387106,357131.1332464665,annual_anchor_constrained_city_daily_estimate,citywide_daily_estimate__official_annual_total_constrained__three_core_regions_supply_shape
2024-06-17,2024,41312.44661502639,89457.2,3.5232617412387106,145554.56259568915,annual_anchor_constrained_city_daily_estimate,citywide_daily_estimate__official_annual_total_constrained__three_core_regions_supply_shape
2024-06-18,2024,51239.29726498615,89457.2,3.5232617412387106,180529.455701683,annual_anchor_constrained_city_daily_estimate,citywide_daily_estimate__official_annual_total_constrained__three_core_regions_supply_shape
2024-06-19,2024,50639.04579892183,89457.2,3.5232617412387106,178414.61267617613,annual_anchor_constrained_city_daily_estimate,citywide_daily_estimate__official_annual_total_constrained__three_core_regions_supply_shape
2024-06-20,2024,51670.87775682876,89457.2,3.5232617412387106,182050.02673685708,annual_anchor_constrained_city_daily_estimate,citywide_daily_estimate__official_annual_total_constrained__three_core_regions_supply_shape
2024-06-21,2024,45020.801749504484,89457.2,3.5232617412387106,158620.06836392195,annual_anchor_constrained_city_daily_estimate,citywide_daily_estimate__official_annual_total_constrained__three_core_regions_supply_shape
2024-06-22,2024,121625.1654772404,89457.2,3.5232617412387106,428517.2922977883,annual_anchor_constrained_city_daily_estimate,citywide_daily_estimate__official_annual_total_constrained__three_core_regions_supply_shape
2024-06-23,2024,109879.77214523437,89457.2,3.5232617412387106,387135.19733533124,annual_anchor_constrained_city_daily_estimate,citywide_daily_estimate__official_annual_total_constrained__three_core_regions_supply_shape
2024-06-24,2024,46738.16278586965,89457.2,3.5232617412387106,164670.78079924142,annual_anchor_constrained_city_daily_estimate,citywide_daily_estimate__official_annual_total_constrained__three_core_regions_supply_shape
2024-06-25,2024,67804.65014067816,89457.2,3.5232617412387106,238893.5297187273,annual_anchor_constrained_city_daily_estimate,citywide_daily_estimate__official_annual_total_constrained__three_core_regions_supply_shape
2024-06-26,2024,54287.15545865039,89457.2,3.5232617412387106,191267.85786814115,annual_anchor_constrained_city_daily_estimate,citywide_daily_estimate__official_annual_total_constrained__three_core_regions_supply_shape
2024-06-27,2024,59887.99851728475,89457.2,3.5232617412387106,211001.09393531,annual_anchor_constrained_city_daily_estimate,citywide_daily_estimate__official_annual_total_constrained__three_core_regions_supply_shape
2024-06-28,2024,66907.51140941486,89457.2,3.5232617412387106,235732.6751502839,annual_anchor_constrained_city_daily_estimate,citywide_daily_estimate__official_annual_total_constrained__three_core_regions_supply_shape
2024-06-29,2024,134919.3345723436,89457.2,3.5232617412387106,475356.12965212343,annual_anchor_constrained_city_daily_estimate,citywide_daily_estimate__official_annual_total_constrained__three_core_regions_supply_shape
2024-06-30,2024,98814.79748332535,89457.2,3.5232617412387106,348150.39544125146,annual_anchor_constrained_city_daily_estimate,citywide_daily_estimate__official_annual_total_constrained__three_core_regions_supply_shape
2024-07-01,2024,45103.58624199133,89457.2,3.5232617412387106,158911.73979906875,annual_anchor_constrained_city_daily_estimate,citywide_daily_estimate__official_annual_total_constrained__three_core_regions_supply_shape
2024-07-02,2024,44602.55085768165,89457.2,3.5232617412387106,157146.4609985236,annual_anchor_constrained_city_daily_estimate,citywide_daily_estimate__official_annual_total_constrained__three_core_regions_supply_shape
2024-07-03,2024,90837.59581474634,89457.2,3.5232617412387106,320044.6260002014,annual_anchor_constrained_city_daily_estimate,citywide_daily_estimate__official_annual_total_constrained__three_core_regions_supply_shape
2024-07-04,2024,100357.47822817235,89457.2,3.5232617412387106,353585.66348851647,annual_anchor_constrained_city_daily_estimate,citywide_daily_estimate__official_annual_total_constrained__three_core_regions_supply_shape
2024-07-05,2024,105773.45680109803,89457.2,3.5232617412387106,372667.57358587417,annual_anchor_constrained_city_daily_estimate,citywide_daily_estimate__official_annual_total_constrained__three_core_regions_supply_shape
2024-07-06,2024,190470.07565025866,89457.2,3.5232617412387106,671075.9303893993,annual_anchor_constrained_city_daily_estimate,citywide_daily_estimate__official_annual_total_constrained__three_core_regions_supply_shape
2024-07-07,2024,205485.08152701953,89457.2,3.5232617412387106,723977.7261394652,annual_anchor_constrained_city_daily_estimate,citywide_daily_estimate__official_annual_total_constrained__three_core_regions_supply_shape
2024-07-08,2024,80238.22301913316,89457.2,3.5232617412387106,282700.26134829107,annual_anchor_constrained_city_daily_estimate,citywide_daily_estimate__official_annual_total_constrained__three_core_regions_supply_shape
2024-07-09,2024,120129.32951733387,89457.2,3.5232617412387106,423247.0706890806,annual_anchor_constrained_city_daily_estimate,citywide_daily_estimate__official_annual_total_constrained__three_core_regions_supply_shape
2024-07-10,2024,111198.4055999665,89457.2,3.5232617412387106,391781.08813710633,annual_anchor_constrained_city_daily_estimate,citywide_daily_estimate__official_annual_total_constrained__three_core_regions_supply_shape
2024-07-11,2024,113239.52940162322,89457.2,3.5232617412387106,398972.5015366152,annual_anchor_constrained_city_daily_estimate,citywide_daily_estimate__official_annual_total_constrained__three_core_regions_supply_shape
2024-07-12,2024,123212.78123275538,89457.2,3.5232617412387106,434110.87814898207,annual_anchor_constrained_city_daily_estimate,citywide_daily_estimate__official_annual_total_constrained__three_core_regions_supply_shape
2024-07-13,2024,211769.25674649078,89457.2,3.5232617412387106,746118.5202654686,annual_anchor_constrained_city_daily_estimate,citywide_daily_estimate__official_annual_total_constrained__three_core_regions_supply_shape
2024-07-14,2024,222047.66255341767,89457.2,3.5232617412387106,782332.03420594,annual_anchor_constrained_city_daily_estimate,citywide_daily_estimate__official_annual_total_constrained__three_core_regions_supply_shape
2024-07-15,2024,121227.55154813304,89457.2,3.5232617412387106,427116.3943535808,annual_anchor_constrained_city_daily_estimate,citywide_daily_estimate__official_annual_total_constrained__three_core_regions_supply_shape
2024-07-16,2024,126951.62504718492,89457.2,3.5232617412387106,447283.80351682863,annual_anchor_constrained_city_daily_estimate,citywide_daily_estimate__official_annual_total_constrained__three_core_regions_supply_shape
2024-07-17,2024,136499.38885402516,89457.2,3.5232617412387106,480923.07445185253,annual_anchor_constrained_city_daily_estimate,citywide_daily_estimate__official_annual_total_constrained__three_core_regions_supply_shape
2024-07-18,2024,155968.34021207102,89457.2,3.5232617412387106,549517.2859136929,annual_anchor_constrained_city_daily_estimate,citywide_daily_estimate__official_annual_total_constrained__three_core_regions_supply_shape
2024-07-19,2024,186716.06820483285,89457.2,3.5232617412387106,657849.5795806053,annual_anchor_constrained_city_daily_estimate,citywide_daily_estimate__official_annual_total_constrained__three_core_regions_supply_shape
2024-07-20,2024,307126.3492644846,89457.2,3.5232617412387106,1082086.5160898764,annual_anchor_constrained_city_daily_estimate,citywide_daily_estimate__official_annual_total_constrained__three_core_regions_supply_shape
2024-07-21,2024,291970.0651999042,89457.2,3.5232617412387106,1028686.9603057944,annual_anchor_constrained_city_daily_estimate,citywide_daily_estimate__official_annual_total_constrained__three_core_regions_supply_shape
2024-07-22,2024,174355.5919875032,89457.2,3.5232617412387106,614300.3866205967,annual_anchor_constrained_city_daily_estimate,citywide_daily_estimate__official_annual_total_constrained__three_core_regions_supply_shape
2024-07-23,2024,218983.16055606212,89457.2,3.5232617412387106,771534.9915627076,annual_anchor_constrained_city_daily_estimate,citywide_daily_estimate__official_annual_total_constrained__three_core_regions_supply_shape
2024-07-24,2024,156371.32371634044,89457.2,3.5232617412387106,550937.1022766357,annual_anchor_constrained_city_daily_estimate,citywide_daily_estimate__official_annual_total_constrained__three_core_regions_supply_shape
2024-07-25,2024,132880.03559090738,89457.2,3.5232617412387106,468171.1455718822,annual_anchor_constrained_city_daily_estimate,citywide_daily_estimate__official_annual_total_constrained__three_core_regions_supply_shape
2024-07-26,2024,49155.86070376712,89457.2,3.5232617412387106,173188.96337524205,annual_anchor_constrained_city_daily_estimate,citywide_daily_estimate__official_annual_total_constrained__three_core_regions_supply_shape
2024-07-27,2024,293024.71310715977,89457.2,3.5232617412387106,1032402.7609279053,annual_anchor_constrained_city_daily_estimate,citywide_daily_estimate__official_annual_total_constrained__three_core_regions_supply_shape
2024-07-28,2024,252487.57322146752,89457.2,3.5232617412387106,889579.8068694042,annual_anchor_constrained_city_daily_estimate,citywide_daily_estimate__official_annual_total_constrained__three_core_regions_supply_shape
2024-07-29,2024,171777.38848992632,89457.2,3.5232617412387106,605216.7008764562,annual_anchor_constrained_city_daily_estimate,citywide_daily_estimate__official_annual_total_constrained__three_core_regions_supply_shape
2024-07-30,2024,146416.59960659768,89457.2,3.5232617412387106,515864.0036761924,annual_anchor_constrained_city_daily_estimate,citywide_daily_estimate__official_annual_total_constrained__three_core_regions_supply_shape
2024-07-31,2024,100573.48102757525,89457.2,3.5232617412387106,354346.6978876532,annual_anchor_constrained_city_daily_estimate,citywide_daily_estimate__official_annual_total_constrained__three_core_regions_supply_shape
2024-08-01,2024,205644.24357370473,89457.2,3.5232617412387106,724538.4956892085,annual_anchor_constrained_city_daily_estimate,citywide_daily_estimate__official_annual_total_constrained__three_core_regions_supply_shape
2024-08-02,2024,223160.42292490823,89457.2,3.5232617412387106,786252.5802499793,annual_anchor_constrained_city_daily_estimate,citywide_daily_estimate__official_annual_total_constrained__three_core_regions_supply_shape
2024-08-03,2024,317506.8555151327,89457.2,3.5232617412387106,1118659.7566174741,annual_anchor_constrained_city_daily_estimate,citywide_daily_estimate__official_annual_total_constrained__three_core_regions_supply_shape
2024-08-04,2024,208405.51719671363,89457.2,3.5232617412387106,734267.1854022474,annual_anchor_constrained_city_daily_estimate,citywide_daily_estimate__official_annual_total_constrained__three_core_regions_supply_shape
2024-08-05,2024,224398.54178679234,89457.2,3.5232617412387106,790614.7970671615,annual_anchor_constrained_city_daily_estimate,citywide_daily_estimate__official_annual_total_constrained__three_core_regions_supply_shape
2024-08-06,2024,293582.5743720705,89457.2,3.5232617412387106,1034368.2521794843,annual_anchor_constrained_city_daily_estimate,citywide_daily_estimate__official_annual_total_constrained__three_core_regions_supply_shape
2024-08-07,2024,254055.44460783267,89457.2,3.5232617412387106,895103.8281401673,annual_anchor_constrained_city_daily_estimate,citywide_daily_estimate__official_annual_total_constrained__three_core_regions_supply_shape
2024-08-08,2024,240901.41539458148,89457.2,3.5232617412387106,848758.7402699831,annual_anchor_constrained_city_daily_estimate,citywide_daily_estimate__official_annual_total_constrained__three_core_regions_supply_shape
2024-08-09,2024,242515.878627819,89457.2,3.5232617412387106,854446.9168122854,annual_anchor_constrained_city_daily_estimate,citywide_daily_estimate__official_annual_total_constrained__three_core_regions_supply_shape
2024-08-10,2024,328929.70229958283,89457.2,3.5232617412387106,1158905.4356691588,annual_anchor_constrained_city_daily_estimate,citywide_daily_estimate__official_annual_total_constrained__three_core_regions_supply_shape
2024-08-11,2024,323703.7175204884,89457.2,3.5232617412387106,1140492.9234366799,annual_anchor_constrained_city_daily_estimate,citywide_daily_estimate__official_annual_total_constrained__three_core_regions_supply_shape
2024-08-12,2024,205413.4976555407,89457.2,3.5232617412387106,723725.5174237941,annual_anchor_constrained_city_daily_estimate,citywide_daily_estimate__official_annual_total_constrained__three_core_regions_supply_shape
2024-08-13,2024,294974.26747864735,89457.2,3.5232617412387106,1039271.5512574322,annual_anchor_constrained_city_daily_estimate,citywide_daily_estimate__official_annual_total_constrained__three_core_regions_supply_shape
2024-08-14,2024,288379.33567481436,89457.2,3.5232617412387106,1016035.880346909,annual_anchor_constrained_city_daily_estimate,citywide_daily_estimate__official_annual_total_constrained__three_core_regions_supply_shape
2024-08-15,2024,233922.387263454,89457.2,3.5232617412387106,824169.7974645529,annual_anchor_constrained_city_daily_estimate,citywide_daily_estimate__official_annual_total_constrained__three_core_regions_supply_shape
2024-08-16,2024,201241.71287156307,89457.2,3.5232617412387106,709027.2277017239,annual_anchor_constrained_city_daily_estimate,citywide_daily_estimate__official_annual_total_constrained__three_core_regions_supply_shape
2024-08-17,2024,265875.94774073444,89457.2,3.5232617412387106,936750.5545905124,annual_anchor_constrained_city_daily_estimate,citywide_daily_estimate__official_annual_total_constrained__three_core_regions_supply_shape
2024-08-18,2024,250706.19288759946,89457.2,3.5232617412387106,883303.5376924918,annual_anchor_constrained_city_daily_estimate,citywide_daily_estimate__official_annual_total_constrained__three_core_regions_supply_shape
2024-08-19,2024,55495.11629141881,89457.2,3.5232617412387106,195523.82005514897,annual_anchor_constrained_city_daily_estimate,citywide_daily_estimate__official_annual_total_constrained__three_core_regions_supply_shape
2024-08-20,2024,85381.17399373272,89457.2,3.5232617412387106,300820.22375416406,annual_anchor_constrained_city_daily_estimate,citywide_daily_estimate__official_annual_total_constrained__three_core_regions_supply_shape
2024-08-21,2024,175116.017620983,89457.2,3.5232617412387106,616979.5651620934,annual_anchor_constrained_city_daily_estimate,citywide_daily_estimate__official_annual_total_constrained__three_core_regions_supply_shape
2024-08-22,2024,166152.66006809642,89457.2,3.5232617412387106,585399.310422965,annual_anchor_constrained_city_daily_estimate,citywide_daily_estimate__official_annual_total_constrained__three_core_regions_supply_shape
2024-08-23,2024,127217.30639492396,89457.2,3.5232617412387106,448219.8684446783,annual_anchor_constrained_city_daily_estimate,citywide_daily_estimate__official_annual_total_constrained__three_core_regions_supply_shape
2024-08-24,2024,181239.35632864584,89457.2,3.5232617412387106,638553.6901594478,annual_anchor_constrained_city_daily_estimate,citywide_daily_estimate__official_annual_total_constrained__three_core_regions_supply_shape
2024-08-25,2024,160407.7622326197,89457.2,3.5232617412387106,565158.5316719047,annual_anchor_constrained_city_daily_estimate,citywide_daily_estimate__official_annual_total_constrained__three_core_regions_supply_shape
2024-08-26,2024,52364.29894951038,89457.2,3.5232617412387106,184493.13109559633,annual_anchor_constrained_city_daily_estimate,citywide_daily_estimate__official_annual_total_constrained__three_core_regions_supply_shape
2024-08-27,2024,64713.2197957668,89457.2,3.5232617412387106,228001.61145879675,annual_anchor_constrained_city_daily_estimate,citywide_daily_estimate__official_annual_total_constrained__three_core_regions_supply_shape
2024-08-28,2024,53293.657641451704,89457.2,3.5232617412387106,187767.50501880085,annual_anchor_constrained_city_daily_estimate,citywide_daily_estimate__official_annual_total_constrained__three_core_regions_supply_shape
2024-08-29,2024,59585.51640257058,89457.2,3.5232617412387106,209935.3702731286,annual_anchor_constrained_city_daily_estimate,citywide_daily_estimate__official_annual_total_constrained__three_core_regions_supply_shape
2024-08-30,2024,58715.134778679836,89457.2,3.5232617412387106,206868.7879973971,annual_anchor_constrained_city_daily_estimate,citywide_daily_estimate__official_annual_total_constrained__three_core_regions_supply_shape
2024-08-31,2024,129075.66578522537,89457.2,3.5232617412387106,454767.354985999,annual_anchor_constrained_city_daily_estimate,citywide_daily_estimate__official_annual_total_constrained__three_core_regions_supply_shape
2024-09-01,2024,73364.50825341935,89457.2,3.5232617412387106,258482.365094064,annual_anchor_constrained_city_daily_estimate,citywide_daily_estimate__official_annual_total_constrained__three_core_regions_supply_shape
2024-09-02,2024,42641.180159766904,89457.2,3.5232617412387106,150236.0386581739,annual_anchor_constrained_city_daily_estimate,citywide_daily_estimate__official_annual_total_constrained__three_core_regions_supply_shape
2024-09-03,2024,39332.08979634066,89457.2,3.5232617412387106,138577.2471824125,annual_anchor_constrained_city_daily_estimate,citywide_daily_estimate__official_annual_total_constrained__three_core_regions_supply_shape
2024-09-04,2024,34396.69339772823,89457.2,3.5232617412387106,121188.55387333404,annual_anchor_constrained_city_daily_estimate,citywide_daily_estimate__official_annual_total_constrained__three_core_regions_supply_shape
2024-09-05,2024,37356.5564987037,89457.2,3.5232617412387106,131616.92629630506,annual_anchor_constrained_city_daily_estimate,citywide_daily_estimate__official_annual_total_constrained__three_core_regions_supply_shape
2024-09-06,2024,39114.97163475945,89457.2,3.5232617412387106,137812.28307038537,annual_anchor_constrained_city_daily_estimate,citywide_daily_estimate__official_annual_total_constrained__three_core_regions_supply_shape
2024-09-07,2024,78156.4761610036,89457.2,3.5232617412387106,275365.7222880993,annual_anchor_constrained_city_daily_estimate,citywide_daily_estimate__official_annual_total_constrained__three_core_regions_supply_shape
2024-09-08,2024,82360.58516118441,89457.2,3.5232617412387106,290177.8986844337,annual_anchor_constrained_city_daily_estimate,citywide_daily_estimate__official_annual_total_constrained__three_core_regions_supply_shape
2024-09-09,2024,18317.89928852076,89457.2,3.5232617412387106,64538.75374310899,annual_anchor_constrained_city_daily_estimate,citywide_daily_estimate__official_annual_total_constrained__three_core_regions_supply_shape
2024-09-10,2024,12303.031198172126,89457.2,3.5232617412387106,43346.799121786105,annual_anchor_constrained_city_daily_estimate,citywide_daily_estimate__official_annual_total_constrained__three_core_regions_supply_shape
2024-09-11,2024,29249.27748798951,89457.2,3.5232617412387106,103052.86033230815,annual_anchor_constrained_city_daily_estimate,citywide_daily_estimate__official_annual_total_constrained__three_core_regions_supply_shape
2024-09-12,2024,30926.385296441604,89457.2,3.5232617412387106,108961.7501097601,annual_anchor_constrained_city_daily_estimate,citywide_daily_estimate__official_annual_total_constrained__three_core_regions_supply_shape
2024-09-13,2024,33486.233708885884,89457.2,3.5232617412387106,117980.76608469569,annual_anchor_constrained_city_daily_estimate,citywide_daily_estimate__official_annual_total_constrained__three_core_regions_supply_shape
2024-09-14,2024,73189.04498753816,89457.2,3.5232617412387106,257864.16208239202,annual_anchor_constrained_city_daily_estimate,citywide_daily_estimate__official_annual_total_constrained__three_core_regions_supply_shape
2024-09-15,2024,246424.8784973911,89457.2,3.5232617412387106,868219.3464992559,annual_anchor_constrained_city_daily_estimate,citywide_daily_estimate__official_annual_total_constrained__three_core_regions_supply_shape
2024-09-16,2024,132953.69833459542,89457.2,3.5232617412387106,468430.6786984729,annual_anchor_constrained_city_daily_estimate,citywide_daily_estimate__official_annual_total_constrained__three_core_regions_supply_shape
2024-09-17,2024,142522.86028547687,89457.2,3.5232617412387106,502145.3408957307,annual_anchor_constrained_city_daily_estimate,citywide_daily_estimate__official_annual_total_constrained__three_core_regions_supply_shape
2024-09-18,2024,37989.42913159177,89457.2,3.5232617412387106,133846.7022308366,annual_anchor_constrained_city_daily_estimate,citywide_daily_estimate__official_annual_total_constrained__three_core_regions_supply_shape
2024-09-19,2024,40229.96273425381,89457.2,3.5232617412387106,141740.68855305552,annual_anchor_constrained_city_daily_estimate,citywide_daily_estimate__official_annual_total_constrained__three_core_regions_supply_shape
2024-09-20,2024,35554.9236399947,89457.2,3.5232617412387106,125269.30217345711,annual_anchor_constrained_city_daily_estimate,citywide_daily_estimate__official_annual_total_constrained__three_core_regions_supply_shape
2024-09-21,2024,82078.33454082652,89457.2,3.5232617412387106,289183.4558722858,annual_anchor_constrained_city_daily_estimate,citywide_daily_estimate__official_annual_total_constrained__three_core_regions_supply_shape
2024-09-22,2024,65419.71175663561,89457.2,3.5232617412387106,230490.76755501854,annual_anchor_constrained_city_daily_estimate,citywide_daily_estimate__official_annual_total_constrained__three_core_regions_supply_shape
2024-09-23,2024,25482.5403947629,89457.2,3.5232617412387106,89781.65964243811,annual_anchor_constrained_city_daily_estimate,citywide_daily_estimate__official_annual_total_constrained__three_core_regions_supply_shape
2024-09-24,2024,30413.347964387445,89457.2,3.5232617412387106,107154.1853059065,annual_anchor_constrained_city_daily_estimate,citywide_daily_estimate__official_annual_total_constrained__three_core_regions_supply_shape
2024-09-25,2024,28979.06512523013,89457.2,3.5232617412387106,102100.8314525883,annual_anchor_constrained_city_daily_estimate,citywide_daily_estimate__official_annual_total_constrained__three_core_regions_supply_shape
2024-09-26,2024,32551.579610584606,89457.2,3.5232617412387106,114687.73505885883,annual_anchor_constrained_city_daily_estimate,citywide_daily_estimate__official_annual_total_constrained__three_core_regions_supply_shape
2024-09-27,2024,29297.89726763976,89457.2,3.5232617412387106,103224.16054181733,annual_anchor_constrained_city_daily_estimate,citywide_daily_estimate__official_annual_total_constrained__three_core_regions_supply_shape
2024-09-28,2024,71388.16524687958,89457.2,3.5232617412387106,251519.19139155775,annual_anchor_constrained_city_daily_estimate,citywide_daily_estimate__official_annual_total_constrained__three_core_regions_supply_shape
2024-09-29,2024,71150.98982618425,89457.2,3.5232617412387106,250683.5603058597,annual_anchor_constrained_city_daily_estimate,citywide_daily_estimate__official_annual_total_constrained__three_core_regions_supply_shape
2024-09-30,2024,18595.55773373452,89457.2,3.5232617412387106,65517.017120262455,annual_anchor_constrained_city_daily_estimate,citywide_daily_estimate__official_annual_total_constrained__three_core_regions_supply_shape
2024-10-01,2024,172304.65474911657,89457.2,3.5232617412387106,607074.3979149073,annual_anchor_constrained_city_daily_estimate,citywide_daily_estimate__official_annual_total_constrained__three_core_regions_supply_shape
2024-10-02,2024,201305.5214829876,89457.2,3.5232617412387106,709252.0421411175,annual_anchor_constrained_city_daily_estimate,citywide_daily_estimate__official_annual_total_constrained__three_core_regions_supply_shape
2024-10-03,2024,189119.92891900582,89457.2,3.5232617412387106,666319.0100661176,annual_anchor_constrained_city_daily_estimate,citywide_daily_estimate__official_annual_total_constrained__three_core_regions_supply_shape
2024-10-04,2024,178844.37980765867,89457.2,3.5232617412387106,630115.5610118888,annual_anchor_constrained_city_daily_estimate,citywide_daily_estimate__official_annual_total_constrained__three_core_regions_supply_shape
2024-10-05,2024,276126.862216361,89457.2,3.5232617412387106,972867.2093751975,annual_anchor_constrained_city_daily_estimate,citywide_daily_estimate__official_annual_total_constrained__three_core_regions_supply_shape
2024-10-06,2024,228700.52800959774,89457.2,3.5232617412387106,805771.8205373079,annual_anchor_constrained_city_daily_estimate,citywide_daily_estimate__official_annual_total_constrained__three_core_regions_supply_shape
2024-10-07,2024,124553.1572987494,89457.2,3.5232617412387106,438833.37386117084,annual_anchor_constrained_city_daily_estimate,citywide_daily_estimate__official_annual_total_constrained__three_core_regions_supply_shape
2024-10-08,2024,22409.354210698828,89457.2,3.5232617412387106,78954.02033642179,annual_anchor_constrained_city_daily_estimate,citywide_daily_estimate__official_annual_total_constrained__three_core_regions_supply_shape
2024-10-09,2024,26391.987118856916,89457.2,3.5232617412387106,92985.87849113344,annual_anchor_constrained_city_daily_estimate,citywide_daily_estimate__official_annual_total_constrained__three_core_regions_supply_shape
2024-10-10,2024,19085.426963375114,89457.2,3.5232617412387106,67242.95463526524,annual_anchor_constrained_city_daily_estimate,citywide_daily_estimate__official_annual_total_constrained__three_core_regions_supply_shape
2024-10-11,2024,18386.33438176513,89457.2,3.5232617412387106,64779.86848889498,annual_anchor_constrained_city_daily_estimate,citywide_daily_estimate__official_annual_total_constrained__three_core_regions_supply_shape
2024-10-12,2024,51123.596619866636,89457.2,3.5232617412387106,180121.81204529677,annual_anchor_constrained_city_daily_estimate,citywide_daily_estimate__official_annual_total_constrained__three_core_regions_supply_shape
2024-10-13,2024,45319.075379532616,89457.2,3.5232617412387106,159670.96443302048,annual_anchor_constrained_city_daily_estimate,citywide_daily_estimate__official_annual_total_constrained__three_core_regions_supply_shape
2024-10-14,2024,16322.859939108424,89457.2,3.5232617412387106,57509.70793105874,annual_anchor_constrained_city_daily_estimate,citywide_daily_estimate__official_annual_total_constrained__three_core_regions_supply_shape
2024-10-15,2024,19394.76295299498,89457.2,3.5232617412387106,68332.82629268113,annual_anchor_constrained_city_daily_estimate,citywide_daily_estimate__official_annual_total_constrained__three_core_regions_supply_shape
2024-10-16,2024,19027.60184999367,89457.2,3.5232617412387106,67039.22162560561,annual_anchor_constrained_city_daily_estimate,citywide_daily_estimate__official_annual_total_constrained__three_core_regions_supply_shape
2024-10-17,2024,18313.020538841527,89457.2,3.5232617412387106,64521.56463101907,annual_anchor_constrained_city_daily_estimate,citywide_daily_estimate__official_annual_total_constrained__three_core_regions_supply_shape
2024-10-18,2024,16120.12315358646,89457.2,3.5232617412387106,56795.413171087486,annual_anchor_constrained_city_daily_estimate,citywide_daily_estimate__official_annual_total_constrained__three_core_regions_supply_shape
2024-10-19,2024,44709.95474564278,89457.2,3.5232617412387106,157524.87300783733,annual_anchor_constrained_city_daily_estimate,citywide_daily_estimate__official_annual_total_constrained__three_core_regions_supply_shape
2024-10-20,2024,42686.721897632204,89457.2,3.5232617412387106,150396.49412082424,annual_anchor_constrained_city_daily_estimate,citywide_daily_estimate__official_annual_total_constrained__three_core_regions_supply_shape
2024-10-21,2024,16982.355621088675,89457.2,3.5232617412387106,59833.28383589189,annual_anchor_constrained_city_daily_estimate,citywide_daily_estimate__official_annual_total_constrained__three_core_regions_supply_shape
2024-10-22,2024,17410.680502712257,89457.2,3.5232617412387106,61342.384504136855,annual_anchor_constrained_city_daily_estimate,citywide_daily_estimate__official_annual_total_constrained__three_core_regions_supply_shape
2024-10-23,2024,17379.30989905817,89457.2,3.5232617412387106,61231.857656482855,annual_anchor_constrained_city_daily_estimate,citywide_daily_estimate__official_annual_total_constrained__three_core_regions_supply_shape
2024-10-24,2024,17538.313808183757,89457.2,3.5232617412387106,61792.07004621242,annual_anchor_constrained_city_daily_estimate,citywide_daily_estimate__official_annual_total_constrained__three_core_regions_supply_shape
2024-10-25,2024,17512.863018226533,89457.2,3.5232617412387106,61702.40025167184,annual_anchor_constrained_city_daily_estimate,citywide_daily_estimate__official_annual_total_constrained__three_core_regions_supply_shape
2024-10-26,2024,37451.61053232508,89457.2,3.5232617412387106,131951.8265363137,annual_anchor_constrained_city_daily_estimate,citywide_daily_estimate__official_annual_total_constrained__three_core_regions_supply_shape
2024-10-27,2024,40212.1293872598,89457.2,3.5232617412387106,141677.8570038733,annual_anchor_constrained_city_daily_estimate,citywide_daily_estimate__official_annual_total_constrained__three_core_regions_supply_shape
2024-10-28,2024,15643.018237887016,89457.2,3.5232617412387106,55114.447675046715,annual_anchor_constrained_city_daily_estimate,citywide_daily_estimate__official_annual_total_constrained__three_core_regions_supply_shape
2024-10-29,2024,17711.488960627255,89457.2,3.5232617412387106,62402.21143534978,annual_anchor_constrained_city_daily_estimate,citywide_daily_estimate__official_annual_total_constrained__three_core_regions_supply_shape
2024-10-30,2024,18334.69606758413,89457.2,3.5232617412387106,64597.933192159,annual_anchor_constrained_city_daily_estimate,citywide_daily_estimate__official_annual_total_constrained__three_core_regions_supply_shape
2024-10-31,2024,33078.16846380003,89457.2,3.5232617412387106,116543.0454187555,annual_anchor_constrained_city_daily_estimate,citywide_daily_estimate__official_annual_total_constrained__three_core_regions_supply_shape
2024-11-01,2024,16921.350808386902,89457.2,3.5232617412387106,59618.3479132683,annual_anchor_constrained_city_daily_estimate,citywide_daily_estimate__official_annual_total_constrained__three_core_regions_supply_shape
2024-11-02,2024,47977.62788280091,89457.2,3.5232617412387106,169037.74075486005,annual_anchor_constrained_city_daily_estimate,citywide_daily_estimate__official_annual_total_constrained__three_core_regions_supply_shape
2024-11-03,2024,43410.18494291599,89457.2,3.5232617412387106,152945.44378947266,annual_anchor_constrained_city_daily_estimate,citywide_daily_estimate__official_annual_total_constrained__three_core_regions_supply_shape
2024-11-04,2024,15604.848701229435,89457.2,3.5232617412387106,54979.96640686025,annual_anchor_constrained_city_daily_estimate,citywide_daily_estimate__official_annual_total_constrained__three_core_regions_supply_shape
2024-11-05,2024,16832.613622146957,89457.2,3.5232617412387106,59305.70357996393,annual_anchor_constrained_city_daily_estimate,citywide_daily_estimate__official_annual_total_constrained__three_core_regions_supply_shape
2024-11-06,2024,16948.05402098277,89457.2,3.5232617412387106,59712.430320575484,annual_anchor_constrained_city_daily_estimate,citywide_daily_estimate__official_annual_total_constrained__three_core_regions_supply_shape
2024-11-07,2024,19144.49396917647,89457.2,3.5232617412387106,67451.06315697469,annual_anchor_constrained_city_daily_estimate,citywide_daily_estimate__official_annual_total_constrained__three_core_regions_supply_shape
2024-11-08,2024,16179.81396066556,89457.2,3.5232617412387106,57005.71950797294,annual_anchor_constrained_city_daily_estimate,citywide_daily_estimate__official_annual_total_constrained__three_core_regions_supply_shape
2024-11-09,2024,35568.23183936607,89457.2,3.5232617412387106,125316.19044314705,annual_anchor_constrained_city_daily_estimate,citywide_daily_estimate__official_annual_total_constrained__three_core_regions_supply_shape
2024-11-10,2024,34552.54106260445,89457.2,3.5232617412387106,121737.64598845379,annual_anchor_constrained_city_daily_estimate,citywide_daily_estimate__official_annual_total_constrained__three_core_regions_supply_shape
2024-11-11,2024,14508.483866906816,89457.2,3.5232617412387106,51117.18613165185,annual_anchor_constrained_city_daily_estimate,citywide_daily_estimate__official_annual_total_constrained__three_core_regions_supply_shape
2024-11-12,2024,15098.8086890016,89457.2,3.5232617412387106,53197.05499224195,annual_anchor_constrained_city_daily_estimate,citywide_daily_estimate__official_annual_total_constrained__three_core_regions_supply_shape
2024-11-13,2024,16033.940637771751,89457.2,3.5232617412387106,56491.769610353826,annual_anchor_constrained_city_daily_estimate,citywide_daily_estimate__official_annual_total_constrained__three_core_regions_supply_shape
2024-11-14,2024,13252.814498048736,89457.2,3.5232617412387106,46693.134284708816,annual_anchor_constrained_city_daily_estimate,citywide_daily_estimate__official_annual_total_constrained__three_core_regions_supply_shape
2024-11-15,2024,16599.03199953933,89457.2,3.5232617412387106,58482.73438557401,annual_anchor_constrained_city_daily_estimate,citywide_daily_estimate__official_annual_total_constrained__three_core_regions_supply_shape
2024-11-16,2024,42467.3448329385,89457.2,3.5232617412387106,149623.57130188367,annual_anchor_constrained_city_daily_estimate,citywide_daily_estimate__official_annual_total_constrained__three_core_regions_supply_shape
2024-11-17,2024,36260.718874361235,89457.2,3.5232617412387106,127756.00351984934,annual_anchor_constrained_city_daily_estimate,citywide_daily_estimate__official_annual_total_constrained__three_core_regions_supply_shape
2024-11-18,2024,14941.418001967191,89457.2,3.5232617412387106,52642.52640618634,annual_anchor_constrained_city_daily_estimate,citywide_daily_estimate__official_annual_total_constrained__three_core_regions_supply_shape
2024-11-19,2024,15024.615950479072,89457.2,3.5232617412387106,52935.6545551278,annual_anchor_constrained_city_daily_estimate,citywide_daily_estimate__official_annual_total_constrained__three_core_regions_supply_shape
2024-11-20,2024,16698.337305412566,89457.2,3.5232617412387106,58832.612970459195,annual_anchor_constrained_city_daily_estimate,citywide_daily_estimate__official_annual_total_constrained__three_core_regions_supply_shape
2024-11-21,2024,16611.259975423214,89457.2,3.5232617412387106,58525.8167451785,annual_anchor_constrained_city_daily_estimate,citywide_daily_estimate__official_annual_total_constrained__three_core_regions_supply_shape
2024-11-22,2024,16540.111408452245,89457.2,3.5232617412387106,58275.14172122572,annual_anchor_constrained_city_daily_estimate,citywide_daily_estimate__official_annual_total_constrained__three_core_regions_supply_shape
2024-11-23,2024,30921.740738292665,89457.2,3.5232617412387106,108945.386115729,annual_anchor_constrained_city_daily_estimate,citywide_daily_estimate__official_annual_total_constrained__three_core_regions_supply_shape
2024-11-24,2024,29846.070006639042,89457.2,3.5232617412387106,105155.51658072353,annual_anchor_constrained_city_daily_estimate,citywide_daily_estimate__official_annual_total_constrained__three_core_regions_supply_shape
2024-11-25,2024,14108.482180366078,89457.2,3.5232617412387106,49707.875493031905,annual_anchor_constrained_city_daily_estimate,citywide_daily_estimate__official_annual_total_constrained__three_core_regions_supply_shape
2024-11-26,2024,16509.458358835782,89457.2,3.5232617412387106,58167.14300425974,annual_anchor_constrained_city_daily_estimate,citywide_daily_estimate__official_annual_total_constrained__three_core_regions_supply_shape
2024-11-27,2024,15811.051484022708,89457.2,3.5232617412387106,55706.47278241275,annual_anchor_constrained_city_daily_estimate,citywide_daily_estimate__official_annual_total_constrained__three_core_regions_supply_shape
2024-11-28,2024,15123.357836097315,89457.2,3.5232617412387106,53283.54806298432,annual_anchor_constrained_city_daily_estimate,citywide_daily_estimate__official_annual_total_constrained__three_core_regions_supply_shape
2024-11-29,2024,15208.115334904513,89457.2,3.5232617412387106,53582.17091581481,annual_anchor_constrained_city_daily_estimate,citywide_daily_estimate__official_annual_total_constrained__three_core_regions_supply_shape
2024-11-30,2024,31491.278699018825,89457.2,3.5232617412387106,110952.01742293859,annual_anchor_constrained_city_daily_estimate,citywide_daily_estimate__official_annual_total_constrained__three_core_regions_supply_shape
2024-12-01,2024,33466.19152815803,89457.2,3.5232617412387106,117910.15223612625,annual_anchor_constrained_city_daily_estimate,citywide_daily_estimate__official_annual_total_constrained__three_core_regions_supply_shape
2024-12-02,2024,14009.920317728514,89457.2,3.5232617412387106,49360.61625325576,annual_anchor_constrained_city_daily_estimate,citywide_daily_estimate__official_annual_total_constrained__three_core_regions_supply_shape
2024-12-03,2024,14787.803119767015,89457.2,3.5232617412387106,52101.30096884557,annual_anchor_constrained_city_daily_estimate,citywide_daily_estimate__official_annual_total_constrained__three_core_regions_supply_shape
2024-12-04,2024,14555.379528156736,89457.2,3.5232617412387106,51282.41182076379,annual_anchor_constrained_city_daily_estimate,citywide_daily_estimate__official_annual_total_constrained__three_core_regions_supply_shape
2024-12-05,2024,16365.912515040163,89457.2,3.5232617412387106,57661.393424700815,annual_anchor_constrained_city_daily_estimate,citywide_daily_estimate__official_annual_total_constrained__three_core_regions_supply_shape
2024-12-06,2024,14544.566309994469,89457.2,3.5232617412387106,51244.314022913,annual_anchor_constrained_city_daily_estimate,citywide_daily_estimate__official_annual_total_constrained__three_core_regions_supply_shape
2024-12-07,2024,30731.81563872924,89457.2,3.5232617412387106,108276.23027873621,annual_anchor_constrained_city_daily_estimate,citywide_daily_estimate__official_annual_total_constrained__three_core_regions_supply_shape
2024-12-08,2024,32151.470167600386,89457.2,3.5232617412387106,113278.04476608419,annual_anchor_constrained_city_daily_estimate,citywide_daily_estimate__official_annual_total_constrained__three_core_regions_supply_shape
2024-12-09,2024,14433.299646989455,89457.2,3.5232617412387106,50852.29244607213,annual_anchor_constrained_city_daily_estimate,citywide_daily_estimate__official_annual_total_constrained__three_core_regions_supply_shape
2024-12-10,2024,15219.243952751443,89457.2,3.5232617412387106,53621.37994930777,annual_anchor_constrained_city_daily_estimate,citywide_daily_estimate__official_annual_total_constrained__three_core_regions_supply_shape
2024-12-11,2024,15738.1904343283,89457.2,3.5232617412387106,55449.76423359795,annual_anchor_constrained_city_daily_estimate,citywide_daily_estimate__official_annual_total_constrained__three_core_regions_supply_shape
2024-12-12,2024,15739.345091716365,89457.2,3.5232617412387106,55453.83239379755,annual_anchor_constrained_city_daily_estimate,citywide_daily_estimate__official_annual_total_constrained__three_core_regions_supply_shape
2024-12-13,2024,13620.81981745082,89457.2,3.5232617412387106,47989.71334713051,annual_anchor_constrained_city_daily_estimate,citywide_daily_estimate__official_annual_total_constrained__three_core_regions_supply_shape
2024-12-14,2024,29232.55549227366,89457.2,3.5232617412387106,102993.94436456532,annual_anchor_constrained_city_daily_estimate,citywide_daily_estimate__official_annual_total_constrained__three_core_regions_supply_shape
2024-12-15,2024,25123.36661834236,89457.2,3.5232617412387106,88516.1964175194,annual_anchor_constrained_city_daily_estimate,citywide_daily_estimate__official_annual_total_constrained__three_core_regions_supply_shape
2024-12-16,2024,13380.767388000657,89457.2,3.5232617412387106,47143.94580655735,annual_anchor_constrained_city_daily_estimate,citywide_daily_estimate__official_annual_total_constrained__three_core_regions_supply_shape
2024-12-17,2024,13745.950188146744,89457.2,3.5232617412387106,48430.58039487048,annual_anchor_constrained_city_daily_estimate,citywide_daily_estimate__official_annual_total_constrained__three_core_regions_supply_shape
2024-12-18,2024,14113.530465137328,89457.2,3.5232617412387106,49725.66192162533,annual_anchor_constrained_city_daily_estimate,citywide_daily_estimate__official_annual_total_constrained__three_core_regions_supply_shape
2024-12-19,2024,15761.346566670372,89457.2,3.5232617412387106,55531.34934875383,annual_anchor_constrained_city_daily_estimate,citywide_daily_estimate__official_annual_total_constrained__three_core_regions_supply_shape
2024-12-20,2024,15591.64181212761,89457.2,3.5232617412387106,54933.435079767005,annual_anchor_constrained_city_daily_estimate,citywide_daily_estimate__official_annual_total_constrained__three_core_regions_supply_shape
2024-12-21,2024,33297.36438569483,89457.2,3.5232617412387106,117315.33002420301,annual_anchor_constrained_city_daily_estimate,citywide_daily_estimate__official_annual_total_constrained__three_core_regions_supply_shape
2024-12-22,2024,24153.57967146662,89457.2,3.5232617412387106,85099.38317043941,annual_anchor_constrained_city_daily_estimate,citywide_daily_estimate__official_annual_total_constrained__three_core_regions_supply_shape
2024-12-23,2024,14175.32885989589,89457.2,3.5232617412387106,49943.39384154814,annual_anchor_constrained_city_daily_estimate,citywide_daily_estimate__official_annual_total_constrained__three_core_regions_supply_shape
2024-12-24,2024,15428.805422966248,89457.2,3.5232617412387106,54359.71985975333,annual_anchor_constrained_city_daily_estimate,citywide_daily_estimate__official_annual_total_constrained__three_core_regions_supply_shape
2024-12-25,2024,15202.434970248598,89457.2,3.5232617412387106,53562.15750434634,annual_anchor_constrained_city_daily_estimate,citywide_daily_estimate__official_annual_total_constrained__three_core_regions_supply_shape
2024-12-26,2024,14759.74060189044,89457.2,3.5232617412387106,52002.429373248204,annual_anchor_constrained_city_daily_estimate,citywide_daily_estimate__official_annual_total_constrained__three_core_regions_supply_shape
2024-12-27,2024,14069.780125759722,89457.2,3.5232617412387106,49571.51802473,annual_anchor_constrained_city_daily_estimate,citywide_daily_estimate__official_annual_total_constrained__three_core_regions_supply_shape
2024-12-28,2024,28150.074540756326,89457.2,3.5232617412387106,99180.08064246463,annual_anchor_constrained_city_daily_estimate,citywide_daily_estimate__official_annual_total_constrained__three_core_regions_supply_shape
2024-12-29,2024,18512.49983900089,89457.2,3.5232617412387106,65224.38241743963,annual_anchor_constrained_city_daily_estimate,citywide_daily_estimate__official_annual_total_constrained__three_core_regions_supply_shape
2024-12-30,2024,13053.448984249751,89457.2,3.5232617412387106,45990.717397418455,annual_anchor_constrained_city_daily_estimate,citywide_daily_estimate__official_annual_total_constrained__three_core_regions_supply_shape
2024-12-31,2024,13182.558278816978,89457.2,3.5232617412387106,46445.603235405484,annual_anchor_constrained_city_daily_estimate,citywide_daily_estimate__official_annual_total_constrained__three_core_regions_supply_shape
