date,region_code,prediction_q10,prediction_q50,prediction_q90,estimate_label,forecast_method,baseline_scale,visitor_estimate_q10,visitor_estimate_q50,visitor_estimate_q90,forecast_provenance,relative_pressure,pressure_tier,is_weekend,is_holiday,base_service_tier,recommended_action,staff_tier,entry_tier,parking_guidance_tier,shuttle_tier,staff_risk,entry_risk,parking_guidance_risk,shuttle_risk,relative_cost,standardized_service_risk,objective,output_status
2026-01-01,BDH,0.0,0.0156003374002877,0.2633428742642237,anchor_constrained_daily_visitor_forecast,seasonal_calendar_ridge,126542.83990327934,0.0,1974.1109980817585,33324.15517768709,pressure_forecast_scaled_by_latest_available_region_anchor,0.08944586258918244,low,0,1,normal,maintain_normal_staffing__15min_summer_shuttle_baseline_if_operating,0.0,0.0,0.0,0.0,0.0,0.0,0.0,0.0,0.0,0.0,0.0,relative_service_intensity_not_exact_resource_count
2026-01-01,HGA,0.6007024008987376,0.9911730013496568,1.4768938430264875,anchor_constrained_daily_visitor_forecast,seasonal_calendar_ridge,18777.81226850634,11279.876913317528,18612.060544955835,27732.835324864256,pressure_forecast_scaled_by_latest_available_region_anchor,0.760956879658229,low,0,1,normal,maintain_normal_staffing__15min_summer_shuttle_baseline_if_operating,0.0,0.0,0.0,0.0,0.0,0.0,0.0,0.0,0.0,0.0,0.0,relative_service_intensity_not_exact_resource_count
2026-01-01,SHG,0.0,0.0,0.1277178180047143,anchor_constrained_daily_visitor_forecast,seasonal_calendar_ridge,171189.26559227135,0.0,0.0,21863.919467274423,pressure_forecast_scaled_by_latest_available_region_anchor,0.0,low,0,1,normal,maintain_normal_staffing__15min_summer_shuttle_baseline_if_operating,0.0,0.0,0.0,0.0,0.0,0.0,0.0,0.0,0.0,0.0,0.0,relative_service_intensity_not_exact_resource_count
2026-01-02,BDH,0.0,0.0155725694599164,0.2633083326947606,anchor_constrained_daily_visitor_forecast,seasonal_calendar_ridge,126542.83990327934,0.0,1970.597164048904,33319.78418939251,pressure_forecast_scaled_by_latest_available_region_anchor,0.08928665273909332,low,0,1,normal,maintain_normal_staffing__15min_summer_shuttle_baseline_if_operating,0.0,0.0,0.0,0.0,0.0,0.0,0.0,0.0,0.0,0.0,0.0,relative_service_intensity_not_exact_resource_count
2026-01-02,HGA,0.6006586354457504,0.991118559881754,1.4768261212682263,anchor_constrained_daily_visitor_forecast,seasonal_calendar_ridge,18777.81226850634,11279.055093857489,18611.038253291936,27731.563658401134,pressure_forecast_scaled_by_latest_available_region_anchor,0.7609150831106204,low,0,1,normal,maintain_normal_staffing__15min_summer_shuttle_baseline_if_operating,0.0,0.0,0.0,0.0,0.0,0.0,0.0,0.0,0.0,0.0,0.0,relative_service_intensity_not_exact_resource_count
2026-01-02,SHG,0.0,0.0,0.127686984614873,anchor_constrained_daily_visitor_forecast,seasonal_calendar_ridge,171189.26559227135,0.0,0.0,21858.64112191176,pressure_forecast_scaled_by_latest_available_region_anchor,0.0,low,0,1,normal,maintain_normal_staffing__15min_summer_shuttle_baseline_if_operating,0.0,0.0,0.0,0.0,0.0,0.0,0.0,0.0,0.0,0.0,0.0,relative_service_intensity_not_exact_resource_count
2026-01-03,BDH,0.0,0.1677656803128712,0.4526269800283756,anchor_constrained_daily_visitor_forecast,seasonal_calendar_ridge,126542.83990327934,0.0,21229.545625096405,57276.70346963556,pressure_forecast_scaled_by_latest_available_region_anchor,0.9618988104814302,normal,1,1,normal,maintain_normal_staffing__15min_summer_shuttle_baseline_if_operating,0.0,1.0,0.0,0.0,0.0,0.0,0.4,0.0,0.8,0.4,2.4000000000000004,relative_service_intensity_not_exact_resource_count
2026-01-03,HGA,0.840532401701259,1.289506421880246,1.8480018341354376,anchor_constrained_daily_visitor_forecast,seasonal_calendar_ridge,18777.81226850634,15783.359644743,24214.109509100595,34701.43151325064,pressure_forecast_scaled_by_latest_available_region_anchor,0.9899974895977625,normal,1,1,normal,maintain_normal_staffing__15min_summer_shuttle_baseline_if_operating,0.0,1.0,0.0,0.0,0.0,0.0,0.27999999999999997,0.0,0.8,0.27999999999999997,1.92,relative_service_intensity_not_exact_resource_count
2026-01-03,SHG,0.0,0.0424012291280749,0.2966814961033005,anchor_constrained_daily_visitor_forecast,seasonal_calendar_ridge,171189.26559227135,0.0,7258.635274644782,50788.68743274033,pressure_forecast_scaled_by_latest_available_region_anchor,0.8772710972191572,normal,1,1,normal,maintain_normal_staffing__15min_summer_shuttle_baseline_if_operating,0.0,0.0,1.0,0.0,0.0,0.0,0.0,0.0,0.6,0.0,0.6,relative_service_intensity_not_exact_resource_count
2026-01-04,BDH,0.0,0.1678008386675086,0.4526707148078616,anchor_constrained_daily_visitor_forecast,seasonal_calendar_ridge,126542.83990327934,0.0,21233.994663138557,57282.23779283425,pressure_forecast_scaled_by_latest_available_region_anchor,0.9621003939008829,normal,1,0,normal,maintain_normal_staffing__15min_summer_shuttle_baseline_if_operating,0.0,1.0,0.0,0.0,0.0,0.0,0.4,0.0,0.8,0.4,2.4000000000000004,relative_service_intensity_not_exact_resource_count
2026-01-04,HGA,0.840587815293208,1.2895753528996123,1.8480875799834109,anchor_constrained_daily_visitor_forecast,seasonal_calendar_ridge,18777.81226850634,15784.400190769742,24215.40388284173,34703.04163268668,pressure_forecast_scaled_by_latest_available_region_anchor,0.9900504102618011,normal,1,0,normal,maintain_normal_staffing__15min_summer_shuttle_baseline_if_operating,0.0,1.0,0.0,0.0,0.0,0.0,0.27999999999999997,0.0,0.8,0.27999999999999997,1.92,relative_service_intensity_not_exact_resource_count
2026-01-04,SHG,0.0,0.042432613088664,0.2967205357742383,anchor_constrained_daily_visitor_forecast,seasonal_calendar_ridge,171189.26559227135,0.0,7264.0078718094,50795.37060533713,pressure_forecast_scaled_by_latest_available_region_anchor,0.8779204237152803,normal,1,0,normal,maintain_normal_staffing__15min_summer_shuttle_baseline_if_operating,0.0,0.0,1.0,0.0,0.0,0.0,0.0,0.0,0.6,0.0,0.6,relative_service_intensity_not_exact_resource_count
2026-01-05,BDH,0.0,0.0156642918335093,0.2634224295523747,anchor_constrained_daily_visitor_forecast,seasonal_calendar_ridge,126542.83990327934,0.0,1982.203973686024,33334.22232977904,pressure_forecast_scaled_by_latest_available_region_anchor,0.08981255077669578,low,0,0,normal,maintain_normal_staffing__15min_summer_shuttle_baseline_if_operating,0.0,0.0,0.0,0.0,0.0,0.0,0.0,0.0,0.0,0.0,0.0,relative_service_intensity_not_exact_resource_count
2026-01-05,HGA,0.6008032004072017,0.9912983895915248,1.477049818104525,anchor_constrained_daily_visitor_forecast,seasonal_calendar_ridge,18777.81226850634,11281.769707564225,18614.41506182231,27735.764195598207,pressure_forecast_scaled_by_latest_available_region_anchor,0.7610531444325396,low,0,0,normal,maintain_normal_staffing__15min_summer_shuttle_baseline_if_operating,0.0,0.0,0.0,0.0,0.0,0.0,0.0,0.0,0.0,0.0,0.0,relative_service_intensity_not_exact_resource_count
2026-01-05,SHG,0.0,0.0,0.127788832705309,anchor_constrained_daily_visitor_forecast,seasonal_calendar_ridge,171189.26559227135,0.0,0.0,21876.076421715487,pressure_forecast_scaled_by_latest_available_region_anchor,0.0,low,0,0,normal,maintain_normal_staffing__15min_summer_shuttle_baseline_if_operating,0.0,0.0,0.0,0.0,0.0,0.0,0.0,0.0,0.0,0.0,0.0,relative_service_intensity_not_exact_resource_count
2026-01-06,BDH,0.0,0.0157531866428339,0.2635330090980715,anchor_constrained_daily_visitor_forecast,seasonal_calendar_ridge,126542.83990327934,0.0,1993.452975310614,33348.21537952672,pressure_forecast_scaled_by_latest_available_region_anchor,0.09032223673384625,low,0,0,normal,maintain_normal_staffing__15min_summer_shuttle_baseline_if_operating,0.0,0.0,0.0,0.0,0.0,0.0,0.0,0.0,0.0,0.0,0.0,relative_service_intensity_not_exact_resource_count
2026-01-06,HGA,0.6009433088036575,0.9914726756150408,1.4772666189441708,anchor_constrained_daily_visitor_forecast,seasonal_calendar_ridge,18777.81226850634,11284.400636730114,18617.687772052923,27739.835241064728,pressure_forecast_scaled_by_latest_available_region_anchor,0.7611869496799004,low,0,0,normal,maintain_normal_staffing__15min_summer_shuttle_baseline_if_operating,0.0,0.0,0.0,0.0,0.0,0.0,0.0,0.0,0.0,0.0,0.0,relative_service_intensity_not_exact_resource_count
2026-01-06,SHG,0.0,0.0,0.127887541081736,anchor_constrained_daily_visitor_forecast,seasonal_calendar_ridge,171189.26559227135,0.0,0.0,21892.974236183825,pressure_forecast_scaled_by_latest_available_region_anchor,0.0,low,0,0,normal,maintain_normal_staffing__15min_summer_shuttle_baseline_if_operating,0.0,0.0,0.0,0.0,0.0,0.0,0.0,0.0,0.0,0.0,0.0,relative_service_intensity_not_exact_resource_count
2026-01-07,BDH,0.0,0.0158712158031102,0.2636798299419599,anchor_constrained_daily_visitor_forecast,seasonal_calendar_ridge,126542.83990327934,0.0,2008.388720443373,33366.79450606935,pressure_forecast_scaled_by_latest_available_region_anchor,0.09099896697247514,low,0,0,normal,maintain_normal_staffing__15min_summer_shuttle_baseline_if_operating,0.0,0.0,0.0,0.0,0.0,0.0,0.0,0.0,0.0,0.0,0.0,relative_service_intensity_not_exact_resource_count
2026-01-07,HGA,0.6011293362726067,0.9917040820735264,1.477554474008432,anchor_constrained_daily_visitor_forecast,seasonal_calendar_ridge,18777.81226850634,11287.893825618828,18622.03307908808,27745.240529421968,pressure_forecast_scaled_by_latest_available_region_anchor,0.7613646082080706,low,0,0,normal,maintain_normal_staffing__15min_summer_shuttle_baseline_if_operating,0.0,0.0,0.0,0.0,0.0,0.0,0.0,0.0,0.0,0.0,0.0,relative_service_intensity_not_exact_resource_count
2026-01-07,SHG,0.0,0.0,0.1280186001038592,anchor_constrained_daily_visitor_forecast,seasonal_calendar_ridge,171189.26559227135,0.0,0.0,21915.41013393033,pressure_forecast_scaled_by_latest_available_region_anchor,0.0,low,0,0,normal,maintain_normal_staffing__15min_summer_shuttle_baseline_if_operating,0.0,0.0,0.0,0.0,0.0,0.0,0.0,0.0,0.0,0.0,0.0,relative_service_intensity_not_exact_resource_count
2026-01-08,BDH,0.0,0.0160183545346324,0.2638628612596461,anchor_constrained_daily_visitor_forecast,seasonal_calendar_ridge,126542.83990327934,0.0,2027.0080733899567,33389.9558088006,pressure_forecast_scaled_by_latest_available_region_anchor,0.0918425994160297,low,0,0,normal,maintain_normal_staffing__15min_summer_shuttle_baseline_if_operating,0.0,0.0,0.0,0.0,0.0,0.0,0.0,0.0,0.0,0.0,0.0,relative_service_intensity_not_exact_resource_count
2026-01-08,HGA,0.6013612437583955,0.9919925603842068,1.477913322863397,anchor_constrained_daily_visitor_forecast,seasonal_calendar_ridge,18777.81226850634,11292.24854085063,18627.45007064957,27751.978925853266,pressure_forecast_scaled_by_latest_available_region_anchor,0.7615860827184189,low,0,0,normal,maintain_normal_staffing__15min_summer_shuttle_baseline_if_operating,0.0,0.0,0.0,0.0,0.0,0.0,0.0,0.0,0.0,0.0,0.0,relative_service_intensity_not_exact_resource_count
2026-01-08,SHG,0.0,0.0,0.1281819822564104,anchor_constrained_daily_visitor_forecast,seasonal_calendar_ridge,171189.26559227135,0.0,0.0,21943.379404636467,pressure_forecast_scaled_by_latest_available_region_anchor,0.0,low,0,0,normal,maintain_normal_staffing__15min_summer_shuttle_baseline_if_operating,0.0,0.0,0.0,0.0,0.0,0.0,0.0,0.0,0.0,0.0,0.0,relative_service_intensity_not_exact_resource_count
2026-01-09,BDH,0.0,0.0161945719303206,0.2640820646046685,anchor_constrained_daily_visitor_forecast,seasonal_calendar_ridge,126542.83990327934,0.0,2049.307123080704,33417.69442259604,pressure_forecast_scaled_by_latest_available_region_anchor,0.09285295685613618,low,0,0,normal,maintain_normal_staffing__15min_summer_shuttle_baseline_if_operating,0.0,0.0,0.0,0.0,0.0,0.0,0.0,0.0,0.0,0.0,0.0,relative_service_intensity_not_exact_resource_count
2026-01-09,HGA,0.6016389825479278,0.992338049951058,1.4783430901314265,anchor_constrained_daily_visitor_forecast,seasonal_calendar_ridge,18777.81226850634,11297.46386770015,18633.93760887664,27760.049014931472,pressure_forecast_scaled_by_latest_available_region_anchor,0.7618513266893382,low,0,0,normal,maintain_normal_staffing__15min_summer_shuttle_baseline_if_operating,0.0,0.0,0.0,0.0,0.0,0.0,0.0,0.0,0.0,0.0,0.0,relative_service_intensity_not_exact_resource_count
2026-01-09,SHG,0.0,0.0,0.1283776532203141,anchor_constrained_daily_visitor_forecast,seasonal_calendar_ridge,171189.26559227135,0.0,0.0,21976.876173244866,pressure_forecast_scaled_by_latest_available_region_anchor,0.0,low,0,0,normal,maintain_normal_staffing__15min_summer_shuttle_baseline_if_operating,0.0,0.0,0.0,0.0,0.0,0.0,0.0,0.0,0.0,0.0,0.0,relative_service_intensity_not_exact_resource_count
2026-01-10,BDH,0.0,0.1687152986573918,0.4538082454579359,anchor_constrained_daily_visitor_forecast,seasonal_calendar_ridge,126542.83990327934,0.0,21349.713027236296,57426.18415177168,pressure_forecast_scaled_by_latest_available_region_anchor,0.9673435281036652,normal,1,0,normal,maintain_normal_staffing__15min_summer_shuttle_baseline_if_operating,0.0,1.0,0.0,0.0,0.0,0.0,0.4,0.0,0.8,0.4,2.4000000000000004,relative_service_intensity_not_exact_resource_count
2026-01-10,HGA,0.8420291089275511,1.2913682314322554,1.8503178079926237,anchor_constrained_daily_visitor_forecast,seasonal_calendar_ridge,18777.81226850634,15811.46453205923,24249.07021934794,34744.920435559645,pressure_forecast_scaled_by_latest_available_region_anchor,0.9914268634661849,normal,1,0,normal,maintain_normal_staffing__15min_summer_shuttle_baseline_if_operating,0.0,1.0,0.0,0.0,0.0,0.0,0.27999999999999997,0.0,0.8,0.27999999999999997,1.92,relative_service_intensity_not_exact_resource_count
2026-01-10,SHG,0.0,0.0432489020355932,0.2977359478280423,anchor_constrained_daily_visitor_forecast,seasonal_calendar_ridge,171189.26559227135,0.0,7403.747777145305,50969.19824910138,pressure_forecast_scaled_by_latest_available_region_anchor,0.8948092430926019,normal,1,0,normal,maintain_normal_staffing__15min_summer_shuttle_baseline_if_operating,0.0,0.0,1.0,0.0,0.0,0.0,0.0,0.0,0.6,0.0,0.6,relative_service_intensity_not_exact_resource_count
2026-01-11,BDH,0.0,0.1689846614451412,0.4541433158059492,anchor_constrained_daily_visitor_forecast,seasonal_calendar_ridge,126542.83990327934,0.0,21383.79895936237,57468.58490517666,pressure_forecast_scaled_by_latest_available_region_anchor,0.9688879425789079,normal,1,0,normal,maintain_normal_staffing__15min_summer_shuttle_baseline_if_operating,0.0,1.0,0.0,0.0,0.0,0.0,0.4,0.0,0.8,0.4,2.4000000000000004,relative_service_intensity_not_exact_resource_count
2026-01-11,HGA,0.8424536555185522,1.2918963406606432,1.850974742621283,anchor_constrained_daily_visitor_forecast,seasonal_calendar_ridge,18777.81226850634,15819.436588244283,24258.98695529587,34757.256230689294,pressure_forecast_scaled_by_latest_available_region_anchor,0.9918323106989135,normal,1,0,normal,maintain_normal_staffing__15min_summer_shuttle_baseline_if_operating,0.0,1.0,0.0,0.0,0.0,0.0,0.27999999999999997,0.0,0.8,0.27999999999999997,1.92,relative_service_intensity_not_exact_resource_count
2026-01-11,SHG,0.0,0.0434893476196389,0.2980350469953683,anchor_constrained_daily_visitor_forecast,seasonal_calendar_ridge,171189.26559227135,0.0,7444.909480092991,51020.40081589518,pressure_forecast_scaled_by_latest_available_region_anchor,0.8997840036284372,normal,1,0,normal,maintain_normal_staffing__15min_summer_shuttle_baseline_if_operating,0.0,0.0,1.0,0.0,0.0,0.0,0.0,0.0,0.6,0.0,0.6,relative_service_intensity_not_exact_resource_count
2026-01-12,BDH,0.0,0.0168972950315381,0.2649562078968779,anchor_constrained_daily_visitor_forecast,seasonal_calendar_ridge,126542.83990327934,0.0,2138.231699974412,33528.31099727462,pressure_forecast_scaled_by_latest_available_region_anchor,0.0968820795819427,low,0,0,normal,maintain_normal_staffing__15min_summer_shuttle_baseline_if_operating,0.0,0.0,0.0,0.0,0.0,0.0,0.0,0.0,0.0,0.0,0.0,relative_service_intensity_not_exact_resource_count
2026-01-12,HGA,0.6027465546054218,0.9937157998542838,1.480056924263477,anchor_constrained_daily_visitor_forecast,seasonal_calendar_ridge,18777.81226850634,11318.261647869616,18659.80873791236,27792.23107052247,pressure_forecast_scaled_by_latest_available_region_anchor,0.7629090716701642,low,0,0,normal,maintain_normal_staffing__15min_summer_shuttle_baseline_if_operating,0.0,0.0,0.0,0.0,0.0,0.0,0.0,0.0,0.0,0.0,0.0,relative_service_intensity_not_exact_resource_count
2026-01-12,SHG,0.0,0.0,0.1291579536329696,anchor_constrained_daily_visitor_forecast,seasonal_calendar_ridge,171189.26559227135,0.0,0.0,22110.455227828712,pressure_forecast_scaled_by_latest_available_region_anchor,0.0,low,0,0,normal,maintain_normal_staffing__15min_summer_shuttle_baseline_if_operating,0.0,0.0,0.0,0.0,0.0,0.0,0.0,0.0,0.0,0.0,0.0,relative_service_intensity_not_exact_resource_count
2026-01-13,BDH,0.0,0.0171893953094858,0.2653195622510724,anchor_constrained_daily_visitor_forecast,seasonal_calendar_ridge,126542.83990327934,0.0,2175.194898682452,33574.29088914562,pressure_forecast_scaled_by_latest_available_region_anchor,0.09855686139294957,low,0,0,normal,maintain_normal_staffing__15min_summer_shuttle_baseline_if_operating,0.0,0.0,0.0,0.0,0.0,0.0,0.0,0.0,0.0,0.0,0.0,relative_service_intensity_not_exact_resource_count
2026-01-13,HGA,0.6032069380840357,0.994288487914456,1.4807693121520495,anchor_constrained_daily_visitor_forecast,seasonal_calendar_ridge,18777.81226850634,11326.90664240255,18670.562566794688,27805.60815655645,pressure_forecast_scaled_by_latest_available_region_anchor,0.763348743572741,low,0,0,normal,maintain_normal_staffing__15min_summer_shuttle_baseline_if_operating,0.0,0.0,0.0,0.0,0.0,0.0,0.0,0.0,0.0,0.0,0.0,relative_service_intensity_not_exact_resource_count
2026-01-13,SHG,0.0,0.0,0.1294823004020235,anchor_constrained_daily_visitor_forecast,seasonal_calendar_ridge,171189.26559227135,0.0,0.0,22165.979913020263,pressure_forecast_scaled_by_latest_available_region_anchor,0.0,low,0,0,normal,maintain_normal_staffing__15min_summer_shuttle_baseline_if_operating,0.0,0.0,0.0,0.0,0.0,0.0,0.0,0.0,0.0,0.0,0.0,relative_service_intensity_not_exact_resource_count
2026-01-14,BDH,0.0,0.0175103276389616,0.2657187818620092,anchor_constrained_daily_visitor_forecast,seasonal_calendar_ridge,126542.83990327934,0.0,2215.80658707109,33624.80927245864,pressure_forecast_scaled_by_latest_available_region_anchor,0.10039695422595367,low,0,0,normal,maintain_normal_staffing__15min_summer_shuttle_baseline_if_operating,0.0,0.0,0.0,0.0,0.0,0.0,0.0,0.0,0.0,0.0,0.0,relative_service_intensity_not_exact_resource_count
2026-01-14,HGA,0.6037127641766431,0.9949177037252228,1.4815520170031935,anchor_constrained_daily_visitor_forecast,seasonal_calendar_ridge,18777.81226850634,11336.404949810045,18682.37786316564,27820.305641312883,pressure_forecast_scaled_by_latest_available_region_anchor,0.7638318137323806,low,0,0,normal,maintain_normal_staffing__15min_summer_shuttle_baseline_if_operating,0.0,0.0,0.0,0.0,0.0,0.0,0.0,0.0,0.0,0.0,0.0,relative_service_intensity_not_exact_resource_count
2026-01-14,SHG,0.0,0.0,0.1298386621449213,anchor_constrained_daily_visitor_forecast,seasonal_calendar_ridge,171189.26559227135,0.0,0.0,22226.98521807212,pressure_forecast_scaled_by_latest_available_region_anchor,0.0,low,0,0,normal,maintain_normal_staffing__15min_summer_shuttle_baseline_if_operating,0.0,0.0,0.0,0.0,0.0,0.0,0.0,0.0,0.0,0.0,0.0,relative_service_intensity_not_exact_resource_count
2026-01-15,BDH,0.0,0.0178600242383119,0.2661537824135791,anchor_constrained_daily_visitor_forecast,seasonal_calendar_ridge,126542.83990327934,0.0,2260.0581878574,33679.85547761379,pressure_forecast_scaled_by_latest_available_region_anchor,0.10240196944907423,low,0,0,normal,maintain_normal_staffing__15min_summer_shuttle_baseline_if_operating,0.0,0.0,0.0,0.0,0.0,0.0,0.0,0.0,0.0,0.0,0.0,relative_service_intensity_not_exact_resource_count
2026-01-15,HGA,0.6042639260515981,0.9956033143947436,1.482404873507826,anchor_constrained_daily_visitor_forecast,seasonal_calendar_ridge,18777.81226850634,11346.754564027506,18695.25213160719,27836.32042064884,pressure_forecast_scaled_by_latest_available_region_anchor,0.7643581801235442,low,0,0,normal,maintain_normal_staffing__15min_summer_shuttle_baseline_if_operating,0.0,0.0,0.0,0.0,0.0,0.0,0.0,0.0,0.0,0.0,0.0,relative_service_intensity_not_exact_resource_count
2026-01-15,SHG,0.0,0.0,0.1302269635972351,anchor_constrained_daily_visitor_forecast,seasonal_calendar_ridge,171189.26559227135,0.0,0.0,22293.458258522147,pressure_forecast_scaled_by_latest_available_region_anchor,0.0,low,0,0,normal,maintain_normal_staffing__15min_summer_shuttle_baseline_if_operating,0.0,0.0,0.0,0.0,0.0,0.0,0.0,0.0,0.0,0.0,0.0,relative_service_intensity_not_exact_resource_count
2026-01-16,BDH,0.0,0.0182384111549952,0.2666244719134766,anchor_constrained_daily_visitor_forecast,seasonal_calendar_ridge,126542.83990327934,0.0,2307.940342876754,33739.41786364347,pressure_forecast_scaled_by_latest_available_region_anchor,0.10457148304911837,low,0,0,normal,maintain_normal_staffing__15min_summer_shuttle_baseline_if_operating,0.0,0.0,0.0,0.0,0.0,0.0,0.0,0.0,0.0,0.0,0.0,relative_service_intensity_not_exact_resource_count
2026-01-16,HGA,0.6048603071512284,0.9963451749326124,1.4833277013070107,anchor_constrained_daily_visitor_forecast,seasonal_calendar_ridge,18777.81226850634,11357.953296356847,18709.182649516704,27853.64910781809,pressure_forecast_scaled_by_latest_available_region_anchor,0.7649277314322154,low,0,0,normal,maintain_normal_staffing__15min_summer_shuttle_baseline_if_operating,0.0,0.0,0.0,0.0,0.0,0.0,0.0,0.0,0.0,0.0,0.0,relative_service_intensity_not_exact_resource_count
2026-01-16,SHG,0.0,0.0,0.1306471226424123,anchor_constrained_daily_visitor_forecast,seasonal_calendar_ridge,171189.26559227135,0.0,0.0,22365.38497689797,pressure_forecast_scaled_by_latest_available_region_anchor,0.0,low,0,0,normal,maintain_normal_staffing__15min_summer_shuttle_baseline_if_operating,0.0,0.0,0.0,0.0,0.0,0.0,0.0,0.0,0.0,0.0,0.0,relative_service_intensity_not_exact_resource_count
2026-01-17,BDH,0.0,0.1712973932924222,0.4570202086069357,anchor_constrained_daily_visitor_forecast,seasonal_calendar_ridge,126542.83990327934,0.0,21676.458615252068,57832.6350903108,pressure_forecast_scaled_by_latest_available_region_anchor,0.9821481875152582,normal,1,0,normal,maintain_normal_staffing__15min_summer_shuttle_baseline_if_operating,0.0,1.0,0.0,0.0,0.0,0.0,0.4,0.0,0.8,0.4,2.4000000000000004,relative_service_intensity_not_exact_resource_count
2026-01-17,HGA,0.846098785678763,1.2964306530708334,1.8566151417646752,anchor_constrained_daily_visitor_forecast,seasonal_calendar_ridge,18777.81226850634,15887.88415808699,24344.13142250118,34863.17058692336,pressure_forecast_scaled_by_latest_available_region_anchor,0.9953134549778191,normal,1,0,normal,maintain_normal_staffing__15min_summer_shuttle_baseline_if_operating,0.0,1.0,0.0,0.0,0.0,0.0,0.27999999999999997,0.0,0.8,0.27999999999999997,1.92,relative_service_intensity_not_exact_resource_count
2026-01-17,SHG,0.0,0.0455537981861288,0.3006030935156381,anchor_constrained_daily_visitor_forecast,seasonal_calendar_ridge,171189.26559227135,0.0,7798.321256421942,51460.02281370696,pressure_forecast_scaled_by_latest_available_region_anchor,0.9424969827297935,normal,1,0,normal,maintain_normal_staffing__15min_summer_shuttle_baseline_if_operating,0.0,1.0,0.0,0.0,0.0,0.0,0.32000000000000006,0.0,0.8,0.32000000000000006,2.08,relative_service_intensity_not_exact_resource_count
2026-01-18,BDH,0.0,0.1717981804815087,0.4576431563389882,anchor_constrained_daily_visitor_forecast,seasonal_calendar_ridge,126542.83990327934,0.0,21739.829648346244,57911.464665436026,pressure_forecast_scaled_by_latest_available_region_anchor,0.9850194934974364,normal,1,0,normal,maintain_normal_staffing__15min_summer_shuttle_baseline_if_operating,0.0,1.0,0.0,0.0,0.0,0.0,0.4,0.0,0.8,0.4,2.4000000000000004,relative_service_intensity_not_exact_resource_count
2026-01-18,HGA,0.8468880836204729,1.2974124900135853,1.8578364851018487,anchor_constrained_daily_visitor_forecast,seasonal_calendar_ridge,18777.81226850634,15902.705446660337,24362.56817229046,34886.10474282419,pressure_forecast_scaled_by_latest_available_region_anchor,0.9960672442510058,normal,1,0,normal,maintain_normal_staffing__15min_summer_shuttle_baseline_if_operating,0.0,1.0,0.0,0.0,0.0,0.0,0.27999999999999997,0.0,0.8,0.27999999999999997,1.92,relative_service_intensity_not_exact_resource_count
2026-01-18,SHG,0.0,0.0460008238097072,0.3011591652451996,anchor_constrained_daily_visitor_forecast,seasonal_calendar_ridge,171189.26559227135,0.0,7874.8472446232545,51555.21632470721,pressure_forecast_scaled_by_latest_available_region_anchor,0.9517458339387326,normal,1,0,normal,maintain_normal_staffing__15min_summer_shuttle_baseline_if_operating,0.0,1.0,0.0,0.0,0.0,0.0,0.32000000000000006,0.0,0.8,0.32000000000000006,2.08,relative_service_intensity_not_exact_resource_count
2026-01-19,BDH,0.0,0.0195448815276367,0.2682496387974685,anchor_constrained_daily_visitor_forecast,seasonal_calendar_ridge,126542.83990327934,0.0,2473.264814080304,33945.071096460575,pressure_forecast_scaled_by_latest_available_region_anchor,0.11206224215449342,low,0,0,normal,maintain_normal_staffing__15min_summer_shuttle_baseline_if_operating,0.0,0.0,0.0,0.0,0.0,0.0,0.0,0.0,0.0,0.0,0.0,relative_service_intensity_not_exact_resource_count
2026-01-19,HGA,0.6069194540273939,0.9989066239960562,1.4865139826648686,anchor_constrained_daily_visitor_forecast,seasonal_calendar_ridge,18777.81226850634,11396.619569830766,18757.281059165394,27913.480500990587,pressure_forecast_scaled_by_latest_available_region_anchor,0.7668942421060004,low,0,0,normal,maintain_normal_staffing__15min_summer_shuttle_baseline_if_operating,0.0,0.0,0.0,0.0,0.0,0.0,0.0,0.0,0.0,0.0,0.0,relative_service_intensity_not_exact_resource_count
2026-01-19,SHG,0.0,0.0,0.1320978211737799,anchor_constrained_daily_visitor_forecast,seasonal_calendar_ridge,171189.26559227135,0.0,0.0,22613.72899307858,pressure_forecast_scaled_by_latest_available_region_anchor,0.0,low,0,0,normal,maintain_normal_staffing__15min_summer_shuttle_baseline_if_operating,0.0,0.0,0.0,0.0,0.0,0.0,0.0,0.0,0.0,0.0,0.0,relative_service_intensity_not_exact_resource_count
2026-01-20,BDH,0.0,0.0200371664438125,0.2688620102373504,anchor_constrained_daily_visitor_forecast,seasonal_calendar_ridge,126542.83990327934,0.0,2535.5599454147296,34022.56231753889,pressure_forecast_scaled_by_latest_available_region_anchor,0.11488479963111377,low,0,0,normal,maintain_normal_staffing__15min_summer_shuttle_baseline_if_operating,0.0,0.0,0.0,0.0,0.0,0.0,0.0,0.0,0.0,0.0,0.0,relative_service_intensity_not_exact_resource_count
2026-01-20,HGA,0.607695351413629,0.9998717914915394,1.487714590259202,anchor_constrained_daily_visitor_forecast,seasonal_calendar_ridge,18777.81226850634,11411.189225289112,18775.40479320324,27936.02528500512,pressure_forecast_scaled_by_latest_available_region_anchor,0.7676352336833642,low,0,0,normal,maintain_normal_staffing__15min_summer_shuttle_baseline_if_operating,0.0,0.0,0.0,0.0,0.0,0.0,0.0,0.0,0.0,0.0,0.0,relative_service_intensity_not_exact_resource_count
2026-01-20,SHG,0.0,0.0,0.1326444520196572,anchor_constrained_daily_visitor_forecast,seasonal_calendar_ridge,171189.26559227135,0.0,0.0,22707.30632613439,pressure_forecast_scaled_by_latest_available_region_anchor,0.0,low,0,0,normal,maintain_normal_staffing__15min_summer_shuttle_baseline_if_operating,0.0,0.0,0.0,0.0,0.0,0.0,0.0,0.0,0.0,0.0,0.0,relative_service_intensity_not_exact_resource_count
2026-01-21,BDH,0.0,0.0205576790165088,0.26950949510464,anchor_constrained_daily_visitor_forecast,seasonal_calendar_ridge,126542.83990327934,0.0,2601.4270845690867,34104.49689144011,pressure_forecast_scaled_by_latest_available_region_anchor,0.11786920277950208,low,0,0,normal,maintain_normal_staffing__15min_summer_shuttle_baseline_if_operating,0.0,0.0,0.0,0.0,0.0,0.0,0.0,0.0,0.0,0.0,0.0,relative_service_intensity_not_exact_resource_count
2026-01-21,HGA,0.608515738818133,1.000892301768514,1.488984040789151,anchor_constrained_daily_visitor_forecast,seasonal_calendar_ridge,18777.81226850634,11426.594305958335,18794.56774360235,27959.862788740666,pressure_forecast_scaled_by_latest_available_region_anchor,0.76841871377712,low,0,0,normal,maintain_normal_staffing__15min_summer_shuttle_baseline_if_operating,0.0,0.0,0.0,0.0,0.0,0.0,0.0,0.0,0.0,0.0,0.0,relative_service_intensity_not_exact_resource_count
2026-01-21,SHG,0.0,0.0,0.1332224267220167,anchor_constrained_daily_visitor_forecast,seasonal_calendar_ridge,171189.26559227135,0.0,0.0,22806.249390962224,pressure_forecast_scaled_by_latest_available_region_anchor,0.0,low,0,0,normal,maintain_normal_staffing__15min_summer_shuttle_baseline_if_operating,0.0,0.0,0.0,0.0,0.0,0.0,0.0,0.0,0.0,0.0,0.0,relative_service_intensity_not_exact_resource_count
2026-01-22,BDH,0.0,0.0211063080591534,0.2701919550902418,anchor_constrained_daily_visitor_forecast,seasonal_calendar_ridge,126542.83990327934,0.0,2670.852161678745,34190.857316138514,pressure_forecast_scaled_by_latest_available_region_anchor,0.12101481410197985,low,0,0,normal,maintain_normal_staffing__15min_summer_shuttle_baseline_if_operating,0.0,0.0,0.0,0.0,0.0,0.0,0.0,0.0,0.0,0.0,0.0,relative_service_intensity_not_exact_resource_count
2026-01-22,HGA,0.609380440998138,1.001967936836012,1.4903220630876763,anchor_constrained_daily_visitor_forecast,seasonal_calendar_ridge,18777.81226850634,11442.83152116264,18814.765816969248,27984.98792027345,pressure_forecast_scaled_by_latest_available_region_anchor,0.7692445150282635,low,0,0,normal,maintain_normal_staffing__15min_summer_shuttle_baseline_if_operating,0.0,0.0,0.0,0.0,0.0,0.0,0.0,0.0,0.0,0.0,0.0,relative_service_intensity_not_exact_resource_count
2026-01-22,SHG,0.0,0.0,0.1338316218198135,anchor_constrained_daily_visitor_forecast,seasonal_calendar_ridge,171189.26559227135,0.0,0.0,22910.53705235648,pressure_forecast_scaled_by_latest_available_region_anchor,0.0,low,0,0,normal,maintain_normal_staffing__15min_summer_shuttle_baseline_if_operating,0.0,0.0,0.0,0.0,0.0,0.0,0.0,0.0,0.0,0.0,0.0,relative_service_intensity_not_exact_resource_count
2026-01-23,BDH,0.0,0.0216829361397994,0.2709092441162081,anchor_constrained_daily_visitor_forecast,seasonal_calendar_ridge,126542.83990327934,0.0,2743.820316571672,34281.62510651574,pressure_forecast_scaled_by_latest_available_region_anchor,0.12432096029248328,low,0,0,normal,maintain_normal_staffing__15min_summer_shuttle_baseline_if_operating,0.0,0.0,0.0,0.0,0.0,0.0,0.0,0.0,0.0,0.0,0.0,relative_service_intensity_not_exact_resource_count
2026-01-23,HGA,0.6102892728674523,1.003098466458463,1.4917283707562272,anchor_constrained_daily_visitor_forecast,seasonal_calendar_ridge,18777.81226850634,11459.897395388258,18835.99468998362,28011.395301665256,pressure_forecast_scaled_by_latest_available_region_anchor,0.7701124606771969,low,0,0,normal,maintain_normal_staffing__15min_summer_shuttle_baseline_if_operating,0.0,0.0,0.0,0.0,0.0,0.0,0.0,0.0,0.0,0.0,0.0,relative_service_intensity_not_exact_resource_count
2026-01-23,SHG,0.0,0.0,0.1344719069171688,anchor_constrained_daily_visitor_forecast,seasonal_calendar_ridge,171189.26559227135,0.0,0.0,23020.14698794241,pressure_forecast_scaled_by_latest_available_region_anchor,0.0,low,0,0,normal,maintain_normal_staffing__15min_summer_shuttle_baseline_if_operating,0.0,0.0,0.0,0.0,0.0,0.0,0.0,0.0,0.0,0.0,0.0,relative_service_intensity_not_exact_resource_count
2026-01-24,BDH,0.0,0.1754852114943728,0.4622295907716672,anchor_constrained_daily_visitor_forecast,seasonal_calendar_ridge,126542.83990327934,0.0,22206.39702352554,58491.845103577405,pressure_forecast_scaled_by_latest_available_region_anchor,1.0061593996979665,high,1,0,surge,intensify_parking_guidance__open_surge_window_security_teams__prepare_outer_transfer,1.0,1.0,1.0,0.0,0.0,0.0,0.0,0.0,2.4,0.0,2.4,relative_service_intensity_not_exact_resource_count
2026-01-24,HGA,0.8526992665997806,1.3046412357490844,1.866828589651743,anchor_constrained_daily_visitor_forecast,seasonal_calendar_ridge,18777.81226850634,16011.826749703718,24498.30820264843,35054.95679396088,pressure_forecast_scaled_by_latest_available_region_anchor,1.0016169956982688,high,1,0,surge,intensify_parking_guidance__open_surge_window_security_teams__prepare_outer_transfer,1.0,1.0,1.0,0.0,0.0,0.0,0.0,0.0,2.4,0.0,2.4,relative_service_intensity_not_exact_resource_count
2026-01-24,SHG,0.0,0.049292036871058,0.3052532270681665,anchor_constrained_daily_visitor_forecast,seasonal_calendar_ridge,171189.26559227135,0.0,8438.267591503592,52256.07576147027,pressure_forecast_scaled_by_latest_available_region_anchor,1.0198402300891853,high,1,0,surge,intensify_parking_guidance__open_surge_window_security_teams__prepare_outer_transfer,1.0,1.0,1.0,0.0,0.0,0.0,0.0,0.0,2.4,0.0,2.4,relative_service_intensity_not_exact_resource_count
2026-01-25,BDH,0.0,0.1762122077430398,0.4631339283309884,anchor_constrained_daily_visitor_forecast,seasonal_calendar_ridge,126542.83990327934,0.0,22298.39319343089,58606.28254656511,pressure_forecast_scaled_by_latest_available_region_anchor,1.0103276945811217,high,1,0,surge,intensify_parking_guidance__open_surge_window_security_teams__prepare_outer_transfer,1.0,1.0,1.0,0.0,0.0,0.0,0.0,0.0,2.4,0.0,2.4,relative_service_intensity_not_exact_resource_count
2026-01-25,HGA,0.8538450959165218,1.3060665752740137,1.8686016222767967,anchor_constrained_daily_visitor_forecast,seasonal_calendar_ridge,18777.81226850634,16033.342917505235,24525.07296066643,35088.25046774008,pressure_forecast_scaled_by_latest_available_region_anchor,1.002711276833718,high,1,0,surge,intensify_parking_guidance__open_surge_window_security_teams__prepare_outer_transfer,1.0,1.0,1.0,0.0,0.0,0.0,0.0,0.0,2.4,0.0,2.4,relative_service_intensity_not_exact_resource_count
2026-01-25,SHG,0.0,0.0499409870808115,0.3060604802691087,anchor_constrained_daily_visitor_forecast,seasonal_calendar_ridge,171189.26559227135,0.0,8549.360901317239,52394.268844086575,pressure_forecast_scaled_by_latest_available_region_anchor,1.0332668517758212,high,1,0,surge,intensify_parking_guidance__open_surge_window_security_teams__prepare_outer_transfer,1.0,1.0,1.0,0.0,0.0,0.0,0.0,0.0,2.4,0.0,2.4,relative_service_intensity_not_exact_resource_count
2026-01-26,BDH,0.0,0.0235795463443858,0.2732685077940386,anchor_constrained_daily_visitor_forecast,seasonal_calendar_ridge,126542.83990327934,0.0,2983.822758049572,34580.17303238907,pressure_forecast_scaled_by_latest_available_region_anchor,0.1351953363647306,low,0,0,normal,maintain_normal_staffing__15min_summer_shuttle_baseline_if_operating,0.0,0.0,0.0,0.0,0.0,0.0,0.0,0.0,0.0,0.0,0.0,relative_service_intensity_not_exact_resource_count
2026-01-26,HGA,0.6132785476798472,1.0068169361107318,1.4963539128768475,anchor_constrained_daily_visitor_forecast,seasonal_calendar_ridge,18777.81226850634,11516.029436634386,18905.819415040063,28098.252863246333,pressure_forecast_scaled_by_latest_available_region_anchor,0.7729672550065836,low,0,0,normal,maintain_normal_staffing__15min_summer_shuttle_baseline_if_operating,0.0,0.0,0.0,0.0,0.0,0.0,0.0,0.0,0.0,0.0,0.0,relative_service_intensity_not_exact_resource_count
2026-01-26,SHG,0.0,0.0,0.1365778939307185,anchor_constrained_daily_visitor_forecast,seasonal_calendar_ridge,171189.26559227135,0.0,0.0,23380.669358138835,pressure_forecast_scaled_by_latest_available_region_anchor,0.0,low,0,0,normal,maintain_normal_staffing__15min_summer_shuttle_baseline_if_operating,0.0,0.0,0.0,0.0,0.0,0.0,0.0,0.0,0.0,0.0,0.0,relative_service_intensity_not_exact_resource_count
2026-01-27,BDH,0.0,0.0242668709049931,0.2741234962712705,anchor_constrained_daily_visitor_forecast,seasonal_calendar_ridge,126542.83990327934,0.0,3070.798759884092,34688.36570238257,pressure_forecast_scaled_by_latest_available_region_anchor,0.13913617024702316,low,0,0,normal,maintain_normal_staffing__15min_summer_shuttle_baseline_if_operating,0.0,0.0,0.0,0.0,0.0,0.0,0.0,0.0,0.0,0.0,0.0,relative_service_intensity_not_exact_resource_count
2026-01-27,HGA,0.6143618498744654,1.008164495832648,1.49803019232422,anchor_constrained_daily_visitor_forecast,seasonal_calendar_ridge,18777.81226850634,11536.371481874989,18931.12363851881,28129.72972401865,pressure_forecast_scaled_by_latest_available_region_anchor,0.7740018219689063,low,0,0,normal,maintain_normal_staffing__15min_summer_shuttle_baseline_if_operating,0.0,0.0,0.0,0.0,0.0,0.0,0.0,0.0,0.0,0.0,0.0,relative_service_intensity_not_exact_resource_count
2026-01-27,SHG,0.0,0.0,0.1373410958766071,anchor_constrained_daily_visitor_forecast,seasonal_calendar_ridge,171189.26559227135,0.0,0.0,23511.321338754104,pressure_forecast_scaled_by_latest_available_region_anchor,0.0,low,0,0,normal,maintain_normal_staffing__15min_summer_shuttle_baseline_if_operating,0.0,0.0,0.0,0.0,0.0,0.0,0.0,0.0,0.0,0.0,0.0,relative_service_intensity_not_exact_resource_count
2026-01-28,BDH,0.0,0.0249815132140125,0.2750124663075138,anchor_constrained_daily_visitor_forecast,seasonal_calendar_ridge,126542.83990327934,0.0,3161.231627182448,34800.85849535772,pressure_forecast_scaled_by_latest_available_region_anchor,0.14323363276548054,low,0,0,normal,maintain_normal_staffing__15min_summer_shuttle_baseline_if_operating,0.0,0.0,0.0,0.0,0.0,0.0,0.0,0.0,0.0,0.0,0.0,relative_service_intensity_not_exact_resource_count
2026-01-28,HGA,0.615488207968004,1.0095656143818843,1.4997730955805415,anchor_constrained_daily_visitor_forecast,seasonal_calendar_ridge,18777.81226850634,11557.522022702566,18957.43357960229,28162.457634168022,pressure_forecast_scaled_by_latest_available_region_anchor,0.7750775078459493,low,0,0,normal,maintain_normal_staffing__15min_summer_shuttle_baseline_if_operating,0.0,0.0,0.0,0.0,0.0,0.0,0.0,0.0,0.0,0.0,0.0,relative_service_intensity_not_exact_resource_count
2026-01-28,SHG,0.0,0.0,0.1381346313213119,anchor_constrained_daily_visitor_forecast,seasonal_calendar_ridge,171189.26559227135,0.0,0.0,23647.16608875455,pressure_forecast_scaled_by_latest_available_region_anchor,0.0,low,0,0,normal,maintain_normal_staffing__15min_summer_shuttle_baseline_if_operating,0.0,0.0,0.0,0.0,0.0,0.0,0.0,0.0,0.0,0.0,0.0,relative_service_intensity_not_exact_resource_count
2026-01-29,BDH,0.0,0.0257233180939753,0.2759352248717677,anchor_constrained_daily_visitor_forecast,seasonal_calendar_ridge,126542.83990327934,0.0,3255.101723347045,34917.626984623486,pressure_forecast_scaled_by_latest_available_region_anchor,0.1474868341968745,low,0,0,normal,maintain_normal_staffing__15min_summer_shuttle_baseline_if_operating,0.0,0.0,0.0,0.0,0.0,0.0,0.0,0.0,0.0,0.0,0.0,relative_service_intensity_not_exact_resource_count
2026-01-29,HGA,0.6166573773830064,1.0110199875194827,1.5015822441917073,anchor_constrained_daily_visitor_forecast,seasonal_calendar_ridge,18777.81226850634,11579.476466487562,18984.74352534847,28196.42948715432,pressure_forecast_scaled_by_latest_available_region_anchor,0.7761940790632227,low,0,0,normal,maintain_normal_staffing__15min_summer_shuttle_baseline_if_operating,0.0,0.0,0.0,0.0,0.0,0.0,0.0,0.0,0.0,0.0,0.0,relative_service_intensity_not_exact_resource_count
2026-01-29,SHG,0.0,0.0,0.1389583279565042,anchor_constrained_daily_visitor_forecast,seasonal_calendar_ridge,171189.26559227135,0.0,0.0,23788.174110803957,pressure_forecast_scaled_by_latest_available_region_anchor,0.0,low,0,0,normal,maintain_normal_staffing__15min_summer_shuttle_baseline_if_operating,0.0,0.0,0.0,0.0,0.0,0.0,0.0,0.0,0.0,0.0,0.0,relative_service_intensity_not_exact_resource_count
2026-01-30,BDH,0.0,0.02649212402889,0.2768915710483089,anchor_constrained_daily_visitor_forecast,seasonal_calendar_ridge,126542.83990327934,0.0,3352.388609685655,35038.64574573365,pressure_forecast_scaled_by_latest_available_region_anchor,0.1518948484755186,low,0,0,normal,maintain_normal_staffing__15min_summer_shuttle_baseline_if_operating,0.0,0.0,0.0,0.0,0.0,0.0,0.0,0.0,0.0,0.0,0.0,relative_service_intensity_not_exact_resource_count
2026-01-30,HGA,0.61786910355178,1.0125272985792626,1.5034572442449243,anchor_constrained_daily_visitor_forecast,seasonal_calendar_ridge,18777.81226850634,11602.23003300563,19013.047529459254,28231.63788615707,pressure_forecast_scaled_by_latest_available_region_anchor,0.7773512925054396,low,0,0,normal,maintain_normal_staffing__15min_summer_shuttle_baseline_if_operating,0.0,0.0,0.0,0.0,0.0,0.0,0.0,0.0,0.0,0.0,0.0,relative_service_intensity_not_exact_resource_count
2026-01-30,SHG,0.0,0.0,0.1398120064355903,anchor_constrained_daily_visitor_forecast,seasonal_calendar_ridge,171189.26559227135,0.0,0.0,23934.31470269063,pressure_forecast_scaled_by_latest_available_region_anchor,0.0,low,0,0,normal,maintain_normal_staffing__15min_summer_shuttle_baseline_if_operating,0.0,0.0,0.0,0.0,0.0,0.0,0.0,0.0,0.0,0.0,0.0,relative_service_intensity_not_exact_resource_count
2026-01-31,BDH,0.0,0.1812348726909703,0.4693818072830842,anchor_constrained_daily_visitor_forecast,seasonal_calendar_ridge,126542.83990327934,0.0,22933.97547982468,59396.90689253524,pressure_forecast_scaled_by_latest_available_region_anchor,1.0391255716549737,high,1,0,surge,intensify_parking_guidance__open_surge_window_security_teams__prepare_outer_transfer,1.0,1.0,1.0,0.0,0.0,0.0,0.0,0.0,2.4,0.0,2.4,relative_service_intensity_not_exact_resource_count
2026-01-31,HGA,0.861761390885114,1.3159139477795656,1.8808511336514773,anchor_constrained_daily_visitor_forecast,seasonal_calendar_ridge,18777.81226850634,16181.99361828758,24709.985072913736,35318.26949271477,pressure_forecast_scaled_by_latest_available_region_anchor,1.0102714362049412,high,1,0,surge,intensify_parking_guidance__open_surge_window_security_teams__prepare_outer_transfer,1.0,1.0,1.0,0.0,0.0,0.0,0.0,0.0,2.4,0.0,2.4,relative_service_intensity_not_exact_resource_count
2026-01-31,SHG,0.0,0.0544244482781114,0.3116376237054213,anchor_constrained_daily_visitor_forecast,seasonal_calendar_ridge,171189.26559227135,0.0,9316.881330994454,53349.01593305169,pressure_forecast_scaled_by_latest_available_region_anchor,1.1260285713008458,high,1,0,surge,intensify_parking_guidance__open_surge_window_security_teams__prepare_outer_transfer,1.0,1.0,0.0,1.0,0.0,0.0,0.32000000000000006,0.0,3.0,0.32000000000000006,4.28,relative_service_intensity_not_exact_resource_count
2026-02-01,BDH,0.0,0.1821803985649702,0.4705579819369916,anchor_constrained_daily_visitor_forecast,seasonal_calendar_ridge,126542.83990327934,0.0,23053.62500912265,59545.74337346295,pressure_forecast_scaled_by_latest_available_region_anchor,1.0445468247490732,high,1,0,surge,intensify_parking_guidance__open_surge_window_security_teams__prepare_outer_transfer,1.0,1.0,1.0,0.0,0.0,0.0,0.0,0.0,2.4,0.0,2.4,relative_service_intensity_not_exact_resource_count
2026-02-01,HGA,0.8632516479093462,1.3177677336863378,1.8831571265991824,anchor_constrained_daily_visitor_forecast,seasonal_calendar_ridge,18777.81226850634,16209.977384920436,24744.795116657107,35361.57099537928,pressure_forecast_scaled_by_latest_available_region_anchor,1.0116946500508097,high,1,0,surge,intensify_parking_guidance__open_surge_window_security_teams__prepare_outer_transfer,1.0,1.0,1.0,0.0,0.0,0.0,0.0,0.0,2.4,0.0,2.4,relative_service_intensity_not_exact_resource_count
2026-02-01,SHG,0.0,0.05526846805866,0.3126875311702254,anchor_constrained_daily_visitor_forecast,seasonal_calendar_ridge,171189.26559227135,0.0,9461.368457371913,53528.74882089135,pressure_forecast_scaled_by_latest_available_region_anchor,1.1434911348675763,high,1,0,surge,intensify_parking_guidance__open_surge_window_security_teams__prepare_outer_transfer,1.0,1.0,0.0,1.0,0.0,0.0,0.32000000000000006,0.0,3.0,0.32000000000000006,4.28,relative_service_intensity_not_exact_resource_count
2026-02-02,BDH,0.0,0.0289588376346476,0.2799600074616539,anchor_constrained_daily_visitor_forecast,seasonal_calendar_ridge,126542.83990327934,0.0,3664.533554586281,35426.93440354096,pressure_forecast_scaled_by_latest_available_region_anchor,0.1660379609330345,low,0,0,normal,maintain_normal_staffing__15min_summer_shuttle_baseline_if_operating,0.0,0.0,0.0,0.0,0.0,0.0,0.0,0.0,0.0,0.0,0.0,relative_service_intensity_not_exact_resource_count
2026-02-02,HGA,0.6217569265916709,1.0173635056510515,1.5094731813390867,anchor_constrained_daily_visitor_forecast,seasonal_calendar_ridge,18777.81226850634,11675.234844181874,19103.860917944938,28344.604023530395,pressure_forecast_scaled_by_latest_available_region_anchor,0.7810642114789373,low,0,0,normal,maintain_normal_staffing__15min_summer_shuttle_baseline_if_operating,0.0,0.0,0.0,0.0,0.0,0.0,0.0,0.0,0.0,0.0,0.0,relative_service_intensity_not_exact_resource_count
2026-02-02,SHG,0.0,0.0,0.1425510335732222,anchor_constrained_daily_visitor_forecast,seasonal_calendar_ridge,171189.26559227135,0.0,0.0,24403.20674681913,pressure_forecast_scaled_by_latest_available_region_anchor,0.0,low,0,0,normal,maintain_normal_staffing__15min_summer_shuttle_baseline_if_operating,0.0,0.0,0.0,0.0,0.0,0.0,0.0,0.0,0.0,0.0,0.0,relative_service_intensity_not_exact_resource_count
2026-02-03,BDH,0.0,0.0298339053747011,0.2810485366332027,anchor_constrained_daily_visitor_forecast,seasonal_calendar_ridge,126542.83990327934,0.0,3775.2671115203902,35564.67997622631,pressure_forecast_scaled_by_latest_available_region_anchor,0.17105523631783512,low,0,0,normal,maintain_normal_staffing__15min_summer_shuttle_baseline_if_operating,0.0,0.0,0.0,0.0,0.0,0.0,0.0,0.0,0.0,0.0,0.0,relative_service_intensity_not_exact_resource_count
2026-02-03,HGA,0.6231361335305325,1.0190791522436933,1.5116073376777086,anchor_constrained_daily_visitor_forecast,seasonal_calendar_ridge,18777.81226850634,11701.133333159238,19136.07700758066,28384.67881060868,pressure_forecast_scaled_by_latest_available_region_anchor,0.7823813711230712,low,0,0,normal,maintain_normal_staffing__15min_summer_shuttle_baseline_if_operating,0.0,0.0,0.0,0.0,0.0,0.0,0.0,0.0,0.0,0.0,0.0,relative_service_intensity_not_exact_resource_count
2026-02-03,SHG,0.0,0.0,0.1435227046588635,anchor_constrained_daily_visitor_forecast,seasonal_calendar_ridge,171189.26559227135,0.0,0.0,24569.546406367303,pressure_forecast_scaled_by_latest_available_region_anchor,0.0,low,0,0,normal,maintain_normal_staffing__15min_summer_shuttle_baseline_if_operating,0.0,0.0,0.0,0.0,0.0,0.0,0.0,0.0,0.0,0.0,0.0,relative_service_intensity_not_exact_resource_count
2026-02-04,BDH,0.0,0.0307350710288936,0.2821695299667319,anchor_constrained_daily_visitor_forecast,seasonal_calendar_ridge,126542.83990327934,0.0,3889.303172625208,35706.53365616374,pressure_forecast_scaled_by_latest_available_region_anchor,0.17622214631514757,low,0,0,normal,maintain_normal_staffing__15min_summer_shuttle_baseline_if_operating,0.0,0.0,0.0,0.0,0.0,0.0,0.0,0.0,0.0,0.0,0.0,relative_service_intensity_not_exact_resource_count
2026-02-04,HGA,0.6245564737698495,1.0208459660722164,1.5138051428361146,anchor_constrained_daily_visitor_forecast,seasonal_calendar_ridge,18777.81226850634,11727.804215530536,19169.25390596607,28425.948783275984,pressure_forecast_scaled_by_latest_available_region_anchor,0.7837378135766683,low,0,0,normal,maintain_normal_staffing__15min_summer_shuttle_baseline_if_operating,0.0,0.0,0.0,0.0,0.0,0.0,0.0,0.0,0.0,0.0,0.0,relative_service_intensity_not_exact_resource_count
2026-02-04,SHG,0.0,0.0,0.1445233547451053,anchor_constrained_daily_visitor_forecast,seasonal_calendar_ridge,171189.26559227135,0.0,0.0,24740.84695974588,pressure_forecast_scaled_by_latest_available_region_anchor,0.0,low,0,0,normal,maintain_normal_staffing__15min_summer_shuttle_baseline_if_operating,0.0,0.0,0.0,0.0,0.0,0.0,0.0,0.0,0.0,0.0,0.0,relative_service_intensity_not_exact_resource_count
2026-02-05,BDH,0.0,0.0316621347621106,0.2833227388799412,anchor_constrained_daily_visitor_forecast,seasonal_calendar_ridge,126542.83990327934,0.0,4006.616450197821,35852.463987043026,pressure_forecast_scaled_by_latest_available_region_anchor,0.18153754515332982,low,0,0,normal,maintain_normal_staffing__15min_summer_shuttle_baseline_if_operating,0.0,0.0,0.0,0.0,0.0,0.0,0.0,0.0,0.0,0.0,0.0,relative_service_intensity_not_exact_resource_count
2026-02-05,HGA,0.6260176323466036,1.022663555342458,1.5160661094470318,anchor_constrained_daily_visitor_forecast,seasonal_calendar_ridge,18777.81226850634,11755.241576979342,19203.38425606392,28468.404789841148,pressure_forecast_scaled_by_latest_available_region_anchor,0.7851332380461605,low,0,0,normal,maintain_normal_staffing__15min_summer_shuttle_baseline_if_operating,0.0,0.0,0.0,0.0,0.0,0.0,0.0,0.0,0.0,0.0,0.0,relative_service_intensity_not_exact_resource_count
2026-02-05,SHG,0.0,0.0,0.1455527619359801,anchor_constrained_daily_visitor_forecast,seasonal_calendar_ridge,171189.26559227135,0.0,0.0,24917.070420747143,pressure_forecast_scaled_by_latest_available_region_anchor,0.0,low,0,0,normal,maintain_normal_staffing__15min_summer_shuttle_baseline_if_operating,0.0,0.0,0.0,0.0,0.0,0.0,0.0,0.0,0.0,0.0,0.0,relative_service_intensity_not_exact_resource_count
2026-02-06,BDH,0.0,0.0326148903064817,0.2845079067885874,anchor_constrained_daily_visitor_forecast,seasonal_calendar_ridge,126542.83990327934,0.0,4127.180842516135,36002.43849996534,pressure_forecast_scaled_by_latest_available_region_anchor,0.187000250177987,low,0,0,normal,maintain_normal_staffing__15min_summer_shuttle_baseline_if_operating,0.0,0.0,0.0,0.0,0.0,0.0,0.0,0.0,0.0,0.0,0.0,relative_service_intensity_not_exact_resource_count
2026-02-06,HGA,0.6275192841590163,1.0245315156482744,1.518389734454682,anchor_constrained_daily_visitor_forecast,seasonal_calendar_ridge,18777.81226850634,11783.43931280549,19238.46046401156,28512.03738401721,pressure_forecast_scaled_by_latest_available_region_anchor,0.7865673340553374,low,0,0,normal,maintain_normal_staffing__15min_summer_shuttle_baseline_if_operating,0.0,0.0,0.0,0.0,0.0,0.0,0.0,0.0,0.0,0.0,0.0,relative_service_intensity_not_exact_resource_count
2026-02-06,SHG,0.0,0.0,0.146610697192619,anchor_constrained_daily_visitor_forecast,seasonal_calendar_ridge,171189.26559227135,0.0,0.0,25098.177580375323,pressure_forecast_scaled_by_latest_available_region_anchor,0.0,low,0,0,normal,maintain_normal_staffing__15min_summer_shuttle_baseline_if_operating,0.0,0.0,0.0,0.0,0.0,0.0,0.0,0.0,0.0,0.0,0.0,relative_service_intensity_not_exact_resource_count
2026-02-07,BDH,0.0,0.188485142292856,0.4784006861675509,anchor_constrained_daily_visitor_forecast,seasonal_calendar_ridge,126542.83990327934,0.0,23851.445185311703,60538.18143931938,pressure_forecast_scaled_by_latest_available_region_anchor,1.080695609655102,high,1,0,surge,intensify_parking_guidance__open_surge_window_security_teams__prepare_outer_transfer,1.0,1.0,1.0,0.0,0.0,0.0,0.0,0.0,2.4,0.0,2.4,relative_service_intensity_not_exact_resource_count
2026-02-07,HGA,0.8731886458116032,1.330128733411417,1.8985334319689056,anchor_constrained_daily_visitor_forecast,seasonal_calendar_ridge,18777.81226850634,16396.572466041558,24976.907648945697,35650.30437099516,pressure_forecast_scaled_by_latest_available_region_anchor,1.021184605656384,high,1,0,surge,intensify_parking_guidance__open_surge_window_security_teams__prepare_outer_transfer,1.0,1.0,1.0,0.0,0.0,0.0,0.0,0.0,2.4,0.0,2.4,relative_service_intensity_not_exact_resource_count
2026-02-07,SHG,0.0,0.0608963716030807,0.3196882888285877,anchor_constrained_daily_visitor_forecast,seasonal_calendar_ridge,171189.26559227135,0.0,10424.805131965444,54727.20338301585,pressure_forecast_scaled_by_latest_available_region_anchor,1.259931087646882,high,1,0,surge,intensify_parking_guidance__open_surge_window_security_teams__prepare_outer_transfer,1.0,1.0,2.0,0.0,0.0,0.0,0.0,0.6,3.0,0.6,5.4,relative_service_intensity_not_exact_resource_count
2026-02-08,BDH,0.0,0.1896390183773996,0.4798360353649759,anchor_constrained_daily_visitor_forecast,seasonal_calendar_ridge,126542.83990327934,0.0,23997.45994194633,60719.814603014434,pressure_forecast_scaled_by_latest_available_region_anchor,1.0873114564188475,high,1,0,surge,intensify_parking_guidance__open_surge_window_security_teams__prepare_outer_transfer,1.0,1.0,1.0,0.0,0.0,0.0,0.0,0.0,2.4,0.0,2.4,relative_service_intensity_not_exact_resource_count
2026-02-08,HGA,0.875007286620247,1.3323910080698984,1.9013475592039724,anchor_constrained_daily_visitor_forecast,seasonal_calendar_ridge,18777.81226850634,16430.722561730116,25019.388217782467,35703.14752391494,pressure_forecast_scaled_by_latest_available_region_anchor,1.022921430068171,high,1,0,surge,intensify_parking_guidance__open_surge_window_security_teams__prepare_outer_transfer,1.0,1.0,1.0,0.0,0.0,0.0,0.0,0.0,2.4,0.0,2.4,relative_service_intensity_not_exact_resource_count
2026-02-08,SHG,0.0,0.0619263743417016,0.3209695473831488,anchor_constrained_daily_visitor_forecast,seasonal_calendar_ridge,171189.26559227135,0.0,10601.13054434798,54946.54109400499,pressure_forecast_scaled_by_latest_available_region_anchor,1.2812415932909362,high,1,0,surge,intensify_parking_guidance__open_surge_window_security_teams__prepare_outer_transfer,1.0,1.0,2.0,0.0,0.0,0.0,0.0,0.6,3.0,0.6,5.4,relative_service_intensity_not_exact_resource_count
2026-02-09,BDH,0.0,0.0356251483816375,0.2882524782985567,anchor_constrained_daily_visitor_forecast,seasonal_calendar_ridge,126542.83990327934,0.0,4508.107448188132,36476.287213057774,pressure_forecast_scaled_by_latest_available_region_anchor,0.20425982112440752,low,0,0,normal,maintain_normal_staffing__15min_summer_shuttle_baseline_if_operating,0.0,0.0,0.0,0.0,0.0,0.0,0.0,0.0,0.0,0.0,0.0,relative_service_intensity_not_exact_resource_count
2026-02-09,HGA,0.6322637955093782,1.0304333890384396,1.5257312933511282,anchor_constrained_daily_visitor_forecast,seasonal_calendar_ridge,18777.81226850634,11872.530856248384,19349.28473456457,28649.89579873286,pressure_forecast_scaled_by_latest_available_region_anchor,0.7910984009356928,low,0,0,normal,maintain_normal_staffing__15min_summer_shuttle_baseline_if_operating,0.0,0.0,0.0,0.0,0.0,0.0,0.0,0.0,0.0,0.0,0.0,relative_service_intensity_not_exact_resource_count
2026-02-09,SHG,0.0,0.0,0.1499532735419293,anchor_constrained_daily_visitor_forecast,seasonal_calendar_ridge,171189.26559227135,0.0,0.0,25670.39077079985,pressure_forecast_scaled_by_latest_available_region_anchor,0.0,low,0,0,normal,maintain_normal_staffing__15min_summer_shuttle_baseline_if_operating,0.0,0.0,0.0,0.0,0.0,0.0,0.0,0.0,0.0,0.0,0.0,relative_service_intensity_not_exact_resource_count
2026-02-10,BDH,0.0,0.036678479417113,0.2895627557855805,anchor_constrained_daily_visitor_forecast,seasonal_calendar_ridge,126542.83990327934,0.0,4641.398948775461,36642.09344732708,pressure_forecast_scaled_by_latest_available_region_anchor,0.21029918428961206,low,0,0,normal,maintain_normal_staffing__15min_summer_shuttle_baseline_if_operating,0.0,0.0,0.0,0.0,0.0,0.0,0.0,0.0,0.0,0.0,0.0,relative_service_intensity_not_exact_resource_count
2026-02-10,HGA,0.6339239658099736,1.0324985363627217,1.5283002065942215,anchor_constrained_daily_visitor_forecast,seasonal_calendar_ridge,18777.81226850634,11903.705222486717,19388.063683326756,28698.134369345746,pressure_forecast_scaled_by_latest_available_region_anchor,0.7926838840569851,low,0,0,normal,maintain_normal_staffing__15min_summer_shuttle_baseline_if_operating,0.0,0.0,0.0,0.0,0.0,0.0,0.0,0.0,0.0,0.0,0.0,relative_service_intensity_not_exact_resource_count
2026-02-10,SHG,0.0,0.0,0.1511228873488759,anchor_constrained_daily_visitor_forecast,seasonal_calendar_ridge,171189.26559227135,0.0,0.0,25870.61609943763,pressure_forecast_scaled_by_latest_available_region_anchor,0.0,low,0,0,normal,maintain_normal_staffing__15min_summer_shuttle_baseline_if_operating,0.0,0.0,0.0,0.0,0.0,0.0,0.0,0.0,0.0,0.0,0.0,relative_service_intensity_not_exact_resource_count
2026-02-11,BDH,0.0,0.0377563740213738,0.2909035888055719,anchor_constrained_daily_visitor_forecast,seasonal_calendar_ridge,126542.83990327934,0.0,4777.798793115041,36811.766265512895,pressure_forecast_scaled_by_latest_available_region_anchor,0.21647938476761916,low,0,0,normal,maintain_normal_staffing__15min_summer_shuttle_baseline_if_operating,0.0,0.0,0.0,0.0,0.0,0.0,0.0,0.0,0.0,0.0,0.0,relative_service_intensity_not_exact_resource_count
2026-02-11,HGA,0.63562285110709,1.0346118427050557,1.5309290266235247,anchor_constrained_daily_visitor_forecast,seasonal_calendar_ridge,18777.81226850634,11935.606571661694,19427.74695308894,28747.49785834369,pressure_forecast_scaled_by_latest_available_region_anchor,0.7943063404776446,low,0,0,normal,maintain_normal_staffing__15min_summer_shuttle_baseline_if_operating,0.0,0.0,0.0,0.0,0.0,0.0,0.0,0.0,0.0,0.0,0.0,relative_service_intensity_not_exact_resource_count
2026-02-11,SHG,0.0,0.0,0.1523197764265889,anchor_constrained_daily_visitor_forecast,seasonal_calendar_ridge,171189.26559227135,0.0,0.0,26075.510661646727,pressure_forecast_scaled_by_latest_available_region_anchor,0.0,low,0,0,normal,maintain_normal_staffing__15min_summer_shuttle_baseline_if_operating,0.0,0.0,0.0,0.0,0.0,0.0,0.0,0.0,0.0,0.0,0.0,relative_service_intensity_not_exact_resource_count
2026-02-12,BDH,0.0,0.0388585870916537,0.2922746724661224,anchor_constrained_daily_visitor_forecast,seasonal_calendar_ridge,126542.83990327934,0.0,4917.275965206778,36985.26708566394,pressure_forecast_scaled_by_latest_available_region_anchor,0.22279901724085285,low,0,0,normal,maintain_normal_staffing__15min_summer_shuttle_baseline_if_operating,0.0,0.0,0.0,0.0,0.0,0.0,0.0,0.0,0.0,0.0,0.0,relative_service_intensity_not_exact_resource_count
2026-02-12,HGA,0.6373600650907083,1.0367728275201,1.53361715567089,anchor_constrained_daily_visitor_forecast,seasonal_calendar_ridge,18777.81226850634,11968.227649716302,19468.32552026094,28797.975040948637,pressure_forecast_scaled_by_latest_available_region_anchor,0.7959654012668368,low,0,0,normal,maintain_normal_staffing__15min_summer_shuttle_baseline_if_operating,0.0,0.0,0.0,0.0,0.0,0.0,0.0,0.0,0.0,0.0,0.0,relative_service_intensity_not_exact_resource_count
2026-02-12,SHG,0.0,0.0,0.1535436686141143,anchor_constrained_daily_visitor_forecast,seasonal_calendar_ridge,171189.26559227135,0.0,0.0,26285.02786639332,pressure_forecast_scaled_by_latest_available_region_anchor,0.0,low,0,0,normal,maintain_normal_staffing__15min_summer_shuttle_baseline_if_operating,0.0,0.0,0.0,0.0,0.0,0.0,0.0,0.0,0.0,0.0,0.0,relative_service_intensity_not_exact_resource_count
2026-02-13,BDH,0.0,0.0399848670193851,0.2936756937820158,anchor_constrained_daily_visitor_forecast,seasonal_calendar_ridge,126542.83990327934,0.0,5059.798625787974,37162.55630174212,pressure_forecast_scaled_by_latest_available_region_anchor,0.22925663909017013,low,0,0,normal,maintain_normal_staffing__15min_summer_shuttle_baseline_if_operating,0.0,0.0,0.0,0.0,0.0,0.0,0.0,0.0,0.0,0.0,0.0,relative_service_intensity_not_exact_resource_count
2026-02-13,HGA,0.6391352111969202,1.038980997507323,1.5363639801015152,anchor_constrained_daily_visitor_forecast,seasonal_calendar_ridge,18777.81226850634,12001.561010047915,19509.79012173796,28849.55439444146,pressure_forecast_scaled_by_latest_available_region_anchor,0.7976606877011363,low,0,0,normal,maintain_normal_staffing__15min_summer_shuttle_baseline_if_operating,0.0,0.0,0.0,0.0,0.0,0.0,0.0,0.0,0.0,0.0,0.0,relative_service_intensity_not_exact_resource_count
2026-02-13,SHG,0.0,0.0,0.1547942845264869,anchor_constrained_daily_visitor_forecast,seasonal_calendar_ridge,171189.26559227135,0.0,0.0,26499.1198859704,pressure_forecast_scaled_by_latest_available_region_anchor,0.0,low,0,0,normal,maintain_normal_staffing__15min_summer_shuttle_baseline_if_operating,0.0,0.0,0.0,0.0,0.0,0.0,0.0,0.0,0.0,0.0,0.0,relative_service_intensity_not_exact_resource_count
2026-02-14,BDH,0.0,0.1971571753748983,0.4891881493025338,anchor_constrained_daily_visitor_forecast,seasonal_calendar_ridge,126542.83990327934,0.0,24948.828879248533,61903.25765977205,pressure_forecast_scaled_by_latest_available_region_anchor,1.1304174496078006,high,1,0,surge,intensify_parking_guidance__open_surge_window_security_teams__prepare_outer_transfer,1.0,1.0,1.0,0.0,0.0,0.0,0.0,0.48,2.4,0.48,4.32,relative_service_intensity_not_exact_resource_count
2026-02-14,HGA,0.8868567627508233,1.3471310102952296,1.919683193894365,anchor_constrained_daily_visitor_forecast,seasonal_calendar_ridge,18777.81226850634,16653.229799990226,25296.173212407102,36047.45062995504,pressure_forecast_scaled_by_latest_available_region_anchor,1.0342378259791474,high,1,0,surge,intensify_parking_guidance__open_surge_window_security_teams__prepare_outer_transfer,1.0,1.0,1.0,0.0,0.0,0.0,0.0,0.0,2.4,0.0,2.4,relative_service_intensity_not_exact_resource_count
2026-02-14,SHG,0.0,0.0686374262479974,0.3293176734051812,anchor_constrained_daily_visitor_forecast,seasonal_calendar_ridge,171189.26559227135,0.0,11749.990591538375,56375.65065678844,pressure_forecast_scaled_by_latest_available_region_anchor,1.4200916217075097,extreme,1,0,surge,intensify_parking_guidance__open_surge_window_security_teams__prepare_outer_transfer,1.0,1.0,2.0,0.0,0.5,0.0,0.0,0.6,3.0,1.1,7.4,relative_service_intensity_not_exact_resource_count
2026-02-15,BDH,0.0,0.1985066861857863,0.4908668557817401,anchor_constrained_daily_visitor_forecast,seasonal_calendar_ridge,126542.83990327934,0.0,25119.599809738476,62115.68594501485,pressure_forecast_scaled_by_latest_available_region_anchor,1.1381549847300265,high,1,1,surge,intensify_parking_guidance__open_surge_window_security_teams__prepare_outer_transfer,1.0,1.0,1.0,0.0,0.0,0.0,0.0,0.48,2.4,0.48,4.32,relative_service_intensity_not_exact_resource_count
2026-02-15,HGA,0.8889837462850712,1.349776843890114,1.9229744442962136,anchor_constrained_daily_visitor_forecast,seasonal_calendar_ridge,18777.81226850634,16693.169897494536,25345.85617894555,36109.2531121296,pressure_forecast_scaled_by_latest_available_region_anchor,1.0362691214984125,high,1,1,surge,intensify_parking_guidance__open_surge_window_security_teams__prepare_outer_transfer,1.0,1.0,1.0,0.0,0.0,0.0,0.0,0.0,2.4,0.0,2.4,relative_service_intensity_not_exact_resource_count
2026-02-15,SHG,0.0,0.0698420615200448,0.3308161638358992,anchor_constrained_daily_visitor_forecast,seasonal_calendar_ridge,171189.26559227135,0.0,11956.211219066705,56632.1761331201,pressure_forecast_scaled_by_latest_available_region_anchor,1.4450152319091332,extreme,1,1,surge,intensify_parking_guidance__open_surge_window_security_teams__prepare_outer_transfer,1.0,1.0,2.0,0.0,0.5,0.0,0.0,0.6,3.0,1.1,7.4,relative_service_intensity_not_exact_resource_count
2026-02-16,BDH,0.0,0.0435054941303286,0.29805513223803,anchor_constrained_daily_visitor_forecast,seasonal_calendar_ridge,126542.83990327934,0.0,5505.308778647237,37716.74288114779,pressure_forecast_scaled_by_latest_available_region_anchor,0.24944245435256246,low,0,1,normal,maintain_normal_staffing__15min_summer_shuttle_baseline_if_operating,0.0,0.0,0.0,0.0,0.0,0.0,0.0,0.0,0.0,0.0,0.0,relative_service_intensity_not_exact_resource_count
2026-02-16,HGA,0.6446841225763533,1.0458834938860413,1.544950250993281,anchor_constrained_daily_visitor_forecast,seasonal_calendar_ridge,18777.81226850634,12105.757426225491,19639.403902921586,29010.785777333585,pressure_forecast_scaled_by_latest_available_region_anchor,0.8029599665344478,normal,0,1,normal,maintain_normal_staffing__15min_summer_shuttle_baseline_if_operating,0.0,0.0,1.0,0.0,0.0,0.0,0.0,0.0,0.6,0.0,0.6,relative_service_intensity_not_exact_resource_count
2026-02-16,SHG,0.0,0.0,0.1587035722426809,anchor_constrained_daily_visitor_forecast,seasonal_calendar_ridge,171189.26559227135,0.0,0.0,27168.34797909453,pressure_forecast_scaled_by_latest_available_region_anchor,0.0,low,0,1,normal,maintain_normal_staffing__15min_summer_shuttle_baseline_if_operating,0.0,0.0,0.0,0.0,0.0,0.0,0.0,0.0,0.0,0.0,0.0,relative_service_intensity_not_exact_resource_count
2026-02-17,BDH,0.0,0.0447253950559064,0.2995726121805653,anchor_constrained_daily_visitor_forecast,seasonal_calendar_ridge,126542.83990327934,0.0,5659.678506170491,37908.76910257247,pressure_forecast_scaled_by_latest_available_region_anchor,0.256436860163275,low,0,1,normal,maintain_normal_staffing__15min_summer_shuttle_baseline_if_operating,0.0,0.0,0.0,0.0,0.0,0.0,0.0,0.0,0.0,0.0,0.0,relative_service_intensity_not_exact_resource_count
2026-02-17,HGA,0.6466068260932007,1.0482752160014055,1.547925402714283,anchor_constrained_daily_visitor_forecast,seasonal_calendar_ridge,18777.81226850634,12141.86159191285,19684.315211802324,29066.65261782088,pressure_forecast_scaled_by_latest_available_region_anchor,0.8047961721165598,normal,0,1,normal,maintain_normal_staffing__15min_summer_shuttle_baseline_if_operating,0.0,0.0,1.0,0.0,0.0,0.0,0.0,0.0,0.6,0.0,0.6,relative_service_intensity_not_exact_resource_count
2026-02-17,SHG,0.0,0.0,0.1600581444688935,anchor_constrained_daily_visitor_forecast,seasonal_calendar_ridge,171189.26559227135,0.0,0.0,27400.23620369155,pressure_forecast_scaled_by_latest_available_region_anchor,0.0,low,0,1,normal,maintain_normal_staffing__15min_summer_shuttle_baseline_if_operating,0.0,0.0,0.0,0.0,0.0,0.0,0.0,0.0,0.0,0.0,0.0,relative_service_intensity_not_exact_resource_count
2026-02-18,BDH,0.0,0.0459680069945951,0.3011183431934521,anchor_constrained_daily_visitor_forecast,seasonal_calendar_ridge,126542.83990327934,0.0,5816.9221497898725,38104.37029466974,pressure_forecast_scaled_by_latest_available_region_anchor,0.26356148150111686,low,0,1,normal,maintain_normal_staffing__15min_summer_shuttle_baseline_if_operating,0.0,0.0,0.0,0.0,0.0,0.0,0.0,0.0,0.0,0.0,0.0,relative_service_intensity_not_exact_resource_count
2026-02-18,HGA,0.6485653247667398,1.0507114650379163,1.550955943121632,anchor_constrained_daily_visitor_forecast,seasonal_calendar_ridge,18777.81226850634,12178.637912332684,19730.062638849256,29123.5595366622,pressure_forecast_scaled_by_latest_available_region_anchor,0.8066665625149759,normal,0,1,normal,maintain_normal_staffing__15min_summer_shuttle_baseline_if_operating,0.0,0.0,1.0,0.0,0.0,0.0,0.0,0.0,0.6,0.0,0.6,relative_service_intensity_not_exact_resource_count
2026-02-18,SHG,0.0,0.0,0.161437934896801,anchor_constrained_daily_visitor_forecast,seasonal_calendar_ridge,171189.26559227135,0.0,0.0,27636.44151371628,pressure_forecast_scaled_by_latest_available_region_anchor,0.0,low,0,1,normal,maintain_normal_staffing__15min_summer_shuttle_baseline_if_operating,0.0,0.0,0.0,0.0,0.0,0.0,0.0,0.0,0.0,0.0,0.0,relative_service_intensity_not_exact_resource_count
2026-02-19,BDH,0.0,0.0472330391908091,0.3026919635950492,anchor_constrained_daily_visitor_forecast,seasonal_calendar_ridge,126542.83990327934,0.0,5977.002916467882,38303.500689217566,pressure_forecast_scaled_by_latest_available_region_anchor,0.27081465129418597,low,0,1,normal,maintain_normal_staffing__15min_summer_shuttle_baseline_if_operating,0.0,0.0,0.0,0.0,0.0,0.0,0.0,0.0,0.0,0.0,0.0,relative_service_intensity_not_exact_resource_count
2026-02-19,HGA,0.6505591603328815,1.0531916709439009,1.5540411631069402,anchor_constrained_daily_visitor_forecast,seasonal_calendar_ridge,18777.81226850634,12216.077782287965,19776.635479739078,29181.493218353364,pressure_forecast_scaled_by_latest_available_region_anchor,0.8085707000818367,normal,0,1,normal,maintain_normal_staffing__15min_summer_shuttle_baseline_if_operating,0.0,0.0,1.0,0.0,0.0,0.0,0.0,0.0,0.6,0.0,0.6,relative_service_intensity_not_exact_resource_count
2026-02-19,SHG,0.0,0.0,0.1628426206727747,anchor_constrained_daily_visitor_forecast,seasonal_calendar_ridge,171189.26559227135,0.0,0.0,27876.908640093126,pressure_forecast_scaled_by_latest_available_region_anchor,0.0,low,0,1,normal,maintain_normal_staffing__15min_summer_shuttle_baseline_if_operating,0.0,0.0,0.0,0.0,0.0,0.0,0.0,0.0,0.0,0.0,0.0,relative_service_intensity_not_exact_resource_count
2026-02-20,BDH,0.0,0.0485201943574575,0.3042931035789331,anchor_constrained_daily_visitor_forecast,seasonal_calendar_ridge,126542.83990327934,0.0,6139.8831866517485,38506.11348986093,pressure_forecast_scaled_by_latest_available_region_anchor,0.2781946650216368,low,0,1,normal,maintain_normal_staffing__15min_summer_shuttle_baseline_if_operating,0.0,0.0,0.0,0.0,0.0,0.0,0.0,0.0,0.0,0.0,0.0,relative_service_intensity_not_exact_resource_count
2026-02-20,HGA,0.6525878642331355,1.0557152508620984,1.5571803376324749,anchor_constrained_daily_visitor_forecast,seasonal_calendar_ridge,18777.81226850634,12254.17240327532,19824.02278968756,29240.440048271925,pressure_forecast_scaled_by_latest_available_region_anchor,0.8105081373380016,normal,0,1,normal,maintain_normal_staffing__15min_summer_shuttle_baseline_if_operating,0.0,0.0,1.0,0.0,0.0,0.0,0.0,0.0,0.6,0.0,0.6,relative_service_intensity_not_exact_resource_count
2026-02-20,SHG,0.0,0.0,0.1642718716906326,anchor_constrained_daily_visitor_forecast,seasonal_calendar_ridge,171189.26559227135,0.0,0.0,28121.58107218723,pressure_forecast_scaled_by_latest_available_region_anchor,0.0,low,0,1,normal,maintain_normal_staffing__15min_summer_shuttle_baseline_if_operating,0.0,0.0,0.0,0.0,0.0,0.0,0.0,0.0,0.0,0.0,0.0,relative_service_intensity_not_exact_resource_count
2026-02-21,BDH,0.0,0.2071542842167195,0.5016239232516526,anchor_constrained_daily_visitor_forecast,seasonal_calendar_ridge,126542.83990327934,0.0,26213.89142291477,63476.91581168876,pressure_forecast_scaled_by_latest_available_region_anchor,1.1877367242369596,high,1,1,surge,intensify_parking_guidance__open_surge_window_security_teams__prepare_outer_transfer,1.0,1.0,1.0,0.0,0.0,0.0,0.0,0.48,2.4,0.48,4.32,relative_service_intensity_not_exact_resource_count
2026-02-21,HGA,0.9026133507863412,1.3667312137259842,1.944064612870414,anchor_constrained_daily_visitor_forecast,seasonal_calendar_ridge,18777.81226850634,16949.104052113373,25664.222152854345,36505.28033832709,pressure_forecast_scaled_by_latest_available_region_anchor,1.0492855619677428,high,1,1,surge,intensify_parking_guidance__open_surge_window_security_teams__prepare_outer_transfer,1.0,1.0,1.0,0.0,0.0,0.0,0.0,0.0,2.4,0.0,2.4,relative_service_intensity_not_exact_resource_count
2026-02-21,SHG,0.0,0.0775613043171402,0.3404184158471471,anchor_constrained_daily_visitor_forecast,seasonal_calendar_ridge,171189.26559227135,0.0,13277.662724429903,58275.97860295754,pressure_forecast_scaled_by_latest_available_region_anchor,1.6047244841540205,extreme,1,1,surge,intensify_parking_guidance__open_surge_window_security_teams__prepare_outer_transfer,0.0,2.0,2.0,0.0,1.0,0.0,0.0,0.6,2.8,1.6,9.2,relative_service_intensity_not_exact_resource_count
2026-02-22,BDH,0.0,0.2086841506557086,0.5035269807764464,anchor_constrained_daily_visitor_forecast,seasonal_calendar_ridge,126542.83990327934,0.0,26407.48506677716,63717.73411537548,pressure_forecast_scaled_by_latest_available_region_anchor,1.1965083437071315,high,1,1,surge,intensify_parking_guidance__open_surge_window_security_teams__prepare_outer_transfer,1.0,1.0,1.0,0.0,0.0,0.0,0.0,0.48,2.4,0.48,4.32,relative_service_intensity_not_exact_resource_count
2026-02-22,HGA,0.9050245954381624,1.369730650253136,1.947795723056025,anchor_constrained_daily_visitor_forecast,seasonal_calendar_ridge,18777.81226850634,16994.381951518713,25720.5450088725,36575.3424249456,pressure_forecast_scaled_by_latest_available_region_anchor,1.0515883303616826,high,1,1,surge,intensify_parking_guidance__open_surge_window_security_teams__prepare_outer_transfer,1.0,1.0,1.0,0.0,0.0,0.0,0.0,0.0,2.4,0.0,2.4,relative_service_intensity_not_exact_resource_count
2026-02-22,SHG,0.0,0.0789269332984412,0.3421171723154952,anchor_constrained_daily_visitor_forecast,seasonal_calendar_ridge,171189.26559227135,0.0,13511.44374681034,58566.78747519418,pressure_forecast_scaled_by_latest_available_region_anchor,1.6329790149649435,extreme,1,1,surge,intensify_parking_guidance__open_surge_window_security_teams__prepare_outer_transfer,0.0,2.0,2.0,0.0,1.0,0.0,0.0,0.6,2.8,1.6,9.2,relative_service_intensity_not_exact_resource_count
2026-02-23,BDH,0.0,0.0525113268870529,0.3092578211512168,anchor_constrained_daily_visitor_forecast,seasonal_calendar_ridge,126542.83990327934,0.0,6644.932431377109,39134.36295077543,pressure_forecast_scaled_by_latest_available_region_anchor,0.3010781631574413,low,0,1,normal,maintain_normal_staffing__15min_summer_shuttle_baseline_if_operating,0.0,0.0,0.0,0.0,0.0,0.0,0.0,0.0,0.0,0.0,0.0,relative_service_intensity_not_exact_resource_count
2026-02-23,HGA,0.6588783460173202,1.0635402141326713,1.5669140992562278,anchor_constrained_daily_visitor_forecast,seasonal_calendar_ridge,18777.81226850634,12372.2938892972,19970.95848099033,29423.21879670916,pressure_forecast_scaled_by_latest_available_region_anchor,0.8165156250578116,normal,0,1,normal,maintain_normal_staffing__15min_summer_shuttle_baseline_if_operating,0.0,0.0,1.0,0.0,0.0,0.0,0.0,0.0,0.6,0.0,0.6,relative_service_intensity_not_exact_resource_count
2026-02-23,SHG,0.0,0.0,0.1687036064015172,anchor_constrained_daily_visitor_forecast,seasonal_calendar_ridge,171189.26559227135,0.0,0.0,28880.246482643342,pressure_forecast_scaled_by_latest_available_region_anchor,0.0,low,0,1,normal,maintain_normal_staffing__15min_summer_shuttle_baseline_if_operating,0.0,0.0,0.0,0.0,0.0,0.0,0.0,0.0,0.0,0.0,0.0,relative_service_intensity_not_exact_resource_count
2026-02-24,BDH,0.0,0.0538838705344486,0.3109651790288172,anchor_constrained_daily_visitor_forecast,seasonal_calendar_ridge,126542.83990327934,0.0,6818.61800240976,39350.416865338215,pressure_forecast_scaled_by_latest_available_region_anchor,0.3089477590086401,low,0,0,normal,maintain_normal_staffing__15min_summer_shuttle_baseline_if_operating,0.0,0.0,0.0,0.0,0.0,0.0,0.0,0.0,0.0,0.0,0.0,relative_service_intensity_not_exact_resource_count
2026-02-24,HGA,0.6610416319387769,1.066231205611528,1.570261523222452,anchor_constrained_daily_visitor_forecast,seasonal_calendar_ridge,18777.81226850634,12412.915666213416,20021.48941379645,29486.07609553001,pressure_forecast_scaled_by_latest_available_region_anchor,0.8185815898047824,normal,0,0,normal,maintain_normal_staffing__15min_summer_shuttle_baseline_if_operating,0.0,0.0,1.0,0.0,0.0,0.0,0.0,0.0,0.6,0.0,0.6,relative_service_intensity_not_exact_resource_count
2026-02-24,SHG,0.0,0.0,0.1702276723851101,anchor_constrained_daily_visitor_forecast,seasonal_calendar_ridge,171189.26559227135,0.0,0.0,29141.150219088773,pressure_forecast_scaled_by_latest_available_region_anchor,0.0,low,0,0,normal,maintain_normal_staffing__15min_summer_shuttle_baseline_if_operating,0.0,0.0,0.0,0.0,0.0,0.0,0.0,0.0,0.0,0.0,0.0,relative_service_intensity_not_exact_resource_count
2026-02-25,BDH,0.0,0.055276952868503,0.3126980857394392,anchor_constrained_daily_visitor_forecast,seasonal_calendar_ridge,126542.83990327934,0.0,6994.902597180102,39569.70380178778,pressure_forecast_scaled_by_latest_available_region_anchor,0.31693511516831874,low,0,0,normal,maintain_normal_staffing__15min_summer_shuttle_baseline_if_operating,0.0,0.0,0.0,0.0,0.0,0.0,0.0,0.0,0.0,0.0,0.0,relative_service_intensity_not_exact_resource_count
2026-02-25,HGA,0.6632372891817417,1.068962464976139,1.5736590379031594,anchor_constrained_daily_visitor_forecast,seasonal_calendar_ridge,18777.81226850634,12454.145305727796,20072.77648940172,29549.873988383828,pressure_forecast_scaled_by_latest_available_region_anchor,0.8206784695632118,normal,0,0,normal,maintain_normal_staffing__15min_summer_shuttle_baseline_if_operating,0.0,0.0,1.0,0.0,0.0,0.0,0.0,0.0,0.6,0.0,0.6,relative_service_intensity_not_exact_resource_count
2026-02-25,SHG,0.0,0.0,0.1717745444293655,anchor_constrained_daily_visitor_forecast,seasonal_calendar_ridge,171189.26559227135,0.0,0.0,29405.958108310067,pressure_forecast_scaled_by_latest_available_region_anchor,0.0,low,0,0,normal,maintain_normal_staffing__15min_summer_shuttle_baseline_if_operating,0.0,0.0,0.0,0.0,0.0,0.0,0.0,0.0,0.0,0.0,0.0,relative_service_intensity_not_exact_resource_count
2026-02-26,BDH,0.0,0.0566902375126253,0.3144561228517834,anchor_constrained_daily_visitor_forecast,seasonal_calendar_ridge,126542.83990327934,0.0,7173.743649639028,39792.17081063917,pressure_forecast_scaled_by_latest_available_region_anchor,0.32503830299265574,low,0,0,normal,maintain_normal_staffing__15min_summer_shuttle_baseline_if_operating,0.0,0.0,0.0,0.0,0.0,0.0,0.0,0.0,0.0,0.0,0.0,relative_service_intensity_not_exact_resource_count
2026-02-26,HGA,0.6654647875781983,1.0717333327308718,1.5771058229273065,anchor_constrained_daily_visitor_forecast,seasonal_calendar_ridge,18777.81226850634,12495.972852444856,20124.80732392095,29614.59707049716,pressure_forecast_scaled_by_latest_available_region_anchor,0.8228057580161016,normal,0,0,normal,maintain_normal_staffing__15min_summer_shuttle_baseline_if_operating,0.0,0.0,1.0,0.0,0.0,0.0,0.0,0.0,0.6,0.0,0.6,relative_service_intensity_not_exact_resource_count
2026-02-26,SHG,0.0,0.0,0.1733438490233053,anchor_constrained_daily_visitor_forecast,seasonal_calendar_ridge,171189.26559227135,0.0,0.0,29674.606209237205,pressure_forecast_scaled_by_latest_available_region_anchor,0.0,low,0,0,normal,maintain_normal_staffing__15min_summer_shuttle_baseline_if_operating,0.0,0.0,0.0,0.0,0.0,0.0,0.0,0.0,0.0,0.0,0.0,relative_service_intensity_not_exact_resource_count
2026-02-27,BDH,0.0,0.0581233816092936,0.3162388638726798,anchor_constrained_daily_visitor_forecast,seasonal_calendar_ridge,126542.83990327934,0.0,7355.097773622054,40017.76392223548,pressure_forecast_scaled_by_latest_available_region_anchor,0.33325535667886164,low,0,0,normal,maintain_normal_staffing__15min_summer_shuttle_baseline_if_operating,0.0,0.0,0.0,0.0,0.0,0.0,0.0,0.0,0.0,0.0,0.0,relative_service_intensity_not_exact_resource_count
2026-02-27,HGA,0.6677235867454405,1.074543136673665,1.5806010421178538,anchor_constrained_daily_visitor_forecast,seasonal_calendar_ridge,18777.81226850634,12538.38815915959,20177.56929487003,29680.22964029454,pressure_forecast_scaled_by_latest_available_region_anchor,0.8249629390913001,normal,0,0,normal,maintain_normal_staffing__15min_summer_shuttle_baseline_if_operating,0.0,0.0,1.0,0.0,0.0,0.0,0.0,0.0,0.6,0.0,0.6,relative_service_intensity_not_exact_resource_count
2026-02-27,SHG,0.0,0.0,0.1749352054595568,anchor_constrained_daily_visitor_forecast,seasonal_calendar_ridge,171189.26559227135,0.0,0.0,29947.029348854623,pressure_forecast_scaled_by_latest_available_region_anchor,0.0,low,0,0,normal,maintain_normal_staffing__15min_summer_shuttle_baseline_if_operating,0.0,0.0,0.0,0.0,0.0,0.0,0.0,0.0,0.0,0.0,0.0,relative_service_intensity_not_exact_resource_count
2026-02-28,BDH,0.0,0.2183617956841821,0.5155653618562293,anchor_constrained_daily_visitor_forecast,seasonal_calendar_ridge,126542.83990327934,0.0,27632.12175225606,65241.1050450491,pressure_forecast_scaled_by_latest_available_region_anchor,1.2519959453655267,high,1,0,surge,intensify_parking_guidance__open_surge_window_security_teams__prepare_outer_transfer,1.0,1.0,2.0,0.0,0.0,0.0,0.0,0.48,3.0,0.48,4.92,relative_service_intensity_not_exact_resource_count
2026-02-28,HGA,0.9202776719306112,1.3887045170270174,1.971398018667093,anchor_constrained_daily_visitor_forecast,seasonal_calendar_ridge,18777.81226850634,17280.80135841108,26076.832717160098,37018.54190103603,pressure_forecast_scaled_by_latest_available_region_anchor,1.0661552066140054,high,1,0,surge,intensify_parking_guidance__open_surge_window_security_teams__prepare_outer_transfer,1.0,1.0,1.0,0.0,0.0,0.0,0.0,0.0,2.4,0.0,2.4,relative_service_intensity_not_exact_resource_count
2026-02-28,SHG,0.0,0.0875656433092057,0.3528631836479363,anchor_constrained_daily_visitor_forecast,seasonal_calendar_ridge,171189.26559227135,0.0,14990.298169217727,60406.38926324099,pressure_forecast_scaled_by_latest_available_region_anchor,1.811711819780821,extreme,1,0,surge,intensify_parking_guidance__open_surge_window_security_teams__prepare_outer_transfer,0.0,2.0,2.0,0.0,1.0,0.0,0.0,1.2,2.8,2.2,11.600000000000001,relative_service_intensity_not_exact_resource_count
2026-03-01,BDH,0.0,0.2200541663007586,0.5176705643461563,anchor_constrained_daily_visitor_forecast,seasonal_calendar_ridge,126542.83990327934,0.0,27846.279136246503,65507.50334669593,pressure_forecast_scaled_by_latest_available_region_anchor,1.2616992963723757,high,1,0,surge,intensify_parking_guidance__open_surge_window_security_teams__prepare_outer_transfer,1.0,1.0,2.0,0.0,0.0,0.0,0.0,0.48,3.0,0.48,4.92,relative_service_intensity_not_exact_resource_count
2026-03-01,HGA,0.9229450417703048,1.392022557161417,1.9755254516798144,anchor_constrained_daily_visitor_forecast,seasonal_calendar_ridge,18777.81226850634,17330.888728511527,26139.13825190323,37096.04606329975,pressure_forecast_scaled_by_latest_available_region_anchor,1.0687025777225967,high,1,0,surge,intensify_parking_guidance__open_surge_window_security_teams__prepare_outer_transfer,1.0,1.0,1.0,0.0,0.0,0.0,0.0,0.0,2.4,0.0,2.4,relative_service_intensity_not_exact_resource_count
2026-03-01,SHG,0.0,0.0890763309759189,0.354742383987576,anchor_constrained_daily_visitor_forecast,seasonal_calendar_ridge,171189.26559227135,0.0,15248.911681421649,60728.08818928467,pressure_forecast_scaled_by_latest_available_region_anchor,1.842967579441226,extreme,1,0,surge,intensify_parking_guidance__open_surge_window_security_teams__prepare_outer_transfer,0.0,2.0,2.0,0.0,1.0,0.0,0.0,1.2,2.8,2.2,11.600000000000001,relative_service_intensity_not_exact_resource_count
2026-03-02,BDH,0.0,0.0625384451608544,0.3217309249442287,anchor_constrained_daily_visitor_forecast,seasonal_calendar_ridge,126542.83990327934,0.0,7913.792453790022,40712.74492715152,pressure_forecast_scaled_by_latest_available_region_anchor,0.35856949941965477,low,0,0,normal,maintain_normal_staffing__15min_summer_shuttle_baseline_if_operating,0.0,0.0,0.0,0.0,0.0,0.0,0.0,0.0,0.0,0.0,0.0,relative_service_intensity_not_exact_resource_count
2026-03-02,HGA,0.674682232353214,1.0831992536710402,1.5913687066456386,anchor_constrained_daily_visitor_forecast,seasonal_calendar_ridge,18777.81226850634,12669.056300025426,20340.11223482097,29882.42282336754,pressure_forecast_scaled_by_latest_available_region_anchor,0.8316085315068622,normal,0,0,normal,maintain_normal_staffing__15min_summer_shuttle_baseline_if_operating,0.0,0.0,1.0,0.0,0.0,0.0,0.0,0.0,0.6,0.0,0.6,relative_service_intensity_not_exact_resource_count
2026-03-02,SHG,0.0,0.0,0.1798376711750205,anchor_constrained_daily_visitor_forecast,seasonal_calendar_ridge,171189.26559227135,0.0,0.0,30786.27885427616,pressure_forecast_scaled_by_latest_available_region_anchor,0.0,low,0,0,normal,maintain_normal_staffing__15min_summer_shuttle_baseline_if_operating,0.0,0.0,0.0,0.0,0.0,0.0,0.0,0.0,0.0,0.0,0.0,relative_service_intensity_not_exact_resource_count
2026-03-03,BDH,0.0,0.0640474694545901,0.3236080561526159,anchor_constrained_daily_visitor_forecast,seasonal_calendar_ridge,126542.83990327934,0.0,8104.748673402377,40950.28244113191,pressure_forecast_scaled_by_latest_available_region_anchor,0.36722161867566083,low,0,0,normal,maintain_normal_staffing__15min_summer_shuttle_baseline_if_operating,0.0,0.0,0.0,0.0,0.0,0.0,0.0,0.0,0.0,0.0,0.0,relative_service_intensity_not_exact_resource_count
2026-03-03,HGA,0.6770606273980411,1.0861578273554078,1.5950489860276824,anchor_constrained_daily_visitor_forecast,seasonal_calendar_ridge,18777.81226850634,12713.717355677534,20395.667776048565,29951.53041869921,pressure_forecast_scaled_by_latest_available_region_anchor,0.8338799281208031,normal,0,0,normal,maintain_normal_staffing__15min_summer_shuttle_baseline_if_operating,0.0,0.0,1.0,0.0,0.0,0.0,0.0,0.0,0.6,0.0,0.6,relative_service_intensity_not_exact_resource_count
2026-03-03,SHG,0.0,0.0,0.1815132846237162,anchor_constrained_daily_visitor_forecast,seasonal_calendar_ridge,171189.26559227135,0.0,0.0,31073.125889974897,pressure_forecast_scaled_by_latest_available_region_anchor,0.0,low,0,0,normal,maintain_normal_staffing__15min_summer_shuttle_baseline_if_operating,0.0,0.0,0.0,0.0,0.0,0.0,0.0,0.0,0.0,0.0,0.0,relative_service_intensity_not_exact_resource_count
2026-03-04,BDH,0.0,0.0655745423129748,0.3255076386390306,anchor_constrained_daily_visitor_forecast,seasonal_calendar_ridge,126542.83990327934,0.0,8297.988809641587,41190.66100359336,pressure_forecast_scaled_by_latest_available_region_anchor,0.3759772209136113,low,0,0,normal,maintain_normal_staffing__15min_summer_shuttle_baseline_if_operating,0.0,0.0,0.0,0.0,0.0,0.0,0.0,0.0,0.0,0.0,0.0,relative_service_intensity_not_exact_resource_count
2026-03-04,HGA,0.6794674690470115,1.0891517868242406,1.5987732830975991,anchor_constrained_daily_visitor_forecast,seasonal_calendar_ridge,18777.81226850634,12758.912576321924,20451.88778489383,30021.46456991025,pressure_forecast_scaled_by_latest_available_region_anchor,0.8361784915926935,normal,0,0,normal,maintain_normal_staffing__15min_summer_shuttle_baseline_if_operating,0.0,0.0,1.0,0.0,0.0,0.0,0.0,0.0,0.6,0.0,0.6,relative_service_intensity_not_exact_resource_count
2026-03-04,SHG,0.0,0.0,0.1832089391133552,anchor_constrained_daily_visitor_forecast,seasonal_calendar_ridge,171189.26559227135,0.0,0.0,31363.403736754437,pressure_forecast_scaled_by_latest_available_region_anchor,0.0,low,0,0,normal,maintain_normal_staffing__15min_summer_shuttle_baseline_if_operating,0.0,0.0,0.0,0.0,0.0,0.0,0.0,0.0,0.0,0.0,0.0,relative_service_intensity_not_exact_resource_count
2026-03-05,BDH,0.0,0.0671192823948042,0.3274291980390256,anchor_constrained_daily_visitor_forecast,seasonal_calendar_ridge,126542.83990327934,0.0,8493.464606508705,41433.82058711157,pressure_forecast_scaled_by_latest_available_region_anchor,0.3848341196812474,low,0,0,normal,maintain_normal_staffing__15min_summer_shuttle_baseline_if_operating,0.0,0.0,0.0,0.0,0.0,0.0,0.0,0.0,0.0,0.0,0.0,relative_service_intensity_not_exact_resource_count
2026-03-05,HGA,0.681902156262731,1.0921803844248623,1.602540667822533,anchor_constrained_daily_visitor_forecast,seasonal_calendar_ridge,18777.81226850634,12804.630675791235,20508.758222075157,30092.207813018296,pressure_forecast_scaled_by_latest_available_region_anchor,0.8385036479244051,normal,0,0,normal,maintain_normal_staffing__15min_summer_shuttle_baseline_if_operating,0.0,0.0,1.0,0.0,0.0,0.0,0.0,0.0,0.6,0.0,0.6,relative_service_intensity_not_exact_resource_count
2026-03-05,SHG,0.0,0.0,0.1849242112044657,anchor_constrained_daily_visitor_forecast,seasonal_calendar_ridge,171189.26559227135,0.0,0.0,31657.03990632256,pressure_forecast_scaled_by_latest_available_region_anchor,0.0,low,0,0,normal,maintain_normal_staffing__15min_summer_shuttle_baseline_if_operating,0.0,0.0,0.0,0.0,0.0,0.0,0.0,0.0,0.0,0.0,0.0,relative_service_intensity_not_exact_resource_count
2026-03-06,BDH,0.0,0.0686813020351158,0.3293722521217959,anchor_constrained_daily_visitor_forecast,seasonal_calendar_ridge,126542.83990327934,0.0,8691.127007778441,41679.70016883098,pressure_forecast_scaled_by_latest_available_region_anchor,0.3937900922685033,low,0,0,normal,maintain_normal_staffing__15min_summer_shuttle_baseline_if_operating,0.0,0.0,0.0,0.0,0.0,0.0,0.0,0.0,0.0,0.0,0.0,relative_service_intensity_not_exact_resource_count
2026-03-06,HGA,0.6843640780408373,1.095242860106318,1.606350194746951,anchor_constrained_daily_visitor_forecast,seasonal_calendar_ridge,18777.81226850634,12850.860180760264,20566.26481549839,30163.74239443684,pressure_forecast_scaled_by_latest_available_region_anchor,0.8408548135992331,normal,0,0,normal,maintain_normal_staffing__15min_summer_shuttle_baseline_if_operating,0.0,0.0,1.0,0.0,0.0,0.0,0.0,0.0,0.6,0.0,0.6,relative_service_intensity_not_exact_resource_count
2026-03-06,SHG,0.0,0.0,0.1866586704357041,anchor_constrained_daily_visitor_forecast,seasonal_calendar_ridge,171189.26559227135,0.0,0.0,31953.960708318,pressure_forecast_scaled_by_latest_available_region_anchor,0.0,low,0,0,normal,maintain_normal_staffing__15min_summer_shuttle_baseline_if_operating,0.0,0.0,0.0,0.0,0.0,0.0,0.0,0.0,0.0,0.0,0.0,relative_service_intensity_not_exact_resource_count
2026-03-07,BDH,0.0,0.2306470738183146,0.5308474743344895,anchor_constrained_daily_visitor_forecast,seasonal_calendar_ridge,126542.83990327934,0.0,29186.73573635084,67174.9469577695,pressure_forecast_scaled_by_latest_available_region_anchor,1.3224346334310315,high,1,0,surge,intensify_parking_guidance__open_surge_window_security_teams__prepare_outer_transfer,1.0,1.0,2.0,0.0,0.0,0.0,0.0,0.48,3.0,0.48,4.92,relative_service_intensity_not_exact_resource_count
2026-03-07,HGA,0.9396406767277076,1.412790875837584,2.001359932472866,anchor_constrained_daily_visitor_forecast,seasonal_calendar_ridge,18777.81226850634,17644.396227445144,26529.1218411368,37581.161093686,pressure_forecast_scaled_by_latest_available_region_anchor,1.0846471151081425,high,1,0,surge,intensify_parking_guidance__open_surge_window_security_teams__prepare_outer_transfer,1.0,1.0,1.0,0.0,0.0,0.0,0.0,0.0,2.4,0.0,2.4,relative_service_intensity_not_exact_resource_count
2026-03-07,SHG,0.0,0.0985320462812205,0.3665046984651418,anchor_constrained_daily_visitor_forecast,seasonal_calendar_ridge,171189.26559227135,0.0,16867.62864018584,62741.67016636448,pressure_forecast_scaled_by_latest_available_region_anchor,2.0386040246918538,extreme,1,0,surge,intensify_parking_guidance__open_surge_window_security_teams__prepare_outer_transfer,0.0,2.0,2.0,0.0,1.0,0.0,0.0,1.2,2.8,2.2,11.600000000000001,relative_service_intensity_not_exact_resource_count
2026-03-08,BDH,0.0,0.2324815462232645,0.5331294425019679,anchor_constrained_daily_visitor_forecast,seasonal_calendar_ridge,126542.83990327934,0.0,29418.875084197407,67463.7136902511,pressure_forecast_scaled_by_latest_available_region_anchor,1.3329527371390817,high,1,0,surge,intensify_parking_guidance__open_surge_window_security_teams__prepare_outer_transfer,1.0,1.0,2.0,0.0,0.0,0.0,0.0,0.48,3.0,0.48,4.92,relative_service_intensity_not_exact_resource_count
2026-03-08,HGA,0.9425320152541424,1.416387518916502,2.00583393000683,anchor_constrained_daily_visitor_forecast,seasonal_calendar_ridge,18777.81226850634,17698.689239499243,26596.658929669546,37665.17297946855,pressure_forecast_scaled_by_latest_available_region_anchor,1.0874083790760383,high,1,0,surge,intensify_parking_guidance__open_surge_window_security_teams__prepare_outer_transfer,1.0,1.0,1.0,0.0,0.0,0.0,0.0,0.0,2.4,0.0,2.4,relative_service_intensity_not_exact_resource_count
2026-03-08,SHG,0.0,0.1001695805245706,0.3685416879594497,anchor_constrained_daily_visitor_forecast,seasonal_calendar_ridge,171189.26559227135,0.0,17147.95692468714,63090.38090191422,pressure_forecast_scaled_by_latest_available_region_anchor,2.0724842091095854,extreme,1,0,surge,intensify_parking_guidance__open_surge_window_security_teams__prepare_outer_transfer,0.0,2.0,2.0,0.0,1.0,0.0,0.0,1.2,2.8,2.2,11.600000000000001,relative_service_intensity_not_exact_resource_count
2026-03-09,BDH,0.0,0.0734670675125339,0.3353254430485263,anchor_constrained_daily_visitor_forecast,seasonal_calendar_ridge,126542.83990327934,0.0,9296.731362401995,42433.03385518587,pressure_forecast_scaled_by_latest_available_region_anchor,0.4212296860601922,low,0,0,normal,maintain_normal_staffing__15min_summer_shuttle_baseline_if_operating,0.0,0.0,0.0,0.0,0.0,0.0,0.0,0.0,0.0,0.0,0.0,relative_service_intensity_not_exact_resource_count
2026-03-09,HGA,0.6919069923228969,1.104625770547072,1.618021944557047,anchor_constrained_daily_visitor_forecast,seasonal_calendar_ridge,18777.81226850634,12992.499609106217,20742.455346287075,30382.9123212158,pressure_forecast_scaled_by_latest_available_region_anchor,0.8480583898078125,normal,0,0,normal,maintain_normal_staffing__15min_summer_shuttle_baseline_if_operating,0.0,0.0,1.0,0.0,0.0,0.0,0.0,0.0,0.6,0.0,0.6,relative_service_intensity_not_exact_resource_count
2026-03-09,SHG,0.0,0.0,0.1919727618188276,anchor_constrained_daily_visitor_forecast,seasonal_calendar_ridge,171189.26559227135,0.0,0.0,32863.676109485124,pressure_forecast_scaled_by_latest_available_region_anchor,0.0,low,0,0,normal,maintain_normal_staffing__15min_summer_shuttle_baseline_if_operating,0.0,0.0,0.0,0.0,0.0,0.0,0.0,0.0,0.0,0.0,0.0,relative_service_intensity_not_exact_resource_count
2026-03-10,BDH,0.0,0.0750942034752581,0.3373494977364449,anchor_constrained_daily_visitor_forecast,seasonal_calendar_ridge,126542.83990327934,0.0,9502.63376803387,42689.16348351464,pressure_forecast_scaled_by_latest_available_region_anchor,0.4305590086255528,low,0,0,normal,maintain_normal_staffing__15min_summer_shuttle_baseline_if_operating,0.0,0.0,0.0,0.0,0.0,0.0,0.0,0.0,0.0,0.0,0.0,relative_service_intensity_not_exact_resource_count
2026-03-10,HGA,0.6944715448798491,1.1078159124554476,1.621990280229478,anchor_constrained_daily_visitor_forecast,seasonal_calendar_ridge,18777.81226850634,13040.65629557338,20802.35923215245,30457.42898349113,pressure_forecast_scaled_by_latest_available_region_anchor,0.850507569142761,normal,0,0,normal,maintain_normal_staffing__15min_summer_shuttle_baseline_if_operating,0.0,0.0,1.0,0.0,0.0,0.0,0.0,0.0,0.6,0.0,0.6,relative_service_intensity_not_exact_resource_count
2026-03-10,SHG,0.0,0.0,0.1937795259069308,anchor_constrained_daily_visitor_forecast,seasonal_calendar_ridge,171189.26559227135,0.0,0.0,33172.974726826,pressure_forecast_scaled_by_latest_available_region_anchor,0.0,low,0,0,normal,maintain_normal_staffing__15min_summer_shuttle_baseline_if_operating,0.0,0.0,0.0,0.0,0.0,0.0,0.0,0.0,0.0,0.0,0.0,relative_service_intensity_not_exact_resource_count
2026-03-11,BDH,0.0,0.0767365870699889,0.3393925195185397,anchor_constrained_daily_visitor_forecast,seasonal_calendar_ridge,126542.83990327934,0.0,9710.465652321667,42947.69326180518,pressure_forecast_scaled_by_latest_available_region_anchor,0.4399757547871014,low,0,0,normal,maintain_normal_staffing__15min_summer_shuttle_baseline_if_operating,0.0,0.0,0.0,0.0,0.0,0.0,0.0,0.0,0.0,0.0,0.0,relative_service_intensity_not_exact_resource_count
2026-03-11,HGA,0.697060129450441,1.1110359486756591,1.62599580254359,anchor_constrained_daily_visitor_forecast,seasonal_calendar_ridge,18777.81226850634,13089.264250681108,20862.824467793373,30532.64392954283,pressure_forecast_scaled_by_latest_available_region_anchor,0.8529796993472584,normal,0,0,normal,maintain_normal_staffing__15min_summer_shuttle_baseline_if_operating,0.0,0.0,1.0,0.0,0.0,0.0,0.0,0.0,0.6,0.0,0.6,relative_service_intensity_not_exact_resource_count
2026-03-11,SHG,0.0,0.0,0.1956032208936001,anchor_constrained_daily_visitor_forecast,seasonal_calendar_ridge,171189.26559227135,0.0,0.0,33485.17173225824,pressure_forecast_scaled_by_latest_available_region_anchor,0.0,low,0,0,normal,maintain_normal_staffing__15min_summer_shuttle_baseline_if_operating,0.0,0.0,0.0,0.0,0.0,0.0,0.0,0.0,0.0,0.0,0.0,relative_service_intensity_not_exact_resource_count
2026-03-12,BDH,0.0,0.078393793484169,0.3414539799547371,anchor_constrained_daily_visitor_forecast,seasonal_calendar_ridge,126542.83990327934,0.0,9920.173258277946,43208.55631974985,pressure_forecast_scaled_by_latest_available_region_anchor,0.44947748884587435,low,0,0,normal,maintain_normal_staffing__15min_summer_shuttle_baseline_if_operating,0.0,0.0,0.0,0.0,0.0,0.0,0.0,0.0,0.0,0.0,0.0,relative_service_intensity_not_exact_resource_count
2026-03-12,HGA,0.6996720764814486,1.1142850463256515,1.6300374754465483,anchor_constrained_daily_visitor_forecast,seasonal_calendar_ridge,18777.81226850634,13138.31090168465,20923.83541350697,30608.5377045653,pressure_forecast_scaled_by_latest_available_region_anchor,0.8554741409897125,normal,0,0,normal,maintain_normal_staffing__15min_summer_shuttle_baseline_if_operating,0.0,0.0,1.0,0.0,0.0,0.0,0.0,0.0,0.6,0.0,0.6,relative_service_intensity_not_exact_resource_count
2026-03-12,SHG,0.0,0.0,0.1974433750689783,anchor_constrained_daily_visitor_forecast,seasonal_calendar_ridge,171189.26559227135,0.0,0.0,33800.18637411777,pressure_forecast_scaled_by_latest_available_region_anchor,0.0,low,0,0,normal,maintain_normal_staffing__15min_summer_shuttle_baseline_if_operating,0.0,0.0,0.0,0.0,0.0,0.0,0.0,0.0,0.0,0.0,0.0,relative_service_intensity_not_exact_resource_count
2026-03-13,BDH,0.0,0.0800653918752357,0.3435333431040163,anchor_constrained_daily_visitor_forecast,seasonal_calendar_ridge,126542.83990327934,0.0,10131.702065861284,43471.68483784987,pressure_forecast_scaled_by_latest_available_region_anchor,0.4590617405293601,low,0,0,normal,maintain_normal_staffing__15min_summer_shuttle_baseline_if_operating,0.0,0.0,0.0,0.0,0.0,0.0,0.0,0.0,0.0,0.0,0.0,relative_service_intensity_not_exact_resource_count
2026-03-13,HGA,0.7023067069156683,1.1175623607010206,1.6341142481792603,anchor_constrained_daily_visitor_forecast,seasonal_calendar_ridge,18777.81226850634,13187.783497375322,20985.37620759253,30685.09057760153,pressure_forecast_scaled_by_latest_available_region_anchor,0.8579902455621172,normal,0,0,normal,maintain_normal_staffing__15min_summer_shuttle_baseline_if_operating,0.0,0.0,1.0,0.0,0.0,0.0,0.0,0.0,0.6,0.0,0.6,relative_service_intensity_not_exact_resource_count
2026-03-13,SHG,0.0,0.0,0.1992995100275185,anchor_constrained_daily_visitor_forecast,seasonal_calendar_ridge,171189.26559227135,0.0,0.0,34117.93675451042,pressure_forecast_scaled_by_latest_available_region_anchor,0.0,low,0,0,normal,maintain_normal_staffing__15min_summer_shuttle_baseline_if_operating,0.0,0.0,0.0,0.0,0.0,0.0,0.0,0.0,0.0,0.0,0.0,relative_service_intensity_not_exact_resource_count
2026-03-14,BDH,0.0,0.2438597889887025,0.5472832600914348,anchor_constrained_daily_visitor_forecast,seasonal_calendar_ridge,126542.83990327934,0.0,30858.71023684487,69254.77796349522,pressure_forecast_scaled_by_latest_available_region_anchor,1.39819086069947,high,1,0,surge,intensify_parking_guidance__open_surge_window_security_teams__prepare_outer_transfer,1.0,1.0,2.0,0.0,0.0,0.0,0.0,0.48,3.0,0.48,4.92,relative_service_intensity_not_exact_resource_count
2026-03-14,HGA,0.9604654284698833,1.438695555811543,2.0335837233185527,anchor_constrained_daily_visitor_forecast,seasonal_calendar_ridge,18777.81226850634,18035.43950619797,27015.55505856354,38186.25338876592,pressure_forecast_scaled_by_latest_available_region_anchor,1.1045350099707822,high,1,0,surge,intensify_parking_guidance__open_surge_window_security_teams__prepare_outer_transfer,1.0,1.0,0.0,1.0,0.0,0.0,0.27999999999999997,0.0,3.0,0.27999999999999997,4.12,relative_service_intensity_not_exact_resource_count
2026-03-14,SHG,0.0,0.1103263221072077,0.3811760349871528,anchor_constrained_daily_visitor_forecast,seasonal_calendar_ridge,171189.26559227135,0.0,18886.68205702926,65253.24549082462,pressure_forecast_scaled_by_latest_available_region_anchor,2.2826247171938605,extreme,1,0,surge,intensify_parking_guidance__open_surge_window_security_teams__prepare_outer_transfer,0.0,2.0,2.0,0.0,1.0,0.0,0.0,1.2,2.8,2.2,11.600000000000001,relative_service_intensity_not_exact_resource_count
2026-03-15,BDH,0.0015084658250066,0.2458134732941046,0.5497135203571111,anchor_constrained_daily_visitor_forecast,seasonal_calendar_ridge,126542.83990327934,190.88554939339036,31105.93499712491,69562.30999921799,pressure_forecast_scaled_by_latest_available_region_anchor,1.4093924759876375,extreme,1,0,surge,intensify_parking_guidance__open_surge_window_security_teams__prepare_outer_transfer,1.0,1.0,2.0,0.0,0.5,0.0,0.0,0.48,3.0,0.98,6.92,relative_service_intensity_not_exact_resource_count
2026-03-15,HGA,0.9635446585991884,1.442525924214172,2.0383484604391167,anchor_constrained_daily_visitor_forecast,seasonal_calendar_ridge,18777.81226850634,18093.260711497594,27087.480997347328,38275.72472792465,pressure_forecast_scaled_by_latest_available_region_anchor,1.1074757127377433,high,1,0,surge,intensify_parking_guidance__open_surge_window_security_teams__prepare_outer_transfer,1.0,1.0,0.0,1.0,0.0,0.0,0.27999999999999997,0.0,3.0,0.27999999999999997,4.12,relative_service_intensity_not_exact_resource_count
2026-03-15,SHG,0.0,0.1120702703629345,0.3833453968126892,anchor_constrained_daily_visitor_forecast,seasonal_calendar_ridge,171189.26559227135,0.0,19185.227278158065,65624.61694854211,pressure_forecast_scaled_by_latest_available_region_anchor,2.3187065815939176,extreme,1,0,surge,intensify_parking_guidance__open_surge_window_security_teams__prepare_outer_transfer,0.0,2.0,2.0,0.0,1.0,0.0,0.0,1.2,2.8,2.2,11.600000000000001,relative_service_intensity_not_exact_resource_count
2026-03-16,BDH,0.0,0.0851621412083902,0.3498733783667397,anchor_constrained_daily_visitor_forecast,seasonal_calendar_ridge,126542.83990327934,0.0,10776.659200753797,44273.97090508182,pressure_forecast_scaled_by_latest_available_region_anchor,0.4882843867329244,low,0,0,normal,maintain_normal_staffing__15min_summer_shuttle_baseline_if_operating,0.0,0.0,0.0,0.0,0.0,0.0,0.0,0.0,0.0,0.0,0.0,relative_service_intensity_not_exact_resource_count
2026-03-16,HGA,0.7103397673567895,1.1275549821024686,1.646544440035099,anchor_constrained_daily_visitor_forecast,seasonal_calendar_ridge,18777.81226850634,13338.62679828026,21173.01577633918,30918.502386731983,pressure_forecast_scaled_by_latest_available_region_anchor,0.8656619174003309,normal,0,0,normal,maintain_normal_staffing__15min_summer_shuttle_baseline_if_operating,0.0,0.0,1.0,0.0,0.0,0.0,0.0,0.0,0.6,0.0,0.6,relative_service_intensity_not_exact_resource_count
2026-03-16,SHG,0.0,0.0,0.204958916415286,anchor_constrained_daily_visitor_forecast,seasonal_calendar_ridge,171189.26559227135,0.0,0.0,35086.76637772054,pressure_forecast_scaled_by_latest_available_region_anchor,0.0,low,0,0,normal,maintain_normal_staffing__15min_summer_shuttle_baseline_if_operating,0.0,0.0,0.0,0.0,0.0,0.0,0.0,0.0,0.0,0.0,0.0,relative_service_intensity_not_exact_resource_count
2026-03-17,BDH,0.0,0.0868868804709394,0.352018845414223,anchor_constrained_daily_visitor_forecast,seasonal_calendar_ridge,126542.83990327934,0.0,10994.91260512946,44545.46439818927,pressure_forecast_scaled_by_latest_available_region_anchor,0.49817332612710047,low,0,0,normal,maintain_normal_staffing__15min_summer_shuttle_baseline_if_operating,0.0,0.0,0.0,0.0,0.0,0.0,0.0,0.0,0.0,0.0,0.0,relative_service_intensity_not_exact_resource_count
2026-03-17,HGA,0.7130581538882022,1.130936483789192,1.6507508152231667,anchor_constrained_daily_visitor_forecast,seasonal_calendar_ridge,18777.81226850634,13389.672150240363,21236.51298019811,30997.48891034442,pressure_forecast_scaled_by_latest_available_region_anchor,0.8682580100789897,normal,0,0,normal,maintain_normal_staffing__15min_summer_shuttle_baseline_if_operating,0.0,0.0,1.0,0.0,0.0,0.0,0.0,0.0,0.6,0.0,0.6,relative_service_intensity_not_exact_resource_count
2026-03-17,SHG,0.0,0.0,0.2068740587465379,anchor_constrained_daily_visitor_forecast,seasonal_calendar_ridge,171189.26559227135,0.0,0.0,35414.61818691222,pressure_forecast_scaled_by_latest_available_region_anchor,0.0,low,0,0,normal,maintain_normal_staffing__15min_summer_shuttle_baseline_if_operating,0.0,0.0,0.0,0.0,0.0,0.0,0.0,0.0,0.0,0.0,0.0,relative_service_intensity_not_exact_resource_count
2026-03-18,BDH,0.0,0.0886237690862295,0.3541794254915537,anchor_constrained_daily_visitor_forecast,seasonal_calendar_ridge,126542.83990327934,0.0,11214.703423103943,44818.87033701313,pressure_forecast_scaled_by_latest_available_region_anchor,0.5081319248695282,low,0,0,normal,maintain_normal_staffing__15min_summer_shuttle_baseline_if_operating,0.0,0.0,0.0,0.0,0.0,0.0,0.0,0.0,0.0,0.0,0.0,relative_service_intensity_not_exact_resource_count
2026-03-18,HGA,0.7157956891904307,1.1343418053411425,1.6549868208238028,anchor_constrained_daily_visitor_forecast,seasonal_calendar_ridge,18777.81226850634,13441.07707422402,21300.45746901453,31077.031828281502,pressure_forecast_scaled_by_latest_available_region_anchor,0.8708723900700474,normal,0,0,normal,maintain_normal_staffing__15min_summer_shuttle_baseline_if_operating,0.0,0.0,1.0,0.0,0.0,0.0,0.0,0.0,0.6,0.0,0.6,relative_service_intensity_not_exact_resource_count
2026-03-18,SHG,0.0,0.0,0.2088026916616924,anchor_constrained_daily_visitor_forecast,seasonal_calendar_ridge,171189.26559227135,0.0,0.0,35744.779439254606,pressure_forecast_scaled_by_latest_available_region_anchor,0.0,low,0,0,normal,maintain_normal_staffing__15min_summer_shuttle_baseline_if_operating,0.0,0.0,0.0,0.0,0.0,0.0,0.0,0.0,0.0,0.0,0.0,relative_service_intensity_not_exact_resource_count
2026-03-19,BDH,0.0,0.0903723413045797,0.3563545392354539,anchor_constrained_daily_visitor_forecast,seasonal_calendar_ridge,126542.83990327934,0.0,11435.97271738995,45094.11540727893,pressure_forecast_scaled_by_latest_available_region_anchor,0.5181575125447617,low,0,0,normal,maintain_normal_staffing__15min_summer_shuttle_baseline_if_operating,0.0,0.0,0.0,0.0,0.0,0.0,0.0,0.0,0.0,0.0,0.0,relative_service_intensity_not_exact_resource_count
2026-03-19,HGA,0.7185516391886579,1.1377700336154666,1.65925132094479,anchor_constrained_daily_visitor_forecast,seasonal_calendar_ridge,18777.81226850634,13492.82778591212,21364.83209596338,31157.10981097243,pressure_forecast_scaled_by_latest_available_region_anchor,0.8735043563229958,normal,0,0,normal,maintain_normal_staffing__15min_summer_shuttle_baseline_if_operating,0.0,0.0,1.0,0.0,0.0,0.0,0.0,0.0,0.6,0.0,0.6,relative_service_intensity_not_exact_resource_count
2026-03-19,SHG,0.0,0.0,0.2107442979945034,anchor_constrained_daily_visitor_forecast,seasonal_calendar_ridge,171189.26559227135,0.0,0.0,36077.16160143783,pressure_forecast_scaled_by_latest_available_region_anchor,0.0,low,0,0,normal,maintain_normal_staffing__15min_summer_shuttle_baseline_if_operating,0.0,0.0,0.0,0.0,0.0,0.0,0.0,0.0,0.0,0.0,0.0,relative_service_intensity_not_exact_resource_count
2026-03-20,BDH,0.0,0.0921321258042909,0.3585436003514061,anchor_constrained_daily_visitor_forecast,seasonal_calendar_ridge,126542.83990327934,0.0,11658.66084560118,45371.12541761335,pressure_forecast_scaled_by_latest_available_region_anchor,0.5282473867897148,low,0,0,normal,maintain_normal_staffing__15min_summer_shuttle_baseline_if_operating,0.0,0.0,0.0,0.0,0.0,0.0,0.0,0.0,0.0,0.0,0.0,relative_service_intensity_not_exact_resource_count
2026-03-20,HGA,0.7213252610259278,1.141220244544884,1.6635431661046152,anchor_constrained_daily_visitor_forecast,seasonal_calendar_ridge,18777.81226850634,13544.910336076204,21429.619509082728,31237.70127366912,pressure_forecast_scaled_by_latest_available_region_anchor,0.8761531994002761,normal,0,0,normal,maintain_normal_staffing__15min_summer_shuttle_baseline_if_operating,0.0,0.0,1.0,0.0,0.0,0.0,0.0,0.0,0.6,0.0,0.6,relative_service_intensity_not_exact_resource_count
2026-03-20,SHG,0.0,0.0,0.2126983543915827,anchor_constrained_daily_visitor_forecast,seasonal_calendar_ridge,171189.26559227135,0.0,0.0,36411.6750809797,pressure_forecast_scaled_by_latest_available_region_anchor,0.0,low,0,0,normal,maintain_normal_staffing__15min_summer_shuttle_baseline_if_operating,0.0,0.0,0.0,0.0,0.0,0.0,0.0,0.0,0.0,0.0,0.0,relative_service_intensity_not_exact_resource_count
2026-03-21,BDH,0.0111705653253662,0.25783251671571,0.5646644536159813,anchor_constrained_daily_visitor_forecast,seasonal_calendar_ridge,126542.83990327934,1413.5550595969469,32626.858884615693,71454.24355299982,pressure_forecast_scaled_by_latest_available_region_anchor,1.47830468466349,extreme,1,0,surge,intensify_parking_guidance__open_surge_window_security_teams__prepare_outer_transfer,1.0,1.0,2.0,0.0,0.5,0.0,0.0,0.48,3.0,0.98,6.92,relative_service_intensity_not_exact_resource_count
2026-03-21,HGA,0.9824880470099456,1.4660903066605293,2.067661068513122,anchor_constrained_daily_visitor_forecast,seasonal_calendar_ridge,18777.81226850634,18448.97610280419,27529.96854714831,38826.15137943863,pressure_forecast_scaled_by_latest_available_region_anchor,1.1255668824054363,high,1,0,surge,intensify_parking_guidance__open_surge_window_security_teams__prepare_outer_transfer,1.0,1.0,0.0,1.0,0.0,0.0,0.27999999999999997,0.0,3.0,0.27999999999999997,4.12,relative_service_intensity_not_exact_resource_count
2026-03-21,SHG,0.0,0.1227990200143787,0.3966912858625218,anchor_constrained_daily_visitor_forecast,seasonal_calendar_ridge,171189.26559227135,0.0,21021.87405171213,67909.28989365889,pressure_forecast_scaled_by_latest_available_region_anchor,2.5406817972199223,extreme,1,0,surge,intensify_parking_guidance__open_surge_window_security_teams__prepare_outer_transfer,0.0,2.0,2.0,0.0,1.0,0.0,0.0,1.2,2.8,2.2,11.600000000000001,relative_service_intensity_not_exact_resource_count
2026-03-22,BDH,0.0128166582980081,0.2598801527303718,0.5672115838924752,anchor_constrained_daily_visitor_forecast,seasonal_calendar_ridge,126542.83990327934,1621.8563390998809,32885.97256099923,71776.56465179098,pressure_forecast_scaled_by_latest_available_region_anchor,1.490044980075096,extreme,1,0,surge,intensify_parking_guidance__open_surge_window_security_teams__prepare_outer_transfer,1.0,1.0,2.0,0.0,0.5,0.0,0.0,0.48,3.0,0.98,6.92,relative_service_intensity_not_exact_resource_count
2026-03-22,HGA,0.9857153557889348,1.4701048755798571,2.0726549394786025,anchor_constrained_daily_visitor_forecast,seasonal_calendar_ridge,18777.81226850634,18509.57790118855,27605.353368654425,38919.92535092156,pressure_forecast_scaled_by_latest_available_region_anchor,1.1286490021099327,high,1,0,surge,intensify_parking_guidance__open_surge_window_security_teams__prepare_outer_transfer,1.0,1.0,0.0,1.0,0.0,0.0,0.27999999999999997,0.0,3.0,0.27999999999999997,4.12,relative_service_intensity_not_exact_resource_count
2026-03-22,SHG,0.0,0.1246268338767612,0.3989649712222896,anchor_constrained_daily_visitor_forecast,seasonal_calendar_ridge,171189.26559227135,0.0,21334.77616445276,68298.52042058542,pressure_forecast_scaled_by_latest_available_region_anchor,2.578498820583119,extreme,1,0,surge,intensify_parking_guidance__open_surge_window_security_teams__prepare_outer_transfer,0.0,2.0,2.0,0.0,1.0,0.0,0.0,1.2,2.8,2.2,11.600000000000001,relative_service_intensity_not_exact_resource_count
2026-03-23,BDH,0.0,0.0974739579070132,0.3651885031482729,anchor_constrained_daily_visitor_forecast,seasonal_calendar_ridge,126542.83990327934,0.0,12334.631450166164,46211.99028841012,pressure_forecast_scaled_by_latest_available_region_anchor,0.5588752359172451,low,0,0,normal,maintain_normal_staffing__15min_summer_shuttle_baseline_if_operating,0.0,0.0,0.0,0.0,0.0,0.0,0.0,0.0,0.0,0.0,0.0,relative_service_intensity_not_exact_resource_count
2026-03-23,HGA,0.7297445999697423,1.1516933720823466,1.6765710773394449,anchor_constrained_daily_visitor_forecast,seasonal_calendar_ridge,18777.81226850634,13703.007102188078,21626.28193184532,31482.336945087514,pressure_forecast_scaled_by_latest_available_region_anchor,0.8841937719747086,normal,0,0,normal,maintain_normal_staffing__15min_summer_shuttle_baseline_if_operating,0.0,0.0,1.0,0.0,0.0,0.0,0.0,0.0,0.6,0.0,0.6,relative_service_intensity_not_exact_resource_count
2026-03-23,SHG,0.0,0.0,0.218629899529161,anchor_constrained_daily_visitor_forecast,seasonal_calendar_ridge,171189.26559227135,0.0,0.0,37427.09193690915,pressure_forecast_scaled_by_latest_available_region_anchor,0.0,low,0,0,normal,maintain_normal_staffing__15min_summer_shuttle_baseline_if_operating,0.0,0.0,0.0,0.0,0.0,0.0,0.0,0.0,0.0,0.0,0.0,relative_service_intensity_not_exact_resource_count
2026-03-24,BDH,0.0,0.099273769765906,0.3674273557787956,anchor_constrained_daily_visitor_forecast,seasonal_calendar_ridge,126542.83990327934,0.0,12562.384754082055,46495.3010584014,pressure_forecast_scaled_by_latest_available_region_anchor,0.5691946104337177,low,0,0,normal,maintain_normal_staffing__15min_summer_shuttle_baseline_if_operating,0.0,0.0,0.0,0.0,0.0,0.0,0.0,0.0,0.0,0.0,0.0,relative_service_intensity_not_exact_resource_count
2026-03-24,HGA,0.732581309507542,1.1552220601390184,1.6809605431044017,anchor_constrained_daily_visitor_forecast,seasonal_calendar_ridge,18777.81226850634,13756.274301349162,21692.542973727628,31564.761509180917,pressure_forecast_scaled_by_latest_available_region_anchor,0.8869028645844106,normal,0,0,normal,maintain_normal_staffing__15min_summer_shuttle_baseline_if_operating,0.0,0.0,1.0,0.0,0.0,0.0,0.0,0.0,0.6,0.0,0.6,relative_service_intensity_not_exact_resource_count
2026-03-24,SHG,0.0,0.0,0.2206284021168276,anchor_constrained_daily_visitor_forecast,seasonal_calendar_ridge,171189.26559227135,0.0,0.0,37769.21412717604,pressure_forecast_scaled_by_latest_available_region_anchor,0.0,low,0,0,normal,maintain_normal_staffing__15min_summer_shuttle_baseline_if_operating,0.0,0.0,0.0,0.0,0.0,0.0,0.0,0.0,0.0,0.0,0.0,relative_service_intensity_not_exact_resource_count
2026-03-25,BDH,0.0,0.1010823566637222,0.3696771240052346,anchor_constrained_daily_visitor_forecast,seasonal_calendar_ridge,126542.83990327934,0.0,12791.248476343586,46779.99311889915,pressure_forecast_scaled_by_latest_available_region_anchor,0.5795642973829039,low,0,0,normal,maintain_normal_staffing__15min_summer_shuttle_baseline_if_operating,0.0,0.0,0.0,0.0,0.0,0.0,0.0,0.0,0.0,0.0,0.0,relative_service_intensity_not_exact_resource_count
2026-03-25,HGA,0.735431849511279,1.1587679524245065,1.6853714098467725,anchor_constrained_daily_visitor_forecast,seasonal_calendar_ridge,18777.81226850634,13809.801206403205,21759.127073388867,31647.58793681055,pressure_forecast_scaled_by_latest_available_region_anchor,0.889625165459732,normal,0,0,normal,maintain_normal_staffing__15min_summer_shuttle_baseline_if_operating,0.0,0.0,1.0,0.0,0.0,0.0,0.0,0.0,0.6,0.0,0.6,relative_service_intensity_not_exact_resource_count
2026-03-25,SHG,0.0,0.0,0.2226366484662706,anchor_constrained_daily_visitor_forecast,seasonal_calendar_ridge,171189.26559227135,0.0,0.0,38113.00434486555,pressure_forecast_scaled_by_latest_available_region_anchor,0.0,low,0,0,normal,maintain_normal_staffing__15min_summer_shuttle_baseline_if_operating,0.0,0.0,0.0,0.0,0.0,0.0,0.0,0.0,0.0,0.0,0.0,relative_service_intensity_not_exact_resource_count
2026-03-26,BDH,0.0,0.1028992156701167,0.3719371822139062,anchor_constrained_daily_visitor_forecast,seasonal_calendar_ridge,126542.83990327934,0.0,13021.158974716596,47065.98730297117,pressure_forecast_scaled_by_latest_available_region_anchor,0.5899814131708537,low,0,0,normal,maintain_normal_staffing__15min_summer_shuttle_baseline_if_operating,0.0,0.0,0.0,0.0,0.0,0.0,0.0,0.0,0.0,0.0,0.0,relative_service_intensity_not_exact_resource_count
2026-03-26,HGA,0.7382954273051527,1.1623300629000228,1.6898024509963905,anchor_constrained_daily_visitor_forecast,seasonal_calendar_ridge,18777.81226850634,13863.572932632827,21826.015715177797,31730.7931956721,pressure_forecast_scaled_by_latest_available_region_anchor,0.8923599175855021,normal,0,0,normal,maintain_normal_staffing__15min_summer_shuttle_baseline_if_operating,0.0,0.0,1.0,0.0,0.0,0.0,0.0,0.0,0.6,0.0,0.6,relative_service_intensity_not_exact_resource_count
2026-03-26,SHG,0.0,0.0,0.2246540801260101,anchor_constrained_daily_visitor_forecast,seasonal_calendar_ridge,171189.26559227135,0.0,0.0,38458.36698907895,pressure_forecast_scaled_by_latest_available_region_anchor,0.0,low,0,0,normal,maintain_normal_staffing__15min_summer_shuttle_baseline_if_operating,0.0,0.0,0.0,0.0,0.0,0.0,0.0,0.0,0.0,0.0,0.0,relative_service_intensity_not_exact_resource_count
2026-03-27,BDH,0.0,0.1047238389280616,0.3742068986626444,anchor_constrained_daily_visitor_forecast,seasonal_calendar_ridge,126542.83990327934,0.0,13252.051983530511,47353.20366816969,pressure_forecast_scaled_by_latest_available_region_anchor,0.600443045956062,low,0,0,normal,maintain_normal_staffing__15min_summer_shuttle_baseline_if_operating,0.0,0.0,0.0,0.0,0.0,0.0,0.0,0.0,0.0,0.0,0.0,relative_service_intensity_not_exact_resource_count
2026-03-27,HGA,0.7411712424483461,1.16590739586759,1.6942524279676614,anchor_constrained_daily_visitor_forecast,seasonal_calendar_ridge,18777.81226850634,13917.57444951064,21893.19020206471,31814.35402783781,pressure_forecast_scaled_by_latest_available_region_anchor,0.8951063565308645,normal,0,0,normal,maintain_normal_staffing__15min_summer_shuttle_baseline_if_operating,0.0,0.0,1.0,0.0,0.0,0.0,0.0,0.0,0.6,0.0,0.6,relative_service_intensity_not_exact_resource_count
2026-03-27,SHG,0.0,0.0,0.2266801331740008,anchor_constrained_daily_visitor_forecast,seasonal_calendar_ridge,171189.26559227135,0.0,0.0,38805.20552241546,pressure_forecast_scaled_by_latest_available_region_anchor,0.0,low,0,0,normal,maintain_normal_staffing__15min_summer_shuttle_baseline_if_operating,0.0,0.0,0.0,0.0,0.0,0.0,0.0,0.0,0.0,0.0,0.0,relative_service_intensity_not_exact_resource_count
2026-03-28,BDH,0.0228666792002955,0.2723817459511972,0.5827627787186882,anchor_constrained_daily_visitor_forecast,seasonal_calendar_ridge,126542.83990327934,2893.61452516265,34467.95967047805,73744.45700898916,pressure_forecast_scaled_by_latest_available_region_anchor,1.5617239291057217,extreme,1,0,surge,intensify_parking_guidance__open_surge_window_security_teams__prepare_outer_transfer,1.0,1.0,2.0,0.0,0.5,0.0,0.0,0.48,3.0,0.98,6.92,relative_service_intensity_not_exact_resource_count
2026-03-28,HGA,1.005419297927098,1.4946153389762,2.1031444126860923,anchor_constrained_daily_visitor_forecast,seasonal_calendar_ridge,18777.81226850634,18879.57482760849,28065.60624892505,39492.45095497747,pressure_forecast_scaled_by_latest_available_region_anchor,1.1474665099714878,high,1,0,surge,intensify_parking_guidance__open_surge_window_security_teams__prepare_outer_transfer,1.0,1.0,0.0,1.0,0.0,0.0,0.27999999999999997,0.0,3.0,0.27999999999999997,4.12,relative_service_intensity_not_exact_resource_count
2026-03-28,SHG,0.0,0.135786329620767,0.4128466812901104,anchor_constrained_daily_visitor_forecast,seasonal_calendar_ridge,171189.26559227135,0.0,23245.162045249195,70674.9201722605,pressure_forecast_scaled_by_latest_available_region_anchor,2.8093860678887483,extreme,1,0,surge,intensify_parking_guidance__open_surge_window_security_teams__prepare_outer_transfer,0.0,2.0,2.0,0.0,1.0,0.0,0.0,1.2,2.8,2.2,11.600000000000001,relative_service_intensity_not_exact_resource_count
2026-03-29,BDH,0.0245662338540712,0.2744958849310702,0.5853926344966645,anchor_constrained_daily_visitor_forecast,seasonal_calendar_ridge,126542.83990327934,3108.680997622264,34735.488820941406,74077.24642767032,pressure_forecast_scaled_by_latest_available_region_anchor,1.5738455249299679,extreme,1,0,surge,intensify_parking_guidance__open_surge_window_security_teams__prepare_outer_transfer,1.0,1.0,2.0,0.0,0.5,0.0,0.0,0.48,3.0,0.98,6.92,relative_service_intensity_not_exact_resource_count
2026-03-29,HGA,1.0087514229927308,1.498760292756542,2.1083004742092246,anchor_constrained_daily_visitor_forecast,seasonal_calendar_ridge,18777.81226850634,18942.14484654613,28143.439412873948,39589.27051030371,pressure_forecast_scaled_by_latest_available_region_anchor,1.150648730523018,high,1,0,surge,intensify_parking_guidance__open_surge_window_security_teams__prepare_outer_transfer,1.0,1.0,0.0,1.0,0.0,0.0,0.27999999999999997,0.0,3.0,0.27999999999999997,4.12,relative_service_intensity_not_exact_resource_count
2026-03-29,SHG,0.0,0.1376735070813829,0.4151942112283575,anchor_constrained_daily_visitor_forecast,seasonal_calendar_ridge,171189.26559227135,0.0,23568.226568774306,71076.7920983449,pressure_forecast_scaled_by_latest_available_region_anchor,2.8484313096321183,extreme,1,0,surge,intensify_parking_guidance__open_surge_window_security_teams__prepare_outer_transfer,0.0,2.0,2.0,0.0,1.0,0.0,0.0,1.2,2.8,2.2,11.600000000000001,relative_service_intensity_not_exact_resource_count
2026-03-30,BDH,0.0,0.1102391440494164,0.3810675909722713,anchor_constrained_daily_visitor_forecast,seasonal_calendar_ridge,126542.83990327934,0.0,13949.97435651986,48221.37515673246,pressure_forecast_scaled_by_latest_available_region_anchor,0.6320655174042131,low,0,0,normal,maintain_normal_staffing__15min_summer_shuttle_baseline_if_operating,0.0,0.0,0.0,0.0,0.0,0.0,0.0,0.0,0.0,0.0,0.0,relative_service_intensity_not_exact_resource_count
2026-03-30,HGA,0.7498639947292685,1.1767206323814323,1.707703413354753,anchor_constrained_daily_visitor_forecast,seasonal_calendar_ridge,18777.81226850634,14080.80531993843,22096.2391273366,32066.934106263037,pressure_forecast_scaled_by_latest_available_region_anchor,0.9034080422157807,normal,0,0,normal,maintain_normal_staffing__15min_summer_shuttle_baseline_if_operating,0.0,1.0,0.0,0.0,0.0,0.0,0.27999999999999997,0.0,0.8,0.27999999999999997,1.92,relative_service_intensity_not_exact_resource_count
2026-03-30,SHG,0.0,0.0,0.2328043019321617,anchor_constrained_daily_visitor_forecast,seasonal_calendar_ridge,171189.26559227135,0.0,0.0,39853.59747448817,pressure_forecast_scaled_by_latest_available_region_anchor,0.0,low,0,0,normal,maintain_normal_staffing__15min_summer_shuttle_baseline_if_operating,0.0,0.0,0.0,0.0,0.0,0.0,0.0,0.0,0.0,0.0,0.0,relative_service_intensity_not_exact_resource_count
2026-03-31,BDH,0.0,0.1120896510969228,0.3833695052254973,anchor_constrained_daily_visitor_forecast,seasonal_calendar_ridge,126542.83990327934,0.0,14184.142773572352,48512.66592354952,pressure_forecast_scaled_by_latest_available_region_anchor,0.642675557100439,low,0,0,normal,maintain_normal_staffing__15min_summer_shuttle_baseline_if_operating,0.0,0.0,0.0,0.0,0.0,0.0,0.0,0.0,0.0,0.0,0.0,relative_service_intensity_not_exact_resource_count
2026-03-31,HGA,0.7527806056880693,1.1803487127749794,1.7122165169287218,anchor_constrained_daily_visitor_forecast,seasonal_calendar_ridge,18777.81226850634,14135.57289298306,22164.366539861672,32151.680317923343,pressure_forecast_scaled_by_latest_available_region_anchor,0.9061934416684124,normal,0,0,normal,maintain_normal_staffing__15min_summer_shuttle_baseline_if_operating,0.0,1.0,0.0,0.0,0.0,0.0,0.27999999999999997,0.0,0.8,0.27999999999999997,1.92,relative_service_intensity_not_exact_resource_count
2026-03-31,SHG,0.0,0.0,0.2348590962178333,anchor_constrained_daily_visitor_forecast,seasonal_calendar_ridge,171189.26559227135,0.0,0.0,40205.356199195485,pressure_forecast_scaled_by_latest_available_region_anchor,0.0,low,0,0,normal,maintain_normal_staffing__15min_summer_shuttle_baseline_if_operating,0.0,0.0,0.0,0.0,0.0,0.0,0.0,0.0,0.0,0.0,0.0,relative_service_intensity_not_exact_resource_count
2026-04-01,BDH,0.0,0.1139453131571501,0.385677831989972,anchor_constrained_daily_visitor_forecast,seasonal_calendar_ridge,126542.83990327934,0.0,14418.963520574282,48804.768147750896,pressure_forecast_scaled_by_latest_available_region_anchor,0.653315153500962,low,0,0,normal,maintain_normal_staffing__15min_summer_shuttle_baseline_if_operating,0.0,0.0,0.0,0.0,0.0,0.0,0.0,0.0,0.0,0.0,0.0,relative_service_intensity_not_exact_resource_count
2026-04-01,HGA,0.7557053415370802,1.1839869000203795,1.716742192790036,anchor_constrained_daily_visitor_forecast,seasonal_calendar_ridge,18777.81226850634,14190.493033690758,22232.68373695347,32236.66260963521,pressure_forecast_scaled_by_latest_available_region_anchor,0.9089866004914455,normal,0,0,normal,maintain_normal_staffing__15min_summer_shuttle_baseline_if_operating,0.0,1.0,0.0,0.0,0.0,0.0,0.27999999999999997,0.0,0.8,0.27999999999999997,1.92,relative_service_intensity_not_exact_resource_count
2026-04-01,SHG,0.0,0.0,0.2369196146052832,anchor_constrained_daily_visitor_forecast,seasonal_calendar_ridge,171189.26559227135,0.0,0.0,40558.094828682406,pressure_forecast_scaled_by_latest_available_region_anchor,0.0,low,0,0,normal,maintain_normal_staffing__15min_summer_shuttle_baseline_if_operating,0.0,0.0,0.0,0.0,0.0,0.0,0.0,0.0,0.0,0.0,0.0,relative_service_intensity_not_exact_resource_count
2026-04-02,BDH,0.0,0.1158055952403691,0.3879919057721568,anchor_constrained_daily_visitor_forecast,seasonal_calendar_ridge,126542.83990327934,0.0,14654.368898405995,49097.59761589429,pressure_forecast_scaled_by_latest_available_region_anchor,0.6639812391966247,low,0,0,normal,maintain_normal_staffing__15min_summer_shuttle_baseline_if_operating,0.0,0.0,0.0,0.0,0.0,0.0,0.0,0.0,0.0,0.0,0.0,relative_service_intensity_not_exact_resource_count
2026-04-02,HGA,0.7586373590712414,1.1876341452236274,1.7212791361805948,anchor_constrained_daily_visitor_forecast,seasonal_calendar_ridge,18777.81226850634,14245.549908515206,22301.17102267727,32321.856480895967,pressure_forecast_scaled_by_latest_available_region_anchor,0.9117867134136426,normal,0,0,normal,maintain_normal_staffing__15min_summer_shuttle_baseline_if_operating,0.0,1.0,0.0,0.0,0.0,0.0,0.27999999999999997,0.0,0.8,0.27999999999999997,1.92,relative_service_intensity_not_exact_resource_count
2026-04-02,SHG,0.0,0.0,0.2389852630444429,anchor_constrained_daily_visitor_forecast,seasonal_calendar_ridge,171189.26559227135,0.0,0.0,40911.71166795397,pressure_forecast_scaled_by_latest_available_region_anchor,0.0,low,0,0,normal,maintain_normal_staffing__15min_summer_shuttle_baseline_if_operating,0.0,0.0,0.0,0.0,0.0,0.0,0.0,0.0,0.0,0.0,0.0,relative_service_intensity_not_exact_resource_count
2026-04-03,BDH,0.0,0.1176699582791241,0.3903110560060785,anchor_constrained_daily_visitor_forecast,seasonal_calendar_ridge,126542.83990327934,0.0,14890.290691940763,49391.06947265709,pressure_forecast_scaled_by_latest_available_region_anchor,0.6746707233982776,low,0,0,normal,maintain_normal_staffing__15min_summer_shuttle_baseline_if_operating,0.0,0.0,0.0,0.0,0.0,0.0,0.0,0.0,0.0,0.0,0.0,relative_service_intensity_not_exact_resource_count
2026-04-03,HGA,0.761575808658528,1.1912893914959808,1.725826032397348,anchor_constrained_daily_visitor_forecast,seasonal_calendar_ridge,18777.81226850634,14300.727563225744,22369.80855097468,32407.237244458534,pressure_forecast_scaled_by_latest_available_region_anchor,0.9145929690259373,normal,0,0,normal,maintain_normal_staffing__15min_summer_shuttle_baseline_if_operating,0.0,1.0,0.0,0.0,0.0,0.0,0.27999999999999997,0.0,0.8,0.27999999999999997,1.92,relative_service_intensity_not_exact_resource_count
2026-04-03,SHG,0.0,0.0,0.2410554429573556,anchor_constrained_daily_visitor_forecast,seasonal_calendar_ridge,171189.26559227135,0.0,0.0,41266.10424688938,pressure_forecast_scaled_by_latest_available_region_anchor,0.0,low,0,0,normal,maintain_normal_staffing__15min_summer_shuttle_baseline_if_operating,0.0,0.0,0.0,0.0,0.0,0.0,0.0,0.0,0.0,0.0,0.0,relative_service_intensity_not_exact_resource_count
2026-04-04,BDH,0.0348669823894856,0.2873093675408877,0.6013318000852252,anchor_constrained_daily_visitor_forecast,seasonal_calendar_ridge,126542.83990327934,4412.166970423136,36356.94329943899,76094.23370693544,pressure_forecast_scaled_by_latest_available_region_anchor,1.6473127183244818,extreme,1,1,surge,intensify_parking_guidance__open_surge_window_security_teams__prepare_outer_transfer,0.0,2.0,2.0,0.0,1.0,0.0,0.0,0.48,2.8,1.48,8.719999999999999,relative_service_intensity_not_exact_resource_count
2026-04-04,HGA,1.0289469385140344,1.5238822424904712,2.1395505979195266,anchor_constrained_daily_visitor_forecast,seasonal_calendar_ridge,18777.81226850634,19321.372445670877,28615.17466879652,40176.07946670336,pressure_forecast_scaled_by_latest_available_region_anchor,1.169935697030813,high,1,1,surge,intensify_parking_guidance__open_surge_window_security_teams__prepare_outer_transfer,1.0,1.0,0.0,1.0,0.0,0.0,0.27999999999999997,0.0,3.0,0.27999999999999997,4.12,relative_service_intensity_not_exact_resource_count
2026-04-04,SHG,0.0,0.149111409605035,0.4294222418006724,anchor_constrained_daily_visitor_forecast,seasonal_calendar_ridge,171189.26559227135,0.0,25526.272701714297,73512.47820284388,pressure_forecast_scaled_by_latest_available_region_anchor,3.0850787253591823,extreme,1,1,surge,intensify_parking_guidance__open_surge_window_security_teams__prepare_outer_transfer,0.0,2.0,2.0,0.0,1.0,0.0,0.0,1.2,2.8,2.2,11.600000000000001,relative_service_intensity_not_exact_resource_count
2026-04-05,BDH,0.036596378568602,0.2894606274993662,0.6040078320233309,anchor_constrained_daily_visitor_forecast,seasonal_calendar_ridge,126542.83990327934,4631.009674246416,36629.16984395508,76432.86638805519,pressure_forecast_scaled_by_latest_available_region_anchor,1.6596471504397856,extreme,1,1,surge,intensify_parking_guidance__open_surge_window_security_teams__prepare_outer_transfer,0.0,2.0,2.0,0.0,1.0,0.0,0.0,0.48,2.8,1.48,8.719999999999999,relative_service_intensity_not_exact_resource_count
2026-04-05,HGA,1.0323375704916766,1.5280999751855706,2.1447971918302224,anchor_constrained_daily_visitor_forecast,seasonal_calendar_ridge,18777.81226850634,19385.041096418638,28694.37446154384,40274.5990222075,pressure_forecast_scaled_by_latest_available_region_anchor,1.173173792405208,high,1,1,surge,intensify_parking_guidance__open_surge_window_security_teams__prepare_outer_transfer,1.0,1.0,0.0,1.0,0.0,0.0,0.27999999999999997,0.0,3.0,0.27999999999999997,4.12,relative_service_intensity_not_exact_resource_count
2026-04-05,SHG,0.0,0.1510317229544488,0.4318109906982421,anchor_constrained_daily_visitor_forecast,seasonal_calendar_ridge,171189.26559227135,0.0,25855.00973370748,73921.40637230319,pressure_forecast_scaled_by_latest_available_region_anchor,3.124809540566362,extreme,1,1,surge,intensify_parking_guidance__open_surge_window_security_teams__prepare_outer_transfer,0.0,2.0,2.0,0.0,1.0,0.0,0.0,1.2,2.8,2.2,11.600000000000001,relative_service_intensity_not_exact_resource_count
2026-04-06,BDH,0.0,0.1232820842258921,0.397292187326369,anchor_constrained_daily_visitor_forecast,seasonal_calendar_ridge,126542.83990327934,0.0,15600.46504713967,50274.48165566439,pressure_forecast_scaled_by_latest_available_region_anchor,0.7068483252915891,low,0,1,normal,maintain_normal_staffing__15min_summer_shuttle_baseline_if_operating,0.0,0.0,0.0,0.0,0.0,0.0,0.0,0.0,0.0,0.0,0.0,relative_service_intensity_not_exact_resource_count
2026-04-06,HGA,0.7704211616446577,1.2022924536788695,1.7395131489646984,anchor_constrained_daily_visitor_forecast,seasonal_calendar_ridge,18777.81226850634,14466.823941047958,22576.421987023667,32664.251349857408,pressure_forecast_scaled_by_latest_available_region_anchor,0.9230403902672094,normal,0,1,normal,maintain_normal_staffing__15min_summer_shuttle_baseline_if_operating,0.0,1.0,0.0,0.0,0.0,0.0,0.27999999999999997,0.0,0.8,0.27999999999999997,1.92,relative_service_intensity_not_exact_resource_count
2026-04-06,SHG,0.0,0.0026931301328379,0.247287121102774,anchor_constrained_daily_visitor_forecast,seasonal_calendar_ridge,171189.26559227135,0.0,461.0349695849484,42332.90065201095,pressure_forecast_scaled_by_latest_available_region_anchor,0.05572020611601555,low,0,1,normal,maintain_normal_staffing__15min_summer_shuttle_baseline_if_operating,0.0,0.0,0.0,0.0,0.0,0.0,0.0,0.0,0.0,0.0,0.0,relative_service_intensity_not_exact_resource_count
2026-04-07,BDH,0.0,0.1251573037942916,0.3996248423996063,anchor_constrained_daily_visitor_forecast,seasonal_calendar_ridge,126542.83990327934,0.0,15837.76065676714,50569.66245314662,pressure_forecast_scaled_by_latest_available_region_anchor,0.7176000563302082,low,0,0,normal,maintain_normal_staffing__15min_summer_shuttle_baseline_if_operating,0.0,0.0,0.0,0.0,0.0,0.0,0.0,0.0,0.0,0.0,0.0,relative_service_intensity_not_exact_resource_count
2026-04-07,HGA,0.7733767223655539,1.2059689851240614,1.7440865225962805,anchor_constrained_daily_visitor_forecast,seasonal_calendar_ridge,18777.81226850634,14522.32290541312,22645.45920430074,32750.12930134499,pressure_forecast_scaled_by_latest_available_region_anchor,0.9258629872232291,normal,0,0,normal,maintain_normal_staffing__15min_summer_shuttle_baseline_if_operating,0.0,1.0,0.0,0.0,0.0,0.0,0.27999999999999997,0.0,0.8,0.27999999999999997,1.92,relative_service_intensity_not_exact_resource_count
2026-04-07,SHG,0.0,0.004367037163965,0.2493693560549289,anchor_constrained_daily_visitor_forecast,seasonal_calendar_ridge,171189.26559227135,0.0,747.5898849133372,42689.3569242609,pressure_forecast_scaled_by_latest_available_region_anchor,0.09035293464858127,low,0,0,normal,maintain_normal_staffing__15min_summer_shuttle_baseline_if_operating,0.0,0.0,0.0,0.0,0.0,0.0,0.0,0.0,0.0,0.0,0.0,relative_service_intensity_not_exact_resource_count
2026-04-08,BDH,0.0,0.1270338528121398,0.4019591512242514,anchor_constrained_daily_visitor_forecast,seasonal_calendar_ridge,126542.83990327934,0.0,16075.22449870336,50865.052521028505,pressure_forecast_scaled_by_latest_available_region_anchor,0.7283594098804217,low,0,0,normal,maintain_normal_staffing__15min_summer_shuttle_baseline_if_operating,0.0,0.0,0.0,0.0,0.0,0.0,0.0,0.0,0.0,0.0,0.0,relative_service_intensity_not_exact_resource_count
2026-04-08,HGA,0.7763343784509809,1.2096481230707985,1.7486631385516702,anchor_constrained_daily_visitor_forecast,seasonal_calendar_ridge,18777.81226850634,14577.861216140072,22714.545365974507,32836.068136580354,pressure_forecast_scaled_by_latest_available_region_anchor,0.9286875852782297,normal,0,0,normal,maintain_normal_staffing__15min_summer_shuttle_baseline_if_operating,0.0,1.0,0.0,0.0,0.0,0.0,0.27999999999999997,0.0,0.8,0.27999999999999997,1.92,relative_service_intensity_not_exact_resource_count
2026-04-08,SHG,0.0,0.0060421309226718,0.2514530672214727,anchor_constrained_daily_visitor_forecast,seasonal_calendar_ridge,171189.26559227135,0.0,1034.347955264545,43046.06590856796,pressure_forecast_scaled_by_latest_available_region_anchor,0.1250102162855572,low,0,0,normal,maintain_normal_staffing__15min_summer_shuttle_baseline_if_operating,0.0,0.0,0.0,0.0,0.0,0.0,0.0,0.0,0.0,0.0,0.0,relative_service_intensity_not_exact_resource_count
2026-04-09,BDH,0.0,0.1289111708043164,0.404294416604544,anchor_constrained_daily_visitor_forecast,seasonal_calendar_ridge,126542.83990327934,0.0,16312.78564883491,51160.563634178536,pressure_forecast_scaled_by_latest_available_region_anchor,0.7391231724104124,low,0,0,normal,maintain_normal_staffing__15min_summer_shuttle_baseline_if_operating,0.0,0.0,0.0,0.0,0.0,0.0,0.0,0.0,0.0,0.0,0.0,relative_service_intensity_not_exact_resource_count
2026-04-09,HGA,0.779293246527984,1.2133287686587455,1.7532416299177989,anchor_constrained_daily_visitor_forecast,seasonal_calendar_ridge,18777.81226850634,14633.422285417311,22783.659837851887,32922.04218792649,pressure_forecast_scaled_by_latest_available_region_anchor,0.9315133408001399,normal,0,0,normal,maintain_normal_staffing__15min_summer_shuttle_baseline_if_operating,0.0,1.0,0.0,0.0,0.0,0.0,0.27999999999999997,0.0,0.8,0.27999999999999997,1.92,relative_service_intensity_not_exact_resource_count
2026-04-09,SHG,0.0,0.0077179111031484,0.253537632253479,anchor_constrained_daily_visitor_forecast,seasonal_calendar_ridge,171189.26559227135,0.0,1321.2235336544272,43402.92106547643,pressure_forecast_scaled_by_latest_available_region_anchor,0.159681699821667,low,0,0,normal,maintain_normal_staffing__15min_summer_shuttle_baseline_if_operating,0.0,0.0,0.0,0.0,0.0,0.0,0.0,0.0,0.0,0.0,0.0,relative_service_intensity_not_exact_resource_count
2026-04-10,BDH,0.0,0.1307886942777431,0.4066299375905739,anchor_constrained_daily_visitor_forecast,seasonal_calendar_ridge,126542.83990327934,0.0,16550.372801147394,51456.10709240446,pressure_forecast_scaled_by_latest_available_region_anchor,0.7498881130846436,low,0,0,normal,maintain_normal_staffing__15min_summer_shuttle_baseline_if_operating,0.0,0.0,0.0,0.0,0.0,0.0,0.0,0.0,0.0,0.0,0.0,relative_service_intensity_not_exact_resource_count
2026-04-10,HGA,0.7822524384669616,1.2170098171105974,1.75782062242126,anchor_constrained_daily_visitor_forecast,seasonal_calendar_ridge,18777.81226850634,14688.98943611391,22852.781874632037,33008.02564953538,pressure_forecast_scaled_by_latest_available_region_anchor,0.9343394056142317,normal,0,0,normal,maintain_normal_staffing__15min_summer_shuttle_baseline_if_operating,0.0,1.0,0.0,0.0,0.0,0.0,0.27999999999999997,0.0,0.8,0.27999999999999997,1.92,relative_service_intensity_not_exact_resource_count
2026-04-10,SHG,0.0,0.0093938747056174,0.2556224254508948,anchor_constrained_daily_visitor_forecast,seasonal_calendar_ridge,171189.26559227135,0.0,1608.1305119204678,43759.81528185382,pressure_forecast_scaled_by_latest_available_region_anchor,0.19435697831409676,low,0,0,normal,maintain_normal_staffing__15min_summer_shuttle_baseline_if_operating,0.0,0.0,0.0,0.0,0.0,0.0,0.0,0.0,0.0,0.0,0.0,relative_service_intensity_not_exact_resource_count
2026-04-11,BDH,0.0470021068720713,0.3024046983307804,0.6201094411373038,anchor_constrained_daily_visitor_forecast,seasonal_calendar_ridge,126542.83990327934,5947.780085029349,38267.14932687143,78470.40973234986,pressure_forecast_scaled_by_latest_available_region_anchor,1.7338630825202006,extreme,1,0,surge,intensify_parking_guidance__open_surge_window_security_teams__prepare_outer_transfer,0.0,2.0,2.0,0.0,1.0,0.0,0.0,0.48,2.8,1.48,8.719999999999999,relative_service_intensity_not_exact_resource_count
2026-04-11,HGA,1.0527389080003724,1.553477954512601,2.176365800233896,anchor_constrained_daily_visitor_forecast,seasonal_calendar_ridge,18777.81226850634,19768.13358218336,29170.91739310085,40867.38842438966,pressure_forecast_scaled_by_latest_available_region_anchor,1.1926573214505227,high,1,0,surge,intensify_parking_guidance__open_surge_window_security_teams__prepare_outer_transfer,1.0,1.0,0.0,1.0,0.0,0.0,0.27999999999999997,0.0,3.0,0.27999999999999997,4.12,relative_service_intensity_not_exact_resource_count
2026-04-11,SHG,0.0,0.1625861945167334,0.4461840258150545,anchor_constrained_daily_visitor_forecast,seasonal_calendar_ridge,171189.26559227135,0.0,27833.011234761765,76381.91569828223,pressure_forecast_scaled_by_latest_available_region_anchor,3.3638687412941395,extreme,1,0,surge,intensify_parking_guidance__open_surge_window_security_teams__prepare_outer_transfer,0.0,2.0,2.0,0.0,1.0,0.0,0.0,1.2,2.8,2.2,11.600000000000001,relative_service_intensity_not_exact_resource_count
2026-04-12,BDH,0.0487364397392193,0.3045620992183404,0.622793112004534,anchor_constrained_daily_visitor_forecast,seasonal_calendar_ridge,126542.83990327934,6167.247491375859,38540.15296199313,78810.00906525487,pressure_forecast_scaled_by_latest_available_region_anchor,1.746232724175189,extreme,1,0,surge,intensify_parking_guidance__open_surge_window_security_teams__prepare_outer_transfer,0.0,2.0,2.0,0.0,1.0,0.0,0.0,0.48,2.8,1.48,8.719999999999999,relative_service_intensity_not_exact_resource_count
2026-04-12,HGA,1.0561392187852805,1.55770772703453,2.181627370931102,anchor_constrained_daily_visitor_forecast,seasonal_calendar_ridge,18777.81226850634,19831.98397975694,29250.343267456123,40966.18921117928,pressure_forecast_scaled_by_latest_available_region_anchor,1.1959046602052796,high,1,0,surge,intensify_parking_guidance__open_surge_window_security_teams__prepare_outer_transfer,1.0,1.0,0.0,1.0,0.0,0.0,0.27999999999999997,0.0,3.0,0.27999999999999997,4.12,relative_service_intensity_not_exact_resource_count
2026-04-12,SHG,0.0,0.1645119895412216,0.4485795935712731,anchor_constrained_daily_visitor_forecast,seasonal_calendar_ridge,171189.26559227135,0.0,28162.686670685154,76792.0111831458,pressure_forecast_scaled_by_latest_available_region_anchor,3.4037129710226908,extreme,1,0,surge,intensify_parking_guidance__open_surge_window_security_teams__prepare_outer_transfer,0.0,2.0,2.0,0.0,1.0,0.0,0.0,1.2,2.8,2.2,11.600000000000001,relative_service_intensity_not_exact_resource_count
2026-04-13,BDH,0.0,0.1364168209539719,0.4136309728108562,anchor_constrained_daily_visitor_forecast,seasonal_calendar_ridge,126542.83990327934,0.0,17262.571934092794,52342.03797144187,pressure_forecast_scaled_by_latest_available_region_anchor,0.7821574565225098,low,0,0,normal,maintain_normal_staffing__15min_summer_shuttle_baseline_if_operating,0.0,0.0,0.0,0.0,0.0,0.0,0.0,0.0,0.0,0.0,0.0,relative_service_intensity_not_exact_resource_count
2026-04-13,HGA,0.7911230104345357,1.2280442501185354,1.771546762319764,anchor_constrained_daily_visitor_forecast,seasonal_calendar_ridge,18777.81226850634,14855.559371235291,23059.9843861445,33265.77252772075,pressure_forecast_scaled_by_latest_available_region_anchor,0.942810911293951,normal,0,0,normal,maintain_normal_staffing__15min_summer_shuttle_baseline_if_operating,0.0,1.0,0.0,0.0,0.0,0.0,0.27999999999999997,0.0,0.8,0.27999999999999997,1.92,relative_service_intensity_not_exact_resource_count
2026-04-13,SHG,0.0,0.0144177988231832,0.2618718707307356,anchor_constrained_daily_visitor_forecast,seasonal_calendar_ridge,171189.26559227135,0.0,2468.1723919978463,44829.653229668846,pressure_forecast_scaled_by_latest_available_region_anchor,0.2983007439452789,low,0,0,normal,maintain_normal_staffing__15min_summer_shuttle_baseline_if_operating,0.0,0.0,0.0,0.0,0.0,0.0,0.0,0.0,0.0,0.0,0.0,relative_service_intensity_not_exact_resource_count
2026-04-14,BDH,0.0,0.1382894770492451,0.4159604390849289,anchor_constrained_daily_visitor_forecast,seasonal_calendar_ridge,126542.83990327934,0.0,17499.543154550844,52636.815249221945,pressure_forecast_scaled_by_latest_available_region_anchor,0.7928944896697228,low,0,0,normal,maintain_normal_staffing__15min_summer_shuttle_baseline_if_operating,0.0,0.0,0.0,0.0,0.0,0.0,0.0,0.0,0.0,0.0,0.0,relative_service_intensity_not_exact_resource_count
2026-04-14,HGA,0.7940745308283104,1.2317157556511795,1.776113884032584,anchor_constrained_daily_visitor_forecast,seasonal_calendar_ridge,18777.81226850634,14910.98246709626,23128.92722777928,33351.5330818515,pressure_forecast_scaled_by_latest_available_region_anchor,0.9456296496877175,normal,0,0,normal,maintain_normal_staffing__15min_summer_shuttle_baseline_if_operating,0.0,1.0,0.0,0.0,0.0,0.0,0.27999999999999997,0.0,0.8,0.27999999999999997,1.92,relative_service_intensity_not_exact_resource_count
2026-04-14,SHG,0.0,0.0160894175805729,0.2639512592144383,anchor_constrained_daily_visitor_forecast,seasonal_calendar_ridge,171189.26559227135,0.0,2754.33557942566,45185.62221707494,pressure_forecast_scaled_by_latest_available_region_anchor,0.33288612865188477,low,0,0,normal,maintain_normal_staffing__15min_summer_shuttle_baseline_if_operating,0.0,0.0,0.0,0.0,0.0,0.0,0.0,0.0,0.0,0.0,0.0,relative_service_intensity_not_exact_resource_count
2026-04-15,BDH,0.0,0.140159481936233,0.4182866074228234,anchor_constrained_daily_visitor_forecast,seasonal_calendar_ridge,126542.83990327934,0.0,17736.178883583314,52931.1751967922,pressure_forecast_scaled_by_latest_available_region_anchor,0.8036163218885274,normal,0,0,normal,maintain_normal_staffing__15min_summer_shuttle_baseline_if_operating,0.0,0.0,1.0,0.0,0.0,0.0,0.0,0.0,0.6,0.0,0.6,relative_service_intensity_not_exact_resource_count
2026-04-15,HGA,0.7970218726143088,1.2353820632588493,1.780674539854013,anchor_constrained_daily_visitor_forecast,seasonal_calendar_ridge,18777.81226850634,14966.327097844864,23197.772463754693,33437.172220687564,pressure_forecast_scaled_by_latest_available_region_anchor,0.9484443974594994,normal,0,0,normal,maintain_normal_staffing__15min_summer_shuttle_baseline_if_operating,0.0,1.0,0.0,0.0,0.0,0.0,0.27999999999999997,0.0,0.8,0.27999999999999997,1.92,relative_service_intensity_not_exact_resource_count
2026-04-15,SHG,0.0,0.0177586697477966,0.2660277038089825,anchor_constrained_daily_visitor_forecast,seasonal_calendar_ridge,171189.26559227135,0.0,3040.0936320209958,45541.08724225801,pressure_forecast_scaled_by_latest_available_region_anchor,0.36742254918470835,low,0,0,normal,maintain_normal_staffing__15min_summer_shuttle_baseline_if_operating,0.0,0.0,0.0,0.0,0.0,0.0,0.0,0.0,0.0,0.0,0.0,relative_service_intensity_not_exact_resource_count
2026-04-16,BDH,0.0,0.1420262576993157,0.4206087589338957,anchor_constrained_daily_visitor_forecast,seasonal_calendar_ridge,126542.83990327934,0.0,17972.405990106407,53225.02684368898,pressure_forecast_scaled_by_latest_available_region_anchor,0.8143196396505155,normal,0,0,normal,maintain_normal_staffing__15min_summer_shuttle_baseline_if_operating,0.0,0.0,1.0,0.0,0.0,0.0,0.0,0.0,0.6,0.0,0.6,relative_service_intensity_not_exact_resource_count
2026-04-16,HGA,0.7999641249313523,1.2390420398875883,1.7852273203362712,anchor_constrained_daily_visitor_forecast,seasonal_calendar_ridge,18777.81226850634,15021.576159500884,23266.49881779628,33522.66347788313,pressure_forecast_scaled_by_latest_available_region_anchor,0.9512542847256327,normal,0,0,normal,maintain_normal_staffing__15min_summer_shuttle_baseline_if_operating,0.0,1.0,0.0,0.0,0.0,0.0,0.27999999999999997,0.0,0.8,0.27999999999999997,1.92,relative_service_intensity_not_exact_resource_count
2026-04-16,SHG,0.0,0.0194250394508543,0.2681005627995934,anchor_constrained_daily_visitor_forecast,seasonal_calendar_ridge,171189.26559227135,0.0,3325.3582376926456,45895.93845053703,pressure_forecast_scaled_by_latest_available_region_anchor,0.4018993322364102,low,0,0,normal,maintain_normal_staffing__15min_summer_shuttle_baseline_if_operating,0.0,0.0,0.0,0.0,0.0,0.0,0.0,0.0,0.0,0.0,0.0,relative_service_intensity_not_exact_resource_count
2026-04-17,BDH,0.0,0.1438892246716316,0.422926172549068,anchor_constrained_daily_visitor_forecast,seasonal_calendar_ridge,126542.83990327934,0.0,18208.15112142928,53518.27894378341,pressure_forecast_scaled_by_latest_available_region_anchor,0.8250011193863886,normal,0,0,normal,maintain_normal_staffing__15min_summer_shuttle_baseline_if_operating,0.0,0.0,1.0,0.0,0.0,0.0,0.0,0.0,0.6,0.0,0.6,relative_service_intensity_not_exact_resource_count
2026-04-17,HGA,0.8029003741581047,1.2426945490499786,1.789770811760568,anchor_constrained_daily_visitor_forecast,seasonal_calendar_ridge,18777.81226850634,15076.712496254388,23335.08494915664,33607.98030689214,pressure_forecast_scaled_by_latest_available_region_anchor,0.9540584389664672,normal,0,0,normal,maintain_normal_staffing__15min_summer_shuttle_baseline_if_operating,0.0,1.0,0.0,0.0,0.0,0.0,0.27999999999999997,0.0,0.8,0.27999999999999997,1.92,relative_service_intensity_not_exact_resource_count
2026-04-17,SHG,0.0,0.0210880092525073,0.2701691925269258,anchor_constrained_daily_visitor_forecast,seasonal_calendar_ridge,171189.26559227135,0.0,3610.040816739756,46250.065654341386,pressure_forecast_scaled_by_latest_available_region_anchor,0.4363057721566278,low,0,0,normal,maintain_normal_staffing__15min_summer_shuttle_baseline_if_operating,0.0,0.0,0.0,0.0,0.0,0.0,0.0,0.0,0.0,0.0,0.0,relative_service_intensity_not_exact_resource_count
2026-04-18,BDH,0.0590946614624442,0.3174470748550976,0.6388212104171771,anchor_constrained_daily_visitor_forecast,seasonal_calendar_ridge,126542.83990327934,7478.006284580576,40170.65437115295,80838.25015663996,pressure_forecast_scaled_by_latest_available_region_anchor,1.8201098289260829,extreme,1,0,surge,intensify_parking_guidance__open_surge_window_security_teams__prepare_outer_transfer,0.0,2.0,2.0,0.0,1.0,0.0,0.0,0.96,2.8,1.96,10.64,relative_service_intensity_not_exact_resource_count
2026-04-18,HGA,1.0764474155017898,1.582969845080525,2.213051855196167,anchor_constrained_daily_visitor_forecast,seasonal_calendar_ridge,18777.81226850634,20213.32748521145,29724.71057762866,41556.2722773433,pressure_forecast_scaled_by_latest_available_region_anchor,1.2152992386448274,high,1,0,surge,intensify_parking_guidance__open_surge_window_security_teams__prepare_outer_transfer,1.0,1.0,0.0,1.0,0.0,0.0,0.5599999999999999,0.0,3.0,0.5599999999999999,5.24,relative_service_intensity_not_exact_resource_count
2026-04-18,SHG,0.0,0.1760137100211747,0.4628870096630428,anchor_constrained_daily_visitor_forecast,seasonal_calendar_ridge,171189.26559227135,0.0,30131.657752695915,79241.28723641891,pressure_forecast_scaled_by_latest_available_region_anchor,3.6416807647127936,extreme,1,0,surge,intensify_parking_guidance__open_surge_window_security_teams__prepare_outer_transfer,0.0,2.0,2.0,0.0,1.0,0.0,0.0,1.2,2.8,2.2,11.600000000000001,relative_service_intensity_not_exact_resource_count
2026-04-19,BDH,0.0608080773595297,0.3195784563488996,0.6414725147968368,anchor_constrained_daily_visitor_forecast,seasonal_calendar_ridge,126542.83990327934,7694.826798133201,40440.36543829594,81173.7537422901,pressure_forecast_scaled_by_latest_available_region_anchor,1.8323302861718485,extreme,1,0,surge,intensify_parking_guidance__open_surge_window_security_teams__prepare_outer_transfer,0.0,2.0,2.0,0.0,1.0,0.0,0.0,0.96,2.8,1.96,10.64,relative_service_intensity_not_exact_resource_count
2026-04-19,HGA,1.0798067167433525,1.5871486043126248,2.218249968572785,anchor_constrained_daily_visitor_forecast,seasonal_calendar_ridge,18777.81226850634,20276.40781327887,29803.17853400432,41653.88147447984,pressure_forecast_scaled_by_latest_available_region_anchor,1.2185074127796878,high,1,0,surge,intensify_parking_guidance__open_surge_window_security_teams__prepare_outer_transfer,1.0,1.0,0.0,1.0,0.0,0.0,0.5599999999999999,0.0,3.0,0.5599999999999999,5.24,relative_service_intensity_not_exact_resource_count
2026-04-19,SHG,0.0,0.1779162789408956,0.4652536856073209,anchor_constrained_daily_visitor_forecast,seasonal_calendar_ridge,171189.26559227135,0.0,30457.357128801625,79646.43675321477,pressure_forecast_scaled_by_latest_available_region_anchor,3.681044451994055,extreme,1,0,surge,intensify_parking_guidance__open_surge_window_security_teams__prepare_outer_transfer,0.0,2.0,2.0,0.0,1.0,0.0,0.0,1.2,2.8,2.2,11.600000000000001,relative_service_intensity_not_exact_resource_count
2026-04-20,BDH,0.0,0.1494494540718356,0.4298427478330062,anchor_constrained_daily_visitor_forecast,seasonal_calendar_ridge,126542.83990327934,0.0,18911.7583402448,54393.52202261778,pressure_forecast_scaled_by_latest_available_region_anchor,0.8568811680118628,normal,0,0,normal,maintain_normal_staffing__15min_summer_shuttle_baseline_if_operating,0.0,0.0,1.0,0.0,0.0,0.0,0.0,0.0,0.6,0.0,0.6,relative_service_intensity_not_exact_resource_count
2026-04-20,HGA,0.8116639322455674,1.253595863528996,1.8033313605906651,anchor_constrained_daily_visitor_forecast,seasonal_calendar_ridge,18777.81226850634,15241.272944824914,23539.78778592358,33862.617747081626,pressure_forecast_scaled_by_latest_available_region_anchor,0.9624277450702762,normal,0,0,normal,maintain_normal_staffing__15min_summer_shuttle_baseline_if_operating,0.0,1.0,0.0,0.0,0.0,0.0,0.27999999999999997,0.0,0.8,0.27999999999999997,1.92,relative_service_intensity_not_exact_resource_count
2026-04-20,SHG,0.0,0.0260513251460296,0.2763432449921451,anchor_constrained_daily_visitor_forecast,seasonal_calendar_ridge,171189.26559227135,0.0,4459.707219454281,47306.99716159043,pressure_forecast_scaled_by_latest_available_region_anchor,0.538995568402948,low,0,0,normal,maintain_normal_staffing__15min_summer_shuttle_baseline_if_operating,0.0,0.0,0.0,0.0,0.0,0.0,0.0,0.0,0.0,0.0,0.0,relative_service_intensity_not_exact_resource_count
2026-04-21,BDH,0.0,0.1512913611649076,0.4321339642843967,anchor_constrained_daily_visitor_forecast,seasonal_calendar_ridge,126542.83990327934,0.0,19144.83849464012,54683.45905920985,pressure_forecast_scaled_by_latest_available_region_anchor,0.8674418991371983,normal,0,0,normal,maintain_normal_staffing__15min_summer_shuttle_baseline_if_operating,0.0,0.0,1.0,0.0,0.0,0.0,0.0,0.0,0.6,0.0,0.6,relative_service_intensity_not_exact_resource_count
2026-04-21,HGA,0.8145669886916294,1.257207082962132,1.807823490191503,anchor_constrained_daily_visitor_forecast,seasonal_calendar_ridge,18777.81226850634,15295.78599377394,23607.59858649939,33946.97011341195,pressure_forecast_scaled_by_latest_available_region_anchor,0.9652001997959985,normal,0,0,normal,maintain_normal_staffing__15min_summer_shuttle_baseline_if_operating,0.0,1.0,0.0,0.0,0.0,0.0,0.27999999999999997,0.0,0.8,0.27999999999999997,1.92,relative_service_intensity_not_exact_resource_count
2026-04-21,SHG,0.0,0.0276954959331377,0.2783884899290299,anchor_constrained_daily_visitor_forecast,seasonal_calendar_ridge,171189.26559227135,0.0,4741.171609007597,47657.12114029206,pressure_forecast_scaled_by_latest_available_region_anchor,0.573013061293668,low,0,0,normal,maintain_normal_staffing__15min_summer_shuttle_baseline_if_operating,0.0,0.0,0.0,0.0,0.0,0.0,0.0,0.0,0.0,0.0,0.0,relative_service_intensity_not_exact_resource_count
2026-04-22,BDH,0.0,0.1531265418942382,0.4344168135628062,anchor_constrained_daily_visitor_forecast,seasonal_calendar_ridge,126542.83990327934,0.0,19377.067475865384,54972.33728997094,pressure_forecast_scaled_by_latest_available_region_anchor,0.8779640640833867,normal,0,0,normal,maintain_normal_staffing__15min_summer_shuttle_baseline_if_operating,0.0,0.0,1.0,0.0,0.0,0.0,0.0,0.0,0.6,0.0,0.6,relative_service_intensity_not_exact_resource_count
2026-04-22,HGA,0.8174594436183797,1.2608051147727497,1.8122992152202635,anchor_constrained_daily_visitor_forecast,seasonal_calendar_ridge,18777.81226850634,15350.099969383577,23675.16175237528,34031.01443776747,pressure_forecast_scaled_by_latest_available_region_anchor,0.9679625299399697,normal,0,0,normal,maintain_normal_staffing__15min_summer_shuttle_baseline_if_operating,0.0,1.0,0.0,0.0,0.0,0.0,0.27999999999999997,0.0,0.8,0.27999999999999997,1.92,relative_service_intensity_not_exact_resource_count
2026-04-22,SHG,0.0,0.0293336624593315,0.2804262659433847,anchor_constrained_daily_visitor_forecast,seasonal_calendar_ridge,171189.26559227135,0.0,5021.6081335445415,48005.96651963101,pressure_forecast_scaled_by_latest_available_region_anchor,0.606906327489343,low,0,0,normal,maintain_normal_staffing__15min_summer_shuttle_baseline_if_operating,0.0,0.0,0.0,0.0,0.0,0.0,0.0,0.0,0.0,0.0,0.0,relative_service_intensity_not_exact_resource_count
2026-04-23,BDH,0.0,0.1549544103554817,0.4366905668401193,anchor_constrained_daily_visitor_forecast,seasonal_calendar_ridge,126542.83990327934,0.0,19608.37114192077,55260.06448692153,pressure_forecast_scaled_by_latest_available_region_anchor,0.8884443035179816,normal,0,0,normal,maintain_normal_staffing__15min_summer_shuttle_baseline_if_operating,0.0,0.0,1.0,0.0,0.0,0.0,0.0,0.0,0.6,0.0,0.6,relative_service_intensity_not_exact_resource_count
2026-04-23,HGA,0.8203403735734929,1.2643888102443,1.8167571067458856,anchor_constrained_daily_visitor_forecast,seasonal_calendar_ridge,18777.81226850634,15404.197531239408,23742.45571316755,34114.723887948974,pressure_forecast_scaled_by_latest_available_region_anchor,0.9707138535938253,normal,0,0,normal,maintain_normal_staffing__15min_summer_shuttle_baseline_if_operating,0.0,1.0,0.0,0.0,0.0,0.0,0.27999999999999997,0.0,0.8,0.27999999999999997,1.92,relative_service_intensity_not_exact_resource_count
2026-04-23,SHG,0.0,0.0309653017195075,0.2824559224497913,anchor_constrained_daily_visitor_forecast,seasonal_calendar_ridge,171189.26559227135,0.0,5300.92726020559,48353.42192636732,pressure_forecast_scaled_by_latest_available_region_anchor,0.6406645461418468,low,0,0,normal,maintain_normal_staffing__15min_summer_shuttle_baseline_if_operating,0.0,0.0,0.0,0.0,0.0,0.0,0.0,0.0,0.0,0.0,0.0,relative_service_intensity_not_exact_resource_count
2026-04-24,BDH,0.0,0.1567743803503051,0.438954494922519,anchor_constrained_daily_visitor_forecast,seasonal_calendar_ridge,126542.83990327934,0.0,19838.675313604486,55546.54837580516,pressure_forecast_scaled_by_latest_available_region_anchor,0.8988792564229369,normal,0,0,normal,maintain_normal_staffing__15min_summer_shuttle_baseline_if_operating,0.0,0.0,1.0,0.0,0.0,0.0,0.0,0.0,0.6,0.0,0.6,relative_service_intensity_not_exact_resource_count
2026-04-24,HGA,0.8232088546412866,1.267957020083847,1.8211957351203212,anchor_constrained_daily_visitor_forecast,seasonal_calendar_ridge,18777.81226850634,15458.061330226205,23809.4588876692,34198.07161829379,pressure_forecast_scaled_by_latest_available_region_anchor,0.9734532884066885,normal,0,0,normal,maintain_normal_staffing__15min_summer_shuttle_baseline_if_operating,0.0,1.0,0.0,0.0,0.0,0.0,0.27999999999999997,0.0,0.8,0.27999999999999997,1.92,relative_service_intensity_not_exact_resource_count
2026-04-24,SHG,0.0,0.0325898904461362,0.2844768085363891,anchor_constrained_daily_visitor_forecast,seasonal_calendar_ridge,171189.26559227135,0.0,5579.039411206638,48699.37593137764,pressure_forecast_scaled_by_latest_available_region_anchor,0.6742768909735147,low,0,0,normal,maintain_normal_staffing__15min_summer_shuttle_baseline_if_operating,0.0,0.0,0.0,0.0,0.0,0.0,0.0,0.0,0.0,0.0,0.0,relative_service_intensity_not_exact_resource_count
2026-04-25,BDH,0.0709617800391217,0.3322090231725538,0.6571841446643762,anchor_constrained_daily_visitor_forecast,seasonal_calendar_ridge,126542.83990327934,8979.705170742309,42038.6732337493,83161.94800523773,pressure_forecast_scaled_by_latest_available_region_anchor,1.9047487163342132,extreme,1,0,surge,intensify_parking_guidance__open_surge_window_security_teams__prepare_outer_transfer,0.0,2.0,2.0,0.0,1.0,0.0,0.0,0.96,2.8,1.96,10.64,relative_service_intensity_not_exact_resource_count
2026-04-25,HGA,1.0997139360448824,1.6119119317012118,2.249053988665497,anchor_constrained_daily_visitor_forecast,seasonal_calendar_ridge,18777.81226850634,20650.22184011099,30268.179646850767,42232.313580896094,pressure_forecast_scaled_by_latest_available_region_anchor,1.237519052840419,high,1,0,surge,intensify_parking_guidance__open_surge_window_security_teams__prepare_outer_transfer,1.0,1.0,0.0,1.0,0.0,0.0,0.5599999999999999,0.0,3.0,0.5599999999999999,5.24,relative_service_intensity_not_exact_resource_count
2026-04-25,SHG,0.0,0.189190902440735,0.4792786073545849,anchor_constrained_daily_visitor_forecast,seasonal_calendar_ridge,171189.26559227135,0.0,32387.451645568493,82047.35280711798,pressure_forecast_scaled_by_latest_available_region_anchor,3.9143136645105376,extreme,1,0,surge,intensify_parking_guidance__open_surge_window_security_teams__prepare_outer_transfer,0.0,2.0,2.0,0.0,1.0,0.0,0.0,1.2,2.8,2.2,11.600000000000001,relative_service_intensity_not_exact_resource_count
2026-04-26,BDH,0.0726278774747254,0.3342815434795949,0.6597622294337953,anchor_constrained_daily_visitor_forecast,seasonal_calendar_ridge,126542.83990327934,9190.537871799172,42300.93583915949,83488.1861734714,pressure_forecast_scaled_by_latest_available_region_anchor,1.9166316879546514,extreme,1,0,surge,intensify_parking_guidance__open_surge_window_security_teams__prepare_outer_transfer,0.0,2.0,2.0,0.0,1.0,0.0,0.0,0.96,2.8,1.96,10.64,relative_service_intensity_not_exact_resource_count
2026-04-26,HGA,1.102980465317494,1.6159752884451577,2.2541085486129644,anchor_constrained_daily_visitor_forecast,seasonal_calendar_ridge,18777.81226850634,20711.560113561667,30344.48059696855,42327.22715868954,pressure_forecast_scaled_by_latest_available_region_anchor,1.2406386286002518,high,1,0,surge,intensify_parking_guidance__open_surge_window_security_teams__prepare_outer_transfer,1.0,1.0,0.0,1.0,0.0,0.0,0.5599999999999999,0.0,3.0,0.5599999999999999,5.24,relative_service_intensity_not_exact_resource_count
2026-04-26,SHG,0.0,0.19104092916431,0.4815799241150831,anchor_constrained_daily_visitor_forecast,seasonal_calendar_ridge,171189.26559227135,0.0,32704.156361703364,82441.31353324284,pressure_forecast_scaled_by_latest_available_region_anchor,3.952590266558395,extreme,1,0,surge,intensify_parking_guidance__open_surge_window_security_teams__prepare_outer_transfer,0.0,2.0,2.0,0.0,1.0,0.0,0.0,1.2,2.8,2.2,11.600000000000001,relative_service_intensity_not_exact_resource_count
2026-04-27,BDH,0.0,0.1621810378308742,0.4456800364078129,anchor_constrained_daily_visitor_forecast,seasonal_calendar_ridge,126542.83990327934,0.0,20522.849105580004,56397.61749524158,pressure_forecast_scaled_by_latest_available_region_anchor,0.929878787373135,normal,0,0,normal,maintain_normal_staffing__15min_summer_shuttle_baseline_if_operating,0.0,1.0,0.0,0.0,0.0,0.0,0.4,0.0,0.8,0.4,2.4000000000000004,relative_service_intensity_not_exact_resource_count
2026-04-27,HGA,0.831730365802003,1.2785572434260448,1.834381745533881,anchor_constrained_daily_visitor_forecast,seasonal_calendar_ridge,18777.81226850634,15618.076667046116,24008.50789159323,34445.67604641018,pressure_forecast_scaled_by_latest_available_region_anchor,0.981591436708928,normal,0,0,normal,maintain_normal_staffing__15min_summer_shuttle_baseline_if_operating,0.0,1.0,0.0,0.0,0.0,0.0,0.27999999999999997,0.0,0.8,0.27999999999999997,1.92,relative_service_intensity_not_exact_resource_count
2026-04-27,SHG,0.0,0.037416120997551,0.2904803354673605,anchor_constrained_daily_visitor_forecast,seasonal_calendar_ridge,171189.26559227135,0.0,6405.23827488233,49727.11529765405,pressure_forecast_scaled_by_latest_available_region_anchor,0.7741304249001749,low,0,0,normal,maintain_normal_staffing__15min_summer_shuttle_baseline_if_operating,0.0,0.0,0.0,0.0,0.0,0.0,0.0,0.0,0.0,0.0,0.0,relative_service_intensity_not_exact_resource_count
2026-04-28,BDH,0.0,0.1639635539390739,0.4478973742134697,anchor_constrained_daily_visitor_forecast,seasonal_calendar_ridge,126542.83990327934,0.0,20748.413756084945,56678.205718194295,pressure_forecast_scaled_by_latest_available_region_anchor,0.940098995230569,normal,0,0,normal,maintain_normal_staffing__15min_summer_shuttle_baseline_if_operating,0.0,1.0,0.0,0.0,0.0,0.0,0.4,0.0,0.8,0.4,2.4000000000000004,relative_service_intensity_not_exact_resource_count
2026-04-28,HGA,0.8345398152566381,1.2820520216556424,1.8387290296090288,anchor_constrained_daily_visitor_forecast,seasonal_calendar_ridge,18777.81226850634,15670.831981483112,24074.132181108675,34527.30853065118,pressure_forecast_scaled_by_latest_available_region_anchor,0.9842744956028555,normal,0,0,normal,maintain_normal_staffing__15min_summer_shuttle_baseline_if_operating,0.0,1.0,0.0,0.0,0.0,0.0,0.27999999999999997,0.0,0.8,0.27999999999999997,1.92,relative_service_intensity_not_exact_resource_count
2026-04-28,SHG,0.0,0.0390072766664093,0.2924596329351447,anchor_constrained_daily_visitor_forecast,seasonal_calendar_ridge,171189.26559227135,0.0,6677.627045277165,50065.94977755268,pressure_forecast_scaled_by_latest_available_region_anchor,0.8070510479144162,normal,0,0,normal,maintain_normal_staffing__15min_summer_shuttle_baseline_if_operating,0.0,0.0,1.0,0.0,0.0,0.0,0.0,0.0,0.6,0.0,0.6,relative_service_intensity_not_exact_resource_count
2026-04-29,BDH,0.0,0.1657352440646002,0.4501012451783192,anchor_constrained_daily_visitor_forecast,seasonal_calendar_ridge,126542.83990327934,0.0,20972.608455997637,56957.08980886672,pressure_forecast_scaled_by_latest_available_region_anchor,0.9502571313946951,normal,0,0,normal,maintain_normal_staffing__15min_summer_shuttle_baseline_if_operating,0.0,1.0,0.0,0.0,0.0,0.0,0.4,0.0,0.8,0.4,2.4000000000000004,relative_service_intensity_not_exact_resource_count
2026-04-29,HGA,0.8373322017231861,1.2855255746024006,1.843049910768738,anchor_constrained_daily_visitor_forecast,seasonal_calendar_ridge,18777.81226850634,15723.266890333069,24139.35790624762,34608.445225902724,pressure_forecast_scaled_by_latest_available_region_anchor,0.9869412591326264,normal,0,0,normal,maintain_normal_staffing__15min_summer_shuttle_baseline_if_operating,0.0,1.0,0.0,0.0,0.0,0.0,0.27999999999999997,0.0,0.8,0.27999999999999997,1.92,relative_service_intensity_not_exact_resource_count
2026-04-29,SHG,0.0,0.0405887685663835,0.2944269092828992,anchor_constrained_daily_visitor_forecast,seasonal_calendar_ridge,171189.26559227135,0.0,6948.361482173869,50402.72637074182,pressure_forecast_scaled_by_latest_available_region_anchor,0.8397717299055643,normal,0,0,normal,maintain_normal_staffing__15min_summer_shuttle_baseline_if_operating,0.0,0.0,1.0,0.0,0.0,0.0,0.0,0.0,0.6,0.0,0.6,relative_service_intensity_not_exact_resource_count
2026-04-30,BDH,0.0,0.1674955250183945,0.4522909238518923,anchor_constrained_daily_visitor_forecast,seasonal_calendar_ridge,126542.83990327934,0.0,21195.35940691841,57234.17796669632,pressure_forecast_scaled_by_latest_available_region_anchor,0.9603498521013979,normal,0,0,normal,maintain_normal_staffing__15min_summer_shuttle_baseline_if_operating,0.0,1.0,0.0,0.0,0.0,0.0,0.4,0.0,0.8,0.4,2.4000000000000004,relative_service_intensity_not_exact_resource_count
2026-04-30,HGA,0.8401066060289264,1.2889767588733283,1.8473429667041172,anchor_constrained_daily_visitor_forecast,seasonal_calendar_ridge,18777.81226850634,15775.364133543197,24204.163596591126,34689.05942431548,pressure_forecast_scaled_by_latest_available_region_anchor,0.9895908494769506,normal,0,0,normal,maintain_normal_staffing__15min_summer_shuttle_baseline_if_operating,0.0,1.0,0.0,0.0,0.0,0.0,0.27999999999999997,0.0,0.8,0.27999999999999997,1.92,relative_service_intensity_not_exact_resource_count
2026-04-30,SHG,0.0,0.0421600761161603,0.2963815169402475,anchor_constrained_daily_visitor_forecast,seasonal_calendar_ridge,171189.26559227135,0.0,7217.352467639755,50737.33422012431,pressure_forecast_scaled_by_latest_available_region_anchor,0.8722817001731181,normal,0,0,normal,maintain_normal_staffing__15min_summer_shuttle_baseline_if_operating,0.0,0.0,1.0,0.0,0.0,0.0,0.0,0.0,0.6,0.0,0.6,relative_service_intensity_not_exact_resource_count
2026-05-01,BDH,0.0,0.1692438149354657,0.454465686430776,anchor_constrained_daily_visitor_forecast,seasonal_calendar_ridge,126542.83990327934,0.0,21416.59297799888,57509.37859954364,pressure_forecast_scaled_by_latest_available_region_anchor,0.9703738211782158,normal,0,1,normal,maintain_normal_staffing__15min_summer_shuttle_baseline_if_operating,0.0,1.0,0.0,0.0,0.0,0.0,0.4,0.0,0.8,0.4,2.4000000000000004,relative_service_intensity_not_exact_resource_count
2026-05-01,HGA,0.8428621110880195,1.2924044336713845,1.8516067783354764,anchor_constrained_daily_visitor_forecast,seasonal_calendar_ridge,18777.81226850634,15827.106490247765,24268.52783046651,34769.124478677404,pressure_forecast_scaled_by_latest_available_region_anchor,0.9922223908075358,normal,0,1,normal,maintain_normal_staffing__15min_summer_shuttle_baseline_if_operating,0.0,1.0,0.0,0.0,0.0,0.0,0.27999999999999997,0.0,0.8,0.27999999999999997,1.92,relative_service_intensity_not_exact_resource_count
2026-05-01,SHG,0.0,0.0437206799163499,0.2983228098070518,anchor_constrained_daily_visitor_forecast,seasonal_calendar_ridge,171189.26559227135,0.0,7484.511086074719,51069.66272029204,pressure_forecast_scaled_by_latest_available_region_anchor,0.904570212470282,normal,0,1,normal,maintain_normal_staffing__15min_summer_shuttle_baseline_if_operating,0.0,1.0,0.0,0.0,0.0,0.0,0.32000000000000006,0.0,0.8,0.32000000000000006,2.08,relative_service_intensity_not_exact_resource_count
2026-05-02,BDH,0.0824181123130176,0.3464599791937757,0.6749114366687776,anchor_constrained_daily_visitor_forecast,seasonal_calendar_ridge,126542.83990327934,10429.42199155668,43842.029680011445,85405.20987926937,pressure_forecast_scaled_by_latest_available_region_anchor,1.98645778590954,extreme,1,1,surge,intensify_parking_guidance__open_surge_window_security_teams__prepare_outer_transfer,0.0,2.0,2.0,0.0,1.0,0.0,0.0,0.96,2.8,1.96,10.64,relative_service_intensity_not_exact_resource_count
2026-05-02,HGA,1.1221750742290864,1.6398521733769038,2.2838098901026327,anchor_constrained_daily_visitor_forecast,seasonal_calendar_ridge,18777.81226850634,21071.99287627095,30792.83625977361,42884.95337330533,pressure_forecast_scaled_by_latest_available_region_anchor,1.2589697169459588,high,1,1,surge,intensify_parking_guidance__open_surge_window_security_teams__prepare_outer_transfer,1.0,1.0,0.0,1.0,0.0,0.0,0.5599999999999999,0.0,3.0,0.5599999999999999,5.24,relative_service_intensity_not_exact_resource_count
2026-05-02,SHG,0.0,0.2019119596898159,0.4951028016137873,anchor_constrained_daily_visitor_forecast,seasonal_calendar_ridge,171189.26559227135,0.0,34565.160093595885,84756.28500094026,pressure_forecast_scaled_by_latest_available_region_anchor,4.177509238794012,extreme,1,1,surge,intensify_parking_guidance__open_surge_window_security_teams__prepare_outer_transfer,0.0,2.0,2.0,0.0,1.0,0.0,0.0,1.2,2.8,2.2,11.600000000000001,relative_service_intensity_not_exact_resource_count
2026-05-03,BDH,0.0840104028430915,0.3484406883574576,0.6773753141565826,anchor_constrained_daily_visitor_forecast,seasonal_calendar_ridge,126542.83990327934,10630.914957183337,44092.674242606205,85716.99593374997,pressure_forecast_scaled_by_latest_available_region_anchor,1.9978143505233643,extreme,1,1,surge,intensify_parking_guidance__open_surge_window_security_teams__prepare_outer_transfer,0.0,2.0,2.0,0.0,1.0,0.0,0.0,0.96,2.8,1.96,10.64,relative_service_intensity_not_exact_resource_count
2026-05-03,HGA,1.1252968986289322,1.6437355263702136,2.288640536717923,anchor_constrained_daily_visitor_forecast,seasonal_calendar_ridge,18777.81226850634,21130.613908786498,30865.757133254323,42975.66234858274,pressure_forecast_scaled_by_latest_available_region_anchor,1.2619510977668413,high,1,1,surge,intensify_parking_guidance__open_surge_window_security_teams__prepare_outer_transfer,1.0,1.0,0.0,1.0,0.0,0.0,0.5599999999999999,0.0,3.0,0.5599999999999999,5.24,relative_service_intensity_not_exact_resource_count
2026-05-03,SHG,0.0,0.2036800315740779,0.4973021717143202,anchor_constrained_daily_visitor_forecast,seasonal_calendar_ridge,171189.26559227135,0.0,34867.83502097704,85132.79355321609,pressure_forecast_scaled_by_latest_available_region_anchor,4.214090215189384,extreme,1,1,surge,intensify_parking_guidance__open_surge_window_security_teams__prepare_outer_transfer,0.0,2.0,2.0,0.0,1.0,0.0,0.0,1.2,2.8,2.2,11.600000000000001,relative_service_intensity_not_exact_resource_count
2026-05-04,BDH,0.0,0.174410944773811,0.460893270610574,anchor_constrained_daily_visitor_forecast,seasonal_calendar_ridge,126542.83990327934,0.0,22070.45626189206,58322.743355372666,pressure_forecast_scaled_by_latest_available_region_anchor,1.0,high,0,1,surge,intensify_parking_guidance__open_surge_window_security_teams__prepare_outer_transfer,1.0,1.0,1.0,0.0,0.0,0.0,0.0,0.0,2.4,0.0,2.4,relative_service_intensity_not_exact_resource_count
2026-05-04,HGA,0.8510060992627053,1.3025350421890205,1.8642086174757395,anchor_constrained_daily_visitor_forecast,seasonal_calendar_ridge,18777.81226850634,15980.032771308952,24458.758495376413,35005.75944829118,pressure_forecast_scaled_by_latest_available_region_anchor,1.0,high,0,1,surge,intensify_parking_guidance__open_surge_window_security_teams__prepare_outer_transfer,1.0,1.0,1.0,0.0,0.0,0.0,0.0,0.0,2.4,0.0,2.4,relative_service_intensity_not_exact_resource_count
2026-05-04,SHG,0.0,0.0483330971035997,0.3040603663753784,anchor_constrained_daily_visitor_forecast,seasonal_calendar_ridge,171189.26559227135,0.0,8274.107396965173,52051.87081551799,pressure_forecast_scaled_by_latest_available_region_anchor,1.0,high,0,1,surge,intensify_parking_guidance__open_surge_window_security_teams__prepare_outer_transfer,1.0,1.0,1.0,0.0,0.0,0.0,0.0,0.0,2.4,0.0,2.4,relative_service_intensity_not_exact_resource_count
2026-05-05,BDH,0.0,0.1761054868898358,0.4630011743090905,anchor_constrained_daily_visitor_forecast,seasonal_calendar_ridge,126542.83990327934,0.0,22284.88843358956,58589.483475625566,pressure_forecast_scaled_by_latest_available_region_anchor,1.009715801483803,high,0,1,surge,intensify_parking_guidance__open_surge_window_security_teams__prepare_outer_transfer,1.0,1.0,1.0,0.0,0.0,0.0,0.0,0.0,2.4,0.0,2.4,relative_service_intensity_not_exact_resource_count
2026-05-05,HGA,0.85367689163413,1.3058573397374,1.868341346443391,anchor_constrained_daily_visitor_forecast,seasonal_calendar_ridge,18777.81226850634,16030.184409067722,24521.14397504,35083.36305700236,pressure_forecast_scaled_by_latest_available_region_anchor,1.0025506396686235,high,0,1,surge,intensify_parking_guidance__open_surge_window_security_teams__prepare_outer_transfer,1.0,1.0,1.0,0.0,0.0,0.0,0.0,0.0,2.4,0.0,2.4,relative_service_intensity_not_exact_resource_count
2026-05-05,SHG,0.0,0.0498457231503596,0.3059419779377498,anchor_constrained_daily_visitor_forecast,seasonal_calendar_ridge,171189.26559227135,0.0,8533.052739025741,52373.98251701027,pressure_forecast_scaled_by_latest_available_region_anchor,1.0312958642711776,high,0,1,surge,intensify_parking_guidance__open_surge_window_security_teams__prepare_outer_transfer,1.0,1.0,1.0,0.0,0.0,0.0,0.0,0.0,2.4,0.0,2.4,relative_service_intensity_not_exact_resource_count
2026-05-06,BDH,0.0,0.1777851570493581,0.4650905782301039,anchor_constrained_daily_visitor_forecast,seasonal_calendar_ridge,126542.83990327934,0.0,22497.4386656763,58853.88258149565,pressure_forecast_scaled_by_latest_available_region_anchor,1.019346333338903,high,0,0,surge,intensify_parking_guidance__open_surge_window_security_teams__prepare_outer_transfer,1.0,1.0,1.0,0.0,0.0,0.0,0.0,0.0,2.4,0.0,2.4,relative_service_intensity_not_exact_resource_count
2026-05-06,HGA,0.8563242440995178,1.309150479518522,1.8724378049844408,anchor_constrained_daily_visitor_forecast,seasonal_calendar_ridge,18777.81226850634,16079.895896671342,24582.98193562386,35160.28558645191,pressure_forecast_scaled_by_latest_available_region_anchor,1.005078893937766,high,0,0,surge,intensify_parking_guidance__open_surge_window_security_teams__prepare_outer_transfer,1.0,1.0,1.0,0.0,0.0,0.0,0.0,0.0,2.4,0.0,2.4,relative_service_intensity_not_exact_resource_count
2026-05-06,SHG,0.0,0.0513450738063463,0.3078070757498605,anchor_constrained_daily_visitor_forecast,seasonal_calendar_ridge,171189.26559227135,0.0,8789.725476689391,52693.26724172325,pressure_forecast_scaled_by_latest_available_region_anchor,1.0623170639425517,high,0,0,surge,intensify_parking_guidance__open_surge_window_security_teams__prepare_outer_transfer,1.0,1.0,1.0,0.0,0.0,0.0,0.0,0.0,2.4,0.0,2.4,relative_service_intensity_not_exact_resource_count
2026-05-07,BDH,0.0,0.1794493864867219,0.4671607748649497,anchor_constrained_daily_visitor_forecast,seasonal_calendar_ridge,126542.83990327934,0.0,22708.034984930957,59115.85114282725,pressure_forecast_scaled_by_latest_available_region_anchor,1.0288883344989914,high,0,0,surge,intensify_parking_guidance__open_surge_window_security_teams__prepare_outer_transfer,1.0,1.0,1.0,0.0,0.0,0.0,0.0,0.0,2.4,0.0,2.4,relative_service_intensity_not_exact_resource_count
2026-05-07,HGA,0.8589472602190804,1.3124133464177317,1.8764966059664696,anchor_constrained_daily_visitor_forecast,seasonal_calendar_ridge,18777.81226850634,16129.150400941757,24644.25143771434,35236.50098932768,pressure_forecast_scaled_by_latest_available_region_anchor,1.0075839066963679,high,0,0,surge,intensify_parking_guidance__open_surge_window_security_teams__prepare_outer_transfer,1.0,1.0,1.0,0.0,0.0,0.0,0.0,0.0,2.4,0.0,2.4,relative_service_intensity_not_exact_resource_count
2026-05-07,SHG,0.0,0.0528306413652373,0.3096550282570122,anchor_constrained_daily_visitor_forecast,seasonal_calendar_ridge,171189.26559227135,0.0,9044.038696083646,53009.61687427196,pressure_forecast_scaled_by_latest_available_region_anchor,1.0930530946940418,high,0,0,surge,intensify_parking_guidance__open_surge_window_security_teams__prepare_outer_transfer,1.0,1.0,1.0,0.0,0.0,0.0,0.0,0.0,2.4,0.0,2.4,relative_service_intensity_not_exact_resource_count
2026-05-08,BDH,0.0,0.1810976094962497,0.4692110605113837,anchor_constrained_daily_visitor_forecast,seasonal_calendar_ridge,126542.83990327934,0.0,22916.605805350537,59375.30011113994,pressure_forecast_scaled_by_latest_available_region_anchor,1.0383385614424057,high,0,0,surge,intensify_parking_guidance__open_surge_window_security_teams__prepare_outer_transfer,1.0,1.0,1.0,0.0,0.0,0.0,0.0,0.0,2.4,0.0,2.4,relative_service_intensity_not_exact_resource_count
2026-05-08,HGA,0.8615450483759073,1.315644831319732,1.880516369719882,anchor_constrained_daily_visitor_forecast,seasonal_calendar_ridge,18777.81226850634,16177.931179263998,24704.931654552616,35311.983358453,pressure_forecast_scaled_by_latest_available_region_anchor,1.0100648264392789,high,0,0,surge,intensify_parking_guidance__open_surge_window_security_teams__prepare_outer_transfer,1.0,1.0,1.0,0.0,0.0,0.0,0.0,0.0,2.4,0.0,2.4,relative_service_intensity_not_exact_resource_count
2026-05-08,SHG,0.0,0.0543019208521877,0.3114852073022928,anchor_constrained_daily_visitor_forecast,seasonal_calendar_ridge,171189.26559227135,0.0,9295.905950935665,53322.92388093591,pressure_forecast_scaled_by_latest_available_region_anchor,1.1234935087191729,high,0,0,surge,intensify_parking_guidance__open_surge_window_security_teams__prepare_outer_transfer,1.0,1.0,0.0,1.0,0.0,0.0,0.32000000000000006,0.0,3.0,0.32000000000000006,4.28,relative_service_intensity_not_exact_resource_count
2026-05-09,BDH,0.0932792079912297,0.3599704983679764,0.6917176718557689,anchor_constrained_daily_visitor_forecast,seasonal_calendar_ridge,126542.83990327934,11803.815883138885,45551.68914488251,87531.91860791369,pressure_forecast_scaled_by_latest_available_region_anchor,2.063921497786809,extreme,1,0,surge,intensify_parking_guidance__open_surge_window_security_teams__prepare_outer_transfer,0.0,2.0,2.0,0.0,1.0,0.0,0.0,0.96,2.8,1.96,10.64,relative_service_intensity_not_exact_resource_count
2026-05-09,HGA,1.1434691991748207,1.6663407240628438,2.316759979351647,anchor_constrained_daily_visitor_forecast,seasonal_calendar_ridge,18777.81226850634,21471.849956924067,31290.233291819004,43503.683963453856,pressure_forecast_scaled_by_latest_available_region_anchor,1.279305869009418,high,1,0,surge,intensify_parking_guidance__open_surge_window_security_teams__prepare_outer_transfer,1.0,1.0,0.0,1.0,0.0,0.0,0.5599999999999999,0.0,3.0,0.5599999999999999,5.24,relative_service_intensity_not_exact_resource_count
2026-05-09,SHG,0.0,0.2139720690343309,0.5101048182951142,anchor_constrained_daily_visitor_forecast,seasonal_calendar_ridge,171189.26559227135,0.0,36629.72135524589,87324.46921901962,pressure_forecast_scaled_by_latest_available_region_anchor,4.427029962009094,extreme,1,0,surge,intensify_parking_guidance__open_surge_window_security_teams__prepare_outer_transfer,0.0,2.0,2.0,0.0,1.0,0.0,0.0,1.2,2.8,2.2,11.600000000000001,relative_service_intensity_not_exact_resource_count
2026-05-10,BDH,0.0947716275691152,0.3618269743553321,0.6940270110943436,anchor_constrained_daily_visitor_forecast,seasonal_calendar_ridge,126542.83990327934,11992.670894851764,45786.61288853475,87824.148953463,pressure_forecast_scaled_by_latest_available_region_anchor,2.0745657609078147,extreme,1,0,surge,intensify_parking_guidance__open_surge_window_security_teams__prepare_outer_transfer,0.0,2.0,2.0,0.0,1.0,0.0,0.0,0.96,2.8,1.96,10.64,relative_service_intensity_not_exact_resource_count
2026-05-10,HGA,1.146395217866167,1.669980507083337,2.321287640256702,anchor_constrained_daily_visitor_forecast,seasonal_calendar_ridge,18777.81226850634,21526.794186604307,31358.58045407592,43588.70352994444,pressure_forecast_scaled_by_latest_available_region_anchor,1.2821002529627095,high,1,0,surge,intensify_parking_guidance__open_surge_window_security_teams__prepare_outer_transfer,1.0,1.0,0.0,1.0,0.0,0.0,0.5599999999999999,0.0,3.0,0.5599999999999999,5.24,relative_service_intensity_not_exact_resource_count
2026-05-10,SHG,0.0,0.2156292446849698,0.5121662404634033,anchor_constrained_daily_visitor_forecast,seasonal_calendar_ridge,171189.26559227135,0.0,36913.41203783617,87677.36256608466,pressure_forecast_scaled_by_latest_available_region_anchor,4.4613165223569,extreme,1,0,surge,intensify_parking_guidance__open_surge_window_security_teams__prepare_outer_transfer,0.0,2.0,2.0,0.0,1.0,0.0,0.0,1.2,2.8,2.2,11.600000000000001,relative_service_intensity_not_exact_resource_count
2026-05-11,BDH,0.0,0.1859406341536787,0.4752354782528256,anchor_constrained_daily_visitor_forecast,seasonal_calendar_ridge,126542.83990327934,0.0,23529.4558992232,60137.64704090571,pressure_forecast_scaled_by_latest_available_region_anchor,1.0661064556173367,high,0,0,surge,intensify_parking_guidance__open_surge_window_security_teams__prepare_outer_transfer,1.0,1.0,1.0,0.0,0.0,0.0,0.0,0.0,2.4,0.0,2.4,relative_service_intensity_not_exact_resource_count
2026-05-11,HGA,0.8691782096808773,1.3251400033747434,1.892327765909762,anchor_constrained_daily_visitor_forecast,seasonal_calendar_ridge,18777.81226850634,16321.265249263954,24883.230212858787,35533.77553873552,pressure_forecast_scaled_by_latest_available_region_anchor,1.017354589668262,high,0,0,surge,intensify_parking_guidance__open_surge_window_security_teams__prepare_outer_transfer,1.0,1.0,1.0,0.0,0.0,0.0,0.0,0.0,2.4,0.0,2.4,relative_service_intensity_not_exact_resource_count
2026-05-11,SHG,0.0,0.0586250268833984,0.3168628790084672,anchor_constrained_daily_visitor_forecast,seasonal_calendar_ridge,171189.26559227135,0.0,10035.97529749615,54243.52355091224,pressure_forecast_scaled_by_latest_available_region_anchor,1.2129375189373546,high,0,0,surge,intensify_parking_guidance__open_surge_window_security_teams__prepare_outer_transfer,1.0,1.0,2.0,0.0,0.0,0.0,0.0,0.6,3.0,0.6,5.4,relative_service_intensity_not_exact_resource_count
2026-05-12,BDH,0.0,0.1875192445257324,0.4771991701612773,anchor_constrained_daily_visitor_forecast,seasonal_calendar_ridge,126542.83990327934,0.0,23729.21773880365,60386.13819169627,pressure_forecast_scaled_by_latest_available_region_anchor,1.0751575525774557,high,0,0,surge,intensify_parking_guidance__open_surge_window_security_teams__prepare_outer_transfer,1.0,1.0,1.0,0.0,0.0,0.0,0.0,0.0,2.4,0.0,2.4,relative_service_intensity_not_exact_resource_count
2026-05-12,HGA,0.8716662803515689,1.3282350066321569,1.8961777550906311,anchor_constrained_daily_visitor_forecast,seasonal_calendar_ridge,18777.81226850634,16367.985773228977,24941.347602996917,35606.06991280966,pressure_forecast_scaled_by_latest_available_region_anchor,1.0197307278581507,high,0,0,surge,intensify_parking_guidance__open_surge_window_security_teams__prepare_outer_transfer,1.0,1.0,1.0,0.0,0.0,0.0,0.0,0.0,2.4,0.0,2.4,relative_service_intensity_not_exact_resource_count
2026-05-12,SHG,0.0,0.0600341669359664,0.3186157605098747,anchor_constrained_daily_visitor_forecast,seasonal_calendar_ridge,171189.26559227135,0.0,10277.20494821191,54543.59804780847,pressure_forecast_scaled_by_latest_available_region_anchor,1.2420922832088745,high,0,0,surge,intensify_parking_guidance__open_surge_window_security_teams__prepare_outer_transfer,1.0,1.0,2.0,0.0,0.0,0.0,0.0,0.6,3.0,0.6,5.4,relative_service_intensity_not_exact_resource_count
2026-05-13,BDH,0.0,0.1890790747854211,0.4791395007924032,anchor_constrained_daily_visitor_forecast,seasonal_calendar_ridge,126542.83990327934,0.0,23926.603089631724,60631.67314011026,pressure_forecast_scaled_by_latest_available_region_anchor,1.084100972164521,high,0,0,surge,intensify_parking_guidance__open_surge_window_security_teams__prepare_outer_transfer,1.0,1.0,1.0,0.0,0.0,0.0,0.0,0.0,2.4,0.0,2.4,relative_service_intensity_not_exact_resource_count
2026-05-13,HGA,0.874124751415166,1.331293189842031,1.8999819424506696,anchor_constrained_daily_visitor_forecast,seasonal_calendar_ridge,18777.81226850634,16414.150481328757,24998.77359319463,35677.50422889069,pressure_forecast_scaled_by_latest_available_region_anchor,1.0220785980580454,high,0,0,surge,intensify_parking_guidance__open_surge_window_security_teams__prepare_outer_transfer,1.0,1.0,1.0,0.0,0.0,0.0,0.0,0.0,2.4,0.0,2.4,relative_service_intensity_not_exact_resource_count
2026-05-13,SHG,0.0,0.0614265429985126,0.3203477886632098,anchor_constrained_daily_visitor_forecast,seasonal_calendar_ridge,171189.26559227135,0.0,10515.56478378746,54840.10267536303,pressure_forecast_scaled_by_latest_available_region_anchor,1.2709002046123334,high,0,0,surge,intensify_parking_guidance__open_surge_window_security_teams__prepare_outer_transfer,1.0,1.0,2.0,0.0,0.0,0.0,0.0,0.6,3.0,0.6,5.4,relative_service_intensity_not_exact_resource_count
2026-05-14,BDH,0.0,0.1906195829649814,0.4810557959724293,anchor_constrained_daily_visitor_forecast,seasonal_calendar_ridge,126542.83990327934,0.0,24121.54336956752,60874.166574283736,pressure_forecast_scaled_by_latest_available_region_anchor,1.0929336069602225,high,0,0,surge,intensify_parking_guidance__open_surge_window_security_teams__prepare_outer_transfer,1.0,1.0,1.0,0.0,0.0,0.0,0.0,0.0,2.4,0.0,2.4,relative_service_intensity_not_exact_resource_count
2026-05-14,HGA,0.876552768668428,1.334313490429318,1.9037390062134207,anchor_constrained_daily_visitor_forecast,seasonal_calendar_ridge,18777.81226850634,16459.743333495207,25055.48823061716,35748.05366690845,pressure_forecast_scaled_by_latest_available_region_anchor,1.0243973844933114,high,0,0,surge,intensify_parking_guidance__open_surge_window_security_teams__prepare_outer_transfer,1.0,1.0,1.0,0.0,0.0,0.0,0.0,0.0,2.4,0.0,2.4,relative_service_intensity_not_exact_resource_count
2026-05-14,SHG,0.0,0.0628016712857434,0.3220583616700276,anchor_constrained_daily_visitor_forecast,seasonal_calendar_ridge,171189.26559227135,0.0,10750.97198537365,55132.93441214215,pressure_forecast_scaled_by_latest_available_region_anchor,1.2993512737479036,high,0,0,surge,intensify_parking_guidance__open_surge_window_security_teams__prepare_outer_transfer,1.0,1.0,2.0,0.0,0.0,0.0,0.0,0.6,3.0,0.6,5.4,relative_service_intensity_not_exact_resource_count
2026-05-15,BDH,0.0,0.192140231955404,0.4829473875715668,anchor_constrained_daily_visitor_forecast,seasonal_calendar_ridge,126542.83990327934,0.0,24313.97061131165,61113.53394717578,pressure_forecast_scaled_by_latest_available_region_anchor,1.1016523774043292,high,0,0,surge,intensify_parking_guidance__open_surge_window_security_teams__prepare_outer_transfer,1.0,1.0,1.0,0.0,0.0,0.0,0.0,0.48,2.4,0.48,4.32,relative_service_intensity_not_exact_resource_count
2026-05-15,HGA,0.8789494855660651,1.3372948553449793,1.907447636452186,anchor_constrained_daily_visitor_forecast,seasonal_calendar_ridge,18777.81226850634,16504.748433459794,25111.471741307363,35817.69362930528,pressure_forecast_scaled_by_latest_available_region_anchor,1.0266862787027533,high,0,0,surge,intensify_parking_guidance__open_surge_window_security_teams__prepare_outer_transfer,1.0,1.0,1.0,0.0,0.0,0.0,0.0,0.0,2.4,0.0,2.4,relative_service_intensity_not_exact_resource_count
2026-05-15,SHG,0.0,0.0641590723495118,0.3237468831270215,anchor_constrained_daily_visitor_forecast,seasonal_calendar_ridge,171189.26559227135,0.0,10983.344476594331,55421.99116030171,pressure_forecast_scaled_by_latest_available_region_anchor,1.3274355709502716,high,0,0,surge,intensify_parking_guidance__open_surge_window_security_teams__prepare_outer_transfer,1.0,1.0,2.0,0.0,0.0,0.0,0.0,0.6,3.0,0.6,5.4,relative_service_intensity_not_exact_resource_count
2026-05-16,BDH,0.1033652158132272,0.3725168570510688,0.7073245520984648,anchor_constrained_daily_visitor_forecast,seasonal_calendar_ridge,126542.83990327934,13080.127956221137,47139.3410030862,89506.85755585479,pressure_forecast_scaled_by_latest_available_region_anchor,2.1358571134063644,extreme,1,0,surge,intensify_parking_guidance__open_surge_window_security_teams__prepare_outer_transfer,0.0,2.0,2.0,0.0,1.0,0.0,0.0,0.96,2.8,1.96,10.64,relative_service_intensity_not_exact_resource_count
2026-05-16,HGA,1.163243696806409,1.6909389540506077,2.347358628672798,anchor_constrained_daily_visitor_forecast,seasonal_calendar_ridge,18777.81226850634,21843.17176115405,31752.13423666677,44078.25965607628,pressure_forecast_scaled_by_latest_available_region_anchor,1.2981907582377523,high,1,0,surge,intensify_parking_guidance__open_surge_window_security_teams__prepare_outer_transfer,1.0,1.0,0.0,1.0,0.0,0.0,0.5599999999999999,0.0,3.0,0.5599999999999999,5.24,relative_service_intensity_not_exact_resource_count
2026-05-16,SHG,0.0,0.2251715244840178,0.5240362357208106,anchor_constrained_daily_visitor_forecast,seasonal_calendar_ridge,171189.26559227135,0.0,38546.947908711154,89709.37833678396,pressure_forecast_scaled_by_latest_available_region_anchor,4.658743965886838,extreme,1,0,surge,intensify_parking_guidance__open_surge_window_security_teams__prepare_outer_transfer,0.0,2.0,2.0,0.0,1.0,0.0,0.0,1.2,2.8,2.2,11.600000000000001,relative_service_intensity_not_exact_resource_count
2026-05-17,BDH,0.1047326730380858,0.3742178877392905,0.7094405271722528,anchor_constrained_daily_visitor_forecast,seasonal_calendar_ridge,126542.83990327934,13253.16987690099,47354.59425713641,89774.61905085648,pressure_forecast_scaled_by_latest_available_region_anchor,2.14561011767125,extreme,1,0,surge,intensify_parking_guidance__open_surge_window_security_teams__prepare_outer_transfer,0.0,2.0,2.0,0.0,1.0,0.0,0.0,0.96,2.8,1.96,10.64,relative_service_intensity_not_exact_resource_count
2026-05-17,HGA,1.1659247159104489,1.6942739730104517,2.3515071822753306,anchor_constrained_daily_visitor_forecast,seasonal_calendar_ridge,18777.81226850634,21893.515434577992,31814.75859660664,44156.16041681048,pressure_forecast_scaled_by_latest_available_region_anchor,1.300751164562207,high,1,0,surge,intensify_parking_guidance__open_surge_window_security_teams__prepare_outer_transfer,1.0,1.0,0.0,1.0,0.0,0.0,0.5599999999999999,0.0,3.0,0.5599999999999999,5.24,relative_service_intensity_not_exact_resource_count
2026-05-17,SHG,0.0,0.2266899425280484,0.525925052163104,anchor_constrained_daily_visitor_forecast,seasonal_calendar_ridge,171189.26559227135,0.0,38806.88477853081,90032.72343637877,pressure_forecast_scaled_by_latest_available_region_anchor,4.690159665170001,extreme,1,0,surge,intensify_parking_guidance__open_surge_window_security_teams__prepare_outer_transfer,0.0,2.0,2.0,0.0,1.0,0.0,0.0,1.2,2.8,2.2,11.600000000000001,relative_service_intensity_not_exact_resource_count
2026-05-18,BDH,0.0,0.196577731008083,0.4884673569938954,anchor_constrained_daily_visitor_forecast,seasonal_calendar_ridge,126542.83990327934,0.0,24875.504343505763,61812.0465540565,pressure_forecast_scaled_by_latest_available_region_anchor,1.1270951560007862,high,0,0,surge,intensify_parking_guidance__open_surge_window_security_teams__prepare_outer_transfer,1.0,1.0,1.0,0.0,0.0,0.0,0.0,0.48,2.4,0.48,4.32,relative_service_intensity_not_exact_resource_count
2026-05-18,HGA,0.8859434920920883,1.34599495909822,1.91827001773472,anchor_constrained_daily_visitor_forecast,seasonal_calendar_ridge,18777.81226850634,16636.080575010164,25274.840656302244,36020.9142733269,pressure_forecast_scaled_by_latest_available_region_anchor,1.033365641231549,high,0,0,surge,intensify_parking_guidance__open_surge_window_security_teams__prepare_outer_transfer,1.0,1.0,1.0,0.0,0.0,0.0,0.0,0.0,2.4,0.0,2.4,relative_service_intensity_not_exact_resource_count
2026-05-18,SHG,0.0,0.0681201876183968,0.3286742611169647,anchor_constrained_daily_visitor_forecast,seasonal_calendar_ridge,171189.26559227135,0.0,11661.444890401095,56265.50537969562,pressure_forecast_scaled_by_latest_available_region_anchor,1.4093900805153132,extreme,0,0,surge,intensify_parking_guidance__open_surge_window_security_teams__prepare_outer_transfer,1.0,1.0,2.0,0.0,0.5,0.0,0.0,0.6,3.0,1.1,7.4,relative_service_intensity_not_exact_resource_count
2026-05-19,BDH,0.0,0.1980136783653864,0.4902535850945196,anchor_constrained_daily_visitor_forecast,seasonal_calendar_ridge,126542.83990327934,0.0,25057.213200050548,62038.08093062453,pressure_forecast_scaled_by_latest_available_region_anchor,1.135328282420494,high,0,0,surge,intensify_parking_guidance__open_surge_window_security_teams__prepare_outer_transfer,1.0,1.0,1.0,0.0,0.0,0.0,0.0,0.48,2.4,0.48,4.32,relative_service_intensity_not_exact_resource_count
2026-05-19,HGA,0.8882067095190185,1.3488102590778768,1.9217720736490764,anchor_constrained_daily_visitor_forecast,seasonal_calendar_ridge,18777.81226850634,16678.57884697587,25327.70583079977,36086.675221840494,pressure_forecast_scaled_by_latest_available_region_anchor,1.0355270417992646,high,0,0,surge,intensify_parking_guidance__open_surge_window_security_teams__prepare_outer_transfer,1.0,1.0,1.0,0.0,0.0,0.0,0.0,0.0,2.4,0.0,2.4,relative_service_intensity_not_exact_resource_count
2026-05-19,SHG,0.0,0.069401980117912,0.3302687302805857,anchor_constrained_daily_visitor_forecast,seasonal_calendar_ridge,171189.26559227135,0.0,11880.874007034785,56538.46138482541,pressure_forecast_scaled_by_latest_available_region_anchor,1.4359100549495554,extreme,0,0,surge,intensify_parking_guidance__open_surge_window_security_teams__prepare_outer_transfer,1.0,1.0,2.0,0.0,0.5,0.0,0.0,0.6,3.0,1.1,7.4,relative_service_intensity_not_exact_resource_count
2026-05-20,BDH,0.0,0.1994271629021397,0.4920118708607109,anchor_constrained_daily_visitor_forecast,seasonal_calendar_ridge,126542.83990327934,0.0,25236.07954749068,62260.57940483989,pressure_forecast_scaled_by_latest_available_region_anchor,1.1434326163462485,high,0,0,surge,intensify_parking_guidance__open_surge_window_security_teams__prepare_outer_transfer,1.0,1.0,1.0,0.0,0.0,0.0,0.0,0.48,2.4,0.48,4.32,relative_service_intensity_not_exact_resource_count
2026-05-20,HGA,0.8904345229691455,1.3515815187395392,1.9252193461807687,anchor_constrained_daily_visitor_forecast,seasonal_calendar_ridge,18777.81226850634,16720.41230971161,25379.74402447375,36151.407458279,pressure_forecast_scaled_by_latest_available_region_anchor,1.0376546311322972,high,0,0,surge,intensify_parking_guidance__open_surge_window_security_teams__prepare_outer_transfer,1.0,1.0,1.0,0.0,0.0,0.0,0.0,0.0,2.4,0.0,2.4,relative_service_intensity_not_exact_resource_count
2026-05-20,SHG,0.0,0.0706637212730986,0.3318382568343589,anchor_constrained_daily_visitor_forecast,seasonal_calendar_ridge,171189.26559227135,0.0,12096.870548758712,56807.14748289343,pressure_forecast_scaled_by_latest_available_region_anchor,1.4620151719562735,extreme,0,0,surge,intensify_parking_guidance__open_surge_window_security_teams__prepare_outer_transfer,1.0,1.0,2.0,0.0,0.5,0.0,0.0,0.6,3.0,1.1,7.4,relative_service_intensity_not_exact_resource_count
2026-05-21,BDH,0.0,0.2008176820733872,0.493741589158186,anchor_constrained_daily_visitor_forecast,seasonal_calendar_ridge,126542.83990327934,0.0,25412.039792360287,62479.46287043506,pressure_forecast_scaled_by_latest_available_region_anchor,1.151405276393763,high,0,0,surge,intensify_parking_guidance__open_surge_window_security_teams__prepare_outer_transfer,1.0,1.0,1.0,0.0,0.0,0.0,0.0,0.48,2.4,0.48,4.32,relative_service_intensity_not_exact_resource_count
2026-05-21,HGA,0.8926261403740878,1.3543077528000107,1.928610609699536,anchor_constrained_daily_visitor_forecast,seasonal_calendar_ridge,18777.81226850634,16761.56608990601,25430.93673586129,36215.08796798744,pressure_forecast_scaled_by_latest_available_region_anchor,1.0397476527955682,high,0,0,surge,intensify_parking_guidance__open_surge_window_security_teams__prepare_outer_transfer,1.0,1.0,1.0,0.0,0.0,0.0,0.0,0.0,2.4,0.0,2.4,relative_service_intensity_not_exact_resource_count
2026-05-21,SHG,0.0,0.0719049624892697,0.3333822827547391,anchor_constrained_daily_visitor_forecast,seasonal_calendar_ridge,171189.26559227135,0.0,12309.357720977912,57071.46814625874,pressure_forecast_scaled_by_latest_available_region_anchor,1.4876961502207249,extreme,0,0,surge,intensify_parking_guidance__open_surge_window_security_teams__prepare_outer_transfer,1.0,1.0,2.0,0.0,0.5,0.0,0.0,0.6,3.0,1.1,7.4,relative_service_intensity_not_exact_resource_count
2026-05-22,BDH,0.0,0.2021847399897704,0.4954421231318062,anchor_constrained_daily_visitor_forecast,seasonal_calendar_ridge,126542.83990327934,0.0,25585.031183411684,62694.65326880896,pressure_forecast_scaled_by_latest_available_region_anchor,1.1592434193391852,high,0,0,surge,intensify_parking_guidance__open_surge_window_security_teams__prepare_outer_transfer,1.0,1.0,1.0,0.0,0.0,0.0,0.0,0.48,2.4,0.48,4.32,relative_service_intensity_not_exact_resource_count
2026-05-22,HGA,0.8947807801554448,1.3569879890249728,1.9319446548071009,anchor_constrained_daily_visitor_forecast,seasonal_calendar_ridge,18777.81226850634,16802.025511226584,25481.26570852888,36277.694041112016,pressure_forecast_scaled_by_latest_available_region_anchor,1.041805360372063,high,0,0,surge,intensify_parking_guidance__open_surge_window_security_teams__prepare_outer_transfer,1.0,1.0,1.0,0.0,0.0,0.0,0.0,0.0,2.4,0.0,2.4,relative_service_intensity_not_exact_resource_count
2026-05-22,SHG,0.0,0.0731252611128304,0.3349002574085248,anchor_constrained_daily_visitor_forecast,seasonal_calendar_ridge,171189.26559227135,0.0,12518.259746148522,57331.329112428,pressure_forecast_scaled_by_latest_available_region_anchor,1.512943831347904,extreme,0,0,surge,intensify_parking_guidance__open_surge_window_security_teams__prepare_outer_transfer,1.0,1.0,2.0,0.0,0.5,0.0,0.0,0.6,3.0,1.1,7.4,relative_service_intensity_not_exact_resource_count
2026-05-23,BDH,0.1125047908212189,0.3838859129039902,0.7214669417471984,anchor_constrained_daily_visitor_forecast,seasonal_calendar_ridge,126542.83990327934,14236.67573324144,48578.01361773387,91296.47570502428,pressure_forecast_scaled_by_latest_available_region_anchor,2.201042563021729,extreme,1,0,surge,intensify_parking_guidance__open_surge_window_security_teams__prepare_outer_transfer,0.0,2.0,2.0,0.0,1.0,0.0,0.0,0.96,2.8,1.96,10.64,relative_service_intensity_not_exact_resource_count
2026-05-23,HGA,1.181162630396277,1.7132289792027464,2.375086016510428,anchor_constrained_daily_visitor_forecast,seasonal_calendar_ridge,18777.81226850634,22179.65013215643,32170.692144433924,44598.91933958736,pressure_forecast_scaled_by_latest_available_region_anchor,1.315303560911129,high,1,0,surge,intensify_parking_guidance__open_surge_window_security_teams__prepare_outer_transfer,1.0,1.0,0.0,1.0,0.0,0.0,0.5599999999999999,0.0,3.0,0.5599999999999999,5.24,relative_service_intensity_not_exact_resource_count
2026-05-23,SHG,0.0,0.2353200654070013,0.5366603816442448,anchor_constrained_daily_visitor_forecast,seasonal_calendar_ridge,171189.26559227135,0.0,40284.26917614982,91870.49660614632,pressure_forecast_scaled_by_latest_available_region_anchor,4.868714804321433,extreme,1,0,surge,intensify_parking_guidance__open_surge_window_security_teams__prepare_outer_transfer,0.0,2.0,2.0,0.0,1.0,0.0,0.0,1.2,2.8,2.2,11.600000000000001,relative_service_intensity_not_exact_resource_count
2026-05-24,BDH,0.1137237347361241,0.3854022023855053,0.7233531103917434,anchor_constrained_daily_visitor_forecast,seasonal_calendar_ridge,126542.83990327934,14390.924357916365,48769.88919484026,91535.15684184154,pressure_forecast_scaled_by_latest_available_region_anchor,2.209736337850376,extreme,1,0,surge,intensify_parking_guidance__open_surge_window_security_teams__prepare_outer_transfer,0.0,2.0,2.0,0.0,1.0,0.0,0.0,0.96,2.8,1.96,10.64,relative_service_intensity_not_exact_resource_count
2026-05-24,HGA,1.1835524762087863,1.7162017969211334,2.378784014573942,anchor_constrained_daily_visitor_forecast,seasonal_calendar_ridge,18777.81226850634,22224.526208174404,32226.51515745828,44668.359652993335,pressure_forecast_scaled_by_latest_available_region_anchor,1.317585893149493,high,1,0,surge,intensify_parking_guidance__open_surge_window_security_teams__prepare_outer_transfer,1.0,1.0,0.0,1.0,0.0,0.0,0.5599999999999999,0.0,3.0,0.5599999999999999,5.24,relative_service_intensity_not_exact_resource_count
2026-05-24,SHG,0.0,0.236673574973083,0.5383440623231375,anchor_constrained_daily_visitor_forecast,seasonal_calendar_ridge,171189.26559227135,0.0,40515.97548473945,92158.72466505786,pressure_forecast_scaled_by_latest_available_region_anchor,4.8967185873850445,extreme,1,0,surge,intensify_parking_guidance__open_surge_window_security_teams__prepare_outer_transfer,0.0,2.0,2.0,0.0,1.0,0.0,0.0,1.2,2.8,2.2,11.600000000000001,relative_service_intensity_not_exact_resource_count
2026-05-25,BDH,0.0,0.2061402924388899,0.5003625813242141,anchor_constrained_daily_visitor_forecast,seasonal_calendar_ridge,126542.83990327934,0.0,26085.578023709637,63317.30202210161,pressure_forecast_scaled_by_latest_available_region_anchor,1.1819229160545395,high,0,0,surge,intensify_parking_guidance__open_surge_window_security_teams__prepare_outer_transfer,1.0,1.0,1.0,0.0,0.0,0.0,0.0,0.48,2.4,0.48,4.32,relative_service_intensity_not_exact_resource_count
2026-05-25,HGA,0.9010151836594787,1.3647431944459067,1.9415916420580808,anchor_constrained_daily_visitor_forecast,seasonal_calendar_ridge,18777.81226850634,16919.093969831454,25626.89150002688,36458.8433566676,pressure_forecast_scaled_by_latest_available_region_anchor,1.0477592926424,high,0,0,surge,intensify_parking_guidance__open_surge_window_security_teams__prepare_outer_transfer,1.0,1.0,1.0,0.0,0.0,0.0,0.0,0.0,2.4,0.0,2.4,relative_service_intensity_not_exact_resource_count
2026-05-25,SHG,0.0,0.0766561687292779,0.3392924841660923,anchor_constrained_daily_visitor_forecast,seasonal_calendar_ridge,171189.26559227135,0.0,13122.71322788232,58083.23118537071,pressure_forecast_scaled_by_latest_available_region_anchor,1.5859974494282667,extreme,0,0,surge,intensify_parking_guidance__open_surge_window_security_teams__prepare_outer_transfer,1.0,1.0,2.0,0.0,0.5,0.0,0.0,0.6,3.0,1.1,7.4,relative_service_intensity_not_exact_resource_count
2026-05-26,BDH,0.0,0.2074086883517369,0.501940385977512,anchor_constrained_daily_visitor_forecast,seasonal_calendar_ridge,126542.83990327934,0.0,26246.084444643,63516.96190374254,pressure_forecast_scaled_by_latest_available_region_anchor,1.1891953720032866,high,0,0,surge,intensify_parking_guidance__open_surge_window_security_teams__prepare_outer_transfer,1.0,1.0,1.0,0.0,0.0,0.0,0.0,0.48,2.4,0.48,4.32,relative_service_intensity_not_exact_resource_count
2026-05-26,HGA,0.9030143208281228,1.3672299952115976,1.9446850656336312,anchor_constrained_daily_visitor_forecast,seasonal_calendar_ridge,18777.81226850634,16956.633392283242,25673.5881779542,36516.93108383626,pressure_forecast_scaled_by_latest_available_region_anchor,1.0496684933050642,high,0,0,surge,intensify_parking_guidance__open_surge_window_security_teams__prepare_outer_transfer,1.0,1.0,1.0,0.0,0.0,0.0,0.0,0.0,2.4,0.0,2.4,relative_service_intensity_not_exact_resource_count
2026-05-26,SHG,0.0,0.07778839712138,0.3407009049971285,anchor_constrained_daily_visitor_forecast,seasonal_calendar_ridge,171189.26559227135,0.0,13316.538574809005,58324.33771308064,pressure_forecast_scaled_by_latest_available_region_anchor,1.6094229789298269,extreme,0,0,surge,intensify_parking_guidance__open_surge_window_security_teams__prepare_outer_transfer,0.0,2.0,2.0,0.0,1.0,0.0,0.0,0.6,2.8,1.6,9.2,relative_service_intensity_not_exact_resource_count
2026-05-27,BDH,0.0,0.2086512521675354,0.5034860571285535,anchor_constrained_daily_visitor_forecast,seasonal_calendar_ridge,126542.83990327934,0.0,26403.321998655207,63712.55552075191,pressure_forecast_scaled_by_latest_available_region_anchor,1.1963197174244415,high,0,0,surge,intensify_parking_guidance__open_surge_window_security_teams__prepare_outer_transfer,1.0,1.0,1.0,0.0,0.0,0.0,0.0,0.48,2.4,0.48,4.32,relative_service_intensity_not_exact_resource_count
2026-05-27,HGA,0.9049727436544774,1.369666149898987,1.947715488676614,anchor_constrained_daily_visitor_forecast,seasonal_calendar_ridge,18777.81226850634,16993.40828845889,25719.33383333104,36573.83579883154,pressure_forecast_scaled_by_latest_available_region_anchor,1.0515388112684836,high,0,0,surge,intensify_parking_guidance__open_surge_window_security_teams__prepare_outer_transfer,1.0,1.0,1.0,0.0,0.0,0.0,0.0,0.0,2.4,0.0,2.4,relative_service_intensity_not_exact_resource_count
2026-05-27,SHG,0.0,0.078897566598352,0.3420806419896062,anchor_constrained_daily_visitor_forecast,seasonal_calendar_ridge,171189.26559227135,0.0,13506.416482989209,58560.53387553339,pressure_forecast_scaled_by_latest_available_region_anchor,1.6323714250969443,extreme,0,0,surge,intensify_parking_guidance__open_surge_window_security_teams__prepare_outer_transfer,0.0,2.0,2.0,0.0,1.0,0.0,0.0,0.6,2.8,1.6,9.2,relative_service_intensity_not_exact_resource_count
2026-05-28,BDH,0.0,0.2098675331641705,0.5049990341074064,anchor_constrained_daily_visitor_forecast,seasonal_calendar_ridge,126542.83990327934,0.0,26557.233650089795,63904.01192436423,pressure_forecast_scaled_by_latest_available_region_anchor,1.203293368064385,high,0,0,surge,intensify_parking_guidance__open_surge_window_security_teams__prepare_outer_transfer,1.0,1.0,2.0,0.0,0.0,0.0,0.0,0.48,3.0,0.48,4.92,relative_service_intensity_not_exact_resource_count
2026-05-28,HGA,0.9068897417488906,1.3720507748280748,1.950681811944748,anchor_constrained_daily_visitor_forecast,seasonal_calendar_ridge,18777.81226850634,17029.405318794863,25764.11187258025,36629.536860288266,pressure_forecast_scaled_by_latest_available_region_anchor,1.053369568101774,high,0,0,surge,intensify_parking_guidance__open_surge_window_security_teams__prepare_outer_transfer,1.0,1.0,1.0,0.0,0.0,0.0,0.0,0.0,2.4,0.0,2.4,relative_service_intensity_not_exact_resource_count
2026-05-28,SHG,0.0,0.0799832748249526,0.3434311946638174,anchor_constrained_daily_visitor_forecast,seasonal_calendar_ridge,171189.26559227135,0.0,13692.278076948449,58791.733995975286,pressure_forecast_scaled_by_latest_available_region_anchor,1.654834463711528,extreme,0,0,surge,intensify_parking_guidance__open_surge_window_security_teams__prepare_outer_transfer,0.0,2.0,2.0,0.0,1.0,0.0,0.0,0.6,2.8,1.6,9.2,relative_service_intensity_not_exact_resource_count
2026-05-29,BDH,0.0,0.2110570889987059,0.5064787666673094,anchor_constrained_daily_visitor_forecast,seasonal_calendar_ridge,126542.83990327934,0.0,26707.763423615423,64091.26148479171,pressure_forecast_scaled_by_latest_available_region_anchor,1.2101137877122352,high,0,0,surge,intensify_parking_guidance__open_surge_window_security_teams__prepare_outer_transfer,1.0,1.0,2.0,0.0,0.0,0.0,0.0,0.48,3.0,0.48,4.92,relative_service_intensity_not_exact_resource_count
2026-05-29,HGA,0.9087646179282522,1.37438300274697,1.953582956631288,anchor_constrained_daily_visitor_forecast,seasonal_calendar_ridge,18777.81226850634,17064.61139171761,25807.90601060864,36684.01401057589,pressure_forecast_scaled_by_latest_available_region_anchor,1.0551600979864642,high,0,0,surge,intensify_parking_guidance__open_surge_window_security_teams__prepare_outer_transfer,1.0,1.0,1.0,0.0,0.0,0.0,0.0,0.0,2.4,0.0,2.4,relative_service_intensity_not_exact_resource_count
2026-05-29,SHG,0.0,0.0810451269455801,0.3447520718442553,anchor_constrained_daily_visitor_forecast,seasonal_calendar_ridge,171189.26559227135,0.0,13874.05576164626,59017.85399043204,pressure_forecast_scaled_by_latest_available_region_anchor,1.6768039253074076,extreme,0,0,surge,intensify_parking_guidance__open_surge_window_security_teams__prepare_outer_transfer,0.0,2.0,2.0,0.0,1.0,0.0,0.0,0.6,2.8,1.6,9.2,relative_service_intensity_not_exact_resource_count
2026-05-30,BDH,0.1205390787173654,0.3938800611822056,0.7338990329415982,anchor_constrained_daily_visitor_forecast,seasonal_calendar_ridge,126542.83990327934,15253.357340220364,49842.70152327372,92869.6678307002,pressure_forecast_scaled_by_latest_available_region_anchor,2.2583448630074128,extreme,1,0,surge,intensify_parking_guidance__open_surge_window_security_teams__prepare_outer_transfer,0.0,2.0,2.0,0.0,1.0,0.0,0.0,0.96,2.8,1.96,10.64,relative_service_intensity_not_exact_resource_count
2026-05-30,HGA,1.1969145522446176,1.7328233781904503,2.399460215124788,anchor_constrained_daily_visitor_forecast,seasonal_calendar_ridge,18777.81226850634,22475.43676349275,32538.63209013924,45056.61346536309,pressure_forecast_scaled_by_latest_available_region_anchor,1.3303468406333958,high,1,0,surge,intensify_parking_guidance__open_surge_window_security_teams__prepare_outer_transfer,1.0,1.0,0.0,1.0,0.0,0.0,0.5599999999999999,0.0,3.0,0.5599999999999999,5.24,relative_service_intensity_not_exact_resource_count
2026-05-30,SHG,0.0002445975532307,0.2442413007412242,0.5477578366903655,anchor_constrained_daily_visitor_forecast,seasonal_calendar_ridge,171189.26559227135,41.8724755032333,41811.48890119125,93770.26178543497,pressure_forecast_scaled_by_latest_available_region_anchor,5.053292989226502,extreme,1,0,surge,intensify_parking_guidance__open_surge_window_security_teams__prepare_outer_transfer,0.0,2.0,2.0,0.0,1.0,0.0,0.0,1.2,2.8,2.2,11.600000000000001,relative_service_intensity_not_exact_resource_count
2026-05-31,BDH,0.1215880657399866,0.3951849349907516,0.7355222138003799,anchor_constrained_daily_visitor_forecast,seasonal_calendar_ridge,126542.83990327934,15386.099137084537,50007.82396072253,93075.06974624709,pressure_forecast_scaled_by_latest_available_region_anchor,2.2658264680766256,extreme,1,0,surge,intensify_parking_guidance__open_surge_window_security_teams__prepare_outer_transfer,0.0,2.0,2.0,0.0,1.0,0.0,0.0,0.96,2.8,1.96,10.64,relative_service_intensity_not_exact_resource_count
2026-05-31,HGA,1.1989711827529883,1.735381697050796,2.4026426027070795,anchor_constrained_daily_visitor_forecast,seasonal_calendar_ridge,18777.81226850634,22514.055785084623,32586.67172142179,45116.371741949,pressure_forecast_scaled_by_latest_available_region_anchor,1.3323109481448883,high,1,0,surge,intensify_parking_guidance__open_surge_window_security_teams__prepare_outer_transfer,1.0,1.0,0.0,1.0,0.0,0.0,0.5599999999999999,0.0,3.0,0.5599999999999999,5.24,relative_service_intensity_not_exact_resource_count
2026-05-31,SHG,0.0011809715023493,0.2454060909768141,0.5492067624045018,anchor_constrained_daily_visitor_forecast,seasonal_calendar_ridge,171189.26559227135,202.1696441725803,42010.88848619093,94018.30231433571,pressure_forecast_scaled_by_latest_available_region_anchor,5.077392215334301,extreme,1,0,surge,intensify_parking_guidance__open_surge_window_security_teams__prepare_outer_transfer,0.0,2.0,2.0,0.0,1.0,0.0,0.0,1.2,2.8,2.2,11.600000000000001,relative_service_intensity_not_exact_resource_count
2026-06-01,BDH,0.0,0.2144611127200358,0.5107131578483686,anchor_constrained_daily_visitor_forecast,seasonal_calendar_ridge,126542.83990327934,0.0,27138.51825241064,64627.09337010433,pressure_forecast_scaled_by_latest_available_region_anchor,1.2296310475134737,high,0,0,surge,intensify_parking_guidance__open_surge_window_security_teams__prepare_outer_transfer,1.0,1.0,2.0,0.0,0.0,0.0,0.0,0.48,3.0,0.48,4.92,relative_service_intensity_not_exact_resource_count
2026-06-01,HGA,0.9141297490165275,1.381056888014886,1.9618848496953063,anchor_constrained_daily_visitor_forecast,seasonal_calendar_ridge,18777.81226850634,17165.356816089174,25933.226975271114,36839.90540000524,pressure_forecast_scaled_by_latest_available_region_anchor,1.060283864374123,high,0,0,surge,intensify_parking_guidance__open_surge_window_security_teams__prepare_outer_transfer,1.0,1.0,1.0,0.0,0.0,0.0,0.0,0.0,2.4,0.0,2.4,relative_service_intensity_not_exact_resource_count
2026-06-01,SHG,0.0,0.0840837147127293,0.3485318837073361,anchor_constrained_daily_visitor_forecast,seasonal_calendar_ridge,171189.26559227135,0.0,14394.229369942195,59664.91720734979,pressure_forecast_scaled_by_latest_available_region_anchor,1.7396715656871697,extreme,0,0,surge,intensify_parking_guidance__open_surge_window_security_teams__prepare_outer_transfer,0.0,2.0,2.0,0.0,1.0,0.0,0.0,0.6,2.8,1.6,9.2,relative_service_intensity_not_exact_resource_count
2026-06-02,BDH,0.0,0.2155395202492128,0.5120546289146606,anchor_constrained_daily_visitor_forecast,seasonal_calendar_ridge,126542.83990327934,0.0,27274.98300372577,64796.846928481005,pressure_forecast_scaled_by_latest_available_region_anchor,1.2358141888901546,high,0,0,surge,intensify_parking_guidance__open_surge_window_security_teams__prepare_outer_transfer,1.0,1.0,2.0,0.0,0.0,0.0,0.0,0.48,3.0,0.48,4.92,relative_service_intensity_not_exact_resource_count
2026-06-02,HGA,0.9158294427420332,1.3831711999912346,1.9645149206700063,anchor_constrained_daily_visitor_forecast,seasonal_calendar_ridge,18777.81226850634,17197.273345780675,25972.92912864004,36889.29237902101,pressure_forecast_scaled_by_latest_available_region_anchor,1.0619070928538692,high,0,0,surge,intensify_parking_guidance__open_surge_window_security_teams__prepare_outer_transfer,1.0,1.0,1.0,0.0,0.0,0.0,0.0,0.0,2.4,0.0,2.4,relative_service_intensity_not_exact_resource_count
2026-06-02,SHG,0.0,0.0850463507559584,0.3497293423344536,anchor_constrained_daily_visitor_forecast,seasonal_calendar_ridge,171189.26559227135,0.0,14559.022327215229,59869.90927030317,pressure_forecast_scaled_by_latest_available_region_anchor,1.7595882708212458,extreme,0,0,surge,intensify_parking_guidance__open_surge_window_security_teams__prepare_outer_transfer,0.0,2.0,2.0,0.0,1.0,0.0,0.0,0.6,2.8,1.6,9.2,relative_service_intensity_not_exact_resource_count
2026-06-03,BDH,0.0,0.2165891247300798,0.5133602708023872,anchor_constrained_daily_visitor_forecast,seasonal_calendar_ridge,126542.83990327934,0.0,27407.802935509888,64962.06656085061,pressure_forecast_scaled_by_latest_available_region_anchor,1.2418321855372585,high,0,0,surge,intensify_parking_guidance__open_surge_window_security_teams__prepare_outer_transfer,1.0,1.0,2.0,0.0,0.0,0.0,0.0,0.48,3.0,0.48,4.92,relative_service_intensity_not_exact_resource_count
2026-06-03,HGA,0.9174837395659384,1.3852290410803263,1.967074745416547,anchor_constrained_daily_visitor_forecast,seasonal_calendar_ridge,18777.81226850634,17228.33742097635,26011.570882289427,36937.36028755182,pressure_forecast_scaled_by_latest_available_region_anchor,1.063486966732451,high,0,0,surge,intensify_parking_guidance__open_surge_window_security_teams__prepare_outer_transfer,1.0,1.0,1.0,0.0,0.0,0.0,0.0,0.0,2.4,0.0,2.4,relative_service_intensity_not_exact_resource_count
2026-06-03,SHG,0.0,0.0859832758766392,0.3508948181927633,anchor_constrained_daily_visitor_forecast,seasonal_calendar_ridge,171189.26559227135,0.0,14719.413850539531,60069.426226552736,pressure_forecast_scaled_by_latest_available_region_anchor,1.7789730232337093,extreme,0,0,surge,intensify_parking_guidance__open_surge_window_security_teams__prepare_outer_transfer,0.0,2.0,2.0,0.0,1.0,0.0,0.0,0.6,2.8,1.6,9.2,relative_service_intensity_not_exact_resource_count
2026-06-04,BDH,0.0,0.2176095389294343,0.5146296018178262,anchor_constrained_daily_visitor_forecast,seasonal_calendar_ridge,126542.83990327934,0.0,27536.92904617384,65122.69131232158,pressure_forecast_scaled_by_latest_available_region_anchor,1.247682817220252,high,0,0,surge,intensify_parking_guidance__open_surge_window_security_teams__prepare_outer_transfer,1.0,1.0,2.0,0.0,0.0,0.0,0.0,0.48,3.0,0.48,4.92,relative_service_intensity_not_exact_resource_count
2026-06-04,HGA,0.9190920291643828,1.3872296520777092,1.969563379532392,anchor_constrained_daily_visitor_forecast,seasonal_calendar_ridge,18777.81226850634,17258.537581129334,26049.137980020587,36984.09139178416,pressure_forecast_scaled_by_latest_available_region_anchor,1.0650229031430525,high,0,0,surge,intensify_parking_guidance__open_surge_window_security_teams__prepare_outer_transfer,1.0,1.0,1.0,0.0,0.0,0.0,0.0,0.0,2.4,0.0,2.4,relative_service_intensity_not_exact_resource_count
2026-06-04,SHG,0.0,0.0868941444126471,0.3520278813003464,anchor_constrained_daily_visitor_forecast,seasonal_calendar_ridge,171189.26559227135,0.0,14875.34476626984,60263.39446780957,pressure_forecast_scaled_by_latest_available_region_anchor,1.797818671259441,extreme,0,0,surge,intensify_parking_guidance__open_surge_window_security_teams__prepare_outer_transfer,0.0,2.0,2.0,0.0,1.0,0.0,0.0,0.6,2.8,1.6,9.2,relative_service_intensity_not_exact_resource_count
2026-06-05,BDH,0.0,0.2186003855698353,0.5158621526515956,anchor_constrained_daily_visitor_forecast,seasonal_calendar_ridge,126542.83990327934,0.0,27662.313593958803,65278.66179515192,pressure_forecast_scaled_by_latest_available_region_anchor,1.2533639207868086,high,0,0,surge,intensify_parking_guidance__open_surge_window_security_teams__prepare_outer_transfer,1.0,1.0,2.0,0.0,0.0,0.0,0.0,0.48,3.0,0.48,4.92,relative_service_intensity_not_exact_resource_count
2026-06-05,HGA,0.9206537169049288,1.3891722932980684,1.9719799028955836,anchor_constrained_daily_visitor_forecast,seasonal_calendar_ridge,18777.81226850634,17287.862660343337,26085.616532161555,37029.46841384062,pressure_forecast_scaled_by_latest_available_region_anchor,1.066514334204358,high,0,0,surge,intensify_parking_guidance__open_surge_window_security_teams__prepare_outer_transfer,1.0,1.0,1.0,0.0,0.0,0.0,0.0,0.0,2.4,0.0,2.4,relative_service_intensity_not_exact_resource_count
2026-06-05,SHG,0.0,0.0877786195888269,0.3531281127301139,anchor_constrained_daily_visitor_forecast,seasonal_calendar_ridge,171189.26559227135,0.0,15026.757422114648,60451.742278253005,pressure_forecast_scaled_by_latest_available_region_anchor,1.8161182471025517,extreme,0,0,surge,intensify_parking_guidance__open_surge_window_security_teams__prepare_outer_transfer,0.0,2.0,2.0,0.0,1.0,0.0,0.0,1.2,2.8,2.2,11.600000000000001,relative_service_intensity_not_exact_resource_count
2026-06-06,BDH,0.1273256276026761,0.4023221006925998,0.7444003985545855,anchor_constrained_daily_visitor_forecast,seasonal_calendar_ridge,126542.83990327934,16112.146509310009,50910.98117749469,94198.54045823024,pressure_forecast_scaled_by_latest_available_region_anchor,2.306748015237007,extreme,1,0,surge,intensify_parking_guidance__open_surge_window_security_teams__prepare_outer_transfer,0.0,2.0,2.0,0.0,1.0,0.0,0.0,0.96,2.8,1.96,10.64,relative_service_intensity_not_exact_resource_count
2026-06-06,HGA,1.210220172984525,1.749374732626244,2.4200490579164384,anchor_constrained_daily_visitor_forecast,seasonal_calendar_ridge,18777.81226850634,22725.28721186268,32849.430316524085,45443.22689013051,pressure_forecast_scaled_by_latest_available_region_anchor,1.3430538726131096,high,1,0,surge,intensify_parking_guidance__open_surge_window_security_teams__prepare_outer_transfer,1.0,1.0,0.0,1.0,0.0,0.0,0.5599999999999999,0.0,3.0,0.5599999999999999,5.24,relative_service_intensity_not_exact_resource_count
2026-06-06,SHG,0.0063025824887789,0.2517770525708421,0.5571318374912524,anchor_constrained_daily_visitor_forecast,seasonal_calendar_ridge,171189.26559227135,1078.9344675887712,43101.52872258916,95374.99009820016,pressure_forecast_scaled_by_latest_available_region_anchor,5.209205858072158,extreme,1,0,surge,intensify_parking_guidance__open_surge_window_security_teams__prepare_outer_transfer,0.0,2.0,2.0,0.0,1.0,0.0,0.0,1.2,2.8,2.2,11.600000000000001,relative_service_intensity_not_exact_resource_count
2026-06-07,BDH,0.1281858651337103,0.4033921820178863,0.7457315123474817,anchor_constrained_daily_visitor_forecast,seasonal_calendar_ridge,126542.83990327934,16221.00340947846,51046.39230732391,94366.98337781776,pressure_forecast_scaled_by_latest_available_region_anchor,2.312883417614847,extreme,1,0,surge,intensify_parking_guidance__open_surge_window_security_teams__prepare_outer_transfer,0.0,2.0,2.0,0.0,1.0,0.0,0.0,0.96,2.8,1.96,10.64,relative_service_intensity_not_exact_resource_count
2026-06-07,HGA,1.211906743659489,1.7514727203539886,2.4226588225537014,anchor_constrained_daily_visitor_forecast,seasonal_calendar_ridge,18777.81226850634,22756.95731937472,32888.8259362173,45492.23256055402,pressure_forecast_scaled_by_latest_available_region_anchor,1.3446645684176681,high,1,0,surge,intensify_parking_guidance__open_surge_window_security_teams__prepare_outer_transfer,1.0,1.0,0.0,1.0,0.0,0.0,0.5599999999999999,0.0,3.0,0.5599999999999999,5.24,relative_service_intensity_not_exact_resource_count
2026-06-07,SHG,0.0070704699809442,0.252732256262431,0.5583200507408943,anchor_constrained_daily_visitor_forecast,seasonal_calendar_ridge,171189.26559227135,1210.388563430044,43265.0493410433,95578.39945177337,pressure_forecast_scaled_by_latest_available_region_anchor,5.22896878966211,extreme,1,0,surge,intensify_parking_guidance__open_surge_window_security_teams__prepare_outer_transfer,0.0,2.0,2.0,0.0,1.0,0.0,0.0,1.2,2.8,2.2,11.600000000000001,relative_service_intensity_not_exact_resource_count
2026-06-08,BDH,0.0,0.2213919010552649,0.5193346221526822,anchor_constrained_daily_visitor_forecast,seasonal_calendar_ridge,126542.83990327934,0.0,28015.559891119046,65718.07794729693,pressure_forecast_scaled_by_latest_available_region_anchor,1.2693693124728054,high,0,0,surge,intensify_parking_guidance__open_surge_window_security_teams__prepare_outer_transfer,1.0,1.0,2.0,0.0,0.0,0.0,0.0,0.48,3.0,0.48,4.92,relative_service_intensity_not_exact_resource_count
2026-06-08,HGA,0.925053464891535,1.3946453027711303,1.978787982081804,anchor_constrained_daily_visitor_forecast,seasonal_calendar_ridge,18777.81226850634,17370.480302064563,26188.38767659047,37157.3092467086,pressure_forecast_scaled_by_latest_available_region_anchor,1.0707161478184193,high,0,0,surge,intensify_parking_guidance__open_surge_window_security_teams__prepare_outer_transfer,1.0,1.0,1.0,0.0,0.0,0.0,0.0,0.0,2.4,0.0,2.4,relative_service_intensity_not_exact_resource_count
2026-06-08,SHG,0.0,0.090270454399696,0.3562277983409057,anchor_constrained_daily_visitor_forecast,seasonal_calendar_ridge,171189.26559227135,0.0,15453.332793364589,60982.37518153139,pressure_forecast_scaled_by_latest_available_region_anchor,1.8676737020639416,extreme,0,0,surge,intensify_parking_guidance__open_surge_window_security_teams__prepare_outer_transfer,0.0,2.0,2.0,0.0,1.0,0.0,0.0,1.2,2.8,2.2,11.600000000000001,relative_service_intensity_not_exact_resource_count
2026-06-09,BDH,0.0,0.222260911015931,0.5204156158280904,anchor_constrained_daily_visitor_forecast,seasonal_calendar_ridge,126542.83990327934,0.0,28125.526879445973,65854.86995690057,pressure_forecast_scaled_by_latest_available_region_anchor,1.2743518550637711,high,0,0,surge,intensify_parking_guidance__open_surge_window_security_teams__prepare_outer_transfer,1.0,1.0,2.0,0.0,0.0,0.0,0.0,0.48,3.0,0.48,4.92,relative_service_intensity_not_exact_resource_count
2026-06-09,HGA,0.926423124076568,1.3963490725591674,1.9809073644232988,anchor_constrained_daily_visitor_forecast,seasonal_calendar_ridge,18777.81226850634,17396.199505112952,26220.38074581898,37197.10661044238,pressure_forecast_scaled_by_latest_available_region_anchor,1.0720241892398414,high,0,0,surge,intensify_parking_guidance__open_surge_window_security_teams__prepare_outer_transfer,1.0,1.0,1.0,0.0,0.0,0.0,0.0,0.0,2.4,0.0,2.4,relative_service_intensity_not_exact_resource_count
2026-06-09,SHG,0.0,0.0910461725650733,0.357192742896926,anchor_constrained_daily_visitor_forecast,seasonal_calendar_ridge,171189.26559227135,0.0,15586.127416402112,61147.56333141376,pressure_forecast_scaled_by_latest_available_region_anchor,1.8837231218583028,extreme,0,0,surge,intensify_parking_guidance__open_surge_window_security_teams__prepare_outer_transfer,0.0,2.0,2.0,0.0,1.0,0.0,0.0,1.2,2.8,2.2,11.600000000000001,relative_service_intensity_not_exact_resource_count
2026-06-10,BDH,0.0,0.2230986235140046,0.5214576774306225,anchor_constrained_daily_visitor_forecast,seasonal_calendar_ridge,126542.83990327934,0.0,28231.533397974683,65986.73539143914,pressure_forecast_scaled_by_latest_available_region_anchor,1.279154950988514,high,0,0,surge,intensify_parking_guidance__open_surge_window_security_teams__prepare_outer_transfer,1.0,1.0,2.0,0.0,0.0,0.0,0.0,0.48,3.0,0.48,4.92,relative_service_intensity_not_exact_resource_count
2026-06-10,HGA,0.9277434548775224,1.3979914809432832,1.9829504170418284,anchor_constrained_daily_visitor_forecast,seasonal_calendar_ridge,18777.81226850634,17420.9924290256,26251.22158212413,37235.470668967806,pressure_forecast_scaled_by_latest_available_region_anchor,1.073285121445823,high,0,0,surge,intensify_parking_guidance__open_surge_window_security_teams__prepare_outer_transfer,1.0,1.0,1.0,0.0,0.0,0.0,0.0,0.0,2.4,0.0,2.4,relative_service_intensity_not_exact_resource_count
2026-06-10,SHG,0.0,0.0917939531792578,0.3581229348983005,anchor_constrained_daily_visitor_forecast,seasonal_calendar_ridge,171189.26559227135,0.0,15714.139430568495,61306.80221698887,pressure_forecast_scaled_by_latest_available_region_anchor,1.8991945205270386,extreme,0,0,surge,intensify_parking_guidance__open_surge_window_security_teams__prepare_outer_transfer,0.0,2.0,2.0,0.0,1.0,0.0,0.0,1.2,2.8,2.2,11.600000000000001,relative_service_intensity_not_exact_resource_count
2026-06-11,BDH,0.0,0.2239047252251712,0.5224604172045588,anchor_constrained_daily_visitor_forecast,seasonal_calendar_ridge,126542.83990327934,0.0,28333.5397977566,66113.62493011702,pressure_forecast_scaled_by_latest_available_region_anchor,1.283776803775402,high,0,0,surge,intensify_parking_guidance__open_surge_window_security_teams__prepare_outer_transfer,1.0,1.0,2.0,0.0,0.0,0.0,0.0,0.48,3.0,0.48,4.92,relative_service_intensity_not_exact_resource_count
2026-06-11,HGA,0.9290139634594085,1.399571913623845,1.9849163757873252,anchor_constrained_daily_visitor_forecast,seasonal_calendar_ridge,18777.81226850634,17444.849800661777,26280.89865030273,37272.38707321838,pressure_forecast_scaled_by_latest_available_region_anchor,1.0744984728178566,high,0,0,surge,intensify_parking_guidance__open_surge_window_security_teams__prepare_outer_transfer,1.0,1.0,1.0,0.0,0.0,0.0,0.0,0.0,2.4,0.0,2.4,relative_service_intensity_not_exact_resource_count
2026-06-11,SHG,0.0,0.0925135165545894,0.3590180264311899,anchor_constrained_daily_visitor_forecast,seasonal_calendar_ridge,171189.26559227135,0.0,15837.320956338604,61460.03227914206,pressure_forecast_scaled_by_latest_available_region_anchor,1.9140821114006221,extreme,0,0,surge,intensify_parking_guidance__open_surge_window_security_teams__prepare_outer_transfer,0.0,2.0,2.0,0.0,1.0,0.0,0.0,1.2,2.8,2.2,11.600000000000001,relative_service_intensity_not_exact_resource_count
2026-06-12,BDH,0.0,0.224678914138988,0.5234234594679243,anchor_constrained_daily_visitor_forecast,seasonal_calendar_ridge,126542.83990327934,0.0,28431.50786153261,66235.49103307017,pressure_forecast_scaled_by_latest_available_region_anchor,1.2882156818218504,high,0,0,surge,intensify_parking_guidance__open_surge_window_security_teams__prepare_outer_transfer,1.0,1.0,2.0,0.0,0.0,0.0,0.0,0.48,3.0,0.48,4.92,relative_service_intensity_not_exact_resource_count
2026-06-12,HGA,0.9302341738191922,1.4010897784830494,1.9868045041025253,anchor_constrained_daily_visitor_forecast,seasonal_calendar_ridge,18777.81226850634,17467.762681725886,26309.400831677835,37307.84199226005,pressure_forecast_scaled_by_latest_available_region_anchor,1.0756637887671714,high,0,0,surge,intensify_parking_guidance__open_surge_window_security_teams__prepare_outer_transfer,1.0,1.0,1.0,0.0,0.0,0.0,0.0,0.0,2.4,0.0,2.4,relative_service_intensity_not_exact_resource_count
2026-06-12,SHG,0.0,0.0932045931026891,0.359877682144625,anchor_constrained_daily_visitor_forecast,seasonal_calendar_ridge,171189.26559227135,0.0,15955.625843075832,61607.196109387216,pressure_forecast_scaled_by_latest_available_region_anchor,1.928380316761193,extreme,0,0,surge,intensify_parking_guidance__open_surge_window_security_teams__prepare_outer_transfer,0.0,2.0,2.0,0.0,1.0,0.0,0.0,1.2,2.8,2.2,11.600000000000001,relative_service_intensity_not_exact_resource_count
2026-06-13,BDH,0.132742066885063,0.4090598101234618,0.7527816848587345,anchor_constrained_daily_visitor_forecast,seasonal_calendar_ridge,126542.83990327934,16797.558118266934,51763.59006331908,95259.13222919972,pressure_forecast_scaled_by_latest_available_region_anchor,2.3453792458607507,extreme,1,0,surge,intensify_parking_guidance__open_surge_window_security_teams__prepare_outer_transfer,0.0,2.0,2.0,0.0,1.0,0.0,0.0,0.96,2.8,1.96,10.64,relative_service_intensity_not_exact_resource_count
2026-06-13,HGA,1.2208395744019622,1.7625845993578886,2.436481300394933,anchor_constrained_daily_visitor_forecast,seasonal_calendar_ridge,18777.81226850634,22924.696338083224,33097.48271410289,45751.78845454225,pressure_forecast_scaled_by_latest_available_region_anchor,1.3531955319956042,high,1,0,surge,intensify_parking_guidance__open_surge_window_security_teams__prepare_outer_transfer,1.0,1.0,0.0,1.0,0.0,0.0,0.5599999999999999,0.0,3.0,0.5599999999999999,5.24,relative_service_intensity_not_exact_resource_count
2026-06-13,SHG,0.0111375447253339,0.2577914411683529,0.5646133582213175,anchor_constrained_daily_visitor_forecast,seasonal_calendar_ridge,171189.26559227135,1906.6281020309975,44131.12748958357,96655.74613749336,pressure_forecast_scaled_by_latest_available_region_anchor,5.333642092411109,extreme,1,0,surge,intensify_parking_guidance__open_surge_window_security_teams__prepare_outer_transfer,0.0,2.0,2.0,0.0,1.0,0.0,0.0,1.2,2.8,2.2,11.600000000000001,relative_service_intensity_not_exact_resource_count
2026-06-14,BDH,0.1333979103969776,0.4098756381582679,0.7537965235668778,anchor_constrained_daily_visitor_forecast,seasonal_calendar_ridge,126542.83990327934,16880.550418796745,51866.82725971615,95387.55280137194,pressure_forecast_scaled_by_latest_available_region_anchor,2.350056865352257,extreme,1,0,surge,intensify_parking_guidance__open_surge_window_security_teams__prepare_outer_transfer,0.0,2.0,2.0,0.0,1.0,0.0,0.0,0.96,2.8,1.96,10.64,relative_service_intensity_not_exact_resource_count
2026-06-14,HGA,1.222125412783404,1.7641841013438846,2.438470980155726,anchor_constrained_daily_visitor_forecast,seasonal_calendar_ridge,18777.81226850634,22948.841569817578,33127.51786211903,45789.15028756487,pressure_forecast_scaled_by_latest_available_region_anchor,1.3544235235153625,high,1,0,surge,intensify_parking_guidance__open_surge_window_security_teams__prepare_outer_transfer,1.0,1.0,0.0,1.0,0.0,0.0,0.5599999999999999,0.0,3.0,0.5599999999999999,5.24,relative_service_intensity_not_exact_resource_count
2026-06-14,SHG,0.0117229807374218,0.2585196867064572,0.5655192498180392,anchor_constrained_daily_visitor_forecast,seasonal_calendar_ridge,171189.26559227135,2006.8484629915904,44255.79530842248,96810.82505464237,pressure_forecast_scaled_by_latest_available_region_anchor,5.348709315116563,extreme,1,0,surge,intensify_parking_guidance__open_surge_window_security_teams__prepare_outer_transfer,0.0,2.0,2.0,0.0,1.0,0.0,0.0,1.2,2.8,2.2,11.600000000000001,relative_service_intensity_not_exact_resource_count
2026-06-15,BDH,0.0,0.226807157276454,0.5260708599299033,anchor_constrained_daily_visitor_forecast,seasonal_calendar_ridge,126542.83990327934,0.0,28700.821792152223,66570.50060589025,pressure_forecast_scaled_by_latest_available_region_anchor,1.300418145034386,high,0,0,surge,intensify_parking_guidance__open_surge_window_security_teams__prepare_outer_transfer,1.0,1.0,2.0,0.0,0.0,0.0,0.0,0.48,3.0,0.48,4.92,relative_service_intensity_not_exact_resource_count
2026-06-15,HGA,0.9335885286518796,1.405262384693951,1.9919949635081875,anchor_constrained_daily_visitor_forecast,seasonal_calendar_ridge,18777.81226850634,17530.75012705605,26387.753247776545,37405.30746456688,pressure_forecast_scaled_by_latest_available_region_anchor,1.0788672390205243,high,0,0,surge,intensify_parking_guidance__open_surge_window_security_teams__prepare_outer_transfer,1.0,1.0,1.0,0.0,0.0,0.0,0.0,0.0,2.4,0.0,2.4,relative_service_intensity_not_exact_resource_count
2026-06-15,SHG,0.0,0.0951043605815412,0.3622408732728501,anchor_constrained_daily_visitor_forecast,seasonal_calendar_ridge,171189.26559227135,0.0,16280.845642576603,62011.74906308224,pressure_forecast_scaled_by_latest_available_region_anchor,1.9676860429136065,extreme,0,0,surge,intensify_parking_guidance__open_surge_window_security_teams__prepare_outer_transfer,0.0,2.0,2.0,0.0,1.0,0.0,0.0,1.2,2.8,2.2,11.600000000000001,relative_service_intensity_not_exact_resource_count
2026-06-16,BDH,0.0,0.2274509070781187,0.5268716441506174,anchor_constrained_daily_visitor_forecast,seasonal_calendar_ridge,126542.83990327934,0.0,28782.283720242045,66671.83411532914,pressure_forecast_scaled_by_latest_available_region_anchor,1.3041091393266282,high,0,0,surge,intensify_parking_guidance__open_surge_window_security_teams__prepare_outer_transfer,1.0,1.0,2.0,0.0,0.0,0.0,0.0,0.48,3.0,0.48,4.92,relative_service_intensity_not_exact_resource_count
2026-06-16,HGA,0.9346031520378276,1.40652451230212,1.9935649707851384,anchor_constrained_daily_visitor_forecast,seasonal_calendar_ridge,18777.81226850634,17549.80253452061,26411.45324306164,37434.788766473655,pressure_forecast_scaled_by_latest_available_region_anchor,1.0798362168731646,high,0,0,surge,intensify_parking_guidance__open_surge_window_security_teams__prepare_outer_transfer,1.0,1.0,1.0,0.0,0.0,0.0,0.0,0.0,2.4,0.0,2.4,relative_service_intensity_not_exact_resource_count
2026-06-16,SHG,0.0,0.0956790011929406,0.3629556900122109,anchor_constrained_daily_visitor_forecast,seasonal_calendar_ridge,171189.26559227135,0.0,16379.217946821558,62134.11801572649,pressure_forecast_scaled_by_latest_available_region_anchor,1.9795752171200032,extreme,0,0,surge,intensify_parking_guidance__open_surge_window_security_teams__prepare_outer_transfer,0.0,2.0,2.0,0.0,1.0,0.0,0.0,1.2,2.8,2.2,11.600000000000001,relative_service_intensity_not_exact_resource_count
2026-06-17,BDH,0.0,0.2280614095567619,0.527631070794851,anchor_constrained_daily_visitor_forecast,seasonal_calendar_ridge,126542.83990327934,0.0,28859.538437657546,66767.93411958868,pressure_forecast_scaled_by_latest_available_region_anchor,1.3076095072618796,high,0,0,surge,intensify_parking_guidance__open_surge_window_security_teams__prepare_outer_transfer,1.0,1.0,2.0,0.0,0.0,0.0,0.0,0.48,3.0,0.48,4.92,relative_service_intensity_not_exact_resource_count
2026-06-17,HGA,0.935565373836434,1.4077214556350093,1.9950538929278532,anchor_constrained_daily_visitor_forecast,seasonal_calendar_ridge,18777.81226850634,17567.87095481551,26433.92922026268,37462.74746695198,pressure_forecast_scaled_by_latest_available_region_anchor,1.0807551505633306,high,0,0,surge,intensify_parking_guidance__open_surge_window_security_teams__prepare_outer_transfer,1.0,1.0,1.0,0.0,0.0,0.0,0.0,0.0,2.4,0.0,2.4,relative_service_intensity_not_exact_resource_count
2026-06-17,SHG,0.0,0.0962239637182589,0.3636335890811146,anchor_constrained_daily_visitor_forecast,seasonal_calendar_ridge,171189.26559227135,0.0,16472.50968130612,62250.16705947779,pressure_forecast_scaled_by_latest_available_region_anchor,1.9908503589581164,extreme,0,0,surge,intensify_parking_guidance__open_surge_window_security_teams__prepare_outer_transfer,0.0,2.0,2.0,0.0,1.0,0.0,0.0,1.2,2.8,2.2,11.600000000000001,relative_service_intensity_not_exact_resource_count
2026-06-18,BDH,0.0,0.2286384339891447,0.5283488528574225,anchor_constrained_daily_visitor_forecast,seasonal_calendar_ridge,126542.83990327934,0.0,28932.556748024846,66858.76430021811,pressure_forecast_scaled_by_latest_available_region_anchor,1.3109179259688086,high,0,0,surge,intensify_parking_guidance__open_surge_window_security_teams__prepare_outer_transfer,1.0,1.0,2.0,0.0,0.0,0.0,0.0,0.48,3.0,0.48,4.92,relative_service_intensity_not_exact_resource_count
2026-06-18,HGA,0.9364748304014614,1.4088527623395946,1.9964611672376509,anchor_constrained_daily_visitor_forecast,seasonal_calendar_ridge,18777.81226850634,17584.948559459954,26455.172685179485,37489.172999751645,pressure_forecast_scaled_by_latest_available_region_anchor,1.0816236928043779,high,0,0,surge,intensify_parking_guidance__open_surge_window_security_teams__prepare_outer_transfer,1.0,1.0,1.0,0.0,0.0,0.0,0.0,0.0,2.4,0.0,2.4,relative_service_intensity_not_exact_resource_count
2026-06-18,SHG,0.0,0.0967390422033465,0.3642743142855666,anchor_constrained_daily_visitor_forecast,seasonal_calendar_ridge,171189.26559227135,0.0,16560.685588890643,62359.85233667439,pressure_forecast_scaled_by_latest_available_region_anchor,2.001507207286779,extreme,0,0,surge,intensify_parking_guidance__open_surge_window_security_teams__prepare_outer_transfer,0.0,2.0,2.0,0.0,1.0,0.0,0.0,1.2,2.8,2.2,11.600000000000001,relative_service_intensity_not_exact_resource_count
2026-06-19,BDH,0.0,0.2291817620411881,0.5290247187444836,anchor_constrained_daily_visitor_forecast,seasonal_calendar_ridge,126542.83990327934,0.0,29001.311022729536,66944.29028896058,pressure_forecast_scaled_by_latest_available_region_anchor,1.3140331436103851,high,0,1,surge,intensify_parking_guidance__open_surge_window_security_teams__prepare_outer_transfer,1.0,1.0,2.0,0.0,0.0,0.0,0.0,0.48,3.0,0.48,4.92,relative_service_intensity_not_exact_resource_count
2026-06-19,HGA,0.9373311776134045,1.4099180043528787,1.9977862612311157,anchor_constrained_daily_visitor_forecast,seasonal_calendar_ridge,18777.81226850634,17601.028886642478,26475.17559972546,37514.05536599905,pressure_forecast_scaled_by_latest_available_region_anchor,1.082441514957933,high,0,1,surge,intensify_parking_guidance__open_surge_window_security_teams__prepare_outer_transfer,1.0,1.0,1.0,0.0,0.0,0.0,0.0,0.0,2.4,0.0,2.4,relative_service_intensity_not_exact_resource_count
2026-06-19,SHG,0.0,0.097224041753186,0.3648776231884363,anchor_constrained_daily_visitor_forecast,seasonal_calendar_ridge,171189.26559227135,0.0,16643.712305640245,62463.13234468193,pressure_forecast_scaled_by_latest_available_region_anchor,2.0115417297755798,extreme,0,1,surge,intensify_parking_guidance__open_surge_window_security_teams__prepare_outer_transfer,0.0,2.0,2.0,0.0,1.0,0.0,0.0,1.2,2.8,2.2,11.600000000000001,relative_service_intensity_not_exact_resource_count
2026-06-20,BDH,0.1366893922833932,0.4139700343826892,0.7588896946737109,anchor_constrained_daily_visitor_forecast,seasonal_calendar_ridge,126542.83990327934,17297.06388419397,52384.94378564369,96032.05713734396,pressure_forecast_scaled_by_latest_available_region_anchor,2.3735324346735016,extreme,1,1,surge,intensify_parking_guidance__open_surge_window_security_teams__prepare_outer_transfer,0.0,2.0,2.0,0.0,1.0,0.0,0.0,0.96,2.8,1.96,10.64,relative_service_intensity_not_exact_resource_count
2026-06-20,HGA,1.2285786499725906,1.7722115220906764,2.4484565861325223,anchor_constrained_daily_visitor_forecast,seasonal_calendar_ridge,18777.81226850634,23070.019246280262,33278.2552619026,45976.65812198442,pressure_forecast_scaled_by_latest_available_region_anchor,1.3605864446551281,high,1,1,surge,intensify_parking_guidance__open_surge_window_security_teams__prepare_outer_transfer,1.0,1.0,0.0,1.0,0.0,0.0,0.5599999999999999,0.0,3.0,0.5599999999999999,5.24,relative_service_intensity_not_exact_resource_count
2026-06-20,SHG,0.014661108498749,0.2621745326475801,0.5700656480479478,anchor_constrained_daily_visitor_forecast,seasonal_calendar_ridge,171189.26559227135,2509.824396669452,44881.46570093622,97589.1196287104,pressure_forecast_scaled_by_latest_available_region_anchor,5.424327186929929,extreme,1,1,surge,intensify_parking_guidance__open_surge_window_security_teams__prepare_outer_transfer,0.0,2.0,2.0,0.0,1.0,0.0,0.0,1.2,2.8,2.2,11.600000000000001,relative_service_intensity_not_exact_resource_count
2026-06-21,BDH,0.1371287734176526,0.4145165968488594,0.759569583968297,anchor_constrained_daily_visitor_forecast,seasonal_calendar_ridge,126542.83990327934,17352.66442072309,52454.10735229741,96118.0922595007,pressure_forecast_scaled_by_latest_available_region_anchor,2.37666619710383,extreme,1,1,surge,intensify_parking_guidance__open_surge_window_security_teams__prepare_outer_transfer,0.0,2.0,2.0,0.0,1.0,0.0,0.0,0.96,2.8,1.96,10.64,relative_service_intensity_not_exact_resource_count
2026-06-21,HGA,1.229440094991484,1.773283105454832,2.449789568367199,anchor_constrained_daily_visitor_forecast,seasonal_calendar_ridge,18777.81226850634,23086.195299124684,33298.37725314477,46001.68861214444,pressure_forecast_scaled_by_latest_available_region_anchor,1.3614091352772204,high,1,1,surge,intensify_parking_guidance__open_surge_window_security_teams__prepare_outer_transfer,1.0,1.0,0.0,1.0,0.0,0.0,0.5599999999999999,0.0,3.0,0.5599999999999999,5.24,relative_service_intensity_not_exact_resource_count
2026-06-21,SHG,0.0150533202601745,0.2626624193838803,0.5706725484289881,anchor_constrained_daily_visitor_forecast,seasonal_calendar_ridge,171189.26559227135,2576.966840064532,44964.98667301564,97693.01445922838,pressure_forecast_scaled_by_latest_available_region_anchor,5.434421444602975,extreme,1,1,surge,intensify_parking_guidance__open_surge_window_security_teams__prepare_outer_transfer,0.0,2.0,2.0,0.0,1.0,0.0,0.0,1.2,2.8,2.2,11.600000000000001,relative_service_intensity_not_exact_resource_count
2026-06-22,BDH,0.0,0.2306075730355478,0.5307983378478238,anchor_constrained_daily_visitor_forecast,seasonal_calendar_ridge,126542.83990327934,0.0,29181.73719512112,67168.72908720394,pressure_forecast_scaled_by_latest_available_region_anchor,1.3222081523302147,high,0,0,surge,intensify_parking_guidance__open_surge_window_security_teams__prepare_outer_transfer,1.0,1.0,2.0,0.0,0.0,0.0,0.0,0.48,3.0,0.48,4.92,relative_service_intensity_not_exact_resource_count
2026-06-22,HGA,0.939578418971892,1.4127134311092973,2.0012635961070457,anchor_constrained_daily_visitor_forecast,seasonal_calendar_ridge,18777.81226850634,17643.22716299418,26527.66759856785,37579.352107494,pressure_forecast_scaled_by_latest_available_region_anchor,1.084587658183163,high,0,0,surge,intensify_parking_guidance__open_surge_window_security_teams__prepare_outer_transfer,1.0,1.0,1.0,0.0,0.0,0.0,0.0,0.0,2.4,0.0,2.4,relative_service_intensity_not_exact_resource_count
2026-06-22,SHG,0.0,0.098496786070031,0.3664608369825182,anchor_constrained_daily_visitor_forecast,seasonal_calendar_ridge,171189.26559227135,0.0,16861.592470527678,62734.16155136637,pressure_forecast_scaled_by_latest_available_region_anchor,2.0378744995154734,extreme,0,0,surge,intensify_parking_guidance__open_surge_window_security_teams__prepare_outer_transfer,0.0,2.0,2.0,0.0,1.0,0.0,0.0,1.2,2.8,2.2,11.600000000000001,relative_service_intensity_not_exact_resource_count
2026-06-23,BDH,0.0,0.2310141843154011,0.5313041366784084,anchor_constrained_daily_visitor_forecast,seasonal_calendar_ridge,126542.83990327934,0.0,29233.19094121047,67232.73430764588,pressure_forecast_scaled_by_latest_available_region_anchor,1.3245394927193208,high,0,0,surge,intensify_parking_guidance__open_surge_window_security_teams__prepare_outer_transfer,1.0,1.0,2.0,0.0,0.0,0.0,0.0,0.48,3.0,0.48,4.92,relative_service_intensity_not_exact_resource_count
2026-06-23,HGA,0.9402192848990928,1.4135106279717569,2.0022552588098685,anchor_constrained_daily_visitor_forecast,seasonal_calendar_ridge,18777.81226850634,17655.261223064444,26542.637211592155,37597.97336356129,pressure_forecast_scaled_by_latest_available_region_anchor,1.0851996930510464,high,0,0,surge,intensify_parking_guidance__open_surge_window_security_teams__prepare_outer_transfer,1.0,1.0,1.0,0.0,0.0,0.0,0.0,0.0,2.4,0.0,2.4,relative_service_intensity_not_exact_resource_count
2026-06-23,SHG,0.0,0.0988597459557701,0.3669123362272566,anchor_constrained_daily_visitor_forecast,seasonal_calendar_ridge,171189.26559227135,0.0,16923.727306806813,62811.45337548861,pressure_forecast_scaled_by_latest_available_region_anchor,2.045384051095856,extreme,0,0,surge,intensify_parking_guidance__open_surge_window_security_teams__prepare_outer_transfer,0.0,2.0,2.0,0.0,1.0,0.0,0.0,1.2,2.8,2.2,11.600000000000001,relative_service_intensity_not_exact_resource_count
2026-06-24,BDH,0.0,0.2313861975889648,0.53176689776757,anchor_constrained_daily_visitor_forecast,seasonal_calendar_ridge,126542.83990327934,0.0,29280.26655732893,67291.29341006512,pressure_forecast_scaled_by_latest_available_region_anchor,1.3266724624939306,high,0,0,surge,intensify_parking_guidance__open_surge_window_security_teams__prepare_outer_transfer,1.0,1.0,2.0,0.0,0.0,0.0,0.0,0.48,3.0,0.48,4.92,relative_service_intensity_not_exact_resource_count
2026-06-24,HGA,0.9408056204074916,1.414239992426637,2.0031625422686083,anchor_constrained_daily_visitor_forecast,seasonal_calendar_ridge,18777.81226850634,17666.27132116751,26556.33308040121,37615.01016202382,pressure_forecast_scaled_by_latest_available_region_anchor,1.0857596506961429,high,0,0,surge,intensify_parking_guidance__open_surge_window_security_teams__prepare_outer_transfer,1.0,1.0,1.0,0.0,0.0,0.0,0.0,0.0,2.4,0.0,2.4,relative_service_intensity_not_exact_resource_count
2026-06-24,SHG,0.0,0.099191822073567,0.3673254180092162,anchor_constrained_daily_visitor_forecast,seasonal_calendar_ridge,171189.26559227135,0.0,16980.575173533194,62882.1685423718,pressure_forecast_scaled_by_latest_available_region_anchor,2.052254625044078,extreme,0,0,surge,intensify_parking_guidance__open_surge_window_security_teams__prepare_outer_transfer,0.0,2.0,2.0,0.0,1.0,0.0,0.0,1.2,2.8,2.2,11.600000000000001,relative_service_intensity_not_exact_resource_count
2026-06-25,BDH,0.0,0.231723471280675,0.5321864450042217,anchor_constrained_daily_visitor_forecast,seasonal_calendar_ridge,126542.83990327934,0.0,29322.946128102605,67344.3841088646,pressure_forecast_scaled_by_latest_available_region_anchor,1.3286062499184963,high,0,0,surge,intensify_parking_guidance__open_surge_window_security_teams__prepare_outer_transfer,1.0,1.0,2.0,0.0,0.0,0.0,0.0,0.48,3.0,0.48,4.92,relative_service_intensity_not_exact_resource_count
2026-06-25,HGA,0.9413372023577916,1.4149012469027014,2.003985101202126,anchor_constrained_daily_visitor_forecast,seasonal_calendar_ridge,18777.81226850634,17676.25326723557,26568.74999281446,37630.4560192572,pressure_forecast_scaled_by_latest_available_region_anchor,1.086267318017671,high,0,0,surge,intensify_parking_guidance__open_surge_window_security_teams__prepare_outer_transfer,1.0,1.0,1.0,0.0,0.0,0.0,0.0,0.0,2.4,0.0,2.4,relative_service_intensity_not_exact_resource_count
2026-06-25,SHG,0.0,0.0994928880465772,0.3676999251235594,anchor_constrained_daily_visitor_forecast,seasonal_calendar_ridge,171189.26559227135,0.0,17032.11443634763,62946.2801402353,pressure_forecast_scaled_by_latest_available_region_anchor,2.058483606654027,extreme,0,0,surge,intensify_parking_guidance__open_surge_window_security_teams__prepare_outer_transfer,0.0,2.0,2.0,0.0,1.0,0.0,0.0,1.2,2.8,2.2,11.600000000000001,relative_service_intensity_not_exact_resource_count
2026-06-26,BDH,0.0,0.2320258769439503,0.5325626186089036,anchor_constrained_daily_visitor_forecast,seasonal_calendar_ridge,126542.83990327934,0.0,29361.2133995363,67391.9861850977,pressure_forecast_scaled_by_latest_available_region_anchor,1.3303401185336081,high,0,0,surge,intensify_parking_guidance__open_surge_window_security_teams__prepare_outer_transfer,1.0,1.0,2.0,0.0,0.0,0.0,0.0,0.48,3.0,0.48,4.92,relative_service_intensity_not_exact_resource_count
2026-06-26,HGA,0.9418138283034754,1.4154941395692306,2.00472262234886,anchor_constrained_daily_visitor_forecast,seasonal_calendar_ridge,18777.81226850634,17685.203259765924,26579.883220001924,37644.30505289463,pressure_forecast_scaled_by_latest_available_region_anchor,1.0867225016767095,high,0,0,surge,intensify_parking_guidance__open_surge_window_security_teams__prepare_outer_transfer,1.0,1.0,1.0,0.0,0.0,0.0,0.0,0.0,2.4,0.0,2.4,relative_service_intensity_not_exact_resource_count
2026-06-26,SHG,0.0,0.0997628292174883,0.3680357149438091,anchor_constrained_daily_visitor_forecast,seasonal_calendar_ridge,171189.26559227135,0.0,17078.325467149025,63003.7637529572,pressure_forecast_scaled_by_latest_available_region_anchor,2.064068623693852,extreme,0,0,surge,intensify_parking_guidance__open_surge_window_security_teams__prepare_outer_transfer,0.0,2.0,2.0,0.0,1.0,0.0,0.0,1.2,2.8,2.2,11.600000000000001,relative_service_intensity_not_exact_resource_count
2026-06-27,BDH,0.1390947055056275,0.4169620925848968,0.762611626687655,anchor_constrained_daily_visitor_forecast,seasonal_calendar_ridge,126542.83990327934,17601.439050192417,52763.567327706936,96503.04098431536,pressure_forecast_scaled_by_latest_available_region_anchor,2.390687655098962,extreme,1,0,surge,intensify_parking_guidance__open_surge_window_security_teams__prepare_outer_transfer,0.0,2.0,2.0,0.0,1.0,0.0,0.0,0.96,2.8,1.96,10.64,relative_service_intensity_not_exact_resource_count
2026-06-27,HGA,1.2332944762396068,1.778077713043264,2.455753758323303,anchor_constrained_daily_visitor_forecast,seasonal_calendar_ridge,18777.81226850634,23158.572146613187,33388.4094943415,46113.68305147387,pressure_forecast_scaled_by_latest_available_region_anchor,1.3650901169269531,high,1,0,surge,intensify_parking_guidance__open_surge_window_security_teams__prepare_outer_transfer,1.0,1.0,0.0,1.0,0.0,0.0,0.5599999999999999,0.0,3.0,0.5599999999999999,5.24,relative_service_intensity_not_exact_resource_count
2026-06-27,SHG,0.0168082014486149,0.2648453810893397,0.5733880153442938,anchor_constrained_daily_visitor_forecast,seasonal_calendar_ridge,171189.26559227135,2877.3836619153444,45338.6862841893,98157.87324619968,pressure_forecast_scaled_by_latest_available_region_anchor,5.479586390287718,extreme,1,0,surge,intensify_parking_guidance__open_surge_window_security_teams__prepare_outer_transfer,0.0,2.0,2.0,0.0,1.0,0.0,0.0,1.2,2.8,2.2,11.600000000000001,relative_service_intensity_not_exact_resource_count
2026-06-28,BDH,0.1393094709536954,0.4172292472799702,0.7629439503074082,anchor_constrained_daily_visitor_forecast,seasonal_calendar_ridge,126542.83990327934,17628.61607990402,52797.37384151502,96545.09415892587,pressure_forecast_scaled_by_latest_available_region_anchor,2.392219409286865,extreme,1,0,surge,intensify_parking_guidance__open_surge_window_security_teams__prepare_outer_transfer,0.0,2.0,2.0,0.0,1.0,0.0,0.0,0.96,2.8,1.96,10.64,relative_service_intensity_not_exact_resource_count
2026-06-28,HGA,1.2337155426237616,1.77860149311346,2.4564053077517496,anchor_constrained_daily_visitor_forecast,seasonal_calendar_ridge,18777.81226850634,23166.478852127424,33398.24493816962,46125.91772432489,pressure_forecast_scaled_by_latest_available_region_anchor,1.3654922405192027,high,1,0,surge,intensify_parking_guidance__open_surge_window_security_teams__prepare_outer_transfer,1.0,1.0,0.0,1.0,0.0,0.0,0.5599999999999999,0.0,3.0,0.5599999999999999,5.24,relative_service_intensity_not_exact_resource_count
2026-06-28,SHG,0.0169999109420641,0.2650838556285446,0.5736846626559411,anchor_constrained_daily_visitor_forecast,seasonal_calendar_ridge,171189.26559227135,2910.202269305976,45379.51056541824,98208.65608162047,pressure_forecast_scaled_by_latest_available_region_anchor,5.484520370386153,extreme,1,0,surge,intensify_parking_guidance__open_surge_window_security_teams__prepare_outer_transfer,0.0,2.0,2.0,0.0,1.0,0.0,0.0,1.2,2.8,2.2,11.600000000000001,relative_service_intensity_not_exact_resource_count
2026-06-29,BDH,0.0,0.232722799772443,0.5334295467270471,anchor_constrained_daily_visitor_forecast,seasonal_calendar_ridge,126542.83990327934,0.0,29449.403993447195,67501.68973115958,pressure_forecast_scaled_by_latest_available_region_anchor,1.3343359849019518,high,0,0,surge,intensify_parking_guidance__open_surge_window_security_teams__prepare_outer_transfer,1.0,1.0,2.0,0.0,0.0,0.0,0.0,0.48,3.0,0.48,4.92,relative_service_intensity_not_exact_resource_count
2026-06-29,HGA,0.942912258467121,1.416860517532112,2.006422310503136,anchor_constrained_daily_visitor_forecast,seasonal_calendar_ridge,18777.81226850634,17705.829375168923,26605.540808876736,37676.22147797063,pressure_forecast_scaled_by_latest_available_region_anchor,1.087771516036112,high,0,0,surge,intensify_parking_guidance__open_surge_window_security_teams__prepare_outer_transfer,1.0,1.0,1.0,0.0,0.0,0.0,0.0,0.0,2.4,0.0,2.4,relative_service_intensity_not_exact_resource_count
2026-06-29,SHG,0.0,0.1003849345124766,0.3688095747610255,anchor_constrained_daily_visitor_forecast,seasonal_calendar_ridge,171189.26559227135,0.0,17184.823215719138,63136.24024673785,pressure_forecast_scaled_by_latest_available_region_anchor,2.0769398306362676,extreme,0,0,surge,intensify_parking_guidance__open_surge_window_security_teams__prepare_outer_transfer,0.0,2.0,2.0,0.0,1.0,0.0,0.0,1.2,2.8,2.2,11.600000000000001,relative_service_intensity_not_exact_resource_count
2026-06-30,BDH,0.0,0.232884713930723,0.5336309577453113,anchor_constrained_daily_visitor_forecast,seasonal_calendar_ridge,126542.83990327934,0.0,29469.893070856488,67527.17685339856,pressure_forecast_scaled_by_latest_available_region_anchor,1.3352643335126995,high,0,0,surge,intensify_parking_guidance__open_surge_window_security_teams__prepare_outer_transfer,1.0,1.0,2.0,0.0,0.0,0.0,0.0,0.48,3.0,0.48,4.92,relative_service_intensity_not_exact_resource_count
2026-06-30,HGA,0.9431674537170178,1.4171779643550706,2.0068171943634243,anchor_constrained_daily_visitor_forecast,seasonal_calendar_ridge,18777.81226850634,17710.621383663303,26611.50176572348,37683.63653296698,pressure_forecast_scaled_by_latest_available_region_anchor,1.0880152306485227,high,0,0,surge,intensify_parking_guidance__open_surge_window_security_teams__prepare_outer_transfer,1.0,1.0,1.0,0.0,0.0,0.0,0.0,0.0,2.4,0.0,2.4,relative_service_intensity_not_exact_resource_count
2026-06-30,SHG,0.0,0.1005294665195818,0.3689893634776646,anchor_constrained_daily_visitor_forecast,seasonal_calendar_ridge,171189.26559227135,0.0,17209.565543870052,63167.01814510107,pressure_forecast_scaled_by_latest_available_region_anchor,2.0799301626399336,extreme,0,0,surge,intensify_parking_guidance__open_surge_window_security_teams__prepare_outer_transfer,0.0,2.0,2.0,0.0,1.0,0.0,0.0,1.2,2.8,2.2,11.600000000000001,relative_service_intensity_not_exact_resource_count
2026-07-01,BDH,0.2193787256591894,0.5168303587159584,0.8868414617276488,anchor_constrained_daily_visitor_forecast,seasonal_calendar_ridge,126542.83990327934,27760.80695927625,65401.18134014795,112223.43711099208,pressure_forecast_scaled_by_latest_available_region_anchor,2.9632908610536006,extreme,0,0,surge,intensify_parking_guidance__open_surge_window_security_teams__prepare_outer_transfer,0.0,2.0,2.0,0.0,1.0,0.0,0.0,0.96,2.8,1.96,10.64,relative_service_intensity_not_exact_resource_count
2026-07-01,HGA,1.3906982968988126,1.9738781552928175,2.699317180256533,anchor_constrained_daily_visitor_forecast,seasonal_calendar_ridge,18777.81226850634,26114.2715412974,37065.11344099414,50687.271264011055,pressure_forecast_scaled_by_latest_available_region_anchor,1.5154127078036599,extreme,0,0,surge,intensify_parking_guidance__open_surge_window_security_teams__prepare_outer_transfer,1.0,1.0,0.0,1.0,0.5,0.0,0.5599999999999999,0.0,3.0,1.06,7.24,relative_service_intensity_not_exact_resource_count
2026-07-01,SHG,0.0884734016666878,0.3539923778892599,0.6842812663819267,anchor_constrained_daily_visitor_forecast,seasonal_calendar_ridge,171189.26559227135,15145.696655770327,60599.6951961242,117141.60745047142,pressure_forecast_scaled_by_latest_available_region_anchor,7.3240160284058335,extreme,0,0,surge,intensify_parking_guidance__open_surge_window_security_teams__prepare_outer_transfer,0.0,2.0,2.0,0.0,1.0,0.0,0.0,1.2,2.8,2.2,11.600000000000001,relative_service_intensity_not_exact_resource_count
2026-07-02,BDH,0.2194689607619382,0.5169426055022857,0.8869810896624217,anchor_constrained_daily_visitor_forecast,seasonal_calendar_ridge,126542.83990327934,27772.22556543705,65415.38536725982,112241.1060263881,pressure_forecast_scaled_by_latest_available_region_anchor,2.963934437558921,extreme,0,0,surge,intensify_parking_guidance__open_surge_window_security_teams__prepare_outer_transfer,0.0,2.0,2.0,0.0,1.0,0.0,0.0,0.96,2.8,1.96,10.64,relative_service_intensity_not_exact_resource_count
2026-07-02,HGA,1.390875210684433,1.9740982249030687,2.6995909329953958,anchor_constrained_daily_visitor_forecast,seasonal_calendar_ridge,18777.81226850634,26117.59359515149,37069.24586682144,50692.41174154941,pressure_forecast_scaled_by_latest_available_region_anchor,1.5155816626518006,extreme,0,0,surge,intensify_parking_guidance__open_surge_window_security_teams__prepare_outer_transfer,1.0,1.0,0.0,1.0,0.5,0.0,0.5599999999999999,0.0,3.0,1.06,7.24,relative_service_intensity_not_exact_resource_count
2026-07-02,SHG,0.0885539496598354,0.354092574521175,0.6844059046833268,anchor_constrained_daily_visitor_forecast,seasonal_calendar_ridge,171189.26559227135,15159.48560756219,60616.84778395656,117162.9441897528,pressure_forecast_scaled_by_latest_available_region_anchor,7.32608907230162,extreme,0,0,surge,intensify_parking_guidance__open_surge_window_security_teams__prepare_outer_transfer,0.0,2.0,2.0,0.0,1.0,0.0,0.0,1.2,2.8,2.2,11.600000000000001,relative_service_intensity_not_exact_resource_count
2026-07-03,BDH,0.2195241930490489,0.5170113109898491,0.8870665549630321,anchor_constrained_daily_visitor_forecast,seasonal_calendar_ridge,126542.83990327934,27779.214815902385,65424.07955477304,112251.92104824052,pressure_forecast_scaled_by_latest_available_region_anchor,2.9643283663209754,extreme,0,0,surge,intensify_parking_guidance__open_surge_window_security_teams__prepare_outer_transfer,0.0,2.0,2.0,0.0,1.0,0.0,0.0,0.96,2.8,1.96,10.64,relative_service_intensity_not_exact_resource_count
2026-07-03,HGA,1.3909834983984566,1.9742329280011712,2.699758495168094,anchor_constrained_daily_visitor_forecast,seasonal_calendar_ridge,18777.81226850634,26119.627001516405,37071.77529630959,50695.55819257166,pressure_forecast_scaled_by_latest_available_region_anchor,1.5156850787548148,extreme,0,0,surge,intensify_parking_guidance__open_surge_window_security_teams__prepare_outer_transfer,1.0,1.0,0.0,1.0,0.5,0.0,0.5599999999999999,0.0,3.0,1.06,7.24,relative_service_intensity_not_exact_resource_count
2026-07-03,SHG,0.0886032525336416,0.3541539041919225,0.6844821949322235,anchor_constrained_daily_visitor_forecast,seasonal_calendar_ridge,171189.26559227135,15167.925730320672,60627.34676525084,117176.00426143326,pressure_forecast_scaled_by_latest_available_region_anchor,7.327357968242968,extreme,0,0,surge,intensify_parking_guidance__open_surge_window_security_teams__prepare_outer_transfer,0.0,2.0,2.0,0.0,1.0,0.0,0.0,1.2,2.8,2.2,11.600000000000001,relative_service_intensity_not_exact_resource_count
2026-07-04,BDH,0.4023026725575815,0.7443762311778803,1.1698942000507384,anchor_constrained_daily_visitor_forecast,seasonal_calendar_ridge,126542.83990327934,50908.52268611544,94195.48224974897,148041.73446079565,pressure_forecast_scaled_by_latest_available_region_anchor,4.267944492492959,extreme,1,0,emergency,activate_outer_transfer__issue_parking_saturation_alert__emergency_coordination_and_staggered_entry,2.0,2.0,2.0,0.0,0.0,0.0,0.0,0.96,4.8,0.96,8.64,relative_service_intensity_not_exact_resource_count
2026-07-04,HGA,1.749336642073798,2.4200016756675,3.254266750231799,anchor_constrained_daily_visitor_forecast,seasonal_calendar_ridge,18777.81226850634,32848.71505928105,45442.337155155066,61108.01010749493,pressure_forecast_scaled_by_latest_available_region_anchor,1.8579167525508422,extreme,1,0,surge,intensify_parking_guidance__open_surge_window_security_teams__prepare_outer_transfer,0.0,2.0,0.0,1.0,1.0,0.0,0.5599999999999999,0.6,2.8,2.16,11.440000000000001,relative_service_intensity_not_exact_resource_count
2026-07-04,SHG,0.2517597101260656,0.5571102645818864,0.9369471284725164,anchor_constrained_daily_visitor_forecast,seasonal_calendar_ridge,171189.26559227135,43098.55988220429,95371.2970476891,160395.2908219976,pressure_forecast_scaled_by_latest_available_region_anchor,11.526475602996156,extreme,1,0,surge,intensify_parking_guidance__open_surge_window_security_teams__prepare_outer_transfer,0.0,2.0,2.0,0.0,1.0,0.0,0.0,1.2,2.8,2.2,11.600000000000001,relative_service_intensity_not_exact_resource_count
2026-07-05,BDH,0.4022856279071257,0.7443550287058993,1.1698678255105697,anchor_constrained_daily_visitor_forecast,seasonal_calendar_ridge,126542.83990327934,50906.36580764161,94192.79922873151,148038.39695158156,pressure_forecast_scaled_by_latest_available_region_anchor,4.267822926314825,extreme,1,0,emergency,activate_outer_transfer__issue_parking_saturation_alert__emergency_coordination_and_staggered_entry,2.0,2.0,2.0,0.0,0.0,0.0,0.0,0.96,4.8,0.96,8.64,relative_service_intensity_not_exact_resource_count
2026-07-05,HGA,1.74930322455063,2.419960106372753,3.2542150406464705,anchor_constrained_daily_visitor_forecast,seasonal_calendar_ridge,18777.81226850634,32848.08755130452,45441.556574742186,61107.03911460915,pressure_forecast_scaled_by_latest_available_region_anchor,1.8578848384038904,extreme,1,0,surge,intensify_parking_guidance__open_surge_window_security_teams__prepare_outer_transfer,0.0,2.0,0.0,1.0,1.0,0.0,0.5599999999999999,0.6,2.8,2.16,11.440000000000001,relative_service_intensity_not_exact_resource_count
2026-07-05,SHG,0.2517444952889756,0.5570913382825216,0.9369235853477672,anchor_constrained_daily_visitor_forecast,seasonal_calendar_ridge,171189.26559227135,43095.95526541675,95368.05706840046,160391.26049176205,pressure_forecast_scaled_by_latest_available_region_anchor,11.526084022474754,extreme,1,0,surge,intensify_parking_guidance__open_surge_window_security_teams__prepare_outer_transfer,0.0,2.0,2.0,0.0,1.0,0.0,0.0,1.2,2.8,2.2,11.600000000000001,relative_service_intensity_not_exact_resource_count
2026-07-06,BDH,0.2194797289093097,0.5169560003996185,0.8869977520713179,anchor_constrained_daily_visitor_forecast,seasonal_calendar_ridge,126542.83990327934,27773.588197385925,65417.08039560854,112243.21453492944,pressure_forecast_scaled_by_latest_available_region_anchor,2.964011238343128,extreme,0,0,surge,intensify_parking_guidance__open_surge_window_security_teams__prepare_outer_transfer,0.0,2.0,2.0,0.0,1.0,0.0,0.0,0.96,2.8,1.96,10.64,relative_service_intensity_not_exact_resource_count
2026-07-06,HGA,1.390896322576121,1.974124486767056,2.699623601100664,anchor_constrained_daily_visitor_forecast,seasonal_calendar_ridge,18777.81226850634,26117.990030290235,37069.7390071732,50693.0251770973,pressure_forecast_scaled_by_latest_available_region_anchor,1.515601824768854,extreme,0,0,surge,intensify_parking_guidance__open_surge_window_security_teams__prepare_outer_transfer,1.0,1.0,0.0,1.0,0.5,0.0,0.5599999999999999,0.0,3.0,1.06,7.24,relative_service_intensity_not_exact_resource_count
2026-07-06,SHG,0.0885635618022752,0.3541045314211587,0.6844207783140619,anchor_constrained_daily_visitor_forecast,seasonal_calendar_ridge,171189.26559227135,15161.131103167229,60618.89467688353,117165.490395675,pressure_forecast_scaled_by_latest_available_region_anchor,7.3263364576483125,extreme,0,0,surge,intensify_parking_guidance__open_surge_window_security_teams__prepare_outer_transfer,0.0,2.0,2.0,0.0,1.0,0.0,0.0,1.2,2.8,2.2,11.600000000000001,relative_service_intensity_not_exact_resource_count
2026-07-07,BDH,0.2193948727377673,0.5168504446650373,0.8868664473836272,anchor_constrained_daily_visitor_forecast,seasonal_calendar_ridge,126542.83990327934,27762.85025645564,65403.72307318655,112226.59886685644,pressure_forecast_scaled_by_latest_available_region_anchor,2.9634060255526227,extreme,0,0,surge,intensify_parking_guidance__open_surge_window_security_teams__prepare_outer_transfer,0.0,2.0,2.0,0.0,1.0,0.0,0.0,0.96,2.8,1.96,10.64,relative_service_intensity_not_exact_resource_count
2026-07-07,HGA,1.390729954654065,1.973917535547077,2.699366166813324,anchor_constrained_daily_visitor_forecast,seasonal_calendar_ridge,18777.81226850634,26114.866004682368,37065.8529160157,50688.191124378165,pressure_forecast_scaled_by_latest_available_region_anchor,1.5154429413505384,extreme,0,0,surge,intensify_parking_guidance__open_surge_window_security_teams__prepare_outer_transfer,1.0,1.0,0.0,1.0,0.5,0.0,0.5599999999999999,0.0,3.0,1.06,7.24,relative_service_intensity_not_exact_resource_count
2026-07-07,SHG,0.0884878152899345,0.3540103075290507,0.6843035697249185,anchor_constrained_daily_visitor_forecast,seasonal_calendar_ridge,171189.26559227135,15148.16411334845,60602.76455799232,117145.42554337844,pressure_forecast_scaled_by_latest_available_region_anchor,7.324386988283542,extreme,0,0,surge,intensify_parking_guidance__open_surge_window_security_teams__prepare_outer_transfer,0.0,2.0,2.0,0.0,1.0,0.0,0.0,1.2,2.8,2.2,11.600000000000001,relative_service_intensity_not_exact_resource_count
2026-07-08,BDH,0.219275042051884,0.5167013828367235,0.8866810238546166,anchor_constrained_daily_visitor_forecast,seasonal_calendar_ridge,126542.83990327934,27747.686541156407,65384.86036611055,112203.13484691056,pressure_forecast_scaled_by_latest_available_region_anchor,2.962551366869895,extreme,0,0,surge,intensify_parking_guidance__open_surge_window_security_teams__prepare_outer_transfer,0.0,2.0,2.0,0.0,1.0,0.0,0.0,0.96,2.8,1.96,10.64,relative_service_intensity_not_exact_resource_count
2026-07-08,HGA,1.39049501614757,1.973625286837481,2.699002627819505,anchor_constrained_daily_visitor_forecast,seasonal_calendar_ridge,18777.81226850634,26110.45437351276,37060.36512461119,50681.36465739995,pressure_forecast_scaled_by_latest_available_region_anchor,1.515218572178017,extreme,0,0,surge,intensify_parking_guidance__open_surge_window_security_teams__prepare_outer_transfer,1.0,1.0,0.0,1.0,0.5,0.0,0.5599999999999999,0.0,3.0,1.06,7.24,relative_service_intensity_not_exact_resource_count
2026-07-08,SHG,0.0883808489212888,0.353877248101402,0.6841380521747729,anchor_constrained_daily_visitor_forecast,seasonal_calendar_ridge,171189.26559227135,15129.852619256932,60579.986212293006,117117.09071552638,pressure_forecast_scaled_by_latest_available_region_anchor,7.321634021152891,extreme,0,0,surge,intensify_parking_guidance__open_surge_window_security_teams__prepare_outer_transfer,0.0,2.0,2.0,0.0,1.0,0.0,0.0,1.2,2.8,2.2,11.600000000000001,relative_service_intensity_not_exact_resource_count
2026-07-09,BDH,0.2191202826174462,0.5165088718444344,0.8864415523013198,anchor_constrained_daily_visitor_forecast,seasonal_calendar_ridge,126542.83990327934,27728.102842820823,65360.49947843369,112172.83143648034,pressure_forecast_scaled_by_latest_available_region_anchor,2.961447588706553,extreme,0,0,surge,intensify_parking_guidance__open_surge_window_security_teams__prepare_outer_transfer,0.0,2.0,2.0,0.0,1.0,0.0,0.0,0.96,2.8,1.96,10.64,relative_service_intensity_not_exact_resource_count
2026-07-09,HGA,1.3901915967844518,1.9732478522540204,2.6985331229621745,anchor_constrained_daily_visitor_forecast,seasonal_calendar_ridge,18777.81226850634,26104.756821673494,37053.27772885933,50672.54838332984,pressure_forecast_scaled_by_latest_available_region_anchor,1.5149288029424606,extreme,0,0,surge,intensify_parking_guidance__open_surge_window_security_teams__prepare_outer_transfer,1.0,1.0,0.0,1.0,0.5,0.0,0.5599999999999999,0.0,3.0,1.06,7.24,relative_service_intensity_not_exact_resource_count
2026-07-09,SHG,0.0882427035489793,0.3537054039563256,0.6839242888781576,anchor_constrained_daily_visitor_forecast,seasonal_calendar_ridge,171189.26559227135,15106.203614426291,60550.568339301055,117080.49673376825,pressure_forecast_scaled_by_latest_available_region_anchor,7.3180786076707385,extreme,0,0,surge,intensify_parking_guidance__open_surge_window_security_teams__prepare_outer_transfer,0.0,2.0,2.0,0.0,1.0,0.0,0.0,1.2,2.8,2.2,11.600000000000001,relative_service_intensity_not_exact_resource_count
2026-07-10,BDH,0.218930653523776,0.516272985191566,0.8861481241573335,anchor_constrained_daily_visitor_forecast,seasonal_calendar_ridge,126542.83990327934,27704.10663877951,65330.64971148443,112135.70020583276,pressure_forecast_scaled_by_latest_available_region_anchor,2.9600951125005763,extreme,0,0,surge,intensify_parking_guidance__open_surge_window_security_teams__prepare_outer_transfer,0.0,2.0,2.0,0.0,1.0,0.0,0.0,0.96,2.8,1.96,10.64,relative_service_intensity_not_exact_resource_count
2026-07-10,HGA,1.3898198124144772,1.9727853759065108,2.6979578315048696,anchor_constrained_daily_visitor_forecast,seasonal_calendar_ridge,18777.81226850634,26097.775524569748,37044.59343482717,50661.7456683449,pressure_forecast_scaled_by_latest_available_region_anchor,1.514573744281826,extreme,0,0,surge,intensify_parking_guidance__open_surge_window_security_teams__prepare_outer_transfer,1.0,1.0,0.0,1.0,0.5,0.0,0.5599999999999999,0.0,3.0,1.06,7.24,relative_service_intensity_not_exact_resource_count
2026-07-10,SHG,0.088073431918846,0.3534948407063257,0.6836623614528967,anchor_constrained_daily_visitor_forecast,seasonal_calendar_ridge,171189.26559227135,15077.226128378172,60514.52217117285,117035.65757019934,pressure_forecast_scaled_by_latest_available_region_anchor,7.3137221053438015,extreme,0,0,surge,intensify_parking_guidance__open_surge_window_security_teams__prepare_outer_transfer,0.0,2.0,2.0,0.0,1.0,0.0,0.0,1.2,2.8,2.2,11.600000000000001,relative_service_intensity_not_exact_resource_count
2026-07-11,BDH,0.4013388913139985,0.7431773479936281,1.1684028648550675,anchor_constrained_daily_visitor_forecast,seasonal_calendar_ridge,126542.83990327934,50786.56307050694,94043.7721669014,147853.01666988773,pressure_forecast_scaled_by_latest_available_region_anchor,4.261070593691442,extreme,1,0,emergency,activate_outer_transfer__issue_parking_saturation_alert__emergency_coordination_and_staggered_entry,2.0,2.0,2.0,0.0,0.0,0.0,0.0,0.96,4.8,0.96,8.64,relative_service_intensity_not_exact_resource_count
2026-07-11,HGA,1.747447064923458,2.417651160666327,3.2513428575663204,anchor_constrained_daily_visitor_forecast,seasonal_calendar_ridge,18777.81226850634,32813.2329342851,45398.19962572875,61053.10579992931,pressure_forecast_scaled_by_latest_available_region_anchor,1.8561121830574778,extreme,1,0,surge,intensify_parking_guidance__open_surge_window_security_teams__prepare_outer_transfer,0.0,2.0,0.0,1.0,1.0,0.0,0.5599999999999999,0.6,2.8,2.16,11.440000000000001,relative_service_intensity_not_exact_resource_count
2026-07-11,SHG,0.2508993947649801,0.5560400864409167,0.935615894247006,anchor_constrained_daily_visitor_forecast,seasonal_calendar_ridge,171189.26559227135,42951.28312736232,95188.0940376836,160167.39781260115,pressure_forecast_scaled_by_latest_available_region_anchor,11.504333878068497,extreme,1,0,surge,intensify_parking_guidance__open_surge_window_security_teams__prepare_outer_transfer,0.0,2.0,2.0,0.0,1.0,0.0,0.0,1.2,2.8,2.2,11.600000000000001,relative_service_intensity_not_exact_resource_count
2026-07-12,BDH,0.4010409194185168,0.7428066897169172,1.1679417892966757,anchor_constrained_daily_visitor_forecast,seasonal_calendar_ridge,126542.83990327934,50748.856860641325,93996.86801593276,147794.6708593188,pressure_forecast_scaled_by_latest_available_region_anchor,4.258945392906643,extreme,1,0,emergency,activate_outer_transfer__issue_parking_saturation_alert__emergency_coordination_and_staggered_entry,2.0,2.0,2.0,0.0,0.0,0.0,0.0,0.96,4.8,0.96,8.64,relative_service_intensity_not_exact_resource_count
2026-07-12,HGA,1.7468628650452236,2.416924452800906,3.250438878737599,anchor_constrained_daily_visitor_forecast,seasonal_calendar_ridge,18777.81226850634,32802.26293864433,45384.55364185782,61036.13105518888,pressure_forecast_scaled_by_latest_available_region_anchor,1.8555542649655392,extreme,1,0,surge,intensify_parking_guidance__open_surge_window_security_teams__prepare_outer_transfer,0.0,2.0,0.0,1.0,1.0,0.0,0.5599999999999999,0.6,2.8,2.16,11.440000000000001,relative_service_intensity_not_exact_resource_count
2026-07-12,SHG,0.2506334113786449,0.5557092198554845,0.9352043170471522,anchor_constrained_daily_visitor_forecast,seasonal_calendar_ridge,171189.26559227135,42905.74962679585,95131.45322991443,160096.9402140237,pressure_forecast_scaled_by_latest_available_region_anchor,11.49748832905013,extreme,1,0,surge,intensify_parking_guidance__open_surge_window_security_teams__prepare_outer_transfer,0.0,2.0,2.0,0.0,1.0,0.0,0.0,1.2,2.8,2.2,11.600000000000001,relative_service_intensity_not_exact_resource_count
2026-07-13,BDH,0.2181533382411273,0.5153060539222196,0.8849453225393673,anchor_constrained_daily_visitor_forecast,seasonal_calendar_ridge,126542.83990327934,27605.742955412927,65208.29148267007,111983.49427325506,pressure_forecast_scaled_by_latest_available_region_anchor,2.954551129749951,extreme,0,0,surge,intensify_parking_guidance__open_surge_window_security_teams__prepare_outer_transfer,0.0,2.0,2.0,0.0,1.0,0.0,0.0,0.96,2.8,1.96,10.64,relative_service_intensity_not_exact_resource_count
2026-07-13,HGA,1.3882958180366214,1.9708896228560429,2.695599634072793,anchor_constrained_daily_visitor_forecast,seasonal_calendar_ridge,18777.81226850634,26069.158244244118,37008.99533993803,50617.4638796733,pressure_forecast_scaled_by_latest_available_region_anchor,1.513118310846974,extreme,0,0,surge,intensify_parking_guidance__open_surge_window_security_teams__prepare_outer_transfer,1.0,1.0,0.0,1.0,0.5,0.0,0.5599999999999999,0.0,3.0,1.06,7.24,relative_service_intensity_not_exact_resource_count
2026-07-13,SHG,0.0873795646304737,0.3526317134877054,0.6825886855381971,anchor_constrained_daily_visitor_forecast,seasonal_calendar_ridge,171189.26559227135,14958.443496863209,60366.76405650453,116851.8557788778,pressure_forecast_scaled_by_latest_available_region_anchor,7.295864213539966,extreme,0,0,surge,intensify_parking_guidance__open_surge_window_security_teams__prepare_outer_transfer,0.0,2.0,2.0,0.0,1.0,0.0,0.0,1.2,2.8,2.2,11.600000000000001,relative_service_intensity_not_exact_resource_count
2026-07-14,BDH,0.2178250864804636,0.5148977293997401,0.8844373925428273,anchor_constrained_daily_visitor_forecast,seasonal_calendar_ridge,126542.83990327934,27564.20504541529,65156.62093799336,111919.21936902082,pressure_forecast_scaled_by_latest_available_region_anchor,2.952209966338394,extreme,0,0,surge,intensify_parking_guidance__open_surge_window_security_teams__prepare_outer_transfer,0.0,2.0,2.0,0.0,1.0,0.0,0.0,0.96,2.8,1.96,10.64,relative_service_intensity_not_exact_resource_count
2026-07-14,HGA,1.3876522518429035,1.9700890670320537,2.6946037930333198,anchor_constrained_daily_visitor_forecast,seasonal_calendar_ridge,18777.81226850634,26057.073479076123,36993.96265296471,50598.764163584776,pressure_forecast_scaled_by_latest_available_region_anchor,1.5125036971912496,extreme,0,0,surge,intensify_parking_guidance__open_surge_window_security_teams__prepare_outer_transfer,1.0,1.0,0.0,1.0,0.5,0.0,0.5599999999999999,0.0,3.0,1.06,7.24,relative_service_intensity_not_exact_resource_count
2026-07-14,SHG,0.0870865520470866,0.3522672242829858,0.6821352839169379,anchor_constrained_daily_visitor_forecast,seasonal_calendar_ridge,171189.26559227135,14908.28288790387,60304.36741723228,116774.2382883161,pressure_forecast_scaled_by_latest_available_region_anchor,7.288323020722583,extreme,0,0,surge,intensify_parking_guidance__open_surge_window_security_teams__prepare_outer_transfer,0.0,2.0,2.0,0.0,1.0,0.0,0.0,1.2,2.8,2.2,11.600000000000001,relative_service_intensity_not_exact_resource_count
2026-07-15,BDH,0.2174624588567728,0.5144466434680695,0.8838762700456493,anchor_constrained_daily_visitor_forecast,seasonal_calendar_ridge,126542.83990327934,27518.31711608608,65099.539243159335,111848.21333469429,pressure_forecast_scaled_by_latest_available_region_anchor,2.9496236267468294,extreme,0,0,surge,intensify_parking_guidance__open_surge_window_security_teams__prepare_outer_transfer,0.0,2.0,2.0,0.0,1.0,0.0,0.0,0.96,2.8,1.96,10.64,relative_service_intensity_not_exact_resource_count
2026-07-15,HGA,1.3869412887728387,1.9692046737374136,2.6935036634590315,anchor_constrained_daily_visitor_forecast,seasonal_calendar_ridge,18777.81226850634,26043.723148016605,36977.35568170643,50578.10613696777,pressure_forecast_scaled_by_latest_available_region_anchor,1.5118247186870293,extreme,0,0,surge,intensify_parking_guidance__open_surge_window_security_teams__prepare_outer_transfer,1.0,1.0,0.0,1.0,0.5,0.0,0.5599999999999999,0.0,3.0,1.06,7.24,relative_service_intensity_not_exact_resource_count
2026-07-15,SHG,0.0867628539910263,0.351864564282317,0.6816344002288739,anchor_constrained_daily_visitor_forecast,seasonal_calendar_ridge,171189.26559227135,14852.869255413276,60235.436347434406,116688.49237760928,pressure_forecast_scaled_by_latest_available_region_anchor,7.279992083439468,extreme,0,0,surge,intensify_parking_guidance__open_surge_window_security_teams__prepare_outer_transfer,0.0,2.0,2.0,0.0,1.0,0.0,0.0,1.2,2.8,2.2,11.600000000000001,relative_service_intensity_not_exact_resource_count
2026-07-16,BDH,0.2170655933895483,0.5139529678147676,0.8832621686163475,anchor_constrained_daily_visitor_forecast,seasonal_calendar_ridge,126542.83990327934,27468.09663280395,65037.068123999416,111770.50319584178,pressure_forecast_scaled_by_latest_available_region_anchor,2.946793095360499,extreme,0,0,surge,intensify_parking_guidance__open_surge_window_security_teams__prepare_outer_transfer,0.0,2.0,2.0,0.0,1.0,0.0,0.0,0.96,2.8,1.96,10.64,relative_service_intensity_not_exact_resource_count
2026-07-16,HGA,1.386163199425677,1.9682367795805509,2.692299664069621,anchor_constrained_daily_visitor_forecast,seasonal_calendar_ridge,18777.81226850634,26029.11233232747,36959.180746933074,50555.497662462025,pressure_forecast_scaled_by_latest_available_region_anchor,1.5110816337599349,extreme,0,0,surge,intensify_parking_guidance__open_surge_window_security_teams__prepare_outer_transfer,1.0,1.0,0.0,1.0,0.5,0.0,0.5599999999999999,0.0,3.0,1.06,7.24,relative_service_intensity_not_exact_resource_count
2026-07-16,SHG,0.0864085936648259,0.3514238867418925,0.6810862251150602,anchor_constrained_daily_visitor_forecast,seasonal_calendar_ridge,171189.26559227135,14792.223690342542,60159.99708292612,116594.65068245956,pressure_forecast_scaled_by_latest_available_region_anchor,7.2708745725239154,extreme,0,0,surge,intensify_parking_guidance__open_surge_window_security_teams__prepare_outer_transfer,0.0,2.0,2.0,0.0,1.0,0.0,0.0,1.2,2.8,2.2,11.600000000000001,relative_service_intensity_not_exact_resource_count
2026-07-17,BDH,0.2166346410126647,0.5134168901920713,0.8825953218068838,anchor_constrained_daily_visitor_forecast,seasonal_calendar_ridge,126542.83990327934,27413.56269517003,64969.23133921482,111686.1185067918,pressure_forecast_scaled_by_latest_available_region_anchor,2.943719448672835,extreme,0,0,surge,intensify_parking_guidance__open_surge_window_security_teams__prepare_outer_transfer,0.0,2.0,2.0,0.0,1.0,0.0,0.0,0.96,2.8,1.96,10.64,relative_service_intensity_not_exact_resource_count
2026-07-17,HGA,1.3853182797204373,1.9671857526660927,2.6909922527640684,anchor_constrained_daily_visitor_forecast,seasonal_calendar_ridge,18777.81226850634,26013.246588720525,36939.44476084424,50530.94733840864,pressure_forecast_scaled_by_latest_available_region_anchor,1.5102747250162811,extreme,0,0,surge,intensify_parking_guidance__open_surge_window_security_teams__prepare_outer_transfer,1.0,1.0,0.0,1.0,0.5,0.0,0.5599999999999999,0.0,3.0,1.06,7.24,relative_service_intensity_not_exact_resource_count
2026-07-17,SHG,0.0860239057989873,0.3509453592579739,0.6804909670546939,anchor_constrained_daily_visitor_forecast,seasonal_calendar_ridge,171189.26559227135,14726.369257107375,60078.078314388375,116492.74889226755,pressure_forecast_scaled_by_latest_available_region_anchor,7.2609739555017345,extreme,0,0,surge,intensify_parking_guidance__open_surge_window_security_teams__prepare_outer_transfer,0.0,2.0,2.0,0.0,1.0,0.0,0.0,1.2,2.8,2.2,11.600000000000001,relative_service_intensity_not_exact_resource_count
2026-07-18,BDH,0.3984223210234931,0.7395493181888797,1.1638898242103788,anchor_constrained_daily_visitor_forecast,seasonal_calendar_ridge,126542.83990327934,50417.49198316885,93584.6709721548,147281.9236901099,pressure_forecast_scaled_by_latest_available_region_anchor,4.240268975940597,extreme,1,0,emergency,activate_outer_transfer__issue_parking_saturation_alert__emergency_coordination_and_staggered_entry,2.0,2.0,2.0,0.0,0.0,0.0,0.0,0.96,4.8,0.96,8.64,relative_service_intensity_not_exact_resource_count
2026-07-18,HGA,1.7417288746027868,2.4105380919430552,3.2424946479362404,anchor_constrained_daily_visitor_forecast,seasonal_calendar_ridge,18777.81226850634,32705.85782992795,45264.63175659016,60886.95578058328,pressure_forecast_scaled_by_latest_available_region_anchor,1.8506512407466147,extreme,1,0,surge,intensify_parking_guidance__open_surge_window_security_teams__prepare_outer_transfer,0.0,2.0,0.0,1.0,1.0,0.0,0.5599999999999999,0.6,2.8,2.16,11.440000000000001,relative_service_intensity_not_exact_resource_count
2026-07-18,SHG,0.2482959302969657,0.552801540565198,0.93158734708687,anchor_constrained_daily_visitor_forecast,seasonal_calendar_ridge,171189.26559227135,42505.59795708736,94633.68974763244,159477.75378285366,pressure_forecast_scaled_by_latest_available_region_anchor,11.437329153153456,extreme,1,0,surge,intensify_parking_guidance__open_surge_window_security_teams__prepare_outer_transfer,0.0,2.0,2.0,0.0,1.0,0.0,0.0,1.2,2.8,2.2,11.600000000000001,relative_service_intensity_not_exact_resource_count
2026-07-19,BDH,0.3978489763976486,0.7388361135739496,1.1630026425750608,anchor_constrained_daily_visitor_forecast,seasonal_calendar_ridge,126542.83990327934,50344.93932597121,93494.42003474942,147169.6572064667,pressure_forecast_scaled_by_latest_available_region_anchor,4.236179756563597,extreme,1,0,emergency,activate_outer_transfer__issue_parking_saturation_alert__emergency_coordination_and_staggered_entry,2.0,2.0,2.0,0.0,0.0,0.0,0.0,0.96,4.8,0.96,8.64,relative_service_intensity_not_exact_resource_count
2026-07-19,HGA,1.7406047824797253,2.40913979211842,3.240755250995845,anchor_constrained_daily_visitor_forecast,seasonal_calendar_ridge,18777.81226850634,32684.749839068598,45238.37474498808,60854.29371137613,pressure_forecast_scaled_by_latest_available_region_anchor,1.849577718899337,extreme,1,0,surge,intensify_parking_guidance__open_surge_window_security_teams__prepare_outer_transfer,0.0,2.0,0.0,1.0,1.0,0.0,0.5599999999999999,0.6,2.8,2.16,11.440000000000001,relative_service_intensity_not_exact_resource_count
2026-07-19,SHG,0.2477841365760421,0.552164901400547,0.9307954080508922,anchor_constrained_daily_visitor_forecast,seasonal_calendar_ridge,171189.26559227135,42417.98436586771,94524.70395658856,159342.18232089077,pressure_forecast_scaled_by_latest_available_region_anchor,11.424157243989715,extreme,1,0,surge,intensify_parking_guidance__open_surge_window_security_teams__prepare_outer_transfer,0.0,2.0,2.0,0.0,1.0,0.0,0.0,1.2,2.8,2.2,11.600000000000001,relative_service_intensity_not_exact_resource_count
2026-07-20,BDH,0.2151389635588677,0.5115563616122081,0.8802809413983934,anchor_constrained_daily_visitor_forecast,seasonal_calendar_ridge,126542.83990327934,27224.295422587253,64733.79476899772,111393.25023728493,pressure_forecast_scaled_by_latest_available_region_anchor,2.933051949667678,extreme,0,0,surge,intensify_parking_guidance__open_surge_window_security_teams__prepare_outer_transfer,0.0,2.0,2.0,0.0,1.0,0.0,0.0,0.96,2.8,1.96,10.64,relative_service_intensity_not_exact_resource_count
2026-07-20,HGA,1.3823858736793446,1.963538024184684,2.686454708205906,anchor_constrained_daily_visitor_forecast,seasonal_calendar_ridge,18777.81226850634,25958.182418585853,36870.94840021385,50445.74217853548,pressure_forecast_scaled_by_latest_available_region_anchor,1.5074742410651705,extreme,0,0,surge,intensify_parking_guidance__open_surge_window_security_teams__prepare_outer_transfer,1.0,1.0,0.0,1.0,0.5,0.0,0.5599999999999999,0.0,3.0,1.06,7.24,relative_service_intensity_not_exact_resource_count
2026-07-20,SHG,0.0846887954746289,0.3492845660773095,0.6784250449068245,anchor_constrained_daily_visitor_forecast,seasonal_calendar_ridge,171189.26559227135,14497.8127011958,59793.76834948979,116139.085197003,pressure_forecast_scaled_by_latest_available_region_anchor,7.2266125493393165,extreme,0,0,surge,intensify_parking_guidance__open_surge_window_security_teams__prepare_outer_transfer,0.0,2.0,2.0,0.0,1.0,0.0,0.0,1.2,2.8,2.2,11.600000000000001,relative_service_intensity_not_exact_resource_count
2026-07-21,BDH,0.2145734279019058,0.5108528708628901,0.8794058432002807,anchor_constrained_daily_visitor_forecast,seasonal_calendar_ridge,126542.83990327934,27152.73093448872,64644.77305173334,111282.51282610148,pressure_forecast_scaled_by_latest_available_region_anchor,2.9290184255661353,extreme,0,0,surge,intensify_parking_guidance__open_surge_window_security_teams__prepare_outer_transfer,0.0,2.0,2.0,0.0,1.0,0.0,0.0,0.96,2.8,1.96,10.64,relative_service_intensity_not_exact_resource_count
2026-07-21,HGA,1.3812770917205617,1.962158769240434,2.684739001897584,anchor_constrained_daily_visitor_forecast,seasonal_calendar_ridge,18777.81226850634,25937.36191911712,36845.04900980032,50413.52496756992,pressure_forecast_scaled_by_latest_available_region_anchor,1.506415340613685,extreme,0,0,surge,intensify_parking_guidance__open_surge_window_security_teams__prepare_outer_transfer,1.0,1.0,0.0,1.0,0.5,0.0,0.5599999999999999,0.0,3.0,1.06,7.24,relative_service_intensity_not_exact_resource_count
2026-07-21,SHG,0.084183972397644,0.3486565979548239,0.6776438921013441,anchor_constrained_daily_visitor_forecast,seasonal_calendar_ridge,171189.26559227135,14411.392409392723,59686.26694778612,116005.36022191746,pressure_forecast_scaled_by_latest_available_region_anchor,7.213620041924789,extreme,0,0,surge,intensify_parking_guidance__open_surge_window_security_teams__prepare_outer_transfer,0.0,2.0,2.0,0.0,1.0,0.0,0.0,1.2,2.8,2.2,11.600000000000001,relative_service_intensity_not_exact_resource_count
2026-07-22,BDH,0.2139747503506144,0.5101081536837466,0.8784794619192138,anchor_constrained_daily_visitor_forecast,seasonal_calendar_ridge,126542.83990327934,27076.972576961965,64550.53442495976,111165.28590796204,pressure_forecast_scaled_by_latest_available_region_anchor,2.9247485262194557,extreme,0,0,surge,intensify_parking_guidance__open_surge_window_security_teams__prepare_outer_transfer,0.0,2.0,2.0,0.0,1.0,0.0,0.0,0.96,2.8,1.96,10.64,relative_service_intensity_not_exact_resource_count
2026-07-22,HGA,1.380103332188641,1.960698686286397,2.6829227506342783,anchor_constrained_daily_visitor_forecast,seasonal_calendar_ridge,18777.81226850634,25915.321282978337,36817.63184619298,50379.41974231513,pressure_forecast_scaled_by_latest_available_region_anchor,1.5052943857781185,extreme,0,0,surge,intensify_parking_guidance__open_surge_window_security_teams__prepare_outer_transfer,1.0,1.0,0.0,1.0,0.5,0.0,0.5599999999999999,0.0,3.0,1.06,7.24,relative_service_intensity_not_exact_resource_count
2026-07-22,SHG,0.0836495653450662,0.3479918292294029,0.6768169616628961,anchor_constrained_daily_visitor_forecast,seasonal_calendar_ridge,171189.26559227135,14319.9076585346,59572.4656778926,115863.79860746364,pressure_forecast_scaled_by_latest_available_region_anchor,7.199866139004063,extreme,0,0,surge,intensify_parking_guidance__open_surge_window_security_teams__prepare_outer_transfer,0.0,2.0,2.0,0.0,1.0,0.0,0.0,1.2,2.8,2.2,11.600000000000001,relative_service_intensity_not_exact_resource_count
2026-07-23,BDH,0.2133431572022618,0.5093224915743308,0.8775021477229124,anchor_constrained_daily_visitor_forecast,seasonal_calendar_ridge,126542.83990327934,26997.04898630598,64451.11451042989,111041.61379408427,pressure_forecast_scaled_by_latest_available_region_anchor,2.9202438656292924,extreme,0,0,surge,intensify_parking_guidance__open_surge_window_security_teams__prepare_outer_transfer,0.0,2.0,2.0,0.0,1.0,0.0,0.0,0.96,2.8,1.96,10.64,relative_service_intensity_not_exact_resource_count
2026-07-23,HGA,1.378865038759105,1.95915832722699,2.681006640950333,anchor_constrained_daily_visitor_forecast,seasonal_calendar_ridge,18777.81226850634,25892.068841425196,36788.70727294933,50343.43939438413,pressure_forecast_scaled_by_latest_available_region_anchor,1.5041118002740705,extreme,0,0,surge,intensify_parking_guidance__open_surge_window_security_teams__prepare_outer_transfer,1.0,1.0,0.0,1.0,0.5,0.0,0.5599999999999999,0.0,3.0,1.06,7.24,relative_service_intensity_not_exact_resource_count
2026-07-23,SHG,0.0830857763202208,0.3472905111804645,0.6759445661672552,anchor_constrained_daily_visitor_forecast,seasonal_calendar_ridge,171189.26559227135,14223.393029422326,59452.40755614822,115714.45386325888,pressure_forecast_scaled_by_latest_available_region_anchor,7.185356039487054,extreme,0,0,surge,intensify_parking_guidance__open_surge_window_security_teams__prepare_outer_transfer,0.0,2.0,2.0,0.0,1.0,0.0,0.0,1.2,2.8,2.2,11.600000000000001,relative_service_intensity_not_exact_resource_count
2026-07-24,BDH,0.2126788868944625,0.5084961811360222,0.8764742695648176,anchor_constrained_daily_visitor_forecast,seasonal_calendar_ridge,126542.83990327934,26912.990335093626,64346.5508409246,110911.5431728844,pressure_forecast_scaled_by_latest_available_region_anchor,2.915506144384905,extreme,0,0,surge,intensify_parking_guidance__open_surge_window_security_teams__prepare_outer_transfer,0.0,2.0,2.0,0.0,1.0,0.0,0.0,0.96,2.8,1.96,10.64,relative_service_intensity_not_exact_resource_count
2026-07-24,HGA,1.3775626789096842,1.9575382735750724,2.678991396211133,anchor_constrained_daily_visitor_forecast,seasonal_calendar_ridge,18777.81226850634,25867.613372666725,36758.28620960871,50305.59750699634,pressure_forecast_scaled_by_latest_available_region_anchor,1.5028680305485396,extreme,0,0,surge,intensify_parking_guidance__open_surge_window_security_teams__prepare_outer_transfer,1.0,1.0,0.0,1.0,0.5,0.0,0.5599999999999999,0.0,3.0,1.06,7.24,relative_service_intensity_not_exact_resource_count
2026-07-24,SHG,0.0824928181634629,0.3465529085680092,0.6750270349591923,anchor_constrained_daily_visitor_forecast,seasonal_calendar_ridge,171189.26559227135,14121.884958040004,59326.137906623066,115557.3823695926,pressure_forecast_scaled_by_latest_available_region_anchor,7.170095221193655,extreme,0,0,surge,intensify_parking_guidance__open_surge_window_security_teams__prepare_outer_transfer,0.0,2.0,2.0,0.0,1.0,0.0,0.0,1.2,2.8,2.2,11.600000000000001,relative_service_intensity_not_exact_resource_count
2026-07-25,BDH,0.3936072044319154,0.7335596163241751,1.1564390122215684,anchor_constrained_daily_visitor_forecast,seasonal_calendar_ridge,126542.83990327934,49808.173455205215,92826.7170880211,146339.07678146043,pressure_forecast_scaled_by_latest_available_region_anchor,4.205926510377599,extreme,1,0,emergency,activate_outer_transfer__issue_parking_saturation_alert__emergency_coordination_and_staggered_entry,2.0,2.0,2.0,0.0,0.0,0.0,0.0,0.96,4.8,0.96,8.64,relative_service_intensity_not_exact_resource_count
2026-07-25,HGA,1.7322884187438978,2.398794759256043,3.2278866814715705,anchor_constrained_daily_visitor_forecast,seasonal_calendar_ridge,18777.81226850634,32528.58672208061,45044.117659986834,60612.65012868507,pressure_forecast_scaled_by_latest_available_region_anchor,1.8416354889191042,extreme,1,0,surge,intensify_parking_guidance__open_surge_window_security_teams__prepare_outer_transfer,0.0,2.0,0.0,1.0,1.0,0.0,0.5599999999999999,0.6,2.8,2.16,11.440000000000001,relative_service_intensity_not_exact_resource_count
2026-07-25,SHG,0.2439977362858943,0.5474548578435361,0.9249364104254528,anchor_constrained_daily_visitor_forecast,seasonal_calendar_ridge,171189.26559227135,41769.79328095896,93718.39505915626,158339.18482028492,pressure_forecast_scaled_by_latest_available_region_anchor,11.326707590661785,extreme,1,0,surge,intensify_parking_guidance__open_surge_window_security_teams__prepare_outer_transfer,0.0,2.0,2.0,0.0,1.0,0.0,0.0,1.2,2.8,2.2,11.600000000000001,relative_service_intensity_not_exact_resource_count
2026-07-26,BDH,0.392769117389851,0.732517088812501,1.1551421736379297,anchor_constrained_daily_visitor_forecast,seasonal_calendar_ridge,126542.83990327934,49702.119540816246,92694.79269601656,146174.9711441906,pressure_forecast_scaled_by_latest_available_region_anchor,4.1999490901358465,extreme,1,0,emergency,activate_outer_transfer__issue_parking_saturation_alert__emergency_coordination_and_staggered_entry,2.0,2.0,2.0,0.0,0.0,0.0,0.0,0.96,4.8,0.96,8.64,relative_service_intensity_not_exact_resource_count
2026-07-26,HGA,1.7306452760336346,2.396750793182022,3.225344116370163,anchor_constrained_daily_visitor_forecast,seasonal_calendar_ridge,18777.81226850634,32497.732096736923,45005.73644876568,60564.90631853038,pressure_forecast_scaled_by_latest_available_region_anchor,1.8400662673566768,extreme,1,0,surge,intensify_parking_guidance__open_surge_window_security_teams__prepare_outer_transfer,0.0,2.0,0.0,1.0,1.0,0.0,0.5599999999999999,0.6,2.8,2.16,11.440000000000001,relative_service_intensity_not_exact_resource_count
2026-07-26,SHG,0.2432496213365577,0.5465242499502831,0.9237787928003104,anchor_constrained_daily_visitor_forecast,seasonal_calendar_ridge,171189.26559227135,41641.72403220341,93559.08497735592,158141.0131092001,pressure_forecast_scaled_by_latest_available_region_anchor,11.307453540145259,extreme,1,0,surge,intensify_parking_guidance__open_surge_window_security_teams__prepare_outer_transfer,0.0,2.0,2.0,0.0,1.0,0.0,0.0,1.2,2.8,2.2,11.600000000000001,relative_service_intensity_not_exact_resource_count
2026-07-27,BDH,0.210492576545526,0.5057765487190724,0.8730912180749308,anchor_constrained_daily_visitor_forecast,seasonal_calendar_ridge,126542.83990327934,26636.32841462927,64002.40083139074,110483.44222981512,pressure_forecast_scaled_by_latest_available_region_anchor,2.8999129003916626,extreme,0,0,surge,intensify_parking_guidance__open_surge_window_security_teams__prepare_outer_transfer,0.0,2.0,2.0,0.0,1.0,0.0,0.0,0.96,2.8,1.96,10.64,relative_service_intensity_not_exact_resource_count
2026-07-27,HGA,1.373276226868405,1.95220619712452,2.6723586288313173,anchor_constrained_daily_visitor_forecast,seasonal_calendar_ridge,18777.81226850634,25787.123180937622,36658.16147901891,50181.04864631749,pressure_forecast_scaled_by_latest_available_region_anchor,1.4987744159601817,extreme,0,0,surge,intensify_parking_guidance__open_surge_window_security_teams__prepare_outer_transfer,1.0,1.0,0.0,1.0,0.5,0.0,0.5599999999999999,0.0,3.0,1.06,7.24,relative_service_intensity_not_exact_resource_count
2026-07-27,SHG,0.0805412172272407,0.3441252398824168,0.6720071679681392,anchor_constrained_daily_visitor_forecast,seasonal_calendar_ridge,171189.26559227135,13787.791827038936,58910.54708723514,115040.41355720788,pressure_forecast_scaled_by_latest_available_region_anchor,7.119867347726561,extreme,0,0,surge,intensify_parking_guidance__open_surge_window_security_teams__prepare_outer_transfer,0.0,2.0,2.0,0.0,1.0,0.0,0.0,1.2,2.8,2.2,11.600000000000001,relative_service_intensity_not_exact_resource_count
2026-07-28,BDH,0.2097002198057371,0.5047909068241023,0.87186514161677,anchor_constrained_daily_visitor_forecast,seasonal_calendar_ridge,126542.83990327934,26536.06134255989,63877.67490687358,110328.29103286089,pressure_forecast_scaled_by_latest_available_region_anchor,2.8942616386761304,extreme,0,0,surge,intensify_parking_guidance__open_surge_window_security_teams__prepare_outer_transfer,0.0,2.0,2.0,0.0,1.0,0.0,0.0,0.96,2.8,1.96,10.64,relative_service_intensity_not_exact_resource_count
2026-07-28,HGA,1.3717227424025138,1.950273760261327,2.669954799045942,anchor_constrained_daily_visitor_forecast,seasonal_calendar_ridge,18777.81226850634,25757.952141275084,36621.874542381134,50135.909981882265,pressure_forecast_scaled_by_latest_available_region_anchor,1.497290819127389,extreme,0,0,surge,intensify_parking_guidance__open_surge_window_security_teams__prepare_outer_transfer,1.0,1.0,0.0,1.0,0.5,0.0,0.5599999999999999,0.0,3.0,1.06,7.24,relative_service_intensity_not_exact_resource_count
2026-07-28,SHG,0.0798339232440484,0.3432454107008283,0.6709127158631163,anchor_constrained_daily_visitor_forecast,seasonal_calendar_ridge,171189.26559227135,13666.710689498404,58759.92977579236,114853.0551051231,pressure_forecast_scaled_by_latest_available_region_anchor,7.101663896379286,extreme,0,0,surge,intensify_parking_guidance__open_surge_window_security_teams__prepare_outer_transfer,0.0,2.0,2.0,0.0,1.0,0.0,0.0,1.2,2.8,2.2,11.600000000000001,relative_service_intensity_not_exact_resource_count
2026-07-29,BDH,0.2088765551329851,0.5037663198317741,0.8705906199096041,anchor_constrained_daily_visitor_forecast,seasonal_calendar_ridge,126542.83990327934,26431.832475741838,63748.02075913641,110167.00943651774,pressure_forecast_scaled_by_latest_available_region_anchor,2.8883870819293795,extreme,0,0,surge,intensify_parking_guidance__open_surge_window_security_teams__prepare_outer_transfer,0.0,2.0,2.0,0.0,1.0,0.0,0.0,0.96,2.8,1.96,10.64,relative_service_intensity_not_exact_resource_count
2026-07-29,HGA,1.370107876004628,1.948264968139536,2.667455988126443,anchor_constrained_daily_visitor_forecast,seasonal_calendar_ridge,18777.81226850634,25727.628483216864,36584.15382103169,50088.98777954141,pressure_forecast_scaled_by_latest_available_region_anchor,1.4957486017921724,extreme,0,0,surge,intensify_parking_guidance__open_surge_window_security_teams__prepare_outer_transfer,1.0,1.0,0.0,1.0,0.5,0.0,0.5599999999999999,0.0,3.0,1.06,7.24,relative_service_intensity_not_exact_resource_count
2026-07-29,SHG,0.0790986823633298,0.3423308173383435,0.6697750193059231,anchor_constrained_daily_visitor_forecast,seasonal_calendar_ridge,171189.26559227135,13540.845343094785,58603.36120975302,114658.29366703032,pressure_forecast_scaled_by_latest_available_region_anchor,7.082741182601511,extreme,0,0,surge,intensify_parking_guidance__open_surge_window_security_teams__prepare_outer_transfer,0.0,2.0,2.0,0.0,1.0,0.0,0.0,1.2,2.8,2.2,11.600000000000001,relative_service_intensity_not_exact_resource_count
2026-07-30,BDH,0.2080218906786739,0.5027031710630321,0.8692681297805529,anchor_constrained_daily_visitor_forecast,seasonal_calendar_ridge,126542.83990327934,26323.680808528912,63613.48689470012,109999.65777984356,pressure_forecast_scaled_by_latest_available_region_anchor,2.8822914279546774,extreme,0,0,surge,intensify_parking_guidance__open_surge_window_security_teams__prepare_outer_transfer,0.0,2.0,2.0,0.0,1.0,0.0,0.0,0.96,2.8,1.96,10.64,relative_service_intensity_not_exact_resource_count
2026-07-30,HGA,1.3684322318324391,1.9461805722932763,2.6648631309339588,anchor_constrained_daily_visitor_forecast,seasonal_calendar_ridge,18777.81226850634,25696.16355152269,36545.013427137375,50040.29959394191,pressure_forecast_scaled_by_latest_available_region_anchor,1.4941483409325824,extreme,0,0,surge,intensify_parking_guidance__open_surge_window_security_teams__prepare_outer_transfer,1.0,1.0,0.0,1.0,0.5,0.0,0.5599999999999999,0.0,3.0,1.06,7.24,relative_service_intensity_not_exact_resource_count
2026-07-30,SHG,0.0783357696551679,0.3413818019648264,0.6685945039343264,anchor_constrained_daily_visitor_forecast,seasonal_calendar_ridge,171189.26559227135,13410.242876873535,58440.89996492485,114456.20210754633,pressure_forecast_scaled_by_latest_available_region_anchor,7.063106285804333,extreme,0,0,surge,intensify_parking_guidance__open_surge_window_security_teams__prepare_outer_transfer,0.0,2.0,2.0,0.0,1.0,0.0,0.0,1.2,2.8,2.2,11.600000000000001,relative_service_intensity_not_exact_resource_count
2026-07-31,BDH,0.2071365456343059,0.5016018575720083,0.8678981651399567,anchor_constrained_daily_visitor_forecast,seasonal_calendar_ridge,126542.83990327934,26211.64673232029,63474.12355792217,109826.29856365542,pressure_forecast_scaled_by_latest_available_region_anchor,2.8759769532956927,extreme,0,0,surge,intensify_parking_guidance__open_surge_window_security_teams__prepare_outer_transfer,0.0,2.0,2.0,0.0,1.0,0.0,0.0,0.96,2.8,1.96,10.64,relative_service_intensity_not_exact_resource_count
2026-07-31,HGA,1.366696435688715,1.9440213511817883,2.6621771958227693,anchor_constrained_daily_visitor_forecast,seasonal_calendar_ridge,18777.81226850634,25663.56909739944,36504.46797845965,49989.8636086586,pressure_forecast_scaled_by_latest_available_region_anchor,1.4924906341979831,extreme,0,0,surge,intensify_parking_guidance__open_surge_window_security_teams__prepare_outer_transfer,1.0,1.0,0.0,1.0,0.5,0.0,0.5599999999999999,0.0,3.0,1.06,7.24,relative_service_intensity_not_exact_resource_count
2026-07-31,SHG,0.0775454700445436,0.3403987190090137,0.667371610635358,anchor_constrained_daily_visitor_forecast,seasonal_calendar_ridge,171189.26559227135,13274.952066932903,58272.60671570299,114246.8559017982,pressure_forecast_scaled_by_latest_available_region_anchor,7.04276653903194,extreme,0,0,surge,intensify_parking_guidance__open_surge_window_security_teams__prepare_outer_transfer,0.0,2.0,2.0,0.0,1.0,0.0,0.0,1.2,2.8,2.2,11.600000000000001,relative_service_intensity_not_exact_resource_count
2026-08-01,BDH,0.3869824827633994,0.7253188796823118,1.1461880547023575,anchor_constrained_daily_visitor_forecast,seasonal_calendar_ridge,126542.83990327934,48969.86236170241,91783.91087046472,145041.89150525164,pressure_forecast_scaled_by_latest_available_region_anchor,4.158677545282258,extreme,1,0,emergency,activate_outer_transfer__issue_parking_saturation_alert__emergency_coordination_and_staggered_entry,2.0,2.0,2.0,0.0,0.0,0.0,0.0,0.96,4.8,0.96,8.64,relative_service_intensity_not_exact_resource_count
2026-08-01,HGA,1.7193000743705875,2.3826380766435555,3.2077887855783063,anchor_constrained_daily_visitor_forecast,seasonal_calendar_ridge,18777.81226850634,32284.69402975988,44740.730507007705,60235.25561260937,pressure_forecast_scaled_by_latest_available_region_anchor,1.8292314597842452,extreme,1,0,surge,intensify_parking_guidance__open_surge_window_security_teams__prepare_outer_transfer,0.0,2.0,0.0,1.0,1.0,0.0,0.5599999999999999,0.6,2.8,2.16,11.440000000000001,relative_service_intensity_not_exact_resource_count
2026-08-01,SHG,0.2380842057494923,0.5400987981911427,0.915785935379036,anchor_constrained_daily_visitor_forecast,seasonal_calendar_ridge,171189.26559227135,40757.460331374816,92459.1166096101,156772.72171726846,pressure_forecast_scaled_by_latest_available_region_anchor,11.174512509170814,extreme,1,0,surge,intensify_parking_guidance__open_surge_window_security_teams__prepare_outer_transfer,0.0,2.0,2.0,0.0,1.0,0.0,0.0,1.2,2.8,2.2,11.600000000000001,relative_service_intensity_not_exact_resource_count
2026-08-02,BDH,0.3858950560102901,0.7239661892693274,1.144505392998342,anchor_constrained_daily_visitor_forecast,seasonal_calendar_ridge,126542.83990327934,48832.25629217715,91612.73758409572,144828.962714629,pressure_forecast_scaled_by_latest_available_region_anchor,4.150921779640723,extreme,1,0,emergency,activate_outer_transfer__issue_parking_saturation_alert__emergency_coordination_and_staggered_entry,2.0,2.0,2.0,0.0,0.0,0.0,0.0,0.96,4.8,0.96,8.64,relative_service_intensity_not_exact_resource_count
2026-08-02,HGA,1.7171680794194248,2.379986009161565,3.204489780613403,anchor_constrained_daily_visitor_forecast,seasonal_calendar_ridge,18777.81226850634,32244.659828809545,44690.930481707466,60173.30751670554,pressure_forecast_scaled_by_latest_available_region_anchor,1.8271953782999928,extreme,1,0,surge,intensify_parking_guidance__open_surge_window_security_teams__prepare_outer_transfer,0.0,2.0,0.0,1.0,1.0,0.0,0.5599999999999999,0.6,2.8,2.16,11.440000000000001,relative_service_intensity_not_exact_resource_count
2026-08-02,SHG,0.2371135187331345,0.5388913246603682,0.9142839143331672,anchor_constrained_daily_visitor_forecast,seasonal_calendar_ridge,171189.26559227135,40591.28913392457,92252.41010265469,156515.59183752202,pressure_forecast_scaled_by_latest_available_region_anchor,11.149530176087826,extreme,1,0,surge,intensify_parking_guidance__open_surge_window_security_teams__prepare_outer_transfer,0.0,2.0,2.0,0.0,1.0,0.0,0.0,1.2,2.8,2.2,11.600000000000001,relative_service_intensity_not_exact_resource_count
2026-08-03,BDH,0.2042997806421445,0.4980731005336017,0.8635086135660648,anchor_constrained_daily_visitor_forecast,seasonal_calendar_ridge,126542.83990327934,25852.674434073982,63027.58462095352,109270.83224159323,pressure_forecast_scaled_by_latest_available_region_anchor,2.855744524402065,extreme,0,0,surge,intensify_parking_guidance__open_surge_window_security_teams__prepare_outer_transfer,0.0,2.0,2.0,0.0,1.0,0.0,0.0,0.96,2.8,1.96,10.64,relative_service_intensity_not_exact_resource_count
2026-08-03,HGA,1.3611347106128604,1.9371029153715127,2.6535710972817435,anchor_constrained_daily_visitor_forecast,seasonal_calendar_ridge,18777.81226850634,25559.132068036,36374.55488962259,49828.25990589095,pressure_forecast_scaled_by_latest_available_region_anchor,1.487179118126486,extreme,0,0,surge,intensify_parking_guidance__open_surge_window_security_teams__prepare_outer_transfer,1.0,1.0,0.0,1.0,0.5,0.0,0.5599999999999999,0.0,3.0,1.06,7.24,relative_service_intensity_not_exact_resource_count
2026-08-03,SHG,0.0750132434476939,0.3372487885596587,0.6634532954861063,anchor_constrained_daily_visitor_forecast,seasonal_calendar_ridge,171189.26559227135,12841.462055504991,57733.37243541117,113576.08240903872,pressure_forecast_scaled_by_latest_available_region_anchor,6.977595245692237,extreme,0,0,surge,intensify_parking_guidance__open_surge_window_security_teams__prepare_outer_transfer,0.0,2.0,2.0,0.0,1.0,0.0,0.0,1.2,2.8,2.2,11.600000000000001,relative_service_intensity_not_exact_resource_count
2026-08-04,BDH,0.2032951195130741,0.496823365345732,0.8619540216796993,anchor_constrained_daily_visitor_forecast,seasonal_calendar_ridge,126542.83990327934,25725.54176166098,62869.43958115344,109074.10976940196,pressure_forecast_scaled_by_latest_available_region_anchor,2.84857906130862,extreme,0,0,surge,intensify_parking_guidance__open_surge_window_security_teams__prepare_outer_transfer,0.0,2.0,2.0,0.0,1.0,0.0,0.0,0.96,2.8,1.96,10.64,relative_service_intensity_not_exact_resource_count
2026-08-04,HGA,1.3591649848831198,1.934652700583979,2.6505231843594506,anchor_constrained_daily_visitor_forecast,seasonal_calendar_ridge,18777.81226850634,25522.14492806248,36328.54521632476,49771.02676922538,pressure_forecast_scaled_by_latest_available_region_anchor,1.4852980057508711,extreme,0,0,surge,intensify_parking_guidance__open_surge_window_security_teams__prepare_outer_transfer,1.0,1.0,0.0,1.0,0.5,0.0,0.5599999999999999,0.0,3.0,1.06,7.24,relative_service_intensity_not_exact_resource_count
2026-08-04,SHG,0.0741164368250506,0.3361332175869179,0.6620655954359513,anchor_constrained_daily_visitor_forecast,seasonal_calendar_ridge,171189.26559227135,12687.938388396393,57542.39865987162,113338.52305659036,pressure_forecast_scaled_by_latest_available_region_anchor,6.954514354137749,extreme,0,0,surge,intensify_parking_guidance__open_surge_window_security_teams__prepare_outer_transfer,0.0,2.0,2.0,0.0,1.0,0.0,0.0,1.2,2.8,2.2,11.600000000000001,relative_service_intensity_not_exact_resource_count
2026-08-05,BDH,0.2022615328384187,0.4955376486004,0.8603546710013654,anchor_constrained_daily_visitor_forecast,seasonal_calendar_ridge,126542.83990327934,25594.74876856389,62706.74133288792,108871.72339256437,pressure_forecast_scaled_by_latest_available_region_anchor,2.8412072948922433,extreme,0,0,surge,intensify_parking_guidance__open_surge_window_security_teams__prepare_outer_transfer,0.0,2.0,2.0,0.0,1.0,0.0,0.0,0.96,2.8,1.96,10.64,relative_service_intensity_not_exact_resource_count
2026-08-05,HGA,1.357138548099535,1.9321319408161732,2.6473875179234376,anchor_constrained_daily_visitor_forecast,seasonal_calendar_ridge,18777.81226850634,25484.09287856633,36281.210862630905,49712.14581355328,pressure_forecast_scaled_by_latest_available_region_anchor,1.4833627336190987,extreme,0,0,surge,intensify_parking_guidance__open_surge_window_security_teams__prepare_outer_transfer,1.0,1.0,0.0,1.0,0.5,0.0,0.5599999999999999,0.0,3.0,1.06,7.24,relative_service_intensity_not_exact_resource_count
2026-08-05,SHG,0.0731938099331705,0.3349855278249738,0.6606379416343293,anchor_constrained_daily_visitor_forecast,seasonal_calendar_ridge,171189.26559227135,12529.994568359769,57345.926492396655,113094.12405077064,pressure_forecast_scaled_by_latest_available_region_anchor,6.930768932662191,extreme,0,0,surge,intensify_parking_guidance__open_surge_window_security_teams__prepare_outer_transfer,0.0,2.0,2.0,0.0,1.0,0.0,0.0,1.2,2.8,2.2,11.600000000000001,relative_service_intensity_not_exact_resource_count
2026-08-06,BDH,0.2011994020700848,0.4942164247997601,0.8587111517818664,anchor_constrained_daily_visitor_forecast,seasonal_calendar_ridge,126542.83990327934,25460.34372479028,62539.549921007136,108663.74780309333,pressure_forecast_scaled_by_latest_available_region_anchor,2.8336319457514345,extreme,0,0,surge,intensify_parking_guidance__open_surge_window_security_teams__prepare_outer_transfer,0.0,2.0,2.0,0.0,1.0,0.0,0.0,0.96,2.8,1.96,10.64,relative_service_intensity_not_exact_resource_count
2026-08-06,HGA,1.3550561481318253,1.9295415663709368,2.644165255211865,anchor_constrained_daily_visitor_forecast,seasonal_calendar_ridge,18777.81226850634,25444.98996290473,36232.56929759312,49651.63876927556,pressure_forecast_scaled_by_latest_available_region_anchor,1.481374015955977,extreme,0,0,surge,intensify_parking_guidance__open_surge_window_security_teams__prepare_outer_transfer,1.0,1.0,0.0,1.0,0.5,0.0,0.5599999999999999,0.0,3.0,1.06,7.24,relative_service_intensity_not_exact_resource_count
2026-08-06,SHG,0.0722457032735286,0.3338061428362222,0.6591708609661922,anchor_constrained_daily_visitor_forecast,seasonal_calendar_ridge,171189.26559227135,12367.688885592524,57144.0284423217,112842.97558862764,pressure_forecast_scaled_by_latest_available_region_anchor,6.906367744668304,extreme,0,0,surge,intensify_parking_guidance__open_surge_window_security_teams__prepare_outer_transfer,0.0,2.0,2.0,0.0,1.0,0.0,0.0,1.2,2.8,2.2,11.600000000000001,relative_service_intensity_not_exact_resource_count
2026-08-07,BDH,0.2001091183272958,0.4928601804714995,0.8570240692310129,anchor_constrained_daily_visitor_forecast,seasonal_calendar_ridge,126542.83990327934,25322.376123677383,62367.92691210632,108450.25958595706,pressure_forecast_scaled_by_latest_available_region_anchor,2.8258558034341075,extreme,0,0,surge,intensify_parking_guidance__open_surge_window_security_teams__prepare_outer_transfer,0.0,2.0,2.0,0.0,1.0,0.0,0.0,0.96,2.8,1.96,10.64,relative_service_intensity_not_exact_resource_count
2026-08-07,HGA,1.3529185518033238,1.9268825311282172,2.640857582791328,anchor_constrained_daily_visitor_forecast,seasonal_calendar_ridge,18777.81226850634,25404.85058034228,36182.63843298999,49589.527917516985,pressure_forecast_scaled_by_latest_available_region_anchor,1.4793325850872525,extreme,0,0,surge,intensify_parking_guidance__open_surge_window_security_teams__prepare_outer_transfer,1.0,1.0,0.0,1.0,0.5,0.0,0.5599999999999999,0.0,3.0,1.06,7.24,relative_service_intensity_not_exact_resource_count
2026-08-07,SHG,0.0712724659770899,0.3325954969176009,0.6576648936695857,anchor_constrained_daily_visitor_forecast,seasonal_calendar_ridge,171189.26559227135,12201.081107568169,56936.77885662065,112585.1701531156,pressure_forecast_scaled_by_latest_available_region_anchor,6.881319775653899,extreme,0,0,surge,intensify_parking_guidance__open_surge_window_security_teams__prepare_outer_transfer,0.0,2.0,2.0,0.0,1.0,0.0,0.0,1.2,2.8,2.2,11.600000000000001,relative_service_intensity_not_exact_resource_count
2026-08-08,BDH,0.378669277608665,0.7149777758959401,1.133324372701246,anchor_constrained_daily_visitor_forecast,seasonal_calendar_ridge,126542.83990327934,47917.88577272373,90475.31822960268,143414.08465321825,pressure_forecast_scaled_by_latest_available_region_anchor,4.099385946353172,extreme,1,0,emergency,activate_outer_transfer__issue_parking_saturation_alert__emergency_coordination_and_staggered_entry,2.0,2.0,2.0,0.0,0.0,0.0,0.0,0.96,4.8,0.96,8.64,relative_service_intensity_not_exact_resource_count
2026-08-08,HGA,1.7030013109208229,2.362363441134585,3.1825684155613683,anchor_constrained_daily_visitor_forecast,seasonal_calendar_ridge,18777.81226850634,31978.638909491405,44360.01720760787,59761.67223908904,pressure_forecast_scaled_by_latest_available_region_anchor,1.8136659395853436,extreme,1,0,surge,intensify_parking_guidance__open_surge_window_security_teams__prepare_outer_transfer,0.0,2.0,0.0,1.0,1.0,0.0,0.5599999999999999,0.6,2.8,2.16,11.440000000000001,relative_service_intensity_not_exact_resource_count
2026-08-08,SHG,0.2306634573772953,0.5308678544503,0.9043032225753171,anchor_constrained_daily_visitor_forecast,seasonal_calendar_ridge,171189.26559227135,39487.10786739338,90878.87812989166,154807.00454539285,pressure_forecast_scaled_by_latest_available_region_anchor,10.983526532810627,extreme,1,0,surge,intensify_parking_guidance__open_surge_window_security_teams__prepare_outer_transfer,0.0,2.0,2.0,0.0,1.0,0.0,0.0,1.2,2.8,2.2,11.600000000000001,relative_service_intensity_not_exact_resource_count
2026-08-09,BDH,0.377352254899627,0.71333948256988,1.1312864389558408,anchor_constrained_daily_visitor_forecast,seasonal_calendar_ridge,126542.83990327934,47751.22597890496,90268.00393952844,143156.19872953996,pressure_forecast_scaled_by_latest_available_region_anchor,4.0899926520952645,extreme,1,0,emergency,activate_outer_transfer__issue_parking_saturation_alert__emergency_coordination_and_staggered_entry,2.0,2.0,2.0,0.0,0.0,0.0,0.0,0.96,4.8,0.96,8.64,relative_service_intensity_not_exact_resource_count
2026-08-09,HGA,1.7004191730819231,2.3591514242426923,3.1785728687867625,anchor_constrained_daily_visitor_forecast,seasonal_calendar_ridge,18777.81226850634,31930.15200990114,44299.70255740863,59686.644611845455,pressure_forecast_scaled_by_latest_available_region_anchor,1.8111999660891567,extreme,1,0,surge,intensify_parking_guidance__open_surge_window_security_teams__prepare_outer_transfer,0.0,2.0,0.0,1.0,1.0,0.0,0.5599999999999999,0.6,2.8,2.16,11.440000000000001,relative_service_intensity_not_exact_resource_count
2026-08-09,SHG,0.2294878224756746,0.5294054386544362,0.9024840694036618,anchor_constrained_daily_visitor_forecast,seasonal_calendar_ridge,171189.26559227135,39285.85179198029,90628.5282438072,154495.5850499373,pressure_forecast_scaled_by_latest_available_region_anchor,10.953269506393944,extreme,1,0,surge,intensify_parking_guidance__open_surge_window_security_teams__prepare_outer_transfer,0.0,2.0,2.0,0.0,1.0,0.0,0.0,1.2,2.8,2.2,11.600000000000001,relative_service_intensity_not_exact_resource_count
2026-08-10,BDH,0.1966734009176023,0.4885863643376523,0.8517077110537083,anchor_constrained_daily_visitor_forecast,seasonal_calendar_ridge,126542.83990327934,24887.61068554962,61827.106081304846,107777.51252425792,pressure_forecast_scaled_by_latest_available_region_anchor,2.8013515147876022,extreme,0,0,surge,intensify_parking_guidance__open_surge_window_security_teams__prepare_outer_transfer,0.0,2.0,2.0,0.0,1.0,0.0,0.0,0.96,2.8,1.96,10.64,relative_service_intensity_not_exact_resource_count
2026-08-10,HGA,1.3461825282963202,1.918503342007197,2.6304343991054595,anchor_constrained_daily_visitor_forecast,seasonal_calendar_ridge,18777.81226850634,25278.362795491525,36025.295592713155,49393.8033310236,pressure_forecast_scaled_by_latest_available_region_anchor,1.472899599524777,extreme,0,0,surge,intensify_parking_guidance__open_surge_window_security_teams__prepare_outer_transfer,1.0,1.0,0.0,1.0,0.5,0.0,0.5599999999999999,0.0,3.0,1.06,7.24,relative_service_intensity_not_exact_resource_count
2026-08-10,SHG,0.0682055869694436,0.3287804925326493,0.6529192684196448,anchor_constrained_daily_visitor_forecast,seasonal_calendar_ridge,171189.26559227135,11676.06434258885,56283.69105772949,111772.77005180209,pressure_forecast_scaled_by_latest_available_region_anchor,6.802388264669318,extreme,0,0,surge,intensify_parking_guidance__open_surge_window_security_teams__prepare_outer_transfer,0.0,2.0,2.0,0.0,1.0,0.0,0.0,1.2,2.8,2.2,11.600000000000001,relative_service_intensity_not_exact_resource_count
2026-08-11,BDH,0.1954746022179119,0.4870951342354571,0.8498527146992181,anchor_constrained_daily_visitor_forecast,seasonal_calendar_ridge,126542.83990327934,24735.911293618447,61638.4015892238,107542.77601755048,pressure_forecast_scaled_by_latest_available_region_anchor,2.7928014200436677,extreme,0,0,surge,intensify_parking_guidance__open_surge_window_security_teams__prepare_outer_transfer,0.0,2.0,2.0,0.0,1.0,0.0,0.0,0.96,2.8,1.96,10.64,relative_service_intensity_not_exact_resource_count
2026-08-11,HGA,1.343832178934497,1.9155796553866395,2.626797517034193,anchor_constrained_daily_visitor_forecast,seasonal_calendar_ridge,18777.81226850634,25234.228376409803,35970.39515422038,49325.510642246656,pressure_forecast_scaled_by_latest_available_region_anchor,1.4706549868841496,extreme,0,0,surge,intensify_parking_guidance__open_surge_window_security_teams__prepare_outer_transfer,1.0,1.0,0.0,1.0,0.5,0.0,0.5599999999999999,0.0,3.0,1.06,7.24,relative_service_intensity_not_exact_resource_count
2026-08-11,SHG,0.0671354842432704,0.3274493521183971,0.6512634135571942,anchor_constrained_daily_visitor_forecast,seasonal_calendar_ridge,171189.26559227135,11492.874242786973,56055.81410781347,111489.30547397176,pressure_forecast_scaled_by_latest_available_region_anchor,6.774847293905559,extreme,0,0,surge,intensify_parking_guidance__open_surge_window_security_teams__prepare_outer_transfer,0.0,2.0,2.0,0.0,1.0,0.0,0.0,1.2,2.8,2.2,11.600000000000001,relative_service_intensity_not_exact_resource_count
2026-08-12,BDH,0.1942497434982004,0.4855714871091779,0.8479573936078475,anchor_constrained_daily_visitor_forecast,seasonal_calendar_ridge,126542.83990327934,24580.91419274585,61445.59495485397,107302.93670411989,pressure_forecast_scaled_by_latest_available_region_anchor,2.7840654595323873,extreme,0,0,surge,intensify_parking_guidance__open_surge_window_security_teams__prepare_outer_transfer,0.0,2.0,2.0,0.0,1.0,0.0,0.0,0.96,2.8,1.96,10.64,relative_service_intensity_not_exact_resource_count
2026-08-12,HGA,1.341430736631513,1.912592412364254,2.623081574800768,anchor_constrained_daily_visitor_forecast,seasonal_calendar_ridge,18777.81226850634,25189.13454367072,35914.301265545626,49255.73337658679,pressure_forecast_scaled_by_latest_available_region_anchor,1.4683615798542973,extreme,0,0,surge,intensify_parking_guidance__open_surge_window_security_teams__prepare_outer_transfer,1.0,1.0,0.0,1.0,0.5,0.0,0.5599999999999999,0.0,3.0,1.06,7.24,relative_service_intensity_not_exact_resource_count
2026-08-12,SHG,0.0660421191474632,0.3260892747809938,0.6495715629843055,anchor_constrained_daily_visitor_forecast,seasonal_calendar_ridge,171189.26559227135,11305.701875011518,55822.98346727471,111199.6788169071,pressure_forecast_scaled_by_latest_available_region_anchor,6.746707625253909,extreme,0,0,surge,intensify_parking_guidance__open_surge_window_security_teams__prepare_outer_transfer,0.0,2.0,2.0,0.0,1.0,0.0,0.0,1.2,2.8,2.2,11.600000000000001,relative_service_intensity_not_exact_resource_count
2026-08-13,BDH,0.1929992692386896,0.4840159758642254,0.8460224355591144,anchor_constrained_daily_visitor_forecast,seasonal_calendar_ridge,126542.83990327934,24422.675628721405,61248.7561444162,107058.08161753949,pressure_forecast_scaled_by_latest_available_region_anchor,2.7751468033840028,extreme,0,0,surge,intensify_parking_guidance__open_surge_window_security_teams__prepare_outer_transfer,0.0,2.0,2.0,0.0,1.0,0.0,0.0,0.96,2.8,1.96,10.64,relative_service_intensity_not_exact_resource_count
2026-08-13,HGA,1.338979072829595,1.9095426969593012,2.6192879208568915,anchor_constrained_daily_visitor_forecast,seasonal_calendar_ridge,18777.81226850634,25143.09766105281,35857.034282199056,49184.496855017,pressure_forecast_scaled_by_latest_available_region_anchor,1.4660202106732985,extreme,0,0,surge,intensify_parking_guidance__open_surge_window_security_teams__prepare_outer_transfer,1.0,1.0,0.0,1.0,0.5,0.0,0.5599999999999999,0.0,3.0,1.06,7.24,relative_service_intensity_not_exact_resource_count
2026-08-13,SHG,0.0649258884454633,0.324700754069179,0.647844330644535,anchor_constrained_daily_visitor_forecast,seasonal_calendar_ridge,171189.26559227135,11114.615160904612,55585.28362635946,110903.99518115456,pressure_forecast_scaled_by_latest_available_region_anchor,6.717979470117509,extreme,0,0,surge,intensify_parking_guidance__open_surge_window_security_teams__prepare_outer_transfer,0.0,2.0,2.0,0.0,1.0,0.0,0.0,1.2,2.8,2.2,11.600000000000001,relative_service_intensity_not_exact_resource_count
2026-08-14,BDH,0.1917236320063464,0.482429163465411,0.8440485408457983,anchor_constrained_daily_visitor_forecast,seasonal_calendar_ridge,126542.83990327934,24261.25287065433,61047.95639707648,106808.29937484638,pressure_forecast_scaled_by_latest_available_region_anchor,2.7660486794051873,extreme,0,0,surge,intensify_parking_guidance__open_surge_window_security_teams__prepare_outer_transfer,0.0,2.0,2.0,0.0,1.0,0.0,0.0,0.96,2.8,1.96,10.64,relative_service_intensity_not_exact_resource_count
2026-08-14,HGA,1.336478074825734,1.906431612913372,2.6154179281876075,anchor_constrained_daily_visitor_forecast,seasonal_calendar_ridge,18777.81226850634,25096.134390052404,35798.61493003304,49111.82685919269,pressure_forecast_scaled_by_latest_available_region_anchor,1.4636317267207275,extreme,0,0,surge,intensify_parking_guidance__open_surge_window_security_teams__prepare_outer_transfer,1.0,1.0,0.0,1.0,0.5,0.0,0.5599999999999999,0.0,3.0,1.06,7.24,relative_service_intensity_not_exact_resource_count
2026-08-14,SHG,0.0637871961193112,0.3232842925111747,0.6460823416513504,anchor_constrained_daily_visitor_forecast,seasonal_calendar_ridge,171189.26559227135,10919.683257855067,55342.80061250502,110602.36157942962,pressure_forecast_scaled_by_latest_available_region_anchor,6.688673225682807,extreme,0,0,surge,intensify_parking_guidance__open_surge_window_security_teams__prepare_outer_transfer,0.0,2.0,2.0,0.0,1.0,0.0,0.0,1.2,2.8,2.2,11.600000000000001,relative_service_intensity_not_exact_resource_count
2026-08-15,BDH,0.368817537276135,0.7027228312195108,1.1180799931344767,anchor_constrained_daily_visitor_forecast,seasonal_calendar_ridge,126542.83990327934,46671.21857305571,88924.54272738975,141485.01757027576,pressure_forecast_scaled_by_latest_available_region_anchor,4.029121177749789,extreme,1,0,emergency,activate_outer_transfer__issue_parking_saturation_alert__emergency_coordination_and_staggered_entry,2.0,2.0,2.0,0.0,0.0,0.0,0.0,0.96,4.8,0.96,8.64,relative_service_intensity_not_exact_resource_count
2026-08-15,HGA,1.6836861151257376,2.338336553712312,3.152680480418124,anchor_constrained_daily_visitor_forecast,seasonal_calendar_ridge,18777.81226850634,31615.941788921853,43908.84482619589,59200.44220387591,pressure_forecast_scaled_by_latest_available_region_anchor,1.7952196892780248,extreme,1,0,surge,intensify_parking_guidance__open_surge_window_security_teams__prepare_outer_transfer,0.0,2.0,0.0,1.0,1.0,0.0,0.5599999999999999,0.0,2.8,1.56,9.04,relative_service_intensity_not_exact_resource_count
2026-08-15,SHG,0.2218693419097741,0.5199285285144808,0.8906953898862817,anchor_constrained_daily_visitor_forecast,seasonal_calendar_ridge,171189.26559227135,37981.649698974776,89006.18295686427,152477.48966105437,pressure_forecast_scaled_by_latest_available_region_anchor,10.75719454517964,extreme,1,0,surge,intensify_parking_guidance__open_surge_window_security_teams__prepare_outer_transfer,0.0,2.0,2.0,0.0,1.0,0.0,0.0,1.2,2.8,2.2,11.600000000000001,relative_service_intensity_not_exact_resource_count
2026-08-16,BDH,0.3672944651230207,0.7008282253585552,1.1157232227339229,anchor_constrained_daily_visitor_forecast,seasonal_calendar_ridge,126542.83990327934,46478.484697423024,88684.79392124702,141186.78515078968,pressure_forecast_scaled_by_latest_available_region_anchor,4.0182582937523845,extreme,1,0,emergency,activate_outer_transfer__issue_parking_saturation_alert__emergency_coordination_and_staggered_entry,2.0,2.0,2.0,0.0,0.0,0.0,0.0,0.96,4.8,0.96,8.64,relative_service_intensity_not_exact_resource_count
2026-08-16,HGA,1.6806999993883682,2.3346220137504696,3.1480598265849675,anchor_constrained_daily_visitor_forecast,seasonal_calendar_ridge,18777.81226850634,31559.869068193497,43839.09389212854,59113.67643363914,pressure_forecast_scaled_by_latest_available_region_anchor,1.7923679119042657,extreme,1,0,surge,intensify_parking_guidance__open_surge_window_security_teams__prepare_outer_transfer,0.0,2.0,0.0,1.0,1.0,0.0,0.5599999999999999,0.0,2.8,1.56,9.04,relative_service_intensity_not_exact_resource_count
2026-08-16,SHG,0.2205097778198005,0.5182373163890788,0.888591628486433,anchor_constrained_daily_visitor_forecast,seasonal_calendar_ridge,171189.26559227135,37748.90692088658,88716.66559515597,152117.3482920329,pressure_forecast_scaled_by_latest_available_region_anchor,10.722203778463886,extreme,1,0,surge,intensify_parking_guidance__open_surge_window_security_teams__prepare_outer_transfer,0.0,2.0,2.0,0.0,1.0,0.0,0.0,1.2,2.8,2.2,11.600000000000001,relative_service_intensity_not_exact_resource_count
2026-08-17,BDH,0.1877503844136934,0.4774866936285905,0.8379004195625814,anchor_constrained_daily_visitor_forecast,seasonal_calendar_ridge,126542.83990327934,23758.46683664116,60422.52222778891,106030.29864759832,pressure_forecast_scaled_by_latest_available_region_anchor,2.737710607828141,extreme,0,0,surge,intensify_parking_guidance__open_surge_window_security_teams__prepare_outer_transfer,0.0,2.0,2.0,0.0,1.0,0.0,0.0,0.96,2.8,1.96,10.64,relative_service_intensity_not_exact_resource_count
2026-08-17,HGA,1.3286881765332423,1.896741469914548,2.603364000419621,anchor_constrained_daily_visitor_forecast,seasonal_calendar_ridge,18777.81226850634,24949.85714232524,35616.65524394615,48885.48046646731,pressure_forecast_scaled_by_latest_available_region_anchor,1.456192277734742,extreme,0,0,surge,intensify_parking_guidance__open_surge_window_security_teams__prepare_outer_transfer,1.0,1.0,0.0,1.0,0.5,0.0,0.5599999999999999,0.0,3.0,1.06,7.24,relative_service_intensity_not_exact_resource_count
2026-08-17,SHG,0.0602404930058047,0.3188724171498011,0.6405942464876557,anchor_constrained_daily_visitor_forecast,seasonal_calendar_ridge,171189.26559227135,10312.52575658008,54587.53490950684,109662.85859885624,pressure_forecast_scaled_by_latest_available_region_anchor,6.597392599657188,extreme,0,0,surge,intensify_parking_guidance__open_surge_window_security_teams__prepare_outer_transfer,0.0,2.0,2.0,0.0,1.0,0.0,0.0,1.2,2.8,2.2,11.600000000000001,relative_service_intensity_not_exact_resource_count
2026-08-18,BDH,0.1863787742892407,0.4757804969947535,0.8357780183777124,anchor_constrained_daily_visitor_forecast,seasonal_calendar_ridge,126542.83990327934,23584.899396252826,60206.61526030977,105761.72397425093,pressure_forecast_scaled_by_latest_available_region_anchor,2.727927984174278,extreme,0,0,surge,intensify_parking_guidance__open_surge_window_security_teams__prepare_outer_transfer,0.0,2.0,2.0,0.0,1.0,0.0,0.0,0.96,2.8,1.96,10.64,relative_service_intensity_not_exact_resource_count
2026-08-18,HGA,1.3259990153075,1.893396322667959,2.599202847866088,anchor_constrained_daily_visitor_forecast,seasonal_calendar_ridge,18777.81226850634,24899.3605776685,35553.84069693919,48807.343124996434,pressure_forecast_scaled_by_latest_available_region_anchor,1.4536240955835982,extreme,0,0,surge,intensify_parking_guidance__open_surge_window_security_teams__prepare_outer_transfer,1.0,1.0,0.0,1.0,0.5,0.0,0.5599999999999999,0.0,3.0,1.06,7.24,relative_service_intensity_not_exact_resource_count
2026-08-18,SHG,0.0590161308724434,0.317349387745675,0.6386996938037497,anchor_constrained_daily_visitor_forecast,seasonal_calendar_ridge,171189.26559227135,10102.928102150963,54326.80862433906,109338.53151627247,pressure_forecast_scaled_by_latest_available_region_anchor,6.565881492457467,extreme,0,0,surge,intensify_parking_guidance__open_surge_window_security_teams__prepare_outer_transfer,0.0,2.0,2.0,0.0,1.0,0.0,0.0,1.2,2.8,2.2,11.600000000000001,relative_service_intensity_not_exact_resource_count
2026-08-19,BDH,0.1849843768895532,0.4740459544252848,0.8336203566336691,anchor_constrained_daily_visitor_forecast,seasonal_calendar_ridge,126542.83990327934,23408.448389342622,59987.12131763607,105488.687329609,pressure_forecast_scaled_by_latest_available_region_anchor,2.7179828366852927,extreme,0,0,surge,intensify_parking_guidance__open_surge_window_security_teams__prepare_outer_transfer,0.0,2.0,2.0,0.0,1.0,0.0,0.0,0.96,2.8,1.96,10.64,relative_service_intensity_not_exact_resource_count
2026-08-19,HGA,1.3232651776420683,1.8899956007433687,2.5949725639122807,anchor_constrained_daily_visitor_forecast,seasonal_calendar_ridge,18777.81226850634,24848.02508721445,35489.98257906185,48727.907647069376,pressure_forecast_scaled_by_latest_available_region_anchor,1.4510132468813057,extreme,0,0,surge,intensify_parking_guidance__open_surge_window_security_teams__prepare_outer_transfer,1.0,1.0,0.0,1.0,0.5,0.0,0.5599999999999999,0.0,3.0,1.06,7.24,relative_service_intensity_not_exact_resource_count
2026-08-19,SHG,0.0577714277716143,0.3158010554587518,0.6367736659267949,anchor_constrained_daily_visitor_forecast,seasonal_calendar_ridge,171189.26559227135,9889.848292439616,54061.75075724788,109008.81621850636,pressure_forecast_scaled_by_latest_available_region_anchor,6.533846874779142,extreme,0,0,surge,intensify_parking_guidance__open_surge_window_security_teams__prepare_outer_transfer,0.0,2.0,2.0,0.0,1.0,0.0,0.0,1.2,2.8,2.2,11.600000000000001,relative_service_intensity_not_exact_resource_count
2026-08-20,BDH,0.1835676882077534,0.4722836829043988,0.8314282018199666,anchor_constrained_daily_visitor_forecast,seasonal_calendar_ridge,126542.83990327934,23229.17658028884,59764.11847470249,105211.28583397546,pressure_forecast_scaled_by_latest_available_region_anchor,2.7078787028927067,extreme,0,0,surge,intensify_parking_guidance__open_surge_window_security_teams__prepare_outer_transfer,0.0,2.0,2.0,0.0,1.0,0.0,0.0,0.96,2.8,1.96,10.64,relative_service_intensity_not_exact_resource_count
2026-08-20,HGA,1.3204876359747049,1.8865405137921205,2.5906746532883083,anchor_constrained_daily_visitor_forecast,seasonal_calendar_ridge,18777.81226850634,24795.868931216744,35425.10360491993,48647.2022882256,pressure_forecast_scaled_by_latest_available_region_anchor,1.4483606603179207,extreme,0,0,surge,intensify_parking_guidance__open_surge_window_security_teams__prepare_outer_transfer,1.0,1.0,0.0,1.0,0.5,0.0,0.5599999999999999,0.0,3.0,1.06,7.24,relative_service_intensity_not_exact_resource_count
2026-08-20,SHG,0.0565068264495372,0.3142279710374519,0.6348168479531493,anchor_constrained_daily_visitor_forecast,seasonal_calendar_ridge,171189.26559227135,9673.362120846212,53792.4555904509,108673.8299867002,pressure_forecast_scaled_by_latest_available_region_anchor,6.50130014147281,extreme,0,0,surge,intensify_parking_guidance__open_surge_window_security_teams__prepare_outer_transfer,0.0,2.0,2.0,0.0,1.0,0.0,0.0,1.2,2.8,2.2,11.600000000000001,relative_service_intensity_not_exact_resource_count
2026-08-21,BDH,0.1821292106065536,0.4704943073396798,0.8292023312822931,anchor_constrained_daily_visitor_forecast,seasonal_calendar_ridge,126542.83990327934,23047.14753949576,59537.68580908941,104929.61785488122,pressure_forecast_scaled_by_latest_available_region_anchor,2.697619165757353,extreme,0,0,surge,intensify_parking_guidance__open_surge_window_security_teams__prepare_outer_transfer,0.0,2.0,2.0,0.0,1.0,0.0,0.0,0.96,2.8,1.96,10.64,relative_service_intensity_not_exact_resource_count
2026-08-21,HGA,1.3176673752313035,1.883032287000011,2.5863106400481595,anchor_constrained_daily_visitor_forecast,seasonal_calendar_ridge,18777.81226850634,24742.91060442892,35359.226780822355,48565.25566686481,pressure_forecast_scaled_by_latest_available_region_anchor,1.4456672765098246,extreme,0,0,surge,intensify_parking_guidance__open_surge_window_security_teams__prepare_outer_transfer,1.0,1.0,0.0,1.0,0.5,0.0,0.5599999999999999,0.0,3.0,1.06,7.24,relative_service_intensity_not_exact_resource_count
2026-08-21,SHG,0.0552227753382199,0.3126306923029585,0.632829933777243,anchor_constrained_daily_visitor_forecast,seasonal_calendar_ridge,171189.26559227135,9453.54635411687,53519.01861694683,108333.69160813194,pressure_forecast_scaled_by_latest_available_region_anchor,6.468252833722808,extreme,0,0,surge,intensify_parking_guidance__open_surge_window_security_teams__prepare_outer_transfer,0.0,2.0,2.0,0.0,1.0,0.0,0.0,1.2,2.8,2.2,11.600000000000001,relative_service_intensity_not_exact_resource_count
2026-08-22,BDH,0.3576020084333892,0.6887714195048817,1.100725315387204,anchor_constrained_daily_visitor_forecast,seasonal_calendar_ridge,126542.83990327934,45251.97370227752,87159.0914683607,139288.90736252963,pressure_forecast_scaled_by_latest_available_region_anchor,3.949129570957438,extreme,1,0,emergency,activate_outer_transfer__issue_parking_saturation_alert__emergency_coordination_and_staggered_entry,2.0,2.0,2.0,0.0,0.0,0.0,0.0,0.96,4.8,0.96,8.64,relative_service_intensity_not_exact_resource_count
2026-08-22,HGA,1.661697093061509,2.310983594763921,3.118655121716542,anchor_constrained_daily_visitor_forecast,seasonal_calendar_ridge,18777.81226850634,31203.036060631723,43395.21609807484,58561.52040580902,pressure_forecast_scaled_by_latest_available_region_anchor,1.7742199018923261,extreme,1,0,surge,intensify_parking_guidance__open_surge_window_security_teams__prepare_outer_transfer,0.0,2.0,0.0,1.0,1.0,0.0,0.5599999999999999,0.0,2.8,1.56,9.04,relative_service_intensity_not_exact_resource_count
2026-08-22,SHG,0.2118578462406539,0.5074748582580431,0.8752038082103828,anchor_constrained_daily_visitor_forecast,seasonal_calendar_ridge,171189.26559227135,36267.78910789789,86874.2482917364,149825.49717109452,pressure_forecast_scaled_by_latest_available_region_anchor,10.499531142610095,extreme,1,0,surge,intensify_parking_guidance__open_surge_window_security_teams__prepare_outer_transfer,0.0,2.0,2.0,0.0,1.0,0.0,0.0,1.2,2.8,2.2,11.600000000000001,relative_service_intensity_not_exact_resource_count
2026-08-23,BDH,0.3558996161714573,0.6866537507191273,1.098091068752959,anchor_constrained_daily_visitor_forecast,seasonal_calendar_ridge,126542.83990327934,45036.54815082329,86891.1156462368,138955.5623124266,pressure_forecast_scaled_by_latest_available_region_anchor,3.9369877366906674,extreme,1,0,emergency,activate_outer_transfer__issue_parking_saturation_alert__emergency_coordination_and_staggered_entry,2.0,2.0,2.0,0.0,0.0,0.0,0.0,0.96,4.8,0.96,8.64,relative_service_intensity_not_exact_resource_count
2026-08-23,HGA,1.6583594046177037,2.30683172049142,3.113490451536901,anchor_constrained_daily_visitor_forecast,seasonal_calendar_ridge,18777.81226850634,31140.361573623184,43317.25298242338,58464.53919874696,pressure_forecast_scaled_by_latest_available_region_anchor,1.7710323682459967,extreme,1,0,surge,intensify_parking_guidance__open_surge_window_security_teams__prepare_outer_transfer,0.0,2.0,0.0,1.0,1.0,0.0,0.5599999999999999,0.0,2.8,1.56,9.04,relative_service_intensity_not_exact_resource_count
2026-08-23,SHG,0.2103382127934537,0.5055845299307324,0.8728523587923562,anchor_constrained_daily_visitor_forecast,seasonal_calendar_ridge,171189.26559227135,36007.64417410224,86550.64437365581,149422.9542721452,pressure_forecast_scaled_by_latest_available_region_anchor,10.460420710202696,extreme,1,0,surge,intensify_parking_guidance__open_surge_window_security_teams__prepare_outer_transfer,0.0,2.0,2.0,0.0,1.0,0.0,0.0,1.2,2.8,2.2,11.600000000000001,relative_service_intensity_not_exact_resource_count
2026-08-24,BDH,0.1776881581541277,0.4649699177117996,0.8223303384185385,anchor_constrained_daily_visitor_forecast,seasonal_calendar_ridge,126542.83990327934,22485.164150006367,58838.61385684522,104060.01636210665,pressure_forecast_scaled_by_latest_available_region_anchor,2.665944607517647,extreme,0,0,surge,intensify_parking_guidance__open_surge_window_security_teams__prepare_outer_transfer,0.0,2.0,2.0,0.0,1.0,0.0,0.0,0.96,2.8,1.96,10.64,relative_service_intensity_not_exact_resource_count
2026-08-24,HGA,1.308960304728075,1.8722012395191403,2.57283749893952,anchor_constrained_daily_visitor_forecast,seasonal_calendar_ridge,18777.81226850634,24579.41086911064,35155.84340455529,48312.25955245968,pressure_forecast_scaled_by_latest_available_region_anchor,1.4373519167459385,extreme,0,0,surge,intensify_parking_guidance__open_surge_window_security_teams__prepare_outer_transfer,1.0,1.0,0.0,1.0,0.5,0.0,0.5599999999999999,0.0,3.0,1.06,7.24,relative_service_intensity_not_exact_resource_count
2026-08-24,SHG,0.0512584881416732,0.307699368634719,0.626695677625942,anchor_constrained_daily_visitor_forecast,seasonal_calendar_ridge,171189.26559227135,8774.902940343201,52674.82893978311,107283.57280263586,pressure_forecast_scaled_by_latest_available_region_anchor,6.366224948820884,extreme,0,0,surge,intensify_parking_guidance__open_surge_window_security_teams__prepare_outer_transfer,0.0,2.0,2.0,0.0,1.0,0.0,0.0,1.2,2.8,2.2,11.600000000000001,relative_service_intensity_not_exact_resource_count
2026-08-25,BDH,0.1761676670462389,0.4630785225085935,0.8199775618740717,anchor_constrained_daily_visitor_forecast,seasonal_calendar_ridge,126542.83990327934,22292.75688716644,58599.27133645208,103762.28933651198,pressure_forecast_scaled_by_latest_available_region_anchor,2.6551001320997827,extreme,0,0,surge,intensify_parking_guidance__open_surge_window_security_teams__prepare_outer_transfer,0.0,2.0,2.0,0.0,1.0,0.0,0.0,0.96,2.8,1.96,10.64,relative_service_intensity_not_exact_resource_count
2026-08-25,HGA,1.305979249354885,1.8684929943317208,2.568224675409407,anchor_constrained_daily_visitor_forecast,seasonal_calendar_ridge,18777.81226850634,24523.43317095086,35086.21067258033,48225.64081818347,pressure_forecast_scaled_by_latest_available_region_anchor,1.4345049720824092,extreme,0,0,surge,intensify_parking_guidance__open_surge_window_security_teams__prepare_outer_transfer,1.0,1.0,0.0,1.0,0.5,0.0,0.5599999999999999,0.0,3.0,1.06,7.24,relative_service_intensity_not_exact_resource_count
2026-08-25,SHG,0.049901228011099,0.3060110224897451,0.624595481325295,anchor_constrained_daily_visitor_forecast,seasonal_calendar_ridge,171189.26559227135,8542.554575372522,52385.8022031595,106924.04174032848,pressure_forecast_scaled_by_latest_available_region_anchor,6.331293478541731,extreme,0,0,surge,intensify_parking_guidance__open_surge_window_security_teams__prepare_outer_transfer,0.0,2.0,2.0,0.0,1.0,0.0,0.0,1.2,2.8,2.2,11.600000000000001,relative_service_intensity_not_exact_resource_count
2026-08-26,BDH,0.1746279855160805,0.4611632556283745,0.8175950904664386,anchor_constrained_daily_visitor_forecast,seasonal_calendar_ridge,126542.83990327934,22097.92121379356,58356.90802625649,103460.80463860174,pressure_forecast_scaled_by_latest_available_region_anchor,2.644118786389496,extreme,0,0,surge,intensify_parking_guidance__open_surge_window_security_teams__prepare_outer_transfer,0.0,2.0,2.0,0.0,1.0,0.0,0.0,0.96,2.8,1.96,10.64,relative_service_intensity_not_exact_resource_count
2026-08-26,HGA,1.3029605694858168,1.864737946640388,2.563553632511262,anchor_constrained_daily_visitor_forecast,seasonal_calendar_ridge,18777.81226850634,24466.748967070776,35015.6990919732,48137.92885154396,pressure_forecast_scaled_by_latest_available_region_anchor,1.431622095561082,extreme,0,0,surge,intensify_parking_guidance__open_surge_window_security_teams__prepare_outer_transfer,1.0,1.0,0.0,1.0,0.5,0.0,0.5599999999999999,0.0,3.0,1.06,7.24,relative_service_intensity_not_exact_resource_count
2026-08-26,SHG,0.0485268376290551,0.3043013673905188,0.6224687780272378,anchor_constrained_daily_visitor_forecast,seasonal_calendar_ridge,171189.26559227135,8307.273695233349,52093.12760230686,106559.9729646014,pressure_forecast_scaled_by_latest_available_region_anchor,6.295921131192216,extreme,0,0,surge,intensify_parking_guidance__open_surge_window_security_teams__prepare_outer_transfer,0.0,2.0,2.0,0.0,1.0,0.0,0.0,1.2,2.8,2.2,11.600000000000001,relative_service_intensity_not_exact_resource_count
2026-08-27,BDH,0.173069648817205,0.459224782892861,0.815183752435934,anchor_constrained_daily_visitor_forecast,seasonal_calendar_ridge,126542.83990327934,21900.724862392348,58111.60818122952,103155.66707625487,pressure_forecast_scaled_by_latest_available_region_anchor,2.6330043879322917,extreme,0,0,surge,intensify_parking_guidance__open_surge_window_security_teams__prepare_outer_transfer,0.0,2.0,2.0,0.0,1.0,0.0,0.0,0.96,2.8,1.96,10.64,relative_service_intensity_not_exact_resource_count
2026-08-27,HGA,1.299905314532125,1.860937401846668,2.5588259940823903,anchor_constrained_daily_visitor_forecast,seasonal_calendar_ridge,18777.81226850634,24409.37796311793,34944.33317531868,48049.15414465324,pressure_forecast_scaled_by_latest_available_region_anchor,1.4287042893826527,extreme,0,0,surge,intensify_parking_guidance__open_surge_window_security_teams__prepare_outer_transfer,1.0,1.0,0.0,1.0,0.5,0.0,0.5599999999999999,0.0,3.0,1.06,7.24,relative_service_intensity_not_exact_resource_count
2026-08-27,SHG,0.0471357947874227,0.3025709976800566,0.6203163070570619,anchor_constrained_daily_visitor_forecast,seasonal_calendar_ridge,171189.26559227135,8069.142092766903,51796.90688236973,106191.49304000832,pressure_forecast_scaled_by_latest_available_region_anchor,6.260120203584511,extreme,0,0,surge,intensify_parking_guidance__open_surge_window_security_teams__prepare_outer_transfer,0.0,2.0,2.0,0.0,1.0,0.0,0.0,1.2,2.8,2.2,11.600000000000001,relative_service_intensity_not_exact_resource_count
2026-08-28,BDH,0.1714931967918935,0.4572637758318603,0.812744383123357,anchor_constrained_daily_visitor_forecast,seasonal_calendar_ridge,126542.83990327934,21701.23614613816,57863.45677866012,102846.98235586847,pressure_forecast_scaled_by_latest_available_region_anchor,2.621760787001491,extreme,0,0,surge,intensify_parking_guidance__open_surge_window_security_teams__prepare_outer_transfer,0.0,2.0,2.0,0.0,1.0,0.0,0.0,0.96,2.8,1.96,10.64,relative_service_intensity_not_exact_resource_count
2026-08-28,HGA,1.2968145429016644,1.8570926765432916,2.5540433978812533,anchor_constrained_daily_visitor_forecast,seasonal_calendar_ridge,18777.81226850634,24351.340033676315,34872.13764534789,47959.34745103222,pressure_forecast_scaled_by_latest_available_region_anchor,1.4257525643396813,extreme,0,0,surge,intensify_parking_guidance__open_surge_window_security_teams__prepare_outer_transfer,1.0,1.0,0.0,1.0,0.5,0.0,0.5599999999999999,0.0,3.0,1.06,7.24,relative_service_intensity_not_exact_resource_count
2026-08-28,SHG,0.0457285813741925,0.3008205127966781,0.6181388140782937,anchor_constrained_daily_visitor_forecast,seasonal_calendar_ridge,171189.26559227135,7828.24226202444,51497.242660753785,105818.72961614068,pressure_forecast_scaled_by_latest_available_region_anchor,6.223903097951357,extreme,0,0,surge,intensify_parking_guidance__open_surge_window_security_teams__prepare_outer_transfer,0.0,2.0,2.0,0.0,1.0,0.0,0.0,1.2,2.8,2.2,11.600000000000001,relative_service_intensity_not_exact_resource_count
2026-08-29,BDH,0.3452177189079571,0.67336614308992,1.0815621214927131,anchor_constrained_daily_visitor_forecast,seasonal_calendar_ridge,126542.83990327934,43684.830535544905,85209.66404131644,136863.94238550356,pressure_forecast_scaled_by_latest_available_region_anchor,3.8608021071337637,extreme,1,0,emergency,activate_outer_transfer__issue_parking_saturation_alert__emergency_coordination_and_staggered_entry,2.0,2.0,2.0,0.0,0.0,0.0,0.0,0.96,4.8,0.96,8.64,relative_service_intensity_not_exact_resource_count
2026-08-29,HGA,1.6374166137865012,2.2807802073228327,3.0810840094421863,anchor_constrained_daily_visitor_forecast,seasonal_calendar_ridge,18777.81226850634,30747.101779016262,42828.06255883312,57856.01711280219,pressure_forecast_scaled_by_latest_available_region_anchor,1.7510317445968961,extreme,1,0,surge,intensify_parking_guidance__open_surge_window_security_teams__prepare_outer_transfer,0.0,2.0,0.0,1.0,1.0,0.0,0.5599999999999999,0.0,2.8,1.56,9.04,relative_service_intensity_not_exact_resource_count
2026-08-29,SHG,0.2008030611576313,0.4937234016595656,0.8580978620377864,anchor_constrained_daily_visitor_forecast,seasonal_calendar_ridge,171189.26559227135,34375.32856825487,84520.14653581905,146897.14280854684,pressure_forecast_scaled_by_latest_available_region_anchor,10.215016856902274,extreme,1,0,surge,intensify_parking_guidance__open_surge_window_security_teams__prepare_outer_transfer,0.0,2.0,2.0,0.0,1.0,0.0,0.0,1.2,2.8,2.2,11.600000000000001,relative_service_intensity_not_exact_resource_count
2026-08-30,BDH,0.3433652449744853,0.6710617821543947,1.0786956415788906,anchor_constrained_daily_visitor_forecast,seasonal_calendar_ridge,126542.83990327934,43450.41322315659,84918.06366437288,136501.20987668275,pressure_forecast_scaled_by_latest_available_region_anchor,3.8475898575326055,extreme,1,0,emergency,activate_outer_transfer__issue_parking_saturation_alert__emergency_coordination_and_staggered_entry,2.0,2.0,2.0,0.0,0.0,0.0,0.0,0.96,4.8,0.96,8.64,relative_service_intensity_not_exact_resource_count
2026-08-30,HGA,1.6337846771415463,2.2762623068149144,3.0754640256718737,anchor_constrained_daily_visitor_forecast,seasonal_calendar_ridge,18777.81226850634,30678.901954526194,42743.22627124764,57750.48611261121,pressure_forecast_scaled_by_latest_available_region_anchor,1.7475632002878498,extreme,1,0,surge,intensify_parking_guidance__open_surge_window_security_teams__prepare_outer_transfer,0.0,2.0,0.0,1.0,1.0,0.0,0.5599999999999999,0.0,2.8,1.56,9.04,relative_service_intensity_not_exact_resource_count
2026-08-30,SHG,0.1991494579239233,0.4916664233530078,0.8555391105383945,anchor_constrained_daily_visitor_forecast,seasonal_calendar_ridge,171189.26559227135,34092.24944509538,84168.01393018018,146459.11201853282,pressure_forecast_scaled_by_latest_available_region_anchor,10.172458477037877,extreme,1,0,surge,intensify_parking_guidance__open_surge_window_security_teams__prepare_outer_transfer,0.0,2.0,2.0,0.0,1.0,0.0,0.0,1.2,2.8,2.2,11.600000000000001,relative_service_intensity_not_exact_resource_count
2026-08-31,BDH,0.166660610648927,0.4512523429451671,0.805266539111448,anchor_constrained_daily_visitor_forecast,seasonal_calendar_ridge,126542.83990327934,21089.706971529948,57102.75298928999,101900.7147382478,pressure_forecast_scaled_by_latest_available_region_anchor,2.5872937247738927,extreme,0,0,surge,intensify_parking_guidance__open_surge_window_security_teams__prepare_outer_transfer,0.0,2.0,2.0,0.0,1.0,0.0,0.0,0.96,2.8,1.96,10.64,relative_service_intensity_not_exact_resource_count
2026-08-31,HGA,1.2873398364642852,1.8453067382931645,2.5393824327786514,anchor_constrained_daily_visitor_forecast,seasonal_calendar_ridge,18777.81226850634,24173.425774896,34650.8235094788,47684.04660066043,pressure_forecast_scaled_by_latest_available_region_anchor,1.4167041027871083,extreme,0,0,surge,intensify_parking_guidance__open_surge_window_security_teams__prepare_outer_transfer,1.0,1.0,0.0,1.0,0.5,0.0,0.5599999999999999,0.0,3.0,1.06,7.24,relative_service_intensity_not_exact_resource_count
2026-08-31,SHG,0.0414147932399617,0.2954544319676619,0.6114637473926952,anchor_constrained_daily_visitor_forecast,seasonal_calendar_ridge,171189.26559227135,7089.768039404822,50578.62722452574,104676.0298524536,pressure_forecast_scaled_by_latest_available_region_anchor,6.112880193345965,extreme,0,0,surge,intensify_parking_guidance__open_surge_window_security_teams__prepare_outer_transfer,0.0,2.0,2.0,0.0,1.0,0.0,0.0,1.2,2.8,2.2,11.600000000000001,relative_service_intensity_not_exact_resource_count
2026-09-01,BDH,0.0,0.1780420107689931,0.4654100880849941,anchor_constrained_daily_visitor_forecast,seasonal_calendar_ridge,126542.83990327934,0.0,22529.94166479864,58894.31426591054,pressure_forecast_scaled_by_latest_available_region_anchor,1.0208190260071763,high,0,0,surge,intensify_parking_guidance__open_surge_window_security_teams__prepare_outer_transfer,1.0,1.0,1.0,0.0,0.0,0.0,0.0,0.0,2.4,0.0,2.4,relative_service_intensity_not_exact_resource_count
2026-09-01,HGA,0.856729074967093,1.309654063628333,1.8730642319097712,anchor_constrained_daily_visitor_forecast,seasonal_calendar_ridge,18777.81226850634,16087.497734703167,24592.43814349929,35172.0485136557,pressure_forecast_scaled_by_latest_available_region_anchor,1.0054655124113576,high,0,0,surge,intensify_parking_guidance__open_surge_window_security_teams__prepare_outer_transfer,1.0,1.0,1.0,0.0,0.0,0.0,0.0,0.0,2.4,0.0,2.4,relative_service_intensity_not_exact_resource_count
2026-09-01,SHG,0.0,0.051574353222215,0.3080922849070321,anchor_constrained_daily_visitor_forecast,seasonal_calendar_ridge,171189.26559227135,0.0,8828.975651507379,52742.091987879656,pressure_forecast_scaled_by_latest_available_region_anchor,1.0670607991800691,high,0,0,surge,intensify_parking_guidance__open_surge_window_security_teams__prepare_outer_transfer,1.0,1.0,1.0,0.0,0.0,0.0,0.0,0.0,2.4,0.0,2.4,relative_service_intensity_not_exact_resource_count
2026-09-02,BDH,0.0,0.1763646773253268,0.4633235908913782,anchor_constrained_daily_visitor_forecast,seasonal_calendar_ridge,126542.83990327934,0.0,22317.68712737235,58630.28298558017,pressure_forecast_scaled_by_latest_available_region_anchor,1.011201891911368,high,0,0,surge,intensify_parking_guidance__open_surge_window_security_teams__prepare_outer_transfer,1.0,1.0,1.0,0.0,0.0,0.0,0.0,0.0,2.4,0.0,2.4,relative_service_intensity_not_exact_resource_count
2026-09-02,HGA,0.8540854054334086,1.3063655051823613,1.8689734722611933,anchor_constrained_daily_visitor_forecast,seasonal_calendar_ridge,18777.81226850634,16037.85540449967,24530.686210366825,35095.23299693913,pressure_forecast_scaled_by_latest_available_region_anchor,1.0029407753874346,high,0,0,surge,intensify_parking_guidance__open_surge_window_security_teams__prepare_outer_transfer,1.0,1.0,1.0,0.0,0.0,0.0,0.0,0.0,2.4,0.0,2.4,relative_service_intensity_not_exact_resource_count
2026-09-02,SHG,0.0,0.0500770884260214,0.3062297817731716,anchor_constrained_daily_visitor_forecast,seasonal_calendar_ridge,171189.26559227135,0.0,8572.65999064985,52423.25144423078,pressure_forecast_scaled_by_latest_available_region_anchor,1.036082755439479,high,0,0,surge,intensify_parking_guidance__open_surge_window_security_teams__prepare_outer_transfer,1.0,1.0,1.0,0.0,0.0,0.0,0.0,0.0,2.4,0.0,2.4,relative_service_intensity_not_exact_resource_count
2026-09-03,BDH,0.0,0.1746723843022601,0.4612184849228918,anchor_constrained_daily_visitor_forecast,seasonal_calendar_ridge,126542.83990327934,0.0,22103.539562284983,58363.89689803055,pressure_forecast_scaled_by_latest_available_region_anchor,1.0014989857935128,high,0,0,surge,intensify_parking_guidance__open_surge_window_security_teams__prepare_outer_transfer,1.0,1.0,1.0,0.0,0.0,0.0,0.0,0.0,2.4,0.0,2.4,relative_service_intensity_not_exact_resource_count
2026-09-03,HGA,0.8514181578899696,1.303047617176802,1.864846228487171,anchor_constrained_daily_visitor_forecast,seasonal_calendar_ridge,18777.81226850634,15987.770330855335,24468.3835322705,35017.73238816417,pressure_forecast_scaled_by_latest_available_region_anchor,1.0003935210732755,high,0,0,surge,intensify_parking_guidance__open_surge_window_security_teams__prepare_outer_transfer,1.0,1.0,1.0,0.0,0.0,0.0,0.0,0.0,2.4,0.0,2.4,relative_service_intensity_not_exact_resource_count
2026-09-03,SHG,0.0,0.0485664700228355,0.3043506675929987,anchor_constrained_daily_visitor_forecast,seasonal_calendar_ridge,171189.26559227135,0.0,8314.058335618287,52101.56726776295,pressure_forecast_scaled_by_latest_available_region_anchor,1.0048284288245724,high,0,0,surge,intensify_parking_guidance__open_surge_window_security_teams__prepare_outer_transfer,1.0,1.0,1.0,0.0,0.0,0.0,0.0,0.0,2.4,0.0,2.4,relative_service_intensity_not_exact_resource_count
2026-09-04,BDH,0.0,0.1729657028571374,0.4590954806633087,anchor_constrained_daily_visitor_forecast,seasonal_calendar_ridge,126542.83990327934,0.0,21887.571245408923,58095.24590989615,pressure_forecast_scaled_by_latest_available_region_anchor,0.991713582432869,normal,0,0,normal,maintain_normal_staffing__15min_summer_shuttle_baseline_if_operating,0.0,1.0,0.0,0.0,0.0,0.0,0.4,0.0,0.8,0.4,2.4000000000000004,relative_service_intensity_not_exact_resource_count
2026-09-04,HGA,0.8487282325461376,1.299701519415421,1.8606838935530836,anchor_constrained_daily_visitor_forecast,seasonal_calendar_ridge,18777.81226850634,15937.259417732565,24405.55113667521,34939.572844173235,pressure_forecast_scaled_by_latest_available_region_anchor,0.9978246091799279,normal,0,0,normal,maintain_normal_staffing__15min_summer_shuttle_baseline_if_operating,0.0,1.0,0.0,0.0,0.0,0.0,0.27999999999999997,0.0,0.8,0.27999999999999997,1.92,relative_service_intensity_not_exact_resource_count
2026-09-04,SHG,0.0,0.0470430078539102,0.3024555765769307,anchor_constrained_daily_visitor_forecast,seasonal_calendar_ridge,171189.26559227135,0.0,8053.257965762345,51777.14802849175,pressure_forecast_scaled_by_latest_available_region_anchor,0.973308367826621,normal,0,0,normal,maintain_normal_staffing__15min_summer_shuttle_baseline_if_operating,0.0,1.0,0.0,0.0,0.0,0.0,0.32000000000000006,0.0,0.8,0.32000000000000006,2.08,relative_service_intensity_not_exact_resource_count
2026-09-05,BDH,0.0826636926168966,0.3467654656292758,0.6752914425601322,anchor_constrained_daily_visitor_forecast,seasonal_calendar_ridge,126542.83990327934,10460.498420633849,43880.686801111566,85453.29690394136,pressure_forecast_scaled_by_latest_available_region_anchor,1.9882093183944787,extreme,1,0,surge,intensify_parking_guidance__open_surge_window_security_teams__prepare_outer_transfer,0.0,2.0,2.0,0.0,1.0,0.0,0.0,0.96,2.8,1.96,10.64,relative_service_intensity_not_exact_resource_count
2026-09-05,HGA,1.1226565558244932,1.640451106165961,2.284554924781486,anchor_constrained_daily_visitor_forecast,seasonal_calendar_ridge,18777.81226850634,21081.03404728024,30804.08290724798,42898.94349463836,pressure_forecast_scaled_by_latest_available_region_anchor,1.2594295378103946,high,1,0,surge,intensify_parking_guidance__open_surge_window_security_teams__prepare_outer_transfer,1.0,1.0,0.0,1.0,0.0,0.0,0.5599999999999999,0.0,3.0,0.5599999999999999,5.24,relative_service_intensity_not_exact_resource_count
2026-09-05,SHG,0.0,0.2021846508993761,0.495442012308965,anchor_constrained_daily_visitor_forecast,seasonal_calendar_ridge,171189.26559227135,0.0,34611.84190149396,84814.35423072879,pressure_forecast_scaled_by_latest_available_region_anchor,4.183151153463284,extreme,1,0,surge,intensify_parking_guidance__open_surge_window_security_teams__prepare_outer_transfer,0.0,2.0,2.0,0.0,1.0,0.0,0.0,1.2,2.8,2.2,11.600000000000001,relative_service_intensity_not_exact_resource_count
2026-09-06,BDH,0.0810610806324569,0.3447719172262348,0.6728115938669643,anchor_constrained_daily_visitor_forecast,seasonal_calendar_ridge,126542.83990327934,10257.699348859813,43628.41752470611,85139.48980777747,pressure_forecast_scaled_by_latest_available_region_anchor,1.976779138908745,extreme,1,0,surge,intensify_parking_guidance__open_surge_window_security_teams__prepare_outer_transfer,0.0,2.0,2.0,0.0,1.0,0.0,0.0,0.96,2.8,1.96,10.64,relative_service_intensity_not_exact_resource_count
2026-09-06,HGA,1.1195144953135403,1.6365425807245653,2.2796929652257147,anchor_constrained_daily_visitor_forecast,seasonal_calendar_ridge,18777.81226850634,21022.033024869284,30730.689350262768,42807.64653084302,pressure_forecast_scaled_by_latest_available_region_anchor,1.2564288312537195,high,1,0,surge,intensify_parking_guidance__open_surge_window_security_teams__prepare_outer_transfer,1.0,1.0,0.0,1.0,0.0,0.0,0.5599999999999999,0.0,3.0,0.5599999999999999,5.24,relative_service_intensity_not_exact_resource_count
2026-09-06,SHG,0.0,0.200405118120934,0.4932283855776869,anchor_constrained_daily_visitor_forecast,seasonal_calendar_ridge,171189.26559227135,0.0,34307.204992055085,84435.40509630585,pressure_forecast_scaled_by_latest_available_region_anchor,4.146333053960417,extreme,1,0,surge,intensify_parking_guidance__open_surge_window_security_teams__prepare_outer_transfer,0.0,2.0,2.0,0.0,1.0,0.0,0.0,1.2,2.8,2.2,11.600000000000001,relative_service_intensity_not_exact_resource_count
2026-09-07,BDH,0.0,0.1677650769660202,0.4526262295028818,anchor_constrained_daily_visitor_forecast,seasonal_calendar_ridge,126542.83990327934,0.0,21229.46927587244,57276.60849600814,pressure_forecast_scaled_by_latest_available_region_anchor,0.9618953511408955,normal,0,0,normal,maintain_normal_staffing__15min_summer_shuttle_baseline_if_operating,0.0,1.0,0.0,0.0,0.0,0.0,0.4,0.0,0.8,0.4,2.4000000000000004,relative_service_intensity_not_exact_resource_count
2026-09-07,HGA,0.840531450757549,1.2895052389661452,1.848000362664776,anchor_constrained_daily_visitor_forecast,seasonal_calendar_ridge,18777.81226850634,15783.341788100535,24214.08729656168,34701.403882250794,pressure_forecast_scaled_by_latest_available_region_anchor,0.9899965814347861,normal,0,0,normal,maintain_normal_staffing__15min_summer_shuttle_baseline_if_operating,0.0,1.0,0.0,0.0,0.0,0.0,0.27999999999999997,0.0,0.8,0.27999999999999997,1.92,relative_service_intensity_not_exact_resource_count
2026-09-07,SHG,0.0,0.0424006905529913,0.2966808261498069,anchor_constrained_daily_visitor_forecast,seasonal_calendar_ridge,171189.26559227135,0.0,7258.543076371747,50788.572743893776,pressure_forecast_scaled_by_latest_available_region_anchor,0.8772599542319306,normal,0,0,normal,maintain_normal_staffing__15min_summer_shuttle_baseline_if_operating,0.0,0.0,1.0,0.0,0.0,0.0,0.0,0.0,0.6,0.0,0.6,relative_service_intensity_not_exact_resource_count
2026-09-08,BDH,0.0,0.1660066015327854,0.4504387967832031,anchor_constrained_daily_visitor_forecast,seasonal_calendar_ridge,126542.83990327934,0.0,21006.946800650752,56999.80454756264,pressure_forecast_scaled_by_latest_available_region_anchor,0.9518129825400294,normal,0,0,normal,maintain_normal_staffing__15min_summer_shuttle_baseline_if_operating,0.0,1.0,0.0,0.0,0.0,0.0,0.4,0.0,0.8,0.4,2.4000000000000004,relative_service_intensity_not_exact_resource_count
2026-09-08,HGA,0.837759892158912,1.2860575945756785,1.843711710117808,anchor_constrained_daily_visitor_forecast,seasonal_calendar_ridge,18777.81226850634,15731.297981044165,24149.348077428927,34620.87236983898,pressure_forecast_scaled_by_latest_available_region_anchor,0.9873497087758574,normal,0,0,normal,maintain_normal_staffing__15min_summer_shuttle_baseline_if_operating,0.0,1.0,0.0,0.0,0.0,0.0,0.27999999999999997,0.0,0.8,0.27999999999999997,1.92,relative_service_intensity_not_exact_resource_count
2026-09-08,SHG,0.0,0.040830994693712,0.2947282233339602,anchor_constrained_daily_visitor_forecast,seasonal_calendar_ridge,171189.26559227135,0.0,6989.8279950185,50454.30810185559,pressure_forecast_scaled_by_latest_available_region_anchor,0.8447833294479923,normal,0,0,normal,maintain_normal_staffing__15min_summer_shuttle_baseline_if_operating,0.0,0.0,1.0,0.0,0.0,0.0,0.0,0.0,0.6,0.0,0.6,relative_service_intensity_not_exact_resource_count
2026-09-09,BDH,0.0,0.1642366273879515,0.4482370603902914,anchor_constrained_daily_visitor_forecast,seasonal_calendar_ridge,126542.83990327934,0.0,20782.969245808097,56721.19057168519,pressure_forecast_scaled_by_latest_available_region_anchor,0.9416646850972898,normal,0,0,normal,maintain_normal_staffing__15min_summer_shuttle_baseline_if_operating,0.0,1.0,0.0,0.0,0.0,0.0,0.4,0.0,0.8,0.4,2.4000000000000004,relative_service_intensity_not_exact_resource_count
2026-09-09,HGA,0.8349702102743857,1.2825874059586666,1.8393950139724748,anchor_constrained_daily_visitor_forecast,seasonal_calendar_ridge,18777.81226850634,15678.913858327676,24084.18552704237,34539.81426000172,pressure_forecast_scaled_by_latest_available_region_anchor,0.9846855281552884,normal,0,0,normal,maintain_normal_staffing__15min_summer_shuttle_baseline_if_operating,0.0,1.0,0.0,0.0,0.0,0.0,0.27999999999999997,0.0,0.8,0.27999999999999997,1.92,relative_service_intensity_not_exact_resource_count
2026-09-09,SHG,0.0,0.0392510345568415,0.2927628524030621,anchor_constrained_daily_visitor_forecast,seasonal_calendar_ridge,171189.26559227135,0.0,6719.355779522574,50117.85769557874,pressure_forecast_scaled_by_latest_available_region_anchor,0.8120943392621589,normal,0,0,normal,maintain_normal_staffing__15min_summer_shuttle_baseline_if_operating,0.0,0.0,1.0,0.0,0.0,0.0,0.0,0.0,0.6,0.0,0.6,relative_service_intensity_not_exact_resource_count
2026-09-10,BDH,0.0,0.162455737532675,0.446021745540877,anchor_constrained_daily_visitor_forecast,seasonal_calendar_ridge,126542.83990327934,0.0,20557.610385966465,56440.8583393604,pressure_forecast_scaled_by_latest_available_region_anchor,0.9314538014994393,normal,0,0,normal,maintain_normal_staffing__15min_summer_shuttle_baseline_if_operating,0.0,1.0,0.0,0.0,0.0,0.0,0.4,0.0,0.8,0.4,2.4000000000000004,relative_service_intensity_not_exact_resource_count
2026-09-10,HGA,0.8321633239805364,1.2790958161397017,1.8350516960794008,anchor_constrained_daily_visitor_forecast,seasonal_calendar_ridge,18777.81226850634,15626.206674442732,24018.62110890321,34458.25625198314,pressure_forecast_scaled_by_latest_available_region_anchor,0.9820049171115368,normal,0,0,normal,maintain_normal_staffing__15min_summer_shuttle_baseline_if_operating,0.0,1.0,0.0,0.0,0.0,0.0,0.27999999999999997,0.0,0.8,0.27999999999999997,1.92,relative_service_intensity_not_exact_resource_count
2026-09-10,SHG,0.0,0.0376613305559631,0.2907853607188431,anchor_constrained_daily_visitor_forecast,seasonal_calendar_ridge,171189.26559227135,0.0,6447.215519103098,49779.33234644247,pressure_forecast_scaled_by_latest_available_region_anchor,0.7792037509046409,low,0,0,normal,maintain_normal_staffing__15min_summer_shuttle_baseline_if_operating,0.0,0.0,0.0,0.0,0.0,0.0,0.0,0.0,0.0,0.0,0.0,relative_service_intensity_not_exact_resource_count
2026-09-11,BDH,0.0,0.1606645160893287,0.4437935788464138,anchor_constrained_daily_visitor_forecast,seasonal_calendar_ridge,126542.83990327934,0.0,20330.94413762977,56158.899798065126,pressure_forecast_scaled_by_latest_available_region_anchor,0.9211836808618307,normal,0,0,normal,maintain_normal_staffing__15min_summer_shuttle_baseline_if_operating,0.0,1.0,0.0,0.0,0.0,0.0,0.4,0.0,0.8,0.4,2.4000000000000004,relative_service_intensity_not_exact_resource_count
2026-09-11,HGA,0.8293401539210963,1.2755839703416196,1.8306831810236868,anchor_constrained_daily_visitor_forecast,seasonal_calendar_ridge,18777.81226850634,15573.193717064498,23952.67632779089,34376.225096374794,pressure_forecast_scaled_by_latest_available_region_anchor,0.979308754870727,normal,0,0,normal,maintain_normal_staffing__15min_summer_shuttle_baseline_if_operating,0.0,1.0,0.0,0.0,0.0,0.0,0.27999999999999997,0.0,0.8,0.27999999999999997,1.92,relative_service_intensity_not_exact_resource_count
2026-09-11,SHG,0.0,0.036062404105509,0.288796396888027,anchor_constrained_daily_visitor_forecast,seasonal_calendar_ridge,171189.26559227135,0.0,6173.4964743138025,49438.843088955466,pressure_forecast_scaled_by_latest_available_region_anchor,0.7461223523129703,low,0,0,normal,maintain_normal_staffing__15min_summer_shuttle_baseline_if_operating,0.0,0.0,0.0,0.0,0.0,0.0,0.0,0.0,0.0,0.0,0.0,relative_service_intensity_not_exact_resource_count
2026-09-12,BDH,0.0712184613139118,0.3325283185169146,0.6575813279689,anchor_constrained_daily_visitor_forecast,seasonal_calendar_ridge,126542.83990327934,9012.186348204244,42079.0777733926,83212.20870855433,pressure_forecast_scaled_by_latest_available_region_anchor,1.9065794233736986,extreme,1,0,surge,intensify_parking_guidance__open_surge_window_security_teams__prepare_outer_transfer,0.0,2.0,2.0,0.0,1.0,0.0,0.0,0.96,2.8,1.96,10.64,relative_service_intensity_not_exact_resource_count
2026-09-12,HGA,1.1002171820615412,1.6125379380599485,2.2498327011603934,anchor_constrained_daily_visitor_forecast,seasonal_calendar_ridge,18777.81226850634,20659.67169933668,30279.934676734018,42246.93609793639,pressure_forecast_scaled_by_latest_available_region_anchor,1.2379996589956934,high,1,0,surge,intensify_parking_guidance__open_surge_window_security_teams__prepare_outer_transfer,1.0,1.0,0.0,1.0,0.0,0.0,0.5599999999999999,0.0,3.0,0.5599999999999999,5.24,relative_service_intensity_not_exact_resource_count
2026-09-12,SHG,0.0,0.1894759201159655,0.4796331513969426,anchor_constrained_daily_visitor_forecast,seasonal_calendar_ridge,171189.26559227135,0.0,32436.24361207201,82108.0469413493,pressure_forecast_scaled_by_latest_available_region_anchor,3.9202106107504924,extreme,1,0,surge,intensify_parking_guidance__open_surge_window_security_teams__prepare_outer_transfer,0.0,2.0,2.0,0.0,1.0,0.0,0.0,1.2,2.8,2.2,11.600000000000001,relative_service_intensity_not_exact_resource_count
2026-09-13,BDH,0.0695452327845623,0.3304469275782503,0.6549922086922655,anchor_constrained_daily_visitor_forecast,seasonal_calendar_ridge,126542.83990327934,8800.451258293164,41815.69265306507,82884.57420244068,pressure_forecast_scaled_by_latest_available_region_anchor,1.8946455912316642,extreme,1,0,surge,intensify_parking_guidance__open_surge_window_security_teams__prepare_outer_transfer,0.0,2.0,2.0,0.0,1.0,0.0,0.0,0.96,2.8,1.96,10.64,relative_service_intensity_not_exact_resource_count
2026-09-13,HGA,1.0969366716579536,1.6084571896693656,2.244756507099544,anchor_constrained_daily_visitor_forecast,seasonal_calendar_ridge,18777.81226850634,20598.07089083323,30203.30714954064,42151.61627882325,pressure_forecast_scaled_by_latest_available_region_anchor,1.2348667310832704,high,1,0,surge,intensify_parking_guidance__open_surge_window_security_teams__prepare_outer_transfer,1.0,1.0,0.0,1.0,0.0,0.0,0.5599999999999999,0.0,3.0,0.5599999999999999,5.24,relative_service_intensity_not_exact_resource_count
2026-09-13,SHG,0.0,0.1876179750595749,0.4773219847289857,anchor_constrained_daily_visitor_forecast,seasonal_calendar_ridge,171189.26559227135,0.0,32118.18336235772,81712.40001680043,pressure_forecast_scaled_by_latest_available_region_anchor,3.881770180326426,extreme,1,0,surge,intensify_parking_guidance__open_surge_window_security_teams__prepare_outer_transfer,0.0,2.0,2.0,0.0,1.0,0.0,0.0,1.2,2.8,2.2,11.600000000000001,relative_service_intensity_not_exact_resource_count
2026-09-14,BDH,0.0,0.1552347153075461,0.4370392485515868,anchor_constrained_daily_visitor_forecast,seasonal_calendar_ridge,126542.83990327934,0.0,19643.84172659396,55304.18766091296,pressure_forecast_scaled_by_latest_available_region_anchor,0.8900514558238647,normal,0,0,normal,maintain_normal_staffing__15min_summer_shuttle_baseline_if_operating,0.0,0.0,1.0,0.0,0.0,0.0,0.0,0.0,0.6,0.0,0.6,relative_service_intensity_not_exact_resource_count
2026-09-14,HGA,0.8207821662681485,1.2649383725397638,1.817440727639234,anchor_constrained_daily_visitor_forecast,seasonal_calendar_ridge,18777.81226850634,15412.493431521249,23752.775290781618,34127.5607927471,pressure_forecast_scaled_by_latest_available_region_anchor,0.9711357710683373,normal,0,0,normal,maintain_normal_staffing__15min_summer_shuttle_baseline_if_operating,0.0,1.0,0.0,0.0,0.0,0.0,0.27999999999999997,0.0,0.8,0.27999999999999997,1.92,relative_service_intensity_not_exact_resource_count
2026-09-14,SHG,0.0,0.0312155147815016,0.2827671717446932,anchor_constrained_daily_visitor_forecast,seasonal_calendar_ridge,171189.26559227135,0.0,5343.761050529951,48406.7044645777,pressure_forecast_scaled_by_latest_available_region_anchor,0.64584139341604,low,0,0,normal,maintain_normal_staffing__15min_summer_shuttle_baseline_if_operating,0.0,0.0,0.0,0.0,0.0,0.0,0.0,0.0,0.0,0.0,0.0,relative_service_intensity_not_exact_resource_count
2026-09-15,BDH,0.0,0.1534080229102174,0.4347669582237348,anchor_constrained_daily_visitor_forecast,seasonal_calendar_ridge,126542.83990327934,0.0,19412.68688300625,55016.64558974181,pressure_forecast_scaled_by_latest_available_region_anchor,0.8795779594518466,normal,0,0,normal,maintain_normal_staffing__15min_summer_shuttle_baseline_if_operating,0.0,0.0,1.0,0.0,0.0,0.0,0.0,0.0,0.6,0.0,0.6,relative_service_intensity_not_exact_resource_count
2026-09-15,HGA,0.8179030899244049,1.2613569828440472,1.812985704353569,anchor_constrained_daily_visitor_forecast,seasonal_calendar_ridge,18777.81226850634,15358.430676431732,23685.52462741509,34043.905201837064,pressure_forecast_scaled_by_latest_available_region_anchor,0.9683862176362102,normal,0,0,normal,maintain_normal_staffing__15min_summer_shuttle_baseline_if_operating,0.0,1.0,0.0,0.0,0.0,0.0,0.27999999999999997,0.0,0.8,0.27999999999999997,1.92,relative_service_intensity_not_exact_resource_count
2026-09-15,SHG,0.0,0.0295849253299395,0.2807388211341031,anchor_constrained_daily_visitor_forecast,seasonal_calendar_ridge,171189.26559227135,0.0,5064.621639834536,48059.47261318714,pressure_forecast_scaled_by_latest_available_region_anchor,0.612104895047914,low,0,0,normal,maintain_normal_staffing__15min_summer_shuttle_baseline_if_operating,0.0,0.0,0.0,0.0,0.0,0.0,0.0,0.0,0.0,0.0,0.0,relative_service_intensity_not_exact_resource_count
2026-09-16,BDH,0.0,0.1515739281445421,0.4324854598157366,anchor_constrained_daily_visitor_forecast,seasonal_calendar_ridge,126542.83990327934,0.0,19180.595322705965,54727.93830195892,pressure_forecast_scaled_by_latest_available_region_anchor,0.8690620209707276,normal,0,0,normal,maintain_normal_staffing__15min_summer_shuttle_baseline_if_operating,0.0,0.0,1.0,0.0,0.0,0.0,0.0,0.0,0.6,0.0,0.6,relative_service_intensity_not_exact_resource_count
2026-09-16,HGA,0.8150123466007,1.2577610801598502,1.80851262782402,anchor_constrained_daily_visitor_forecast,seasonal_calendar_ridge,18777.81226850634,15304.148840982763,23618.00144187542,33959.91061050253,pressure_forecast_scaled_by_latest_available_region_anchor,0.9656255220942663,normal,0,0,normal,maintain_normal_staffing__15min_summer_shuttle_baseline_if_operating,0.0,1.0,0.0,0.0,0.0,0.0,0.27999999999999997,0.0,0.8,0.27999999999999997,1.92,relative_service_intensity_not_exact_resource_count
2026-09-16,SHG,0.0,0.0279477281847339,0.2787022509686622,anchor_constrained_daily_visitor_forecast,seasonal_calendar_ridge,171189.26559227135,0.0,4784.351062917026,47710.833662238176,pressure_forecast_scaled_by_latest_available_region_anchor,0.5782316851086389,low,0,0,normal,maintain_normal_staffing__15min_summer_shuttle_baseline_if_operating,0.0,0.0,0.0,0.0,0.0,0.0,0.0,0.0,0.0,0.0,0.0,relative_service_intensity_not_exact_resource_count
2026-09-17,BDH,0.0,0.1497330169743799,0.4301954822297394,anchor_constrained_daily_visitor_forecast,seasonal_calendar_ridge,126542.83990327934,0.0,18947.641195223965,54438.158034911976,pressure_forecast_scaled_by_latest_available_region_anchor,0.8585070000541809,normal,0,0,normal,maintain_normal_staffing__15min_summer_shuttle_baseline_if_operating,0.0,0.0,1.0,0.0,0.0,0.0,0.0,0.0,0.6,0.0,0.6,relative_service_intensity_not_exact_resource_count
2026-09-17,HGA,0.8121108598431601,1.2541518133204028,1.8040229271267891,anchor_constrained_daily_visitor_forecast,seasonal_calendar_ridge,18777.81226850634,15249.665267350125,23550.22730673733,33875.603853668144,pressure_forecast_scaled_by_latest_available_region_anchor,0.9628545664404501,normal,0,0,normal,maintain_normal_staffing__15min_summer_shuttle_baseline_if_operating,0.0,1.0,0.0,0.0,0.0,0.0,0.27999999999999997,0.0,0.8,0.27999999999999997,1.92,relative_service_intensity_not_exact_resource_count
2026-09-17,SHG,0.0,0.0263044464041128,0.2766581118998725,anchor_constrained_daily_visitor_forecast,seasonal_calendar_ridge,171189.26559227135,0.0,4503.038861731341,47360.898996283606,pressure_forecast_scaled_by_latest_available_region_anchor,0.5442325855454804,low,0,0,normal,maintain_normal_staffing__15min_summer_shuttle_baseline_if_operating,0.0,0.0,0.0,0.0,0.0,0.0,0.0,0.0,0.0,0.0,0.0,relative_service_intensity_not_exact_resource_count
2026-09-18,BDH,0.0,0.1478858748841647,0.4278977537715151,anchor_constrained_daily_visitor_forecast,seasonal_calendar_ridge,126542.83990327934,0.0,18713.898589423254,54147.39695048168,pressure_forecast_scaled_by_latest_available_region_anchor,0.8479162536270533,normal,0,0,normal,maintain_normal_staffing__15min_summer_shuttle_baseline_if_operating,0.0,0.0,1.0,0.0,0.0,0.0,0.0,0.0,0.6,0.0,0.6,relative_service_intensity_not_exact_resource_count
2026-09-18,HGA,0.8091995524422813,1.2505303302189814,1.7995180301688376,anchor_constrained_daily_visitor_forecast,seasonal_calendar_ridge,18777.81226850634,15194.997283520508,23482.22377692527,33791.01174430276,pressure_forecast_scaled_by_latest_available_region_anchor,0.9600742319510722,normal,0,0,normal,maintain_normal_staffing__15min_summer_shuttle_baseline_if_operating,0.0,1.0,0.0,0.0,0.0,0.0,0.27999999999999997,0.0,0.8,0.27999999999999997,1.92,relative_service_intensity_not_exact_resource_count
2026-09-18,SHG,0.0,0.0246556026183469,0.2746070540468845,anchor_constrained_daily_visitor_forecast,seasonal_calendar_ridge,171189.26559227135,0.0,4220.774504969704,47009.77990874332,pressure_forecast_scaled_by_latest_available_region_anchor,0.5101184094513718,low,0,0,normal,maintain_normal_staffing__15min_summer_shuttle_baseline_if_operating,0.0,0.0,0.0,0.0,0.0,0.0,0.0,0.0,0.0,0.0,0.0,relative_service_intensity_not_exact_resource_count
2026-09-19,BDH,0.0593583703280992,0.3177751120800146,0.6392292680706957,anchor_constrained_daily_visitor_forecast,seasonal_calendar_ridge,126542.83990327934,7511.376753348231,40212.16513318794,80889.88693096048,pressure_forecast_scaled_by_latest_available_region_anchor,1.8219906582819607,extreme,1,0,surge,intensify_parking_guidance__open_surge_window_security_teams__prepare_outer_transfer,0.0,2.0,2.0,0.0,1.0,0.0,0.0,0.96,2.8,1.96,10.64,relative_service_intensity_not_exact_resource_count
2026-09-19,HGA,1.0769644397230036,1.5836129906582084,2.2138518878002915,anchor_constrained_daily_visitor_forecast,seasonal_calendar_ridge,18777.81226850634,20223.03606897567,29736.78744454772,41571.29513939224,pressure_forecast_scaled_by_latest_available_region_anchor,1.2157930031554565,high,1,0,surge,intensify_parking_guidance__open_surge_window_security_teams__prepare_outer_transfer,1.0,1.0,0.0,1.0,0.0,0.0,0.5599999999999999,0.0,3.0,0.5599999999999999,5.24,relative_service_intensity_not_exact_resource_count
2026-09-19,SHG,0.0,0.1763065311001104,0.4632512606482823,anchor_constrained_daily_visitor_forecast,seasonal_calendar_ridge,171189.26559227135,0.0,30181.785578148847,79303.64309507332,pressure_forecast_scaled_by_latest_available_region_anchor,3.647739161473672,extreme,1,0,surge,intensify_parking_guidance__open_surge_window_security_teams__prepare_outer_transfer,0.0,2.0,2.0,0.0,1.0,0.0,0.0,1.2,2.8,2.2,11.600000000000001,relative_service_intensity_not_exact_resource_count
2026-09-20,BDH,0.057641029467399,0.3156388481786043,0.636571890283383,anchor_constrained_daily_visitor_forecast,seasonal_calendar_ridge,126542.83990327934,7294.059563753287,39941.836232320624,80553.61479905804,pressure_forecast_scaled_by_latest_available_region_anchor,1.8097422073365184,extreme,1,0,surge,intensify_parking_guidance__open_surge_window_security_teams__prepare_outer_transfer,0.0,2.0,2.0,0.0,1.0,0.0,0.0,0.96,2.8,1.96,10.64,relative_service_intensity_not_exact_resource_count
2026-09-20,HGA,1.0735974432480972,1.579424659040345,2.2086418669784917,anchor_constrained_daily_visitor_forecast,seasonal_calendar_ridge,18777.81226850634,20159.81124126116,29658.13973970923,41473.46234648546,pressure_forecast_scaled_by_latest_available_region_anchor,1.2125774799778037,high,1,0,surge,intensify_parking_guidance__open_surge_window_security_teams__prepare_outer_transfer,1.0,1.0,0.0,1.0,0.0,0.0,0.5599999999999999,0.0,3.0,0.5599999999999999,5.24,relative_service_intensity_not_exact_resource_count
2026-09-20,SHG,0.0,0.1743996039193292,0.4608791633016553,anchor_constrained_daily_visitor_forecast,seasonal_calendar_ridge,171189.26559227135,0.0,29855.340114532974,78897.56549239086,pressure_forecast_scaled_by_latest_available_region_anchor,3.6082853028332087,extreme,1,0,surge,intensify_parking_guidance__open_surge_window_security_teams__prepare_outer_transfer,0.0,2.0,2.0,0.0,1.0,0.0,0.0,1.2,2.8,2.2,11.600000000000001,relative_service_intensity_not_exact_resource_count
2026-09-21,BDH,0.0,0.1423129062349843,0.4209653316639543,anchor_constrained_daily_visitor_forecast,seasonal_calendar_ridge,126542.83990327934,0.0,18008.67930986403,53270.14856958266,pressure_forecast_scaled_by_latest_available_region_anchor,0.8159631634330416,normal,0,0,normal,maintain_normal_staffing__15min_summer_shuttle_baseline_if_operating,0.0,0.0,1.0,0.0,0.0,0.0,0.0,0.0,0.6,0.0,0.6,relative_service_intensity_not_exact_resource_count
2026-09-21,HGA,0.8004159158400017,1.23960403933174,1.7859264122595049,anchor_constrained_daily_visitor_forecast,seasonal_calendar_ridge,18777.81226850634,15030.059804368122,23277.05193785356,33535.79089477604,pressure_forecast_scaled_by_latest_available_region_anchor,0.9516857506178723,normal,0,0,normal,maintain_normal_staffing__15min_summer_shuttle_baseline_if_operating,0.0,1.0,0.0,0.0,0.0,0.0,0.27999999999999997,0.0,0.8,0.27999999999999997,1.92,relative_service_intensity_not_exact_resource_count
2026-09-21,SHG,0.0,0.0196809150866485,0.268418855979769,anchor_constrained_daily_visitor_forecast,seasonal_calendar_ridge,171189.26559227135,0.0,3369.161399867215,45950.42682629432,pressure_forecast_scaled_by_latest_available_region_anchor,0.4071933367825243,low,0,0,normal,maintain_normal_staffing__15min_summer_shuttle_baseline_if_operating,0.0,0.0,0.0,0.0,0.0,0.0,0.0,0.0,0.0,0.0,0.0,relative_service_intensity_not_exact_resource_count
2026-09-22,BDH,0.0,0.1404466782348311,0.4186438615354773,anchor_constrained_daily_visitor_forecast,seasonal_calendar_ridge,126542.83990327934,0.0,17772.52151881762,52976.38314677455,pressure_forecast_scaled_by_latest_available_region_anchor,0.805262986316442,normal,0,0,normal,maintain_normal_staffing__15min_summer_shuttle_baseline_if_operating,0.0,0.0,1.0,0.0,0.0,0.0,0.0,0.0,0.6,0.0,0.6,relative_service_intensity_not_exact_resource_count
2026-09-22,HGA,0.7974745268600449,1.2359451366399783,1.781374967687228,anchor_constrained_daily_visitor_forecast,seasonal_calendar_ridge,18777.81226850634,14974.82695429384,23208.34574999893,33450.32472304731,pressure_forecast_scaled_by_latest_available_region_anchor,0.9488766878493095,normal,0,0,normal,maintain_normal_staffing__15min_summer_shuttle_baseline_if_operating,0.0,1.0,0.0,0.0,0.0,0.0,0.27999999999999997,0.0,0.8,0.27999999999999997,1.92,relative_service_intensity_not_exact_resource_count
2026-09-22,SHG,0.0,0.0180150343419157,0.2663466052225278,anchor_constrained_daily_visitor_forecast,seasonal_calendar_ridge,171189.26559227135,0.0,3083.980498612101,45595.67974103916,pressure_forecast_scaled_by_latest_available_region_anchor,0.37272667015940136,low,0,0,normal,maintain_normal_staffing__15min_summer_shuttle_baseline_if_operating,0.0,0.0,0.0,0.0,0.0,0.0,0.0,0.0,0.0,0.0,0.0,relative_service_intensity_not_exact_resource_count
2026-09-23,BDH,0.0,0.1385771321099947,0.4163182638688144,anchor_constrained_daily_visitor_forecast,seasonal_calendar_ridge,126542.83990327934,0.0,17535.943842850662,52682.09541356258,pressure_forecast_scaled_by_latest_available_region_anchor,0.79454378444949,low,0,0,normal,maintain_normal_staffing__15min_summer_shuttle_baseline_if_operating,0.0,0.0,0.0,0.0,0.0,0.0,0.0,0.0,0.0,0.0,0.0,relative_service_intensity_not_exact_resource_count
2026-09-23,HGA,0.7945279081357179,1.2322797284755025,1.7768154307164994,anchor_constrained_daily_visitor_forecast,seasonal_calendar_ridge,18777.81226850634,14919.495901061562,23139.517403598948,33364.70659377966,pressure_forecast_scaled_by_latest_available_region_anchor,0.9460626306103456,normal,0,0,normal,maintain_normal_staffing__15min_summer_shuttle_baseline_if_operating,0.0,1.0,0.0,0.0,0.0,0.0,0.27999999999999997,0.0,0.8,0.27999999999999997,1.92,relative_service_intensity_not_exact_resource_count
2026-09-23,SHG,0.0,0.0163461916868388,0.2642706700353101,anchor_constrained_daily_visitor_forecast,seasonal_calendar_ridge,171189.26559227135,0.0,2798.2925501004406,45240.30192092221,pressure_forecast_scaled_by_latest_available_region_anchor,0.338198722333096,low,0,0,normal,maintain_normal_staffing__15min_summer_shuttle_baseline_if_operating,0.0,0.0,0.0,0.0,0.0,0.0,0.0,0.0,0.0,0.0,0.0,relative_service_intensity_not_exact_resource_count
2026-09-24,BDH,0.0,0.1367048460579692,0.4139892579052425,anchor_constrained_daily_visitor_forecast,seasonal_calendar_ridge,126542.83990327934,0.0,17299.019448716048,52387.37638478053,pressure_forecast_scaled_by_latest_available_region_anchor,0.7838088729767398,low,0,0,normal,maintain_normal_staffing__15min_summer_shuttle_baseline_if_operating,0.0,0.0,0.0,0.0,0.0,0.0,0.0,0.0,0.0,0.0,0.0,relative_service_intensity_not_exact_resource_count
2026-09-24,HGA,0.7915769709724652,1.2286089484449048,1.772249211482546,anchor_constrained_daily_visitor_forecast,seasonal_calendar_ridge,18777.81226850634,14864.083756993845,23070.588185305405,33278.96298622764,pressure_forecast_scaled_by_latest_available_region_anchor,0.9432444492089236,normal,0,0,normal,maintain_normal_staffing__15min_summer_shuttle_baseline_if_operating,0.0,1.0,0.0,0.0,0.0,0.0,0.27999999999999997,0.0,0.8,0.27999999999999997,1.92,relative_service_intensity_not_exact_resource_count
2026-09-24,SHG,0.0,0.0146749032470314,0.2621916924458818,anchor_constrained_daily_visitor_forecast,seasonal_calendar_ridge,171189.26559227135,0.0,2512.185909496948,44884.40327420519,pressure_forecast_scaled_by_latest_available_region_anchor,0.3036201718167669,low,0,0,normal,maintain_normal_staffing__15min_summer_shuttle_baseline_if_operating,0.0,0.0,0.0,0.0,0.0,0.0,0.0,0.0,0.0,0.0,0.0,relative_service_intensity_not_exact_resource_count
2026-09-25,BDH,0.0,0.1348303963612912,0.4116575605039531,anchor_constrained_daily_visitor_forecast,seasonal_calendar_ridge,126542.83990327934,0.0,17061.82126084257,52092.31677382627,pressure_forecast_scaled_by_latest_available_region_anchor,0.7730615560631773,low,0,1,normal,maintain_normal_staffing__15min_summer_shuttle_baseline_if_operating,0.0,0.0,0.0,0.0,0.0,0.0,0.0,0.0,0.0,0.0,0.0,relative_service_intensity_not_exact_resource_count
2026-09-25,HGA,0.7886226236575393,1.2249339264003405,1.7676777154503087,anchor_constrained_daily_visitor_forecast,seasonal_calendar_ridge,18777.81226850634,14808.6075777382,23001.579311269958,33193.120291948064,pressure_forecast_scaled_by_latest_available_region_anchor,0.9404230110705777,normal,0,1,normal,maintain_normal_staffing__15min_summer_shuttle_baseline_if_operating,0.0,1.0,0.0,0.0,0.0,0.0,0.27999999999999997,0.0,0.8,0.27999999999999997,1.92,relative_service_intensity_not_exact_resource_count
2026-09-25,SHG,0.0,0.0130016834387284,0.2601103123556503,anchor_constrained_daily_visitor_forecast,seasonal_calendar_ridge,171189.26559227135,0.0,2225.748639339119,44528.093345140085,pressure_forecast_scaled_by_latest_available_region_anchor,0.2690016617569519,low,0,1,normal,maintain_normal_staffing__15min_summer_shuttle_baseline_if_operating,0.0,0.0,0.0,0.0,0.0,0.0,0.0,0.0,0.0,0.0,0.0,relative_service_intensity_not_exact_resource_count
2026-09-26,BDH,0.0472687878427212,0.3027364326671777,0.6205220977647219,anchor_constrained_daily_visitor_forecast,seasonal_calendar_ridge,126542.83990327934,5981.526652403552,38309.12793189258,78522.62847388825,pressure_forecast_scaled_by_latest_available_region_anchor,1.7357651095794975,extreme,1,1,surge,intensify_parking_guidance__open_surge_window_security_teams__prepare_outer_transfer,0.0,2.0,2.0,0.0,1.0,0.0,0.0,0.48,2.8,1.48,8.719999999999999,relative_service_intensity_not_exact_resource_count
2026-09-26,HGA,1.053261759292536,1.5541283485996549,2.1771748495272893,anchor_constrained_daily_visitor_forecast,seasonal_calendar_ridge,18777.81226850634,19777.951585591956,29183.130371168096,40882.58060013698,pressure_forecast_scaled_by_latest_available_region_anchor,1.193156650885807,high,1,1,surge,intensify_parking_guidance__open_surge_window_security_teams__prepare_outer_transfer,1.0,1.0,0.0,1.0,0.0,0.0,0.27999999999999997,0.0,3.0,0.27999999999999997,4.12,relative_service_intensity_not_exact_resource_count
2026-09-26,SHG,0.0,0.1628823158070182,0.4465523820554207,anchor_constrained_daily_visitor_forecast,seasonal_calendar_ridge,171189.26559227135,0.0,27883.704020971865,76444.97433254684,pressure_forecast_scaled_by_latest_available_region_anchor,3.3699954186235503,extreme,1,1,surge,intensify_parking_guidance__open_surge_window_security_teams__prepare_outer_transfer,0.0,2.0,2.0,0.0,1.0,0.0,0.0,1.2,2.8,2.2,11.600000000000001,relative_service_intensity_not_exact_resource_count
2026-09-27,BDH,0.0455336932843247,0.300578084283663,0.6178372482721817,anchor_constrained_daily_visitor_forecast,seasonal_calendar_ridge,126542.83990327934,5761.962859483329,38036.00439794198,78182.87999438934,pressure_forecast_scaled_by_latest_available_region_anchor,1.7233900353757898,extreme,1,1,surge,intensify_parking_guidance__open_surge_window_security_teams__prepare_outer_transfer,0.0,2.0,2.0,0.0,1.0,0.0,0.0,0.48,2.8,1.48,8.719999999999999,relative_service_intensity_not_exact_resource_count
2026-09-27,HGA,1.0498599551455312,1.5498967184293044,2.1719109680324107,anchor_constrained_daily_visitor_forecast,seasonal_calendar_ridge,18777.81226850634,19714.07314594527,29103.66961423951,40783.73642162248,pressure_forecast_scaled_by_latest_available_region_anchor,1.1899078859518217,high,1,1,surge,intensify_parking_guidance__open_surge_window_security_teams__prepare_outer_transfer,1.0,1.0,0.0,1.0,0.0,0.0,0.27999999999999997,0.0,3.0,0.27999999999999997,4.12,relative_service_intensity_not_exact_resource_count
2026-09-27,SHG,0.0,0.1609556750041651,0.4441557622041692,anchor_constrained_daily_visitor_forecast,seasonal_calendar_ridge,171189.26559227135,0.0,27553.88379687133,76034.69874030724,pressure_forecast_scaled_by_latest_available_region_anchor,3.33013368994675,extreme,1,1,surge,intensify_parking_guidance__open_surge_window_security_teams__prepare_outer_transfer,0.0,2.0,2.0,0.0,1.0,0.0,0.0,1.2,2.8,2.2,11.600000000000001,relative_service_intensity_not_exact_resource_count
2026-09-28,BDH,0.0,0.1291997955469927,0.4046534476116918,anchor_constrained_daily_visitor_forecast,seasonal_calendar_ridge,126542.83990327934,0.0,16349.309043439522,51205.99643743635,pressure_forecast_scaled_by_latest_available_region_anchor,0.7407780269440576,low,0,0,normal,maintain_normal_staffing__15min_summer_shuttle_baseline_if_operating,0.0,0.0,0.0,0.0,0.0,0.0,0.0,0.0,0.0,0.0,0.0,relative_service_intensity_not_exact_resource_count
2026-09-28,HGA,0.7797481521651202,1.2138946426290218,1.7539455415075786,anchor_constrained_daily_visitor_forecast,seasonal_calendar_ridge,18777.81226850634,14641.96441807134,22794.285713033365,32935.260107613,pressure_forecast_scaled_by_latest_available_region_anchor,0.9319477812965162,normal,0,0,normal,maintain_normal_staffing__15min_summer_shuttle_baseline_if_operating,0.0,1.0,0.0,0.0,0.0,0.0,0.27999999999999997,0.0,0.8,0.27999999999999997,1.92,relative_service_intensity_not_exact_resource_count
2026-09-28,SHG,0.0,0.0079755507919959,0.2538581198045823,anchor_constrained_daily_visitor_forecast,seasonal_calendar_ridge,171189.26559227135,0.0,1365.328682775647,43457.785093981285,pressure_forecast_scaled_by_latest_available_region_anchor,0.165012202195542,low,0,0,normal,maintain_normal_staffing__15min_summer_shuttle_baseline_if_operating,0.0,0.0,0.0,0.0,0.0,0.0,0.0,0.0,0.0,0.0,0.0,relative_service_intensity_not_exact_resource_count
2026-09-29,BDH,0.0,0.1273224092401778,0.4023180972522904,anchor_constrained_daily_visitor_forecast,seasonal_calendar_ridge,126542.83990327934,0.0,16111.739248579635,50910.47457078856,pressure_forecast_scaled_by_latest_available_region_anchor,0.7300138727262725,low,0,0,normal,maintain_normal_staffing__15min_summer_shuttle_baseline_if_operating,0.0,0.0,0.0,0.0,0.0,0.0,0.0,0.0,0.0,0.0,0.0,relative_service_intensity_not_exact_resource_count
2026-09-29,HGA,0.7767891764164259,1.2102138631042707,1.749366883532498,anchor_constrained_daily_visitor_forecast,seasonal_calendar_ridge,18777.81226850634,14586.401326955296,22725.168726115822,32849.28292771524,pressure_forecast_scaled_by_latest_available_region_anchor,0.9291219229468126,normal,0,0,normal,maintain_normal_staffing__15min_summer_shuttle_baseline_if_operating,0.0,1.0,0.0,0.0,0.0,0.0,0.27999999999999997,0.0,0.8,0.27999999999999997,1.92,relative_service_intensity_not_exact_resource_count
2026-09-29,SHG,0.0,0.0062997096307385,0.2517734789163243,anchor_constrained_daily_visitor_forecast,seasonal_calendar_ridge,171189.26559227135,0.0,1078.4426651306887,43100.91695129678,pressure_forecast_scaled_by_latest_available_region_anchor,0.13033945698193938,low,0,0,normal,maintain_normal_staffing__15min_summer_shuttle_baseline_if_operating,0.0,0.0,0.0,0.0,0.0,0.0,0.0,0.0,0.0,0.0,0.0,relative_service_intensity_not_exact_resource_count
2026-09-30,BDH,0.0,0.1254457054763567,0.3999835959333984,anchor_constrained_daily_visitor_forecast,seasonal_calendar_ridge,126542.83990327934,0.0,15874.255824648548,50615.06014413801,pressure_forecast_scaled_by_latest_available_region_anchor,0.7192536319268498,low,0,0,normal,maintain_normal_staffing__15min_summer_shuttle_baseline_if_operating,0.0,0.0,0.0,0.0,0.0,0.0,0.0,0.0,0.0,0.0,0.0,relative_service_intensity_not_exact_resource_count
2026-09-30,HGA,0.7738312764336299,1.2065344217645628,1.7447898901753556,anchor_constrained_daily_visitor_forecast,seasonal_calendar_ridge,18777.81226850634,14530.858436369335,22656.07686738581,32763.33700570062,pressure_forecast_scaled_by_latest_available_region_anchor,0.9262970919668153,normal,0,0,normal,maintain_normal_staffing__15min_summer_shuttle_baseline_if_operating,0.0,1.0,0.0,0.0,0.0,0.0,0.27999999999999997,0.0,0.8,0.27999999999999997,1.92,relative_service_intensity_not_exact_resource_count
2026-09-30,SHG,0.0,0.0046244777386759,0.2496895959205831,anchor_constrained_daily_visitor_forecast,seasonal_calendar_ridge,171189.26559227135,0.0,791.6609478317363,42744.17855167561,pressure_forecast_scaled_by_latest_available_region_anchor,0.09567931739949452,low,0,0,normal,maintain_normal_staffing__15min_summer_shuttle_baseline_if_operating,0.0,0.0,0.0,0.0,0.0,0.0,0.0,0.0,0.0,0.0,0.0,relative_service_intensity_not_exact_resource_count
2026-10-01,BDH,0.0,0.1235702452053812,0.3976506414413119,anchor_constrained_daily_visitor_forecast,seasonal_calendar_ridge,126542.83990327934,0.0,15636.92975583353,50319.84145734427,pressure_forecast_scaled_by_latest_available_region_anchor,0.708500520799519,low,0,1,normal,maintain_normal_staffing__15min_summer_shuttle_baseline_if_operating,0.0,0.0,0.0,0.0,0.0,0.0,0.0,0.0,0.0,0.0,0.0,relative_service_intensity_not_exact_resource_count
2026-10-01,HGA,0.7708753363379173,1.202857418400986,1.7402159295070172,anchor_constrained_daily_visitor_forecast,seasonal_calendar_ridge,18777.81226850634,14475.352348175093,22587.0307885139,32677.44803094703,pressure_forecast_scaled_by_latest_available_region_anchor,0.9234741327031649,normal,0,1,normal,maintain_normal_staffing__15min_summer_shuttle_baseline_if_operating,0.0,1.0,0.0,0.0,0.0,0.0,0.27999999999999997,0.0,0.8,0.27999999999999997,1.92,relative_service_intensity_not_exact_resource_count
2026-10-01,SHG,0.0,0.0029503558453847,0.2476070936934245,anchor_constrained_daily_visitor_forecast,seasonal_calendar_ridge,171189.26559227135,0.0,505.069250407283,42387.67652481407,pressure_forecast_scaled_by_latest_available_region_anchor,0.06104214342111819,low,0,1,normal,maintain_normal_staffing__15min_summer_shuttle_baseline_if_operating,0.0,0.0,0.0,0.0,0.0,0.0,0.0,0.0,0.0,0.0,0.0,relative_service_intensity_not_exact_resource_count
2026-10-02,BDH,0.0,0.1216965862198362,0.3953199276348861,anchor_constrained_daily_visitor_forecast,seasonal_calendar_ridge,126542.83990327934,0.0,15399.831626792362,50024.90631327737,pressure_forecast_scaled_by_latest_available_region_anchor,0.6977577374955529,low,0,1,normal,maintain_normal_staffing__15min_summer_shuttle_baseline_if_operating,0.0,0.0,0.0,0.0,0.0,0.0,0.0,0.0,0.0,0.0,0.0,relative_service_intensity_not_exact_resource_count
2026-10-02,HGA,0.7679222352742601,1.1991839466145318,1.7356463618982594,anchor_constrained_daily_visitor_forecast,seasonal_calendar_ridge,18777.81226850634,14419.899570791811,22518.051024934204,32591.64154824153,pressure_forecast_scaled_by_latest_available_region_anchor,0.9206538847501572,normal,0,1,normal,maintain_normal_staffing__15min_summer_shuttle_baseline_if_operating,0.0,1.0,0.0,0.0,0.0,0.0,0.27999999999999997,0.0,0.8,0.27999999999999997,1.92,relative_service_intensity_not_exact_resource_count
2026-10-02,SHG,0.0,0.0012778418621208,0.2455265916051006,anchor_constrained_daily_visitor_forecast,seasonal_calendar_ridge,171189.26559227135,0.0,218.7528099195252,42031.51690025071,pressure_forecast_scaled_by_latest_available_region_anchor,0.02643823670934712,low,0,1,normal,maintain_normal_staffing__15min_summer_shuttle_baseline_if_operating,0.0,0.0,0.0,0.0,0.0,0.0,0.0,0.0,0.0,0.0,0.0,relative_service_intensity_not_exact_resource_count
2026-10-03,BDH,0.0351326682019592,0.2876398639631721,0.60174291682543,anchor_constrained_daily_visitor_forecast,seasonal_calendar_ridge,126542.83990327934,4445.787607655559,36398.76525529273,76146.25758677273,pressure_forecast_scaled_by_latest_available_region_anchor,1.6492076476978248,extreme,1,1,surge,intensify_parking_guidance__open_surge_window_security_teams__prepare_outer_transfer,0.0,2.0,2.0,0.0,1.0,0.0,0.0,0.48,2.8,1.48,8.719999999999999,relative_service_intensity_not_exact_resource_count
2026-10-03,HGA,1.029467838711836,1.5245302095389857,2.1403566281297906,anchor_constrained_daily_visitor_forecast,seasonal_calendar_ridge,18777.81226850634,19331.15381179581,28627.342072389703,40191.21495067444,pressure_forecast_scaled_by_latest_available_region_anchor,1.1704331631469072,high,1,1,surge,intensify_parking_guidance__open_surge_window_security_teams__prepare_outer_transfer,1.0,1.0,0.0,1.0,0.0,0.0,0.27999999999999997,0.0,3.0,0.27999999999999997,4.12,relative_service_intensity_not_exact_resource_count
2026-10-03,SHG,0.0,0.1494064258763811,0.4297892234670542,anchor_constrained_daily_visitor_forecast,seasonal_calendar_ridge,171189.26559227135,0.0,25576.77632054381,73575.3015247976,pressure_forecast_scaled_by_latest_available_region_anchor,3.091182540116051,extreme,1,1,surge,intensify_parking_guidance__open_surge_window_security_teams__prepare_outer_transfer,0.0,2.0,2.0,0.0,1.0,0.0,0.0,1.2,2.8,2.2,11.600000000000001,relative_service_intensity_not_exact_resource_count
2026-10-04,BDH,0.0334055789430179,0.2854914736681402,0.5990704545679693,anchor_constrained_daily_visitor_forecast,seasonal_calendar_ridge,126542.83990327934,4227.236828062674,36126.90184613876,75808.07662317931,pressure_forecast_scaled_by_latest_available_region_anchor,1.6368896690421961,extreme,1,1,surge,intensify_parking_guidance__open_surge_window_security_teams__prepare_outer_transfer,0.0,2.0,2.0,0.0,1.0,0.0,0.0,0.48,2.8,1.48,8.719999999999999,relative_service_intensity_not_exact_resource_count
2026-10-04,HGA,1.0260817296523137,1.5203181030692503,2.135117032889202,anchor_constrained_daily_visitor_forecast,seasonal_calendar_ridge,18777.81226850634,19267.570091555423,28548.247927846056,40092.82681488372,pressure_forecast_scaled_by_latest_available_region_anchor,1.167199387215124,high,1,1,surge,intensify_parking_guidance__open_surge_window_security_teams__prepare_outer_transfer,1.0,1.0,0.0,1.0,0.0,0.0,0.27999999999999997,0.0,3.0,0.27999999999999997,4.12,relative_service_intensity_not_exact_resource_count
2026-10-04,SHG,0.0,0.1474886741202342,0.4274036610302224,anchor_constrained_daily_visitor_forecast,seasonal_calendar_ridge,171189.26559227135,0.0,25248.47780582073,73166.91884321187,pressure_forecast_scaled_by_latest_available_region_anchor,3.0515047236492867,extreme,1,1,surge,intensify_parking_guidance__open_surge_window_security_teams__prepare_outer_transfer,0.0,2.0,2.0,0.0,1.0,0.0,0.0,1.2,2.8,2.2,11.600000000000001,relative_service_intensity_not_exact_resource_count
2026-10-05,BDH,0.0,0.1160919441985313,0.3883481058466599,anchor_constrained_daily_visitor_forecast,seasonal_calendar_ridge,126542.83990327934,0.0,14690.604308775191,49142.67218489567,pressure_forecast_scaled_by_latest_available_region_anchor,0.6656230453260141,low,0,1,normal,maintain_normal_staffing__15min_summer_shuttle_baseline_if_operating,0.0,0.0,0.0,0.0,0.0,0.0,0.0,0.0,0.0,0.0,0.0,relative_service_intensity_not_exact_resource_count
2026-10-05,HGA,0.7590886778114445,1.1881955573199612,1.7219774974801236,anchor_constrained_daily_visitor_forecast,seasonal_calendar_ridge,18777.81226850634,14254.024687091998,22311.71311362749,32334.97017827411,pressure_forecast_scaled_by_latest_available_region_anchor,0.9122177283791902,normal,0,1,normal,maintain_normal_staffing__15min_summer_shuttle_baseline_if_operating,0.0,1.0,0.0,0.0,0.0,0.0,0.27999999999999997,0.0,0.8,0.27999999999999997,1.92,relative_service_intensity_not_exact_resource_count
2026-10-05,SHG,0.0,0.0,0.2393032235751702,anchor_constrained_daily_visitor_forecast,seasonal_calendar_ridge,171189.26559227135,0.0,0.0,40966.14309769651,pressure_forecast_scaled_by_latest_available_region_anchor,0.0,low,0,1,normal,maintain_normal_staffing__15min_summer_shuttle_baseline_if_operating,0.0,0.0,0.0,0.0,0.0,0.0,0.0,0.0,0.0,0.0,0.0,relative_service_intensity_not_exact_resource_count
2026-10-06,BDH,0.0,0.1142309996018272,0.3860332079394135,anchor_constrained_daily_visitor_forecast,seasonal_calendar_ridge,126542.83990327934,0.0,14455.115094605588,48849.73842962655,pressure_forecast_scaled_by_latest_available_region_anchor,0.6549531610528824,low,0,1,normal,maintain_normal_staffing__15min_summer_shuttle_baseline_if_operating,0.0,0.0,0.0,0.0,0.0,0.0,0.0,0.0,0.0,0.0,0.0,relative_service_intensity_not_exact_resource_count
2026-10-06,HGA,0.7561556160801843,1.184547013201268,1.7174389383205346,anchor_constrained_daily_visitor_forecast,seasonal_calendar_ridge,18777.81226850634,14198.948204530454,22243.20143711331,32249.74596640584,pressure_forecast_scaled_by_latest_available_region_anchor,0.9094166182358796,normal,0,1,normal,maintain_normal_staffing__15min_summer_shuttle_baseline_if_operating,0.0,1.0,0.0,0.0,0.0,0.0,0.27999999999999997,0.0,0.8,0.27999999999999997,1.92,relative_service_intensity_not_exact_resource_count
2026-10-06,SHG,0.0,0.0,0.2372368394841656,anchor_constrained_daily_visitor_forecast,seasonal_calendar_ridge,171189.26559227135,0.0,0.0,40612.40032272589,pressure_forecast_scaled_by_latest_available_region_anchor,0.0,low,0,1,normal,maintain_normal_staffing__15min_summer_shuttle_baseline_if_operating,0.0,0.0,0.0,0.0,0.0,0.0,0.0,0.0,0.0,0.0,0.0,relative_service_intensity_not_exact_resource_count
2026-10-07,BDH,0.0,0.1123745924213195,0.3837239542922251,anchor_constrained_daily_visitor_forecast,seasonal_calendar_ridge,126542.83990327934,0.0,14220.200057967304,48557.51891505432,pressure_forecast_scaled_by_latest_available_region_anchor,0.6443092924417971,low,0,1,normal,maintain_normal_staffing__15min_summer_shuttle_baseline_if_operating,0.0,0.0,0.0,0.0,0.0,0.0,0.0,0.0,0.0,0.0,0.0,relative_service_intensity_not_exact_resource_count
2026-10-07,HGA,0.7532297058363073,1.1809073650825987,1.7129114452248548,anchor_constrained_daily_visitor_forecast,seasonal_calendar_ridge,18777.81226850634,14144.006011256432,22174.85680801752,32164.729551008204,pressure_forecast_scaled_by_latest_available_region_anchor,0.9066223378512597,normal,0,1,normal,maintain_normal_staffing__15min_summer_shuttle_baseline_if_operating,0.0,1.0,0.0,0.0,0.0,0.0,0.27999999999999997,0.0,0.8,0.27999999999999997,1.92,relative_service_intensity_not_exact_resource_count
2026-10-07,SHG,0.0,0.0,0.2351754937186755,anchor_constrained_daily_visitor_forecast,seasonal_calendar_ridge,171189.26559227135,0.0,0.0,40259.520054999884,pressure_forecast_scaled_by_latest_available_region_anchor,0.0,low,0,1,normal,maintain_normal_staffing__15min_summer_shuttle_baseline_if_operating,0.0,0.0,0.0,0.0,0.0,0.0,0.0,0.0,0.0,0.0,0.0,relative_service_intensity_not_exact_resource_count
2026-10-08,BDH,0.0,0.1105232582824222,0.381421011189385,anchor_constrained_daily_visitor_forecast,seasonal_calendar_ridge,126542.83990327934,0.0,13985.926978421348,48266.09795468527,pressure_forecast_scaled_by_latest_available_region_anchor,0.6336945105466687,low,0,0,normal,maintain_normal_staffing__15min_summer_shuttle_baseline_if_operating,0.0,0.0,0.0,0.0,0.0,0.0,0.0,0.0,0.0,0.0,0.0,relative_service_intensity_not_exact_resource_count
2026-10-08,HGA,0.7503117912867863,1.1772776631042738,1.708396324501522,anchor_constrained_daily_visitor_forecast,seasonal_calendar_ridge,18777.81226850634,14089.213959629982,22106.698945677905,32079.945461695817,pressure_forecast_scaled_by_latest_available_region_anchor,0.9038356934534052,normal,0,0,normal,maintain_normal_staffing__15min_summer_shuttle_baseline_if_operating,0.0,1.0,0.0,0.0,0.0,0.0,0.27999999999999997,0.0,0.8,0.27999999999999997,1.92,relative_service_intensity_not_exact_resource_count
2026-10-08,SHG,0.0,0.0,0.2331197810346297,anchor_constrained_daily_visitor_forecast,seasonal_calendar_ridge,171189.26559227135,0.0,0.0,39907.60411034938,pressure_forecast_scaled_by_latest_available_region_anchor,0.0,low,0,0,normal,maintain_normal_staffing__15min_summer_shuttle_baseline_if_operating,0.0,0.0,0.0,0.0,0.0,0.0,0.0,0.0,0.0,0.0,0.0,relative_service_intensity_not_exact_resource_count
2026-10-09,BDH,0.0,0.1086775286190314,0.3791250397011993,anchor_constrained_daily_visitor_forecast,seasonal_calendar_ridge,126542.83990327934,0.0,13752.363105122153,47975.559202233286,pressure_forecast_scaled_by_latest_available_region_anchor,0.623111862388983,low,0,0,normal,maintain_normal_staffing__15min_summer_shuttle_baseline_if_operating,0.0,0.0,0.0,0.0,0.0,0.0,0.0,0.0,0.0,0.0,0.0,relative_service_intensity_not_exact_resource_count
2026-10-09,HGA,0.7474027100322818,1.173658949188777,1.7038948722365044,anchor_constrained_daily_visitor_forecast,seasonal_calendar_ridge,18777.81226850634,14034.587777959066,22038.74741511928,31995.418036127678,pressure_forecast_scaled_by_latest_available_region_anchor,0.9010574849612828,normal,0,0,normal,maintain_normal_staffing__15min_summer_shuttle_baseline_if_operating,0.0,1.0,0.0,0.0,0.0,0.0,0.27999999999999997,0.0,0.8,0.27999999999999997,1.92,relative_service_intensity_not_exact_resource_count
2026-10-09,SHG,0.0,0.0,0.2310702915337168,anchor_constrained_daily_visitor_forecast,seasonal_calendar_ridge,171189.26559227135,0.0,0.0,39556.75350784902,pressure_forecast_scaled_by_latest_available_region_anchor,0.0,low,0,0,normal,maintain_normal_staffing__15min_summer_shuttle_baseline_if_operating,0.0,0.0,0.0,0.0,0.0,0.0,0.0,0.0,0.0,0.0,0.0,relative_service_intensity_not_exact_resource_count
2026-10-10,BDH,0.0231275518682149,0.2727062551247072,0.5831664476983942,anchor_constrained_daily_visitor_forecast,seasonal_calendar_ridge,126542.83990327934,2926.626093414317,34509.023982868675,73795.53842806202,pressure_forecast_scaled_by_latest_available_region_anchor,1.563584530078504,extreme,1,0,surge,intensify_parking_guidance__open_surge_window_security_teams__prepare_outer_transfer,1.0,1.0,2.0,0.0,0.5,0.0,0.0,0.48,3.0,0.98,6.92,relative_service_intensity_not_exact_resource_count
2026-10-10,HGA,1.0059307615353918,1.4952515675015243,2.1039358409126034,anchor_constrained_daily_visitor_forecast,seasonal_calendar_ridge,18777.81226850634,18889.178995227205,28077.55322873346,39507.31224563889,pressure_forecast_scaled_by_latest_available_region_anchor,1.1479549640281672,high,1,0,surge,intensify_parking_guidance__open_surge_window_security_teams__prepare_outer_transfer,1.0,1.0,0.0,1.0,0.0,0.0,0.27999999999999997,0.0,3.0,0.27999999999999997,4.12,relative_service_intensity_not_exact_resource_count
2026-10-10,SHG,0.0,0.1360760013991323,0.4132070147437304,anchor_constrained_daily_visitor_forecast,seasonal_calendar_ridge,171189.26559227135,0.0,23294.75074425036,70736.60539155405,pressure_forecast_scaled_by_latest_available_region_anchor,2.81537930638833,extreme,1,0,surge,intensify_parking_guidance__open_surge_window_security_teams__prepare_outer_transfer,0.0,2.0,2.0,0.0,1.0,0.0,0.0,1.2,2.8,2.2,11.600000000000001,relative_service_intensity_not_exact_resource_count
2026-10-11,BDH,0.0214332339590707,0.2705986303254335,0.5805446951509297,anchor_constrained_daily_visitor_forecast,seasonal_calendar_ridge,126542.83990327934,2712.2222934922243,34242.319155318,73463.7744151822,pressure_forecast_scaled_by_latest_available_region_anchor,1.5515002838632965,extreme,1,0,surge,intensify_parking_guidance__open_surge_window_security_teams__prepare_outer_transfer,1.0,1.0,2.0,0.0,0.5,0.0,0.0,0.48,3.0,0.98,6.92,relative_service_intensity_not_exact_resource_count
2026-10-11,HGA,1.002608903564148,1.4911193853401523,2.098795666479328,anchor_constrained_daily_visitor_forecast,seasonal_calendar_ridge,18777.81226850634,18826.801769860544,27999.95988784795,39410.79101510346,pressure_forecast_scaled_by_latest_available_region_anchor,1.1447825486784602,high,1,0,surge,intensify_parking_guidance__open_surge_window_security_teams__prepare_outer_transfer,1.0,1.0,0.0,1.0,0.0,0.0,0.27999999999999997,0.0,3.0,0.27999999999999997,4.12,relative_service_intensity_not_exact_resource_count
2026-10-11,SHG,0.0,0.1341946387950223,0.4108667181208545,anchor_constrained_daily_visitor_forecast,seasonal_calendar_ridge,171189.26559227135,0.0,22972.68166174,70335.97173141585,pressure_forecast_scaled_by_latest_available_region_anchor,2.7764543726089483,extreme,1,0,surge,intensify_parking_guidance__open_surge_window_security_teams__prepare_outer_transfer,0.0,2.0,2.0,0.0,1.0,0.0,0.0,1.2,2.8,2.2,11.600000000000001,relative_service_intensity_not_exact_resource_count
2026-10-12,BDH,0.0,0.1031792152381102,0.3722854840468174,anchor_constrained_daily_visitor_forecast,seasonal_calendar_ridge,126542.83990327934,0.0,13056.590915222188,47110.062406051264,pressure_forecast_scaled_by_latest_available_region_anchor,0.5915868145311678,low,0,0,normal,maintain_normal_staffing__15min_summer_shuttle_baseline_if_operating,0.0,0.0,0.0,0.0,0.0,0.0,0.0,0.0,0.0,0.0,0.0,relative_service_intensity_not_exact_resource_count
2026-10-12,HGA,0.7387367386795514,1.162879026463392,1.6904853271047109,anchor_constrained_daily_visitor_forecast,seasonal_calendar_ridge,18777.81226850634,13871.85979477324,21836.324049912997,31743.616115036788,pressure_forecast_scaled_by_latest_available_region_anchor,0.8927813753932298,normal,0,0,normal,maintain_normal_staffing__15min_summer_shuttle_baseline_if_operating,0.0,0.0,1.0,0.0,0.0,0.0,0.0,0.0,0.6,0.0,0.6,relative_service_intensity_not_exact_resource_count
2026-10-12,SHG,0.0,0.0,0.224964990323882,anchor_constrained_daily_visitor_forecast,seasonal_calendar_ridge,171189.26559227135,0.0,0.0,38511.59147751779,pressure_forecast_scaled_by_latest_available_region_anchor,0.0,low,0,0,normal,maintain_normal_staffing__15min_summer_shuttle_baseline_if_operating,0.0,0.0,0.0,0.0,0.0,0.0,0.0,0.0,0.0,0.0,0.0,relative_service_intensity_not_exact_resource_count
2026-10-13,BDH,0.0,0.1013611295087692,0.3700238998720386,anchor_constrained_daily_visitor_forecast,seasonal_calendar_ridge,126542.83990327934,0.0,12826.52518384375,46823.87512189445,pressure_forecast_scaled_by_latest_available_region_anchor,0.5811626652227694,low,0,0,normal,maintain_normal_staffing__15min_summer_shuttle_baseline_if_operating,0.0,0.0,0.0,0.0,0.0,0.0,0.0,0.0,0.0,0.0,0.0,relative_service_intensity_not_exact_resource_count
2026-10-13,HGA,0.7358712274298749,1.1593145108905936,1.6860512941655077,anchor_constrained_daily_visitor_forecast,seasonal_calendar_ridge,18777.81226850634,13818.051762473522,21769.39024565881,31660.35467691205,pressure_forecast_scaled_by_latest_available_region_anchor,0.8900447767933115,normal,0,0,normal,maintain_normal_staffing__15min_summer_shuttle_baseline_if_operating,0.0,0.0,1.0,0.0,0.0,0.0,0.0,0.0,0.6,0.0,0.6,relative_service_intensity_not_exact_resource_count
2026-10-13,SHG,0.0,0.0,0.2229461965167765,anchor_constrained_daily_visitor_forecast,seasonal_calendar_ridge,171189.26559227135,0.0,0.0,38165.99564829719,pressure_forecast_scaled_by_latest_available_region_anchor,0.0,low,0,0,normal,maintain_normal_staffing__15min_summer_shuttle_baseline_if_operating,0.0,0.0,0.0,0.0,0.0,0.0,0.0,0.0,0.0,0.0,0.0,relative_service_intensity_not_exact_resource_count
2026-10-14,BDH,0.0,0.099551238135031,0.3677725089596868,anchor_constrained_daily_visitor_forecast,seasonal_calendar_ridge,126542.83990327934,0.0,12597.49638949447,46538.97772211301,pressure_forecast_scaled_by_latest_available_region_anchor,0.5707854989498304,low,0,0,normal,maintain_normal_staffing__15min_summer_shuttle_baseline_if_operating,0.0,0.0,0.0,0.0,0.0,0.0,0.0,0.0,0.0,0.0,0.0,relative_service_intensity_not_exact_resource_count
2026-10-14,HGA,0.733018631422744,1.1557660610663367,1.681637246005939,anchor_constrained_daily_visitor_forecast,seasonal_calendar_ridge,18777.81226850634,13764.48625017373,21702.758121014704,31577.46850922753,pressure_forecast_scaled_by_latest_available_region_anchor,0.8873205124093811,normal,0,0,normal,maintain_normal_staffing__15min_summer_shuttle_baseline_if_operating,0.0,0.0,1.0,0.0,0.0,0.0,0.0,0.0,0.6,0.0,0.6,relative_service_intensity_not_exact_resource_count
2026-10-14,SHG,0.0,0.0,0.2209365016834307,anchor_constrained_daily_visitor_forecast,seasonal_calendar_ridge,171189.26559227135,0.0,0.0,37821.95746571213,pressure_forecast_scaled_by_latest_available_region_anchor,0.0,low,0,0,normal,maintain_normal_staffing__15min_summer_shuttle_baseline_if_operating,0.0,0.0,0.0,0.0,0.0,0.0,0.0,0.0,0.0,0.0,0.0,relative_service_intensity_not_exact_resource_count
2026-10-15,BDH,0.0,0.0977500448114919,0.3655319378741255,anchor_constrained_daily_visitor_forecast,seasonal_calendar_ridge,126542.83990327934,0.0,12369.568271119004,46255.44949394091,pressure_forecast_scaled_by_latest_available_region_anchor,0.5604582036881998,low,0,0,normal,maintain_normal_staffing__15min_summer_shuttle_baseline_if_operating,0.0,0.0,0.0,0.0,0.0,0.0,0.0,0.0,0.0,0.0,0.0,relative_service_intensity_not_exact_resource_count
2026-10-15,HGA,0.7301797445385076,1.15223466452779,1.6772444110600635,anchor_constrained_daily_visitor_forecast,seasonal_calendar_ridge,18777.81226850634,13711.178165210013,21636.446219768222,31494.980679287357,pressure_forecast_scaled_by_latest_available_region_anchor,0.8846093404069667,normal,0,0,normal,maintain_normal_staffing__15min_summer_shuttle_baseline_if_operating,0.0,0.0,1.0,0.0,0.0,0.0,0.0,0.0,0.6,0.0,0.6,relative_service_intensity_not_exact_resource_count
2026-10-15,SHG,0.0,0.0,0.2189364651239454,anchor_constrained_daily_visitor_forecast,seasonal_calendar_ridge,171189.26559227135,0.0,0.0,37479.57267593615,pressure_forecast_scaled_by_latest_available_region_anchor,0.0,low,0,0,normal,maintain_normal_staffing__15min_summer_shuttle_baseline_if_operating,0.0,0.0,0.0,0.0,0.0,0.0,0.0,0.0,0.0,0.0,0.0,relative_service_intensity_not_exact_resource_count
2026-10-16,BDH,0.0,0.0959580482174739,0.3633028069410327,anchor_constrained_daily_visitor_forecast,seasonal_calendar_ridge,126542.83990327934,0.0,12142.803933014962,45973.36893515111,pressure_forecast_scaled_by_latest_available_region_anchor,0.5501836386582242,low,0,0,normal,maintain_normal_staffing__15min_summer_shuttle_baseline_if_operating,0.0,0.0,0.0,0.0,0.0,0.0,0.0,0.0,0.0,0.0,0.0,relative_service_intensity_not_exact_resource_count
2026-10-16,HGA,0.7273553527528671,1.1487212989792388,1.672874005530454,anchor_constrained_daily_visitor_forecast,seasonal_calendar_ridge,18777.81226850634,13658.142266486544,21570.47290106689,31412.9140247151,pressure_forecast_scaled_by_latest_available_region_anchor,0.881912011402561,normal,0,0,normal,maintain_normal_staffing__15min_summer_shuttle_baseline_if_operating,0.0,0.0,1.0,0.0,0.0,0.0,0.0,0.0,0.6,0.0,0.6,relative_service_intensity_not_exact_resource_count
2026-10-16,SHG,0.0,0.0,0.2169466405694845,anchor_constrained_daily_visitor_forecast,seasonal_calendar_ridge,171189.26559227135,0.0,0.0,37138.93607180053,pressure_forecast_scaled_by_latest_available_region_anchor,0.0,low,0,0,normal,maintain_normal_staffing__15min_summer_shuttle_baseline_if_operating,0.0,0.0,0.0,0.0,0.0,0.0,0.0,0.0,0.0,0.0,0.0,relative_service_intensity_not_exact_resource_count
2026-10-17,BDH,0.0114230071524725,0.2581465384540814,0.5650550768866971,anchor_constrained_daily_visitor_forecast,seasonal_calendar_ridge,126542.83990327934,1445.499765309352,32666.59608718057,71503.6741310085,pressure_forecast_scaled_by_latest_available_region_anchor,1.4801051550340771,extreme,1,0,surge,intensify_parking_guidance__open_surge_window_security_teams__prepare_outer_transfer,1.0,1.0,2.0,0.0,0.5,0.0,0.0,0.48,3.0,0.98,6.92,relative_service_intensity_not_exact_resource_count
2026-10-17,HGA,0.9829829812198264,1.4667059736549717,2.068426919489835,anchor_constrained_daily_visitor_forecast,seasonal_calendar_ridge,18777.81226850634,18458.26988448259,27541.529426389858,38840.532385305,pressure_forecast_scaled_by_latest_available_region_anchor,1.1260395506826808,high,1,0,surge,intensify_parking_guidance__open_surge_window_security_teams__prepare_outer_transfer,1.0,1.0,0.0,1.0,0.0,0.0,0.27999999999999997,0.0,3.0,0.27999999999999997,4.12,relative_service_intensity_not_exact_resource_count
2026-10-17,SHG,0.0,0.1230793302269237,0.3970399741176958,anchor_constrained_daily_visitor_forecast,seasonal_calendar_ridge,171189.26559227135,0.0,21069.860151135723,67968.98157998276,pressure_forecast_scaled_by_latest_available_region_anchor,2.546481347204153,extreme,1,0,surge,intensify_parking_guidance__open_surge_window_security_teams__prepare_outer_transfer,0.0,2.0,2.0,0.0,1.0,0.0,0.0,1.2,2.8,2.2,11.600000000000001,relative_service_intensity_not_exact_resource_count
2026-10-18,BDH,0.0097849058707551,0.256108843599747,0.5625203127877232,anchor_constrained_daily_visitor_forecast,seasonal_calendar_ridge,126542.83990327934,1238.209777071625,32408.7403934568,71182.91788343947,pressure_forecast_scaled_by_latest_available_region_anchor,1.4684218581115303,extreme,1,0,surge,intensify_parking_guidance__open_surge_window_security_teams__prepare_outer_transfer,1.0,1.0,2.0,0.0,0.5,0.0,0.0,0.48,3.0,0.98,6.92,relative_service_intensity_not_exact_resource_count
2026-10-18,HGA,0.9797713408476092,1.462710895247135,2.0634572934934647,anchor_constrained_daily_visitor_forecast,seasonal_calendar_ridge,18777.81226850634,18397.962304499142,27466.51059404954,38747.21368130047,pressure_forecast_scaled_by_latest_available_region_anchor,1.1229723944999785,high,1,0,surge,intensify_parking_guidance__open_surge_window_security_teams__prepare_outer_transfer,1.0,1.0,0.0,1.0,0.0,0.0,0.27999999999999997,0.0,3.0,0.27999999999999997,4.12,relative_service_intensity_not_exact_resource_count
2026-10-18,SHG,0.0,0.1212603903003992,0.3947773273754039,anchor_constrained_daily_visitor_forecast,seasonal_calendar_ridge,171189.26559227135,0.0,20758.477160957536,67581.64074587508,pressure_forecast_scaled_by_latest_available_region_anchor,2.5088479234112255,extreme,1,0,surge,intensify_parking_guidance__open_surge_window_security_teams__prepare_outer_transfer,0.0,2.0,2.0,0.0,1.0,0.0,0.0,1.2,2.8,2.2,11.600000000000001,relative_service_intensity_not_exact_resource_count
2026-10-19,BDH,0.0,0.0906421482871036,0.3566901621337989,anchor_constrained_daily_visitor_forecast,seasonal_calendar_ridge,126542.83990327934,0.0,11470.11485918426,45136.58608197206,pressure_forecast_scaled_by_latest_available_region_anchor,0.5197044738485596,low,0,0,normal,maintain_normal_staffing__15min_summer_shuttle_baseline_if_operating,0.0,0.0,0.0,0.0,0.0,0.0,0.0,0.0,0.0,0.0,0.0,relative_service_intensity_not_exact_resource_count
2026-10-19,HGA,0.7189768858814769,1.1382990137264346,1.6599093388965462,anchor_constrained_daily_visitor_forecast,seasonal_calendar_ridge,18777.81226850634,13500.81298847768,21374.76518518091,31169.46594853981,pressure_forecast_scaled_by_latest_available_region_anchor,0.8739104721615986,normal,0,0,normal,maintain_normal_staffing__15min_summer_shuttle_baseline_if_operating,0.0,0.0,1.0,0.0,0.0,0.0,0.0,0.0,0.6,0.0,0.6,relative_service_intensity_not_exact_resource_count
2026-10-19,SHG,0.0,0.0,0.2110438903936092,anchor_constrained_daily_visitor_forecast,seasonal_calendar_ridge,171189.26559227135,0.0,0.0,36128.448604217774,pressure_forecast_scaled_by_latest_available_region_anchor,0.0,low,0,0,normal,maintain_normal_staffing__15min_summer_shuttle_baseline_if_operating,0.0,0.0,0.0,0.0,0.0,0.0,0.0,0.0,0.0,0.0,0.0,relative_service_intensity_not_exact_resource_count
2026-10-20,BDH,0.0,0.0888918216543392,0.354512866008831,anchor_constrained_daily_visitor_forecast,seasonal_calendar_ridge,126542.83990327934,0.0,11248.623556315912,44861.06484700822,pressure_forecast_scaled_by_latest_available_region_anchor,0.5096688270889234,low,0,0,normal,maintain_normal_staffing__15min_summer_shuttle_baseline_if_operating,0.0,0.0,0.0,0.0,0.0,0.0,0.0,0.0,0.0,0.0,0.0,relative_service_intensity_not_exact_resource_count
2026-10-20,HGA,0.7162181707252817,1.1348673457697016,1.6556405600272155,anchor_constrained_daily_visitor_forecast,seasonal_calendar_ridge,18777.81226850634,13449.010353172363,21310.325968521527,31089.30762031576,pressure_forecast_scaled_by_latest_available_region_anchor,0.8712758651486725,normal,0,0,normal,maintain_normal_staffing__15min_summer_shuttle_baseline_if_operating,0.0,0.0,1.0,0.0,0.0,0.0,0.0,0.0,0.6,0.0,0.6,relative_service_intensity_not_exact_resource_count
2026-10-20,SHG,0.0,0.0,0.2091003359673186,anchor_constrained_daily_visitor_forecast,seasonal_calendar_ridge,171189.26559227135,0.0,0.0,35795.73294934248,pressure_forecast_scaled_by_latest_available_region_anchor,0.0,low,0,0,normal,maintain_normal_staffing__15min_summer_shuttle_baseline_if_operating,0.0,0.0,0.0,0.0,0.0,0.0,0.0,0.0,0.0,0.0,0.0,relative_service_intensity_not_exact_resource_count
2026-10-21,BDH,0.0,0.0871531065307661,0.352350013870199,anchor_constrained_daily_visitor_forecast,seasonal_calendar_ridge,126542.83990327934,0.0,11028.601606796194,44587.37139509485,pressure_forecast_scaled_by_latest_available_region_anchor,0.49969975590575905,low,0,0,normal,maintain_normal_staffing__15min_summer_shuttle_baseline_if_operating,0.0,0.0,0.0,0.0,0.0,0.0,0.0,0.0,0.0,0.0,0.0,relative_service_intensity_not_exact_resource_count
2026-10-21,HGA,0.7134777566368948,1.1314584431890276,1.6514000998523208,anchor_constrained_daily_visitor_forecast,seasonal_calendar_ridge,18777.81226850634,13397.551371882664,21246.31423582001,31009.681055219506,pressure_forecast_scaled_by_latest_available_region_anchor,0.8686587358813134,normal,0,0,normal,maintain_normal_staffing__15min_summer_shuttle_baseline_if_operating,0.0,0.0,1.0,0.0,0.0,0.0,0.0,0.0,0.6,0.0,0.6,relative_service_intensity_not_exact_resource_count
2026-10-21,SHG,0.0,0.0,0.2071696749059932,anchor_constrained_daily_visitor_forecast,seasonal_calendar_ridge,171189.26559227135,0.0,0.0,35465.22450014659,pressure_forecast_scaled_by_latest_available_region_anchor,0.0,low,0,0,normal,maintain_normal_staffing__15min_summer_shuttle_baseline_if_operating,0.0,0.0,0.0,0.0,0.0,0.0,0.0,0.0,0.0,0.0,0.0,relative_service_intensity_not_exact_resource_count
2026-10-22,BDH,0.0,0.0854264695276951,0.3502021861529943,anchor_constrained_daily_visitor_forecast,seasonal_calendar_ridge,126542.83990327934,0.0,10810.1080569455,44315.5791761368,pressure_forecast_scaled_by_latest_available_region_anchor,0.4897999356547407,low,0,0,normal,maintain_normal_staffing__15min_summer_shuttle_baseline_if_operating,0.0,0.0,0.0,0.0,0.0,0.0,0.0,0.0,0.0,0.0,0.0,relative_service_intensity_not_exact_resource_count
2026-10-22,HGA,0.7107563790491607,1.128073220816567,1.6471890963654614,anchor_constrained_daily_visitor_forecast,seasonal_calendar_ridge,18777.81226850634,13346.44985442847,21182.74716562279,30930.60762228123,pressure_forecast_scaled_by_latest_available_region_anchor,0.8660597867069619,normal,0,0,normal,maintain_normal_staffing__15min_summer_shuttle_baseline_if_operating,0.0,0.0,1.0,0.0,0.0,0.0,0.0,0.0,0.6,0.0,0.6,relative_service_intensity_not_exact_resource_count
2026-10-22,SHG,0.0,0.0,0.2052524253326288,anchor_constrained_daily_visitor_forecast,seasonal_calendar_ridge,171189.26559227135,0.0,0.0,35137.01195372524,pressure_forecast_scaled_by_latest_available_region_anchor,0.0,low,0,0,normal,maintain_normal_staffing__15min_summer_shuttle_baseline_if_operating,0.0,0.0,0.0,0.0,0.0,0.0,0.0,0.0,0.0,0.0,0.0,relative_service_intensity_not_exact_resource_count
2026-10-23,BDH,0.0,0.0837123716194981,0.3480699562803112,anchor_constrained_daily_visitor_forecast,seasonal_calendar_ridge,126542.83990327934,0.0,10593.201239769973,44045.76075272085,pressure_forecast_scaled_by_latest_available_region_anchor,0.4799720093716738,low,0,0,normal,maintain_normal_staffing__15min_summer_shuttle_baseline_if_operating,0.0,0.0,0.0,0.0,0.0,0.0,0.0,0.0,0.0,0.0,0.0,relative_service_intensity_not_exact_resource_count
2026-10-23,HGA,0.7080547645104631,1.1247125824327626,1.643008673812604,anchor_constrained_daily_visitor_forecast,seasonal_calendar_ridge,18777.81226850634,13295.719443798942,21119.641728949377,30852.108432380643,pressure_forecast_scaled_by_latest_available_region_anchor,0.8634797114882896,normal,0,0,normal,maintain_normal_staffing__15min_summer_shuttle_baseline_if_operating,0.0,0.0,1.0,0.0,0.0,0.0,0.0,0.0,0.6,0.0,0.6,relative_service_intensity_not_exact_resource_count
2026-10-23,SHG,0.0,0.0,0.2033490991109907,anchor_constrained_daily_visitor_forecast,seasonal_calendar_ridge,171189.26559227135,0.0,0.0,34811.1829356605,pressure_forecast_scaled_by_latest_available_region_anchor,0.0,low,0,0,normal,maintain_normal_staffing__15min_summer_shuttle_baseline_if_operating,0.0,0.0,0.0,0.0,0.0,0.0,0.0,0.0,0.0,0.0,0.0,relative_service_intensity_not_exact_resource_count
2026-10-24,BDH,0.0001785349473287,0.2441591230189961,0.5476556127780874,anchor_constrained_daily_visitor_forecast,seasonal_calendar_ridge,126542.83990327934,22.592319256961076,30896.588815117917,69301.89652990985,pressure_forecast_scaled_by_latest_available_region_anchor,1.3999071178453837,high,1,0,surge,intensify_parking_guidance__open_surge_window_security_teams__prepare_outer_transfer,1.0,1.0,2.0,0.0,0.0,0.0,0.0,0.48,3.0,0.48,4.92,relative_service_intensity_not_exact_resource_count
2026-10-24,HGA,0.9609372131703376,1.4392824262738269,2.034313753222383,anchor_constrained_daily_visitor_forecast,seasonal_calendar_ridge,18777.81226850634,18044.29859073425,27026.575201930234,38199.96175325044,pressure_forecast_scaled_by_latest_available_region_anchor,1.1049855701808917,high,1,0,surge,intensify_parking_guidance__open_surge_window_security_teams__prepare_outer_transfer,1.0,1.0,0.0,1.0,0.0,0.0,0.27999999999999997,0.0,3.0,0.27999999999999997,4.12,relative_service_intensity_not_exact_resource_count
2026-10-24,SHG,0.0,0.1105935213975776,0.3815084140806468,anchor_constrained_daily_visitor_forecast,seasonal_calendar_ridge,171189.26559227135,0.0,18932.42370731445,65310.14522373807,pressure_forecast_scaled_by_latest_available_region_anchor,2.2881530053935,extreme,1,0,surge,intensify_parking_guidance__open_surge_window_security_teams__prepare_outer_transfer,0.0,2.0,2.0,0.0,1.0,0.0,0.0,1.2,2.8,2.2,11.600000000000001,relative_service_intensity_not_exact_resource_count
2026-10-25,BDH,0.0,0.2422185543011949,0.5452416674775866,anchor_constrained_daily_visitor_forecast,seasonal_calendar_ridge,126542.83990327934,0.0,30651.023738539883,68996.42903621332,pressure_forecast_scaled_by_latest_available_region_anchor,1.3887807018952958,high,1,0,surge,intensify_parking_guidance__open_surge_window_security_teams__prepare_outer_transfer,1.0,1.0,2.0,0.0,0.0,0.0,0.0,0.48,3.0,0.48,4.92,relative_service_intensity_not_exact_resource_count
2026-10-25,HGA,0.9578786547086058,1.4354777721241043,2.029581003013384,anchor_constrained_daily_visitor_forecast,seasonal_calendar_ridge,18777.81226850634,17986.865554127606,26955.132120560156,38111.09105831212,pressure_forecast_scaled_by_latest_available_region_anchor,1.1020646091115234,high,1,0,surge,intensify_parking_guidance__open_surge_window_security_teams__prepare_outer_transfer,1.0,1.0,0.0,1.0,0.0,0.0,0.27999999999999997,0.0,3.0,0.27999999999999997,4.12,relative_service_intensity_not_exact_resource_count
2026-10-25,SHG,0.0,0.1088612807171514,0.3793536157416379,anchor_constrained_daily_visitor_forecast,seasonal_calendar_ridge,171189.26559227135,0.0,18635.882697403245,64941.266878583694,pressure_forecast_scaled_by_latest_available_region_anchor,2.252313367873207,extreme,1,0,surge,intensify_parking_guidance__open_surge_window_security_teams__prepare_outer_transfer,0.0,2.0,2.0,0.0,1.0,0.0,0.0,1.2,2.8,2.2,11.600000000000001,relative_service_intensity_not_exact_resource_count
2026-10-26,BDH,0.0,0.0786498361420918,0.3417724808999243,anchor_constrained_daily_visitor_forecast,seasonal_calendar_ridge,126542.83990327934,0.0,9952.573623347878,43248.86033386571,pressure_forecast_scaled_by_latest_available_region_anchor,0.45094553122277237,low,0,0,normal,maintain_normal_staffing__15min_summer_shuttle_baseline_if_operating,0.0,0.0,0.0,0.0,0.0,0.0,0.0,0.0,0.0,0.0,0.0,relative_service_intensity_not_exact_resource_count
2026-10-26,HGA,0.7000756290229126,1.1147870402782676,1.63066192431645,anchor_constrained_daily_visitor_forecast,seasonal_calendar_ridge,18777.81226850634,13145.888735548742,20933.261761709124,30620.26348821559,pressure_forecast_scaled_by_latest_available_region_anchor,0.8558595386460954,normal,0,0,normal,maintain_normal_staffing__15min_summer_shuttle_baseline_if_operating,0.0,0.0,1.0,0.0,0.0,0.0,0.0,0.0,0.6,0.0,0.6,relative_service_intensity_not_exact_resource_count
2026-10-26,SHG,0.0,0.0,0.1977276836270553,anchor_constrained_daily_visitor_forecast,seasonal_calendar_ridge,171189.26559227135,0.0,0.0,33848.856947376575,pressure_forecast_scaled_by_latest_available_region_anchor,0.0,low,0,0,normal,maintain_normal_staffing__15min_summer_shuttle_baseline_if_operating,0.0,0.0,0.0,0.0,0.0,0.0,0.0,0.0,0.0,0.0,0.0,relative_service_intensity_not_exact_resource_count
2026-10-27,BDH,0.0,0.0769903891332157,0.3397082333050001,anchor_constrained_daily_visitor_forecast,seasonal_calendar_ridge,126542.83990327934,0.0,9742.582486175694,42987.644580940505,pressure_forecast_scaled_by_latest_available_region_anchor,0.4414309505235611,low,0,0,normal,maintain_normal_staffing__15min_summer_shuttle_baseline_if_operating,0.0,0.0,0.0,0.0,0.0,0.0,0.0,0.0,0.0,0.0,0.0,relative_service_intensity_not_exact_resource_count
2026-10-27,HGA,0.6974601505581537,1.1115335497470389,1.6266147869458236,anchor_constrained_daily_visitor_forecast,seasonal_calendar_ridge,18777.81226850634,13096.775771945177,20872.168327296346,30544.267102445112,pressure_forecast_scaled_by_latest_available_region_anchor,0.8533617244408352,normal,0,0,normal,maintain_normal_staffing__15min_summer_shuttle_baseline_if_operating,0.0,0.0,1.0,0.0,0.0,0.0,0.0,0.0,0.6,0.0,0.6,relative_service_intensity_not_exact_resource_count
2026-10-27,SHG,0.0,0.0,0.1958850415059089,anchor_constrained_daily_visitor_forecast,seasonal_calendar_ridge,171189.26559227135,0.0,0.0,33533.41639590815,pressure_forecast_scaled_by_latest_available_region_anchor,0.0,low,0,0,normal,maintain_normal_staffing__15min_summer_shuttle_baseline_if_operating,0.0,0.0,0.0,0.0,0.0,0.0,0.0,0.0,0.0,0.0,0.0,relative_service_intensity_not_exact_resource_count
2026-10-28,BDH,0.0,0.0753456991030342,0.3376623424624254,anchor_constrained_daily_visitor_forecast,seasonal_calendar_ridge,126542.83990327934,0.0,9534.458738995923,42728.751743588975,pressure_forecast_scaled_by_latest_available_region_anchor,0.4320009802180026,low,0,0,normal,maintain_normal_staffing__15min_summer_shuttle_baseline_if_operating,0.0,0.0,0.0,0.0,0.0,0.0,0.0,0.0,0.0,0.0,0.0,relative_service_intensity_not_exact_resource_count
2026-10-28,HGA,0.6948679307812433,1.1083089915590518,1.6226036395885162,anchor_constrained_daily_visitor_forecast,seasonal_calendar_ridge,18777.81226850634,13048.099555615643,20811.618178993453,30468.946530388275,pressure_forecast_scaled_by_latest_available_region_anchor,0.8508861225694508,normal,0,0,normal,maintain_normal_staffing__15min_summer_shuttle_baseline_if_operating,0.0,0.0,1.0,0.0,0.0,0.0,0.0,0.0,0.6,0.0,0.6,relative_service_intensity_not_exact_resource_count
2026-10-28,SHG,0.0,0.0,0.1940587854642084,anchor_constrained_daily_visitor_forecast,seasonal_calendar_ridge,171189.26559227135,0.0,0.0,33220.78096534599,pressure_forecast_scaled_by_latest_available_region_anchor,0.0,low,0,0,normal,maintain_normal_staffing__15min_summer_shuttle_baseline_if_operating,0.0,0.0,0.0,0.0,0.0,0.0,0.0,0.0,0.0,0.0,0.0,relative_service_intensity_not_exact_resource_count
2026-10-29,BDH,0.0,0.0737161917945005,0.3356353379696273,anchor_constrained_daily_visitor_forecast,seasonal_calendar_ridge,126542.83990327934,0.0,9328.256256530913,42472.2488385736,pressure_forecast_scaled_by_latest_available_region_anchor,0.4226580613395628,low,0,0,normal,maintain_normal_staffing__15min_summer_shuttle_baseline_if_operating,0.0,0.0,0.0,0.0,0.0,0.0,0.0,0.0,0.0,0.0,0.0,relative_service_intensity_not_exact_resource_count
2026-10-29,HGA,0.6922996407118165,1.1051142004204828,1.6186295205664551,anchor_constrained_daily_visitor_forecast,seasonal_calendar_ridge,18777.81226850634,12999.872686840878,20751.626990756315,30394.32126945932,pressure_forecast_scaled_by_latest_available_region_anchor,0.8484333738639727,normal,0,0,normal,maintain_normal_staffing__15min_summer_shuttle_baseline_if_operating,0.0,0.0,1.0,0.0,0.0,0.0,0.0,0.0,0.6,0.0,0.6,relative_service_intensity_not_exact_resource_count
2026-10-29,SHG,0.0,0.0,0.1922493882449181,anchor_constrained_daily_visitor_forecast,seasonal_calendar_ridge,171189.26559227135,0.0,0.0,32911.03158421098,pressure_forecast_scaled_by_latest_available_region_anchor,0.0,low,0,0,normal,maintain_normal_staffing__15min_summer_shuttle_baseline_if_operating,0.0,0.0,0.0,0.0,0.0,0.0,0.0,0.0,0.0,0.0,0.0,relative_service_intensity_not_exact_resource_count
2026-10-30,BDH,0.0,0.0721022868768368,0.3336277418686949,anchor_constrained_daily_visitor_forecast,seasonal_calendar_ridge,126542.83990327934,0.0,9124.028144915888,42218.201926582864,pressure_forecast_scaled_by_latest_available_region_anchor,0.41340460009745633,low,0,0,normal,maintain_normal_staffing__15min_summer_shuttle_baseline_if_operating,0.0,0.0,0.0,0.0,0.0,0.0,0.0,0.0,0.0,0.0,0.0,relative_service_intensity_not_exact_resource_count
2026-10-30,HGA,0.6897559417966119,1.1019499991294284,1.614693453388668,anchor_constrained_daily_visitor_forecast,seasonal_calendar_ridge,18777.81226850634,12952.107586143564,20692.21021293313,30320.4105389186,pressure_forecast_scaled_by_latest_available_region_anchor,0.8460041100141981,normal,0,0,normal,maintain_normal_staffing__15min_summer_shuttle_baseline_if_operating,0.0,0.0,1.0,0.0,0.0,0.0,0.0,0.0,0.6,0.0,0.6,relative_service_intensity_not_exact_resource_count
2026-10-30,SHG,0.0,0.0,0.1904573158467603,anchor_constrained_daily_visitor_forecast,seasonal_calendar_ridge,171189.26559227135,0.0,0.0,32604.24802648217,pressure_forecast_scaled_by_latest_available_region_anchor,0.0,low,0,0,normal,maintain_normal_staffing__15min_summer_shuttle_baseline_if_operating,0.0,0.0,0.0,0.0,0.0,0.0,0.0,0.0,0.0,0.0,0.0,relative_service_intensity_not_exact_resource_count
2026-10-31,BDH,0.0,0.2309278583120556,0.5311967525656089,anchor_constrained_daily_visitor_forecast,seasonal_calendar_ridge,126542.83990327934,0.0,29222.267003589637,67219.14561705173,pressure_forecast_scaled_by_latest_available_region_anchor,1.324044535229942,high,1,0,surge,intensify_parking_guidance__open_surge_window_security_teams__prepare_outer_transfer,1.0,1.0,2.0,0.0,0.0,0.0,0.0,0.48,3.0,0.48,4.92,relative_service_intensity_not_exact_resource_count
2026-10-31,HGA,0.9400832252349453,1.4133413783163111,2.0020447228949965,anchor_constrained_daily_visitor_forecast,seasonal_calendar_ridge,18777.81226850634,17652.70632023376,26539.459073335685,37594.01995967604,pressure_forecast_scaled_by_latest_available_region_anchor,1.085069754392996,high,1,0,surge,intensify_parking_guidance__open_surge_window_security_teams__prepare_outer_transfer,1.0,1.0,1.0,0.0,0.0,0.0,0.0,0.0,2.4,0.0,2.4,relative_service_intensity_not_exact_resource_count
2026-10-31,SHG,0.0,0.0987826874041188,0.3668164802408565,anchor_constrained_daily_visitor_forecast,seasonal_calendar_ridge,171189.26559227135,0.0,16910.53570994202,62795.043859574136,pressure_forecast_scaled_by_latest_available_region_anchor,2.043789728441834,extreme,1,0,surge,intensify_parking_guidance__open_surge_window_security_teams__prepare_outer_transfer,0.0,2.0,2.0,0.0,1.0,0.0,0.0,1.2,2.8,2.2,11.600000000000001,relative_service_intensity_not_exact_resource_count
2026-11-01,BDH,0.0,0.2291093976448078,0.5289347019916817,anchor_constrained_daily_visitor_forecast,seasonal_calendar_ridge,126542.83990327934,0.0,28992.15382650368,66932.89931342214,pressure_forecast_scaled_by_latest_available_region_anchor,1.3136182361831352,high,1,0,surge,intensify_parking_guidance__open_surge_window_security_teams__prepare_outer_transfer,1.0,1.0,2.0,0.0,0.0,0.0,0.0,0.48,3.0,0.48,4.92,relative_service_intensity_not_exact_resource_count
2026-11-01,HGA,0.9372171230402028,1.4097761276450584,1.9976097755396007,anchor_constrained_daily_visitor_forecast,seasonal_calendar_ridge,18777.81226850634,17598.887191278536,26472.511465540734,37510.74135081571,pressure_forecast_scaled_by_latest_available_region_anchor,1.0823325914332484,high,1,0,surge,intensify_parking_guidance__open_surge_window_security_teams__prepare_outer_transfer,1.0,1.0,1.0,0.0,0.0,0.0,0.0,0.0,2.4,0.0,2.4,relative_service_intensity_not_exact_resource_count
2026-11-01,SHG,0.0,0.0971594459725396,0.3647972701044701,anchor_constrained_daily_visitor_forecast,seasonal_calendar_ridge,171189.26559227135,0.0,16632.654201391022,62449.37675924969,pressure_forecast_scaled_by_latest_available_region_anchor,2.0102052588163946,extreme,1,0,surge,intensify_parking_guidance__open_surge_window_security_teams__prepare_outer_transfer,0.0,2.0,2.0,0.0,1.0,0.0,0.0,1.2,2.8,2.2,11.600000000000001,relative_service_intensity_not_exact_resource_count
2026-11-02,BDH,0.0,0.0673582910565287,0.3277265097654573,anchor_constrained_daily_visitor_forecast,seasonal_calendar_ridge,126542.83990327934,0.0,8523.709441324812,41471.443257310784,pressure_forecast_scaled_by_latest_available_region_anchor,0.3862044961907865,low,0,0,normal,maintain_normal_staffing__15min_summer_shuttle_baseline_if_operating,0.0,0.0,0.0,0.0,0.0,0.0,0.0,0.0,0.0,0.0,0.0,relative_service_intensity_not_exact_resource_count
2026-11-02,HGA,0.6822788612760802,1.0926489817429106,1.603123573381791,anchor_constrained_daily_visitor_forecast,seasonal_calendar_ridge,18777.81226850634,12811.704371812511,20517.557454542984,30103.15350418032,pressure_forecast_scaled_by_latest_available_region_anchor,0.8388634058601765,normal,0,0,normal,maintain_normal_staffing__15min_summer_shuttle_baseline_if_operating,0.0,0.0,1.0,0.0,0.0,0.0,0.0,0.0,0.6,0.0,0.6,relative_service_intensity_not_exact_resource_count
2026-11-02,SHG,0.0,0.0,0.1851896052936152,anchor_constrained_daily_visitor_forecast,seasonal_calendar_ridge,171189.26559227135,0.0,0.0,31702.472525536592,pressure_forecast_scaled_by_latest_available_region_anchor,0.0,low,0,0,normal,maintain_normal_staffing__15min_summer_shuttle_baseline_if_operating,0.0,0.0,0.0,0.0,0.0,0.0,0.0,0.0,0.0,0.0,0.0,relative_service_intensity_not_exact_resource_count
2026-11-03,BDH,0.0,0.0658108692848813,0.3258016145121766,anchor_constrained_daily_visitor_forecast,seasonal_calendar_ridge,126542.83990327934,0.0,8327.89429581239,41227.8615454443,pressure_forecast_scaled_by_latest_available_region_anchor,0.3773322217262786,low,0,0,normal,maintain_normal_staffing__15min_summer_shuttle_baseline_if_operating,0.0,0.0,0.0,0.0,0.0,0.0,0.0,0.0,0.0,0.0,0.0,relative_service_intensity_not_exact_resource_count
2026-11-03,HGA,0.6798399474101995,1.0896151264556115,1.599349648425672,anchor_constrained_daily_visitor_forecast,seasonal_calendar_ridge,18777.81226850634,12765.906905099948,20460.58828950827,30032.287449838885,pressure_forecast_scaled_by_latest_available_region_anchor,0.83653421302541,normal,0,0,normal,maintain_normal_staffing__15min_summer_shuttle_baseline_if_operating,0.0,0.0,1.0,0.0,0.0,0.0,0.0,0.0,0.6,0.0,0.6,relative_service_intensity_not_exact_resource_count
2026-11-03,SHG,0.0,0.0,0.1834713554667963,anchor_constrained_daily_visitor_forecast,seasonal_calendar_ridge,171189.26559227135,0.0,0.0,31408.32659957943,pressure_forecast_scaled_by_latest_available_region_anchor,0.0,low,0,0,normal,maintain_normal_staffing__15min_summer_shuttle_baseline_if_operating,0.0,0.0,0.0,0.0,0.0,0.0,0.0,0.0,0.0,0.0,0.0,relative_service_intensity_not_exact_resource_count
2026-11-04,BDH,0.0,0.0642810555530873,0.3238986225518148,anchor_constrained_daily_visitor_forecast,seasonal_calendar_ridge,126542.83990327934,0.0,8134.307321668139,40987.05153846701,pressure_forecast_scaled_by_latest_available_region_anchor,0.3685609044572964,low,0,0,normal,maintain_normal_staffing__15min_summer_shuttle_baseline_if_operating,0.0,0.0,0.0,0.0,0.0,0.0,0.0,0.0,0.0,0.0,0.0,relative_service_intensity_not_exact_resource_count
2026-11-04,HGA,0.6774287858309518,1.0866157932655107,1.595618666784845,anchor_constrained_daily_visitor_forecast,seasonal_calendar_ridge,18777.81226850634,12720.6305656158,20404.267373933853,29962.227777010197,pressure_forecast_scaled_by_latest_available_region_anchor,0.834231523966803,normal,0,0,normal,maintain_normal_staffing__15min_summer_shuttle_baseline_if_operating,0.0,0.0,1.0,0.0,0.0,0.0,0.0,0.0,0.6,0.0,0.6,relative_service_intensity_not_exact_resource_count
2026-11-04,SHG,0.0,0.0,0.1817726575242685,anchor_constrained_daily_visitor_forecast,seasonal_calendar_ridge,171189.26559227135,0.0,0.0,31117.527746334992,pressure_forecast_scaled_by_latest_available_region_anchor,0.0,low,0,0,normal,maintain_normal_staffing__15min_summer_shuttle_baseline_if_operating,0.0,0.0,0.0,0.0,0.0,0.0,0.0,0.0,0.0,0.0,0.0,relative_service_intensity_not_exact_resource_count
2026-11-05,BDH,0.0,0.0627692321765051,0.3220180094606059,anchor_constrained_daily_visitor_forecast,seasonal_calendar_ridge,126542.83990327934,0.0,7942.996898163265,40749.073417146144,pressure_forecast_scaled_by_latest_available_region_anchor,0.3598927364214955,low,0,0,normal,maintain_normal_staffing__15min_summer_shuttle_baseline_if_operating,0.0,0.0,0.0,0.0,0.0,0.0,0.0,0.0,0.0,0.0,0.0,relative_service_intensity_not_exact_resource_count
2026-11-05,HGA,0.675045979111111,1.0836517317351988,1.5919315608679785,anchor_constrained_daily_visitor_forecast,seasonal_calendar_ridge,18777.81226850634,12675.886668358493,20348.608782965355,29892.99199428917,pressure_forecast_scaled_by_latest_available_region_anchor,0.8319559141487896,normal,0,0,normal,maintain_normal_staffing__15min_summer_shuttle_baseline_if_operating,0.0,0.0,1.0,0.0,0.0,0.0,0.0,0.0,0.6,0.0,0.6,relative_service_intensity_not_exact_resource_count
2026-11-05,SHG,0.0,0.0,0.1800939359872001,anchor_constrained_daily_visitor_forecast,seasonal_calendar_ridge,171189.26559227135,0.0,0.0,30830.148639270323,pressure_forecast_scaled_by_latest_available_region_anchor,0.0,low,0,0,normal,maintain_normal_staffing__15min_summer_shuttle_baseline_if_operating,0.0,0.0,0.0,0.0,0.0,0.0,0.0,0.0,0.0,0.0,0.0,relative_service_intensity_not_exact_resource_count
2026-11-06,BDH,0.0,0.0612757751210568,0.3201602429164848,anchor_constrained_daily_visitor_forecast,seasonal_calendar_ridge,126542.83990327934,0.0,7754.010601093248,40513.986362775766,pressure_forecast_scaled_by_latest_available_region_anchor,0.35132987325149706,low,0,0,normal,maintain_normal_staffing__15min_summer_shuttle_baseline_if_operating,0.0,0.0,0.0,0.0,0.0,0.0,0.0,0.0,0.0,0.0,0.0,relative_service_intensity_not_exact_resource_count
2026-11-06,HGA,0.6726921198160123,1.0807236789786434,1.588289247598437,anchor_constrained_daily_visitor_forecast,seasonal_calendar_ridge,18777.81226850634,12631.686340408653,20293.62635799048,29824.597319490636,pressure_forecast_scaled_by_latest_available_region_anchor,0.8297079494785767,normal,0,0,normal,maintain_normal_staffing__15min_summer_shuttle_baseline_if_operating,0.0,0.0,1.0,0.0,0.0,0.0,0.0,0.0,0.6,0.0,0.6,relative_service_intensity_not_exact_resource_count
2026-11-06,SHG,0.0,0.0,0.1784356083263753,anchor_constrained_daily_visitor_forecast,seasonal_calendar_ridge,171189.26559227135,0.0,0.0,30546.260744902374,pressure_forecast_scaled_by_latest_available_region_anchor,0.0,low,0,0,normal,maintain_normal_staffing__15min_summer_shuttle_baseline_if_operating,0.0,0.0,0.0,0.0,0.0,0.0,0.0,0.0,0.0,0.0,0.0,relative_service_intensity_not_exact_resource_count
2026-11-07,BDH,0.0,0.2186205345533042,0.5158872167183863,anchor_constrained_daily_visitor_forecast,seasonal_calendar_ridge,126542.83990327934,0.0,27664.86330354813,65281.83347334313,pressure_forecast_scaled_by_latest_available_region_anchor,1.2534794466988726,high,1,0,surge,intensify_parking_guidance__open_surge_window_security_teams__prepare_outer_transfer,1.0,1.0,2.0,0.0,0.0,0.0,0.0,0.48,3.0,0.48,4.92,relative_service_intensity_not_exact_resource_count
2026-11-07,HGA,0.9206854740095958,1.3892117971367446,1.972029043183608,anchor_constrained_daily_visitor_forecast,seasonal_calendar_ridge,18777.81226850634,17288.45898929296,26086.3583278281,37030.39116094397,pressure_forecast_scaled_by_latest_available_region_anchor,1.0665446626311537,high,1,0,surge,intensify_parking_guidance__open_surge_window_security_teams__prepare_outer_transfer,1.0,1.0,1.0,0.0,0.0,0.0,0.0,0.0,2.4,0.0,2.4,relative_service_intensity_not_exact_resource_count
2026-11-07,SHG,0.0,0.0877966054960066,0.3531504860661948,anchor_constrained_daily_visitor_forecast,seasonal_calendar_ridge,171189.26559227135,0.0,15029.836416355747,60455.57235322554,pressure_forecast_scaled_by_latest_available_region_anchor,1.8164903711388227,extreme,1,0,surge,intensify_parking_guidance__open_surge_window_security_teams__prepare_outer_transfer,0.0,2.0,2.0,0.0,1.0,0.0,0.0,1.2,2.8,2.2,11.600000000000001,relative_service_intensity_not_exact_resource_count
2026-11-08,BDH,0.0,0.2169467761496216,0.5138051666494141,anchor_constrained_daily_visitor_forecast,seasonal_calendar_ridge,126542.83990327934,0.0,27453.061161834143,65018.36494479457,pressure_forecast_scaled_by_latest_available_region_anchor,1.2438828103991648,high,1,0,surge,intensify_parking_guidance__open_surge_window_security_teams__prepare_outer_transfer,1.0,1.0,2.0,0.0,0.0,0.0,0.0,0.48,3.0,0.48,4.92,relative_service_intensity_not_exact_resource_count
2026-11-08,HGA,0.918047439148208,1.3859302478683326,1.9679470025105927,anchor_constrained_daily_visitor_forecast,seasonal_calendar_ridge,18777.81226850634,17238.92246590805,26024.738011716006,36953.739367513685,pressure_forecast_scaled_by_latest_available_region_anchor,1.064025306788798,high,1,0,surge,intensify_parking_guidance__open_surge_window_security_teams__prepare_outer_transfer,1.0,1.0,1.0,0.0,0.0,0.0,0.0,0.0,2.4,0.0,2.4,relative_service_intensity_not_exact_resource_count
2026-11-08,SHG,0.0,0.0863025319445431,0.3512919526398476,anchor_constrained_daily_visitor_forecast,seasonal_calendar_ridge,171189.26559227135,0.0,14774.067062339878,60137.41138089047,pressure_forecast_scaled_by_latest_available_region_anchor,1.7855783534739709,extreme,1,0,surge,intensify_parking_guidance__open_surge_window_security_teams__prepare_outer_transfer,0.0,2.0,2.0,0.0,1.0,0.0,0.0,0.6,2.8,1.6,9.2,relative_service_intensity_not_exact_resource_count
2026-11-09,BDH,0.0,0.0569092657329671,0.3147285801671678,anchor_constrained_daily_visitor_forecast,seasonal_calendar_ridge,126542.83990327934,0.0,7201.460102660047,39826.64833308034,pressure_forecast_scaled_by_latest_available_region_anchor,0.32629411994053076,low,0,0,normal,maintain_normal_staffing__15min_summer_shuttle_baseline_if_operating,0.0,0.0,0.0,0.0,0.0,0.0,0.0,0.0,0.0,0.0,0.0,relative_service_intensity_not_exact_resource_count
2026-11-09,HGA,0.6658100011285037,1.072162756651697,1.577639999246903,anchor_constrained_daily_visitor_forecast,seasonal_calendar_ridge,18777.81226850634,12502.455207685038,20132.87096568981,29624.627733144825,pressure_forecast_scaled_by_latest_available_region_anchor,0.8231354412161046,normal,0,0,normal,maintain_normal_staffing__15min_summer_shuttle_baseline_if_operating,0.0,0.0,1.0,0.0,0.0,0.0,0.0,0.0,0.6,0.0,0.6,relative_service_intensity_not_exact_resource_count
2026-11-09,SHG,0.0,0.0,0.1735870569247104,anchor_constrained_daily_visitor_forecast,seasonal_calendar_ridge,171189.26559227135,0.0,0.0,29716.240791264976,pressure_forecast_scaled_by_latest_available_region_anchor,0.0,low,0,0,normal,maintain_normal_staffing__15min_summer_shuttle_baseline_if_operating,0.0,0.0,0.0,0.0,0.0,0.0,0.0,0.0,0.0,0.0,0.0,relative_service_intensity_not_exact_resource_count
2026-11-10,BDH,0.0,0.0554929057129348,0.3129667174808271,anchor_constrained_daily_visitor_forecast,seasonal_calendar_ridge,126542.83990327934,0.0,7022.229883399688,39603.69722523117,pressure_forecast_scaled_by_latest_available_region_anchor,0.3181732991865971,low,0,0,normal,maintain_normal_staffing__15min_summer_shuttle_baseline_if_operating,0.0,0.0,0.0,0.0,0.0,0.0,0.0,0.0,0.0,0.0,0.0,relative_service_intensity_not_exact_resource_count
2026-11-10,HGA,0.6635776555875343,1.069385859354382,1.5741857138514228,anchor_constrained_daily_visitor_forecast,seasonal_calendar_ridge,18777.81226850634,12460.536642198276,20080.726909551908,29559.76381046665,pressure_forecast_scaled_by_latest_available_region_anchor,0.8210035236803981,normal,0,0,normal,maintain_normal_staffing__15min_summer_shuttle_baseline_if_operating,0.0,0.0,1.0,0.0,0.0,0.0,0.0,0.0,0.6,0.0,0.6,relative_service_intensity_not_exact_resource_count
2026-11-10,SHG,0.0,0.0,0.1720143374478849,anchor_constrained_daily_visitor_forecast,seasonal_calendar_ridge,171189.26559227135,0.0,0.0,29447.00809904456,pressure_forecast_scaled_by_latest_available_region_anchor,0.0,low,0,0,normal,maintain_normal_staffing__15min_summer_shuttle_baseline_if_operating,0.0,0.0,0.0,0.0,0.0,0.0,0.0,0.0,0.0,0.0,0.0,relative_service_intensity_not_exact_resource_count
2026-11-11,BDH,0.0,0.0540966957181023,0.3112299201571247,anchor_constrained_daily_visitor_forecast,seasonal_calendar_ridge,126542.83990327934,0.0,6845.549505552239,39383.91795955344,pressure_forecast_scaled_by_latest_available_region_anchor,0.3101680103175802,low,0,0,normal,maintain_normal_staffing__15min_summer_shuttle_baseline_if_operating,0.0,0.0,0.0,0.0,0.0,0.0,0.0,0.0,0.0,0.0,0.0,relative_service_intensity_not_exact_resource_count
2026-11-11,HGA,0.6613770687931189,1.0666484679381467,1.5707805712845886,anchor_constrained_daily_visitor_forecast,seasonal_calendar_ridge,18777.81226850634,12419.214436492188,20029.32468743242,29495.822682599144,pressure_forecast_scaled_by_latest_available_region_anchor,0.8189019361395096,normal,0,0,normal,maintain_normal_staffing__15min_summer_shuttle_baseline_if_operating,0.0,0.0,1.0,0.0,0.0,0.0,0.0,0.0,0.6,0.0,0.6,relative_service_intensity_not_exact_resource_count
2026-11-11,SHG,0.0,0.0,0.1704639924638734,anchor_constrained_daily_visitor_forecast,seasonal_calendar_ridge,171189.26559227135,0.0,0.0,29181.605679816967,pressure_forecast_scaled_by_latest_available_region_anchor,0.0,low,0,0,normal,maintain_normal_staffing__15min_summer_shuttle_baseline_if_operating,0.0,0.0,0.0,0.0,0.0,0.0,0.0,0.0,0.0,0.0,0.0,relative_service_intensity_not_exact_resource_count
2026-11-12,BDH,0.0,0.0527209731222491,0.3095186078678,anchor_constrained_daily_visitor_forecast,seasonal_calendar_ridge,126542.83990327934,0.0,6671.461661353865,39167.36364250092,pressure_forecast_scaled_by_latest_available_region_anchor,0.3022801876947664,low,0,0,normal,maintain_normal_staffing__15min_summer_shuttle_baseline_if_operating,0.0,0.0,0.0,0.0,0.0,0.0,0.0,0.0,0.0,0.0,0.0,relative_service_intensity_not_exact_resource_count
2026-11-12,HGA,0.6592087724849569,1.0639512438536989,1.5674253943494336,anchor_constrained_daily_visitor_forecast,seasonal_calendar_ridge,18777.81226850634,12378.498575475029,19978.676719928568,29432.819799983183,pressure_forecast_scaled_by_latest_available_region_anchor,0.8168311864114141,normal,0,0,normal,maintain_normal_staffing__15min_summer_shuttle_baseline_if_operating,0.0,0.0,1.0,0.0,0.0,0.0,0.0,0.0,0.6,0.0,0.6,relative_service_intensity_not_exact_resource_count
2026-11-12,SHG,0.0,0.0,0.1689363965909272,anchor_constrained_daily_visitor_forecast,seasonal_calendar_ridge,171189.26559227135,0.0,0.0,28920.09766420553,pressure_forecast_scaled_by_latest_available_region_anchor,0.0,low,0,0,normal,maintain_normal_staffing__15min_summer_shuttle_baseline_if_operating,0.0,0.0,0.0,0.0,0.0,0.0,0.0,0.0,0.0,0.0,0.0,relative_service_intensity_not_exact_resource_count
2026-11-13,BDH,0.0,0.0513660688070509,0.3078331922088242,anchor_constrained_daily_visitor_forecast,seasonal_calendar_ridge,126542.83990327934,0.0,6500.008221511479,38954.086358596665,pressure_forecast_scaled_by_latest_available_region_anchor,0.29451172845641227,low,0,0,normal,maintain_normal_staffing__15min_summer_shuttle_baseline_if_operating,0.0,0.0,0.0,0.0,0.0,0.0,0.0,0.0,0.0,0.0,0.0,relative_service_intensity_not_exact_resource_count
2026-11-13,HGA,0.6570732881704504,1.061294835823409,1.5641209900157418,anchor_constrained_daily_visitor_forecast,seasonal_calendar_ridge,18777.81226850634,12338.398851914884,19928.795188627235,29370.77031574588,pressure_forecast_scaled_by_latest_available_region_anchor,0.814791772542114,normal,0,0,normal,maintain_normal_staffing__15min_summer_shuttle_baseline_if_operating,0.0,0.0,1.0,0.0,0.0,0.0,0.0,0.0,0.6,0.0,0.6,relative_service_intensity_not_exact_resource_count
2026-11-13,SHG,0.0,0.0,0.1674319172384964,anchor_constrained_daily_visitor_forecast,seasonal_calendar_ridge,171189.26559227135,0.0,0.0,28662.54694876417,pressure_forecast_scaled_by_latest_available_region_anchor,0.0,low,0,0,normal,maintain_normal_staffing__15min_summer_shuttle_baseline_if_operating,0.0,0.0,0.0,0.0,0.0,0.0,0.0,0.0,0.0,0.0,0.0,relative_service_intensity_not_exact_resource_count
2026-11-14,BDH,0.0,0.2073878645794149,0.5019144825158752,anchor_constrained_daily_visitor_forecast,seasonal_calendar_ridge,126542.83990327934,0.0,26243.44934535588,63513.684006143696,pressure_forecast_scaled_by_latest_available_region_anchor,1.189075977131887,high,1,0,surge,intensify_parking_guidance__open_surge_window_security_teams__prepare_outer_transfer,1.0,1.0,1.0,0.0,0.0,0.0,0.0,0.48,2.4,0.48,4.32,relative_service_intensity_not_exact_resource_count
2026-11-14,HGA,0.9029815001789716,1.3671891683905475,1.9446342796388327,anchor_constrained_daily_visitor_forecast,seasonal_calendar_ridge,18777.81226850634,16956.01709229495,25672.821539573,36515.97743396006,pressure_forecast_scaled_by_latest_available_region_anchor,1.0496371491801635,high,1,0,surge,intensify_parking_guidance__open_surge_window_security_teams__prepare_outer_transfer,1.0,1.0,1.0,0.0,0.0,0.0,0.0,0.0,2.4,0.0,2.4,relative_service_intensity_not_exact_resource_count
2026-11-14,SHG,0.0,0.0777698088667075,0.3406777823786922,anchor_constrained_daily_visitor_forecast,seasonal_calendar_ridge,171189.26559227135,0.0,13313.356465142972,58320.37936901197,pressure_forecast_scaled_by_latest_available_region_anchor,1.6090383924707243,extreme,1,0,surge,intensify_parking_guidance__open_surge_window_security_teams__prepare_outer_transfer,0.0,2.0,2.0,0.0,1.0,0.0,0.0,0.6,2.8,1.6,9.2,relative_service_intensity_not_exact_resource_count
2026-11-15,BDH,0.0,0.2058789048548614,0.5000374316274852,anchor_constrained_daily_visitor_forecast,seasonal_calendar_ridge,126542.83990327934,0.0,26052.50129651121,63276.15665608384,pressure_forecast_scaled_by_latest_available_region_anchor,1.1804242280887842,high,1,0,surge,intensify_parking_guidance__open_surge_window_security_teams__prepare_outer_transfer,1.0,1.0,1.0,0.0,0.0,0.0,0.0,0.48,2.4,0.48,4.32,relative_service_intensity_not_exact_resource_count
2026-11-15,HGA,0.9006032069025682,1.3642307212996907,1.940954157731145,anchor_constrained_daily_visitor_forecast,seasonal_calendar_ridge,18777.81226850634,16911.357947631197,25617.268375494583,36446.872795652285,pressure_forecast_scaled_by_latest_available_region_anchor,1.0473658497563223,high,1,0,surge,intensify_parking_guidance__open_surge_window_security_teams__prepare_outer_transfer,1.0,1.0,1.0,0.0,0.0,0.0,0.0,0.0,2.4,0.0,2.4,relative_service_intensity_not_exact_resource_count
2026-11-15,SHG,0.0,0.0764228421780154,0.3390022406273116,anchor_constrained_daily_visitor_forecast,seasonal_calendar_ridge,171189.26559227135,0.0,13082.770226928527,58033.54460712393,pressure_forecast_scaled_by_latest_available_region_anchor,1.5811699799457648,extreme,1,0,surge,intensify_parking_guidance__open_surge_window_security_teams__prepare_outer_transfer,1.0,1.0,2.0,0.0,0.5,0.0,0.0,0.6,3.0,1.1,7.4,relative_service_intensity_not_exact_resource_count
2026-11-16,BDH,0.0,0.0474294767579584,0.3029363195602422,anchor_constrained_daily_visitor_forecast,seasonal_calendar_ridge,126542.83990327934,0.0,6001.860684078639,38334.4221870004,pressure_forecast_scaled_by_latest_available_region_anchor,0.27194094280876957,low,0,0,normal,maintain_normal_staffing__15min_summer_shuttle_baseline_if_operating,0.0,0.0,0.0,0.0,0.0,0.0,0.0,0.0,0.0,0.0,0.0,relative_service_intensity_not_exact_resource_count
2026-11-16,HGA,0.6508687684275059,1.0535768039196929,1.554520244279615,anchor_constrained_daily_visitor_forecast,seasonal_calendar_ridge,18777.81226850634,12221.89154496563,19783.8674344569,29190.489314675237,pressure_forecast_scaled_by_latest_available_region_anchor,0.8088663796323418,normal,0,0,normal,maintain_normal_staffing__15min_summer_shuttle_baseline_if_operating,0.0,0.0,1.0,0.0,0.0,0.0,0.0,0.0,0.6,0.0,0.6,relative_service_intensity_not_exact_resource_count
2026-11-16,SHG,0.0,0.0,0.1630607440195695,anchor_constrained_daily_visitor_forecast,seasonal_calendar_ridge,171189.26559227135,0.0,0.0,27914.24901563946,pressure_forecast_scaled_by_latest_available_region_anchor,0.0,low,0,0,normal,maintain_normal_staffing__15min_summer_shuttle_baseline_if_operating,0.0,0.0,0.0,0.0,0.0,0.0,0.0,0.0,0.0,0.0,0.0,relative_service_intensity_not_exact_resource_count
2026-11-17,BDH,0.0,0.0461610241873079,0.3013584444282041,anchor_constrained_daily_visitor_forecast,seasonal_calendar_ridge,126542.83990327934,0.0,5841.34709350592,38134.75338677954,pressure_forecast_scaled_by_latest_available_region_anchor,0.26466816200768256,low,0,0,normal,maintain_normal_staffing__15min_summer_shuttle_baseline_if_operating,0.0,0.0,0.0,0.0,0.0,0.0,0.0,0.0,0.0,0.0,0.0,relative_service_intensity_not_exact_resource_count
2026-11-17,HGA,0.6488695419596775,1.0510898920714389,1.5514266825243506,anchor_constrained_daily_visitor_forecast,seasonal_calendar_ridge,18777.81226850634,12184.35044567052,19737.168670642062,29132.39899279384,pressure_forecast_scaled_by_latest_available_region_anchor,0.8069570936878542,normal,0,0,normal,maintain_normal_staffing__15min_summer_shuttle_baseline_if_operating,0.0,0.0,1.0,0.0,0.0,0.0,0.0,0.0,0.6,0.0,0.6,relative_service_intensity_not_exact_resource_count
2026-11-17,SHG,0.0,0.0,0.161652260275976,anchor_constrained_daily_visitor_forecast,seasonal_calendar_ridge,171189.26559227135,0.0,0.0,27673.13171797504,pressure_forecast_scaled_by_latest_available_region_anchor,0.0,low,0,0,normal,maintain_normal_staffing__15min_summer_shuttle_baseline_if_operating,0.0,0.0,0.0,0.0,0.0,0.0,0.0,0.0,0.0,0.0,0.0,relative_service_intensity_not_exact_resource_count
2026-11-18,BDH,0.0,0.0449149465982871,0.2998084023645125,anchor_constrained_daily_visitor_forecast,seasonal_calendar_ridge,126542.83990327934,0.0,5683.664896651387,37938.60666207046,pressure_forecast_scaled_by_latest_available_region_anchor,0.2575236700686194,low,0,0,normal,maintain_normal_staffing__15min_summer_shuttle_baseline_if_operating,0.0,0.0,0.0,0.0,0.0,0.0,0.0,0.0,0.0,0.0,0.0,relative_service_intensity_not_exact_resource_count
2026-11-18,HGA,0.646905581024456,1.0486468483253164,1.5483876899260616,anchor_constrained_daily_visitor_forecast,seasonal_calendar_ridge,18777.81226850634,12147.47155592625,19691.29365381363,29075.333360297787,pressure_forecast_scaled_by_latest_available_region_anchor,0.8050814867621345,normal,0,0,normal,maintain_normal_staffing__15min_summer_shuttle_baseline_if_operating,0.0,0.0,1.0,0.0,0.0,0.0,0.0,0.0,0.6,0.0,0.6,relative_service_intensity_not_exact_resource_count
2026-11-18,SHG,0.0,0.0,0.1602686216063077,anchor_constrained_daily_visitor_forecast,seasonal_calendar_ridge,171189.26559227135,0.0,0.0,27436.267630269453,pressure_forecast_scaled_by_latest_available_region_anchor,0.0,low,0,0,normal,maintain_normal_staffing__15min_summer_shuttle_baseline_if_operating,0.0,0.0,0.0,0.0,0.0,0.0,0.0,0.0,0.0,0.0,0.0,relative_service_intensity_not_exact_resource_count
2026-11-19,BDH,0.0,0.0436915357505998,0.2982865562998689,anchor_constrained_daily_visitor_forecast,seasonal_calendar_ridge,126542.83990327934,0.0,5528.851013616559,37746.02793915483,pressure_forecast_scaled_by_latest_available_region_anchor,0.25050913982068174,low,0,0,normal,maintain_normal_staffing__15min_summer_shuttle_baseline_if_operating,0.0,0.0,0.0,0.0,0.0,0.0,0.0,0.0,0.0,0.0,0.0,relative_service_intensity_not_exact_resource_count
2026-11-19,HGA,0.6449773454685368,1.046248244701662,1.54540397804203,anchor_constrained_daily_visitor_forecast,seasonal_calendar_ridge,18777.81226850634,12111.26351064774,19646.25312526209,29019.30577867613,pressure_forecast_scaled_by_latest_available_region_anchor,0.8032399980144511,normal,0,0,normal,maintain_normal_staffing__15min_summer_shuttle_baseline_if_operating,0.0,0.0,1.0,0.0,0.0,0.0,0.0,0.0,0.6,0.0,0.6,relative_service_intensity_not_exact_resource_count
2026-11-19,SHG,0.0,0.0,0.158910151979162,anchor_constrained_daily_visitor_forecast,seasonal_calendar_ridge,171189.26559227135,0.0,0.0,27203.712212468978,pressure_forecast_scaled_by_latest_available_region_anchor,0.0,low,0,0,normal,maintain_normal_staffing__15min_summer_shuttle_baseline_if_operating,0.0,0.0,0.0,0.0,0.0,0.0,0.0,0.0,0.0,0.0,0.0,relative_service_intensity_not_exact_resource_count
2026-11-20,BDH,0.0,0.0424910768720923,0.2967932610397553,anchor_constrained_daily_visitor_forecast,seasonal_calendar_ridge,126542.83990327934,0.0,5376.941537943114,37557.06211612596,pressure_forecast_scaled_by_latest_available_region_anchor,0.24362620664200796,low,0,0,normal,maintain_normal_staffing__15min_summer_shuttle_baseline_if_operating,0.0,0.0,0.0,0.0,0.0,0.0,0.0,0.0,0.0,0.0,0.0,relative_service_intensity_not_exact_resource_count
2026-11-20,HGA,0.6430852848436597,1.0438946404145333,1.5424762424993332,anchor_constrained_daily_visitor_forecast,seasonal_calendar_ridge,18777.81226850634,12075.734751433169,19602.05758580404,28964.329310283538,pressure_forecast_scaled_by_latest_available_region_anchor,0.8014330567722615,normal,0,0,normal,maintain_normal_staffing__15min_summer_shuttle_baseline_if_operating,0.0,0.0,1.0,0.0,0.0,0.0,0.0,0.0,0.6,0.0,0.6,relative_service_intensity_not_exact_resource_count
2026-11-20,SHG,0.0,0.0,0.1575771681101922,anchor_constrained_daily_visitor_forecast,seasonal_calendar_ridge,171189.26559227135,0.0,0.0,26975.51968289369,pressure_forecast_scaled_by_latest_available_region_anchor,0.0,low,0,0,normal,maintain_normal_staffing__15min_summer_shuttle_baseline_if_operating,0.0,0.0,0.0,0.0,0.0,0.0,0.0,0.0,0.0,0.0,0.0,relative_service_intensity_not_exact_resource_count
2026-11-21,BDH,0.0,0.1973628768639672,0.4894440290033086,anchor_constrained_daily_visitor_forecast,seasonal_calendar_ridge,126542.83990327934,0.0,24974.858929847644,61935.63740378169,pressure_forecast_scaled_by_latest_available_region_anchor,1.1315968566073764,high,1,0,surge,intensify_parking_guidance__open_surge_window_security_teams__prepare_outer_transfer,1.0,1.0,1.0,0.0,0.0,0.0,0.0,0.48,2.4,0.48,4.32,relative_service_intensity_not_exact_resource_count
2026-11-21,HGA,0.8871809718469563,1.3475343059975726,1.9201848683552856,anchor_constrained_daily_visitor_forecast,seasonal_calendar_ridge,18777.81226850634,16659.317737533154,25303.746223394395,36056.87097880212,pressure_forecast_scaled_by_latest_available_region_anchor,1.0345474496662501,high,1,0,surge,intensify_parking_guidance__open_surge_window_security_teams__prepare_outer_transfer,1.0,1.0,1.0,0.0,0.0,0.0,0.0,0.0,2.4,0.0,2.4,relative_service_intensity_not_exact_resource_count
2026-11-21,SHG,0.0,0.0688210448357448,0.3295460833671224,anchor_constrained_daily_visitor_forecast,seasonal_calendar_ridge,171189.26559227135,0.0,11781.424122723936,56414.75199042711,pressure_forecast_scaled_by_latest_available_region_anchor,1.423890645539022,extreme,1,0,surge,intensify_parking_guidance__open_surge_window_security_teams__prepare_outer_transfer,1.0,1.0,2.0,0.0,0.5,0.0,0.0,0.6,3.0,1.1,7.4,relative_service_intensity_not_exact_resource_count
2026-11-22,BDH,0.0,0.1960362567105974,0.4877937970607856,anchor_constrained_daily_visitor_forecast,seasonal_calendar_ridge,126542.83990327934,0.0,24806.984648167305,61726.81236727573,pressure_forecast_scaled_by_latest_available_region_anchor,1.1239905670187829,high,1,0,surge,intensify_parking_guidance__open_surge_window_security_teams__prepare_outer_transfer,1.0,1.0,1.0,0.0,0.0,0.0,0.0,0.48,2.4,0.48,4.32,relative_service_intensity_not_exact_resource_count
2026-11-22,HGA,0.8850900666095523,1.3449333515323565,1.91694944476501,anchor_constrained_daily_visitor_forecast,seasonal_calendar_ridge,18777.81226850634,16620.055111513942,25254.905988727627,35996.11680201482,pressure_forecast_scaled_by_latest_available_region_anchor,1.0325506093656271,high,1,0,surge,intensify_parking_guidance__open_surge_window_security_teams__prepare_outer_transfer,1.0,1.0,1.0,0.0,0.0,0.0,0.0,0.0,2.4,0.0,2.4,relative_service_intensity_not_exact_resource_count
2026-11-22,SHG,0.0,0.067636842814935,0.3280730106144007,anchor_constrained_daily_visitor_forecast,seasonal_calendar_ridge,171189.26559227135,0.0,11578.701448468631,56162.5777477247,pressure_forecast_scaled_by_latest_available_region_anchor,1.399389794325795,high,1,0,surge,intensify_parking_guidance__open_surge_window_security_teams__prepare_outer_transfer,1.0,1.0,2.0,0.0,0.0,0.0,0.0,0.6,3.0,0.6,5.4,relative_service_intensity_not_exact_resource_count
2026-11-23,BDH,0.0,0.0390301663817761,0.292488106299851,anchor_constrained_daily_visitor_forecast,seasonal_calendar_ridge,126542.83990327934,0.0,4938.988095847455,37012.27560911539,pressure_forecast_scaled_by_latest_available_region_anchor,0.22378278170784152,low,0,0,normal,maintain_normal_staffing__15min_summer_shuttle_baseline_if_operating,0.0,0.0,0.0,0.0,0.0,0.0,0.0,0.0,0.0,0.0,0.0,relative_service_intensity_not_exact_resource_count
2026-11-23,HGA,0.637630493694884,1.0371092236766404,1.5340356113090428,anchor_constrained_daily_visitor_forecast,seasonal_calendar_ridge,18777.81226850634,11973.305707277546,19474.6423041363,28805.832722364565,pressure_forecast_scaled_by_latest_available_region_anchor,0.7962236639205424,low,0,0,normal,maintain_normal_staffing__15min_summer_shuttle_baseline_if_operating,0.0,0.0,0.0,0.0,0.0,0.0,0.0,0.0,0.0,0.0,0.0,relative_service_intensity_not_exact_resource_count
2026-11-23,SHG,0.0,0.0,0.1537341894475033,anchor_constrained_daily_visitor_forecast,seasonal_calendar_ridge,171189.26559227135,0.0,0.0,26317.642987941206,pressure_forecast_scaled_by_latest_available_region_anchor,0.0,low,0,0,normal,maintain_normal_staffing__15min_summer_shuttle_baseline_if_operating,0.0,0.0,0.0,0.0,0.0,0.0,0.0,0.0,0.0,0.0,0.0,relative_service_intensity_not_exact_resource_count
2026-11-24,BDH,0.0,0.0379242370830717,0.2911123998851261,anchor_constrained_daily_visitor_forecast,seasonal_calendar_ridge,126542.83990327934,0.0,4799.040661657153,36838.18981252296,pressure_forecast_scaled_by_latest_available_region_anchor,0.21744184192256202,low,0,0,normal,maintain_normal_staffing__15min_summer_shuttle_baseline_if_operating,0.0,0.0,0.0,0.0,0.0,0.0,0.0,0.0,0.0,0.0,0.0,relative_service_intensity_not_exact_resource_count
2026-11-24,HGA,0.6358874225098232,1.0349409528717897,1.5313384189491075,anchor_constrained_daily_visitor_forecast,seasonal_calendar_ridge,18777.81226850634,11940.574643793832,19433.926922015533,28755.185350577656,pressure_forecast_scaled_by_latest_available_region_anchor,0.794559009431703,low,0,0,normal,maintain_normal_staffing__15min_summer_shuttle_baseline_if_operating,0.0,0.0,0.0,0.0,0.0,0.0,0.0,0.0,0.0,0.0,0.0,relative_service_intensity_not_exact_resource_count
2026-11-24,SHG,0.0,0.0,0.1525061707774869,anchor_constrained_daily_visitor_forecast,seasonal_calendar_ridge,171189.26559227135,0.0,0.0,26107.419373687502,pressure_forecast_scaled_by_latest_available_region_anchor,0.0,low,0,0,normal,maintain_normal_staffing__15min_summer_shuttle_baseline_if_operating,0.0,0.0,0.0,0.0,0.0,0.0,0.0,0.0,0.0,0.0,0.0,relative_service_intensity_not_exact_resource_count
2026-11-25,BDH,0.0,0.0368425879950103,0.2897668965236811,anchor_constrained_daily_visitor_forecast,seasonal_calendar_ridge,126542.83990327934,0.0,4662.16571427507,36667.9259960663,pressure_forecast_scaled_by_latest_available_region_anchor,0.2112401147920533,low,0,0,normal,maintain_normal_staffing__15min_summer_shuttle_baseline_if_operating,0.0,0.0,0.0,0.0,0.0,0.0,0.0,0.0,0.0,0.0,0.0,relative_service_intensity_not_exact_resource_count
2026-11-25,HGA,0.6341826197164113,1.032820285536649,1.5287004423082249,anchor_constrained_daily_visitor_forecast,seasonal_calendar_ridge,18777.81226850634,11908.562176984318,19394.10542891231,28705.649920446453,pressure_forecast_scaled_by_latest_available_region_anchor,0.7929309017290675,low,0,0,normal,maintain_normal_staffing__15min_summer_shuttle_baseline_if_operating,0.0,0.0,0.0,0.0,0.0,0.0,0.0,0.0,0.0,0.0,0.0,relative_service_intensity_not_exact_resource_count
2026-11-25,SHG,0.0,0.0,0.151305112738694,anchor_constrained_daily_visitor_forecast,seasonal_calendar_ridge,171189.26559227135,0.0,0.0,25901.811130092858,pressure_forecast_scaled_by_latest_available_region_anchor,0.0,low,0,0,normal,maintain_normal_staffing__15min_summer_shuttle_baseline_if_operating,0.0,0.0,0.0,0.0,0.0,0.0,0.0,0.0,0.0,0.0,0.0,relative_service_intensity_not_exact_resource_count
2026-11-26,BDH,0.0,0.0357854652199593,0.2884519023513657,anchor_constrained_daily_visitor_forecast,seasonal_calendar_ridge,126542.83990327934,0.0,4528.394396193689,36501.52289904524,pressure_forecast_scaled_by_latest_available_region_anchor,0.20517901136519043,low,0,0,normal,maintain_normal_staffing__15min_summer_shuttle_baseline_if_operating,0.0,0.0,0.0,0.0,0.0,0.0,0.0,0.0,0.0,0.0,0.0,relative_service_intensity_not_exact_resource_count
2026-11-26,HGA,0.6325164732001545,1.0307477041763655,1.526122281592417,anchor_constrained_daily_visitor_forecast,seasonal_calendar_ridge,18777.81226850634,11877.275590490222,19355.1868852177,28657.23770252697,pressure_forecast_scaled_by_latest_available_region_anchor,0.7913397112480802,low,0,0,normal,maintain_normal_staffing__15min_summer_shuttle_baseline_if_operating,0.0,0.0,0.0,0.0,0.0,0.0,0.0,0.0,0.0,0.0,0.0,relative_service_intensity_not_exact_resource_count
2026-11-26,SHG,0.0,0.0,0.1501312886020311,anchor_constrained_daily_visitor_forecast,seasonal_calendar_ridge,171189.26559227135,0.0,0.0,25700.86503820304,pressure_forecast_scaled_by_latest_available_region_anchor,0.0,low,0,0,normal,maintain_normal_staffing__15min_summer_shuttle_baseline_if_operating,0.0,0.0,0.0,0.0,0.0,0.0,0.0,0.0,0.0,0.0,0.0,relative_service_intensity_not_exact_resource_count
2026-11-27,BDH,0.0,0.0347531083613496,0.2871677154197613,anchor_constrained_daily_visitor_forecast,seasonal_calendar_ridge,126542.83990327934,0.0,4397.757027511581,36339.01823775334,pressure_forecast_scaled_by_latest_available_region_anchor,0.19925990542864153,low,0,0,normal,maintain_normal_staffing__15min_summer_shuttle_baseline_if_operating,0.0,0.0,0.0,0.0,0.0,0.0,0.0,0.0,0.0,0.0,0.0,relative_service_intensity_not_exact_resource_count
2026-11-27,HGA,0.63088936060349,1.0287236785543543,1.523604521157794,anchor_constrained_daily_visitor_forecast,seasonal_calendar_ridge,18777.81226850634,11846.721975610337,19317.180112060927,28609.95966974855,pressure_forecast_scaled_by_latest_available_region_anchor,0.7897857986419291,low,0,0,normal,maintain_normal_staffing__15min_summer_shuttle_baseline_if_operating,0.0,0.0,0.0,0.0,0.0,0.0,0.0,0.0,0.0,0.0,0.0,relative_service_intensity_not_exact_resource_count
2026-11-27,SHG,0.0,0.0,0.1489849644220158,anchor_constrained_daily_visitor_forecast,seasonal_calendar_ridge,171189.26559227135,0.0,0.0,25504.626643695563,pressure_forecast_scaled_by_latest_available_region_anchor,0.0,low,0,0,normal,maintain_normal_staffing__15min_summer_shuttle_baseline_if_operating,0.0,0.0,0.0,0.0,0.0,0.0,0.0,0.0,0.0,0.0,0.0,relative_service_intensity_not_exact_resource_count
2026-11-28,BDH,0.0,0.1886606400143334,0.4786189942831682,anchor_constrained_daily_visitor_forecast,seasonal_calendar_ridge,126542.83990327934,0.0,23873.653165384017,60565.80676824352,pressure_forecast_scaled_by_latest_available_region_anchor,1.081701840781853,high,1,0,surge,intensify_parking_guidance__open_surge_window_security_teams__prepare_outer_transfer,1.0,1.0,1.0,0.0,0.0,0.0,0.0,0.0,2.4,0.0,2.4,relative_service_intensity_not_exact_resource_count
2026-11-28,HGA,0.8734652503121887,1.3304728119942366,1.89896144406164,anchor_constrained_daily_visitor_forecast,seasonal_calendar_ridge,18777.81226850634,16401.766493426177,24983.368691979504,35658.341501721174,pressure_forecast_scaled_by_latest_available_region_anchor,1.0214487663673633,high,1,0,surge,intensify_parking_guidance__open_surge_window_security_teams__prepare_outer_transfer,1.0,1.0,1.0,0.0,0.0,0.0,0.0,0.0,2.4,0.0,2.4,relative_service_intensity_not_exact_resource_count
2026-11-28,SHG,0.0,0.0610530289219773,0.3198831606696466,anchor_constrained_daily_visitor_forecast,seasonal_calendar_ridge,171189.26559227135,0.0,10451.623183337006,54760.56335037136,pressure_forecast_scaled_by_latest_available_region_anchor,1.2631722893964992,high,1,0,surge,intensify_parking_guidance__open_surge_window_security_teams__prepare_outer_transfer,1.0,1.0,2.0,0.0,0.0,0.0,0.0,0.6,3.0,0.6,5.4,relative_service_intensity_not_exact_resource_count
2026-11-29,BDH,0.0,0.1875313276587012,0.4772142008178976,anchor_constrained_daily_visitor_forecast,seasonal_calendar_ridge,126542.83990327934,0.0,23730.746772764447,60388.04021367061,pressure_forecast_scaled_by_latest_available_region_anchor,1.0752268322490064,high,1,0,surge,intensify_parking_guidance__open_surge_window_security_teams__prepare_outer_transfer,1.0,1.0,1.0,0.0,0.0,0.0,0.0,0.0,2.4,0.0,2.4,relative_service_intensity_not_exact_resource_count
2026-11-29,HGA,0.8716853247524432,1.328258696667748,1.8962072240033057,anchor_constrained_daily_visitor_forecast,seasonal_calendar_ridge,18777.81226850634,16368.34338541336,24941.79245003788,35606.62327451962,pressure_forecast_scaled_by_latest_available_region_anchor,1.0197489154959676,high,1,0,surge,intensify_parking_guidance__open_surge_window_security_teams__prepare_outer_transfer,1.0,1.0,1.0,0.0,0.0,0.0,0.0,0.0,2.4,0.0,2.4,relative_service_intensity_not_exact_resource_count
2026-11-29,SHG,0.0,0.0600449528948884,0.318629177563655,anchor_constrained_daily_visitor_forecast,seasonal_calendar_ridge,171189.26559227135,0.0,10279.051388598476,54545.89490339152,pressure_forecast_scaled_by_latest_available_region_anchor,1.2423154420703661,high,1,0,surge,intensify_parking_guidance__open_surge_window_security_teams__prepare_outer_transfer,1.0,1.0,2.0,0.0,0.0,0.0,0.0,0.6,3.0,0.6,5.4,relative_service_intensity_not_exact_resource_count
2026-11-30,BDH,0.0,0.0318069320276493,0.2835028575613702,anchor_constrained_daily_visitor_forecast,seasonal_calendar_ridge,126542.83990327934,0.0,4024.9395073893215,35875.25671651068,pressure_forecast_scaled_by_latest_available_region_anchor,0.18236775260233204,low,0,0,normal,maintain_normal_staffing__15min_summer_shuttle_baseline_if_operating,0.0,0.0,0.0,0.0,0.0,0.0,0.0,0.0,0.0,0.0,0.0,relative_service_intensity_not_exact_resource_count
2026-11-30,HGA,0.6262458494139438,1.022947443004949,1.516419247824691,anchor_constrained_daily_visitor_forecast,seasonal_calendar_ridge,18777.81226850634,11759.526994226328,19208.71504529552,28475.03595600164,pressure_forecast_scaled_by_latest_available_region_anchor,0.7853511881613559,low,0,0,normal,maintain_normal_staffing__15min_summer_shuttle_baseline_if_operating,0.0,0.0,0.0,0.0,0.0,0.0,0.0,0.0,0.0,0.0,0.0,relative_service_intensity_not_exact_resource_count
2026-11-30,SHG,0.0,0.0,0.1457135441357619,anchor_constrained_daily_visitor_forecast,seasonal_calendar_ridge,171189.26559227135,0.0,0.0,24944.59460744811,pressure_forecast_scaled_by_latest_available_region_anchor,0.0,low,0,0,normal,maintain_normal_staffing__15min_summer_shuttle_baseline_if_operating,0.0,0.0,0.0,0.0,0.0,0.0,0.0,0.0,0.0,0.0,0.0,relative_service_intensity_not_exact_resource_count
2026-12-01,BDH,0.0,0.0308759052195915,0.2823447188325869,anchor_constrained_daily_visitor_forecast,seasonal_calendar_ridge,126542.83990327934,0.0,3907.124731071604,35728.70255276846,pressure_forecast_scaled_by_latest_available_region_anchor,0.17702963113716133,low,0,0,normal,maintain_normal_staffing__15min_summer_shuttle_baseline_if_operating,0.0,0.0,0.0,0.0,0.0,0.0,0.0,0.0,0.0,0.0,0.0,relative_service_intensity_not_exact_resource_count
2026-12-01,HGA,0.6247784445775353,1.0211220837809822,1.5141486158805604,anchor_constrained_daily_visitor_forecast,seasonal_calendar_ridge,18777.81226850634,11731.97234168635,19174.438792465287,28432.39845562388,pressure_forecast_scaled_by_latest_available_region_anchor,0.7839497984368237,low,0,0,normal,maintain_normal_staffing__15min_summer_shuttle_baseline_if_operating,0.0,0.0,0.0,0.0,0.0,0.0,0.0,0.0,0.0,0.0,0.0,relative_service_intensity_not_exact_resource_count
2026-12-01,SHG,0.0,0.0,0.1446797363653013,anchor_constrained_daily_visitor_forecast,seasonal_calendar_ridge,171189.26559227135,0.0,0.0,24767.617814459376,pressure_forecast_scaled_by_latest_available_region_anchor,0.0,low,0,0,normal,maintain_normal_staffing__15min_summer_shuttle_baseline_if_operating,0.0,0.0,0.0,0.0,0.0,0.0,0.0,0.0,0.0,0.0,0.0,relative_service_intensity_not_exact_resource_count
2026-12-02,BDH,0.0,0.0299707452005908,0.2812187567607341,anchor_constrained_daily_visitor_forecast,seasonal_calendar_ridge,126542.83990327934,0.0,3792.583211700341,35586.22011457284,pressure_forecast_scaled_by_latest_available_region_anchor,0.17183981910916823,low,0,0,normal,maintain_normal_staffing__15min_summer_shuttle_baseline_if_operating,0.0,0.0,0.0,0.0,0.0,0.0,0.0,0.0,0.0,0.0,0.0,relative_service_intensity_not_exact_resource_count
2026-12-02,HGA,0.6233518087619931,1.0193474386520245,1.511941069077498,anchor_constrained_daily_visitor_forecast,seasonal_calendar_ridge,18777.81226850634,11705.183242166571,19141.11483939049,28390.94555618204,pressure_forecast_scaled_by_latest_available_region_anchor,0.7825873436302522,low,0,0,normal,maintain_normal_staffing__15min_summer_shuttle_baseline_if_operating,0.0,0.0,0.0,0.0,0.0,0.0,0.0,0.0,0.0,0.0,0.0,relative_service_intensity_not_exact_resource_count
2026-12-02,SHG,0.0,0.0,0.1436746509552417,anchor_constrained_daily_visitor_forecast,seasonal_calendar_ridge,171189.26559227135,0.0,0.0,24595.557981253765,pressure_forecast_scaled_by_latest_available_region_anchor,0.0,low,0,0,normal,maintain_normal_staffing__15min_summer_shuttle_baseline_if_operating,0.0,0.0,0.0,0.0,0.0,0.0,0.0,0.0,0.0,0.0,0.0,relative_service_intensity_not_exact_resource_count
2026-12-03,BDH,0.0,0.0290916527938247,0.2801252211572008,anchor_constrained_daily_visitor_forecast,seasonal_calendar_ridge,126542.83990327934,0.0,3681.340362010752,35447.841013766374,pressure_forecast_scaled_by_latest_available_region_anchor,0.16679946795513856,low,0,0,normal,maintain_normal_staffing__15min_summer_shuttle_baseline_if_operating,0.0,0.0,0.0,0.0,0.0,0.0,0.0,0.0,0.0,0.0,0.0,relative_service_intensity_not_exact_resource_count
2026-12-03,HGA,0.621966258487636,1.017623901349423,1.5097970971925103,anchor_constrained_daily_visitor_forecast,seasonal_calendar_ridge,18777.81226850634,11679.165639226116,19108.75057948448,28350.686454616774,pressure_forecast_scaled_by_latest_available_region_anchor,0.7812641260224522,low,0,0,normal,maintain_normal_staffing__15min_summer_shuttle_baseline_if_operating,0.0,0.0,0.0,0.0,0.0,0.0,0.0,0.0,0.0,0.0,0.0,relative_service_intensity_not_exact_resource_count
2026-12-03,SHG,0.0,0.0,0.1426985108986911,anchor_constrained_daily_visitor_forecast,seasonal_calendar_ridge,171189.26559227135,0.0,0.0,24428.453281857663,pressure_forecast_scaled_by_latest_available_region_anchor,0.0,low,0,0,normal,maintain_normal_staffing__15min_summer_shuttle_baseline_if_operating,0.0,0.0,0.0,0.0,0.0,0.0,0.0,0.0,0.0,0.0,0.0,relative_service_intensity_not_exact_resource_count
2026-12-04,BDH,0.0,0.0282388224004634,0.2790643538448022,anchor_constrained_daily_visitor_forecast,seasonal_calendar_ridge,126542.83990327934,0.0,3573.420782078985,35313.5958512949,pressure_forecast_scaled_by_latest_available_region_anchor,0.1619096922907312,low,0,0,normal,maintain_normal_staffing__15min_summer_shuttle_baseline_if_operating,0.0,0.0,0.0,0.0,0.0,0.0,0.0,0.0,0.0,0.0,0.0,relative_service_intensity_not_exact_resource_count
2026-12-04,HGA,0.6206221001529633,1.0159518530136196,1.5077171743403088,anchor_constrained_daily_visitor_forecast,seasonal_calendar_ridge,18777.81226850634,11653.925286358484,19077.353169730894,28311.63005376516,pressure_forecast_scaled_by_latest_available_region_anchor,0.7799804382277703,low,0,0,normal,maintain_normal_staffing__15min_summer_shuttle_baseline_if_operating,0.0,0.0,0.0,0.0,0.0,0.0,0.0,0.0,0.0,0.0,0.0,relative_service_intensity_not_exact_resource_count
2026-12-04,SHG,0.0,0.0,0.1417515320577906,anchor_constrained_daily_visitor_forecast,seasonal_calendar_ridge,171189.26559227135,0.0,0.0,24266.34066955249,pressure_forecast_scaled_by_latest_available_region_anchor,0.0,low,0,0,normal,maintain_normal_staffing__15min_summer_shuttle_baseline_if_operating,0.0,0.0,0.0,0.0,0.0,0.0,0.0,0.0,0.0,0.0,0.0,relative_service_intensity_not_exact_resource_count
2026-12-05,BDH,0.0,0.1813782356563975,0.4695601417854825,anchor_constrained_daily_visitor_forecast,seasonal_calendar_ridge,126542.83990327934,0.0,22952.11703660679,59419.47384692146,pressure_forecast_scaled_by_latest_available_region_anchor,1.0399475554221798,high,1,0,surge,intensify_parking_guidance__open_surge_window_security_teams__prepare_outer_transfer,1.0,1.0,1.0,0.0,0.0,0.0,0.0,0.0,2.4,0.0,2.4,relative_service_intensity_not_exact_resource_count
2026-12-05,HGA,0.8619873473312754,1.316195023371646,1.8812007739906025,anchor_constrained_daily_visitor_forecast,seasonal_calendar_ridge,18777.81226850634,16186.236586014456,24715.26305761508,35324.834973364355,pressure_forecast_scaled_by_latest_available_region_anchor,1.0104872273990178,high,1,0,surge,intensify_parking_guidance__open_surge_window_security_teams__prepare_outer_transfer,1.0,1.0,1.0,0.0,0.0,0.0,0.0,0.0,2.4,0.0,2.4,relative_service_intensity_not_exact_resource_count
2026-12-05,SHG,0.0,0.0545524206392556,0.3117968132651335,anchor_constrained_daily_visitor_forecast,seasonal_calendar_ridge,171189.26559227135,0.0,9338.788825514835,53376.26747686878,pressure_forecast_scaled_by_latest_available_region_anchor,1.1286762882652661,high,1,0,surge,intensify_parking_guidance__open_surge_window_security_teams__prepare_outer_transfer,1.0,1.0,0.0,1.0,0.0,0.0,0.32000000000000006,0.0,3.0,0.32000000000000006,4.28,relative_service_intensity_not_exact_resource_count
2026-12-06,BDH,0.0,0.1804586382574784,0.4684162205220352,anchor_constrained_daily_visitor_forecast,seasonal_calendar_ridge,126542.83990327934,0.0,22835.74857017989,59274.71880161909,pressure_forecast_scaled_by_latest_available_region_anchor,1.0346749654473262,high,1,0,surge,intensify_parking_guidance__open_surge_window_security_teams__prepare_outer_transfer,1.0,1.0,1.0,0.0,0.0,0.0,0.0,0.0,2.4,0.0,2.4,relative_service_intensity_not_exact_resource_count
2026-12-06,HGA,0.8605379565521445,1.3143920725007097,1.87895801662674,anchor_constrained_daily_visitor_forecast,seasonal_calendar_ridge,18777.81226850634,16159.020198060234,24681.4075846313,35282.72089662193,pressure_forecast_scaled_by_latest_available_region_anchor,1.0091030413214543,high,1,0,surge,intensify_parking_guidance__open_surge_window_security_teams__prepare_outer_transfer,1.0,1.0,1.0,0.0,0.0,0.0,0.0,0.0,2.4,0.0,2.4,relative_service_intensity_not_exact_resource_count
2026-12-06,SHG,0.0,0.053731545805291,0.3107756966565997,anchor_constrained_daily_visitor_forecast,seasonal_calendar_ridge,171189.26559227135,0.0,9198.263865545265,53201.46327456981,pressure_forecast_scaled_by_latest_available_region_anchor,1.1116925880027928,high,1,0,surge,intensify_parking_guidance__open_surge_window_security_teams__prepare_outer_transfer,1.0,1.0,0.0,1.0,0.0,0.0,0.32000000000000006,0.0,3.0,0.32000000000000006,4.28,relative_service_intensity_not_exact_resource_count
2026-12-07,BDH,0.0,0.0258397512581699,0.2760800603970196,anchor_constrained_daily_visitor_forecast,seasonal_calendar_ridge,126542.83990327934,0.0,3269.835506603157,34935.95488330775,pressure_forecast_scaled_by_latest_available_region_anchor,0.1481544136560972,low,0,0,normal,maintain_normal_staffing__15min_summer_shuttle_baseline_if_operating,0.0,0.0,0.0,0.0,0.0,0.0,0.0,0.0,0.0,0.0,0.0,relative_service_intensity_not_exact_resource_count
2026-12-07,HGA,0.6168408893794162,1.0112482648885113,1.5018662068657016,anchor_constrained_daily_visitor_forecast,seasonal_calendar_ridge,18777.81226850634,11582.922420305162,18989.03007492924,28201.76168493785,pressure_forecast_scaled_by_latest_available_region_anchor,0.7763693352840804,low,0,0,normal,maintain_normal_staffing__15min_summer_shuttle_baseline_if_operating,0.0,0.0,0.0,0.0,0.0,0.0,0.0,0.0,0.0,0.0,0.0,relative_service_intensity_not_exact_resource_count
2026-12-07,SHG,0.0,0.0,0.1390876147921162,anchor_constrained_daily_visitor_forecast,seasonal_calendar_ridge,171189.26559227135,0.0,0.0,23810.30662924312,pressure_forecast_scaled_by_latest_available_region_anchor,0.0,low,0,0,normal,maintain_normal_staffing__15min_summer_shuttle_baseline_if_operating,0.0,0.0,0.0,0.0,0.0,0.0,0.0,0.0,0.0,0.0,0.0,relative_service_intensity_not_exact_resource_count
2026-12-08,BDH,0.0,0.0250937849520131,0.275152125280597,anchor_constrained_daily_visitor_forecast,seasonal_calendar_ridge,126542.83990327934,0.0,3175.4388117499243,34818.53133842965,pressure_forecast_scaled_by_latest_available_region_anchor,0.143877352333345,low,0,0,normal,maintain_normal_staffing__15min_summer_shuttle_baseline_if_operating,0.0,0.0,0.0,0.0,0.0,0.0,0.0,0.0,0.0,0.0,0.0,relative_service_intensity_not_exact_resource_count
2026-12-08,HGA,0.6156651610803185,1.009785732912067,1.500046909172719,anchor_constrained_daily_visitor_forecast,seasonal_calendar_ridge,18777.81226850634,11560.844815025936,18961.56692403888,28167.599254398498,pressure_forecast_scaled_by_latest_available_region_anchor,0.7752465002515684,low,0,0,normal,maintain_normal_staffing__15min_summer_shuttle_baseline_if_operating,0.0,0.0,0.0,0.0,0.0,0.0,0.0,0.0,0.0,0.0,0.0,relative_service_intensity_not_exact_resource_count
2026-12-08,SHG,0.0,0.0,0.1382592973289323,anchor_constrained_daily_visitor_forecast,seasonal_calendar_ridge,171189.26559227135,0.0,0.0,23668.507571043418,pressure_forecast_scaled_by_latest_available_region_anchor,0.0,low,0,0,normal,maintain_normal_staffing__15min_summer_shuttle_baseline_if_operating,0.0,0.0,0.0,0.0,0.0,0.0,0.0,0.0,0.0,0.0,0.0,relative_service_intensity_not_exact_resource_count
2026-12-09,BDH,0.0,0.0243749568002592,0.2742579483195462,anchor_constrained_daily_visitor_forecast,seasonal_calendar_ridge,126542.83990327934,0.0,3084.4762560245576,34705.379646402194,pressure_forecast_scaled_by_latest_available_region_anchor,0.13975588992921575,low,0,0,normal,maintain_normal_staffing__15min_summer_shuttle_baseline_if_operating,0.0,0.0,0.0,0.0,0.0,0.0,0.0,0.0,0.0,0.0,0.0,relative_service_intensity_not_exact_resource_count
2026-12-09,HGA,0.6145322056194218,1.008376407653229,1.4982937972863732,anchor_constrained_daily_visitor_forecast,seasonal_calendar_ridge,18777.81226850634,11539.570390072638,18935.102878903148,28134.67964851101,pressure_forecast_scaled_by_latest_available_region_anchor,0.7741645138072959,low,0,0,normal,maintain_normal_staffing__15min_summer_shuttle_baseline_if_operating,0.0,0.0,0.0,0.0,0.0,0.0,0.0,0.0,0.0,0.0,0.0,relative_service_intensity_not_exact_resource_count
2026-12-09,SHG,0.0,0.0,0.1374611139442248,anchor_constrained_daily_visitor_forecast,seasonal_calendar_ridge,171189.26559227135,0.0,0.0,23531.86714360738,pressure_forecast_scaled_by_latest_available_region_anchor,0.0,low,0,0,normal,maintain_normal_staffing__15min_summer_shuttle_baseline_if_operating,0.0,0.0,0.0,0.0,0.0,0.0,0.0,0.0,0.0,0.0,0.0,relative_service_intensity_not_exact_resource_count
2026-12-10,BDH,0.0,0.0236834229538705,0.2733977237558324,anchor_constrained_daily_visitor_forecast,seasonal_calendar_ridge,126542.83990327934,0.0,2996.967599213289,34596.524387155296,pressure_forecast_scaled_by_latest_available_region_anchor,0.13579092174854587,low,0,0,normal,maintain_normal_staffing__15min_summer_shuttle_baseline_if_operating,0.0,0.0,0.0,0.0,0.0,0.0,0.0,0.0,0.0,0.0,0.0,relative_service_intensity_not_exact_resource_count
2026-12-10,HGA,0.6134422691085197,1.007020595259573,1.4966072520349711,anchor_constrained_daily_visitor_forecast,seasonal_calendar_ridge,18777.81226850634,11519.103766886328,18909.643688303768,28103.01001839784,pressure_forecast_scaled_by_latest_available_region_anchor,0.7731236109910636,low,0,0,normal,maintain_normal_staffing__15min_summer_shuttle_baseline_if_operating,0.0,0.0,0.0,0.0,0.0,0.0,0.0,0.0,0.0,0.0,0.0,relative_service_intensity_not_exact_resource_count
2026-12-10,SHG,0.0,0.0,0.1366932380272847,anchor_constrained_daily_visitor_forecast,seasonal_calendar_ridge,171189.26559227135,0.0,0.0,23400.41502932041,pressure_forecast_scaled_by_latest_available_region_anchor,0.0,low,0,0,normal,maintain_normal_staffing__15min_summer_shuttle_baseline_if_operating,0.0,0.0,0.0,0.0,0.0,0.0,0.0,0.0,0.0,0.0,0.0,relative_service_intensity_not_exact_resource_count
2026-12-11,BDH,0.0,0.023019333237001,0.27257163796127,anchor_constrained_daily_visitor_forecast,seasonal_calendar_ridge,126542.83990327934,0.0,2912.931800490061,34491.98914470761,pressure_forecast_scaled_by_latest_available_region_anchor,0.1319833068208777,low,0,0,normal,maintain_normal_staffing__15min_summer_shuttle_baseline_if_operating,0.0,0.0,0.0,0.0,0.0,0.0,0.0,0.0,0.0,0.0,0.0,relative_service_intensity_not_exact_resource_count
2026-12-11,HGA,0.612395587687631,1.0057185894744136,1.4949876388167027,anchor_constrained_daily_visitor_forecast,seasonal_calendar_ridge,18777.81226850634,11499.449379659947,18885.194868097533,28072.597225437603,pressure_forecast_scaled_by_latest_available_region_anchor,0.772124017319502,low,0,0,normal,maintain_normal_staffing__15min_summer_shuttle_baseline_if_operating,0.0,0.0,0.0,0.0,0.0,0.0,0.0,0.0,0.0,0.0,0.0,relative_service_intensity_not_exact_resource_count
2026-12-11,SHG,0.0,0.0,0.1359558359421451,anchor_constrained_daily_visitor_forecast,seasonal_calendar_ridge,171189.26559227135,0.0,0.0,23274.17970791916,pressure_forecast_scaled_by_latest_available_region_anchor,0.0,low,0,0,normal,maintain_normal_staffing__15min_summer_shuttle_baseline_if_operating,0.0,0.0,0.0,0.0,0.0,0.0,0.0,0.0,0.0,0.0,0.0,relative_service_intensity_not_exact_resource_count
2026-12-12,BDH,0.0,0.1755948982630271,0.4623660342056416,anchor_constrained_daily_visitor_forecast,seasonal_calendar_ridge,126542.83990327934,0.0,22220.277098730865,58509.11104319869,pressure_forecast_scaled_by_latest_available_region_anchor,1.006788298124017,high,1,0,surge,intensify_parking_guidance__open_surge_window_security_teams__prepare_outer_transfer,1.0,1.0,1.0,0.0,0.0,0.0,0.0,0.0,2.4,0.0,2.4,relative_service_intensity_not_exact_resource_count
2026-12-12,HGA,0.8528721455044699,1.3048562862215063,1.8670960988991665,anchor_constrained_daily_visitor_forecast,seasonal_calendar_ridge,18777.81226850634,16015.073037321155,24502.346380047824,35059.98003238909,pressure_forecast_scaled_by_latest_available_region_anchor,1.0017820971853355,high,1,0,surge,intensify_parking_guidance__open_surge_window_security_teams__prepare_outer_transfer,1.0,1.0,1.0,0.0,0.0,0.0,0.0,0.0,2.4,0.0,2.4,relative_service_intensity_not_exact_resource_count
2026-12-12,SHG,0.0,0.0493899483137317,0.3053750227380334,anchor_constrained_daily_visitor_forecast,seasonal_calendar_ridge,171189.26559227135,0.0,8455.028979467985,52276.92587274711,pressure_forecast_scaled_by_latest_available_region_anchor,1.0218659939764827,high,1,0,surge,intensify_parking_guidance__open_surge_window_security_teams__prepare_outer_transfer,1.0,1.0,1.0,0.0,0.0,0.0,0.0,0.0,2.4,0.0,2.4,relative_service_intensity_not_exact_resource_count
2026-12-13,BDH,0.0,0.1748948910086155,0.4614952692558604,anchor_constrained_daily_visitor_forecast,seasonal_calendar_ridge,126542.83990327934,0.0,22131.69619280473,58398.921973565135,pressure_forecast_scaled_by_latest_available_region_anchor,1.0027747469370811,high,1,0,surge,intensify_parking_guidance__open_surge_window_security_teams__prepare_outer_transfer,1.0,1.0,1.0,0.0,0.0,0.0,0.0,0.0,2.4,0.0,2.4,relative_service_intensity_not_exact_resource_count
2026-12-13,HGA,0.851768853932461,1.3034838609727109,1.86538888830197,anchor_constrained_daily_visitor_forecast,seasonal_calendar_ridge,18777.81226850634,15994.355635304551,24476.57523637338,35027.92235229213,pressure_forecast_scaled_by_latest_available_region_anchor,1.0007284401209626,high,1,0,surge,intensify_parking_guidance__open_surge_window_security_teams__prepare_outer_transfer,1.0,1.0,1.0,0.0,0.0,0.0,0.0,0.0,2.4,0.0,2.4,relative_service_intensity_not_exact_resource_count
2026-12-13,SHG,0.0,0.0487650897186395,0.3045977379888444,anchor_constrained_daily_visitor_forecast,seasonal_calendar_ridge,171189.26559227135,0.0,8348.059895475133,52143.863067377366,pressure_forecast_scaled_by_latest_available_region_anchor,1.0089378219259137,high,1,0,surge,intensify_parking_guidance__open_surge_window_security_teams__prepare_outer_transfer,1.0,1.0,1.0,0.0,0.0,0.0,0.0,0.0,2.4,0.0,2.4,relative_service_intensity_not_exact_resource_count
2026-12-14,BDH,0.0,0.0211931324910309,0.2702999592167522,anchor_constrained_daily_visitor_forecast,seasonal_calendar_ridge,126542.83990327934,0.0,2681.8391718615208,34204.524465028415,pressure_forecast_scaled_by_latest_available_region_anchor,0.12151262937378039,low,0,0,normal,maintain_normal_staffing__15min_summer_shuttle_baseline_if_operating,0.0,0.0,0.0,0.0,0.0,0.0,0.0,0.0,0.0,0.0,0.0,relative_service_intensity_not_exact_resource_count
2026-12-14,HGA,0.6095172862427141,1.002138163704048,1.490533814593483,anchor_constrained_daily_visitor_forecast,seasonal_calendar_ridge,18777.81226850634,11445.401175475126,18817.96230514029,27988.96415029706,pressure_forecast_scaled_by_latest_available_region_anchor,0.7693752039253162,low,0,0,normal,maintain_normal_staffing__15min_summer_shuttle_baseline_if_operating,0.0,0.0,0.0,0.0,0.0,0.0,0.0,0.0,0.0,0.0,0.0,relative_service_intensity_not_exact_resource_count
2026-12-14,SHG,0.0,0.0,0.1339280312589016,anchor_constrained_daily_visitor_forecast,seasonal_calendar_ridge,171189.26559227135,0.0,0.0,22927.041313430134,pressure_forecast_scaled_by_latest_available_region_anchor,0.0,low,0,0,normal,maintain_normal_staffing__15min_summer_shuttle_baseline_if_operating,0.0,0.0,0.0,0.0,0.0,0.0,0.0,0.0,0.0,0.0,0.0,relative_service_intensity_not_exact_resource_count
2026-12-15,BDH,0.0,0.0206401914762469,0.2696121354093045,anchor_constrained_daily_visitor_forecast,seasonal_calendar_ridge,126542.83990327934,0.0,2611.868445551753,34117.48528708089,pressure_forecast_scaled_by_latest_available_region_anchor,0.11834229499194968,low,0,0,normal,maintain_normal_staffing__15min_summer_shuttle_baseline_if_operating,0.0,0.0,0.0,0.0,0.0,0.0,0.0,0.0,0.0,0.0,0.0,relative_service_intensity_not_exact_resource_count
2026-12-15,HGA,0.6086457879009688,1.0010540746392538,1.4891852760546112,anchor_constrained_daily_visitor_forecast,seasonal_calendar_ridge,18777.81226850634,11429.036343221518,18797.60548419924,27963.641546777275,pressure_forecast_scaled_by_latest_available_region_anchor,0.7685429122558558,low,0,0,normal,maintain_normal_staffing__15min_summer_shuttle_baseline_if_operating,0.0,0.0,0.0,0.0,0.0,0.0,0.0,0.0,0.0,0.0,0.0,relative_service_intensity_not_exact_resource_count
2026-12-15,SHG,0.0,0.0,0.1333140481676064,anchor_constrained_daily_visitor_forecast,seasonal_calendar_ridge,171189.26559227135,0.0,0.0,22821.933998945235,pressure_forecast_scaled_by_latest_available_region_anchor,0.0,low,0,0,normal,maintain_normal_staffing__15min_summer_shuttle_baseline_if_operating,0.0,0.0,0.0,0.0,0.0,0.0,0.0,0.0,0.0,0.0,0.0,relative_service_intensity_not_exact_resource_count
2026-12-16,BDH,0.0,0.0201153492856327,0.2689592647699318,anchor_constrained_daily_visitor_forecast,seasonal_calendar_ridge,126542.83990327934,0.0,2545.453424250374,34034.869182285205,pressure_forecast_scaled_by_latest_available_region_anchor,0.11533306761063565,low,0,0,normal,maintain_normal_staffing__15min_summer_shuttle_baseline_if_operating,0.0,0.0,0.0,0.0,0.0,0.0,0.0,0.0,0.0,0.0,0.0,relative_service_intensity_not_exact_resource_count
2026-12-16,HGA,0.6078185765229582,1.000025075768896,1.4879052662489625,anchor_constrained_daily_visitor_forecast,seasonal_calendar_ridge,18777.81226850634,11413.503123258864,18778.28313658716,27939.60576294496,pressure_forecast_scaled_by_latest_available_region_anchor,0.7677529151832025,low,0,0,normal,maintain_normal_staffing__15min_summer_shuttle_baseline_if_operating,0.0,0.0,0.0,0.0,0.0,0.0,0.0,0.0,0.0,0.0,0.0,relative_service_intensity_not_exact_resource_count
2026-12-16,SHG,0.0,0.0,0.1327312658779595,anchor_constrained_daily_visitor_forecast,seasonal_calendar_ridge,171189.26559227135,0.0,0.0,22722.167926780407,pressure_forecast_scaled_by_latest_available_region_anchor,0.0,low,0,0,normal,maintain_normal_staffing__15min_summer_shuttle_baseline_if_operating,0.0,0.0,0.0,0.0,0.0,0.0,0.0,0.0,0.0,0.0,0.0,relative_service_intensity_not_exact_resource_count
2026-12-17,BDH,0.0,0.0196187180650373,0.268341486801009,anchor_constrained_daily_visitor_forecast,seasonal_calendar_ridge,126542.83990327934,0.0,2482.608299211593,33956.69380366804,pressure_forecast_scaled_by_latest_available_region_anchor,0.11248559022761061,low,0,0,normal,maintain_normal_staffing__15min_summer_shuttle_baseline_if_operating,0.0,0.0,0.0,0.0,0.0,0.0,0.0,0.0,0.0,0.0,0.0,relative_service_intensity_not_exact_resource_count
2026-12-17,HGA,0.6070358288633786,0.9990513869646876,1.486694058683104,anchor_constrained_daily_visitor_forecast,seasonal_calendar_ridge,18777.81226850634,11398.804834653663,18759.999391013785,27916.86193465508,pressure_forecast_scaled_by_latest_available_region_anchor,0.7670053815102718,low,0,0,normal,maintain_normal_staffing__15min_summer_shuttle_baseline_if_operating,0.0,0.0,0.0,0.0,0.0,0.0,0.0,0.0,0.0,0.0,0.0,relative_service_intensity_not_exact_resource_count
2026-12-17,SHG,0.0,0.0,0.1321798089161821,anchor_constrained_daily_visitor_forecast,seasonal_calendar_ridge,171189.26559227135,0.0,0.0,22627.76441448798,pressure_forecast_scaled_by_latest_available_region_anchor,0.0,low,0,0,normal,maintain_normal_staffing__15min_summer_shuttle_baseline_if_operating,0.0,0.0,0.0,0.0,0.0,0.0,0.0,0.0,0.0,0.0,0.0,relative_service_intensity_not_exact_resource_count
2026-12-18,BDH,0.0,0.0191504037252271,0.2677589332488613,anchor_constrained_daily_visitor_forecast,seasonal_calendar_ridge,126542.83990327934,0.0,2423.3464726845805,33882.97582278351,pressure_forecast_scaled_by_latest_available_region_anchor,0.10980047009127084,low,0,0,normal,maintain_normal_staffing__15min_summer_shuttle_baseline_if_operating,0.0,0.0,0.0,0.0,0.0,0.0,0.0,0.0,0.0,0.0,0.0,relative_service_intensity_not_exact_resource_count
2026-12-18,HGA,0.606297711849723,0.9981332158739196,1.485551911657192,anchor_constrained_daily_visitor_forecast,seasonal_calendar_ridge,18777.81226850634,11384.94461193905,18742.75814664097,27895.414912219465,pressure_forecast_scaled_by_latest_available_region_anchor,0.7663004706548792,low,0,0,normal,maintain_normal_staffing__15min_summer_shuttle_baseline_if_operating,0.0,0.0,0.0,0.0,0.0,0.0,0.0,0.0,0.0,0.0,0.0,relative_service_intensity_not_exact_resource_count
2026-12-18,SHG,0.0,0.0,0.1316597948850889,anchor_constrained_daily_visitor_forecast,seasonal_calendar_ridge,171189.26559227135,0.0,0.0,22538.743594407464,pressure_forecast_scaled_by_latest_available_region_anchor,0.0,low,0,0,normal,maintain_normal_staffing__15min_summer_shuttle_baseline_if_operating,0.0,0.0,0.0,0.0,0.0,0.0,0.0,0.0,0.0,0.0,0.0,relative_service_intensity_not_exact_resource_count
2026-12-19,BDH,0.0,0.1713722463887377,0.4571133211457606,anchor_constrained_daily_visitor_forecast,seasonal_calendar_ridge,126542.83990327934,0.0,21685.930738635376,57844.4178154043,pressure_forecast_scaled_by_latest_available_region_anchor,0.9825773641154566,normal,1,0,normal,maintain_normal_staffing__15min_summer_shuttle_baseline_if_operating,0.0,1.0,0.0,0.0,0.0,0.0,0.4,0.0,0.8,0.4,2.4000000000000004,relative_service_intensity_not_exact_resource_count
2026-12-19,HGA,0.8462167627279764,1.296577409091841,1.8567976970145776,anchor_constrained_daily_visitor_forecast,seasonal_calendar_ridge,18777.81226850634,15890.099508969111,24346.88717951293,34866.59857513466,pressure_forecast_scaled_by_latest_available_region_anchor,0.995426124515493,normal,1,0,normal,maintain_normal_staffing__15min_summer_shuttle_baseline_if_operating,0.0,1.0,0.0,0.0,0.0,0.0,0.27999999999999997,0.0,0.8,0.27999999999999997,1.92,relative_service_intensity_not_exact_resource_count
2026-12-19,SHG,0.0,0.0456206154945313,0.3006862100402583,anchor_constrained_daily_visitor_forecast,seasonal_calendar_ridge,171189.26559227135,0.0,7809.759662376208,51474.251470515264,pressure_forecast_scaled_by_latest_available_region_anchor,0.9438794165568505,normal,1,0,normal,maintain_normal_staffing__15min_summer_shuttle_baseline_if_operating,0.0,1.0,0.0,0.0,0.0,0.0,0.32000000000000006,0.0,0.8,0.32000000000000006,2.08,relative_service_intensity_not_exact_resource_count
2026-12-20,BDH,0.0,0.1708992089908155,0.4565248924067006,anchor_constrained_daily_visitor_forecast,seasonal_calendar_ridge,126542.83990327934,0.0,21626.07124292185,57769.956371682936,pressure_forecast_scaled_by_latest_available_region_anchor,0.9798651639233437,normal,1,0,normal,maintain_normal_staffing__15min_summer_shuttle_baseline_if_operating,0.0,1.0,0.0,0.0,0.0,0.0,0.4,0.0,0.8,0.4,2.4000000000000004,relative_service_intensity_not_exact_resource_count
2026-12-20,HGA,0.8454712016340258,1.2956499780338897,1.8556440311725264,anchor_constrained_daily_visitor_forecast,seasonal_calendar_ridge,18777.81226850634,15876.099502712206,24329.47205321474,34844.93525453203,pressure_forecast_scaled_by_latest_available_region_anchor,0.9947141044715695,normal,1,0,normal,maintain_normal_staffing__15min_summer_shuttle_baseline_if_operating,0.0,1.0,0.0,0.0,0.0,0.0,0.27999999999999997,0.0,0.8,0.27999999999999997,1.92,relative_service_intensity_not_exact_resource_count
2026-12-20,SHG,0.0,0.0451983606078442,0.3001609515477445,anchor_constrained_daily_visitor_forecast,seasonal_calendar_ridge,171189.26559227135,0.0,7737.4741584315,51384.33285493573,pressure_forecast_scaled_by_latest_available_region_anchor,0.9351430658574116,normal,1,0,normal,maintain_normal_staffing__15min_summer_shuttle_baseline_if_operating,0.0,1.0,0.0,0.0,0.0,0.0,0.32000000000000006,0.0,0.8,0.32000000000000006,2.08,relative_service_intensity_not_exact_resource_count
2026-12-21,BDH,0.0,0.0179163278157252,0.2662238205188269,anchor_constrained_daily_visitor_forecast,seasonal_calendar_ridge,126542.83990327934,0.0,2267.1830024399856,33688.71829835329,pressure_forecast_scaled_by_latest_available_region_anchor,0.10272479080346951,low,0,0,normal,maintain_normal_staffing__15min_summer_shuttle_baseline_if_operating,0.0,0.0,0.0,0.0,0.0,0.0,0.0,0.0,0.0,0.0,0.0,relative_service_intensity_not_exact_resource_count
2026-12-21,HGA,0.6043526669354138,0.995713702466799,1.482542189319075,anchor_constrained_daily_visitor_forecast,seasonal_calendar_ridge,18777.81226850634,11348.420923684338,18697.32497810093,27838.898911173976,pressure_forecast_scaled_by_latest_available_region_anchor,0.7644429287625288,low,0,0,normal,maintain_normal_staffing__15min_summer_shuttle_baseline_if_operating,0.0,0.0,0.0,0.0,0.0,0.0,0.0,0.0,0.0,0.0,0.0,relative_service_intensity_not_exact_resource_count
2026-12-21,SHG,0.0,0.0,0.130289482823675,anchor_constrained_daily_visitor_forecast,seasonal_calendar_ridge,171189.26559227135,0.0,0.0,22304.160878981784,pressure_forecast_scaled_by_latest_available_region_anchor,0.0,low,0,0,normal,maintain_normal_staffing__15min_summer_shuttle_baseline_if_operating,0.0,0.0,0.0,0.0,0.0,0.0,0.0,0.0,0.0,0.0,0.0,relative_service_intensity_not_exact_resource_count
2026-12-22,BDH,0.0,0.0175622158068251,0.2657833274757856,anchor_constrained_daily_visitor_forecast,seasonal_calendar_ridge,126542.83990327934,0.0,2222.3726631899144,33632.9770577292,pressure_forecast_scaled_by_latest_available_region_anchor,0.1006944594537981,low,0,0,normal,maintain_normal_staffing__15min_summer_shuttle_baseline_if_operating,0.0,0.0,0.0,0.0,0.0,0.0,0.0,0.0,0.0,0.0,0.0,relative_service_intensity_not_exact_resource_count
2026-12-22,HGA,0.6037945458695184,0.9950194350019216,1.4816785643060788,anchor_constrained_daily_visitor_forecast,seasonal_calendar_ridge,18777.81226850634,11337.940631085856,18684.288153981328,27822.681922809545,pressure_forecast_scaled_by_latest_available_region_anchor,0.7639099162581507,low,0,0,normal,maintain_normal_staffing__15min_summer_shuttle_baseline_if_operating,0.0,0.0,0.0,0.0,0.0,0.0,0.0,0.0,0.0,0.0,0.0,relative_service_intensity_not_exact_resource_count
2026-12-22,SHG,0.0,0.0,0.1298962785214509,anchor_constrained_daily_visitor_forecast,seasonal_calendar_ridge,171189.26559227135,0.0,0.0,22236.84852325631,pressure_forecast_scaled_by_latest_available_region_anchor,0.0,low,0,0,normal,maintain_normal_staffing__15min_summer_shuttle_baseline_if_operating,0.0,0.0,0.0,0.0,0.0,0.0,0.0,0.0,0.0,0.0,0.0,relative_service_intensity_not_exact_resource_count
2026-12-23,BDH,0.0,0.0172368571009948,0.2653786017313626,anchor_constrained_daily_visitor_forecast,seasonal_calendar_ridge,126542.83990327934,0.0,2181.2008485668907,33581.76191264795,pressure_forecast_scaled_by_latest_available_region_anchor,0.09882898761513416,low,0,0,normal,maintain_normal_staffing__15min_summer_shuttle_baseline_if_operating,0.0,0.0,0.0,0.0,0.0,0.0,0.0,0.0,0.0,0.0,0.0,relative_service_intensity_not_exact_resource_count
2026-12-23,HGA,0.6032817433010307,0.9943815408944208,1.4808850642002112,anchor_constrained_daily_visitor_forecast,seasonal_calendar_ridge,18777.81226850634,11328.311320723986,18672.30989818349,27807.78172678652,pressure_forecast_scaled_by_latest_available_region_anchor,0.7634201834779647,low,0,0,normal,maintain_normal_staffing__15min_summer_shuttle_baseline_if_operating,0.0,0.0,0.0,0.0,0.0,0.0,0.0,0.0,0.0,0.0,0.0,relative_service_intensity_not_exact_resource_count
2026-12-23,SHG,0.0,0.0,0.1295350017511546,anchor_constrained_daily_visitor_forecast,seasonal_calendar_ridge,171189.26559227135,0.0,0.0,22175.001818273744,pressure_forecast_scaled_by_latest_available_region_anchor,0.0,low,0,0,normal,maintain_normal_staffing__15min_summer_shuttle_baseline_if_operating,0.0,0.0,0.0,0.0,0.0,0.0,0.0,0.0,0.0,0.0,0.0,relative_service_intensity_not_exact_resource_count
2026-12-24,BDH,0.0,0.0169403204279546,0.2650097287810028,anchor_constrained_daily_visitor_forecast,seasonal_calendar_ridge,126542.83990327934,0.0,2143.6762558249225,33535.08368194592,pressure_forecast_scaled_by_latest_available_region_anchor,0.09712876935518092,low,0,0,normal,maintain_normal_staffing__15min_summer_shuttle_baseline_if_operating,0.0,0.0,0.0,0.0,0.0,0.0,0.0,0.0,0.0,0.0,0.0,relative_service_intensity_not_exact_resource_count
2026-12-24,HGA,0.6028143675558584,0.9938001548949054,1.4801618566227457,anchor_constrained_daily_visitor_forecast,seasonal_calendar_ridge,18777.81226850634,11319.535026722288,18661.392741029053,27794.20147066571,pressure_forecast_scaled_by_latest_available_region_anchor,0.7629738338745496,low,0,0,normal,maintain_normal_staffing__15min_summer_shuttle_baseline_if_operating,0.0,0.0,0.0,0.0,0.0,0.0,0.0,0.0,0.0,0.0,0.0,relative_service_intensity_not_exact_resource_count
2026-12-24,SHG,0.0,0.0,0.1292057288299431,anchor_constrained_daily_visitor_forecast,seasonal_calendar_ridge,171189.26559227135,0.0,0.0,22118.633828712125,pressure_forecast_scaled_by_latest_available_region_anchor,0.0,low,0,0,normal,maintain_normal_staffing__15min_summer_shuttle_baseline_if_operating,0.0,0.0,0.0,0.0,0.0,0.0,0.0,0.0,0.0,0.0,0.0,relative_service_intensity_not_exact_resource_count
2026-12-25,BDH,0.0,0.0166726683536302,0.2646767864527781,anchor_constrained_daily_visitor_forecast,seasonal_calendar_ridge,126542.83990327934,0.0,2109.8068022339085,33492.95221420836,pressure_forecast_scaled_by_latest_available_region_anchor,0.09559416340099887,low,0,0,normal,maintain_normal_staffing__15min_summer_shuttle_baseline_if_operating,0.0,0.0,0.0,0.0,0.0,0.0,0.0,0.0,0.0,0.0,0.0,relative_service_intensity_not_exact_resource_count
2026-12-25,HGA,0.6023925172450626,0.9932753996693272,1.4795090941624016,anchor_constrained_daily_visitor_forecast,seasonal_calendar_ridge,18777.81226850634,11311.613600780753,18651.538985916228,27781.94401972945,pressure_forecast_scaled_by_latest_available_region_anchor,0.7625709616226859,low,0,0,normal,maintain_normal_staffing__15min_summer_shuttle_baseline_if_operating,0.0,0.0,0.0,0.0,0.0,0.0,0.0,0.0,0.0,0.0,0.0,relative_service_intensity_not_exact_resource_count
2026-12-25,SHG,0.0,0.0,0.1289085292307246,anchor_constrained_daily_visitor_forecast,seasonal_calendar_ridge,171189.26559227135,0.0,0.0,22067.75644758759,pressure_forecast_scaled_by_latest_available_region_anchor,0.0,low,0,0,normal,maintain_normal_staffing__15min_summer_shuttle_baseline_if_operating,0.0,0.0,0.0,0.0,0.0,0.0,0.0,0.0,0.0,0.0,0.0,relative_service_intensity_not_exact_resource_count
2026-12-26,BDH,0.0,0.1687545390921021,0.4538570580880115,anchor_constrained_daily_visitor_forecast,seasonal_calendar_ridge,126542.83990327934,0.0,21354.678623283573,57432.36104060459,pressure_forecast_scaled_by_latest_available_region_anchor,0.9675685164767353,normal,1,0,normal,maintain_normal_staffing__15min_summer_shuttle_baseline_if_operating,0.0,1.0,0.0,0.0,0.0,0.0,0.4,0.0,0.8,0.4,2.4000000000000004,relative_service_intensity_not_exact_resource_count
2026-12-26,HGA,0.8420909563450243,1.29144516572548,1.850413509409364,anchor_constrained_daily_visitor_forecast,seasonal_calendar_ridge,18777.81226850634,15812.625891253832,24250.51487706312,34746.71749879702,pressure_forecast_scaled_by_latest_available_region_anchor,0.9914859285129841,normal,1,0,normal,maintain_normal_staffing__15min_summer_shuttle_baseline_if_operating,0.0,1.0,0.0,0.0,0.0,0.0,0.27999999999999997,0.0,0.8,0.27999999999999997,1.92,relative_service_intensity_not_exact_resource_count
2026-12-26,SHG,0.0,0.0432839298481614,0.2977795202214134,anchor_constrained_daily_visitor_forecast,seasonal_calendar_ridge,171189.26559227135,0.0,7409.744162654143,50976.65737512268,pressure_forecast_scaled_by_latest_available_region_anchor,0.8955339599981423,normal,1,0,normal,maintain_normal_staffing__15min_summer_shuttle_baseline_if_operating,0.0,0.0,1.0,0.0,0.0,0.0,0.0,0.0,0.6,0.0,0.6,relative_service_intensity_not_exact_resource_count
2026-12-27,BDH,0.0,0.1685133911434986,0.4535570852233988,anchor_constrained_daily_visitor_forecast,seasonal_calendar_ridge,126542.83990327934,0.0,21324.16307703044,57394.40162242258,pressure_forecast_scaled_by_latest_available_region_anchor,0.9661858741837518,normal,1,0,normal,maintain_normal_staffing__15min_summer_shuttle_baseline_if_operating,0.0,1.0,0.0,0.0,0.0,0.0,0.4,0.0,0.8,0.4,2.4000000000000004,relative_service_intensity_not_exact_resource_count
2026-12-27,HGA,0.8417108795706412,1.290972374149003,1.849825386456704,anchor_constrained_daily_visitor_forecast,seasonal_calendar_ridge,18777.81226850634,15805.488880936848,24241.6368855979,34735.67383640117,pressure_forecast_scaled_by_latest_available_region_anchor,0.9911229505038224,normal,1,0,normal,maintain_normal_staffing__15min_summer_shuttle_baseline_if_operating,0.0,1.0,0.0,0.0,0.0,0.0,0.27999999999999997,0.0,0.8,0.27999999999999997,1.92,relative_service_intensity_not_exact_resource_count
2026-12-27,SHG,0.0,0.043068670124174,0.2975117506782173,anchor_constrained_daily_visitor_forecast,seasonal_calendar_ridge,171189.26559227135,0.0,7372.894008593161,50930.81810367496,pressure_forecast_scaled_by_latest_available_region_anchor,0.8910802887689656,normal,1,0,normal,maintain_normal_staffing__15min_summer_shuttle_baseline_if_operating,0.0,0.0,1.0,0.0,0.0,0.0,0.0,0.0,0.6,0.0,0.6,relative_service_intensity_not_exact_resource_count
2026-12-28,BDH,0.0,0.0160435530835345,0.2638942066678987,anchor_constrained_daily_visitor_forecast,seasonal_calendar_ridge,126542.83990327934,0.0,2030.196769329474,33393.92234577882,pressure_forecast_scaled_by_latest_available_region_anchor,0.09198707744138991,low,0,0,normal,maintain_normal_staffing__15min_summer_shuttle_baseline_if_operating,0.0,0.0,0.0,0.0,0.0,0.0,0.0,0.0,0.0,0.0,0.0,relative_service_intensity_not_exact_resource_count
2026-12-28,HGA,0.6014009595562753,0.9920419643361348,1.477974778268964,anchor_constrained_daily_visitor_forecast,seasonal_calendar_ridge,18777.81226850634,11292.99431664731,18628.3777687842,27753.13292392189,pressure_forecast_scaled_by_latest_available_region_anchor,0.7616240117954326,low,0,0,normal,maintain_normal_staffing__15min_summer_shuttle_baseline_if_operating,0.0,0.0,0.0,0.0,0.0,0.0,0.0,0.0,0.0,0.0,0.0,relative_service_intensity_not_exact_resource_count
2026-12-28,SHG,0.0,0.0,0.1282099626060995,anchor_constrained_daily_visitor_forecast,seasonal_calendar_ridge,171189.26559227135,0.0,0.0,21948.169340150747,pressure_forecast_scaled_by_latest_available_region_anchor,0.0,low,0,0,normal,maintain_normal_staffing__15min_summer_shuttle_baseline_if_operating,0.0,0.0,0.0,0.0,0.0,0.0,0.0,0.0,0.0,0.0,0.0,relative_service_intensity_not_exact_resource_count
2026-12-29,BDH,0.0,0.0158919420446383,0.26370561208143,anchor_constrained_daily_visitor_forecast,seasonal_calendar_ridge,126542.83990327934,0.0,2011.011477906858,33370.05705121669,pressure_forecast_scaled_by_latest_available_region_anchor,0.09111780264276502,low,0,0,normal,maintain_normal_staffing__15min_summer_shuttle_baseline_if_operating,0.0,0.0,0.0,0.0,0.0,0.0,0.0,0.0,0.0,0.0,0.0,relative_service_intensity_not_exact_resource_count
2026-12-29,HGA,0.6011620032020608,0.9917447176769524,1.4776050221405463,anchor_constrained_daily_visitor_forecast,seasonal_calendar_ridge,18777.81226850634,11288.507239087505,18622.796126820635,27746.18971275733,pressure_forecast_scaled_by_latest_available_region_anchor,0.7613958055287644,low,0,0,normal,maintain_normal_staffing__15min_summer_shuttle_baseline_if_operating,0.0,0.0,0.0,0.0,0.0,0.0,0.0,0.0,0.0,0.0,0.0,relative_service_intensity_not_exact_resource_count
2026-12-29,SHG,0.0,0.0,0.1280416144245627,anchor_constrained_daily_visitor_forecast,seasonal_calendar_ridge,171189.26559227135,0.0,0.0,21919.34993858967,pressure_forecast_scaled_by_latest_available_region_anchor,0.0,low,0,0,normal,maintain_normal_staffing__15min_summer_shuttle_baseline_if_operating,0.0,0.0,0.0,0.0,0.0,0.0,0.0,0.0,0.0,0.0,0.0,relative_service_intensity_not_exact_resource_count
2026-12-30,BDH,0.0,0.0157694362244287,0.2635532225544496,anchor_constrained_daily_visitor_forecast,seasonal_calendar_ridge,126542.83990327934,0.0,1995.5092435128624,33350.77324770107,pressure_forecast_scaled_by_latest_available_region_anchor,0.09041540509329693,low,0,0,normal,maintain_normal_staffing__15min_summer_shuttle_baseline_if_operating,0.0,0.0,0.0,0.0,0.0,0.0,0.0,0.0,0.0,0.0,0.0,relative_service_intensity_not_exact_resource_count
2026-12-30,HGA,0.6009689200045549,0.9915045343363936,1.477306249187606,anchor_constrained_daily_visitor_forecast,seasonal_calendar_ridge,18777.81226850634,11284.881559052536,18618.2860091416,27740.57941033611,pressure_forecast_scaled_by_latest_available_region_anchor,0.7612114086927645,low,0,0,normal,maintain_normal_staffing__15min_summer_shuttle_baseline_if_operating,0.0,0.0,0.0,0.0,0.0,0.0,0.0,0.0,0.0,0.0,0.0,relative_service_intensity_not_exact_resource_count
2026-12-30,SHG,0.0,0.0,0.1279055845403927,anchor_constrained_daily_visitor_forecast,seasonal_calendar_ridge,171189.26559227135,0.0,0.0,21896.063082620007,pressure_forecast_scaled_by_latest_available_region_anchor,0.0,low,0,0,normal,maintain_normal_staffing__15min_summer_shuttle_baseline_if_operating,0.0,0.0,0.0,0.0,0.0,0.0,0.0,0.0,0.0,0.0,0.0,relative_service_intensity_not_exact_resource_count
2026-12-31,BDH,0.0,0.0156760613443183,0.2634370700827749,anchor_constrained_daily_visitor_forecast,seasonal_calendar_ridge,126542.83990327934,0.0,1983.6933210080688,33336.07498407356,pressure_forecast_scaled_by_latest_available_region_anchor,0.08988003226889385,low,0,0,normal,maintain_normal_staffing__15min_summer_shuttle_baseline_if_operating,0.0,0.0,0.0,0.0,0.0,0.0,0.0,0.0,0.0,0.0,0.0,relative_service_intensity_not_exact_resource_count
2026-12-31,HGA,0.6008217505036477,0.99132146474353,1.477078522140734,anchor_constrained_daily_visitor_forecast,seasonal_calendar_ridge,18777.81226850634,11282.11803779285,18614.84836269473,27736.303194601485,pressure_forecast_scaled_by_latest_available_region_anchor,0.7610708600035283,low,0,0,normal,maintain_normal_staffing__15min_summer_shuttle_baseline_if_operating,0.0,0.0,0.0,0.0,0.0,0.0,0.0,0.0,0.0,0.0,0.0,relative_service_intensity_not_exact_resource_count
2026-12-31,SHG,0.0,0.0,0.1278019015145244,anchor_constrained_daily_visitor_forecast,seasonal_calendar_ridge,171189.26559227135,0.0,0.0,21878.31366156723,pressure_forecast_scaled_by_latest_available_region_anchor,0.0,low,0,0,normal,maintain_normal_staffing__15min_summer_shuttle_baseline_if_operating,0.0,0.0,0.0,0.0,0.0,0.0,0.0,0.0,0.0,0.0,0.0,relative_service_intensity_not_exact_resource_count
