date,region_code,pressure_index,log_pressure,trend_component,seasonal_component,random_component,series_scope
2023-01-01,BDH,0.5826897254781558,0.45912575756763035,0.06875443914961954,0.000765610286361703,0.38960570813164913,estimated_regional_daily_relative_pressure
2023-01-02,BDH,0.2122185930272883,0.1924522286679444,0.0647100603761125,0.000765610286361703,0.12697655800547017,estimated_regional_daily_relative_pressure
2023-01-03,BDH,0.0,0.0,0.06111505702188404,0.000765610286361703,-0.06188066730824574,estimated_regional_daily_relative_pressure
2023-01-04,BDH,0.0,0.0,0.05789847507336382,0.000765610286361703,-0.058664085359725525,estimated_regional_daily_relative_pressure
2023-01-05,BDH,0.0,0.0,0.05500355131969563,0.000765610286361703,-0.055769161606057334,estimated_regional_daily_relative_pressure
2023-01-06,BDH,0.0,0.0,0.0742591148592933,0.000765610286361703,-0.075024725145655,estimated_regional_daily_relative_pressure
2023-01-07,BDH,0.1300866431045768,0.12229430509863234,0.08977675921683491,0.000765610286361703,0.03175193559543573,estimated_regional_daily_relative_pressure
2023-01-08,BDH,0.1127230803978512,0.1068102366624018,0.09764999392559613,0.000765610286361703,0.008394632450443968,estimated_regional_daily_relative_pressure
2023-01-09,BDH,0.0,0.0,0.1059381887167507,0.000765610286361703,-0.1067037990031124,estimated_regional_daily_relative_pressure
2023-01-10,BDH,0.0,0.0,0.1142529894529281,0.000765610286361703,-0.1150185997392898,estimated_regional_daily_relative_pressure
2023-01-11,BDH,0.0,0.0,0.1218563851070243,0.000765610286361703,-0.122621995393386,estimated_regional_daily_relative_pressure
2023-01-12,BDH,0.0,0.0,0.12935119122063915,0.000765610286361703,-0.13011680150700086,estimated_regional_daily_relative_pressure
2023-01-13,BDH,0.0,0.0,0.13144281031222374,0.000765610286361703,-0.13220842059858545,estimated_regional_daily_relative_pressure
2023-01-14,BDH,0.1174349761311794,0.11103585890544108,0.1328685010764483,0.000765610286361703,-0.02259825245736891,estimated_regional_daily_relative_pressure
2023-01-15,BDH,0.1144406718939414,0.10835263949186255,0.12843955104056667,0.000765610286361703,-0.020852521835065824,estimated_regional_daily_relative_pressure
2023-01-16,BDH,0.0,0.0,0.12590186979686843,0.000765610286361703,-0.12666748008323014,estimated_regional_daily_relative_pressure
2023-01-17,BDH,0.0,0.0,0.11145812304201633,0.000765610286361703,-0.11222373332837803,estimated_regional_daily_relative_pressure
2023-01-18,BDH,0.0,0.0,0.10676656452797989,0.000765610286361703,-0.10753217481434159,estimated_regional_daily_relative_pressure
2023-01-19,BDH,0.0,0.0,0.10676656452797989,0.000765610286361703,-0.10753217481434159,estimated_regional_daily_relative_pressure
2023-01-20,BDH,0.0,0.0,0.11139877352237618,0.000765610286361703,-0.11216438380873787,estimated_regional_daily_relative_pressure
2023-01-21,BDH,0.5830769431928919,0.45937038565124694,0.1161938965720178,0.000765610286361703,0.34241087879286747,estimated_regional_daily_relative_pressure
2023-01-22,BDH,0.515351296145014,0.4156472907252085,0.12390108908755115,0.000765610286361703,0.29098059135129567,estimated_regional_daily_relative_pressure
2023-01-23,BDH,0.3110930223379746,0.270861157518343,0.12486036207565553,0.000765610286361703,0.14523518515632575,estimated_regional_daily_relative_pressure
2023-01-24,BDH,0.345232242179442,0.296566668913306,0.12635106445051983,0.000765610286361703,0.16944999417642448,estimated_regional_daily_relative_pressure
2023-01-25,BDH,0.3686272184193816,0.31380820712118523,0.1296278254487075,0.000765610286361703,0.18341477138611603,estimated_regional_daily_relative_pressure
2023-01-26,BDH,0.3660744699444535,0.3119412764594298,0.13096758415212015,0.000765610286361703,0.18020808202094796,estimated_regional_daily_relative_pressure
2023-01-27,BDH,0.3829461988779473,0.32421615017462496,0.14531716319220822,0.000765610286361703,0.17813337669605503,estimated_regional_daily_relative_pressure
2023-01-28,BDH,0.2067327800737423,0.1879165257850074,0.157276921616256,0.000765610286361703,0.029873993882389687,estimated_regional_daily_relative_pressure
2023-01-29,BDH,0.1886139049473312,0.17278784247473558,0.157276921616256,0.000765610286361703,0.014745310572117873,estimated_regional_daily_relative_pressure
2023-01-30,BDH,0.0,0.0,0.1536951197160805,0.000765610286361703,-0.1544607300024422,estimated_regional_daily_relative_pressure
2023-01-31,BDH,0.0510308374136458,0.049771432485921634,0.15019987328085913,0.000765610286361703,-0.10119405108129918,estimated_regional_daily_relative_pressure
2023-02-01,BDH,0.0114344878143966,0.011369608167214568,0.15019987328085913,0.0032882883168600416,-0.14211855343050459,estimated_regional_daily_relative_pressure
2023-02-02,BDH,0.0481365935188388,0.04701391473281523,0.154249408327843,0.0032882883168600416,-0.11052378191188782,estimated_regional_daily_relative_pressure
2023-02-03,BDH,0.0,0.0,0.16037005332761237,0.0032882883168600416,-0.1636583416444724,estimated_regional_daily_relative_pressure
2023-02-04,BDH,0.1544204911844712,0.1435984788262844,0.1678595172993339,0.0032882883168600416,-0.027549326789909543,estimated_regional_daily_relative_pressure
2023-02-05,BDH,0.1602654492954076,0.14864881453889048,0.1678595172993339,0.0032882883168600416,-0.02249899107730347,estimated_regional_daily_relative_pressure
2023-02-06,BDH,0.2698807113416414,0.23892296798153406,0.1530411177621969,0.0032882883168600416,0.08259356190247713,estimated_regional_daily_relative_pressure
2023-02-07,BDH,0.1641972197474607,0.15203176772986754,0.1449395549769688,0.0032882883168600416,0.0038039244360386884,estimated_regional_daily_relative_pressure
2023-02-08,BDH,0.1653506283578134,0.1530220102831953,0.13755666681801101,0.0032882883168600416,0.01217705514832423,estimated_regional_daily_relative_pressure
2023-02-09,BDH,0.1069180155356071,0.10157959094381766,0.12837602914799284,0.0032882883168600416,-0.030084726521035225,estimated_regional_daily_relative_pressure
2023-02-10,BDH,0.0424070601754407,0.041532519805792555,0.12561951192800797,0.0032882883168600416,-0.08737528043907544,estimated_regional_daily_relative_pressure
2023-02-11,BDH,0.5602357790268773,0.4448369502427303,0.12334319072744812,0.0032882883168600416,0.3182054711984221,estimated_regional_daily_relative_pressure
2023-02-12,BDH,0.4488244611059262,0.3707525111454815,0.1157157251143943,0.0032882883168600416,0.25174849771422714,estimated_regional_daily_relative_pressure
2023-02-13,BDH,0.0,0.0,0.10965390170197471,0.0032882883168600416,-0.11294219001883475,estimated_regional_daily_relative_pressure
2023-02-14,BDH,0.0,0.0,0.10481782940518866,0.0032882883168600416,-0.1081061177220487,estimated_regional_daily_relative_pressure
2023-02-15,BDH,0.0,0.0,0.10521688733409308,0.0032882883168600416,-0.10850517565095312,estimated_regional_daily_relative_pressure
2023-02-16,BDH,0.0,0.0,0.10361135725390205,0.0032882883168600416,-0.10689964557076209,estimated_regional_daily_relative_pressure
2023-02-17,BDH,0.1337555145839456,0.1255355864565007,0.1094163960783398,0.0032882883168600416,0.012830902061300855,estimated_regional_daily_relative_pressure
2023-02-18,BDH,0.2089352275776343,0.18973999499284955,0.1125624480731848,0.0032882883168600416,0.07388925860280471,estimated_regional_daily_relative_pressure
2023-02-19,BDH,0.2613384046626557,0.23217338312336738,0.1164088058696569,0.0032882883168600416,0.11247628893685044,estimated_regional_daily_relative_pressure
2023-02-20,BDH,0.0,0.0,0.11177659687526062,0.0032882883168600416,-0.11506488519212066,estimated_regional_daily_relative_pressure
2023-02-21,BDH,0.0,0.0,0.106981473825619,0.0032882883168600416,-0.11026976214247904,estimated_regional_daily_relative_pressure
2023-02-22,BDH,0.1788022073071118,0.16449884438313758,0.09927428131008564,0.0032882883168600416,0.0619362747561919,estimated_regional_daily_relative_pressure
2023-02-23,BDH,0.0428857441191758,0.041991624590652726,0.09437533653997555,0.0032882883168600416,-0.05567200026618287,estimated_regional_daily_relative_pressure
2023-02-24,BDH,0.0120387909842276,0.011966901142741938,0.09469588281102356,0.0032882883168600416,-0.08601726998514167,estimated_regional_daily_relative_pressure
2023-02-25,BDH,0.2565327891724506,0.2283561733016537,0.09702066330863567,0.0032882883168600416,0.12804722167615798,estimated_regional_daily_relative_pressure
2023-02-26,BDH,0.2729987265764803,0.24137531924207492,0.095680904605223,0.0032882883168600416,0.1424061263199919,estimated_regional_daily_relative_pressure
2023-02-27,BDH,0.0917312251035162,0.08776471616995672,0.08133132556513492,0.0032882883168600416,0.0031451022879617594,estimated_regional_daily_relative_pressure
2023-02-28,BDH,0.0,0.0,0.06937156714108714,0.0032882883168600416,-0.07265985545794718,estimated_regional_daily_relative_pressure
2023-03-01,BDH,0.0231331155938248,0.022869601274368337,0.06937156714108714,-0.010863028966955015,-0.03563893689976379,estimated_regional_daily_relative_pressure
2023-03-02,BDH,0.0124476305993426,0.012370795796036838,0.06937156714108714,-0.010863028966955015,-0.04613774237809529,estimated_regional_daily_relative_pressure
2023-03-03,BDH,0.0,0.0,0.07560030138349773,-0.010863028966955015,-0.06473727241654272,estimated_regional_daily_relative_pressure
2023-03-04,BDH,0.2108538982172627,0.19132581172478466,0.08175131599173872,-0.010863028966955015,0.12043752470000095,estimated_regional_daily_relative_pressure
2023-03-05,BDH,0.1555096783244743,0.14454152657301,0.07780488846917497,-0.010863028966955015,0.07759966707079005,estimated_regional_daily_relative_pressure
2023-03-06,BDH,0.1266370028970798,0.11923709169063491,0.07168424346940562,-0.010863028966955015,0.058415877188184306,estimated_regional_daily_relative_pressure
2023-03-07,BDH,0.0,0.0,0.06419477949768408,-0.010863028966955015,-0.05333175053072907,estimated_regional_daily_relative_pressure
2023-03-08,BDH,0.0,0.0,0.06419477949768408,-0.010863028966955015,-0.05333175053072907,estimated_regional_daily_relative_pressure
2023-03-09,BDH,0.0,0.0,0.06419477949768408,-0.010863028966955015,-0.05333175053072907,estimated_regional_daily_relative_pressure
2023-03-10,BDH,0.000164493384008,0.00016447985645475047,0.06352030012948012,-0.010863028966955015,-0.05249279130607036,estimated_regional_daily_relative_pressure
2023-03-11,BDH,0.176988367069167,0.16295894468568373,0.06668685522881511,-0.010863028966955015,0.10713511842382363,estimated_regional_daily_relative_pressure
2023-03-12,BDH,0.1896364858365505,0.1736477863697929,0.0663008261596944,-0.010863028966955015,0.1182099891770535,estimated_regional_daily_relative_pressure
2023-03-13,BDH,0.0,0.0,0.05893449798867331,-0.010863028966955015,-0.0480714690217183,estimated_regional_daily_relative_pressure
2023-03-14,BDH,0.0,0.0,0.05133973650160496,-0.010863028966955015,-0.04047670753464995,estimated_regional_daily_relative_pressure
2023-03-15,BDH,0.0,0.0,0.048538622471110404,-0.010863028966955015,-0.03767559350415539,estimated_regional_daily_relative_pressure
2023-03-16,BDH,0.0,0.0,0.0489815138358988,-0.010863028966955015,-0.038118484868943786,estimated_regional_daily_relative_pressure
2023-03-17,BDH,0.0,0.0,0.054705257682364374,-0.010863028966955015,-0.04384222871540936,estimated_regional_daily_relative_pressure
2023-03-18,BDH,0.2129928815944519,0.19309076151472832,0.060854903185293185,-0.010863028966955015,0.14309888729639014,estimated_regional_daily_relative_pressure
2023-03-19,BDH,0.2100739250867924,0.19068145285547086,0.060854903185293185,-0.010863028966955015,0.1406895786371327,estimated_regional_daily_relative_pressure
2023-03-20,BDH,0.0032014469771016,0.003196333257023652,0.05468310280707432,-0.010863028966955015,-0.040623740583095654,estimated_regional_daily_relative_pressure
2023-03-21,BDH,0.0,0.0,0.060149175248642835,-0.010863028966955015,-0.04928614628168782,estimated_regional_daily_relative_pressure
2023-03-22,BDH,0.0,0.0,0.05658168378551364,-0.010863028966955015,-0.04571865481855863,estimated_regional_daily_relative_pressure
2023-03-23,BDH,0.0,0.0,0.05759068837583229,-0.010863028966955015,-0.04672765940887728,estimated_regional_daily_relative_pressure
2023-03-24,BDH,0.0,0.0,0.06436002039699382,-0.010863028966955015,-0.053496991430038804,estimated_regional_daily_relative_pressure
2023-03-25,BDH,0.1544106845885914,0.1435899839688147,0.07171650966650471,-0.010863028966955015,0.082736503269265,estimated_regional_daily_relative_pressure
2023-03-26,BDH,0.1504519126093367,0.14015483267003762,0.07250327049518397,-0.010863028966955015,0.07851459114180866,estimated_regional_daily_relative_pressure
2023-03-27,BDH,0.0,0.0,0.06923837699961688,-0.010863028966955015,-0.05837534803266187,estimated_regional_daily_relative_pressure
2023-03-28,BDH,0.0,0.0,0.0657964986981823,-0.010863028966955015,-0.054933469731227286,estimated_regional_daily_relative_pressure
2023-03-29,BDH,0.005955376303929,0.005937713142955814,0.06810593846268456,-0.010863028966955015,-0.05130519635277374,estimated_regional_daily_relative_pressure
2023-03-30,BDH,0.0009306139773497,0.0009301812246252925,0.07014494911144002,-0.010863028966955015,-0.058351738919859716,estimated_regional_daily_relative_pressure
2023-03-31,BDH,0.0138243165404284,0.01372963230844019,0.079505023613643,-0.010863028966955015,-0.0549123623382478,estimated_regional_daily_relative_pressure
2023-04-01,BDH,0.2217761498186448,0.20030566051480117,0.0884429082426026,-0.01033781122250539,0.12220056349470396,estimated_regional_daily_relative_pressure
2023-04-02,BDH,0.2250844818409226,0.2030098063868301,0.0897274008878037,-0.01033781122250539,0.1236202167215318,estimated_regional_daily_relative_pressure
2023-04-03,BDH,0.0,0.0,0.08713579267559571,-0.01033781122250539,-0.07679798145309032,estimated_regional_daily_relative_pressure
2023-04-04,BDH,0.0,0.0,0.08465446458148207,-0.01033781122250539,-0.07431665335897668,estimated_regional_daily_relative_pressure
2023-04-05,BDH,0.3688757359728951,0.31398977226163366,0.08784076805344367,-0.01033781122250539,0.23648681543069539,estimated_regional_daily_relative_pressure
2023-04-06,BDH,0.0086823310140478,0.008644856333630142,0.09060923573265937,-0.01033781122250539,-0.07162656817652384,estimated_regional_daily_relative_pressure
2023-04-07,BDH,0.0317734753130017,0.03127914229987805,0.09940786179369766,-0.01033781122250539,-0.05779090827131422,estimated_regional_daily_relative_pressure
2023-04-08,BDH,0.2334921496223636,0.2098492926560075,0.1079415794457598,-0.01033781122250539,0.11224552443275308,estimated_regional_daily_relative_pressure
2023-04-09,BDH,0.2561495976402022,0.22805116735483752,0.11205709394811098,-0.01033781122250539,0.12633188462923192,estimated_regional_daily_relative_pressure
2023-04-10,BDH,0.0248579991161478,0.024554065545512222,0.11142645381451072,-0.01033781122250539,-0.07653457704649311,estimated_regional_daily_relative_pressure
2023-04-11,BDH,0.0636934583157704,0.06174724632310351,0.11025626991303458,-0.01033781122250539,-0.03817121236742568,estimated_regional_daily_relative_pressure
2023-04-12,BDH,0.0692415432287382,0.06694955902532093,0.1144060046487504,-0.01033781122250539,-0.03711863440092408,estimated_regional_daily_relative_pressure
2023-04-13,BDH,0.0742176537738188,0.07159263269957034,0.11825654990919963,-0.01033781122250539,-0.03632610598712391,estimated_regional_daily_relative_pressure
2023-04-14,BDH,0.0652498047541108,0.06320933011141912,0.14093166278241395,-0.01033781122250539,-0.06738452144848944,estimated_regional_daily_relative_pressure
2023-04-15,BDH,0.3366444205987474,0.2901623095682923,0.17184792325628018,-0.01033781122250539,0.1286521975345175,estimated_regional_daily_relative_pressure
2023-04-16,BDH,0.31926455166383,0.2770744234977477,0.19454865058676982,-0.01033781122250539,0.09286358413348327,estimated_regional_daily_relative_pressure
2023-04-17,BDH,0.0406226875408483,0.03981927200123394,0.2086556738006366,-0.01033781122250539,-0.15849859057689727,estimated_regional_daily_relative_pressure
2023-04-18,BDH,0.1193530751323854,0.11275090693628051,0.22076308215593402,-0.01033781122250539,-0.09767436399714811,estimated_regional_daily_relative_pressure
2023-04-19,BDH,0.1204834925560318,0.11376028193794772,0.22338080929760215,-0.01033781122250539,-0.09928271613714904,estimated_regional_daily_relative_pressure
2023-04-20,BDH,0.1073521784963559,0.10197174088783337,0.22503066968987195,-0.01033781122250539,-0.1127211175795332,estimated_regional_daily_relative_pressure
2023-04-21,BDH,0.0896129027301455,0.08582249805568694,0.22371036291930863,-0.01033781122250539,-0.12755005364111632,estimated_regional_daily_relative_pressure
2023-04-22,BDH,0.3135815416538915,0.2727574078921872,0.23321865240249823,-0.01033781122250539,0.049876566712194384,estimated_regional_daily_relative_pressure
2023-04-23,BDH,0.3028383716650771,0.26454524721392625,0.23592832710329928,-0.01033781122250539,0.03895473133313236,estimated_regional_daily_relative_pressure
2023-04-24,BDH,0.1360768294531112,0.12758094957288604,0.2315139488738995,-0.01033781122250539,-0.09359518807850807,estimated_regional_daily_relative_pressure
2023-04-25,BDH,0.1320613108326001,0.12404013982720702,0.22795541271747474,-0.01033781122250539,-0.09357746166776233,estimated_regional_daily_relative_pressure
2023-04-26,BDH,0.1094663475266837,0.10387913172427751,0.2295072311901139,-0.01033781122250539,-0.115290288243331,estimated_regional_daily_relative_pressure
2023-04-27,BDH,0.1372826501647015,0.1286417768071907,0.23026255561448536,-0.01033781122250539,-0.09128296758478928,estimated_regional_daily_relative_pressure
2023-04-28,BDH,0.1267832626977809,0.11936690307392596,0.23659976715620892,-0.01033781122250539,-0.10689505285977757,estimated_regional_daily_relative_pressure
2023-04-29,BDH,1.0316864510262818,0.7088662122125997,0.24246569734779563,-0.01033781122250539,0.4767383260873094,estimated_regional_daily_relative_pressure
2023-04-30,BDH,1.6099583305861112,0.9593342559144776,0.2423286491175054,-0.01033781122250539,0.7273434180194777,estimated_regional_daily_relative_pressure
2023-05-01,BDH,1.049205546107284,0.7174521795536201,0.23515897677441402,0.01064002331448997,0.4716531794647161,estimated_regional_daily_relative_pressure
2023-05-02,BDH,0.8919790169187061,0.6376233801446705,0.22882085103886635,0.01064002331448997,0.3981625057913141,estimated_regional_daily_relative_pressure
2023-05-03,BDH,0.783075113167361,0.5783394654010504,0.23017785441035396,0.01064002331448997,0.33752158767620644,estimated_regional_daily_relative_pressure
2023-05-04,BDH,0.0845330670250617,0.0811495413917129,0.22840867715273352,0.01064002331448997,-0.15789915907551058,estimated_regional_daily_relative_pressure
2023-05-05,BDH,0.0524761985983554,0.05114567216036334,0.2327707570813464,0.01064002331448997,-0.19226510823547302,estimated_regional_daily_relative_pressure
2023-05-06,BDH,0.3139794259587131,0.27306026237417047,0.2369043427516833,0.01064002331448997,0.02551589630799721,estimated_regional_daily_relative_pressure
2023-05-07,BDH,0.3544586176359459,0.30340183031250767,0.23533701287101855,0.01064002331448997,0.05742479412699915,estimated_regional_daily_relative_pressure
2023-05-08,BDH,0.1221865490435051,0.11527905802471074,0.2280492224612628,0.01064002331448997,-0.12341018775104204,estimated_regional_daily_relative_pressure
2023-05-09,BDH,0.0757343746382334,0.07300356754461514,0.22148146222044493,0.01064002331448997,-0.15911791799031974,estimated_regional_daily_relative_pressure
2023-05-10,BDH,0.1249477009211247,0.11773654650566825,0.21936843111944193,0.01064002331448997,-0.11227190792826365,estimated_regional_daily_relative_pressure
2023-05-11,BDH,0.0753653219244378,0.07266043819732707,0.2171195997311324,0.01064002331448997,-0.1550991848482953,estimated_regional_daily_relative_pressure
2023-05-12,BDH,0.0888937836060515,0.08516230347861835,0.2217522321469552,0.01064002331448997,-0.14722995198282682,estimated_regional_daily_relative_pressure
2023-05-13,BDH,0.3013512097888522,0.2634031168187522,0.22519889356793388,0.01064002331448997,0.027564199936328377,estimated_regional_daily_relative_pressure
2023-05-14,BDH,0.288445520187219,0.2534364686387579,0.22286806130263,0.01064002331448997,0.019928384021637924,estimated_regional_daily_relative_pressure
2023-05-15,BDH,0.0607336962621524,0.05896083497242239,0.20151406322148646,0.01064002331448997,-0.15319325156355404,estimated_regional_daily_relative_pressure
2023-05-16,BDH,0.0702609175577143,0.06790246693245826,0.17243636653613678,0.01064002331448997,-0.1151739229181685,estimated_regional_daily_relative_pressure
2023-05-17,BDH,0.0839291332998568,0.08059252569576998,0.1512479546856532,0.01064002331448997,-0.08129545230437318,estimated_regional_daily_relative_pressure
2023-05-18,BDH,0.0853324835666862,0.0818863765173502,0.13217084621907776,0.01064002331448997,-0.06092449301621754,estimated_regional_daily_relative_pressure
2023-05-19,BDH,0.0596158236910633,0.057906411950046914,0.1214856607220437,0.01064002331448997,-0.07421927208648675,estimated_regional_daily_relative_pressure
2023-05-20,BDH,0.2827224838773735,0.2489847597249472,0.12796537014610151,0.01064002331448997,0.11037936626435572,estimated_regional_daily_relative_pressure
2023-05-21,BDH,0.2587421096984367,0.23011289666827708,0.12905871646642839,0.01064002331448997,0.09041415688735872,estimated_regional_daily_relative_pressure
2023-05-22,BDH,0.0379371894182622,0.03723527175507939,0.12400838568624564,0.01064002331448997,-0.09741313724565623,estimated_regional_daily_relative_pressure
2023-05-23,BDH,0.0479500318081406,0.04683590518975855,0.11731886421759936,0.01064002331448997,-0.08112298234233078,estimated_regional_daily_relative_pressure
2023-05-24,BDH,0.0628401159784023,0.06094467974857349,0.11743911057862634,0.01064002331448997,-0.06713445414454282,estimated_regional_daily_relative_pressure
2023-05-25,BDH,0.0640442574921981,0.06207698544179273,0.11896235220115106,0.01064002331448997,-0.06752539007384831,estimated_regional_daily_relative_pressure
2023-05-26,BDH,0.0558291334949047,0.05432636678961096,0.12548815486241224,0.01064002331448997,-0.08180181138729126,estimated_regional_daily_relative_pressure
2023-05-27,BDH,0.28080749771553,0.2474907366147843,0.13272587463503674,0.01064002331448997,0.10412483866525758,estimated_regional_daily_relative_pressure
2023-05-28,BDH,0.2655265502843651,0.23548828085753046,0.13392562545157066,0.01064002331448997,0.09092263209146982,estimated_regional_daily_relative_pressure
2023-05-29,BDH,0.0482384648906611,0.047111102849506314,0.13033287526845921,0.01064002331448997,-0.09386179573344287,estimated_regional_daily_relative_pressure
2023-05-30,BDH,0.0480091027561496,0.04689227169714938,0.12581774240604196,0.01064002331448997,-0.08956549402338256,estimated_regional_daily_relative_pressure
2023-05-31,BDH,0.0596362180148974,0.05792565866863761,0.12463301412426278,0.01064002331448997,-0.07734737877011515,estimated_regional_daily_relative_pressure
2023-06-01,BDH,0.062485964863156,0.06061141218862903,0.12651408469415665,-0.0024673335456460543,-0.06343533895988156,estimated_regional_daily_relative_pressure
2023-06-02,BDH,0.0473184262366699,0.04623301768083184,0.13557630439261426,-0.0024673335456460543,-0.08687595316613636,estimated_regional_daily_relative_pressure
2023-06-03,BDH,0.2803054918880734,0.2470987149929945,0.14546220854821265,-0.0024673335456460543,0.1041038399904279,estimated_regional_daily_relative_pressure
2023-06-04,BDH,0.325805943193356,0.2820205335375053,0.14799637273264485,-0.0024673335456460543,0.13649149435050648,estimated_regional_daily_relative_pressure
2023-06-05,BDH,0.088759971804487,0.08503940809049666,0.14589938651692058,-0.0024673335456460543,-0.05839264488077787,estimated_regional_daily_relative_pressure
2023-06-06,BDH,0.1235575196674607,0.11650000818850528,0.1453291371331044,-0.0024673335456460543,-0.026361795398953076,estimated_regional_daily_relative_pressure
2023-06-07,BDH,0.1007884158885065,0.09602666478447322,0.16344490919807145,-0.0024673335456460543,-0.06495091086795217,estimated_regional_daily_relative_pressure
2023-06-08,BDH,0.1263774596041126,0.11900669521654643,0.1814206577614495,-0.0024673335456460543,-0.05994662899925702,estimated_regional_daily_relative_pressure
2023-06-09,BDH,0.127749504395162,0.12022405784288176,0.20445213270354126,-0.0024673335456460543,-0.08176074131501344,estimated_regional_daily_relative_pressure
2023-06-10,BDH,0.3771779326436306,0.3200364290047645,0.21493667975241187,-0.0024673335456460543,0.10756708279799866,estimated_regional_daily_relative_pressure
2023-06-11,BDH,0.3458553395947931,0.29702975114868635,0.2206041515295674,-0.0024673335456460543,0.07889293316476502,estimated_regional_daily_relative_pressure
2023-06-12,BDH,0.1301547596522415,0.12235457879117001,0.21996215418832843,-0.0024673335456460543,-0.09514024185151236,estimated_regional_daily_relative_pressure
2023-06-13,BDH,0.1641926717179563,0.15202786114229722,0.21935703833890455,-0.0024673335456460543,-0.06486184365096127,estimated_regional_daily_relative_pressure
2023-06-14,BDH,0.1201553151165444,0.11346734990382394,0.22752373376605906,-0.0024673335456460543,-0.11158905031658906,estimated_regional_daily_relative_pressure
2023-06-15,BDH,0.0224832815484325,0.02223425823726764,0.2362011534131244,-0.0024673335456460543,-0.21149956163021072,estimated_regional_daily_relative_pressure
2023-06-16,BDH,0.1345268078272432,0.12621565459916836,0.25197788385742526,-0.0024673335456460543,-0.12329489571261083,estimated_regional_daily_relative_pressure
2023-06-17,BDH,0.4355116502336369,0.36152133634795525,0.26691657371695665,-0.0024673335456460543,0.09707209617664465,estimated_regional_daily_relative_pressure
2023-06-18,BDH,0.4745449081556932,0.3883494053409008,0.27970726833936405,-0.0024673335456460543,0.1111094705471828,estimated_regional_daily_relative_pressure
2023-06-19,BDH,0.1462153345758921,0.13646550166744495,0.283728162573075,-0.0024673335456460543,-0.144795327359984,estimated_regional_daily_relative_pressure
2023-06-20,BDH,0.201989603856182,0.18397818703749455,0.2902033533855906,-0.0024673335456460543,-0.10375783280245,estimated_regional_daily_relative_pressure
2023-06-21,BDH,0.2366859313858958,0.2124351657699767,0.30357221405573337,-0.0024673335456460543,-0.08866971474011061,estimated_regional_daily_relative_pressure
2023-06-22,BDH,0.8199776226558118,0.5988242057690574,0.31546595411607903,-0.0024673335456460543,0.2858255851986244,estimated_regional_daily_relative_pressure
2023-06-23,BDH,0.829575752340227,0.604084110654478,0.3352805723698546,-0.0024673335456460543,0.27127087183026943,estimated_regional_daily_relative_pressure
2023-06-24,BDH,1.1704193613367004,0.7749204029534177,0.35304123982575236,-0.0024673335456460543,0.42434649667331137,estimated_regional_daily_relative_pressure
2023-06-25,BDH,0.4727007263458381,0.3870979439567826,0.364786215619935,-0.0024673335456460543,0.024779061882493635,estimated_regional_daily_relative_pressure
2023-06-26,BDH,0.2586226547153364,0.23001799188143124,0.371167780980129,-0.0024673335456460543,-0.1386824555530517,estimated_regional_daily_relative_pressure
2023-06-27,BDH,0.2555689532263254,0.22758881903637646,0.3775747291219355,-0.0024673335456460543,-0.14751857653991302,estimated_regional_daily_relative_pressure
2023-06-28,BDH,0.2420083288974428,0.21672968952539007,0.39017733911829267,-0.0024673335456460543,-0.17098031604725655,estimated_regional_daily_relative_pressure
2023-06-29,BDH,0.3502350131189064,0.30027866109129564,0.40211484787580154,-0.0024673335456460543,-0.09936885323885984,estimated_regional_daily_relative_pressure
2023-06-30,BDH,0.3714825126096252,0.3158922807561751,0.42122586450241045,-0.0024673335456460543,-0.1028662502005893,estimated_regional_daily_relative_pressure
2023-07-01,BDH,0.7280684855569588,0.5470043024419656,0.4431801135946459,0.0022833423114740556,0.10154084653584569,estimated_regional_daily_relative_pressure
2023-07-02,BDH,0.6882809093738926,0.5237107978341017,0.45724214220613296,0.0022833423114740556,0.06418531331649466,estimated_regional_daily_relative_pressure
2023-07-03,BDH,0.556974555906347,0.4427445509754607,0.46455413292438186,0.0022833423114740556,-0.024092924260395186,estimated_regional_daily_relative_pressure
2023-07-04,BDH,0.4502651999671664,0.3717464362380322,0.47123110626423476,0.0022833423114740556,-0.1017680123376766,estimated_regional_daily_relative_pressure
2023-07-05,BDH,0.6205270708828332,0.4827514487254894,0.4854858244733997,0.0022833423114740556,-0.005017718059384356,estimated_regional_daily_relative_pressure
2023-07-06,BDH,0.6478544177890055,0.4994740888649218,0.4977923954349381,0.0022833423114740556,-0.0006016488814903562,estimated_regional_daily_relative_pressure
2023-07-07,BDH,0.6245095422308944,0.4852059500592243,0.5038592551807267,0.0022833423114740556,-0.020936647432976484,estimated_regional_daily_relative_pressure
2023-07-08,BDH,1.034560511389301,0.7102798306515146,0.5076951451292745,0.0022833423114740556,0.200301343210766,estimated_regional_daily_relative_pressure
2023-07-09,BDH,0.9534311419724828,0.6695873863493751,0.5053923404203059,0.0022833423114740556,0.16191170361759513,estimated_regional_daily_relative_pressure
2023-07-10,BDH,0.6230681981563362,0.4843183074625462,0.4988025901570364,0.0022833423114740556,-0.016767625005964203,estimated_regional_daily_relative_pressure
2023-07-11,BDH,0.6784402762271069,0.5178649551707777,0.5054088989069084,0.0022833423114740556,0.010172713952395197,estimated_regional_daily_relative_pressure
2023-07-12,BDH,0.6415569373755183,0.4956451435446891,0.5160557260005252,0.0022833423114740556,-0.022693924767310157,estimated_regional_daily_relative_pressure
2023-07-13,BDH,0.6703538474389266,0.5130354886782403,0.526424183143134,0.0022833423114740556,-0.015672036776367713,estimated_regional_daily_relative_pressure
2023-07-14,BDH,0.6855478299993634,0.5220906326250737,0.5350085876011178,0.0022833423114740556,-0.015201297287518144,estimated_regional_daily_relative_pressure
2023-07-15,BDH,1.0256869251434657,0.7059088653286982,0.5369250804065375,0.0022833423114740556,0.16670044261068664,estimated_regional_daily_relative_pressure
2023-07-16,BDH,1.019431386785545,0.7028159800965668,0.5376823367530358,0.0022833423114740556,0.16285030103205692,estimated_regional_daily_relative_pressure
2023-07-17,BDH,0.7544203922706461,0.5621385415552692,0.5353949131077526,0.0022833423114740556,0.0244602861360426,estimated_regional_daily_relative_pressure
2023-07-18,BDH,0.8007316393338777,0.5881930486136705,0.5336834322129151,0.0022833423114740556,0.0522262740892813,estimated_regional_daily_relative_pressure
2023-07-19,BDH,0.8136394619444478,0.5953355788763397,0.5358669246236646,0.0022833423114740556,0.05718531194120106,estimated_regional_daily_relative_pressure
2023-07-20,BDH,0.7831148775239831,0.5783617661515588,0.5418273965459453,0.0022833423114740556,0.03425102729413946,estimated_regional_daily_relative_pressure
2023-07-21,BDH,0.760295841780938,0.5654818868451839,0.551525364166308,0.0022833423114740556,0.01167318036740176,estimated_regional_daily_relative_pressure
2023-07-22,BDH,0.4925824652983197,0.4005078178894246,0.5581508802891579,0.0022833423114740556,-0.15992640471120742,estimated_regional_daily_relative_pressure
2023-07-23,BDH,1.0497888629722616,0.7177367941740368,0.5579674203724957,0.0022833423114740556,0.15748603149006704,estimated_regional_daily_relative_pressure
2023-07-24,BDH,0.7035207939977297,0.532697164676453,0.550676816936957,0.0022833423114740556,-0.020262994571978075,estimated_regional_daily_relative_pressure
2023-07-25,BDH,0.7693958219647963,0.5706381447920629,0.5434074203439925,0.0022833423114740556,0.024947382136596342,estimated_regional_daily_relative_pressure
2023-07-26,BDH,0.8074075309401687,0.5918935152028142,0.5475461293884516,0.0022833423114740556,0.04206404350288854,estimated_regional_daily_relative_pressure
2023-07-27,BDH,0.750794406988953,0.560069631783552,0.5457523531309697,0.0022833423114740556,0.0120339363411082,estimated_regional_daily_relative_pressure
2023-07-28,BDH,0.7315396614952809,0.5490109904572484,0.5420865441229687,0.0022833423114740556,0.0046411040228056324,estimated_regional_daily_relative_pressure
2023-07-29,BDH,0.6206806700927414,0.4828462277228869,0.5453848252662176,0.0022833423114740556,-0.06482193985480475,estimated_regional_daily_relative_pressure
2023-07-30,BDH,0.4328850625522962,0.35968993805930977,0.5421323805566448,0.0022833423114740556,-0.1847257848088091,estimated_regional_daily_relative_pressure
2023-07-31,BDH,0.4040588595729216,0.3393672274976207,0.5339729331430729,0.0022833423114740556,-0.19688904795692627,estimated_regional_daily_relative_pressure
2023-08-01,BDH,0.609774600390744,0.476094169438189,0.5260187958019115,0.02518021690556084,-0.07510484326928331,estimated_regional_daily_relative_pressure
2023-08-02,BDH,0.6010423567436729,0.4706548900941396,0.5216832871612955,0.02518021690556084,-0.07620861397271679,estimated_regional_daily_relative_pressure
2023-08-03,BDH,0.6660121151361409,0.5104328157086909,0.5155546469135502,0.02518021690556084,-0.030302048110420157,estimated_regional_daily_relative_pressure
2023-08-04,BDH,0.7445926078170477,0.5565210658287355,0.5151238602257092,0.02518021690556084,0.016216988697465448,estimated_regional_daily_relative_pressure
2023-08-05,BDH,1.1888766017028751,0.7833884449567333,0.512409028124439,0.02518021690556084,0.2457991999267335,estimated_regional_daily_relative_pressure
2023-08-06,BDH,1.0235736634982406,0.7048650886732694,0.4985173561557129,0.02518021690556084,0.18116751561199562,estimated_regional_daily_relative_pressure
2023-08-07,BDH,0.6152967608504276,0.47951869264269503,0.49521233231260536,0.02518021690556084,-0.04087385657547117,estimated_regional_daily_relative_pressure
2023-08-08,BDH,0.622991618228623,0.4842711241498169,0.4795382015113092,0.02518021690556084,-0.020447294267053176,estimated_regional_daily_relative_pressure
2023-08-09,BDH,0.5592985800377772,0.4442360919674731,0.47081780326840905,0.02518021690556084,-0.05176192820649679,estimated_regional_daily_relative_pressure
2023-08-10,BDH,0.8452564919196961,0.6126182878407798,0.4607852589622543,0.02518021690556084,0.12665281197296463,estimated_regional_daily_relative_pressure
2023-08-11,BDH,0.5876546925905077,0.46225789118883764,0.4556341798136817,0.02518021690556084,-0.0185565055304049,estimated_regional_daily_relative_pressure
2023-08-12,BDH,0.4652195054204199,0.38200506429666126,0.4509550818312746,0.02518021690556084,-0.09413023444017417,estimated_regional_daily_relative_pressure
2023-08-13,BDH,0.8501786539288514,0.615282204118952,0.43874116063411056,0.02518021690556084,0.15136082657928057,estimated_regional_daily_relative_pressure
2023-08-14,BDH,0.5238878215193481,0.4212648466283212,0.4285791211929069,0.02518021690556084,-0.03249449147014656,estimated_regional_daily_relative_pressure
2023-08-15,BDH,0.5729706975351998,0.45296599550797007,0.4225767197538515,0.02518021690556084,0.005209058848557699,estimated_regional_daily_relative_pressure
2023-08-16,BDH,0.5781254561396947,0.4562377225205603,0.41519246103067325,0.02518021690556084,0.01586504458432618,estimated_regional_daily_relative_pressure
2023-08-17,BDH,0.5337838297649171,0.4277377736961759,0.40423272859378595,0.02518021690556084,-0.0016751718031709079,estimated_regional_daily_relative_pressure
2023-08-18,BDH,0.4891495734399842,0.398205200933565,0.3990538901935043,0.02518021690556084,-0.026028906165500146,estimated_regional_daily_relative_pressure
2023-08-19,BDH,0.7895804225264198,0.5819811915532678,0.39065981965194824,0.02518021690556084,0.1661411549957587,estimated_regional_daily_relative_pressure
2023-08-20,BDH,0.6391895961447507,0.49420197101218105,0.3762250088435631,0.02518021690556084,0.09279674526305713,estimated_regional_daily_relative_pressure
2023-08-21,BDH,0.14435373698684,0.1348400558146768,0.3545012555908562,0.02518021690556084,-0.24484141668174025,estimated_regional_daily_relative_pressure
2023-08-22,BDH,0.3472319482125937,0.2980520787530907,0.3351666370831102,0.02518021690556084,-0.062294775235580316,estimated_regional_daily_relative_pressure
2023-08-23,BDH,0.2609163762176005,0.23183873933385588,0.32326871494621906,0.02518021690556084,-0.11661019251792402,estimated_regional_daily_relative_pressure
2023-08-24,BDH,0.3000007210829734,0.2623648191465475,0.31179700920601944,0.02518021690556084,-0.07461240696503275,estimated_regional_daily_relative_pressure
2023-08-25,BDH,0.2964493665762674,0.25962927130126734,0.30590537727358896,0.02518021690556084,-0.07145632287788246,estimated_regional_daily_relative_pressure
2023-08-26,BDH,0.5406587144021262,0.43221006159706266,0.29582571223061843,0.02518021690556084,0.11120413246088338,estimated_regional_daily_relative_pressure
2023-08-27,BDH,0.5143973852633796,0.4150175943289311,0.281179861586862,0.02518021690556084,0.10865751583650828,estimated_regional_daily_relative_pressure
2023-08-28,BDH,0.1857546808399023,0.1703794333451626,0.2728055331696536,0.02518021690556084,-0.12760631673005185,estimated_regional_daily_relative_pressure
2023-08-29,BDH,0.1827272553642809,0.1678230050455736,0.2572044253322235,0.02518021690556084,-0.11456163719221073,estimated_regional_daily_relative_pressure
2023-08-30,BDH,0.1895980696195456,0.17361549344859253,0.2476344873799261,0.02518021690556084,-0.09919921083689441,estimated_regional_daily_relative_pressure
2023-08-31,BDH,0.1167863238102695,0.11045520707909631,0.23739492885557334,0.02518021690556084,-0.15211993868203788,estimated_regional_daily_relative_pressure
2023-09-01,BDH,0.146074315469536,0.1363424638946825,0.2333963072338813,-0.045782355707681174,-0.051271487631517634,estimated_regional_daily_relative_pressure
2023-09-02,BDH,0.3635763259329251,0.3101108996854059,0.23005776991688373,-0.045782355707681174,0.12583548547620332,estimated_regional_daily_relative_pressure
2023-09-03,BDH,0.2843036038582019,0.250216628920456,0.2213818172871748,-0.045782355707681174,0.07461716734096237,estimated_regional_daily_relative_pressure
2023-09-04,BDH,0.1152091109364735,0.10904193076879289,0.20664981228523704,-0.045782355707681174,-0.051825525808762984,estimated_regional_daily_relative_pressure
2023-09-05,BDH,0.1162245954596259,0.10995209412282282,0.19459225519309897,-0.045782355707681174,-0.03885780536259498,estimated_regional_daily_relative_pressure
2023-09-06,BDH,0.1112571198984179,0.1054919149331395,0.19070321609753402,-0.045782355707681174,-0.03942894545671334,estimated_regional_daily_relative_pressure
2023-09-07,BDH,0.1170408676581087,0.11068310639907333,0.18369953587319388,-0.045782355707681174,-0.027234073766439368,estimated_regional_daily_relative_pressure
2023-09-08,BDH,0.1372900077208256,0.12864824620362753,0.1844091732565084,-0.045782355707681174,-0.009978571345199708,estimated_regional_daily_relative_pressure
2023-09-09,BDH,0.2990009929217691,0.26159550206212656,0.18357968293470037,-0.045782355707681174,0.12379817483510737,estimated_regional_daily_relative_pressure
2023-09-10,BDH,0.3500595080403011,0.3001486715086948,0.17658433961159348,-0.045782355707681174,0.1693466876047825,estimated_regional_daily_relative_pressure
2023-09-11,BDH,0.0082705346934592,0.00823652123238723,0.16495406942673982,-0.045782355707681174,-0.11093519248667143,estimated_regional_daily_relative_pressure
2023-09-12,BDH,0.1302070921963248,0.12240088336320112,0.15424432522217432,-0.045782355707681174,0.013938913848707976,estimated_regional_daily_relative_pressure
2023-09-13,BDH,0.1407065614472169,0.13164786115861954,0.15211445034129636,-0.045782355707681174,0.02531576652500435,estimated_regional_daily_relative_pressure
2023-09-14,BDH,0.132691625846844,0.12459677010710205,0.16259600965092985,-0.045782355707681174,0.007783116163853368,estimated_regional_daily_relative_pressure
2023-09-15,BDH,0.1451546361037465,0.13553968125303564,0.18056439614920805,-0.045782355707681174,0.0007576408115087668,estimated_regional_daily_relative_pressure
2023-09-16,BDH,0.3941437844490557,0.3322804522481066,0.20124295257375052,-0.045782355707681174,0.17681985538203726,estimated_regional_daily_relative_pressure
2023-09-17,BDH,0.382983492868622,0.3242431168692508,0.21613151720928372,-0.045782355707681174,0.15389395536764822,estimated_regional_daily_relative_pressure
2023-09-18,BDH,0.1379753440273176,0.1292506694125881,0.22371777576330382,-0.045782355707681174,-0.048684750643034555,estimated_regional_daily_relative_pressure
2023-09-19,BDH,0.1334760216593308,0.12528903649319728,0.2322097024833034,-0.045782355707681174,-0.06113831028242493,estimated_regional_daily_relative_pressure
2023-09-20,BDH,0.1279679066908385,0.12041770115590102,0.24349902181104896,-0.045782355707681174,-0.07729896494746677,estimated_regional_daily_relative_pressure
2023-09-21,BDH,0.0143822878697534,0.014279843852163679,0.2538609524313105,-0.045782355707681174,-0.19379875287146564,estimated_regional_daily_relative_pressure
2023-09-22,BDH,0.0843036587624244,0.08093799179854602,0.25870835923939606,-0.045782355707681174,-0.13198801173316888,estimated_regional_daily_relative_pressure
2023-09-23,BDH,0.2889623285710581,0.25383749821660634,0.25962715228049166,-0.045782355707681174,0.039992701643795855,estimated_regional_daily_relative_pressure
2023-09-24,BDH,0.2669983754935459,0.2366506191704972,0.25611002269211564,-0.045782355707681174,0.026322952186062745,estimated_regional_daily_relative_pressure
2023-09-25,BDH,0.0437016035847933,0.04277362828495493,0.24813089596956195,-0.045782355707681174,-0.15957491197692586,estimated_regional_daily_relative_pressure
2023-09-26,BDH,0.0743025774381259,0.07167168586659911,0.2390136905331783,-0.045782355707681174,-0.12155964895889802,estimated_regional_daily_relative_pressure
2023-09-27,BDH,0.0865586761405106,0.08301552398740115,0.23961191753087496,-0.045782355707681174,-0.11081403783579265,estimated_regional_daily_relative_pressure
2023-09-28,BDH,0.109992559377147,0.10435331203794425,0.23566350193851363,-0.045782355707681174,-0.08552783419288819,estimated_regional_daily_relative_pressure
2023-09-29,BDH,0.6368134667111653,0.49275134364421275,0.23794935814635812,-0.045782355707681174,0.3005843412055358,estimated_regional_daily_relative_pressure
2023-09-30,BDH,1.0763996883827969,0.7306354748952162,0.24024985905795698,-0.045782355707681174,0.5361679715449403,estimated_regional_daily_relative_pressure
2023-10-01,BDH,1.1201576650812153,0.7514904562399138,0.23587761127560103,0.028768424896022427,0.4868444200682904,estimated_regional_daily_relative_pressure
2023-10-02,BDH,0.8182744875262209,0.5978879675962104,0.22515888700953307,0.028768424896022427,0.3439606556906549,estimated_regional_daily_relative_pressure
2023-10-03,BDH,0.7250998189377706,0.5452849148600293,0.214699431626654,0.028768424896022427,0.30181705833735284,estimated_regional_daily_relative_pressure
2023-10-04,BDH,0.6710737054705032,0.513466357240443,0.21053005519398987,0.028768424896022427,0.27416787715043067,estimated_regional_daily_relative_pressure
2023-10-05,BDH,0.5825078411371423,0.4590108299289059,0.20648847337162865,0.028768424896022427,0.22375393166125485,estimated_regional_daily_relative_pressure
2023-10-06,BDH,0.5390601583682999,0.4311719433509316,0.20680657254486712,0.028768424896022427,0.19559694591004206,estimated_regional_daily_relative_pressure
2023-10-07,BDH,0.2914447152066991,0.25576152598379054,0.21141422981445074,0.028768424896022427,0.015578871273317373,estimated_regional_daily_relative_pressure
2023-10-08,BDH,0.1493145149236896,0.13916569067303647,0.20880332685320732,0.028768424896022427,-0.09840606107619328,estimated_regional_daily_relative_pressure
2023-10-09,BDH,0.0198109112300593,0.019617228963970286,0.20061502045912324,0.028768424896022427,-0.2097662163911754,estimated_regional_daily_relative_pressure
2023-10-10,BDH,0.0143444823544767,0.014242573662963288,0.19298112951813948,0.028768424896022427,-0.20750698075119864,estimated_regional_daily_relative_pressure
2023-10-11,BDH,0.0176695954098846,0.01751530298080237,0.19160133505733445,0.028768424896022427,-0.20285445697255453,estimated_regional_daily_relative_pressure
2023-10-12,BDH,0.0271434071608934,0.02678155816098318,0.18928934519067,0.028768424896022427,-0.19127621192570926,estimated_regional_daily_relative_pressure
2023-10-13,BDH,0.0,0.0,0.19175973699541018,0.028768424896022427,-0.22052816189143262,estimated_regional_daily_relative_pressure
2023-10-14,BDH,0.2244715995111105,0.20250940360179748,0.19336907699820605,0.028768424896022427,-0.019628098292430996,estimated_regional_daily_relative_pressure
2023-10-15,BDH,0.2164202186160947,0.1959122983666684,0.1774738723645218,0.028768424896022427,-0.010329998893875831,estimated_regional_daily_relative_pressure
2023-10-16,BDH,0.0,0.0,0.15390498607757933,0.028768424896022427,-0.18267341097360176,estimated_regional_daily_relative_pressure
2023-10-17,BDH,0.0,0.0,0.12966335845693694,0.028768424896022427,-0.15843178335295938,estimated_regional_daily_relative_pressure
2023-10-18,BDH,0.0,0.0,0.11037664982480114,0.028768424896022427,-0.13914507472082357,estimated_regional_daily_relative_pressure
2023-10-19,BDH,0.0,0.0,0.09278681386157439,0.028768424896022427,-0.12155523875759681,estimated_regional_daily_relative_pressure
2023-10-20,BDH,0.0,0.0,0.08076035723843976,0.028768424896022427,-0.10952878213446218,estimated_regional_daily_relative_pressure
2023-10-21,BDH,0.1391459050631299,0.13027877552629374,0.06684211453615521,0.028768424896022427,0.03466823609411611,estimated_regional_daily_relative_pressure
2023-10-22,BDH,0.1701327678999917,0.1571172192092552,0.052933342169996137,0.028768424896022427,0.07541545214323664,estimated_regional_daily_relative_pressure
2023-10-23,BDH,0.0,0.0,0.04468297036406741,0.028768424896022427,-0.07345139526008984,estimated_regional_daily_relative_pressure
2023-10-24,BDH,0.0,0.0,0.040193754535904944,0.028768424896022427,-0.06896217943192737,estimated_regional_daily_relative_pressure
2023-10-25,BDH,0.0,0.0,0.03956094069835751,0.028768424896022427,-0.06832936559437994,estimated_regional_daily_relative_pressure
2023-10-26,BDH,0.0,0.0,0.03910150283826192,0.028768424896022427,-0.06786992773428435,estimated_regional_daily_relative_pressure
2023-10-27,BDH,0.0,0.0,0.041992420341927524,0.028768424896022427,-0.07076084523794995,estimated_regional_daily_relative_pressure
2023-10-28,BDH,0.1730388272511027,0.1595976699343479,0.043300973638824396,0.028768424896022427,0.08752827139950108,estimated_regional_daily_relative_pressure
2023-10-29,BDH,0.1667742059695809,0.15424285212461664,0.043300973638824396,0.028768424896022427,0.08217345358976981,estimated_regional_daily_relative_pressure
2023-10-30,BDH,0.0,0.0,0.03676841223231481,0.028768424896022427,-0.06553683712833723,estimated_regional_daily_relative_pressure
2023-10-31,BDH,0.0,0.0,0.030448660672099698,0.028768424896022427,-0.05921708556812212,estimated_regional_daily_relative_pressure
2023-11-01,BDH,0.0,0.0,0.030448660672099698,0.00043702796243851657,-0.030885688634538215,estimated_regional_daily_relative_pressure
2023-11-02,BDH,0.0,0.0,0.030448660672099698,0.00043702796243851657,-0.030885688634538215,estimated_regional_daily_relative_pressure
2023-11-03,BDH,0.0,0.0,0.0341097204206084,0.00043702796243851657,-0.034546748383046916,estimated_regional_daily_relative_pressure
2023-11-04,BDH,0.1510173482139734,0.14064620192326946,0.037716065990229364,0.00043702796243851657,0.10249310797060159,estimated_regional_daily_relative_pressure
2023-11-05,BDH,0.027928185529155,0.027545306158085144,0.037716065990229364,0.00043702796243851657,-0.010607787794582737,estimated_regional_daily_relative_pressure
2023-11-06,BDH,0.0,0.0,0.03351352484421989,0.00043702796243851657,-0.03395055280665841,estimated_regional_daily_relative_pressure
2023-11-07,BDH,0.0,0.0,0.028445227450372944,0.00043702796243851657,-0.02888225541281146,estimated_regional_daily_relative_pressure
2023-11-08,BDH,0.0,0.0,0.028445227450372944,0.00043702796243851657,-0.02888225541281146,estimated_regional_daily_relative_pressure
2023-11-09,BDH,0.0,0.0,0.028445227450372944,0.00043702796243851657,-0.02888225541281146,estimated_regional_daily_relative_pressure
2023-11-10,BDH,0.0,0.0,0.03209246588020304,0.00043702796243851657,-0.03252949384264156,estimated_regional_daily_relative_pressure
2023-11-11,BDH,0.1130831144872226,0.10713374559443621,0.034817099708681895,0.00043702796243851657,0.0718796179233158,estimated_regional_daily_relative_pressure
2023-11-12,BDH,0.0696662782763072,0.06734671036478622,0.034817099708681895,0.00043702796243851657,0.03209258269366581,estimated_regional_daily_relative_pressure
2023-11-13,BDH,0.0,0.0,0.029668787775315834,0.00043702796243851657,-0.03010581573775435,estimated_regional_daily_relative_pressure
2023-11-14,BDH,0.0,0.0,0.024693211900328204,0.00043702796243851657,-0.02513023986276672,estimated_regional_daily_relative_pressure
2023-11-15,BDH,0.0,0.0,0.024693211900328204,0.00043702796243851657,-0.02513023986276672,estimated_regional_daily_relative_pressure
2023-11-16,BDH,0.0,0.0,0.024693211900328204,0.00043702796243851657,-0.02513023986276672,estimated_regional_daily_relative_pressure
2023-11-17,BDH,0.0,0.0,0.028179157312495352,0.00043702796243851657,-0.02861618527493387,estimated_regional_daily_relative_pressure
2023-11-18,BDH,0.1201838820176356,0.11349285220376966,0.032357376540898236,0.00043702796243851657,0.08069844770043291,estimated_regional_daily_relative_pressure
2023-11-19,BDH,0.1182855042490132,0.11179671265825006,0.032357376540898236,0.00043702796243851657,0.07900230815491331,estimated_regional_daily_relative_pressure
2023-11-20,BDH,0.0,0.0,0.0278204022853089,0.00043702796243851657,-0.028257430247747416,estimated_regional_daily_relative_pressure
2023-11-21,BDH,0.0,0.0,0.026931844022144866,0.00043702796243851657,-0.027368871984583383,estimated_regional_daily_relative_pressure
2023-11-22,BDH,0.0,0.0,0.026931844022144866,0.00043702796243851657,-0.027368871984583383,estimated_regional_daily_relative_pressure
2023-11-23,BDH,0.0,0.0,0.026931844022144866,0.00043702796243851657,-0.027368871984583383,estimated_regional_daily_relative_pressure
2023-11-24,BDH,0.0,0.0,0.030483737054564437,0.00043702796243851657,-0.030920765017002954,estimated_regional_daily_relative_pressure
2023-11-25,BDH,0.1197040298531446,0.11306439132473299,0.032955975039701546,0.00043702796243851657,0.07967138832259293,estimated_regional_daily_relative_pressure
2023-11-26,BDH,0.0881332884347804,0.08446364868284449,0.032955975039701546,0.00043702796243851657,0.05107064568070443,estimated_regional_daily_relative_pressure
2023-11-27,BDH,0.0,0.0,0.029500047762461668,0.00043702796243851657,-0.029937075724900186,estimated_regional_daily_relative_pressure
2023-11-28,BDH,0.0,0.0,0.027327573234565344,0.00043702796243851657,-0.02776460119700386,estimated_regional_daily_relative_pressure
2023-11-29,BDH,0.0,0.0,0.027327573234565344,0.00043702796243851657,-0.02776460119700386,estimated_regional_daily_relative_pressure
2023-11-30,BDH,0.0,0.0,0.027327573234565344,0.00043702796243851657,-0.02776460119700386,estimated_regional_daily_relative_pressure
2023-12-01,BDH,0.0,0.0,0.029865027600593626,-0.0031127654609727777,-0.02675226213962085,estimated_regional_daily_relative_pressure
2023-12-02,BDH,0.1141193896242639,0.10806430777718176,0.032192427350655736,-0.0031127654609727777,0.0789846458874988,estimated_regional_daily_relative_pressure
2023-12-03,BDH,0.1382873361772601,0.1295247960804894,0.032192427350655736,-0.0031127654609727777,0.10044513419080643,estimated_regional_daily_relative_pressure
2023-12-04,BDH,0.0,0.0,0.028531367602147036,-0.0031127654609727777,-0.025418602141174258,estimated_regional_daily_relative_pressure
2023-12-05,BDH,0.0,0.0,0.024925022032526067,-0.0031127654609727777,-0.02181225657155329,estimated_regional_daily_relative_pressure
2023-12-06,BDH,0.0,0.0,0.024925022032526067,-0.0031127654609727777,-0.02181225657155329,estimated_regional_daily_relative_pressure
2023-12-07,BDH,0.0,0.0,0.024925022032526067,-0.0031127654609727777,-0.02181225657155329,estimated_regional_daily_relative_pressure
2023-12-08,BDH,0.0,0.0,0.026610346227013443,-0.0031127654609727777,-0.023497580766040665,estimated_regional_daily_relative_pressure
2023-12-09,BDH,0.116399398623366,0.11010868400500678,0.027778937086250163,-0.0031127654609727777,0.0854425123797294,estimated_regional_daily_relative_pressure
2023-12-10,BDH,0.0796526591818152,0.07663937753925043,0.027778937086250163,-0.0031127654609727777,0.051973205913973045,estimated_regional_daily_relative_pressure
2023-12-11,BDH,0.0,0.0,0.024131698656420068,-0.0031127654609727777,-0.02101893319544729,estimated_regional_daily_relative_pressure
2023-12-12,BDH,0.0,0.0,0.021407064827941212,-0.0031127654609727777,-0.018294299366968435,estimated_regional_daily_relative_pressure
2023-12-13,BDH,0.0,0.0,0.021407064827941212,-0.0031127654609727777,-0.018294299366968435,estimated_regional_daily_relative_pressure
2023-12-14,BDH,0.0,0.0,0.021407064827941212,-0.0031127654609727777,-0.018294299366968435,estimated_regional_daily_relative_pressure
2023-12-15,BDH,0.0,0.0,0.02465180784777661,-0.0031127654609727777,-0.021539042386803833,estimated_regional_daily_relative_pressure
2023-12-16,BDH,0.0818376093135653,0.07866108534687676,0.02798131036260018,-0.0031127654609727777,0.05379254044524935,estimated_regional_daily_relative_pressure
2023-12-17,BDH,0.0748159012384073,0.07214939225192539,0.0338005050548388,-0.0031127654609727777,0.041461652658059366,estimated_regional_daily_relative_pressure
2023-12-18,BDH,0.0,0.0,0.03031455964267165,-0.0031127654609727777,-0.027201794181698873,estimated_regional_daily_relative_pressure
2023-12-19,BDH,0.0,0.0,0.02613634041426877,-0.0031127654609727777,-0.023023574953295992,estimated_regional_daily_relative_pressure
2023-12-20,BDH,0.0,0.0,0.02613634041426877,-0.0031127654609727777,-0.023023574953295992,estimated_regional_daily_relative_pressure
2023-12-21,BDH,0.0,0.0,0.02613634041426877,-0.0031127654609727777,-0.023023574953295992,estimated_regional_daily_relative_pressure
2023-12-22,BDH,0.0,0.0,0.03173719113009105,-0.0031127654609727777,-0.02862442566911827,estimated_regional_daily_relative_pressure
2023-12-23,BDH,0.0536339038996659,0.05224505002910879,0.03749121563166723,-0.0031127654609727777,0.017866599858414343,estimated_regional_daily_relative_pressure
2023-12-24,BDH,0.0368904855054968,0.036226316636338345,0.03749121563166723,-0.0031127654609727777,0.0018478664656438955,estimated_regional_daily_relative_pressure
2023-12-25,BDH,0.0,0.0,0.03393932259924765,-0.0031127654609727777,-0.030826557138274875,estimated_regional_daily_relative_pressure
2023-12-26,BDH,0.0,0.0,0.031467084614110546,-0.0031127654609727777,-0.02835431915313777,estimated_regional_daily_relative_pressure
2023-12-27,BDH,0.0,0.0,0.031467084614110546,-0.0031127654609727777,-0.02835431915313777,estimated_regional_daily_relative_pressure
2023-12-28,BDH,0.0,0.0,0.031467084614110546,-0.0031127654609727777,-0.02835431915313777,estimated_regional_daily_relative_pressure
2023-12-29,BDH,0.0,0.0,0.03709551669986687,-0.0031127654609727777,-0.03398275123889409,estimated_regional_daily_relative_pressure
2023-12-30,BDH,0.1058198810176593,0.10058703361489728,0.041885582717452186,-0.0031127654609727777,0.06181421635841787,estimated_regional_daily_relative_pressure
2023-12-31,BDH,0.1087292924220728,0.10321457795953068,0.041885582717452186,-0.0031127654609727777,0.06444176070305127,estimated_regional_daily_relative_pressure
2024-01-01,BDH,0.1976903998598404,0.18039503545939728,0.0393481283514239,0.000765610286361703,0.14028129682161167,estimated_regional_daily_relative_pressure
2024-01-02,BDH,0.0,0.0,0.03702072860136179,0.000765610286361703,-0.037786338887723495,estimated_regional_daily_relative_pressure
2024-01-03,BDH,0.0,0.0,0.03702072860136179,0.000765610286361703,-0.037786338887723495,estimated_regional_daily_relative_pressure
2024-01-04,BDH,0.0,0.0,0.03702072860136179,0.000765610286361703,-0.037786338887723495,estimated_regional_daily_relative_pressure
2024-01-05,BDH,0.0,0.0,0.04142366808162886,0.000765610286361703,-0.042189278367990565,estimated_regional_daily_relative_pressure
2024-01-06,BDH,0.1896110110203005,0.17362637219049074,0.04481593849923486,0.000765610286361703,0.12804482340489418,estimated_regional_daily_relative_pressure
2024-01-07,BDH,0.195273177347091,0.17837475954886167,0.04481593849923486,0.000765610286361703,0.13279321076326508,estimated_regional_daily_relative_pressure
2024-01-08,BDH,0.0,0.0,0.04313061430474748,0.000765610286361703,-0.04389622459110919,estimated_regional_daily_relative_pressure
2024-01-09,BDH,0.0,0.0,0.04196202344551076,0.000765610286361703,-0.042727633731872466,estimated_regional_daily_relative_pressure
2024-01-10,BDH,0.0,0.0,0.04196202344551076,0.000765610286361703,-0.042727633731872466,estimated_regional_daily_relative_pressure
2024-01-11,BDH,0.0,0.0,0.04196202344551076,0.000765610286361703,-0.042727633731872466,estimated_regional_daily_relative_pressure
2024-01-12,BDH,0.0,0.0,0.04652180666458258,0.000765610286361703,-0.04728741695094429,estimated_regional_daily_relative_pressure
2024-01-13,BDH,0.1906285901273568,0.1744813946584461,0.05101480111808749,0.000765610286361703,0.1227009832539969,estimated_regional_daily_relative_pressure
2024-01-14,BDH,0.1600835710654241,0.1484920465451447,0.05101480111808749,0.000765610286361703,0.09671163514069551,estimated_regional_daily_relative_pressure
2024-01-15,BDH,0.0,0.0,0.04777005809825209,0.000765610286361703,-0.048535668384613796,estimated_regional_daily_relative_pressure
2024-01-16,BDH,0.0,0.0,0.04444055558342853,0.000765610286361703,-0.04520616586979023,estimated_regional_daily_relative_pressure
2024-01-17,BDH,0.0,0.0,0.03862136089118989,0.000765610286361703,-0.0393869711775516,estimated_regional_daily_relative_pressure
2024-01-18,BDH,0.0,0.0,0.03862136089118989,0.000765610286361703,-0.0393869711775516,estimated_regional_daily_relative_pressure
2024-01-19,BDH,0.0,0.0,0.04392529496740043,0.000765610286361703,-0.04469090525376213,estimated_regional_daily_relative_pressure
2024-01-20,BDH,0.1462447035345653,0.13649112388827897,0.047799919160923646,0.000765610286361703,0.08792559444099363,estimated_regional_daily_relative_pressure
2024-01-21,BDH,0.1108887636813058,0.10516038294578622,0.047799919160923646,0.000765610286361703,0.05659485349850087,estimated_regional_daily_relative_pressure
2024-01-22,BDH,0.0,0.0,0.042199068445101365,0.000765610286361703,-0.04296467873146307,estimated_regional_daily_relative_pressure
2024-01-23,BDH,0.0,0.0,0.03644504394352518,0.000765610286361703,-0.03721065422988688,estimated_regional_daily_relative_pressure
2024-01-24,BDH,0.0,0.0,0.03644504394352518,0.000765610286361703,-0.03721065422988688,estimated_regional_daily_relative_pressure
2024-01-25,BDH,0.0,0.0,0.03644504394352518,0.000765610286361703,-0.03721065422988688,estimated_regional_daily_relative_pressure
2024-01-26,BDH,0.0,0.0,0.048710682035202575,0.000765610286361703,-0.04947629232156428,estimated_regional_daily_relative_pressure
2024-01-27,BDH,0.1518314949051634,0.14135327979122653,0.06329127453109137,0.000765610286361703,0.07729639497377346,estimated_regional_daily_relative_pressure
2024-01-28,BDH,0.1494491505064939,0.139282828058652,0.07481593042892046,0.000765610286361703,0.06370128734336984,estimated_regional_daily_relative_pressure
2024-01-29,BDH,0.0,0.0,0.08122712334019973,0.000765610286361703,-0.08199273362656143,estimated_regional_daily_relative_pressure
2024-01-30,BDH,0.0,0.0,0.08839066537649491,0.000765610286361703,-0.08915627566285661,estimated_regional_daily_relative_pressure
2024-01-31,BDH,0.0,0.0,0.10010457788669706,0.000765610286361703,-0.10087018817305876,estimated_regional_daily_relative_pressure
2024-02-01,BDH,0.0,0.0,0.11344794064551665,0.0032882883168600416,-0.11673622896237669,estimated_regional_daily_relative_pressure
2024-02-02,BDH,0.0,0.0,0.13206323022397398,0.0032882883168600416,-0.13535151854083402,estimated_regional_daily_relative_pressure
2024-02-03,BDH,0.178711575023013,0.1644219563625264,0.13830401404068668,0.0032882883168600416,0.022829654004979685,estimated_regional_daily_relative_pressure
2024-02-04,BDH,0.1276246605900612,0.1201133499992197,0.13869341067066482,0.0032882883168600416,-0.02186834898830516,estimated_regional_daily_relative_pressure
2024-02-05,BDH,0.0,0.0,0.13429047119039778,0.0032882883168600416,-0.13757875950725781,estimated_regional_daily_relative_pressure
2024-02-06,BDH,0.0,0.0,0.13089820077279174,0.0032882883168600416,-0.13418648908965178,estimated_regional_daily_relative_pressure
2024-02-07,BDH,0.0,0.0,0.13089820077279174,0.0032882883168600416,-0.13418648908965178,estimated_regional_daily_relative_pressure
2024-02-08,BDH,0.0,0.0,0.13089820077279174,0.0032882883168600416,-0.13418648908965178,estimated_regional_daily_relative_pressure
2024-02-09,BDH,0.0,0.0,0.13537096439034096,0.0032882883168600416,-0.138659252707201,estimated_regional_daily_relative_pressure
2024-02-10,BDH,0.4626279461465861,0.38023478084199913,0.1408199489862169,0.0032882883168600416,0.2361265435389222,estimated_regional_daily_relative_pressure
2024-02-11,BDH,0.5714493829841607,0.45199836737255317,0.1408199489862169,0.0032882883168600416,0.30789013006947624,estimated_regional_daily_relative_pressure
2024-02-12,BDH,0.4294136608824734,0.357264332832701,0.13626016576714506,0.0032882883168600416,0.21771587874869588,estimated_regional_daily_relative_pressure
2024-02-13,BDH,0.4524159973301273,0.3732283749081038,0.13176717131364016,0.0032882883168600416,0.2381729152776036,estimated_regional_daily_relative_pressure
2024-02-14,BDH,0.4485482524289,0.37056184967029565,0.13176717131364016,0.0032882883168600416,0.23550639003979545,estimated_regional_daily_relative_pressure
2024-02-15,BDH,0.437824615704196,0.36313128781626614,0.13176717131364016,0.0032882883168600416,0.22807582818576594,estimated_regional_daily_relative_pressure
2024-02-16,BDH,0.5123190169122518,0.4136442455234076,0.13680778814485905,0.0032882883168600416,0.2735481690616885,estimated_regional_daily_relative_pressure
2024-02-17,BDH,0.7808200793331161,0.5770739769321774,0.13996907620785587,0.0032882883168600416,0.4338166124074615,estimated_regional_daily_relative_pressure
2024-02-18,BDH,0.213446063712778,0.19346429831809353,0.13996907620785587,0.0032882883168600416,0.05020693379337762,estimated_regional_daily_relative_pressure
2024-02-19,BDH,0.0121444476678946,0.012071295529322585,0.13466514213164535,0.0032882883168600416,-0.12588213491918282,estimated_regional_daily_relative_pressure
2024-02-20,BDH,0.0,0.0,0.13079051793812213,0.0032882883168600416,-0.13407880625498217,estimated_regional_daily_relative_pressure
2024-02-21,BDH,0.0,0.0,0.13079051793812213,0.0032882883168600416,-0.13407880625498217,estimated_regional_daily_relative_pressure
2024-02-22,BDH,0.0,0.0,0.13079051793812213,0.0032882883168600416,-0.13407880625498217,estimated_regional_daily_relative_pressure
2024-02-23,BDH,0.0,0.0,0.13533296262763045,0.0032882883168600416,-0.1386212509444905,estimated_regional_daily_relative_pressure
2024-02-24,BDH,0.148728492679222,0.1386556721440257,0.13875454623279676,0.0032882883168600416,-0.003387162405631114,estimated_regional_daily_relative_pressure
2024-02-25,BDH,0.1840236636727124,0.16891852247215344,0.13875454623279676,0.0032882883168600416,0.02687568792249664,estimated_regional_daily_relative_pressure
2024-02-26,BDH,0.0,0.0,0.1264889081411194,0.0032882883168600416,-0.12977719645797944,estimated_regional_daily_relative_pressure
2024-02-27,BDH,0.0,0.0,0.11190831564523059,0.0032882883168600416,-0.11519660396209062,estimated_regional_daily_relative_pressure
2024-02-28,BDH,0.0,0.0,0.100484739159296,0.0032882883168600416,-0.10377302747615604,estimated_regional_daily_relative_pressure
2024-02-29,BDH,0.0,0.0,0.08969024878246501,0.0032882883168600416,-0.09297853709932505,estimated_regional_daily_relative_pressure
2024-03-01,BDH,0.0,0.0,0.08331865147816654,-0.010863028966955015,-0.07245562251121153,estimated_regional_daily_relative_pressure
2024-03-02,BDH,0.1691291106451246,0.15625912176778645,0.07591089209578719,-0.010863028966955015,0.09121125863895427,estimated_regional_daily_relative_pressure
2024-03-03,BDH,0.102962707849167,0.09799992995290095,0.06256752933696759,-0.010863028966955015,0.046295429582888376,estimated_regional_daily_relative_pressure
2024-03-04,BDH,0.0,0.0,0.04395223975851025,-0.010863028966955015,-0.03308921079155524,estimated_regional_daily_relative_pressure
2024-03-05,BDH,0.0,0.0,0.03771145594179756,-0.010863028966955015,-0.02684842697484255,estimated_regional_daily_relative_pressure
2024-03-06,BDH,0.0,0.0,0.03732205931181941,-0.010863028966955015,-0.026459030344864395,estimated_regional_daily_relative_pressure
2024-03-07,BDH,0.0,0.0,0.03732205931181941,-0.010863028966955015,-0.026459030344864395,estimated_regional_daily_relative_pressure
2024-03-08,BDH,0.0,0.0,0.045454402030610415,-0.010863028966955015,-0.0345913730636554,estimated_regional_daily_relative_pressure
2024-03-09,BDH,0.1512125582603357,0.1408157853747581,0.0526760296618317,-0.010863028966955015,0.09900278467988143,estimated_regional_daily_relative_pressure
2024-03-10,BDH,0.1118986968907556,0.10606909176015578,0.05564780077291424,-0.010863028966955015,0.06128431995419655,estimated_regional_daily_relative_pressure
2024-03-11,BDH,0.0,0.0,0.05464162645212084,-0.010863028966955015,-0.04377859748516583,estimated_regional_daily_relative_pressure
2024-03-12,BDH,0.0,0.0,0.05321249088796685,-0.010863028966955015,-0.042349461921011834,estimated_regional_daily_relative_pressure
2024-03-13,BDH,0.0,0.0,0.056511647030413954,-0.010863028966955015,-0.04564861806345894,estimated_regional_daily_relative_pressure
2024-03-14,BDH,0.0031383761917688,0.0031334617687291512,0.05938532491864549,-0.010863028966955015,-0.04538883418296132,estimated_regional_daily_relative_pressure
2024-03-15,BDH,0.0393537993165498,0.038599173226342924,0.06740575308939795,-0.010863028966955015,-0.01794355089610001,estimated_regional_daily_relative_pressure
2024-03-16,BDH,0.1889164346999712,0.17304233323704285,0.07551741143706452,-0.010863028966955015,0.10838795076693335,estimated_regional_daily_relative_pressure
2024-03-17,BDH,0.1428106916160086,0.13349074696250643,0.07551741143706452,-0.010863028966955015,0.06883636449239693,estimated_regional_daily_relative_pressure
2024-03-18,BDH,0.0,0.0,0.07371131787855699,-0.010863028966955015,-0.06284828891160198,estimated_regional_daily_relative_pressure
2024-03-19,BDH,0.0,0.0,0.07434884446889387,-0.010863028966955015,-0.06348581550193885,estimated_regional_daily_relative_pressure
2024-03-20,BDH,0.0,0.0,0.09050113263174456,-0.010863028966955015,-0.07963810366478954,estimated_regional_daily_relative_pressure
2024-03-21,BDH,0.0,0.0,0.10329401317785453,-0.010863028966955015,-0.09243098421089951,estimated_regional_daily_relative_pressure
2024-03-22,BDH,0.0,0.0,0.12342948056506621,-0.010863028966955015,-0.1125664515981112,estimated_regional_daily_relative_pressure
2024-03-23,BDH,0.2867280800553428,0.252102624282521,0.13074977035889326,-0.010863028966955015,0.13221588289058275,estimated_regional_daily_relative_pressure
2024-03-24,BDH,0.2509089618916262,0.22387045656786012,0.13400185311388074,-0.010863028966955015,0.10073163242093439,estimated_regional_daily_relative_pressure
2024-03-25,BDH,0.0965017714714717,0.09212490444355843,0.12974728440364527,-0.010863028966955015,-0.026759350993131828,estimated_regional_daily_relative_pressure
2024-03-26,BDH,0.1134510744239866,0.10746426819943045,0.1286635834188736,-0.010863028966955015,-0.01033628625248814,estimated_regional_daily_relative_pressure
2024-03-27,BDH,0.1327126373312438,0.1246153199833797,0.13214954301990556,-0.010863028966955015,0.0033288059304291562,estimated_regional_daily_relative_pressure
2024-03-28,BDH,0.1076867596026919,0.1022738404158604,0.1331443560813627,-0.010863028966955015,-0.020007486698547294,estimated_regional_daily_relative_pressure
2024-03-29,BDH,0.0931724948474143,0.08908401453517752,0.14055028120611218,-0.010863028966955015,-0.04060323770397965,estimated_regional_daily_relative_pressure
2024-03-30,BDH,0.2822717035549796,0.24863327329332607,0.1469075079309248,-0.010863028966955015,0.11258879432935628,estimated_regional_daily_relative_pressure
2024-03-31,BDH,0.2859032745271828,0.2514614087776636,0.15333800559612767,-0.010863028966955015,0.10898643214849094,estimated_regional_daily_relative_pressure
2024-04-01,BDH,0.0,0.0,0.15630819571853186,-0.01033781122250539,-0.14597038449602648,estimated_regional_daily_relative_pressure
2024-04-02,BDH,0.1054695993213302,0.10027022145405327,0.15936406450963847,-0.01033781122250539,-0.048756031833079805,estimated_regional_daily_relative_pressure
2024-04-03,BDH,0.1249777461416879,0.11776325425334426,0.1650544200197565,-0.01033781122250539,-0.03695335454390686,estimated_regional_daily_relative_pressure
2024-04-04,BDH,0.6499103169115834,0.5007209330483713,0.1689924871242227,-0.01033781122250539,0.34206625714665395,estimated_regional_daily_relative_pressure
2024-04-05,BDH,0.4867303264503781,0.3965792969294094,0.17854121382732996,-0.01033781122250539,0.22837589432458483,estimated_regional_daily_relative_pressure
2024-04-06,BDH,0.8667510044422333,0.6241994890035618,0.18680821973927514,-0.01033781122250539,0.44772908048679205,estimated_regional_daily_relative_pressure
2024-04-07,BDH,0.2547407576154707,0.22692898360863917,0.18990387568427777,-0.01033781122250539,0.047362919146866786,estimated_regional_daily_relative_pressure
2024-04-08,BDH,0.1060715188210036,0.10081456540461198,0.1817715329654868,-0.01033781122250539,-0.07061915633836942,estimated_regional_daily_relative_pressure
2024-04-09,BDH,0.0089640943507328,0.008924155357457575,0.17981469623592464,-0.01033781122250539,-0.16055272965596168,estimated_regional_daily_relative_pressure
2024-04-10,BDH,0.07516523982488,0.07247436123223398,0.17937018070131988,-0.01033781122250539,-0.0965580082465805,estimated_regional_daily_relative_pressure
2024-04-11,BDH,0.114119879675143,0.10806474763199075,0.17951972707901315,-0.01033781122250539,-0.061117168224517,estimated_regional_daily_relative_pressure
2024-04-12,BDH,0.0313196594109583,0.030839204905172304,0.18464019916515637,-0.01033781122250539,-0.14346318303747868,estimated_regional_daily_relative_pressure
2024-04-13,BDH,0.2580761372048533,0.22958367886723313,0.19170387689418533,-0.01033781122250539,0.04821761319555319,estimated_regional_daily_relative_pressure
2024-04-14,BDH,0.2216562136029129,0.20020749023792045,0.195170592283124,-0.01033781122250539,0.015374709177301838,estimated_regional_daily_relative_pressure
2024-04-15,BDH,0.2686389093578668,0.23794460084763178,0.19147833981798712,-0.01033781122250539,0.05680407225215005,estimated_regional_daily_relative_pressure
2024-04-16,BDH,0.3035850856632923,0.26511822703157245,0.20465009568625547,-0.01033781122250539,0.07080594256782237,estimated_regional_daily_relative_pressure
2024-04-17,BDH,0.2563650610125346,0.22822267948681144,0.2276574744420981,-0.01033781122250539,0.010903016267218719,estimated_regional_daily_relative_pressure
2024-04-18,BDH,0.1929163470265756,0.17640102081365985,0.24572048398719223,-0.01033781122250539,-0.05898165195102699,estimated_regional_daily_relative_pressure
2024-04-19,BDH,0.1298445763807461,0.12208008023845136,0.2674243005510476,-0.01033781122250539,-0.13500640909009087,estimated_regional_daily_relative_pressure
2024-04-20,BDH,0.3444843112145355,0.29601052779632464,0.27290097518394757,-0.01033781122250539,0.03344736383488246,estimated_regional_daily_relative_pressure
2024-04-21,BDH,0.2921108298128862,0.2562771832703012,0.2633870041675585,-0.01033781122250539,0.0032279903252480768,estimated_regional_daily_relative_pressure
2024-04-22,BDH,0.1007209060664695,0.09596533429508132,0.24804581663244893,-0.01033781122250539,-0.14174267111486222,estimated_regional_daily_relative_pressure
2024-04-23,BDH,0.0,0.0,0.2427983458083154,-0.01033781122250539,-0.23246053458581004,estimated_regional_daily_relative_pressure
2024-04-24,BDH,0.1772821485581648,0.16320851795143426,0.2406908533044641,-0.01033781122250539,-0.06714452413052445,estimated_regional_daily_relative_pressure
2024-04-25,BDH,0.0814956269201524,0.07834492287081093,0.24206734770918142,-0.01033781122250539,-0.1533846136158651,estimated_regional_daily_relative_pressure
2024-04-26,BDH,0.1186249478575747,0.11210020590792152,0.2482167075932487,-0.01033781122250539,-0.1257786904628218,estimated_regional_daily_relative_pressure
2024-04-27,BDH,0.3275696697182527,0.2833499546538191,0.2530646301255361,-0.01033781122250539,0.04062313575078842,estimated_regional_daily_relative_pressure
2024-04-28,BDH,0.3788472858677447,0.321247850015759,0.2537505709755004,-0.01033781122250539,0.07783509026276399,estimated_regional_daily_relative_pressure
2024-04-29,BDH,0.2171988467663503,0.19655219159227605,0.2495932452176673,-0.01033781122250539,-0.04270324240288585,estimated_regional_daily_relative_pressure
2024-04-30,BDH,0.1435911547548682,0.13417344687408278,0.2452842448824151,-0.01033781122250539,-0.10077298678582693,estimated_regional_daily_relative_pressure
2024-05-01,BDH,0.9343780249840998,0.6597858406939823,0.24124388933434837,0.01064002331448997,0.4079019280451439,estimated_regional_daily_relative_pressure
2024-05-02,BDH,1.040569103860392,0.7132287414311224,0.2358939447763607,0.01064002331448997,0.46669477334027165,estimated_regional_daily_relative_pressure
2024-05-03,BDH,0.935224842395951,0.660223517351971,0.2374511700554453,0.01064002331448997,0.41213232398203575,estimated_regional_daily_relative_pressure
2024-05-04,BDH,1.2046782232098967,0.7905815677328617,0.23702453820439723,0.01064002331448997,0.5429170062139744,estimated_regional_daily_relative_pressure
2024-05-05,BDH,0.9552104733953556,0.6704978466682695,0.23579893918844802,0.01064002331448997,0.4240588841653315,estimated_regional_daily_relative_pressure
2024-05-06,BDH,0.1069917436869862,0.10164619542134816,0.22864560739334025,0.01064002331448997,-0.13763943528648206,estimated_regional_daily_relative_pressure
2024-05-07,BDH,0.160235121369648,0.14862267541516455,0.22274228095415374,0.01064002331448997,-0.08475962885347917,estimated_regional_daily_relative_pressure
2024-05-08,BDH,0.0663668335329379,0.06425738806049995,0.22149551022151037,0.01064002331448997,-0.16787814547550037,estimated_regional_daily_relative_pressure
2024-05-09,BDH,0.0361193063592233,0.035482297785221814,0.22553509130619326,0.01064002331448997,-0.2006928168354614,estimated_regional_daily_relative_pressure
2024-05-10,BDH,0.0529497191362017,0.05159548190369519,0.22807908760839868,0.01064002331448997,-0.18712362901919347,estimated_regional_daily_relative_pressure
2024-05-11,BDH,0.3009626853935737,0.2631045176383193,0.2344542501397183,0.01064002331448997,0.018010244184111058,estimated_regional_daily_relative_pressure
2024-05-12,BDH,0.2947923646684157,0.25835034613289876,0.23355133420037305,0.01064002331448997,0.014158988618035735,estimated_regional_daily_relative_pressure
2024-05-13,BDH,0.0534846369130504,0.052103371254066916,0.22820520631604205,0.01064002331448997,-0.1867418583764651,estimated_regional_daily_relative_pressure
2024-05-14,BDH,0.1059520861032234,0.10070658037440672,0.22143693295160147,0.01064002331448997,-0.1313703758916847,estimated_regional_daily_relative_pressure
2024-05-15,BDH,0.0688982871397231,0.06662847984510206,0.21836048216498555,0.01064002331448997,-0.16237202563437345,estimated_regional_daily_relative_pressure
2024-05-16,BDH,0.1192889066105287,0.1126935788575635,0.21828354777168518,0.01064002331448997,-0.11622999222861166,estimated_regional_daily_relative_pressure
2024-05-17,BDH,0.1043643777771117,0.09926994573395391,0.20632965547546384,0.01064002331448997,-0.1176997330559999,estimated_regional_daily_relative_pressure
2024-05-18,BDH,0.3185025530499256,0.2764966631384352,0.19086152582721813,0.01064002331448997,0.07499511399672708,estimated_regional_daily_relative_pressure
2024-05-19,BDH,0.1772431993873735,0.16317543343116878,0.17255831414394868,0.01064002331448997,-0.02002290402726987,estimated_regional_daily_relative_pressure
2024-05-20,BDH,0.0877229894637384,0.08408651074402673,0.15124498736164127,0.01064002331448997,-0.07779849993210451,estimated_regional_daily_relative_pressure
2024-05-21,BDH,0.0770838412229335,0.07425724214798304,0.13454679914900994,0.01064002331448997,-0.07092958031551687,estimated_regional_daily_relative_pressure
2024-05-22,BDH,0.0760253959612332,0.07327406365551992,0.13515433561021042,0.01064002331448997,-0.07252029526918048,estimated_regional_daily_relative_pressure
2024-05-23,BDH,0.0589898071357889,0.05731544158313671,0.1339086344881303,0.01064002331448997,-0.08723321621948359,estimated_regional_daily_relative_pressure
2024-05-24,BDH,0.1334057224057296,0.12522701362516914,0.14290479070321882,0.01064002331448997,-0.028317800392539654,estimated_regional_daily_relative_pressure
2024-05-25,BDH,0.2738864230833485,0.24207240331980262,0.1534278965780302,0.01064002331448997,0.07800448342728246,estimated_regional_daily_relative_pressure
2024-05-26,BDH,0.3178148672980679,0.2759749613417188,0.16696458023472371,0.01064002331448997,0.0983703577925051,estimated_regional_daily_relative_pressure
2024-05-27,BDH,0.0877483348404696,0.08410981178821811,0.16279226218193513,0.01064002331448997,-0.08932247370820699,estimated_regional_daily_relative_pressure
2024-05-28,BDH,0.1248165888586511,0.11761999023955838,0.15938459147626058,0.01064002331448997,-0.05240462455119217,estimated_regional_daily_relative_pressure
2024-05-29,BDH,0.1178770278649778,0.11143137571810148,0.1619697864515491,0.01064002331448997,-0.0611784340479376,estimated_regional_daily_relative_pressure
2024-05-30,BDH,0.1064782427704847,0.10118221720718196,0.16407536535009437,0.01064002331448997,-0.07353317145740239,estimated_regional_daily_relative_pressure
2024-05-31,BDH,0.1408669783385536,0.13178848068177204,0.17435532672807239,0.01064002331448997,-0.05320686936079032,estimated_regional_daily_relative_pressure
2024-06-01,BDH,0.3353790438250293,0.2892151795111214,0.18155135111371834,-0.0024673335456460543,0.11013116194304913,estimated_regional_daily_relative_pressure
2024-06-02,BDH,0.2632865806438422,0.23371672233550467,0.18273389122831238,-0.0024673335456460543,0.05345016465283834,estimated_regional_daily_relative_pressure
2024-06-03,BDH,0.0972685498092928,0.09282395517061787,0.18001760573547262,-0.0024673335456460543,-0.0847263170192087,estimated_regional_daily_relative_pressure
2024-06-04,BDH,0.1386785660495662,0.12986843748133203,0.1808533108113652,-0.0024673335456460543,-0.0485175397843871,estimated_regional_daily_relative_pressure
2024-06-05,BDH,0.1651548679864639,0.15285401207669722,0.18443501644633098,-0.0024673335456460543,-0.02911367082398771,estimated_regional_daily_relative_pressure
2024-06-06,BDH,0.1280379833804589,0.12047982571856405,0.18718341446553477,-0.0024673335456460543,-0.06423625520132466,estimated_regional_daily_relative_pressure
2024-06-07,BDH,0.1162847018743233,0.11000594063068167,0.19729240334114997,-0.0024673335456460543,-0.08481912916482225,estimated_regional_daily_relative_pressure
2024-06-08,BDH,0.4093635658142609,0.3431382307282432,0.20698066869039097,-0.0024673335456460543,0.13862489558349825,estimated_regional_daily_relative_pressure
2024-06-09,BDH,0.4357661079736363,0.3616985799043741,0.2083368512439287,-0.0024673335456460543,0.15582906220609144,estimated_regional_daily_relative_pressure
2024-06-10,BDH,0.6019676825632505,0.47123267526119456,0.20858751049290236,-0.0024673335456460543,0.26511249831393824,estimated_regional_daily_relative_pressure
2024-06-11,BDH,0.1431214767099995,0.1337626580018732,0.20642095042245817,-0.0024673335456460543,-0.07019095887493891,estimated_regional_daily_relative_pressure
2024-06-12,BDH,0.1649900593762242,0.15271255425698893,0.21113395950048408,-0.0024673335456460543,-0.0559540716978491,estimated_regional_daily_relative_pressure
2024-06-13,BDH,0.1413872579010337,0.13224441548801008,0.2153525463547972,-0.0024673335456460543,-0.08064079732114106,estimated_regional_daily_relative_pressure
2024-06-14,BDH,0.1805489311877399,0.1659795262293096,0.2252643396853198,-0.0024673335456460543,-0.05681747991036417,estimated_regional_daily_relative_pressure
2024-06-15,BDH,0.4700659776850977,0.3853072825624212,0.23290812852010026,-0.0024673335456460543,0.15486648758796698,estimated_regional_daily_relative_pressure
2024-06-16,BDH,0.3990176822535559,0.3357703348125879,0.2339889296727559,-0.0024673335456460543,0.10424873868547806,estimated_regional_daily_relative_pressure
2024-06-17,BDH,0.1456001971143877,0.13592868928636942,0.2299135163558754,-0.0024673335456460543,-0.09151749352385992,estimated_regional_daily_relative_pressure
2024-06-18,BDH,0.2120241495990869,0.1922918128604022,0.23239309285509108,-0.0024673335456460543,-0.037633946449042825,estimated_regional_daily_relative_pressure
2024-06-19,BDH,0.2081403672101931,0.18908229078383904,0.24020274423578672,-0.0024673335456460543,-0.04865311990630163,estimated_regional_daily_relative_pressure
2024-06-20,BDH,0.2154560855731499,0.1951193854279656,0.24721915964062227,-0.0024673335456460543,-0.049632440667010606,estimated_regional_daily_relative_pressure
2024-06-21,BDH,0.1728745087006205,0.15945758074330002,0.25962812174358857,-0.0024673335456460543,-0.09770320745464249,estimated_regional_daily_relative_pressure
2024-06-22,BDH,0.4720451888751721,0.3866527187995924,0.2739891332701342,-0.0024673335456460543,0.11513091907510427,estimated_regional_daily_relative_pressure
2024-06-23,BDH,0.4299674294579703,0.3576516674096072,0.2796291445709649,-0.0024673335456460543,0.08048985638428836,estimated_regional_daily_relative_pressure
2024-06-24,BDH,0.1820718131741416,0.16726867278483878,0.2809191564730197,-0.0024673335456460543,-0.11118315014253484,estimated_regional_daily_relative_pressure
2024-06-25,BDH,0.2838236351584331,0.2498428400379854,0.28091100955478815,-0.0024673335456460543,-0.02860083597115669,estimated_regional_daily_relative_pressure
2024-06-26,BDH,0.2322128267261183,0.2088115991579487,0.2774934502301773,-0.0024673335456460543,-0.06621451752658254,estimated_regional_daily_relative_pressure
2024-06-27,BDH,0.2588682376196874,0.2302130932070231,0.28576201860422085,-0.0024673335456460543,-0.053081591851551695,estimated_regional_daily_relative_pressure
2024-06-28,BDH,0.2819677250624508,0.24839618272326444,0.2995533623386611,-0.0024673335456460543,-0.048689846069750596,estimated_regional_daily_relative_pressure
2024-06-29,BDH,0.5199796839770694,0.41869696896430225,0.3145549345530513,-0.0024673335456460543,0.10660936795689703,estimated_regional_daily_relative_pressure
2024-06-30,BDH,0.4023363555684039,0.33813967108537557,0.32154713467507645,-0.0024673335456460543,0.019059869955945174,estimated_regional_daily_relative_pressure
2024-07-01,BDH,0.1797391048110024,0.16529331641409717,0.3220656694492933,0.0022833423114740556,-0.15905569534667022,estimated_regional_daily_relative_pressure
2024-07-02,BDH,0.1768923546309841,0.16287736668782593,0.3248800730991338,0.0022833423114740556,-0.16428604872278194,estimated_regional_daily_relative_pressure
2024-07-03,BDH,0.3642210328148262,0.31058359381119055,0.3354714182831346,0.0022833423114740556,-0.027171166783418098,estimated_regional_daily_relative_pressure
2024-07-04,BDH,0.3978329547972704,0.33492314797218237,0.34630787886043357,0.0022833423114740556,-0.01366807319972526,estimated_regional_daily_relative_pressure
2024-07-05,BDH,0.415350657711368,0.347377315031235,0.3643769978743251,0.0022833423114740556,-0.01928302515456417,estimated_regional_daily_relative_pressure
2024-07-06,BDH,0.7117767005120232,0.537531837268653,0.38137987255375333,0.0022833423114740556,0.15386862240342555,estimated_regional_daily_relative_pressure
2024-07-07,BDH,0.7606290906285114,0.5656711830414766,0.3923922646459731,0.0022833423114740556,0.1709955760840294,estimated_regional_daily_relative_pressure
2024-07-08,BDH,0.3295576473799473,0.28484629095643393,0.39897165256665473,0.0022833423114740556,-0.11640870392169486,estimated_regional_daily_relative_pressure
2024-07-09,BDH,0.4668666565396357,0.38312859969194146,0.4024338901450022,0.0022833423114740556,-0.021588632764534786,estimated_regional_daily_relative_pressure
2024-07-10,BDH,0.4354035446175405,0.36144602543919596,0.41038877888518593,0.0022833423114740556,-0.05122609575746403,estimated_regional_daily_relative_pressure
2024-07-11,BDH,0.4409294203681799,0.36528833619826057,0.4083805475802344,0.0022833423114740556,-0.04537555369344789,estimated_regional_daily_relative_pressure
2024-07-12,BDH,0.4771111839534455,0.3900882775972217,0.4249948001419047,0.0022833423114740556,-0.03718986485615707,estimated_regional_daily_relative_pressure
2024-07-13,BDH,0.7864746525019417,0.5802442100246358,0.43864313319360637,0.0022833423114740556,0.13931773451955534,estimated_regional_daily_relative_pressure
2024-07-14,BDH,0.8171932749750093,0.5972931541341069,0.4465722803167399,0.0022833423114740556,0.14843753150589292,estimated_regional_daily_relative_pressure
2024-07-15,BDH,0.466293414877898,0.3827377300120887,0.44735791684047554,0.0022833423114740556,-0.06690352913986089,estimated_regional_daily_relative_pressure
2024-07-16,BDH,0.4938876163628115,0.4013818605631453,0.4473170874454725,0.0022833423114740556,-0.04821856919380126,estimated_regional_daily_relative_pressure
2024-07-17,BDH,0.5265600151682741,0.42301684795764366,0.4601664100790764,0.0022833423114740556,-0.03943290443290678,estimated_regional_daily_relative_pressure
2024-07-18,BDH,0.5908371545843982,0.4642603899903949,0.47417166897230073,0.0022833423114740556,-0.012194621293379913,estimated_regional_daily_relative_pressure
2024-07-19,BDH,0.6959144447022867,0.5282220907566695,0.48878110575002454,0.0022833423114740556,0.03715764269517089,estimated_regional_daily_relative_pressure
2024-07-20,BDH,1.1153599353436534,0.749224980214475,0.49644403329251136,0.0022833423114740556,0.25049760461048964,estimated_regional_daily_relative_pressure
2024-07-21,BDH,1.0589754413098738,0.7222085004902424,0.5045490727489205,0.0022833423114740556,0.2153760854298479,estimated_regional_daily_relative_pressure
2024-07-22,BDH,0.6501096423305766,0.5008417356021118,0.510517626418463,0.0022833423114740556,-0.011959233127825285,estimated_regional_daily_relative_pressure
2024-07-23,BDH,0.8050959429131439,0.5906137443407229,0.5133736764749146,0.0022833423114740556,0.07495672555433422,estimated_regional_daily_relative_pressure
2024-07-24,BDH,0.5919839923870496,0.4649810323383788,0.5245310236614666,0.0022833423114740556,-0.061833333634561914,estimated_regional_daily_relative_pressure
2024-07-25,BDH,0.5126608066693623,0.41387022373053517,0.5326102636115997,0.0022833423114740556,-0.12102338219253858,estimated_regional_daily_relative_pressure
2024-07-26,BDH,0.2063360037613953,0.18758766958448733,0.5462294097032093,0.0022833423114740556,-0.360925082430196,estimated_regional_daily_relative_pressure
2024-07-27,BDH,1.062365094932161,0.7238534285697286,0.5593563023856596,0.0022833423114740556,0.1622137838725949,estimated_regional_daily_relative_pressure
2024-07-28,BDH,0.9218944990525826,0.6533114178097751,0.5649082298562049,0.0022833423114740556,0.0861198456420961,estimated_regional_daily_relative_pressure
2024-07-29,BDH,0.6391859449002524,0.49419974354040264,0.5695677024164331,0.0022833423114740556,-0.07765130118750449,estimated_regional_daily_relative_pressure
2024-07-30,BDH,0.5574528544419519,0.4430517012001062,0.5733152814520234,0.0022833423114740556,-0.13254692256339126,estimated_regional_daily_relative_pressure
2024-07-31,BDH,0.4005625254889058,0.33687395984028135,0.5808804037303191,0.0022833423114740556,-0.24628978620151185,estimated_regional_daily_relative_pressure
2024-08-01,BDH,0.757025492235893,0.5636223180558206,0.5858332524090816,0.02518021690556084,-0.047391151258821776,estimated_regional_daily_relative_pressure
2024-08-02,BDH,0.8167340160552308,0.5970403923777794,0.5940410233668475,0.02518021690556084,-0.022180847894628944,estimated_regional_daily_relative_pressure
2024-08-03,BDH,1.1457220889187734,0.7634761339206283,0.6000335418587741,0.02518021690556084,0.13826237515629336,estimated_regional_daily_relative_pressure
2024-08-04,BDH,0.7726469859863185,0.5724739017892738,0.5900307532700879,0.02518021690556084,-0.042737068386374935,estimated_regional_daily_relative_pressure
2024-08-05,BDH,0.8196306449899629,0.598633538179919,0.5754683110693282,0.02518021690556084,-0.0020149897949699597,estimated_regional_daily_relative_pressure
2024-08-06,BDH,1.0596931203996407,0.7225570010244698,0.5683459464918343,0.02518021690556084,0.12903083762707468,estimated_regional_daily_relative_pressure
2024-08-07,BDH,0.9236198215884596,0.6542087347914762,0.5677541583778587,0.02518021690556084,0.061274359508056694,estimated_regional_daily_relative_pressure
2024-08-08,BDH,0.8789705625167359,0.6307240537395461,0.5614898047524995,0.02518021690556084,0.044054032081485714,estimated_regional_daily_relative_pressure
2024-08-09,BDH,0.8843539652400019,0.633585038146069,0.5631910970136226,0.02518021690556084,0.04521372422688562,estimated_regional_daily_relative_pressure
2024-08-10,BDH,1.1894263180396174,0.7836395542790929,0.5651132783004893,0.02518021690556084,0.1933460590730428,estimated_regional_daily_relative_pressure
2024-08-11,BDH,1.1645706102895836,0.7722220093542224,0.565507700547035,0.02518021690556084,0.1815340919016265,estimated_regional_daily_relative_pressure
2024-08-12,BDH,0.7545247616841049,0.5621980291841209,0.5499492109747135,0.02518021690556084,-0.012931398696153465,estimated_regional_daily_relative_pressure
2024-08-13,BDH,1.0640867141197234,0.7246878593917142,0.5355240903205376,0.02518021690556084,0.16398355216561578,estimated_regional_daily_relative_pressure
2024-08-14,BDH,1.0410575986689166,0.7134681042374046,0.526905754536804,0.02518021690556084,0.16138213279503977,estimated_regional_daily_relative_pressure
2024-08-15,BDH,0.8538351005145524,0.6172565206392552,0.5198408107007245,0.02518021690556084,0.07223549303296982,estimated_regional_daily_relative_pressure
2024-08-16,BDH,0.7418019304872696,0.5549201696047832,0.5219907457641426,0.02518021690556084,0.0077492069350797305,estimated_regional_daily_relative_pressure
2024-08-17,BDH,0.9688660101542474,0.6774577476483834,0.5124315832853424,0.02518021690556084,0.13984594745748014,estimated_regional_daily_relative_pressure
2024-08-18,BDH,0.9155953522884246,0.650028463240121,0.49782914710363074,0.02518021690556084,0.1270190992309294,estimated_regional_daily_relative_pressure
2024-08-19,BDH,0.2437557648154195,0.21813564450739673,0.4772719647153011,0.02518021690556084,-0.28431653711346516,estimated_regional_daily_relative_pressure
2024-08-20,BDH,0.3468779330672196,0.2977892719909229,0.4619395131062902,0.02518021690556084,-0.18933045802092813,estimated_regional_daily_relative_pressure
2024-08-21,BDH,0.6510561905122361,0.5014151985879348,0.4463111532547555,0.02518021690556084,0.029923828427618468,estimated_regional_daily_relative_pressure
2024-08-22,BDH,0.6201136548024841,0.4824963040688695,0.4270241479017664,0.02518021690556084,0.030291939261542264,estimated_regional_daily_relative_pressure
2024-08-23,BDH,0.4864917031212803,0.3964187819545863,0.414922378451212,0.02518021690556084,-0.043683813402186536,estimated_regional_daily_relative_pressure
2024-08-24,BDH,0.6781988285821765,0.5177210924331954,0.4038760954382188,0.02518021690556084,0.08866478008941579,estimated_regional_daily_relative_pressure
2024-08-25,BDH,0.6055362992818099,0.47345784362339843,0.3834378684012488,0.02518021690556084,0.06483975831658877,estimated_regional_daily_relative_pressure
2024-08-26,BDH,0.2211765255240046,0.19981475922740907,0.3581591731019232,0.02518021690556084,-0.18352463078007497,estimated_regional_daily_relative_pressure
2024-08-27,BDH,0.2732087028635216,0.2415402518277626,0.33536872419857106,0.02518021690556084,-0.1190086892763693,estimated_regional_daily_relative_pressure
2024-08-28,BDH,0.2289162427513416,0.2061326775303201,0.31968446370017317,0.02518021690556084,-0.1387320030754139,estimated_regional_daily_relative_pressure
2024-08-29,BDH,0.2548691877023898,0.227031334244658,0.29926635179589134,0.02518021690556084,-0.09741523445679419,estimated_regional_daily_relative_pressure
2024-08-30,BDH,0.2511191143772823,0.22403844228164452,0.2848182748994173,0.02518021690556084,-0.08596004952333362,estimated_regional_daily_relative_pressure
2024-08-31,BDH,0.497088088120606,0.40352194680624126,0.2857070798708625,0.02518021690556084,0.0926346500298179,estimated_regional_daily_relative_pressure
2024-09-01,BDH,0.3064170075299255,0.26728828121301845,0.28107054019051003,-0.045782355707681174,0.032000096730189595,estimated_regional_daily_relative_pressure
2024-09-02,BDH,0.1553055688342449,0.14436487074471638,0.2731637097089709,-0.045782355707681174,-0.08301648325657336,estimated_regional_daily_relative_pressure
2024-09-03,BDH,0.1345129953687808,0.1262034798824066,0.25597510652064803,-0.045782355707681174,-0.08398927093056026,estimated_regional_daily_relative_pressure
2024-09-04,BDH,0.1020453936143949,0.09716790190993604,0.25316775083427895,-0.045782355707681174,-0.11021749321666173,estimated_regional_daily_relative_pressure
2024-09-05,BDH,0.1209251630722258,0.11415438278234438,0.24693314622091309,-0.045782355707681174,-0.08699640773088753,estimated_regional_daily_relative_pressure
2024-09-06,BDH,0.1327630612680892,0.12465983508180685,0.24006804005755003,-0.045782355707681174,-0.069625849268062,estimated_regional_daily_relative_pressure
2024-09-07,BDH,0.3218785671793902,0.27905388182428975,0.232374174581486,-0.045782355707681174,0.09246206295048494,estimated_regional_daily_relative_pressure
2024-09-08,BDH,0.3341431896973374,0.28828928033675744,0.22093568048899762,-0.045782355707681174,0.113135955555441,estimated_regional_daily_relative_pressure
2024-09-09,BDH,0.0,0.0,0.20662237087112373,-0.045782355707681174,-0.16084001516344254,estimated_regional_daily_relative_pressure
2024-09-10,BDH,0.0,0.0,0.19344084078013016,-0.045782355707681174,-0.147658485072449,estimated_regional_daily_relative_pressure
2024-09-11,BDH,0.067925619393769,0.06571809335030544,0.1897805959460234,-0.045782355707681174,-0.07828014688803678,estimated_regional_daily_relative_pressure
2024-09-12,BDH,0.0789474188681686,0.07598595373378453,0.18412624119127272,-0.045782355707681174,-0.062357931749807013,estimated_regional_daily_relative_pressure
2024-09-13,BDH,0.0960648871298366,0.09172639035897802,0.18588056614724205,-0.045782355707681174,-0.048371820080582856,estimated_regional_daily_relative_pressure
2024-09-14,BDH,0.3041842120630054,0.26557772044671224,0.18691815700715178,-0.045782355707681174,0.12444191914724163,estimated_regional_daily_relative_pressure
2024-09-15,BDH,0.9056239252157492,0.6448094747540567,0.17969111048193745,-0.045782355707681174,0.5109007199798005,estimated_regional_daily_relative_pressure
2024-09-16,BDH,0.5086081028277083,0.41118743951385367,0.182756845591506,-0.045782355707681174,0.27421294963002885,estimated_regional_daily_relative_pressure
2024-09-17,BDH,0.5408681675151816,0.4323460027206706,0.19210101917919106,-0.045782355707681174,0.2860273392491607,estimated_regional_daily_relative_pressure
2024-09-18,BDH,0.1243237731571988,0.11718176440211231,0.20462249397921167,-0.045782355707681174,-0.04165837386941819,estimated_regional_daily_relative_pressure
2024-09-19,BDH,0.1400904692284304,0.13110761822995481,0.21706377373997363,-0.045782355707681174,-0.04017379980233764,estimated_regional_daily_relative_pressure
2024-09-20,BDH,0.1101737437503759,0.1045165289765816,0.2364175733523876,-0.045782355707681174,-0.08611868866812485,estimated_regional_daily_relative_pressure
2024-09-21,BDH,0.3345536715481869,0.2885969075236797,0.2524856225561665,-0.045782355707681174,0.08189364067519438,estimated_regional_daily_relative_pressure
2024-09-22,BDH,0.2763270671695849,0.24398647431088397,0.26112333296875057,-0.045782355707681174,0.028645497049814575,estimated_regional_daily_relative_pressure
2024-09-23,BDH,0.0427124731377422,0.0418254650874478,0.2528377434534984,-0.045782355707681174,-0.16522992265836944,estimated_regional_daily_relative_pressure
2024-09-24,BDH,0.0768159522326154,0.07400849427910504,0.24506618532066693,-0.045782355707681174,-0.1252753353338807,estimated_regional_daily_relative_pressure
2024-09-25,BDH,0.066978061086891,0.06483041080259809,0.2450751829794691,-0.045782355707681174,-0.13446241646918983,estimated_regional_daily_relative_pressure
2024-09-26,BDH,0.0901847413645668,0.08634716937009858,0.2450751829794691,-0.045782355707681174,-0.11294565790168933,estimated_regional_daily_relative_pressure
2024-09-27,BDH,0.0684994215713426,0.06625525443049159,0.2491781739986626,-0.045782355707681174,-0.13714056386048984,estimated_regional_daily_relative_pressure
2024-09-28,BDH,0.2976004499900566,0.2605167511653697,0.25192009162681933,-0.045782355707681174,0.05437901524623155,estimated_regional_daily_relative_pressure
2024-09-29,BDH,0.2958886174379911,0.2591966509018595,0.2489611758087878,-0.045782355707681174,0.056017830800752885,estimated_regional_daily_relative_pressure
2024-09-30,BDH,0.0,0.0,0.2404716410489894,-0.045782355707681174,-0.19468928534130825,estimated_regional_daily_relative_pressure
2024-10-01,BDH,0.6463483846959295,0.49855973520286695,0.21967133541176176,0.028768424896022427,0.25011997489508275,estimated_regional_daily_relative_pressure
2024-10-02,BDH,0.7453544573207522,0.5569576624312551,0.20640722445970197,0.028768424896022427,0.3217820130755307,estimated_regional_daily_relative_pressure
2024-10-03,BDH,0.7032370534308587,0.5325305895453551,0.19246057921064808,0.028768424896022427,0.31130158543868464,estimated_regional_daily_relative_pressure
2024-10-04,BDH,0.6684301468011358,0.5118831524660268,0.19377093406749263,0.028768424896022427,0.2893437935025117,estimated_regional_daily_relative_pressure
2024-10-05,BDH,1.0079929480474794,0.6971356898947698,0.19424573919997273,0.028768424896022427,0.4741215257987746,estimated_regional_daily_relative_pressure
2024-10-06,BDH,0.844602686256062,0.6122639080994913,0.1908742382652443,0.028768424896022427,0.39262124493822453,estimated_regional_daily_relative_pressure
2024-10-07,BDH,0.4805725304536057,0.3924288578719113,0.1815646606031901,0.028768424896022427,0.18209577237269875,estimated_regional_daily_relative_pressure
2024-10-08,BDH,0.0224488741479872,0.022200606851472075,0.17369412917380678,0.028768424896022427,-0.18026194721835714,estimated_regional_daily_relative_pressure
2024-10-09,BDH,0.0485109116485918,0.047370978218982944,0.17234492062259876,0.028768424896022427,-0.15374236729963825,estimated_regional_daily_relative_pressure
2024-10-10,BDH,0.0002789663267371,0.00027892742286645186,0.16995754983940184,0.028768424896022427,-0.19844704731255783,estimated_regional_daily_relative_pressure
2024-10-11,BDH,0.0,0.0,0.17158509043807288,0.028768424896022427,-0.20035351533409532,estimated_regional_daily_relative_pressure
2024-10-12,BDH,0.212774627324316,0.19291081494530452,0.17302521201512366,0.028768424896022427,-0.008882821965841576,estimated_regional_daily_relative_pressure
2024-10-13,BDH,0.1746678187812614,0.16098540020664326,0.17088794574317231,0.028768424896022427,-0.03867097043255148,estimated_regional_daily_relative_pressure
2024-10-14,BDH,0.0,0.0,0.1624841795765475,0.028768424896022427,-0.19125260447256995,estimated_regional_daily_relative_pressure
2024-10-15,BDH,0.0024050303497663,0.0024021428929621416,0.15412299728939075,0.028768424896022427,-0.18048927929245104,estimated_regional_daily_relative_pressure
2024-10-16,BDH,0.0,0.0,0.15693418464911119,0.028768424896022427,-0.18570260954513362,estimated_regional_daily_relative_pressure
2024-10-17,BDH,0.0,0.0,0.14085161254579293,0.028768424896022427,-0.16962003744181536,estimated_regional_daily_relative_pressure
2024-10-18,BDH,0.0,0.0,0.1285500682823146,0.028768424896022427,-0.15731849317833704,estimated_regional_daily_relative_pressure
2024-10-19,BDH,0.1709352224800943,0.15780276496429327,0.1161999746059625,0.028768424896022427,0.012834365462308341,estimated_regional_daily_relative_pressure
2024-10-20,BDH,0.1569955214066386,0.1458265773368382,0.0996876148489939,0.028768424896022427,0.017370537591821885,estimated_regional_daily_relative_pressure
2024-10-21,BDH,0.0,0.0,0.07719936678787229,0.028768424896022427,-0.10596779168389471,estimated_regional_daily_relative_pressure
2024-10-22,BDH,0.0,0.0,0.057448918139501606,0.028768424896022427,-0.08621734303552403,estimated_regional_daily_relative_pressure
2024-10-23,BDH,0.0,0.0,0.044794369486249076,0.028768424896022427,-0.0735627943822715,estimated_regional_daily_relative_pressure
2024-10-24,BDH,0.0,0.0,0.04407822087813708,0.028768424896022427,-0.0728466457741595,estimated_regional_daily_relative_pressure
2024-10-25,BDH,0.0,0.0,0.0459256330914465,0.028768424896022427,-0.07469405798746892,estimated_regional_daily_relative_pressure
2024-10-26,BDH,0.1221922849314448,0.11528416936140033,0.04908138236364382,0.028768424896022427,0.03743436210173408,estimated_regional_daily_relative_pressure
2024-10-27,BDH,0.1399574512656394,0.13099093825867325,0.04908138236364382,0.028768424896022427,0.05314113099900701,estimated_regional_daily_relative_pressure
2024-10-28,BDH,0.0,0.0,0.042858452849279166,0.028768424896022427,-0.07162687774530159,estimated_regional_daily_relative_pressure
2024-10-29,BDH,0.0,0.0,0.037665375423258415,0.028768424896022427,-0.06643380031928084,estimated_regional_daily_relative_pressure
2024-10-30,BDH,0.0,0.0,0.037665375423258415,0.028768424896022427,-0.06643380031928084,estimated_regional_daily_relative_pressure
2024-10-31,BDH,0.0910568439995475,0.0871468081513345,0.03758788694284028,0.028768424896022427,0.0207904963124718,estimated_regional_daily_relative_pressure
2024-11-01,BDH,0.0,0.0,0.04225923990340429,0.00043702796243851657,-0.04269626786584281,estimated_regional_daily_relative_pressure
2024-11-02,BDH,0.1919728484805962,0.1756097902634275,0.04576839155733362,0.00043702796243851657,0.12940437074365535,estimated_regional_daily_relative_pressure
2024-11-03,BDH,0.1614598271394029,0.14967768557843997,0.04576839155733362,0.00043702796243851657,0.10347226605866784,estimated_regional_daily_relative_pressure
2024-11-04,BDH,0.0,0.0,0.040677979784291905,0.00043702796243851657,-0.04111500774673042,estimated_regional_daily_relative_pressure
2024-11-05,BDH,0.0,0.0,0.03597389664439389,0.00043702796243851657,-0.03641092460683241,estimated_regional_daily_relative_pressure
2024-11-06,BDH,0.0,0.0,0.03597389664439389,0.00043702796243851657,-0.03641092460683241,estimated_regional_daily_relative_pressure
2024-11-07,BDH,0.0001378591227786,0.00013784962108298696,0.03597389664439389,0.00043702796243851657,-0.03627307498574942,estimated_regional_daily_relative_pressure
2024-11-08,BDH,0.0,0.0,0.038474393539721034,0.00043702796243851657,-0.03891142150215955,estimated_regional_daily_relative_pressure
2024-11-09,BDH,0.1103116668199979,0.10464075683157475,0.0407356847445421,0.00043702796243851657,0.06346804412459414,estimated_regional_daily_relative_pressure
2024-11-10,BDH,0.1030809792648426,0.09810715486098393,0.0407356847445421,0.00043702796243851657,0.056934442154003305,estimated_regional_daily_relative_pressure
2024-11-11,BDH,0.0,0.0,0.037016840571593705,0.00043702796243851657,-0.03745386853403222,estimated_regional_daily_relative_pressure
2024-11-12,BDH,0.0,0.0,0.03279132643421715,0.00043702796243851657,-0.03322835439665567,estimated_regional_daily_relative_pressure
2024-11-13,BDH,0.0,0.0,0.03279132643421715,0.00043702796243851657,-0.03322835439665567,estimated_regional_daily_relative_pressure
2024-11-14,BDH,0.0,0.0,0.03279132643421715,0.00043702796243851657,-0.03322835439665567,estimated_regional_daily_relative_pressure
2024-11-15,BDH,0.0,0.0,0.03539833428830747,0.00043702796243851657,-0.03583536225074599,estimated_regional_daily_relative_pressure
2024-11-16,BDH,0.155822187962185,0.14481194177748438,0.03556062054544951,0.00043702796243851657,0.10881429326959637,estimated_regional_daily_relative_pressure
2024-11-17,BDH,0.1149211682279751,0.1087837012718091,0.03556062054544951,0.00043702796243851657,0.07278605276392107,estimated_regional_daily_relative_pressure
2024-11-18,BDH,0.0,0.0,0.029895788601467983,0.00043702796243851657,-0.0303328165639065,estimated_regional_daily_relative_pressure
2024-11-19,BDH,0.0,0.0,0.02506747616345379,0.00043702796243851657,-0.025504504125892308,estimated_regional_daily_relative_pressure
2024-11-20,BDH,0.0,0.0,0.02506747616345379,0.00043702796243851657,-0.025504504125892308,estimated_regional_daily_relative_pressure
2024-11-21,BDH,0.0,0.0,0.02506747616345379,0.00043702796243851657,-0.025504504125892308,estimated_regional_daily_relative_pressure
2024-11-22,BDH,0.0,0.0,0.027533523500771737,0.00043702796243851657,-0.027970551463210255,estimated_regional_daily_relative_pressure
2024-11-23,BDH,0.0805988776108775,0.0775154037551415,0.030272597774933952,0.00043702796243851657,0.046805778017769036,estimated_regional_daily_relative_pressure
2024-11-24,BDH,0.0726154667705076,0.07010002734945313,0.030272597774933952,0.00043702796243851657,0.03939040161208066,estimated_regional_daily_relative_pressure
2024-11-25,BDH,0.0,0.0,0.02689708949004444,0.00043702796243851657,-0.02733411745248296,estimated_regional_daily_relative_pressure
2024-11-26,BDH,0.0,0.0,0.023732342559044963,0.00043702796243851657,-0.02416937052148348,estimated_regional_daily_relative_pressure
2024-11-27,BDH,0.0,0.0,0.023732342559044963,0.00043702796243851657,-0.02416937052148348,estimated_regional_daily_relative_pressure
2024-11-28,BDH,0.0,0.0,0.023732342559044963,0.00043702796243851657,-0.02416937052148348,estimated_regional_daily_relative_pressure
2024-11-29,BDH,0.0,0.0,0.02593704395314582,0.00043702796243851657,-0.026374071915584336,estimated_regional_daily_relative_pressure
2024-11-30,BDH,0.0841727388197063,0.0808172434767998,0.027280097775591997,0.00043702796243851657,0.05310011773876929,estimated_regional_daily_relative_pressure
2024-12-01,BDH,0.0965596438173567,0.09217768212273784,0.027280097775591997,-0.0031127654609727777,0.06801034980811863,estimated_regional_daily_relative_pressure
2024-12-02,BDH,0.0,0.0,0.022608744815027983,-0.0031127654609727777,-0.019495979354055205,estimated_regional_daily_relative_pressure
2024-12-03,BDH,0.0,0.0,0.019099593161098657,-0.0031127654609727777,-0.01598682770012588,estimated_regional_daily_relative_pressure
2024-12-04,BDH,0.0,0.0,0.019099593161098657,-0.0031127654609727777,-0.01598682770012588,estimated_regional_daily_relative_pressure
2024-12-05,BDH,0.0,0.0,0.019099593161098657,-0.0031127654609727777,-0.01598682770012588,estimated_regional_daily_relative_pressure
2024-12-06,BDH,0.0,0.0,0.022085658289360623,-0.0031127654609727777,-0.018972892828387846,estimated_regional_daily_relative_pressure
2024-12-07,BDH,0.0794454828312858,0.0764474674568564,0.023235527905973993,-0.0031127654609727777,0.056324705011855186,estimated_regional_daily_relative_pressure
2024-12-08,BDH,0.0887705807655828,0.08504915212011163,0.023235527905973993,-0.0031127654609727777,0.06492638967511041,estimated_regional_daily_relative_pressure
2024-12-09,BDH,0.0,0.0,0.020735031010646852,-0.0031127654609727777,-0.017622265549674075,estimated_regional_daily_relative_pressure
2024-12-10,BDH,0.0,0.0,0.01847373980582578,-0.0031127654609727777,-0.015360974344853003,estimated_regional_daily_relative_pressure
2024-12-11,BDH,0.0,0.0,0.01847373980582578,-0.0031127654609727777,-0.015360974344853003,estimated_regional_daily_relative_pressure
2024-12-12,BDH,0.0,0.0,0.01847373980582578,-0.0031127654609727777,-0.015360974344853003,estimated_regional_daily_relative_pressure
2024-12-13,BDH,0.0,0.0,0.020446278659394922,-0.0031127654609727777,-0.017333513198422145,estimated_regional_daily_relative_pressure
2024-12-14,BDH,0.0707354440062655,0.06834574321712666,0.020446278659394922,-0.0031127654609727777,0.051012230018704516,estimated_regional_daily_relative_pressure
2024-12-15,BDH,0.0425135461297326,0.04163466849583136,0.020446278659394922,-0.0031127654609727777,0.024301155297409217,estimated_regional_daily_relative_pressure
2024-12-16,BDH,0.0,0.0,0.017839270805304605,-0.0031127654609727777,-0.014726505344331828,estimated_regional_daily_relative_pressure
2024-12-17,BDH,0.0,0.0,0.020064622841711097,-0.0031127654609727777,-0.01695185738073832,estimated_regional_daily_relative_pressure
2024-12-18,BDH,0.0,0.0,0.020064622841711097,-0.0031127654609727777,-0.01695185738073832,estimated_regional_daily_relative_pressure
2024-12-19,BDH,0.0,0.0,0.020064622841711097,-0.0031127654609727777,-0.01695185738073832,estimated_regional_daily_relative_pressure
2024-12-20,BDH,0.0,0.0,0.024737470678537873,-0.0031127654609727777,-0.021624705217565095,estimated_regional_daily_relative_pressure
2024-12-21,BDH,0.0969877550066229,0.09256801897612102,0.02696814347708285,-0.0031127654609727777,0.06871264096001095,estimated_regional_daily_relative_pressure
2024-12-22,BDH,0.0362888918634378,0.035645958115014434,0.02696814347708285,-0.0031127654609727777,0.011790580098904362,estimated_regional_daily_relative_pressure
2024-12-23,BDH,0.0,0.0,0.024502096139764902,-0.0031127654609727777,-0.021389330678792125,estimated_regional_daily_relative_pressure
2024-12-24,BDH,0.0,0.0,0.021758575103632265,-0.0031127654609727777,-0.018645809642659487,estimated_regional_daily_relative_pressure
2024-12-25,BDH,0.0,0.0,0.021758575103632265,-0.0031127654609727777,-0.018645809642659487,estimated_regional_daily_relative_pressure
2024-12-26,BDH,0.0,0.0,0.021758575103632265,-0.0031127654609727777,-0.018645809642659487,estimated_regional_daily_relative_pressure
2024-12-27,BDH,0.0,0.0,0.023337551667690554,-0.0031127654609727777,-0.020224786206717776,estimated_regional_daily_relative_pressure
2024-12-28,BDH,0.0630569837494812,0.061148704460643445,0.024074889712905504,-0.0031127654609727777,0.040186580208710715,estimated_regional_daily_relative_pressure
2024-12-29,BDH,0.0,0.0,0.024074889712905504,-0.0031127654609727777,-0.020962124251932727,estimated_regional_daily_relative_pressure
2024-12-30,BDH,0.0,0.0,0.021870188318804645,-0.0031127654609727777,-0.018757422857831867,estimated_regional_daily_relative_pressure
2024-12-31,BDH,0.0,0.0,0.02052713449635847,-0.0031127654609727777,-0.017414369035385693,estimated_regional_daily_relative_pressure
2025-01-01,BDH,0.1748771574167318,0.16116359525133916,0.02052713449635847,0.000765610286361703,0.139870850468619,estimated_regional_daily_relative_pressure
2025-01-02,BDH,0.0,0.0,0.02052713449635847,0.000765610286361703,-0.021292744782720172,estimated_regional_daily_relative_pressure
2025-01-03,BDH,0.0,0.0,0.023423377200055315,0.000765610286361703,-0.024188987486417016,estimated_regional_daily_relative_pressure
2025-01-04,BDH,0.1558757513490058,0.14485828294163003,0.026498836717469283,0.000765610286361703,0.11759383593779905,estimated_regional_daily_relative_pressure
2025-01-05,BDH,0.0715978547302918,0.06915085675489413,0.026498836717469283,0.000765610286361703,0.04188640975106314,estimated_regional_daily_relative_pressure
2025-01-06,BDH,0.0,0.0,0.023512771589207313,0.000765610286361703,-0.024278381875569015,estimated_regional_daily_relative_pressure
2025-01-07,BDH,0.0,0.0,0.022362901972593944,0.000765610286361703,-0.023128512258955645,estimated_regional_daily_relative_pressure
2025-01-08,BDH,0.0,0.0,0.022362901972593944,0.000765610286361703,-0.023128512258955645,estimated_regional_daily_relative_pressure
2025-01-09,BDH,0.0,0.0,0.022362901972593944,0.000765610286361703,-0.023128512258955645,estimated_regional_daily_relative_pressure
2025-01-10,BDH,0.0,0.0,0.02563266218502648,0.000765610286361703,-0.026398272471388182,estimated_regional_daily_relative_pressure
2025-01-11,BDH,0.0501660279071272,0.04894827348580688,0.026247171453744365,0.000765610286361703,0.021935491745700815,estimated_regional_daily_relative_pressure
2025-01-12,BDH,0.0231207133796067,0.022857479401663546,0.026247171453744365,0.000765610286361703,-0.004155302338442522,estimated_regional_daily_relative_pressure
2025-01-13,BDH,0.0,0.0,0.03002389634917955,0.000765610286361703,-0.030789506635541253,estimated_regional_daily_relative_pressure
2025-01-14,BDH,0.0,0.0,0.034841195014940235,0.000765610286361703,-0.03560680530130194,estimated_regional_daily_relative_pressure
2025-01-15,BDH,0.0,0.0,0.03976468868151186,0.000765610286361703,-0.040530298967873565,estimated_regional_daily_relative_pressure
2025-01-16,BDH,0.0,0.0,0.04738096850113003,0.000765610286361703,-0.048146578787491734,estimated_regional_daily_relative_pressure
2025-01-17,BDH,0.0,0.0,0.057676644579910556,0.000765610286361703,-0.05844225486627226,estimated_regional_daily_relative_pressure
2025-01-18,BDH,0.0939374466658277,0.08978352381460213,0.07214993701813512,0.000765610286361703,0.01686797651010531,estimated_regional_daily_relative_pressure
2025-01-19,BDH,0.1000319722236968,0.09533924503983297,0.08020893015813285,0.000765610286361703,0.014364704595338418,estimated_regional_daily_relative_pressure
2025-01-20,BDH,0.0,0.0,0.08341266116255935,0.000765610286361703,-0.08417827144892105,estimated_regional_daily_relative_pressure
2025-01-21,BDH,0.0,0.0,0.08118198836401438,0.000765610286361703,-0.08194759865037608,estimated_regional_daily_relative_pressure
2025-01-22,BDH,0.0,0.0,0.08118198836401438,0.000765610286361703,-0.08194759865037608,estimated_regional_daily_relative_pressure
2025-01-23,BDH,0.0,0.0,0.08118198836401438,0.000765610286361703,-0.08194759865037608,estimated_regional_daily_relative_pressure
2025-01-24,BDH,0.0,0.0,0.08248996089748514,0.000765610286361703,-0.08325557118384684,estimated_regional_daily_relative_pressure
2025-01-25,BDH,0.1066778134292709,0.10136256658540864,0.0857415476678539,0.000765610286361703,0.014855408631193038,estimated_regional_daily_relative_pressure
2025-01-26,BDH,0.0192323922139206,0.019049787330254433,0.0857415476678539,0.000765610286361703,-0.06745737062396116,estimated_regional_daily_relative_pressure
2025-01-27,BDH,0.0,0.0,0.0841625711037956,0.000765610286361703,-0.0849281813901573,estimated_regional_daily_relative_pressure
2025-01-28,BDH,0.1950967879680301,0.17822717621913406,0.08342523305858066,0.000765610286361703,0.0940363328741917,estimated_regional_daily_relative_pressure
2025-01-29,BDH,0.1610633411542036,0.1493362586385811,0.08342523305858066,0.000765610286361703,0.06514541529363875,estimated_regional_daily_relative_pressure
2025-01-30,BDH,0.1648919124070982,0.1526283036637205,0.08342523305858066,0.000765610286361703,0.06843746031877813,estimated_regional_daily_relative_pressure
2025-01-31,BDH,0.2663068531502363,0.2361046744081633,0.08723977849544026,0.000765610286361703,0.14809928562636132,estimated_regional_daily_relative_pressure
2025-02-01,BDH,0.6166070732482003,0.4803295536935356,0.0899763140569834,0.0032882883168600416,0.3870649513196921,estimated_regional_daily_relative_pressure
2025-02-02,BDH,0.5662309519421982,0.44867206558496153,0.0899763140569834,0.0032882883168600416,0.35540746321111805,estimated_regional_daily_relative_pressure
2025-02-03,BDH,0.2838055940992942,0.24982878733992941,0.08708007135328656,0.0032882883168600416,0.15946042766978283,estimated_regional_daily_relative_pressure
2025-02-04,BDH,0.2765663623383218,0.24417394407885146,0.08400461183587259,0.0032882883168600416,0.15688104392611882,estimated_regional_daily_relative_pressure
2025-02-05,BDH,0.0,0.0,0.08400461183587259,0.0032882883168600416,-0.08729290015273262,estimated_regional_daily_relative_pressure
2025-02-06,BDH,0.0,0.0,0.08400461183587259,0.0032882883168600416,-0.08729290015273262,estimated_regional_daily_relative_pressure
2025-02-07,BDH,0.0,0.0,0.0871452872488957,0.0032882883168600416,-0.09043357556575574,estimated_regional_daily_relative_pressure
2025-02-08,BDH,0.0413804081083707,0.040547148537594,0.08867695595821339,0.0032882883168600416,-0.05141809573747942,estimated_regional_daily_relative_pressure
2025-02-09,BDH,0.1060545125234673,0.10079918988143141,0.08867695595821339,0.0032882883168600416,0.008833945606357984,estimated_regional_daily_relative_pressure
2025-02-10,BDH,0.0,0.0,0.08540719574578085,0.0032882883168600416,-0.08869548406264088,estimated_regional_daily_relative_pressure
2025-02-11,BDH,0.0,0.0,0.08479268647706295,0.0032882883168600416,-0.08808097479392299,estimated_regional_daily_relative_pressure
2025-02-12,BDH,0.0,0.0,0.08479268647706295,0.0032882883168600416,-0.08808097479392299,estimated_regional_daily_relative_pressure
2025-02-13,BDH,0.0,0.0,0.07904342272805864,0.0032882883168600416,-0.08233171104491868,estimated_regional_daily_relative_pressure
2025-02-14,BDH,0.0,0.0,0.0791214814423489,0.0032882883168600416,-0.08240976975920894,estimated_regional_daily_relative_pressure
2025-02-15,BDH,0.1255264801503365,0.1182509085426473,0.07742181622155668,0.0032882883168600416,0.037540804004230585,estimated_regional_daily_relative_pressure
2025-02-16,BDH,0.0885348333360258,0.08483260240783755,0.06980553640193851,0.0032882883168600416,0.011738777689038995,estimated_regional_daily_relative_pressure
2025-02-17,BDH,0.0,0.0,0.05431103466988897,0.0032882883168600416,-0.05759932298674901,estimated_regional_daily_relative_pressure
2025-02-18,BDH,0.0,0.0,0.039837742231664405,0.0032882883168600416,-0.043126030548524444,estimated_regional_daily_relative_pressure
2025-02-19,BDH,0.0,0.0,0.03177874909166668,0.0032882883168600416,-0.03506703740852672,estimated_regional_daily_relative_pressure
2025-02-20,BDH,0.0,0.0,0.024019876461888315,0.0032882883168600416,-0.027308164778748357,estimated_regional_daily_relative_pressure
2025-02-21,BDH,0.0,0.0,0.029415862849209967,0.0032882883168600416,-0.032704151166070006,estimated_regional_daily_relative_pressure
2025-02-22,BDH,0.1022581484659381,0.09736093780371596,0.035212625292735306,0.0032882883168600416,0.05886002419412062,estimated_regional_daily_relative_pressure
2025-02-23,BDH,0.0486270425185113,0.04748172998884857,0.035212625292735306,0.0032882883168600416,0.008980816379253225,estimated_regional_daily_relative_pressure
2025-02-24,BDH,0.0,0.0,0.03563242703286708,0.0032882883168600416,-0.03892071534972712,estimated_regional_daily_relative_pressure
2025-02-25,BDH,0.0,0.0,0.03305106093284027,0.0032882883168600416,-0.03633934924970031,estimated_regional_daily_relative_pressure
2025-02-26,BDH,0.0,0.0,0.03356012016703463,0.0032882883168600416,-0.03684840848389467,estimated_regional_daily_relative_pressure
2025-02-27,BDH,0.0,0.0,0.03383067640832806,0.0032882883168600416,-0.0371189647251881,estimated_regional_daily_relative_pressure
2025-02-28,BDH,0.0,0.0,0.03988405118803097,0.0032882883168600416,-0.04317233950489101,estimated_regional_daily_relative_pressure
2025-03-01,BDH,0.1638763076783365,0.15175607878157937,0.044022278624324215,-0.010863028966955015,0.11859682912421017,estimated_regional_daily_relative_pressure
2025-03-02,BDH,0.1051031530830699,0.09993868181916152,0.044022278624324215,-0.010863028966955015,0.06677943216179232,estimated_regional_daily_relative_pressure
2025-03-03,BDH,0.0,0.0,0.04020773318746462,-0.010863028966955015,-0.02934470422050961,estimated_regional_daily_relative_pressure
2025-03-04,BDH,0.0,0.0,0.03747119762592148,-0.010863028966955015,-0.026608168658966466,estimated_regional_daily_relative_pressure
2025-03-05,BDH,0.0,0.0,0.038941229601226354,-0.010863028966955015,-0.02807820063427134,estimated_regional_daily_relative_pressure
2025-03-06,BDH,0.0,0.0,0.040966035400028314,-0.010863028966955015,-0.0301030064330733,estimated_regional_daily_relative_pressure
2025-03-07,BDH,0.0036555578687016,0.003648892555722092,0.04940435852518322,-0.010863028966955015,-0.03489243700250611,estimated_regional_daily_relative_pressure
2025-03-08,BDH,0.1820799756707699,0.1672755780069712,0.05609193416517898,-0.010863028966955015,0.12204667280874724,estimated_regional_daily_relative_pressure
2025-03-09,BDH,0.1968578158258737,0.1796996357492853,0.05609193416517898,-0.010863028966955015,0.13447073055106135,estimated_regional_daily_relative_pressure
2025-03-10,BDH,0.0,0.0,0.05437736942739793,-0.010863028966955015,-0.04351434046044292,estimated_regional_daily_relative_pressure
2025-03-11,BDH,0.0550213487251008,0.053561002481679006,0.05630873250336762,-0.010863028966955015,0.008115298945266402,estimated_regional_daily_relative_pressure
2025-03-12,BDH,0.0209941819482084,0.020776840780600575,0.05931693282472837,-0.010863028966955015,-0.027677063077172784,estimated_regional_daily_relative_pressure
2025-03-13,BDH,0.0159060112450476,0.01578083626002499,0.06167493053785863,-0.010863028966955015,-0.03503106531087863,estimated_regional_daily_relative_pressure
2025-03-14,BDH,0.0084225149478624,0.008387243480096613,0.06902430026193467,-0.010863028966955015,-0.04977402781488304,estimated_regional_daily_relative_pressure
2025-03-15,BDH,0.2064167689549807,0.18765461817078996,0.07478972298835536,-0.010863028966955015,0.12372792414938961,estimated_regional_daily_relative_pressure
2025-03-16,BDH,0.1368770239062864,0.12828505052509065,0.07478972298835536,-0.010863028966955015,0.0643583565036903,estimated_regional_daily_relative_pressure
2025-03-17,BDH,0.0,0.0,0.07095858109147647,-0.010863028966955015,-0.06009555212452146,estimated_regional_daily_relative_pressure
2025-03-18,BDH,0.0,0.0,0.06936572712991972,-0.010863028966955015,-0.0585026981629647,estimated_regional_daily_relative_pressure
2025-03-19,BDH,0.0,0.0,0.07156129050435177,-0.010863028966955015,-0.060698261537396755,estimated_regional_daily_relative_pressure
2025-03-20,BDH,0.0466253031989251,0.04557099123445093,0.08514462913129552,-0.010863028966955015,-0.028710608929889574,estimated_regional_daily_relative_pressure
2025-03-21,BDH,0.0647808248965859,0.06276897976286093,0.10382605478682529,-0.010863028966955015,-0.030194046057009344,estimated_regional_daily_relative_pressure
2025-03-22,BDH,0.2989912696988872,0.2615880168798018,0.12249456840622289,-0.010863028966955015,0.14995647744053395,estimated_regional_daily_relative_pressure
2025-03-23,BDH,0.2303698864154144,0.20731484483986906,0.1236663548457955,-0.010863028966955015,0.09451151896102858,estimated_regional_daily_relative_pressure
2025-03-24,BDH,0.0,0.0,0.1221612974652783,-0.010863028966955015,-0.11129826849832329,estimated_regional_daily_relative_pressure
2025-03-25,BDH,0.0452012294362279,0.044209430932503326,0.11787564675744377,-0.010863028966955015,-0.06280318685798544,estimated_regional_daily_relative_pressure
2025-03-26,BDH,0.1133282866308344,0.10735398534390903,0.11951646350794462,-0.010863028966955015,-0.0012994491970805804,estimated_regional_daily_relative_pressure
2025-03-27,BDH,0.0977407564377801,0.09325420996218338,0.12014102981234975,-0.010863028966955015,-0.01602379088321136,estimated_regional_daily_relative_pressure
2025-03-28,BDH,0.0758358874039523,0.0730979291070378,0.1276946328579897,-0.010863028966955015,-0.043733674783996895,estimated_regional_daily_relative_pressure
2025-03-29,BDH,0.2558723885940305,0.2278304614463574,0.13359969093965926,-0.010863028966955015,0.10509379947365316,estimated_regional_daily_relative_pressure
2025-03-30,BDH,0.1956955957376086,0.178728104519041,0.13383423943578224,-0.010863028966955015,0.05575689405021378,estimated_regional_daily_relative_pressure
2025-03-31,BDH,0.0,0.0,0.13099625698120748,-0.010863028966955015,-0.12013322801425247,estimated_regional_daily_relative_pressure
2025-04-01,BDH,0.0335409065727755,0.03299067997833425,0.13034536870653615,-0.01033781122250539,-0.08701687750569652,estimated_regional_daily_relative_pressure
2025-04-02,BDH,0.0518601929103012,0.05056020901090166,0.1340868610828177,-0.01033781122250539,-0.07318884084941064,estimated_regional_daily_relative_pressure
2025-04-03,BDH,0.0704321705157704,0.06806246460739404,0.13498819300183879,-0.01033781122250539,-0.05658791717193935,estimated_regional_daily_relative_pressure
2025-04-04,BDH,0.5236114907495315,0.42108349743525564,0.1447765630765757,-0.01033781122250539,0.2866447455811853,estimated_regional_daily_relative_pressure
2025-04-05,BDH,0.784474894712333,0.579124195321423,0.1570532057002967,-0.01033781122250539,0.4324088008436317,estimated_regional_daily_relative_pressure
2025-04-06,BDH,0.7837607603124277,0.5787239222013254,0.15808979268751383,-0.01033781122250539,0.43097194073631695,estimated_regional_daily_relative_pressure
2025-04-07,BDH,0.0407839967471742,0.03997427218247342,0.15465258686425043,-0.01033781122250539,-0.10434050345927161,estimated_regional_daily_relative_pressure
2025-04-08,BDH,0.1281947616522997,0.12061879921093825,0.1530064905441136,-0.01033781122250539,-0.022049880110669967,estimated_regional_daily_relative_pressure
2025-04-09,BDH,0.0479590008491188,0.04684446380641462,0.15742444010657433,-0.01033781122250539,-0.10024216507765432,estimated_regional_daily_relative_pressure
2025-04-10,BDH,0.0521811752065947,0.05086531926552641,0.16050346671138013,-0.01033781122250539,-0.09930033622334833,estimated_regional_daily_relative_pressure
2025-04-11,BDH,0.0756472333281534,0.07292255791823832,0.16763266308047692,-0.01033781122250539,-0.08437229393973321,estimated_regional_daily_relative_pressure
2025-04-12,BDH,0.2903823053391513,0.25493853519543896,0.17309088338626633,-0.01033781122250539,0.09218546303167803,estimated_regional_daily_relative_pressure
2025-04-13,BDH,0.2199838693235107,0.1988376367917807,0.17606879459789412,-0.01033781122250539,0.033106653416391976,estimated_regional_daily_relative_pressure
2025-04-14,BDH,0.0157814795698425,0.01565824685990902,0.17357297613444175,-0.01033781122250539,-0.14757691805202736,estimated_regional_daily_relative_pressure
2025-04-15,BDH,0.1048141845807251,0.0996771620789732,0.17370500452296284,-0.01033781122250539,-0.06369003122148424,estimated_regional_daily_relative_pressure
2025-04-16,BDH,0.1141675275662318,0.1081075140102786,0.19326024992291788,-0.01033781122250539,-0.07481492469013389,estimated_regional_daily_relative_pressure
2025-04-17,BDH,0.1229804463913944,0.11598626366472936,0.21259467571343654,-0.01033781122250539,-0.08627060082620179,estimated_regional_daily_relative_pressure
2025-04-18,BDH,0.0283353085583204,0.027941289489653173,0.23886359725849973,-0.01033781122250539,-0.2005844965463412,estimated_regional_daily_relative_pressure
2025-04-19,BDH,0.3545096031326953,0.3034394723168432,0.26181753396007806,-0.01033781122250539,0.051959749579270534,estimated_regional_daily_relative_pressure
2025-04-20,BDH,0.5313457325451307,0.4261469125698021,0.2618868587515561,-0.01033781122250539,0.17459786504075137,estimated_regional_daily_relative_pressure
2025-04-21,BDH,0.0995523873146236,0.0949031763665919,0.24609399535710916,-0.01033781122250539,-0.14085300776801188,estimated_regional_daily_relative_pressure
2025-04-22,BDH,0.1676984052254455,0.15503463635863676,0.23122931635144728,-0.01033781122250539,-0.06585686877030512,estimated_regional_daily_relative_pressure
2025-04-23,BDH,0.1691603702408962,0.15628585891562807,0.23379323300682497,-0.01033781122250539,-0.06716956286869151,estimated_regional_daily_relative_pressure
2025-04-24,BDH,0.1467781896874778,0.13695643643628286,0.23229755707622235,-0.01033781122250539,-0.0850033094174341,estimated_regional_daily_relative_pressure
2025-04-25,BDH,0.149881916365185,0.13965925568148235,0.23958030715212641,-0.01033781122250539,-0.08958324024813867,estimated_regional_daily_relative_pressure
2025-04-26,BDH,0.3886875226736424,0.32835907278590964,0.24478935303608515,-0.01033781122250539,0.09390753097232989,estimated_regional_daily_relative_pressure
2025-04-27,BDH,0.3001232133050892,0.2624590394416545,0.2436061923642152,-0.01033781122250539,0.029190658299944675,estimated_regional_daily_relative_pressure
2025-04-28,BDH,0.1798805171137418,0.1654131766674997,0.2393167007171792,-0.01033781122250539,-0.06356571282717412,estimated_regional_daily_relative_pressure
2025-04-29,BDH,0.1623689129638962,0.1504600890793348,0.23373074161587948,-0.01033781122250539,-0.07293284131403928,estimated_regional_daily_relative_pressure
2025-04-30,BDH,0.2005994630048637,0.18282098456319487,0.2368184842751431,-0.01033781122250539,-0.043659688489442836,estimated_regional_daily_relative_pressure
2025-05-01,BDH,0.8334741457592638,0.6062126073986063,0.2363760175161972,0.01064002331448997,0.3591965665679191,estimated_regional_daily_relative_pressure
2025-05-02,BDH,0.8820429822113616,0.6323578794844115,0.2411140189089549,0.01064002331448997,0.3806038372609666,estimated_regional_daily_relative_pressure
2025-05-03,BDH,1.3747609431574852,0.8648967769078606,0.2454953133412145,0.01064002331448997,0.6087614402521561,estimated_regional_daily_relative_pressure
2025-05-04,BDH,1.1806750882174946,0.7796345023563214,0.24565109964743223,0.01064002331448997,0.5233433793943991,estimated_regional_daily_relative_pressure
2025-05-05,BDH,0.5268893571833577,0.4232325659710765,0.23894745991637498,0.01064002331448997,0.17364508274021156,estimated_regional_daily_relative_pressure
2025-05-06,BDH,0.0936770180330138,0.08954543009356793,0.22771876733964969,0.01064002331448997,-0.14881336056057173,estimated_regional_daily_relative_pressure
2025-05-07,BDH,0.1251528274202034,0.11791887302580659,0.2274619543222274,0.01064002331448997,-0.1201831046109108,estimated_regional_daily_relative_pressure
2025-05-08,BDH,0.1268833090701947,0.11945568849918171,0.22612760394932593,0.01064002331448997,-0.1173119387646342,estimated_regional_daily_relative_pressure
2025-05-09,BDH,0.0770791055264856,0.07425284536225701,0.23061912969837142,0.01064002331448997,-0.16700630765060437,estimated_regional_daily_relative_pressure
2025-05-10,BDH,0.3133875508456735,0.2726097161594413,0.2354018328446967,0.01064002331448997,0.026567860000254618,estimated_regional_daily_relative_pressure
2025-05-11,BDH,0.2365753468018965,0.21234574166824652,0.23357144060965135,0.01064002331448997,-0.031865722255894804,estimated_regional_daily_relative_pressure
2025-05-12,BDH,0.036909419769314,0.036244577090270826,0.22731182459002813,0.01064002331448997,-0.20170727081424727,estimated_regional_daily_relative_pressure
2025-05-13,BDH,0.1297137636556599,0.1219642941373231,0.22258961481908573,0.01064002331448997,-0.11126534399625261,estimated_regional_daily_relative_pressure
2025-05-14,BDH,0.0260052920220344,0.025672904651488655,0.22191927098304862,0.01064002331448997,-0.2068863896460499,estimated_regional_daily_relative_pressure
2025-05-15,BDH,0.1178176629932283,0.11137826929708057,0.22306226699249804,0.01064002331448997,-0.12232402100990744,estimated_regional_daily_relative_pressure
2025-05-16,BDH,0.0897634916410731,0.08596069255165027,0.24191605745897118,0.01064002331448997,-0.1665953882218109,estimated_regional_daily_relative_pressure
2025-05-17,BDH,0.2904429831100175,0.2549855571857681,0.24634700009477956,0.01064002331448997,-0.0020014662235014295,estimated_regional_daily_relative_pressure
2025-05-18,BDH,0.2863469649080965,0.2518063910647769,0.24352865493092238,0.01064002331448997,-0.0023622871806354244,estimated_regional_daily_relative_pressure
2025-05-19,BDH,0.0333135370876866,0.03277066498240313,0.22313961992216352,0.01064002331448997,-0.20100897825425035,estimated_regional_daily_relative_pressure
2025-05-20,BDH,0.1003481620216368,0.09562664065406834,0.2058304005746837,0.01064002331448997,-0.12084378323510532,estimated_regional_daily_relative_pressure
2025-05-21,BDH,0.0811847630489456,0.07805744269131738,0.20038362373920662,0.01064002331448997,-0.13296620436237921,estimated_regional_daily_relative_pressure
2025-05-22,BDH,0.0908333799039479,0.08694197282650212,0.2038283030595904,0.01064002331448997,-0.12752635354757824,estimated_regional_daily_relative_pressure
2025-05-23,BDH,0.1203820853896407,0.11366977479869016,0.21257416774963514,0.01064002331448997,-0.10954441626543496,estimated_regional_daily_relative_pressure
2025-05-24,BDH,0.3438292086598851,0.29552315713603927,0.21944462339414658,0.01064002331448997,0.06543851042740272,estimated_regional_daily_relative_pressure
2025-05-25,BDH,0.3300549191463214,0.28522023397236596,0.21991049921096145,0.01064002331448997,0.05466971144691453,estimated_regional_daily_relative_pressure
2025-05-26,BDH,0.0864517340492112,0.08291709639507647,0.2181830361955987,0.01064002331448997,-0.1459059631150122,estimated_regional_daily_relative_pressure
2025-05-27,BDH,0.1437484428654921,0.13431097617758933,0.2184027829426904,0.01064002331448997,-0.09473183007959103,estimated_regional_daily_relative_pressure
2025-05-28,BDH,0.1230750871729949,0.11607053654244073,0.22509813564883274,0.01064002331448997,-0.11966762242088198,estimated_regional_daily_relative_pressure
2025-05-29,BDH,0.1556148242941377,0.1446325177503497,0.22922274835535525,0.01064002331448997,-0.09523025391949554,estimated_regional_daily_relative_pressure
2025-05-30,BDH,0.2042933523882883,0.18589296537226624,0.24154423294920704,0.01064002331448997,-0.06629129089143078,estimated_regional_daily_relative_pressure
2025-05-31,BDH,1.1539179563264566,0.767288489023861,0.24084343841245806,0.01064002331448997,0.515805027296913,estimated_regional_daily_relative_pressure
2025-06-01,BDH,1.1034352238415843,0.7435718291086668,0.24380822140850528,-0.0024673335456460543,0.5022309412458076,estimated_regional_daily_relative_pressure
2025-06-02,BDH,0.7245897211882808,0.5449891794048387,0.2455803360476523,-0.0024673335456460543,0.30187617690283247,estimated_regional_daily_relative_pressure
2025-06-03,BDH,0.2621753387062548,0.2328366916363362,0.2445434699331236,-0.0024673335456460543,-0.009239444751141346,estimated_regional_daily_relative_pressure
2025-06-04,BDH,0.2751307247680197,0.2430487025844466,0.24892303556999726,-0.0024673335456460543,-0.0034069994399045967,estimated_regional_daily_relative_pressure
2025-06-05,BDH,0.2896649862592059,0.254382484071288,0.254232214941522,-0.0024673335456460543,0.0026176026754120662,estimated_regional_daily_relative_pressure
2025-06-06,BDH,0.2169290205693876,0.19633048902546452,0.2662471104132772,-0.0024673335456460543,-0.06744928784216662,estimated_regional_daily_relative_pressure
2025-06-07,BDH,0.4755645737435653,0.3890406784171937,0.2761798144811151,-0.0024673335456460543,0.11532819748172464,estimated_regional_daily_relative_pressure
2025-06-08,BDH,0.3943659746224191,0.3324398134790371,0.27830281640909044,-0.0024673335456460543,0.05660433061559273,estimated_regional_daily_relative_pressure
2025-06-09,BDH,0.0927473128460716,0.08869499568351759,0.2773484807035566,-0.0024673335456460543,-0.186186151474393,estimated_regional_daily_relative_pressure
2025-06-10,BDH,0.2449039305010806,0.2190583626831964,0.2770192759468103,-0.0024673335456460543,-0.05549357971796786,estimated_regional_daily_relative_pressure
2025-06-11,BDH,0.2450278396459739,0.2191578908280887,0.2830683180296954,-0.0024673335456460543,-0.061443093655960644,estimated_regional_daily_relative_pressure
2025-06-12,BDH,0.2760897392055822,0.2438005109806835,0.28352136400317507,-0.0024673335456460543,-0.03725351947684551,estimated_regional_daily_relative_pressure
2025-06-13,BDH,0.2838036692904838,0.24982728803951965,0.2948815371345188,-0.0024673335456460543,-0.042586915549353115,estimated_regional_daily_relative_pressure
2025-06-14,BDH,0.5032642751152112,0.4076389270608952,0.30274399936785296,-0.0024673335456460543,0.10736226123868832,estimated_regional_daily_relative_pressure
2025-06-15,BDH,0.0937953696561511,0.08965363865786236,0.3038128383711875,-0.0024673335456460543,-0.2116918661676791,estimated_regional_daily_relative_pressure
2025-06-16,BDH,0.1946687680687105,0.17786896542911312,0.2853861821508967,-0.0024673335456460543,-0.10504988317613749,estimated_regional_daily_relative_pressure
2025-06-17,BDH,0.3633175591299399,0.30992111099932657,0.2712234809658526,-0.0024673335456460543,0.041164963579120036,estimated_regional_daily_relative_pressure
2025-06-18,BDH,0.24565754802037,0.21966354151438694,0.2571310881036604,-0.0024673335456460543,-0.03500021304362743,estimated_regional_daily_relative_pressure
2025-06-19,BDH,0.1835722545889075,0.16853719972548628,0.2595992780511913,-0.0024673335456460543,-0.08859474478005898,estimated_regional_daily_relative_pressure
2025-06-20,BDH,0.297204028746642,0.26021120117133567,0.26947574696334037,-0.0024673335456460543,-0.006797212246358642,estimated_regional_daily_relative_pressure
2025-06-21,BDH,0.5691266682310276,0.4505192023157293,0.2779656243140684,-0.0024673335456460543,0.17502091154730692,estimated_regional_daily_relative_pressure
2025-06-22,BDH,0.4841701565638789,0.3948557989294773,0.2818557481579173,-0.0024673335456460543,0.11546738431720606,estimated_regional_daily_relative_pressure
2025-06-23,BDH,0.1965983637608624,0.17948283456592515,0.2831455558259347,-0.0024673335456460543,-0.1011953877143635,estimated_regional_daily_relative_pressure
2025-06-24,BDH,0.3046551464569993,0.26593875026449015,0.2840281048236596,-0.0024673335456460543,-0.01562202101352338,estimated_regional_daily_relative_pressure
2025-06-25,BDH,0.3165502735648097,0.27501488651323086,0.2919087842269537,-0.0024673335456460543,-0.014426564168076795,estimated_regional_daily_relative_pressure
2025-06-26,BDH,0.3105375557766896,0.27043740096451424,0.29627324597167515,-0.0024673335456460543,-0.023368511461514852,estimated_regional_daily_relative_pressure
2025-06-27,BDH,0.1599250620557981,0.148355401355459,0.3094137362214122,-0.0024673335456460543,-0.15859100132030718,estimated_regional_daily_relative_pressure
2025-06-28,BDH,0.5971741374001214,0.4682359036140977,0.3197371583604688,-0.0024673335456460543,0.15096607879927498,estimated_regional_daily_relative_pressure
2025-06-29,BDH,0.4745735760097719,0.3883688469837059,0.32451766700884754,-0.0024673335456460543,0.0663185135205044,estimated_regional_daily_relative_pressure
2025-06-30,BDH,0.244864855811365,0.21902697447563785,0.3253919253101655,-0.0024673335456460543,-0.10389761728888157,estimated_regional_daily_relative_pressure
2025-07-01,BDH,0.2166025102016639,0.19606214619484624,0.33543743896745215,0.0022833423114740556,-0.14165863508407997,estimated_regional_daily_relative_pressure
2025-07-02,BDH,0.3559849523536472,0.3045280923722998,0.3428752602587087,0.0022833423114740556,-0.04063051019788296,estimated_regional_daily_relative_pressure
2025-07-03,BDH,0.1141870108126751,0.10812500067688235,0.34797565697868876,0.0022833423114740556,-0.24213399861328047,estimated_regional_daily_relative_pressure
2025-07-04,BDH,0.3625399660554479,0.3093505800097939,0.36240400590744637,0.0022833423114740556,-0.05533676820912655,estimated_regional_daily_relative_pressure
2025-07-05,BDH,0.7319002894147262,0.5492192388610665,0.3747848241719336,0.0022833423114740556,0.17215107237765884,estimated_regional_daily_relative_pressure
2025-07-06,BDH,0.6779430729679174,0.5175686819438559,0.3784439287114567,0.0022833423114740556,0.13684141092092508,estimated_regional_daily_relative_pressure
2025-07-07,BDH,0.3728986782595015,0.316924328184781,0.38499706129378153,0.0022833423114740556,-0.07035607542047459,estimated_regional_daily_relative_pressure
2025-07-08,BDH,0.5357589919406092,0.429024716125735,0.3861674068324527,0.0022833423114740556,0.04057396698180824,estimated_regional_daily_relative_pressure
2025-07-09,BDH,0.4330411041345248,0.3597988324085059,0.39623898472534036,0.0022833423114740556,-0.03872349462830851,estimated_regional_daily_relative_pressure
2025-07-10,BDH,0.3951417976738423,0.3329960571856379,0.40849435417338725,0.0022833423114740556,-0.07778163929922341,estimated_regional_daily_relative_pressure
2025-07-11,BDH,0.4252634541954718,0.3543566767695606,0.4248214070123419,0.0022833423114740556,-0.07274807255425533,estimated_regional_daily_relative_pressure
2025-07-12,BDH,0.8710749187310203,0.6265130885699373,0.43872479522401536,0.0022833423114740556,0.18550495103444783,estimated_regional_daily_relative_pressure
2025-07-13,BDH,0.7573844527232416,0.5638265972914356,0.4492777377593094,0.0022833423114740556,0.11226551722065212,estimated_regional_daily_relative_pressure
2025-07-14,BDH,0.4888783572982975,0.3980230561392619,0.45279449829358676,0.0022833423114740556,-0.05705478446579889,estimated_regional_daily_relative_pressure
2025-07-15,BDH,0.544562864012806,0.43474093440175005,0.4601205869091934,0.0022833423114740556,-0.027662994818917395,estimated_regional_daily_relative_pressure
2025-07-16,BDH,0.4934136832121833,0.4010645620337523,0.4690861634071461,0.0022833423114740556,-0.07030494368486787,estimated_regional_daily_relative_pressure
2025-07-17,BDH,0.5044711264698822,0.40844142545806345,0.48064115650213834,0.0022833423114740556,-0.07448307335554896,estimated_regional_daily_relative_pressure
2025-07-18,BDH,0.5968507514915617,0.4680334093187093,0.49428834522378845,0.0022833423114740556,-0.028538278216553213,estimated_regional_daily_relative_pressure
2025-07-19,BDH,0.9482710890716136,0.6669423583058723,0.5112326214709264,0.0022833423114740556,0.15342639452347187,estimated_regional_daily_relative_pressure
2025-07-20,BDH,0.7373180367541714,0.5523425659245911,0.520248524577827,0.0022833423114740556,0.029810699035290024,estimated_regional_daily_relative_pressure
2025-07-21,BDH,0.4530189723929784,0.3736434418965522,0.5224498521927612,0.0022833423114740556,-0.15108975260768306,estimated_regional_daily_relative_pressure
2025-07-22,BDH,0.9225766899971588,0.6536663123677988,0.5284256671397599,0.0022833423114740556,0.12295730291656484,estimated_regional_daily_relative_pressure
2025-07-23,BDH,0.539005626242685,0.4311365106282827,0.5392047056506125,0.0022833423114740556,-0.1103515373338039,estimated_regional_daily_relative_pressure
2025-07-24,BDH,0.6350963777457928,0.4917017492454446,0.5435237063678513,0.0022833423114740556,-0.05410529943388078,estimated_regional_daily_relative_pressure
2025-07-25,BDH,0.9076177325826522,0.6458552031539441,0.5586433177858026,0.0022833423114740556,0.08492854305666744,estimated_regional_daily_relative_pressure
2025-07-26,BDH,1.1839900991601913,0.7811535245208222,0.569981434846554,0.0022833423114740556,0.2088887473627942,estimated_regional_daily_relative_pressure
2025-07-27,BDH,1.01665951185206,0.7014424355263931,0.570870494500594,0.0022833423114740556,0.128288598714325,estimated_regional_daily_relative_pressure
2025-07-28,BDH,0.6088129677416569,0.4754966199495735,0.5669826978442202,0.0022833423114740556,-0.09376942020612075,estimated_regional_daily_relative_pressure
2025-07-29,BDH,0.781143333290351,0.5772554801766951,0.5645227544404222,0.0022833423114740556,0.010449383424798876,estimated_regional_daily_relative_pressure
2025-07-30,BDH,0.8505401955605194,0.6154775940675119,0.566974855410305,0.0022833423114740556,0.046219396345732834,estimated_regional_daily_relative_pressure
2025-07-31,BDH,0.6437165154575921,0.496959845912171,0.5642160709900915,0.0022833423114740556,-0.06953956738939457,estimated_regional_daily_relative_pressure
2025-08-01,BDH,0.740664491758606,0.5542669321396091,0.5682311755953425,0.02518021690556084,-0.03914446036129428,estimated_regional_daily_relative_pressure
2025-08-02,BDH,1.070087636270031,0.7275909427434529,0.5738372197877017,0.02518021690556084,0.12857350605019036,estimated_regional_daily_relative_pressure
2025-08-03,BDH,0.8840007313387737,0.6333975643381584,0.5694108109360239,0.02518021690556084,0.038806536496573715,estimated_regional_daily_relative_pressure
2025-08-04,BDH,0.801903446268728,0.5888435763237112,0.5509355459597574,0.02518021690556084,0.012727813458393009,estimated_regional_daily_relative_pressure
2025-08-05,BDH,0.8542130883494421,0.6174603949240254,0.539472054797734,0.02518021690556084,0.05280812322073057,estimated_regional_daily_relative_pressure
2025-08-06,BDH,1.0194373748209573,0.7028189453008187,0.5299046796328822,0.02518021690556084,0.1477340487623756,estimated_regional_daily_relative_pressure
2025-08-07,BDH,0.9176002260527848,0.6510745220212101,0.5166990838388466,0.02518021690556084,0.10919522127680269,estimated_regional_daily_relative_pressure
2025-08-08,BDH,0.755780940631368,0.5629137383601375,0.5175386650985174,0.02518021690556084,0.020194856356059207,estimated_regional_daily_relative_pressure
2025-08-09,BDH,1.2898968808711715,0.8285067863649976,0.5145283600829865,0.02518021690556084,0.2887982093764503,estimated_regional_daily_relative_pressure
2025-08-10,BDH,0.9827359544225168,0.6844776860689318,0.4965931183499699,0.02518021690556084,0.16270435081340107,estimated_regional_daily_relative_pressure
2025-08-11,BDH,0.4650912482801095,0.38191752604480156,0.47764379203818313,0.02518021690556084,-0.12090648289894242,estimated_regional_daily_relative_pressure
2025-08-12,BDH,0.6586290575787197,0.5059913922223459,0.4593036062073001,0.02518021690556084,0.021507569109484967,estimated_regional_daily_relative_pressure
2025-08-13,BDH,0.6283518230771139,0.48756835177370234,0.44396500556376545,0.02518021690556084,0.01842312930437605,estimated_regional_daily_relative_pressure
2025-08-14,BDH,0.6064683307862206,0.4740381862056256,0.42953074716101985,0.02518021690556084,0.019327222139044906,estimated_regional_daily_relative_pressure
2025-08-15,BDH,0.4179591469665531,0.3492186173751313,0.4190177945563333,0.02518021690556084,-0.09497939408676283,estimated_regional_daily_relative_pressure
2025-08-16,BDH,0.6913597729490046,0.5255328047965342,0.4114737570273776,0.02518021690556084,0.08887883086359576,estimated_regional_daily_relative_pressure
2025-08-17,BDH,0.7900235844230452,0.582228795421198,0.39468956567375313,0.02518021690556084,0.16235901284188403,estimated_regional_daily_relative_pressure
2025-08-18,BDH,0.3921018605488943,0.3308147349166952,0.37260003781280765,0.02518021690556084,-0.06696551980167327,estimated_regional_daily_relative_pressure
2025-08-19,BDH,0.0987895271702382,0.09420914404161082,0.35392563057575965,0.02518021690556084,-0.28489670343970963,estimated_regional_daily_relative_pressure
2025-08-20,BDH,0.2177127936752282,0.19697433990186908,0.3388616612826711,0.02518021690556084,-0.16706753828636284,estimated_regional_daily_relative_pressure
2025-08-21,BDH,0.0801012770503528,0.07705481178614647,0.32174730566347726,0.02518021690556084,-0.2698727107828916,estimated_regional_daily_relative_pressure
2025-08-22,BDH,0.2767181534095698,0.2442928427526895,0.30877485062355975,0.02518021690556084,-0.08966222477643108,estimated_regional_daily_relative_pressure
2025-08-23,BDH,0.5795871725117936,0.457163529678084,0.29627055885142783,0.02518021690556084,0.13571275392109533,estimated_regional_daily_relative_pressure
2025-08-24,BDH,0.4894133145054997,0.39838229376398476,0.2797452829141543,0.02518021690556084,0.09345679394426963,estimated_regional_daily_relative_pressure
2025-08-25,BDH,0.0940240742059992,0.08986270943042798,0.2530192575475415,0.02518021690556084,-0.18833676502267438,estimated_regional_daily_relative_pressure
2025-08-26,BDH,0.2137617348733612,0.19372440885543352,0.23093933219047916,0.02518021690556084,-0.06239514024060648,estimated_regional_daily_relative_pressure
2025-08-27,BDH,0.1421319811831578,0.13289667476901867,0.21962102955062565,0.02518021690556084,-0.11190457168716782,estimated_regional_daily_relative_pressure
2025-08-28,BDH,0.0,0.0,0.20688854089339712,0.02518021690556084,-0.23206875779895797,estimated_regional_daily_relative_pressure
2025-08-29,BDH,0.1385932050339374,0.12979346969158234,0.19762387155232808,0.02518021690556084,-0.09301061876630658,estimated_regional_daily_relative_pressure
2025-08-30,BDH,0.3358610474720617,0.28957606332222774,0.19169796385836382,0.02518021690556084,0.07269788255830308,estimated_regional_daily_relative_pressure
2025-08-31,BDH,0.3009498903274589,0.2630946825145459,0.18285331703662047,0.02518021690556084,0.05506114857236456,estimated_regional_daily_relative_pressure
2025-09-01,BDH,0.0345401207298596,0.03395700017724904,0.16913981247977153,-0.045782355707681174,-0.08940045659484132,estimated_regional_daily_relative_pressure
2025-09-02,BDH,0.0437453885882658,0.04281557905414149,0.15480227335289373,-0.045782355707681174,-0.06620433859107107,estimated_regional_daily_relative_pressure
2025-09-03,BDH,0.0560029089731233,0.05449093998967259,0.14962065858523269,-0.045782355707681174,-0.04934736288787893,estimated_regional_daily_relative_pressure
2025-09-04,BDH,0.1295965439727641,0.12186052823796417,0.15146595638271868,-0.045782355707681174,0.01617692756292667,estimated_regional_daily_relative_pressure
2025-09-05,BDH,0.0908043618340084,0.08691537072901724,0.15572430462271364,-0.045782355707681174,-0.023026578186015223,estimated_regional_daily_relative_pressure
2025-09-06,BDH,0.3507673509292358,0.30067283906337583,0.16219187916652214,-0.045782355707681174,0.18426331560453485,estimated_regional_daily_relative_pressure
2025-09-07,BDH,0.3014011309253877,0.26344147708512156,0.1570618130881572,-0.045782355707681174,0.15216201970464555,estimated_regional_daily_relative_pressure
2025-09-08,BDH,0.0519337997115891,0.05063018430465768,0.14664254268265994,-0.045782355707681174,-0.050230002670321086,estimated_regional_daily_relative_pressure
2025-09-09,BDH,0.0,0.0,0.13962030070346973,-0.045782355707681174,-0.09383794499578856,estimated_regional_daily_relative_pressure
2025-09-10,BDH,0.0,0.0,0.14106728315454112,-0.045782355707681174,-0.09528492744685994,estimated_regional_daily_relative_pressure
2025-09-11,BDH,0.0315372282083898,0.03105014420934218,0.13942950703948617,-0.045782355707681174,-0.06259700712246281,estimated_regional_daily_relative_pressure
2025-09-12,BDH,0.1177125646268057,0.11128424384826173,0.14598852874193108,-0.045782355707681174,0.011078070814011826,estimated_regional_daily_relative_pressure
2025-09-13,BDH,0.2218469436393237,0.20036360220056135,0.15431054281855575,-0.045782355707681174,0.09183541508968678,estimated_regional_daily_relative_pressure
2025-09-14,BDH,0.3368753299918615,0.2903350476927346,0.1550865631098708,-0.045782355707681174,0.181030840290545,estimated_regional_daily_relative_pressure
2025-09-15,BDH,0.0779214095655105,0.07503456590108701,0.15112200105322857,-0.045782355707681174,-0.030305079444460384,estimated_regional_daily_relative_pressure
2025-09-16,BDH,0.1056287343678549,0.10041416353421752,0.16038672070693122,-0.045782355707681174,-0.014190201465032526,estimated_regional_daily_relative_pressure
2025-09-17,BDH,0.1477059023878002,0.13776508248798555,0.17898348830392793,-0.045782355707681174,0.004563949891738792,estimated_regional_daily_relative_pressure
2025-09-18,BDH,0.1855237702197181,0.17018467711920282,0.19765536912476467,-0.045782355707681174,0.018311663702119327,estimated_regional_daily_relative_pressure
2025-09-19,BDH,0.1634775120933579,0.1514133757636766,0.22192291811926187,-0.045782355707681174,-0.02472718664790409,estimated_regional_daily_relative_pressure
2025-09-20,BDH,0.3895544210295213,0.3289831353417129,0.24159560326186724,-0.045782355707681174,0.13316988778752686,estimated_regional_daily_relative_pressure
2025-09-21,BDH,0.3198916140306903,0.2775496226442106,0.2556699849881668,-0.045782355707681174,0.06766199336372501,estimated_regional_daily_relative_pressure
2025-09-22,BDH,0.0890010349562011,0.08526079432337558,0.2605888852374658,-0.045782355707681174,-0.12954573520640905,estimated_regional_daily_relative_pressure
2025-09-23,BDH,0.1435828068370351,0.13416614710766947,0.2656222504375943,-0.045782355707681174,-0.08567374762224365,estimated_regional_daily_relative_pressure
2025-09-24,BDH,0.1980470735983829,0.18069279240908748,0.2639890186858312,-0.045782355707681174,-0.03751387056906254,estimated_regional_daily_relative_pressure
2025-09-25,BDH,0.1442154039663853,0.13471916541364173,0.2639890186858312,-0.045782355707681174,-0.08348749756450828,estimated_regional_daily_relative_pressure
2025-09-26,BDH,0.1536759806055554,0.14295334928873085,0.2706189859206835,-0.045782355707681174,-0.08188328092427148,estimated_regional_daily_relative_pressure
2025-09-27,BDH,0.3996557976125727,0.33622634754480923,0.2773157652762613,-0.045782355707681174,0.10469293797622913,estimated_regional_daily_relative_pressure
2025-09-28,BDH,0.2943160855427144,0.2579824363753644,0.2737259509585754,-0.045782355707681174,0.03003884112447018,estimated_regional_daily_relative_pressure
2025-09-29,BDH,0.1663160414092442,0.1538500987223503,0.26902018275643297,-0.045782355707681174,-0.06938772832640148,estimated_regional_daily_relative_pressure
2025-09-30,BDH,0.1813698317712175,0.16667463956631776,0.2611268963092815,-0.045782355707681174,-0.048669901035282556,estimated_regional_daily_relative_pressure
2025-10-01,BDH,0.7337747912980874,0.5503009917793287,0.2609764371010705,0.028768424896022427,0.26055612978223575,estimated_regional_daily_relative_pressure
2025-10-02,BDH,0.841272291945131,0.6104567956841467,0.25990711443331205,0.028768424896022427,0.3217812563548122,estimated_regional_daily_relative_pressure
2025-10-03,BDH,0.8619864179609082,0.6216438845000806,0.2626015758966603,0.028768424896022427,0.33027388370739785,estimated_regional_daily_relative_pressure
2025-10-04,BDH,1.240692475226882,0.8067849588190864,0.26220086184500707,0.028768424896022427,0.515815672078057,estimated_regional_daily_relative_pressure
2025-10-05,BDH,1.0786398627057676,0.7317137676587308,0.25731655940101744,0.028768424896022427,0.44562878336169087,estimated_regional_daily_relative_pressure
2025-10-06,BDH,0.6874545401719221,0.5232212042443027,0.24703758358232378,0.028768424896022427,0.24741519576595655,estimated_regional_daily_relative_pressure
2025-10-07,BDH,0.5732739188785465,0.4531587467916456,0.23808436994863957,0.028768424896022427,0.18630595194698357,estimated_regional_daily_relative_pressure
2025-10-08,BDH,0.5211639498386824,0.4194757982891042,0.2353340217446597,0.028768424896022427,0.15537335164842206,estimated_regional_daily_relative_pressure
2025-10-09,BDH,0.0,0.0,0.23100608151538005,0.028768424896022427,-0.2597745064114025,estimated_regional_daily_relative_pressure
2025-10-10,BDH,0.0,0.0,0.2302889058247121,0.028768424896022427,-0.2590573307207345,estimated_regional_daily_relative_pressure
2025-10-11,BDH,0.2281745782023703,0.20552898428042377,0.22996197481052602,0.028768424896022427,-0.05320141542612468,estimated_regional_daily_relative_pressure
2025-10-12,BDH,0.2695345081064285,0.23865030423225322,0.2253505764463734,0.028768424896022427,-0.01546869711014261,estimated_regional_daily_relative_pressure
2025-10-13,BDH,0.0,0.0,0.21450456523525052,0.028768424896022427,-0.24327299013127296,estimated_regional_daily_relative_pressure
2025-10-14,BDH,0.0559964124045726,0.054484787934144005,0.20652228151773086,0.028768424896022427,-0.1808059184796093,estimated_regional_daily_relative_pressure
2025-10-15,BDH,0.0467008477774549,0.045643167831038486,0.2015593751073325,0.028768424896022427,-0.18468463217231645,estimated_regional_daily_relative_pressure
2025-10-16,BDH,0.0729054372413585,0.07037033044654646,0.19618277383099963,0.028768424896022427,-0.15458086828047563,estimated_regional_daily_relative_pressure
2025-10-17,BDH,0.0695790510496184,0.06726516083370496,0.1835094746159203,0.028768424896022427,-0.14501273867823777,estimated_regional_daily_relative_pressure
2025-10-18,BDH,0.2476894337936606,0.2212933878517819,0.16713797397239016,0.028768424896022427,0.025386988983369312,estimated_regional_daily_relative_pressure
2025-10-19,BDH,0.1708881243772345,0.1577625415179523,0.1470849454401295,0.028768424896022427,-0.01809082881819964,estimated_regional_daily_relative_pressure
2025-10-20,BDH,0.0,0.0,0.12105962418790091,0.028768424896022427,-0.14982804908392333,estimated_regional_daily_relative_pressure
2025-10-21,BDH,0.0103884743400459,0.01033488496220907,0.09760426603339012,0.028768424896022427,-0.11603780596720348,estimated_regional_daily_relative_pressure
2025-10-22,BDH,0.0,0.0,0.08072616267067068,0.028768424896022427,-0.1094945875666931,estimated_regional_daily_relative_pressure
2025-10-23,BDH,0.0,0.0,0.06610813858061759,0.028768424896022427,-0.09487656347664002,estimated_regional_daily_relative_pressure
2025-10-24,BDH,0.0,0.0,0.05684884729137109,0.028768424896022427,-0.08561727218739351,estimated_regional_daily_relative_pressure
2025-10-25,BDH,0.1717054604937428,0.15846034599838152,0.061570355595586206,0.028768424896022427,0.06812156550677288,estimated_regional_daily_relative_pressure
2025-10-26,BDH,0.1326775056501408,0.12458430397387277,0.061570355595586206,0.028768424896022427,0.03424552348226413,estimated_regional_daily_relative_pressure
2025-10-27,BDH,0.0,0.0,0.05494038836073383,0.028768424896022427,-0.08370881325675626,estimated_regional_daily_relative_pressure
2025-10-28,BDH,0.0,0.0,0.04724199145001598,0.028768424896022427,-0.0760104163460384,estimated_regional_daily_relative_pressure
2025-10-29,BDH,0.0105872940653783,0.010531641132255267,0.04724199145001598,0.028768424896022427,-0.06547877521378313,estimated_regional_daily_relative_pressure
2025-10-30,BDH,0.0,0.0,0.04548441764568876,0.028768424896022427,-0.07425284254171119,estimated_regional_daily_relative_pressure
2025-10-31,BDH,0.0,0.0,0.04905988483046326,0.028768424896022427,-0.07782830972648569,estimated_regional_daily_relative_pressure
2025-11-01,BDH,0.170497317407912,0.1574287161118681,0.05018369200706709,0.00043702796243851657,0.10680799614236249,estimated_regional_daily_relative_pressure
2025-11-02,BDH,0.1084252072179716,0.10294027573471302,0.04801384810920564,0.00043702796243851657,0.054489399663068865,estimated_regional_daily_relative_pressure
2025-11-03,BDH,0.0,0.0,0.040875351726890094,0.00043702796243851657,-0.04131237968932861,estimated_regional_daily_relative_pressure
2025-11-04,BDH,0.0,0.0,0.03578623748437551,0.00043702796243851657,-0.03622326544681403,estimated_regional_daily_relative_pressure
2025-11-05,BDH,0.0046082503466288,0.004597664868896591,0.03578623748437551,0.00043702796243851657,-0.03162560057791743,estimated_regional_daily_relative_pressure
2025-11-06,BDH,0.0,0.0,0.03545285409849779,0.00043702796243851657,-0.03588988206093631,estimated_regional_daily_relative_pressure
2025-11-07,BDH,0.0,0.0,0.04140182262000002,0.00043702796243851657,-0.04183885058243854,estimated_regional_daily_relative_pressure
2025-11-08,BDH,0.1416079696994947,0.13243776832246223,0.04479964649764762,0.00043702796243851657,0.08720109386237611,estimated_regional_daily_relative_pressure
2025-11-09,BDH,0.1576206761888368,0.14636675743066888,0.04479964649764762,0.00043702796243851657,0.10113008297058275,estimated_regional_daily_relative_pressure
2025-11-10,BDH,0.0,0.0,0.0396880224331837,0.00043702796243851657,-0.04012505039562222,estimated_regional_daily_relative_pressure
2025-11-11,BDH,0.0,0.0,0.035669173917897486,0.00043702796243851657,-0.036106201880336,estimated_regional_daily_relative_pressure
2025-11-12,BDH,0.0,0.0,0.035669173917897486,0.00043702796243851657,-0.036106201880336,estimated_regional_daily_relative_pressure
2025-11-13,BDH,0.0,0.0,0.035669173917897486,0.00043702796243851657,-0.036106201880336,estimated_regional_daily_relative_pressure
2025-11-14,BDH,0.0,0.0,0.03973693692764046,0.00043702796243851657,-0.040173964890078975,estimated_regional_daily_relative_pressure
2025-11-15,BDH,0.1693904738720705,0.1564826505590479,0.04323753205434164,0.00043702796243851657,0.11280809054226774,estimated_regional_daily_relative_pressure
2025-11-16,BDH,0.1109420542662234,0.10520835292126533,0.04323753205434164,0.00043702796243851657,0.06153379290448518,estimated_regional_daily_relative_pressure
2025-11-17,BDH,0.0,0.0,0.03815918637331364,0.00043702796243851657,-0.03859621433575216,estimated_regional_daily_relative_pressure
2025-11-18,BDH,0.0,0.0,0.034838532317355154,0.00043702796243851657,-0.03527556027979367,estimated_regional_daily_relative_pressure
2025-11-19,BDH,0.0,0.0,0.034838532317355154,0.00043702796243851657,-0.03527556027979367,estimated_regional_daily_relative_pressure
2025-11-20,BDH,0.0,0.0,0.034838532317355154,0.00043702796243851657,-0.03527556027979367,estimated_regional_daily_relative_pressure
2025-11-21,BDH,0.0,0.0,0.03941090262975332,0.00043702796243851657,-0.039847930592191834,estimated_regional_daily_relative_pressure
2025-11-22,BDH,0.2025183997962387,0.1844180241665691,0.042694892765369065,0.00043702796243851657,0.14128610343876152,estimated_regional_daily_relative_pressure
2025-11-23,BDH,0.1110800277117318,0.10533254020707564,0.042694892765369065,0.00043702796243851657,0.06220061947926806,estimated_regional_daily_relative_pressure
2025-11-24,BDH,0.0,0.0,0.038422706690450927,0.00043702796243851657,-0.038859734652889444,estimated_regional_daily_relative_pressure
2025-11-25,BDH,0.0,0.0,0.0337011983862358,0.00043702796243851657,-0.03413822634867432,estimated_regional_daily_relative_pressure
2025-11-26,BDH,0.0,0.0,0.0337011983862358,0.00043702796243851657,-0.03413822634867432,estimated_regional_daily_relative_pressure
2025-11-27,BDH,0.0,0.0,0.0337011983862358,0.00043702796243851657,-0.03413822634867432,estimated_regional_daily_relative_pressure
2025-11-28,BDH,0.0,0.0,0.039093009767630756,0.00043702796243851657,-0.03953003773006927,estimated_regional_daily_relative_pressure
2025-11-29,BDH,0.1464065309475861,0.13663229443428757,0.04386431039655398,0.00043702796243851657,0.09233095607529508,estimated_regional_daily_relative_pressure
2025-11-30,BDH,0.1146254719934398,0.10851844892773645,0.04386431039655398,0.00043702796243851657,0.06421711056874395,estimated_regional_daily_relative_pressure
2025-12-01,BDH,0.0,0.0,0.03881648295916534,-0.0031127654609727777,-0.03570371749819256,estimated_regional_daily_relative_pressure
2025-12-02,BDH,0.0,0.0,0.035782183630370355,-0.0031127654609727777,-0.03266941816939758,estimated_regional_daily_relative_pressure
2025-12-03,BDH,0.0,0.0,0.035782183630370355,-0.0031127654609727777,-0.03266941816939758,estimated_regional_daily_relative_pressure
2025-12-04,BDH,0.0,0.0,0.035782183630370355,-0.0031127654609727777,-0.03266941816939758,estimated_regional_daily_relative_pressure
2025-12-05,BDH,0.0,0.0,0.04022676728794778,-0.0031127654609727777,-0.037114001826975,estimated_regional_daily_relative_pressure
2025-12-06,BDH,0.1575910265720556,0.14634114455323963,0.04423284898409247,-0.0031127654609727777,0.10522106103011994,estimated_regional_daily_relative_pressure
2025-12-07,BDH,0.1071661072697858,0.10180369420408825,0.04423284898409247,-0.0031127654609727777,0.06068361068096855,estimated_regional_daily_relative_pressure
2025-12-08,BDH,0.0,0.0,0.03828388046259024,-0.0031127654609727777,-0.035171115001617466,estimated_regional_daily_relative_pressure
2025-12-09,BDH,0.0,0.0,0.03488605658494265,-0.0031127654609727777,-0.03177329112396987,estimated_regional_daily_relative_pressure
2025-12-10,BDH,0.0,0.0,0.03488605658494265,-0.0031127654609727777,-0.03177329112396987,estimated_regional_daily_relative_pressure
2025-12-11,BDH,0.0,0.0,0.03488605658494265,-0.0031127654609727777,-0.03177329112396987,estimated_regional_daily_relative_pressure
2025-12-12,BDH,0.0,0.0,0.03766087724905105,-0.0031127654609727777,-0.034548111788078276,estimated_regional_daily_relative_pressure
2025-12-13,BDH,0.1819269946527497,0.16714615282324358,0.03957886915972181,-0.0031127654609727777,0.13068004912449455,estimated_regional_daily_relative_pressure
2025-12-14,BDH,0.159408915325358,0.14791031949661992,0.03957886915972181,-0.0031127654609727777,0.1114442157978709,estimated_regional_daily_relative_pressure
2025-12-15,BDH,0.0,0.0,0.035171375790873816,-0.0031127654609727777,-0.03205861032990104,estimated_regional_daily_relative_pressure
2025-12-16,BDH,0.0,0.0,0.03167078066417264,-0.0031127654609727777,-0.028558015203199866,estimated_regional_daily_relative_pressure
2025-12-17,BDH,0.0112074114336887,0.011145073728620834,0.032726473352978395,-0.0031127654609727777,-0.018468634163384783,estimated_regional_daily_relative_pressure
2025-12-18,BDH,0.0,0.0,0.03385497243411558,-0.0031127654609727777,-0.030742206973142804,estimated_regional_daily_relative_pressure
2025-12-19,BDH,0.0,0.0,0.03506407859247685,-0.0031127654609727777,-0.031951313131504074,estimated_regional_daily_relative_pressure
2025-12-20,BDH,0.1477254260606514,0.13778209338490038,0.03636274816997599,-0.0031127654609727777,0.10453211067589717,estimated_regional_daily_relative_pressure
2025-12-21,BDH,0.1322293129922377,0.1241885325804854,0.03776131540728277,-0.0031127654609727777,0.08953998263417541,estimated_regional_daily_relative_pressure
2025-12-22,BDH,0.0,0.0,0.03341812224144449,-0.0031127654609727777,-0.030305356780471714,estimated_regional_daily_relative_pressure
2025-12-23,BDH,0.0,0.0,0.030568723409667667,-0.0031127654609727777,-0.02745595794869489,estimated_regional_daily_relative_pressure
2025-12-24,BDH,0.0,0.0,0.03189779834052278,-0.0031127654609727777,-0.028785032879550004,estimated_regional_daily_relative_pressure
2025-12-25,BDH,0.0,0.0,0.033347698265092,-0.0031127654609727777,-0.03023493280411922,estimated_regional_daily_relative_pressure
2025-12-26,BDH,0.0,0.0,0.03493568389676305,-0.0031127654609727777,-0.03182291843579027,estimated_regional_daily_relative_pressure
2025-12-27,BDH,0.0898275149862003,0.0860194405873606,0.0366824680916012,-0.0031127654609727777,0.05244973795673217,estimated_regional_daily_relative_pressure
2025-12-28,BDH,0.0612609209420412,0.05945774923079325,0.03861312430694863,-0.0031127654609727777,0.023957390384817395,estimated_regional_daily_relative_pressure
2025-12-29,BDH,0.0,0.0,0.0314724005004878,-0.0031127654609727777,-0.028359635039515024,estimated_regional_daily_relative_pressure
2025-12-30,BDH,0.0,0.0,0.024623111147774147,-0.0031127654609727777,-0.02151034568680137,estimated_regional_daily_relative_pressure
2025-12-31,BDH,0.0,0.0,0.02616205559451003,-0.0031127654609727777,-0.023049290133537254,estimated_regional_daily_relative_pressure
2023-01-01,HGA,2.1677987997947388,1.1530369617695213,0.7099845952750501,0.0023847428968587253,0.44066762359761247,estimated_regional_daily_relative_pressure
2023-01-02,HGA,1.4262902211743151,0.8863634328698353,0.70590556597534,0.0023847428968587253,0.17807312399763656,estimated_regional_daily_relative_pressure
2023-01-03,HGA,0.7359300084865088,0.5515432977332753,0.7023480068801351,0.0023847428968587253,-0.15318945204371856,estimated_regional_daily_relative_pressure
2023-01-04,HGA,0.8051617808265774,0.5906502170351834,0.6989478273278484,0.0023847428968587253,-0.11068235318952377,estimated_regional_daily_relative_pressure
2023-01-05,HGA,0.8486512238265302,0.6144563049888894,0.6948097269393594,0.0023847428968587253,-0.08273816484732874,estimated_regional_daily_relative_pressure
2023-01-06,HGA,0.8871467327801223,0.6350660231831597,0.716641720411444,0.0023847428968587253,-0.083960440125143,estimated_regional_daily_relative_pressure
2023-01-07,HGA,1.2619007718706223,0.8162055093005234,0.7345015737985193,0.0023847428968587253,0.07931919260514533,estimated_regional_daily_relative_pressure
2023-01-08,HGA,1.227147103974087,0.8007214408642928,0.7445133471864199,0.0023847428968587253,0.0538233507810141,estimated_regional_daily_relative_pressure
2023-01-09,HGA,0.8256079251378927,0.6019130412303471,0.7547618691001189,0.0023847428968587253,-0.15523357076663055,estimated_regional_daily_relative_pressure
2023-01-10,HGA,0.861477736290857,0.6213706541682482,0.7648801707890373,0.0023847428968587253,-0.14589425951764776,estimated_regional_daily_relative_pressure
2023-01-11,HGA,0.8680513387986792,0.6248958227259295,0.7741483365533559,0.0023847428968587253,-0.15163725672428516,estimated_regional_daily_relative_pressure
2023-01-12,HGA,0.8295679516747061,0.6040798469981956,0.7831845964727322,0.0023847428968587253,-0.1814894923713953,estimated_regional_daily_relative_pressure
2023-01-13,HGA,0.8809732849627718,0.63178934764641,0.7867075655268095,0.0023847428968587253,-0.15730296077725822,estimated_regional_daily_relative_pressure
2023-01-14,HGA,1.2365780981914063,0.804947063107332,0.7894658924630101,0.0023847428968587253,0.013096427747463137,estimated_regional_daily_relative_pressure
2023-01-15,HGA,1.230584912530157,0.8022638436937536,0.7853168204329709,0.0023847428968587253,0.014562280363923954,estimated_regional_daily_relative_pressure
2023-01-16,HGA,0.8597660813214387,0.6204507170859053,0.7839737822476431,0.0023847428968587253,-0.1659078080585966,estimated_regional_daily_relative_pressure
2023-01-17,HGA,0.8976970976639835,0.6406410971799799,0.7695300354927911,0.0023847428968587253,-0.13127368120966995,estimated_regional_daily_relative_pressure
2023-01-18,HGA,0.9000296708012574,0.6418695022616511,0.7648384769787546,0.0023847428968587253,-0.12535371761396227,estimated_regional_daily_relative_pressure
2023-01-19,HGA,0.892208367513248,0.6377445953866885,0.7666031431261634,0.0023847428968587253,-0.13124329063633364,estimated_regional_daily_relative_pressure
2023-01-20,HGA,0.8518512595079637,0.6161858195580662,0.7745663517065824,0.0023847428968587253,-0.16076527504537494,estimated_regional_daily_relative_pressure
2023-01-21,HGA,2.168573827137277,1.153281589853138,0.7819245360211595,0.0023847428968587253,0.3689723109351196,estimated_regional_daily_relative_pressure
2023-01-22,HGA,2.0330190055067936,1.1095584949270993,0.7915299601824585,0.0023847428968587253,0.31564379184778213,estimated_regional_daily_relative_pressure
2023-01-23,HGA,1.6241902223297244,0.9647723617202338,0.7924892331705629,0.0023847428968587253,0.16989838565281226,estimated_regional_daily_relative_pressure
2023-01-24,HGA,1.6925208482880478,0.990477873115197,0.793979935545427,0.0023847428968587253,0.19411319467291124,estimated_regional_daily_relative_pressure
2023-01-25,HGA,1.7393465630577052,1.007719411323076,0.8002243792201161,0.0023847428968587253,0.20511028920610122,estimated_regional_daily_relative_pressure
2023-01-26,HGA,1.7342371638969745,1.0058524806613207,0.8039041556665497,0.0023847428968587253,0.19956358209791228,estimated_regional_daily_relative_pressure
2023-01-27,HGA,1.7680064124146124,1.018127354376516,0.8204800373348945,0.0023847428968587253,0.1952625741447627,estimated_regional_daily_relative_pressure
2023-01-28,HGA,1.415310209482579,0.8818277299868985,0.8353375814751905,0.0023847428968587253,0.044105405614849234,estimated_regional_daily_relative_pressure
2023-01-29,HGA,1.3790447621525683,0.8666990466766263,0.8357671673803255,0.0023847428968587253,0.028547136399442088,estimated_regional_daily_relative_pressure
2023-01-30,HGA,0.9444783324564356,0.6649937315618337,0.83083917955166,0.0023847428968587253,-0.16823019088668498,estimated_regional_daily_relative_pressure
2023-01-31,HGA,1.1036683133204304,0.7436826366878128,0.8254573822276181,0.0023847428968587253,-0.08415948843666407,estimated_regional_daily_relative_pressure
2023-02-01,HGA,1.0244150859079255,0.7052808123691054,0.8263238749579638,0.0012959398969266038,-0.12233900248578493,estimated_regional_daily_relative_pressure
2023-02-02,HGA,1.0978754012994,0.7409251189347061,0.8320918005540416,0.0012959398969266038,-0.0924626215162621,estimated_regional_daily_relative_pressure
2023-02-03,HGA,0.8335389435386549,0.6062479483029444,0.8398912101325283,0.0012959398969266038,-0.23493920172651056,estimated_regional_daily_relative_pressure
2023-02-04,HGA,1.3106056655089433,0.8375096830281754,0.8491925001950628,0.0012959398969266038,-0.012978757063813953,estimated_regional_daily_relative_pressure
2023-02-05,HGA,1.3223045165159406,0.8425600187407813,0.8506907919671519,0.0012959398969266038,-0.009426713123297173,estimated_regional_daily_relative_pressure
2023-02-06,HGA,1.5417026019140994,0.9328341721834249,0.8342860757037096,0.0012959398969266038,0.0972521565827887,estimated_regional_daily_relative_pressure
2023-02-07,HGA,1.330174067646892,0.8459429719317583,0.8261845129184815,0.0012959398969266038,0.01846251911635017,estimated_regional_daily_relative_pressure
2023-02-08,HGA,1.3324826480039451,0.8469332144850862,0.8188016247595238,0.0012959398969266038,0.026835649828635795,estimated_regional_daily_relative_pressure
2023-02-09,HGA,1.2155281004465373,0.7954907951457085,0.8096209870895056,0.0012959398969266038,-0.015426131840723658,estimated_regional_daily_relative_pressure
2023-02-10,HGA,1.086407576269376,0.7354437240076834,0.8068644698695207,0.0012959398969266038,-0.07271668575876382,estimated_regional_daily_relative_pressure
2023-02-11,HGA,2.122856583089866,1.1387481544446212,0.8045881486689609,0.0012959398969266038,0.3328640658787337,estimated_regional_daily_relative_pressure
2023-02-12,HGA,1.899863640435288,1.0646637153473721,0.7969606830559071,0.0012959398969266038,0.26640709239453847,estimated_regional_daily_relative_pressure
2023-02-13,HGA,0.9061900481069092,0.6451065107055929,0.7907194133089646,0.0012959398969266038,-0.1469088425002983,estimated_regional_daily_relative_pressure
2023-02-14,HGA,0.9197201887988276,0.6521794404187025,0.7858833410121787,0.0012959398969266038,-0.13499984049040287,estimated_regional_daily_relative_pressure
2023-02-15,HGA,0.88783019888684,0.6354281266484563,0.7872152206391495,0.0012959398969266038,-0.15308303388761985,estimated_regional_daily_relative_pressure
2023-02-16,HGA,0.9103987534844178,0.6473119917266207,0.7853327619664611,0.0012959398969266038,-0.139316710136767,estimated_regional_daily_relative_pressure
2023-02-17,HGA,1.2692441231806426,0.8194467906583918,0.7911378007908987,0.0012959398969266038,0.02701304997056648,estimated_regional_daily_relative_pressure
2023-02-18,HGA,1.4197184712202555,0.8836511991947404,0.7942838527857438,0.0012959398969266038,0.08807140651207009,estimated_regional_daily_relative_pressure
2023-02-19,HGA,1.5246049305199203,0.9260845873252583,0.8009580575466979,0.0012959398969266038,0.12383058988163383,estimated_regional_daily_relative_pressure
2023-02-20,HGA,0.939893092295916,0.662632864492826,0.7944766886839837,0.0012959398969266038,-0.1331397640880843,estimated_regional_daily_relative_pressure
2023-02-21,HGA,0.9054827445459142,0.6447353856864272,0.7890187554074719,0.0012959398969266038,-0.14557930961797133,estimated_regional_daily_relative_pressure
2023-02-22,HGA,1.3594063684053386,0.8584100485850286,0.7807743202397515,0.0012959398969266038,0.0763397884483505,estimated_regional_daily_relative_pressure
2023-02-23,HGA,1.0873656758880408,0.7359028287925438,0.7758753754696414,0.0012959398969266038,-0.0412684865740242,estimated_regional_daily_relative_pressure
2023-02-24,HGA,1.025624616004246,0.7058781053446329,0.7761959217406895,0.0012959398969266038,-0.07161375629298321,estimated_regional_daily_relative_pressure
2023-02-25,HGA,1.5149863535259058,0.9222673775035445,0.7785207022383015,0.0012959398969266038,0.14245073536831637,estimated_regional_daily_relative_pressure
2023-02-26,HGA,1.5479433986790374,0.9352865234439659,0.7764266920655962,0.0012959398969266038,0.15756389148144306,estimated_regional_daily_relative_pressure
2023-02-27,HGA,1.1851313045812093,0.7816759203718477,0.7610732410097045,0.0012959398969266038,0.01930673946521661,estimated_regional_daily_relative_pressure
2023-02-28,HGA,0.99042536635458,0.6883483678316855,0.748153881043608,0.0012959398969266038,-0.06110145310884912,estimated_regional_daily_relative_pressure
2023-03-01,HGA,1.04783022435379,0.7167808054762593,0.748947695588791,-0.009602590235292566,-0.022564299877239145,estimated_regional_daily_relative_pressure
2023-03-02,HGA,1.026442920199453,0.7062819999979277,0.7498947891547895,-0.009602590235292566,-0.03401019892156917,estimated_regional_daily_relative_pressure
2023-03-03,HGA,0.9844194797393582,0.6853264178344706,0.7580100742860204,-0.009602590235292566,-0.06308106621625727,estimated_regional_daily_relative_pressure
2023-03-04,HGA,1.423558745439247,0.8852370159266757,0.7656642892966895,-0.009602590235292566,0.12917531686527875,estimated_regional_daily_relative_pressure
2023-03-05,HGA,1.3127857047543556,0.8384527307749009,0.7617178617741257,-0.009602590235292566,0.08633745923606777,estimated_regional_daily_relative_pressure
2023-03-06,HGA,1.2549962182280998,0.8131482958925258,0.7539837808761111,-0.009602590235292566,0.0687671052517073,estimated_regional_daily_relative_pressure
2023-03-07,HGA,0.8900196924141841,0.6365872482840349,0.7454331512349707,-0.009602590235292566,-0.0992433127156432,estimated_regional_daily_relative_pressure
2023-03-08,HGA,0.9608226158743808,0.6733640871689118,0.7459830010067389,-0.009602590235292566,-0.06301632360253447,estimated_regional_daily_relative_pressure
2023-03-09,HGA,0.9684701785974192,0.6772566819840937,0.7465261757942457,-0.009602590235292566,-0.05966690357485945,estimated_regional_daily_relative_pressure
2023-03-10,HGA,1.001857869382436,0.6940756840583457,0.7458516964260418,-0.009602590235292566,-0.04217342213240346,estimated_regional_daily_relative_pressure
2023-03-11,HGA,1.3557759152367337,0.8568701488875747,0.7490182515253768,-0.009602590235292566,0.11745448759749048,estimated_regional_daily_relative_pressure
2023-03-12,HGA,1.381091487080023,0.8675589905716838,0.7477585384399367,-0.009602590235292566,0.12940304236703973,estimated_regional_daily_relative_pressure
2023-03-13,HGA,0.9552721846939314,0.6705294086538229,0.7393126764619411,-0.009602590235292566,-0.0591806775728256,estimated_regional_daily_relative_pressure
2023-03-14,HGA,0.9402002156860852,0.6627911717119739,0.7317179149748727,-0.009602590235292566,-0.05932415302760626,estimated_regional_daily_relative_pressure
2023-03-15,HGA,0.9428647447118692,0.6641635563983828,0.7289168009443782,-0.009602590235292566,-0.05515065431070284,estimated_regional_daily_relative_pressure
2023-03-16,HGA,0.9536799766133592,0.6697147616062646,0.7295391386436892,-0.009602590235292566,-0.05022178680213204,estimated_regional_daily_relative_pressure
2023-03-17,HGA,0.976918542904648,0.6815393409646504,0.7352628824901548,-0.009602590235292566,-0.04412095129021184,estimated_regional_daily_relative_pressure
2023-03-18,HGA,1.4278399819102767,0.8870019657166193,0.7414125279930837,-0.009602590235292566,0.15519202795882817,estimated_regional_daily_relative_pressure
2023-03-19,HGA,1.4219976068870714,0.8845926570573618,0.7414868841419877,-0.009602590235292566,0.15270836315066663,estimated_regional_daily_relative_pressure
2023-03-20,HGA,1.0079364189505315,0.6971075374589146,0.7327379348580287,-0.009602590235292566,-0.026027807163821547,estimated_regional_daily_relative_pressure
2023-03-21,HGA,0.9038814891838588,0.6438946913562885,0.7382040072995971,-0.009602590235292566,-0.08470672570801603,estimated_regional_daily_relative_pressure
2023-03-22,HGA,0.9367572781652918,0.661015068449904,0.7346365158364679,-0.009602590235292566,-0.06401885715127138,estimated_regional_daily_relative_pressure
2023-03-23,HGA,0.973242655204756,0.6796782074176437,0.7374946802951046,-0.009602590235292566,-0.04821388264216827,estimated_regional_daily_relative_pressure
2023-03-24,HGA,0.937839715870624,0.6615738040991385,0.7449268225431364,-0.009602590235292566,-0.07375042820870532,estimated_regional_daily_relative_pressure
2023-03-25,HGA,1.3105860373265157,0.8375011881707057,0.7528205544648343,-0.009602590235292566,0.094283223941164,estimated_regional_daily_relative_pressure
2023-03-26,HGA,1.3026624418657846,0.8340660368719286,0.7536073152935137,-0.009602590235292566,0.09006131181370751,estimated_regional_daily_relative_pressure
2023-03-27,HGA,0.9480463521900204,0.6668269996959899,0.7503424217979464,-0.009602590235292566,-0.07391283186666393,estimated_regional_daily_relative_pressure
2023-03-28,HGA,0.9356547787364152,0.6604456561856795,0.7469005434965119,-0.009602590235292566,-0.07685229707553982,estimated_regional_daily_relative_pressure
2023-03-29,HGA,1.0134484873463805,0.6998489173448467,0.7499642347303067,-0.009602590235292566,-0.04051272715016748,estimated_regional_daily_relative_pressure
2023-03-30,HGA,1.0033912816849342,0.6948413854265162,0.7530071173948659,-0.009602590235292566,-0.04856314173305717,estimated_regional_daily_relative_pressure
2023-03-31,HGA,1.0291983965266578,0.7076408365103309,0.7633267934391176,-0.009602590235292566,-0.046083366693494075,estimated_regional_daily_relative_pressure
2023-04-01,HGA,1.445419944736198,0.8942168647166922,0.7730452084743876,-0.01037047588738141,0.13154213212968593,estimated_regional_daily_relative_pressure
2023-04-02,HGA,1.452041666000186,0.8969210105887211,0.7747287934820803,-0.01037047588738141,0.13256269299402215,estimated_regional_daily_relative_pressure
2023-04-03,HGA,0.9889989231132508,0.6876314584504974,0.7721371852698725,-0.01037047588738141,-0.07413525093199366,estimated_regional_daily_relative_pressure
2023-04-04,HGA,0.8478440629229045,0.6140195881239455,0.7696558571757589,-0.01037047588738141,-0.14526579316443197,estimated_regional_daily_relative_pressure
2023-04-05,HGA,1.7398439780564092,1.0079009764635245,0.7728421606477204,-0.01037047588738141,0.24542929170318553,estimated_regional_daily_relative_pressure
2023-04-06,HGA,1.0189065652745728,0.7025560605355211,0.7772240642251813,-0.01037047588738141,-0.06429752780227879,estimated_regional_daily_relative_pressure
2023-04-07,HGA,1.0651241517152847,0.725190346501769,0.7870838559556386,-0.01037047588738141,-0.05152303356648821,estimated_regional_daily_relative_pressure
2023-04-08,HGA,1.4688698537860612,0.9037604968578985,0.7960767025362249,-0.01037047588738141,0.11805427020905504,estimated_regional_daily_relative_pressure
2023-04-09,HGA,1.514219384702891,0.9219623715567284,0.8012353589773744,-0.01037047588738141,0.13109748846673544,estimated_regional_daily_relative_pressure
2023-04-10,HGA,1.051282628109144,0.7184652697474034,0.8006047188437742,-0.01037047588738141,-0.07176897320898931,estimated_regional_daily_relative_pressure
2023-04-11,HGA,1.1290129116016172,0.7556584505249945,0.799434534942298,-0.01037047588738141,-0.03340560852992211,estimated_regional_daily_relative_pressure
2023-04-12,HGA,1.1401175624030548,0.7608607632272117,0.8044579536943333,-0.01037047588738141,-0.03322671457974011,estimated_regional_daily_relative_pressure
2023-04-13,HGA,1.1500773901308745,0.7655038369014613,0.8093880327617571,-0.01037047588738141,-0.033513719972914385,estimated_regional_daily_relative_pressure
2023-04-14,HGA,1.1321279835579667,0.7571205343133102,0.8320631456349714,-0.01037047588738141,-0.06457213543427984,estimated_regional_daily_relative_pressure
2023-04-15,HGA,1.6753320775149536,0.9840735137701833,0.8629794061088376,-0.01037047588738141,0.13146458354872706,estimated_regional_daily_relative_pressure
2023-04-16,HGA,1.640545772235826,0.9709856276996386,0.8856801334393273,-0.01037047588738141,0.09567597014769272,estimated_regional_daily_relative_pressure
2023-04-17,HGA,1.0828361033525726,0.7337304762031249,0.899787156653194,-0.01037047588738141,-0.15568620456268764,estimated_regional_daily_relative_pressure
2023-04-18,HGA,1.2404172282597288,0.8066621111381715,0.9118945650084914,-0.01037047588738141,-0.09486197798293847,estimated_regional_daily_relative_pressure
2023-04-19,HGA,1.242679791098324,0.8076714861398385,0.914714864593753,-0.01037047588738141,-0.09667290256653302,estimated_regional_daily_relative_pressure
2023-04-20,HGA,1.2163970900430674,0.7958829450897243,0.918941873891763,-0.01037047588738141,-0.1126884529146572,estimated_regional_daily_relative_pressure
2023-04-21,HGA,1.180891421700871,0.7797337022575779,0.9176215671211996,-0.01037047588738141,-0.1275173889762403,estimated_regional_daily_relative_pressure
2023-04-22,HGA,1.6291710649897388,0.9666686120940782,0.9271298566043892,-0.01037047588738141,0.0499092313770704,estimated_regional_daily_relative_pressure
2023-04-23,HGA,1.607668302667657,0.958456451415817,0.9298395313051903,-0.01037047588738141,0.038987395998008184,estimated_regional_daily_relative_pressure
2023-04-24,HGA,1.2738903013532257,0.8214921537747769,0.9254251530757904,-0.01037047588738141,-0.09356252341363211,estimated_regional_daily_relative_pressure
2023-04-25,HGA,1.2658531258652976,0.8179513440290979,0.9218666169193657,-0.01037047588738141,-0.0935447970028864,estimated_regional_daily_relative_pressure
2023-04-26,HGA,1.2206286598883902,0.7977903359261684,0.9234184353920049,-0.01037047588738141,-0.11525762357845501,estimated_regional_daily_relative_pressure
2023-04-27,HGA,1.2763037860315252,0.8225529810090816,0.9241737598163763,-0.01037047588738141,-0.09125030291991329,estimated_regional_daily_relative_pressure
2023-04-28,HGA,1.2552889614067917,0.813278107275817,0.9305109713580998,-0.01037047588738141,-0.10686238819490143,estimated_regional_daily_relative_pressure
2023-04-29,HGA,3.066478601278515,1.4027774164144906,0.9363769015496866,-0.01037047588738141,0.4767709907521855,estimated_regional_daily_relative_pressure
2023-04-30,HGA,4.223906324814942,1.6532454601163686,0.9362398533193963,-0.01037047588738141,0.7273760826843537,estimated_regional_daily_relative_pressure
2023-05-01,HGA,3.1015435716752373,1.411363383755511,0.9290701809763049,0.011019271768479675,0.4712739310107265,estimated_regional_daily_relative_pressure
2023-05-02,HGA,2.786850171925645,1.3315345843465614,0.9227320552407573,0.011019271768479675,0.3977832573373244,estimated_regional_daily_relative_pressure
2023-05-03,HGA,2.5688758905217224,1.2722506696029412,0.9240890586122449,0.011019271768479675,0.33714233922221665,estimated_regional_daily_relative_pressure
2023-05-04,HGA,1.1707239850955329,0.7750607455936038,0.9223198813546244,0.011019271768479675,-0.15827840752950023,estimated_regional_daily_relative_pressure
2023-05-05,HGA,1.1065612451140003,0.7450568763622543,0.9266819612832373,0.011019271768479675,-0.19264435668946273,estimated_regional_daily_relative_pressure
2023-05-06,HGA,1.62996744181773,0.9669714665760613,0.9308155469535743,0.011019271768479675,0.025136647854007314,estimated_regional_daily_relative_pressure
2023-05-07,HGA,1.7109877029261158,0.9973130345143987,0.9292482170729095,0.011019271768479675,0.057045545673009505,estimated_regional_daily_relative_pressure
2023-05-08,HGA,1.2460885074184929,0.8091902622266016,0.9219604266631537,0.011019271768479675,-0.12378943620503176,estimated_regional_daily_relative_pressure
2023-05-09,HGA,1.153113150366485,0.766914771746506,0.9153926664223359,0.011019271768479675,-0.1594971664443095,estimated_regional_daily_relative_pressure
2023-05-10,HGA,1.251615031956543,0.8116477507075592,0.9132796353213329,0.011019271768479675,-0.11265115638225338,estimated_regional_daily_relative_pressure
2023-05-11,HGA,1.152374480793414,0.7665716423992178,0.9110308039330234,0.011019271768479675,-0.15547843330228522,estimated_regional_daily_relative_pressure
2023-05-12,HGA,1.1794520841847786,0.7790735076805092,0.9156634363488462,0.011019271768479675,-0.14760920043681663,estimated_regional_daily_relative_pressure
2023-05-13,HGA,1.6046917055932166,0.9573143210206432,0.9191100977698248,0.011019271768479675,0.02718495148233873,estimated_regional_daily_relative_pressure
2023-05-14,HGA,1.578860598350623,0.9473476728406488,0.9167792655045209,0.011019271768479675,0.019549135567648195,estimated_regional_daily_relative_pressure
2023-05-15,HGA,1.123088863109866,0.7528720391743134,0.8954252674233774,0.011019271768479675,-0.15357250001754358,estimated_regional_daily_relative_pressure
2023-05-16,HGA,1.1421578693083752,0.7618136711343493,0.8663475707380278,0.011019271768479675,-0.11555317137215822,estimated_regional_daily_relative_pressure
2023-05-17,HGA,1.1695151944532092,0.7745037298976608,0.8451591588875441,0.011019271768479675,-0.08167470075836299,estimated_regional_daily_relative_pressure
2023-05-18,HGA,1.1723240401918211,0.7757975807192412,0.8260820504209686,0.011019271768479675,-0.06130374147020707,estimated_regional_daily_relative_pressure
2023-05-19,HGA,1.1208514091528374,0.751817616151938,0.8153968649239346,0.011019271768479675,-0.07459852054047629,estimated_regional_daily_relative_pressure
2023-05-20,HGA,1.567405777319272,0.9428959639268382,0.8218765743479924,0.011019271768479675,0.11000011781036605,estimated_regional_daily_relative_pressure
2023-05-21,HGA,1.519408371814087,0.9240241008701678,0.8229699206683194,0.011019271768479675,0.09003490843336874,estimated_regional_daily_relative_pressure
2023-05-22,HGA,1.0774610019712774,0.7311464759569704,0.8179195898881366,0.011019271768479675,-0.09779238569964595,estimated_regional_daily_relative_pressure
2023-05-23,HGA,1.0975019926939584,0.7407471093916494,0.8112300684194903,0.011019271768479675,-0.08150223079632053,estimated_regional_daily_relative_pressure
2023-05-24,HGA,1.1273049224811895,0.7548558839504643,0.8113503147805173,0.011019271768479675,-0.06751370259853269,estimated_regional_daily_relative_pressure
2023-05-25,HGA,1.1297150461970262,0.7559881896436838,0.8128735564030419,0.011019271768479675,-0.06790463852783786,estimated_regional_daily_relative_pressure
2023-05-26,HGA,1.1132722403078752,0.7482375709915019,0.8193993590643031,0.011019271768479675,-0.08218105984128084,estimated_regional_daily_relative_pressure
2023-05-27,HGA,1.563572877688058,0.9414019408166752,0.8266370788369276,0.011019271768479675,0.10374559021126788,estimated_regional_daily_relative_pressure
2023-05-28,HGA,1.5329876238932587,0.9293994850594214,0.8278368296534616,0.011019271768479675,0.09054338363748009,estimated_regional_daily_relative_pressure
2023-05-29,HGA,1.0980792997667987,0.7410223070513974,0.8242440794703502,0.011019271768479675,-0.09424104418743247,estimated_regional_daily_relative_pressure
2023-05-30,HGA,1.0976202248876683,0.7408034758990402,0.8197289466079328,0.011019271768479675,-0.08994474247737234,estimated_regional_daily_relative_pressure
2023-05-31,HGA,1.1208922289759045,0.7518368628705285,0.8185442183261536,0.011019271768479675,-0.0777266272241048,estimated_regional_daily_relative_pressure
2023-06-01,HGA,1.1265960788842655,0.75452261639052,0.8204252888960476,-0.0024673335456460678,-0.06343533895988154,estimated_regional_daily_relative_pressure
2023-06-02,HGA,1.096237816059057,0.7401442218827228,0.829487508594505,-0.0024673335456460678,-0.0868759531661362,estimated_regional_daily_relative_pressure
2023-06-03,HGA,1.562568098651392,0.9410099191948853,0.8393734127501036,-0.0024673335456460678,0.1041038399904278,estimated_regional_daily_relative_pressure
2023-06-04,HGA,1.653638554669831,0.9759317377393962,0.8419075769345358,-0.0024673335456460678,0.13649149435050653,estimated_regional_daily_relative_pressure
2023-06-05,HGA,1.1791842560327597,0.7789506122923876,0.8398105907188116,-0.0024673335456460678,-0.05839264488077792,estimated_regional_daily_relative_pressure
2023-06-06,HGA,1.2488325443748258,0.8104112123903963,0.8392403413349954,-0.0024673335456460678,-0.026361795398953034,estimated_regional_daily_relative_pressure
2023-06-07,HGA,1.2032595312552885,0.7899378689863642,0.8573561133999624,-0.0024673335456460678,-0.06495091086795216,estimated_regional_daily_relative_pressure
2023-06-08,HGA,1.2544767348961994,0.8129178994184374,0.8753318619633405,-0.0024673335456460678,-0.05994662899925699,estimated_regional_daily_relative_pressure
2023-06-09,HGA,1.257222921828725,0.8141352620447726,0.8983633369054322,-0.0024673335456460678,-0.08176074131501357,estimated_regional_daily_relative_pressure
2023-06-10,HGA,1.7564610623944468,1.0139476332066555,0.9088478839543027,-0.0024673335456460678,0.10756708279799884,estimated_regional_daily_relative_pressure
2023-06-11,HGA,1.693767995604878,0.9909409553505774,0.9145153557314581,-0.0024673335456460678,0.07889293316476528,estimated_regional_daily_relative_pressure
2023-06-12,HGA,1.262037109091029,0.8162657829930609,0.9138733583902193,-0.0024673335456460678,-0.0951402418515124,estimated_regional_daily_relative_pressure
2023-06-13,HGA,1.3301649646356242,0.8459390653441883,0.9132682425407954,-0.0024673335456460678,-0.06486184365096107,estimated_regional_daily_relative_pressure
2023-06-14,HGA,1.242022934557088,0.8073785541057148,0.9214349379679498,-0.0024673335456460678,-0.11158905031658897,estimated_regional_daily_relative_pressure
2023-06-15,HGA,1.0465295629064315,0.7161454624391586,0.9301123576150153,-0.0024673335456460678,-0.2114995616302107,estimated_regional_daily_relative_pressure
2023-06-16,HGA,1.2707878886901265,0.8201268588010593,0.9458890880593162,-0.0024673335456460678,-0.12329489571261079,estimated_regional_daily_relative_pressure
2023-06-17,HGA,1.8732176683131208,1.0554325405498461,0.9608277779188477,-0.0024673335456460678,0.09707209617664456,estimated_regional_daily_relative_pressure
2023-06-18,HGA,1.9513438516117527,1.0822606095427916,0.973618472541255,-0.0024673335456460678,0.11110947054718265,estimated_regional_daily_relative_pressure
2023-06-19,HGA,1.2941828096336816,0.8303767058693359,0.9776393667749659,-0.0024673335456460678,-0.14479532735998393,estimated_regional_daily_relative_pressure
2023-06-20,HGA,1.4058166064804722,0.8778893912393855,0.9841145575874815,-0.0024673335456460678,-0.1037578328024499,estimated_regional_daily_relative_pressure
2023-06-21,HGA,1.475262299427463,0.9063463699718678,0.9974834182576242,-0.0024673335456460678,-0.08866971474011034,estimated_regional_daily_relative_pressure
2023-06-22,HGA,2.642737319824684,1.2927354099709483,1.00937715831797,-0.0024673335456460678,0.2858255851986243,estimated_regional_daily_relative_pressure
2023-06-23,HGA,2.6619482511936727,1.2979953148563688,1.0291917765717455,-0.0024673335456460678,0.27127087183026927,estimated_regional_daily_relative_pressure
2023-06-24,HGA,3.3441564933496224,1.4688316071553085,1.0469524440276434,-0.0024673335456460678,0.4243464966733111,estimated_regional_daily_relative_pressure
2023-06-25,HGA,1.9476526689182547,1.0810091481586734,1.058697419821826,-0.0024673335456460678,0.024779061882493538,estimated_regional_daily_relative_pressure
2023-06-26,HGA,1.5191692792452764,0.923929196083322,1.06507898518202,-0.0024673335456460678,-0.13868245555305184,estimated_regional_daily_relative_pressure
2023-06-27,HGA,1.5130572082839908,0.9215000232382674,1.0714859333238265,-0.0024673335456460678,-0.147518576539913,estimated_regional_daily_relative_pressure
2023-06-28,HGA,1.4859152304332637,0.910640893727281,1.0840885433201837,-0.0024673335456460678,-0.17098031604725664,estimated_regional_daily_relative_pressure
2023-06-29,HGA,1.7025340375585447,0.9941898652931865,1.0960260520776923,-0.0024673335456460678,-0.09936885323885972,estimated_regional_daily_relative_pressure
2023-06-30,HGA,1.7450615161298757,1.009803484958066,1.1151370687043012,-0.0024673335456460678,-0.10286625020058918,estimated_regional_daily_relative_pressure
2023-07-01,HGA,2.458778550455688,1.2409155066438566,1.1370913177965367,0.00228334231147404,0.10154084653584589,estimated_regional_daily_relative_pressure
2023-07-02,HGA,2.379142577560634,1.2176220020359927,1.151153346408024,0.00228334231147404,0.06418531331649474,estimated_regional_daily_relative_pressure
2023-07-03,HGA,2.116329151641508,1.1366557551773517,1.1584653371262728,0.00228334231147404,-0.02409292426039506,estimated_regional_daily_relative_pressure
2023-07-04,HGA,1.9027473205160923,1.0656576404399232,1.1651423104661256,0.00228334231147404,-0.10176801233767646,estimated_regional_daily_relative_pressure
2023-07-05,HGA,2.243531329949469,1.1766626529273805,1.1793970286752906,0.00228334231147404,-0.005017718059384174,estimated_regional_daily_relative_pressure
2023-07-06,HGA,2.2982277971959437,1.193385293066813,1.191703599636829,0.00228334231147404,-0.0006016488814901185,estimated_regional_daily_relative_pressure
2023-07-07,HGA,2.2515023603754063,1.1791171542611152,1.1977704593826177,0.00228334231147404,-0.02093664743297658,estimated_regional_daily_relative_pressure
2023-07-08,HGA,3.072231115382793,1.4041910348534055,1.2016063493311653,0.00228334231147404,0.20030134321076615,estimated_regional_daily_relative_pressure
2023-07-09,HGA,2.909848359666693,1.363498590551266,1.199303544622197,0.00228334231147404,0.16191170361759505,estimated_regional_daily_relative_pressure
2023-07-10,HGA,2.248617468942818,1.178229511664437,1.1927137943589274,0.00228334231147404,-0.016767625005964466,estimated_regional_daily_relative_pressure
2023-07-11,HGA,2.3594462685685533,1.2117761593726686,1.199320103108799,0.00228334231147404,0.010172713952395546,estimated_regional_daily_relative_pressure
2023-07-12,HGA,2.28562320984415,1.18955634774658,1.2099669302024159,0.00228334231147404,-0.022693924767309866,estimated_regional_daily_relative_pressure
2023-07-13,HGA,2.3432610498251365,1.2069466928801313,1.2203353873450247,0.00228334231147404,-0.015672036776367367,estimated_regional_daily_relative_pressure
2023-07-14,HGA,2.3736722409412674,1.2160018368269645,1.2289197918030086,0.00228334231147404,-0.015201297287518128,estimated_regional_daily_relative_pressure
2023-07-15,HGA,3.0544703784506444,1.3998200695305891,1.2308362846084286,0.00228334231147404,0.16670044261068645,estimated_regional_daily_relative_pressure
2023-07-16,HGA,3.041949739323917,1.3967271842984574,1.2315935409549266,0.00228334231147404,0.16285030103205683,estimated_regional_daily_relative_pressure
2023-07-17,HGA,2.5115226462289133,1.25604974575716,1.2293061173096433,0.00228334231147404,0.024460286136042612,estimated_regional_daily_relative_pressure
2023-07-18,HGA,2.6042159331709143,1.2821042528155613,1.227594636414806,0.00228334231147404,0.052226274089281204,estimated_regional_daily_relative_pressure
2023-07-19,HGA,2.6300513096919658,1.2892467830782306,1.2297781288255556,0.00228334231147404,0.05718531194120096,estimated_regional_daily_relative_pressure
2023-07-20,HGA,2.568955480020002,1.2722729703534497,1.2357386007478364,0.00228334231147404,0.03425102729413925,estimated_regional_daily_relative_pressure
2023-07-21,HGA,2.523282526644726,1.2593930910470748,1.245436568368199,0.00228334231147404,0.011673180367401776,estimated_regional_daily_relative_pressure
2023-07-22,HGA,1.9874465386689888,1.0944190220913153,1.2520620844910488,0.00228334231147404,-0.15992640471120761,estimated_regional_daily_relative_pressure
2023-07-23,HGA,3.1027110970815315,1.4116479983759278,1.2518786245743867,0.00228334231147404,0.15748603149006707,estimated_regional_daily_relative_pressure
2023-07-24,HGA,2.409645642970891,1.226608368878344,1.2445880211388478,0.00228334231147404,-0.02026299457197784,estimated_regional_daily_relative_pressure
2023-07-25,HGA,2.54149639752575,1.2645493489939539,1.2373186245458834,0.00228334231147404,0.024947382136596467,estimated_regional_daily_relative_pressure
2023-07-26,HGA,2.617577921359458,1.285804719404705,1.2414573335903425,0.00228334231147404,0.04206404350288855,estimated_regional_daily_relative_pressure
2023-07-27,HGA,2.504265132871424,1.253980835985443,1.2396635573328605,0.00228334231147404,0.012033936341108437,estimated_regional_daily_relative_pressure
2023-07-28,HGA,2.465726208480049,1.2429221946591391,1.2359977483248596,0.00228334231147404,0.004641104022805426,estimated_regional_daily_relative_pressure
2023-07-29,HGA,2.2438387631658245,1.1767574319247778,1.2392960294681084,0.00228334231147404,-0.06482193985480461,estimated_regional_daily_relative_pressure
2023-07-30,HGA,1.8679604778666523,1.0536011422612004,1.2360435847585358,0.00228334231147404,-0.18472578480880947,estimated_regional_daily_relative_pressure
2023-07-31,HGA,1.810264007275669,1.0332784316995116,1.2278841373449638,0.00228334231147404,-0.19688904795692624,estimated_regional_daily_relative_pressure
2023-08-01,HGA,2.222009952403799,1.17000537364008,1.2199300000038023,0.024968028519747346,-0.07489265488346965,estimated_regional_daily_relative_pressure
2023-08-02,HGA,2.20453211672988,1.1645660942960305,1.2155944913631864,0.024968028519747346,-0.07599642558690324,estimated_regional_daily_relative_pressure
2023-08-03,HGA,2.3345709483122583,1.204344019910582,1.209465851115441,0.024968028519747346,-0.03008985972460644,estimated_regional_daily_relative_pressure
2023-08-04,HGA,2.4918520542641214,1.2504322700306263,1.2090350644276002,0.024968028519747346,0.01642917708327872,estimated_regional_daily_relative_pressure
2023-08-05,HGA,3.3810991883948107,1.4772996491586243,1.2063202323263296,0.024968028519747346,0.24601138831254743,estimated_regional_daily_relative_pressure
2023-08-06,HGA,3.0502406247625844,1.3987762928751601,1.192428560357604,0.024968028519747346,0.1813797039978089,estimated_regional_daily_relative_pressure
2023-08-07,HGA,2.2330627146697406,1.1734298968445858,1.189123536514496,0.024968028519747346,-0.040661668189657676,estimated_regional_daily_relative_pressure
2023-08-08,HGA,2.2484641920249286,1.1781823283517079,1.1734494057132001,0.024968028519747346,-0.02023510588123957,estimated_regional_daily_relative_pressure
2023-08-09,HGA,2.1209807524800834,1.1381472961693642,1.1647290074702998,0.024968028519747346,-0.05154973982068302,estimated_regional_daily_relative_pressure
2023-08-10,HGA,2.693333700419818,1.3065294920426707,1.1546964631641452,0.024968028519747346,0.12686500035877812,estimated_regional_daily_relative_pressure
2023-08-11,HGA,2.1777363236229017,1.1561690953907284,1.1495453840155727,0.024968028519747346,-0.01834431714459163,estimated_regional_daily_relative_pressure
2023-08-12,HGA,1.9326787910399617,1.0759162684985522,1.1448662860331655,0.024968028519747346,-0.09391804605436073,estimated_regional_daily_relative_pressure
2023-08-13,HGA,2.703185548608374,1.309193408320843,1.1326523648360012,0.024968028519747346,0.15157301496509445,estimated_regional_daily_relative_pressure
2023-08-14,HGA,2.0501051054541874,1.115176050830212,1.1224903253947978,0.024968028519747346,-0.03228230308433312,estimated_regional_daily_relative_pressure
2023-08-15,HGA,2.1483458870998224,1.146877199709861,1.1164879239557424,0.024968028519747346,0.005421247234371304,estimated_regional_daily_relative_pressure
2023-08-16,HGA,2.1586632840334614,1.1501489267224512,1.1091036652325643,0.024968028519747346,0.016077232970139507,estimated_regional_daily_relative_pressure
2023-08-17,HGA,2.069912249291936,1.1216489778980667,1.098143932795677,0.024968028519747346,-0.0014629834173576356,estimated_regional_daily_relative_pressure
2023-08-18,HGA,1.9805755073268387,1.092116405135456,1.092965094395395,0.024968028519747346,-0.02581671777968643,estimated_regional_daily_relative_pressure
2023-08-19,HGA,2.5818964534584623,1.2758923957551587,1.0845710238538393,0.024968028519747346,0.16635334338157204,estimated_regional_daily_relative_pressure
2023-08-20,HGA,2.280884908591032,1.1881131752140721,1.0701362130454537,0.024968028519747346,0.09300893364887107,estimated_regional_daily_relative_pressure
2023-08-21,HGA,1.290456768759487,0.8287512600165678,1.0484124597927473,0.024968028519747346,-0.24462922829592681,estimated_regional_daily_relative_pressure
2023-08-22,HGA,1.6965233171673135,0.9919632829549815,1.029077841285001,0.024968028519747346,-0.06208258684976688,estimated_regional_daily_relative_pressure
2023-08-23,HGA,1.5237602285039764,0.9257499435357468,1.0171799191481101,0.024968028519747346,-0.11639800413211067,estimated_regional_daily_relative_pressure
2023-08-24,HGA,1.6019886637823353,0.9562760233484383,1.0057082134079105,0.024968028519747346,-0.07440021857921954,estimated_regional_daily_relative_pressure
2023-08-25,HGA,1.5948805260577474,0.9535404755031581,0.9998165814754798,0.024968028519747346,-0.07124413449206903,estimated_regional_daily_relative_pressure
2023-08-26,HGA,2.0836725277292647,1.1261212657989537,0.9897369164325094,0.024968028519747346,0.11141632084669693,estimated_regional_daily_relative_pressure
2023-08-27,HGA,2.0311097255656234,1.108928798530822,0.9750910657887528,0.024968028519747346,0.10886970422232188,estimated_regional_daily_relative_pressure
2023-08-28,HGA,1.3733219432386332,0.8642906375470534,0.9667167373715445,0.024968028519747346,-0.12739412834423847,estimated_regional_daily_relative_pressure
2023-08-29,HGA,1.3672624644704596,0.8617342092474645,0.9511156295341144,0.024968028519747346,-0.11434944880639732,estimated_regional_daily_relative_pressure
2023-08-30,HGA,1.381014595921787,0.8675266976504836,0.941545691581817,0.024968028519747346,-0.09898702245108072,estimated_regional_daily_relative_pressure
2023-08-31,HGA,1.2352798019994338,0.8043664112809873,0.9313061330574643,0.024968028519747346,-0.1519077502962244,estimated_regional_daily_relative_pressure
2023-09-01,HGA,1.2939005558547687,0.8302536680965734,0.9273075114357722,-0.04529497326642108,-0.05175887007277767,estimated_regional_daily_relative_pressure
2023-09-02,HGA,1.7292370571331277,1.004022103887297,0.9239689741187748,-0.04529497326642108,0.12534810303494326,estimated_regional_daily_relative_pressure
2023-09-03,HGA,1.570570434230207,0.9441278331223469,0.9152930214890658,-0.04529497326642108,0.07412978489970225,estimated_regional_daily_relative_pressure
2023-09-04,HGA,1.2321229652750896,0.8029531349706839,0.900561016487128,-0.04529497326642108,-0.05231290825002309,estimated_regional_daily_relative_pressure
2023-09-05,HGA,1.2341554866226838,0.8038632983247138,0.8885034593949899,-0.04529497326642108,-0.03934518780385497,estimated_regional_daily_relative_pressure
2023-09-06,HGA,1.224212942062315,0.7994031191350305,0.8846144202994249,-0.04529497326642108,-0.03991632789797338,estimated_regional_daily_relative_pressure
2023-09-07,HGA,1.2357892787987708,0.8045943106009643,0.8776107400750849,-0.04529497326642108,-0.027721456207699488,estimated_regional_daily_relative_pressure
2023-09-08,HGA,1.276318512390763,0.8225594504055185,0.8783203774583994,-0.04529497326642108,-0.010465953786459856,estimated_regional_daily_relative_pressure
2023-09-09,HGA,1.5999876792443035,0.9555067062640175,0.8774908871365913,-0.04529497326642108,0.12331079239384725,estimated_regional_daily_relative_pressure
2023-09-10,HGA,1.7021827591188012,0.9940598757105856,0.8704955438134844,-0.04529497326642108,0.16885930516352232,estimated_regional_daily_relative_pressure
2023-09-11,HGA,1.0180823431487065,0.7021477254342782,0.8588652736286307,-0.04529497326642108,-0.11142257492793149,estimated_regional_daily_relative_pressure
2023-09-12,HGA,1.2621418541763538,0.8163120875650922,0.8481555294240654,-0.04529497326642108,0.01345153140744794,estimated_regional_daily_relative_pressure
2023-09-13,HGA,1.2831568424940478,0.8255590653605106,0.8460256545431873,-0.04529497326642108,0.02482838408374434,estimated_regional_daily_relative_pressure
2023-09-14,HGA,1.2671147194129595,0.8185079743089928,0.8565072138528208,-0.04529497326642108,0.007295733722593081,estimated_regional_daily_relative_pressure
2023-09-15,HGA,1.2920597912726497,0.8294508854549266,0.8744756003510991,-0.04529497326642108,0.00027025837024864663,estimated_regional_daily_relative_pressure
2023-09-16,HGA,1.7904187005351029,1.0261916564499975,0.8951541567756415,-0.04529497326642108,0.17633247294077714,estimated_regional_daily_relative_pressure
2023-09-17,HGA,1.768081057404718,1.0181543210711417,0.9100427214111746,-0.04529497326642108,0.15340657292638815,estimated_regional_daily_relative_pressure
2023-09-18,HGA,1.277690232630183,0.8231618736144789,0.9176289799651948,-0.04529497326642108,-0.049172133084294786,estimated_regional_daily_relative_pressure
2023-09-19,HGA,1.268684710089818,0.8192002406950882,0.9261209066851943,-0.04529497326642108,-0.061625692723685,estimated_regional_daily_relative_pressure
2023-09-20,HGA,1.257660060276634,0.814328905357792,0.9374102260129399,-0.04529497326642108,-0.07778634738872679,estimated_regional_daily_relative_pressure
2023-09-21,HGA,1.030315192117671,0.7081910480540545,0.9477721566332015,-0.04529497326642108,-0.19428613531272587,estimated_regional_daily_relative_pressure
2023-09-22,HGA,1.1702648178896389,0.774849196000437,0.9526195634412871,-0.04529497326642108,-0.132475394174429,estimated_regional_daily_relative_pressure
2023-09-23,HGA,1.5798950051277028,0.9477487024184972,0.9535383564823825,-0.04529497326642108,0.03950531920253576,estimated_regional_daily_relative_pressure
2023-09-24,HGA,1.5359335241895042,0.9305618233723882,0.9500212268940065,-0.04529497326642108,0.025835569744802847,estimated_regional_daily_relative_pressure
2023-09-25,HGA,1.088998641967481,0.736684832486846,0.9420421001714528,-0.04529497326642108,-0.16006229441818576,estimated_regional_daily_relative_pressure
2023-09-26,HGA,1.1502473672764486,0.76558289006849,0.9329248947350692,-0.04529497326642108,-0.12204703140015814,estimated_regional_daily_relative_pressure
2023-09-27,HGA,1.1747782997356522,0.7769267281892921,0.9335231217327659,-0.04529497326642108,-0.11130142027705268,estimated_regional_daily_relative_pressure
2023-09-28,HGA,1.2216818879731504,0.7982645162398351,0.9268640221328608,-0.04529497326642108,-0.08330453262660463,estimated_regional_daily_relative_pressure
2023-09-29,HGA,2.276129017498357,1.1866625478461037,0.9291498783407054,-0.04529497326642108,0.3028076427718194,estimated_regional_daily_relative_pressure
2023-09-30,HGA,3.155973426039643,1.424546679097107,0.9314503792523042,-0.04529497326642108,0.5383912731112239,estimated_regional_daily_relative_pressure
2023-10-01,HGA,3.243556269243366,1.4454016604418047,0.9269126738131336,0.030356796549361215,0.48813219007930997,estimated_regional_daily_relative_pressure
2023-10-02,HGA,2.639328446100065,1.2917991717981012,0.915943572892711,0.030356796549361215,0.34549880235602903,estimated_regional_daily_relative_pressure
2023-10-03,HGA,2.452836679220999,1.23919611906192,0.9031093169932715,0.030356796549361215,0.3057300055192874,estimated_regional_daily_relative_pressure
2023-10-04,HGA,2.3447018662857104,1.2073775614423339,0.897985638554124,0.030356796549361215,0.27903512633884864,estimated_regional_daily_relative_pressure
2023-10-05,HGA,2.167434753078639,1.1529220341307966,0.8925356266572574,0.030356796549361215,0.23002961092417804,estimated_regional_daily_relative_pressure
2023-10-06,HGA,2.08047297205904,1.1250831475528225,0.8928537258304958,0.030356796549361215,0.20187262517296542,estimated_regional_daily_relative_pressure
2023-10-07,HGA,1.584863573052559,0.9496727301856814,0.8974613831000795,0.030356796549361215,0.02185455053624072,estimated_regional_daily_relative_pressure
2023-10-08,HGA,1.3003859078329416,0.8330768948749274,0.8936345443727421,0.030356796549361215,-0.09091444604717594,estimated_regional_daily_relative_pressure
2023-10-09,HGA,1.0411807372011328,0.7135284331658611,0.8847263922021003,0.030356796549361215,-0.20155475558560035,estimated_regional_daily_relative_pressure
2023-10-10,HGA,1.0302395232964288,0.7081537778648542,0.8760664316093972,0.030356796549361215,-0.19826945029390422,estimated_regional_daily_relative_pressure
2023-10-11,HGA,1.0368948322786875,0.7114265071826934,0.8732393209577534,0.030356796549361215,-0.19216961032442118,estimated_regional_daily_relative_pressure
2023-10-12,HGA,1.055856937744596,0.7206927623628742,0.8692451709341149,0.030356796549361215,-0.17890920512060196,estimated_regional_daily_relative_pressure
2023-10-13,HGA,0.8402105602055421,0.6098799999680375,0.8717155627388553,0.030356796549361215,-0.29219235932017895,estimated_regional_daily_relative_pressure
2023-10-14,HGA,1.450814964469532,0.8964206078036884,0.8733249027416512,0.030356796549361215,-0.0072610914873240395,estimated_regional_daily_relative_pressure
2023-10-15,HGA,1.4346998950877454,0.8898235025685594,0.8564872844163937,0.030356796549361215,0.002979421602804483,estimated_regional_daily_relative_pressure
2023-10-16,HGA,0.9912886995203432,0.6887820168406344,0.8317201069029376,0.030356796549361215,-0.1732948866116644,estimated_regional_daily_relative_pressure
2023-10-17,HGA,0.9860535478375996,0.6861495279168965,0.8053627265975843,0.030356796549361215,-0.14956999523004902,estimated_regional_daily_relative_pressure
2023-10-18,HGA,0.8594716499174939,0.620292388188515,0.784727353335763,0.030356796549361215,-0.1947917616966093,estimated_regional_daily_relative_pressure
2023-10-19,HGA,0.9431839556372494,0.6643278420009124,0.764961364917861,0.030356796549361215,-0.13099031946630982,estimated_regional_daily_relative_pressure
2023-10-20,HGA,0.9160195286297694,0.6502498718922222,0.7529349082947264,0.030356796549361215,-0.13304183295186547,estimated_regional_daily_relative_pressure
2023-10-21,HGA,1.2800331440578874,0.8241899797281846,0.7390166655924417,0.030356796549361215,0.0548165175863817,estimated_regional_daily_relative_pressure
2023-10-22,HGA,1.34205423721584,0.8510284234111462,0.7213429645845167,0.030356796549361215,0.09932866227726819,estimated_regional_daily_relative_pressure
2023-10-23,HGA,0.9274872187853158,0.6562171954529815,0.7099465207353349,0.030356796549361215,-0.08408612183171463,estimated_regional_daily_relative_pressure
2023-10-24,HGA,0.957358744547928,0.6715959851285963,0.7036648518931469,0.030356796549361215,-0.06242566331391178,estimated_regional_daily_relative_pressure
2023-10-25,HGA,0.938865571343241,0.6621030449985926,0.7000806111580381,0.030356796549361215,-0.06833436270880669,estimated_regional_daily_relative_pressure
2023-10-26,HGA,0.913711216902208,0.6490444022858889,0.6969610790805636,0.030356796549361215,-0.07827347334403592,estimated_regional_daily_relative_pressure
2023-10-27,HGA,0.899829678644781,0.6417642393357009,0.6998519965842291,0.030356796549361215,-0.08844455379788943,estimated_regional_daily_relative_pressure
2023-10-28,HGA,1.3478707982109528,0.8535088741362389,0.7011605498811261,0.030356796549361215,0.12199152770575158,estimated_regional_daily_relative_pressure
2023-10-29,HGA,1.3353319793525826,0.8481540563265074,0.7013928545039512,0.030356796549361215,0.11640440527319504,estimated_regional_daily_relative_pressure
2023-10-30,HGA,0.9439002242817414,0.6646963797631247,0.6929169878433888,0.030356796549361215,-0.05857740462962538,estimated_regional_daily_relative_pressure
2023-10-31,HGA,0.9285418055385252,0.6567641761799679,0.6853123472918787,0.030356796549361215,-0.058904967661272095,estimated_regional_daily_relative_pressure
2023-11-01,HGA,0.8744642232258235,0.6283228709758519,0.6830300998330493,-0.0006736358132023347,-0.05403359304399503,estimated_regional_daily_relative_pressure
2023-11-02,HGA,0.91957268367149,0.6521026006816416,0.6807706355774704,-0.0006736358132023347,-0.027994399082626475,estimated_regional_daily_relative_pressure
2023-11-03,HGA,0.8709577735313843,0.6264504781069573,0.6868064958425396,-0.0006736358132023347,-0.059682381922379964,estimated_regional_daily_relative_pressure
2023-11-04,HGA,1.303794177417545,0.8345574061251605,0.6913671434186438,-0.0006736358132023347,0.14386389851971904,estimated_regional_daily_relative_pressure
2023-11-05,HGA,1.0574276941177905,0.7214565103599762,0.6913512979518468,-0.0006736358132023347,0.03077884822133169,estimated_regional_daily_relative_pressure
2023-11-06,HGA,0.7810416972594332,0.5771984163071467,0.6860777822233973,-0.0006736358132023347,-0.10820573010304825,estimated_regional_daily_relative_pressure
2023-11-07,HGA,0.8155400485358586,0.5963829708610418,0.6793667655773714,-0.0006736358132023347,-0.08231015890312733,estimated_regional_daily_relative_pressure
2023-11-08,HGA,0.8933451036593139,0.6383451607670951,0.679037189456158,-0.0006736358132023347,-0.040018392875860516,estimated_regional_daily_relative_pressure
2023-11-09,HGA,0.8265281340231938,0.6024169703774916,0.6773530746573996,-0.0006736358132023347,-0.0742624684667056,estimated_regional_daily_relative_pressure
2023-11-10,HGA,0.8430987962491239,0.6114482834631458,0.682026382738949,-0.0006736358132023347,-0.06990446346260083,estimated_regional_daily_relative_pressure
2023-11-11,HGA,1.2278677225121593,0.8010449497963271,0.6861983327582666,-0.0006736358132023347,0.11552025285126287,estimated_regional_daily_relative_pressure
2023-11-12,HGA,1.1409676817614236,0.7612579145666772,0.6849971241756051,-0.0006736358132023347,0.07693442620427447,estimated_regional_daily_relative_pressure
2023-11-13,HGA,0.8535105643628274,0.6170814432756155,0.677207826384898,-0.0006736358132023347,-0.059452747296080084,estimated_regional_daily_relative_pressure
2023-11-14,HGA,0.8845116982607761,0.6336687413262561,0.6694502033201835,-0.0006736358132023347,-0.03510782618072506,estimated_regional_daily_relative_pressure
2023-11-15,HGA,0.9233715188412256,0.6540796454717426,0.6684203292254984,-0.0006736358132023347,-0.013667047940553522,estimated_regional_daily_relative_pressure
2023-11-16,HGA,0.855273910150071,0.6180323456169253,0.6669219576277556,-0.0006736358132023347,-0.04821597619762797,estimated_regional_daily_relative_pressure
2023-11-17,HGA,0.8517037032783754,0.6161061359939507,0.6725236557246336,-0.0006736358132023347,-0.05574388391748054,estimated_regional_daily_relative_pressure
2023-11-18,HGA,1.2420801120275256,0.8074040564056606,0.678050539582722,-0.0006736358132023347,0.13002715263614095,estimated_regional_daily_relative_pressure
2023-11-19,HGA,1.2382804545708614,0.8057079168601411,0.6782895661783895,-0.0006736358132023347,0.1280919864949539,estimated_regional_daily_relative_pressure
2023-11-20,HGA,0.9150785928084672,0.649758662421519,0.6710386570644625,-0.0006736358132023347,-0.020606358829741166,estimated_regional_daily_relative_pressure
2023-11-21,HGA,0.9361684457006044,0.6607109921462476,0.6680670045744336,-0.0006736358132023347,-0.006682376614983619,estimated_regional_daily_relative_pressure
2023-11-22,HGA,0.902153960313642,0.6429869073843453,0.669589919948519,-0.0006736358132023347,-0.02592937675097141,estimated_regional_daily_relative_pressure
2023-11-23,HGA,0.9078946100837222,0.6460003356953644,0.6704253059998481,-0.0006736358132023347,-0.023751334491281317,estimated_regional_daily_relative_pressure
2023-11-24,HGA,0.8577915180398816,0.6193884263670844,0.6757696520462934,-0.0006736358132023347,-0.055707589866006664,estimated_regional_daily_relative_pressure
2023-11-25,HGA,1.2411196741815709,0.8069755955266241,0.6811933169289917,-0.0006736358132023347,0.1264559144108348,estimated_regional_daily_relative_pressure
2023-11-26,HGA,1.1779299313256169,0.7783748528847353,0.6802639201914147,-0.0006736358132023347,0.09878456850652294,estimated_regional_daily_relative_pressure
2023-11-27,HGA,0.8303858164132087,0.6045267732731925,0.6731376117363058,-0.0006736358132023347,-0.067937202649911,estimated_regional_daily_relative_pressure
2023-11-28,HGA,0.8441908961317826,0.6120406426243201,0.6665914667345988,-0.0006736358132023347,-0.053877188297076335,estimated_regional_daily_relative_pressure
2023-11-29,HGA,0.8361440382378593,0.6076677413203556,0.6644873692389591,-0.0006736358132023347,-0.05614599210540117,estimated_regional_daily_relative_pressure
2023-11-30,HGA,0.8828193030974631,0.6327702828278929,0.6630521215316851,-0.0006736358132023347,-0.029608202890589862,estimated_regional_daily_relative_pressure
2023-12-01,HGA,0.8410105938790322,0.6103146566499368,0.6668744648890085,-0.006239505373992744,-0.05032030286507895,estimated_regional_daily_relative_pressure
2023-12-02,HGA,1.2299418568687115,0.8019755119790727,0.6716495697547146,-0.006239505373992744,0.13656544759835085,estimated_regional_daily_relative_pressure
2023-12-03,HGA,1.2783146938509915,0.8234360002823802,0.6702769690659599,-0.006239505373992744,0.159398536590413,estimated_regional_daily_relative_pressure
2023-12-04,HGA,0.8848727322495005,0.6338603025726528,0.662682237508012,-0.006239505373992744,-0.022582429561366482,estimated_regional_daily_relative_pressure
2023-12-05,HGA,0.8400251198009179,0.6097792235934218,0.6551479385074899,-0.006239505373992744,-0.039129209540075274,estimated_regional_daily_relative_pressure
2023-12-06,HGA,0.8763629146281673,0.6293352831690764,0.652411906553012,-0.006239505373992744,-0.016837118009942822,estimated_regional_daily_relative_pressure
2023-12-07,HGA,0.8671417636005168,0.6244087929037994,0.6490622842215774,-0.006239505373992744,-0.018413985943785308,estimated_regional_daily_relative_pressure
2023-12-08,HGA,0.863171118507712,0.6222799384522404,0.6523903276682437,-0.006239505373992744,-0.02387088384201054,estimated_regional_daily_relative_pressure
2023-12-09,HGA,1.2345053601597271,0.8040198882068975,0.6551044304147876,-0.006239505373992744,0.15515496316610264,estimated_regional_daily_relative_pressure
2023-12-10,HGA,1.1609557090655145,0.7705505817411414,0.6532522909707876,-0.006239505373992744,0.12353779614434655,estimated_regional_daily_relative_pressure
2023-12-11,HGA,0.7907544018226207,0.5826369845982594,0.64604019603044,-0.006239505373992744,-0.057163706058187894,estimated_regional_daily_relative_pressure
2023-12-12,HGA,0.7862695370840513,0.5801293876879493,0.6402498337748095,-0.006239505373992744,-0.053880940712867434,estimated_regional_daily_relative_pressure
2023-12-13,HGA,0.7477468070450881,0.5583274195137604,0.6403507974551925,-0.006239505373992744,-0.07578387256743936,estimated_regional_daily_relative_pressure
2023-12-14,HGA,0.7364701805723544,0.5518544209107851,0.640528661589806,-0.006239505373992744,-0.08243473530502822,estimated_regional_daily_relative_pressure
2023-12-15,HGA,0.8025026536853457,0.589176062400763,0.6465554517993685,-0.006239505373992744,-0.05113988402461268,estimated_regional_daily_relative_pressure
2023-12-16,HGA,1.165328949311879,0.7725722895487676,0.65185724210045,-0.006239505373992744,0.12695455282231025,estimated_regional_daily_relative_pressure
2023-12-17,HGA,1.15127479955977,0.7660605964538163,0.6603730996169451,-0.006239505373992744,0.11192700221086392,estimated_regional_daily_relative_pressure
2023-12-18,HGA,0.7745653410224012,0.5735555146425545,0.6509741515523426,-0.006239505373992744,-0.07117913153579537,estimated_regional_daily_relative_pressure
2023-12-19,HGA,0.7717493256739325,0.5719673781092749,0.6427797292688336,-0.006239505373992744,-0.064572845785566,estimated_regional_daily_relative_pressure
2023-12-20,HGA,0.7720634310466779,0.5721446478439538,0.6416683228175619,-0.006239505373992744,-0.06328416959961537,estimated_regional_daily_relative_pressure
2023-12-21,HGA,0.7593451603501098,0.5649416718327025,0.643795636010848,-0.006239505373992744,-0.07261445880415275,estimated_regional_daily_relative_pressure
2023-12-22,HGA,0.7452061738382234,0.5568726998717772,0.6514795809535352,-0.006239505373992744,-0.08836737570776522,estimated_regional_daily_relative_pressure
2023-12-23,HGA,1.1088784254210244,0.7461562542309996,0.6594756187227918,-0.006239505373992744,0.09292014088220056,estimated_regional_daily_relative_pressure
2023-12-24,HGA,1.0753659941215252,0.7301375208382292,0.661539976722743,-0.006239505373992744,0.07483704948947899,estimated_regional_daily_relative_pressure
2023-12-25,HGA,0.7541284144320552,0.561972103603084,0.6578903008952851,-0.006239505373992744,-0.08967869191820833,estimated_regional_daily_relative_pressure
2023-12-26,HGA,0.7921224655634755,0.5834006523758459,0.6534189313989768,-0.006239505373992744,-0.0637787736491381,estimated_regional_daily_relative_pressure
2023-12-27,HGA,0.820067563060126,0.5988736229601875,0.6548637085138675,-0.006239505373992744,-0.04975058017968727,estimated_regional_daily_relative_pressure
2023-12-28,HGA,0.8361236682509936,0.6076566473650703,0.65539845259184,-0.006239505373992744,-0.041502299852776994,estimated_regional_daily_relative_pressure
2023-12-29,HGA,0.854387459094941,0.6175544307973402,0.6654005551514071,-0.006239505373992744,-0.04160661898007413,estimated_regional_daily_relative_pressure
2023-12-30,HGA,1.2133301527679947,0.7944982378167883,0.6747730980493506,-0.006239505373992744,0.12596464514143044,estimated_regional_daily_relative_pressure
2023-12-31,HGA,1.2191534229937653,0.7971257821614216,0.6763950107739057,-0.006239505373992744,0.1269702767615086,estimated_regional_daily_relative_pressure
2024-01-01,HGA,1.3972116265905767,0.8743062396612883,0.6726719995812869,0.0023847428968587253,0.1992494971831427,estimated_regional_daily_relative_pressure
2024-01-02,HGA,0.6663042031036654,0.5106081219763905,0.6684324014836429,0.0023847428968587253,-0.16020902240411114,estimated_regional_daily_relative_pressure
2024-01-03,HGA,0.76722215441164,0.5694089094936053,0.6707775797993009,0.0023847428968587253,-0.10375341320255424,estimated_regional_daily_relative_pressure
2024-01-04,HGA,0.821038062644343,0.5994067025832275,0.672929724540892,0.0023847428968587253,-0.07590776485452319,estimated_regional_daily_relative_pressure
2024-01-05,HGA,0.9654592491321372,0.675725932585291,0.6812606174520602,0.0023847428968587253,-0.007919427763627949,estimated_regional_daily_relative_pressure
2024-01-06,HGA,1.381040498505925,0.8675375763923816,0.6888131953654465,0.0023847428968587253,0.1763396381300764,estimated_regional_daily_relative_pressure
2024-01-07,HGA,1.3923734865234128,0.8722859637507526,0.6904139626913718,0.0023847428968587253,0.17948725816252212,estimated_regional_daily_relative_pressure
2024-01-08,HGA,0.9863028301497,0.6862750364507275,0.6857281803565867,0.0023847428968587253,-0.001837886802717879,estimated_regional_daily_relative_pressure
2024-01-09,HGA,0.9954706504997126,0.6908799375557002,0.6834775480948196,0.0023847428968587253,0.00501764656402184,estimated_regional_daily_relative_pressure
2024-01-10,HGA,0.8812531564401569,0.6319381273555851,0.6859045382576991,0.0023847428968587253,-0.0563511537989728,estimated_regional_daily_relative_pressure
2024-01-11,HGA,0.8727820923070437,0.6274250751598708,0.6863343881051608,0.0023847428968587253,-0.06129405584214873,estimated_regional_daily_relative_pressure
2024-01-12,HGA,0.8161274403210552,0.5967064541051003,0.6939598997513843,0.0023847428968587253,-0.09963818854314274,estimated_regional_daily_relative_pressure
2024-01-13,HGA,1.383077212223173,0.8683925988603369,0.7012352992641415,0.0023847428968587253,0.1647725566993367,estimated_regional_daily_relative_pressure
2024-01-14,HGA,1.321940482031243,0.8424032507470356,0.7009041905229915,0.0023847428968587253,0.1391143173271854,estimated_regional_daily_relative_pressure
2024-01-15,HGA,0.8954482552389686,0.6394553568619721,0.6963095213738949,0.0023847428968587253,-0.05923890740878155,estimated_regional_daily_relative_pressure
2024-01-16,HGA,0.9293032793319916,0.6571589425775829,0.692321163775264,0.0023847428968587253,-0.037546964094539816,estimated_regional_daily_relative_pressure
2024-01-17,HGA,0.8863298359511615,0.6346330554268518,0.6846416964211551,0.0023847428968587253,-0.05239338389116208,estimated_regional_daily_relative_pressure
2024-01-18,HGA,0.9083825339606468,0.6462560424279558,0.6882798474627465,0.0023847428968587253,-0.04440854793164948,estimated_regional_daily_relative_pressure
2024-01-19,HGA,0.8939864964620714,0.6386838650985927,0.6975999845940631,0.0023847428968587253,-0.061300862392329215,estimated_regional_daily_relative_pressure
2024-01-20,HGA,1.2942415924453337,0.8304023280901699,0.7045231410978658,0.0023847428968587253,0.12349444409544533,estimated_regional_daily_relative_pressure
2024-01-21,HGA,1.2234756665472974,0.7990715871476771,0.7045013748585117,0.0023847428968587253,0.09218546939230668,estimated_regional_daily_relative_pressure
2024-01-22,HGA,0.8339947055085848,0.6064964869754632,0.6980763810345394,0.0023847428968587253,-0.0939646369559349,estimated_regional_daily_relative_pressure
2024-01-23,HGA,0.8237539775990796,0.6008970018526607,0.6914993933664296,0.0023847428968587253,-0.09298713441062764,estimated_regional_daily_relative_pressure
2024-01-24,HGA,0.9355043155657072,0.660367920723448,0.6908619393755536,0.0023847428968587253,-0.03287876154896439,estimated_regional_daily_relative_pressure
2024-01-25,HGA,0.8911948000065777,0.6372087986523518,0.6886167442786915,0.0023847428968587253,-0.053792688523198386,estimated_regional_daily_relative_pressure
2024-01-26,HGA,0.8161629342309074,0.5967259976471595,0.7028815138815402,0.0023847428968587253,-0.10854025913123941,estimated_regional_daily_relative_pressure
2024-01-27,HGA,1.3054237153299293,0.8352644839931173,0.719606820217494,0.0023847428968587253,0.11327292087876453,estimated_regional_daily_relative_pressure
2024-01-28,HGA,1.3006553848066975,0.8331940322605428,0.7342671132152196,0.0023847428968587253,0.09654217614846441,estimated_regional_daily_relative_pressure
2024-01-29,HGA,0.835450691546078,0.6072900598216877,0.7406783061264989,0.0023847428968587253,-0.13577298920166989,estimated_regional_daily_relative_pressure
2024-01-30,HGA,0.9194976173953776,0.6520634941947918,0.7478418481627941,0.0023847428968587253,-0.098163096864861,estimated_regional_daily_relative_pressure
2024-01-31,HGA,0.9610630459665546,0.6734866966038652,0.7613124009097677,0.0023847428968587253,-0.09021044720276125,estimated_regional_daily_relative_pressure
2024-02-01,HGA,0.8893686991948939,0.6362427516839111,0.7758413204951781,0.0012959398969266038,-0.1408945087081936,estimated_regional_daily_relative_pressure
2024-02-02,HGA,0.8652420016316127,0.6233908042657278,0.7963688084212172,0.0012959398969266038,-0.17427394405241597,estimated_regional_daily_relative_pressure
2024-02-03,HGA,1.3592249652938069,0.8583331605644173,0.8041468555209602,0.0012959398969266038,0.05289036514653051,estimated_regional_daily_relative_pressure
2024-02-04,HGA,1.2569730433783923,0.8140245542011106,0.8063177792187866,0.0012959398969266038,0.006410835085397479,estimated_regional_daily_relative_pressure
2024-02-05,HGA,0.9641334961104604,0.6750511791653178,0.8014235391407276,0.0012959398969266038,-0.12766829987233647,estimated_regional_daily_relative_pressure
2024-02-06,HGA,0.9510403982305636,0.6683627678492357,0.7973437884040859,0.0012959398969266038,-0.1302769604517769,estimated_regional_daily_relative_pressure
2024-02-07,HGA,0.9511117650623956,0.6683993460393488,0.7986371240154269,0.0012959398969266038,-0.13153371787300466,estimated_regional_daily_relative_pressure
2024-02-08,HGA,0.9474366371139378,0.6665139627335719,0.8011023359163747,0.0012959398969266038,-0.13588431307972942,estimated_regional_daily_relative_pressure
2024-02-09,HGA,0.861306926339827,0.6212788895529782,0.8066571409364542,0.0012959398969266038,-0.1866741912804027,estimated_regional_daily_relative_pressure
2024-02-10,HGA,1.927491710954023,1.0741459850438901,0.8139352353887668,0.0012959398969266038,0.25891480975819675,estimated_regional_daily_relative_pressure
2024-02-11,HGA,2.1453009324689103,1.145909571574444,0.8148787507948649,0.0012959398969266038,0.3297348808826525,estimated_regional_daily_relative_pressure
2024-02-12,HGA,1.8610123680342292,1.0511755370345919,0.8099318852885871,0.0012959398969266038,0.2399477118490782,estimated_regional_daily_relative_pressure
2024-02-13,HGA,1.907052203017892,1.0671395791099947,0.8050430522993923,0.0012959398969266038,0.26080058691367575,estimated_regional_daily_relative_pressure
2024-02-14,HGA,1.8993108008600443,1.0644730538721865,0.8046741515293833,0.0012959398969266038,0.2585029624458766,estimated_regional_daily_relative_pressure
2024-02-15,HGA,1.87784713492534,1.0570424920181571,0.8036572720772616,0.0012959398969266038,0.25208928004396897,estimated_regional_daily_relative_pressure
2024-02-16,HGA,2.0269498118047338,1.1075554497252984,0.8093567439922879,0.0012959398969266038,0.29690276583608394,estimated_regional_daily_relative_pressure
2024-02-17,HGA,2.564362375738236,1.2709851811340682,0.8143783047171549,0.0012959398969266038,0.4553109365199867,estimated_regional_daily_relative_pressure
2024-02-18,HGA,1.428747038895238,0.8873755025199844,0.8139218583169952,0.0012959398969266038,0.07215770430606268,estimated_regional_daily_relative_pressure
2024-02-19,HGA,1.0258360908816797,0.7059824997312137,0.8077899239210494,0.0012959398969266038,-0.10310336408676228,estimated_regional_daily_relative_pressure
2024-02-20,HGA,0.9712756784094247,0.6786808856703435,0.803127384767462,0.0012959398969266038,-0.1257424389940452,estimated_regional_daily_relative_pressure
2024-02-21,HGA,0.9593236052345068,0.6725993143117853,0.8015208897684525,0.0012959398969266038,-0.13021751535359377,estimated_regional_daily_relative_pressure
2024-02-22,HGA,0.9090197509663208,0.6465898909270298,0.8013044450051778,0.0012959398969266038,-0.15601049397507466,estimated_regional_daily_relative_pressure
2024-02-23,HGA,0.9685920086204896,0.6773185707820429,0.8066698528612197,0.0012959398969266038,-0.1306472219761034,estimated_regional_daily_relative_pressure
2024-02-24,HGA,1.29921296753214,0.8325668763459165,0.8109752184492351,0.0012959398969266038,0.020295717999754777,estimated_regional_daily_relative_pressure
2024-02-25,HGA,1.3698572628174652,0.8628297266740443,0.8109137626772922,0.0012959398969266038,0.05062002409982553,estimated_regional_daily_relative_pressure
2024-02-26,HGA,0.8700683392200455,0.625974975236199,0.7976895842592466,0.0012959398969266038,-0.1730105489199742,estimated_regional_daily_relative_pressure
2024-02-27,HGA,0.977654711094936,0.6819116532985018,0.7818050809150527,0.0012959398969266038,-0.10118936751347755,estimated_regional_daily_relative_pressure
2024-02-28,HGA,0.9771179620287797,0.6816402095955049,0.7703815044291182,0.0012959398969266038,-0.09003723473053997,estimated_regional_daily_relative_pressure
2024-02-29,HGA,0.8145801814063494,0.5958541359514086,0.7595870140522872,0.0012959398969266038,-0.16502881799780528,estimated_regional_daily_relative_pressure
2024-03-01,HGA,0.8599325640467756,0.6205402311790189,0.7532154167479886,-0.009602590235292566,-0.12307259533367716,estimated_regional_daily_relative_pressure
2024-03-02,HGA,1.3400453884843473,0.8501703259696775,0.7458076573656094,-0.009602590235292566,0.11396525883936064,estimated_regional_daily_relative_pressure
2024-03-03,HGA,1.2076114388670618,0.791911134154792,0.7306117609944691,-0.009602590235292566,0.07090196339561543,estimated_regional_daily_relative_pressure
2024-03-04,HGA,0.8390349785514211,0.6092409658607767,0.7119770612504898,-0.009602590235292566,-0.0931335051544205,estimated_regional_daily_relative_pressure
2024-03-05,HGA,0.9508071193334008,0.6682431942900995,0.7054404355939036,-0.009602590235292566,-0.02759465106851152,estimated_regional_daily_relative_pressure
2024-03-06,HGA,0.9532327891017148,0.6694858404399044,0.7042019575887253,-0.009602590235292566,-0.02511352691352827,estimated_regional_daily_relative_pressure
2024-03-07,HGA,0.8687127674690902,0.625249834196019,0.7039480015280477,-0.009602590235292566,-0.06909557709673615,estimated_regional_daily_relative_pressure
2024-03-08,HGA,0.937993152513802,0.6616529801877205,0.7127678245658744,-0.009602590235292566,-0.04151225414286138,estimated_regional_daily_relative_pressure
2024-03-09,HGA,1.30418489591443,0.834726989576649,0.7215159461737042,-0.009602590235292566,0.12281363363823743,estimated_regional_daily_relative_pressure
2024-03-10,HGA,1.2254970767815752,0.7999802959620467,0.7250229635241365,-0.009602590235292566,0.08455992267320271,estimated_regional_daily_relative_pressure
2024-03-11,HGA,0.8577642723442405,0.6193737606227495,0.7240167892033432,-0.009602590235292566,-0.09504043834530114,estimated_regional_daily_relative_pressure
2024-03-12,HGA,0.9429286615177164,0.6641964540844773,0.7225876536391892,-0.009602590235292566,-0.04878860931941938,estimated_regional_daily_relative_pressure
2024-03-13,HGA,0.9222376841342652,0.6534899679044338,0.7280783010385941,-0.009602590235292566,-0.06498574289886767,estimated_regional_daily_relative_pressure
2024-03-14,HGA,1.0078101809678977,0.6970446659706201,0.7313390612140318,-0.009602590235292566,-0.02469180500811915,estimated_regional_daily_relative_pressure
2024-03-15,HGA,1.0802963872418911,0.7325103774282338,0.739755327920474,-0.009602590235292566,0.0023576397430522898,estimated_regional_daily_relative_pressure
2024-03-16,HGA,1.3796502841142568,0.8669535374389338,0.7510301175020271,-0.009602590235292566,0.12552601017219925,estimated_regional_daily_relative_pressure
2024-03-17,HGA,1.2873683192705814,0.8274019511643973,0.7526166059180002,-0.009602590235292566,0.0843879354816897,estimated_regional_daily_relative_pressure
2024-03-18,HGA,0.8898220330298969,0.6364826622199482,0.7508105123594927,-0.009602590235292566,-0.10472525990425192,estimated_regional_daily_relative_pressure
2024-03-19,HGA,1.0003246433670014,0.693309489070707,0.7514480389498296,-0.009602590235292566,-0.04853595964383003,estimated_regional_daily_relative_pressure
2024-03-20,HGA,0.9832563344428742,0.6847401071658183,0.7703316251236839,-0.009602590235292566,-0.075988927722573,estimated_regional_daily_relative_pressure
2024-03-21,HGA,0.949532658551312,0.667589681570683,0.7839525059895291,-0.009602590235292566,-0.10676023418355358,estimated_regional_daily_relative_pressure
2024-03-22,HGA,0.9558174671191212,0.670808247789341,0.8048758883368049,-0.009602590235292566,-0.12446505031217132,estimated_regional_daily_relative_pressure
2024-03-23,HGA,1.575423092754361,0.9460138284844118,0.8144110610340471,-0.009602590235292566,0.14120535768565726,estimated_regional_daily_relative_pressure
2024-03-24,HGA,1.5037301022066112,0.9177816607697511,0.8187037316604595,-0.009602590235292566,0.10868051934458416,estimated_regional_daily_relative_pressure
2024-03-25,HGA,1.194679689722971,0.7860361086454494,0.8144491629502241,-0.009602590235292566,-0.018810464069482134,estimated_regional_daily_relative_pressure
2024-03-26,HGA,1.228604204860714,0.8013754724013213,0.8133654619654523,-0.009602590235292566,-0.0023873993288384323,estimated_regional_daily_relative_pressure
2024-03-27,HGA,1.2671567745005694,0.8185265241852706,0.8192558552303275,-0.009602590235292566,0.008873259190235664,estimated_regional_daily_relative_pressure
2024-03-28,HGA,1.2170667637068453,0.7961850446177512,0.8212092086181529,-0.009602590235292566,-0.015421573765109184,estimated_regional_daily_relative_pressure
2024-03-29,HGA,1.1880160472388526,0.7829952187370685,0.8299190445912075,-0.009602590235292566,-0.03732123561884645,estimated_regional_daily_relative_pressure
2024-03-30,HGA,1.566503527597635,0.942544477495217,0.83627627131602,-0.009602590235292566,0.11587079641448954,estimated_regional_daily_relative_pressure
2024-03-31,HGA,1.5737722208746066,0.9453726129795545,0.8427067689812229,-0.009602590235292566,0.11226843423362425,estimated_regional_daily_relative_pressure
2024-04-01,HGA,0.9536928913948516,0.6697213720741819,0.8456769591036272,-0.01037047588738141,-0.16558511114206384,estimated_regional_daily_relative_pressure
2024-04-02,HGA,1.212629053923819,0.7941814256559442,0.8487328278947337,-0.01037047588738141,-0.044180926351408106,estimated_regional_daily_relative_pressure
2024-04-03,HGA,1.25167516832573,0.8116744584552353,0.8562757170171724,-0.01037047588738141,-0.034230782674555676,estimated_regional_daily_relative_pressure
2024-04-04,HGA,2.302342738152569,1.1946321372502622,0.8602331942871607,-0.01037047588738141,0.3447694188504829,estimated_regional_daily_relative_pressure
2024-04-05,HGA,1.9757333152112837,1.0904905011313006,0.8700777628301414,-0.01037047588738141,0.23078321418854067,estimated_regional_daily_relative_pressure
2024-04-06,HGA,2.7363555826466044,1.3181106932054527,0.8791938501172867,-0.01037047588738141,0.44928731897554747,estimated_regional_daily_relative_pressure
2024-04-07,HGA,1.5113995510566602,0.9208401878105301,0.8830347627207588,-0.01037047588738141,0.04817590097715277,estimated_regional_daily_relative_pressure
2024-04-08,HGA,1.2138338130360715,0.7947257696065029,0.8704936567243374,-0.01037047588738141,-0.06539741123045315,estimated_regional_daily_relative_pressure
2024-04-09,HGA,1.01947052266016,0.7028353595593483,0.8685368199947753,-0.01037047588738141,-0.1553309845480456,estimated_regional_daily_relative_pressure
2024-04-10,HGA,1.151974010742566,0.7663855654341251,0.8680923044601705,-0.01037047588738141,-0.09133626313866403,estimated_regional_daily_relative_pressure
2024-04-11,HGA,1.229942837719577,0.8019759518338817,0.8682418508378639,-0.01037047588738141,-0.055895423116600756,estimated_regional_daily_relative_pressure
2024-04-12,HGA,1.0642158261940668,0.7247504091070631,0.873362322924007,-0.01037047588738141,-0.13824143792956242,estimated_regional_daily_relative_pressure
2024-04-13,HGA,1.5180754088006116,0.923494883069124,0.880426000653036,-0.01037047588738141,0.05343935830346938,estimated_regional_daily_relative_pressure
2024-04-14,HGA,1.4451798889664969,0.8941186944398113,0.8838927160419746,-0.01037047588738141,0.020596454285218085,estimated_regional_daily_relative_pressure
2024-04-15,HGA,1.5392170996893375,0.9318558050495227,0.8802004635768378,-0.01037047588738141,0.06202581736006632,estimated_regional_daily_relative_pressure
2024-04-16,HGA,1.6091628721143767,0.9590294312334635,0.8933722194451061,-0.01037047588738141,0.07602768767573878,estimated_regional_daily_relative_pressure
2024-04-17,HGA,1.5146506408115816,0.9221338836887023,0.9171599153663588,-0.01037047588738141,0.015344444209724946,estimated_regional_daily_relative_pressure
2024-04-18,HGA,1.3876562231581042,0.8703122250155508,0.9352229249114529,-0.01037047588738141,-0.05454022400852063,estimated_regional_daily_relative_pressure
2024-04-19,HGA,1.2614162683922228,0.8159912844403423,0.9569267414753082,-0.01037047588738141,-0.1305649811475845,estimated_regional_daily_relative_pressure
2024-04-20,HGA,1.691023843047653,0.9899217319982155,0.9624034161082082,-0.01037047588738141,0.037888791777388714,estimated_regional_daily_relative_pressure
2024-04-21,HGA,1.5861968205084795,0.9501883874721921,0.9528894450918192,-0.01037047588738141,0.007669418267754387,estimated_regional_daily_relative_pressure
2024-04-22,HGA,1.2031244084135966,0.7898765384969723,0.9375482575567096,-0.01037047588738141,-0.1373012431723559,estimated_regional_daily_relative_pressure
2024-04-23,HGA,0.7458465074679173,0.5572395425953509,0.932300786732576,-0.01037047588738141,-0.36469076824984364,estimated_regional_daily_relative_pressure
2024-04-24,HGA,1.3563639272982688,0.8571197221533253,0.9301932942287248,-0.01037047588738141,-0.06270309618801803,estimated_regional_daily_relative_pressure
2024-04-25,HGA,1.1646444617601093,0.772256127072702,0.9315697886334421,-0.01037047588738141,-0.1489431856733587,estimated_regional_daily_relative_pressure
2024-04-26,HGA,1.2389598606720629,0.8060114101098124,0.9377191485175094,-0.01037047588738141,-0.1213372625203156,estimated_regional_daily_relative_pressure
2024-04-27,HGA,1.6571687038069562,0.9772611588557101,0.9425670710497968,-0.01037047588738141,0.04506456369329473,estimated_regional_daily_relative_pressure
2024-04-28,HGA,1.759802320668038,1.0151590542176498,0.943253011899761,-0.01037047588738141,0.0822765182052703,estimated_regional_daily_relative_pressure
2024-04-29,HGA,1.436258341623513,0.8904633957941671,0.939095686141928,-0.01037047588738141,-0.038261814460379434,estimated_regional_daily_relative_pressure
2024-04-30,HGA,1.2889304385885776,0.8280846510759736,0.9347866858066757,-0.01037047588738141,-0.09633155884332065,estimated_regional_daily_relative_pressure
2024-05-01,HGA,2.871713000501514,1.3536970448958732,0.9307463302586089,0.011019271768479675,0.41193144286878464,estimated_regional_daily_relative_pressure
2024-05-02,HGA,3.084257485246683,1.4071399456330134,0.9253963857006213,0.011019271768479675,0.4707242881639124,estimated_regional_daily_relative_pressure
2024-05-03,HGA,2.873407929796703,1.354134721553862,0.9269536109797059,0.011019271768479675,0.4161618388056764,estimated_regional_daily_relative_pressure
2024-05-04,HGA,3.412726586259941,1.4844927719347525,0.9265269791286578,0.011019271768479675,0.546946521037615,estimated_regional_daily_relative_pressure
2024-05-05,HGA,2.9134097424539043,1.3644090508701603,0.9253013801127087,0.011019271768479675,0.42808839898897194,estimated_regional_daily_relative_pressure
2024-05-06,HGA,1.2156756694524455,0.7955573996232391,0.9181480483176009,0.011019271768479675,-0.13360992046284142,estimated_regional_daily_relative_pressure
2024-05-07,HGA,1.3222438143042088,0.8425338796170554,0.9122447218784144,0.011019271768479675,-0.08073011402983872,estimated_regional_daily_relative_pressure
2024-05-08,HGA,1.1343637486406235,0.7581685922623906,0.910997951145771,0.011019271768479675,-0.16384863065186,estimated_regional_daily_relative_pressure
2024-05-09,HGA,1.0738224569805015,0.7293935019871126,0.9194462955080842,0.011019271768479675,-0.20107206528945126,estimated_regional_daily_relative_pressure
2024-05-10,HGA,1.107509010027944,0.745506686105586,0.9219902918102896,0.011019271768479675,-0.18750287747318323,estimated_regional_daily_relative_pressure
2024-05-11,HGA,1.6039140628921604,0.9570157218402101,0.9283654543416092,0.011019271768479675,0.017630995730121217,estimated_regional_daily_relative_pressure
2024-05-12,HGA,1.5915639892972884,0.9522615503347899,0.9274625384022639,0.011019271768479675,0.013779740164046308,estimated_regional_daily_relative_pressure
2024-05-13,HGA,1.108579663273626,0.7460145754559578,0.922116410517933,0.011019271768479675,-0.18712110683045485,estimated_regional_daily_relative_pressure
2024-05-14,HGA,1.2135947650319363,0.7946177845762975,0.9153481371534924,0.011019271768479675,-0.13174962434567455,estimated_regional_daily_relative_pressure
2024-05-15,HGA,1.13943052551307,0.7605396840469931,0.9122716863668764,0.011019271768479675,-0.16275127408836293,estimated_regional_daily_relative_pressure
2024-05-16,HGA,1.240288793126013,0.8066047830594545,0.9121947519735761,0.011019271768479675,-0.11660924068260133,estimated_regional_daily_relative_pressure
2024-05-17,HGA,1.2104169213592857,0.7931811499358449,0.9002408596773548,0.011019271768479675,-0.11807898150998959,estimated_regional_daily_relative_pressure
2024-05-18,HGA,1.6390206101931888,0.970407867340326,0.8847727300291091,0.011019271768479675,0.07461586554273729,estimated_regional_daily_relative_pressure
2024-05-19,HGA,1.3562859694177698,0.8570866376330598,0.8664695183458396,0.011019271768479675,-0.02040215248125949,estimated_regional_daily_relative_pressure
2024-05-20,HGA,1.177108706187739,0.7779977149459176,0.8451561915635322,0.011019271768479675,-0.07817774838609422,estimated_regional_daily_relative_pressure
2024-05-21,HGA,1.1558141463725624,0.7681684463498739,0.8284580033509008,0.011019271768479675,-0.07130882876950657,estimated_regional_daily_relative_pressure
2024-05-22,HGA,1.1536956378767491,0.767185267857411,0.8290655398121013,0.011019271768479675,-0.07289954372316994,estimated_regional_daily_relative_pressure
2024-05-23,HGA,1.1195984190938724,0.7512266457850276,0.8278198386900213,0.011019271768479675,-0.08761246467347335,estimated_regional_daily_relative_pressure
2024-05-24,HGA,1.2685440041209857,0.8191382178270601,0.8368159949051097,0.011019271768479675,-0.0286970488465293,estimated_regional_daily_relative_pressure
2024-05-25,HGA,1.5497201486533188,0.9359836075216934,0.847339100779921,0.011019271768479675,0.0776252349732927,estimated_regional_daily_relative_pressure
2024-05-26,HGA,1.6376441874716017,0.9698861655436097,0.8608757844366146,0.011019271768479675,0.09799110933851544,estimated_regional_daily_relative_pressure
2024-05-27,HGA,1.1771594356849344,0.7780210159901091,0.8567034663838261,0.011019271768479675,-0.0897017221621967,estimated_regional_daily_relative_pressure
2024-05-28,HGA,1.2513526074096109,0.8115311944414494,0.8532957956781515,0.011019271768479675,-0.05278387300518179,estimated_regional_daily_relative_pressure
2024-05-29,HGA,1.2374628773930598,0.8053425799199924,0.85588099065344,0.011019271768479675,-0.06155768250192734,estimated_regional_daily_relative_pressure
2024-05-30,HGA,1.2146478826659384,0.7950934214090729,0.8579865695519853,0.011019271768479675,-0.07391241991139204,estimated_regional_daily_relative_pressure
2024-05-31,HGA,1.2834779214949803,0.825699684883663,0.8682665309299632,0.011019271768479675,-0.053586117814779906,estimated_regional_daily_relative_pressure
2024-06-01,HGA,1.672799389673146,0.9831263837130123,0.8754625553156093,-0.0024673335456460678,0.11013116194304903,estimated_regional_daily_relative_pressure
2024-06-02,HGA,1.5285042605248127,0.9276279265373957,0.8766450954302032,-0.0024673335456460678,0.05345016465283855,estimated_regional_daily_relative_pressure
2024-06-03,HGA,1.1962144185198769,0.7867351593725088,0.8739288099373635,-0.0024673335456460678,-0.08472631701920866,estimated_regional_daily_relative_pressure
2024-06-04,HGA,1.2790977516417792,0.8237796416832228,0.8747645150132562,-0.0024673335456460678,-0.048517539784387366,estimated_regional_daily_relative_pressure
2024-06-05,HGA,1.3320908280158417,0.8467652162785881,0.8783462206482219,-0.0024673335456460678,-0.029113670823987668,estimated_regional_daily_relative_pressure
2024-06-06,HGA,1.257800320777286,0.814391029920455,0.8810946186674257,-0.0024673335456460678,-0.06423625520132462,estimated_regional_daily_relative_pressure
2024-06-07,HGA,1.234275791332617,0.8039171448325725,0.8912036075430408,-0.0024673335456460678,-0.08481912916482229,estimated_regional_daily_relative_pressure
2024-06-08,HGA,1.8208815286976283,1.0370494349301342,0.9008918728922818,-0.0024673335456460678,0.13862489558349853,estimated_regional_daily_relative_pressure
2024-06-09,HGA,1.873726972765151,1.055609784106265,0.9022480554458197,-0.0024673335456460678,0.15582906220609147,estimated_regional_daily_relative_pressure
2024-06-10,HGA,2.2063841828509205,1.1651438794630855,0.9024987146947933,-0.0024673335456460678,0.2651124983139383,estimated_regional_daily_relative_pressure
2024-06-11,HGA,1.2879903645343431,0.8276738622037639,0.900332154624349,-0.0024673335456460678,-0.07019095887493901,estimated_regional_daily_relative_pressure
2024-06-12,HGA,1.3317609588637844,0.8466237584588798,0.905045163702375,-0.0024673335456460678,-0.055954071697849085,estimated_regional_daily_relative_pressure
2024-06-13,HGA,1.284519275935494,0.8261556196899009,0.9092637505566882,-0.0024673335456460678,-0.08064079732114118,estimated_regional_daily_relative_pressure
2024-06-14,HGA,1.362902486263155,0.8598907304312006,0.9191755438872108,-0.0024673335456460678,-0.056817479910364156,estimated_regional_daily_relative_pressure
2024-06-15,HGA,1.94237914403786,1.079218486764312,0.9268193327219911,-0.0024673335456460678,0.15486648758796692,estimated_regional_daily_relative_pressure
2024-06-16,HGA,1.80017394653618,1.0296815390144787,0.9279001338746469,-0.0024673335456460678,0.10424873868547788,estimated_regional_daily_relative_pressure
2024-06-17,HGA,1.2929515943923788,0.8298398934882604,0.9238247205577664,-0.0024673335456460678,-0.09151749352385999,estimated_regional_daily_relative_pressure
2024-06-18,HGA,1.425901037085628,0.886203017062293,0.926304297056982,-0.0024673335456460678,-0.03763394644904298,estimated_regional_daily_relative_pressure
2024-06-19,HGA,1.4181275354370442,0.88299349498573,0.9341139484376776,-0.0024673335456460678,-0.048653119906301535,estimated_regional_daily_relative_pressure
2024-06-20,HGA,1.4327701551980394,0.8890305896298565,0.9411303638425133,-0.0024673335456460678,-0.049632440667010704,estimated_regional_daily_relative_pressure
2024-06-21,HGA,1.3475419099275308,0.8533687849451909,0.9535393259454795,-0.0024673335456460678,-0.09770320745464259,estimated_regional_daily_relative_pressure
2024-06-22,HGA,1.946340591901916,1.0805639230014836,0.9679003374720251,-0.0024673335456460678,0.11513091907510462,estimated_regional_daily_relative_pressure
2024-06-23,HGA,1.862120751693126,1.0515628716114982,0.9735403487728559,-0.0024673335456460678,0.08048985638428838,estimated_regional_daily_relative_pressure
2024-06-24,HGA,1.3659505781608223,0.8611798769867296,0.9748303606749107,-0.0024673335456460678,-0.11118315014253502,estimated_regional_daily_relative_pressure
2024-06-25,HGA,1.5696097631355563,0.9437540442398762,0.974822213756679,-0.0024673335456460678,-0.028600835971156733,estimated_regional_daily_relative_pressure
2024-06-26,HGA,1.4663092523807215,0.9027228033598396,0.9714046544320682,-0.0024673335456460678,-0.06621451752658261,estimated_regional_daily_relative_pressure
2024-06-27,HGA,1.5196608204596598,0.924124297408914,0.9796732228061118,-0.0024673335456460678,-0.053081591851551736,estimated_regional_daily_relative_pressure
2024-06-28,HGA,1.5658951059415802,0.9423073869251553,0.9934645665405519,-0.0024673335456460678,-0.04868984606975061,estimated_regional_daily_relative_pressure
2024-06-29,HGA,2.042282856268788,1.1126081731661934,1.0084661387549423,-0.0024673335456460678,0.10660936795689721,estimated_regional_daily_relative_pressure
2024-06-30,HGA,1.8068163661933312,1.0320508752872666,1.0154583388769673,-0.0024673335456460678,0.0190598699559453,estimated_regional_daily_relative_pressure
2024-07-01,HGA,1.3612815955838422,0.8592045206159882,1.0159768736511843,0.00228334231147404,-0.15905569534667013,estimated_regional_daily_relative_pressure
2024-07-02,HGA,1.355583743592763,0.8567885708897172,1.0187912773010248,0.00228334231147404,-0.16428604872278169,estimated_regional_daily_relative_pressure
2024-07-03,HGA,1.7305274564159618,1.0044947980130816,1.0293826224850255,0.00228334231147404,-0.027171166783417973,estimated_regional_daily_relative_pressure
2024-07-04,HGA,1.797802680612298,1.0288343521740733,1.0402190830623246,0.00228334231147404,-0.013668073199725355,estimated_regional_daily_relative_pressure
2024-07-05,HGA,1.8328648645471015,1.0412885192331256,1.0582882020762159,0.00228334231147404,-0.019283025154564322,estimated_regional_daily_relative_pressure
2024-07-06,HGA,2.426170076235468,1.231443041470544,1.0752910767556445,0.00228334231147404,0.15386862240342541,estimated_regional_daily_relative_pressure
2024-07-07,HGA,2.5239495337544477,1.2595823872433678,1.086303468847864,0.00228334231147404,0.17099557608402965,estimated_regional_daily_relative_pressure
2024-07-08,HGA,1.661147698014954,0.9787574951583249,1.0928828567685458,0.00228334231147404,-0.11640870392169494,estimated_regional_daily_relative_pressure
2024-07-09,HGA,1.935975611164928,1.0770398038938327,1.096345094346893,0.00228334231147404,-0.02158863276453444,estimated_regional_daily_relative_pressure
2024-07-10,HGA,1.8730012918273136,1.055357229641087,1.1042999830870768,0.00228334231147404,-0.0512260957574639,estimated_regional_daily_relative_pressure
2024-07-11,HGA,1.8840614903544772,1.0591995404001513,1.1022917517821254,0.00228334231147404,-0.0453755536934481,estimated_regional_daily_relative_pressure
2024-07-12,HGA,1.9564803260964192,1.0839994817991125,1.1189060043437957,0.00228334231147404,-0.037189864856157225,estimated_regional_daily_relative_pressure
2024-07-13,HGA,2.575680165832657,1.2741554142265268,1.1325543373954974,0.00228334231147404,0.13931773451955537,estimated_regional_daily_relative_pressure
2024-07-14,HGA,2.637164368222441,1.2912043583359978,1.140483484518631,0.00228334231147404,0.14843753150589284,estimated_regional_daily_relative_pressure
2024-07-15,HGA,1.9348282515663824,1.0766489342139796,1.1412691210423664,0.00228334231147404,-0.06690352913986092,estimated_regional_daily_relative_pressure
2024-07-16,HGA,1.9900588358925648,1.0952930647650363,1.1412282916473635,0.00228334231147404,-0.04821856919380125,estimated_regional_daily_relative_pressure
2024-07-17,HGA,2.05545357755053,1.1169280521595346,1.1540776142809672,0.00228334231147404,-0.03943290443290665,estimated_regional_daily_relative_pressure
2024-07-18,HGA,2.1841061124212677,1.1581715941922859,1.168082873174192,0.00228334231147404,-0.012194621293380064,estimated_regional_daily_relative_pressure
2024-07-19,HGA,2.3944213170774216,1.2221332949585604,1.1826923099519155,0.00228334231147404,0.037157642695170794,estimated_regional_daily_relative_pressure
2024-07-20,HGA,3.233953475809045,1.443136184416366,1.1903552374944022,0.00228334231147404,0.2504976046104897,estimated_regional_daily_relative_pressure
2024-07-21,HGA,3.121098296646699,1.4161197046921332,1.1984602769508115,0.00228334231147404,0.2153760854298477,estimated_regional_daily_relative_pressure
2024-07-22,HGA,2.302741693685603,1.1947529398040027,1.2044288306203539,0.00228334231147404,-0.01195923312782527,estimated_regional_daily_relative_pressure
2024-07-23,HGA,2.6129512117399107,1.2845249485426138,1.2072848806768055,0.00228334231147404,0.07495672555433425,estimated_regional_daily_relative_pressure
2024-07-24,HGA,2.186401541118576,1.1588922365402696,1.2184422278633573,0.00228334231147404,-0.061833333634561734,estimated_regional_daily_relative_pressure
2024-07-25,HGA,2.0276339137894297,1.107781427932426,1.2265214678134906,0.00228334231147404,-0.12102338219253855,estimated_regional_daily_relative_pressure
2024-07-26,HGA,1.414516050333248,0.8814988737863781,1.2401406139051003,0.00228334231147404,-0.3609250824301962,estimated_regional_daily_relative_pressure
2024-07-27,HGA,3.1278827854214395,1.4177646327716196,1.2532675065875505,0.00228334231147404,0.16221378387259505,estimated_regional_daily_relative_pressure
2024-07-28,HGA,2.8467268659316955,1.347222622011666,1.2588194340580958,0.00228334231147404,0.08611984564209624,estimated_regional_daily_relative_pressure
2024-07-29,HGA,2.2808776005206286,1.1881109477422935,1.263478906618324,0.00228334231147404,-0.07765130118750457,estimated_regional_daily_relative_pressure
2024-07-30,HGA,2.117286479854765,1.136962905401997,1.2672264856539144,0.00228334231147404,-0.13254692256339146,estimated_regional_daily_relative_pressure
2024-07-31,HGA,1.8032659945023937,1.0307851640421721,1.27479160793221,0.00228334231147404,-0.24628978620151182,estimated_regional_daily_relative_pressure
2024-08-01,HGA,2.516736828396402,1.2575335222577115,1.2797444566109726,0.024968028519747346,-0.04717896287300839,estimated_regional_daily_relative_pressure
2024-08-02,HGA,2.6362451483453864,1.2909515965796703,1.2879522275687383,0.024968028519747346,-0.02196865950881534,estimated_regional_daily_relative_pressure
2024-08-03,HGA,3.294724195493467,1.457387338122519,1.293944746060665,0.024968028519747346,0.13847456354210674,estimated_regional_daily_relative_pressure
2024-08-04,HGA,2.5480036953994394,1.2663851059911648,1.2839419574719788,0.024968028519747346,-0.04252488000056133,estimated_regional_daily_relative_pressure
2024-08-05,HGA,2.642042834092113,1.29254474238181,1.269379515271219,0.024968028519747346,-0.0018028014091564654,estimated_regional_daily_relative_pressure
2024-08-06,HGA,3.1225347518928563,1.4164682052263606,1.2622571506937252,0.024968028519747346,0.12924302601288806,estimated_regional_daily_relative_pressure
2024-08-07,HGA,2.850180148385247,1.3481199389933671,1.2616653625797496,0.024968028519747346,0.06148654789387019,estimated_regional_daily_relative_pressure
2024-08-08,HGA,2.760813377992901,1.3246352579414369,1.2554010089543906,0.024968028519747346,0.044266220467298986,estimated_regional_daily_relative_pressure
2024-08-09,HGA,2.7715884126766084,1.32749624234796,1.2571023012155134,0.024968028519747346,0.045425912612699224,estimated_regional_daily_relative_pressure
2024-08-10,HGA,3.38219946138182,1.477550758480984,1.2590244825023802,0.024968028519747346,0.19355824745885641,estimated_regional_daily_relative_pressure
2024-08-11,HGA,3.3324500506722643,1.4661332135561134,1.259418904748926,0.024968028519747346,0.1817462802874401,estimated_regional_daily_relative_pressure
2024-08-12,HGA,2.51173154459817,1.2561092333860118,1.2438604151766046,0.024968028519747346,-0.012719210310340193,estimated_regional_daily_relative_pressure
2024-08-13,HGA,3.131328655517307,1.418599063593605,1.2294352945224285,0.024968028519747346,0.16419574055142916,estimated_regional_daily_relative_pressure
2024-08-14,HGA,3.0852352215921206,1.4073793084392956,1.2208169587386948,0.024968028519747346,0.16159432118085348,estimated_regional_daily_relative_pressure
2024-08-15,HGA,2.7105040311379778,1.311167724841146,1.2137520149026153,0.024968028519747346,0.07244768141878331,estimated_regional_daily_relative_pressure
2024-08-16,HGA,2.4862664336882285,1.248831373806674,1.2159019499660333,0.024968028519747346,0.007961395320893447,estimated_regional_daily_relative_pressure
2024-08-17,HGA,2.940741690250748,1.3713689518502743,1.2063427874872332,0.024968028519747346,0.14005813584329374,estimated_regional_daily_relative_pressure
2024-08-18,HGA,2.8341189433313247,1.3439396674420119,1.1917403513055216,0.024968028519747346,0.12723128761674296,estimated_regional_daily_relative_pressure
2024-08-19,HGA,1.4894127734542195,0.9120468487092876,1.1711831689171919,0.024968028519747346,-0.28410434872765156,estimated_regional_daily_relative_pressure
2024-08-20,HGA,1.6958147457179815,0.9917004761928138,1.1558507173081811,0.024968028519747346,-0.1891182696351147,estimated_regional_daily_relative_pressure
2024-08-21,HGA,2.304636236971971,1.1953264027898256,1.1402223574566464,0.024968028519747346,0.030136016813431907,estimated_regional_daily_relative_pressure
2024-08-22,HGA,2.2427038658280662,1.1764075082707603,1.1209353521036574,0.024968028519747346,0.030504127647355647,estimated_regional_daily_relative_pressure
2024-08-23,HGA,1.97525570378603,1.0903299861564772,1.1088335826531028,0.024968028519747346,-0.04347162501637293,estimated_regional_daily_relative_pressure
2024-08-24,HGA,2.358963004194298,1.2116322966350863,1.09778729964011,0.024968028519747346,0.08887696847522907,estimated_regional_daily_relative_pressure
2024-08-25,HGA,2.21352687138677,1.1673690478252894,1.076931390901669,0.024968028519747346,0.06546962840387315,estimated_regional_daily_relative_pressure
2024-08-26,HGA,1.4442197795425336,0.8937259634293,1.0456661938928804,0.024968028519747346,-0.17690825898332774,estimated_regional_daily_relative_pressure
2024-08-27,HGA,1.5483636722294158,0.9354514560296533,1.0228757449895283,0.024968028519747346,-0.11239231747962232,estimated_regional_daily_relative_pressure
2024-08-28,HGA,1.4597110451701671,0.900043881732211,1.0071914844911303,0.024968028519747346,-0.13211563127866666,estimated_regional_daily_relative_pressure
2024-08-29,HGA,1.511656607552732,0.920942538446549,0.9867733725868485,0.024968028519747346,-0.09079886266004679,estimated_regional_daily_relative_pressure
2024-08-30,HGA,1.504150728423562,0.9179496464835354,0.9723252956903745,0.024968028519747346,-0.07934367772658647,estimated_regional_daily_relative_pressure
2024-08-31,HGA,1.9964646717490244,1.097433151008132,0.9732141006618198,0.024968028519747346,0.09925102182656496,estimated_regional_daily_relative_pressure
2024-09-01,HGA,1.6148310448116645,0.9611994854149095,0.9685775609814672,-0.04529497326642108,0.03791689769986341,estimated_regional_daily_relative_pressure
2024-09-02,HGA,1.3123771737657697,0.8382760749466075,0.960670730499928,-0.04529497326642108,-0.07709968228689944,estimated_regional_daily_relative_pressure
2024-09-03,HGA,1.2707602426590472,0.8201146840842976,0.9434821273116052,-0.04529497326642108,-0.07807246996088656,estimated_regional_daily_relative_pressure
2024-09-04,HGA,1.20577540816239,0.7910791061118267,0.940674771625236,-0.04529497326642108,-0.10430069224698822,estimated_regional_daily_relative_pressure
2024-09-05,HGA,1.243563807282028,0.8080655869842355,0.9344401670118704,-0.04529497326642108,-0.08107960676121383,estimated_regional_daily_relative_pressure
2024-09-06,HGA,1.2672576994538614,0.8185710392836977,0.9275750608485072,-0.04529497326642108,-0.0637090482983884,estimated_regional_daily_relative_pressure
2024-09-07,HGA,1.6457777991325289,0.9729650860261807,0.9198811953724432,-0.04529497326642108,0.09837886392015861,estimated_regional_daily_relative_pressure
2024-09-08,HGA,1.6703257922526271,0.9822004845386483,0.9084427012799549,-0.04529497326642108,0.1190527565251145,estimated_regional_daily_relative_pressure
2024-09-09,HGA,0.9757796332188488,0.6809630714562943,0.8941293916620809,-0.04529497326642108,-0.16787134693936556,estimated_regional_daily_relative_pressure
2024-09-10,HGA,0.6625118996534507,0.5083296512085421,0.8809478615710874,-0.04529497326642108,-0.3273232370961242,estimated_regional_daily_relative_pressure
2024-09-11,HGA,1.1374837031709322,0.7596292975521964,0.8772876167369806,-0.04529497326642108,-0.07236334591836312,estimated_regional_daily_relative_pressure
2024-09-12,HGA,1.1595441503858992,0.7698971579356755,0.8716332619822299,-0.04529497326642108,-0.05644113078013334,estimated_regional_daily_relative_pressure
2024-09-13,HGA,1.1938052532046806,0.7856375945608689,0.8733875869381993,-0.04529497326642108,-0.042455019110909306,estimated_regional_daily_relative_pressure
2024-09-14,HGA,1.6103620407570889,0.9594889246486031,0.874425177798109,-0.04529497326642108,0.13035872011691518,estimated_regional_daily_relative_pressure
2024-09-15,HGA,2.8141608465517938,1.3387206789559476,0.8670743986818664,-0.04529497326642108,0.5169412535405022,estimated_regional_daily_relative_pressure
2024-09-16,HGA,2.019522311016728,1.1050986437157446,0.8701401337914351,-0.04529497326642108,0.2802534831907306,estimated_regional_daily_relative_pressure
2024-09-17,HGA,2.084091754131932,1.1262572069225616,0.8794843073791201,-0.04529497326642108,0.29206787280986257,estimated_regional_daily_relative_pressure
2024-09-18,HGA,1.2503662226732666,0.8110929686040033,0.8920057821791407,-0.04529497326642108,-0.035617840308716384,estimated_regional_daily_relative_pressure
2024-09-19,HGA,1.2819237162787087,0.8250188224318458,0.9044470619399027,-0.04529497326642108,-0.034133266241635804,estimated_regional_daily_relative_pressure
2024-09-20,HGA,1.2220445336836878,0.7984277331784725,0.9238008615523167,-0.04529497326642108,-0.0800781551074231,estimated_regional_daily_relative_pressure
2024-09-21,HGA,1.671147383429676,0.9825081117255705,0.9398689107560957,-0.04529497326642108,0.0879341742358959,estimated_regional_daily_relative_pressure
2024-09-22,HGA,1.5546051676704042,0.937897678512775,0.9485066211686797,-0.04529497326642108,0.03468603061051635,estimated_regional_daily_relative_pressure
2024-09-23,HGA,1.0870188690577511,0.7357366692893387,0.9402210316534274,-0.04529497326642108,-0.15918938909766767,estimated_regional_daily_relative_pressure
2024-09-24,HGA,1.1552779588884667,0.7679196984809958,0.932449473520596,-0.04529497326642108,-0.11923480177317912,estimated_regional_daily_relative_pressure
2024-09-25,HGA,1.1355871380900178,0.758741615004489,0.932876152880869,-0.04529497326642108,-0.12883956460995893,estimated_regional_daily_relative_pressure
2024-09-26,HGA,1.1820359731000711,0.7802583735719895,0.9384419926729235,-0.04529497326642108,-0.11288864583451295,estimated_regional_daily_relative_pressure
2024-09-27,HGA,1.1386321846579706,0.7601664586323826,0.942544983692117,-0.04529497326642108,-0.13708355179331333,estimated_regional_daily_relative_pressure
2024-09-28,HGA,1.5971844524673058,0.9544279553672608,0.9452869013202737,-0.04529497326642108,0.054436027313408145,estimated_regional_daily_relative_pressure
2024-09-29,HGA,1.5937581706025865,0.9531078551037504,0.9400445010325031,-0.04529497326642108,0.05835832733766834,estimated_regional_daily_relative_pressure
2024-09-30,HGA,0.9938660522459012,0.690075493880019,0.9315549662727046,-0.04529497326642108,-0.19618449912626457,estimated_regional_daily_relative_pressure
2024-10-01,HGA,2.295213428840669,1.1924709394047577,0.910737315126073,0.030356796549361215,0.25137682772932346,estimated_regional_daily_relative_pressure
2024-10-02,HGA,2.493376917858425,1.250868866633146,0.8969694812408724,0.030356796549361215,0.3235425888429124,estimated_regional_daily_relative_pressure
2024-10-03,HGA,2.409077728102475,1.226441793747246,0.8805834036052633,0.030356796549361215,0.31550159359262153,estimated_regional_daily_relative_pressure
2024-10-04,HGA,2.339410707920808,1.2057943566679177,0.8818937584621078,0.030356796549361215,0.29354380165644867,estimated_regional_daily_relative_pressure
2024-10-05,HGA,3.0190553766938546,1.3910468940966605,0.882368563594588,0.030356796549361215,0.47832153395271126,estimated_regional_daily_relative_pressure
2024-10-06,HGA,2.692025089664837,1.3061751123013823,0.8773111360068807,0.030356796549361215,0.3985071797451404,estimated_regional_daily_relative_pressure
2024-10-07,HGA,1.963408310218872,1.0863400620738024,0.8667266178679831,0.030356796549361215,0.18925664765645808,estimated_regional_daily_relative_pressure
2024-10-08,HGA,1.0464606955093163,0.716111811053363,0.8575336553266982,0.030356796549361215,-0.17177864082269648,estimated_regional_daily_relative_pressure
2024-10-09,HGA,1.0986246097532648,0.7412821824208738,0.8550074559472267,0.030356796549361215,-0.14408207007571408,estimated_regional_daily_relative_pressure
2024-10-10,HGA,1.002086990254802,0.6941901316247574,0.8514034893119329,0.030356796549361215,-0.1875701542365367,estimated_regional_daily_relative_pressure
2024-10-11,HGA,0.975597105902016,0.6808706847622311,0.8530310299106039,0.030356796549361215,-0.20251714169773397,estimated_regional_daily_relative_pressure
2024-10-12,HGA,1.4274031397397255,0.8868220191471954,0.8544711514876546,0.030356796549361215,0.001994071110179546,estimated_regional_daily_relative_pressure
2024-10-13,HGA,1.35113127139849,0.8548966044085342,0.849407777447272,0.030356796549361215,-0.02486796958809903,estimated_regional_daily_relative_pressure
2024-10-14,HGA,0.864742894918552,0.6231231856399789,0.8399759735489086,0.030356796549361215,-0.24720958445829092,estimated_regional_daily_relative_pressure
2024-10-15,HGA,1.006342368268584,0.6963133470948529,0.8311204564184077,0.030356796549361215,-0.165163905872916,estimated_regional_daily_relative_pressure
2024-10-16,HGA,1.0004526769222104,0.6933734934103654,0.8340553763691565,0.030356796549361215,-0.17103867950815235,estimated_regional_daily_relative_pressure
2024-10-17,HGA,0.97051670128315,0.6782957932745266,0.8162265259837811,0.030356796549361215,-0.1682875292586157,estimated_regional_daily_relative_pressure
2024-10-18,HGA,0.8557497646967773,0.6182888002186784,0.8039249817203029,0.030356796549361215,-0.21599297805098575,estimated_regional_daily_relative_pressure
2024-10-19,HGA,1.343660373033125,0.8517139691661844,0.7915748880439508,0.030356796549361215,0.029782284572872325,estimated_regional_daily_relative_pressure
2024-10-20,HGA,1.3157596622247252,0.8397377815387289,0.7721249867490427,0.030356796549361215,0.03725599824032497,estimated_regional_daily_relative_pressure
2024-10-21,HGA,0.8996078648669386,0.6416474779595476,0.7478501840212457,0.030356796549361215,-0.13655950261105934,estimated_regional_daily_relative_pressure
2024-10-22,HGA,0.9239647856893274,0.6543880494197444,0.7264065607373443,0.030356796549361215,-0.10237530786696117,estimated_regional_daily_relative_pressure
2024-10-23,HGA,0.9211343900739096,0.6529158397329433,0.7137520120840918,0.030356796549361215,-0.09119296890050968,estimated_regional_daily_relative_pressure
2024-10-24,HGA,0.9298156660286409,0.6574244885257202,0.7106321891692366,0.030356796549361215,-0.08356449719287765,estimated_regional_daily_relative_pressure
2024-10-25,HGA,0.9274477776614972,0.6561967327868892,0.7124796013825461,0.030356796549361215,-0.08663966514501811,estimated_regional_daily_relative_pressure
2024-10-26,HGA,1.2460999879624293,0.8091953735632912,0.7156353506547434,0.030356796549361215,0.0632032263591866,estimated_regional_daily_relative_pressure
2024-10-27,HGA,1.2816574770177231,0.8249021424605641,0.712055199005365,0.030356796549361215,0.08249014690583797,estimated_regional_daily_relative_pressure
2024-10-28,HGA,0.8279623259453937,0.6032018633805183,0.7024104101247975,0.030356796549361215,-0.12956534329364047,estimated_regional_daily_relative_pressure
2024-10-29,HGA,0.9387472838313422,0.6620420345179936,0.6946794134160792,0.030356796549361215,-0.06299417544744682,estimated_regional_daily_relative_pressure
2024-10-30,HGA,0.9710902657614332,0.6785868240582283,0.6917939605865009,0.030356796549361215,-0.04356393307763376,estimated_regional_daily_relative_pressure
2024-10-31,HGA,1.1837815114932997,0.7810580123532256,0.6896939792481882,0.030356796549361215,0.061007236555676164,estimated_regional_daily_relative_pressure
2024-11-01,HGA,0.8960572100566762,0.6397765774581271,0.6943826777181562,-0.0006736358132023347,-0.05393246444682676,estimated_regional_daily_relative_pressure
2024-11-02,HGA,1.385767783804864,0.8695209944653184,0.6983955523052263,-0.0006736358132023347,0.1717990779732944,estimated_regional_daily_relative_pressure
2024-11-03,HGA,1.324695097967126,0.8435888897803309,0.6972830316760652,-0.0006736358132023347,0.146979493917468,estimated_regional_daily_relative_pressure
2024-11-04,HGA,0.8273145252605991,0.6028474165257676,0.6887263841603735,-0.0006736358132023347,-0.08520533182140357,estimated_regional_daily_relative_pressure
2024-11-05,HGA,0.8936913311313148,0.6385280095349521,0.6821060372609786,-0.0006736358132023347,-0.04290439191282414,estimated_regional_daily_relative_pressure
2024-11-06,HGA,0.8991810947492214,0.6414227905004392,0.6817859959374929,-0.0006736358132023347,-0.0396895696238514,estimated_regional_daily_relative_pressure
2024-11-07,HGA,1.0018045601460157,0.6940490538229741,0.6810206817683883,-0.0006736358132023347,0.01370200786778818,estimated_regional_daily_relative_pressure
2024-11-08,HGA,0.8578080047601782,0.6193973006928536,0.6848436097756169,-0.0006736358132023347,-0.06477267326956095,estimated_regional_daily_relative_pressure
2024-11-09,HGA,1.2223205906564345,0.7985519610334657,0.6882818918087016,-0.0006736358132023347,0.11094370503796645,estimated_regional_daily_relative_pressure
2024-11-10,HGA,1.2078481624917847,0.7920183590628749,0.685158366370055,-0.0006736358132023347,0.1075336285060222,estimated_regional_daily_relative_pressure
2024-11-11,HGA,0.7680654515390528,0.5698859836314989,0.6793723512807333,-0.0006736358132023347,-0.10881273183603203,estimated_regional_daily_relative_pressure
2024-11-12,HGA,0.8000844200850667,0.5878335638496055,0.6724333585857656,-0.0006736358132023347,-0.08392615892295775,estimated_regional_daily_relative_pressure
2024-11-13,HGA,0.8500926269126363,0.6152357064382679,0.6719929865596159,-0.0006736358132023347,-0.056083644308145726,estimated_regional_daily_relative_pressure
2024-11-14,HGA,0.7051859185406375,0.5336741479230486,0.6697314924952058,-0.0006736358132023347,-0.1353837087589549,estimated_regional_daily_relative_pressure
2024-11-15,HGA,0.8798912428246666,0.6312139256071598,0.6728328351926401,-0.0006736358132023347,-0.040945273772277975,estimated_regional_daily_relative_pressure
2024-11-16,HGA,1.3134112017417483,0.8387231459793753,0.6729951214497822,-0.0006736358132023347,0.16640166034279535,estimated_regional_daily_relative_pressure
2024-11-17,HGA,1.2315466396998946,0.8026949054736999,0.6702866449185308,-0.0006736358132023347,0.13308189636837142,estimated_regional_daily_relative_pressure
2024-11-18,HGA,0.7928394728888111,0.5838006607146824,0.6609391897410469,-0.0006736358132023347,-0.0764648932131622,estimated_regional_daily_relative_pressure
2024-11-19,HGA,0.797609804659805,0.5864578961797402,0.6521876482930459,-0.0006736358132023347,-0.06505611630010334,estimated_regional_daily_relative_pressure
2024-11-20,HGA,0.8860921209893087,0.6345070276574872,0.6529107705610143,-0.0006736358132023347,-0.017730107090324753,estimated_regional_daily_relative_pressure
2024-11-21,HGA,0.880854503905681,0.6317261969314933,0.650768914544314,-0.0006736358132023347,-0.01836908179961828,estimated_regional_daily_relative_pressure
2024-11-22,HGA,0.8788564306182107,0.6306633101774988,0.6549281365171626,-0.0006736358132023347,-0.023591190526461536,estimated_regional_daily_relative_pressure
2024-11-23,HGA,1.162849592342618,0.7714266079570324,0.6576672107913248,-0.0006736358132023347,0.11443303297890993,estimated_regional_daily_relative_pressure
2024-11-24,HGA,1.146870566971267,0.7640112315513441,0.6560385591505088,-0.0006736358132023347,0.10864630821403763,estimated_regional_daily_relative_pressure
2024-11-25,HGA,0.7495654524043154,0.5593674441888473,0.6494077114021464,-0.0006736358132023347,-0.08936663140009672,estimated_regional_daily_relative_pressure
2024-11-26,HGA,0.8772893584539962,0.6298289057943176,0.6434672977151171,-0.0006736358132023347,-0.012964756107597186,estimated_regional_daily_relative_pressure
2024-11-27,HGA,0.8400511477349104,0.6097933689165623,0.6446945052713817,-0.0006736358132023347,-0.03422750054161706,estimated_regional_daily_relative_pressure
2024-11-28,HGA,0.8031773993134024,0.5895503305698825,0.6433123222655696,-0.0006736358132023347,-0.053088355882484735,estimated_regional_daily_relative_pressure
2024-11-29,HGA,0.8074838111454221,0.5919357185212801,0.6480549429423681,-0.0006736358132023347,-0.05544558860788563,estimated_regional_daily_relative_pressure
2024-11-30,HGA,1.170002777875898,0.7747284476786908,0.6545669340641317,-0.0006736358132023347,0.1208351494277614,estimated_regional_daily_relative_pressure
2024-12-01,HGA,1.194795522880212,0.7860888863246286,0.6515229781054913,-0.006239505373992744,0.14080541359313,estimated_regional_daily_relative_pressure
2024-12-02,HGA,0.7433591620202025,0.5558138049893353,0.6421734170217622,-0.006239505373992744,-0.08012010665843418,estimated_regional_daily_relative_pressure
2024-12-03,HGA,0.7855917697572756,0.5797498839633158,0.6343534649404767,-0.006239505373992744,-0.04836407560316815,estimated_regional_daily_relative_pressure
2024-12-04,HGA,0.772322981232284,0.5722911048922998,0.6351494595898838,-0.006239505373992744,-0.056618849323591194,estimated_regional_daily_relative_pressure
2024-12-05,HGA,0.86873962599194,0.62526420683279,0.6356930874658567,-0.006239505373992744,-0.00418937525907394,estimated_regional_daily_relative_pressure
2024-12-06,HGA,0.7720383125326449,0.5721304730172413,0.6405954163536156,-0.006239505373992744,-0.06222543796238157,estimated_regional_daily_relative_pressure
2024-12-07,HGA,1.1605410396682294,0.7703586716587473,0.6437512539466934,-0.006239505373992744,0.1328469230860466,estimated_regional_daily_relative_pressure
2024-12-08,HGA,1.1792054901721398,0.7789603563220026,0.641506222012762,-0.006239505373992744,0.14369363968323332,estimated_regional_daily_relative_pressure
2024-12-09,HGA,0.7663391003946602,0.5689090998275572,0.6359516844701186,-0.006239505373992744,-0.06080307926856866,estimated_regional_daily_relative_pressure
2024-12-10,HGA,0.8094006915975476,0.592995680834228,0.6304081767009493,-0.006239505373992744,-0.031172990492728495,estimated_regional_daily_relative_pressure
2024-12-11,HGA,0.836507251411406,0.607865534764974,0.6310539046817527,-0.006239505373992744,-0.016948864542786005,estimated_regional_daily_relative_pressure
2024-12-12,HGA,0.8366245769550134,0.6079294178756978,0.6287577749546737,-0.006239505373992744,-0.014588851704983157,estimated_regional_daily_relative_pressure
2024-12-13,HGA,0.724584049478324,0.5449858906694292,0.633443792365834,-0.006239505373992744,-0.08221839632241214,estimated_regional_daily_relative_pressure
2024-12-14,HGA,1.1431076475813953,0.7622569474190176,0.6366389285928642,-0.006239505373992744,0.13185752420014615,estimated_regional_daily_relative_pressure
2024-12-15,HGA,1.086620710955708,0.7355458726977222,0.6345684451951884,-0.006239505373992744,0.10721693287652655,estimated_regional_daily_relative_pressure
2024-12-16,HGA,0.7106121533853647,0.5368512908893142,0.6267612889010831,-0.006239505373992744,-0.08367049263777616,estimated_regional_daily_relative_pressure
2024-12-17,HGA,0.7313245517062714,0.5488867523837679,0.6289866409374896,-0.006239505373992744,-0.07386038317972889,estimated_regional_daily_relative_pressure
2024-12-18,HGA,0.7511564372131492,0.56027639095385,0.6289914161673106,-0.006239505373992744,-0.06247551983946788,estimated_regional_daily_relative_pressure
2024-12-19,HGA,0.837629626859475,0.6084764948463032,0.6313266446859096,-0.006239505373992744,-0.01661064446561368,estimated_regional_daily_relative_pressure
2024-12-20,HGA,0.8281606650498854,0.6033103603349013,0.6399227215327233,-0.006239505373992744,-0.03037285582382933,estimated_regional_daily_relative_pressure
2024-12-21,HGA,1.1956523996828508,0.786479223178012,0.6443678136012392,-0.006239505373992744,0.14835091495076555,estimated_regional_daily_relative_pressure
2024-12-22,HGA,1.0741618872226175,0.7295571623169054,0.6435620681441647,-0.006239505373992744,0.0922345995467334,estimated_regional_daily_relative_pressure
2024-12-23,HGA,0.7525420259779225,0.5610673202256248,0.6372783892392103,-0.006239505373992744,-0.0699715636395928,estimated_regional_daily_relative_pressure
2024-12-24,HGA,0.8207271315585747,0.5992359441350887,0.631208661857286,-0.006239505373992744,-0.025733212348204484,estimated_regional_daily_relative_pressure
2024-12-25,HGA,0.8078937446791039,0.592162490707094,0.6317566791436781,-0.006239505373992744,-0.033354683062591275,estimated_regional_daily_relative_pressure
2024-12-26,HGA,0.7849403755022815,0.5793850115937528,0.6331037340316286,-0.006239505373992744,-0.04747921706388304,estimated_regional_daily_relative_pressure
2024-12-27,HGA,0.7483087363353189,0.5586488842548649,0.6374583773517164,-0.006239505373992744,-0.07256998772285873,estimated_regional_daily_relative_pressure
2024-12-28,HGA,1.1277389895341812,0.7550599086625345,0.6409693214074538,-0.006239505373992744,0.12033009262907345,estimated_regional_daily_relative_pressure
2024-12-29,HGA,0.9909253956925604,0.6885995536078178,0.6406563564150884,-0.006239505373992744,0.05418270256672207,estimated_regional_daily_relative_pressure
2024-12-30,HGA,0.695115250969802,0.5277507331933302,0.6361871995312274,-0.006239505373992744,-0.10219696096390442,estimated_regional_daily_relative_pressure
2024-12-31,HGA,0.7035368717069037,0.5327066025614269,0.6325656197711855,-0.006239505373992744,-0.0936195118357659,estimated_regional_daily_relative_pressure
2025-01-01,HGA,1.351550268670993,0.8550747994532302,0.6364934010200491,0.0023847428968587253,0.2161966555363223,estimated_regional_daily_relative_pressure
2025-01-02,HGA,0.743617254283145,0.5559618371137897,0.6379261030985885,0.0023847428968587253,-0.08434900888165761,estimated_regional_daily_relative_pressure
2025-01-03,HGA,0.9196482536644868,0.6521419680398843,0.6451331462296417,0.0023847428968587253,0.004624078913383924,estimated_regional_daily_relative_pressure
2025-01-04,HGA,1.3135184103940527,0.8387694871435211,0.6509645641133649,0.0023847428968587253,0.18542018013329745,estimated_regional_daily_relative_pressure
2025-01-05,HGA,1.1448337873373573,0.7630620609567851,0.6505251342972888,0.0023847428968587253,0.1101521837626376,estimated_regional_daily_relative_pressure
2025-01-06,HGA,0.7283243647489848,0.5471523638479316,0.6471053210454001,0.0023847428968587253,-0.10233770009432716,estimated_regional_daily_relative_pressure
2025-01-07,HGA,0.778134223643018,0.5755646256051605,0.6457570777916204,0.0023847428968587253,-0.07257719508331859,estimated_regional_daily_relative_pressure
2025-01-08,HGA,0.8054300305519748,0.5907988074823481,0.6476166872323839,0.0023847428968587253,-0.059202622646894444,estimated_regional_daily_relative_pressure
2025-01-09,HGA,0.796602957013337,0.5858976357057131,0.6478785252952638,0.0023847428968587253,-0.06436563248640945,estimated_regional_daily_relative_pressure
2025-01-10,HGA,0.8865587124505345,0.6347543823606944,0.6544305020720447,0.0023847428968587253,-0.02206086260820903,estimated_regional_daily_relative_pressure
2025-01-11,HGA,1.1019373723326296,0.7428594776876978,0.6587394046507025,0.0023847428968587253,0.08173533014013659,estimated_regional_daily_relative_pressure
2025-01-12,HGA,1.0478054009669426,0.7167686836035545,0.6591637189174174,0.0023847428968587253,0.055220221789278344,estimated_regional_daily_relative_pressure
2025-01-13,HGA,0.7079331852687383,0.5352839759061039,0.6629404438128528,0.0023847428968587253,-0.13004121080360762,estimated_regional_daily_relative_pressure
2025-01-14,HGA,0.8658432282406727,0.6237130840193235,0.6679290860461641,0.0023847428968587253,-0.046600744923699346,estimated_regional_daily_relative_pressure
2025-01-15,HGA,0.8650295549649865,0.6232769001364264,0.6782125949065603,0.0023847428968587253,-0.05732043766699255,estimated_regional_daily_relative_pressure
2025-01-16,HGA,0.9321096901219073,0.6586125096040806,0.6910290231661935,0.0023847428968587253,-0.034801256458971676,estimated_regional_daily_relative_pressure
2025-01-17,HGA,0.8099523461161051,0.5933005168184944,0.701324699244974,0.0023847428968587253,-0.11040892532333832,estimated_regional_daily_relative_pressure
2025-01-18,HGA,1.1895471202048684,0.783694728016493,0.7202479712666858,0.0023847428968587253,0.061062013852948425,estimated_regional_daily_relative_pressure
2025-01-19,HGA,1.2017454876023086,0.7892504492417239,0.7296543591215868,0.0023847428968587253,0.057211347223278385,estimated_regional_daily_relative_pressure
2025-01-20,HGA,0.8034257237960754,0.589688036036544,0.7328580901260132,0.0023847428968587253,-0.14555479698632798,estimated_regional_daily_relative_pressure
2025-01-21,HGA,0.9747958232370364,0.6804650123694633,0.7261325597830898,0.0023847428968587253,-0.04805229031048517,estimated_regional_daily_relative_pressure
2025-01-22,HGA,0.9892578340285052,0.6877616214497333,0.7281649527283844,0.0023847428968587253,-0.04278807417550987,estimated_regional_daily_relative_pressure
2025-01-23,HGA,0.8565412486473405,0.6187152128892965,0.7290972702313875,0.0023847428968587253,-0.11276680023894967,estimated_regional_daily_relative_pressure
2025-01-24,HGA,0.8355660794273287,0.6073529240843635,0.73373144911065,0.0023847428968587253,-0.12876326792314527,estimated_regional_daily_relative_pressure
2025-01-25,HGA,1.2150473290534394,0.7952737707872995,0.7404673445421858,0.0023847428968587253,0.05242168334825505,estimated_regional_daily_relative_pressure
2025-01-26,HGA,1.040022814826658,0.7129609915321453,0.7372320935220275,0.0023847428968587253,-0.026655844886740863,estimated_regional_daily_relative_pressure
2025-01-27,HGA,0.7714574512061547,0.5718026265230324,0.7330495131421237,0.0023847428968587253,-0.1636316295159501,estimated_regional_daily_relative_pressure
2025-01-28,HGA,1.3920204381309893,0.8721383804210251,0.7295696793164567,0.0023847428968587253,0.1401839582077097,estimated_regional_daily_relative_pressure
2025-01-29,HGA,1.323901519915894,0.843247462840472,0.7310254490069884,0.0023847428968587253,0.1098372709366249,estimated_regional_daily_relative_pressure
2025-01-30,HGA,1.331564514895017,0.8465395078656115,0.7302715256814252,0.0023847428968587253,0.1138832392873276,estimated_regional_daily_relative_pressure
2025-01-31,HGA,1.5345494224202805,0.9300158786100545,0.7363645970558805,0.0023847428968587253,0.19126653865731527,estimated_regional_daily_relative_pressure
2025-02-01,HGA,2.2356853424496537,1.1742407578954266,0.7402398001850948,0.0012959398969266038,0.43270501781340515,estimated_regional_daily_relative_pressure
2025-02-02,HGA,2.134856093328663,1.1425832697868523,0.7378209500379674,0.0012959398969266038,0.40346637985195827,estimated_regional_daily_relative_pressure
2025-02-03,HGA,1.5695736534391536,0.9437399915418204,0.7304820441600167,0.0012959398969266038,0.2119620074848771,estimated_regional_daily_relative_pressure
2025-02-04,HGA,1.5550841238019304,0.9380851482807424,0.7252369959378553,0.0012959398969266038,0.2115522124459605,estimated_regional_daily_relative_pressure
2025-02-05,HGA,0.7411931912773273,0.5545706203261541,0.7258646346503688,0.0012959398969266038,-0.17258995422114126,estimated_regional_daily_relative_pressure
2025-02-06,HGA,0.8407195319471661,0.6101565451520674,0.7231007034829352,0.0012959398969266038,-0.11424009822779439,estimated_regional_daily_relative_pressure
2025-02-07,HGA,0.8302754381876025,0.604466468198255,0.7264397525331246,0.0012959398969266038,-0.12326922423179625,estimated_regional_daily_relative_pressure
2025-02-08,HGA,1.084352702762891,0.7344583527394849,0.7303970983815583,0.0012959398969266038,0.002765314460999988,estimated_regional_daily_relative_pressure
2025-02-09,HGA,1.2137997744446425,0.7947103940833223,0.7295317508035393,0.0012959398969266038,0.06388270338285647,estimated_regional_daily_relative_pressure
2025-02-10,HGA,0.7065292008047253,0.5344616007357896,0.7230691288824792,0.0012959398969266038,-0.18990346804361619,estimated_regional_daily_relative_pressure
2025-02-11,HGA,0.8463292631473531,0.6131994859106782,0.7189048796283524,0.0012959398969266038,-0.10700133361460078,estimated_regional_daily_relative_pressure
2025-02-12,HGA,0.8383967035596844,0.608893835007877,0.7207950589090802,0.0012959398969266038,-0.11319716379812987,estimated_regional_daily_relative_pressure
2025-02-13,HGA,0.7867759244915871,0.5804128363125871,0.7147186221775964,0.0012959398969266038,-0.1356017257619359,estimated_regional_daily_relative_pressure
2025-02-14,HGA,0.8227410890025266,0.6003414609268658,0.7147966808918867,0.0012959398969266038,-0.11575115986194755,estimated_regional_daily_relative_pressure
2025-02-15,HGA,1.2527734751549335,0.8121621127445382,0.7130970156710946,0.0012959398969266038,0.09776915717651698,estimated_regional_daily_relative_pressure
2025-02-16,HGA,1.1787336349421582,0.7787438066097286,0.701873913558694,0.0012959398969266038,0.07557395315410805,estimated_regional_daily_relative_pressure
2025-02-17,HGA,0.6791977712551596,0.5183161622575404,0.6854749218774198,0.0012959398969266038,-0.16845469951680597,estimated_regional_daily_relative_pressure
2025-02-18,HGA,0.7440127666730145,0.5561886458000256,0.6696098700191193,0.0012959398969266038,-0.11471716411602033,estimated_regional_daily_relative_pressure
2025-02-19,HGA,0.8713385077327278,0.6266539543547164,0.660562150611341,0.0012959398969266038,-0.03520413615355127,estimated_regional_daily_relative_pressure
2025-02-20,HGA,0.8388582011007826,0.6091448361244632,0.6528032779815627,0.0012959398969266038,-0.044954381754026045,estimated_regional_daily_relative_pressure
2025-02-21,HGA,0.8126378248985231,0.5947831461790211,0.6626941219132629,0.0012959398969266038,-0.06920691563116847,estimated_regional_daily_relative_pressure
2025-02-22,HGA,1.206201243089173,0.7912721420056068,0.6711926475519439,0.0012959398969266038,0.11878355455673635,estimated_regional_daily_relative_pressure
2025-02-23,HGA,1.0988570490143703,0.7413929341907393,0.6732815997504742,0.0012959398969266038,0.06681539454333847,estimated_regional_daily_relative_pressure
2025-02-24,HGA,0.7869801876202462,0.5805271491657722,0.6737014014906061,0.0012959398969266038,-0.0944701922217605,estimated_regional_daily_relative_pressure
2025-02-25,HGA,0.8129085536104288,0.5949324912344387,0.6711200353905793,0.0012959398969266038,-0.0774834840530672,estimated_regional_daily_relative_pressure
2025-02-26,HGA,0.7929624729586993,0.5838692646542161,0.6767726302204543,0.0012959398969266038,-0.09419930546316484,estimated_regional_daily_relative_pressure
2025-02-27,HGA,0.8783583630467866,0.6303981842255935,0.6796467902775933,0.0012959398969266038,-0.05054454594892648,estimated_regional_daily_relative_pressure
2025-02-28,HGA,0.9813310013007764,0.6837688417450287,0.6884426608377482,0.0012959398969266038,-0.00596975898964607,estimated_regional_daily_relative_pressure
2025-03-01,HGA,1.329531752952454,0.8456672829834703,0.69624212594789,-0.009602590235292566,0.1590277472708728,estimated_regional_daily_relative_pressure
2025-03-02,HGA,1.2118956012861584,0.7938498860210524,0.6978264229071772,-0.009602590235292566,0.10562605334916779,estimated_regional_daily_relative_pressure
2025-03-03,HGA,0.7897925389819234,0.5820997131256398,0.6931170507777338,-0.009602590235292566,-0.10141474741680141,estimated_regional_daily_relative_pressure
2025-03-04,HGA,0.946186887269006,0.665872015775925,0.6899622381749259,-0.009602590235292566,-0.01448763216370826,estimated_regional_daily_relative_pressure
2025-03-05,HGA,0.9170099648143312,0.6507666621795387,0.697096626341984,-0.009602590235292566,-0.036727373927152716,estimated_regional_daily_relative_pressure
2025-03-06,HGA,0.9411113888665608,0.6632606899006942,0.7035640953150398,-0.009602590235292566,-0.030700815179053063,estimated_regional_daily_relative_pressure
2025-03-07,HGA,1.0088453349017923,0.6975600967576129,0.7141720071449421,-0.009602590235292566,-0.007009320152036666,estimated_regional_daily_relative_pressure
2025-03-08,HGA,1.365966915631526,0.8611867822088621,0.7235939817551775,-0.009602590235292566,0.14719539068897716,estimated_regional_daily_relative_pressure
2025-03-09,HGA,1.3955451858087415,0.8736108399511762,0.7265973702504839,-0.009602590235292566,0.15661605993598485,estimated_regional_daily_relative_pressure
2025-03-10,HGA,0.9527213940709816,0.6692239863526965,0.7248828055127029,-0.009602590235292566,-0.0460562289247138,estimated_regional_daily_relative_pressure
2025-03-11,HGA,1.1116554359632935,0.7474722066835698,0.7268141685886725,-0.009602590235292566,0.030260628330189866,estimated_regional_daily_relative_pressure
2025-03-12,HGA,1.043549087421927,0.7146880449824915,0.7334799190724888,-0.009602590235292566,-0.009189283854704708,estimated_regional_daily_relative_pressure
2025-03-13,HGA,1.0333649680792971,0.7096920404619158,0.7390307784942465,-0.009602590235292566,-0.019736147797038105,estimated_regional_daily_relative_pressure
2025-03-14,HGA,1.0183865359792663,0.7022984476819877,0.7499298882037314,-0.009602590235292566,-0.038028850286451164,estimated_regional_daily_relative_pressure
2025-03-15,HGA,1.414677704180611,0.8815658223726809,0.7577441180261616,-0.009602590235292566,0.13342429458181185,estimated_regional_daily_relative_pressure
2025-03-16,HGA,1.2754919134617548,0.8221962547269815,0.7574752554008477,-0.009602590235292566,0.07432358956142641,estimated_regional_daily_relative_pressure
2025-03-17,HGA,0.9144965055229304,0.6494546666647714,0.7536441135039688,-0.009602590235292566,-0.09458685660390483,estimated_regional_daily_relative_pressure
2025-03-18,HGA,0.9467699762042272,0.66617157673179,0.7520512595424119,-0.009602590235292566,-0.0762770925753294,estimated_regional_daily_relative_pressure
2025-03-19,HGA,0.975743169487902,0.6809446159226844,0.7578536452096263,-0.009602590235292566,-0.0673064390516493,estimated_regional_daily_relative_pressure
2025-03-20,HGA,1.0948505104540909,0.7394821954363419,0.7723414737857948,-0.009602590235292566,-0.02325668811416034,estimated_regional_daily_relative_pressure
2025-03-21,HGA,1.131189306945691,0.7566801839647519,0.7924146588614004,-0.009602590235292566,-0.02613188466135593,estimated_regional_daily_relative_pressure
2025-03-22,HGA,1.5999682179353183,0.9554992210816928,0.8120718987485785,-0.009602590235292566,0.15302991256840684,estimated_regional_daily_relative_pressure
2025-03-23,HGA,1.46262055458332,0.90122604904176,0.8132436851881513,-0.009602590235292566,0.09758495408890126,estimated_regional_daily_relative_pressure
2025-03-24,HGA,0.9895096265148232,0.6878881895335186,0.811738627807634,-0.009602590235292566,-0.11424784803882278,estimated_regional_daily_relative_pressure
2025-03-25,HGA,1.092000186045162,0.7381206351343943,0.8074529770997996,-0.009602590235292566,-0.05972975173011271,estimated_regional_daily_relative_pressure
2025-03-26,HGA,1.2283584415771625,0.8012651895458001,0.8098901557164033,-0.009602590235292566,0.0009776240646893006,estimated_regional_daily_relative_pressure
2025-03-27,HGA,1.1971595536066195,0.7871654141640742,0.8105147220208084,-0.009602590235292566,-0.013746717621441714,estimated_regional_daily_relative_pressure
2025-03-28,HGA,1.1533163310735004,0.7670091333089288,0.8180683250664484,-0.009602590235292566,-0.04145660152222704,estimated_regional_daily_relative_pressure
2025-03-29,HGA,1.5136645428601607,0.9217416656482483,0.8239733831481181,-0.009602590235292566,0.10737087273542283,estimated_regional_daily_relative_pressure
2025-03-30,HGA,1.393218969026364,0.8726393087209318,0.824207931644241,-0.009602590235292566,0.05803396731198333,estimated_regional_daily_relative_pressure
2025-03-31,HGA,0.964885748473377,0.675434100360293,0.8213699491896663,-0.009602590235292566,-0.13633325859408071,estimated_regional_daily_relative_pressure
2025-04-01,HGA,1.068661715985337,0.7269018841802249,0.8207190609149949,-0.01037047588738141,-0.08344670084738856,estimated_regional_daily_relative_pressure
2025-04-02,HGA,1.1053282920923997,0.7444714132127926,0.8258946351473128,-0.01037047588738141,-0.07105274604713871,estimated_regional_daily_relative_pressure
2025-04-03,HGA,1.142500637007096,0.761973668809285,0.8276907937589176,-0.01037047588738141,-0.05534664906225126,estimated_regional_daily_relative_pressure
2025-04-04,HGA,2.049552021506728,1.1149947016371466,0.8378974408749192,-0.01037047588738141,0.28746773664960884,estimated_regional_daily_relative_pressure
2025-04-05,HGA,2.5716775933613603,1.273035399523314,0.8501740834986402,-0.01037047588738141,0.43323179191205513,estimated_regional_daily_relative_pressure
2025-04-06,HGA,2.57024823291345,1.2726351264032163,0.8512106704858573,-0.01037047588738141,0.43179493180474043,estimated_regional_daily_relative_pressure
2025-04-07,HGA,1.0831589683475045,0.7338854763843644,0.847773464662594,-0.01037047588738141,-0.10351751239084814,estimated_regional_daily_relative_pressure
2025-04-08,HGA,1.25811411697712,0.8145300034128291,0.8461273683424572,-0.01037047588738141,-0.02122688904224665,estimated_regional_daily_relative_pressure
2025-04-09,HGA,1.0975199444862709,0.7407556680083057,0.8507396087006718,-0.01037047588738141,-0.09961346480498465,estimated_regional_daily_relative_pressure
2025-04-10,HGA,1.105970747348528,0.7447765234674174,0.8538186353054775,-0.01037047588738141,-0.09867163595067871,estimated_regional_daily_relative_pressure
2025-04-11,HGA,1.1529387345394029,0.7668337621201292,0.8609478316745744,-0.01037047588738141,-0.08374359366706383,estimated_regional_daily_relative_pressure
2025-04-12,HGA,1.5827371292846304,0.94884973939733,0.8664060519803637,-0.01037047588738141,0.09281416330434769,estimated_regional_daily_relative_pressure
2025-04-13,HGA,1.441832644010109,0.8927488409936717,0.8693839631919916,-0.01037047588738141,0.03373535368906147,estimated_regional_daily_relative_pressure
2025-04-14,HGA,1.0331157143658878,0.7095694510618001,0.8668881447285391,-0.01037047588738141,-0.1469482177793576,estimated_regional_daily_relative_pressure
2025-04-15,HGA,1.2113172225552105,0.7935883662808642,0.8670201731170603,-0.01037047588738141,-0.06306133094881469,estimated_regional_daily_relative_pressure
2025-04-16,HGA,1.2300382063378057,0.8020187182121695,0.8871714541248088,-0.01037047588738141,-0.07478226002525787,estimated_regional_daily_relative_pressure
2025-04-17,HGA,1.2476775156904991,0.8098974678666203,0.9065058799153276,-0.01037047588738141,-0.08623793616132588,estimated_regional_daily_relative_pressure
2025-04-18,HGA,1.0582425625170715,0.7218524936915441,0.9327748014603907,-0.01037047588738141,-0.20055183188146516,estimated_regional_daily_relative_pressure
2025-04-19,HGA,1.7110897518576338,0.9973506765187341,0.955728738161969,-0.01037047588738141,0.051992414244146495,estimated_regional_daily_relative_pressure
2025-04-20,HGA,2.0650323279009704,1.120058116771693,0.955798062953447,-0.01037047588738141,0.17463052970562734,estimated_regional_daily_relative_pressure
2025-04-21,HGA,1.200785584675724,0.7888143805684829,0.9400051995590001,-0.01037047588738141,-0.14082034310313582,estimated_regional_daily_relative_pressure
2025-04-22,HGA,1.337181790624097,0.8489458405605277,0.9251405205533382,-0.01037047588738141,-0.06582420410542908,estimated_regional_daily_relative_pressure
2025-04-23,HGA,1.3401079554602826,0.850197063117519,0.927704437208716,-0.01037047588738141,-0.0671368982038156,estimated_regional_daily_relative_pressure
2025-04-24,HGA,1.295309380254718,0.8308676406381738,0.9262087612781132,-0.01037047588738141,-0.08497064475255808,estimated_regional_daily_relative_pressure
2025-04-25,HGA,1.3015215780634586,0.8335704598833733,0.9334915113540173,-0.01037047588738141,-0.0895505755832626,estimated_regional_daily_relative_pressure
2025-04-26,HGA,1.779497836372483,1.0222702769878005,0.9387005572379761,-0.01037047588738141,0.09394019563720582,estimated_regional_daily_relative_pressure
2025-04-27,HGA,1.6022338354719952,0.9563702436435454,0.9375173965661062,-0.01037047588738141,0.02922332296482058,estimated_regional_daily_relative_pressure
2025-04-28,HGA,1.361564636356574,0.8593243808693907,0.9332279049190702,-0.01037047588738141,-0.06353304816229807,estimated_regional_daily_relative_pressure
2025-04-29,HGA,1.3265146592730352,0.8443712932812257,0.9276419458177705,-0.01037047588738141,-0.07290017664916335,estimated_regional_daily_relative_pressure
2025-04-30,HGA,1.403034199765207,0.8767321887650859,0.930729688477034,-0.01037047588738141,-0.04362702382456671,estimated_regional_daily_relative_pressure
2025-05-01,HGA,2.66975099723742,1.3001238116004974,0.9302872217180881,0.011019271768479675,0.35881731811392964,estimated_regional_daily_relative_pressure
2025-05-02,HGA,2.7669629139786487,1.3262690836863023,0.9350252231108458,0.011019271768479675,0.3802245888069768,estimated_regional_daily_relative_pressure
2025-05-03,HGA,3.7531520199014095,1.5588079811097515,0.9394065175431053,0.011019271768479675,0.6083821917981664,estimated_regional_daily_relative_pressure
2025-05-04,HGA,3.364683624334938,1.4735457065582123,0.9395623038493232,0.011019271768479675,0.5229641309404094,estimated_regional_daily_relative_pressure
2025-05-05,HGA,2.056112765023165,1.1171437701729674,0.9328586641182659,0.011019271768479675,0.17326583428622183,estimated_regional_daily_relative_pressure
2025-05-06,HGA,1.1890258648399166,0.7834566342954589,0.9216299715415406,0.011019271768479675,-0.14919260901456138,estimated_regional_daily_relative_pressure
2025-05-07,HGA,1.252025598517459,0.8118300772276974,0.9213731585241184,0.011019271768479675,-0.12056235306490067,estimated_regional_daily_relative_pressure
2025-05-08,HGA,1.2554892070856225,0.8133668927010729,0.9200388081512169,0.011019271768479675,-0.11769118721862366,estimated_regional_daily_relative_pressure
2025-05-09,HGA,1.1558046677405334,0.7681640495641479,0.9245303339002623,0.011019271768479675,-0.1673855561045941,estimated_regional_daily_relative_pressure
2025-05-10,HGA,1.6287827868329074,0.9665209203613322,0.9293130370465875,0.011019271768479675,0.026188611546265,estimated_regional_daily_relative_pressure
2025-05-11,HGA,1.4750409612164224,0.9062569458701374,0.9274826448115422,0.011019271768479675,-0.032244970709884475,estimated_regional_daily_relative_pressure
2025-05-12,HGA,1.0754038915926656,0.7301557812921619,0.921223028791919,0.011019271768479675,-0.2020865192682368,estimated_regional_daily_relative_pressure
2025-05-13,HGA,1.261154442977642,0.815875498339214,0.9165008190209767,0.011019271768479675,-0.11164459245024234,estimated_regional_daily_relative_pressure
2025-05-14,HGA,1.0535789677086078,0.7195841088533796,0.9158304751849395,0.011019271768479675,-0.20726563810003956,estimated_regional_daily_relative_pressure
2025-05-15,HGA,1.2373440569025678,0.8052894734989715,0.916973471194389,0.011019271768479675,-0.12270326946389716,estimated_regional_daily_relative_pressure
2025-05-16,HGA,1.1811928297176282,0.7798718967535411,0.935827261660862,0.011019271768479675,-0.16697463667580065,estimated_regional_daily_relative_pressure
2025-05-17,HGA,1.582858577580294,0.948896761387659,0.9402582042966705,0.011019271768479675,-0.002380714677491189,estimated_regional_daily_relative_pressure
2025-05-18,HGA,1.5746602798753777,0.9457175952666679,0.9374398591328132,0.011019271768479675,-0.002741535634625045,estimated_regional_daily_relative_pressure
2025-05-19,HGA,1.0682066294510788,0.726681869184294,0.9170508241240544,0.011019271768479675,-0.20138822670824003,estimated_regional_daily_relative_pressure
2025-05-20,HGA,1.2023783505357677,0.7895378448559592,0.8997416047765746,0.011019271768479675,-0.12122303168909505,estimated_regional_daily_relative_pressure
2025-05-21,HGA,1.164022258821494,0.7719686468932083,0.8942948279410976,0.011019271768479675,-0.13334545281636895,estimated_regional_daily_relative_pressure
2025-05-22,HGA,1.1833342417079191,0.780853177028393,0.8977395072614813,0.011019271768479675,-0.12790560200156803,estimated_regional_daily_relative_pressure
2025-05-23,HGA,1.2424768217513873,0.8075809790005811,0.9064853719515261,0.011019271768479675,-0.10992366471942468,estimated_regional_daily_relative_pressure
2025-05-24,HGA,1.6897126365281707,0.9894343613379301,0.9133558275960375,0.011019271768479675,0.06505926197341287,estimated_regional_daily_relative_pressure
2025-05-25,HGA,1.6621430016928214,0.9791314381742569,0.9138217034128525,0.011019271768479675,0.054290462992924664,estimated_regional_daily_relative_pressure
2025-05-26,HGA,1.17456425207804,0.7768283005969675,0.9120942403974897,0.011019271768479675,-0.14628521156900182,estimated_regional_daily_relative_pressure
2025-05-27,HGA,1.289245255245333,0.8282221803794801,0.9123139871445813,0.011019271768479675,-0.09511107853358088,estimated_regional_daily_relative_pressure
2025-05-28,HGA,1.2478669419245485,0.8099817407443318,0.9190093398507237,0.011019271768479675,-0.1200468708748716,estimated_regional_daily_relative_pressure
2025-05-29,HGA,1.3129961574230888,0.8385437219522407,0.9231339525572463,0.011019271768479675,-0.09560950237348527,estimated_regional_daily_relative_pressure
2025-05-30,HGA,1.4104276251264865,0.8798041695741571,0.9354554371510979,0.011019271768479675,-0.06667053934542051,estimated_regional_daily_relative_pressure
2025-05-31,HGA,3.3111284587671754,1.461199693225752,0.9347546426143489,0.011019271768479675,0.5154257788429234,estimated_regional_daily_relative_pressure
2025-06-01,HGA,3.210085824319276,1.437483033310558,0.9377194256103962,-0.0024673335456460678,0.5022309412458078,estimated_regional_daily_relative_pressure
2025-06-02,HGA,2.451815703970703,1.2389003836067296,0.9394915402495433,-0.0024673335456460678,0.30187617690283236,estimated_regional_daily_relative_pressure
2025-06-03,HGA,1.5262800779705803,0.9267478958382271,0.9384546741350145,-0.0024673335456460678,-0.009239444751141277,estimated_regional_daily_relative_pressure
2025-06-04,HGA,1.5522106541009952,0.9369599067863377,0.9428342397718882,-0.0024673335456460678,-0.0034069994399044444,estimated_regional_daily_relative_pressure
2025-06-05,HGA,1.5813013946084389,0.948293688273179,0.9481434191434129,-0.0024673335456460678,0.0026176026754120797,estimated_regional_daily_relative_pressure
2025-06-06,HGA,1.4357182767648533,0.8902416932273552,0.9601583146151681,-0.0024673335456460678,-0.06744928784216678,estimated_regional_daily_relative_pressure
2025-06-07,HGA,1.953384741480092,1.0829518826190845,0.9700910186830061,-0.0024673335456460678,0.11532819748172449,estimated_regional_daily_relative_pressure
2025-06-08,HGA,1.790863420528653,1.026351017680928,0.9722140206109813,-0.0024673335456460678,0.056604330615592856,estimated_regional_daily_relative_pressure
2025-06-09,HGA,1.187165033289709,0.7826061998854084,0.9712596849054476,-0.0024673335456460678,-0.18618615147439313,estimated_regional_daily_relative_pressure
2025-06-10,HGA,1.4917108599473914,0.9129695668850875,0.9709304801487013,-0.0024673335456460678,-0.05549357971796779,estimated_regional_daily_relative_pressure
2025-06-11,HGA,1.4919588676485582,0.9130690950299797,0.9769795222315864,-0.0024673335456460678,-0.0614430936559606,estimated_regional_daily_relative_pressure
2025-06-12,HGA,1.5541301489554766,0.9377117151825745,0.977432568205066,-0.0024673335456460678,-0.037253519476845444,estimated_regional_daily_relative_pressure
2025-06-13,HGA,1.5695698008792096,0.9437384922414104,0.9887927413364098,-0.0024673335456460678,-0.04258691554935338,estimated_regional_daily_relative_pressure
2025-06-14,HGA,2.008826486850153,1.1015501312627858,0.9966552035697439,-0.0024673335456460678,0.10736226123868794,estimated_regional_daily_relative_pressure
2025-06-15,HGA,1.1892627490021703,0.7835648428597531,0.9977240425730785,-0.0024673335456460678,-0.21169186616767924,estimated_regional_daily_relative_pressure
2025-06-16,HGA,1.3911637440477924,0.8717801696310039,0.9792973863527876,-0.0024673335456460678,-0.10504988317613764,estimated_regional_daily_relative_pressure
2025-06-17,HGA,1.7287191279681575,1.0038323152012174,0.9651346851677435,-0.0024673335456460678,0.041164963579119994,estimated_regional_daily_relative_pressure
2025-06-18,HGA,1.493219246989196,0.9135747457162778,0.9510422923055513,-0.0024673335456460678,-0.03500021304362736,estimated_regional_daily_relative_pressure
2025-06-19,HGA,1.3689537546118618,0.8624484039273772,0.9535104822530823,-0.0024673335456460678,-0.08859474478005905,estimated_regional_daily_relative_pressure
2025-06-20,HGA,1.5963910039986091,0.9541224053732266,0.9633869511652312,-0.0024673335456460678,-0.006797212246358574,estimated_regional_daily_relative_pressure
2025-06-21,HGA,2.140651952388486,1.1444304065176203,0.9718768285159592,-0.0024673335456460678,0.17502091154730712,estimated_regional_daily_relative_pressure
2025-06-22,HGA,1.9706090618828087,1.088767003131368,0.9757669523598081,-0.0024673335456460678,0.11546738431720602,estimated_regional_daily_relative_pressure
2025-06-23,HGA,1.3950258850722066,0.873394038767816,0.9770567600278256,-0.0024673335456460678,-0.10119538771436357,estimated_regional_daily_relative_pressure
2025-06-24,HGA,1.6113046294300677,0.959849954466381,0.9779393090255505,-0.0024673335456460678,-0.015622021013523422,estimated_regional_daily_relative_pressure
2025-06-25,HGA,1.6351130669076936,0.9689260907151218,0.9858199884288446,-0.0024673335456460678,-0.01442656416807667,estimated_regional_daily_relative_pressure
2025-06-26,HGA,1.6230784401036584,0.9643486051664052,0.990184450173566,-0.0024673335456460678,-0.023368511461514783,estimated_regional_daily_relative_pressure
2025-06-27,HGA,1.321623221710179,0.8422666055573499,1.0033249404233031,-0.0024673335456460678,-0.15859100132030715,estimated_regional_daily_relative_pressure
2025-06-28,HGA,2.196789764962136,1.1621471078159886,1.0136483625623596,-0.0024673335456460678,0.15096607879927512,estimated_regional_daily_relative_pressure
2025-06-29,HGA,1.951401231142485,1.0822800511855968,1.0184288712107386,-0.0024673335456460678,0.0663185135205043,estimated_regional_daily_relative_pressure
2025-06-30,HGA,1.4916326508371718,0.9129381786775289,1.0193031295120563,-0.0024673335456460678,-0.10389761728888128,estimated_regional_daily_relative_pressure
2025-07-01,HGA,1.4350647569154824,0.8899733503967371,1.029348643169343,0.00228334231147404,-0.14165863508408,estimated_regional_daily_relative_pressure
2025-07-02,HGA,1.7140427055643357,0.9984392965741906,1.0367864644605995,0.00228334231147404,-0.04063051019788295,estimated_regional_daily_relative_pressure
2025-07-03,HGA,1.2300772026133897,0.8020362048787731,1.0418868611805796,0.00228334231147404,-0.2421339986132805,estimated_regional_daily_relative_pressure
2025-07-04,HGA,1.7271627531661662,1.0032617842116847,1.0563152101093374,0.00228334231147404,-0.05533676820912676,estimated_regional_daily_relative_pressure
2025-07-05,HGA,2.4664480155860167,1.2431304430629575,1.0686960283738245,0.00228334231147404,0.17215107237765898,estimated_regional_daily_relative_pressure
2025-07-06,HGA,2.3584511020097776,1.2114798861457468,1.0723551329133474,0.00228334231147404,0.13684141092092533,estimated_regional_daily_relative_pressure
2025-07-07,HGA,1.747896012224575,1.0108355323866718,1.0789082654956723,0.00228334231147404,-0.07035607542047456,estimated_regional_daily_relative_pressure
2025-07-08,HGA,2.073865592937777,1.122935920327626,1.0800786110343437,0.00228334231147404,0.0405739669818082,estimated_regional_daily_relative_pressure
2025-07-09,HGA,1.868272799561136,1.0537100366103969,1.0901501889272314,0.00228334231147404,-0.03872349462830855,estimated_regional_daily_relative_pressure
2025-07-10,HGA,1.7924162525787937,1.0269072613875287,1.1024055583752783,0.00228334231147404,-0.0777816392992236,estimated_regional_daily_relative_pressure
2025-07-11,HGA,1.8527056105249449,1.0482678809714516,1.1187326112142328,0.00228334231147404,-0.07274807255425525,estimated_regional_daily_relative_pressure
2025-07-12,HGA,2.745010020894314,1.3204242927718282,1.1326359994259063,0.00228334231147404,0.1855049510344478,estimated_regional_daily_relative_pressure
2025-07-13,HGA,2.517455298089287,1.2577378014933265,1.1431889419612002,0.00228334231147404,0.1122655172206522,estimated_regional_daily_relative_pressure
2025-07-14,HGA,1.9800326604540184,1.0919342603411526,1.1467057024954774,0.00228334231147404,-0.057054784465798876,estimated_regional_daily_relative_pressure
2025-07-15,HGA,2.0914867949553906,1.128652138603641,1.1540317911110844,0.00228334231147404,-0.027662994818917493,estimated_regional_daily_relative_pressure
2025-07-16,HGA,1.9891102451223244,1.0949757662356432,1.162997367609037,0.00228334231147404,-0.0703049436848679,estimated_regional_daily_relative_pressure
2025-07-17,HGA,2.011242034390088,1.1023526296599544,1.1745523607040294,0.00228334231147404,-0.07448307335554899,estimated_regional_daily_relative_pressure
2025-07-18,HGA,2.196142498807239,1.1619446135206002,1.1881995494256796,0.00228334231147404,-0.028538278216553477,estimated_regional_daily_relative_pressure
2025-07-19,HGA,2.89952036604728,1.3608535625077636,1.2051438256728175,0.00228334231147404,0.153426394523472,estimated_regional_daily_relative_pressure
2025-07-20,HGA,2.4772917920023323,1.246253770126482,1.214159728779718,0.00228334231147404,0.029810699035290038,estimated_regional_daily_relative_pressure
2025-07-21,HGA,1.9082590748700667,1.067554646098443,1.2163610563946523,0.00228334231147404,-0.15108975260768326,estimated_regional_daily_relative_pressure
2025-07-22,HGA,2.848092290639186,1.3475775165696897,1.222336871341651,0.00228334231147404,0.12295730291656476,estimated_regional_daily_relative_pressure
2025-07-23,HGA,2.080363824448304,1.1250477148301739,1.2331159098525033,0.00228334231147404,-0.11035153733380348,estimated_regional_daily_relative_pressure
2025-07-24,HGA,2.272692214771906,1.1856129534473352,1.2374349105697422,0.00228334231147404,-0.054105299433881045,estimated_regional_daily_relative_pressure
2025-07-25,HGA,2.818151509081677,1.3397664073558349,1.2525545219876935,0.00228334231147404,0.08492854305666736,estimated_regional_daily_relative_pressure
2025-07-26,HGA,3.3713187136493694,1.475064728722713,1.263892639048445,0.00228334231147404,0.2088887473627939,estimated_regional_daily_relative_pressure
2025-07-27,HGA,3.03640175228254,1.3953536397282842,1.264781698702485,0.00228334231147404,0.12828859871432524,estimated_regional_daily_relative_pressure
2025-07-28,HGA,2.2200852171239887,1.1694078241514645,1.2608939020461112,0.00228334231147404,-0.09376942020612072,estimated_regional_daily_relative_pressure
2025-07-29,HGA,2.5650093777887792,1.271166684378586,1.2584339586423132,0.00228334231147404,0.01044938342479878,estimated_regional_daily_relative_pressure
2025-07-30,HGA,2.703909184535515,1.3093887982694028,1.260886059612196,0.00228334231147404,0.04621939634573274,estimated_regional_daily_relative_pressure
2025-07-31,HGA,2.289945667206656,1.190871050114062,1.2581272751919825,0.00228334231147404,-0.06953956738939454,estimated_regional_daily_relative_pressure
2025-08-01,HGA,2.4839898175066133,1.2481781363415,1.2621423797972333,0.024968028519747346,-0.03893227197548056,estimated_regional_daily_relative_pressure
2025-08-02,HGA,3.1433396730145384,1.421502146945344,1.2677484239895926,0.024968028519747346,0.12878569443600396,estimated_regional_daily_relative_pressure
2025-08-03,HGA,2.770881404909802,1.3273087685400493,1.263322015137915,0.024968028519747346,0.03901872488238699,estimated_regional_daily_relative_pressure
2025-08-04,HGA,2.6065613383012147,1.282754780525602,1.2448467501616483,0.024968028519747346,0.012940001844206503,estimated_regional_daily_relative_pressure
2025-08-05,HGA,2.7112605846117424,1.3113715991259163,1.2333832589996248,0.024968028519747346,0.053020311606544177,estimated_regional_daily_relative_pressure
2025-08-06,HGA,3.04196172454824,1.3967301495027098,1.2238158838347732,0.024968028519747346,0.14794623714818922,estimated_regional_daily_relative_pressure
2025-08-07,HGA,2.8381317555725625,1.3449857262231009,1.2106102880407374,0.024968028519747346,0.10940740966261607,estimated_regional_daily_relative_pressure
2025-08-08,HGA,2.5142458227269837,1.2568249425620284,1.2114498693004085,0.024968028519747346,0.02040704474187248,estimated_regional_daily_relative_pressure
2025-08-09,HGA,3.583294169478408,1.5224179905668889,1.2084395642848778,0.024968028519747346,0.2890103977622638,estimated_regional_daily_relative_pressure
2025-08-10,HGA,2.968502780816349,1.3783888902708228,1.1905043225518608,0.024968028519747346,0.16291653919921467,estimated_regional_daily_relative_pressure
2025-08-11,HGA,1.9324220807014791,1.0758287302466925,1.1715549962400742,0.024968028519747346,-0.12069429451312909,estimated_regional_daily_relative_pressure
2025-08-12,HGA,2.3197935472255424,1.199902596424237,1.1532148104091908,0.024968028519747346,0.02171975749529874,estimated_regional_daily_relative_pressure
2025-08-13,HGA,2.25919279549809,1.181479555975593,1.1317896471263986,0.024968028519747346,0.024721880329447096,estimated_regional_daily_relative_pressure
2025-08-14,HGA,2.215392359127996,1.1679493904075167,1.1173553887236531,0.024968028519747346,0.025625973164116175,estimated_regional_daily_relative_pressure
2025-08-15,HGA,1.8380858304754408,1.0431298215770224,1.1068424361189666,0.024968028519747346,-0.08868064306169156,estimated_regional_daily_relative_pressure
2025-08-16,HGA,2.38530501115767,1.219444008998425,1.0992983985900109,0.024968028519747346,0.09517758188866686,estimated_regional_daily_relative_pressure
2025-08-17,HGA,2.5827834546827995,1.2761399996230889,1.0825142072363862,0.024968028519747346,0.1686577638669553,estimated_regional_daily_relative_pressure
2025-08-18,HGA,1.78633173138627,1.0247259391185863,1.0604246793754408,0.024968028519747346,-0.060666768776601834,estimated_regional_daily_relative_pressure
2025-08-19,HGA,1.199258698255162,0.7881203482435016,1.0417502721383929,0.024968028519747346,-0.2785979524146386,estimated_regional_daily_relative_pressure
2025-08-20,HGA,1.4372870210765307,0.8908855441037601,1.0266863028453044,0.024968028519747346,-0.16076878726129162,estimated_regional_daily_relative_pressure
2025-08-21,HGA,1.1618536305738445,0.7709660159880375,1.0095719472261107,0.024968028519747346,-0.2635739597578205,estimated_regional_daily_relative_pressure
2025-08-22,HGA,1.5553879379769882,0.9382040469545804,0.9965994921861929,0.024968028519747346,-0.0833634737513599,estimated_regional_daily_relative_pressure
2025-08-23,HGA,2.16158895120286,1.151074733879975,0.9840952004140611,0.024968028519747346,0.14201150494616654,estimated_regional_daily_relative_pressure
2025-08-24,HGA,1.9811033926206825,1.092293497965876,0.9675699244767876,0.024968028519747346,0.09975554496934112,estimated_regional_daily_relative_pressure
2025-08-25,HGA,1.189720507706769,0.7837739136323189,0.9388295351724212,0.024968028519747346,-0.18002365005984966,estimated_regional_daily_relative_pressure
2025-08-26,HGA,1.4293788637611784,0.8876356130573244,0.9166892928055106,0.024968028519747346,-0.054021708267933524,estimated_regional_daily_relative_pressure
2025-08-27,HGA,1.2860098609069608,0.8268078789709097,0.9053709901656571,0.024968028519747346,-0.1035311397144948,estimated_regional_daily_relative_pressure
2025-08-28,HGA,0.6573629624166459,0.5052277623849012,0.8926385015084286,0.024968028519747346,-0.41237876764327475,estimated_regional_daily_relative_pressure
2025-08-29,HGA,1.278926899125013,0.8237046738934731,0.8833738321673594,0.024968028519747346,-0.08463718679363365,estimated_regional_daily_relative_pressure
2025-08-30,HGA,1.6737641337730071,0.9834872675241186,0.8774479244733953,0.024968028519747346,0.08107131453097603,estimated_regional_daily_relative_pressure
2025-08-31,HGA,1.603888453200994,0.9570058867164367,0.8686032776516519,0.024968028519747346,0.06343458054503746,estimated_regional_daily_relative_pressure
2025-09-01,HGA,1.0706616717294066,0.7278682043791401,0.8548897730948031,-0.04529497326642108,-0.08172659544924187,estimated_regional_daily_relative_pressure
2025-09-02,HGA,1.0890862789055469,0.7367267832560326,0.8405522339679252,-0.04529497326642108,-0.05853047744547156,estimated_regional_daily_relative_pressure
2025-09-03,HGA,1.1136200569029242,0.7484021441915636,0.8353706192002642,-0.04529497326642108,-0.04167350174227956,estimated_regional_daily_relative_pressure
2025-09-04,HGA,1.2609198244261903,0.8157717324398552,0.8372159169977501,-0.04529497326642108,0.023850788708526208,estimated_regional_daily_relative_pressure
2025-09-05,HGA,1.1832761612101144,0.7808265749309081,0.8414742652377452,-0.04529497326642108,-0.01535271704041595,estimated_regional_daily_relative_pressure
2025-09-06,HGA,1.7035995269273705,0.9945840432652667,0.8479418397815537,-0.04529497326642108,0.1919371767501341,estimated_regional_daily_relative_pressure
2025-09-07,HGA,1.6047916241772926,0.9573526812870125,0.8428117737031886,-0.04529497326642108,0.15983588085024492,estimated_regional_daily_relative_pressure
2025-09-08,HGA,1.1054756182126255,0.7445413885065485,0.8323925032976914,-0.04529497326642108,-0.042556141524721855,estimated_regional_daily_relative_pressure
2025-09-09,HGA,0.88036502857773,0.6314659221315319,0.8253702613185011,-0.04529497326642108,-0.1486093659205482,estimated_regional_daily_relative_pressure
2025-09-10,HGA,0.9977896150244407,0.6920413768965956,0.8268172437695726,-0.04529497326642108,-0.08948089360655585,estimated_regional_daily_relative_pressure
2025-09-11,HGA,1.064651296371374,0.7249613484112329,0.8251794676545177,-0.04529497326642108,-0.05492314597686364,estimated_regional_daily_relative_pressure
2025-09-12,HGA,1.2371336995130844,0.8051954480501528,0.8317384893569625,-0.04529497326642108,0.018751931959611348,estimated_regional_daily_relative_pressure
2025-09-13,HGA,1.445561640595196,0.8942748064024522,0.8461470660728448,-0.04529497326642108,0.0934227135960284,estimated_regional_daily_relative_pressure
2025-09-14,HGA,1.675794249276476,0.9842462518946254,0.84692308636416,-0.04529497326642108,0.1826181387968865,estimated_regional_daily_relative_pressure
2025-09-15,HGA,1.1574905633907877,0.768945770102978,0.8429585243075178,-0.04529497326642108,-0.028717780938118706,estimated_regional_daily_relative_pressure
2025-09-16,HGA,1.21294756727566,0.7943253677361085,0.8522232439612204,-0.04529497326642108,-0.012602902958690806,estimated_regional_daily_relative_pressure
2025-09-17,HGA,1.2971662237859083,0.8316762866898765,0.870820011558217,-0.04529497326642108,0.0061512483980805804,estimated_regional_daily_relative_pressure
2025-09-18,HGA,1.3728597690210949,0.8640958813210937,0.8894918923790539,-0.04529497326642108,0.019898962208460894,estimated_regional_daily_relative_pressure
2025-09-19,HGA,1.3287335521711374,0.8453245799655676,0.913759441373551,-0.04529497326642108,-0.0231398881415623,estimated_regional_daily_relative_pressure
2025-09-20,HGA,1.7812329582520845,1.0228943395436039,0.9334321265161564,-0.04529497326642108,0.13475718629386857,estimated_regional_daily_relative_pressure
2025-09-21,HGA,1.6418008555166232,0.9714608268461017,0.9475065082424559,-0.04529497326642108,0.06924929187006691,estimated_regional_daily_relative_pressure
2025-09-22,HGA,1.1796667508328342,0.7791719985252665,0.9524254084917549,-0.04529497326642108,-0.12795843670006735,estimated_regional_daily_relative_pressure
2025-09-23,HGA,1.288913729992024,0.8280773513095603,0.9574587736918834,-0.04529497326642108,-0.084086449115902,estimated_regional_daily_relative_pressure
2025-09-24,HGA,1.3979255192902542,0.8746039966109784,0.9547371894182946,-0.04529497326642108,-0.03483821954089504,estimated_regional_daily_relative_pressure
2025-09-25,HGA,1.2901798912584113,0.8286303696155327,0.9565872230249535,-0.04529497326642108,-0.08266188014299967,estimated_regional_daily_relative_pressure
2025-09-26,HGA,1.3091155062690385,0.8368645534906219,0.9632775072696541,-0.04529497326642108,-0.08111798051261108,estimated_regional_daily_relative_pressure
2025-09-27,HGA,1.8014511526972383,1.0301375517467,0.9699742866252318,-0.04529497326642108,0.10545823838788927,estimated_regional_daily_relative_pressure
2025-09-28,HGA,1.5906107029907708,0.9518936405772553,0.9655244361376546,-0.04529497326642108,0.031664177706021826,estimated_regional_daily_relative_pressure
2025-09-29,HGA,1.3344149498672842,0.8477613029242412,0.9608186679355122,-0.04529497326642108,-0.06776239174484987,estimated_regional_daily_relative_pressure
2025-09-30,HGA,1.3645455422843251,0.8605858437682088,0.9529253814883605,-0.04529497326642108,-0.047044564453730606,estimated_regional_daily_relative_pressure
2025-10-01,HGA,2.470199884774736,1.2442121959812196,0.9527749222801496,0.030356796549361215,0.2610804771517088,estimated_regional_daily_relative_pressure
2025-10-02,HGA,2.6853592100984405,1.3043679998860376,0.9517055996123912,0.030356796549361215,0.3223056037242852,estimated_regional_daily_relative_pressure
2025-10-03,HGA,2.726819126388572,1.3155550887019714,0.9544000610757394,0.030356796549361215,0.3307982310768708,estimated_regional_daily_relative_pressure
2025-10-04,HGA,3.484810142801919,1.5006961630209772,0.9539993470240862,0.030356796549361215,0.5163400194475298,estimated_regional_daily_relative_pressure
2025-10-05,HGA,3.1604571990858696,1.4256249718606218,0.9481368636683355,0.030356796549361215,0.4471313116429251,estimated_regional_daily_relative_pressure
2025-10-06,HGA,2.377488575942977,1.2171324084461936,0.9378578878496419,0.030356796549361215,0.24891772404719056,estimated_regional_daily_relative_pressure
2025-10-07,HGA,2.148952793300111,1.1470699509935365,0.9277799834205753,0.030356796549361215,0.18893317102359994,estimated_regional_daily_relative_pressure
2025-10-08,HGA,2.0446531982977167,1.113387002490995,0.9248380792086222,0.030356796549361215,0.15819212673301172,estimated_regional_daily_relative_pressure
2025-10-09,HGA,0.9351256814481927,0.6601722760252906,0.9199827424904423,0.030356796549361215,-0.2901672630145129,estimated_regional_daily_relative_pressure
2025-10-10,HGA,0.9913582904963212,0.6888169639379592,0.9192655667997743,0.030356796549361215,-0.2608053994111763,estimated_regional_daily_relative_pressure
2025-10-11,HGA,1.4582265823406813,0.8994401884823147,0.9189386357855882,0.030356796549361215,-0.04985524385263476,estimated_regional_daily_relative_pressure
2025-10-12,HGA,1.541009666226619,0.9325615084341441,0.9120939080975119,0.030356796549361215,-0.009889196212729018,estimated_regional_daily_relative_pressure
2025-10-13,HGA,0.9488707123251304,0.6672500829352579,0.9000401101974618,0.030356796549361215,-0.26314682381156507,estimated_regional_daily_relative_pressure
2025-10-14,HGA,1.1136070538349654,0.7483959921360349,0.8920578264799421,0.030356796549361215,-0.17401863089326844,estimated_regional_daily_relative_pressure
2025-10-15,HGA,1.0950017150909472,0.7395543720329293,0.8861224955086793,0.030356796549361215,-0.1769249200251112,estimated_regional_daily_relative_pressure
2025-10-16,HGA,1.1474509511708677,0.7642815346484375,0.8795246839417513,0.030356796549361215,-0.14559994584267502,estimated_regional_daily_relative_pressure
2025-10-17,HGA,1.1407930939697888,0.7611763650355959,0.8668513847266719,0.030356796549361215,-0.13603181624043717,estimated_regional_daily_relative_pressure
2025-10-18,HGA,1.4972861245396936,0.9152045920536729,0.8504798840831418,0.030356796549361215,0.03436791142116988,estimated_regional_daily_relative_pressure
2025-10-19,HGA,1.343566104831777,0.8516737457198432,0.8276644448114809,0.030356796549361215,-0.006347495640998929,estimated_regional_daily_relative_pressure
2025-10-20,HGA,0.9417460536295236,0.6635875959372994,0.8007827222631047,0.030356796549361215,-0.16755192287516643,estimated_regional_daily_relative_pressure
2025-10-21,HGA,1.022321459990429,0.7042460891641001,0.7773273641085938,0.030356796549361215,-0.1034380714938549,estimated_regional_daily_relative_pressure
2025-10-22,HGA,0.9329470158795004,0.659045789545041,0.7595164808101079,0.030356796549361215,-0.13082748781442813,estimated_regional_daily_relative_pressure
2025-10-23,HGA,0.9896783011497934,0.6879729679547127,0.7436621546756251,0.030356796549361215,-0.0860459832702736,estimated_regional_daily_relative_pressure
2025-10-24,HGA,0.969071108546914,0.6775619130459861,0.7344028633863786,0.030356796549361215,-0.08719774688975371,estimated_regional_daily_relative_pressure
2025-10-25,HGA,1.3452020264702536,0.8523715502002724,0.7402127242124195,0.030356796549361215,0.08180202943849177,estimated_regional_daily_relative_pressure
2025-10-26,HGA,1.2670864574349805,0.8184955081757636,0.7385056929522856,0.030356796549361215,0.04963301867411671,estimated_regional_daily_relative_pressure
2025-10-27,HGA,0.867644470038218,0.6246779951602548,0.7307822729314152,0.030356796549361215,-0.1364610743205216,estimated_regional_daily_relative_pressure
2025-10-28,HGA,0.9279742047988592,0.6564698168451472,0.7225192023399479,0.030356796549361215,-0.09640618204416199,estimated_regional_daily_relative_pressure
2025-10-29,HGA,1.022719403363122,0.7044428453341464,0.7232444471110323,0.030356796549361215,-0.04915839832624716,estimated_regional_daily_relative_pressure
2025-10-30,HGA,0.942092583067883,0.6637660428150892,0.7208224819452621,0.030356796549361215,-0.0874132356795341,estimated_regional_daily_relative_pressure
2025-10-31,HGA,0.9271720806147794,0.6560536851934431,0.7243979491300366,0.030356796549361215,-0.09870106048595476,estimated_regional_daily_relative_pressure
2025-11-01,HGA,1.342783893493419,0.8513399203137588,0.7255217563066404,-0.0006736358132023347,0.12649179982032077,estimated_regional_daily_relative_pressure
2025-11-02,HGA,1.2185447877514433,0.796851479936604,0.7213370089203945,-0.0006736358132023347,0.07618810682941178,estimated_regional_daily_relative_pressure
2025-11-03,HGA,0.8372620943876636,0.6082764712804867,0.7130222902116707,-0.0006736358132023347,-0.10407218311798173,estimated_regional_daily_relative_pressure
2025-11-04,HGA,0.9490903255664672,0.66736276402131,0.7069521658033309,-0.0006736358132023347,-0.03891576596881852,estimated_regional_daily_relative_pressure
2025-11-05,HGA,1.010752176173059,0.6985088690707875,0.70781096824252,-0.0006736358132023347,-0.008628463358530191,estimated_regional_daily_relative_pressure
2025-11-06,HGA,0.9444808498405646,0.6649950261931276,0.7057792640279883,-0.0006736358132023347,-0.0401106020216584,estimated_regional_daily_relative_pressure
2025-11-07,HGA,0.9262706748842586,0.6555858408245727,0.7128529233448727,-0.0006736358132023347,-0.05659344670709766,estimated_regional_daily_relative_pressure
2025-11-08,HGA,1.2849610369193498,0.8263489725243532,0.7164423032304938,-0.0006736358132023347,0.11058030510706172,estimated_regional_daily_relative_pressure
2025-11-09,HGA,1.3170109274202044,0.8402779616325596,0.7156205951764751,-0.0006736358132023347,0.12533100226928684,estimated_regional_daily_relative_pressure
2025-11-10,HGA,0.8887193274571292,0.6358989948738112,0.7092462755194944,-0.0006736358132023347,-0.07267364483248086,estimated_regional_daily_relative_pressure
2025-11-11,HGA,0.934819746415404,0.6600141678353284,0.7045607835626979,-0.0006736358132023347,-0.04387297991416717,estimated_regional_daily_relative_pressure
2025-11-12,HGA,0.9667969780987162,0.6764063200986586,0.704894166425161,-0.0006736358132023347,-0.02781421051330003,estimated_regional_daily_relative_pressure
2025-11-13,HGA,0.9931826261760316,0.6897326708388749,0.7059902204326118,-0.0006736358132023347,-0.015583913780534597,estimated_regional_daily_relative_pressure
2025-11-14,HGA,0.9607265081724704,0.6733150719971572,0.7100579834423548,-0.0006736358132023347,-0.03606927563199525,estimated_regional_daily_relative_pressure
2025-11-15,HGA,1.340568514466213,0.8503938547609388,0.7145310031299206,-0.0006736358132023347,0.13653648744422053,estimated_regional_daily_relative_pressure
2025-11-16,HGA,1.2235823291787815,0.7991195571231562,0.7148216821430015,-0.0006736358132023347,0.08497151079335706,estimated_regional_daily_relative_pressure
2025-11-17,HGA,0.880333577724494,0.6314491960619745,0.708652926160023,-0.0006736358132023347,-0.07653009428484615,estimated_regional_daily_relative_pressure
2025-11-18,HGA,0.9298616416508012,0.6574483120832342,0.7044452392885129,-0.0006736358132023347,-0.04632329139207637,estimated_regional_daily_relative_pressure
2025-11-19,HGA,0.941575756617408,0.6634998890613072,0.7063140951284952,-0.0006736358132023347,-0.04214057025398566,estimated_regional_daily_relative_pressure
2025-11-20,HGA,0.9941351978081068,0.6902104715521601,0.7070949190028722,-0.0006736358132023347,-0.016210811637509825,estimated_regional_daily_relative_pressure
2025-11-21,HGA,0.8988781387820683,0.6412632585136177,0.7116672893152703,-0.0006736358132023347,-0.06973039498845036,estimated_regional_daily_relative_pressure
2025-11-22,HGA,1.4068750066945397,0.8783292283684602,0.7158840593866527,-0.0006736358132023347,0.16311880479500984,estimated_regional_daily_relative_pressure
2025-11-23,HGA,1.223858486980307,0.7992437444089666,0.7152354325672357,-0.0006736358132023347,0.0846819476549333,estimated_regional_daily_relative_pressure
2025-11-24,HGA,0.9195465060417828,0.6520889633714078,0.7109365672813074,-0.0006736358132023347,-0.05817396809669729,estimated_regional_daily_relative_pressure
2025-11-25,HGA,0.9246952448322932,0.6547676408338697,0.7055370111299043,-0.0006736358132023347,-0.05009573448283223,estimated_regional_daily_relative_pressure
2025-11-26,HGA,0.960589625845033,0.6732452575150728,0.7061902823539297,-0.0006736358132023347,-0.032271389025654525,estimated_regional_daily_relative_pressure
2025-11-27,HGA,0.8870464160726064,0.6350128638966139,0.7060023923747132,-0.0006736358132023347,-0.07031589266489692,estimated_regional_daily_relative_pressure
2025-11-28,HGA,0.9946079028013466,0.6904474910761202,0.7119588774368576,-0.0006736358132023347,-0.020837750547535016,estimated_regional_daily_relative_pressure
2025-11-29,HGA,1.294565494645802,0.8305434986361785,0.7168649694645878,-0.0006736358132023347,0.11435216498479304,estimated_regional_daily_relative_pressure
2025-11-30,HGA,1.2309547952203448,0.8024296531296273,0.716399181868671,-0.0006736358132023347,0.08670410707415864,estimated_regional_daily_relative_pressure
2025-12-01,HGA,0.9446164012252388,0.6650647345989495,0.710721630251155,-0.006239505373992744,-0.039417390278212686,estimated_regional_daily_relative_pressure
2025-12-02,HGA,0.935002241427279,0.6601084848414251,0.7076873309223601,-0.006239505373992744,-0.04133934070694224,estimated_regional_daily_relative_pressure
2025-12-03,HGA,0.9472403924905608,0.6664131869197873,0.7096642200150626,-0.006239505373992744,-0.03701152772128248,estimated_regional_daily_relative_pressure
2025-12-04,HGA,0.9468467302685633,0.6662110023199422,0.7095011175910814,-0.006239505373992744,-0.03705060989714638,estimated_regional_daily_relative_pressure
2025-12-05,HGA,0.9968447386734444,0.6915683041269972,0.714926711414484,-0.006239505373992744,-0.017118901913494092,estimated_regional_daily_relative_pressure
2025-12-06,HGA,1.316951582863314,0.8402523487551304,0.7190521715832007,-0.006239505373992744,0.1274396825459225,estimated_regional_daily_relative_pressure
2025-12-07,HGA,1.2160246631556513,0.7957148984059792,0.7190351596961833,-0.006239505373992744,0.08291924408378869,estimated_regional_daily_relative_pressure
2025-12-08,HGA,0.8879251266130255,0.6354784094226416,0.7113268273859013,-0.006239505373992744,-0.06960891258926695,estimated_regional_daily_relative_pressure
2025-12-09,HGA,0.9998739401742024,0.693084148660578,0.7061531847932089,-0.006239505373992744,-0.0068295307586381405,estimated_regional_daily_relative_pressure
2025-12-10,HGA,0.959896608212512,0.6728917209390639,0.7069957299200589,-0.006239505373992744,-0.027864503607002225,estimated_regional_daily_relative_pressure
2025-12-11,HGA,0.9273584811356484,0.6561504028186004,0.7060102026113191,-0.006239505373992744,-0.04362029441872596,estimated_regional_daily_relative_pressure
2025-12-12,HGA,0.9235829724802048,0.6541895784796161,0.7094516667169376,-0.006239505373992744,-0.04902258286332874,estimated_regional_daily_relative_pressure
2025-12-13,HGA,1.365660719743934,0.8610573570251346,0.7132696050890689,-0.006239505373992744,0.15402725731005848,estimated_regional_daily_relative_pressure
2025-12-14,HGA,1.3205901392513213,0.8418215236985108,0.7088188633934307,-0.006239505373992744,0.13924216567907285,estimated_regional_daily_relative_pressure
2025-12-15,HGA,0.9326181857368998,0.6588756565237399,0.7012127857282991,-0.006239505373992744,-0.036097623830566486,estimated_regional_daily_relative_pressure
2025-12-16,HGA,0.9628347995440508,0.674389754617942,0.6955301568683565,-0.006239505373992744,-0.014900896876421725,estimated_regional_daily_relative_pressure
2025-12-17,HGA,1.0239605860304772,0.7050562779305116,0.6965456709440033,-0.006239505373992744,0.01475011236050104,estimated_regional_daily_relative_pressure
2025-12-18,HGA,0.999171326474005,0.6927327579357534,0.6978021256371958,-0.006239505373992744,0.0011701376725503487,estimated_regional_daily_relative_pressure
2025-12-19,HGA,0.9201285500314624,0.6523921369398153,0.6989231591628174,-0.006239505373992744,-0.04029151684900935,estimated_regional_daily_relative_pressure
2025-12-20,HGA,1.2972053009761058,0.8316932975867914,0.7001347205273684,-0.006239505373992744,0.13779808243341582,estimated_regional_daily_relative_pressure
2025-12-21,HGA,1.26618938699791,0.8180997367823764,0.7004641980812287,-0.006239505373992744,0.12387504407514037,estimated_regional_daily_relative_pressure
2025-12-22,HGA,0.8978769942802474,0.6407358900160782,0.6948726720542727,-0.006239505373992744,-0.04789727666420175,estimated_regional_daily_relative_pressure
2025-12-23,HGA,0.8952882290856132,0.639370926749717,0.6906709126229517,-0.006239505373992744,-0.04506048049924195,estimated_regional_daily_relative_pressure
2025-12-24,HGA,0.8943216839553452,0.6388608240355034,0.6930705866751391,-0.006239505373992744,-0.04797025726564298,estimated_regional_daily_relative_pressure
2025-12-25,HGA,0.9703434394543458,0.6782078623037597,0.6930699702212555,-0.006239505373992744,-0.008622602543503015,estimated_regional_daily_relative_pressure
2025-12-26,HGA,0.8667823759406399,0.6242162942629293,0.6940308392346931,-0.006239505373992744,-0.06357503959777101,estimated_regional_daily_relative_pressure
2025-12-27,HGA,1.1813209742759634,0.7799306447892514,0.6959248610554978,-0.006239505373992744,0.09024528910774642,estimated_regional_daily_relative_pressure
2025-12-28,HGA,1.1241441184017198,0.7533689534326842,0.698121454875281,-0.006239505373992744,0.06148700393139593,estimated_regional_daily_relative_pressure
2025-12-29,HGA,0.7375472607374778,0.5524744985113329,0.6890694603114003,-0.006239505373992744,-0.13035545642607463,estimated_regional_daily_relative_pressure
2025-12-30,HGA,0.8125869717641967,0.594755091017103,0.6800840448180407,-0.006239505373992744,-0.079089448426945,estimated_regional_daily_relative_pressure
2025-12-31,HGA,0.8706166922858252,0.6262681584714028,0.6814095690864346,-0.006239505373992744,-0.048901905241039004,estimated_regional_daily_relative_pressure
2023-01-01,SHG,0.275679135782735,0.243478692315666,0.015217418269729124,-0.002065734989176863,0.23032700903511374,estimated_regional_daily_relative_pressure
2023-01-02,SHG,0.0,0.0,0.014322276018568588,-0.002065734989176863,-0.012256541029391724,estimated_regional_daily_relative_pressure
2023-01-03,SHG,0.0,0.0,0.013526594017536999,-0.002065734989176863,-0.011460859028360136,estimated_regional_daily_relative_pressure
2023-01-04,SHG,0.0,0.0,0.012814668016614,-0.002065734989176863,-0.010748933027437136,estimated_regional_daily_relative_pressure
2023-01-05,SHG,0.0,0.0,0.0121739346157833,-0.002065734989176863,-0.010108199626606437,estimated_regional_daily_relative_pressure
2023-01-06,SHG,0.0,0.0,0.023200095843568986,-0.002065734989176863,-0.021134360854392124,estimated_regional_daily_relative_pressure
2023-01-07,SHG,0.0,0.0,0.031236465372190582,-0.002065734989176863,-0.02917073038301372,estimated_regional_daily_relative_pressure
2023-01-08,SHG,0.0,0.0,0.03227897088932919,-0.002065734989176863,-0.03021323590015233,estimated_regional_daily_relative_pressure
2023-01-09,SHG,0.0,0.0,0.03430566392149638,-0.002065734989176863,-0.032239928932319514,estimated_regional_daily_relative_pressure
2023-01-10,SHG,0.0,0.0,0.03685988303940536,-0.002065734989176863,-0.03479414805022849,estimated_regional_daily_relative_pressure
2023-01-11,SHG,0.0,0.0,0.0391458187381769,-0.002065734989176863,-0.037080083749000035,estimated_regional_daily_relative_pressure
2023-01-12,SHG,0.0,0.0,0.041717050819083695,-0.002065734989176863,-0.03965131582990683,estimated_regional_daily_relative_pressure
2023-01-13,SHG,0.0,0.0,0.040227156146973565,-0.002065734989176863,-0.0381614211577967,estimated_regional_daily_relative_pressure
2023-01-14,SHG,0.0,0.0,0.03884001283156068,-0.002065734989176863,-0.036774277842383817,estimated_regional_daily_relative_pressure
2023-01-15,SHG,0.0,0.0,0.03754534573717532,-0.002065734989176863,-0.03547961074799846,estimated_regional_daily_relative_pressure
2023-01-16,SHG,0.0,0.0,0.036334205552105155,-0.002065734989176863,-0.03426847056292829,estimated_regional_daily_relative_pressure
2023-01-17,SHG,0.0,0.0,0.02848005418708367,-0.002065734989176863,-0.026414319197906808,estimated_regional_daily_relative_pressure
2023-01-18,SHG,0.0,0.0,0.02848005418708367,-0.002065734989176863,-0.026414319197906808,estimated_regional_daily_relative_pressure
2023-01-19,SHG,0.0,0.0,0.02848005418708367,-0.002065734989176863,-0.026414319197906808,estimated_regional_daily_relative_pressure
2023-01-20,SHG,0.0,0.0,0.02848005418708367,-0.002065734989176863,-0.026414319197906808,estimated_regional_daily_relative_pressure
2023-01-21,SHG,0.275991240898313,0.24372332039928266,0.02848005418708367,-0.002065734989176863,0.21730900120137586,estimated_regional_daily_relative_pressure
2023-01-22,SHG,0.2214030335538431,0.20000022547324411,0.02923088975900527,-0.002065734989176863,0.17283507070341572,estimated_regional_daily_relative_pressure
2023-01-23,SHG,0.0567668360654722,0.055214092266378634,0.02923088975900527,-0.002065734989176863,0.028048937496550224,estimated_regional_daily_relative_pressure
2023-01-24,SHG,0.0842837206212891,0.08091960366134168,0.02923088975900527,-0.002065734989176863,0.053754448891513276,estimated_regional_daily_relative_pressure
2023-01-25,SHG,0.1031405329143033,0.09816114186922079,0.02923088975900527,-0.002065734989176863,0.07099598709939238,estimated_regional_daily_relative_pressure
2023-01-26,SHG,0.101082967292979,0.09629421120746541,0.02923088975900527,-0.002065734989176863,0.069129056437637,estimated_regional_daily_relative_pressure
2023-01-27,SHG,0.1146819135921581,0.10856908492266051,0.03662411185548159,-0.002065734989176863,0.07401070805635579,estimated_regional_daily_relative_pressure
2023-01-28,SHG,0.0,0.0,0.04162751333591763,-0.002065734989176863,-0.03956177834674077,estimated_regional_daily_relative_pressure
2023-01-29,SHG,0.0,0.0,0.04162751333591763,-0.002065734989176863,-0.03956177834674077,estimated_regional_daily_relative_pressure
2023-01-30,SHG,0.0,0.0,0.04162751333591763,-0.002065734989176863,-0.03956177834674077,estimated_regional_daily_relative_pressure
2023-01-31,SHG,0.0,0.0,0.04162751333591763,-0.002065734989176863,-0.03956177834674077,estimated_regional_daily_relative_pressure
2023-02-01,SHG,0.0,0.0,0.04162751333591763,0.003452795456726222,-0.04508030879264385,estimated_regional_daily_relative_pressure
2023-02-02,SHG,0.0,0.0,0.04162751333591763,0.003452795456726222,-0.04508030879264385,estimated_regional_daily_relative_pressure
2023-02-03,SHG,0.0,0.0,0.04162751333591763,0.003452795456726222,-0.04508030879264385,estimated_regional_daily_relative_pressure
2023-02-04,SHG,0.0,0.0,0.04216062036402741,0.003452795456726222,-0.04561341582075363,estimated_regional_daily_relative_pressure
2023-02-05,SHG,0.0,0.0,0.04216062036402741,0.003452795456726222,-0.04561341582075363,estimated_regional_daily_relative_pressure
2023-02-06,SHG,0.0235489005288475,0.023275902729569694,0.034298577770502166,0.003452795456726222,-0.014475470497658694,estimated_regional_daily_relative_pressure
2023-02-07,SHG,0.0,0.0,0.02784695759394589,0.003452795456726222,-0.03129975305067211,estimated_regional_daily_relative_pressure
2023-02-08,SHG,0.0,0.0,0.026065857843417552,0.003452795456726222,-0.029518653300143773,estimated_regional_daily_relative_pressure
2023-02-09,SHG,0.0,0.0,0.0234555480478904,0.003452795456726222,-0.02690834350461662,estimated_regional_daily_relative_pressure
2023-02-10,SHG,0.0,0.0,0.020699030827905515,0.003452795456726222,-0.024151826284631736,estimated_regional_daily_relative_pressure
2023-02-11,SHG,0.2575808120602979,0.22918988499076595,0.01842270962734568,0.003452795456726222,0.20731437990669405,estimated_regional_daily_relative_pressure
2023-02-12,SHG,0.1677810923338833,0.1551054458935171,0.014920481081453404,0.003452795456726222,0.13673216935533747,estimated_regional_daily_relative_pressure
2023-02-13,SHG,0.0,0.0,0.014920481081453404,0.003452795456726222,-0.018373276538179627,estimated_regional_daily_relative_pressure
2023-02-14,SHG,0.0,0.0,0.014920481081453404,0.003452795456726222,-0.018373276538179627,estimated_regional_daily_relative_pressure
2023-02-15,SHG,0.0,0.0,0.014920481081453404,0.003452795456726222,-0.018373276538179627,estimated_regional_daily_relative_pressure
2023-02-16,SHG,0.0,0.0,0.014920481081453404,0.003452795456726222,-0.018373276538179627,estimated_regional_daily_relative_pressure
2023-02-17,SHG,0.0,0.0,0.014920481081453404,0.003452795456726222,-0.018373276538179627,estimated_regional_daily_relative_pressure
2023-02-18,SHG,0.0,0.0,0.014920481081453404,0.003452795456726222,-0.018373276538179627,estimated_regional_daily_relative_pressure
2023-02-19,SHG,0.0166636328567222,0.01652631787140299,0.014920481081453404,0.003452795456726222,-0.0018469586667766362,estimated_regional_daily_relative_pressure
2023-02-20,SHG,0.0,0.0,0.014920481081453404,0.003452795456726222,-0.018373276538179627,estimated_regional_daily_relative_pressure
2023-02-21,SHG,0.0,0.0,0.014920481081453404,0.003452795456726222,-0.018373276538179627,estimated_regional_daily_relative_pressure
2023-02-22,SHG,0.0,0.0,0.014169645509531802,0.003452795456726222,-0.017622440966258025,estimated_regional_daily_relative_pressure
2023-02-23,SHG,0.0,0.0,0.014169645509531802,0.003452795456726222,-0.017622440966258025,estimated_regional_daily_relative_pressure
2023-02-24,SHG,0.0,0.0,0.014169645509531802,0.003452795456726222,-0.017622440966258025,estimated_regional_daily_relative_pressure
2023-02-25,SHG,0.0127902119854287,0.012709108049689364,0.014169645509531802,0.003452795456726222,-0.004913332916568661,estimated_regional_daily_relative_pressure
2023-02-26,SHG,0.0260620823080082,0.02572825399011048,0.014169645509531802,0.003452795456726222,0.008105813023852455,estimated_regional_daily_relative_pressure
2023-02-27,SHG,0.0,0.0,0.0067764234130554815,0.003452795456726222,-0.010229218869781703,estimated_regional_daily_relative_pressure
2023-02-28,SHG,0.0,0.0,0.0017730219326194464,0.003452795456726222,-0.005225817389345668,estimated_regional_daily_relative_pressure
2023-03-01,SHG,0.0,0.0,0.0017730219326194464,-0.007497991501177371,0.005724969568557925,estimated_regional_daily_relative_pressure
2023-03-02,SHG,0.0,0.0,0.0017730219326194464,-0.007497991501177371,0.005724969568557925,estimated_regional_daily_relative_pressure
2023-03-03,SHG,0.0,0.0,0.0017730219326194464,-0.007497991501177371,0.005724969568557925,estimated_regional_daily_relative_pressure
2023-03-04,SHG,0.0,0.0,0.0017730219326194464,-0.007497991501177371,0.005724969568557925,estimated_regional_daily_relative_pressure
2023-03-05,SHG,0.0,0.0,0.0017730219326194464,-0.007497991501177371,0.005724969568557925,estimated_regional_daily_relative_pressure
2023-03-06,SHG,0.0,0.0,0.0017730219326194464,-0.007497991501177371,0.005724969568557925,estimated_regional_daily_relative_pressure
2023-03-07,SHG,0.0,0.0,0.0012399149045096724,-0.007497991501177371,0.006258076596667699,estimated_regional_daily_relative_pressure
2023-03-08,SHG,0.0,0.0,0.0012399149045096724,-0.007497991501177371,0.006258076596667699,estimated_regional_daily_relative_pressure
2023-03-09,SHG,0.0,0.0,0.0012399149045096724,-0.007497991501177371,0.006258076596667699,estimated_regional_daily_relative_pressure
2023-03-10,SHG,0.0,0.0,0.0012399149045096724,-0.007497991501177371,0.006258076596667699,estimated_regional_daily_relative_pressure
2023-03-11,SHG,0.0,0.0,0.0012399149045096724,-0.007497991501177371,0.006258076596667699,estimated_regional_daily_relative_pressure
2023-03-12,SHG,0.0,0.0,0.0012399149045096724,-0.007497991501177371,0.006258076596667699,estimated_regional_daily_relative_pressure
2023-03-13,SHG,0.0,0.0,0.000829943677100338,-0.007497991501177371,0.006668047824077033,estimated_regional_daily_relative_pressure
2023-03-14,SHG,0.0,0.0,0.0,-0.007497991501177371,0.007497991501177371,estimated_regional_daily_relative_pressure
2023-03-15,SHG,0.0,0.0,0.0,-0.007497991501177371,0.007497991501177371,estimated_regional_daily_relative_pressure
2023-03-16,SHG,0.0,0.0,0.0,-0.007497991501177371,0.007497991501177371,estimated_regional_daily_relative_pressure
2023-03-17,SHG,0.0,0.0,0.0,-0.007497991501177371,0.007497991501177371,estimated_regional_daily_relative_pressure
2023-03-18,SHG,0.0,0.0,0.0,-0.007497991501177371,0.007497991501177371,estimated_regional_daily_relative_pressure
2023-03-19,SHG,0.0,0.0,0.0,-0.007497991501177371,0.007497991501177371,estimated_regional_daily_relative_pressure
2023-03-20,SHG,0.0,0.0,0.0,-0.007497991501177371,0.007497991501177371,estimated_regional_daily_relative_pressure
2023-03-21,SHG,0.0,0.0,0.0031723453874086863,-0.007497991501177371,0.004325646113768684,estimated_regional_daily_relative_pressure
2023-03-22,SHG,0.0,0.0,0.0031723453874086863,-0.007497991501177371,0.004325646113768684,estimated_regional_daily_relative_pressure
2023-03-23,SHG,0.0,0.0,0.0031723453874086863,-0.007497991501177371,0.004325646113768684,estimated_regional_daily_relative_pressure
2023-03-24,SHG,0.0,0.0,0.0031723453874086863,-0.007497991501177371,0.004325646113768684,estimated_regional_daily_relative_pressure
2023-03-25,SHG,0.0,0.0,0.0035724777133078218,-0.007497991501177371,0.003925513787869549,estimated_regional_daily_relative_pressure
2023-03-26,SHG,0.0,0.0,0.0035724777133078218,-0.007497991501177371,0.003925513787869549,estimated_regional_daily_relative_pressure
2023-03-27,SHG,0.0,0.0,0.0035724777133078218,-0.007497991501177371,0.003925513787869549,estimated_regional_daily_relative_pressure
2023-03-28,SHG,0.0,0.0,0.0035724777133078218,-0.007497991501177371,0.003925513787869549,estimated_regional_daily_relative_pressure
2023-03-29,SHG,0.0,0.0,0.0035724777133078218,-0.007497991501177371,0.003925513787869549,estimated_regional_daily_relative_pressure
2023-03-30,SHG,0.0,0.0,0.0035724777133078218,-0.007497991501177371,0.003925513787869549,estimated_regional_daily_relative_pressure
2023-03-31,SHG,0.0,0.0,0.005976195271899046,-0.007497991501177371,0.0015217962292783252,estimated_regional_daily_relative_pressure
2023-04-01,SHG,0.0,0.0,0.007957722957246893,-0.013100490983276966,0.005142768026030073,estimated_regional_daily_relative_pressure
2023-04-02,SHG,0.0,0.0,0.007957722957246893,-0.013100490983276966,0.005142768026030073,estimated_regional_daily_relative_pressure
2023-04-03,SHG,0.0,0.0,0.007957722957246893,-0.013100490983276966,0.005142768026030073,estimated_regional_daily_relative_pressure
2023-04-04,SHG,0.0,0.0,0.007957722957246893,-0.013100490983276966,0.005142768026030073,estimated_regional_daily_relative_pressure
2023-04-05,SHG,0.1033408429642072,0.09834270700966928,0.007957722957246893,-0.013100490983276966,0.10348547503569935,estimated_regional_daily_relative_pressure
2023-04-06,SHG,0.0,0.0,0.007957722957246893,-0.013100490983276966,0.005142768026030073,estimated_regional_daily_relative_pressure
2023-04-07,SHG,0.0,0.0,0.009799992074673438,-0.013100490983276966,0.003300498908603528,estimated_regional_daily_relative_pressure
2023-04-08,SHG,0.0,0.0,0.011377352783123825,-0.013100490983276966,0.0017231382001531414,estimated_regional_daily_relative_pressure
2023-04-09,SHG,0.0124813520523485,0.0124041021028732,0.011377352783123825,-0.013100490983276966,0.014127240303026341,estimated_regional_daily_relative_pressure
2023-04-10,SHG,0.0,0.0,0.011377352783123825,-0.013100490983276966,0.0017231382001531414,estimated_regional_daily_relative_pressure
2023-04-11,SHG,0.0,0.0,0.011377352783123825,-0.013100490983276966,0.0017231382001531414,estimated_regional_daily_relative_pressure
2023-04-12,SHG,0.0,0.0,0.011377352783123825,-0.013100490983276966,0.0017231382001531414,estimated_regional_daily_relative_pressure
2023-04-13,SHG,0.0,0.0,0.011377352783123825,-0.013100490983276966,0.0017231382001531414,estimated_regional_daily_relative_pressure
2023-04-14,SHG,0.0,0.0,0.02728764784637013,-0.013100490983276966,-0.014187156863093162,estimated_regional_daily_relative_pressure
2023-04-15,SHG,0.0773617670406484,0.07451524431632796,0.05127755722258024,-0.013100490983276966,0.036338178077024684,estimated_regional_daily_relative_pressure
2023-04-16,SHG,0.0633532498777443,0.06142735824578327,0.06746481897424655,-0.013100490983276966,0.007063030254813682,estimated_regional_daily_relative_pressure
2023-04-17,SHG,0.0,0.0,0.08107695816433386,-0.013100490983276966,-0.06797646718105689,estimated_regional_daily_relative_pressure
2023-04-18,SHG,0.0,0.0,0.09277671300785277,-0.013100490983276966,-0.0796762220245758,estimated_regional_daily_relative_pressure
2023-04-19,SHG,0.0,0.0,0.09277671300785277,-0.013100490983276966,-0.0796762220245758,estimated_regional_daily_relative_pressure
2023-04-20,SHG,0.0,0.0,0.09277671300785277,-0.013100490983276966,-0.0796762220245758,estimated_regional_daily_relative_pressure
2023-04-21,SHG,0.0,0.0,0.09145640623728944,-0.013100490983276966,-0.07835591525401248,estimated_regional_daily_relative_pressure
2023-04-22,SHG,0.0587726317177745,0.057110342640222925,0.09428720511021019,-0.013100490983276966,-0.024076371486710296,estimated_regional_daily_relative_pressure
2023-04-23,SHG,0.0501134248079948,0.0488981819619619,0.09428720511021019,-0.013100490983276966,-0.03228853216497132,estimated_regional_daily_relative_pressure
2023-04-24,SHG,0.0,0.0,0.09428720511021019,-0.013100490983276966,-0.08118671412693322,estimated_regional_daily_relative_pressure
2023-04-25,SHG,0.0,0.0,0.09388707278431105,-0.013100490983276966,-0.08078658180103408,estimated_regional_daily_relative_pressure
2023-04-26,SHG,0.0,0.0,0.09388707278431105,-0.013100490983276966,-0.08078658180103408,estimated_regional_daily_relative_pressure
2023-04-27,SHG,0.0,0.0,0.09388707278431105,-0.013100490983276966,-0.08078658180103408,estimated_regional_daily_relative_pressure
2023-04-28,SHG,0.0,0.0,0.09542759057678808,-0.013100490983276966,-0.08232709959351112,estimated_regional_daily_relative_pressure
2023-04-29,SHG,0.6375793526072719,0.4932191469606354,0.09664660358926529,-0.013100490983276966,0.4096730343546471,estimated_regional_daily_relative_pressure
2023-04-30,SHG,1.1036778933945215,0.7436871906625134,0.09664660358926529,-0.013100490983276966,0.6601410780565251,estimated_regional_daily_relative_pressure
2023-05-01,SHG,0.6517000887900235,0.5018051143016559,0.09424288603067406,0.015047120685772594,0.39251510758520924,estimated_regional_daily_relative_pressure
2023-05-02,SHG,0.5249724051204978,0.42197631489270615,0.0922613583453262,0.015047120685772594,0.31466783586160735,estimated_regional_daily_relative_pressure
2023-05-03,SHG,0.4371937106711419,0.3626924001490861,0.0922613583453262,0.015047120685772594,0.2553839211179873,estimated_regional_daily_relative_pressure
2023-05-04,SHG,0.0,0.0,0.0922613583453262,0.015047120685772594,-0.10730847903109879,estimated_regional_daily_relative_pressure
2023-05-05,SHG,0.0,0.0,0.09333676784445469,0.015047120685772594,-0.10838388853022728,estimated_regional_daily_relative_pressure
2023-05-06,SHG,0.0590933343153496,0.05741319712220608,0.09380340756756154,0.015047120685772594,-0.05143733113112806,estimated_regional_daily_relative_pressure
2023-05-07,SHG,0.0917203612206991,0.08775476506054332,0.09380340756756154,0.015047120685772594,-0.02109576319279082,estimated_regional_daily_relative_pressure
2023-05-08,SHG,0.0,0.0,0.09196113845013501,0.015047120685772594,-0.1070082591359076,estimated_regional_daily_relative_pressure
2023-05-09,SHG,0.0,0.0,0.09038377774168463,0.015047120685772594,-0.10543089842745722,estimated_regional_daily_relative_pressure
2023-05-10,SHG,0.0,0.0,0.09038377774168463,0.015047120685772594,-0.10543089842745722,estimated_regional_daily_relative_pressure
2023-05-11,SHG,0.0,0.0,0.09038377774168463,0.015047120685772594,-0.10543089842745722,estimated_regional_daily_relative_pressure
2023-05-12,SHG,0.0,0.0,0.09141099294693689,0.015047120685772594,-0.10645811363270948,estimated_regional_daily_relative_pressure
2023-05-13,SHG,0.0489147430029061,0.04775605156678793,0.09205103216001966,0.015047120685772594,-0.05934210127900432,estimated_regional_daily_relative_pressure
2023-05-14,SHG,0.0385125026315547,0.03778940338679348,0.09205103216001966,0.015047120685772594,-0.06930874945899877,estimated_regional_daily_relative_pressure
2023-05-15,SHG,0.0,0.0,0.07614073709677335,0.015047120685772594,-0.09118785778254594,estimated_regional_daily_relative_pressure
2023-05-16,SHG,0.0,0.0,0.05215082772056324,0.015047120685772594,-0.06719794840633583,estimated_regional_daily_relative_pressure
2023-05-17,SHG,0.0,0.0,0.03596356596889691,0.015047120685772594,-0.051010686654669506,estimated_regional_daily_relative_pressure
2023-05-18,SHG,0.0,0.0,0.022351426778809625,0.015047120685772594,-0.03739854746458222,estimated_regional_daily_relative_pressure
2023-05-19,SHG,0.0,0.0,0.01166624128177556,0.015047120685772594,-0.026713361967548154,estimated_regional_daily_relative_pressure
2023-05-20,SHG,0.0338996224843792,0.03333769447298283,0.013807320903889784,0.015047120685772594,0.00448325288332045,estimated_regional_daily_relative_pressure
2023-05-21,SHG,0.0145709679061165,0.014465831416312702,0.013807320903889784,0.015047120685772594,-0.014388610173349676,estimated_regional_daily_relative_pressure
2023-05-22,SHG,0.0,0.0,0.011955282287044426,0.015047120685772594,-0.02700240297281702,estimated_regional_daily_relative_pressure
2023-05-23,SHG,0.0,0.0,0.009124483414123674,0.015047120685772594,-0.024171604099896268,estimated_regional_daily_relative_pressure
2023-05-24,SHG,0.0,0.0,0.009124483414123674,0.015047120685772594,-0.024171604099896268,estimated_regional_daily_relative_pressure
2023-05-25,SHG,0.0,0.0,0.009124483414123674,0.015047120685772594,-0.024171604099896268,estimated_regional_daily_relative_pressure
2023-05-26,SHG,0.0,0.0,0.01249188224485916,0.015047120685772594,-0.027539002930631752,estimated_regional_daily_relative_pressure
2023-05-27,SHG,0.0323561058666553,0.031843671362819896,0.015117130177011487,0.015047120685772594,0.001679420500035814,estimated_regional_daily_relative_pressure
2023-05-28,SHG,0.0200393608350032,0.019841215605566034,0.015117130177011487,0.015047120685772594,-0.010323035257218047,estimated_regional_daily_relative_pressure
2023-05-29,SHG,0.0,0.0,0.013576612384534456,0.015047120685772594,-0.02862373307030705,estimated_regional_daily_relative_pressure
2023-05-30,SHG,0.0,0.0,0.012357599372057248,0.015047120685772594,-0.027404720057829842,estimated_regional_daily_relative_pressure
2023-05-31,SHG,0.0,0.0,0.012357599372057248,0.015047120685772594,-0.027404720057829842,estimated_regional_daily_relative_pressure
2023-06-01,SHG,0.0,0.0,0.012357599372057248,-0.007922887143784058,-0.004434712228273191,estimated_regional_daily_relative_pressure
2023-06-02,SHG,0.0,0.0,0.017063221020315017,-0.007922887143784058,-0.00914033387653096,estimated_regional_daily_relative_pressure
2023-06-03,SHG,0.0319514792681385,0.03145164974103011,0.02263426424899038,-0.007922887143784058,0.016740272635823786,estimated_regional_daily_relative_pressure
2023-06-04,SHG,0.0686257404732596,0.06637346828554093,0.02263426424899038,-0.007922887143784058,0.0516620911803346,estimated_regional_daily_relative_pressure
2023-06-05,SHG,0.0,0.0,0.0215588547498619,-0.007922887143784058,-0.013635967606077843,estimated_regional_daily_relative_pressure
2023-06-06,SHG,0.0,0.0,0.021092215026755044,-0.007922887143784058,-0.013169327882970986,estimated_regional_daily_relative_pressure
2023-06-07,SHG,0.0,0.0,0.03345276794666127,-0.007922887143784058,-0.025529880802877214,estimated_regional_daily_relative_pressure
2023-06-08,SHG,0.0,0.0,0.045982995217710106,-0.007922887143784058,-0.03806010807392605,estimated_regional_daily_relative_pressure
2023-06-09,SHG,0.0,0.0,0.0640240706274344,-0.007922887143784058,-0.05610118348365034,estimated_regional_daily_relative_pressure
2023-06-10,SHG,0.1100325772337416,0.1043893637528001,0.06955474413404145,-0.007922887143784058,0.04275750676254271,estimated_regional_daily_relative_pressure
2023-06-11,SHG,0.0847859494280652,0.08138268589672207,0.07001832241241134,-0.007922887143784058,0.01928725062809479,estimated_regional_daily_relative_pressure
2023-06-12,SHG,0.0,0.0,0.06937632507117238,-0.007922887143784058,-0.06145343792738832,estimated_regional_daily_relative_pressure
2023-06-13,SHG,0.0,0.0,0.0687712092217485,-0.007922887143784058,-0.06084832207796444,estimated_regional_daily_relative_pressure
2023-06-14,SHG,0.0,0.0,0.0715012607004366,-0.007922887143784058,-0.06357837355665254,estimated_regional_daily_relative_pressure
2023-06-15,SHG,0.0,0.0,0.07473497732960468,-0.007922887143784058,-0.06681209018582063,estimated_regional_daily_relative_pressure
2023-06-16,SHG,0.0,0.0,0.08542392046476603,-0.007922887143784058,-0.07750103332098197,estimated_regional_daily_relative_pressure
2023-06-17,SHG,0.157050704188304,0.14587427109599088,0.09536146022548013,-0.007922887143784058,0.05843569801429481,estimated_regional_daily_relative_pressure
2023-06-18,SHG,0.1885122799673151,0.1727023400889363,0.10268718557139937,-0.007922887143784058,0.077938041661321,estimated_regional_daily_relative_pressure
2023-06-19,SHG,0.0,0.0,0.10670807980511027,-0.007922887143784058,-0.09878519266132621,estimated_regional_daily_relative_pressure
2023-06-20,SHG,0.0,0.0,0.11318327061762588,-0.007922887143784058,-0.10526038347384183,estimated_regional_daily_relative_pressure
2023-06-21,SHG,0.0,0.0,0.12233898105675355,-0.007922887143784058,-0.11441609391296949,estimated_regional_daily_relative_pressure
2023-06-22,SHG,0.4669378611856837,0.3831771405170931,0.13103442895376194,-0.007922887143784058,0.2600655987071152,estimated_regional_daily_relative_pressure
2023-06-23,SHG,0.4746741430252882,0.38843704540251367,0.14699032461181194,-0.007922887143784058,0.2493696079344858,estimated_regional_daily_relative_pressure
2023-06-24,SHG,0.7494008146919837,0.5592733377014534,0.16163356077624452,-0.007922887143784058,0.4055626640689929,estimated_regional_daily_relative_pressure
2023-06-25,SHG,0.1870258330538423,0.1714508787048182,0.17030037504110204,-0.007922887143784058,0.00907339080750022,estimated_regional_daily_relative_pressure
2023-06-26,SHG,0.0144746848336019,0.014370926629466863,0.176681940401296,-0.007922887143784058,-0.15438812662804507,estimated_regional_daily_relative_pressure
2023-06-27,SHG,0.0120133412021058,0.01194175378441214,0.18308888854310257,-0.007922887143784058,-0.16322424761490636,estimated_regional_daily_relative_pressure
2023-06-28,SHG,0.0010832105226279,0.001082624273425744,0.19268206349233727,-0.007922887143784058,-0.18367655207512748,estimated_regional_daily_relative_pressure
2023-06-29,SHG,0.0883160526733891,0.08463159583933125,0.20256733985921177,-0.007922887143784058,-0.11001285687609647,estimated_regional_daily_relative_pressure
2023-06-30,SHG,0.1054419563495979,0.10024521550421069,0.2183822366358806,-0.007922887143784058,-0.11021413398788586,estimated_regional_daily_relative_pressure
2023-07-01,SHG,0.3928572838638214,0.3313572371900015,0.23409736292119035,0.0023781391186036356,0.0948817351502075,estimated_regional_daily_relative_pressure
2023-07-02,SHG,0.3607877126882269,0.3080637325821374,0.24527450731807116,0.0023781391186036356,0.06041108614546258,estimated_regional_daily_relative_pressure
2023-07-03,SHG,0.2549522019006306,0.22709748572349628,0.25258649803632005,0.0023781391186036356,-0.027867151431427407,estimated_regional_daily_relative_pressure
2023-07-04,SHG,0.1689423562732447,0.15609937098606788,0.2592634713761729,0.0023781391186036356,-0.10554223950870865,estimated_regional_daily_relative_pressure
2023-07-05,SHG,0.3061767824845036,0.26710438347352516,0.27096394559874043,0.0023781391186036356,-0.006237701243818901,estimated_regional_daily_relative_pressure
2023-07-06,SHG,0.3282031630967673,0.28382702361295753,0.282248939843683,0.0023781391186036356,-0.0008000553493290948,estimated_regional_daily_relative_pressure
2023-07-07,SHG,0.3093867329414947,0.2695588848072598,0.28821218992876235,0.0023781391186036356,-0.021031444240106174,estimated_regional_daily_relative_pressure
2023-07-08,SHG,0.6398959019479686,0.4946327653995503,0.2920480798773101,0.0023781391186036356,0.2002065464036366,estimated_regional_daily_relative_pressure
2023-07-09,SHG,0.574504029998476,0.4539403210974107,0.28974527516834153,0.0023781391186036356,0.16181690681046557,estimated_regional_daily_relative_pressure
2023-07-10,SHG,0.308224981188262,0.2686712422105819,0.283155524905072,0.0023781391186036356,-0.016862421813093727,estimated_regional_daily_relative_pressure
2023-07-11,SHG,0.3528559682748019,0.30221788991881343,0.28976183365494407,0.0023781391186036356,0.010077917145265729,estimated_regional_daily_relative_pressure
2023-07-12,SHG,0.3231272696716936,0.2799980782927247,0.3004086607485608,0.0023781391186036356,-0.022788721574439737,estimated_regional_daily_relative_pressure
2023-07-13,SHG,0.3463381471744229,0.297388423426276,0.31077711789116963,0.0023781391186036356,-0.015766833583497238,estimated_regional_daily_relative_pressure
2023-07-14,SHG,0.3585847968049689,0.3064435673731094,0.3193615223491534,0.0023781391186036356,-0.015296094094647612,estimated_regional_daily_relative_pressure
2023-07-15,SHG,0.6327436164107887,0.490261800076734,0.3212780151545732,0.0023781391186036356,0.16660564580355713,estimated_regional_daily_relative_pressure
2023-07-16,SHG,0.6277015291097685,0.48716891484460234,0.3220352715010714,0.0023781391186036356,0.1627555042249273,estimated_regional_daily_relative_pressure
2023-07-17,SHG,0.4140974404413131,0.34649147630330485,0.3197478478557883,0.0023781391186036356,0.024365489328912908,estimated_regional_daily_relative_pressure
2023-07-18,SHG,0.4514252190195153,0.3725459833617062,0.31803636696095083,0.0023781391186036356,0.05213147728215172,estimated_regional_daily_relative_pressure
2023-07-19,SHG,0.4618291786381412,0.3796885136243754,0.3202198593717002,0.0023781391186036356,0.05709051513407153,estimated_regional_daily_relative_pressure
2023-07-20,SHG,0.4372257615268934,0.3627147008995944,0.32618033129398094,0.0023781391186036356,0.034156230487009824,estimated_regional_daily_relative_pressure
2023-07-21,SHG,0.4188331686342537,0.3498348215932195,0.3358782989143436,0.0023781391186036356,0.011578383560272236,estimated_regional_daily_relative_pressure
2023-07-22,SHG,0.2030509067979062,0.1848607526374602,0.34250381503719357,0.0023781391186036356,-0.160021201518337,estimated_regional_daily_relative_pressure
2023-07-23,SHG,0.652170253688565,0.5020897289220726,0.3423203551205313,0.0023781391186036356,0.15739123468293764,estimated_regional_daily_relative_pressure
2023-07-24,SHG,0.3730713602872481,0.3170500994244887,0.3350297516849927,0.0023781391186036356,-0.020357791379107655,estimated_regional_daily_relative_pressure
2023-07-25,SHG,0.4261679321508851,0.35499107954009856,0.32776035509202817,0.0023781391186036356,0.024852585329466763,estimated_regional_daily_relative_pressure
2023-07-26,SHG,0.456806119329789,0.3762464499508498,0.3318990641364873,0.0023781391186036356,0.041969246695758904,estimated_regional_daily_relative_pressure
2023-07-27,SHG,0.4111748247851626,0.3444225665315876,0.33010528787900534,0.0023781391186036356,0.01193913953397862,estimated_regional_daily_relative_pressure
2023-07-28,SHG,0.3956551201357479,0.33336392520528396,0.3264394788710044,0.0023781391186036356,0.004546307215675942,estimated_regional_daily_relative_pressure
2023-07-29,SHG,0.3063005864772876,0.26719916247092246,0.32973776001425326,0.0023781391186036356,-0.06491673666193444,estimated_regional_daily_relative_pressure
2023-07-30,SHG,0.1549336227102032,0.14404287280734543,0.3264853153046805,0.0023781391186036356,-0.1848205816159387,estimated_regional_daily_relative_pressure
2023-07-31,SHG,0.1316991345394302,0.1237201622456564,0.3183258678911086,0.0023781391186036356,-0.19698384476405584,estimated_regional_daily_relative_pressure
2023-08-01,SHG,0.2975100791856409,0.26044710418622474,0.31037173054994716,0.017203260984399425,-0.06712788734812183,estimated_regional_daily_relative_pressure
2023-08-02,SHG,0.290471718570913,0.2550078248421753,0.3060362219093312,0.017203260984399425,-0.06823165805155532,estimated_regional_daily_relative_pressure
2023-08-03,SHG,0.3428386253018435,0.2947857504567266,0.29990758166158593,0.017203260984399425,-0.022325092189258742,estimated_regional_daily_relative_pressure
2023-08-04,SHG,0.4061760523280255,0.34087400057677114,0.29947679497374485,0.017203260984399425,0.024193944618626863,estimated_regional_daily_relative_pressure
2023-08-05,SHG,0.7642777144786066,0.5677413797047691,0.2967619628724747,0.017203260984399425,0.253776155847895,estimated_regional_daily_relative_pressure
2023-08-06,SHG,0.631040285842664,0.48921802342130494,0.28547696862753213,0.017203260984399425,0.18653779380937338,estimated_regional_daily_relative_pressure
2023-08-07,SHG,0.3019610494355009,0.2638716273907306,0.28217194478442453,0.017203260984399425,-0.03550357837809334,estimated_regional_daily_relative_pressure
2023-08-08,SHG,0.3081632562560591,0.2686240588978526,0.2664978139831284,0.017203260984399425,-0.015077016069675184,estimated_regional_daily_relative_pressure
2023-08-09,SHG,0.2568254111897259,0.2285890267155088,0.25777741574022817,0.017203260984399425,-0.046391650009118796,estimated_regional_daily_relative_pressure
2023-08-10,SHG,0.4873131284139929,0.39697122258881545,0.24774487143407348,0.017203260984399425,0.13202309017034256,estimated_regional_daily_relative_pressure
2023-08-11,SHG,0.2796809972045379,0.2466108259368733,0.24259379228550085,0.017203260984399425,-0.013186227333026965,estimated_regional_daily_relative_pressure
2023-08-12,SHG,0.1809958214279982,0.16635799904469684,0.23791469430309375,0.017203260984399425,-0.08875995624279634,estimated_regional_daily_relative_pressure
2023-08-13,SHG,0.4912804880783294,0.39963513886698776,0.22716101929647167,0.017203260984399425,0.15527085858611667,estimated_regional_daily_relative_pressure
2023-08-14,SHG,0.2282836413803886,0.20561778137635686,0.218541691474829,0.017203260984399425,-0.030127171082871555,estimated_regional_daily_relative_pressure
2023-08-15,SHG,0.2678454075621436,0.23731893025600573,0.21389514719072109,0.017203260984399425,0.006220522080885218,estimated_regional_daily_relative_pressure
2023-08-16,SHG,0.2720002446700701,0.24059065726859596,0.20990417421505475,0.017203260984399425,0.013483222069141789,estimated_regional_daily_relative_pressure
2023-08-17,SHG,0.2362600192156539,0.21209070844421143,0.20150265472517656,0.017203260984399425,-0.006615207265364551,estimated_regional_daily_relative_pressure
2023-08-18,SHG,0.2002839282495657,0.18255813568160068,0.19632381632489476,0.017203260984399425,-0.03096894162769351,estimated_regional_daily_relative_pressure
2023-08-19,SHG,0.4424371183255741,0.36633412630130346,0.18792974578333882,0.017203260984399425,0.16120111953356522,estimated_regional_daily_relative_pressure
2023-08-20,SHG,0.3212191459461441,0.2785549057602168,0.17693381028086233,0.017203260984399425,0.08441783449495505,estimated_regional_daily_relative_pressure
2023-08-21,SHG,0.0,0.0,0.15861957222586978,0.017203260984399425,-0.1758228332102692,estimated_regional_daily_relative_pressure
2023-08-22,SHG,0.0858955231263062,0.08240501350112632,0.1428383456638922,0.017203260984399425,-0.0776365931471653,estimated_regional_daily_relative_pressure
2023-08-23,SHG,0.0163234696058986,0.016191674081891462,0.13432635768354603,0.017203260984399425,-0.135337944586054,estimated_regional_daily_relative_pressure
2023-08-24,SHG,0.0478262224688643,0.046717753894583165,0.1256610654610347,0.017203260984399425,-0.09614657255085096,estimated_regional_daily_relative_pressure
2023-08-25,SHG,0.0449637606893742,0.043982206049302926,0.11976943352860416,0.017203260984399425,-0.09299048846370064,estimated_regional_daily_relative_pressure
2023-08-26,SHG,0.2418013118337958,0.21656299634509835,0.10968976848563367,0.017203260984399425,0.08966996687506526,estimated_regional_daily_relative_pressure
2023-08-27,SHG,0.2206341625682624,0.19937052907696678,0.10173458055218615,0.017203260984399425,0.08043268754038121,estimated_regional_daily_relative_pressure
2023-08-28,SHG,0.0,0.0,0.09636819348622819,0.017203260984399425,-0.11357145447062761,estimated_regional_daily_relative_pressure
2023-08-29,SHG,0.0,0.0,0.08347673739374471,0.017203260984399425,-0.10067999837814413,estimated_regional_daily_relative_pressure
2023-08-30,SHG,0.0,0.0,0.07684390573644287,0.017203260984399425,-0.09404716672084229,estimated_regional_daily_relative_pressure
2023-08-31,SHG,0.0,0.0,0.0691884563733459,0.017203260984399425,-0.08639171735774533,estimated_regional_daily_relative_pressure
2023-09-01,SHG,0.0,0.0,0.06518983475165384,-0.03350277536672914,-0.0316870593849247,estimated_regional_daily_relative_pressure
2023-09-02,SHG,0.099069413946176,0.0944638344334415,0.06185129743465627,-0.03350277536672914,0.06611531236551438,estimated_regional_daily_relative_pressure
2023-09-03,SHG,0.0351740363750126,0.03456956366849168,0.055962325315894956,-0.03350277536672914,0.012110013719325866,estimated_regional_daily_relative_pressure
2023-09-04,SHG,0.0,0.0,0.04414509543520775,-0.03350277536672914,-0.010642320068478608,estimated_regional_daily_relative_pressure
2023-09-05,SHG,0.0,0.0,0.035159453313910426,-0.03350277536672914,-0.001656677947181287,estimated_regional_daily_relative_pressure
2023-09-06,SHG,0.0,0.0,0.035159453313910426,-0.03350277536672914,-0.001656677947181287,estimated_regional_daily_relative_pressure
2023-09-07,SHG,0.0,0.0,0.032501227071938615,-0.03350277536672914,0.0010015482947905233,estimated_regional_daily_relative_pressure
2023-09-08,SHG,0.0,0.0,0.03321086445525315,-0.03350277536672914,0.0002919109114759913,estimated_regional_daily_relative_pressure
2023-09-09,SHG,0.0470204218522479,0.0459484368101622,0.03238137413344507,-0.03350277536672914,0.04706983804344627,estimated_regional_daily_relative_pressure
2023-09-10,SHG,0.0881745921183627,0.08450160625673038,0.030962593293144977,-0.03350277536672914,0.08704178833031453,estimated_regional_daily_relative_pressure
2023-09-11,SHG,0.0,0.0,0.02397669018523858,-0.03350277536672914,0.009526085181490559,estimated_regional_daily_relative_pressure
2023-09-12,SHG,0.0,0.0,0.017545382795659006,-0.03350277536672914,0.015957392571070133,estimated_regional_daily_relative_pressure
2023-09-13,SHG,0.0,0.0,0.017545382795659006,-0.03350277536672914,0.015957392571070133,estimated_regional_daily_relative_pressure
2023-09-14,SHG,0.0,0.0,0.026484230485731536,-0.03350277536672914,0.007018544880997603,estimated_regional_daily_relative_pressure
2023-09-15,SHG,0.0,0.0,0.043096759829062234,-0.03350277536672914,-0.009593984462333095,estimated_regional_daily_relative_pressure
2023-09-16,SHG,0.1237073884241813,0.1166333869961422,0.060382030506092865,-0.03350277536672914,0.08975413185677847,estimated_regional_daily_relative_pressure
2023-09-17,SHG,0.1147119732842304,0.1085960516172864,0.07271238219461694,-0.03350277536672914,0.0693864447893986,estimated_regional_daily_relative_pressure
2023-09-18,SHG,0.0,0.0,0.08029864074863705,-0.03350277536672914,-0.04679586538190791,estimated_regional_daily_relative_pressure
2023-09-19,SHG,0.0,0.0,0.08879056746863662,-0.03350277536672914,-0.05528779210190748,estimated_regional_daily_relative_pressure
2023-09-20,SHG,0.0,0.0,0.09664101149047344,-0.03350277536672914,-0.0631382361237443,estimated_regional_daily_relative_pressure
2023-09-21,SHG,0.0,0.0,0.10359342691302079,-0.03350277536672914,-0.07009065154629165,estimated_regional_daily_relative_pressure
2023-09-22,SHG,0.0,0.0,0.10488744177533775,-0.03350277536672914,-0.0713846664086086,estimated_regional_daily_relative_pressure
2023-09-23,SHG,0.0389290603824822,0.03819043296464199,0.10488744177533775,-0.03350277536672914,-0.033194233443966624,estimated_regional_daily_relative_pressure
2023-09-24,SHG,0.0212256809839533,0.02100355391853283,0.10488744177533775,-0.03350277536672914,-0.050381112490075784,estimated_regional_daily_relative_pressure
2023-09-25,SHG,0.0,0.0,0.10340523413630026,-0.03350277536672914,-0.06990245876957113,estimated_regional_daily_relative_pressure
2023-09-26,SHG,0.0,0.0,0.10067937586995412,-0.03350277536672914,-0.06717660050322499,estimated_regional_daily_relative_pressure
2023-09-27,SHG,0.0,0.0,0.10067937586995412,-0.03350277536672914,-0.06717660050322499,estimated_regional_daily_relative_pressure
2023-09-28,SHG,0.0,0.0,0.10067937586995412,-0.03350277536672914,-0.06717660050322499,estimated_regional_daily_relative_pressure
2023-09-29,SHG,0.3193039387557842,0.2771042783922483,0.10067937586995412,-0.03350277536672914,0.20992767788902333,estimated_regional_daily_relative_pressure
2023-09-30,SHG,0.6736191038426411,0.5149884096432519,0.10067937586995412,-0.03350277536672914,0.4478118091400269,estimated_regional_daily_relative_pressure
2023-10-01,SHG,0.7088888961459776,0.5358433909879494,0.10067937586995412,0.02487271978247811,0.41029129533551717,estimated_regional_daily_relative_pressure
2023-10-02,SHG,0.4655651006785152,0.3822409023442461,0.09691700854749792,0.02487271978247811,0.2604511740142701,estimated_regional_daily_relative_pressure
2023-10-03,SHG,0.3904644800146342,0.32963784960806497,0.09341391010823062,0.02487271978247811,0.2113512197173562,estimated_regional_daily_relative_pressure
2023-10-04,SHG,0.3469183669463876,0.2978192919884787,0.09341391010823062,0.02487271978247811,0.1795326620977699,estimated_regional_daily_relative_pressure
2023-10-05,SHG,0.2755325334163827,0.2433637646769415,0.09341391010823062,0.02487271978247811,0.12507713478623278,estimated_regional_daily_relative_pressure
2023-10-06,SHG,0.2405128441405367,0.21552487809896737,0.09341391010823062,0.02487271978247811,0.09723824820825863,estimated_regional_daily_relative_pressure
2023-10-07,SHG,0.0409299129735208,0.04011446073182615,0.09341391010823062,0.02487271978247811,-0.07817216915888259,estimated_regional_daily_relative_pressure
2023-10-08,SHG,0.0,0.0,0.09341391010823062,0.02487271978247811,-0.11828662989070873,estimated_regional_daily_relative_pressure
2023-10-09,SHG,0.0,0.0,0.0921819606577583,0.02487271978247811,-0.11705468044023641,estimated_regional_daily_relative_pressure
2023-10-10,SHG,0.0,0.0,0.09150442666038626,0.02487271978247811,-0.11637714644286437,estimated_regional_daily_relative_pressure
2023-10-11,SHG,0.0,0.0,0.09150442666038626,0.02487271978247811,-0.11637714644286437,estimated_regional_daily_relative_pressure
2023-10-12,SHG,0.0,0.0,0.09150442666038626,0.02487271978247811,-0.11637714644286437,estimated_regional_daily_relative_pressure
2023-10-13,SHG,0.0,0.0,0.09150442666038626,0.02487271978247811,-0.11637714644286437,estimated_regional_daily_relative_pressure
2023-10-14,SHG,0.0,0.0,0.09150442666038626,0.02487271978247811,-0.11637714644286437,estimated_regional_daily_relative_pressure
2023-10-15,SHG,0.0,0.0,0.08256557897031375,0.02487271978247811,-0.10743829875279186,estimated_regional_daily_relative_pressure
2023-10-16,SHG,0.0,0.0,0.06595304962698303,0.02487271978247811,-0.09082576940946115,estimated_regional_daily_relative_pressure
2023-10-17,SHG,0.0,0.0,0.04866777894995241,0.02487271978247811,-0.07354049873243051,estimated_regional_daily_relative_pressure
2023-10-18,SHG,0.0,0.0,0.03633742726142834,0.02487271978247811,-0.061210147043906454,estimated_regional_daily_relative_pressure
2023-10-19,SHG,0.0,0.0,0.025703948241813344,0.02487271978247811,-0.050576668024291456,estimated_regional_daily_relative_pressure
2023-10-20,SHG,0.0,0.0,0.01609687430670113,0.02487271978247811,-0.040969594089179245,estimated_regional_daily_relative_pressure
2023-10-21,SHG,0.0,0.0,0.008246430284864307,0.02487271978247811,-0.033119150067342416,estimated_regional_daily_relative_pressure
2023-10-22,SHG,0.0,0.0,0.0012940148623169726,0.02487271978247811,-0.026166734644795082,estimated_regional_daily_relative_pressure
2023-10-23,SHG,0.0,0.0,0.0,0.02487271978247811,-0.02487271978247811,estimated_regional_daily_relative_pressure
2023-10-24,SHG,0.0,0.0,0.0,0.02487271978247811,-0.02487271978247811,estimated_regional_daily_relative_pressure
2023-10-25,SHG,0.0,0.0,0.0,0.02487271978247811,-0.02487271978247811,estimated_regional_daily_relative_pressure
2023-10-26,SHG,0.0,0.0,0.0,0.02487271978247811,-0.02487271978247811,estimated_regional_daily_relative_pressure
2023-10-27,SHG,0.0,0.0,0.0,0.02487271978247811,-0.02487271978247811,estimated_regional_daily_relative_pressure
2023-10-28,SHG,0.0,0.0,0.0,0.02487271978247811,-0.02487271978247811,estimated_regional_daily_relative_pressure
2023-10-29,SHG,0.0,0.0,0.0,0.02487271978247811,-0.02487271978247811,estimated_regional_daily_relative_pressure
2023-10-30,SHG,0.0,0.0,0.0,0.02487271978247811,-0.02487271978247811,estimated_regional_daily_relative_pressure
2023-10-31,SHG,0.0,0.0,0.0,0.02487271978247811,-0.02487271978247811,estimated_regional_daily_relative_pressure
2023-11-01,SHG,0.0,0.0,0.0,-4.04754308230649e-06,4.04754308230649e-06,estimated_regional_daily_relative_pressure
2023-11-02,SHG,0.0,0.0,0.0,-4.04754308230649e-06,4.04754308230649e-06,estimated_regional_daily_relative_pressure
2023-11-03,SHG,0.0,0.0,0.0,-4.04754308230649e-06,4.04754308230649e-06,estimated_regional_daily_relative_pressure
2023-11-04,SHG,0.0,0.0,0.0,-4.04754308230649e-06,4.04754308230649e-06,estimated_regional_daily_relative_pressure
2023-11-05,SHG,0.0,0.0,0.0,-4.04754308230649e-06,4.04754308230649e-06,estimated_regional_daily_relative_pressure
2023-11-06,SHG,0.0,0.0,0.0,-4.04754308230649e-06,4.04754308230649e-06,estimated_regional_daily_relative_pressure
2023-11-07,SHG,0.0,0.0,0.0,-4.04754308230649e-06,4.04754308230649e-06,estimated_regional_daily_relative_pressure
2023-11-08,SHG,0.0,0.0,0.0,-4.04754308230649e-06,4.04754308230649e-06,estimated_regional_daily_relative_pressure
2023-11-09,SHG,0.0,0.0,0.0,-4.04754308230649e-06,4.04754308230649e-06,estimated_regional_daily_relative_pressure
2023-11-10,SHG,0.0,0.0,0.0,-4.04754308230649e-06,4.04754308230649e-06,estimated_regional_daily_relative_pressure
2023-11-11,SHG,0.0,0.0,0.0,-4.04754308230649e-06,4.04754308230649e-06,estimated_regional_daily_relative_pressure
2023-11-12,SHG,0.0,0.0,0.0,-4.04754308230649e-06,4.04754308230649e-06,estimated_regional_daily_relative_pressure
2023-11-13,SHG,0.0,0.0,0.0,-4.04754308230649e-06,4.04754308230649e-06,estimated_regional_daily_relative_pressure
2023-11-14,SHG,0.0,0.0,0.0,-4.04754308230649e-06,4.04754308230649e-06,estimated_regional_daily_relative_pressure
2023-11-15,SHG,0.0,0.0,0.0,-4.04754308230649e-06,4.04754308230649e-06,estimated_regional_daily_relative_pressure
2023-11-16,SHG,0.0,0.0,0.0,-4.04754308230649e-06,4.04754308230649e-06,estimated_regional_daily_relative_pressure
2023-11-17,SHG,0.0,0.0,0.0,-4.04754308230649e-06,4.04754308230649e-06,estimated_regional_daily_relative_pressure
2023-11-18,SHG,0.0,0.0,0.0,-4.04754308230649e-06,4.04754308230649e-06,estimated_regional_daily_relative_pressure
2023-11-19,SHG,0.0,0.0,0.0,-4.04754308230649e-06,4.04754308230649e-06,estimated_regional_daily_relative_pressure
2023-11-20,SHG,0.0,0.0,0.0,-4.04754308230649e-06,4.04754308230649e-06,estimated_regional_daily_relative_pressure
2023-11-21,SHG,0.0,0.0,0.0,-4.04754308230649e-06,4.04754308230649e-06,estimated_regional_daily_relative_pressure
2023-11-22,SHG,0.0,0.0,0.0,-4.04754308230649e-06,4.04754308230649e-06,estimated_regional_daily_relative_pressure
2023-11-23,SHG,0.0,0.0,0.0,-4.04754308230649e-06,4.04754308230649e-06,estimated_regional_daily_relative_pressure
2023-11-24,SHG,0.0,0.0,0.0,-4.04754308230649e-06,4.04754308230649e-06,estimated_regional_daily_relative_pressure
2023-11-25,SHG,0.0,0.0,0.0,-4.04754308230649e-06,4.04754308230649e-06,estimated_regional_daily_relative_pressure
2023-11-26,SHG,0.0,0.0,0.0,-4.04754308230649e-06,4.04754308230649e-06,estimated_regional_daily_relative_pressure
2023-11-27,SHG,0.0,0.0,0.0,-4.04754308230649e-06,4.04754308230649e-06,estimated_regional_daily_relative_pressure
2023-11-28,SHG,0.0,0.0,0.0,-4.04754308230649e-06,4.04754308230649e-06,estimated_regional_daily_relative_pressure
2023-11-29,SHG,0.0,0.0,0.0,-4.04754308230649e-06,4.04754308230649e-06,estimated_regional_daily_relative_pressure
2023-11-30,SHG,0.0,0.0,0.0,-4.04754308230649e-06,4.04754308230649e-06,estimated_regional_daily_relative_pressure
2023-12-01,SHG,0.0,0.0,0.0,0.0,0.0,estimated_regional_daily_relative_pressure
2023-12-02,SHG,0.0,0.0,0.0,0.0,0.0,estimated_regional_daily_relative_pressure
2023-12-03,SHG,0.0,0.0,0.0,0.0,0.0,estimated_regional_daily_relative_pressure
2023-12-04,SHG,0.0,0.0,0.0,0.0,0.0,estimated_regional_daily_relative_pressure
2023-12-05,SHG,0.0,0.0,0.0,0.0,0.0,estimated_regional_daily_relative_pressure
2023-12-06,SHG,0.0,0.0,0.0,0.0,0.0,estimated_regional_daily_relative_pressure
2023-12-07,SHG,0.0,0.0,0.0,0.0,0.0,estimated_regional_daily_relative_pressure
2023-12-08,SHG,0.0,0.0,0.0,0.0,0.0,estimated_regional_daily_relative_pressure
2023-12-09,SHG,0.0,0.0,0.0,0.0,0.0,estimated_regional_daily_relative_pressure
2023-12-10,SHG,0.0,0.0,0.0,0.0,0.0,estimated_regional_daily_relative_pressure
2023-12-11,SHG,0.0,0.0,0.0,0.0,0.0,estimated_regional_daily_relative_pressure
2023-12-12,SHG,0.0,0.0,0.0,0.0,0.0,estimated_regional_daily_relative_pressure
2023-12-13,SHG,0.0,0.0,0.0,0.0,0.0,estimated_regional_daily_relative_pressure
2023-12-14,SHG,0.0,0.0,0.0,0.0,0.0,estimated_regional_daily_relative_pressure
2023-12-15,SHG,0.0,0.0,0.0,0.0,0.0,estimated_regional_daily_relative_pressure
2023-12-16,SHG,0.0,0.0,0.0,0.0,0.0,estimated_regional_daily_relative_pressure
2023-12-17,SHG,0.0,0.0,0.0,0.0,0.0,estimated_regional_daily_relative_pressure
2023-12-18,SHG,0.0,0.0,0.0,0.0,0.0,estimated_regional_daily_relative_pressure
2023-12-19,SHG,0.0,0.0,0.0,0.0,0.0,estimated_regional_daily_relative_pressure
2023-12-20,SHG,0.0,0.0,0.0,0.0,0.0,estimated_regional_daily_relative_pressure
2023-12-21,SHG,0.0,0.0,0.0,0.0,0.0,estimated_regional_daily_relative_pressure
2023-12-22,SHG,0.0,0.0,0.0,0.0,0.0,estimated_regional_daily_relative_pressure
2023-12-23,SHG,0.0,0.0,0.0,0.0,0.0,estimated_regional_daily_relative_pressure
2023-12-24,SHG,0.0,0.0,0.0,0.0,0.0,estimated_regional_daily_relative_pressure
2023-12-25,SHG,0.0,0.0,0.0,0.0,0.0,estimated_regional_daily_relative_pressure
2023-12-26,SHG,0.0,0.0,0.0,0.0,0.0,estimated_regional_daily_relative_pressure
2023-12-27,SHG,0.0,0.0,0.0,0.0,0.0,estimated_regional_daily_relative_pressure
2023-12-28,SHG,0.0,0.0,0.0,0.0,0.0,estimated_regional_daily_relative_pressure
2023-12-29,SHG,0.0,0.0,0.0,0.0,0.0,estimated_regional_daily_relative_pressure
2023-12-30,SHG,0.0,0.0,0.0,0.0,0.0,estimated_regional_daily_relative_pressure
2023-12-31,SHG,0.0,0.0,0.0,0.0,0.0,estimated_regional_daily_relative_pressure
2024-01-01,SHG,0.0,0.0,0.0,-0.002065734989176863,0.002065734989176863,estimated_regional_daily_relative_pressure
2024-01-02,SHG,0.0,0.0,0.0,-0.002065734989176863,0.002065734989176863,estimated_regional_daily_relative_pressure
2024-01-03,SHG,0.0,0.0,0.0,-0.002065734989176863,0.002065734989176863,estimated_regional_daily_relative_pressure
2024-01-04,SHG,0.0,0.0,0.0,-0.002065734989176863,0.002065734989176863,estimated_regional_daily_relative_pressure
2024-01-05,SHG,0.0,0.0,0.0,-0.002065734989176863,0.002065734989176863,estimated_regional_daily_relative_pressure
2024-01-06,SHG,0.0,0.0,0.0,-0.002065734989176863,0.002065734989176863,estimated_regional_daily_relative_pressure
2024-01-07,SHG,0.0,0.0,0.0,-0.002065734989176863,0.002065734989176863,estimated_regional_daily_relative_pressure
2024-01-08,SHG,0.0,0.0,0.0,-0.002065734989176863,0.002065734989176863,estimated_regional_daily_relative_pressure
2024-01-09,SHG,0.0,0.0,0.0,-0.002065734989176863,0.002065734989176863,estimated_regional_daily_relative_pressure
2024-01-10,SHG,0.0,0.0,0.0,-0.002065734989176863,0.002065734989176863,estimated_regional_daily_relative_pressure
2024-01-11,SHG,0.0,0.0,0.0,-0.002065734989176863,0.002065734989176863,estimated_regional_daily_relative_pressure
2024-01-12,SHG,0.0,0.0,0.0,-0.002065734989176863,0.002065734989176863,estimated_regional_daily_relative_pressure
2024-01-13,SHG,0.0,0.0,0.0,-0.002065734989176863,0.002065734989176863,estimated_regional_daily_relative_pressure
2024-01-14,SHG,0.0,0.0,0.0,-0.002065734989176863,0.002065734989176863,estimated_regional_daily_relative_pressure
2024-01-15,SHG,0.0,0.0,0.0,-0.002065734989176863,0.002065734989176863,estimated_regional_daily_relative_pressure
2024-01-16,SHG,0.0,0.0,0.0,-0.002065734989176863,0.002065734989176863,estimated_regional_daily_relative_pressure
2024-01-17,SHG,0.0,0.0,0.0,-0.002065734989176863,0.002065734989176863,estimated_regional_daily_relative_pressure
2024-01-18,SHG,0.0,0.0,0.0,-0.002065734989176863,0.002065734989176863,estimated_regional_daily_relative_pressure
2024-01-19,SHG,0.0,0.0,0.0,-0.002065734989176863,0.002065734989176863,estimated_regional_daily_relative_pressure
2024-01-20,SHG,0.0,0.0,0.0,-0.002065734989176863,0.002065734989176863,estimated_regional_daily_relative_pressure
2024-01-21,SHG,0.0,0.0,0.0,-0.002065734989176863,0.002065734989176863,estimated_regional_daily_relative_pressure
2024-01-22,SHG,0.0,0.0,0.0,-0.002065734989176863,0.002065734989176863,estimated_regional_daily_relative_pressure
2024-01-23,SHG,0.0,0.0,0.0,-0.002065734989176863,0.002065734989176863,estimated_regional_daily_relative_pressure
2024-01-24,SHG,0.0,0.0,0.0,-0.002065734989176863,0.002065734989176863,estimated_regional_daily_relative_pressure
2024-01-25,SHG,0.0,0.0,0.0,-0.002065734989176863,0.002065734989176863,estimated_regional_daily_relative_pressure
2024-01-26,SHG,0.0,0.0,0.005309281148065642,-0.002065734989176863,-0.0032435461588887792,estimated_regional_daily_relative_pressure
2024-01-27,SHG,0.0,0.0,0.012933516700342701,-0.002065734989176863,-0.010867781711165838,estimated_regional_daily_relative_pressure
2024-01-28,SHG,0.0,0.0,0.017501815654560014,-0.002065734989176863,-0.015436080665383151,estimated_regional_daily_relative_pressure
2024-01-29,SHG,0.0,0.0,0.022585083707983865,-0.002065734989176863,-0.020519348718807003,estimated_regional_daily_relative_pressure
2024-01-30,SHG,0.0,0.0,0.027582334818252615,-0.002065734989176863,-0.025516599829075753,estimated_regional_daily_relative_pressure
2024-01-31,SHG,0.0,0.0,0.032339890384843,-0.002065734989176863,-0.03027415539566614,estimated_regional_daily_relative_pressure
2024-02-01,SHG,0.0,0.0,0.03872689620005084,0.003452795456726222,-0.04217969165677706,estimated_regional_daily_relative_pressure
2024-02-02,SHG,0.0,0.0,0.05038582883489643,0.003452795456726222,-0.05383862429162265,estimated_regional_daily_relative_pressure
2024-02-03,SHG,0.0,0.0,0.05038582883489643,0.003452795456726222,-0.05383862429162265,estimated_regional_daily_relative_pressure
2024-02-04,SHG,0.0,0.0,0.05038582883489643,0.003452795456726222,-0.05383862429162265,estimated_regional_daily_relative_pressure
2024-02-05,SHG,0.0,0.0,0.05038582883489643,0.003452795456726222,-0.05383862429162265,estimated_regional_daily_relative_pressure
2024-02-06,SHG,0.0,0.0,0.05038582883489643,0.003452795456726222,-0.05383862429162265,estimated_regional_daily_relative_pressure
2024-02-07,SHG,0.0,0.0,0.05038582883489643,0.003452795456726222,-0.05383862429162265,estimated_regional_daily_relative_pressure
2024-02-08,SHG,0.0,0.0,0.05038582883489643,0.003452795456726222,-0.05383862429162265,estimated_regional_daily_relative_pressure
2024-02-09,SHG,0.0,0.0,0.05038582883489643,0.003452795456726222,-0.05383862429162265,estimated_regional_daily_relative_pressure
2024-02-10,SHG,0.1789069735372501,0.1645877155900349,0.05038582883489643,0.003452795456726222,0.11074909129841226,estimated_regional_daily_relative_pressure
2024-02-11,SHG,0.2666191980275256,0.23635130212058883,0.05038582883489643,0.003452795456726222,0.18251267782896619,estimated_regional_daily_relative_pressure
2024-02-12,SHG,0.1521356044942346,0.1416172675807367,0.05038582883489643,0.003452795456726222,0.08777864328911406,estimated_regional_daily_relative_pressure
2024-02-13,SHG,0.1706759413702205,0.1575813096561394,0.05038582883489643,0.003452795456726222,0.10374268536451675,estimated_regional_daily_relative_pressure
2024-02-14,SHG,0.1675584626922471,0.15491478441833123,0.05038582883489643,0.003452795456726222,0.10107616012670859,estimated_regional_daily_relative_pressure
2024-02-15,SHG,0.1589149999786155,0.1474842225643018,0.05038582883489643,0.003452795456726222,0.09364559827267915,estimated_regional_daily_relative_pressure
2024-02-16,SHG,0.2189589566834172,0.19799718027144328,0.05038582883489643,0.003452795456726222,0.14415855597982064,estimated_regional_daily_relative_pressure
2024-02-17,SHG,0.435376108922346,0.3614269116802131,0.05038582883489643,0.003452795456726222,0.30758828738859045,estimated_regional_daily_relative_pressure
2024-02-18,SHG,0.0,0.0,0.05038582883489643,0.003452795456726222,-0.05383862429162265,estimated_regional_daily_relative_pressure
2024-02-19,SHG,0.0,0.0,0.05038582883489643,0.003452795456726222,-0.05383862429162265,estimated_regional_daily_relative_pressure
2024-02-20,SHG,0.0,0.0,0.05038582883489643,0.003452795456726222,-0.05383862429162265,estimated_regional_daily_relative_pressure
2024-02-21,SHG,0.0,0.0,0.05038582883489643,0.003452795456726222,-0.05383862429162265,estimated_regional_daily_relative_pressure
2024-02-22,SHG,0.0,0.0,0.05038582883489643,0.003452795456726222,-0.05383862429162265,estimated_regional_daily_relative_pressure
2024-02-23,SHG,0.0,0.0,0.05038582883489643,0.003452795456726222,-0.05383862429162265,estimated_regional_daily_relative_pressure
2024-02-24,SHG,0.0,0.0,0.05038582883489643,0.003452795456726222,-0.05383862429162265,estimated_regional_daily_relative_pressure
2024-02-25,SHG,0.0,0.0,0.05038582883489643,0.003452795456726222,-0.05383862429162265,estimated_regional_daily_relative_pressure
2024-02-26,SHG,0.0,0.0,0.045076547686830795,0.003452795456726222,-0.048529343143557016,estimated_regional_daily_relative_pressure
2024-02-27,SHG,0.0,0.0,0.03745231213455373,0.003452795456726222,-0.04090510759127995,estimated_regional_daily_relative_pressure
2024-02-28,SHG,0.0,0.0,0.032884013180336416,0.003452795456726222,-0.03633680863706264,estimated_regional_daily_relative_pressure
2024-02-29,SHG,0.0,0.0,0.027800745126912562,0.003452795456726222,-0.031253540583638786,estimated_regional_daily_relative_pressure
2024-03-01,SHG,0.0,0.0,0.022803494016643815,-0.007497991501177371,-0.015305502515466444,estimated_regional_daily_relative_pressure
2024-03-02,SHG,0.0,0.0,0.018045938450053433,-0.007497991501177371,-0.010547946948876062,estimated_regional_daily_relative_pressure
2024-03-03,SHG,0.0,0.0,0.011658932634845584,-0.007497991501177371,-0.004160941133668213,estimated_regional_daily_relative_pressure
2024-03-04,SHG,0.0,0.0,0.0,-0.007497991501177371,0.007497991501177371,estimated_regional_daily_relative_pressure
2024-03-05,SHG,0.0,0.0,0.0,-0.007497991501177371,0.007497991501177371,estimated_regional_daily_relative_pressure
2024-03-06,SHG,0.0,0.0,0.0,-0.007497991501177371,0.007497991501177371,estimated_regional_daily_relative_pressure
2024-03-07,SHG,0.0,0.0,0.0,-0.007497991501177371,0.007497991501177371,estimated_regional_daily_relative_pressure
2024-03-08,SHG,0.0,0.0,0.0011759857751792485,-0.007497991501177371,0.006322005725998123,estimated_regional_daily_relative_pressure
2024-03-09,SHG,0.0,0.0,0.0014412564627887881,-0.007497991501177371,0.006056735038388583,estimated_regional_daily_relative_pressure
2024-03-10,SHG,0.0,0.0,0.0014412564627887881,-0.007497991501177371,0.006056735038388583,estimated_regional_daily_relative_pressure
2024-03-11,SHG,0.0,0.0,0.0014412564627887881,-0.007497991501177371,0.006056735038388583,estimated_regional_daily_relative_pressure
2024-03-12,SHG,0.0,0.0,0.0014412564627887881,-0.007497991501177371,0.006056735038388583,estimated_regional_daily_relative_pressure
2024-03-13,SHG,0.0,0.0,0.0014412564627887881,-0.007497991501177371,0.006056735038388583,estimated_regional_daily_relative_pressure
2024-03-14,SHG,0.0,0.0,0.0014412564627887881,-0.007497991501177371,0.006056735038388583,estimated_regional_daily_relative_pressure
2024-03-15,SHG,0.0,0.0,0.00250532768992949,-0.007497991501177371,0.004992663811247881,estimated_regional_daily_relative_pressure
2024-03-16,SHG,0.0,0.0,0.0036606290939843037,-0.007497991501177371,0.0038373624071930674,estimated_regional_daily_relative_pressure
2024-03-17,SHG,0.0,0.0,0.0036606290939843037,-0.007497991501177371,0.0038373624071930674,estimated_regional_daily_relative_pressure
2024-03-18,SHG,0.0,0.0,0.0036606290939843037,-0.007497991501177371,0.0038373624071930674,estimated_regional_daily_relative_pressure
2024-03-19,SHG,0.0,0.0,0.0036606290939843037,-0.007497991501177371,0.0038373624071930674,estimated_regional_daily_relative_pressure
2024-03-20,SHG,0.0,0.0,0.012856560313223235,-0.007497991501177371,-0.005358568812045864,estimated_regional_daily_relative_pressure
2024-03-21,SHG,0.0,0.0,0.018693083915721463,-0.007497991501177371,-0.011195092414544092,estimated_regional_daily_relative_pressure
2024-03-22,SHG,0.0,0.0,0.031872194359321385,-0.007497991501177371,-0.024374202858144012,estimated_regional_daily_relative_pressure
2024-03-23,SHG,0.0371282120103918,0.0364555590305567,0.032236127209536704,-0.007497991501177371,0.011717423322197369,estimated_regional_daily_relative_pressure
2024-03-24,SHG,0.0082572962724477,0.008223391315895726,0.032236127209536704,-0.007497991501177371,-0.016514744392463608,estimated_regional_daily_relative_pressure
2024-03-25,SHG,0.0,0.0,0.032236127209536704,-0.007497991501177371,-0.02473813570835933,estimated_regional_daily_relative_pressure
2024-03-26,SHG,0.0,0.0,0.032236127209536704,-0.007497991501177371,-0.02473813570835933,estimated_regional_daily_relative_pressure
2024-03-27,SHG,0.0,0.0,0.032236127209536704,-0.007497991501177371,-0.02473813570835933,estimated_regional_daily_relative_pressure
2024-03-28,SHG,0.0,0.0,0.032236127209536704,-0.007497991501177371,-0.02473813570835933,estimated_regional_daily_relative_pressure
2024-03-29,SHG,0.0,0.0,0.0326856953906744,-0.007497991501177371,-0.02518770388949703,estimated_regional_daily_relative_pressure
2024-03-30,SHG,0.0335362846533173,0.032986208041361764,0.0326856953906744,-0.007497991501177371,0.007798504151864732,estimated_regional_daily_relative_pressure
2024-03-31,SHG,0.0364634024861914,0.03581434352569921,0.033404970732470125,-0.007497991501177371,0.009907364294406458,estimated_regional_daily_relative_pressure
2024-04-01,SHG,0.0,0.0,0.03500081466084458,-0.013100490983276966,-0.021900323677567612,estimated_regional_daily_relative_pressure
2024-04-02,SHG,0.0,0.0,0.035406479636162225,-0.013100490983276966,-0.02230598865288526,estimated_regional_daily_relative_pressure
2024-04-03,SHG,0.0,0.0,0.035406479636162225,-0.013100490983276966,-0.02230598865288526,estimated_regional_daily_relative_pressure
2024-04-04,SHG,0.3298602583402168,0.28507386779640687,0.035406479636162225,-0.013100490983276966,0.2627678791435216,estimated_regional_daily_relative_pressure
2024-04-05,SHG,0.1983339674586006,0.18093223167744507,0.03799884939565772,-0.013100490983276966,0.1560338732650643,estimated_regional_daily_relative_pressure
2024-04-06,SHG,0.5046381294659441,0.40855242375159756,0.03930949836399117,-0.013100490983276966,0.38234341637088337,estimated_regional_daily_relative_pressure
2024-04-07,SHG,0.0113457992043874,0.011281918356674896,0.03930949836399117,-0.013100490983276966,-0.014927089024039306,estimated_regional_daily_relative_pressure
2024-04-08,SHG,0.0,0.0,0.03813351258881192,-0.013100490983276966,-0.02503302160553495,estimated_regional_daily_relative_pressure
2024-04-09,SHG,0.0,0.0,0.03786824190120238,-0.013100490983276966,-0.024767750917925414,estimated_regional_daily_relative_pressure
2024-04-10,SHG,0.0,0.0,0.03786824190120238,-0.013100490983276966,-0.024767750917925414,estimated_regional_daily_relative_pressure
2024-04-11,SHG,0.0,0.0,0.03786824190120238,-0.013100490983276966,-0.024767750917925414,estimated_regional_daily_relative_pressure
2024-04-12,SHG,0.0,0.0,0.04005220607545576,-0.013100490983276966,-0.026951715092178793,estimated_regional_daily_relative_pressure
2024-04-13,SHG,0.0140341809406151,0.013936613615268677,0.043458683003320106,-0.013100490983276966,-0.016421578404774463,estimated_regional_daily_relative_pressure
2024-04-14,SHG,0.0,0.0,0.043458683003320106,-0.013100490983276966,-0.03035819202004314,estimated_regional_daily_relative_pressure
2024-04-15,SHG,0.0225479836365639,0.02229753559566747,0.0423946117761794,-0.013100490983276966,-0.006996585197234961,estimated_regional_daily_relative_pressure
2024-04-16,SHG,0.0507152910187786,0.04947116177960809,0.05556636764444776,-0.013100490983276966,0.007005285118437302,estimated_regional_daily_relative_pressure
2024-04-17,SHG,0.0126550197802581,0.012575614234846974,0.07161738945667867,-0.013100490983276966,-0.04594128423855473,estimated_regional_daily_relative_pressure
2024-04-18,SHG,0.0,0.0,0.08595856533087243,-0.013100490983276966,-0.07285807434759546,estimated_regional_daily_relative_pressure
2024-04-19,SHG,0.0,0.0,0.10450483960444977,-0.013100490983276966,-0.0914043486211728,estimated_regional_daily_relative_pressure
2024-04-20,SHG,0.0836808735113486,0.08036346254436028,0.10998151423734971,-0.013100490983276966,-0.01651756070971247,estimated_regional_daily_relative_pressure
2024-04-21,SHG,0.0414668144845838,0.0406301180183369,0.10414499063485147,-0.013100490983276966,-0.050414381633237595,estimated_regional_daily_relative_pressure
2024-04-22,SHG,0.0,0.0,0.09096588019125156,-0.013100490983276966,-0.07786538920797459,estimated_regional_daily_relative_pressure
2024-04-23,SHG,0.0,0.0,0.09060194734103623,-0.013100490983276966,-0.07750145635775926,estimated_regional_daily_relative_pressure
2024-04-24,SHG,0.0,0.0,0.09060194734103623,-0.013100490983276966,-0.07750145635775926,estimated_regional_daily_relative_pressure
2024-04-25,SHG,0.0,0.0,0.09060194734103623,-0.013100490983276966,-0.07750145635775926,estimated_regional_daily_relative_pressure
2024-04-26,SHG,0.0,0.0,0.0921328329018864,-0.013100490983276966,-0.07903234191860943,estimated_regional_daily_relative_pressure
2024-04-27,SHG,0.0700473388401522,0.06770288940185482,0.09351035809159396,-0.013100490983276966,-0.012706977706462175,estimated_regional_daily_relative_pressure
2024-04-28,SHG,0.1113781088587799,0.10560078476379468,0.09351035809159396,-0.013100490983276966,0.025190917655477693,estimated_regional_daily_relative_pressure
2024-04-29,SHG,0.0,0.0,0.09306078991045626,-0.013100490983276966,-0.07996029892717929,estimated_regional_daily_relative_pressure
2024-04-30,SHG,0.0,0.0,0.09306078991045626,-0.013100490983276966,-0.07996029892717929,estimated_regional_daily_relative_pressure
2024-05-01,SHG,0.5591468419012546,0.44413877544201796,0.09234151456866053,0.015047120685772594,0.33675014018758487,estimated_regional_daily_relative_pressure
2024-05-02,SHG,0.6447389459934314,0.4975816761791582,0.09074567064028609,0.015047120685772594,0.39178888485309954,estimated_regional_daily_relative_pressure
2024-05-03,SHG,0.5598293934378735,0.4445764521000067,0.09230289591937073,0.015047120685772594,0.33722643549486336,estimated_regional_daily_relative_pressure
2024-05-04,SHG,0.7770141330851992,0.5749345024808974,0.09230289591937073,0.015047120685772594,0.4675844858757541,estimated_regional_daily_relative_pressure
2024-05-05,SHG,0.5759382062209293,0.45485078141630525,0.09230289591937073,0.015047120685772594,0.34750076481116193,estimated_regional_daily_relative_pressure
2024-05-06,SHG,0.0,0.0,0.08971052615987524,0.015047120685772594,-0.10475764684564783,estimated_regional_daily_relative_pressure
2024-05-07,SHG,0.0,0.0,0.08839987719154178,0.015047120685772594,-0.10344699787731437,estimated_regional_daily_relative_pressure
2024-05-08,SHG,0.0,0.0,0.08839987719154178,0.015047120685772594,-0.10344699787731437,estimated_regional_daily_relative_pressure
2024-05-09,SHG,0.0,0.0,0.08839987719154178,0.015047120685772594,-0.10344699787731437,estimated_regional_daily_relative_pressure
2024-05-10,SHG,0.0,0.0,0.08925230745179463,0.015047120685772594,-0.10429942813756722,estimated_regional_daily_relative_pressure
2024-05-11,SHG,0.0486015846770379,0.04745745238635496,0.09119836861598025,0.015047120685772594,-0.05878803691539789,estimated_regional_daily_relative_pressure
2024-05-12,SHG,0.0436281844688615,0.04270328088093446,0.09119836861598025,0.015047120685772594,-0.06354220842081838,estimated_regional_daily_relative_pressure
2024-05-13,SHG,0.0,0.0,0.08901440444172687,0.015047120685772594,-0.10406152512749946,estimated_regional_daily_relative_pressure
2024-05-14,SHG,0.0,0.0,0.08560792751386254,0.015047120685772594,-0.10065504819963512,estimated_regional_daily_relative_pressure
2024-05-15,SHG,0.0,0.0,0.08560792751386254,0.015047120685772594,-0.10065504819963512,estimated_regional_daily_relative_pressure
2024-05-16,SHG,0.0,0.0,0.08560792751386254,0.015047120685772594,-0.10065504819963512,estimated_regional_daily_relative_pressure
2024-05-17,SHG,0.0,0.0,0.0736540352176412,0.015047120685772594,-0.08870115590341379,estimated_regional_daily_relative_pressure
2024-05-18,SHG,0.0627390639652406,0.06084959788647083,0.05818590556939547,0.015047120685772594,-0.012383428368697233,estimated_regional_daily_relative_pressure
2024-05-19,SHG,0.0,0.0,0.04384472969520171,0.015047120685772594,-0.0588918503809743,estimated_regional_daily_relative_pressure
2024-05-20,SHG,0.0,0.0,0.025298455421624375,0.015047120685772594,-0.04034557610739697,estimated_regional_daily_relative_pressure
2024-05-21,SHG,0.0,0.0,0.010625849569485497,0.015047120685772594,-0.02567297025525809,estimated_regional_daily_relative_pressure
2024-05-22,SHG,0.0,0.0,0.010625849569485497,0.015047120685772594,-0.02567297025525809,estimated_regional_daily_relative_pressure
2024-05-23,SHG,0.0,0.0,0.010625849569485497,0.015047120685772594,-0.02567297025525809,estimated_regional_daily_relative_pressure
2024-05-24,SHG,0.0,0.0,0.014738467810655784,0.015047120685772594,-0.02978558849642838,estimated_regional_daily_relative_pressure
2024-05-25,SHG,0.0267775832015121,0.026425338067838193,0.019449806992991585,0.015047120685772594,-0.008071589610925986,estimated_regional_daily_relative_pressure
2024-05-26,SHG,0.0621847756852968,0.06032789608975439,0.027694504090063528,0.015047120685772594,0.017586271313918267,estimated_regional_daily_relative_pressure
2024-05-27,SHG,0.0,0.0,0.026163618529213367,0.015047120685772594,-0.04121073921498596,estimated_regional_daily_relative_pressure
2024-05-28,SHG,0.0,0.0,0.0247860933395058,0.015047120685772594,-0.039833214025278396,estimated_regional_daily_relative_pressure
2024-05-29,SHG,0.0,0.0,0.0247860933395058,0.015047120685772594,-0.039833214025278396,estimated_regional_daily_relative_pressure
2024-05-30,SHG,0.0,0.0,0.0247860933395058,0.015047120685772594,-0.039833214025278396,estimated_regional_daily_relative_pressure
2024-05-31,SHG,0.0,0.0,0.03025900357532699,0.015047120685772594,-0.04530612426109958,estimated_regional_daily_relative_pressure
2024-06-01,SHG,0.0763418484026801,0.07356811425915713,0.034133947754701945,-0.007922887143784058,0.04735705364823924,estimated_regional_daily_relative_pressure
2024-06-02,SHG,0.0182339011234743,0.01806965708354044,0.034133947754701945,-0.007922887143784058,-0.008141403527377446,estimated_regional_daily_relative_pressure
2024-06-03,SHG,0.0,0.0,0.03217105750029965,-0.007922887143784058,-0.024248170356515594,estimated_regional_daily_relative_pressure
2024-06-04,SHG,0.0,0.0,0.03217105750029965,-0.007922887143784058,-0.024248170356515594,estimated_regional_daily_relative_pressure
2024-06-05,SHG,0.0,0.0,0.03217105750029965,-0.007922887143784058,-0.024248170356515594,estimated_regional_daily_relative_pressure
2024-06-06,SHG,0.0,0.0,0.03217105750029965,-0.007922887143784058,-0.024248170356515594,estimated_regional_daily_relative_pressure
2024-06-07,SHG,0.0,0.0,0.03768736890506185,-0.007922887143784058,-0.029764481761277793,estimated_regional_daily_relative_pressure
2024-06-08,SHG,0.1359748324002276,0.12749116547627887,0.04226816252305033,-0.007922887143784058,0.0931458900970126,estimated_regional_daily_relative_pressure
2024-06-09,SHG,0.1572558021456801,0.14605151465240981,0.04226816252305033,-0.007922887143784058,0.11170623927314355,estimated_regional_daily_relative_pressure
2024-06-10,SHG,0.2912175494326629,0.25558561000923025,0.04251882177202398,-0.007922887143784058,0.22098967538099032,estimated_regional_daily_relative_pressure
2024-06-11,SHG,0.0,0.0,0.04057276060783835,-0.007922887143784058,-0.03264987346405429,estimated_regional_daily_relative_pressure
2024-06-12,SHG,0.0,0.0,0.041042632477356365,-0.007922887143784058,-0.03311974533357231,estimated_regional_daily_relative_pressure
2024-06-13,SHG,0.0,0.0,0.04209905562159186,-0.007922887143784058,-0.0341761684778078,estimated_regional_daily_relative_pressure
2024-06-14,SHG,0.0,0.0,0.04864905251553824,-0.007922887143784058,-0.040726165371754185,estimated_regional_daily_relative_pressure
2024-06-15,SHG,0.1849021736653778,0.16966021731045686,0.052600426897261174,-0.007922887143784058,0.12498267755697974,estimated_regional_daily_relative_pressure
2024-06-16,SHG,0.1276358461876003,0.12012326956062343,0.052600426897261174,-0.007922887143784058,0.07544572980714631,estimated_regional_daily_relative_pressure
2024-06-17,SHG,0.0,0.0,0.05022726192115933,-0.007922887143784058,-0.042304374777375274,estimated_regional_daily_relative_pressure
2024-06-18,SHG,0.0,0.0,0.052706838420375005,-0.007922887143784058,-0.04478395127659095,estimated_regional_daily_relative_pressure
2024-06-19,SHG,0.0,0.0,0.056554453991994935,-0.007922887143784058,-0.04863156684821088,estimated_regional_daily_relative_pressure
2024-06-20,SHG,0.0,0.0,0.060803816888100444,-0.007922887143784058,-0.052880929744316386,estimated_regional_daily_relative_pressure
2024-06-21,SHG,0.0,0.0,0.07118719663057427,-0.007922887143784058,-0.06326430948679021,estimated_regional_daily_relative_pressure
2024-06-22,SHG,0.1864974569226333,0.17100565354762806,0.08247829720442951,-0.007922887143784058,0.09645024348698261,estimated_regional_daily_relative_pressure
2024-06-23,SHG,0.1525819528886428,0.1420046021576429,0.08471053029167046,-0.007922887143784058,0.0652169590097565,estimated_regional_daily_relative_pressure
2024-06-24,SHG,0.0,0.0,0.08600054219372524,-0.007922887143784058,-0.07807765504994119,estimated_regional_daily_relative_pressure
2024-06-25,SHG,0.0347871721360734,0.034195774786020976,0.0859923952754937,-0.007922887143784058,-0.04387373334568866,estimated_regional_daily_relative_pressure
2024-06-26,SHG,0.0,0.0,0.08257483595088291,-0.007922887143784058,-0.07465194880709886,estimated_regional_daily_relative_pressure
2024-06-27,SHG,0.0146726294983977,0.014566027955058744,0.08820197183298799,-0.007922887143784058,-0.06571305673414518,estimated_regional_daily_relative_pressure
2024-06-28,SHG,0.0332912719926528,0.032749117471300056,0.09996317005146127,-0.007922887143784058,-0.05929116543637716,estimated_regional_daily_relative_pressure
2024-06-29,SHG,0.2251336054370213,0.20304990371233783,0.11227433420894972,-0.007922887143784058,0.09869845664717217,estimated_regional_daily_relative_pressure
2024-06-30,SHG,0.130310762337038,0.1224926058334112,0.1176643556528247,-0.007922887143784058,0.012751137324370568,estimated_regional_daily_relative_pressure
2024-07-01,SHG,0.0,0.0,0.11818289042704161,0.0023781391186036356,-0.12056102954564525,estimated_regional_daily_relative_pressure
2024-07-02,SHG,0.0,0.0,0.12099729407688212,0.0023781391186036356,-0.12337543319548576,estimated_regional_daily_relative_pressure
2024-07-03,SHG,0.0995890604092175,0.09493652855922623,0.12901707874586374,0.0023781391186036356,-0.03645868930524115,estimated_regional_daily_relative_pressure
2024-07-04,SHG,0.1266809324902136,0.11927608272021796,0.1391001440847252,0.0023781391186036356,-0.022202200483110883,estimated_regional_daily_relative_pressure
2024-07-05,SHG,0.1408005465589809,0.13173024977927064,0.15631233488996749,0.0023781391186036356,-0.02696022422930048,estimated_regional_daily_relative_pressure
2024-07-06,SHG,0.3797257837776608,0.3218847720166886,0.1726530263492668,0.0023781391186036356,0.14685360654881816,estimated_regional_daily_relative_pressure
2024-07-07,SHG,0.4191017737784142,0.35002411778951226,0.181852854425078,0.0023781391186036356,0.16579312424583062,estimated_regional_daily_relative_pressure
2024-07-08,SHG,0.0716496880464439,0.06919922570446964,0.18843224234575964,0.0023781391186036356,-0.12161115575989365,estimated_regional_daily_relative_pressure
2024-07-09,SHG,0.1823234577185731,0.1674815344399771,0.1918944799241071,0.0023781391186036356,-0.02679108460273364,estimated_regional_daily_relative_pressure
2024-07-10,SHG,0.15696356892945,0.14579896018723162,0.19828877535889972,0.0023781391186036356,-0.05486795429027173,estimated_regional_daily_relative_pressure
2024-07-11,SHG,0.1614175337771013,0.14964127094629634,0.19718568584967322,0.0023781391186036356,-0.049922554021980516,estimated_regional_daily_relative_pressure
2024-07-12,SHG,0.1905807488776492,0.17444121234525725,0.21357943950508496,0.0023781391186036356,-0.04151636627843134,estimated_regional_daily_relative_pressure
2024-07-13,SHG,0.4399338064274893,0.36459714477267147,0.22722777255678667,0.0023781391186036356,0.13499123309728117,estimated_regional_daily_relative_pressure
2024-07-14,SHG,0.4646936220363509,0.3816460888821426,0.23515691967992017,0.0023781391186036356,0.14411103008361878,estimated_regional_daily_relative_pressure
2024-07-15,SHG,0.1818614136325667,0.16709066476012427,0.23594255620365576,0.0023781391186036356,-0.07123003056213513,estimated_regional_daily_relative_pressure
2024-07-16,SHG,0.2041028842987482,0.18573479531118095,0.2359017268086527,0.0023781391186036356,-0.05254507061607539,estimated_regional_daily_relative_pressure
2024-07-17,SHG,0.2304374821678974,0.20736978270567927,0.24712673496361584,0.0023781391186036356,-0.04213509137654021,estimated_regional_daily_relative_pressure
2024-07-18,SHG,0.2822461243426452,0.24861332473843048,0.2594297455160615,0.0023781391186036356,-0.013194559896234671,estimated_regional_daily_relative_pressure
2024-07-19,SHG,0.3669404927271261,0.31257502550470523,0.27403918229378527,0.0023781391186036356,0.03615770409231633,estimated_regional_daily_relative_pressure
2024-07-20,SHG,0.7050218313468537,0.5335779149625107,0.28170210983627214,0.0023781391186036356,0.24949766600763496,estimated_regional_daily_relative_pressure
2024-07-21,SHG,0.6595748170251878,0.5065614352382781,0.28980714929268125,0.0023781391186036356,0.21437614682699324,estimated_regional_daily_relative_pressure
2024-07-22,SHG,0.3300209185594295,0.28519467035014745,0.2957757029622238,0.0023781391186036356,-0.01295917173067996,estimated_regional_daily_relative_pressure
2024-07-23,SHG,0.4549429337861351,0.37496667908875864,0.29863175301867534,0.0023781391186036356,0.07395678695147966,estimated_regional_daily_relative_pressure
2024-07-24,SHG,0.2831704982318655,0.24933396708641445,0.3097891002052273,0.0023781391186036356,-0.06283327223741651,estimated_regional_daily_relative_pressure
2024-07-25,SHG,0.2192344459691257,0.19822315847857083,0.3178683401553605,0.0023781391186036356,-0.12202332079539328,estimated_regional_daily_relative_pressure
2024-07-26,SHG,0.0,0.0,0.3314874862469701,0.0023781391186036356,-0.33386562536557374,estimated_regional_daily_relative_pressure
2024-07-27,SHG,0.6623069447024406,0.5082063633177643,0.3446143789294205,0.0023781391186036356,0.16121384526974014,estimated_regional_daily_relative_pressure
2024-07-28,SHG,0.5490848737747931,0.4376643525578107,0.35016630639996554,0.0023781391186036356,0.08511990703924154,estimated_regional_daily_relative_pressure
2024-07-29,SHG,0.321216202971061,0.2785526782884383,0.35482577896019396,0.0023781391186036356,-0.07865123979035928,estimated_regional_daily_relative_pressure
2024-07-30,SHG,0.2553377199543113,0.22740463594814178,0.3585733579957842,0.0023781391186036356,-0.13354686116624606,estimated_regional_daily_relative_pressure
2024-07-31,SHG,0.1288810203058538,0.12122689458831702,0.36613848027407986,0.0023781391186036356,-0.24728972480436645,estimated_regional_daily_relative_pressure
2024-08-01,SHG,0.4161972023964177,0.34797525280385627,0.37109132895284236,0.017203260984399425,-0.04031933713338551,estimated_regional_daily_relative_pressure
2024-08-02,SHG,0.4643234502885647,0.3813933271258151,0.3792990999106082,0.017203260984399425,-0.015109033769192513,estimated_regional_daily_relative_pressure
2024-08-03,SHG,0.72949432599296,0.547829068668664,0.38529161840253484,0.017203260984399425,0.14533418928172973,estimated_regional_daily_relative_pressure
2024-08-04,SHG,0.4287884344783457,0.3568268365373095,0.3752888298138486,0.017203260984399425,-0.0356652542609385,estimated_regional_daily_relative_pressure
2024-08-05,SHG,0.4666581903432055,0.38298647292795474,0.3607263876130889,0.017203260984399425,0.005056824330466416,estimated_regional_daily_relative_pressure
2024-08-06,SHG,0.6601532805270764,0.5069099357725054,0.35360402303559507,0.017203260984399425,0.13610265175251093,estimated_regional_daily_relative_pressure
2024-08-07,SHG,0.5504755177690537,0.43856166953951187,0.35301223492161954,0.017203260984399425,0.06834617363349291,estimated_regional_daily_relative_pressure
2024-08-08,SHG,0.5144873342931371,0.41507698848758173,0.3467478812962603,0.017203260984399425,0.05112584620692204,estimated_regional_daily_relative_pressure
2024-08-09,SHG,0.5188264630705806,0.4179379728941047,0.3484491735573834,0.017203260984399425,0.052285538352321886,estimated_regional_daily_relative_pressure
2024-08-10,SHG,0.764720796688652,0.5679924890271287,0.3503713548442499,0.017203260984399425,0.2004178731984794,estimated_regional_daily_relative_pressure
2024-08-11,SHG,0.7446866059869641,0.5565749441022582,0.3503713548442499,0.017203260984399425,0.18900032827360883,estimated_regional_daily_relative_pressure
2024-08-12,SHG,0.4141815642471482,0.34655096393215645,0.33481286527192844,0.017203260984399425,-0.005465162324171411,estimated_regional_daily_relative_pressure
2024-08-13,SHG,0.6636946037249145,0.5090407941397499,0.32069466035070876,0.017203260984399425,0.17114287280464172,estimated_regional_daily_relative_pressure
2024-08-14,SHG,0.645132682444197,0.4978210389854404,0.31207632456697504,0.017203260984399425,0.16854145343406593,estimated_regional_daily_relative_pressure
2024-08-15,SHG,0.4942276561463304,0.40160945538729087,0.3050113807308956,0.017203260984399425,0.07939481367199583,estimated_regional_daily_relative_pressure
2024-08-16,SHG,0.403926711356772,0.33927310435281877,0.3071613157943137,0.017203260984399425,0.014908527574105625,estimated_regional_daily_relative_pressure
2024-08-17,SHG,0.5869448381910516,0.46181068239641904,0.29760215331551365,0.017203260984399425,0.14700526809650596,estimated_regional_daily_relative_pressure
2024-08-18,SHG,0.5440076372382119,0.43438139798815667,0.28529914276306795,0.017203260984399425,0.1318789942406893,estimated_regional_daily_relative_pressure
2024-08-19,SHG,0.0024916783390261,0.002488579255432321,0.26762723732214333,0.017203260984399425,-0.28234191905111045,estimated_regional_daily_relative_pressure
2024-08-20,SHG,0.0856101799365231,0.08214220673895853,0.2561166942080366,0.017203260984399425,-0.19117774845347751,estimated_regional_daily_relative_pressure
2024-08-21,SHG,0.3307838550636082,0.28576813333597045,0.24376229185552192,0.017203260984399425,0.024802580496049106,estimated_regional_daily_relative_pressure
2024-08-22,SHG,0.3058435609695037,0.26684923881690514,0.22741035844350563,0.017203260984399425,0.02223561938900009,estimated_regional_daily_relative_pressure
2024-08-23,SHG,0.1981416323487299,0.18077171670262193,0.21530858899295122,0.017203260984399425,-0.051740133274728706,estimated_regional_daily_relative_pressure
2024-08-24,SHG,0.3526613567106632,0.3020740271812311,0.20426230597995804,0.017203260984399425,0.08060846021687365,estimated_regional_daily_relative_pressure
2024-08-25,SHG,0.2940939248953875,0.2578107783714342,0.19078043588659982,0.017203260984399425,0.04982708150043494,estimated_regional_daily_relative_pressure
2024-08-26,SHG,0.0,0.0,0.172458097530886,0.017203260984399425,-0.18966135851528543,estimated_regional_daily_relative_pressure
2024-08-27,SHG,0.0262313273369458,0.025893186575798158,0.15450406707597442,0.017203260984399425,-0.1458141414845757,estimated_regional_daily_relative_pressure
2024-08-28,SHG,0.0,0.0,0.1433250037233242,0.017203260984399425,-0.16052826470772363,estimated_regional_daily_relative_pressure
2024-08-29,SHG,0.0114493163876053,0.011384268992693682,0.1269043329446226,0.017203260984399425,-0.13272332493632835,estimated_regional_daily_relative_pressure
2024-08-30,SHG,0.0084266833209442,0.008391377029680175,0.11245625604814866,0.017203260984399425,-0.1212681400028679,estimated_regional_daily_relative_pressure
2024-08-31,SHG,0.2066825276617876,0.1878748815542769,0.11334506101959388,0.017203260984399425,0.057326559550283596,estimated_regional_daily_relative_pressure
2024-09-01,SHG,0.0529978759002465,0.05164121596105416,0.1087085213392413,-0.03350277536672914,-0.02356453001145801,estimated_regional_daily_relative_pressure
2024-09-02,SHG,0.0,0.0,0.10080169085770219,-0.03350277536672914,-0.06729891549097305,estimated_regional_daily_relative_pressure
2024-09-03,SHG,0.0,0.0,0.0867893876967939,-0.03350277536672914,-0.05328661233006476,estimated_regional_daily_relative_pressure
2024-09-04,SHG,0.0,0.0,0.08670911094661866,-0.03350277536672914,-0.053206335579889526,estimated_regional_daily_relative_pressure
2024-09-05,SHG,0.0,0.0,0.08405936234213614,-0.03350277536672914,-0.050556586975407,estimated_regional_daily_relative_pressure
2024-09-06,SHG,0.0,0.0,0.07719425617877308,-0.03350277536672914,-0.043691480812043944,estimated_regional_daily_relative_pressure
2024-09-07,SHG,0.065460197942252,0.06340681657232534,0.06950039070270901,-0.03350277536672914,0.027409201236345472,estimated_regional_daily_relative_pressure
2024-09-08,SHG,0.0753457255997148,0.0726422150847931,0.06366904500262444,-0.03350277536672914,0.0424759454488978,estimated_regional_daily_relative_pressure
2024-09-09,SHG,0.0,0.0,0.05392472154516537,-0.03350277536672914,-0.020421946178436234,estimated_regional_daily_relative_pressure
2024-09-10,SHG,0.0,0.0,0.04560824482350621,-0.03350277536672914,-0.012105469456777068,estimated_regional_daily_relative_pressure
2024-09-11,SHG,0.0,0.0,0.04560824482350621,-0.03350277536672914,-0.012105469456777068,estimated_regional_daily_relative_pressure
2024-09-12,SHG,0.0,0.0,0.04477298074041594,-0.03350277536672914,-0.011270205373686802,estimated_regional_daily_relative_pressure
2024-09-13,SHG,0.0,0.0,0.04622038996342902,-0.03350277536672914,-0.012717614596699879,estimated_regional_daily_relative_pressure
2024-09-14,SHG,0.051198198714145,0.049930655194747924,0.04725798082333874,-0.03350277536672914,0.03617544973813832,estimated_regional_daily_relative_pressure
2024-09-15,SHG,0.535970470340734,0.42916240950209233,0.04698729124173616,-0.03350277536672914,0.4156778936270853,estimated_regional_daily_relative_pressure
2024-09-16,SHG,0.2159678867370295,0.19554037426188936,0.05005302635130473,-0.03350277536672914,0.17899012327731376,estimated_regional_daily_relative_pressure
2024-09-17,SHG,0.2419701351741816,0.21669893746870628,0.05939719993898978,-0.03350277536672914,0.19080451289644562,estimated_regional_daily_relative_pressure
2024-09-18,SHG,0.0,0.0,0.06961924910974432,-0.03350277536672914,-0.03611647374301518,estimated_regional_daily_relative_pressure
2024-09-19,SHG,0.0,0.0,0.07917525192310118,-0.03350277536672914,-0.04567247655637204,estimated_regional_daily_relative_pressure
2024-09-20,SHG,0.0,0.0,0.09470714304061102,-0.03350277536672914,-0.06120436767388188,estimated_regional_daily_relative_pressure
2024-09-21,SHG,0.075676582067863,0.07294984227171535,0.10750123474536996,-0.03350277536672914,-0.001048617106925477,estimated_regional_daily_relative_pressure
2024-09-22,SHG,0.0287447904743986,0.028339409058919622,0.11320387321698115,-0.03350277536672914,-0.0513616887913324,estimated_regional_daily_relative_pressure
2024-09-23,SHG,0.0,0.0,0.11115849203722872,-0.03350277536672914,-0.07765571667049959,estimated_regional_daily_relative_pressure
2024-09-24,SHG,0.0,0.0,0.10881519477642894,-0.03350277536672914,-0.0753124194096998,estimated_regional_daily_relative_pressure
2024-09-25,SHG,0.0,0.0,0.10881519477642894,-0.03350277536672914,-0.0753124194096998,estimated_regional_daily_relative_pressure
2024-09-26,SHG,0.0,0.0,0.10881519477642894,-0.03350277536672914,-0.0753124194096998,estimated_regional_daily_relative_pressure
2024-09-27,SHG,0.0,0.0,0.10881519477642894,-0.03350277536672914,-0.0753124194096998,estimated_regional_daily_relative_pressure
2024-09-28,SHG,0.0458915566249123,0.04486968591340541,0.10881519477642894,-0.03350277536672914,-0.030442733496294387,estimated_regional_daily_relative_pressure
2024-09-29,SHG,0.0445117858236809,0.04354958564989516,0.10881519477642894,-0.03350277536672914,-0.03176283375980465,estimated_regional_daily_relative_pressure
2024-09-30,SHG,0.0,0.0,0.10720452847982417,-0.03350277536672914,-0.07370175311309504,estimated_regional_daily_relative_pressure
2024-10-01,SHG,0.3269892707186795,0.2829126699509026,0.09336057978620829,0.02487271978247811,0.1646793703822162,estimated_regional_daily_relative_pressure
2024-10-02,SHG,0.4067901180547671,0.3413105971792908,0.08705282577776025,0.02487271978247811,0.22938505161905243,estimated_regional_daily_relative_pressure
2024-10-03,SHG,0.3728426597938376,0.31688352429339084,0.0800625374723181,0.02487271978247811,0.2119482670385946,estimated_regional_daily_relative_pressure
2024-10-04,SHG,0.3447876065172007,0.2962360872140624,0.0800625374723181,0.02487271978247811,0.19130082995926617,estimated_regional_daily_relative_pressure
2024-10-05,SHG,0.6184819218745785,0.4814886246428054,0.0800625374723181,0.02487271978247811,0.37655336738800915,estimated_regional_daily_relative_pressure
2024-10-06,SHG,0.4867861481534098,0.39661684284752696,0.0800625374723181,0.02487271978247811,0.2916815855927307,estimated_regional_daily_relative_pressure
2024-10-07,SHG,0.1933706624285412,0.1767817926199469,0.07770931675387567,0.02487271978247811,0.07419975608359311,estimated_regional_daily_relative_pressure
2024-10-08,SHG,0.0,0.0,0.07679514226810408,0.02487271978247811,-0.10166786205058219,estimated_regional_daily_relative_pressure
2024-10-09,SHG,0.0,0.0,0.07679514226810408,0.02487271978247811,-0.10166786205058219,estimated_regional_daily_relative_pressure
2024-10-10,SHG,0.0,0.0,0.07679514226810408,0.02487271978247811,-0.10166786205058219,estimated_regional_daily_relative_pressure
2024-10-11,SHG,0.0,0.0,0.07679514226810408,0.02487271978247811,-0.10166786205058219,estimated_regional_daily_relative_pressure
2024-10-12,SHG,0.0,0.0,0.07679514226810408,0.02487271978247811,-0.10166786205058219,estimated_regional_daily_relative_pressure
2024-10-13,SHG,0.0,0.0,0.07679514226810408,0.02487271978247811,-0.10166786205058219,estimated_regional_daily_relative_pressure
2024-10-14,SHG,0.0,0.0,0.075347733045091,0.02487271978247811,-0.10022045282756911,estimated_regional_daily_relative_pressure
2024-10-15,SHG,0.0,0.0,0.07394290770154599,0.02487271978247811,-0.0988156274840241,estimated_regional_daily_relative_pressure
2024-10-16,SHG,0.0,0.0,0.07394290770154599,0.02487271978247811,-0.0988156274840241,estimated_regional_daily_relative_pressure
2024-10-17,SHG,0.0,0.0,0.06481669254183946,0.02487271978247811,-0.08968941232431757,estimated_regional_daily_relative_pressure
2024-10-18,SHG,0.0,0.0,0.05380667327799137,0.02487271978247811,-0.07867939306046948,estimated_regional_daily_relative_pressure
2024-10-19,SHG,0.0,0.0,0.04358462410723683,0.02487271978247811,-0.06845734388971494,estimated_regional_daily_relative_pressure
2024-10-20,SHG,0.0,0.0,0.034028621293879985,0.02487271978247811,-0.058901341076358096,estimated_regional_daily_relative_pressure
2024-10-21,SHG,0.0,0.0,0.018496730176370123,0.02487271978247811,-0.043369449958848234,estimated_regional_daily_relative_pressure
2024-10-22,SHG,0.0,0.0,0.00570263847161119,0.02487271978247811,-0.030575358254089302,estimated_regional_daily_relative_pressure
2024-10-23,SHG,0.0,0.0,0.0,0.02487271978247811,-0.02487271978247811,estimated_regional_daily_relative_pressure
2024-10-24,SHG,0.0,0.0,0.0,0.02487271978247811,-0.02487271978247811,estimated_regional_daily_relative_pressure
2024-10-25,SHG,0.0,0.0,0.0,0.02487271978247811,-0.02487271978247811,estimated_regional_daily_relative_pressure
2024-10-26,SHG,0.0,0.0,0.0,0.02487271978247811,-0.02487271978247811,estimated_regional_daily_relative_pressure
2024-10-27,SHG,0.0,0.0,0.0,0.02487271978247811,-0.02487271978247811,estimated_regional_daily_relative_pressure
2024-10-28,SHG,0.0,0.0,0.0,0.02487271978247811,-0.02487271978247811,estimated_regional_daily_relative_pressure
2024-10-29,SHG,0.0,0.0,0.0,0.02487271978247811,-0.02487271978247811,estimated_regional_daily_relative_pressure
2024-10-30,SHG,0.0,0.0,0.0,0.02487271978247811,-0.02487271978247811,estimated_regional_daily_relative_pressure
2024-10-31,SHG,0.0,0.0,0.0,0.02487271978247811,-0.02487271978247811,estimated_regional_daily_relative_pressure
2024-11-01,SHG,0.0,0.0,0.0,-4.04754308230649e-06,4.04754308230649e-06,estimated_regional_daily_relative_pressure
2024-11-02,SHG,0.0,0.0,0.0,-4.04754308230649e-06,4.04754308230649e-06,estimated_regional_daily_relative_pressure
2024-11-03,SHG,0.0,0.0,0.0,-4.04754308230649e-06,4.04754308230649e-06,estimated_regional_daily_relative_pressure
2024-11-04,SHG,0.0,0.0,0.0,-4.04754308230649e-06,4.04754308230649e-06,estimated_regional_daily_relative_pressure
2024-11-05,SHG,0.0,0.0,0.0,-4.04754308230649e-06,4.04754308230649e-06,estimated_regional_daily_relative_pressure
2024-11-06,SHG,0.0,0.0,0.0,-4.04754308230649e-06,4.04754308230649e-06,estimated_regional_daily_relative_pressure
2024-11-07,SHG,0.0,0.0,0.0,-4.04754308230649e-06,4.04754308230649e-06,estimated_regional_daily_relative_pressure
2024-11-08,SHG,0.0,0.0,0.0,-4.04754308230649e-06,4.04754308230649e-06,estimated_regional_daily_relative_pressure
2024-11-09,SHG,0.0,0.0,0.0,-4.04754308230649e-06,4.04754308230649e-06,estimated_regional_daily_relative_pressure
2024-11-10,SHG,0.0,0.0,0.0,-4.04754308230649e-06,4.04754308230649e-06,estimated_regional_daily_relative_pressure
2024-11-11,SHG,0.0,0.0,0.0,-4.04754308230649e-06,4.04754308230649e-06,estimated_regional_daily_relative_pressure
2024-11-12,SHG,0.0,0.0,0.0,-4.04754308230649e-06,4.04754308230649e-06,estimated_regional_daily_relative_pressure
2024-11-13,SHG,0.0,0.0,0.0,-4.04754308230649e-06,4.04754308230649e-06,estimated_regional_daily_relative_pressure
2024-11-14,SHG,0.0,0.0,0.0,-4.04754308230649e-06,4.04754308230649e-06,estimated_regional_daily_relative_pressure
2024-11-15,SHG,0.0,0.0,0.0,-4.04754308230649e-06,4.04754308230649e-06,estimated_regional_daily_relative_pressure
2024-11-16,SHG,0.0,0.0,0.0,-4.04754308230649e-06,4.04754308230649e-06,estimated_regional_daily_relative_pressure
2024-11-17,SHG,0.0,0.0,0.0,-4.04754308230649e-06,4.04754308230649e-06,estimated_regional_daily_relative_pressure
2024-11-18,SHG,0.0,0.0,0.0,-4.04754308230649e-06,4.04754308230649e-06,estimated_regional_daily_relative_pressure
2024-11-19,SHG,0.0,0.0,0.0,-4.04754308230649e-06,4.04754308230649e-06,estimated_regional_daily_relative_pressure
2024-11-20,SHG,0.0,0.0,0.0,-4.04754308230649e-06,4.04754308230649e-06,estimated_regional_daily_relative_pressure
2024-11-21,SHG,0.0,0.0,0.0,-4.04754308230649e-06,4.04754308230649e-06,estimated_regional_daily_relative_pressure
2024-11-22,SHG,0.0,0.0,0.0,-4.04754308230649e-06,4.04754308230649e-06,estimated_regional_daily_relative_pressure
2024-11-23,SHG,0.0,0.0,0.0,-4.04754308230649e-06,4.04754308230649e-06,estimated_regional_daily_relative_pressure
2024-11-24,SHG,0.0,0.0,0.0,-4.04754308230649e-06,4.04754308230649e-06,estimated_regional_daily_relative_pressure
2024-11-25,SHG,0.0,0.0,0.0,-4.04754308230649e-06,4.04754308230649e-06,estimated_regional_daily_relative_pressure
2024-11-26,SHG,0.0,0.0,0.0,-4.04754308230649e-06,4.04754308230649e-06,estimated_regional_daily_relative_pressure
2024-11-27,SHG,0.0,0.0,0.0,-4.04754308230649e-06,4.04754308230649e-06,estimated_regional_daily_relative_pressure
2024-11-28,SHG,0.0,0.0,0.0,-4.04754308230649e-06,4.04754308230649e-06,estimated_regional_daily_relative_pressure
2024-11-29,SHG,0.0,0.0,0.0,-4.04754308230649e-06,4.04754308230649e-06,estimated_regional_daily_relative_pressure
2024-11-30,SHG,0.0,0.0,0.0,-4.04754308230649e-06,4.04754308230649e-06,estimated_regional_daily_relative_pressure
2024-12-01,SHG,0.0,0.0,0.0,0.0,0.0,estimated_regional_daily_relative_pressure
2024-12-02,SHG,0.0,0.0,0.0,0.0,0.0,estimated_regional_daily_relative_pressure
2024-12-03,SHG,0.0,0.0,0.0,0.0,0.0,estimated_regional_daily_relative_pressure
2024-12-04,SHG,0.0,0.0,0.0,0.0,0.0,estimated_regional_daily_relative_pressure
2024-12-05,SHG,0.0,0.0,0.0,0.0,0.0,estimated_regional_daily_relative_pressure
2024-12-06,SHG,0.0,0.0,0.0,0.0,0.0,estimated_regional_daily_relative_pressure
2024-12-07,SHG,0.0,0.0,0.0,0.0,0.0,estimated_regional_daily_relative_pressure
2024-12-08,SHG,0.0,0.0,0.0,0.0,0.0,estimated_regional_daily_relative_pressure
2024-12-09,SHG,0.0,0.0,0.0,0.0,0.0,estimated_regional_daily_relative_pressure
2024-12-10,SHG,0.0,0.0,0.0,0.0,0.0,estimated_regional_daily_relative_pressure
2024-12-11,SHG,0.0,0.0,0.0,0.0,0.0,estimated_regional_daily_relative_pressure
2024-12-12,SHG,0.0,0.0,0.0,0.0,0.0,estimated_regional_daily_relative_pressure
2024-12-13,SHG,0.0,0.0,0.0,0.0,0.0,estimated_regional_daily_relative_pressure
2024-12-14,SHG,0.0,0.0,0.0,0.0,0.0,estimated_regional_daily_relative_pressure
2024-12-15,SHG,0.0,0.0,0.0,0.0,0.0,estimated_regional_daily_relative_pressure
2024-12-16,SHG,0.0,0.0,0.0,0.0,0.0,estimated_regional_daily_relative_pressure
2024-12-17,SHG,0.0,0.0,0.0,0.0,0.0,estimated_regional_daily_relative_pressure
2024-12-18,SHG,0.0,0.0,0.0,0.0,0.0,estimated_regional_daily_relative_pressure
2024-12-19,SHG,0.0,0.0,0.0,0.0,0.0,estimated_regional_daily_relative_pressure
2024-12-20,SHG,0.0,0.0,0.0,0.0,0.0,estimated_regional_daily_relative_pressure
2024-12-21,SHG,0.0,0.0,0.0,0.0,0.0,estimated_regional_daily_relative_pressure
2024-12-22,SHG,0.0,0.0,0.0,0.0,0.0,estimated_regional_daily_relative_pressure
2024-12-23,SHG,0.0,0.0,0.0,0.0,0.0,estimated_regional_daily_relative_pressure
2024-12-24,SHG,0.0,0.0,0.0,0.0,0.0,estimated_regional_daily_relative_pressure
2024-12-25,SHG,0.0,0.0,0.0,0.0,0.0,estimated_regional_daily_relative_pressure
2024-12-26,SHG,0.0,0.0,0.0,0.0,0.0,estimated_regional_daily_relative_pressure
2024-12-27,SHG,0.0,0.0,0.0,0.0,0.0,estimated_regional_daily_relative_pressure
2024-12-28,SHG,0.0,0.0,0.0,0.0,0.0,estimated_regional_daily_relative_pressure
2024-12-29,SHG,0.0,0.0,0.0,0.0,0.0,estimated_regional_daily_relative_pressure
2024-12-30,SHG,0.0,0.0,0.0,0.0,0.0,estimated_regional_daily_relative_pressure
2024-12-31,SHG,0.0,0.0,0.0,0.0,0.0,estimated_regional_daily_relative_pressure
2025-01-01,SHG,0.0,0.0,0.0,-0.002065734989176863,0.002065734989176863,estimated_regional_daily_relative_pressure
2025-01-02,SHG,0.0,0.0,0.0,-0.002065734989176863,0.002065734989176863,estimated_regional_daily_relative_pressure
2025-01-03,SHG,0.0,0.0,0.0,-0.002065734989176863,0.002065734989176863,estimated_regional_daily_relative_pressure
2025-01-04,SHG,0.0,0.0,0.0,-0.002065734989176863,0.002065734989176863,estimated_regional_daily_relative_pressure
2025-01-05,SHG,0.0,0.0,0.0,-0.002065734989176863,0.002065734989176863,estimated_regional_daily_relative_pressure
2025-01-06,SHG,0.0,0.0,0.0,-0.002065734989176863,0.002065734989176863,estimated_regional_daily_relative_pressure
2025-01-07,SHG,0.0,0.0,0.0,-0.002065734989176863,0.002065734989176863,estimated_regional_daily_relative_pressure
2025-01-08,SHG,0.0,0.0,0.0,-0.002065734989176863,0.002065734989176863,estimated_regional_daily_relative_pressure
2025-01-09,SHG,0.0,0.0,0.0,-0.002065734989176863,0.002065734989176863,estimated_regional_daily_relative_pressure
2025-01-10,SHG,0.0,0.0,0.0,-0.002065734989176863,0.002065734989176863,estimated_regional_daily_relative_pressure
2025-01-11,SHG,0.0,0.0,0.0,-0.002065734989176863,0.002065734989176863,estimated_regional_daily_relative_pressure
2025-01-12,SHG,0.0,0.0,0.0,-0.002065734989176863,0.002065734989176863,estimated_regional_daily_relative_pressure
2025-01-13,SHG,0.0,0.0,0.0,-0.002065734989176863,0.002065734989176863,estimated_regional_daily_relative_pressure
2025-01-14,SHG,0.0,0.0,0.0,-0.002065734989176863,0.002065734989176863,estimated_regional_daily_relative_pressure
2025-01-15,SHG,0.0,0.0,0.0,-0.002065734989176863,0.002065734989176863,estimated_regional_daily_relative_pressure
2025-01-16,SHG,0.0,0.0,0.0006599228760064193,-0.002065734989176863,0.0014058121131704437,estimated_regional_daily_relative_pressure
2025-01-17,SHG,0.0,0.0,0.009198067664444202,-0.002065734989176863,-0.0071323326752673385,estimated_regional_daily_relative_pressure
2025-01-18,SHG,0.0,0.0,0.016715003159057017,-0.002065734989176863,-0.014649268169880153,estimated_regional_daily_relative_pressure
2025-01-19,SHG,0.0,0.0,0.01781763935544298,-0.002065734989176863,-0.01575190436626612,estimated_regional_daily_relative_pressure
2025-01-20,SHG,0.0,0.0,0.0187378612530845,-0.002065734989176863,-0.016672126263907638,estimated_regional_daily_relative_pressure
2025-01-21,SHG,0.0,0.0,0.0187378612530845,-0.002065734989176863,-0.016672126263907638,estimated_regional_daily_relative_pressure
2025-01-22,SHG,0.0,0.0,0.0187378612530845,-0.002065734989176863,-0.016672126263907638,estimated_regional_daily_relative_pressure
2025-01-23,SHG,0.0,0.0,0.0187378612530845,-0.002065734989176863,-0.016672126263907638,estimated_regional_daily_relative_pressure
2025-01-24,SHG,0.0,0.0,0.0187378612530845,-0.002065734989176863,-0.016672126263907638,estimated_regional_daily_relative_pressure
2025-01-25,SHG,0.0,0.0,0.0187378612530845,-0.002065734989176863,-0.016672126263907638,estimated_regional_daily_relative_pressure
2025-01-26,SHG,0.0,0.0,0.0187378612530845,-0.002065734989176863,-0.016672126263907638,estimated_regional_daily_relative_pressure
2025-01-27,SHG,0.0,0.0,0.0187378612530845,-0.002065734989176863,-0.016672126263907638,estimated_regional_daily_relative_pressure
2025-01-28,SHG,0.0,0.0,0.0187378612530845,-0.002065734989176863,-0.016672126263907638,estimated_regional_daily_relative_pressure
2025-01-29,SHG,0.0,0.0,0.0187378612530845,-0.002065734989176863,-0.016672126263907638,estimated_regional_daily_relative_pressure
2025-01-30,SHG,0.0,0.0,0.0187378612530845,-0.002065734989176863,-0.016672126263907638,estimated_regional_daily_relative_pressure
2025-01-31,SHG,0.0206683003356263,0.020457609156198996,0.0187378612530845,-0.002065734989176863,0.00378548289229136,estimated_regional_daily_relative_pressure
2025-02-01,SHG,0.3030171870727698,0.2646824884415713,0.0187378612530845,0.003452795456726222,0.24249183173176056,estimated_regional_daily_relative_pressure
2025-02-02,SHG,0.262413039679122,0.23302500033299717,0.0187378612530845,0.003452795456726222,0.21083434362318645,estimated_regional_daily_relative_pressure
2025-02-03,SHG,0.0347726306865647,0.03418172208796499,0.0187378612530845,0.003452795456726222,0.011991065378154265,estimated_regional_daily_relative_pressure
2025-02-04,SHG,0.0289376671002698,0.028526878826887054,0.0187378612530845,0.003452795456726222,0.006336222117076332,estimated_regional_daily_relative_pressure
2025-02-05,SHG,0.0,0.0,0.0187378612530845,0.003452795456726222,-0.02219065670981072,estimated_regional_daily_relative_pressure
2025-02-06,SHG,0.0,0.0,0.0187378612530845,0.003452795456726222,-0.02219065670981072,estimated_regional_daily_relative_pressure
2025-02-07,SHG,0.0,0.0,0.0187378612530845,0.003452795456726222,-0.02219065670981072,estimated_regional_daily_relative_pressure
2025-02-08,SHG,0.0,0.0,0.0187378612530845,0.003452795456726222,-0.02219065670981072,estimated_regional_daily_relative_pressure
2025-02-09,SHG,0.0,0.0,0.0187378612530845,0.003452795456726222,-0.02219065670981072,estimated_regional_daily_relative_pressure
2025-02-10,SHG,0.0,0.0,0.0187378612530845,0.003452795456726222,-0.02219065670981072,estimated_regional_daily_relative_pressure
2025-02-11,SHG,0.0,0.0,0.0187378612530845,0.003452795456726222,-0.02219065670981072,estimated_regional_daily_relative_pressure
2025-02-12,SHG,0.0,0.0,0.0187378612530845,0.003452795456726222,-0.02219065670981072,estimated_regional_daily_relative_pressure
2025-02-13,SHG,0.0,0.0,0.0187378612530845,0.003452795456726222,-0.02219065670981072,estimated_regional_daily_relative_pressure
2025-02-14,SHG,0.0,0.0,0.0187378612530845,0.003452795456726222,-0.02219065670981072,estimated_regional_daily_relative_pressure
2025-02-15,SHG,0.0,0.0,0.0187378612530845,0.003452795456726222,-0.02219065670981072,estimated_regional_daily_relative_pressure
2025-02-16,SHG,0.0,0.0,0.01807793837707808,0.003452795456726222,-0.0215307338338043,estimated_regional_daily_relative_pressure
2025-02-17,SHG,0.0,0.0,0.009539793588640298,0.003452795456726222,-0.01299258904536652,estimated_regional_daily_relative_pressure
2025-02-18,SHG,0.0,0.0,0.0020228580940274852,0.003452795456726222,-0.005475653550753707,estimated_regional_daily_relative_pressure
2025-02-19,SHG,0.0,0.0,0.0009202218976415179,0.003452795456726222,-0.00437301735436774,estimated_regional_daily_relative_pressure
2025-02-20,SHG,0.0,0.0,0.0,0.003452795456726222,-0.003452795456726222,estimated_regional_daily_relative_pressure
2025-02-21,SHG,0.0,0.0,0.0,0.003452795456726222,-0.003452795456726222,estimated_regional_daily_relative_pressure
2025-02-22,SHG,0.0,0.0,0.0,0.003452795456726222,-0.003452795456726222,estimated_regional_daily_relative_pressure
2025-02-23,SHG,0.0,0.0,0.0,0.003452795456726222,-0.003452795456726222,estimated_regional_daily_relative_pressure
2025-02-24,SHG,0.0,0.0,0.0,0.003452795456726222,-0.003452795456726222,estimated_regional_daily_relative_pressure
2025-02-25,SHG,0.0,0.0,0.0,0.003452795456726222,-0.003452795456726222,estimated_regional_daily_relative_pressure
2025-02-26,SHG,0.0,0.0,0.0,0.003452795456726222,-0.003452795456726222,estimated_regional_daily_relative_pressure
2025-02-27,SHG,0.0,0.0,0.0,0.003452795456726222,-0.003452795456726222,estimated_regional_daily_relative_pressure
2025-02-28,SHG,0.0,0.0,0.0,0.003452795456726222,-0.003452795456726222,estimated_regional_daily_relative_pressure
2025-03-01,SHG,0.0,0.0,0.0,-0.007497991501177371,0.007497991501177371,estimated_regional_daily_relative_pressure
2025-03-02,SHG,0.0,0.0,0.0,-0.007497991501177371,0.007497991501177371,estimated_regional_daily_relative_pressure
2025-03-03,SHG,0.0,0.0,0.0,-0.007497991501177371,0.007497991501177371,estimated_regional_daily_relative_pressure
2025-03-04,SHG,0.0,0.0,0.0,-0.007497991501177371,0.007497991501177371,estimated_regional_daily_relative_pressure
2025-03-05,SHG,0.0,0.0,0.0,-0.007497991501177371,0.007497991501177371,estimated_regional_daily_relative_pressure
2025-03-06,SHG,0.0,0.0,0.0,-0.007497991501177371,0.007497991501177371,estimated_regional_daily_relative_pressure
2025-03-07,SHG,0.0,0.0,0.0014819661815431457,-0.007497991501177371,0.006016025319634226,estimated_regional_daily_relative_pressure
2025-03-08,SHG,0.0,0.0,0.0014819661815431457,-0.007497991501177371,0.006016025319634226,estimated_regional_daily_relative_pressure
2025-03-09,SHG,0.0,0.0,0.0014819661815431457,-0.007497991501177371,0.006016025319634226,estimated_regional_daily_relative_pressure
2025-03-10,SHG,0.0,0.0,0.0014819661815431457,-0.007497991501177371,0.006016025319634226,estimated_regional_daily_relative_pressure
2025-03-11,SHG,0.0,0.0,0.0014819661815431457,-0.007497991501177371,0.006016025319634226,estimated_regional_daily_relative_pressure
2025-03-12,SHG,0.0,0.0,0.0014819661815431457,-0.007497991501177371,0.006016025319634226,estimated_regional_daily_relative_pressure
2025-03-13,SHG,0.0,0.0,0.0014819661815431457,-0.007497991501177371,0.006016025319634226,estimated_regional_daily_relative_pressure
2025-03-14,SHG,0.0,0.0,0.0018749789620074375,-0.007497991501177371,0.005623012539169934,estimated_regional_daily_relative_pressure
2025-03-15,SHG,0.0,0.0,0.0018749789620074375,-0.007497991501177371,0.005623012539169934,estimated_regional_daily_relative_pressure
2025-03-16,SHG,0.0,0.0,0.0018749789620074375,-0.007497991501177371,0.005623012539169934,estimated_regional_daily_relative_pressure
2025-03-17,SHG,0.0,0.0,0.0018749789620074375,-0.007497991501177371,0.005623012539169934,estimated_regional_daily_relative_pressure
2025-03-18,SHG,0.0,0.0,0.0018749789620074375,-0.007497991501177371,0.005623012539169934,estimated_regional_daily_relative_pressure
2025-03-19,SHG,0.0,0.0,0.0018749789620074375,-0.007497991501177371,0.005623012539169934,estimated_regional_daily_relative_pressure
2025-03-20,SHG,0.0,0.0,0.008501960645339415,-0.007497991501177371,-0.0010039691441620438,estimated_regional_daily_relative_pressure
2025-03-21,SHG,0.0,0.0,0.020227029357257436,-0.007497991501177371,-0.012729037856080065,estimated_regional_daily_relative_pressure
2025-03-22,SHG,0.0470125847428238,0.04594095162783752,0.031939186033043285,-0.007497991501177371,0.021499757095971607,estimated_regional_daily_relative_pressure
2025-03-23,SHG,0.0,0.0,0.031939186033043285,-0.007497991501177371,-0.024441194531865912,estimated_regional_daily_relative_pressure
2025-03-24,SHG,0.0,0.0,0.031939186033043285,-0.007497991501177371,-0.024441194531865912,estimated_regional_daily_relative_pressure
2025-03-25,SHG,0.0,0.0,0.031939186033043285,-0.007497991501177371,-0.024441194531865912,estimated_regional_daily_relative_pressure
2025-03-26,SHG,0.0,0.0,0.031939186033043285,-0.007497991501177371,-0.024441194531865912,estimated_regional_daily_relative_pressure
2025-03-27,SHG,0.0,0.0,0.031939186033043285,-0.007497991501177371,-0.024441194531865912,estimated_regional_daily_relative_pressure
2025-03-28,SHG,0.0,0.0,0.03320665280541343,-0.007497991501177371,-0.025708661304236054,estimated_regional_daily_relative_pressure
2025-03-29,SHG,0.0122579160934497,0.01218339619439304,0.03320665280541343,-0.007497991501177371,-0.013525265109843013,estimated_regional_daily_relative_pressure
2025-03-30,SHG,0.0,0.0,0.03320665280541343,-0.007497991501177371,-0.025708661304236054,estimated_regional_daily_relative_pressure
2025-03-31,SHG,0.0,0.0,0.03320665280541343,-0.007497991501177371,-0.025708661304236054,estimated_regional_daily_relative_pressure
2025-04-01,SHG,0.0,0.0,0.03320665280541343,-0.013100490983276966,-0.02010616182213646,estimated_regional_daily_relative_pressure
2025-04-02,SHG,0.0,0.0,0.03320665280541343,-0.013100490983276966,-0.02010616182213646,estimated_regional_daily_relative_pressure
2025-04-03,SHG,0.0,0.0,0.03320665280541343,-0.013100490983276966,-0.02010616182213646,estimated_regional_daily_relative_pressure
2025-04-04,SHG,0.2280609133295552,0.2054364321832913,0.03603866593653855,-0.013100490983276966,0.18249825723002971,estimated_regional_daily_relative_pressure
2025-04-05,SHG,0.4383219622057471,0.36347713006945875,0.042828983591952675,-0.013100490983276966,0.33374863746078304,estimated_regional_daily_relative_pressure
2025-04-06,SHG,0.4377463557938025,0.3630768569493611,0.042828983591952675,-0.013100490983276966,0.3333483643406854,estimated_regional_daily_relative_pressure
2025-04-07,SHG,0.0,0.0,0.04134701741040953,-0.013100490983276966,-0.028246526427132566,estimated_regional_daily_relative_pressure
2025-04-08,SHG,0.0,0.0,0.04134701741040953,-0.013100490983276966,-0.028246526427132566,estimated_regional_daily_relative_pressure
2025-04-09,SHG,0.0,0.0,0.04134701741040953,-0.013100490983276966,-0.028246526427132566,estimated_regional_daily_relative_pressure
2025-04-10,SHG,0.0,0.0,0.04134701741040953,-0.013100490983276966,-0.028246526427132566,estimated_regional_daily_relative_pressure
2025-04-11,SHG,0.0,0.0,0.04498288862118196,-0.013100490983276966,-0.03188239763790499,estimated_regional_daily_relative_pressure
2025-04-12,SHG,0.0400735896652546,0.03929146994347461,0.04649295230472035,-0.013100490983276966,0.005899008622031229,estimated_regional_daily_relative_pressure
2025-04-13,SHG,0.0,0.0,0.04649295230472035,-0.013100490983276966,-0.033392461321443384,estimated_regional_daily_relative_pressure
2025-04-14,SHG,0.0,0.0,0.046099939524256055,-0.013100490983276966,-0.03299944854097909,estimated_regional_daily_relative_pressure
2025-04-15,SHG,0.0,0.0,0.046099939524256055,-0.013100490983276966,-0.03299944854097909,estimated_regional_daily_relative_pressure
2025-04-16,SHG,0.0,0.0,0.05869882798059935,-0.013100490983276966,-0.04559833699732238,estimated_regional_daily_relative_pressure
2025-04-17,SHG,0.0,0.0,0.07214111231067828,-0.013100490983276966,-0.059040621327401316,estimated_regional_daily_relative_pressure
2025-04-18,SHG,0.0,0.0,0.09308465139635234,-0.013100490983276966,-0.07998416041307538,estimated_regional_daily_relative_pressure
2025-04-19,SHG,0.0917614565367195,0.08779240706487881,0.11127779452875097,-0.013100490983276966,-0.010384896480595193,estimated_regional_daily_relative_pressure
2025-04-20,SHG,0.2342948647673608,0.21049984731783777,0.11134711932022907,-0.013100490983276966,0.11225321898088567,estimated_regional_daily_relative_pressure
2025-04-21,SHG,0.0,0.0,0.09962205060831104,-0.013100490983276966,-0.08652155962503408,estimated_regional_daily_relative_pressure
2025-04-22,SHG,0.0,0.0,0.0879098939325252,-0.013100490983276966,-0.07480940294924823,estimated_regional_daily_relative_pressure
2025-04-23,SHG,0.0,0.0,0.0879098939325252,-0.013100490983276966,-0.07480940294924823,estimated_regional_daily_relative_pressure
2025-04-24,SHG,0.0,0.0,0.0879098939325252,-0.013100490983276966,-0.07480940294924823,estimated_regional_daily_relative_pressure
2025-04-25,SHG,0.0,0.0,0.08974739880050832,-0.013100490983276966,-0.07664690781723135,estimated_regional_daily_relative_pressure
2025-04-26,SHG,0.1193095338136317,0.1127120075339452,0.08974739880050832,-0.013100490983276966,0.036065099716713844,estimated_regional_daily_relative_pressure
2025-04-27,SHG,0.047924953615932,0.04681197418969013,0.08974739880050832,-0.013100490983276966,-0.02983493362754122,estimated_regional_daily_relative_pressure
2025-04-28,SHG,0.0,0.0,0.08847993202813817,-0.013100490983276966,-0.0753794410448612,estimated_regional_daily_relative_pressure
2025-04-29,SHG,0.0,0.0,0.08847993202813817,-0.013100490983276966,-0.0753794410448612,estimated_regional_daily_relative_pressure
2025-04-30,SHG,0.0,0.0,0.08847993202813817,-0.013100490983276966,-0.0753794410448612,estimated_regional_daily_relative_pressure
2025-05-01,SHG,0.477816325013129,0.390565542146642,0.08847993202813817,0.015047120685772594,0.2870384894327313,estimated_regional_daily_relative_pressure
2025-05-02,SHG,0.5169637651675576,0.41671081423244716,0.08974891563890604,0.015047120685772594,0.31191477790776856,estimated_regional_daily_relative_pressure
2025-05-03,SHG,0.9141041600826044,0.6492497116558962,0.09091534550383547,0.015047120685772594,0.543287245466288,estimated_regional_daily_relative_pressure
2025-05-04,SHG,0.7576671328423481,0.5639874371043571,0.09091534550383547,0.015047120685772594,0.45802497091474903,estimated_regional_daily_relative_pressure
2025-05-05,SHG,0.2307029383280124,0.2075855007191122,0.08808333237271035,0.015047120685772594,0.10445504766062925,estimated_regional_daily_relative_pressure
2025-05-06,SHG,0.0,0.0,0.08129301471729623,0.015047120685772594,-0.09634013540306882,estimated_regional_daily_relative_pressure
2025-05-07,SHG,0.0,0.0,0.08129301471729623,0.015047120685772594,-0.09634013540306882,estimated_regional_daily_relative_pressure
2025-05-08,SHG,0.0,0.0,0.08129301471729623,0.015047120685772594,-0.09634013540306882,estimated_regional_daily_relative_pressure
2025-05-09,SHG,0.0,0.0,0.08386966284258897,0.015047120685772594,-0.09891678352836156,estimated_regional_daily_relative_pressure
2025-05-10,SHG,0.0586162713000668,0.056962650907476924,0.08611395860776322,0.015047120685772594,-0.04419842838605889,estimated_regional_daily_relative_pressure
2025-05-11,SHG,0.0,0.0,0.08611395860776322,0.015047120685772594,-0.10116107929353581,estimated_regional_daily_relative_pressure
2025-05-12,SHG,0.0,0.0,0.08247808739699079,0.015047120685772594,-0.09752520808276338,estimated_regional_daily_relative_pressure
2025-05-13,SHG,0.0,0.0,0.08096802371345241,0.015047120685772594,-0.096015144399225,estimated_regional_daily_relative_pressure
2025-05-14,SHG,0.0,0.0,0.08096802371345241,0.015047120685772594,-0.096015144399225,estimated_regional_daily_relative_pressure
2025-05-15,SHG,0.0,0.0,0.08096802371345241,0.015047120685772594,-0.096015144399225,estimated_regional_daily_relative_pressure
2025-05-16,SHG,0.0,0.0,0.09876290835125552,0.015047120685772594,-0.11381002903702811,estimated_regional_daily_relative_pressure
2025-05-17,SHG,0.0401224971453839,0.039338491933803704,0.10319385098706393,0.015047120685772594,-0.07890247973903282,estimated_regional_daily_relative_pressure
2025-05-18,SHG,0.036821025684578,0.036159325812812546,0.10037550582320674,0.015047120685772594,-0.07926330069616679,estimated_regional_daily_relative_pressure
2025-05-19,SHG,0.0,0.0,0.07998647081444789,0.015047120685772594,-0.09503359150022048,estimated_regional_daily_relative_pressure
2025-05-20,SHG,0.0,0.0,0.06267725146696806,0.015047120685772594,-0.07772437215274065,estimated_regional_daily_relative_pressure
2025-05-21,SHG,0.0,0.0,0.057230474631491016,0.015047120685772594,-0.0722775953172636,estimated_regional_daily_relative_pressure
2025-05-22,SHG,0.0,0.0,0.057230474631491016,0.015047120685772594,-0.0722775953172636,estimated_regional_daily_relative_pressure
2025-05-23,SHG,0.0,0.0,0.0628238169916597,0.015047120685772594,-0.07787093767743229,estimated_regional_daily_relative_pressure
2025-05-24,SHG,0.0831528479310265,0.07987609188407493,0.06659132499898462,0.015047120685772594,-0.0017623538006822839,estimated_regional_daily_relative_pressure
2025-05-25,SHG,0.0720504988983533,0.06957316872040155,0.06659132499898462,0.015047120685772594,-0.01206527696435567,estimated_regional_daily_relative_pressure
2025-05-26,SHG,0.0,0.0,0.06486386198362189,0.015047120685772594,-0.07991098266939448,estimated_regional_daily_relative_pressure
2025-05-27,SHG,0.0,0.0,0.06497711442156139,0.015047120685772594,-0.08002423510733397,estimated_regional_daily_relative_pressure
2025-05-28,SHG,0.0,0.0,0.06588529009022974,0.015047120685772594,-0.08093241077600233,estimated_regional_daily_relative_pressure
2025-05-29,SHG,0.0,0.0,0.06698787792208635,0.015047120685772594,-0.08203499860785894,estimated_regional_daily_relative_pressure
2025-05-30,SHG,0.0,0.0,0.07318116378689059,0.015047120685772594,-0.08822828447266318,estimated_regional_daily_relative_pressure
2025-05-31,SHG,0.7361003567792308,0.5516414237718968,0.07318116378689059,0.015047120685772594,0.46341313929923367,estimated_regional_daily_relative_pressure
2025-06-01,SHG,0.69541027867261,0.5279247638567027,0.07318116378689059,-0.007922887143784058,0.46266648721359616,estimated_regional_daily_relative_pressure
2025-06-02,SHG,0.390053331167353,0.32934211415287434,0.07495327842603762,-0.007922887143784058,0.26231172287062077,estimated_regional_daily_relative_pressure
2025-06-03,SHG,0.01733821820359,0.01718962638437186,0.07391641231150893,-0.007922887143784058,-0.04880389878335301,estimated_regional_daily_relative_pressure
2025-06-04,SHG,0.0277805149020227,0.027401637332482246,0.07391641231150893,-0.007922887143784058,-0.03859188783524263,estimated_regional_daily_relative_pressure
2025-06-05,SHG,0.039495416338383,0.03873541881932371,0.07535396508310155,-0.007922887143784058,-0.028695659119993784,estimated_regional_daily_relative_pressure
2025-06-06,SHG,0.0,0.0,0.08293048563354556,-0.007922887143784058,-0.0750075984897615,estimated_regional_daily_relative_pressure
2025-06-07,SHG,0.1893341505430726,0.17339361316522936,0.08871141252636856,-0.007922887143784058,0.09260508778264485,estimated_regional_daily_relative_pressure
2025-06-08,SHG,0.1238864780864018,0.11679274822707274,0.08871141252636856,-0.007922887143784058,0.03600422284448823,estimated_regional_daily_relative_pressure
2025-06-09,SHG,0.0,0.0,0.08775707682083472,-0.007922887143784058,-0.07983418967705067,estimated_regional_daily_relative_pressure
2025-06-10,SHG,0.0034171225281435,0.0034112974312320073,0.08742787206408842,-0.007922887143784058,-0.07609368748907236,estimated_regional_daily_relative_pressure
2025-06-11,SHG,0.0035169957429174,0.00351082557612436,0.08919530224836422,-0.007922887143784058,-0.0777615895284558,estimated_regional_daily_relative_pressure
2025-06-12,SHG,0.0285534994543444,0.02815344572871912,0.08919530224836422,-0.007922887143784058,-0.053118969375861046,estimated_regional_daily_relative_pressure
2025-06-13,SHG,0.0347710792526985,0.03418022278755519,0.097343329292304,-0.007922887143784058,-0.055240219360964765,estimated_regional_daily_relative_pressure
2025-06-14,SHG,0.211660656198845,0.19199186180893077,0.10291499967074728,-0.007922887143784058,0.09699974928196754,estimated_regional_daily_relative_pressure
2025-06-15,SHG,0.0,0.0,0.10302402900054321,-0.007922887143784058,-0.09510114185675915,estimated_regional_daily_relative_pressure
2025-06-16,SHG,0.0,0.0,0.08522914436274008,-0.007922887143784058,-0.07730625721895602,estimated_regional_daily_relative_pressure
2025-06-17,SHG,0.0988608427990412,0.09427404574736215,0.07106644317769598,-0.007922887143784058,0.031130489713450227,estimated_regional_daily_relative_pressure
2025-06-18,SHG,0.0040245531130785,0.004016476262422533,0.06044250401147423,-0.007922887143784058,-0.04850314060526764,estimated_regional_daily_relative_pressure
2025-06-19,SHG,0.0,0.0,0.06291069395900512,-0.007922887143784058,-0.05498780681522106,estimated_regional_daily_relative_pressure
2025-06-20,SHG,0.0455720332836886,0.04456413591937125,0.07278716287115415,-0.007922887143784058,-0.020300139807998843,estimated_regional_daily_relative_pressure
2025-06-21,SHG,0.2647470441231641,0.23487213706376486,0.08127704022188216,-0.007922887143784058,0.16151798398566677,estimated_regional_daily_relative_pressure
2025-06-22,SHG,0.1962704200331697,0.1792087336775129,0.08454404870358591,-0.007922887143784058,0.10258757211771104,estimated_regional_daily_relative_pressure
2025-06-23,SHG,0.0,0.0,0.08583385637160337,-0.007922887143784058,-0.07791096922781932,estimated_regional_daily_relative_pressure
2025-06-24,SHG,0.0515777811244364,0.05029168501252577,0.08671640536932818,-0.007922887143784058,-0.02850183321301835,estimated_regional_daily_relative_pressure
2025-06-25,SHG,0.0611654881933838,0.05936782126126653,0.09050185672202732,-0.007922887143784058,-0.02321114831697673,estimated_regional_daily_relative_pressure
2025-06-26,SHG,0.0563191190610277,0.054790335712549855,0.09486631846674874,-0.007922887143784058,-0.03215309561041483,estimated_regional_daily_relative_pressure
2025-06-27,SHG,0.0,0.0,0.10800680871648581,-0.007922887143784058,-0.10008392157270175,estimated_regional_daily_relative_pressure
2025-06-28,SHG,0.2873538574830682,0.25258883836213336,0.11833023085554233,-0.007922887143784058,0.14218149465037508,estimated_regional_daily_relative_pressure
2025-06-29,SHG,0.1885353868231488,0.1727217817317416,0.12311073950392111,-0.007922887143784058,0.05753392937160455,estimated_regional_daily_relative_pressure
2025-06-30,SHG,0.0033856275575218,0.00337990922367355,0.123984997805239,-0.007922887143784058,-0.11268220143778139,estimated_regional_daily_relative_pressure
2025-07-01,SHG,0.0,0.0,0.12996620737884507,0.0023781391186036356,-0.1323443464974487,estimated_regional_daily_relative_pressure
2025-07-02,SHG,0.0929506171086649,0.08888102712033542,0.1361853802887192,0.0023781391186036356,-0.04968249228698742,estimated_regional_daily_relative_pressure
2025-07-03,SHG,0.0,0.0,0.14128577700869932,0.0023781391186036356,-0.14366391612730295,estimated_regional_daily_relative_pressure
2025-07-04,SHG,0.0982340874437179,0.09370351475782945,0.1557141259374569,0.0023781391186036356,-0.06438875029823109,estimated_regional_daily_relative_pressure
2025-07-05,SHG,0.3959457933518632,0.33357217360910224,0.16657527112044487,0.0023781391186036356,0.16461876337005374,estimated_regional_daily_relative_pressure
2025-07-06,SHG,0.3524552126410345,0.30192161669189155,0.170234375659968,0.0023781391186036356,0.12930910191331993,estimated_regional_daily_relative_pressure
2025-07-07,SHG,0.1065834137959168,0.1012772629328166,0.1767875082422928,0.0023781391186036356,-0.07788838442807985,estimated_regional_daily_relative_pressure
2025-07-08,SHG,0.2378520388874545,0.21337765087377072,0.177957853780964,0.0023781391186036356,0.0330416579742031,estimated_regional_daily_relative_pressure
2025-07-09,SHG,0.155059395303251,0.14415176715654154,0.18686284358720526,0.0023781391186036356,-0.04508921554926735,estimated_regional_daily_relative_pressure
2025-07-10,SHG,0.1245118067682196,0.11734899193367354,0.19911821303525218,0.0023781391186036356,-0.08414736022018228,estimated_regional_daily_relative_pressure
2025-07-11,SHG,0.1487904560456374,0.1387096115175963,0.21544526587420673,0.0023781391186036356,-0.07911379347521406,estimated_regional_daily_relative_pressure
2025-07-12,SHG,0.5081232896677972,0.41086602331797295,0.22934865408588023,0.0023781391186036356,0.1791392301134891,estimated_regional_daily_relative_pressure
2025-07-13,SHG,0.4164865316293744,0.3481795320394712,0.2377308977858031,0.0023781391186036356,0.10807049513506446,estimated_regional_daily_relative_pressure
2025-07-14,SHG,0.2000653226898861,0.18237599088729758,0.24124765832008047,0.0023781391186036356,-0.06124980655138652,estimated_regional_daily_relative_pressure
2025-07-15,SHG,0.244948133425636,0.21909386914978568,0.2485737469356871,0.0023781391186036356,-0.03185801690450505,estimated_regional_daily_relative_pressure
2025-07-16,SHG,0.2037208848314618,0.1854174967817879,0.2575393234336398,0.0023781391186036356,-0.07449996577045552,estimated_regional_daily_relative_pressure
2025-07-17,SHG,0.2126334021947034,0.19279436020609905,0.26846254494614447,0.0023781391186036356,-0.07804632385864906,estimated_regional_daily_relative_pressure
2025-07-18,SHG,0.2870932020622901,0.2523863440667449,0.28210973366779457,0.0023781391186036356,-0.03210152871965328,estimated_regional_daily_relative_pressure
2025-07-19,SHG,0.5703449255832471,0.45129529305390825,0.2955855562189621,0.0023781391186036356,0.15333159771634253,estimated_regional_daily_relative_pressure
2025-07-20,SHG,0.4003126045673619,0.3366955006726267,0.3046014593258627,0.0023781391186036356,0.02971590222816039,estimated_regional_daily_relative_pressure
2025-07-21,SHG,0.1711619511639872,0.15799637664458777,0.3068027869407968,0.0023781391186036356,-0.15118454941481269,estimated_regional_daily_relative_pressure
2025-07-22,SHG,0.5496347331316882,0.4380192471158345,0.31277860188779566,0.0023781391186036356,0.12286250610943521,estimated_regional_daily_relative_pressure
2025-07-23,SHG,0.2404688901716968,0.2154894453763184,0.3235576403986482,0.0023781391186036356,-0.11044633414093345,estimated_regional_daily_relative_pressure
2025-07-24,SHG,0.3179199311817496,0.2760546839934802,0.327876641115887,0.0023781391186036356,-0.054200096241010416,estimated_regional_daily_relative_pressure
2025-07-25,SHG,0.5375775184044091,0.43020813790197976,0.3429962525338383,0.0023781391186036356,0.08483374624953781,estimated_regional_daily_relative_pressure
2025-07-26,SHG,0.7603390970475947,0.5655064592688578,0.35433436959458975,0.0023781391186036356,0.2087939505556644,estimated_regional_daily_relative_pressure
2025-07-27,SHG,0.6254673432407871,0.4857953702744289,0.35522342924862976,0.0023781391186036356,0.12819380190719548,estimated_regional_daily_relative_pressure
2025-07-28,SHG,0.2967349843031885,0.2598495546976091,0.35133563259225586,0.0023781391186036356,-0.09386421701325039,estimated_regional_daily_relative_pressure
2025-07-29,SHG,0.4356366579877536,0.3616084149247308,0.348875689188458,0.0023781391186036356,0.01035458661766913,estimated_regional_daily_relative_pressure
2025-07-30,SHG,0.491571897764518,0.39983052881554754,0.3513277901583407,0.0023781391186036356,0.0461245995386032,estimated_regional_daily_relative_pressure
2025-07-31,SHG,0.3248679322014658,0.2813127806602067,0.3485690057381272,0.0023781391186036356,-0.06963436419652415,estimated_regional_daily_relative_pressure
2025-08-01,SHG,0.4030099133065737,0.3386198668876448,0.3525841103433783,0.017203260984399425,-0.03116750444013292,estimated_regional_daily_relative_pressure
2025-08-02,SHG,0.6685314653405361,0.5119438774914887,0.35819015453573744,0.017203260984399425,0.13655046197135187,estimated_regional_daily_relative_pressure
2025-08-03,SHG,0.5185417495789884,0.41775049908619405,0.3537637456840595,0.017203260984399425,0.046783492417735134,estimated_regional_daily_relative_pressure
2025-08-04,SHG,0.4523697185217803,0.3731965110717469,0.33920583300490115,0.017203260984399425,0.016787417082446323,estimated_regional_daily_relative_pressure
2025-08-05,SHG,0.4945323217967016,0.40181332967206107,0.32834468782191323,0.017203260984399425,0.05626538086574842,estimated_regional_daily_relative_pressure
2025-08-06,SHG,0.6277063555844193,0.48717188004885437,0.3232480305107975,0.017203260984399425,0.14672058855365747,estimated_regional_daily_relative_pressure
2025-08-07,SHG,0.5456236050365115,0.43542745676924566,0.31004243471676174,0.017203260984399425,0.1081817610680845,estimated_regional_daily_relative_pressure
2025-08-08,SHG,0.4151940692555757,0.34726667310817316,0.3108820159764327,0.017203260984399425,0.019181396147341014,estimated_regional_daily_relative_pressure
2025-08-09,SHG,0.8457020520170395,0.6128597211130334,0.30787171096090177,0.017203260984399425,0.2877847491677322,estimated_regional_daily_relative_pressure
2025-08-10,SHG,0.5981242868427168,0.46883062081696764,0.29399402909309597,0.017203260984399425,0.15763333073947225,estimated_regional_daily_relative_pressure
2025-08-11,SHG,0.1808924436431581,0.16627046079283717,0.2757518852457134,0.017203260984399425,-0.12668468543727568,estimated_regional_daily_relative_pressure
2025-08-12,SHG,0.3368877352867839,0.29034432697038165,0.2600810668497641,0.017203260984399425,0.013059999136218105,estimated_regional_daily_relative_pressure
2025-08-13,SHG,0.3124836870888777,0.2719212865217379,0.25169882314984127,0.017203260984399425,0.003019202387497224,estimated_regional_daily_relative_pressure
2025-08-14,SHG,0.2948451606713761,0.2583911209536612,0.24003403557162414,0.017203260984399425,0.0011538243976376115,estimated_regional_daily_relative_pressure
2025-08-15,SHG,0.1429030403486261,0.13357155212316701,0.22952108296693757,0.017203260984399425,-0.11315279182816998,estimated_regional_daily_relative_pressure
2025-08-16,SHG,0.3632693374574186,0.3098857395445699,0.22197704543798194,0.017203260984399425,0.07070543312218852,estimated_regional_daily_relative_pressure
2025-08-17,SHG,0.4427943155552006,0.36658173016923373,0.21105382392547725,0.017203260984399425,0.13832464525935706,estimated_regional_daily_relative_pressure
2025-08-18,SHG,0.1220615574856473,0.11516766966473095,0.19453950529671957,0.017203260984399425,-0.09657509661638804,estimated_regional_daily_relative_pressure
2025-08-19,SHG,0.0,0.0,0.18106368274555198,0.017203260984399425,-0.1982669437299514,estimated_regional_daily_relative_pressure
2025-08-20,SHG,0.0,0.0,0.16902508561420532,0.017203260984399425,-0.18622834659860474,estimated_regional_daily_relative_pressure
2025-08-21,SHG,0.0,0.0,0.15606336530220336,0.017203260984399425,-0.17326662628660278,estimated_regional_daily_relative_pressure
2025-08-22,SHG,0.02906001369763,0.02864577750072511,0.14309091026228585,0.017203260984399425,-0.13164839374596016,estimated_regional_daily_relative_pressure
2025-08-23,SHG,0.2731784168969449,0.2415164644261196,0.13058661849015396,0.017203260984399425,0.09372658495156622,estimated_regional_daily_relative_pressure
2025-08-24,SHG,0.2004965087504125,0.18273522851202045,0.11938446774472901,0.017203260984399425,0.046147499782892024,estimated_regional_daily_relative_pressure
2025-08-25,SHG,0.0,0.0,0.09961479932172793,0.017203260984399425,-0.11681806030612735,estimated_regional_daily_relative_pressure
2025-08-26,SHG,0.0,0.0,0.08449123090827736,0.017203260984399425,-0.10169449189267678,estimated_regional_daily_relative_pressure
2025-08-27,SHG,0.0,0.0,0.07912766765689552,0.017203260984399425,-0.09633092864129494,estimated_regional_daily_relative_pressure
2025-08-28,SHG,0.0,0.0,0.06976172162559288,0.017203260984399425,-0.0869649826099923,estimated_regional_daily_relative_pressure
2025-08-29,SHG,0.0,0.0,0.060990067221665854,0.017203260984399425,-0.07819332820606528,estimated_regional_daily_relative_pressure
2025-08-30,SHG,0.076730352849251,0.0739289980702634,0.055064159527701634,0.017203260984399425,0.0016615775581623436,estimated_regional_daily_relative_pressure
2025-08-31,SHG,0.0485912716013789,0.04744761726258157,0.05075539978179302,0.017203260984399425,-0.02051104350361087,estimated_regional_daily_relative_pressure
2025-09-01,SHG,0.0,0.0,0.040759085602935924,-0.03350277536672914,-0.007256310236206785,estimated_regional_daily_relative_pressure
2025-09-02,SHG,0.0,0.0,0.028933868500702578,-0.03350277536672914,0.0045689068660265605,estimated_regional_daily_relative_pressure
2025-09-03,SHG,0.0,0.0,0.025218782382485455,-0.03350277536672914,0.008283992984243684,estimated_regional_daily_relative_pressure
2025-09-04,SHG,0.0,0.0,0.025218782382485455,-0.03350277536672914,0.008283992984243684,estimated_regional_daily_relative_pressure
2025-09-05,SHG,0.0,0.0,0.028874784643445086,-0.03350277536672914,0.004627990723284053,estimated_regional_daily_relative_pressure
2025-09-06,SHG,0.0887451274483709,0.08502577381141146,0.03087164133351755,-0.03350277536672914,0.08765690784462304,estimated_regional_daily_relative_pressure
2025-09-07,SHG,0.0489549804236005,0.0477944118331572,0.02994758399478448,-0.03350277536672914,0.05134960320510186,estimated_regional_daily_relative_pressure
2025-09-08,SHG,0.0,0.0,0.022156730303619334,-0.03350277536672914,0.011346045063109805,estimated_regional_daily_relative_pressure
2025-09-09,SHG,0.0,0.0,0.016262045512908996,-0.03350277536672914,0.017240729853820143,estimated_regional_daily_relative_pressure
2025-09-10,SHG,0.0,0.0,0.016262045512908996,-0.03350277536672914,0.017240729853820143,estimated_regional_daily_relative_pressure
2025-09-11,SHG,0.0,0.0,0.016262045512908996,-0.03350277536672914,0.017240729853820143,estimated_regional_daily_relative_pressure
2025-09-12,SHG,0.0,0.0,0.02015169978042012,-0.03350277536672914,0.01335107558630902,estimated_regional_daily_relative_pressure
2025-09-13,SHG,0.0,0.0,0.02151735691343303,-0.03350277536672914,0.01198541845329611,estimated_regional_daily_relative_pressure
2025-09-14,SHG,0.0775478845659662,0.07468798244077027,0.02151735691343303,-0.03350277536672914,0.08667340089406639,estimated_regional_daily_relative_pressure
2025-09-15,SHG,0.0,0.0,0.019132550524069692,-0.03350277536672914,0.014370224842659447,estimated_regional_daily_relative_pressure
2025-09-16,SHG,0.0,0.0,0.028397270177772365,-0.03350277536672914,0.005105505188956774,estimated_regional_daily_relative_pressure
2025-09-17,SHG,0.0,0.0,0.041133067933649216,-0.03350277536672914,-0.007630292566920077,estimated_regional_daily_relative_pressure
2025-09-18,SHG,0.0,0.0,0.05422973952229813,-0.03350277536672914,-0.02072696415556899,estimated_regional_daily_relative_pressure
2025-09-19,SHG,0.0,0.0,0.07329870383091498,-0.03350277536672914,-0.039795928464185844,estimated_regional_daily_relative_pressure
2025-09-20,SHG,0.1200082709872146,0.11333607008974864,0.0899460168117784,-0.03350277536672914,0.05689282864469938,estimated_regional_daily_relative_pressure
2025-09-21,SHG,0.0638586745136417,0.06190255739224633,0.0998677632308861,-0.03350277536672914,-0.004462430471910632,estimated_regional_daily_relative_pressure
2025-09-22,SHG,0.0,0.0,0.10478666348018513,-0.03350277536672914,-0.07128388811345598,estimated_regional_daily_relative_pressure
2025-09-23,SHG,0.0,0.0,0.10982002868031358,-0.03350277536672914,-0.07631725331358444,estimated_regional_daily_relative_pressure
2025-09-24,SHG,0.0,0.0,0.10982002868031358,-0.03350277536672914,-0.07631725331358444,estimated_regional_daily_relative_pressure
2025-09-25,SHG,0.0,0.0,0.10982002868031358,-0.03350277536672914,-0.07631725331358444,estimated_regional_daily_relative_pressure
2025-09-26,SHG,0.0,0.0,0.10982002868031358,-0.03350277536672914,-0.07631725331358444,estimated_regional_daily_relative_pressure
2025-09-27,SHG,0.1281501797531856,0.12057928229284492,0.11056206864741967,-0.03350277536672914,0.04351998901215439,estimated_regional_daily_relative_pressure
2025-09-28,SHG,0.0432442940993941,0.04233537112340008,0.11056206864741967,-0.03350277536672914,-0.034723922157290456,estimated_regional_daily_relative_pressure
2025-09-29,SHG,0.0,0.0,0.11056206864741967,-0.03350277536672914,-0.07705929328069053,estimated_regional_daily_relative_pressure
2025-09-30,SHG,0.0,0.0,0.1081527788912658,-0.03350277536672914,-0.07465000352453666,estimated_regional_daily_relative_pressure
2025-10-01,SHG,0.3974566788426165,0.33465392652736436,0.1081527788912658,0.02487271978247811,0.20162842785362045,estimated_regional_daily_relative_pressure
2025-10-02,SHG,0.4841017846499438,0.39480973043218237,0.1081527788912658,0.02487271978247811,0.26178423175843846,estimated_regional_daily_relative_pressure
2025-10-03,SHG,0.5007977787850659,0.4059968192481162,0.1083349183299696,0.02487271978247811,0.27278918113566847,estimated_regional_daily_relative_pressure
2025-10-04,SHG,0.8060423305577071,0.5911378935671221,0.1083349183299696,0.02487271978247811,0.45793025545467436,estimated_regional_daily_relative_pressure
2025-10-05,SHG,0.6754247285322603,0.5160667024067664,0.1083349183299696,0.02487271978247811,0.3828590642943187,estimated_regional_daily_relative_pressure
2025-10-06,SHG,0.3601216428120933,0.30757413899233843,0.10467891606900995,0.02487271978247811,0.17802250314085039,estimated_regional_daily_relative_pressure
2025-10-07,SHG,0.2680898099456332,0.23751168153968125,0.1026820593789375,0.02487271978247811,0.10995690237826562,estimated_regional_daily_relative_pressure
2025-10-08,SHG,0.2260881470799975,0.20382873303713978,0.1026820593789375,0.02487271978247811,0.07627395387572417,estimated_regional_daily_relative_pressure
2025-10-09,SHG,0.0,0.0,0.1026820593789375,0.02487271978247811,-0.1275547791614156,estimated_regional_daily_relative_pressure
2025-10-10,SHG,0.0,0.0,0.1026820593789375,0.02487271978247811,-0.1275547791614156,estimated_regional_daily_relative_pressure
2025-10-11,SHG,0.0,0.0,0.1026820593789375,0.02487271978247811,-0.1275547791614156,estimated_regional_daily_relative_pressure
2025-10-12,SHG,0.0232698538927369,0.02300323898028889,0.1026820593789375,0.02487271978247811,-0.10455154018112672,estimated_regional_daily_relative_pressure
2025-10-13,SHG,0.0,0.0,0.09879240511142637,0.02487271978247811,-0.12366512489390448,estimated_regional_daily_relative_pressure
2025-10-14,SHG,0.0,0.0,0.09742674797841347,0.02487271978247811,-0.12229946776089158,estimated_regional_daily_relative_pressure
2025-10-15,SHG,0.0,0.0,0.09742674797841347,0.02487271978247811,-0.12229946776089158,estimated_regional_daily_relative_pressure
2025-10-16,SHG,0.0,0.0,0.09742674797841347,0.02487271978247811,-0.12229946776089158,estimated_regional_daily_relative_pressure
2025-10-17,SHG,0.0,0.0,0.08663146002591784,0.02487271978247811,-0.11150417980839596,estimated_regional_daily_relative_pressure
2025-10-18,SHG,0.0056622931233623,0.005646322599817554,0.07389566227004099,0.02487271978247811,-0.09312205945270155,estimated_regional_daily_relative_pressure
2025-10-19,SHG,0.0,0.0,0.06079899068139208,0.02487271978247811,-0.08567171046387019,estimated_regional_daily_relative_pressure
2025-10-20,SHG,0.0,0.0,0.04173002637277524,0.02487271978247811,-0.06660274615525336,estimated_regional_daily_relative_pressure
2025-10-21,SHG,0.0,0.0,0.025082713391911805,0.02487271978247811,-0.04995543317438991,estimated_regional_daily_relative_pressure
2025-10-22,SHG,0.0,0.0,0.015160966972804111,0.02487271978247811,-0.040033686755282225,estimated_regional_daily_relative_pressure
2025-10-23,SHG,0.0,0.0,0.007499299826362781,0.02487271978247811,-0.032372019608840896,estimated_regional_daily_relative_pressure
2025-10-24,SHG,0.0,0.0,0.0009241794058098854,0.02487271978247811,-0.025796899188287998,estimated_regional_daily_relative_pressure
2025-10-25,SHG,0.0,0.0,0.0009241794058098854,0.02487271978247811,-0.025796899188287998,estimated_regional_daily_relative_pressure
2025-10-26,SHG,0.0,0.0,0.0009241794058098854,0.02487271978247811,-0.025796899188287998,estimated_regional_daily_relative_pressure
2025-10-27,SHG,0.0,0.0,0.0009241794058098854,0.02487271978247811,-0.025796899188287998,estimated_regional_daily_relative_pressure
2025-10-28,SHG,0.0,0.0,0.00018213943870379207,0.02487271978247811,-0.025054859221181905,estimated_regional_daily_relative_pressure
2025-10-29,SHG,0.0,0.0,0.00018213943870379207,0.02487271978247811,-0.025054859221181905,estimated_regional_daily_relative_pressure
2025-10-30,SHG,0.0,0.0,0.00018213943870379207,0.02487271978247811,-0.025054859221181905,estimated_regional_daily_relative_pressure
2025-10-31,SHG,0.0,0.0,0.00018213943870379207,0.02487271978247811,-0.025054859221181905,estimated_regional_daily_relative_pressure
2025-11-01,SHG,0.0,0.0,0.00018213943870379207,-4.04754308230649e-06,-0.00017809189562148557,estimated_regional_daily_relative_pressure
2025-11-02,SHG,0.0,0.0,0.00018213943870379207,-4.04754308230649e-06,-0.00017809189562148557,estimated_regional_daily_relative_pressure
2025-11-03,SHG,0.0,0.0,0.0,-4.04754308230649e-06,4.04754308230649e-06,estimated_regional_daily_relative_pressure
2025-11-04,SHG,0.0,0.0,0.0,-4.04754308230649e-06,4.04754308230649e-06,estimated_regional_daily_relative_pressure
2025-11-05,SHG,0.0,0.0,0.0,-4.04754308230649e-06,4.04754308230649e-06,estimated_regional_daily_relative_pressure
2025-11-06,SHG,0.0,0.0,0.0,-4.04754308230649e-06,4.04754308230649e-06,estimated_regional_daily_relative_pressure
2025-11-07,SHG,0.0,0.0,0.0,-4.04754308230649e-06,4.04754308230649e-06,estimated_regional_daily_relative_pressure
2025-11-08,SHG,0.0,0.0,0.0,-4.04754308230649e-06,4.04754308230649e-06,estimated_regional_daily_relative_pressure
2025-11-09,SHG,0.0,0.0,0.0,-4.04754308230649e-06,4.04754308230649e-06,estimated_regional_daily_relative_pressure
2025-11-10,SHG,0.0,0.0,0.0,-4.04754308230649e-06,4.04754308230649e-06,estimated_regional_daily_relative_pressure
2025-11-11,SHG,0.0,0.0,0.0,-4.04754308230649e-06,4.04754308230649e-06,estimated_regional_daily_relative_pressure
2025-11-12,SHG,0.0,0.0,0.0,-4.04754308230649e-06,4.04754308230649e-06,estimated_regional_daily_relative_pressure
2025-11-13,SHG,0.0,0.0,0.0,-4.04754308230649e-06,4.04754308230649e-06,estimated_regional_daily_relative_pressure
2025-11-14,SHG,0.0,0.0,0.0,-4.04754308230649e-06,4.04754308230649e-06,estimated_regional_daily_relative_pressure
2025-11-15,SHG,0.0,0.0,0.0,-4.04754308230649e-06,4.04754308230649e-06,estimated_regional_daily_relative_pressure
2025-11-16,SHG,0.0,0.0,0.0,-4.04754308230649e-06,4.04754308230649e-06,estimated_regional_daily_relative_pressure
2025-11-17,SHG,0.0,0.0,0.0,-4.04754308230649e-06,4.04754308230649e-06,estimated_regional_daily_relative_pressure
2025-11-18,SHG,0.0,0.0,0.0,-4.04754308230649e-06,4.04754308230649e-06,estimated_regional_daily_relative_pressure
2025-11-19,SHG,0.0,0.0,0.0,-4.04754308230649e-06,4.04754308230649e-06,estimated_regional_daily_relative_pressure
2025-11-20,SHG,0.0,0.0,0.0,-4.04754308230649e-06,4.04754308230649e-06,estimated_regional_daily_relative_pressure
2025-11-21,SHG,0.0,0.0,0.0,-4.04754308230649e-06,4.04754308230649e-06,estimated_regional_daily_relative_pressure
2025-11-22,SHG,0.0,0.0,0.0,-4.04754308230649e-06,4.04754308230649e-06,estimated_regional_daily_relative_pressure
2025-11-23,SHG,0.0,0.0,0.0,-4.04754308230649e-06,4.04754308230649e-06,estimated_regional_daily_relative_pressure
2025-11-24,SHG,0.0,0.0,0.0,-4.04754308230649e-06,4.04754308230649e-06,estimated_regional_daily_relative_pressure
2025-11-25,SHG,0.0,0.0,0.0,-4.04754308230649e-06,4.04754308230649e-06,estimated_regional_daily_relative_pressure
2025-11-26,SHG,0.0,0.0,0.0,-4.04754308230649e-06,4.04754308230649e-06,estimated_regional_daily_relative_pressure
2025-11-27,SHG,0.0,0.0,0.0,-4.04754308230649e-06,4.04754308230649e-06,estimated_regional_daily_relative_pressure
2025-11-28,SHG,0.0,0.0,0.0,-4.04754308230649e-06,4.04754308230649e-06,estimated_regional_daily_relative_pressure
2025-11-29,SHG,0.0,0.0,0.0,-4.04754308230649e-06,4.04754308230649e-06,estimated_regional_daily_relative_pressure
2025-11-30,SHG,0.0,0.0,0.0,-4.04754308230649e-06,4.04754308230649e-06,estimated_regional_daily_relative_pressure
2025-12-01,SHG,0.0,0.0,0.0,0.0,0.0,estimated_regional_daily_relative_pressure
2025-12-02,SHG,0.0,0.0,0.0,0.0,0.0,estimated_regional_daily_relative_pressure
2025-12-03,SHG,0.0,0.0,0.0,0.0,0.0,estimated_regional_daily_relative_pressure
2025-12-04,SHG,0.0,0.0,0.0,0.0,0.0,estimated_regional_daily_relative_pressure
2025-12-05,SHG,0.0,0.0,0.0,0.0,0.0,estimated_regional_daily_relative_pressure
2025-12-06,SHG,0.0,0.0,0.0,0.0,0.0,estimated_regional_daily_relative_pressure
2025-12-07,SHG,0.0,0.0,0.0,0.0,0.0,estimated_regional_daily_relative_pressure
2025-12-08,SHG,0.0,0.0,0.0,0.0,0.0,estimated_regional_daily_relative_pressure
2025-12-09,SHG,0.0,0.0,0.0,0.0,0.0,estimated_regional_daily_relative_pressure
2025-12-10,SHG,0.0,0.0,0.0,0.0,0.0,estimated_regional_daily_relative_pressure
2025-12-11,SHG,0.0,0.0,0.0,0.0,0.0,estimated_regional_daily_relative_pressure
2025-12-12,SHG,0.0,0.0,0.0,0.0,0.0,estimated_regional_daily_relative_pressure
2025-12-13,SHG,0.0,0.0,0.0,0.0,0.0,estimated_regional_daily_relative_pressure
2025-12-14,SHG,0.0,0.0,0.0,0.0,0.0,estimated_regional_daily_relative_pressure
2025-12-15,SHG,0.0,0.0,0.0,0.0,0.0,estimated_regional_daily_relative_pressure
2025-12-16,SHG,0.0,0.0,0.0,0.0,0.0,estimated_regional_daily_relative_pressure
2025-12-17,SHG,0.0,0.0,0.0,0.0,0.0,estimated_regional_daily_relative_pressure
2025-12-18,SHG,0.0,0.0,0.0,0.0,0.0,estimated_regional_daily_relative_pressure
2025-12-19,SHG,0.0,0.0,0.0,0.0,0.0,estimated_regional_daily_relative_pressure
2025-12-20,SHG,0.0,0.0,0.0,0.0,0.0,estimated_regional_daily_relative_pressure
2025-12-21,SHG,0.0,0.0,0.0,0.0,0.0,estimated_regional_daily_relative_pressure
2025-12-22,SHG,0.0,0.0,0.0,0.0,0.0,estimated_regional_daily_relative_pressure
2025-12-23,SHG,0.0,0.0,0.0,0.0,0.0,estimated_regional_daily_relative_pressure
2025-12-24,SHG,0.0,0.0,0.0,0.0,0.0,estimated_regional_daily_relative_pressure
2025-12-25,SHG,0.0,0.0,0.0,0.0,0.0,estimated_regional_daily_relative_pressure
2025-12-26,SHG,0.0,0.0,0.0,0.0,0.0,estimated_regional_daily_relative_pressure
2025-12-27,SHG,0.0,0.0,0.0,0.0,0.0,estimated_regional_daily_relative_pressure
2025-12-28,SHG,0.0,0.0,0.0,0.0,0.0,estimated_regional_daily_relative_pressure
2025-12-29,SHG,0.0,0.0,0.0,0.0,0.0,estimated_regional_daily_relative_pressure
2025-12-30,SHG,0.0,0.0,0.0,0.0,0.0,estimated_regional_daily_relative_pressure
2025-12-31,SHG,0.0,0.0,0.0,0.0,0.0,estimated_regional_daily_relative_pressure
