source_table,date,region_code,baseline_visitors,scenario_visitors,baseline_service_gap,baseline_shuttle_vehicles,reoptimized_shuttle_vehicles,baseline_staff_shifts,reoptimized_staff_shifts,reoptimized_temporary_spaces,reoptimized_relative_cost,reoptimized_experience_loss,parking_unserved_spaces,shuttle_shortfall,staff_shortfall,baseline_parking_unserved_spaces,baseline_shuttle_shortfall,baseline_staff_shortfall,recommended_shuttle_vehicles,recommended_total_staff_shifts,average_party_size,transfer_share,visitor_estimate_q50,scenario_status,reoptimized_traveler_time_loss_hours,reoptimized_traveler_time_loss_cny,vot_cost_status,baseline_traveler_time_loss_hours,baseline_traveler_time_loss_cny,scenario_name
q4_event_counterfactual_2026.csv,2026-01-01,BDH,5266.832022651931,5266.832022651931,0.0,3,3.0,15,15.0,0.0,2.2,0.0,0.0,0.0,0.0,0,0,0,3,15,2.8,0.1,5266.832022651931,counterfactual_planning_simulation,0.0,0.0,traveler_time_loss_scenario_estimate_not_operator_cash_ledger,0.0,0.0,beidaihe_summer_cultural_event
q4_event_counterfactual_2026.csv,2026-01-02,BDH,5266.832022651931,5266.832022651931,0.0,3,3.0,15,15.0,0.0,2.2,0.0,0.0,0.0,0.0,0,0,0,3,15,2.8,0.1,5266.832022651931,counterfactual_planning_simulation,0.0,0.0,traveler_time_loss_scenario_estimate_not_operator_cash_ledger,0.0,0.0,beidaihe_summer_cultural_event
q4_event_counterfactual_2026.csv,2026-01-03,BDH,22111.528411036463,22111.528411036463,0.0,6,6.0,51,51.0,0.0,2.2,0.0,0.0,0.0,0.0,0,0,0,6,51,2.8,0.1,22111.528411036463,counterfactual_planning_simulation,0.0,0.0,traveler_time_loss_scenario_estimate_not_operator_cash_ledger,0.0,0.0,beidaihe_summer_cultural_event
q4_event_counterfactual_2026.csv,2026-01-04,BDH,24961.3255348014,24961.3255348014,0.0,7,7.0,58,58.0,0.0,2.2,0.0,0.0,0.0,0.0,0,0,0,7,58,2.8,0.1,24961.3255348014,counterfactual_planning_simulation,0.0,0.0,traveler_time_loss_scenario_estimate_not_operator_cash_ledger,0.0,0.0,beidaihe_summer_cultural_event
q4_event_counterfactual_2026.csv,2026-01-05,BDH,7349.354980041411,7349.354980041411,0.0,3,3.0,19,19.0,0.0,2.2,0.0,0.0,0.0,0.0,0,0,0,3,19,2.8,0.1,7349.354980041411,counterfactual_planning_simulation,0.0,0.0,traveler_time_loss_scenario_estimate_not_operator_cash_ledger,0.0,0.0,beidaihe_summer_cultural_event
q4_event_counterfactual_2026.csv,2026-01-06,BDH,7297.929885914656,7297.929885914656,0.0,3,3.0,19,19.0,0.0,2.2,0.0,0.0,0.0,0.0,0,0,0,3,19,2.8,0.1,7297.929885914656,counterfactual_planning_simulation,0.0,0.0,traveler_time_loss_scenario_estimate_not_operator_cash_ledger,0.0,0.0,beidaihe_summer_cultural_event
q4_event_counterfactual_2026.csv,2026-01-07,BDH,5266.832022651931,5266.832022651931,0.0,3,3.0,15,15.0,0.0,2.2,0.0,0.0,0.0,0.0,0,0,0,3,15,2.8,0.1,5266.832022651931,counterfactual_planning_simulation,0.0,0.0,traveler_time_loss_scenario_estimate_not_operator_cash_ledger,0.0,0.0,beidaihe_summer_cultural_event
q4_event_counterfactual_2026.csv,2026-01-08,BDH,5266.832022651931,5266.832022651931,0.0,3,3.0,15,15.0,0.0,2.2,0.0,0.0,0.0,0.0,0,0,0,3,15,2.8,0.1,5266.832022651931,counterfactual_planning_simulation,0.0,0.0,traveler_time_loss_scenario_estimate_not_operator_cash_ledger,0.0,0.0,beidaihe_summer_cultural_event
q4_event_counterfactual_2026.csv,2026-01-09,BDH,5266.832022651931,5266.832022651931,0.0,3,3.0,15,15.0,0.0,2.2,0.0,0.0,0.0,0.0,0,0,0,3,15,2.8,0.1,5266.832022651931,counterfactual_planning_simulation,0.0,0.0,traveler_time_loss_scenario_estimate_not_operator_cash_ledger,0.0,0.0,beidaihe_summer_cultural_event
q4_event_counterfactual_2026.csv,2026-01-10,BDH,28142.11376928124,28142.11376928124,0.0,8,8.0,66,66.0,0.0,2.2,0.0,0.0,0.0,0.0,0,0,0,8,66,2.8,0.1,28142.11376928124,counterfactual_planning_simulation,0.0,0.0,traveler_time_loss_scenario_estimate_not_operator_cash_ledger,0.0,0.0,beidaihe_summer_cultural_event
q4_event_counterfactual_2026.csv,2026-01-11,BDH,22986.66855294484,22986.66855294484,0.0,6,6.0,54,54.0,0.0,2.2,0.0,0.0,0.0,0.0,0,0,0,6,54,2.8,0.1,22986.66855294484,counterfactual_planning_simulation,0.0,0.0,traveler_time_loss_scenario_estimate_not_operator_cash_ledger,0.0,0.0,beidaihe_summer_cultural_event
q4_event_counterfactual_2026.csv,2026-01-12,BDH,5266.832022651931,5266.832022651931,0.0,3,3.0,15,15.0,0.0,2.2,0.0,0.0,0.0,0.0,0,0,0,3,15,2.8,0.1,5266.832022651931,counterfactual_planning_simulation,0.0,0.0,traveler_time_loss_scenario_estimate_not_operator_cash_ledger,0.0,0.0,beidaihe_summer_cultural_event
q4_event_counterfactual_2026.csv,2026-01-13,BDH,5995.5888002946185,5995.5888002946185,0.0,3,3.0,16,16.0,0.0,2.2,0.0,0.0,0.0,0.0,0,0,0,3,16,2.8,0.1,5995.5888002946185,counterfactual_planning_simulation,0.0,0.0,traveler_time_loss_scenario_estimate_not_operator_cash_ledger,0.0,0.0,beidaihe_summer_cultural_event
q4_event_counterfactual_2026.csv,2026-01-14,BDH,5607.220478191916,5607.220478191916,0.0,3,3.0,15,15.0,0.0,2.2,0.0,0.0,0.0,0.0,0,0,0,3,15,2.8,0.1,5607.220478191916,counterfactual_planning_simulation,0.0,0.0,traveler_time_loss_scenario_estimate_not_operator_cash_ledger,0.0,0.0,beidaihe_summer_cultural_event
q4_event_counterfactual_2026.csv,2026-01-15,BDH,5266.832022651931,5266.832022651931,0.0,3,3.0,15,15.0,0.0,2.2,0.0,0.0,0.0,0.0,0,0,0,3,15,2.8,0.1,5266.832022651931,counterfactual_planning_simulation,0.0,0.0,traveler_time_loss_scenario_estimate_not_operator_cash_ledger,0.0,0.0,beidaihe_summer_cultural_event
q4_event_counterfactual_2026.csv,2026-01-16,BDH,5266.832022651931,5266.832022651931,0.0,3,3.0,15,15.0,0.0,2.2,0.0,0.0,0.0,0.0,0,0,0,3,15,2.8,0.1,5266.832022651931,counterfactual_planning_simulation,0.0,0.0,traveler_time_loss_scenario_estimate_not_operator_cash_ledger,0.0,0.0,beidaihe_summer_cultural_event
q4_event_counterfactual_2026.csv,2026-01-17,BDH,22718.939242423698,22718.939242423698,0.0,6,6.0,52,52.0,0.0,2.2,0.0,0.0,0.0,0.0,0,0,0,6,52,2.8,0.1,22718.939242423698,counterfactual_planning_simulation,0.0,0.0,traveler_time_loss_scenario_estimate_not_operator_cash_ledger,0.0,0.0,beidaihe_summer_cultural_event
q4_event_counterfactual_2026.csv,2026-01-18,BDH,21341.113631983942,21341.113631983942,0.0,6,6.0,50,50.0,0.0,2.2,0.0,0.0,0.0,0.0,0,0,0,6,50,2.8,0.1,21341.113631983942,counterfactual_planning_simulation,0.0,0.0,traveler_time_loss_scenario_estimate_not_operator_cash_ledger,0.0,0.0,beidaihe_summer_cultural_event
q4_event_counterfactual_2026.csv,2026-01-19,BDH,5266.832022651931,5266.832022651931,0.0,3,3.0,15,15.0,0.0,2.2,0.0,0.0,0.0,0.0,0,0,0,3,15,2.8,0.1,5266.832022651931,counterfactual_planning_simulation,0.0,0.0,traveler_time_loss_scenario_estimate_not_operator_cash_ledger,0.0,0.0,beidaihe_summer_cultural_event
q4_event_counterfactual_2026.csv,2026-01-20,BDH,5933.903685054562,5933.903685054562,0.0,3,3.0,16,16.0,0.0,2.2,0.0,0.0,0.0,0.0,0,0,0,3,16,2.8,0.1,5933.903685054562,counterfactual_planning_simulation,0.0,0.0,traveler_time_loss_scenario_estimate_not_operator_cash_ledger,0.0,0.0,beidaihe_summer_cultural_event
q4_event_counterfactual_2026.csv,2026-01-21,BDH,5266.832022651931,5266.832022651931,0.0,3,3.0,15,15.0,0.0,2.2,0.0,0.0,0.0,0.0,0,0,0,3,15,2.8,0.1,5266.832022651931,counterfactual_planning_simulation,0.0,0.0,traveler_time_loss_scenario_estimate_not_operator_cash_ledger,0.0,0.0,beidaihe_summer_cultural_event
q4_event_counterfactual_2026.csv,2026-01-22,BDH,5266.832022651931,5266.832022651931,0.0,3,3.0,15,15.0,0.0,2.2,0.0,0.0,0.0,0.0,0,0,0,3,15,2.8,0.1,5266.832022651931,counterfactual_planning_simulation,0.0,0.0,traveler_time_loss_scenario_estimate_not_operator_cash_ledger,0.0,0.0,beidaihe_summer_cultural_event
q4_event_counterfactual_2026.csv,2026-01-23,BDH,5266.832022651931,5266.832022651931,0.0,3,3.0,15,15.0,0.0,2.2,0.0,0.0,0.0,0.0,0,0,0,3,15,2.8,0.1,5266.832022651931,counterfactual_planning_simulation,0.0,0.0,traveler_time_loss_scenario_estimate_not_operator_cash_ledger,0.0,0.0,beidaihe_summer_cultural_event
q4_event_counterfactual_2026.csv,2026-01-24,BDH,24034.51222600052,24034.51222600052,0.0,7,7.0,56,56.0,0.0,2.2,0.0,0.0,0.0,0.0,0,0,0,7,56,2.8,0.1,24034.51222600052,counterfactual_planning_simulation,0.0,0.0,traveler_time_loss_scenario_estimate_not_operator_cash_ledger,0.0,0.0,beidaihe_summer_cultural_event
q4_event_counterfactual_2026.csv,2026-01-25,BDH,21179.158640385376,21179.158640385376,0.0,6,6.0,50,50.0,0.0,2.2,0.0,0.0,0.0,0.0,0,0,0,6,50,2.8,0.1,21179.158640385376,counterfactual_planning_simulation,0.0,0.0,traveler_time_loss_scenario_estimate_not_operator_cash_ledger,0.0,0.0,beidaihe_summer_cultural_event
q4_event_counterfactual_2026.csv,2026-01-26,BDH,5266.832022651931,5266.832022651931,0.0,3,3.0,15,15.0,0.0,2.2,0.0,0.0,0.0,0.0,0,0,0,3,15,2.8,0.1,5266.832022651931,counterfactual_planning_simulation,0.0,0.0,traveler_time_loss_scenario_estimate_not_operator_cash_ledger,0.0,0.0,beidaihe_summer_cultural_event
q4_event_counterfactual_2026.csv,2026-01-27,BDH,5266.832022651931,5266.832022651931,0.0,3,3.0,15,15.0,0.0,2.2,0.0,0.0,0.0,0.0,0,0,0,3,15,2.8,0.1,5266.832022651931,counterfactual_planning_simulation,0.0,0.0,traveler_time_loss_scenario_estimate_not_operator_cash_ledger,0.0,0.0,beidaihe_summer_cultural_event
q4_event_counterfactual_2026.csv,2026-01-28,BDH,5266.832022651931,5266.832022651931,0.0,3,3.0,15,15.0,0.0,2.2,0.0,0.0,0.0,0.0,0,0,0,3,15,2.8,0.1,5266.832022651931,counterfactual_planning_simulation,0.0,0.0,traveler_time_loss_scenario_estimate_not_operator_cash_ledger,0.0,0.0,beidaihe_summer_cultural_event
q4_event_counterfactual_2026.csv,2026-01-29,BDH,5266.832022651931,5266.832022651931,0.0,3,3.0,15,15.0,0.0,2.2,0.0,0.0,0.0,0.0,0,0,0,3,15,2.8,0.1,5266.832022651931,counterfactual_planning_simulation,0.0,0.0,traveler_time_loss_scenario_estimate_not_operator_cash_ledger,0.0,0.0,beidaihe_summer_cultural_event
q4_event_counterfactual_2026.csv,2026-01-30,BDH,5266.832022651931,5266.832022651931,0.0,3,3.0,15,15.0,0.0,2.2,0.0,0.0,0.0,0.0,0,0,0,3,15,2.8,0.1,5266.832022651931,counterfactual_planning_simulation,0.0,0.0,traveler_time_loss_scenario_estimate_not_operator_cash_ledger,0.0,0.0,beidaihe_summer_cultural_event
q4_event_counterfactual_2026.csv,2026-01-31,BDH,21659.04726827689,21659.04726827689,0.0,6,6.0,51,51.0,0.0,2.2,0.0,0.0,0.0,0.0,0,0,0,6,51,2.8,0.1,21659.04726827689,counterfactual_planning_simulation,0.0,0.0,traveler_time_loss_scenario_estimate_not_operator_cash_ledger,0.0,0.0,beidaihe_summer_cultural_event
q4_event_counterfactual_2026.csv,2026-02-01,BDH,20895.200527901725,20895.200527901725,0.0,6,6.0,49,49.0,0.0,2.2,0.0,0.0,0.0,0.0,0,0,0,6,49,2.8,0.1,20895.200527901725,counterfactual_planning_simulation,0.0,0.0,traveler_time_loss_scenario_estimate_not_operator_cash_ledger,0.0,0.0,beidaihe_summer_cultural_event
q4_event_counterfactual_2026.csv,2026-02-02,BDH,5266.832022651931,5266.832022651931,0.0,3,3.0,15,15.0,0.0,2.2,0.0,0.0,0.0,0.0,0,0,0,3,15,2.8,0.1,5266.832022651931,counterfactual_planning_simulation,0.0,0.0,traveler_time_loss_scenario_estimate_not_operator_cash_ledger,0.0,0.0,beidaihe_summer_cultural_event
q4_event_counterfactual_2026.csv,2026-02-03,BDH,5266.832022651931,5266.832022651931,0.0,3,3.0,15,15.0,0.0,2.2,0.0,0.0,0.0,0.0,0,0,0,3,15,2.8,0.1,5266.832022651931,counterfactual_planning_simulation,0.0,0.0,traveler_time_loss_scenario_estimate_not_operator_cash_ledger,0.0,0.0,beidaihe_summer_cultural_event
q4_event_counterfactual_2026.csv,2026-02-04,BDH,5266.832022651931,5266.832022651931,0.0,3,3.0,15,15.0,0.0,2.2,0.0,0.0,0.0,0.0,0,0,0,3,15,2.8,0.1,5266.832022651931,counterfactual_planning_simulation,0.0,0.0,traveler_time_loss_scenario_estimate_not_operator_cash_ledger,0.0,0.0,beidaihe_summer_cultural_event
q4_event_counterfactual_2026.csv,2026-02-05,BDH,5266.832022651931,5266.832022651931,0.0,3,3.0,15,15.0,0.0,2.2,0.0,0.0,0.0,0.0,0,0,0,3,15,2.8,0.1,5266.832022651931,counterfactual_planning_simulation,0.0,0.0,traveler_time_loss_scenario_estimate_not_operator_cash_ledger,0.0,0.0,beidaihe_summer_cultural_event
q4_event_counterfactual_2026.csv,2026-02-06,BDH,5266.832022651931,5266.832022651931,0.0,3,3.0,15,15.0,0.0,2.2,0.0,0.0,0.0,0.0,0,0,0,3,15,2.8,0.1,5266.832022651931,counterfactual_planning_simulation,0.0,0.0,traveler_time_loss_scenario_estimate_not_operator_cash_ledger,0.0,0.0,beidaihe_summer_cultural_event
q4_event_counterfactual_2026.csv,2026-02-07,BDH,26386.99251937149,26386.99251937149,0.0,7,7.0,61,61.0,0.0,2.2,0.0,0.0,0.0,0.0,0,0,0,7,61,2.8,0.1,26386.99251937149,counterfactual_planning_simulation,0.0,0.0,traveler_time_loss_scenario_estimate_not_operator_cash_ledger,0.0,0.0,beidaihe_summer_cultural_event
q4_event_counterfactual_2026.csv,2026-02-08,BDH,20741.33202648013,20741.33202648013,0.0,6,6.0,48,48.0,0.0,2.2,0.0,0.0,0.0,0.0,0,0,0,6,48,2.8,0.1,20741.33202648013,counterfactual_planning_simulation,0.0,0.0,traveler_time_loss_scenario_estimate_not_operator_cash_ledger,0.0,0.0,beidaihe_summer_cultural_event
q4_event_counterfactual_2026.csv,2026-02-09,BDH,5266.832022651931,5266.832022651931,0.0,3,3.0,15,15.0,0.0,2.2,0.0,0.0,0.0,0.0,0,0,0,3,15,2.8,0.1,5266.832022651931,counterfactual_planning_simulation,0.0,0.0,traveler_time_loss_scenario_estimate_not_operator_cash_ledger,0.0,0.0,beidaihe_summer_cultural_event
q4_event_counterfactual_2026.csv,2026-02-10,BDH,5266.832022651931,5266.832022651931,0.0,3,3.0,15,15.0,0.0,2.2,0.0,0.0,0.0,0.0,0,0,0,3,15,2.8,0.1,5266.832022651931,counterfactual_planning_simulation,0.0,0.0,traveler_time_loss_scenario_estimate_not_operator_cash_ledger,0.0,0.0,beidaihe_summer_cultural_event
q4_event_counterfactual_2026.csv,2026-02-11,BDH,6155.626228992769,6155.626228992769,0.0,3,3.0,16,16.0,0.0,2.2,0.0,0.0,0.0,0.0,0,0,0,3,16,2.8,0.1,6155.626228992769,counterfactual_planning_simulation,0.0,0.0,traveler_time_loss_scenario_estimate_not_operator_cash_ledger,0.0,0.0,beidaihe_summer_cultural_event
q4_event_counterfactual_2026.csv,2026-02-12,BDH,7395.658699150503,7395.658699150503,0.0,3,3.0,19,19.0,0.0,2.2,0.0,0.0,0.0,0.0,0,0,0,3,19,2.8,0.1,7395.658699150503,counterfactual_planning_simulation,0.0,0.0,traveler_time_loss_scenario_estimate_not_operator_cash_ledger,0.0,0.0,beidaihe_summer_cultural_event
q4_event_counterfactual_2026.csv,2026-02-13,BDH,5266.832022651931,5266.832022651931,0.0,3,3.0,15,15.0,0.0,2.2,0.0,0.0,0.0,0.0,0,0,0,3,15,2.8,0.1,5266.832022651931,counterfactual_planning_simulation,0.0,0.0,traveler_time_loss_scenario_estimate_not_operator_cash_ledger,0.0,0.0,beidaihe_summer_cultural_event
q4_event_counterfactual_2026.csv,2026-02-14,BDH,27007.20765425937,27007.20765425937,0.0,8,8.0,63,63.0,0.0,2.2,0.0,0.0,0.0,0.0,0,0,0,8,63,2.8,0.1,27007.20765425937,counterfactual_planning_simulation,0.0,0.0,traveler_time_loss_scenario_estimate_not_operator_cash_ledger,0.0,0.0,beidaihe_summer_cultural_event
q4_event_counterfactual_2026.csv,2026-02-15,BDH,24028.87879534883,24028.87879534883,0.0,7,7.0,56,56.0,0.0,2.2,0.0,0.0,0.0,0.0,0,0,0,7,56,2.8,0.1,24028.87879534883,counterfactual_planning_simulation,0.0,0.0,traveler_time_loss_scenario_estimate_not_operator_cash_ledger,0.0,0.0,beidaihe_summer_cultural_event
q4_event_counterfactual_2026.csv,2026-02-16,BDH,6599.549381697345,6599.549381697345,0.0,3,3.0,18,18.0,0.0,2.2,0.0,0.0,0.0,0.0,0,0,0,3,18,2.8,0.1,6599.549381697345,counterfactual_planning_simulation,0.0,0.0,traveler_time_loss_scenario_estimate_not_operator_cash_ledger,0.0,0.0,beidaihe_summer_cultural_event
q4_event_counterfactual_2026.csv,2026-02-17,BDH,6993.195036928418,6993.195036928418,0.0,3,3.0,18,18.0,0.0,2.2,0.0,0.0,0.0,0.0,0,0,0,3,18,2.8,0.1,6993.195036928418,counterfactual_planning_simulation,0.0,0.0,traveler_time_loss_scenario_estimate_not_operator_cash_ledger,0.0,0.0,beidaihe_summer_cultural_event
q4_event_counterfactual_2026.csv,2026-02-18,BDH,6060.456156361899,6060.456156361899,0.0,3,3.0,16,16.0,0.0,2.2,0.0,0.0,0.0,0.0,0,0,0,3,16,2.8,0.1,6060.456156361899,counterfactual_planning_simulation,0.0,0.0,traveler_time_loss_scenario_estimate_not_operator_cash_ledger,0.0,0.0,beidaihe_summer_cultural_event
q4_event_counterfactual_2026.csv,2026-02-19,BDH,8614.757180969847,8614.757180969847,0.0,3,3.0,22,22.0,0.0,2.2,0.0,0.0,0.0,0.0,0,0,0,3,22,2.8,0.1,8614.757180969847,counterfactual_planning_simulation,0.0,0.0,traveler_time_loss_scenario_estimate_not_operator_cash_ledger,0.0,0.0,beidaihe_summer_cultural_event
q4_event_counterfactual_2026.csv,2026-02-20,BDH,6650.543715283208,6650.543715283208,0.0,3,3.0,18,18.0,0.0,2.2,0.0,0.0,0.0,0.0,0,0,0,3,18,2.8,0.1,6650.543715283208,counterfactual_planning_simulation,0.0,0.0,traveler_time_loss_scenario_estimate_not_operator_cash_ledger,0.0,0.0,beidaihe_summer_cultural_event
q4_event_counterfactual_2026.csv,2026-02-21,BDH,28714.81122654203,28714.81122654203,0.0,8,8.0,67,67.0,0.0,2.2,0.0,0.0,0.0,0.0,0,0,0,8,67,2.8,0.1,28714.81122654203,counterfactual_planning_simulation,0.0,0.0,traveler_time_loss_scenario_estimate_not_operator_cash_ledger,0.0,0.0,beidaihe_summer_cultural_event
q4_event_counterfactual_2026.csv,2026-02-22,BDH,26726.89498258324,26726.89498258324,0.0,7,7.0,62,62.0,0.0,2.2,0.0,0.0,0.0,0.0,0,0,0,7,62,2.8,0.1,26726.89498258324,counterfactual_planning_simulation,0.0,0.0,traveler_time_loss_scenario_estimate_not_operator_cash_ledger,0.0,0.0,beidaihe_summer_cultural_event
q4_event_counterfactual_2026.csv,2026-02-23,BDH,9433.716848050395,9433.716848050395,0.0,3,3.0,23,23.0,0.0,2.2,0.0,0.0,0.0,0.0,0,0,0,3,23,2.8,0.1,9433.716848050395,counterfactual_planning_simulation,0.0,0.0,traveler_time_loss_scenario_estimate_not_operator_cash_ledger,0.0,0.0,beidaihe_summer_cultural_event
q4_event_counterfactual_2026.csv,2026-02-24,BDH,11192.370387880776,11192.370387880776,0.0,3,3.0,26,26.0,0.0,2.2,0.0,0.0,0.0,0.0,0,0,0,3,26,2.8,0.1,11192.370387880776,counterfactual_planning_simulation,0.0,0.0,traveler_time_loss_scenario_estimate_not_operator_cash_ledger,0.0,0.0,beidaihe_summer_cultural_event
q4_event_counterfactual_2026.csv,2026-02-25,BDH,8114.322901049454,8114.322901049454,0.0,3,3.0,20,20.0,0.0,2.2,0.0,0.0,0.0,0.0,0,0,0,3,20,2.8,0.1,8114.322901049454,counterfactual_planning_simulation,0.0,0.0,traveler_time_loss_scenario_estimate_not_operator_cash_ledger,0.0,0.0,beidaihe_summer_cultural_event
q4_event_counterfactual_2026.csv,2026-02-26,BDH,6761.799335274091,6761.799335274091,0.0,3,3.0,18,18.0,0.0,2.2,0.0,0.0,0.0,0.0,0,0,0,3,18,2.8,0.1,6761.799335274091,counterfactual_planning_simulation,0.0,0.0,traveler_time_loss_scenario_estimate_not_operator_cash_ledger,0.0,0.0,beidaihe_summer_cultural_event
q4_event_counterfactual_2026.csv,2026-02-27,BDH,10003.960643119575,10003.960643119575,0.0,3,3.0,24,24.0,0.0,2.2,0.0,0.0,0.0,0.0,0,0,0,3,24,2.8,0.1,10003.960643119575,counterfactual_planning_simulation,0.0,0.0,traveler_time_loss_scenario_estimate_not_operator_cash_ledger,0.0,0.0,beidaihe_summer_cultural_event
q4_event_counterfactual_2026.csv,2026-02-28,BDH,28658.96559515365,28658.96559515365,0.0,8,8.0,66,66.0,0.0,2.2,0.0,0.0,0.0,0.0,0,0,0,8,66,2.8,0.1,28658.96559515365,counterfactual_planning_simulation,0.0,0.0,traveler_time_loss_scenario_estimate_not_operator_cash_ledger,0.0,0.0,beidaihe_summer_cultural_event
q4_event_counterfactual_2026.csv,2026-03-01,BDH,25049.33753021843,25049.33753021843,0.0,7,7.0,58,58.0,0.0,2.2,0.0,0.0,0.0,0.0,0,0,0,7,58,2.8,0.1,25049.33753021843,counterfactual_planning_simulation,0.0,0.0,traveler_time_loss_scenario_estimate_not_operator_cash_ledger,0.0,0.0,beidaihe_summer_cultural_event
q4_event_counterfactual_2026.csv,2026-03-02,BDH,7601.547562436501,7601.547562436501,0.0,3,3.0,19,19.0,0.0,2.2,0.0,0.0,0.0,0.0,0,0,0,3,19,2.8,0.1,7601.547562436501,counterfactual_planning_simulation,0.0,0.0,traveler_time_loss_scenario_estimate_not_operator_cash_ledger,0.0,0.0,beidaihe_summer_cultural_event
q4_event_counterfactual_2026.csv,2026-03-03,BDH,8438.5421277053,8438.5421277053,0.0,3,3.0,21,21.0,0.0,2.2,0.0,0.0,0.0,0.0,0,0,0,3,21,2.8,0.1,8438.5421277053,counterfactual_planning_simulation,0.0,0.0,traveler_time_loss_scenario_estimate_not_operator_cash_ledger,0.0,0.0,beidaihe_summer_cultural_event
q4_event_counterfactual_2026.csv,2026-03-04,BDH,5773.418675644925,5773.418675644925,0.0,3,3.0,16,16.0,0.0,2.2,0.0,0.0,0.0,0.0,0,0,0,3,16,2.8,0.1,5773.418675644925,counterfactual_planning_simulation,0.0,0.0,traveler_time_loss_scenario_estimate_not_operator_cash_ledger,0.0,0.0,beidaihe_summer_cultural_event
q4_event_counterfactual_2026.csv,2026-03-05,BDH,5266.832022651931,5266.832022651931,0.0,3,3.0,15,15.0,0.0,2.2,0.0,0.0,0.0,0.0,0,0,0,3,15,2.8,0.1,5266.832022651931,counterfactual_planning_simulation,0.0,0.0,traveler_time_loss_scenario_estimate_not_operator_cash_ledger,0.0,0.0,beidaihe_summer_cultural_event
q4_event_counterfactual_2026.csv,2026-03-06,BDH,5923.823185814118,5923.823185814118,0.0,3,3.0,16,16.0,0.0,2.2,0.0,0.0,0.0,0.0,0,0,0,3,16,2.8,0.1,5923.823185814118,counterfactual_planning_simulation,0.0,0.0,traveler_time_loss_scenario_estimate_not_operator_cash_ledger,0.0,0.0,beidaihe_summer_cultural_event
q4_event_counterfactual_2026.csv,2026-03-07,BDH,24476.97139471209,24476.97139471209,0.0,7,7.0,58,58.0,0.0,2.2,0.0,0.0,0.0,0.0,0,0,0,7,58,2.8,0.1,24476.97139471209,counterfactual_planning_simulation,0.0,0.0,traveler_time_loss_scenario_estimate_not_operator_cash_ledger,0.0,0.0,beidaihe_summer_cultural_event
q4_event_counterfactual_2026.csv,2026-03-08,BDH,24333.89557285596,24333.89557285596,0.0,7,7.0,56,56.0,0.0,2.2,0.0,0.0,0.0,0.0,0,0,0,7,56,2.8,0.1,24333.89557285596,counterfactual_planning_simulation,0.0,0.0,traveler_time_loss_scenario_estimate_not_operator_cash_ledger,0.0,0.0,beidaihe_summer_cultural_event
q4_event_counterfactual_2026.csv,2026-03-09,BDH,5266.832022651931,5266.832022651931,0.0,3,3.0,15,15.0,0.0,2.2,0.0,0.0,0.0,0.0,0,0,0,3,15,2.8,0.1,5266.832022651931,counterfactual_planning_simulation,0.0,0.0,traveler_time_loss_scenario_estimate_not_operator_cash_ledger,0.0,0.0,beidaihe_summer_cultural_event
q4_event_counterfactual_2026.csv,2026-03-10,BDH,7228.18278890684,7228.18278890684,0.0,3,3.0,19,19.0,0.0,2.2,0.0,0.0,0.0,0.0,0,0,0,3,19,2.8,0.1,7228.18278890684,counterfactual_planning_simulation,0.0,0.0,traveler_time_loss_scenario_estimate_not_operator_cash_ledger,0.0,0.0,beidaihe_summer_cultural_event
q4_event_counterfactual_2026.csv,2026-03-11,BDH,5266.832022651931,5266.832022651931,0.0,3,3.0,15,15.0,0.0,2.2,0.0,0.0,0.0,0.0,0,0,0,3,15,2.8,0.1,5266.832022651931,counterfactual_planning_simulation,0.0,0.0,traveler_time_loss_scenario_estimate_not_operator_cash_ledger,0.0,0.0,beidaihe_summer_cultural_event
q4_event_counterfactual_2026.csv,2026-03-12,BDH,5574.036836897578,5574.036836897578,0.0,3,3.0,15,15.0,0.0,2.2,0.0,0.0,0.0,0.0,0,0,0,3,15,2.8,0.1,5574.036836897578,counterfactual_planning_simulation,0.0,0.0,traveler_time_loss_scenario_estimate_not_operator_cash_ledger,0.0,0.0,beidaihe_summer_cultural_event
q4_event_counterfactual_2026.csv,2026-03-13,BDH,6082.967148968472,6082.967148968472,0.0,3,3.0,16,16.0,0.0,2.2,0.0,0.0,0.0,0.0,0,0,0,3,16,2.8,0.1,6082.967148968472,counterfactual_planning_simulation,0.0,0.0,traveler_time_loss_scenario_estimate_not_operator_cash_ledger,0.0,0.0,beidaihe_summer_cultural_event
q4_event_counterfactual_2026.csv,2026-03-14,BDH,27860.449820288824,27860.449820288824,0.0,8,8.0,65,65.0,0.0,2.2,0.0,0.0,0.0,0.0,0,0,0,8,65,2.8,0.1,27860.449820288824,counterfactual_planning_simulation,0.0,0.0,traveler_time_loss_scenario_estimate_not_operator_cash_ledger,0.0,0.0,beidaihe_summer_cultural_event
q4_event_counterfactual_2026.csv,2026-03-15,BDH,26106.48634297634,26106.48634297634,0.0,7,7.0,61,61.0,0.0,2.2,0.0,0.0,0.0,0.0,0,0,0,7,61,2.8,0.1,26106.48634297634,counterfactual_planning_simulation,0.0,0.0,traveler_time_loss_scenario_estimate_not_operator_cash_ledger,0.0,0.0,beidaihe_summer_cultural_event
q4_event_counterfactual_2026.csv,2026-03-16,BDH,6611.932289046858,6611.932289046858,0.0,3,3.0,18,18.0,0.0,2.2,0.0,0.0,0.0,0.0,0,0,0,3,18,2.8,0.1,6611.932289046858,counterfactual_planning_simulation,0.0,0.0,traveler_time_loss_scenario_estimate_not_operator_cash_ledger,0.0,0.0,beidaihe_summer_cultural_event
q4_event_counterfactual_2026.csv,2026-03-17,BDH,8103.348445967542,8103.348445967542,0.0,3,3.0,20,20.0,0.0,2.2,0.0,0.0,0.0,0.0,0,0,0,3,20,2.8,0.1,8103.348445967542,counterfactual_planning_simulation,0.0,0.0,traveler_time_loss_scenario_estimate_not_operator_cash_ledger,0.0,0.0,beidaihe_summer_cultural_event
q4_event_counterfactual_2026.csv,2026-03-18,BDH,7012.778661058302,7012.778661058302,0.0,3,3.0,18,18.0,0.0,2.2,0.0,0.0,0.0,0.0,0,0,0,3,18,2.8,0.1,7012.778661058302,counterfactual_planning_simulation,0.0,0.0,traveler_time_loss_scenario_estimate_not_operator_cash_ledger,0.0,0.0,beidaihe_summer_cultural_event
q4_event_counterfactual_2026.csv,2026-03-19,BDH,6248.071377601678,6248.071377601678,0.0,3,3.0,16,16.0,0.0,2.2,0.0,0.0,0.0,0.0,0,0,0,3,16,2.8,0.1,6248.071377601678,counterfactual_planning_simulation,0.0,0.0,traveler_time_loss_scenario_estimate_not_operator_cash_ledger,0.0,0.0,beidaihe_summer_cultural_event
q4_event_counterfactual_2026.csv,2026-03-20,BDH,8267.932603915993,8267.932603915993,0.0,3,3.0,21,21.0,0.0,2.2,0.0,0.0,0.0,0.0,0,0,0,3,21,2.8,0.1,8267.932603915993,counterfactual_planning_simulation,0.0,0.0,traveler_time_loss_scenario_estimate_not_operator_cash_ledger,0.0,0.0,beidaihe_summer_cultural_event
q4_event_counterfactual_2026.csv,2026-03-21,BDH,27315.2432257377,27315.2432257377,0.0,8,8.0,64,64.0,0.0,2.2,0.0,0.0,0.0,0.0,0,0,0,8,64,2.8,0.1,27315.2432257377,counterfactual_planning_simulation,0.0,0.0,traveler_time_loss_scenario_estimate_not_operator_cash_ledger,0.0,0.0,beidaihe_summer_cultural_event
q4_event_counterfactual_2026.csv,2026-03-22,BDH,26590.805411987403,26590.805411987403,0.0,7,7.0,62,62.0,0.0,2.2,0.0,0.0,0.0,0.0,0,0,0,7,62,2.8,0.1,26590.805411987403,counterfactual_planning_simulation,0.0,0.0,traveler_time_loss_scenario_estimate_not_operator_cash_ledger,0.0,0.0,beidaihe_summer_cultural_event
q4_event_counterfactual_2026.csv,2026-03-23,BDH,8184.1200528920735,8184.1200528920735,0.0,3,3.0,21,21.0,0.0,2.2,0.0,0.0,0.0,0.0,0,0,0,3,21,2.8,0.1,8184.1200528920735,counterfactual_planning_simulation,0.0,0.0,traveler_time_loss_scenario_estimate_not_operator_cash_ledger,0.0,0.0,beidaihe_summer_cultural_event
q4_event_counterfactual_2026.csv,2026-03-24,BDH,9001.587805609308,9001.587805609308,0.0,3,3.0,22,22.0,0.0,2.2,0.0,0.0,0.0,0.0,0,0,0,3,22,2.8,0.1,9001.587805609308,counterfactual_planning_simulation,0.0,0.0,traveler_time_loss_scenario_estimate_not_operator_cash_ledger,0.0,0.0,beidaihe_summer_cultural_event
q4_event_counterfactual_2026.csv,2026-03-25,BDH,10252.279308800897,10252.279308800897,0.0,3,3.0,25,25.0,0.0,2.2,0.0,0.0,0.0,0.0,0,0,0,3,25,2.8,0.1,10252.279308800897,counterfactual_planning_simulation,0.0,0.0,traveler_time_loss_scenario_estimate_not_operator_cash_ledger,0.0,0.0,beidaihe_summer_cultural_event
q4_event_counterfactual_2026.csv,2026-03-26,BDH,11923.64388640551,11923.64388640551,0.0,4,4.0,29,29.0,0.0,2.2,0.0,0.0,0.0,0.0,0,0,0,4,29,2.8,0.1,11923.64388640551,counterfactual_planning_simulation,0.0,0.0,traveler_time_loss_scenario_estimate_not_operator_cash_ledger,0.0,0.0,beidaihe_summer_cultural_event
q4_event_counterfactual_2026.csv,2026-03-27,BDH,13594.795363920082,13594.795363920082,0.0,4,4.0,32,32.0,0.0,2.2,0.0,0.0,0.0,0.0,0,0,0,4,32,2.8,0.1,13594.795363920082,counterfactual_planning_simulation,0.0,0.0,traveler_time_loss_scenario_estimate_not_operator_cash_ledger,0.0,0.0,beidaihe_summer_cultural_event
q4_event_counterfactual_2026.csv,2026-03-28,BDH,33012.400007478056,33012.400007478056,0.0,9,9.0,77,77.0,0.0,2.2,0.0,0.0,0.0,0.0,0,0,0,9,77,2.8,0.1,33012.400007478056,counterfactual_planning_simulation,0.0,0.0,traveler_time_loss_scenario_estimate_not_operator_cash_ledger,0.0,0.0,beidaihe_summer_cultural_event
q4_event_counterfactual_2026.csv,2026-03-29,BDH,31382.714378444583,31382.714378444583,0.0,9,9.0,73,73.0,0.0,2.2,0.0,0.0,0.0,0.0,0,0,0,9,73,2.8,0.1,31382.714378444583,counterfactual_planning_simulation,0.0,0.0,traveler_time_loss_scenario_estimate_not_operator_cash_ledger,0.0,0.0,beidaihe_summer_cultural_event
q4_event_counterfactual_2026.csv,2026-03-30,BDH,11819.281374645074,11819.281374645074,0.0,4,4.0,29,29.0,0.0,2.2,0.0,0.0,0.0,0.0,0,0,0,4,29,2.8,0.1,11819.281374645074,counterfactual_planning_simulation,0.0,0.0,traveler_time_loss_scenario_estimate_not_operator_cash_ledger,0.0,0.0,beidaihe_summer_cultural_event
q4_event_counterfactual_2026.csv,2026-03-31,BDH,13096.291903335092,13096.291903335092,0.0,4,4.0,32,32.0,0.0,2.2,0.0,0.0,0.0,0.0,0,0,0,4,32,2.8,0.1,13096.291903335092,counterfactual_planning_simulation,0.0,0.0,traveler_time_loss_scenario_estimate_not_operator_cash_ledger,0.0,0.0,beidaihe_summer_cultural_event
q4_event_counterfactual_2026.csv,2026-04-01,BDH,11989.254978825324,11989.254978825324,0.0,4,4.0,29,29.0,0.0,2.2,0.0,0.0,0.0,0.0,0,0,0,4,29,2.8,0.1,11989.254978825324,counterfactual_planning_simulation,0.0,0.0,traveler_time_loss_scenario_estimate_not_operator_cash_ledger,0.0,0.0,beidaihe_summer_cultural_event
q4_event_counterfactual_2026.csv,2026-04-02,BDH,14882.057283182954,14882.057283182954,0.0,4,4.0,35,35.0,0.0,2.2,0.0,0.0,0.0,0.0,0,0,0,4,35,2.8,0.1,14882.057283182954,counterfactual_planning_simulation,0.0,0.0,traveler_time_loss_scenario_estimate_not_operator_cash_ledger,0.0,0.0,beidaihe_summer_cultural_event
q4_event_counterfactual_2026.csv,2026-04-03,BDH,18012.334529358413,18012.334529358413,0.0,5,5.0,43,43.0,0.0,2.2,0.0,0.0,0.0,0.0,0,0,0,5,43,2.8,0.1,18012.334529358413,counterfactual_planning_simulation,0.0,0.0,traveler_time_loss_scenario_estimate_not_operator_cash_ledger,0.0,0.0,beidaihe_summer_cultural_event
q4_event_counterfactual_2026.csv,2026-04-04,BDH,39618.23736797253,39618.23736797253,0.0,11,11.0,92,92.0,0.0,2.2,0.0,0.0,0.0,0.0,0,0,0,11,92,2.8,0.1,39618.23736797253,counterfactual_planning_simulation,0.0,0.0,traveler_time_loss_scenario_estimate_not_operator_cash_ledger,0.0,0.0,beidaihe_summer_cultural_event
q4_event_counterfactual_2026.csv,2026-04-05,BDH,31051.49641335182,31051.49641335182,0.0,9,9.0,73,73.0,0.0,2.2,0.0,0.0,0.0,0.0,0,0,0,9,73,2.8,0.1,31051.49641335182,counterfactual_planning_simulation,0.0,0.0,traveler_time_loss_scenario_estimate_not_operator_cash_ledger,0.0,0.0,beidaihe_summer_cultural_event
q4_event_counterfactual_2026.csv,2026-04-06,BDH,11987.937571204448,11987.937571204448,0.0,4,4.0,29,29.0,0.0,2.2,0.0,0.0,0.0,0.0,0,0,0,4,29,2.8,0.1,11987.937571204448,counterfactual_planning_simulation,0.0,0.0,traveler_time_loss_scenario_estimate_not_operator_cash_ledger,0.0,0.0,beidaihe_summer_cultural_event
q4_event_counterfactual_2026.csv,2026-04-07,BDH,13206.809001323374,13206.809001323374,0.0,4,4.0,32,32.0,0.0,2.2,0.0,0.0,0.0,0.0,0,0,0,4,32,2.8,0.1,13206.809001323374,counterfactual_planning_simulation,0.0,0.0,traveler_time_loss_scenario_estimate_not_operator_cash_ledger,0.0,0.0,beidaihe_summer_cultural_event
q4_event_counterfactual_2026.csv,2026-04-08,BDH,13415.838740561969,13415.838740561969,0.0,4,4.0,32,32.0,0.0,2.2,0.0,0.0,0.0,0.0,0,0,0,4,32,2.8,0.1,13415.838740561969,counterfactual_planning_simulation,0.0,0.0,traveler_time_loss_scenario_estimate_not_operator_cash_ledger,0.0,0.0,beidaihe_summer_cultural_event
q4_event_counterfactual_2026.csv,2026-04-09,BDH,10949.54119880051,10949.54119880051,0.0,3,3.0,26,26.0,0.0,2.2,0.0,0.0,0.0,0.0,0,0,0,3,26,2.8,0.1,10949.54119880051,counterfactual_planning_simulation,0.0,0.0,traveler_time_loss_scenario_estimate_not_operator_cash_ledger,0.0,0.0,beidaihe_summer_cultural_event
q4_event_counterfactual_2026.csv,2026-04-10,BDH,10141.31984668339,10141.31984668339,0.0,3,3.0,25,25.0,0.0,2.2,0.0,0.0,0.0,0.0,0,0,0,3,25,2.8,0.1,10141.31984668339,counterfactual_planning_simulation,0.0,0.0,traveler_time_loss_scenario_estimate_not_operator_cash_ledger,0.0,0.0,beidaihe_summer_cultural_event
q4_event_counterfactual_2026.csv,2026-04-11,BDH,34398.12629019161,34398.12629019161,0.0,9,9.0,79,79.0,0.0,2.2,0.0,0.0,0.0,0.0,0,0,0,9,79,2.8,0.1,34398.12629019161,counterfactual_planning_simulation,0.0,0.0,traveler_time_loss_scenario_estimate_not_operator_cash_ledger,0.0,0.0,beidaihe_summer_cultural_event
q4_event_counterfactual_2026.csv,2026-04-12,BDH,31759.65847939417,31759.65847939417,0.0,9,9.0,74,74.0,0.0,2.2,0.0,0.0,0.0,0.0,0,0,0,9,74,2.8,0.1,31759.65847939417,counterfactual_planning_simulation,0.0,0.0,traveler_time_loss_scenario_estimate_not_operator_cash_ledger,0.0,0.0,beidaihe_summer_cultural_event
q4_event_counterfactual_2026.csv,2026-04-13,BDH,11665.368799691876,11665.368799691876,0.0,4,4.0,29,29.0,0.0,2.2,0.0,0.0,0.0,0.0,0,0,0,4,29,2.8,0.1,11665.368799691876,counterfactual_planning_simulation,0.0,0.0,traveler_time_loss_scenario_estimate_not_operator_cash_ledger,0.0,0.0,beidaihe_summer_cultural_event
q4_event_counterfactual_2026.csv,2026-04-14,BDH,13254.234172584593,13254.234172584593,0.0,4,4.0,32,32.0,0.0,2.2,0.0,0.0,0.0,0.0,0,0,0,4,32,2.8,0.1,13254.234172584593,counterfactual_planning_simulation,0.0,0.0,traveler_time_loss_scenario_estimate_not_operator_cash_ledger,0.0,0.0,beidaihe_summer_cultural_event
q4_event_counterfactual_2026.csv,2026-04-15,BDH,14273.710454607328,14273.710454607328,0.0,4,4.0,33,33.0,0.0,2.2,0.0,0.0,0.0,0.0,0,0,0,4,33,2.8,0.1,14273.710454607328,counterfactual_planning_simulation,0.0,0.0,traveler_time_loss_scenario_estimate_not_operator_cash_ledger,0.0,0.0,beidaihe_summer_cultural_event
q4_event_counterfactual_2026.csv,2026-04-16,BDH,14130.738640192938,14130.738640192938,0.0,4,4.0,33,33.0,0.0,2.2,0.0,0.0,0.0,0.0,0,0,0,4,33,2.8,0.1,14130.738640192938,counterfactual_planning_simulation,0.0,0.0,traveler_time_loss_scenario_estimate_not_operator_cash_ledger,0.0,0.0,beidaihe_summer_cultural_event
q4_event_counterfactual_2026.csv,2026-04-17,BDH,14869.116105064228,14869.116105064228,0.0,4,4.0,35,35.0,0.0,2.2,0.0,0.0,0.0,0.0,0,0,0,4,35,2.8,0.1,14869.116105064228,counterfactual_planning_simulation,0.0,0.0,traveler_time_loss_scenario_estimate_not_operator_cash_ledger,0.0,0.0,beidaihe_summer_cultural_event
q4_event_counterfactual_2026.csv,2026-04-18,BDH,42197.91643313928,42197.91643313928,0.0,11,11.0,96,96.0,0.0,2.2,0.0,0.0,0.0,0.0,0,0,0,11,96,2.8,0.1,42197.91643313928,counterfactual_planning_simulation,0.0,0.0,traveler_time_loss_scenario_estimate_not_operator_cash_ledger,0.0,0.0,beidaihe_summer_cultural_event
q4_event_counterfactual_2026.csv,2026-04-19,BDH,39516.591574850456,39516.591574850456,0.0,11,11.0,92,92.0,0.0,2.2,0.0,0.0,0.0,0.0,0,0,0,11,92,2.8,0.1,39516.591574850456,counterfactual_planning_simulation,0.0,0.0,traveler_time_loss_scenario_estimate_not_operator_cash_ledger,0.0,0.0,beidaihe_summer_cultural_event
q4_event_counterfactual_2026.csv,2026-04-20,BDH,20143.82211842656,20143.82211842656,0.0,6,6.0,48,48.0,0.0,2.2,0.0,0.0,0.0,0.0,0,0,0,6,48,2.8,0.1,20143.82211842656,counterfactual_planning_simulation,0.0,0.0,traveler_time_loss_scenario_estimate_not_operator_cash_ledger,0.0,0.0,beidaihe_summer_cultural_event
q4_event_counterfactual_2026.csv,2026-04-21,BDH,16907.056959767644,16907.056959767644,0.0,5,5.0,40,40.0,0.0,2.2,0.0,0.0,0.0,0.0,0,0,0,5,40,2.8,0.1,16907.056959767644,counterfactual_planning_simulation,0.0,0.0,traveler_time_loss_scenario_estimate_not_operator_cash_ledger,0.0,0.0,beidaihe_summer_cultural_event
q4_event_counterfactual_2026.csv,2026-04-22,BDH,17938.301892233445,17938.301892233445,0.0,5,5.0,43,43.0,0.0,2.2,0.0,0.0,0.0,0.0,0,0,0,5,43,2.8,0.1,17938.301892233445,counterfactual_planning_simulation,0.0,0.0,traveler_time_loss_scenario_estimate_not_operator_cash_ledger,0.0,0.0,beidaihe_summer_cultural_event
q4_event_counterfactual_2026.csv,2026-04-23,BDH,15072.833742337354,15072.833742337354,0.0,4,4.0,36,36.0,0.0,2.2,0.0,0.0,0.0,0.0,0,0,0,4,36,2.8,0.1,15072.833742337354,counterfactual_planning_simulation,0.0,0.0,traveler_time_loss_scenario_estimate_not_operator_cash_ledger,0.0,0.0,beidaihe_summer_cultural_event
q4_event_counterfactual_2026.csv,2026-04-24,BDH,22196.14701907556,22196.14701907556,0.0,6,6.0,51,51.0,0.0,2.2,0.0,0.0,0.0,0.0,0,0,0,6,51,2.8,0.1,22196.14701907556,counterfactual_planning_simulation,0.0,0.0,traveler_time_loss_scenario_estimate_not_operator_cash_ledger,0.0,0.0,beidaihe_summer_cultural_event
q4_event_counterfactual_2026.csv,2026-04-25,BDH,45146.42462653601,45146.42462653601,0.0,12,12.0,103,103.0,0.0,2.2,0.0,0.0,0.0,0.0,0,0,0,12,103,2.8,0.1,45146.42462653601,counterfactual_planning_simulation,0.0,0.0,traveler_time_loss_scenario_estimate_not_operator_cash_ledger,0.0,0.0,beidaihe_summer_cultural_event
q4_event_counterfactual_2026.csv,2026-04-26,BDH,45412.71807589074,45412.71807589074,0.0,12,12.0,104,104.0,0.0,2.2,0.0,0.0,0.0,0.0,0,0,0,12,104,2.8,0.1,45412.71807589074,counterfactual_planning_simulation,0.0,0.0,traveler_time_loss_scenario_estimate_not_operator_cash_ledger,0.0,0.0,beidaihe_summer_cultural_event
q4_event_counterfactual_2026.csv,2026-04-27,BDH,24242.043437074663,24242.043437074663,0.0,7,7.0,56,56.0,0.0,2.2,0.0,0.0,0.0,0.0,0,0,0,7,56,2.8,0.1,24242.043437074663,counterfactual_planning_simulation,0.0,0.0,traveler_time_loss_scenario_estimate_not_operator_cash_ledger,0.0,0.0,beidaihe_summer_cultural_event
q4_event_counterfactual_2026.csv,2026-04-28,BDH,31964.66771067012,31964.66771067012,0.0,9,9.0,74,74.0,0.0,2.2,0.0,0.0,0.0,0.0,0,0,0,9,74,2.8,0.1,31964.66771067012,counterfactual_planning_simulation,0.0,0.0,traveler_time_loss_scenario_estimate_not_operator_cash_ledger,0.0,0.0,beidaihe_summer_cultural_event
q4_event_counterfactual_2026.csv,2026-04-29,BDH,45630.5270768593,45630.5270768593,0.0,12,12.0,105,105.0,0.0,2.2,0.0,0.0,0.0,0.0,0,0,0,12,105,2.8,0.1,45630.5270768593,counterfactual_planning_simulation,0.0,0.0,traveler_time_loss_scenario_estimate_not_operator_cash_ledger,0.0,0.0,beidaihe_summer_cultural_event
q4_event_counterfactual_2026.csv,2026-04-30,BDH,49499.886595892734,49499.886595892734,0.0,13,13.0,114,114.0,0.0,2.2,0.0,0.0,0.0,0.0,0,0,0,13,114,2.8,0.1,49499.886595892734,counterfactual_planning_simulation,0.0,0.0,traveler_time_loss_scenario_estimate_not_operator_cash_ledger,0.0,0.0,beidaihe_summer_cultural_event
q4_event_counterfactual_2026.csv,2026-05-01,BDH,53160.111215936166,53160.111215936166,0.0,14,14.0,122,122.0,0.0,2.2,0.0,0.0,0.0,0.0,0,0,0,14,122,2.8,0.1,53160.111215936166,counterfactual_planning_simulation,0.0,0.0,traveler_time_loss_scenario_estimate_not_operator_cash_ledger,0.0,0.0,beidaihe_summer_cultural_event
q4_event_counterfactual_2026.csv,2026-05-02,BDH,78640.48596216463,78640.48596216463,0.0,21,21.0,180,180.0,0.0,2.2,0.0,0.0,0.0,0.0,0,0,0,21,180,2.8,0.1,78640.48596216463,counterfactual_planning_simulation,0.0,0.0,traveler_time_loss_scenario_estimate_not_operator_cash_ledger,0.0,0.0,beidaihe_summer_cultural_event
q4_event_counterfactual_2026.csv,2026-05-03,BDH,71547.76607564809,71547.76607564809,0.0,19,19.0,163,163.0,0.0,2.2,0.0,0.0,0.0,0.0,0,0,0,19,163,2.8,0.1,71547.76607564809,counterfactual_planning_simulation,0.0,0.0,traveler_time_loss_scenario_estimate_not_operator_cash_ledger,0.0,0.0,beidaihe_summer_cultural_event
q4_event_counterfactual_2026.csv,2026-05-04,BDH,38387.70634338966,38387.70634338966,0.0,10,10.0,88,88.0,0.0,2.2,0.0,0.0,0.0,0.0,0,0,0,10,88,2.8,0.1,38387.70634338966,counterfactual_planning_simulation,0.0,0.0,traveler_time_loss_scenario_estimate_not_operator_cash_ledger,0.0,0.0,beidaihe_summer_cultural_event
q4_event_counterfactual_2026.csv,2026-05-05,BDH,27934.251460143936,27934.251460143936,0.0,8,8.0,65,65.0,0.0,2.2,0.0,0.0,0.0,0.0,0,0,0,8,65,2.8,0.1,27934.251460143936,counterfactual_planning_simulation,0.0,0.0,traveler_time_loss_scenario_estimate_not_operator_cash_ledger,0.0,0.0,beidaihe_summer_cultural_event
q4_event_counterfactual_2026.csv,2026-05-06,BDH,18323.32461073052,18323.32461073052,0.0,5,5.0,43,43.0,0.0,2.2,0.0,0.0,0.0,0.0,0,0,0,5,43,2.8,0.1,18323.32461073052,counterfactual_planning_simulation,0.0,0.0,traveler_time_loss_scenario_estimate_not_operator_cash_ledger,0.0,0.0,beidaihe_summer_cultural_event
q4_event_counterfactual_2026.csv,2026-05-07,BDH,21512.421236302256,21512.421236302256,0.0,6,6.0,51,51.0,0.0,2.2,0.0,0.0,0.0,0.0,0,0,0,6,51,2.8,0.1,21512.421236302256,counterfactual_planning_simulation,0.0,0.0,traveler_time_loss_scenario_estimate_not_operator_cash_ledger,0.0,0.0,beidaihe_summer_cultural_event
q4_event_counterfactual_2026.csv,2026-05-08,BDH,17860.829818075876,17860.829818075876,0.0,5,5.0,41,41.0,0.0,2.2,0.0,0.0,0.0,0.0,0,0,0,5,41,2.8,0.1,17860.829818075876,counterfactual_planning_simulation,0.0,0.0,traveler_time_loss_scenario_estimate_not_operator_cash_ledger,0.0,0.0,beidaihe_summer_cultural_event
q4_event_counterfactual_2026.csv,2026-05-09,BDH,38705.09812138088,38705.09812138088,0.0,11,11.0,89,89.0,0.0,2.2,0.0,0.0,0.0,0.0,0,0,0,11,89,2.8,0.1,38705.09812138088,counterfactual_planning_simulation,0.0,0.0,traveler_time_loss_scenario_estimate_not_operator_cash_ledger,0.0,0.0,beidaihe_summer_cultural_event
q4_event_counterfactual_2026.csv,2026-05-10,BDH,36525.57320574486,36525.57320574486,0.0,10,10.0,84,84.0,0.0,2.2,0.0,0.0,0.0,0.0,0,0,0,10,84,2.8,0.1,36525.57320574486,counterfactual_planning_simulation,0.0,0.0,traveler_time_loss_scenario_estimate_not_operator_cash_ledger,0.0,0.0,beidaihe_summer_cultural_event
q4_event_counterfactual_2026.csv,2026-05-11,BDH,16656.74925476965,16656.74925476965,0.0,5,5.0,40,40.0,0.0,2.2,0.0,0.0,0.0,0.0,0,0,0,5,40,2.8,0.1,16656.74925476965,counterfactual_planning_simulation,0.0,0.0,traveler_time_loss_scenario_estimate_not_operator_cash_ledger,0.0,0.0,beidaihe_summer_cultural_event
q4_event_counterfactual_2026.csv,2026-05-12,BDH,18598.81735953592,18598.81735953592,0.0,5,5.0,43,43.0,0.0,2.2,0.0,0.0,0.0,0.0,0,0,0,5,43,2.8,0.1,18598.81735953592,counterfactual_planning_simulation,0.0,0.0,traveler_time_loss_scenario_estimate_not_operator_cash_ledger,0.0,0.0,beidaihe_summer_cultural_event
q4_event_counterfactual_2026.csv,2026-05-13,BDH,17371.92601151577,17371.92601151577,0.0,5,5.0,41,41.0,0.0,2.2,0.0,0.0,0.0,0.0,0,0,0,5,41,2.8,0.1,17371.92601151577,counterfactual_planning_simulation,0.0,0.0,traveler_time_loss_scenario_estimate_not_operator_cash_ledger,0.0,0.0,beidaihe_summer_cultural_event
q4_event_counterfactual_2026.csv,2026-05-14,BDH,15322.67550160694,15322.67550160694,0.0,4,4.0,36,36.0,0.0,2.2,0.0,0.0,0.0,0.0,0,0,0,4,36,2.8,0.1,15322.67550160694,counterfactual_planning_simulation,0.0,0.0,traveler_time_loss_scenario_estimate_not_operator_cash_ledger,0.0,0.0,beidaihe_summer_cultural_event
q4_event_counterfactual_2026.csv,2026-05-15,BDH,17135.675727861733,17135.675727861733,0.0,5,5.0,40,40.0,0.0,2.2,0.0,0.0,0.0,0.0,0,0,0,5,40,2.8,0.1,17135.675727861733,counterfactual_planning_simulation,0.0,0.0,traveler_time_loss_scenario_estimate_not_operator_cash_ledger,0.0,0.0,beidaihe_summer_cultural_event
q4_event_counterfactual_2026.csv,2026-05-16,BDH,42109.39157460124,42109.39157460124,0.0,11,11.0,96,96.0,0.0,2.2,0.0,0.0,0.0,0.0,0,0,0,11,96,2.8,0.1,42109.39157460124,counterfactual_planning_simulation,0.0,0.0,traveler_time_loss_scenario_estimate_not_operator_cash_ledger,0.0,0.0,beidaihe_summer_cultural_event
q4_event_counterfactual_2026.csv,2026-05-17,BDH,40788.5326801111,40788.5326801111,0.0,11,11.0,94,94.0,0.0,2.2,0.0,0.0,0.0,0.0,0,0,0,11,94,2.8,0.1,40788.5326801111,counterfactual_planning_simulation,0.0,0.0,traveler_time_loss_scenario_estimate_not_operator_cash_ledger,0.0,0.0,beidaihe_summer_cultural_event
q4_event_counterfactual_2026.csv,2026-05-18,BDH,19910.47121852689,19910.47121852689,0.0,6,6.0,47,47.0,0.0,2.2,0.0,0.0,0.0,0.0,0,0,0,6,47,2.8,0.1,19910.47121852689,counterfactual_planning_simulation,0.0,0.0,traveler_time_loss_scenario_estimate_not_operator_cash_ledger,0.0,0.0,beidaihe_summer_cultural_event
q4_event_counterfactual_2026.csv,2026-05-19,BDH,20560.34991200931,20560.34991200931,0.0,6,6.0,48,48.0,0.0,2.2,0.0,0.0,0.0,0.0,0,0,0,6,48,2.8,0.1,20560.34991200931,counterfactual_planning_simulation,0.0,0.0,traveler_time_loss_scenario_estimate_not_operator_cash_ledger,0.0,0.0,beidaihe_summer_cultural_event
q4_event_counterfactual_2026.csv,2026-05-20,BDH,17886.108005320944,17886.108005320944,0.0,5,5.0,41,41.0,0.0,2.2,0.0,0.0,0.0,0.0,0,0,0,5,41,2.8,0.1,17886.108005320944,counterfactual_planning_simulation,0.0,0.0,traveler_time_loss_scenario_estimate_not_operator_cash_ledger,0.0,0.0,beidaihe_summer_cultural_event
q4_event_counterfactual_2026.csv,2026-05-21,BDH,14474.444523296022,14474.444523296022,0.0,4,4.0,34,34.0,0.0,2.2,0.0,0.0,0.0,0.0,0,0,0,4,34,2.8,0.1,14474.444523296022,counterfactual_planning_simulation,0.0,0.0,traveler_time_loss_scenario_estimate_not_operator_cash_ledger,0.0,0.0,beidaihe_summer_cultural_event
q4_event_counterfactual_2026.csv,2026-05-22,BDH,17005.049667330215,17005.049667330215,0.0,5,5.0,40,40.0,0.0,2.2,0.0,0.0,0.0,0.0,0,0,0,5,40,2.8,0.1,17005.049667330215,counterfactual_planning_simulation,0.0,0.0,traveler_time_loss_scenario_estimate_not_operator_cash_ledger,0.0,0.0,beidaihe_summer_cultural_event
q4_event_counterfactual_2026.csv,2026-05-23,BDH,41148.33073536203,41148.33073536203,0.0,11,11.0,95,95.0,0.0,2.2,0.0,0.0,0.0,0.0,0,0,0,11,95,2.8,0.1,41148.33073536203,counterfactual_planning_simulation,0.0,0.0,traveler_time_loss_scenario_estimate_not_operator_cash_ledger,0.0,0.0,beidaihe_summer_cultural_event
q4_event_counterfactual_2026.csv,2026-05-24,BDH,41434.5409445509,41434.5409445509,0.0,11,11.0,95,95.0,0.0,2.2,0.0,0.0,0.0,0.0,0,0,0,11,95,2.8,0.1,41434.5409445509,counterfactual_planning_simulation,0.0,0.0,traveler_time_loss_scenario_estimate_not_operator_cash_ledger,0.0,0.0,beidaihe_summer_cultural_event
q4_event_counterfactual_2026.csv,2026-05-25,BDH,22698.706924003247,22698.706924003247,0.0,6,6.0,52,52.0,0.0,2.2,0.0,0.0,0.0,0.0,0,0,0,6,52,2.8,0.1,22698.706924003247,counterfactual_planning_simulation,0.0,0.0,traveler_time_loss_scenario_estimate_not_operator_cash_ledger,0.0,0.0,beidaihe_summer_cultural_event
q4_event_counterfactual_2026.csv,2026-05-26,BDH,21013.932010645178,21013.932010645178,0.0,6,6.0,49,49.0,0.0,2.2,0.0,0.0,0.0,0.0,0,0,0,6,49,2.8,0.1,21013.932010645178,counterfactual_planning_simulation,0.0,0.0,traveler_time_loss_scenario_estimate_not_operator_cash_ledger,0.0,0.0,beidaihe_summer_cultural_event
q4_event_counterfactual_2026.csv,2026-05-27,BDH,20757.646550311183,20757.646550311183,0.0,6,6.0,48,48.0,0.0,2.2,0.0,0.0,0.0,0.0,0,0,0,6,48,2.8,0.1,20757.646550311183,counterfactual_planning_simulation,0.0,0.0,traveler_time_loss_scenario_estimate_not_operator_cash_ledger,0.0,0.0,beidaihe_summer_cultural_event
q4_event_counterfactual_2026.csv,2026-05-28,BDH,19190.800151685187,19190.800151685187,0.0,5,5.0,44,44.0,0.0,2.2,0.0,0.0,0.0,0.0,0,0,0,5,44,2.8,0.1,19190.800151685187,counterfactual_planning_simulation,0.0,0.0,traveler_time_loss_scenario_estimate_not_operator_cash_ledger,0.0,0.0,beidaihe_summer_cultural_event
q4_event_counterfactual_2026.csv,2026-05-29,BDH,22988.52684014222,22988.52684014222,0.0,6,6.0,54,54.0,0.0,2.2,0.0,0.0,0.0,0.0,0,0,0,6,54,2.8,0.1,22988.52684014222,counterfactual_planning_simulation,0.0,0.0,traveler_time_loss_scenario_estimate_not_operator_cash_ledger,0.0,0.0,beidaihe_summer_cultural_event
q4_event_counterfactual_2026.csv,2026-05-30,BDH,48971.80976472102,48971.80976472102,0.0,13,13.0,113,113.0,0.0,2.2,0.0,0.0,0.0,0.0,0,0,0,13,113,2.8,0.1,48971.80976472102,counterfactual_planning_simulation,0.0,0.0,traveler_time_loss_scenario_estimate_not_operator_cash_ledger,0.0,0.0,beidaihe_summer_cultural_event
q4_event_counterfactual_2026.csv,2026-05-31,BDH,47032.57169033112,47032.57169033112,0.0,13,13.0,108,108.0,0.0,2.2,0.0,0.0,0.0,0.0,0,0,0,13,108,2.8,0.1,47032.57169033112,counterfactual_planning_simulation,0.0,0.0,traveler_time_loss_scenario_estimate_not_operator_cash_ledger,0.0,0.0,beidaihe_summer_cultural_event
q4_event_counterfactual_2026.csv,2026-06-01,BDH,27083.991429244885,27083.991429244885,0.0,8,8.0,63,63.0,0.0,2.2,0.0,0.0,0.0,0.0,0,0,0,8,63,2.8,0.1,27083.991429244885,counterfactual_planning_simulation,0.0,0.0,traveler_time_loss_scenario_estimate_not_operator_cash_ledger,0.0,0.0,beidaihe_summer_cultural_event
q4_event_counterfactual_2026.csv,2026-06-02,BDH,26086.1654476594,26086.1654476594,0.0,7,7.0,61,61.0,0.0,2.2,0.0,0.0,0.0,0.0,0,0,0,7,61,2.8,0.1,26086.1654476594,counterfactual_planning_simulation,0.0,0.0,traveler_time_loss_scenario_estimate_not_operator_cash_ledger,0.0,0.0,beidaihe_summer_cultural_event
q4_event_counterfactual_2026.csv,2026-06-03,BDH,27087.04459465221,27087.04459465221,0.0,8,8.0,63,63.0,0.0,2.2,0.0,0.0,0.0,0.0,0,0,0,8,63,2.8,0.1,27087.04459465221,counterfactual_planning_simulation,0.0,0.0,traveler_time_loss_scenario_estimate_not_operator_cash_ledger,0.0,0.0,beidaihe_summer_cultural_event
q4_event_counterfactual_2026.csv,2026-06-04,BDH,28947.68690859519,28947.68690859519,0.0,8,8.0,67,67.0,0.0,2.2,0.0,0.0,0.0,0.0,0,0,0,8,67,2.8,0.1,28947.68690859519,counterfactual_planning_simulation,0.0,0.0,traveler_time_loss_scenario_estimate_not_operator_cash_ledger,0.0,0.0,beidaihe_summer_cultural_event
q4_event_counterfactual_2026.csv,2026-06-05,BDH,29104.30261787445,29104.30261787445,0.0,8,8.0,67,67.0,0.0,2.2,0.0,0.0,0.0,0.0,0,0,0,8,67,2.8,0.1,29104.30261787445,counterfactual_planning_simulation,0.0,0.0,traveler_time_loss_scenario_estimate_not_operator_cash_ledger,0.0,0.0,beidaihe_summer_cultural_event
q4_event_counterfactual_2026.csv,2026-06-06,BDH,51299.17471277821,51299.17471277821,0.0,14,14.0,118,118.0,0.0,2.2,0.0,0.0,0.0,0.0,0,0,0,14,118,2.8,0.1,51299.17471277821,counterfactual_planning_simulation,0.0,0.0,traveler_time_loss_scenario_estimate_not_operator_cash_ledger,0.0,0.0,beidaihe_summer_cultural_event
q4_event_counterfactual_2026.csv,2026-06-07,BDH,48382.19948575572,48382.19948575572,0.0,13,13.0,111,111.0,0.0,2.2,0.0,0.0,0.0,0.0,0,0,0,13,111,2.8,0.1,48382.19948575572,counterfactual_planning_simulation,0.0,0.0,traveler_time_loss_scenario_estimate_not_operator_cash_ledger,0.0,0.0,beidaihe_summer_cultural_event
q4_event_counterfactual_2026.csv,2026-06-08,BDH,31281.425553414563,31281.425553414563,0.0,9,9.0,73,73.0,0.0,2.2,0.0,0.0,0.0,0.0,0,0,0,9,73,2.8,0.1,31281.425553414563,counterfactual_planning_simulation,0.0,0.0,traveler_time_loss_scenario_estimate_not_operator_cash_ledger,0.0,0.0,beidaihe_summer_cultural_event
q4_event_counterfactual_2026.csv,2026-06-09,BDH,35602.19389831055,35602.19389831055,0.0,10,10.0,82,82.0,0.0,2.2,0.0,0.0,0.0,0.0,0,0,0,10,82,2.8,0.1,35602.19389831055,counterfactual_planning_simulation,0.0,0.0,traveler_time_loss_scenario_estimate_not_operator_cash_ledger,0.0,0.0,beidaihe_summer_cultural_event
q4_event_counterfactual_2026.csv,2026-06-10,BDH,35789.37263013705,35789.37263013705,0.0,10,10.0,82,82.0,0.0,2.2,0.0,0.0,0.0,0.0,0,0,0,10,82,2.8,0.1,35789.37263013705,counterfactual_planning_simulation,0.0,0.0,traveler_time_loss_scenario_estimate_not_operator_cash_ledger,0.0,0.0,beidaihe_summer_cultural_event
q4_event_counterfactual_2026.csv,2026-06-11,BDH,33557.30666298507,33557.30666298507,0.0,9,9.0,77,77.0,0.0,2.2,0.0,0.0,0.0,0.0,0,0,0,9,77,2.8,0.1,33557.30666298507,counterfactual_planning_simulation,0.0,0.0,traveler_time_loss_scenario_estimate_not_operator_cash_ledger,0.0,0.0,beidaihe_summer_cultural_event
q4_event_counterfactual_2026.csv,2026-06-12,BDH,39234.25226598686,39234.25226598686,0.0,11,11.0,91,91.0,0.0,2.2,0.0,0.0,0.0,0.0,0,0,0,11,91,2.8,0.1,39234.25226598686,counterfactual_planning_simulation,0.0,0.0,traveler_time_loss_scenario_estimate_not_operator_cash_ledger,0.0,0.0,beidaihe_summer_cultural_event
q4_event_counterfactual_2026.csv,2026-06-13,BDH,65710.64125372842,65710.64125372842,0.0,18,18.0,151,151.0,0.0,2.2,0.0,0.0,0.0,0.0,0,0,0,18,151,2.8,0.1,65710.64125372842,counterfactual_planning_simulation,0.0,0.0,traveler_time_loss_scenario_estimate_not_operator_cash_ledger,0.0,0.0,beidaihe_summer_cultural_event
q4_event_counterfactual_2026.csv,2026-06-14,BDH,61795.779423320266,61795.779423320266,0.0,17,17.0,142,142.0,0.0,2.2,0.0,0.0,0.0,0.0,0,0,0,17,142,2.8,0.1,61795.779423320266,counterfactual_planning_simulation,0.0,0.0,traveler_time_loss_scenario_estimate_not_operator_cash_ledger,0.0,0.0,beidaihe_summer_cultural_event
q4_event_counterfactual_2026.csv,2026-06-15,BDH,35148.525878890694,35148.525878890694,0.0,10,10.0,82,82.0,0.0,2.2,0.0,0.0,0.0,0.0,0,0,0,10,82,2.8,0.1,35148.525878890694,counterfactual_planning_simulation,0.0,0.0,traveler_time_loss_scenario_estimate_not_operator_cash_ledger,0.0,0.0,beidaihe_summer_cultural_event
q4_event_counterfactual_2026.csv,2026-06-16,BDH,40582.56823234548,40582.56823234548,0.0,11,11.0,93,93.0,0.0,2.2,0.0,0.0,0.0,0.0,0,0,0,11,93,2.8,0.1,40582.56823234548,counterfactual_planning_simulation,0.0,0.0,traveler_time_loss_scenario_estimate_not_operator_cash_ledger,0.0,0.0,beidaihe_summer_cultural_event
q4_event_counterfactual_2026.csv,2026-06-17,BDH,42568.97730926299,42568.97730926299,0.0,12,12.0,99,99.0,0.0,2.2,0.0,0.0,0.0,0.0,0,0,0,12,99,2.8,0.1,42568.97730926299,counterfactual_planning_simulation,0.0,0.0,traveler_time_loss_scenario_estimate_not_operator_cash_ledger,0.0,0.0,beidaihe_summer_cultural_event
q4_event_counterfactual_2026.csv,2026-06-18,BDH,35732.24492331382,35732.24492331382,0.0,10,10.0,82,82.0,0.0,2.2,0.0,0.0,0.0,0.0,0,0,0,10,82,2.8,0.1,35732.24492331382,counterfactual_planning_simulation,0.0,0.0,traveler_time_loss_scenario_estimate_not_operator_cash_ledger,0.0,0.0,beidaihe_summer_cultural_event
q4_event_counterfactual_2026.csv,2026-06-19,BDH,31621.992542611737,31621.992542611737,0.0,9,9.0,74,74.0,0.0,2.2,0.0,0.0,0.0,0.0,0,0,0,9,74,2.8,0.1,31621.992542611737,counterfactual_planning_simulation,0.0,0.0,traveler_time_loss_scenario_estimate_not_operator_cash_ledger,0.0,0.0,beidaihe_summer_cultural_event
q4_event_counterfactual_2026.csv,2026-06-20,BDH,62825.17711847479,62825.17711847479,0.0,17,17.0,144,144.0,0.0,2.2,0.0,0.0,0.0,0.0,0,0,0,17,144,2.8,0.1,62825.17711847479,counterfactual_planning_simulation,0.0,0.0,traveler_time_loss_scenario_estimate_not_operator_cash_ledger,0.0,0.0,beidaihe_summer_cultural_event
q4_event_counterfactual_2026.csv,2026-06-21,BDH,61789.19979791096,61789.19979791096,0.0,17,17.0,142,142.0,0.0,2.2,0.0,0.0,0.0,0.0,0,0,0,17,142,2.8,0.1,61789.19979791096,counterfactual_planning_simulation,0.0,0.0,traveler_time_loss_scenario_estimate_not_operator_cash_ledger,0.0,0.0,beidaihe_summer_cultural_event
q4_event_counterfactual_2026.csv,2026-06-22,BDH,41867.49130921342,41867.49130921342,0.0,11,11.0,96,96.0,0.0,2.2,0.0,0.0,0.0,0.0,0,0,0,11,96,2.8,0.1,41867.49130921342,counterfactual_planning_simulation,0.0,0.0,traveler_time_loss_scenario_estimate_not_operator_cash_ledger,0.0,0.0,beidaihe_summer_cultural_event
q4_event_counterfactual_2026.csv,2026-06-23,BDH,40724.16279770376,40724.16279770376,0.0,11,11.0,93,93.0,0.0,2.2,0.0,0.0,0.0,0.0,0,0,0,11,93,2.8,0.1,40724.16279770376,counterfactual_planning_simulation,0.0,0.0,traveler_time_loss_scenario_estimate_not_operator_cash_ledger,0.0,0.0,beidaihe_summer_cultural_event
q4_event_counterfactual_2026.csv,2026-06-24,BDH,42657.46500194648,42657.46500194648,0.0,12,12.0,99,99.0,0.0,2.2,0.0,0.0,0.0,0.0,0,0,0,12,99,2.8,0.1,42657.46500194648,counterfactual_planning_simulation,0.0,0.0,traveler_time_loss_scenario_estimate_not_operator_cash_ledger,0.0,0.0,beidaihe_summer_cultural_event
q4_event_counterfactual_2026.csv,2026-06-25,BDH,41013.427654541614,41013.427654541614,0.0,11,11.0,95,95.0,0.0,2.2,0.0,0.0,0.0,0.0,0,0,0,11,95,2.8,0.1,41013.427654541614,counterfactual_planning_simulation,0.0,0.0,traveler_time_loss_scenario_estimate_not_operator_cash_ledger,0.0,0.0,beidaihe_summer_cultural_event
q4_event_counterfactual_2026.csv,2026-06-26,BDH,47387.29669754978,47387.29669754978,0.0,13,13.0,110,110.0,0.0,2.2,0.0,0.0,0.0,0.0,0,0,0,13,110,2.8,0.1,47387.29669754978,counterfactual_planning_simulation,0.0,0.0,traveler_time_loss_scenario_estimate_not_operator_cash_ledger,0.0,0.0,beidaihe_summer_cultural_event
q4_event_counterfactual_2026.csv,2026-06-27,BDH,75082.13704980431,75082.13704980431,0.0,20,20.0,172,172.0,0.0,2.2,0.0,0.0,0.0,0.0,0,0,0,20,172,2.8,0.1,75082.13704980431,counterfactual_planning_simulation,0.0,0.0,traveler_time_loss_scenario_estimate_not_operator_cash_ledger,0.0,0.0,beidaihe_summer_cultural_event
q4_event_counterfactual_2026.csv,2026-06-28,BDH,78944.21866704078,78944.21866704078,0.0,21,21.0,181,181.0,0.0,2.2,0.0,0.0,0.0,0.0,0,0,0,21,181,2.8,0.1,78944.21866704078,counterfactual_planning_simulation,0.0,0.0,traveler_time_loss_scenario_estimate_not_operator_cash_ledger,0.0,0.0,beidaihe_summer_cultural_event
q4_event_counterfactual_2026.csv,2026-06-29,BDH,54673.138274084864,54673.138274084864,0.0,15,15.0,126,126.0,0.0,2.2,0.0,0.0,0.0,0.0,0,0,0,15,126,2.8,0.1,54673.138274084864,counterfactual_planning_simulation,0.0,0.0,traveler_time_loss_scenario_estimate_not_operator_cash_ledger,0.0,0.0,beidaihe_summer_cultural_event
q4_event_counterfactual_2026.csv,2026-06-30,BDH,57751.87624787874,57751.87624787874,0.0,16,16.0,133,133.0,0.0,2.2,0.0,0.0,0.0,0.0,0,0,0,16,133,2.8,0.1,57751.87624787874,counterfactual_planning_simulation,0.0,0.0,traveler_time_loss_scenario_estimate_not_operator_cash_ledger,0.0,0.0,beidaihe_summer_cultural_event
q4_event_counterfactual_2026.csv,2026-07-01,BDH,48416.41178051908,48416.41178051908,0.0,13,13.0,111,111.0,0.0,2.2,0.0,0.0,0.0,0.0,0,0,0,13,111,2.8,0.1,48416.41178051908,counterfactual_planning_simulation,0.0,0.0,traveler_time_loss_scenario_estimate_not_operator_cash_ledger,0.0,0.0,beidaihe_summer_cultural_event
q4_event_counterfactual_2026.csv,2026-07-02,BDH,50728.19869399571,50728.19869399571,0.0,14,14.0,117,117.0,0.0,2.2,0.0,0.0,0.0,0.0,0,0,0,14,117,2.8,0.1,50728.19869399571,counterfactual_planning_simulation,0.0,0.0,traveler_time_loss_scenario_estimate_not_operator_cash_ledger,0.0,0.0,beidaihe_summer_cultural_event
q4_event_counterfactual_2026.csv,2026-07-03,BDH,50615.78817852045,50615.78817852045,0.0,14,14.0,117,117.0,0.0,2.2,0.0,0.0,0.0,0.0,0,0,0,14,117,2.8,0.1,50615.78817852045,counterfactual_planning_simulation,0.0,0.0,traveler_time_loss_scenario_estimate_not_operator_cash_ledger,0.0,0.0,beidaihe_summer_cultural_event
q4_event_counterfactual_2026.csv,2026-07-04,BDH,81714.48530098908,81714.48530098908,0.0,22,22.0,187,187.0,0.0,2.2,0.0,0.0,0.0,0.0,0,0,0,22,187,2.8,0.1,81714.48530098908,counterfactual_planning_simulation,0.0,0.0,traveler_time_loss_scenario_estimate_not_operator_cash_ledger,0.0,0.0,beidaihe_summer_cultural_event
q4_event_counterfactual_2026.csv,2026-07-05,BDH,86379.16601498492,86379.16601498492,0.0,23,23.0,198,198.0,0.0,2.2,0.0,0.0,0.0,0.0,0,0,0,23,198,2.8,0.1,86379.16601498492,counterfactual_planning_simulation,0.0,0.0,traveler_time_loss_scenario_estimate_not_operator_cash_ledger,0.0,0.0,beidaihe_summer_cultural_event
q4_event_counterfactual_2026.csv,2026-07-06,BDH,62019.311859481335,62019.311859481335,0.0,17,17.0,143,143.0,0.0,2.2,0.0,0.0,0.0,0.0,0,0,0,17,143,2.8,0.1,62019.311859481335,counterfactual_planning_simulation,0.0,0.0,traveler_time_loss_scenario_estimate_not_operator_cash_ledger,0.0,0.0,beidaihe_summer_cultural_event
q4_event_counterfactual_2026.csv,2026-07-07,BDH,60350.93722368777,60350.93722368777,0.0,16,16.0,139,139.0,0.0,2.2,0.0,0.0,0.0,0.0,0,0,0,16,139,2.8,0.1,60350.93722368777,counterfactual_planning_simulation,0.0,0.0,traveler_time_loss_scenario_estimate_not_operator_cash_ledger,0.0,0.0,beidaihe_summer_cultural_event
q4_event_counterfactual_2026.csv,2026-07-08,BDH,61888.96946526782,61888.96946526782,0.0,17,17.0,142,142.0,0.0,2.2,0.0,0.0,0.0,0.0,0,0,0,17,142,2.8,0.1,61888.96946526782,counterfactual_planning_simulation,0.0,0.0,traveler_time_loss_scenario_estimate_not_operator_cash_ledger,0.0,0.0,beidaihe_summer_cultural_event
q4_event_counterfactual_2026.csv,2026-07-09,BDH,60905.33908467797,60905.33908467797,0.0,16,16.0,139,139.0,0.0,2.2,0.0,0.0,0.0,0.0,0,0,0,16,139,2.8,0.1,60905.33908467797,counterfactual_planning_simulation,0.0,0.0,traveler_time_loss_scenario_estimate_not_operator_cash_ledger,0.0,0.0,beidaihe_summer_cultural_event
q4_event_counterfactual_2026.csv,2026-07-10,BDH,58204.662055356486,58204.662055356486,0.0,16,16.0,134,134.0,0.0,2.2,0.0,0.0,0.0,0.0,0,0,0,16,134,2.8,0.1,58204.662055356486,counterfactual_planning_simulation,0.0,0.0,traveler_time_loss_scenario_estimate_not_operator_cash_ledger,0.0,0.0,beidaihe_summer_cultural_event
q4_event_counterfactual_2026.csv,2026-07-11,BDH,92214.87879220417,92214.87879220417,0.0,25,25.0,211,211.0,0.0,2.2,0.0,0.0,0.0,0.0,0,0,0,25,211,2.8,0.1,92214.87879220417,counterfactual_planning_simulation,0.0,0.0,traveler_time_loss_scenario_estimate_not_operator_cash_ledger,0.0,0.0,beidaihe_summer_cultural_event
q4_event_counterfactual_2026.csv,2026-07-12,BDH,92793.25557517073,92793.25557517073,0.0,25,25.0,212,212.0,0.0,2.2,0.0,0.0,0.0,0.0,0,0,0,25,212,2.8,0.1,92793.25557517073,counterfactual_planning_simulation,0.0,0.0,traveler_time_loss_scenario_estimate_not_operator_cash_ledger,0.0,0.0,beidaihe_summer_cultural_event
q4_event_counterfactual_2026.csv,2026-07-13,BDH,69498.2354018528,69498.2354018528,0.0,19,19.0,159,159.0,0.0,2.2,0.0,0.0,0.0,0.0,0,0,0,19,159,2.8,0.1,69498.2354018528,counterfactual_planning_simulation,0.0,0.0,traveler_time_loss_scenario_estimate_not_operator_cash_ledger,0.0,0.0,beidaihe_summer_cultural_event
q4_event_counterfactual_2026.csv,2026-07-14,BDH,69810.49296301344,69810.49296301344,0.0,19,19.0,160,160.0,0.0,2.2,0.0,0.0,0.0,0.0,0,0,0,19,160,2.8,0.1,69810.49296301344,counterfactual_planning_simulation,0.0,0.0,traveler_time_loss_scenario_estimate_not_operator_cash_ledger,0.0,0.0,beidaihe_summer_cultural_event
q4_event_counterfactual_2026.csv,2026-07-15,BDH,71645.53545384407,71645.53545384407,0.0,19,19.0,163,163.0,0.0,2.2,0.0,0.0,0.0,0.0,0,0,0,19,163,2.8,0.1,71645.53545384407,counterfactual_planning_simulation,0.0,0.0,traveler_time_loss_scenario_estimate_not_operator_cash_ledger,0.0,0.0,beidaihe_summer_cultural_event
q4_event_counterfactual_2026.csv,2026-07-16,BDH,70730.0589775528,70730.0589775528,0.0,19,19.0,162,162.0,0.0,2.2,0.0,0.0,0.0,0.0,0,0,0,19,162,2.8,0.1,70730.0589775528,counterfactual_planning_simulation,0.0,0.0,traveler_time_loss_scenario_estimate_not_operator_cash_ledger,0.0,0.0,beidaihe_summer_cultural_event
q4_event_counterfactual_2026.csv,2026-07-17,BDH,73725.42587862653,73725.42587862653,0.0,20,20.0,169,169.0,0.0,2.2,0.0,0.0,0.0,0.0,0,0,0,20,169,2.8,0.1,73725.42587862653,counterfactual_planning_simulation,0.0,0.0,traveler_time_loss_scenario_estimate_not_operator_cash_ledger,0.0,0.0,beidaihe_summer_cultural_event
q4_event_counterfactual_2026.csv,2026-07-18,BDH,110043.02798999909,110043.02798999909,0.0,29,29.0,251,251.0,0.0,2.2,0.0,0.0,0.0,0.0,0,0,0,29,251,2.8,0.1,110043.02798999909,counterfactual_planning_simulation,0.0,0.0,traveler_time_loss_scenario_estimate_not_operator_cash_ledger,0.0,0.0,beidaihe_summer_cultural_event
q4_event_counterfactual_2026.csv,2026-07-19,BDH,114795.80735239953,114795.80735239953,0.0,30,30.0,262,262.0,0.0,2.2,0.0,0.0,0.0,0.0,0,0,0,30,262,2.8,0.1,114795.80735239953,counterfactual_planning_simulation,0.0,0.0,traveler_time_loss_scenario_estimate_not_operator_cash_ledger,0.0,0.0,beidaihe_summer_cultural_event
q4_event_counterfactual_2026.csv,2026-07-20,BDH,88965.58040928649,88965.58040928649,0.0,24,24.0,204,204.0,0.0,2.2,0.0,0.0,0.0,0.0,0,0,0,24,204,2.8,0.1,88965.58040928649,counterfactual_planning_simulation,0.0,0.0,traveler_time_loss_scenario_estimate_not_operator_cash_ledger,0.0,0.0,beidaihe_summer_cultural_event
q4_event_counterfactual_2026.csv,2026-07-21,BDH,83613.86904245567,83613.86904245567,0.0,22,22.0,191,191.0,0.0,2.2,0.0,0.0,0.0,0.0,0,0,0,22,191,2.8,0.1,83613.86904245567,counterfactual_planning_simulation,0.0,0.0,traveler_time_loss_scenario_estimate_not_operator_cash_ledger,0.0,0.0,beidaihe_summer_cultural_event
q4_event_counterfactual_2026.csv,2026-07-22,BDH,87175.36085775708,87175.36085775708,0.0,23,23.0,199,199.0,0.0,2.2,0.0,0.0,0.0,0.0,0,0,0,23,199,2.8,0.1,87175.36085775708,counterfactual_planning_simulation,0.0,0.0,traveler_time_loss_scenario_estimate_not_operator_cash_ledger,0.0,0.0,beidaihe_summer_cultural_event
q4_event_counterfactual_2026.csv,2026-07-23,BDH,84540.18768145278,84540.18768145278,0.0,23,23.0,193,193.0,0.0,2.2,0.0,0.0,0.0,0.0,0,0,0,23,193,2.8,0.1,84540.18768145278,counterfactual_planning_simulation,0.0,0.0,traveler_time_loss_scenario_estimate_not_operator_cash_ledger,0.0,0.0,beidaihe_summer_cultural_event
q4_event_counterfactual_2026.csv,2026-07-24,BDH,92310.6602560567,92310.6602560567,0.0,25,25.0,211,211.0,0.0,2.2,0.0,0.0,0.0,0.0,0,0,0,25,211,2.8,0.1,92310.6602560567,counterfactual_planning_simulation,0.0,0.0,traveler_time_loss_scenario_estimate_not_operator_cash_ledger,0.0,0.0,beidaihe_summer_cultural_event
q4_event_counterfactual_2026.csv,2026-07-25,BDH,127177.02783069774,127177.02783069774,0.0,34,34.0,291,291.0,0.0,2.2,0.0,0.0,0.0,0.0,0,0,0,34,291,2.8,0.1,127177.02783069774,counterfactual_planning_simulation,0.0,0.0,traveler_time_loss_scenario_estimate_not_operator_cash_ledger,0.0,0.0,beidaihe_summer_cultural_event
q4_event_counterfactual_2026.csv,2026-07-26,BDH,121430.54914194404,121430.54914194404,0.0,32,32.0,277,277.0,0.0,2.2,0.0,0.0,0.0,0.0,0,0,0,32,277,2.8,0.1,121430.54914194404,counterfactual_planning_simulation,0.0,0.0,traveler_time_loss_scenario_estimate_not_operator_cash_ledger,0.0,0.0,beidaihe_summer_cultural_event
q4_event_counterfactual_2026.csv,2026-07-27,BDH,88310.10721658374,88310.10721658374,0.0,23,23.0,202,202.0,0.0,2.2,0.0,0.0,0.0,0.0,0,0,0,23,202,2.8,0.1,88310.10721658374,counterfactual_planning_simulation,0.0,0.0,traveler_time_loss_scenario_estimate_not_operator_cash_ledger,0.0,0.0,beidaihe_summer_cultural_event
q4_event_counterfactual_2026.csv,2026-07-28,BDH,89616.884793049,89616.884793049,0.0,24,24.0,206,206.0,0.0,2.2,0.0,0.0,0.0,0.0,0,0,0,24,206,2.8,0.1,89616.884793049,counterfactual_planning_simulation,0.0,0.0,traveler_time_loss_scenario_estimate_not_operator_cash_ledger,0.0,0.0,beidaihe_summer_cultural_event
q4_event_counterfactual_2026.csv,2026-07-29,BDH,79032.58907537315,79032.58907537315,0.0,21,21.0,181,181.0,0.0,2.2,0.0,0.0,0.0,0.0,0,0,0,21,181,2.8,0.1,79032.58907537315,counterfactual_planning_simulation,0.0,0.0,traveler_time_loss_scenario_estimate_not_operator_cash_ledger,0.0,0.0,beidaihe_summer_cultural_event
q4_event_counterfactual_2026.csv,2026-07-30,BDH,85836.90798631129,85836.90798631129,0.0,23,23.0,196,196.0,0.0,2.2,0.0,0.0,0.0,0.0,0,0,0,23,196,2.8,0.1,85836.90798631129,counterfactual_planning_simulation,0.0,0.0,traveler_time_loss_scenario_estimate_not_operator_cash_ledger,0.0,0.0,beidaihe_summer_cultural_event
q4_event_counterfactual_2026.csv,2026-07-31,BDH,80824.083448932,80824.083448932,0.0,22,22.0,185,185.0,0.0,2.2,0.0,0.0,0.0,0.0,0,0,0,22,185,2.8,0.1,80824.083448932,counterfactual_planning_simulation,0.0,0.0,traveler_time_loss_scenario_estimate_not_operator_cash_ledger,0.0,0.0,beidaihe_summer_cultural_event
q4_event_counterfactual_2026.csv,2026-08-01,BDH,116633.3292476212,116633.3292476212,0.0,31,31.0,266,266.0,0.0,2.2,0.0,0.0,0.0,0.0,0,0,0,31,266,2.8,0.1,116633.3292476212,counterfactual_planning_simulation,0.0,0.0,traveler_time_loss_scenario_estimate_not_operator_cash_ledger,0.0,0.0,beidaihe_summer_cultural_event
q4_event_counterfactual_2026.csv,2026-08-02,BDH,117415.42328295916,117415.42328295916,0.0,31,31.0,268,268.0,0.0,2.2,0.0,0.0,0.0,0.0,0,0,0,31,268,2.8,0.1,117415.42328295916,counterfactual_planning_simulation,0.0,0.0,traveler_time_loss_scenario_estimate_not_operator_cash_ledger,0.0,0.0,beidaihe_summer_cultural_event
q4_event_counterfactual_2026.csv,2026-08-03,BDH,84973.96754283815,84973.96754283815,0.0,23,23.0,195,195.0,0.0,2.2,0.0,0.0,0.0,0.0,0,0,0,23,195,2.8,0.1,84973.96754283815,counterfactual_planning_simulation,0.0,0.0,traveler_time_loss_scenario_estimate_not_operator_cash_ledger,0.0,0.0,beidaihe_summer_cultural_event
q4_event_counterfactual_2026.csv,2026-08-04,BDH,101354.73391895038,101354.73391895038,0.0,27,27.0,232,232.0,0.0,2.2,0.0,0.0,0.0,0.0,0,0,0,27,232,2.8,0.1,101354.73391895038,counterfactual_planning_simulation,0.0,0.0,traveler_time_loss_scenario_estimate_not_operator_cash_ledger,0.0,0.0,beidaihe_summer_cultural_event
q4_event_counterfactual_2026.csv,2026-08-05,BDH,100372.003470613,100372.003470613,0.0,27,27.0,230,230.0,0.0,2.2,0.0,0.0,0.0,0.0,0,0,0,27,230,2.8,0.1,100372.003470613,counterfactual_planning_simulation,0.0,0.0,traveler_time_loss_scenario_estimate_not_operator_cash_ledger,0.0,0.0,beidaihe_summer_cultural_event
q4_event_counterfactual_2026.csv,2026-08-06,BDH,100416.52161039034,110458.17377142938,0.0520890348476555,27,29.0,230,252.0,0.0,2.2,0.0,0.0,0.0,0.0,0,2,22,29,252,2.8,0.1,110458.17377142938,counterfactual_planning_simulation,0.0,0.0,traveler_time_loss_scenario_estimate_not_operator_cash_ledger,1154.7625172601538,28118.467295284747,beidaihe_summer_cultural_event
q4_event_counterfactual_2026.csv,2026-08-07,BDH,87751.50209146412,105301.80250975696,0.115079365079365,23,28.0,200,240.0,0.0,2.2,0.0,0.0,0.0,0.0,0,5,40,28,240,2.8,0.1,105301.80250975696,counterfactual_planning_simulation,0.0,0.0,traveler_time_loss_scenario_estimate_not_operator_cash_ledger,2225.127374462126,54181.85156815278,beidaihe_summer_cultural_event
q4_event_counterfactual_2026.csv,2026-08-08,BDH,122985.71321003028,172179.99849404235,0.1832766439909297,33,45.0,281,392.0,0.0,2.2,0.0,0.0,0.0,0.0,0,12,111,45,392,2.8,0.1,172179.99849404235,counterfactual_planning_simulation,0.0,0.0,traveler_time_loss_scenario_estimate_not_operator_cash_ledger,6023.371716024579,146669.1012851985,beidaihe_summer_cultural_event
q4_event_counterfactual_2026.csv,2026-08-09,BDH,123350.58387439254,148020.70064927105,0.1056836338735448,33,39.0,282,337.0,0.0,2.2,0.0,0.0,0.0,0.0,0,6,55,39,337,2.8,0.1,148020.70064927105,counterfactual_planning_simulation,0.0,0.0,traveler_time_loss_scenario_estimate_not_operator_cash_ledger,2985.0784985992004,72686.66144089053,beidaihe_summer_cultural_event
q4_event_counterfactual_2026.csv,2026-08-10,BDH,101418.18692413402,111560.00561654742,0.0633986928104575,27,30.0,232,255.0,0.0,2.2,0.0,0.0,0.0,0.0,0,3,23,30,255,2.8,0.1,111560.00561654742,counterfactual_planning_simulation,0.0,0.0,traveler_time_loss_scenario_estimate_not_operator_cash_ledger,1285.127515680816,31292.85500682787,beidaihe_summer_cultural_event
q4_event_counterfactual_2026.csv,2026-08-11,BDH,90831.91894828678,90831.91894828678,0.0,24,24.0,207,207.0,0.0,2.2,0.0,0.0,0.0,0.0,0,0,0,24,207,2.8,0.1,90831.91894828678,counterfactual_planning_simulation,0.0,0.0,traveler_time_loss_scenario_estimate_not_operator_cash_ledger,0.0,0.0,beidaihe_summer_cultural_event
q4_event_counterfactual_2026.csv,2026-08-12,BDH,80861.68047037792,80861.68047037792,0.0,22,22.0,185,185.0,0.0,2.2,0.0,0.0,0.0,0.0,0,0,0,22,185,2.8,0.1,80861.68047037792,counterfactual_planning_simulation,0.0,0.0,traveler_time_loss_scenario_estimate_not_operator_cash_ledger,0.0,0.0,beidaihe_summer_cultural_event
q4_event_counterfactual_2026.csv,2026-08-13,BDH,79363.21383975889,79363.21383975889,0.0,21,21.0,181,181.0,0.0,2.2,0.0,0.0,0.0,0.0,0,0,0,21,181,2.8,0.1,79363.21383975889,counterfactual_planning_simulation,0.0,0.0,traveler_time_loss_scenario_estimate_not_operator_cash_ledger,0.0,0.0,beidaihe_summer_cultural_event
q4_event_counterfactual_2026.csv,2026-08-14,BDH,74613.7611949939,74613.7611949939,0.0,20,20.0,171,171.0,0.0,2.2,0.0,0.0,0.0,0.0,0,0,0,20,171,2.8,0.1,74613.7611949939,counterfactual_planning_simulation,0.0,0.0,traveler_time_loss_scenario_estimate_not_operator_cash_ledger,0.0,0.0,beidaihe_summer_cultural_event
q4_event_counterfactual_2026.csv,2026-08-15,BDH,101674.87245924155,101674.87245924155,0.0,27,27.0,232,232.0,0.0,2.2,0.0,0.0,0.0,0.0,0,0,0,27,232,2.8,0.1,101674.87245924155,counterfactual_planning_simulation,0.0,0.0,traveler_time_loss_scenario_estimate_not_operator_cash_ledger,0.0,0.0,beidaihe_summer_cultural_event
q4_event_counterfactual_2026.csv,2026-08-16,BDH,93345.94521997082,93345.94521997082,0.0,25,25.0,214,214.0,0.0,2.2,0.0,0.0,0.0,0.0,0,0,0,25,214,2.8,0.1,93345.94521997082,counterfactual_planning_simulation,0.0,0.0,traveler_time_loss_scenario_estimate_not_operator_cash_ledger,0.0,0.0,beidaihe_summer_cultural_event
q4_event_counterfactual_2026.csv,2026-08-17,BDH,59764.24481257843,59764.24481257843,0.0,16,16.0,137,137.0,0.0,2.2,0.0,0.0,0.0,0.0,0,0,0,16,137,2.8,0.1,59764.24481257843,counterfactual_planning_simulation,0.0,0.0,traveler_time_loss_scenario_estimate_not_operator_cash_ledger,0.0,0.0,beidaihe_summer_cultural_event
q4_event_counterfactual_2026.csv,2026-08-18,BDH,59107.39594279354,59107.39594279354,0.0,16,16.0,136,136.0,0.0,2.2,0.0,0.0,0.0,0.0,0,0,0,16,136,2.8,0.1,59107.39594279354,counterfactual_planning_simulation,0.0,0.0,traveler_time_loss_scenario_estimate_not_operator_cash_ledger,0.0,0.0,beidaihe_summer_cultural_event
q4_event_counterfactual_2026.csv,2026-08-19,BDH,45569.8483299896,45569.8483299896,0.0,12,12.0,104,104.0,0.0,2.2,0.0,0.0,0.0,0.0,0,0,0,12,104,2.8,0.1,45569.8483299896,counterfactual_planning_simulation,0.0,0.0,traveler_time_loss_scenario_estimate_not_operator_cash_ledger,0.0,0.0,beidaihe_summer_cultural_event
q4_event_counterfactual_2026.csv,2026-08-20,BDH,47114.46143029376,47114.46143029376,0.0,13,13.0,108,108.0,0.0,2.2,0.0,0.0,0.0,0.0,0,0,0,13,108,2.8,0.1,47114.46143029376,counterfactual_planning_simulation,0.0,0.0,traveler_time_loss_scenario_estimate_not_operator_cash_ledger,0.0,0.0,beidaihe_summer_cultural_event
q4_event_counterfactual_2026.csv,2026-08-21,BDH,48142.39014249943,48142.39014249943,0.0,13,13.0,111,111.0,0.0,2.2,0.0,0.0,0.0,0.0,0,0,0,13,111,2.8,0.1,48142.39014249943,counterfactual_planning_simulation,0.0,0.0,traveler_time_loss_scenario_estimate_not_operator_cash_ledger,0.0,0.0,beidaihe_summer_cultural_event
q4_event_counterfactual_2026.csv,2026-08-22,BDH,69589.08123193243,69589.08123193243,0.0,19,19.0,160,160.0,0.0,2.2,0.0,0.0,0.0,0.0,0,0,0,19,160,2.8,0.1,69589.08123193243,counterfactual_planning_simulation,0.0,0.0,traveler_time_loss_scenario_estimate_not_operator_cash_ledger,0.0,0.0,beidaihe_summer_cultural_event
q4_event_counterfactual_2026.csv,2026-08-23,BDH,63912.83383076747,63912.83383076747,0.0,17,17.0,147,147.0,0.0,2.2,0.0,0.0,0.0,0.0,0,0,0,17,147,2.8,0.1,63912.83383076747,counterfactual_planning_simulation,0.0,0.0,traveler_time_loss_scenario_estimate_not_operator_cash_ledger,0.0,0.0,beidaihe_summer_cultural_event
q4_event_counterfactual_2026.csv,2026-08-24,BDH,38683.73906748856,38683.73906748856,0.0,11,11.0,89,89.0,0.0,2.2,0.0,0.0,0.0,0.0,0,0,0,11,89,2.8,0.1,38683.73906748856,counterfactual_planning_simulation,0.0,0.0,traveler_time_loss_scenario_estimate_not_operator_cash_ledger,0.0,0.0,beidaihe_summer_cultural_event
q4_event_counterfactual_2026.csv,2026-08-25,BDH,35432.66736106511,35432.66736106511,0.0,10,10.0,82,82.0,0.0,2.2,0.0,0.0,0.0,0.0,0,0,0,10,82,2.8,0.1,35432.66736106511,counterfactual_planning_simulation,0.0,0.0,traveler_time_loss_scenario_estimate_not_operator_cash_ledger,0.0,0.0,beidaihe_summer_cultural_event
q4_event_counterfactual_2026.csv,2026-08-26,BDH,29335.769943663807,29335.769943663807,0.0,8,8.0,68,68.0,0.0,2.2,0.0,0.0,0.0,0.0,0,0,0,8,68,2.8,0.1,29335.769943663807,counterfactual_planning_simulation,0.0,0.0,traveler_time_loss_scenario_estimate_not_operator_cash_ledger,0.0,0.0,beidaihe_summer_cultural_event
q4_event_counterfactual_2026.csv,2026-08-27,BDH,24600.99666073946,24600.99666073946,0.0,7,7.0,58,58.0,0.0,2.2,0.0,0.0,0.0,0.0,0,0,0,7,58,2.8,0.1,24600.99666073946,counterfactual_planning_simulation,0.0,0.0,traveler_time_loss_scenario_estimate_not_operator_cash_ledger,0.0,0.0,beidaihe_summer_cultural_event
q4_event_counterfactual_2026.csv,2026-08-28,BDH,22928.758936967857,22928.758936967857,0.0,6,6.0,53,53.0,0.0,2.2,0.0,0.0,0.0,0.0,0,0,0,6,53,2.8,0.1,22928.758936967857,counterfactual_planning_simulation,0.0,0.0,traveler_time_loss_scenario_estimate_not_operator_cash_ledger,0.0,0.0,beidaihe_summer_cultural_event
q4_event_counterfactual_2026.csv,2026-08-29,BDH,43987.44094989365,43987.44094989365,0.0,12,12.0,102,102.0,0.0,2.2,0.0,0.0,0.0,0.0,0,0,0,12,102,2.8,0.1,43987.44094989365,counterfactual_planning_simulation,0.0,0.0,traveler_time_loss_scenario_estimate_not_operator_cash_ledger,0.0,0.0,beidaihe_summer_cultural_event
q4_event_counterfactual_2026.csv,2026-08-30,BDH,42989.414780751074,42989.414780751074,0.0,12,12.0,99,99.0,0.0,2.2,0.0,0.0,0.0,0.0,0,0,0,12,99,2.8,0.1,42989.414780751074,counterfactual_planning_simulation,0.0,0.0,traveler_time_loss_scenario_estimate_not_operator_cash_ledger,0.0,0.0,beidaihe_summer_cultural_event
q4_event_counterfactual_2026.csv,2026-08-31,BDH,19130.683776152106,19130.683776152106,0.0,5,5.0,44,44.0,0.0,2.2,0.0,0.0,0.0,0.0,0,0,0,5,44,2.8,0.1,19130.683776152106,counterfactual_planning_simulation,0.0,0.0,traveler_time_loss_scenario_estimate_not_operator_cash_ledger,0.0,0.0,beidaihe_summer_cultural_event
q4_event_counterfactual_2026.csv,2026-09-01,BDH,26663.82602780493,26663.82602780493,0.0,7,7.0,62,62.0,0.0,2.2,0.0,0.0,0.0,0.0,0,0,0,7,62,2.8,0.1,26663.82602780493,counterfactual_planning_simulation,0.0,0.0,traveler_time_loss_scenario_estimate_not_operator_cash_ledger,0.0,0.0,beidaihe_summer_cultural_event
q4_event_counterfactual_2026.csv,2026-09-02,BDH,22654.660992061657,22654.660992061657,0.0,6,6.0,52,52.0,0.0,2.2,0.0,0.0,0.0,0.0,0,0,0,6,52,2.8,0.1,22654.660992061657,counterfactual_planning_simulation,0.0,0.0,traveler_time_loss_scenario_estimate_not_operator_cash_ledger,0.0,0.0,beidaihe_summer_cultural_event
q4_event_counterfactual_2026.csv,2026-09-03,BDH,19778.954921537068,19778.954921537068,0.0,6,6.0,47,47.0,0.0,2.2,0.0,0.0,0.0,0.0,0,0,0,6,47,2.8,0.1,19778.954921537068,counterfactual_planning_simulation,0.0,0.0,traveler_time_loss_scenario_estimate_not_operator_cash_ledger,0.0,0.0,beidaihe_summer_cultural_event
q4_event_counterfactual_2026.csv,2026-09-04,BDH,22820.58246769597,22820.58246769597,0.0,6,6.0,53,53.0,0.0,2.2,0.0,0.0,0.0,0.0,0,0,0,6,53,2.8,0.1,22820.58246769597,counterfactual_planning_simulation,0.0,0.0,traveler_time_loss_scenario_estimate_not_operator_cash_ledger,0.0,0.0,beidaihe_summer_cultural_event
q4_event_counterfactual_2026.csv,2026-09-05,BDH,44710.410197444246,44710.410197444246,0.0,12,12.0,103,103.0,0.0,2.2,0.0,0.0,0.0,0.0,0,0,0,12,103,2.8,0.1,44710.410197444246,counterfactual_planning_simulation,0.0,0.0,traveler_time_loss_scenario_estimate_not_operator_cash_ledger,0.0,0.0,beidaihe_summer_cultural_event
q4_event_counterfactual_2026.csv,2026-09-06,BDH,43226.28223070988,43226.28223070988,0.0,12,12.0,100,100.0,0.0,2.2,0.0,0.0,0.0,0.0,0,0,0,12,100,2.8,0.1,43226.28223070988,counterfactual_planning_simulation,0.0,0.0,traveler_time_loss_scenario_estimate_not_operator_cash_ledger,0.0,0.0,beidaihe_summer_cultural_event
q4_event_counterfactual_2026.csv,2026-09-07,BDH,21068.044719437832,21068.044719437832,0.0,6,6.0,49,49.0,0.0,2.2,0.0,0.0,0.0,0.0,0,0,0,6,49,2.8,0.1,21068.044719437832,counterfactual_planning_simulation,0.0,0.0,traveler_time_loss_scenario_estimate_not_operator_cash_ledger,0.0,0.0,beidaihe_summer_cultural_event
q4_event_counterfactual_2026.csv,2026-09-08,BDH,22822.23252260104,22822.23252260104,0.0,6,6.0,53,53.0,0.0,2.2,0.0,0.0,0.0,0.0,0,0,0,6,53,2.8,0.1,22822.23252260104,counterfactual_planning_simulation,0.0,0.0,traveler_time_loss_scenario_estimate_not_operator_cash_ledger,0.0,0.0,beidaihe_summer_cultural_event
q4_event_counterfactual_2026.csv,2026-09-09,BDH,20663.766432015003,20663.766432015003,0.0,6,6.0,48,48.0,0.0,2.2,0.0,0.0,0.0,0.0,0,0,0,6,48,2.8,0.1,20663.766432015003,counterfactual_planning_simulation,0.0,0.0,traveler_time_loss_scenario_estimate_not_operator_cash_ledger,0.0,0.0,beidaihe_summer_cultural_event
q4_event_counterfactual_2026.csv,2026-09-10,BDH,18311.3179228032,18311.3179228032,0.0,5,5.0,43,43.0,0.0,2.2,0.0,0.0,0.0,0.0,0,0,0,5,43,2.8,0.1,18311.3179228032,counterfactual_planning_simulation,0.0,0.0,traveler_time_loss_scenario_estimate_not_operator_cash_ledger,0.0,0.0,beidaihe_summer_cultural_event
q4_event_counterfactual_2026.csv,2026-09-11,BDH,16954.915057464314,16954.915057464314,0.0,5,5.0,40,40.0,0.0,2.2,0.0,0.0,0.0,0.0,0,0,0,5,40,2.8,0.1,16954.915057464314,counterfactual_planning_simulation,0.0,0.0,traveler_time_loss_scenario_estimate_not_operator_cash_ledger,0.0,0.0,beidaihe_summer_cultural_event
q4_event_counterfactual_2026.csv,2026-09-12,BDH,43770.30569894778,43770.30569894778,0.0,12,12.0,101,101.0,0.0,2.2,0.0,0.0,0.0,0.0,0,0,0,12,101,2.8,0.1,43770.30569894778,counterfactual_planning_simulation,0.0,0.0,traveler_time_loss_scenario_estimate_not_operator_cash_ledger,0.0,0.0,beidaihe_summer_cultural_event
q4_event_counterfactual_2026.csv,2026-09-13,BDH,39547.56125767912,39547.56125767912,0.0,11,11.0,92,92.0,0.0,2.2,0.0,0.0,0.0,0.0,0,0,0,11,92,2.8,0.1,39547.56125767912,counterfactual_planning_simulation,0.0,0.0,traveler_time_loss_scenario_estimate_not_operator_cash_ledger,0.0,0.0,beidaihe_summer_cultural_event
q4_event_counterfactual_2026.csv,2026-09-14,BDH,21948.43803904332,21948.43803904332,0.0,6,6.0,51,51.0,0.0,2.2,0.0,0.0,0.0,0.0,0,0,0,6,51,2.8,0.1,21948.43803904332,counterfactual_planning_simulation,0.0,0.0,traveler_time_loss_scenario_estimate_not_operator_cash_ledger,0.0,0.0,beidaihe_summer_cultural_event
q4_event_counterfactual_2026.csv,2026-09-15,BDH,23038.409162530203,23038.409162530203,0.0,6,6.0,54,54.0,0.0,2.2,0.0,0.0,0.0,0.0,0,0,0,6,54,2.8,0.1,23038.409162530203,counterfactual_planning_simulation,0.0,0.0,traveler_time_loss_scenario_estimate_not_operator_cash_ledger,0.0,0.0,beidaihe_summer_cultural_event
q4_event_counterfactual_2026.csv,2026-09-16,BDH,19212.262450761853,19212.262450761853,0.0,6,6.0,45,45.0,0.0,2.2,0.0,0.0,0.0,0.0,0,0,0,6,45,2.8,0.1,19212.262450761853,counterfactual_planning_simulation,0.0,0.0,traveler_time_loss_scenario_estimate_not_operator_cash_ledger,0.0,0.0,beidaihe_summer_cultural_event
q4_event_counterfactual_2026.csv,2026-09-17,BDH,18835.699384969103,18835.699384969103,0.0,5,5.0,44,44.0,0.0,2.2,0.0,0.0,0.0,0.0,0,0,0,5,44,2.8,0.1,18835.699384969103,counterfactual_planning_simulation,0.0,0.0,traveler_time_loss_scenario_estimate_not_operator_cash_ledger,0.0,0.0,beidaihe_summer_cultural_event
q4_event_counterfactual_2026.csv,2026-09-18,BDH,19094.98247617933,19094.98247617933,0.0,5,5.0,44,44.0,0.0,2.2,0.0,0.0,0.0,0.0,0,0,0,5,44,2.8,0.1,19094.98247617933,counterfactual_planning_simulation,0.0,0.0,traveler_time_loss_scenario_estimate_not_operator_cash_ledger,0.0,0.0,beidaihe_summer_cultural_event
q4_event_counterfactual_2026.csv,2026-09-19,BDH,46831.60546715636,46831.60546715636,0.0,13,13.0,108,108.0,0.0,2.2,0.0,0.0,0.0,0.0,0,0,0,13,108,2.8,0.1,46831.60546715636,counterfactual_planning_simulation,0.0,0.0,traveler_time_loss_scenario_estimate_not_operator_cash_ledger,0.0,0.0,beidaihe_summer_cultural_event
q4_event_counterfactual_2026.csv,2026-09-20,BDH,43102.423828218045,43102.423828218045,0.0,12,12.0,100,100.0,0.0,2.2,0.0,0.0,0.0,0.0,0,0,0,12,100,2.8,0.1,43102.423828218045,counterfactual_planning_simulation,0.0,0.0,traveler_time_loss_scenario_estimate_not_operator_cash_ledger,0.0,0.0,beidaihe_summer_cultural_event
q4_event_counterfactual_2026.csv,2026-09-21,BDH,20403.09773319654,20403.09773319654,0.0,6,6.0,48,48.0,0.0,2.2,0.0,0.0,0.0,0.0,0,0,0,6,48,2.8,0.1,20403.09773319654,counterfactual_planning_simulation,0.0,0.0,traveler_time_loss_scenario_estimate_not_operator_cash_ledger,0.0,0.0,beidaihe_summer_cultural_event
q4_event_counterfactual_2026.csv,2026-09-22,BDH,18545.03914513032,18545.03914513032,0.0,5,5.0,43,43.0,0.0,2.2,0.0,0.0,0.0,0.0,0,0,0,5,43,2.8,0.1,18545.03914513032,counterfactual_planning_simulation,0.0,0.0,traveler_time_loss_scenario_estimate_not_operator_cash_ledger,0.0,0.0,beidaihe_summer_cultural_event
q4_event_counterfactual_2026.csv,2026-09-23,BDH,18125.109983623945,18125.109983623945,0.0,5,5.0,43,43.0,0.0,2.2,0.0,0.0,0.0,0.0,0,0,0,5,43,2.8,0.1,18125.109983623945,counterfactual_planning_simulation,0.0,0.0,traveler_time_loss_scenario_estimate_not_operator_cash_ledger,0.0,0.0,beidaihe_summer_cultural_event
q4_event_counterfactual_2026.csv,2026-09-24,BDH,17657.90989736351,17657.90989736351,0.0,5,5.0,41,41.0,0.0,2.2,0.0,0.0,0.0,0.0,0,0,0,5,41,2.8,0.1,17657.90989736351,counterfactual_planning_simulation,0.0,0.0,traveler_time_loss_scenario_estimate_not_operator_cash_ledger,0.0,0.0,beidaihe_summer_cultural_event
q4_event_counterfactual_2026.csv,2026-09-25,BDH,17327.498363161274,17327.498363161274,0.0,5,5.0,41,41.0,0.0,2.2,0.0,0.0,0.0,0.0,0,0,0,5,41,2.8,0.1,17327.498363161274,counterfactual_planning_simulation,0.0,0.0,traveler_time_loss_scenario_estimate_not_operator_cash_ledger,0.0,0.0,beidaihe_summer_cultural_event
q4_event_counterfactual_2026.csv,2026-09-26,BDH,43455.56913754053,43455.56913754053,0.0,12,12.0,100,100.0,0.0,2.2,0.0,0.0,0.0,0.0,0,0,0,12,100,2.8,0.1,43455.56913754053,counterfactual_planning_simulation,0.0,0.0,traveler_time_loss_scenario_estimate_not_operator_cash_ledger,0.0,0.0,beidaihe_summer_cultural_event
q4_event_counterfactual_2026.csv,2026-09-27,BDH,43058.90789081042,43058.90789081042,0.0,12,12.0,100,100.0,0.0,2.2,0.0,0.0,0.0,0.0,0,0,0,12,100,2.8,0.1,43058.90789081042,counterfactual_planning_simulation,0.0,0.0,traveler_time_loss_scenario_estimate_not_operator_cash_ledger,0.0,0.0,beidaihe_summer_cultural_event
q4_event_counterfactual_2026.csv,2026-09-28,BDH,21058.96378980161,21058.96378980161,0.0,6,6.0,49,49.0,0.0,2.2,0.0,0.0,0.0,0.0,0,0,0,6,49,2.8,0.1,21058.96378980161,counterfactual_planning_simulation,0.0,0.0,traveler_time_loss_scenario_estimate_not_operator_cash_ledger,0.0,0.0,beidaihe_summer_cultural_event
q4_event_counterfactual_2026.csv,2026-09-29,BDH,28184.725912826747,28184.725912826747,0.0,8,8.0,66,66.0,0.0,2.2,0.0,0.0,0.0,0.0,0,0,0,8,66,2.8,0.1,28184.725912826747,counterfactual_planning_simulation,0.0,0.0,traveler_time_loss_scenario_estimate_not_operator_cash_ledger,0.0,0.0,beidaihe_summer_cultural_event
q4_event_counterfactual_2026.csv,2026-09-30,BDH,27392.6395660431,27392.6395660431,0.0,8,8.0,64,64.0,0.0,2.2,0.0,0.0,0.0,0.0,0,0,0,8,64,2.8,0.1,27392.6395660431,counterfactual_planning_simulation,0.0,0.0,traveler_time_loss_scenario_estimate_not_operator_cash_ledger,0.0,0.0,beidaihe_summer_cultural_event
q4_event_counterfactual_2026.csv,2026-10-01,BDH,35179.042696682234,35179.042696682234,0.0,10,10.0,82,82.0,0.0,2.2,0.0,0.0,0.0,0.0,0,0,0,10,82,2.8,0.1,35179.042696682234,counterfactual_planning_simulation,0.0,0.0,traveler_time_loss_scenario_estimate_not_operator_cash_ledger,0.0,0.0,beidaihe_summer_cultural_event
q4_event_counterfactual_2026.csv,2026-10-02,BDH,43051.34164038904,43051.34164038904,0.0,12,12.0,100,100.0,0.0,2.2,0.0,0.0,0.0,0.0,0,0,0,12,100,2.8,0.1,43051.34164038904,counterfactual_planning_simulation,0.0,0.0,traveler_time_loss_scenario_estimate_not_operator_cash_ledger,0.0,0.0,beidaihe_summer_cultural_event
q4_event_counterfactual_2026.csv,2026-10-03,BDH,71679.02449755344,71679.02449755344,0.0,19,19.0,163,163.0,0.0,2.2,0.0,0.0,0.0,0.0,0,0,0,19,163,2.8,0.1,71679.02449755344,counterfactual_planning_simulation,0.0,0.0,traveler_time_loss_scenario_estimate_not_operator_cash_ledger,0.0,0.0,beidaihe_summer_cultural_event
q4_event_counterfactual_2026.csv,2026-10-04,BDH,70212.07400774423,70212.07400774423,0.0,19,19.0,161,161.0,0.0,2.2,0.0,0.0,0.0,0.0,0,0,0,19,161,2.8,0.1,70212.07400774423,counterfactual_planning_simulation,0.0,0.0,traveler_time_loss_scenario_estimate_not_operator_cash_ledger,0.0,0.0,beidaihe_summer_cultural_event
q4_event_counterfactual_2026.csv,2026-10-05,BDH,37210.41115065308,37210.41115065308,0.0,10,10.0,85,85.0,0.0,2.2,0.0,0.0,0.0,0.0,0,0,0,10,85,2.8,0.1,37210.41115065308,counterfactual_planning_simulation,0.0,0.0,traveler_time_loss_scenario_estimate_not_operator_cash_ledger,0.0,0.0,beidaihe_summer_cultural_event
q4_event_counterfactual_2026.csv,2026-10-06,BDH,27263.32743592925,27263.32743592925,0.0,8,8.0,64,64.0,0.0,2.2,0.0,0.0,0.0,0.0,0,0,0,8,64,2.8,0.1,27263.32743592925,counterfactual_planning_simulation,0.0,0.0,traveler_time_loss_scenario_estimate_not_operator_cash_ledger,0.0,0.0,beidaihe_summer_cultural_event
q4_event_counterfactual_2026.csv,2026-10-07,BDH,20072.22323021825,20072.22323021825,0.0,6,6.0,48,48.0,0.0,2.2,0.0,0.0,0.0,0.0,0,0,0,6,48,2.8,0.1,20072.22323021825,counterfactual_planning_simulation,0.0,0.0,traveler_time_loss_scenario_estimate_not_operator_cash_ledger,0.0,0.0,beidaihe_summer_cultural_event
q4_event_counterfactual_2026.csv,2026-10-08,BDH,13820.300560481812,13820.300560481812,0.0,4,4.0,33,33.0,0.0,2.2,0.0,0.0,0.0,0.0,0,0,0,4,33,2.8,0.1,13820.300560481812,counterfactual_planning_simulation,0.0,0.0,traveler_time_loss_scenario_estimate_not_operator_cash_ledger,0.0,0.0,beidaihe_summer_cultural_event
q4_event_counterfactual_2026.csv,2026-10-09,BDH,12800.866778122236,12800.866778122236,0.0,4,4.0,30,30.0,0.0,2.2,0.0,0.0,0.0,0.0,0,0,0,4,30,2.8,0.1,12800.866778122236,counterfactual_planning_simulation,0.0,0.0,traveler_time_loss_scenario_estimate_not_operator_cash_ledger,0.0,0.0,beidaihe_summer_cultural_event
q4_event_counterfactual_2026.csv,2026-10-10,BDH,31925.735998460445,31925.735998460445,0.0,9,9.0,74,74.0,0.0,2.2,0.0,0.0,0.0,0.0,0,0,0,9,74,2.8,0.1,31925.735998460445,counterfactual_planning_simulation,0.0,0.0,traveler_time_loss_scenario_estimate_not_operator_cash_ledger,0.0,0.0,beidaihe_summer_cultural_event
q4_event_counterfactual_2026.csv,2026-10-11,BDH,26633.842612900826,26633.842612900826,0.0,7,7.0,62,62.0,0.0,2.2,0.0,0.0,0.0,0.0,0,0,0,7,62,2.8,0.1,26633.842612900826,counterfactual_planning_simulation,0.0,0.0,traveler_time_loss_scenario_estimate_not_operator_cash_ledger,0.0,0.0,beidaihe_summer_cultural_event
q4_event_counterfactual_2026.csv,2026-10-12,BDH,9724.058995611094,9724.058995611094,0.0,3,3.0,23,23.0,0.0,2.2,0.0,0.0,0.0,0.0,0,0,0,3,23,2.8,0.1,9724.058995611094,counterfactual_planning_simulation,0.0,0.0,traveler_time_loss_scenario_estimate_not_operator_cash_ledger,0.0,0.0,beidaihe_summer_cultural_event
q4_event_counterfactual_2026.csv,2026-10-13,BDH,8682.084128564053,8682.084128564053,0.0,3,3.0,22,22.0,0.0,2.2,0.0,0.0,0.0,0.0,0,0,0,3,22,2.8,0.1,8682.084128564053,counterfactual_planning_simulation,0.0,0.0,traveler_time_loss_scenario_estimate_not_operator_cash_ledger,0.0,0.0,beidaihe_summer_cultural_event
q4_event_counterfactual_2026.csv,2026-10-14,BDH,7216.547538931238,7216.547538931238,0.0,3,3.0,19,19.0,0.0,2.2,0.0,0.0,0.0,0.0,0,0,0,3,19,2.8,0.1,7216.547538931238,counterfactual_planning_simulation,0.0,0.0,traveler_time_loss_scenario_estimate_not_operator_cash_ledger,0.0,0.0,beidaihe_summer_cultural_event
q4_event_counterfactual_2026.csv,2026-10-15,BDH,6607.421715115553,6607.421715115553,0.0,3,3.0,18,18.0,0.0,2.2,0.0,0.0,0.0,0.0,0,0,0,3,18,2.8,0.1,6607.421715115553,counterfactual_planning_simulation,0.0,0.0,traveler_time_loss_scenario_estimate_not_operator_cash_ledger,0.0,0.0,beidaihe_summer_cultural_event
q4_event_counterfactual_2026.csv,2026-10-16,BDH,6086.2783147381215,6086.2783147381215,0.0,3,3.0,16,16.0,0.0,2.2,0.0,0.0,0.0,0.0,0,0,0,3,16,2.8,0.1,6086.2783147381215,counterfactual_planning_simulation,0.0,0.0,traveler_time_loss_scenario_estimate_not_operator_cash_ledger,0.0,0.0,beidaihe_summer_cultural_event
q4_event_counterfactual_2026.csv,2026-10-17,BDH,26891.148379344177,26891.148379344177,0.0,8,8.0,63,63.0,0.0,2.2,0.0,0.0,0.0,0.0,0,0,0,8,63,2.8,0.1,26891.148379344177,counterfactual_planning_simulation,0.0,0.0,traveler_time_loss_scenario_estimate_not_operator_cash_ledger,0.0,0.0,beidaihe_summer_cultural_event
q4_event_counterfactual_2026.csv,2026-10-18,BDH,25346.207869474943,25346.207869474943,0.0,7,7.0,59,59.0,0.0,2.2,0.0,0.0,0.0,0.0,0,0,0,7,59,2.8,0.1,25346.207869474943,counterfactual_planning_simulation,0.0,0.0,traveler_time_loss_scenario_estimate_not_operator_cash_ledger,0.0,0.0,beidaihe_summer_cultural_event
q4_event_counterfactual_2026.csv,2026-10-19,BDH,6039.151746855656,6039.151746855656,0.0,3,3.0,16,16.0,0.0,2.2,0.0,0.0,0.0,0.0,0,0,0,3,16,2.8,0.1,6039.151746855656,counterfactual_planning_simulation,0.0,0.0,traveler_time_loss_scenario_estimate_not_operator_cash_ledger,0.0,0.0,beidaihe_summer_cultural_event
q4_event_counterfactual_2026.csv,2026-10-20,BDH,8806.72592359824,8806.72592359824,0.0,3,3.0,22,22.0,0.0,2.2,0.0,0.0,0.0,0.0,0,0,0,3,22,2.8,0.1,8806.72592359824,counterfactual_planning_simulation,0.0,0.0,traveler_time_loss_scenario_estimate_not_operator_cash_ledger,0.0,0.0,beidaihe_summer_cultural_event
q4_event_counterfactual_2026.csv,2026-10-21,BDH,6027.370677720975,6027.370677720975,0.0,3,3.0,16,16.0,0.0,2.2,0.0,0.0,0.0,0.0,0,0,0,3,16,2.8,0.1,6027.370677720975,counterfactual_planning_simulation,0.0,0.0,traveler_time_loss_scenario_estimate_not_operator_cash_ledger,0.0,0.0,beidaihe_summer_cultural_event
q4_event_counterfactual_2026.csv,2026-10-22,BDH,5266.832022651931,5266.832022651931,0.0,3,3.0,15,15.0,0.0,2.2,0.0,0.0,0.0,0.0,0,0,0,3,15,2.8,0.1,5266.832022651931,counterfactual_planning_simulation,0.0,0.0,traveler_time_loss_scenario_estimate_not_operator_cash_ledger,0.0,0.0,beidaihe_summer_cultural_event
q4_event_counterfactual_2026.csv,2026-10-23,BDH,5266.832022651931,5266.832022651931,0.0,3,3.0,15,15.0,0.0,2.2,0.0,0.0,0.0,0.0,0,0,0,3,15,2.8,0.1,5266.832022651931,counterfactual_planning_simulation,0.0,0.0,traveler_time_loss_scenario_estimate_not_operator_cash_ledger,0.0,0.0,beidaihe_summer_cultural_event
q4_event_counterfactual_2026.csv,2026-10-24,BDH,24849.060820932733,24849.060820932733,0.0,7,7.0,58,58.0,0.0,2.2,0.0,0.0,0.0,0.0,0,0,0,7,58,2.8,0.1,24849.060820932733,counterfactual_planning_simulation,0.0,0.0,traveler_time_loss_scenario_estimate_not_operator_cash_ledger,0.0,0.0,beidaihe_summer_cultural_event
q4_event_counterfactual_2026.csv,2026-10-25,BDH,23307.561513735927,23307.561513735927,0.0,7,7.0,55,55.0,0.0,2.2,0.0,0.0,0.0,0.0,0,0,0,7,55,2.8,0.1,23307.561513735927,counterfactual_planning_simulation,0.0,0.0,traveler_time_loss_scenario_estimate_not_operator_cash_ledger,0.0,0.0,beidaihe_summer_cultural_event
q4_event_counterfactual_2026.csv,2026-10-26,BDH,5266.832022651931,5266.832022651931,0.0,3,3.0,15,15.0,0.0,2.2,0.0,0.0,0.0,0.0,0,0,0,3,15,2.8,0.1,5266.832022651931,counterfactual_planning_simulation,0.0,0.0,traveler_time_loss_scenario_estimate_not_operator_cash_ledger,0.0,0.0,beidaihe_summer_cultural_event
q4_event_counterfactual_2026.csv,2026-10-27,BDH,5266.832022651931,5266.832022651931,0.0,3,3.0,15,15.0,0.0,2.2,0.0,0.0,0.0,0.0,0,0,0,3,15,2.8,0.1,5266.832022651931,counterfactual_planning_simulation,0.0,0.0,traveler_time_loss_scenario_estimate_not_operator_cash_ledger,0.0,0.0,beidaihe_summer_cultural_event
q4_event_counterfactual_2026.csv,2026-10-28,BDH,5266.832022651931,5266.832022651931,0.0,3,3.0,15,15.0,0.0,2.2,0.0,0.0,0.0,0.0,0,0,0,3,15,2.8,0.1,5266.832022651931,counterfactual_planning_simulation,0.0,0.0,traveler_time_loss_scenario_estimate_not_operator_cash_ledger,0.0,0.0,beidaihe_summer_cultural_event
q4_event_counterfactual_2026.csv,2026-10-29,BDH,5266.832022651931,5266.832022651931,0.0,3,3.0,15,15.0,0.0,2.2,0.0,0.0,0.0,0.0,0,0,0,3,15,2.8,0.1,5266.832022651931,counterfactual_planning_simulation,0.0,0.0,traveler_time_loss_scenario_estimate_not_operator_cash_ledger,0.0,0.0,beidaihe_summer_cultural_event
q4_event_counterfactual_2026.csv,2026-10-30,BDH,5266.832022651931,5266.832022651931,0.0,3,3.0,15,15.0,0.0,2.2,0.0,0.0,0.0,0.0,0,0,0,3,15,2.8,0.1,5266.832022651931,counterfactual_planning_simulation,0.0,0.0,traveler_time_loss_scenario_estimate_not_operator_cash_ledger,0.0,0.0,beidaihe_summer_cultural_event
q4_event_counterfactual_2026.csv,2026-10-31,BDH,23061.424731306623,23061.424731306623,0.0,7,7.0,55,55.0,0.0,2.2,0.0,0.0,0.0,0.0,0,0,0,7,55,2.8,0.1,23061.424731306623,counterfactual_planning_simulation,0.0,0.0,traveler_time_loss_scenario_estimate_not_operator_cash_ledger,0.0,0.0,beidaihe_summer_cultural_event
q4_event_counterfactual_2026.csv,2026-11-01,BDH,20247.94005027716,20247.94005027716,0.0,6,6.0,48,48.0,0.0,2.2,0.0,0.0,0.0,0.0,0,0,0,6,48,2.8,0.1,20247.94005027716,counterfactual_planning_simulation,0.0,0.0,traveler_time_loss_scenario_estimate_not_operator_cash_ledger,0.0,0.0,beidaihe_summer_cultural_event
q4_event_counterfactual_2026.csv,2026-11-02,BDH,5266.832022651931,5266.832022651931,0.0,3,3.0,15,15.0,0.0,2.2,0.0,0.0,0.0,0.0,0,0,0,3,15,2.8,0.1,5266.832022651931,counterfactual_planning_simulation,0.0,0.0,traveler_time_loss_scenario_estimate_not_operator_cash_ledger,0.0,0.0,beidaihe_summer_cultural_event
q4_event_counterfactual_2026.csv,2026-11-03,BDH,5266.832022651931,5266.832022651931,0.0,3,3.0,15,15.0,0.0,2.2,0.0,0.0,0.0,0.0,0,0,0,3,15,2.8,0.1,5266.832022651931,counterfactual_planning_simulation,0.0,0.0,traveler_time_loss_scenario_estimate_not_operator_cash_ledger,0.0,0.0,beidaihe_summer_cultural_event
q4_event_counterfactual_2026.csv,2026-11-04,BDH,5266.832022651931,5266.832022651931,0.0,3,3.0,15,15.0,0.0,2.2,0.0,0.0,0.0,0.0,0,0,0,3,15,2.8,0.1,5266.832022651931,counterfactual_planning_simulation,0.0,0.0,traveler_time_loss_scenario_estimate_not_operator_cash_ledger,0.0,0.0,beidaihe_summer_cultural_event
q4_event_counterfactual_2026.csv,2026-11-05,BDH,5266.832022651931,5266.832022651931,0.0,3,3.0,15,15.0,0.0,2.2,0.0,0.0,0.0,0.0,0,0,0,3,15,2.8,0.1,5266.832022651931,counterfactual_planning_simulation,0.0,0.0,traveler_time_loss_scenario_estimate_not_operator_cash_ledger,0.0,0.0,beidaihe_summer_cultural_event
q4_event_counterfactual_2026.csv,2026-11-06,BDH,5266.832022651931,5266.832022651931,0.0,3,3.0,15,15.0,0.0,2.2,0.0,0.0,0.0,0.0,0,0,0,3,15,2.8,0.1,5266.832022651931,counterfactual_planning_simulation,0.0,0.0,traveler_time_loss_scenario_estimate_not_operator_cash_ledger,0.0,0.0,beidaihe_summer_cultural_event
q4_event_counterfactual_2026.csv,2026-11-07,BDH,22509.110225671408,22509.110225671408,0.0,6,6.0,52,52.0,0.0,2.2,0.0,0.0,0.0,0.0,0,0,0,6,52,2.8,0.1,22509.110225671408,counterfactual_planning_simulation,0.0,0.0,traveler_time_loss_scenario_estimate_not_operator_cash_ledger,0.0,0.0,beidaihe_summer_cultural_event
q4_event_counterfactual_2026.csv,2026-11-08,BDH,19802.73332452985,19802.73332452985,0.0,6,6.0,47,47.0,0.0,2.2,0.0,0.0,0.0,0.0,0,0,0,6,47,2.8,0.1,19802.73332452985,counterfactual_planning_simulation,0.0,0.0,traveler_time_loss_scenario_estimate_not_operator_cash_ledger,0.0,0.0,beidaihe_summer_cultural_event
q4_event_counterfactual_2026.csv,2026-11-09,BDH,5266.832022651931,5266.832022651931,0.0,3,3.0,15,15.0,0.0,2.2,0.0,0.0,0.0,0.0,0,0,0,3,15,2.8,0.1,5266.832022651931,counterfactual_planning_simulation,0.0,0.0,traveler_time_loss_scenario_estimate_not_operator_cash_ledger,0.0,0.0,beidaihe_summer_cultural_event
q4_event_counterfactual_2026.csv,2026-11-10,BDH,5266.832022651931,5266.832022651931,0.0,3,3.0,15,15.0,0.0,2.2,0.0,0.0,0.0,0.0,0,0,0,3,15,2.8,0.1,5266.832022651931,counterfactual_planning_simulation,0.0,0.0,traveler_time_loss_scenario_estimate_not_operator_cash_ledger,0.0,0.0,beidaihe_summer_cultural_event
q4_event_counterfactual_2026.csv,2026-11-11,BDH,5266.832022651931,5266.832022651931,0.0,3,3.0,15,15.0,0.0,2.2,0.0,0.0,0.0,0.0,0,0,0,3,15,2.8,0.1,5266.832022651931,counterfactual_planning_simulation,0.0,0.0,traveler_time_loss_scenario_estimate_not_operator_cash_ledger,0.0,0.0,beidaihe_summer_cultural_event
q4_event_counterfactual_2026.csv,2026-11-12,BDH,5266.832022651931,5266.832022651931,0.0,3,3.0,15,15.0,0.0,2.2,0.0,0.0,0.0,0.0,0,0,0,3,15,2.8,0.1,5266.832022651931,counterfactual_planning_simulation,0.0,0.0,traveler_time_loss_scenario_estimate_not_operator_cash_ledger,0.0,0.0,beidaihe_summer_cultural_event
q4_event_counterfactual_2026.csv,2026-11-13,BDH,5266.832022651931,5266.832022651931,0.0,3,3.0,15,15.0,0.0,2.2,0.0,0.0,0.0,0.0,0,0,0,3,15,2.8,0.1,5266.832022651931,counterfactual_planning_simulation,0.0,0.0,traveler_time_loss_scenario_estimate_not_operator_cash_ledger,0.0,0.0,beidaihe_summer_cultural_event
q4_event_counterfactual_2026.csv,2026-11-14,BDH,22631.391444821817,22631.391444821817,0.0,6,6.0,52,52.0,0.0,2.2,0.0,0.0,0.0,0.0,0,0,0,6,52,2.8,0.1,22631.391444821817,counterfactual_planning_simulation,0.0,0.0,traveler_time_loss_scenario_estimate_not_operator_cash_ledger,0.0,0.0,beidaihe_summer_cultural_event
q4_event_counterfactual_2026.csv,2026-11-15,BDH,20710.22783647251,20710.22783647251,0.0,6,6.0,48,48.0,0.0,2.2,0.0,0.0,0.0,0.0,0,0,0,6,48,2.8,0.1,20710.22783647251,counterfactual_planning_simulation,0.0,0.0,traveler_time_loss_scenario_estimate_not_operator_cash_ledger,0.0,0.0,beidaihe_summer_cultural_event
q4_event_counterfactual_2026.csv,2026-11-16,BDH,5266.832022651931,5266.832022651931,0.0,3,3.0,15,15.0,0.0,2.2,0.0,0.0,0.0,0.0,0,0,0,3,15,2.8,0.1,5266.832022651931,counterfactual_planning_simulation,0.0,0.0,traveler_time_loss_scenario_estimate_not_operator_cash_ledger,0.0,0.0,beidaihe_summer_cultural_event
q4_event_counterfactual_2026.csv,2026-11-17,BDH,5266.832022651931,5266.832022651931,0.0,3,3.0,15,15.0,0.0,2.2,0.0,0.0,0.0,0.0,0,0,0,3,15,2.8,0.1,5266.832022651931,counterfactual_planning_simulation,0.0,0.0,traveler_time_loss_scenario_estimate_not_operator_cash_ledger,0.0,0.0,beidaihe_summer_cultural_event
q4_event_counterfactual_2026.csv,2026-11-18,BDH,5266.832022651931,5266.832022651931,0.0,3,3.0,15,15.0,0.0,2.2,0.0,0.0,0.0,0.0,0,0,0,3,15,2.8,0.1,5266.832022651931,counterfactual_planning_simulation,0.0,0.0,traveler_time_loss_scenario_estimate_not_operator_cash_ledger,0.0,0.0,beidaihe_summer_cultural_event
q4_event_counterfactual_2026.csv,2026-11-19,BDH,5266.832022651931,5266.832022651931,0.0,3,3.0,15,15.0,0.0,2.2,0.0,0.0,0.0,0.0,0,0,0,3,15,2.8,0.1,5266.832022651931,counterfactual_planning_simulation,0.0,0.0,traveler_time_loss_scenario_estimate_not_operator_cash_ledger,0.0,0.0,beidaihe_summer_cultural_event
q4_event_counterfactual_2026.csv,2026-11-20,BDH,5266.832022651931,5266.832022651931,0.0,3,3.0,15,15.0,0.0,2.2,0.0,0.0,0.0,0.0,0,0,0,3,15,2.8,0.1,5266.832022651931,counterfactual_planning_simulation,0.0,0.0,traveler_time_loss_scenario_estimate_not_operator_cash_ledger,0.0,0.0,beidaihe_summer_cultural_event
q4_event_counterfactual_2026.csv,2026-11-21,BDH,22894.898731789614,22894.898731789614,0.0,6,6.0,53,53.0,0.0,2.2,0.0,0.0,0.0,0.0,0,0,0,6,53,2.8,0.1,22894.898731789614,counterfactual_planning_simulation,0.0,0.0,traveler_time_loss_scenario_estimate_not_operator_cash_ledger,0.0,0.0,beidaihe_summer_cultural_event
q4_event_counterfactual_2026.csv,2026-11-22,BDH,21425.862396389053,21425.862396389053,0.0,6,6.0,50,50.0,0.0,2.2,0.0,0.0,0.0,0.0,0,0,0,6,50,2.8,0.1,21425.862396389053,counterfactual_planning_simulation,0.0,0.0,traveler_time_loss_scenario_estimate_not_operator_cash_ledger,0.0,0.0,beidaihe_summer_cultural_event
q4_event_counterfactual_2026.csv,2026-11-23,BDH,5266.832022651931,5266.832022651931,0.0,3,3.0,15,15.0,0.0,2.2,0.0,0.0,0.0,0.0,0,0,0,3,15,2.8,0.1,5266.832022651931,counterfactual_planning_simulation,0.0,0.0,traveler_time_loss_scenario_estimate_not_operator_cash_ledger,0.0,0.0,beidaihe_summer_cultural_event
q4_event_counterfactual_2026.csv,2026-11-24,BDH,5266.832022651931,5266.832022651931,0.0,3,3.0,15,15.0,0.0,2.2,0.0,0.0,0.0,0.0,0,0,0,3,15,2.8,0.1,5266.832022651931,counterfactual_planning_simulation,0.0,0.0,traveler_time_loss_scenario_estimate_not_operator_cash_ledger,0.0,0.0,beidaihe_summer_cultural_event
q4_event_counterfactual_2026.csv,2026-11-25,BDH,5266.832022651931,5266.832022651931,0.0,3,3.0,15,15.0,0.0,2.2,0.0,0.0,0.0,0.0,0,0,0,3,15,2.8,0.1,5266.832022651931,counterfactual_planning_simulation,0.0,0.0,traveler_time_loss_scenario_estimate_not_operator_cash_ledger,0.0,0.0,beidaihe_summer_cultural_event
q4_event_counterfactual_2026.csv,2026-11-26,BDH,5266.832022651931,5266.832022651931,0.0,3,3.0,15,15.0,0.0,2.2,0.0,0.0,0.0,0.0,0,0,0,3,15,2.8,0.1,5266.832022651931,counterfactual_planning_simulation,0.0,0.0,traveler_time_loss_scenario_estimate_not_operator_cash_ledger,0.0,0.0,beidaihe_summer_cultural_event
q4_event_counterfactual_2026.csv,2026-11-27,BDH,5266.832022651931,5266.832022651931,0.0,3,3.0,15,15.0,0.0,2.2,0.0,0.0,0.0,0.0,0,0,0,3,15,2.8,0.1,5266.832022651931,counterfactual_planning_simulation,0.0,0.0,traveler_time_loss_scenario_estimate_not_operator_cash_ledger,0.0,0.0,beidaihe_summer_cultural_event
q4_event_counterfactual_2026.csv,2026-11-28,BDH,22123.41496018855,22123.41496018855,0.0,6,6.0,51,51.0,0.0,2.2,0.0,0.0,0.0,0.0,0,0,0,6,51,2.8,0.1,22123.41496018855,counterfactual_planning_simulation,0.0,0.0,traveler_time_loss_scenario_estimate_not_operator_cash_ledger,0.0,0.0,beidaihe_summer_cultural_event
q4_event_counterfactual_2026.csv,2026-11-29,BDH,19297.37889778722,19297.37889778722,0.0,6,6.0,45,45.0,0.0,2.2,0.0,0.0,0.0,0.0,0,0,0,6,45,2.8,0.1,19297.37889778722,counterfactual_planning_simulation,0.0,0.0,traveler_time_loss_scenario_estimate_not_operator_cash_ledger,0.0,0.0,beidaihe_summer_cultural_event
q4_event_counterfactual_2026.csv,2026-11-30,BDH,5266.832022651931,5266.832022651931,0.0,3,3.0,15,15.0,0.0,2.2,0.0,0.0,0.0,0.0,0,0,0,3,15,2.8,0.1,5266.832022651931,counterfactual_planning_simulation,0.0,0.0,traveler_time_loss_scenario_estimate_not_operator_cash_ledger,0.0,0.0,beidaihe_summer_cultural_event
q4_event_counterfactual_2026.csv,2026-12-01,BDH,5266.832022651931,5266.832022651931,0.0,3,3.0,15,15.0,0.0,2.2,0.0,0.0,0.0,0.0,0,0,0,3,15,2.8,0.1,5266.832022651931,counterfactual_planning_simulation,0.0,0.0,traveler_time_loss_scenario_estimate_not_operator_cash_ledger,0.0,0.0,beidaihe_summer_cultural_event
q4_event_counterfactual_2026.csv,2026-12-02,BDH,5266.832022651931,5266.832022651931,0.0,3,3.0,15,15.0,0.0,2.2,0.0,0.0,0.0,0.0,0,0,0,3,15,2.8,0.1,5266.832022651931,counterfactual_planning_simulation,0.0,0.0,traveler_time_loss_scenario_estimate_not_operator_cash_ledger,0.0,0.0,beidaihe_summer_cultural_event
q4_event_counterfactual_2026.csv,2026-12-03,BDH,5266.832022651931,5266.832022651931,0.0,3,3.0,15,15.0,0.0,2.2,0.0,0.0,0.0,0.0,0,0,0,3,15,2.8,0.1,5266.832022651931,counterfactual_planning_simulation,0.0,0.0,traveler_time_loss_scenario_estimate_not_operator_cash_ledger,0.0,0.0,beidaihe_summer_cultural_event
q4_event_counterfactual_2026.csv,2026-12-04,BDH,5266.832022651931,5266.832022651931,0.0,3,3.0,15,15.0,0.0,2.2,0.0,0.0,0.0,0.0,0,0,0,3,15,2.8,0.1,5266.832022651931,counterfactual_planning_simulation,0.0,0.0,traveler_time_loss_scenario_estimate_not_operator_cash_ledger,0.0,0.0,beidaihe_summer_cultural_event
q4_event_counterfactual_2026.csv,2026-12-05,BDH,21422.21547001872,21422.21547001872,0.0,6,6.0,50,50.0,0.0,2.2,0.0,0.0,0.0,0.0,0,0,0,6,50,2.8,0.1,21422.21547001872,counterfactual_planning_simulation,0.0,0.0,traveler_time_loss_scenario_estimate_not_operator_cash_ledger,0.0,0.0,beidaihe_summer_cultural_event
q4_event_counterfactual_2026.csv,2026-12-06,BDH,20345.16821939456,20345.16821939456,0.0,6,6.0,48,48.0,0.0,2.2,0.0,0.0,0.0,0.0,0,0,0,6,48,2.8,0.1,20345.16821939456,counterfactual_planning_simulation,0.0,0.0,traveler_time_loss_scenario_estimate_not_operator_cash_ledger,0.0,0.0,beidaihe_summer_cultural_event
q4_event_counterfactual_2026.csv,2026-12-07,BDH,5266.832022651931,5266.832022651931,0.0,3,3.0,15,15.0,0.0,2.2,0.0,0.0,0.0,0.0,0,0,0,3,15,2.8,0.1,5266.832022651931,counterfactual_planning_simulation,0.0,0.0,traveler_time_loss_scenario_estimate_not_operator_cash_ledger,0.0,0.0,beidaihe_summer_cultural_event
q4_event_counterfactual_2026.csv,2026-12-08,BDH,5266.832022651931,5266.832022651931,0.0,3,3.0,15,15.0,0.0,2.2,0.0,0.0,0.0,0.0,0,0,0,3,15,2.8,0.1,5266.832022651931,counterfactual_planning_simulation,0.0,0.0,traveler_time_loss_scenario_estimate_not_operator_cash_ledger,0.0,0.0,beidaihe_summer_cultural_event
q4_event_counterfactual_2026.csv,2026-12-09,BDH,5266.832022651931,5266.832022651931,0.0,3,3.0,15,15.0,0.0,2.2,0.0,0.0,0.0,0.0,0,0,0,3,15,2.8,0.1,5266.832022651931,counterfactual_planning_simulation,0.0,0.0,traveler_time_loss_scenario_estimate_not_operator_cash_ledger,0.0,0.0,beidaihe_summer_cultural_event
q4_event_counterfactual_2026.csv,2026-12-10,BDH,5266.832022651931,5266.832022651931,0.0,3,3.0,15,15.0,0.0,2.2,0.0,0.0,0.0,0.0,0,0,0,3,15,2.8,0.1,5266.832022651931,counterfactual_planning_simulation,0.0,0.0,traveler_time_loss_scenario_estimate_not_operator_cash_ledger,0.0,0.0,beidaihe_summer_cultural_event
q4_event_counterfactual_2026.csv,2026-12-11,BDH,5266.832022651931,5266.832022651931,0.0,3,3.0,15,15.0,0.0,2.2,0.0,0.0,0.0,0.0,0,0,0,3,15,2.8,0.1,5266.832022651931,counterfactual_planning_simulation,0.0,0.0,traveler_time_loss_scenario_estimate_not_operator_cash_ledger,0.0,0.0,beidaihe_summer_cultural_event
q4_event_counterfactual_2026.csv,2026-12-12,BDH,19480.39673098038,19480.39673098038,0.0,6,6.0,46,46.0,0.0,2.2,0.0,0.0,0.0,0.0,0,0,0,6,46,2.8,0.1,19480.39673098038,counterfactual_planning_simulation,0.0,0.0,traveler_time_loss_scenario_estimate_not_operator_cash_ledger,0.0,0.0,beidaihe_summer_cultural_event
q4_event_counterfactual_2026.csv,2026-12-13,BDH,17673.555613122713,17673.555613122713,0.0,5,5.0,41,41.0,0.0,2.2,0.0,0.0,0.0,0.0,0,0,0,5,41,2.8,0.1,17673.555613122713,counterfactual_planning_simulation,0.0,0.0,traveler_time_loss_scenario_estimate_not_operator_cash_ledger,0.0,0.0,beidaihe_summer_cultural_event
q4_event_counterfactual_2026.csv,2026-12-14,BDH,5266.832022651931,5266.832022651931,0.0,3,3.0,15,15.0,0.0,2.2,0.0,0.0,0.0,0.0,0,0,0,3,15,2.8,0.1,5266.832022651931,counterfactual_planning_simulation,0.0,0.0,traveler_time_loss_scenario_estimate_not_operator_cash_ledger,0.0,0.0,beidaihe_summer_cultural_event
q4_event_counterfactual_2026.csv,2026-12-15,BDH,5266.832022651931,5266.832022651931,0.0,3,3.0,15,15.0,0.0,2.2,0.0,0.0,0.0,0.0,0,0,0,3,15,2.8,0.1,5266.832022651931,counterfactual_planning_simulation,0.0,0.0,traveler_time_loss_scenario_estimate_not_operator_cash_ledger,0.0,0.0,beidaihe_summer_cultural_event
q4_event_counterfactual_2026.csv,2026-12-16,BDH,5266.832022651931,5266.832022651931,0.0,3,3.0,15,15.0,0.0,2.2,0.0,0.0,0.0,0.0,0,0,0,3,15,2.8,0.1,5266.832022651931,counterfactual_planning_simulation,0.0,0.0,traveler_time_loss_scenario_estimate_not_operator_cash_ledger,0.0,0.0,beidaihe_summer_cultural_event
q4_event_counterfactual_2026.csv,2026-12-17,BDH,5266.832022651931,5266.832022651931,0.0,3,3.0,15,15.0,0.0,2.2,0.0,0.0,0.0,0.0,0,0,0,3,15,2.8,0.1,5266.832022651931,counterfactual_planning_simulation,0.0,0.0,traveler_time_loss_scenario_estimate_not_operator_cash_ledger,0.0,0.0,beidaihe_summer_cultural_event
q4_event_counterfactual_2026.csv,2026-12-18,BDH,5266.832022651931,5266.832022651931,0.0,3,3.0,15,15.0,0.0,2.2,0.0,0.0,0.0,0.0,0,0,0,3,15,2.8,0.1,5266.832022651931,counterfactual_planning_simulation,0.0,0.0,traveler_time_loss_scenario_estimate_not_operator_cash_ledger,0.0,0.0,beidaihe_summer_cultural_event
q4_event_counterfactual_2026.csv,2026-12-19,BDH,19309.07674938492,19309.07674938492,0.0,6,6.0,45,45.0,0.0,2.2,0.0,0.0,0.0,0.0,0,0,0,6,45,2.8,0.1,19309.07674938492,counterfactual_planning_simulation,0.0,0.0,traveler_time_loss_scenario_estimate_not_operator_cash_ledger,0.0,0.0,beidaihe_summer_cultural_event
q4_event_counterfactual_2026.csv,2026-12-20,BDH,18058.666837709465,18058.666837709465,0.0,5,5.0,43,43.0,0.0,2.2,0.0,0.0,0.0,0.0,0,0,0,5,43,2.8,0.1,18058.666837709465,counterfactual_planning_simulation,0.0,0.0,traveler_time_loss_scenario_estimate_not_operator_cash_ledger,0.0,0.0,beidaihe_summer_cultural_event
q4_event_counterfactual_2026.csv,2026-12-21,BDH,5266.832022651931,5266.832022651931,0.0,3,3.0,15,15.0,0.0,2.2,0.0,0.0,0.0,0.0,0,0,0,3,15,2.8,0.1,5266.832022651931,counterfactual_planning_simulation,0.0,0.0,traveler_time_loss_scenario_estimate_not_operator_cash_ledger,0.0,0.0,beidaihe_summer_cultural_event
q4_event_counterfactual_2026.csv,2026-12-22,BDH,5266.832022651931,5266.832022651931,0.0,3,3.0,15,15.0,0.0,2.2,0.0,0.0,0.0,0.0,0,0,0,3,15,2.8,0.1,5266.832022651931,counterfactual_planning_simulation,0.0,0.0,traveler_time_loss_scenario_estimate_not_operator_cash_ledger,0.0,0.0,beidaihe_summer_cultural_event
q4_event_counterfactual_2026.csv,2026-12-23,BDH,5266.832022651931,5266.832022651931,0.0,3,3.0,15,15.0,0.0,2.2,0.0,0.0,0.0,0.0,0,0,0,3,15,2.8,0.1,5266.832022651931,counterfactual_planning_simulation,0.0,0.0,traveler_time_loss_scenario_estimate_not_operator_cash_ledger,0.0,0.0,beidaihe_summer_cultural_event
q4_event_counterfactual_2026.csv,2026-12-24,BDH,5266.832022651931,5266.832022651931,0.0,3,3.0,15,15.0,0.0,2.2,0.0,0.0,0.0,0.0,0,0,0,3,15,2.8,0.1,5266.832022651931,counterfactual_planning_simulation,0.0,0.0,traveler_time_loss_scenario_estimate_not_operator_cash_ledger,0.0,0.0,beidaihe_summer_cultural_event
q4_event_counterfactual_2026.csv,2026-12-25,BDH,5266.832022651931,5266.832022651931,0.0,3,3.0,15,15.0,0.0,2.2,0.0,0.0,0.0,0.0,0,0,0,3,15,2.8,0.1,5266.832022651931,counterfactual_planning_simulation,0.0,0.0,traveler_time_loss_scenario_estimate_not_operator_cash_ledger,0.0,0.0,beidaihe_summer_cultural_event
q4_event_counterfactual_2026.csv,2026-12-26,BDH,19979.5851673246,19979.5851673246,0.0,6,6.0,47,47.0,0.0,2.2,0.0,0.0,0.0,0.0,0,0,0,6,47,2.8,0.1,19979.5851673246,counterfactual_planning_simulation,0.0,0.0,traveler_time_loss_scenario_estimate_not_operator_cash_ledger,0.0,0.0,beidaihe_summer_cultural_event
q4_event_counterfactual_2026.csv,2026-12-27,BDH,18241.54381005681,18241.54381005681,0.0,5,5.0,43,43.0,0.0,2.2,0.0,0.0,0.0,0.0,0,0,0,5,43,2.8,0.1,18241.54381005681,counterfactual_planning_simulation,0.0,0.0,traveler_time_loss_scenario_estimate_not_operator_cash_ledger,0.0,0.0,beidaihe_summer_cultural_event
q4_event_counterfactual_2026.csv,2026-12-28,BDH,5266.832022651931,5266.832022651931,0.0,3,3.0,15,15.0,0.0,2.2,0.0,0.0,0.0,0.0,0,0,0,3,15,2.8,0.1,5266.832022651931,counterfactual_planning_simulation,0.0,0.0,traveler_time_loss_scenario_estimate_not_operator_cash_ledger,0.0,0.0,beidaihe_summer_cultural_event
q4_event_counterfactual_2026.csv,2026-12-29,BDH,5266.832022651931,5266.832022651931,0.0,3,3.0,15,15.0,0.0,2.2,0.0,0.0,0.0,0.0,0,0,0,3,15,2.8,0.1,5266.832022651931,counterfactual_planning_simulation,0.0,0.0,traveler_time_loss_scenario_estimate_not_operator_cash_ledger,0.0,0.0,beidaihe_summer_cultural_event
q4_event_counterfactual_2026.csv,2026-12-30,BDH,5266.832022651931,5266.832022651931,0.0,3,3.0,15,15.0,0.0,2.2,0.0,0.0,0.0,0.0,0,0,0,3,15,2.8,0.1,5266.832022651931,counterfactual_planning_simulation,0.0,0.0,traveler_time_loss_scenario_estimate_not_operator_cash_ledger,0.0,0.0,beidaihe_summer_cultural_event
q4_event_counterfactual_2026.csv,2026-12-31,BDH,5266.832022651931,5266.832022651931,0.0,3,3.0,15,15.0,0.0,2.2,0.0,0.0,0.0,0.0,0,0,0,3,15,2.8,0.1,5266.832022651931,counterfactual_planning_simulation,0.0,0.0,traveler_time_loss_scenario_estimate_not_operator_cash_ledger,0.0,0.0,beidaihe_summer_cultural_event
q4_rain_counterfactual_2026.csv,2026-01-01,SHG,7123.694167452342,7123.694167452342,0.0,2,2.0,17,17.0,0.0,2.2,0.0,0.0,0.0,0.0,0,0,0,2,17,2.8,0.06,7123.694167452342,counterfactual_planning_simulation,0.0,0.0,traveler_time_loss_scenario_estimate_not_operator_cash_ledger,0.0,0.0,shanhaiguan_five_day_continuous_rain
q4_rain_counterfactual_2026.csv,2026-01-02,SHG,7123.694167452342,7123.694167452342,0.0,2,2.0,17,17.0,0.0,2.2,0.0,0.0,0.0,0.0,0,0,0,2,17,2.8,0.06,7123.694167452342,counterfactual_planning_simulation,0.0,0.0,traveler_time_loss_scenario_estimate_not_operator_cash_ledger,0.0,0.0,shanhaiguan_five_day_continuous_rain
q4_rain_counterfactual_2026.csv,2026-01-03,SHG,7123.694167452342,7123.694167452342,0.0,2,2.0,17,17.0,0.0,2.2,0.0,0.0,0.0,0.0,0,0,0,2,17,2.8,0.06,7123.694167452342,counterfactual_planning_simulation,0.0,0.0,traveler_time_loss_scenario_estimate_not_operator_cash_ledger,0.0,0.0,shanhaiguan_five_day_continuous_rain
q4_rain_counterfactual_2026.csv,2026-01-04,SHG,7123.694167452342,7123.694167452342,0.0,2,2.0,17,17.0,0.0,2.2,0.0,0.0,0.0,0.0,0,0,0,2,17,2.8,0.06,7123.694167452342,counterfactual_planning_simulation,0.0,0.0,traveler_time_loss_scenario_estimate_not_operator_cash_ledger,0.0,0.0,shanhaiguan_five_day_continuous_rain
q4_rain_counterfactual_2026.csv,2026-01-05,SHG,7123.694167452342,7123.694167452342,0.0,2,2.0,17,17.0,0.0,2.2,0.0,0.0,0.0,0.0,0,0,0,2,17,2.8,0.06,7123.694167452342,counterfactual_planning_simulation,0.0,0.0,traveler_time_loss_scenario_estimate_not_operator_cash_ledger,0.0,0.0,shanhaiguan_five_day_continuous_rain
q4_rain_counterfactual_2026.csv,2026-01-06,SHG,7123.694167452342,7123.694167452342,0.0,2,2.0,17,17.0,0.0,2.2,0.0,0.0,0.0,0.0,0,0,0,2,17,2.8,0.06,7123.694167452342,counterfactual_planning_simulation,0.0,0.0,traveler_time_loss_scenario_estimate_not_operator_cash_ledger,0.0,0.0,shanhaiguan_five_day_continuous_rain
q4_rain_counterfactual_2026.csv,2026-01-07,SHG,7123.694167452342,7123.694167452342,0.0,2,2.0,17,17.0,0.0,2.2,0.0,0.0,0.0,0.0,0,0,0,2,17,2.8,0.06,7123.694167452342,counterfactual_planning_simulation,0.0,0.0,traveler_time_loss_scenario_estimate_not_operator_cash_ledger,0.0,0.0,shanhaiguan_five_day_continuous_rain
q4_rain_counterfactual_2026.csv,2026-01-08,SHG,7123.694167452342,7123.694167452342,0.0,2,2.0,17,17.0,0.0,2.2,0.0,0.0,0.0,0.0,0,0,0,2,17,2.8,0.06,7123.694167452342,counterfactual_planning_simulation,0.0,0.0,traveler_time_loss_scenario_estimate_not_operator_cash_ledger,0.0,0.0,shanhaiguan_five_day_continuous_rain
q4_rain_counterfactual_2026.csv,2026-01-09,SHG,7123.694167452342,7123.694167452342,0.0,2,2.0,17,17.0,0.0,2.2,0.0,0.0,0.0,0.0,0,0,0,2,17,2.8,0.06,7123.694167452342,counterfactual_planning_simulation,0.0,0.0,traveler_time_loss_scenario_estimate_not_operator_cash_ledger,0.0,0.0,shanhaiguan_five_day_continuous_rain
q4_rain_counterfactual_2026.csv,2026-01-10,SHG,10864.702282212347,10864.702282212347,0.0,2,2.0,25,25.0,0.0,2.2,0.0,0.0,0.0,0.0,0,0,0,2,25,2.8,0.06,10864.702282212347,counterfactual_planning_simulation,0.0,0.0,traveler_time_loss_scenario_estimate_not_operator_cash_ledger,0.0,0.0,shanhaiguan_five_day_continuous_rain
q4_rain_counterfactual_2026.csv,2026-01-11,SHG,13559.805545053903,13559.805545053903,0.0,3,3.0,31,31.0,0.0,2.2,0.0,0.0,0.0,0.0,0,0,0,3,31,2.8,0.06,13559.805545053903,counterfactual_planning_simulation,0.0,0.0,traveler_time_loss_scenario_estimate_not_operator_cash_ledger,0.0,0.0,shanhaiguan_five_day_continuous_rain
q4_rain_counterfactual_2026.csv,2026-01-12,SHG,7123.694167452342,7123.694167452342,0.0,2,2.0,17,17.0,0.0,2.2,0.0,0.0,0.0,0.0,0,0,0,2,17,2.8,0.06,7123.694167452342,counterfactual_planning_simulation,0.0,0.0,traveler_time_loss_scenario_estimate_not_operator_cash_ledger,0.0,0.0,shanhaiguan_five_day_continuous_rain
q4_rain_counterfactual_2026.csv,2026-01-13,SHG,7123.694167452342,7123.694167452342,0.0,2,2.0,17,17.0,0.0,2.2,0.0,0.0,0.0,0.0,0,0,0,2,17,2.8,0.06,7123.694167452342,counterfactual_planning_simulation,0.0,0.0,traveler_time_loss_scenario_estimate_not_operator_cash_ledger,0.0,0.0,shanhaiguan_five_day_continuous_rain
q4_rain_counterfactual_2026.csv,2026-01-14,SHG,7123.694167452342,7123.694167452342,0.0,2,2.0,17,17.0,0.0,2.2,0.0,0.0,0.0,0.0,0,0,0,2,17,2.8,0.06,7123.694167452342,counterfactual_planning_simulation,0.0,0.0,traveler_time_loss_scenario_estimate_not_operator_cash_ledger,0.0,0.0,shanhaiguan_five_day_continuous_rain
q4_rain_counterfactual_2026.csv,2026-01-15,SHG,7123.694167452342,7123.694167452342,0.0,2,2.0,17,17.0,0.0,2.2,0.0,0.0,0.0,0.0,0,0,0,2,17,2.8,0.06,7123.694167452342,counterfactual_planning_simulation,0.0,0.0,traveler_time_loss_scenario_estimate_not_operator_cash_ledger,0.0,0.0,shanhaiguan_five_day_continuous_rain
q4_rain_counterfactual_2026.csv,2026-01-16,SHG,7123.694167452342,7123.694167452342,0.0,2,2.0,17,17.0,0.0,2.2,0.0,0.0,0.0,0.0,0,0,0,2,17,2.8,0.06,7123.694167452342,counterfactual_planning_simulation,0.0,0.0,traveler_time_loss_scenario_estimate_not_operator_cash_ledger,0.0,0.0,shanhaiguan_five_day_continuous_rain
q4_rain_counterfactual_2026.csv,2026-01-17,SHG,11010.36537132814,11010.36537132814,0.0,2,2.0,25,25.0,0.0,2.2,0.0,0.0,0.0,0.0,0,0,0,2,25,2.8,0.06,11010.36537132814,counterfactual_planning_simulation,0.0,0.0,traveler_time_loss_scenario_estimate_not_operator_cash_ledger,0.0,0.0,shanhaiguan_five_day_continuous_rain
q4_rain_counterfactual_2026.csv,2026-01-18,SHG,7136.896689912528,7136.896689912528,0.0,2,2.0,17,17.0,0.0,2.2,0.0,0.0,0.0,0.0,0,0,0,2,17,2.8,0.06,7136.896689912528,counterfactual_planning_simulation,0.0,0.0,traveler_time_loss_scenario_estimate_not_operator_cash_ledger,0.0,0.0,shanhaiguan_five_day_continuous_rain
q4_rain_counterfactual_2026.csv,2026-01-19,SHG,7123.694167452342,7123.694167452342,0.0,2,2.0,17,17.0,0.0,2.2,0.0,0.0,0.0,0.0,0,0,0,2,17,2.8,0.06,7123.694167452342,counterfactual_planning_simulation,0.0,0.0,traveler_time_loss_scenario_estimate_not_operator_cash_ledger,0.0,0.0,shanhaiguan_five_day_continuous_rain
q4_rain_counterfactual_2026.csv,2026-01-20,SHG,7123.694167452342,7123.694167452342,0.0,2,2.0,17,17.0,0.0,2.2,0.0,0.0,0.0,0.0,0,0,0,2,17,2.8,0.06,7123.694167452342,counterfactual_planning_simulation,0.0,0.0,traveler_time_loss_scenario_estimate_not_operator_cash_ledger,0.0,0.0,shanhaiguan_five_day_continuous_rain
q4_rain_counterfactual_2026.csv,2026-01-21,SHG,7123.694167452342,7123.694167452342,0.0,2,2.0,17,17.0,0.0,2.2,0.0,0.0,0.0,0.0,0,0,0,2,17,2.8,0.06,7123.694167452342,counterfactual_planning_simulation,0.0,0.0,traveler_time_loss_scenario_estimate_not_operator_cash_ledger,0.0,0.0,shanhaiguan_five_day_continuous_rain
q4_rain_counterfactual_2026.csv,2026-01-22,SHG,7123.694167452342,7123.694167452342,0.0,2,2.0,17,17.0,0.0,2.2,0.0,0.0,0.0,0.0,0,0,0,2,17,2.8,0.06,7123.694167452342,counterfactual_planning_simulation,0.0,0.0,traveler_time_loss_scenario_estimate_not_operator_cash_ledger,0.0,0.0,shanhaiguan_five_day_continuous_rain
q4_rain_counterfactual_2026.csv,2026-01-23,SHG,7123.694167452342,7123.694167452342,0.0,2,2.0,17,17.0,0.0,2.2,0.0,0.0,0.0,0.0,0,0,0,2,17,2.8,0.06,7123.694167452342,counterfactual_planning_simulation,0.0,0.0,traveler_time_loss_scenario_estimate_not_operator_cash_ledger,0.0,0.0,shanhaiguan_five_day_continuous_rain
q4_rain_counterfactual_2026.csv,2026-01-24,SHG,9644.369046495402,9644.369046495402,0.0,2,2.0,22,22.0,0.0,2.2,0.0,0.0,0.0,0.0,0,0,0,2,22,2.8,0.06,9644.369046495402,counterfactual_planning_simulation,0.0,0.0,traveler_time_loss_scenario_estimate_not_operator_cash_ledger,0.0,0.0,shanhaiguan_five_day_continuous_rain
q4_rain_counterfactual_2026.csv,2026-01-25,SHG,8515.830699987386,8515.830699987386,0.0,2,2.0,20,20.0,0.0,2.2,0.0,0.0,0.0,0.0,0,0,0,2,20,2.8,0.06,8515.830699987386,counterfactual_planning_simulation,0.0,0.0,traveler_time_loss_scenario_estimate_not_operator_cash_ledger,0.0,0.0,shanhaiguan_five_day_continuous_rain
q4_rain_counterfactual_2026.csv,2026-01-26,SHG,7123.694167452342,7123.694167452342,0.0,2,2.0,17,17.0,0.0,2.2,0.0,0.0,0.0,0.0,0,0,0,2,17,2.8,0.06,7123.694167452342,counterfactual_planning_simulation,0.0,0.0,traveler_time_loss_scenario_estimate_not_operator_cash_ledger,0.0,0.0,shanhaiguan_five_day_continuous_rain
q4_rain_counterfactual_2026.csv,2026-01-27,SHG,7123.694167452342,7123.694167452342,0.0,2,2.0,17,17.0,0.0,2.2,0.0,0.0,0.0,0.0,0,0,0,2,17,2.8,0.06,7123.694167452342,counterfactual_planning_simulation,0.0,0.0,traveler_time_loss_scenario_estimate_not_operator_cash_ledger,0.0,0.0,shanhaiguan_five_day_continuous_rain
q4_rain_counterfactual_2026.csv,2026-01-28,SHG,7123.694167452342,7123.694167452342,0.0,2,2.0,17,17.0,0.0,2.2,0.0,0.0,0.0,0.0,0,0,0,2,17,2.8,0.06,7123.694167452342,counterfactual_planning_simulation,0.0,0.0,traveler_time_loss_scenario_estimate_not_operator_cash_ledger,0.0,0.0,shanhaiguan_five_day_continuous_rain
q4_rain_counterfactual_2026.csv,2026-01-29,SHG,7123.694167452342,7123.694167452342,0.0,2,2.0,17,17.0,0.0,2.2,0.0,0.0,0.0,0.0,0,0,0,2,17,2.8,0.06,7123.694167452342,counterfactual_planning_simulation,0.0,0.0,traveler_time_loss_scenario_estimate_not_operator_cash_ledger,0.0,0.0,shanhaiguan_five_day_continuous_rain
q4_rain_counterfactual_2026.csv,2026-01-30,SHG,7123.694167452342,7123.694167452342,0.0,2,2.0,17,17.0,0.0,2.2,0.0,0.0,0.0,0.0,0,0,0,2,17,2.8,0.06,7123.694167452342,counterfactual_planning_simulation,0.0,0.0,traveler_time_loss_scenario_estimate_not_operator_cash_ledger,0.0,0.0,shanhaiguan_five_day_continuous_rain
q4_rain_counterfactual_2026.csv,2026-01-31,SHG,8751.7261240758,8751.7261240758,0.0,2,2.0,21,21.0,0.0,2.2,0.0,0.0,0.0,0.0,0,0,0,2,21,2.8,0.06,8751.7261240758,counterfactual_planning_simulation,0.0,0.0,traveler_time_loss_scenario_estimate_not_operator_cash_ledger,0.0,0.0,shanhaiguan_five_day_continuous_rain
q4_rain_counterfactual_2026.csv,2026-02-01,SHG,7123.694167452342,7123.694167452342,0.0,2,2.0,17,17.0,0.0,2.2,0.0,0.0,0.0,0.0,0,0,0,2,17,2.8,0.06,7123.694167452342,counterfactual_planning_simulation,0.0,0.0,traveler_time_loss_scenario_estimate_not_operator_cash_ledger,0.0,0.0,shanhaiguan_five_day_continuous_rain
q4_rain_counterfactual_2026.csv,2026-02-02,SHG,7123.694167452342,7123.694167452342,0.0,2,2.0,17,17.0,0.0,2.2,0.0,0.0,0.0,0.0,0,0,0,2,17,2.8,0.06,7123.694167452342,counterfactual_planning_simulation,0.0,0.0,traveler_time_loss_scenario_estimate_not_operator_cash_ledger,0.0,0.0,shanhaiguan_five_day_continuous_rain
q4_rain_counterfactual_2026.csv,2026-02-03,SHG,7123.694167452342,7123.694167452342,0.0,2,2.0,17,17.0,0.0,2.2,0.0,0.0,0.0,0.0,0,0,0,2,17,2.8,0.06,7123.694167452342,counterfactual_planning_simulation,0.0,0.0,traveler_time_loss_scenario_estimate_not_operator_cash_ledger,0.0,0.0,shanhaiguan_five_day_continuous_rain
q4_rain_counterfactual_2026.csv,2026-02-04,SHG,7123.694167452342,7123.694167452342,0.0,2,2.0,17,17.0,0.0,2.2,0.0,0.0,0.0,0.0,0,0,0,2,17,2.8,0.06,7123.694167452342,counterfactual_planning_simulation,0.0,0.0,traveler_time_loss_scenario_estimate_not_operator_cash_ledger,0.0,0.0,shanhaiguan_five_day_continuous_rain
q4_rain_counterfactual_2026.csv,2026-02-05,SHG,7123.694167452342,7123.694167452342,0.0,2,2.0,17,17.0,0.0,2.2,0.0,0.0,0.0,0.0,0,0,0,2,17,2.8,0.06,7123.694167452342,counterfactual_planning_simulation,0.0,0.0,traveler_time_loss_scenario_estimate_not_operator_cash_ledger,0.0,0.0,shanhaiguan_five_day_continuous_rain
q4_rain_counterfactual_2026.csv,2026-02-06,SHG,7123.694167452342,7123.694167452342,0.0,2,2.0,17,17.0,0.0,2.2,0.0,0.0,0.0,0.0,0,0,0,2,17,2.8,0.06,7123.694167452342,counterfactual_planning_simulation,0.0,0.0,traveler_time_loss_scenario_estimate_not_operator_cash_ledger,0.0,0.0,shanhaiguan_five_day_continuous_rain
q4_rain_counterfactual_2026.csv,2026-02-07,SHG,9327.232664576812,9327.232664576812,0.0,2,2.0,22,22.0,0.0,2.2,0.0,0.0,0.0,0.0,0,0,0,2,22,2.8,0.06,9327.232664576812,counterfactual_planning_simulation,0.0,0.0,traveler_time_loss_scenario_estimate_not_operator_cash_ledger,0.0,0.0,shanhaiguan_five_day_continuous_rain
q4_rain_counterfactual_2026.csv,2026-02-08,SHG,11324.39386914557,11324.39386914557,0.0,2,2.0,25,25.0,0.0,2.2,0.0,0.0,0.0,0.0,0,0,0,2,25,2.8,0.06,11324.39386914557,counterfactual_planning_simulation,0.0,0.0,traveler_time_loss_scenario_estimate_not_operator_cash_ledger,0.0,0.0,shanhaiguan_five_day_continuous_rain
q4_rain_counterfactual_2026.csv,2026-02-09,SHG,7123.694167452342,7123.694167452342,0.0,2,2.0,17,17.0,0.0,2.2,0.0,0.0,0.0,0.0,0,0,0,2,17,2.8,0.06,7123.694167452342,counterfactual_planning_simulation,0.0,0.0,traveler_time_loss_scenario_estimate_not_operator_cash_ledger,0.0,0.0,shanhaiguan_five_day_continuous_rain
q4_rain_counterfactual_2026.csv,2026-02-10,SHG,7123.694167452342,7123.694167452342,0.0,2,2.0,17,17.0,0.0,2.2,0.0,0.0,0.0,0.0,0,0,0,2,17,2.8,0.06,7123.694167452342,counterfactual_planning_simulation,0.0,0.0,traveler_time_loss_scenario_estimate_not_operator_cash_ledger,0.0,0.0,shanhaiguan_five_day_continuous_rain
q4_rain_counterfactual_2026.csv,2026-02-11,SHG,7123.694167452342,7123.694167452342,0.0,2,2.0,17,17.0,0.0,2.2,0.0,0.0,0.0,0.0,0,0,0,2,17,2.8,0.06,7123.694167452342,counterfactual_planning_simulation,0.0,0.0,traveler_time_loss_scenario_estimate_not_operator_cash_ledger,0.0,0.0,shanhaiguan_five_day_continuous_rain
q4_rain_counterfactual_2026.csv,2026-02-12,SHG,7123.694167452342,7123.694167452342,0.0,2,2.0,17,17.0,0.0,2.2,0.0,0.0,0.0,0.0,0,0,0,2,17,2.8,0.06,7123.694167452342,counterfactual_planning_simulation,0.0,0.0,traveler_time_loss_scenario_estimate_not_operator_cash_ledger,0.0,0.0,shanhaiguan_five_day_continuous_rain
q4_rain_counterfactual_2026.csv,2026-02-13,SHG,7123.694167452342,7123.694167452342,0.0,2,2.0,17,17.0,0.0,2.2,0.0,0.0,0.0,0.0,0,0,0,2,17,2.8,0.06,7123.694167452342,counterfactual_planning_simulation,0.0,0.0,traveler_time_loss_scenario_estimate_not_operator_cash_ledger,0.0,0.0,shanhaiguan_five_day_continuous_rain
q4_rain_counterfactual_2026.csv,2026-02-14,SHG,10584.558354898794,10584.558354898794,0.0,2,2.0,24,24.0,0.0,2.2,0.0,0.0,0.0,0.0,0,0,0,2,24,2.8,0.06,10584.558354898794,counterfactual_planning_simulation,0.0,0.0,traveler_time_loss_scenario_estimate_not_operator_cash_ledger,0.0,0.0,shanhaiguan_five_day_continuous_rain
q4_rain_counterfactual_2026.csv,2026-02-15,SHG,11987.163328350727,11987.163328350727,0.0,2,2.0,27,27.0,0.0,2.2,0.0,0.0,0.0,0.0,0,0,0,2,27,2.8,0.06,11987.163328350727,counterfactual_planning_simulation,0.0,0.0,traveler_time_loss_scenario_estimate_not_operator_cash_ledger,0.0,0.0,shanhaiguan_five_day_continuous_rain
q4_rain_counterfactual_2026.csv,2026-02-16,SHG,7123.694167452342,7123.694167452342,0.0,2,2.0,17,17.0,0.0,2.2,0.0,0.0,0.0,0.0,0,0,0,2,17,2.8,0.06,7123.694167452342,counterfactual_planning_simulation,0.0,0.0,traveler_time_loss_scenario_estimate_not_operator_cash_ledger,0.0,0.0,shanhaiguan_five_day_continuous_rain
q4_rain_counterfactual_2026.csv,2026-02-17,SHG,7123.694167452342,7123.694167452342,0.0,2,2.0,17,17.0,0.0,2.2,0.0,0.0,0.0,0.0,0,0,0,2,17,2.8,0.06,7123.694167452342,counterfactual_planning_simulation,0.0,0.0,traveler_time_loss_scenario_estimate_not_operator_cash_ledger,0.0,0.0,shanhaiguan_five_day_continuous_rain
q4_rain_counterfactual_2026.csv,2026-02-18,SHG,7123.694167452342,7123.694167452342,0.0,2,2.0,17,17.0,0.0,2.2,0.0,0.0,0.0,0.0,0,0,0,2,17,2.8,0.06,7123.694167452342,counterfactual_planning_simulation,0.0,0.0,traveler_time_loss_scenario_estimate_not_operator_cash_ledger,0.0,0.0,shanhaiguan_five_day_continuous_rain
q4_rain_counterfactual_2026.csv,2026-02-19,SHG,7123.694167452342,7123.694167452342,0.0,2,2.0,17,17.0,0.0,2.2,0.0,0.0,0.0,0.0,0,0,0,2,17,2.8,0.06,7123.694167452342,counterfactual_planning_simulation,0.0,0.0,traveler_time_loss_scenario_estimate_not_operator_cash_ledger,0.0,0.0,shanhaiguan_five_day_continuous_rain
q4_rain_counterfactual_2026.csv,2026-02-20,SHG,7123.694167452342,7123.694167452342,0.0,2,2.0,17,17.0,0.0,2.2,0.0,0.0,0.0,0.0,0,0,0,2,17,2.8,0.06,7123.694167452342,counterfactual_planning_simulation,0.0,0.0,traveler_time_loss_scenario_estimate_not_operator_cash_ledger,0.0,0.0,shanhaiguan_five_day_continuous_rain
q4_rain_counterfactual_2026.csv,2026-02-21,SHG,14985.620014050744,14985.620014050744,0.0,3,3.0,34,34.0,0.0,2.2,0.0,0.0,0.0,0.0,0,0,0,3,34,2.8,0.06,14985.620014050744,counterfactual_planning_simulation,0.0,0.0,traveler_time_loss_scenario_estimate_not_operator_cash_ledger,0.0,0.0,shanhaiguan_five_day_continuous_rain
q4_rain_counterfactual_2026.csv,2026-02-22,SHG,14362.189441058,14362.189441058,0.0,3,3.0,33,33.0,0.0,2.2,0.0,0.0,0.0,0.0,0,0,0,3,33,2.8,0.06,14362.189441058,counterfactual_planning_simulation,0.0,0.0,traveler_time_loss_scenario_estimate_not_operator_cash_ledger,0.0,0.0,shanhaiguan_five_day_continuous_rain
q4_rain_counterfactual_2026.csv,2026-02-23,SHG,7123.694167452342,7123.694167452342,0.0,2,2.0,17,17.0,0.0,2.2,0.0,0.0,0.0,0.0,0,0,0,2,17,2.8,0.06,7123.694167452342,counterfactual_planning_simulation,0.0,0.0,traveler_time_loss_scenario_estimate_not_operator_cash_ledger,0.0,0.0,shanhaiguan_five_day_continuous_rain
q4_rain_counterfactual_2026.csv,2026-02-24,SHG,7123.694167452342,7123.694167452342,0.0,2,2.0,17,17.0,0.0,2.2,0.0,0.0,0.0,0.0,0,0,0,2,17,2.8,0.06,7123.694167452342,counterfactual_planning_simulation,0.0,0.0,traveler_time_loss_scenario_estimate_not_operator_cash_ledger,0.0,0.0,shanhaiguan_five_day_continuous_rain
q4_rain_counterfactual_2026.csv,2026-02-25,SHG,7123.694167452342,7123.694167452342,0.0,2,2.0,17,17.0,0.0,2.2,0.0,0.0,0.0,0.0,0,0,0,2,17,2.8,0.06,7123.694167452342,counterfactual_planning_simulation,0.0,0.0,traveler_time_loss_scenario_estimate_not_operator_cash_ledger,0.0,0.0,shanhaiguan_five_day_continuous_rain
q4_rain_counterfactual_2026.csv,2026-02-26,SHG,7123.694167452342,7123.694167452342,0.0,2,2.0,17,17.0,0.0,2.2,0.0,0.0,0.0,0.0,0,0,0,2,17,2.8,0.06,7123.694167452342,counterfactual_planning_simulation,0.0,0.0,traveler_time_loss_scenario_estimate_not_operator_cash_ledger,0.0,0.0,shanhaiguan_five_day_continuous_rain
q4_rain_counterfactual_2026.csv,2026-02-27,SHG,7123.694167452342,7123.694167452342,0.0,2,2.0,17,17.0,0.0,2.2,0.0,0.0,0.0,0.0,0,0,0,2,17,2.8,0.06,7123.694167452342,counterfactual_planning_simulation,0.0,0.0,traveler_time_loss_scenario_estimate_not_operator_cash_ledger,0.0,0.0,shanhaiguan_five_day_continuous_rain
q4_rain_counterfactual_2026.csv,2026-02-28,SHG,19697.73221723991,19697.73221723991,0.0,4,4.0,45,45.0,0.0,2.2,0.0,0.0,0.0,0.0,0,0,0,4,45,2.8,0.06,19697.73221723991,counterfactual_planning_simulation,0.0,0.0,traveler_time_loss_scenario_estimate_not_operator_cash_ledger,0.0,0.0,shanhaiguan_five_day_continuous_rain
q4_rain_counterfactual_2026.csv,2026-03-01,SHG,12449.17737237667,12449.17737237667,0.0,2,2.0,28,28.0,0.0,2.2,0.0,0.0,0.0,0.0,0,0,0,2,28,2.8,0.06,12449.17737237667,counterfactual_planning_simulation,0.0,0.0,traveler_time_loss_scenario_estimate_not_operator_cash_ledger,0.0,0.0,shanhaiguan_five_day_continuous_rain
q4_rain_counterfactual_2026.csv,2026-03-02,SHG,7123.694167452342,7123.694167452342,0.0,2,2.0,17,17.0,0.0,2.2,0.0,0.0,0.0,0.0,0,0,0,2,17,2.8,0.06,7123.694167452342,counterfactual_planning_simulation,0.0,0.0,traveler_time_loss_scenario_estimate_not_operator_cash_ledger,0.0,0.0,shanhaiguan_five_day_continuous_rain
q4_rain_counterfactual_2026.csv,2026-03-03,SHG,7123.694167452342,7123.694167452342,0.0,2,2.0,17,17.0,0.0,2.2,0.0,0.0,0.0,0.0,0,0,0,2,17,2.8,0.06,7123.694167452342,counterfactual_planning_simulation,0.0,0.0,traveler_time_loss_scenario_estimate_not_operator_cash_ledger,0.0,0.0,shanhaiguan_five_day_continuous_rain
q4_rain_counterfactual_2026.csv,2026-03-04,SHG,7123.694167452342,7123.694167452342,0.0,2,2.0,17,17.0,0.0,2.2,0.0,0.0,0.0,0.0,0,0,0,2,17,2.8,0.06,7123.694167452342,counterfactual_planning_simulation,0.0,0.0,traveler_time_loss_scenario_estimate_not_operator_cash_ledger,0.0,0.0,shanhaiguan_five_day_continuous_rain
q4_rain_counterfactual_2026.csv,2026-03-05,SHG,7123.694167452342,7123.694167452342,0.0,2,2.0,17,17.0,0.0,2.2,0.0,0.0,0.0,0.0,0,0,0,2,17,2.8,0.06,7123.694167452342,counterfactual_planning_simulation,0.0,0.0,traveler_time_loss_scenario_estimate_not_operator_cash_ledger,0.0,0.0,shanhaiguan_five_day_continuous_rain
q4_rain_counterfactual_2026.csv,2026-03-06,SHG,7123.694167452342,7123.694167452342,0.0,2,2.0,17,17.0,0.0,2.2,0.0,0.0,0.0,0.0,0,0,0,2,17,2.8,0.06,7123.694167452342,counterfactual_planning_simulation,0.0,0.0,traveler_time_loss_scenario_estimate_not_operator_cash_ledger,0.0,0.0,shanhaiguan_five_day_continuous_rain
q4_rain_counterfactual_2026.csv,2026-03-07,SHG,14092.309403766598,14092.309403766598,0.0,3,3.0,32,32.0,0.0,2.2,0.0,0.0,0.0,0.0,0,0,0,3,32,2.8,0.06,14092.309403766598,counterfactual_planning_simulation,0.0,0.0,traveler_time_loss_scenario_estimate_not_operator_cash_ledger,0.0,0.0,shanhaiguan_five_day_continuous_rain
q4_rain_counterfactual_2026.csv,2026-03-08,SHG,9025.95674729769,9025.95674729769,0.0,2,2.0,21,21.0,0.0,2.2,0.0,0.0,0.0,0.0,0,0,0,2,21,2.8,0.06,9025.95674729769,counterfactual_planning_simulation,0.0,0.0,traveler_time_loss_scenario_estimate_not_operator_cash_ledger,0.0,0.0,shanhaiguan_five_day_continuous_rain
q4_rain_counterfactual_2026.csv,2026-03-09,SHG,7123.694167452342,7123.694167452342,0.0,2,2.0,17,17.0,0.0,2.2,0.0,0.0,0.0,0.0,0,0,0,2,17,2.8,0.06,7123.694167452342,counterfactual_planning_simulation,0.0,0.0,traveler_time_loss_scenario_estimate_not_operator_cash_ledger,0.0,0.0,shanhaiguan_five_day_continuous_rain
q4_rain_counterfactual_2026.csv,2026-03-10,SHG,7123.694167452342,7123.694167452342,0.0,2,2.0,17,17.0,0.0,2.2,0.0,0.0,0.0,0.0,0,0,0,2,17,2.8,0.06,7123.694167452342,counterfactual_planning_simulation,0.0,0.0,traveler_time_loss_scenario_estimate_not_operator_cash_ledger,0.0,0.0,shanhaiguan_five_day_continuous_rain
q4_rain_counterfactual_2026.csv,2026-03-11,SHG,7123.694167452342,7123.694167452342,0.0,2,2.0,17,17.0,0.0,2.2,0.0,0.0,0.0,0.0,0,0,0,2,17,2.8,0.06,7123.694167452342,counterfactual_planning_simulation,0.0,0.0,traveler_time_loss_scenario_estimate_not_operator_cash_ledger,0.0,0.0,shanhaiguan_five_day_continuous_rain
q4_rain_counterfactual_2026.csv,2026-03-12,SHG,7123.694167452342,7123.694167452342,0.0,2,2.0,17,17.0,0.0,2.2,0.0,0.0,0.0,0.0,0,0,0,2,17,2.8,0.06,7123.694167452342,counterfactual_planning_simulation,0.0,0.0,traveler_time_loss_scenario_estimate_not_operator_cash_ledger,0.0,0.0,shanhaiguan_five_day_continuous_rain
q4_rain_counterfactual_2026.csv,2026-03-13,SHG,7123.694167452342,7123.694167452342,0.0,2,2.0,17,17.0,0.0,2.2,0.0,0.0,0.0,0.0,0,0,0,2,17,2.8,0.06,7123.694167452342,counterfactual_planning_simulation,0.0,0.0,traveler_time_loss_scenario_estimate_not_operator_cash_ledger,0.0,0.0,shanhaiguan_five_day_continuous_rain
q4_rain_counterfactual_2026.csv,2026-03-14,SHG,14362.134166550752,14362.134166550752,0.0,3,3.0,33,33.0,0.0,2.2,0.0,0.0,0.0,0.0,0,0,0,3,33,2.8,0.06,14362.134166550752,counterfactual_planning_simulation,0.0,0.0,traveler_time_loss_scenario_estimate_not_operator_cash_ledger,0.0,0.0,shanhaiguan_five_day_continuous_rain
q4_rain_counterfactual_2026.csv,2026-03-15,SHG,13002.622081889263,13002.622081889263,0.0,3,3.0,30,30.0,0.0,2.2,0.0,0.0,0.0,0.0,0,0,0,3,30,2.8,0.06,13002.622081889263,counterfactual_planning_simulation,0.0,0.0,traveler_time_loss_scenario_estimate_not_operator_cash_ledger,0.0,0.0,shanhaiguan_five_day_continuous_rain
q4_rain_counterfactual_2026.csv,2026-03-16,SHG,7123.694167452342,7123.694167452342,0.0,2,2.0,17,17.0,0.0,2.2,0.0,0.0,0.0,0.0,0,0,0,2,17,2.8,0.06,7123.694167452342,counterfactual_planning_simulation,0.0,0.0,traveler_time_loss_scenario_estimate_not_operator_cash_ledger,0.0,0.0,shanhaiguan_five_day_continuous_rain
q4_rain_counterfactual_2026.csv,2026-03-17,SHG,7123.694167452342,7123.694167452342,0.0,2,2.0,17,17.0,0.0,2.2,0.0,0.0,0.0,0.0,0,0,0,2,17,2.8,0.06,7123.694167452342,counterfactual_planning_simulation,0.0,0.0,traveler_time_loss_scenario_estimate_not_operator_cash_ledger,0.0,0.0,shanhaiguan_five_day_continuous_rain
q4_rain_counterfactual_2026.csv,2026-03-18,SHG,7123.694167452342,7123.694167452342,0.0,2,2.0,17,17.0,0.0,2.2,0.0,0.0,0.0,0.0,0,0,0,2,17,2.8,0.06,7123.694167452342,counterfactual_planning_simulation,0.0,0.0,traveler_time_loss_scenario_estimate_not_operator_cash_ledger,0.0,0.0,shanhaiguan_five_day_continuous_rain
q4_rain_counterfactual_2026.csv,2026-03-19,SHG,7123.694167452342,7123.694167452342,0.0,2,2.0,17,17.0,0.0,2.2,0.0,0.0,0.0,0.0,0,0,0,2,17,2.8,0.06,7123.694167452342,counterfactual_planning_simulation,0.0,0.0,traveler_time_loss_scenario_estimate_not_operator_cash_ledger,0.0,0.0,shanhaiguan_five_day_continuous_rain
q4_rain_counterfactual_2026.csv,2026-03-20,SHG,7123.694167452342,7123.694167452342,0.0,2,2.0,17,17.0,0.0,2.2,0.0,0.0,0.0,0.0,0,0,0,2,17,2.8,0.06,7123.694167452342,counterfactual_planning_simulation,0.0,0.0,traveler_time_loss_scenario_estimate_not_operator_cash_ledger,0.0,0.0,shanhaiguan_five_day_continuous_rain
q4_rain_counterfactual_2026.csv,2026-03-21,SHG,17112.729173831456,17112.729173831456,0.0,3,3.0,38,38.0,0.0,2.2,0.0,0.0,0.0,0.0,0,0,0,3,38,2.8,0.06,17112.729173831456,counterfactual_planning_simulation,0.0,0.0,traveler_time_loss_scenario_estimate_not_operator_cash_ledger,0.0,0.0,shanhaiguan_five_day_continuous_rain
q4_rain_counterfactual_2026.csv,2026-03-22,SHG,12786.891012710825,12786.891012710825,0.0,2,2.0,28,28.0,0.0,2.2,0.0,0.0,0.0,0.0,0,0,0,2,28,2.8,0.06,12786.891012710825,counterfactual_planning_simulation,0.0,0.0,traveler_time_loss_scenario_estimate_not_operator_cash_ledger,0.0,0.0,shanhaiguan_five_day_continuous_rain
q4_rain_counterfactual_2026.csv,2026-03-23,SHG,7123.694167452342,7123.694167452342,0.0,2,2.0,17,17.0,0.0,2.2,0.0,0.0,0.0,0.0,0,0,0,2,17,2.8,0.06,7123.694167452342,counterfactual_planning_simulation,0.0,0.0,traveler_time_loss_scenario_estimate_not_operator_cash_ledger,0.0,0.0,shanhaiguan_five_day_continuous_rain
q4_rain_counterfactual_2026.csv,2026-03-24,SHG,7123.694167452342,7123.694167452342,0.0,2,2.0,17,17.0,0.0,2.2,0.0,0.0,0.0,0.0,0,0,0,2,17,2.8,0.06,7123.694167452342,counterfactual_planning_simulation,0.0,0.0,traveler_time_loss_scenario_estimate_not_operator_cash_ledger,0.0,0.0,shanhaiguan_five_day_continuous_rain
q4_rain_counterfactual_2026.csv,2026-03-25,SHG,7123.694167452342,7123.694167452342,0.0,2,2.0,17,17.0,0.0,2.2,0.0,0.0,0.0,0.0,0,0,0,2,17,2.8,0.06,7123.694167452342,counterfactual_planning_simulation,0.0,0.0,traveler_time_loss_scenario_estimate_not_operator_cash_ledger,0.0,0.0,shanhaiguan_five_day_continuous_rain
q4_rain_counterfactual_2026.csv,2026-03-26,SHG,7123.694167452342,7123.694167452342,0.0,2,2.0,17,17.0,0.0,2.2,0.0,0.0,0.0,0.0,0,0,0,2,17,2.8,0.06,7123.694167452342,counterfactual_planning_simulation,0.0,0.0,traveler_time_loss_scenario_estimate_not_operator_cash_ledger,0.0,0.0,shanhaiguan_five_day_continuous_rain
q4_rain_counterfactual_2026.csv,2026-03-27,SHG,7123.694167452342,7123.694167452342,0.0,2,2.0,17,17.0,0.0,2.2,0.0,0.0,0.0,0.0,0,0,0,2,17,2.8,0.06,7123.694167452342,counterfactual_planning_simulation,0.0,0.0,traveler_time_loss_scenario_estimate_not_operator_cash_ledger,0.0,0.0,shanhaiguan_five_day_continuous_rain
q4_rain_counterfactual_2026.csv,2026-03-28,SHG,24622.85130958496,24622.85130958496,0.0,4,4.0,55,55.0,0.0,2.2,0.0,0.0,0.0,0.0,0,0,0,4,55,2.8,0.06,24622.85130958496,counterfactual_planning_simulation,0.0,0.0,traveler_time_loss_scenario_estimate_not_operator_cash_ledger,0.0,0.0,shanhaiguan_five_day_continuous_rain
q4_rain_counterfactual_2026.csv,2026-03-29,SHG,19488.77504639353,19488.77504639353,0.0,4,4.0,44,44.0,0.0,2.2,0.0,0.0,0.0,0.0,0,0,0,4,44,2.8,0.06,19488.77504639353,counterfactual_planning_simulation,0.0,0.0,traveler_time_loss_scenario_estimate_not_operator_cash_ledger,0.0,0.0,shanhaiguan_five_day_continuous_rain
q4_rain_counterfactual_2026.csv,2026-03-30,SHG,7123.694167452342,7123.694167452342,0.0,2,2.0,17,17.0,0.0,2.2,0.0,0.0,0.0,0.0,0,0,0,2,17,2.8,0.06,7123.694167452342,counterfactual_planning_simulation,0.0,0.0,traveler_time_loss_scenario_estimate_not_operator_cash_ledger,0.0,0.0,shanhaiguan_five_day_continuous_rain
q4_rain_counterfactual_2026.csv,2026-03-31,SHG,7123.694167452342,7123.694167452342,0.0,2,2.0,17,17.0,0.0,2.2,0.0,0.0,0.0,0.0,0,0,0,2,17,2.8,0.06,7123.694167452342,counterfactual_planning_simulation,0.0,0.0,traveler_time_loss_scenario_estimate_not_operator_cash_ledger,0.0,0.0,shanhaiguan_five_day_continuous_rain
q4_rain_counterfactual_2026.csv,2026-04-01,SHG,7123.694167452342,7123.694167452342,0.0,2,2.0,17,17.0,0.0,2.2,0.0,0.0,0.0,0.0,0,0,0,2,17,2.8,0.06,7123.694167452342,counterfactual_planning_simulation,0.0,0.0,traveler_time_loss_scenario_estimate_not_operator_cash_ledger,0.0,0.0,shanhaiguan_five_day_continuous_rain
q4_rain_counterfactual_2026.csv,2026-04-02,SHG,7123.694167452342,7123.694167452342,0.0,2,2.0,17,17.0,0.0,2.2,0.0,0.0,0.0,0.0,0,0,0,2,17,2.8,0.06,7123.694167452342,counterfactual_planning_simulation,0.0,0.0,traveler_time_loss_scenario_estimate_not_operator_cash_ledger,0.0,0.0,shanhaiguan_five_day_continuous_rain
q4_rain_counterfactual_2026.csv,2026-04-03,SHG,7123.694167452342,7123.694167452342,0.0,2,2.0,17,17.0,0.0,2.2,0.0,0.0,0.0,0.0,0,0,0,2,17,2.8,0.06,7123.694167452342,counterfactual_planning_simulation,0.0,0.0,traveler_time_loss_scenario_estimate_not_operator_cash_ledger,0.0,0.0,shanhaiguan_five_day_continuous_rain
q4_rain_counterfactual_2026.csv,2026-04-04,SHG,30632.33629546691,30632.33629546691,0.0047260375129227,5,5.0,67,67.0,0.0,2.2,0.0127603012848914,32.0,0.0,0.0,32,0,0,5,67,2.8,0.06,30632.33629546691,counterfactual_planning_simulation,44.8,1090.88,traveler_time_loss_scenario_estimate_not_operator_cash_ledger,44.8,1090.88,shanhaiguan_five_day_continuous_rain
q4_rain_counterfactual_2026.csv,2026-04-05,SHG,27249.76614396324,27249.76614396324,0.0,5,5.0,61,61.0,0.0,2.2,0.0,0.0,0.0,0.0,0,0,0,5,61,2.8,0.06,27249.76614396324,counterfactual_planning_simulation,0.0,0.0,traveler_time_loss_scenario_estimate_not_operator_cash_ledger,0.0,0.0,shanhaiguan_five_day_continuous_rain
q4_rain_counterfactual_2026.csv,2026-04-06,SHG,7123.694167452342,7123.694167452342,0.0,2,2.0,17,17.0,0.0,2.2,0.0,0.0,0.0,0.0,0,0,0,2,17,2.8,0.06,7123.694167452342,counterfactual_planning_simulation,0.0,0.0,traveler_time_loss_scenario_estimate_not_operator_cash_ledger,0.0,0.0,shanhaiguan_five_day_continuous_rain
q4_rain_counterfactual_2026.csv,2026-04-07,SHG,7123.694167452342,7123.694167452342,0.0,2,2.0,17,17.0,0.0,2.2,0.0,0.0,0.0,0.0,0,0,0,2,17,2.8,0.06,7123.694167452342,counterfactual_planning_simulation,0.0,0.0,traveler_time_loss_scenario_estimate_not_operator_cash_ledger,0.0,0.0,shanhaiguan_five_day_continuous_rain
q4_rain_counterfactual_2026.csv,2026-04-08,SHG,7123.694167452342,7123.694167452342,0.0,2,2.0,17,17.0,0.0,2.2,0.0,0.0,0.0,0.0,0,0,0,2,17,2.8,0.06,7123.694167452342,counterfactual_planning_simulation,0.0,0.0,traveler_time_loss_scenario_estimate_not_operator_cash_ledger,0.0,0.0,shanhaiguan_five_day_continuous_rain
q4_rain_counterfactual_2026.csv,2026-04-09,SHG,7123.694167452342,7123.694167452342,0.0,2,2.0,17,17.0,0.0,2.2,0.0,0.0,0.0,0.0,0,0,0,2,17,2.8,0.06,7123.694167452342,counterfactual_planning_simulation,0.0,0.0,traveler_time_loss_scenario_estimate_not_operator_cash_ledger,0.0,0.0,shanhaiguan_five_day_continuous_rain
q4_rain_counterfactual_2026.csv,2026-04-10,SHG,7123.694167452342,7123.694167452342,0.0,2,2.0,17,17.0,0.0,2.2,0.0,0.0,0.0,0.0,0,0,0,2,17,2.8,0.06,7123.694167452342,counterfactual_planning_simulation,0.0,0.0,traveler_time_loss_scenario_estimate_not_operator_cash_ledger,0.0,0.0,shanhaiguan_five_day_continuous_rain
q4_rain_counterfactual_2026.csv,2026-04-11,SHG,20076.835841433865,20076.835841433865,0.0,4,4.0,46,46.0,0.0,2.2,0.0,0.0,0.0,0.0,0,0,0,4,46,2.8,0.06,20076.835841433865,counterfactual_planning_simulation,0.0,0.0,traveler_time_loss_scenario_estimate_not_operator_cash_ledger,0.0,0.0,shanhaiguan_five_day_continuous_rain
q4_rain_counterfactual_2026.csv,2026-04-12,SHG,20734.746408505143,20734.746408505143,0.0,4,4.0,46,46.0,0.0,2.2,0.0,0.0,0.0,0.0,0,0,0,4,46,2.8,0.06,20734.746408505143,counterfactual_planning_simulation,0.0,0.0,traveler_time_loss_scenario_estimate_not_operator_cash_ledger,0.0,0.0,shanhaiguan_five_day_continuous_rain
q4_rain_counterfactual_2026.csv,2026-04-13,SHG,7123.694167452342,7123.694167452342,0.0,2,2.0,17,17.0,0.0,2.2,0.0,0.0,0.0,0.0,0,0,0,2,17,2.8,0.06,7123.694167452342,counterfactual_planning_simulation,0.0,0.0,traveler_time_loss_scenario_estimate_not_operator_cash_ledger,0.0,0.0,shanhaiguan_five_day_continuous_rain
q4_rain_counterfactual_2026.csv,2026-04-14,SHG,7123.694167452342,7123.694167452342,0.0,2,2.0,17,17.0,0.0,2.2,0.0,0.0,0.0,0.0,0,0,0,2,17,2.8,0.06,7123.694167452342,counterfactual_planning_simulation,0.0,0.0,traveler_time_loss_scenario_estimate_not_operator_cash_ledger,0.0,0.0,shanhaiguan_five_day_continuous_rain
q4_rain_counterfactual_2026.csv,2026-04-15,SHG,7123.694167452342,7123.694167452342,0.0,2,2.0,17,17.0,0.0,2.2,0.0,0.0,0.0,0.0,0,0,0,2,17,2.8,0.06,7123.694167452342,counterfactual_planning_simulation,0.0,0.0,traveler_time_loss_scenario_estimate_not_operator_cash_ledger,0.0,0.0,shanhaiguan_five_day_continuous_rain
q4_rain_counterfactual_2026.csv,2026-04-16,SHG,7123.694167452342,7123.694167452342,0.0,2,2.0,17,17.0,0.0,2.2,0.0,0.0,0.0,0.0,0,0,0,2,17,2.8,0.06,7123.694167452342,counterfactual_planning_simulation,0.0,0.0,traveler_time_loss_scenario_estimate_not_operator_cash_ledger,0.0,0.0,shanhaiguan_five_day_continuous_rain
q4_rain_counterfactual_2026.csv,2026-04-17,SHG,7123.694167452342,7123.694167452342,0.0,2,2.0,17,17.0,0.0,2.2,0.0,0.0,0.0,0.0,0,0,0,2,17,2.8,0.06,7123.694167452342,counterfactual_planning_simulation,0.0,0.0,traveler_time_loss_scenario_estimate_not_operator_cash_ledger,0.0,0.0,shanhaiguan_five_day_continuous_rain
q4_rain_counterfactual_2026.csv,2026-04-18,SHG,26431.92270647285,26431.92270647285,0.0,5,5.0,59,59.0,0.0,2.2,0.0,0.0,0.0,0.0,0,0,0,5,59,2.8,0.06,26431.92270647285,counterfactual_planning_simulation,0.0,0.0,traveler_time_loss_scenario_estimate_not_operator_cash_ledger,0.0,0.0,shanhaiguan_five_day_continuous_rain
q4_rain_counterfactual_2026.csv,2026-04-19,SHG,30243.79349050313,30243.79349050313,0.0004488330341113,5,5.0,67,67.0,0.0,2.2,0.0012118491921005,3.0,0.0,0.0,3,0,0,5,67,2.8,0.06,30243.79349050313,counterfactual_planning_simulation,4.199999999999999,102.26999999999998,traveler_time_loss_scenario_estimate_not_operator_cash_ledger,4.199999999999999,102.26999999999998,shanhaiguan_five_day_continuous_rain
q4_rain_counterfactual_2026.csv,2026-04-20,SHG,7123.694167452342,7123.694167452342,0.0,2,2.0,17,17.0,0.0,2.2,0.0,0.0,0.0,0.0,0,0,0,2,17,2.8,0.06,7123.694167452342,counterfactual_planning_simulation,0.0,0.0,traveler_time_loss_scenario_estimate_not_operator_cash_ledger,0.0,0.0,shanhaiguan_five_day_continuous_rain
q4_rain_counterfactual_2026.csv,2026-04-21,SHG,7507.0150665896435,7507.0150665896435,0.0,2,2.0,18,18.0,0.0,2.2,0.0,0.0,0.0,0.0,0,0,0,2,18,2.8,0.06,7507.0150665896435,counterfactual_planning_simulation,0.0,0.0,traveler_time_loss_scenario_estimate_not_operator_cash_ledger,0.0,0.0,shanhaiguan_five_day_continuous_rain
q4_rain_counterfactual_2026.csv,2026-04-22,SHG,7123.694167452342,7123.694167452342,0.0,2,2.0,17,17.0,0.0,2.2,0.0,0.0,0.0,0.0,0,0,0,2,17,2.8,0.06,7123.694167452342,counterfactual_planning_simulation,0.0,0.0,traveler_time_loss_scenario_estimate_not_operator_cash_ledger,0.0,0.0,shanhaiguan_five_day_continuous_rain
q4_rain_counterfactual_2026.csv,2026-04-23,SHG,7123.694167452342,7123.694167452342,0.0,2,2.0,17,17.0,0.0,2.2,0.0,0.0,0.0,0.0,0,0,0,2,17,2.8,0.06,7123.694167452342,counterfactual_planning_simulation,0.0,0.0,traveler_time_loss_scenario_estimate_not_operator_cash_ledger,0.0,0.0,shanhaiguan_five_day_continuous_rain
q4_rain_counterfactual_2026.csv,2026-04-24,SHG,7123.694167452342,7123.694167452342,0.0,2,2.0,17,17.0,0.0,2.2,0.0,0.0,0.0,0.0,0,0,0,2,17,2.8,0.06,7123.694167452342,counterfactual_planning_simulation,0.0,0.0,traveler_time_loss_scenario_estimate_not_operator_cash_ledger,0.0,0.0,shanhaiguan_five_day_continuous_rain
q4_rain_counterfactual_2026.csv,2026-04-25,SHG,36708.49898853331,36708.49898853331,0.0590483234714004,6,6.0,81,81.0,0.0,2.2,0.159430473372781,479.0,0.0,0.0,479,0,0,6,81,2.8,0.06,36708.49898853331,counterfactual_planning_simulation,670.5999999999999,16329.11,traveler_time_loss_scenario_estimate_not_operator_cash_ledger,670.5999999999999,16329.11,shanhaiguan_five_day_continuous_rain
q4_rain_counterfactual_2026.csv,2026-04-26,SHG,33879.24721984732,33879.24721984732,0.0361912393162393,6,6.0,75,75.0,0.0,2.2,0.0977163461538461,271.0,0.0,0.0,271,0,0,6,75,2.8,0.06,33879.24721984732,counterfactual_planning_simulation,379.4,9238.39,traveler_time_loss_scenario_estimate_not_operator_cash_ledger,379.4,9238.39,shanhaiguan_five_day_continuous_rain
q4_rain_counterfactual_2026.csv,2026-04-27,SHG,11184.021168990035,11184.021168990035,0.0,2,2.0,25,25.0,0.0,2.2,0.0,0.0,0.0,0.0,0,0,0,2,25,2.8,0.06,11184.021168990035,counterfactual_planning_simulation,0.0,0.0,traveler_time_loss_scenario_estimate_not_operator_cash_ledger,0.0,0.0,shanhaiguan_five_day_continuous_rain
q4_rain_counterfactual_2026.csv,2026-04-28,SHG,12671.67501802706,12671.67501802706,0.0,2,2.0,28,28.0,0.0,2.2,0.0,0.0,0.0,0.0,0,0,0,2,28,2.8,0.06,12671.67501802706,counterfactual_planning_simulation,0.0,0.0,traveler_time_loss_scenario_estimate_not_operator_cash_ledger,0.0,0.0,shanhaiguan_five_day_continuous_rain
q4_rain_counterfactual_2026.csv,2026-04-29,SHG,18030.835193793508,18030.835193793508,0.0,3,3.0,41,41.0,0.0,2.2,0.0,0.0,0.0,0.0,0,0,0,3,41,2.8,0.06,18030.835193793508,counterfactual_planning_simulation,0.0,0.0,traveler_time_loss_scenario_estimate_not_operator_cash_ledger,0.0,0.0,shanhaiguan_five_day_continuous_rain
q4_rain_counterfactual_2026.csv,2026-04-30,SHG,35105.64605624192,35105.64605624192,0.0465326114978087,6,6.0,77,77.0,0.0,2.2,0.1256380510440835,361.0,0.0,0.0,361,0,0,6,77,2.8,0.06,35105.64605624192,counterfactual_planning_simulation,505.4,12306.49,traveler_time_loss_scenario_estimate_not_operator_cash_ledger,505.4,12306.49,shanhaiguan_five_day_continuous_rain
q4_rain_counterfactual_2026.csv,2026-05-01,SHG,41822.11635791519,41822.11635791519,0.0926106242561938,7,7.0,92,92.0,0.0,2.2,0.2500486854917235,856.0,0.0,0.0,856,0,0,7,92,2.8,0.06,41822.11635791519,counterfactual_planning_simulation,1198.4,29181.04,traveler_time_loss_scenario_estimate_not_operator_cash_ledger,1198.4,29181.04,shanhaiguan_five_day_continuous_rain
q4_rain_counterfactual_2026.csv,2026-05-02,SHG,80126.67334770385,80126.67334770385,0.2076910045739454,13,13.0,175,175.0,0.0,2.2,0.5607657123496527,3678.0,0.0,0.0,3678,0,0,13,175,2.8,0.06,80126.67334770385,counterfactual_planning_simulation,5149.2,125383.02,traveler_time_loss_scenario_estimate_not_operator_cash_ledger,5149.2,125383.02,shanhaiguan_five_day_continuous_rain
q4_rain_counterfactual_2026.csv,2026-05-03,SHG,73617.28599184549,73617.28599184549,0.196570164115803,12,12.0,161,161.0,0.0,2.2,0.5307394431126682,3198.0,0.0,0.0,3198,0,0,12,161,2.8,0.06,73617.28599184549,counterfactual_planning_simulation,4477.2,109019.82,traveler_time_loss_scenario_estimate_not_operator_cash_ledger,4477.2,109019.82,shanhaiguan_five_day_continuous_rain
q4_rain_counterfactual_2026.csv,2026-05-04,SHG,38889.25502568645,38889.25502568645,0.0744618964514252,7,7.0,86,86.0,0.0,2.2,0.2010471204188481,640.0,0.0,0.0,640,0,0,7,86,2.8,0.06,38889.25502568645,counterfactual_planning_simulation,896.0,21817.6,traveler_time_loss_scenario_estimate_not_operator_cash_ledger,896.0,21817.6,shanhaiguan_five_day_continuous_rain
q4_rain_counterfactual_2026.csv,2026-05-05,SHG,29399.888281677984,29399.888281677984,0.0,5,5.0,66,66.0,0.0,2.2,0.0,0.0,0.0,0.0,0,0,0,5,66,2.8,0.06,29399.888281677984,counterfactual_planning_simulation,0.0,0.0,traveler_time_loss_scenario_estimate_not_operator_cash_ledger,0.0,0.0,shanhaiguan_five_day_continuous_rain
q4_rain_counterfactual_2026.csv,2026-05-06,SHG,13615.599111001844,13615.599111001844,0.0,3,3.0,31,31.0,0.0,2.2,0.0,0.0,0.0,0.0,0,0,0,3,31,2.8,0.06,13615.599111001844,counterfactual_planning_simulation,0.0,0.0,traveler_time_loss_scenario_estimate_not_operator_cash_ledger,0.0,0.0,shanhaiguan_five_day_continuous_rain
q4_rain_counterfactual_2026.csv,2026-05-07,SHG,7123.694167452342,7123.694167452342,0.0,2,2.0,17,17.0,0.0,2.2,0.0,0.0,0.0,0.0,0,0,0,2,17,2.8,0.06,7123.694167452342,counterfactual_planning_simulation,0.0,0.0,traveler_time_loss_scenario_estimate_not_operator_cash_ledger,0.0,0.0,shanhaiguan_five_day_continuous_rain
q4_rain_counterfactual_2026.csv,2026-05-08,SHG,8175.496967146285,8175.496967146285,0.0,2,2.0,20,20.0,0.0,2.2,0.0,0.0,0.0,0.0,0,0,0,2,20,2.8,0.06,8175.496967146285,counterfactual_planning_simulation,0.0,0.0,traveler_time_loss_scenario_estimate_not_operator_cash_ledger,0.0,0.0,shanhaiguan_five_day_continuous_rain
q4_rain_counterfactual_2026.csv,2026-05-09,SHG,30615.46242634916,30615.46242634916,0.004580378250591,5,5.0,67,67.0,0.0,2.2,0.0123670212765957,31.0,0.0,0.0,31,0,0,5,67,2.8,0.06,30615.46242634916,counterfactual_planning_simulation,43.4,1056.79,traveler_time_loss_scenario_estimate_not_operator_cash_ledger,43.4,1056.79,shanhaiguan_five_day_continuous_rain
q4_rain_counterfactual_2026.csv,2026-05-10,SHG,26261.659019139217,26261.659019139217,0.0,5,5.0,59,59.0,0.0,2.2,0.0,0.0,0.0,0.0,0,0,0,5,59,2.8,0.06,26261.659019139217,counterfactual_planning_simulation,0.0,0.0,traveler_time_loss_scenario_estimate_not_operator_cash_ledger,0.0,0.0,shanhaiguan_five_day_continuous_rain
q4_rain_counterfactual_2026.csv,2026-05-11,SHG,7123.694167452342,7123.694167452342,0.0,2,2.0,17,17.0,0.0,2.2,0.0,0.0,0.0,0.0,0,0,0,2,17,2.8,0.06,7123.694167452342,counterfactual_planning_simulation,0.0,0.0,traveler_time_loss_scenario_estimate_not_operator_cash_ledger,0.0,0.0,shanhaiguan_five_day_continuous_rain
q4_rain_counterfactual_2026.csv,2026-05-12,SHG,7123.694167452342,7123.694167452342,0.0,2,2.0,17,17.0,0.0,2.2,0.0,0.0,0.0,0.0,0,0,0,2,17,2.8,0.06,7123.694167452342,counterfactual_planning_simulation,0.0,0.0,traveler_time_loss_scenario_estimate_not_operator_cash_ledger,0.0,0.0,shanhaiguan_five_day_continuous_rain
q4_rain_counterfactual_2026.csv,2026-05-13,SHG,7123.694167452342,7123.694167452342,0.0,2,2.0,17,17.0,0.0,2.2,0.0,0.0,0.0,0.0,0,0,0,2,17,2.8,0.06,7123.694167452342,counterfactual_planning_simulation,0.0,0.0,traveler_time_loss_scenario_estimate_not_operator_cash_ledger,0.0,0.0,shanhaiguan_five_day_continuous_rain
q4_rain_counterfactual_2026.csv,2026-05-14,SHG,7123.694167452342,7123.694167452342,0.0,2,2.0,17,17.0,0.0,2.2,0.0,0.0,0.0,0.0,0,0,0,2,17,2.8,0.06,7123.694167452342,counterfactual_planning_simulation,0.0,0.0,traveler_time_loss_scenario_estimate_not_operator_cash_ledger,0.0,0.0,shanhaiguan_five_day_continuous_rain
q4_rain_counterfactual_2026.csv,2026-05-15,SHG,7123.694167452342,7123.694167452342,0.0,2,2.0,17,17.0,0.0,2.2,0.0,0.0,0.0,0.0,0,0,0,2,17,2.8,0.06,7123.694167452342,counterfactual_planning_simulation,0.0,0.0,traveler_time_loss_scenario_estimate_not_operator_cash_ledger,0.0,0.0,shanhaiguan_five_day_continuous_rain
q4_rain_counterfactual_2026.csv,2026-05-16,SHG,29968.649240086124,29968.649240086124,0.0,5,5.0,66,66.0,0.0,2.2,0.0,0.0,0.0,0.0,0,0,0,5,66,2.8,0.06,29968.649240086124,counterfactual_planning_simulation,0.0,0.0,traveler_time_loss_scenario_estimate_not_operator_cash_ledger,0.0,0.0,shanhaiguan_five_day_continuous_rain
q4_rain_counterfactual_2026.csv,2026-05-17,SHG,30193.89209634423,30193.89209634423,0.0,5,5.0,67,67.0,0.0,2.2,0.0,0.0,0.0,0.0,0,0,0,5,67,2.8,0.06,30193.89209634423,counterfactual_planning_simulation,0.0,0.0,traveler_time_loss_scenario_estimate_not_operator_cash_ledger,0.0,0.0,shanhaiguan_five_day_continuous_rain
q4_rain_counterfactual_2026.csv,2026-05-18,SHG,7123.694167452342,7123.694167452342,0.0,2,2.0,17,17.0,0.0,2.2,0.0,0.0,0.0,0.0,0,0,0,2,17,2.8,0.06,7123.694167452342,counterfactual_planning_simulation,0.0,0.0,traveler_time_loss_scenario_estimate_not_operator_cash_ledger,0.0,0.0,shanhaiguan_five_day_continuous_rain
q4_rain_counterfactual_2026.csv,2026-05-19,SHG,7369.215289748355,7369.215289748355,0.0,2,2.0,18,18.0,0.0,2.2,0.0,0.0,0.0,0.0,0,0,0,2,18,2.8,0.06,7369.215289748355,counterfactual_planning_simulation,0.0,0.0,traveler_time_loss_scenario_estimate_not_operator_cash_ledger,0.0,0.0,shanhaiguan_five_day_continuous_rain
q4_rain_counterfactual_2026.csv,2026-05-20,SHG,7123.694167452342,7123.694167452342,0.0,2,2.0,17,17.0,0.0,2.2,0.0,0.0,0.0,0.0,0,0,0,2,17,2.8,0.06,7123.694167452342,counterfactual_planning_simulation,0.0,0.0,traveler_time_loss_scenario_estimate_not_operator_cash_ledger,0.0,0.0,shanhaiguan_five_day_continuous_rain
q4_rain_counterfactual_2026.csv,2026-05-21,SHG,7123.694167452342,7123.694167452342,0.0,2,2.0,17,17.0,0.0,2.2,0.0,0.0,0.0,0.0,0,0,0,2,17,2.8,0.06,7123.694167452342,counterfactual_planning_simulation,0.0,0.0,traveler_time_loss_scenario_estimate_not_operator_cash_ledger,0.0,0.0,shanhaiguan_five_day_continuous_rain
q4_rain_counterfactual_2026.csv,2026-05-22,SHG,7123.694167452342,7123.694167452342,0.0,2,2.0,17,17.0,0.0,2.2,0.0,0.0,0.0,0.0,0,0,0,2,17,2.8,0.06,7123.694167452342,counterfactual_planning_simulation,0.0,0.0,traveler_time_loss_scenario_estimate_not_operator_cash_ledger,0.0,0.0,shanhaiguan_five_day_continuous_rain
q4_rain_counterfactual_2026.csv,2026-05-23,SHG,29262.92860684236,29262.92860684236,0.0,5,5.0,64,64.0,0.0,2.2,0.0,0.0,0.0,0.0,0,0,0,5,64,2.8,0.06,29262.92860684236,counterfactual_planning_simulation,0.0,0.0,traveler_time_loss_scenario_estimate_not_operator_cash_ledger,0.0,0.0,shanhaiguan_five_day_continuous_rain
q4_rain_counterfactual_2026.csv,2026-05-24,SHG,29252.77112621434,29252.77112621434,0.0,5,5.0,64,64.0,0.0,2.2,0.0,0.0,0.0,0.0,0,0,0,5,64,2.8,0.06,29252.77112621434,counterfactual_planning_simulation,0.0,0.0,traveler_time_loss_scenario_estimate_not_operator_cash_ledger,0.0,0.0,shanhaiguan_five_day_continuous_rain
q4_rain_counterfactual_2026.csv,2026-05-25,SHG,7123.694167452342,7123.694167452342,0.0,2,2.0,17,17.0,0.0,2.2,0.0,0.0,0.0,0.0,0,0,0,2,17,2.8,0.06,7123.694167452342,counterfactual_planning_simulation,0.0,0.0,traveler_time_loss_scenario_estimate_not_operator_cash_ledger,0.0,0.0,shanhaiguan_five_day_continuous_rain
q4_rain_counterfactual_2026.csv,2026-05-26,SHG,10852.10421815619,10852.10421815619,0.0,2,2.0,25,25.0,0.0,2.2,0.0,0.0,0.0,0.0,0,0,0,2,25,2.8,0.06,10852.10421815619,counterfactual_planning_simulation,0.0,0.0,traveler_time_loss_scenario_estimate_not_operator_cash_ledger,0.0,0.0,shanhaiguan_five_day_continuous_rain
q4_rain_counterfactual_2026.csv,2026-05-27,SHG,7123.694167452342,7123.694167452342,0.0,2,2.0,17,17.0,0.0,2.2,0.0,0.0,0.0,0.0,0,0,0,2,17,2.8,0.06,7123.694167452342,counterfactual_planning_simulation,0.0,0.0,traveler_time_loss_scenario_estimate_not_operator_cash_ledger,0.0,0.0,shanhaiguan_five_day_continuous_rain
q4_rain_counterfactual_2026.csv,2026-05-28,SHG,7123.694167452342,7123.694167452342,0.0,2,2.0,17,17.0,0.0,2.2,0.0,0.0,0.0,0.0,0,0,0,2,17,2.8,0.06,7123.694167452342,counterfactual_planning_simulation,0.0,0.0,traveler_time_loss_scenario_estimate_not_operator_cash_ledger,0.0,0.0,shanhaiguan_five_day_continuous_rain
q4_rain_counterfactual_2026.csv,2026-05-29,SHG,7123.694167452342,7123.694167452342,0.0,2,2.0,17,17.0,0.0,2.2,0.0,0.0,0.0,0.0,0,0,0,2,17,2.8,0.06,7123.694167452342,counterfactual_planning_simulation,0.0,0.0,traveler_time_loss_scenario_estimate_not_operator_cash_ledger,0.0,0.0,shanhaiguan_five_day_continuous_rain
q4_rain_counterfactual_2026.csv,2026-05-30,SHG,38024.90928893328,38024.90928893328,0.0685469475187433,6,6.0,84,84.0,0.0,2.2,0.1850767583006069,576.0,0.0,0.0,576,0,0,6,84,2.8,0.06,38024.90928893328,counterfactual_planning_simulation,806.4,19635.84,traveler_time_loss_scenario_estimate_not_operator_cash_ledger,806.4,19635.84,shanhaiguan_five_day_continuous_rain
q4_rain_counterfactual_2026.csv,2026-05-31,SHG,38301.96828558376,38301.96828558376,0.0705173635719347,6,6.0,84,84.0,0.0,2.2,0.1903968816442239,597.0,0.0,0.0,597,0,0,6,84,2.8,0.06,38301.96828558376,counterfactual_planning_simulation,835.8,20351.73,traveler_time_loss_scenario_estimate_not_operator_cash_ledger,835.8,20351.73,shanhaiguan_five_day_continuous_rain
q4_rain_counterfactual_2026.csv,2026-06-01,SHG,12986.886173910474,12986.886173910474,0.0,3,3.0,30,30.0,0.0,2.2,0.0,0.0,0.0,0.0,0,0,0,3,30,2.8,0.06,12986.886173910474,counterfactual_planning_simulation,0.0,0.0,traveler_time_loss_scenario_estimate_not_operator_cash_ledger,0.0,0.0,shanhaiguan_five_day_continuous_rain
q4_rain_counterfactual_2026.csv,2026-06-02,SHG,16220.82132350198,16220.82132350198,0.0,3,3.0,36,36.0,0.0,2.2,0.0,0.0,0.0,0.0,0,0,0,3,36,2.8,0.06,16220.82132350198,counterfactual_planning_simulation,0.0,0.0,traveler_time_loss_scenario_estimate_not_operator_cash_ledger,0.0,0.0,shanhaiguan_five_day_continuous_rain
q4_rain_counterfactual_2026.csv,2026-06-03,SHG,10899.293839889588,10899.293839889588,0.0,2,2.0,25,25.0,0.0,2.2,0.0,0.0,0.0,0.0,0,0,0,2,25,2.8,0.06,10899.293839889588,counterfactual_planning_simulation,0.0,0.0,traveler_time_loss_scenario_estimate_not_operator_cash_ledger,0.0,0.0,shanhaiguan_five_day_continuous_rain
q4_rain_counterfactual_2026.csv,2026-06-04,SHG,12777.575930563964,12777.575930563964,0.0,2,2.0,28,28.0,0.0,2.2,0.0,0.0,0.0,0.0,0,0,0,2,28,2.8,0.06,12777.575930563964,counterfactual_planning_simulation,0.0,0.0,traveler_time_loss_scenario_estimate_not_operator_cash_ledger,0.0,0.0,shanhaiguan_five_day_continuous_rain
q4_rain_counterfactual_2026.csv,2026-06-05,SHG,17134.17334334525,17134.17334334525,0.0,3,3.0,38,38.0,0.0,2.2,0.0,0.0,0.0,0.0,0,0,0,3,38,2.8,0.06,17134.17334334525,counterfactual_planning_simulation,0.0,0.0,traveler_time_loss_scenario_estimate_not_operator_cash_ledger,0.0,0.0,shanhaiguan_five_day_continuous_rain
q4_rain_counterfactual_2026.csv,2026-06-06,SHG,46499.193347927016,46499.193347927016,0.1168515275345398,8,8.0,102,102.0,0.0,2.2,0.3154991243432574,1201.0,0.0,0.0,1201,0,0,8,102,2.8,0.06,46499.193347927016,counterfactual_planning_simulation,1681.4,40942.09,traveler_time_loss_scenario_estimate_not_operator_cash_ledger,1681.4,40942.09,shanhaiguan_five_day_continuous_rain
q4_rain_counterfactual_2026.csv,2026-06-07,SHG,40656.39449550607,40656.39449550607,0.0856983861992209,7,7.0,89,89.0,0.0,2.2,0.2313856427378965,770.0,0.0,0.0,770,0,0,7,89,2.8,0.06,40656.39449550607,counterfactual_planning_simulation,1078.0,26249.300000000003,traveler_time_loss_scenario_estimate_not_operator_cash_ledger,1078.0,26249.300000000003,shanhaiguan_five_day_continuous_rain
q4_rain_counterfactual_2026.csv,2026-06-08,SHG,14813.904438765838,14813.904438765838,0.0,3,3.0,34,34.0,0.0,2.2,0.0,0.0,0.0,0.0,0,0,0,3,34,2.8,0.06,14813.904438765838,counterfactual_planning_simulation,0.0,0.0,traveler_time_loss_scenario_estimate_not_operator_cash_ledger,0.0,0.0,shanhaiguan_five_day_continuous_rain
q4_rain_counterfactual_2026.csv,2026-06-09,SHG,21364.41691496145,21364.41691496145,0.0,4,4.0,48,48.0,0.0,2.2,0.0,0.0,0.0,0.0,0,0,0,4,48,2.8,0.06,21364.41691496145,counterfactual_planning_simulation,0.0,0.0,traveler_time_loss_scenario_estimate_not_operator_cash_ledger,0.0,0.0,shanhaiguan_five_day_continuous_rain
q4_rain_counterfactual_2026.csv,2026-06-10,SHG,21038.17171224934,21038.17171224934,0.0,4,4.0,47,47.0,0.0,2.2,0.0,0.0,0.0,0.0,0,0,0,4,47,2.8,0.06,21038.17171224934,counterfactual_planning_simulation,0.0,0.0,traveler_time_loss_scenario_estimate_not_operator_cash_ledger,0.0,0.0,shanhaiguan_five_day_continuous_rain
q4_rain_counterfactual_2026.csv,2026-06-11,SHG,24257.808518500835,24257.808518500835,0.0,4,4.0,53,53.0,0.0,2.2,0.0,0.0,0.0,0.0,0,0,0,4,53,2.8,0.06,24257.808518500835,counterfactual_planning_simulation,0.0,0.0,traveler_time_loss_scenario_estimate_not_operator_cash_ledger,0.0,0.0,shanhaiguan_five_day_continuous_rain
q4_rain_counterfactual_2026.csv,2026-06-12,SHG,22971.38028265988,22971.38028265988,0.0,4,4.0,52,52.0,0.0,2.2,0.0,0.0,0.0,0.0,0,0,0,4,52,2.8,0.06,22971.38028265988,counterfactual_planning_simulation,0.0,0.0,traveler_time_loss_scenario_estimate_not_operator_cash_ledger,0.0,0.0,shanhaiguan_five_day_continuous_rain
q4_rain_counterfactual_2026.csv,2026-06-13,SHG,59730.71542079086,59730.71542079086,0.1647727272727272,10,10.0,131,131.0,0.0,2.2,0.4448863636363636,2175.0,0.0,0.0,2175,0,0,10,131,2.8,0.06,59730.71542079086,counterfactual_planning_simulation,3045.0,74145.75,traveler_time_loss_scenario_estimate_not_operator_cash_ledger,3045.0,74145.75,shanhaiguan_five_day_continuous_rain
q4_rain_counterfactual_2026.csv,2026-06-14,SHG,58352.39708710313,58352.39708710313,0.1608125920756765,10,10.0,128,128.0,0.0,2.2,0.4341939986043266,2074.0,0.0,0.0,2074,0,0,10,128,2.8,0.06,58352.39708710313,counterfactual_planning_simulation,2903.6,70702.66,traveler_time_loss_scenario_estimate_not_operator_cash_ledger,2903.6,70702.66,shanhaiguan_five_day_continuous_rain
q4_rain_counterfactual_2026.csv,2026-06-15,SHG,29351.58103234477,29351.58103234477,0.0,5,5.0,65,65.0,0.0,2.2,0.0,0.0,0.0,0.0,0,0,0,5,65,2.8,0.06,29351.58103234477,counterfactual_planning_simulation,0.0,0.0,traveler_time_loss_scenario_estimate_not_operator_cash_ledger,0.0,0.0,shanhaiguan_five_day_continuous_rain
q4_rain_counterfactual_2026.csv,2026-06-16,SHG,26136.39628123477,26136.39628123477,0.0,5,5.0,59,59.0,0.0,2.2,0.0,0.0,0.0,0.0,0,0,0,5,59,2.8,0.06,26136.39628123477,counterfactual_planning_simulation,0.0,0.0,traveler_time_loss_scenario_estimate_not_operator_cash_ledger,0.0,0.0,shanhaiguan_five_day_continuous_rain
q4_rain_counterfactual_2026.csv,2026-06-17,SHG,28356.071201913423,28356.071201913423,0.0,5,5.0,63,63.0,0.0,2.2,0.0,0.0,0.0,0.0,0,0,0,5,63,2.8,0.06,28356.071201913423,counterfactual_planning_simulation,0.0,0.0,traveler_time_loss_scenario_estimate_not_operator_cash_ledger,0.0,0.0,shanhaiguan_five_day_continuous_rain
q4_rain_counterfactual_2026.csv,2026-06-18,SHG,31330.01405196027,31330.01405196027,0.0119872905834777,5,5.0,69,69.0,0.0,2.2,0.0323656845753899,83.0,0.0,0.0,83,0,0,5,69,2.8,0.06,31330.01405196027,counterfactual_planning_simulation,116.2,2829.47,traveler_time_loss_scenario_estimate_not_operator_cash_ledger,116.2,2829.47,shanhaiguan_five_day_continuous_rain
q4_rain_counterfactual_2026.csv,2026-06-19,SHG,24137.96558048712,24137.96558048712,0.0,4,4.0,53,53.0,0.0,2.2,0.0,0.0,0.0,0.0,0,0,0,4,53,2.8,0.06,24137.96558048712,counterfactual_planning_simulation,0.0,0.0,traveler_time_loss_scenario_estimate_not_operator_cash_ledger,0.0,0.0,shanhaiguan_five_day_continuous_rain
q4_rain_counterfactual_2026.csv,2026-06-20,SHG,51408.64972328358,51408.64972328358,0.1374878971921485,9,9.0,113,113.0,0.0,2.2,0.3712173224188012,1562.0,0.0,0.0,1562,0,0,9,113,2.8,0.06,51408.64972328358,counterfactual_planning_simulation,2186.8,53248.58,traveler_time_loss_scenario_estimate_not_operator_cash_ledger,2186.8,53248.58,shanhaiguan_five_day_continuous_rain
q4_rain_counterfactual_2026.csv,2026-06-21,SHG,54944.20354522125,54944.20354522125,0.1501152832674571,9,9.0,120,120.0,0.0,2.2,0.4053112648221343,1823.0,0.0,0.0,1823,0,0,9,120,2.8,0.06,54944.20354522125,counterfactual_planning_simulation,2552.2,62146.07,traveler_time_loss_scenario_estimate_not_operator_cash_ledger,2552.2,62146.07,shanhaiguan_five_day_continuous_rain
q4_rain_counterfactual_2026.csv,2026-06-22,SHG,28550.262229314627,28550.262229314627,0.0,5,5.0,63,63.0,0.0,2.2,0.0,0.0,0.0,0.0,0,0,0,5,63,2.8,0.06,28550.262229314627,counterfactual_planning_simulation,0.0,0.0,traveler_time_loss_scenario_estimate_not_operator_cash_ledger,0.0,0.0,shanhaiguan_five_day_continuous_rain
q4_rain_counterfactual_2026.csv,2026-06-23,SHG,33881.01918966025,33881.01918966025,0.0361912393162393,6,6.0,75,75.0,0.0,2.2,0.0977163461538461,271.0,0.0,0.0,271,0,0,6,75,2.8,0.06,33881.01918966025,counterfactual_planning_simulation,379.4,9238.39,traveler_time_loss_scenario_estimate_not_operator_cash_ledger,379.4,9238.39,shanhaiguan_five_day_continuous_rain
q4_rain_counterfactual_2026.csv,2026-06-24,SHG,28946.279680591582,28946.279680591582,0.0,5,5.0,64,64.0,0.0,2.2,0.0,0.0,0.0,0.0,0,0,0,5,64,2.8,0.06,28946.279680591582,counterfactual_planning_simulation,0.0,0.0,traveler_time_loss_scenario_estimate_not_operator_cash_ledger,0.0,0.0,shanhaiguan_five_day_continuous_rain
q4_rain_counterfactual_2026.csv,2026-06-25,SHG,31295.882397505124,31295.882397505124,0.0117085862966175,5,5.0,69,69.0,0.0,2.2,0.0316131830008673,81.0,0.0,0.0,81,0,0,5,69,2.8,0.06,31295.882397505124,counterfactual_planning_simulation,113.4,2761.29,traveler_time_loss_scenario_estimate_not_operator_cash_ledger,113.4,2761.29,shanhaiguan_five_day_continuous_rain
q4_rain_counterfactual_2026.csv,2026-06-26,SHG,31825.301690614582,31825.301690614582,0.0170575692963752,5,5.0,70,70.0,0.0,2.2,0.0460554371002132,120.0,0.0,0.0,120,0,0,5,70,2.8,0.06,31825.301690614582,counterfactual_planning_simulation,168.0,4090.8,traveler_time_loss_scenario_estimate_not_operator_cash_ledger,168.0,4090.8,shanhaiguan_five_day_continuous_rain
q4_rain_counterfactual_2026.csv,2026-06-27,SHG,72071.8639886952,72071.8639886952,0.1936334526276134,12,12.0,158,158.0,0.0,2.2,0.5228103220945565,3084.0,0.0,0.0,3084,0,0,12,158,2.8,0.06,72071.8639886952,counterfactual_planning_simulation,4317.599999999999,105133.56,traveler_time_loss_scenario_estimate_not_operator_cash_ledger,4317.599999999999,105133.56,shanhaiguan_five_day_continuous_rain
q4_rain_counterfactual_2026.csv,2026-06-28,SHG,69478.2317290668,69478.2317290668,0.1884199557118666,11,11.0,151,151.0,0.0,2.2,0.5087338804220398,2893.0,0.0,0.0,2893,0,0,11,151,2.8,0.06,69478.2317290668,counterfactual_planning_simulation,4050.2,98622.37,traveler_time_loss_scenario_estimate_not_operator_cash_ledger,4050.2,98622.37,shanhaiguan_five_day_continuous_rain
q4_rain_counterfactual_2026.csv,2026-06-29,SHG,46052.91476194245,46052.91476194245,0.1147460457805285,8,8.0,102,102.0,0.0,2.2,0.309814323607427,1168.0,0.0,0.0,1168,0,0,8,102,2.8,0.06,46052.91476194245,counterfactual_planning_simulation,1635.1999999999998,39817.12,traveler_time_loss_scenario_estimate_not_operator_cash_ledger,1635.1999999999998,39817.12,shanhaiguan_five_day_continuous_rain
q4_rain_counterfactual_2026.csv,2026-06-30,SHG,50740.69733424172,50740.69733424172,0.1349206349206349,8,8.0,111,111.0,0.0,2.2,0.3642857142857143,1513.0,0.0,0.0,1513,0,0,8,111,2.8,0.06,50740.69733424172,counterfactual_planning_simulation,2118.2,51578.17,traveler_time_loss_scenario_estimate_not_operator_cash_ledger,2118.2,51578.17,shanhaiguan_five_day_continuous_rain
q4_rain_counterfactual_2026.csv,2026-07-01,SHG,36500.12898411196,36500.12898411196,0.0575182843684145,6,6.0,80,80.0,0.0,2.2,0.1552993677947192,464.0,0.0,0.0,464,0,0,6,80,2.8,0.06,36500.12898411196,counterfactual_planning_simulation,649.5999999999999,15817.759999999998,traveler_time_loss_scenario_estimate_not_operator_cash_ledger,649.5999999999999,15817.759999999998,shanhaiguan_five_day_continuous_rain
q4_rain_counterfactual_2026.csv,2026-07-02,SHG,38563.58846536104,38563.58846536104,0.0722750205326762,7,7.0,85,85.0,0.0,2.2,0.1951425554382259,616.0,0.0,0.0,616,0,0,7,85,2.8,0.06,38563.58846536104,counterfactual_planning_simulation,862.4,20999.44,traveler_time_loss_scenario_estimate_not_operator_cash_ledger,862.4,20999.44,shanhaiguan_five_day_continuous_rain
q4_rain_counterfactual_2026.csv,2026-07-03,SHG,43380.81351750383,43380.81351750383,0.1012724238631622,7,7.0,95,95.0,0.0,2.2,0.2734355444305382,971.0,0.0,0.0,971,0,0,7,95,2.8,0.06,43380.81351750383,counterfactual_planning_simulation,1359.4,33101.39,traveler_time_loss_scenario_estimate_not_operator_cash_ledger,1359.4,33101.39,shanhaiguan_five_day_continuous_rain
q4_rain_counterfactual_2026.csv,2026-07-04,SHG,76131.89007121249,76131.89007121249,0.2010817879220161,12,12.0,166,166.0,0.0,2.2,0.5429208273894437,3383.0,0.0,0.0,3383,0,0,12,166,2.8,0.06,76131.89007121249,counterfactual_planning_simulation,4736.2,115326.47,traveler_time_loss_scenario_estimate_not_operator_cash_ledger,4736.2,115326.47,shanhaiguan_five_day_continuous_rain
q4_rain_counterfactual_2026.csv,2026-07-05,SHG,78466.77083820512,78466.77083820512,0.2050173010380623,13,13.0,172,172.0,0.0,2.2,0.5535467128027682,3555.0,0.0,0.0,3555,0,0,13,172,2.8,0.06,78466.77083820512,counterfactual_planning_simulation,4977.0,121189.95,traveler_time_loss_scenario_estimate_not_operator_cash_ledger,4977.0,121189.95,shanhaiguan_five_day_continuous_rain
q4_rain_counterfactual_2026.csv,2026-07-06,SHG,54231.16880391406,54231.16880391406,0.1476846057571965,9,9.0,119,119.0,0.0,2.2,0.3987484355444305,1770.0,0.0,0.0,1770,0,0,9,119,2.8,0.06,54231.16880391406,counterfactual_planning_simulation,2478.0,60339.3,traveler_time_loss_scenario_estimate_not_operator_cash_ledger,2478.0,60339.3,shanhaiguan_five_day_continuous_rain
q4_rain_counterfactual_2026.csv,2026-07-07,SHG,59153.74705715147,59153.74705715147,0.1631482331344653,10,10.0,130,130.0,0.0,2.2,0.4405002294630565,2133.0,0.0,0.0,2133,0,0,10,130,2.8,0.06,59153.74705715147,counterfactual_planning_simulation,2986.2,72713.97,traveler_time_loss_scenario_estimate_not_operator_cash_ledger,2986.2,72713.97,shanhaiguan_five_day_continuous_rain
q4_rain_counterfactual_2026.csv,2026-07-08,SHG,51788.86097131209,51788.86097131209,0.1389252948885976,9,9.0,114,114.0,0.0,2.2,0.3750982961992136,1590.0,0.0,0.0,1590,0,0,9,114,2.8,0.06,51788.86097131209,counterfactual_planning_simulation,2226.0,54203.100000000006,traveler_time_loss_scenario_estimate_not_operator_cash_ledger,2226.0,54203.100000000006,shanhaiguan_five_day_continuous_rain
q4_rain_counterfactual_2026.csv,2026-07-09,SHG,54506.88720465111,54506.88720465111,0.1486553784860557,9,9.0,120,120.0,0.0,2.2,0.4013695219123506,1791.0,0.0,0.0,1791,0,0,9,120,2.8,0.06,54506.88720465111,counterfactual_planning_simulation,2507.4,61055.19,traveler_time_loss_scenario_estimate_not_operator_cash_ledger,2507.4,61055.19,shanhaiguan_five_day_continuous_rain
q4_rain_counterfactual_2026.csv,2026-07-10,SHG,55855.35696031516,55855.35696031516,0.1530984204131227,9,9.0,122,122.0,0.0,2.2,0.4133657351154313,1890.0,0.0,0.0,1890,0,0,9,122,2.8,0.06,55855.35696031516,counterfactual_planning_simulation,2646.0,64430.100000000006,traveler_time_loss_scenario_estimate_not_operator_cash_ledger,2646.0,64430.100000000006,shanhaiguan_five_day_continuous_rain
q4_rain_counterfactual_2026.csv,2026-07-11,SHG,87520.6112523769,87520.6112523769,0.2182927459800424,14,14.0,191,191.0,0.0,2.2,0.5893904141461145,4222.0,0.0,0.0,4222,0,0,14,191,2.8,0.06,87520.6112523769,counterfactual_planning_simulation,5910.799999999999,143927.97999999998,traveler_time_loss_scenario_estimate_not_operator_cash_ledger,5910.799999999999,143927.97999999998,shanhaiguan_five_day_continuous_rain
q4_rain_counterfactual_2026.csv,2026-07-12,SHG,84772.20171001651,84772.20171001651,0.2145716573258607,14,14.0,186,186.0,0.0,2.2,0.579343474779824,4020.0,0.0,0.0,4020,0,0,14,186,2.8,0.06,84772.20171001651,counterfactual_planning_simulation,5628.0,137041.80000000002,traveler_time_loss_scenario_estimate_not_operator_cash_ledger,5628.0,137041.80000000002,shanhaiguan_five_day_continuous_rain
q4_rain_counterfactual_2026.csv,2026-07-13,SHG,64921.20314199315,64921.20314199315,0.1782702627360791,11,11.0,142,142.0,0.0,2.2,0.4813297093874137,2558.0,0.0,0.0,2558,0,0,11,142,2.8,0.06,64921.20314199315,counterfactual_planning_simulation,3581.2,87202.22,traveler_time_loss_scenario_estimate_not_operator_cash_ledger,3581.2,87202.22,shanhaiguan_five_day_continuous_rain
q4_rain_counterfactual_2026.csv,2026-07-14,SHG,69363.39075146793,69363.39075146793,0.1881930854533594,11,11.0,151,151.0,0.0,2.2,0.5081213307240705,2885.0,0.0,0.0,2885,0,0,11,151,2.8,0.06,69363.39075146793,counterfactual_planning_simulation,4039.0,98349.65,traveler_time_loss_scenario_estimate_not_operator_cash_ledger,4039.0,98349.65,shanhaiguan_five_day_continuous_rain
q4_rain_counterfactual_2026.csv,2026-07-15,SHG,63091.37537647921,55520.4103313017,0.1519967400162999,10,9.0,138,122.0,0.0,2.2,0.4103911980440098,1865.0,0.0,0.0,1865,0,0,9,122,2.8,0.06,55520.4103313017,counterfactual_planning_simulation,2611.0,63577.850000000006,traveler_time_loss_scenario_estimate_not_operator_cash_ledger,2611.0,63577.850000000006,shanhaiguan_five_day_continuous_rain
q4_rain_counterfactual_2026.csv,2026-07-16,SHG,66013.9114510292,50170.57270278219,0.1326659451659451,11,8.0,145,109.0,0.0,2.2,0.358198051948052,1471.0,0.0,0.0,1471,0,0,8,109,2.8,0.06,50170.57270278219,counterfactual_planning_simulation,2059.4,50146.39000000001,traveler_time_loss_scenario_estimate_not_operator_cash_ledger,2059.4,50146.39000000001,shanhaiguan_five_day_continuous_rain
q4_rain_counterfactual_2026.csv,2026-07-17,SHG,67695.75094910427,43325.280607426736,0.1009816207184628,11,7.0,148,95.0,0.0,2.2,0.2726503759398496,967.0,0.0,0.0,967,0,0,7,95,2.8,0.06,43325.280607426736,counterfactual_planning_simulation,1353.8,32965.03,traveler_time_loss_scenario_estimate_not_operator_cash_ledger,1353.8,32965.03,shanhaiguan_five_day_continuous_rain
q4_rain_counterfactual_2026.csv,2026-07-18,SHG,109342.27060814464,56857.980716235215,0.156282326728734,18,9.0,239,124.0,0.0,2.2,0.4219622821675818,1964.0,0.0,0.0,1964,0,0,9,124,2.8,0.06,56857.980716235215,counterfactual_planning_simulation,2749.6,66952.76,traveler_time_loss_scenario_estimate_not_operator_cash_ledger,2749.6,66952.76,shanhaiguan_five_day_continuous_rain
q4_rain_counterfactual_2026.csv,2026-07-19,SHG,111361.57742655886,44544.63097062355,0.1073532398943733,18,7.0,243,98.0,0.0,2.2,0.289853747714808,1057.0,0.0,0.0,1057,0,0,7,98,2.8,0.06,44544.63097062355,counterfactual_planning_simulation,1479.8,36033.13,traveler_time_loss_scenario_estimate_not_operator_cash_ledger,1479.8,36033.13,shanhaiguan_five_day_continuous_rain
q4_rain_counterfactual_2026.csv,2026-07-20,SHG,84409.92493195349,84409.92493195349,0.2140559665487295,14,14.0,184,184.0,0.0,2.2,0.5779511096815696,3993.0,0.0,0.0,3993,0,0,14,184,2.8,0.06,84409.92493195349,counterfactual_planning_simulation,5590.2,136121.37,traveler_time_loss_scenario_estimate_not_operator_cash_ledger,5590.2,136121.37,shanhaiguan_five_day_continuous_rain
q4_rain_counterfactual_2026.csv,2026-07-21,SHG,89013.9673779915,89013.9673779915,0.2202226628031111,14,14.0,194,194.0,0.0,2.2,0.5946011895684001,4332.0,0.0,0.0,4332,0,0,14,194,2.8,0.06,89013.9673779915,counterfactual_planning_simulation,6064.799999999999,147677.88,traveler_time_loss_scenario_estimate_not_operator_cash_ledger,6064.799999999999,147677.88,shanhaiguan_five_day_continuous_rain
q4_rain_counterfactual_2026.csv,2026-07-22,SHG,81855.04388484753,81855.04388484753,0.2103372028745163,13,13.0,179,179.0,0.0,2.2,0.567910447761194,3805.0,0.0,0.0,3805,0,0,13,179,2.8,0.06,81855.04388484753,counterfactual_planning_simulation,5327.0,129712.45,traveler_time_loss_scenario_estimate_not_operator_cash_ledger,5327.0,129712.45,shanhaiguan_five_day_continuous_rain
q4_rain_counterfactual_2026.csv,2026-07-23,SHG,84500.04838431973,84500.04838431973,0.214190093708166,14,14.0,184,184.0,0.0,2.2,0.5783132530120482,4000.0,0.0,0.0,4000,0,0,14,184,2.8,0.06,84500.04838431973,counterfactual_planning_simulation,5600.0,136360.0,traveler_time_loss_scenario_estimate_not_operator_cash_ledger,5600.0,136360.0,shanhaiguan_five_day_continuous_rain
q4_rain_counterfactual_2026.csv,2026-07-24,SHG,85630.26025879086,85630.26025879086,0.2157577679137603,14,14.0,187,187.0,0.0,2.2,0.5825459733671529,4083.0,0.0,0.0,4083,0,0,14,187,2.8,0.06,85630.26025879086,counterfactual_planning_simulation,5716.2,139189.47,traveler_time_loss_scenario_estimate_not_operator_cash_ledger,5716.2,139189.47,shanhaiguan_five_day_continuous_rain
q4_rain_counterfactual_2026.csv,2026-07-25,SHG,135069.12585778357,135069.12585778357,0.2587939698492462,22,22.0,294,294.0,0.0,2.2,0.6987437185929648,7725.0,0.0,0.0,7725,0,0,22,294,2.8,0.06,135069.12585778357,counterfactual_planning_simulation,10815.0,263345.25,traveler_time_loss_scenario_estimate_not_operator_cash_ledger,10815.0,263345.25,shanhaiguan_five_day_continuous_rain
q4_rain_counterfactual_2026.csv,2026-07-26,SHG,129178.80586628227,129178.80586628227,0.2553944234272103,21,21.0,282,282.0,0.0,2.2,0.6895649432534678,7291.0,0.0,0.0,7291,0,0,21,282,2.8,0.06,129178.80586628227,counterfactual_planning_simulation,10207.4,248550.19,traveler_time_loss_scenario_estimate_not_operator_cash_ledger,10207.4,248550.19,shanhaiguan_five_day_continuous_rain
q4_rain_counterfactual_2026.csv,2026-07-27,SHG,93544.93751087147,93544.93751087147,0.225705025879166,15,15.0,204,204.0,0.0,2.2,0.6094035698737484,4666.0,0.0,0.0,4666,0,0,15,204,2.8,0.06,93544.93751087147,counterfactual_planning_simulation,6532.4,159063.94,traveler_time_loss_scenario_estimate_not_operator_cash_ledger,6532.4,159063.94,shanhaiguan_five_day_continuous_rain
q4_rain_counterfactual_2026.csv,2026-07-28,SHG,90585.343581813,90585.343581813,0.2221889205255007,15,15.0,198,198.0,0.0,2.2,0.599910085418852,4448.0,0.0,0.0,4448,0,0,15,198,2.8,0.06,90585.343581813,counterfactual_planning_simulation,6227.2,151632.32,traveler_time_loss_scenario_estimate_not_operator_cash_ledger,6227.2,151632.32,shanhaiguan_five_day_continuous_rain
q4_rain_counterfactual_2026.csv,2026-07-29,SHG,73673.48787160139,73673.48787160139,0.1966709661568699,12,12.0,161,161.0,0.0,2.2,0.5310116086235489,3202.0,0.0,0.0,3202,0,0,12,161,2.8,0.06,73673.48787160139,counterfactual_planning_simulation,4482.799999999999,109156.18,traveler_time_loss_scenario_estimate_not_operator_cash_ledger,4482.799999999999,109156.18,shanhaiguan_five_day_continuous_rain
q4_rain_counterfactual_2026.csv,2026-07-30,SHG,85779.02706149589,85779.02706149589,0.215962441314554,14,14.0,187,187.0,0.0,2.2,0.5830985915492958,4094.0,0.0,0.0,4094,0,0,14,187,2.8,0.06,85779.02706149589,counterfactual_planning_simulation,5731.599999999999,139564.46,traveler_time_loss_scenario_estimate_not_operator_cash_ledger,5731.599999999999,139564.46,shanhaiguan_five_day_continuous_rain
q4_rain_counterfactual_2026.csv,2026-07-31,SHG,88961.81978430822,88961.81978430822,0.2201536192074876,14,14.0,194,194.0,0.0,2.2,0.5944147718602167,4328.0,0.0,0.0,4328,0,0,14,194,2.8,0.06,88961.81978430822,counterfactual_planning_simulation,6059.2,147541.52000000002,traveler_time_loss_scenario_estimate_not_operator_cash_ledger,6059.2,147541.52000000002,shanhaiguan_five_day_continuous_rain
q4_rain_counterfactual_2026.csv,2026-08-01,SHG,119061.53093329998,119061.53093329998,0.2487743700832288,19,19.0,260,260.0,0.0,2.2,0.6716907992247179,6546.0,0.0,0.0,6546,0,0,19,260,2.8,0.06,119061.53093329998,counterfactual_planning_simulation,9164.4,223153.14,traveler_time_loss_scenario_estimate_not_operator_cash_ledger,9164.4,223153.14,shanhaiguan_five_day_continuous_rain
q4_rain_counterfactual_2026.csv,2026-08-02,SHG,118356.94550070328,118356.94550070328,0.2482700615514011,19,19.0,258,258.0,0.0,2.2,0.6703291661887831,6494.0,0.0,0.0,6494,0,0,19,258,2.8,0.06,118356.94550070328,counterfactual_planning_simulation,9091.6,221380.46,traveler_time_loss_scenario_estimate_not_operator_cash_ledger,9091.6,221380.46,shanhaiguan_five_day_continuous_rain
q4_rain_counterfactual_2026.csv,2026-08-03,SHG,86357.46243902866,86357.46243902866,0.216755737189563,14,14.0,189,189.0,0.0,2.2,0.5852404904118201,4137.0,0.0,0.0,4137,0,0,14,189,2.8,0.06,86357.46243902866,counterfactual_planning_simulation,5791.799999999999,141030.33,traveler_time_loss_scenario_estimate_not_operator_cash_ledger,5791.799999999999,141030.33,shanhaiguan_five_day_continuous_rain
q4_rain_counterfactual_2026.csv,2026-08-04,SHG,89251.76659267029,89251.76659267029,0.2205323193916349,14,14.0,194,194.0,0.0,2.2,0.5954372623574145,4350.0,0.0,0.0,4350,0,0,14,194,2.8,0.06,89251.76659267029,counterfactual_planning_simulation,6090.0,148291.5,traveler_time_loss_scenario_estimate_not_operator_cash_ledger,6090.0,148291.5,shanhaiguan_five_day_continuous_rain
q4_rain_counterfactual_2026.csv,2026-08-05,SHG,98505.09014760023,98505.09014760023,0.2311190738699008,16,16.0,215,215.0,0.0,2.2,0.6240214994487322,5031.0,0.0,0.0,5031,0,0,16,215,2.8,0.06,98505.09014760023,counterfactual_planning_simulation,7043.4,171506.79,traveler_time_loss_scenario_estimate_not_operator_cash_ledger,7043.4,171506.79,shanhaiguan_five_day_continuous_rain
q4_rain_counterfactual_2026.csv,2026-08-06,SHG,102371.3823321754,102371.3823321754,0.2349820978650046,16,16.0,222,222.0,0.0,2.2,0.6344516642355126,5316.0,0.0,0.0,5316,0,0,16,222,2.8,0.06,102371.3823321754,counterfactual_planning_simulation,7442.4,181222.44,traveler_time_loss_scenario_estimate_not_operator_cash_ledger,7442.4,181222.44,shanhaiguan_five_day_continuous_rain
q4_rain_counterfactual_2026.csv,2026-08-07,SHG,104132.14555379232,104132.14555379232,0.2366488506496328,17,17.0,227,227.0,0.0,2.2,0.6389518967540087,5446.0,0.0,0.0,5446,0,0,17,227,2.8,0.06,104132.14555379232,counterfactual_planning_simulation,7624.4,185654.14,traveler_time_loss_scenario_estimate_not_operator_cash_ledger,7624.4,185654.14,shanhaiguan_five_day_continuous_rain
q4_rain_counterfactual_2026.csv,2026-08-08,SHG,128673.12858340197,128673.12858340197,0.2550901993881211,21,21.0,280,280.0,0.0,2.2,0.688743538347927,7254.0,0.0,0.0,7254,0,0,21,280,2.8,0.06,128673.12858340197,counterfactual_planning_simulation,10155.6,247288.86,traveler_time_loss_scenario_estimate_not_operator_cash_ledger,10155.6,247288.86,shanhaiguan_five_day_continuous_rain
q4_rain_counterfactual_2026.csv,2026-08-09,SHG,126464.90854454268,126464.90854454268,0.2537211965078002,20,20.0,275,275.0,0.0,2.2,0.6850472305710605,7091.0,0.0,0.0,7091,0,0,20,275,2.8,0.06,126464.90854454268,counterfactual_planning_simulation,9927.4,241732.19,traveler_time_loss_scenario_estimate_not_operator_cash_ledger,9927.4,241732.19,shanhaiguan_five_day_continuous_rain
q4_rain_counterfactual_2026.csv,2026-08-10,SHG,94286.24996205053,94286.24996205053,0.2265572511757366,15,15.0,205,205.0,0.0,2.2,0.6117045781744889,4721.0,0.0,0.0,4721,0,0,15,205,2.8,0.06,94286.24996205053,counterfactual_planning_simulation,6609.4,160938.89,traveler_time_loss_scenario_estimate_not_operator_cash_ledger,6609.4,160938.89,shanhaiguan_five_day_continuous_rain
q4_rain_counterfactual_2026.csv,2026-08-11,SHG,107042.05024484254,107042.05024484254,0.2392728809976749,17,17.0,233,233.0,0.0,2.2,0.6460367786937223,5660.0,0.0,0.0,5660,0,0,17,233,2.8,0.06,107042.05024484254,counterfactual_planning_simulation,7923.999999999999,192949.4,traveler_time_loss_scenario_estimate_not_operator_cash_ledger,7923.999999999999,192949.4,shanhaiguan_five_day_continuous_rain
q4_rain_counterfactual_2026.csv,2026-08-12,SHG,85784.07977344189,85784.07977344189,0.215962441314554,14,14.0,187,187.0,0.0,2.2,0.5830985915492958,4094.0,0.0,0.0,4094,0,0,14,187,2.8,0.06,85784.07977344189,counterfactual_planning_simulation,5731.599999999999,139564.46,traveler_time_loss_scenario_estimate_not_operator_cash_ledger,5731.599999999999,139564.46,shanhaiguan_five_day_continuous_rain
q4_rain_counterfactual_2026.csv,2026-08-13,SHG,77301.40234288137,77301.40234288137,0.2031021363769388,13,13.0,169,169.0,0.0,2.2,0.5483757682177348,3470.0,0.0,0.0,3470,0,0,13,169,2.8,0.06,77301.40234288137,counterfactual_planning_simulation,4858.0,118292.3,traveler_time_loss_scenario_estimate_not_operator_cash_ledger,4858.0,118292.3,shanhaiguan_five_day_continuous_rain
q4_rain_counterfactual_2026.csv,2026-08-14,SHG,80425.75443341723,80425.75443341723,0.2081575246132208,13,13.0,176,176.0,0.0,2.2,0.5620253164556962,3700.0,0.0,0.0,3700,0,0,13,176,2.8,0.06,80425.75443341723,counterfactual_planning_simulation,5180.0,126133.0,traveler_time_loss_scenario_estimate_not_operator_cash_ledger,5180.0,126133.0,shanhaiguan_five_day_continuous_rain
q4_rain_counterfactual_2026.csv,2026-08-15,SHG,110057.3977399824,110057.3977399824,0.241848608198676,18,18.0,240,240.0,0.0,2.2,0.6529912421364253,5882.0,0.0,0.0,5882,0,0,18,240,2.8,0.06,110057.3977399824,counterfactual_planning_simulation,8234.8,200517.38,traveler_time_loss_scenario_estimate_not_operator_cash_ledger,8234.8,200517.38,shanhaiguan_five_day_continuous_rain
q4_rain_counterfactual_2026.csv,2026-08-16,SHG,101068.26362692162,101068.26362692162,0.2337139019476158,16,16.0,220,220.0,0.0,2.2,0.6310275352585628,5220.0,0.0,0.0,5220,0,0,16,220,2.8,0.06,101068.26362692162,counterfactual_planning_simulation,7307.999999999999,177949.8,traveler_time_loss_scenario_estimate_not_operator_cash_ledger,7307.999999999999,177949.8,shanhaiguan_five_day_continuous_rain
q4_rain_counterfactual_2026.csv,2026-08-17,SHG,62466.01124178405,62466.01124178405,0.1721715196291467,10,10.0,137,137.0,0.0,2.2,0.4648631029986962,2377.0,0.0,0.0,2377,0,0,10,137,2.8,0.06,62466.01124178405,counterfactual_planning_simulation,3327.8,81031.93,traveler_time_loss_scenario_estimate_not_operator_cash_ledger,3327.8,81031.93,shanhaiguan_five_day_continuous_rain
q4_rain_counterfactual_2026.csv,2026-08-18,SHG,54535.99378521333,54535.99378521333,0.1487473037995686,9,9.0,120,120.0,0.0,2.2,0.4016177202588352,1793.0,0.0,0.0,1793,0,0,9,120,2.8,0.06,54535.99378521333,counterfactual_planning_simulation,2510.2,61123.37,traveler_time_loss_scenario_estimate_not_operator_cash_ledger,2510.2,61123.37,shanhaiguan_five_day_continuous_rain
q4_rain_counterfactual_2026.csv,2026-08-19,SHG,40450.28938388403,40450.28938388403,0.0844519015659955,7,7.0,89,89.0,0.0,2.2,0.2280201342281879,755.0,0.0,0.0,755,0,0,7,89,2.8,0.06,40450.28938388403,counterfactual_planning_simulation,1057.0,25737.95,traveler_time_loss_scenario_estimate_not_operator_cash_ledger,1057.0,25737.95,shanhaiguan_five_day_continuous_rain
q4_rain_counterfactual_2026.csv,2026-08-20,SHG,44661.05797886245,44661.05797886245,0.10790273556231,7,7.0,98,98.0,0.0,2.2,0.291337386018237,1065.0,0.0,0.0,1065,0,0,7,98,2.8,0.06,44661.05797886245,counterfactual_planning_simulation,1491.0,36305.85,traveler_time_loss_scenario_estimate_not_operator_cash_ledger,1491.0,36305.85,shanhaiguan_five_day_continuous_rain
q4_rain_counterfactual_2026.csv,2026-08-21,SHG,40664.78601594831,40664.78601594831,0.085781041388518,7,7.0,89,89.0,0.0,2.2,0.2316088117489986,771.0,0.0,0.0,771,0,0,7,89,2.8,0.06,40664.78601594831,counterfactual_planning_simulation,1079.4,26283.39,traveler_time_loss_scenario_estimate_not_operator_cash_ledger,1079.4,26283.39,shanhaiguan_five_day_continuous_rain
q4_rain_counterfactual_2026.csv,2026-08-22,SHG,72779.1305629529,72779.1305629529,0.1949884971709258,12,12.0,159,159.0,0.0,2.2,0.5264689423614997,3136.0,0.0,0.0,3136,0,0,12,159,2.8,0.06,72779.1305629529,counterfactual_planning_simulation,4390.4,106906.24,traveler_time_loss_scenario_estimate_not_operator_cash_ledger,4390.4,106906.24,shanhaiguan_five_day_continuous_rain
q4_rain_counterfactual_2026.csv,2026-08-23,SHG,63223.29332621998,63223.29332621998,0.174109059682267,10,10.0,138,138.0,0.0,2.2,0.470094461142121,2433.0,0.0,0.0,2433,0,0,10,138,2.8,0.06,63223.29332621998,counterfactual_planning_simulation,3406.2,82940.97,traveler_time_loss_scenario_estimate_not_operator_cash_ledger,3406.2,82940.97,shanhaiguan_five_day_continuous_rain
q4_rain_counterfactual_2026.csv,2026-08-24,SHG,30884.26101701826,30884.26101701826,0.0073260073260073,5,5.0,68,68.0,0.0,2.2,0.0197802197802197,50.0,0.0,0.0,50,0,0,5,68,2.8,0.06,30884.26101701826,counterfactual_planning_simulation,70.0,1704.5,traveler_time_loss_scenario_estimate_not_operator_cash_ledger,70.0,1704.5,shanhaiguan_five_day_continuous_rain
q4_rain_counterfactual_2026.csv,2026-08-25,SHG,30196.292809808027,30196.292809808027,0.0,5,5.0,67,67.0,0.0,2.2,0.0,0.0,0.0,0.0,0,0,0,5,67,2.8,0.06,30196.292809808027,counterfactual_planning_simulation,0.0,0.0,traveler_time_loss_scenario_estimate_not_operator_cash_ledger,0.0,0.0,shanhaiguan_five_day_continuous_rain
q4_rain_counterfactual_2026.csv,2026-08-26,SHG,22323.198756812035,22323.198756812035,0.0,4,4.0,50,50.0,0.0,2.2,0.0,0.0,0.0,0.0,0,0,0,4,50,2.8,0.06,22323.198756812035,counterfactual_planning_simulation,0.0,0.0,traveler_time_loss_scenario_estimate_not_operator_cash_ledger,0.0,0.0,shanhaiguan_five_day_continuous_rain
q4_rain_counterfactual_2026.csv,2026-08-27,SHG,15538.63936413714,15538.63936413714,0.0,3,3.0,35,35.0,0.0,2.2,0.0,0.0,0.0,0.0,0,0,0,3,35,2.8,0.06,15538.63936413714,counterfactual_planning_simulation,0.0,0.0,traveler_time_loss_scenario_estimate_not_operator_cash_ledger,0.0,0.0,shanhaiguan_five_day_continuous_rain
q4_rain_counterfactual_2026.csv,2026-08-28,SHG,12021.094244029173,12021.094244029173,0.0,2,2.0,27,27.0,0.0,2.2,0.0,0.0,0.0,0.0,0,0,0,2,27,2.8,0.06,12021.094244029173,counterfactual_planning_simulation,0.0,0.0,traveler_time_loss_scenario_estimate_not_operator_cash_ledger,0.0,0.0,shanhaiguan_five_day_continuous_rain
q4_rain_counterfactual_2026.csv,2026-08-29,SHG,37815.48409254317,37815.48409254317,0.0671213208901651,6,6.0,83,83.0,0.0,2.2,0.1812275664034458,561.0,0.0,0.0,561,0,0,6,83,2.8,0.06,37815.48409254317,counterfactual_planning_simulation,785.4,19124.49,traveler_time_loss_scenario_estimate_not_operator_cash_ledger,785.4,19124.49,shanhaiguan_five_day_continuous_rain
q4_rain_counterfactual_2026.csv,2026-08-30,SHG,32402.266935461343,32402.266935461343,0.022622538751571,6,6.0,72,72.0,0.0,2.2,0.0610808546292417,162.0,0.0,0.0,162,0,0,6,72,2.8,0.06,32402.266935461343,counterfactual_planning_simulation,226.8,5522.58,traveler_time_loss_scenario_estimate_not_operator_cash_ledger,226.8,5522.58,shanhaiguan_five_day_continuous_rain
q4_rain_counterfactual_2026.csv,2026-08-31,SHG,8577.886655813722,8577.886655813722,0.0,2,2.0,20,20.0,0.0,2.2,0.0,0.0,0.0,0.0,0,0,0,2,20,2.8,0.06,8577.886655813722,counterfactual_planning_simulation,0.0,0.0,traveler_time_loss_scenario_estimate_not_operator_cash_ledger,0.0,0.0,shanhaiguan_five_day_continuous_rain
q4_rain_counterfactual_2026.csv,2026-09-01,SHG,16852.738130922415,16852.738130922415,0.0,3,3.0,38,38.0,0.0,2.2,0.0,0.0,0.0,0.0,0,0,0,3,38,2.8,0.06,16852.738130922415,counterfactual_planning_simulation,0.0,0.0,traveler_time_loss_scenario_estimate_not_operator_cash_ledger,0.0,0.0,shanhaiguan_five_day_continuous_rain
q4_rain_counterfactual_2026.csv,2026-09-02,SHG,11748.069861539989,11748.069861539989,0.0,2,2.0,27,27.0,0.0,2.2,0.0,0.0,0.0,0.0,0,0,0,2,27,2.8,0.06,11748.069861539989,counterfactual_planning_simulation,0.0,0.0,traveler_time_loss_scenario_estimate_not_operator_cash_ledger,0.0,0.0,shanhaiguan_five_day_continuous_rain
q4_rain_counterfactual_2026.csv,2026-09-03,SHG,7457.996268216193,7457.996268216193,0.0,2,2.0,18,18.0,0.0,2.2,0.0,0.0,0.0,0.0,0,0,0,2,18,2.8,0.06,7457.996268216193,counterfactual_planning_simulation,0.0,0.0,traveler_time_loss_scenario_estimate_not_operator_cash_ledger,0.0,0.0,shanhaiguan_five_day_continuous_rain
q4_rain_counterfactual_2026.csv,2026-09-04,SHG,7123.694167452342,7123.694167452342,0.0,2,2.0,17,17.0,0.0,2.2,0.0,0.0,0.0,0.0,0,0,0,2,17,2.8,0.06,7123.694167452342,counterfactual_planning_simulation,0.0,0.0,traveler_time_loss_scenario_estimate_not_operator_cash_ledger,0.0,0.0,shanhaiguan_five_day_continuous_rain
q4_rain_counterfactual_2026.csv,2026-09-05,SHG,37109.27560628864,37109.27560628864,0.062058034625701,6,6.0,81,81.0,0.0,2.2,0.1675566934893928,509.0,0.0,0.0,509,0,0,6,81,2.8,0.06,37109.27560628864,counterfactual_planning_simulation,712.5999999999999,17351.809999999998,traveler_time_loss_scenario_estimate_not_operator_cash_ledger,712.5999999999999,17351.809999999998,shanhaiguan_five_day_continuous_rain
q4_rain_counterfactual_2026.csv,2026-09-06,SHG,34182.171629508,34182.171629508,0.0387873974053481,6,6.0,75,75.0,0.0,2.2,0.10472597299444,293.0,0.0,0.0,293,0,0,6,75,2.8,0.06,34182.171629508,counterfactual_planning_simulation,410.2,9988.37,traveler_time_loss_scenario_estimate_not_operator_cash_ledger,410.2,9988.37,shanhaiguan_five_day_continuous_rain
q4_rain_counterfactual_2026.csv,2026-09-07,SHG,8873.667535809253,8873.667535809253,0.0,2,2.0,21,21.0,0.0,2.2,0.0,0.0,0.0,0.0,0,0,0,2,21,2.8,0.06,8873.667535809253,counterfactual_planning_simulation,0.0,0.0,traveler_time_loss_scenario_estimate_not_operator_cash_ledger,0.0,0.0,shanhaiguan_five_day_continuous_rain
q4_rain_counterfactual_2026.csv,2026-09-08,SHG,9030.123514863844,9030.123514863844,0.0,2,2.0,21,21.0,0.0,2.2,0.0,0.0,0.0,0.0,0,0,0,2,21,2.8,0.06,9030.123514863844,counterfactual_planning_simulation,0.0,0.0,traveler_time_loss_scenario_estimate_not_operator_cash_ledger,0.0,0.0,shanhaiguan_five_day_continuous_rain
q4_rain_counterfactual_2026.csv,2026-09-09,SHG,7123.694167452342,7123.694167452342,0.0,2,2.0,17,17.0,0.0,2.2,0.0,0.0,0.0,0.0,0,0,0,2,17,2.8,0.06,7123.694167452342,counterfactual_planning_simulation,0.0,0.0,traveler_time_loss_scenario_estimate_not_operator_cash_ledger,0.0,0.0,shanhaiguan_five_day_continuous_rain
q4_rain_counterfactual_2026.csv,2026-09-10,SHG,7123.694167452342,7123.694167452342,0.0,2,2.0,17,17.0,0.0,2.2,0.0,0.0,0.0,0.0,0,0,0,2,17,2.8,0.06,7123.694167452342,counterfactual_planning_simulation,0.0,0.0,traveler_time_loss_scenario_estimate_not_operator_cash_ledger,0.0,0.0,shanhaiguan_five_day_continuous_rain
q4_rain_counterfactual_2026.csv,2026-09-11,SHG,7123.694167452342,7123.694167452342,0.0,2,2.0,17,17.0,0.0,2.2,0.0,0.0,0.0,0.0,0,0,0,2,17,2.8,0.06,7123.694167452342,counterfactual_planning_simulation,0.0,0.0,traveler_time_loss_scenario_estimate_not_operator_cash_ledger,0.0,0.0,shanhaiguan_five_day_continuous_rain
q4_rain_counterfactual_2026.csv,2026-09-12,SHG,29992.81253161455,29992.81253161455,0.0,5,5.0,66,66.0,0.0,2.2,0.0,0.0,0.0,0.0,0,0,0,5,66,2.8,0.06,29992.81253161455,counterfactual_planning_simulation,0.0,0.0,traveler_time_loss_scenario_estimate_not_operator_cash_ledger,0.0,0.0,shanhaiguan_five_day_continuous_rain
q4_rain_counterfactual_2026.csv,2026-09-13,SHG,32443.319798400385,32443.319798400385,0.0230125523012552,6,6.0,72,72.0,0.0,2.2,0.0621338912133891,165.0,0.0,0.0,165,0,0,6,72,2.8,0.06,32443.319798400385,counterfactual_planning_simulation,231.0,5624.849999999999,traveler_time_loss_scenario_estimate_not_operator_cash_ledger,231.0,5624.849999999999,shanhaiguan_five_day_continuous_rain
q4_rain_counterfactual_2026.csv,2026-09-14,SHG,7123.694167452342,7123.694167452342,0.0,2,2.0,17,17.0,0.0,2.2,0.0,0.0,0.0,0.0,0,0,0,2,17,2.8,0.06,7123.694167452342,counterfactual_planning_simulation,0.0,0.0,traveler_time_loss_scenario_estimate_not_operator_cash_ledger,0.0,0.0,shanhaiguan_five_day_continuous_rain
q4_rain_counterfactual_2026.csv,2026-09-15,SHG,10048.242403029317,10048.242403029317,0.0,2,2.0,24,24.0,0.0,2.2,0.0,0.0,0.0,0.0,0,0,0,2,24,2.8,0.06,10048.242403029317,counterfactual_planning_simulation,0.0,0.0,traveler_time_loss_scenario_estimate_not_operator_cash_ledger,0.0,0.0,shanhaiguan_five_day_continuous_rain
q4_rain_counterfactual_2026.csv,2026-09-16,SHG,7330.333715355954,7330.333715355954,0.0,2,2.0,18,18.0,0.0,2.2,0.0,0.0,0.0,0.0,0,0,0,2,18,2.8,0.06,7330.333715355954,counterfactual_planning_simulation,0.0,0.0,traveler_time_loss_scenario_estimate_not_operator_cash_ledger,0.0,0.0,shanhaiguan_five_day_continuous_rain
q4_rain_counterfactual_2026.csv,2026-09-17,SHG,7123.694167452342,7123.694167452342,0.0,2,2.0,17,17.0,0.0,2.2,0.0,0.0,0.0,0.0,0,0,0,2,17,2.8,0.06,7123.694167452342,counterfactual_planning_simulation,0.0,0.0,traveler_time_loss_scenario_estimate_not_operator_cash_ledger,0.0,0.0,shanhaiguan_five_day_continuous_rain
q4_rain_counterfactual_2026.csv,2026-09-18,SHG,7123.694167452342,7123.694167452342,0.0,2,2.0,17,17.0,0.0,2.2,0.0,0.0,0.0,0.0,0,0,0,2,17,2.8,0.06,7123.694167452342,counterfactual_planning_simulation,0.0,0.0,traveler_time_loss_scenario_estimate_not_operator_cash_ledger,0.0,0.0,shanhaiguan_five_day_continuous_rain
q4_rain_counterfactual_2026.csv,2026-09-19,SHG,32466.48528283586,32466.48528283586,0.0232720178372352,6,6.0,72,72.0,0.0,2.2,0.0628344481605351,167.0,0.0,0.0,167,0,0,6,72,2.8,0.06,32466.48528283586,counterfactual_planning_simulation,233.8,5693.03,traveler_time_loss_scenario_estimate_not_operator_cash_ledger,233.8,5693.03,shanhaiguan_five_day_continuous_rain
q4_rain_counterfactual_2026.csv,2026-09-20,SHG,35747.6862596002,35747.6862596002,0.0517590483421918,6,6.0,78,78.0,0.0,2.2,0.139749430523918,409.0,0.0,0.0,409,0,0,6,78,2.8,0.06,35747.6862596002,counterfactual_planning_simulation,572.5999999999999,13942.81,traveler_time_loss_scenario_estimate_not_operator_cash_ledger,572.5999999999999,13942.81,shanhaiguan_five_day_continuous_rain
q4_rain_counterfactual_2026.csv,2026-09-21,SHG,8940.873635300783,8940.873635300783,0.0,2,2.0,21,21.0,0.0,2.2,0.0,0.0,0.0,0.0,0,0,0,2,21,2.8,0.06,8940.873635300783,counterfactual_planning_simulation,0.0,0.0,traveler_time_loss_scenario_estimate_not_operator_cash_ledger,0.0,0.0,shanhaiguan_five_day_continuous_rain
q4_rain_counterfactual_2026.csv,2026-09-22,SHG,7934.331869590737,7934.331869590737,0.0,2,2.0,19,19.0,0.0,2.2,0.0,0.0,0.0,0.0,0,0,0,2,19,2.8,0.06,7934.331869590737,counterfactual_planning_simulation,0.0,0.0,traveler_time_loss_scenario_estimate_not_operator_cash_ledger,0.0,0.0,shanhaiguan_five_day_continuous_rain
q4_rain_counterfactual_2026.csv,2026-09-23,SHG,7123.694167452342,7123.694167452342,0.0,2,2.0,17,17.0,0.0,2.2,0.0,0.0,0.0,0.0,0,0,0,2,17,2.8,0.06,7123.694167452342,counterfactual_planning_simulation,0.0,0.0,traveler_time_loss_scenario_estimate_not_operator_cash_ledger,0.0,0.0,shanhaiguan_five_day_continuous_rain
q4_rain_counterfactual_2026.csv,2026-09-24,SHG,7123.694167452342,7123.694167452342,0.0,2,2.0,17,17.0,0.0,2.2,0.0,0.0,0.0,0.0,0,0,0,2,17,2.8,0.06,7123.694167452342,counterfactual_planning_simulation,0.0,0.0,traveler_time_loss_scenario_estimate_not_operator_cash_ledger,0.0,0.0,shanhaiguan_five_day_continuous_rain
q4_rain_counterfactual_2026.csv,2026-09-25,SHG,7123.694167452342,7123.694167452342,0.0,2,2.0,17,17.0,0.0,2.2,0.0,0.0,0.0,0.0,0,0,0,2,17,2.8,0.06,7123.694167452342,counterfactual_planning_simulation,0.0,0.0,traveler_time_loss_scenario_estimate_not_operator_cash_ledger,0.0,0.0,shanhaiguan_five_day_continuous_rain
q4_rain_counterfactual_2026.csv,2026-09-26,SHG,29957.35835695361,29957.35835695361,0.0,5,5.0,66,66.0,0.0,2.2,0.0,0.0,0.0,0.0,0,0,0,5,66,2.8,0.06,29957.35835695361,counterfactual_planning_simulation,0.0,0.0,traveler_time_loss_scenario_estimate_not_operator_cash_ledger,0.0,0.0,shanhaiguan_five_day_continuous_rain
q4_rain_counterfactual_2026.csv,2026-09-27,SHG,31931.991343064576,31931.991343064576,0.018132880011333,5,5.0,70,70.0,0.0,2.2,0.0489587760305992,128.0,0.0,0.0,128,0,0,5,70,2.8,0.06,31931.991343064576,counterfactual_planning_simulation,179.2,4363.52,traveler_time_loss_scenario_estimate_not_operator_cash_ledger,179.2,4363.52,shanhaiguan_five_day_continuous_rain
q4_rain_counterfactual_2026.csv,2026-09-28,SHG,8702.308153676875,8702.308153676875,0.0,2,2.0,21,21.0,0.0,2.2,0.0,0.0,0.0,0.0,0,0,0,2,21,2.8,0.06,8702.308153676875,counterfactual_planning_simulation,0.0,0.0,traveler_time_loss_scenario_estimate_not_operator_cash_ledger,0.0,0.0,shanhaiguan_five_day_continuous_rain
q4_rain_counterfactual_2026.csv,2026-09-29,SHG,8954.944077855103,8954.944077855103,0.0,2,2.0,21,21.0,0.0,2.2,0.0,0.0,0.0,0.0,0,0,0,2,21,2.8,0.06,8954.944077855103,counterfactual_planning_simulation,0.0,0.0,traveler_time_loss_scenario_estimate_not_operator_cash_ledger,0.0,0.0,shanhaiguan_five_day_continuous_rain
q4_rain_counterfactual_2026.csv,2026-09-30,SHG,13365.450663216974,13365.450663216974,0.0,3,3.0,31,31.0,0.0,2.2,0.0,0.0,0.0,0.0,0,0,0,3,31,2.8,0.06,13365.450663216974,counterfactual_planning_simulation,0.0,0.0,traveler_time_loss_scenario_estimate_not_operator_cash_ledger,0.0,0.0,shanhaiguan_five_day_continuous_rain
q4_rain_counterfactual_2026.csv,2026-10-01,SHG,12647.308015311732,12647.308015311732,0.0,2,2.0,28,28.0,0.0,2.2,0.0,0.0,0.0,0.0,0,0,0,2,28,2.8,0.06,12647.308015311732,counterfactual_planning_simulation,0.0,0.0,traveler_time_loss_scenario_estimate_not_operator_cash_ledger,0.0,0.0,shanhaiguan_five_day_continuous_rain
q4_rain_counterfactual_2026.csv,2026-10-02,SHG,25280.034396783667,25280.034396783667,0.0,4,4.0,56,56.0,0.0,2.2,0.0,0.0,0.0,0.0,0,0,0,4,56,2.8,0.06,25280.034396783667,counterfactual_planning_simulation,0.0,0.0,traveler_time_loss_scenario_estimate_not_operator_cash_ledger,0.0,0.0,shanhaiguan_five_day_continuous_rain
q4_rain_counterfactual_2026.csv,2026-10-03,SHG,65805.12939282099,65805.12939282099,0.1803492849284928,11,11.0,144,144.0,0.0,2.2,0.4869430693069307,2623.0,0.0,0.0,2623,0,0,11,144,2.8,0.06,65805.12939282099,counterfactual_planning_simulation,3672.2,89418.07,traveler_time_loss_scenario_estimate_not_operator_cash_ledger,3672.2,89418.07,shanhaiguan_five_day_continuous_rain
q4_rain_counterfactual_2026.csv,2026-10-04,SHG,65439.87109526463,65439.87109526463,0.1794924980985964,11,11.0,144,144.0,0.0,2.2,0.4846297448662103,2596.0,0.0,0.0,2596,0,0,11,144,2.8,0.06,65439.87109526463,counterfactual_planning_simulation,3634.4,88497.64,traveler_time_loss_scenario_estimate_not_operator_cash_ledger,3634.4,88497.64,shanhaiguan_five_day_continuous_rain
q4_rain_counterfactual_2026.csv,2026-10-05,SHG,37560.50069728769,37560.50069728769,0.0652933381520298,6,6.0,83,83.0,0.0,2.2,0.1762920130104806,542.0,0.0,0.0,542,0,0,6,83,2.8,0.06,37560.50069728769,counterfactual_planning_simulation,758.8,18476.78,traveler_time_loss_scenario_estimate_not_operator_cash_ledger,758.8,18476.78,shanhaiguan_five_day_continuous_rain
q4_rain_counterfactual_2026.csv,2026-10-06,SHG,28554.99207811676,28554.99207811676,0.0,5,5.0,63,63.0,0.0,2.2,0.0,0.0,0.0,0.0,0,0,0,5,63,2.8,0.06,28554.99207811676,counterfactual_planning_simulation,0.0,0.0,traveler_time_loss_scenario_estimate_not_operator_cash_ledger,0.0,0.0,shanhaiguan_five_day_continuous_rain
q4_rain_counterfactual_2026.csv,2026-10-07,SHG,12521.624124007512,12521.624124007512,0.0,2,2.0,28,28.0,0.0,2.2,0.0,0.0,0.0,0.0,0,0,0,2,28,2.8,0.06,12521.624124007512,counterfactual_planning_simulation,0.0,0.0,traveler_time_loss_scenario_estimate_not_operator_cash_ledger,0.0,0.0,shanhaiguan_five_day_continuous_rain
q4_rain_counterfactual_2026.csv,2026-10-08,SHG,7123.694167452342,7123.694167452342,0.0,2,2.0,17,17.0,0.0,2.2,0.0,0.0,0.0,0.0,0,0,0,2,17,2.8,0.06,7123.694167452342,counterfactual_planning_simulation,0.0,0.0,traveler_time_loss_scenario_estimate_not_operator_cash_ledger,0.0,0.0,shanhaiguan_five_day_continuous_rain
q4_rain_counterfactual_2026.csv,2026-10-09,SHG,7123.694167452342,7123.694167452342,0.0,2,2.0,17,17.0,0.0,2.2,0.0,0.0,0.0,0.0,0,0,0,2,17,2.8,0.06,7123.694167452342,counterfactual_planning_simulation,0.0,0.0,traveler_time_loss_scenario_estimate_not_operator_cash_ledger,0.0,0.0,shanhaiguan_five_day_continuous_rain
q4_rain_counterfactual_2026.csv,2026-10-10,SHG,23947.495631288104,23947.495631288104,0.0,4,4.0,53,53.0,0.0,2.2,0.0,0.0,0.0,0.0,0,0,0,4,53,2.8,0.06,23947.495631288104,counterfactual_planning_simulation,0.0,0.0,traveler_time_loss_scenario_estimate_not_operator_cash_ledger,0.0,0.0,shanhaiguan_five_day_continuous_rain
q4_rain_counterfactual_2026.csv,2026-10-11,SHG,17818.207334483217,17818.207334483217,0.0,3,3.0,39,39.0,0.0,2.2,0.0,0.0,0.0,0.0,0,0,0,3,39,2.8,0.06,17818.207334483217,counterfactual_planning_simulation,0.0,0.0,traveler_time_loss_scenario_estimate_not_operator_cash_ledger,0.0,0.0,shanhaiguan_five_day_continuous_rain
q4_rain_counterfactual_2026.csv,2026-10-12,SHG,7123.694167452342,7123.694167452342,0.0,2,2.0,17,17.0,0.0,2.2,0.0,0.0,0.0,0.0,0,0,0,2,17,2.8,0.06,7123.694167452342,counterfactual_planning_simulation,0.0,0.0,traveler_time_loss_scenario_estimate_not_operator_cash_ledger,0.0,0.0,shanhaiguan_five_day_continuous_rain
q4_rain_counterfactual_2026.csv,2026-10-13,SHG,7123.694167452342,7123.694167452342,0.0,2,2.0,17,17.0,0.0,2.2,0.0,0.0,0.0,0.0,0,0,0,2,17,2.8,0.06,7123.694167452342,counterfactual_planning_simulation,0.0,0.0,traveler_time_loss_scenario_estimate_not_operator_cash_ledger,0.0,0.0,shanhaiguan_five_day_continuous_rain
q4_rain_counterfactual_2026.csv,2026-10-14,SHG,7123.694167452342,7123.694167452342,0.0,2,2.0,17,17.0,0.0,2.2,0.0,0.0,0.0,0.0,0,0,0,2,17,2.8,0.06,7123.694167452342,counterfactual_planning_simulation,0.0,0.0,traveler_time_loss_scenario_estimate_not_operator_cash_ledger,0.0,0.0,shanhaiguan_five_day_continuous_rain
q4_rain_counterfactual_2026.csv,2026-10-15,SHG,7123.694167452342,7123.694167452342,0.0,2,2.0,17,17.0,0.0,2.2,0.0,0.0,0.0,0.0,0,0,0,2,17,2.8,0.06,7123.694167452342,counterfactual_planning_simulation,0.0,0.0,traveler_time_loss_scenario_estimate_not_operator_cash_ledger,0.0,0.0,shanhaiguan_five_day_continuous_rain
q4_rain_counterfactual_2026.csv,2026-10-16,SHG,7123.694167452342,7123.694167452342,0.0,2,2.0,17,17.0,0.0,2.2,0.0,0.0,0.0,0.0,0,0,0,2,17,2.8,0.06,7123.694167452342,counterfactual_planning_simulation,0.0,0.0,traveler_time_loss_scenario_estimate_not_operator_cash_ledger,0.0,0.0,shanhaiguan_five_day_continuous_rain
q4_rain_counterfactual_2026.csv,2026-10-17,SHG,14190.883457157246,14190.883457157246,0.0,3,3.0,32,32.0,0.0,2.2,0.0,0.0,0.0,0.0,0,0,0,3,32,2.8,0.06,14190.883457157246,counterfactual_planning_simulation,0.0,0.0,traveler_time_loss_scenario_estimate_not_operator_cash_ledger,0.0,0.0,shanhaiguan_five_day_continuous_rain
q4_rain_counterfactual_2026.csv,2026-10-18,SHG,12203.422117126056,12203.422117126056,0.0,2,2.0,28,28.0,0.0,2.2,0.0,0.0,0.0,0.0,0,0,0,2,28,2.8,0.06,12203.422117126056,counterfactual_planning_simulation,0.0,0.0,traveler_time_loss_scenario_estimate_not_operator_cash_ledger,0.0,0.0,shanhaiguan_five_day_continuous_rain
q4_rain_counterfactual_2026.csv,2026-10-19,SHG,7123.694167452342,7123.694167452342,0.0,2,2.0,17,17.0,0.0,2.2,0.0,0.0,0.0,0.0,0,0,0,2,17,2.8,0.06,7123.694167452342,counterfactual_planning_simulation,0.0,0.0,traveler_time_loss_scenario_estimate_not_operator_cash_ledger,0.0,0.0,shanhaiguan_five_day_continuous_rain
q4_rain_counterfactual_2026.csv,2026-10-20,SHG,7123.694167452342,7123.694167452342,0.0,2,2.0,17,17.0,0.0,2.2,0.0,0.0,0.0,0.0,0,0,0,2,17,2.8,0.06,7123.694167452342,counterfactual_planning_simulation,0.0,0.0,traveler_time_loss_scenario_estimate_not_operator_cash_ledger,0.0,0.0,shanhaiguan_five_day_continuous_rain
q4_rain_counterfactual_2026.csv,2026-10-21,SHG,7123.694167452342,7123.694167452342,0.0,2,2.0,17,17.0,0.0,2.2,0.0,0.0,0.0,0.0,0,0,0,2,17,2.8,0.06,7123.694167452342,counterfactual_planning_simulation,0.0,0.0,traveler_time_loss_scenario_estimate_not_operator_cash_ledger,0.0,0.0,shanhaiguan_five_day_continuous_rain
q4_rain_counterfactual_2026.csv,2026-10-22,SHG,7123.694167452342,7123.694167452342,0.0,2,2.0,17,17.0,0.0,2.2,0.0,0.0,0.0,0.0,0,0,0,2,17,2.8,0.06,7123.694167452342,counterfactual_planning_simulation,0.0,0.0,traveler_time_loss_scenario_estimate_not_operator_cash_ledger,0.0,0.0,shanhaiguan_five_day_continuous_rain
q4_rain_counterfactual_2026.csv,2026-10-23,SHG,7123.694167452342,7123.694167452342,0.0,2,2.0,17,17.0,0.0,2.2,0.0,0.0,0.0,0.0,0,0,0,2,17,2.8,0.06,7123.694167452342,counterfactual_planning_simulation,0.0,0.0,traveler_time_loss_scenario_estimate_not_operator_cash_ledger,0.0,0.0,shanhaiguan_five_day_continuous_rain
q4_rain_counterfactual_2026.csv,2026-10-24,SHG,10017.962055167958,10017.962055167958,0.0,2,2.0,23,23.0,0.0,2.2,0.0,0.0,0.0,0.0,0,0,0,2,23,2.8,0.06,10017.962055167958,counterfactual_planning_simulation,0.0,0.0,traveler_time_loss_scenario_estimate_not_operator_cash_ledger,0.0,0.0,shanhaiguan_five_day_continuous_rain
q4_rain_counterfactual_2026.csv,2026-10-25,SHG,9755.656114018857,9755.656114018857,0.0,2,2.0,22,22.0,0.0,2.2,0.0,0.0,0.0,0.0,0,0,0,2,22,2.8,0.06,9755.656114018857,counterfactual_planning_simulation,0.0,0.0,traveler_time_loss_scenario_estimate_not_operator_cash_ledger,0.0,0.0,shanhaiguan_five_day_continuous_rain
q4_rain_counterfactual_2026.csv,2026-10-26,SHG,7123.694167452342,7123.694167452342,0.0,2,2.0,17,17.0,0.0,2.2,0.0,0.0,0.0,0.0,0,0,0,2,17,2.8,0.06,7123.694167452342,counterfactual_planning_simulation,0.0,0.0,traveler_time_loss_scenario_estimate_not_operator_cash_ledger,0.0,0.0,shanhaiguan_five_day_continuous_rain
q4_rain_counterfactual_2026.csv,2026-10-27,SHG,7123.694167452342,7123.694167452342,0.0,2,2.0,17,17.0,0.0,2.2,0.0,0.0,0.0,0.0,0,0,0,2,17,2.8,0.06,7123.694167452342,counterfactual_planning_simulation,0.0,0.0,traveler_time_loss_scenario_estimate_not_operator_cash_ledger,0.0,0.0,shanhaiguan_five_day_continuous_rain
q4_rain_counterfactual_2026.csv,2026-10-28,SHG,7123.694167452342,7123.694167452342,0.0,2,2.0,17,17.0,0.0,2.2,0.0,0.0,0.0,0.0,0,0,0,2,17,2.8,0.06,7123.694167452342,counterfactual_planning_simulation,0.0,0.0,traveler_time_loss_scenario_estimate_not_operator_cash_ledger,0.0,0.0,shanhaiguan_five_day_continuous_rain
q4_rain_counterfactual_2026.csv,2026-10-29,SHG,7123.694167452342,7123.694167452342,0.0,2,2.0,17,17.0,0.0,2.2,0.0,0.0,0.0,0.0,0,0,0,2,17,2.8,0.06,7123.694167452342,counterfactual_planning_simulation,0.0,0.0,traveler_time_loss_scenario_estimate_not_operator_cash_ledger,0.0,0.0,shanhaiguan_five_day_continuous_rain
q4_rain_counterfactual_2026.csv,2026-10-30,SHG,7123.694167452342,7123.694167452342,0.0,2,2.0,17,17.0,0.0,2.2,0.0,0.0,0.0,0.0,0,0,0,2,17,2.8,0.06,7123.694167452342,counterfactual_planning_simulation,0.0,0.0,traveler_time_loss_scenario_estimate_not_operator_cash_ledger,0.0,0.0,shanhaiguan_five_day_continuous_rain
q4_rain_counterfactual_2026.csv,2026-10-31,SHG,10513.011645243989,10513.011645243989,0.0,2,2.0,24,24.0,0.0,2.2,0.0,0.0,0.0,0.0,0,0,0,2,24,2.8,0.06,10513.011645243989,counterfactual_planning_simulation,0.0,0.0,traveler_time_loss_scenario_estimate_not_operator_cash_ledger,0.0,0.0,shanhaiguan_five_day_continuous_rain
q4_rain_counterfactual_2026.csv,2026-11-01,SHG,7430.889778151627,7430.889778151627,0.0,2,2.0,18,18.0,0.0,2.2,0.0,0.0,0.0,0.0,0,0,0,2,18,2.8,0.06,7430.889778151627,counterfactual_planning_simulation,0.0,0.0,traveler_time_loss_scenario_estimate_not_operator_cash_ledger,0.0,0.0,shanhaiguan_five_day_continuous_rain
q4_rain_counterfactual_2026.csv,2026-11-02,SHG,7123.694167452342,7123.694167452342,0.0,2,2.0,17,17.0,0.0,2.2,0.0,0.0,0.0,0.0,0,0,0,2,17,2.8,0.06,7123.694167452342,counterfactual_planning_simulation,0.0,0.0,traveler_time_loss_scenario_estimate_not_operator_cash_ledger,0.0,0.0,shanhaiguan_five_day_continuous_rain
q4_rain_counterfactual_2026.csv,2026-11-03,SHG,7123.694167452342,7123.694167452342,0.0,2,2.0,17,17.0,0.0,2.2,0.0,0.0,0.0,0.0,0,0,0,2,17,2.8,0.06,7123.694167452342,counterfactual_planning_simulation,0.0,0.0,traveler_time_loss_scenario_estimate_not_operator_cash_ledger,0.0,0.0,shanhaiguan_five_day_continuous_rain
q4_rain_counterfactual_2026.csv,2026-11-04,SHG,7123.694167452342,7123.694167452342,0.0,2,2.0,17,17.0,0.0,2.2,0.0,0.0,0.0,0.0,0,0,0,2,17,2.8,0.06,7123.694167452342,counterfactual_planning_simulation,0.0,0.0,traveler_time_loss_scenario_estimate_not_operator_cash_ledger,0.0,0.0,shanhaiguan_five_day_continuous_rain
q4_rain_counterfactual_2026.csv,2026-11-05,SHG,7123.694167452342,7123.694167452342,0.0,2,2.0,17,17.0,0.0,2.2,0.0,0.0,0.0,0.0,0,0,0,2,17,2.8,0.06,7123.694167452342,counterfactual_planning_simulation,0.0,0.0,traveler_time_loss_scenario_estimate_not_operator_cash_ledger,0.0,0.0,shanhaiguan_five_day_continuous_rain
q4_rain_counterfactual_2026.csv,2026-11-06,SHG,7123.694167452342,7123.694167452342,0.0,2,2.0,17,17.0,0.0,2.2,0.0,0.0,0.0,0.0,0,0,0,2,17,2.8,0.06,7123.694167452342,counterfactual_planning_simulation,0.0,0.0,traveler_time_loss_scenario_estimate_not_operator_cash_ledger,0.0,0.0,shanhaiguan_five_day_continuous_rain
q4_rain_counterfactual_2026.csv,2026-11-07,SHG,9477.50185481429,9477.50185481429,0.0,2,2.0,22,22.0,0.0,2.2,0.0,0.0,0.0,0.0,0,0,0,2,22,2.8,0.06,9477.50185481429,counterfactual_planning_simulation,0.0,0.0,traveler_time_loss_scenario_estimate_not_operator_cash_ledger,0.0,0.0,shanhaiguan_five_day_continuous_rain
q4_rain_counterfactual_2026.csv,2026-11-08,SHG,7123.694167452342,7123.694167452342,0.0,2,2.0,17,17.0,0.0,2.2,0.0,0.0,0.0,0.0,0,0,0,2,17,2.8,0.06,7123.694167452342,counterfactual_planning_simulation,0.0,0.0,traveler_time_loss_scenario_estimate_not_operator_cash_ledger,0.0,0.0,shanhaiguan_five_day_continuous_rain
q4_rain_counterfactual_2026.csv,2026-11-09,SHG,7123.694167452342,7123.694167452342,0.0,2,2.0,17,17.0,0.0,2.2,0.0,0.0,0.0,0.0,0,0,0,2,17,2.8,0.06,7123.694167452342,counterfactual_planning_simulation,0.0,0.0,traveler_time_loss_scenario_estimate_not_operator_cash_ledger,0.0,0.0,shanhaiguan_five_day_continuous_rain
q4_rain_counterfactual_2026.csv,2026-11-10,SHG,7123.694167452342,7123.694167452342,0.0,2,2.0,17,17.0,0.0,2.2,0.0,0.0,0.0,0.0,0,0,0,2,17,2.8,0.06,7123.694167452342,counterfactual_planning_simulation,0.0,0.0,traveler_time_loss_scenario_estimate_not_operator_cash_ledger,0.0,0.0,shanhaiguan_five_day_continuous_rain
q4_rain_counterfactual_2026.csv,2026-11-11,SHG,7123.694167452342,7123.694167452342,0.0,2,2.0,17,17.0,0.0,2.2,0.0,0.0,0.0,0.0,0,0,0,2,17,2.8,0.06,7123.694167452342,counterfactual_planning_simulation,0.0,0.0,traveler_time_loss_scenario_estimate_not_operator_cash_ledger,0.0,0.0,shanhaiguan_five_day_continuous_rain
q4_rain_counterfactual_2026.csv,2026-11-12,SHG,7123.694167452342,7123.694167452342,0.0,2,2.0,17,17.0,0.0,2.2,0.0,0.0,0.0,0.0,0,0,0,2,17,2.8,0.06,7123.694167452342,counterfactual_planning_simulation,0.0,0.0,traveler_time_loss_scenario_estimate_not_operator_cash_ledger,0.0,0.0,shanhaiguan_five_day_continuous_rain
q4_rain_counterfactual_2026.csv,2026-11-13,SHG,7123.694167452342,7123.694167452342,0.0,2,2.0,17,17.0,0.0,2.2,0.0,0.0,0.0,0.0,0,0,0,2,17,2.8,0.06,7123.694167452342,counterfactual_planning_simulation,0.0,0.0,traveler_time_loss_scenario_estimate_not_operator_cash_ledger,0.0,0.0,shanhaiguan_five_day_continuous_rain
q4_rain_counterfactual_2026.csv,2026-11-14,SHG,7688.377588668656,7688.377588668656,0.0,2,2.0,18,18.0,0.0,2.2,0.0,0.0,0.0,0.0,0,0,0,2,18,2.8,0.06,7688.377588668656,counterfactual_planning_simulation,0.0,0.0,traveler_time_loss_scenario_estimate_not_operator_cash_ledger,0.0,0.0,shanhaiguan_five_day_continuous_rain
q4_rain_counterfactual_2026.csv,2026-11-15,SHG,7123.694167452342,7123.694167452342,0.0,2,2.0,17,17.0,0.0,2.2,0.0,0.0,0.0,0.0,0,0,0,2,17,2.8,0.06,7123.694167452342,counterfactual_planning_simulation,0.0,0.0,traveler_time_loss_scenario_estimate_not_operator_cash_ledger,0.0,0.0,shanhaiguan_five_day_continuous_rain
q4_rain_counterfactual_2026.csv,2026-11-16,SHG,7123.694167452342,7123.694167452342,0.0,2,2.0,17,17.0,0.0,2.2,0.0,0.0,0.0,0.0,0,0,0,2,17,2.8,0.06,7123.694167452342,counterfactual_planning_simulation,0.0,0.0,traveler_time_loss_scenario_estimate_not_operator_cash_ledger,0.0,0.0,shanhaiguan_five_day_continuous_rain
q4_rain_counterfactual_2026.csv,2026-11-17,SHG,7123.694167452342,7123.694167452342,0.0,2,2.0,17,17.0,0.0,2.2,0.0,0.0,0.0,0.0,0,0,0,2,17,2.8,0.06,7123.694167452342,counterfactual_planning_simulation,0.0,0.0,traveler_time_loss_scenario_estimate_not_operator_cash_ledger,0.0,0.0,shanhaiguan_five_day_continuous_rain
q4_rain_counterfactual_2026.csv,2026-11-18,SHG,7123.694167452342,7123.694167452342,0.0,2,2.0,17,17.0,0.0,2.2,0.0,0.0,0.0,0.0,0,0,0,2,17,2.8,0.06,7123.694167452342,counterfactual_planning_simulation,0.0,0.0,traveler_time_loss_scenario_estimate_not_operator_cash_ledger,0.0,0.0,shanhaiguan_five_day_continuous_rain
q4_rain_counterfactual_2026.csv,2026-11-19,SHG,7123.694167452342,7123.694167452342,0.0,2,2.0,17,17.0,0.0,2.2,0.0,0.0,0.0,0.0,0,0,0,2,17,2.8,0.06,7123.694167452342,counterfactual_planning_simulation,0.0,0.0,traveler_time_loss_scenario_estimate_not_operator_cash_ledger,0.0,0.0,shanhaiguan_five_day_continuous_rain
q4_rain_counterfactual_2026.csv,2026-11-20,SHG,7123.694167452342,7123.694167452342,0.0,2,2.0,17,17.0,0.0,2.2,0.0,0.0,0.0,0.0,0,0,0,2,17,2.8,0.06,7123.694167452342,counterfactual_planning_simulation,0.0,0.0,traveler_time_loss_scenario_estimate_not_operator_cash_ledger,0.0,0.0,shanhaiguan_five_day_continuous_rain
q4_rain_counterfactual_2026.csv,2026-11-21,SHG,8599.835082371175,8599.835082371175,0.0,2,2.0,20,20.0,0.0,2.2,0.0,0.0,0.0,0.0,0,0,0,2,20,2.8,0.06,8599.835082371175,counterfactual_planning_simulation,0.0,0.0,traveler_time_loss_scenario_estimate_not_operator_cash_ledger,0.0,0.0,shanhaiguan_five_day_continuous_rain
q4_rain_counterfactual_2026.csv,2026-11-22,SHG,7123.694167452342,7123.694167452342,0.0,2,2.0,17,17.0,0.0,2.2,0.0,0.0,0.0,0.0,0,0,0,2,17,2.8,0.06,7123.694167452342,counterfactual_planning_simulation,0.0,0.0,traveler_time_loss_scenario_estimate_not_operator_cash_ledger,0.0,0.0,shanhaiguan_five_day_continuous_rain
q4_rain_counterfactual_2026.csv,2026-11-23,SHG,7123.694167452342,7123.694167452342,0.0,2,2.0,17,17.0,0.0,2.2,0.0,0.0,0.0,0.0,0,0,0,2,17,2.8,0.06,7123.694167452342,counterfactual_planning_simulation,0.0,0.0,traveler_time_loss_scenario_estimate_not_operator_cash_ledger,0.0,0.0,shanhaiguan_five_day_continuous_rain
q4_rain_counterfactual_2026.csv,2026-11-24,SHG,7123.694167452342,7123.694167452342,0.0,2,2.0,17,17.0,0.0,2.2,0.0,0.0,0.0,0.0,0,0,0,2,17,2.8,0.06,7123.694167452342,counterfactual_planning_simulation,0.0,0.0,traveler_time_loss_scenario_estimate_not_operator_cash_ledger,0.0,0.0,shanhaiguan_five_day_continuous_rain
q4_rain_counterfactual_2026.csv,2026-11-25,SHG,7123.694167452342,7123.694167452342,0.0,2,2.0,17,17.0,0.0,2.2,0.0,0.0,0.0,0.0,0,0,0,2,17,2.8,0.06,7123.694167452342,counterfactual_planning_simulation,0.0,0.0,traveler_time_loss_scenario_estimate_not_operator_cash_ledger,0.0,0.0,shanhaiguan_five_day_continuous_rain
q4_rain_counterfactual_2026.csv,2026-11-26,SHG,7123.694167452342,7123.694167452342,0.0,2,2.0,17,17.0,0.0,2.2,0.0,0.0,0.0,0.0,0,0,0,2,17,2.8,0.06,7123.694167452342,counterfactual_planning_simulation,0.0,0.0,traveler_time_loss_scenario_estimate_not_operator_cash_ledger,0.0,0.0,shanhaiguan_five_day_continuous_rain
q4_rain_counterfactual_2026.csv,2026-11-27,SHG,7123.694167452342,7123.694167452342,0.0,2,2.0,17,17.0,0.0,2.2,0.0,0.0,0.0,0.0,0,0,0,2,17,2.8,0.06,7123.694167452342,counterfactual_planning_simulation,0.0,0.0,traveler_time_loss_scenario_estimate_not_operator_cash_ledger,0.0,0.0,shanhaiguan_five_day_continuous_rain
q4_rain_counterfactual_2026.csv,2026-11-28,SHG,9206.15091225906,9206.15091225906,0.0,2,2.0,21,21.0,0.0,2.2,0.0,0.0,0.0,0.0,0,0,0,2,21,2.8,0.06,9206.15091225906,counterfactual_planning_simulation,0.0,0.0,traveler_time_loss_scenario_estimate_not_operator_cash_ledger,0.0,0.0,shanhaiguan_five_day_continuous_rain
q4_rain_counterfactual_2026.csv,2026-11-29,SHG,7123.694167452342,7123.694167452342,0.0,2,2.0,17,17.0,0.0,2.2,0.0,0.0,0.0,0.0,0,0,0,2,17,2.8,0.06,7123.694167452342,counterfactual_planning_simulation,0.0,0.0,traveler_time_loss_scenario_estimate_not_operator_cash_ledger,0.0,0.0,shanhaiguan_five_day_continuous_rain
q4_rain_counterfactual_2026.csv,2026-11-30,SHG,7123.694167452342,7123.694167452342,0.0,2,2.0,17,17.0,0.0,2.2,0.0,0.0,0.0,0.0,0,0,0,2,17,2.8,0.06,7123.694167452342,counterfactual_planning_simulation,0.0,0.0,traveler_time_loss_scenario_estimate_not_operator_cash_ledger,0.0,0.0,shanhaiguan_five_day_continuous_rain
q4_rain_counterfactual_2026.csv,2026-12-01,SHG,7123.694167452342,7123.694167452342,0.0,2,2.0,17,17.0,0.0,2.2,0.0,0.0,0.0,0.0,0,0,0,2,17,2.8,0.06,7123.694167452342,counterfactual_planning_simulation,0.0,0.0,traveler_time_loss_scenario_estimate_not_operator_cash_ledger,0.0,0.0,shanhaiguan_five_day_continuous_rain
q4_rain_counterfactual_2026.csv,2026-12-02,SHG,7123.694167452342,7123.694167452342,0.0,2,2.0,17,17.0,0.0,2.2,0.0,0.0,0.0,0.0,0,0,0,2,17,2.8,0.06,7123.694167452342,counterfactual_planning_simulation,0.0,0.0,traveler_time_loss_scenario_estimate_not_operator_cash_ledger,0.0,0.0,shanhaiguan_five_day_continuous_rain
q4_rain_counterfactual_2026.csv,2026-12-03,SHG,7123.694167452342,7123.694167452342,0.0,2,2.0,17,17.0,0.0,2.2,0.0,0.0,0.0,0.0,0,0,0,2,17,2.8,0.06,7123.694167452342,counterfactual_planning_simulation,0.0,0.0,traveler_time_loss_scenario_estimate_not_operator_cash_ledger,0.0,0.0,shanhaiguan_five_day_continuous_rain
q4_rain_counterfactual_2026.csv,2026-12-04,SHG,7123.694167452342,7123.694167452342,0.0,2,2.0,17,17.0,0.0,2.2,0.0,0.0,0.0,0.0,0,0,0,2,17,2.8,0.06,7123.694167452342,counterfactual_planning_simulation,0.0,0.0,traveler_time_loss_scenario_estimate_not_operator_cash_ledger,0.0,0.0,shanhaiguan_five_day_continuous_rain
q4_rain_counterfactual_2026.csv,2026-12-05,SHG,7123.694167452342,7123.694167452342,0.0,2,2.0,17,17.0,0.0,2.2,0.0,0.0,0.0,0.0,0,0,0,2,17,2.8,0.06,7123.694167452342,counterfactual_planning_simulation,0.0,0.0,traveler_time_loss_scenario_estimate_not_operator_cash_ledger,0.0,0.0,shanhaiguan_five_day_continuous_rain
q4_rain_counterfactual_2026.csv,2026-12-06,SHG,7123.694167452342,7123.694167452342,0.0,2,2.0,17,17.0,0.0,2.2,0.0,0.0,0.0,0.0,0,0,0,2,17,2.8,0.06,7123.694167452342,counterfactual_planning_simulation,0.0,0.0,traveler_time_loss_scenario_estimate_not_operator_cash_ledger,0.0,0.0,shanhaiguan_five_day_continuous_rain
q4_rain_counterfactual_2026.csv,2026-12-07,SHG,7123.694167452342,7123.694167452342,0.0,2,2.0,17,17.0,0.0,2.2,0.0,0.0,0.0,0.0,0,0,0,2,17,2.8,0.06,7123.694167452342,counterfactual_planning_simulation,0.0,0.0,traveler_time_loss_scenario_estimate_not_operator_cash_ledger,0.0,0.0,shanhaiguan_five_day_continuous_rain
q4_rain_counterfactual_2026.csv,2026-12-08,SHG,7123.694167452342,7123.694167452342,0.0,2,2.0,17,17.0,0.0,2.2,0.0,0.0,0.0,0.0,0,0,0,2,17,2.8,0.06,7123.694167452342,counterfactual_planning_simulation,0.0,0.0,traveler_time_loss_scenario_estimate_not_operator_cash_ledger,0.0,0.0,shanhaiguan_five_day_continuous_rain
q4_rain_counterfactual_2026.csv,2026-12-09,SHG,7123.694167452342,7123.694167452342,0.0,2,2.0,17,17.0,0.0,2.2,0.0,0.0,0.0,0.0,0,0,0,2,17,2.8,0.06,7123.694167452342,counterfactual_planning_simulation,0.0,0.0,traveler_time_loss_scenario_estimate_not_operator_cash_ledger,0.0,0.0,shanhaiguan_five_day_continuous_rain
q4_rain_counterfactual_2026.csv,2026-12-10,SHG,7123.694167452342,7123.694167452342,0.0,2,2.0,17,17.0,0.0,2.2,0.0,0.0,0.0,0.0,0,0,0,2,17,2.8,0.06,7123.694167452342,counterfactual_planning_simulation,0.0,0.0,traveler_time_loss_scenario_estimate_not_operator_cash_ledger,0.0,0.0,shanhaiguan_five_day_continuous_rain
q4_rain_counterfactual_2026.csv,2026-12-11,SHG,7123.694167452342,7123.694167452342,0.0,2,2.0,17,17.0,0.0,2.2,0.0,0.0,0.0,0.0,0,0,0,2,17,2.8,0.06,7123.694167452342,counterfactual_planning_simulation,0.0,0.0,traveler_time_loss_scenario_estimate_not_operator_cash_ledger,0.0,0.0,shanhaiguan_five_day_continuous_rain
q4_rain_counterfactual_2026.csv,2026-12-12,SHG,7123.694167452342,7123.694167452342,0.0,2,2.0,17,17.0,0.0,2.2,0.0,0.0,0.0,0.0,0,0,0,2,17,2.8,0.06,7123.694167452342,counterfactual_planning_simulation,0.0,0.0,traveler_time_loss_scenario_estimate_not_operator_cash_ledger,0.0,0.0,shanhaiguan_five_day_continuous_rain
q4_rain_counterfactual_2026.csv,2026-12-13,SHG,7123.694167452342,7123.694167452342,0.0,2,2.0,17,17.0,0.0,2.2,0.0,0.0,0.0,0.0,0,0,0,2,17,2.8,0.06,7123.694167452342,counterfactual_planning_simulation,0.0,0.0,traveler_time_loss_scenario_estimate_not_operator_cash_ledger,0.0,0.0,shanhaiguan_five_day_continuous_rain
q4_rain_counterfactual_2026.csv,2026-12-14,SHG,7123.694167452342,7123.694167452342,0.0,2,2.0,17,17.0,0.0,2.2,0.0,0.0,0.0,0.0,0,0,0,2,17,2.8,0.06,7123.694167452342,counterfactual_planning_simulation,0.0,0.0,traveler_time_loss_scenario_estimate_not_operator_cash_ledger,0.0,0.0,shanhaiguan_five_day_continuous_rain
q4_rain_counterfactual_2026.csv,2026-12-15,SHG,7123.694167452342,7123.694167452342,0.0,2,2.0,17,17.0,0.0,2.2,0.0,0.0,0.0,0.0,0,0,0,2,17,2.8,0.06,7123.694167452342,counterfactual_planning_simulation,0.0,0.0,traveler_time_loss_scenario_estimate_not_operator_cash_ledger,0.0,0.0,shanhaiguan_five_day_continuous_rain
q4_rain_counterfactual_2026.csv,2026-12-16,SHG,7123.694167452342,7123.694167452342,0.0,2,2.0,17,17.0,0.0,2.2,0.0,0.0,0.0,0.0,0,0,0,2,17,2.8,0.06,7123.694167452342,counterfactual_planning_simulation,0.0,0.0,traveler_time_loss_scenario_estimate_not_operator_cash_ledger,0.0,0.0,shanhaiguan_five_day_continuous_rain
q4_rain_counterfactual_2026.csv,2026-12-17,SHG,7123.694167452342,7123.694167452342,0.0,2,2.0,17,17.0,0.0,2.2,0.0,0.0,0.0,0.0,0,0,0,2,17,2.8,0.06,7123.694167452342,counterfactual_planning_simulation,0.0,0.0,traveler_time_loss_scenario_estimate_not_operator_cash_ledger,0.0,0.0,shanhaiguan_five_day_continuous_rain
q4_rain_counterfactual_2026.csv,2026-12-18,SHG,7123.694167452342,7123.694167452342,0.0,2,2.0,17,17.0,0.0,2.2,0.0,0.0,0.0,0.0,0,0,0,2,17,2.8,0.06,7123.694167452342,counterfactual_planning_simulation,0.0,0.0,traveler_time_loss_scenario_estimate_not_operator_cash_ledger,0.0,0.0,shanhaiguan_five_day_continuous_rain
q4_rain_counterfactual_2026.csv,2026-12-19,SHG,7123.694167452342,7123.694167452342,0.0,2,2.0,17,17.0,0.0,2.2,0.0,0.0,0.0,0.0,0,0,0,2,17,2.8,0.06,7123.694167452342,counterfactual_planning_simulation,0.0,0.0,traveler_time_loss_scenario_estimate_not_operator_cash_ledger,0.0,0.0,shanhaiguan_five_day_continuous_rain
q4_rain_counterfactual_2026.csv,2026-12-20,SHG,7123.694167452342,7123.694167452342,0.0,2,2.0,17,17.0,0.0,2.2,0.0,0.0,0.0,0.0,0,0,0,2,17,2.8,0.06,7123.694167452342,counterfactual_planning_simulation,0.0,0.0,traveler_time_loss_scenario_estimate_not_operator_cash_ledger,0.0,0.0,shanhaiguan_five_day_continuous_rain
q4_rain_counterfactual_2026.csv,2026-12-21,SHG,7123.694167452342,7123.694167452342,0.0,2,2.0,17,17.0,0.0,2.2,0.0,0.0,0.0,0.0,0,0,0,2,17,2.8,0.06,7123.694167452342,counterfactual_planning_simulation,0.0,0.0,traveler_time_loss_scenario_estimate_not_operator_cash_ledger,0.0,0.0,shanhaiguan_five_day_continuous_rain
q4_rain_counterfactual_2026.csv,2026-12-22,SHG,7123.694167452342,7123.694167452342,0.0,2,2.0,17,17.0,0.0,2.2,0.0,0.0,0.0,0.0,0,0,0,2,17,2.8,0.06,7123.694167452342,counterfactual_planning_simulation,0.0,0.0,traveler_time_loss_scenario_estimate_not_operator_cash_ledger,0.0,0.0,shanhaiguan_five_day_continuous_rain
q4_rain_counterfactual_2026.csv,2026-12-23,SHG,7123.694167452342,7123.694167452342,0.0,2,2.0,17,17.0,0.0,2.2,0.0,0.0,0.0,0.0,0,0,0,2,17,2.8,0.06,7123.694167452342,counterfactual_planning_simulation,0.0,0.0,traveler_time_loss_scenario_estimate_not_operator_cash_ledger,0.0,0.0,shanhaiguan_five_day_continuous_rain
q4_rain_counterfactual_2026.csv,2026-12-24,SHG,7123.694167452342,7123.694167452342,0.0,2,2.0,17,17.0,0.0,2.2,0.0,0.0,0.0,0.0,0,0,0,2,17,2.8,0.06,7123.694167452342,counterfactual_planning_simulation,0.0,0.0,traveler_time_loss_scenario_estimate_not_operator_cash_ledger,0.0,0.0,shanhaiguan_five_day_continuous_rain
q4_rain_counterfactual_2026.csv,2026-12-25,SHG,7123.694167452342,7123.694167452342,0.0,2,2.0,17,17.0,0.0,2.2,0.0,0.0,0.0,0.0,0,0,0,2,17,2.8,0.06,7123.694167452342,counterfactual_planning_simulation,0.0,0.0,traveler_time_loss_scenario_estimate_not_operator_cash_ledger,0.0,0.0,shanhaiguan_five_day_continuous_rain
q4_rain_counterfactual_2026.csv,2026-12-26,SHG,7123.694167452342,7123.694167452342,0.0,2,2.0,17,17.0,0.0,2.2,0.0,0.0,0.0,0.0,0,0,0,2,17,2.8,0.06,7123.694167452342,counterfactual_planning_simulation,0.0,0.0,traveler_time_loss_scenario_estimate_not_operator_cash_ledger,0.0,0.0,shanhaiguan_five_day_continuous_rain
q4_rain_counterfactual_2026.csv,2026-12-27,SHG,7123.694167452342,7123.694167452342,0.0,2,2.0,17,17.0,0.0,2.2,0.0,0.0,0.0,0.0,0,0,0,2,17,2.8,0.06,7123.694167452342,counterfactual_planning_simulation,0.0,0.0,traveler_time_loss_scenario_estimate_not_operator_cash_ledger,0.0,0.0,shanhaiguan_five_day_continuous_rain
q4_rain_counterfactual_2026.csv,2026-12-28,SHG,7123.694167452342,7123.694167452342,0.0,2,2.0,17,17.0,0.0,2.2,0.0,0.0,0.0,0.0,0,0,0,2,17,2.8,0.06,7123.694167452342,counterfactual_planning_simulation,0.0,0.0,traveler_time_loss_scenario_estimate_not_operator_cash_ledger,0.0,0.0,shanhaiguan_five_day_continuous_rain
q4_rain_counterfactual_2026.csv,2026-12-29,SHG,7123.694167452342,7123.694167452342,0.0,2,2.0,17,17.0,0.0,2.2,0.0,0.0,0.0,0.0,0,0,0,2,17,2.8,0.06,7123.694167452342,counterfactual_planning_simulation,0.0,0.0,traveler_time_loss_scenario_estimate_not_operator_cash_ledger,0.0,0.0,shanhaiguan_five_day_continuous_rain
q4_rain_counterfactual_2026.csv,2026-12-30,SHG,7123.694167452342,7123.694167452342,0.0,2,2.0,17,17.0,0.0,2.2,0.0,0.0,0.0,0.0,0,0,0,2,17,2.8,0.06,7123.694167452342,counterfactual_planning_simulation,0.0,0.0,traveler_time_loss_scenario_estimate_not_operator_cash_ledger,0.0,0.0,shanhaiguan_five_day_continuous_rain
q4_rain_counterfactual_2026.csv,2026-12-31,SHG,7123.694167452342,7123.694167452342,0.0,2,2.0,17,17.0,0.0,2.2,0.0,0.0,0.0,0.0,0,0,0,2,17,2.8,0.06,7123.694167452342,counterfactual_planning_simulation,0.0,0.0,traveler_time_loss_scenario_estimate_not_operator_cash_ledger,0.0,0.0,shanhaiguan_five_day_continuous_rain
