date,region_code,pressure_index,estimate_label,projection_source
2023-01-01,BDH,0.5826897254781558,censored_likelihood_pressure_index,joint_covariate_region_mean
2023-01-01,HGA,2.1677987997947388,censored_likelihood_pressure_index,joint_covariate_region_mean
2023-01-01,SHG,0.27567913578273506,censored_likelihood_pressure_index,joint_covariate_region_mean
2023-01-02,BDH,0.21221859302728832,censored_likelihood_pressure_index,joint_covariate_region_mean
2023-01-02,HGA,1.4262902211743151,censored_likelihood_pressure_index,joint_covariate_region_mean
2023-01-02,SHG,0.0,censored_likelihood_pressure_index,joint_covariate_region_mean
2023-01-03,BDH,0.0,censored_likelihood_pressure_index,joint_covariate_region_mean
2023-01-03,HGA,0.7359300084865088,censored_likelihood_pressure_index,joint_covariate_region_mean
2023-01-03,SHG,0.0,censored_likelihood_pressure_index,joint_covariate_region_mean
2023-01-04,BDH,0.0,censored_likelihood_pressure_index,joint_covariate_region_mean
2023-01-04,HGA,0.8051617808265774,censored_likelihood_pressure_index,joint_covariate_region_mean
2023-01-04,SHG,0.0,censored_likelihood_pressure_index,joint_covariate_region_mean
2023-01-05,BDH,0.0,censored_likelihood_pressure_index,joint_covariate_region_mean
2023-01-05,HGA,0.8486512238265302,censored_likelihood_pressure_index,joint_covariate_region_mean
2023-01-05,SHG,0.0,censored_likelihood_pressure_index,joint_covariate_region_mean
2023-01-06,BDH,0.0,censored_likelihood_pressure_index,joint_covariate_region_mean
2023-01-06,HGA,0.8871467327801223,censored_likelihood_pressure_index,joint_covariate_region_mean
2023-01-06,SHG,0.0,censored_likelihood_pressure_index,joint_covariate_region_mean
2023-01-07,BDH,0.13008664310457685,censored_likelihood_pressure_index,joint_covariate_region_mean
2023-01-07,HGA,1.2619007718706223,censored_likelihood_pressure_index,joint_covariate_region_mean
2023-01-07,SHG,0.0,censored_likelihood_pressure_index,joint_covariate_region_mean
2023-01-08,BDH,0.11272308039785124,censored_likelihood_pressure_index,joint_covariate_region_mean
2023-01-08,HGA,1.227147103974087,censored_likelihood_pressure_index,joint_covariate_region_mean
2023-01-08,SHG,0.0,censored_likelihood_pressure_index,joint_covariate_region_mean
2023-01-09,BDH,0.0,censored_likelihood_pressure_index,joint_covariate_region_mean
2023-01-09,HGA,0.8256079251378927,censored_likelihood_pressure_index,joint_covariate_region_mean
2023-01-09,SHG,0.0,censored_likelihood_pressure_index,joint_covariate_region_mean
2023-01-10,BDH,0.0,censored_likelihood_pressure_index,joint_covariate_region_mean
2023-01-10,HGA,0.861477736290857,censored_likelihood_pressure_index,joint_covariate_region_mean
2023-01-10,SHG,0.0,censored_likelihood_pressure_index,joint_covariate_region_mean
2023-01-11,BDH,0.0,censored_likelihood_pressure_index,joint_covariate_region_mean
2023-01-11,HGA,0.8680513387986792,censored_likelihood_pressure_index,joint_covariate_region_mean
2023-01-11,SHG,0.0,censored_likelihood_pressure_index,joint_covariate_region_mean
2023-01-12,BDH,0.0,censored_likelihood_pressure_index,joint_covariate_region_mean
2023-01-12,HGA,0.8295679516747061,censored_likelihood_pressure_index,joint_covariate_region_mean
2023-01-12,SHG,0.0,censored_likelihood_pressure_index,joint_covariate_region_mean
2023-01-13,BDH,0.0,censored_likelihood_pressure_index,joint_covariate_region_mean
2023-01-13,HGA,0.8809732849627718,censored_likelihood_pressure_index,joint_covariate_region_mean
2023-01-13,SHG,0.0,censored_likelihood_pressure_index,joint_covariate_region_mean
2023-01-14,BDH,0.11743497613117942,censored_likelihood_pressure_index,joint_covariate_region_mean
2023-01-14,HGA,1.2365780981914063,censored_likelihood_pressure_index,joint_covariate_region_mean
2023-01-14,SHG,0.0,censored_likelihood_pressure_index,joint_covariate_region_mean
2023-01-15,BDH,0.11444067189394143,censored_likelihood_pressure_index,joint_covariate_region_mean
2023-01-15,HGA,1.2305849125301567,censored_likelihood_pressure_index,joint_covariate_region_mean
2023-01-15,SHG,0.0,censored_likelihood_pressure_index,joint_covariate_region_mean
2023-01-16,BDH,0.0,censored_likelihood_pressure_index,joint_covariate_region_mean
2023-01-16,HGA,0.8597660813214387,censored_likelihood_pressure_index,joint_covariate_region_mean
2023-01-16,SHG,0.0,censored_likelihood_pressure_index,joint_covariate_region_mean
2023-01-17,BDH,0.0,censored_likelihood_pressure_index,joint_covariate_region_mean
2023-01-17,HGA,0.8976970976639835,censored_likelihood_pressure_index,joint_covariate_region_mean
2023-01-17,SHG,0.0,censored_likelihood_pressure_index,joint_covariate_region_mean
2023-01-18,BDH,0.0,censored_likelihood_pressure_index,joint_covariate_region_mean
2023-01-18,HGA,0.9000296708012574,censored_likelihood_pressure_index,joint_covariate_region_mean
2023-01-18,SHG,0.0,censored_likelihood_pressure_index,joint_covariate_region_mean
2023-01-19,BDH,0.0,censored_likelihood_pressure_index,joint_covariate_region_mean
2023-01-19,HGA,0.892208367513248,censored_likelihood_pressure_index,joint_covariate_region_mean
2023-01-19,SHG,0.0,censored_likelihood_pressure_index,joint_covariate_region_mean
2023-01-20,BDH,0.0,censored_likelihood_pressure_index,joint_covariate_region_mean
2023-01-20,HGA,0.8518512595079637,censored_likelihood_pressure_index,joint_covariate_region_mean
2023-01-20,SHG,0.0,censored_likelihood_pressure_index,joint_covariate_region_mean
2023-01-21,BDH,0.5830769431928919,censored_likelihood_pressure_index,joint_covariate_region_mean
2023-01-21,HGA,2.168573827137277,censored_likelihood_pressure_index,joint_covariate_region_mean
2023-01-21,SHG,0.275991240898313,censored_likelihood_pressure_index,joint_covariate_region_mean
2023-01-22,BDH,0.515351296145014,censored_likelihood_pressure_index,joint_covariate_region_mean
2023-01-22,HGA,2.0330190055067936,censored_likelihood_pressure_index,joint_covariate_region_mean
2023-01-22,SHG,0.22140303355384314,censored_likelihood_pressure_index,joint_covariate_region_mean
2023-01-23,BDH,0.3110930223379746,censored_likelihood_pressure_index,joint_covariate_region_mean
2023-01-23,HGA,1.6241902223297244,censored_likelihood_pressure_index,joint_covariate_region_mean
2023-01-23,SHG,0.05676683606547228,censored_likelihood_pressure_index,joint_covariate_region_mean
2023-01-24,BDH,0.34523224217944204,censored_likelihood_pressure_index,joint_covariate_region_mean
2023-01-24,HGA,1.6925208482880478,censored_likelihood_pressure_index,joint_covariate_region_mean
2023-01-24,SHG,0.08428372062128917,censored_likelihood_pressure_index,joint_covariate_region_mean
2023-01-25,BDH,0.3686272184193816,censored_likelihood_pressure_index,joint_covariate_region_mean
2023-01-25,HGA,1.7393465630577052,censored_likelihood_pressure_index,joint_covariate_region_mean
2023-01-25,SHG,0.10314053291430336,censored_likelihood_pressure_index,joint_covariate_region_mean
2023-01-26,BDH,0.3660744699444535,censored_likelihood_pressure_index,joint_covariate_region_mean
2023-01-26,HGA,1.7342371638969745,censored_likelihood_pressure_index,joint_covariate_region_mean
2023-01-26,SHG,0.10108296729297905,censored_likelihood_pressure_index,joint_covariate_region_mean
2023-01-27,BDH,0.3829461988779473,censored_likelihood_pressure_index,joint_covariate_region_mean
2023-01-27,HGA,1.7680064124146124,censored_likelihood_pressure_index,joint_covariate_region_mean
2023-01-27,SHG,0.11468191359215814,censored_likelihood_pressure_index,joint_covariate_region_mean
2023-01-28,BDH,0.20673278007374238,censored_likelihood_pressure_index,joint_covariate_region_mean
2023-01-28,HGA,1.4153102094825787,censored_likelihood_pressure_index,joint_covariate_region_mean
2023-01-28,SHG,0.0,censored_likelihood_pressure_index,joint_covariate_region_mean
2023-01-29,BDH,0.18861390494733124,censored_likelihood_pressure_index,joint_covariate_region_mean
2023-01-29,HGA,1.3790447621525685,censored_likelihood_pressure_index,joint_covariate_region_mean
2023-01-29,SHG,0.0,censored_likelihood_pressure_index,joint_covariate_region_mean
2023-01-30,BDH,0.0,censored_likelihood_pressure_index,joint_covariate_region_mean
2023-01-30,HGA,0.9444783324564356,censored_likelihood_pressure_index,joint_covariate_region_mean
2023-01-30,SHG,0.0,censored_likelihood_pressure_index,joint_covariate_region_mean
2023-01-31,BDH,0.05103083741364586,censored_likelihood_pressure_index,joint_covariate_region_mean
2023-01-31,HGA,1.1036683133204304,censored_likelihood_pressure_index,joint_covariate_region_mean
2023-01-31,SHG,0.0,censored_likelihood_pressure_index,joint_covariate_region_mean
2023-02-01,BDH,0.011434487814396694,censored_likelihood_pressure_index,joint_covariate_region_mean
2023-02-01,HGA,1.0244150859079255,censored_likelihood_pressure_index,joint_covariate_region_mean
2023-02-01,SHG,0.0,censored_likelihood_pressure_index,joint_covariate_region_mean
2023-02-02,BDH,0.04813659351883881,censored_likelihood_pressure_index,joint_covariate_region_mean
2023-02-02,HGA,1.0978754012994,censored_likelihood_pressure_index,joint_covariate_region_mean
2023-02-02,SHG,0.0,censored_likelihood_pressure_index,joint_covariate_region_mean
2023-02-03,BDH,0.0,censored_likelihood_pressure_index,joint_covariate_region_mean
2023-02-03,HGA,0.8335389435386549,censored_likelihood_pressure_index,joint_covariate_region_mean
2023-02-03,SHG,0.0,censored_likelihood_pressure_index,joint_covariate_region_mean
2023-02-04,BDH,0.15442049118447124,censored_likelihood_pressure_index,joint_covariate_region_mean
2023-02-04,HGA,1.3106056655089433,censored_likelihood_pressure_index,joint_covariate_region_mean
2023-02-04,SHG,0.0,censored_likelihood_pressure_index,joint_covariate_region_mean
2023-02-05,BDH,0.1602654492954076,censored_likelihood_pressure_index,joint_covariate_region_mean
2023-02-05,HGA,1.3223045165159406,censored_likelihood_pressure_index,joint_covariate_region_mean
2023-02-05,SHG,0.0,censored_likelihood_pressure_index,joint_covariate_region_mean
2023-02-06,BDH,0.2698807113416414,censored_likelihood_pressure_index,joint_covariate_region_mean
2023-02-06,HGA,1.5417026019140994,censored_likelihood_pressure_index,joint_covariate_region_mean
2023-02-06,SHG,0.0235489005288475,censored_likelihood_pressure_index,joint_covariate_region_mean
2023-02-07,BDH,0.1641972197474607,censored_likelihood_pressure_index,joint_covariate_region_mean
2023-02-07,HGA,1.330174067646892,censored_likelihood_pressure_index,joint_covariate_region_mean
2023-02-07,SHG,0.0,censored_likelihood_pressure_index,joint_covariate_region_mean
2023-02-08,BDH,0.16535062835781347,censored_likelihood_pressure_index,joint_covariate_region_mean
2023-02-08,HGA,1.3324826480039453,censored_likelihood_pressure_index,joint_covariate_region_mean
2023-02-08,SHG,0.0,censored_likelihood_pressure_index,joint_covariate_region_mean
2023-02-09,BDH,0.10691801553560715,censored_likelihood_pressure_index,joint_covariate_region_mean
2023-02-09,HGA,1.2155281004465373,censored_likelihood_pressure_index,joint_covariate_region_mean
2023-02-09,SHG,0.0,censored_likelihood_pressure_index,joint_covariate_region_mean
2023-02-10,BDH,0.04240706017544078,censored_likelihood_pressure_index,joint_covariate_region_mean
2023-02-10,HGA,1.0864075762693761,censored_likelihood_pressure_index,joint_covariate_region_mean
2023-02-10,SHG,0.0,censored_likelihood_pressure_index,joint_covariate_region_mean
2023-02-11,BDH,0.5602357790268773,censored_likelihood_pressure_index,joint_covariate_region_mean
2023-02-11,HGA,2.122856583089866,censored_likelihood_pressure_index,joint_covariate_region_mean
2023-02-11,SHG,0.2575808120602979,censored_likelihood_pressure_index,joint_covariate_region_mean
2023-02-12,BDH,0.4488244611059262,censored_likelihood_pressure_index,joint_covariate_region_mean
2023-02-12,HGA,1.8998636404352882,censored_likelihood_pressure_index,joint_covariate_region_mean
2023-02-12,SHG,0.16778109233388339,censored_likelihood_pressure_index,joint_covariate_region_mean
2023-02-13,BDH,0.0,censored_likelihood_pressure_index,joint_covariate_region_mean
2023-02-13,HGA,0.9061900481069092,censored_likelihood_pressure_index,joint_covariate_region_mean
2023-02-13,SHG,0.0,censored_likelihood_pressure_index,joint_covariate_region_mean
2023-02-14,BDH,0.0,censored_likelihood_pressure_index,joint_covariate_region_mean
2023-02-14,HGA,0.9197201887988276,censored_likelihood_pressure_index,joint_covariate_region_mean
2023-02-14,SHG,0.0,censored_likelihood_pressure_index,joint_covariate_region_mean
2023-02-15,BDH,0.0,censored_likelihood_pressure_index,joint_covariate_region_mean
2023-02-15,HGA,0.88783019888684,censored_likelihood_pressure_index,joint_covariate_region_mean
2023-02-15,SHG,0.0,censored_likelihood_pressure_index,joint_covariate_region_mean
2023-02-16,BDH,0.0,censored_likelihood_pressure_index,joint_covariate_region_mean
2023-02-16,HGA,0.9103987534844178,censored_likelihood_pressure_index,joint_covariate_region_mean
2023-02-16,SHG,0.0,censored_likelihood_pressure_index,joint_covariate_region_mean
2023-02-17,BDH,0.13375551458394566,censored_likelihood_pressure_index,joint_covariate_region_mean
2023-02-17,HGA,1.2692441231806426,censored_likelihood_pressure_index,joint_covariate_region_mean
2023-02-17,SHG,0.0,censored_likelihood_pressure_index,joint_covariate_region_mean
2023-02-18,BDH,0.20893522757763439,censored_likelihood_pressure_index,joint_covariate_region_mean
2023-02-18,HGA,1.4197184712202557,censored_likelihood_pressure_index,joint_covariate_region_mean
2023-02-18,SHG,0.0,censored_likelihood_pressure_index,joint_covariate_region_mean
2023-02-19,BDH,0.26133840466265573,censored_likelihood_pressure_index,joint_covariate_region_mean
2023-02-19,HGA,1.5246049305199203,censored_likelihood_pressure_index,joint_covariate_region_mean
2023-02-19,SHG,0.016663632856722288,censored_likelihood_pressure_index,joint_covariate_region_mean
2023-02-20,BDH,0.0,censored_likelihood_pressure_index,joint_covariate_region_mean
2023-02-20,HGA,0.9398930922959159,censored_likelihood_pressure_index,joint_covariate_region_mean
2023-02-20,SHG,0.0,censored_likelihood_pressure_index,joint_covariate_region_mean
2023-02-21,BDH,0.0,censored_likelihood_pressure_index,joint_covariate_region_mean
2023-02-21,HGA,0.9054827445459142,censored_likelihood_pressure_index,joint_covariate_region_mean
2023-02-21,SHG,0.0,censored_likelihood_pressure_index,joint_covariate_region_mean
2023-02-22,BDH,0.17880220730711183,censored_likelihood_pressure_index,joint_covariate_region_mean
2023-02-22,HGA,1.3594063684053386,censored_likelihood_pressure_index,joint_covariate_region_mean
2023-02-22,SHG,0.0,censored_likelihood_pressure_index,joint_covariate_region_mean
2023-02-23,BDH,0.0428857441191758,censored_likelihood_pressure_index,joint_covariate_region_mean
2023-02-23,HGA,1.0873656758880408,censored_likelihood_pressure_index,joint_covariate_region_mean
2023-02-23,SHG,0.0,censored_likelihood_pressure_index,joint_covariate_region_mean
2023-02-24,BDH,0.01203879098422765,censored_likelihood_pressure_index,joint_covariate_region_mean
2023-02-24,HGA,1.025624616004246,censored_likelihood_pressure_index,joint_covariate_region_mean
2023-02-24,SHG,0.0,censored_likelihood_pressure_index,joint_covariate_region_mean
2023-02-25,BDH,0.25653278917245065,censored_likelihood_pressure_index,joint_covariate_region_mean
2023-02-25,HGA,1.5149863535259058,censored_likelihood_pressure_index,joint_covariate_region_mean
2023-02-25,SHG,0.012790211985428724,censored_likelihood_pressure_index,joint_covariate_region_mean
2023-02-26,BDH,0.2729987265764803,censored_likelihood_pressure_index,joint_covariate_region_mean
2023-02-26,HGA,1.5479433986790374,censored_likelihood_pressure_index,joint_covariate_region_mean
2023-02-26,SHG,0.026062082308008282,censored_likelihood_pressure_index,joint_covariate_region_mean
2023-02-27,BDH,0.0917312251035162,censored_likelihood_pressure_index,joint_covariate_region_mean
2023-02-27,HGA,1.1851313045812093,censored_likelihood_pressure_index,joint_covariate_region_mean
2023-02-27,SHG,0.0,censored_likelihood_pressure_index,joint_covariate_region_mean
2023-02-28,BDH,0.0,censored_likelihood_pressure_index,joint_covariate_region_mean
2023-02-28,HGA,0.9904253663545799,censored_likelihood_pressure_index,joint_covariate_region_mean
2023-02-28,SHG,0.0,censored_likelihood_pressure_index,joint_covariate_region_mean
2023-03-01,BDH,0.023133115593824874,censored_likelihood_pressure_index,joint_covariate_region_mean
2023-03-01,HGA,1.04783022435379,censored_likelihood_pressure_index,joint_covariate_region_mean
2023-03-01,SHG,0.0,censored_likelihood_pressure_index,joint_covariate_region_mean
2023-03-02,BDH,0.012447630599342625,censored_likelihood_pressure_index,joint_covariate_region_mean
2023-03-02,HGA,1.026442920199453,censored_likelihood_pressure_index,joint_covariate_region_mean
2023-03-02,SHG,0.0,censored_likelihood_pressure_index,joint_covariate_region_mean
2023-03-03,BDH,0.0,censored_likelihood_pressure_index,joint_covariate_region_mean
2023-03-03,HGA,0.9844194797393582,censored_likelihood_pressure_index,joint_covariate_region_mean
2023-03-03,SHG,0.0,censored_likelihood_pressure_index,joint_covariate_region_mean
2023-03-04,BDH,0.21085389821726272,censored_likelihood_pressure_index,joint_covariate_region_mean
2023-03-04,HGA,1.423558745439247,censored_likelihood_pressure_index,joint_covariate_region_mean
2023-03-04,SHG,0.0,censored_likelihood_pressure_index,joint_covariate_region_mean
2023-03-05,BDH,0.1555096783244743,censored_likelihood_pressure_index,joint_covariate_region_mean
2023-03-05,HGA,1.3127857047543556,censored_likelihood_pressure_index,joint_covariate_region_mean
2023-03-05,SHG,0.0,censored_likelihood_pressure_index,joint_covariate_region_mean
2023-03-06,BDH,0.12663700289707983,censored_likelihood_pressure_index,joint_covariate_region_mean
2023-03-06,HGA,1.2549962182280998,censored_likelihood_pressure_index,joint_covariate_region_mean
2023-03-06,SHG,0.0,censored_likelihood_pressure_index,joint_covariate_region_mean
2023-03-07,BDH,0.0,censored_likelihood_pressure_index,joint_covariate_region_mean
2023-03-07,HGA,0.8900196924141841,censored_likelihood_pressure_index,joint_covariate_region_mean
2023-03-07,SHG,0.0,censored_likelihood_pressure_index,joint_covariate_region_mean
2023-03-08,BDH,0.0,censored_likelihood_pressure_index,joint_covariate_region_mean
2023-03-08,HGA,0.9608226158743807,censored_likelihood_pressure_index,joint_covariate_region_mean
2023-03-08,SHG,0.0,censored_likelihood_pressure_index,joint_covariate_region_mean
2023-03-09,BDH,0.0,censored_likelihood_pressure_index,joint_covariate_region_mean
2023-03-09,HGA,0.9684701785974192,censored_likelihood_pressure_index,joint_covariate_region_mean
2023-03-09,SHG,0.0,censored_likelihood_pressure_index,joint_covariate_region_mean
2023-03-10,BDH,0.00016449338400806844,censored_likelihood_pressure_index,joint_covariate_region_mean
2023-03-10,HGA,1.001857869382436,censored_likelihood_pressure_index,joint_covariate_region_mean
2023-03-10,SHG,0.0,censored_likelihood_pressure_index,joint_covariate_region_mean
2023-03-11,BDH,0.17698836706916704,censored_likelihood_pressure_index,joint_covariate_region_mean
2023-03-11,HGA,1.3557759152367335,censored_likelihood_pressure_index,joint_covariate_region_mean
2023-03-11,SHG,0.0,censored_likelihood_pressure_index,joint_covariate_region_mean
2023-03-12,BDH,0.1896364858365505,censored_likelihood_pressure_index,joint_covariate_region_mean
2023-03-12,HGA,1.381091487080023,censored_likelihood_pressure_index,joint_covariate_region_mean
2023-03-12,SHG,0.0,censored_likelihood_pressure_index,joint_covariate_region_mean
2023-03-13,BDH,0.0,censored_likelihood_pressure_index,joint_covariate_region_mean
2023-03-13,HGA,0.9552721846939314,censored_likelihood_pressure_index,joint_covariate_region_mean
2023-03-13,SHG,0.0,censored_likelihood_pressure_index,joint_covariate_region_mean
2023-03-14,BDH,0.0,censored_likelihood_pressure_index,joint_covariate_region_mean
2023-03-14,HGA,0.9402002156860851,censored_likelihood_pressure_index,joint_covariate_region_mean
2023-03-14,SHG,0.0,censored_likelihood_pressure_index,joint_covariate_region_mean
2023-03-15,BDH,0.0,censored_likelihood_pressure_index,joint_covariate_region_mean
2023-03-15,HGA,0.9428647447118692,censored_likelihood_pressure_index,joint_covariate_region_mean
2023-03-15,SHG,0.0,censored_likelihood_pressure_index,joint_covariate_region_mean
2023-03-16,BDH,0.0,censored_likelihood_pressure_index,joint_covariate_region_mean
2023-03-16,HGA,0.9536799766133592,censored_likelihood_pressure_index,joint_covariate_region_mean
2023-03-16,SHG,0.0,censored_likelihood_pressure_index,joint_covariate_region_mean
2023-03-17,BDH,0.0,censored_likelihood_pressure_index,joint_covariate_region_mean
2023-03-17,HGA,0.9769185429046479,censored_likelihood_pressure_index,joint_covariate_region_mean
2023-03-17,SHG,0.0,censored_likelihood_pressure_index,joint_covariate_region_mean
2023-03-18,BDH,0.21299288159445198,censored_likelihood_pressure_index,joint_covariate_region_mean
2023-03-18,HGA,1.4278399819102767,censored_likelihood_pressure_index,joint_covariate_region_mean
2023-03-18,SHG,0.0,censored_likelihood_pressure_index,joint_covariate_region_mean
2023-03-19,BDH,0.21007392508679243,censored_likelihood_pressure_index,joint_covariate_region_mean
2023-03-19,HGA,1.4219976068870714,censored_likelihood_pressure_index,joint_covariate_region_mean
2023-03-19,SHG,0.0,censored_likelihood_pressure_index,joint_covariate_region_mean
2023-03-20,BDH,0.0032014469771016237,censored_likelihood_pressure_index,joint_covariate_region_mean
2023-03-20,HGA,1.0079364189505315,censored_likelihood_pressure_index,joint_covariate_region_mean
2023-03-20,SHG,0.0,censored_likelihood_pressure_index,joint_covariate_region_mean
2023-03-21,BDH,0.0,censored_likelihood_pressure_index,joint_covariate_region_mean
2023-03-21,HGA,0.9038814891838589,censored_likelihood_pressure_index,joint_covariate_region_mean
2023-03-21,SHG,0.0,censored_likelihood_pressure_index,joint_covariate_region_mean
2023-03-22,BDH,0.0,censored_likelihood_pressure_index,joint_covariate_region_mean
2023-03-22,HGA,0.9367572781652918,censored_likelihood_pressure_index,joint_covariate_region_mean
2023-03-22,SHG,0.0,censored_likelihood_pressure_index,joint_covariate_region_mean
2023-03-23,BDH,0.0,censored_likelihood_pressure_index,joint_covariate_region_mean
2023-03-23,HGA,0.973242655204756,censored_likelihood_pressure_index,joint_covariate_region_mean
2023-03-23,SHG,0.0,censored_likelihood_pressure_index,joint_covariate_region_mean
2023-03-24,BDH,0.0,censored_likelihood_pressure_index,joint_covariate_region_mean
2023-03-24,HGA,0.937839715870624,censored_likelihood_pressure_index,joint_covariate_region_mean
2023-03-24,SHG,0.0,censored_likelihood_pressure_index,joint_covariate_region_mean
2023-03-25,BDH,0.15441068458859142,censored_likelihood_pressure_index,joint_covariate_region_mean
2023-03-25,HGA,1.3105860373265155,censored_likelihood_pressure_index,joint_covariate_region_mean
2023-03-25,SHG,0.0,censored_likelihood_pressure_index,joint_covariate_region_mean
2023-03-26,BDH,0.15045191260933674,censored_likelihood_pressure_index,joint_covariate_region_mean
2023-03-26,HGA,1.3026624418657846,censored_likelihood_pressure_index,joint_covariate_region_mean
2023-03-26,SHG,0.0,censored_likelihood_pressure_index,joint_covariate_region_mean
2023-03-27,BDH,0.0,censored_likelihood_pressure_index,joint_covariate_region_mean
2023-03-27,HGA,0.9480463521900204,censored_likelihood_pressure_index,joint_covariate_region_mean
2023-03-27,SHG,0.0,censored_likelihood_pressure_index,joint_covariate_region_mean
2023-03-28,BDH,0.0,censored_likelihood_pressure_index,joint_covariate_region_mean
2023-03-28,HGA,0.9356547787364153,censored_likelihood_pressure_index,joint_covariate_region_mean
2023-03-28,SHG,0.0,censored_likelihood_pressure_index,joint_covariate_region_mean
2023-03-29,BDH,0.005955376303929068,censored_likelihood_pressure_index,joint_covariate_region_mean
2023-03-29,HGA,1.0134484873463805,censored_likelihood_pressure_index,joint_covariate_region_mean
2023-03-29,SHG,0.0,censored_likelihood_pressure_index,joint_covariate_region_mean
2023-03-30,BDH,0.0009306139773497003,censored_likelihood_pressure_index,joint_covariate_region_mean
2023-03-30,HGA,1.0033912816849342,censored_likelihood_pressure_index,joint_covariate_region_mean
2023-03-30,SHG,0.0,censored_likelihood_pressure_index,joint_covariate_region_mean
2023-03-31,BDH,0.013824316540428419,censored_likelihood_pressure_index,joint_covariate_region_mean
2023-03-31,HGA,1.0291983965266578,censored_likelihood_pressure_index,joint_covariate_region_mean
2023-03-31,SHG,0.0,censored_likelihood_pressure_index,joint_covariate_region_mean
2023-04-01,BDH,0.22177614981864488,censored_likelihood_pressure_index,joint_covariate_region_mean
2023-04-01,HGA,1.445419944736198,censored_likelihood_pressure_index,joint_covariate_region_mean
2023-04-01,SHG,0.0,censored_likelihood_pressure_index,joint_covariate_region_mean
2023-04-02,BDH,0.22508448184092264,censored_likelihood_pressure_index,joint_covariate_region_mean
2023-04-02,HGA,1.452041666000186,censored_likelihood_pressure_index,joint_covariate_region_mean
2023-04-02,SHG,0.0,censored_likelihood_pressure_index,joint_covariate_region_mean
2023-04-03,BDH,0.0,censored_likelihood_pressure_index,joint_covariate_region_mean
2023-04-03,HGA,0.9889989231132508,censored_likelihood_pressure_index,joint_covariate_region_mean
2023-04-03,SHG,0.0,censored_likelihood_pressure_index,joint_covariate_region_mean
2023-04-04,BDH,0.0,censored_likelihood_pressure_index,joint_covariate_region_mean
2023-04-04,HGA,0.8478440629229045,censored_likelihood_pressure_index,joint_covariate_region_mean
2023-04-04,SHG,0.0,censored_likelihood_pressure_index,joint_covariate_region_mean
2023-04-05,BDH,0.3688757359728951,censored_likelihood_pressure_index,joint_covariate_region_mean
2023-04-05,HGA,1.7398439780564092,censored_likelihood_pressure_index,joint_covariate_region_mean
2023-04-05,SHG,0.10334084296420726,censored_likelihood_pressure_index,joint_covariate_region_mean
2023-04-06,BDH,0.008682331014047874,censored_likelihood_pressure_index,joint_covariate_region_mean
2023-04-06,HGA,1.0189065652745728,censored_likelihood_pressure_index,joint_covariate_region_mean
2023-04-06,SHG,0.0,censored_likelihood_pressure_index,joint_covariate_region_mean
2023-04-07,BDH,0.03177347531300174,censored_likelihood_pressure_index,joint_covariate_region_mean
2023-04-07,HGA,1.0651241517152847,censored_likelihood_pressure_index,joint_covariate_region_mean
2023-04-07,SHG,0.0,censored_likelihood_pressure_index,joint_covariate_region_mean
2023-04-08,BDH,0.23349214962236362,censored_likelihood_pressure_index,joint_covariate_region_mean
2023-04-08,HGA,1.4688698537860612,censored_likelihood_pressure_index,joint_covariate_region_mean
2023-04-08,SHG,0.0,censored_likelihood_pressure_index,joint_covariate_region_mean
2023-04-09,BDH,0.25614959764020223,censored_likelihood_pressure_index,joint_covariate_region_mean
2023-04-09,HGA,1.514219384702891,censored_likelihood_pressure_index,joint_covariate_region_mean
2023-04-09,SHG,0.01248135205234857,censored_likelihood_pressure_index,joint_covariate_region_mean
2023-04-10,BDH,0.024857999116147837,censored_likelihood_pressure_index,joint_covariate_region_mean
2023-04-10,HGA,1.0512826281091439,censored_likelihood_pressure_index,joint_covariate_region_mean
2023-04-10,SHG,0.0,censored_likelihood_pressure_index,joint_covariate_region_mean
2023-04-11,BDH,0.06369345831577045,censored_likelihood_pressure_index,joint_covariate_region_mean
2023-04-11,HGA,1.1290129116016172,censored_likelihood_pressure_index,joint_covariate_region_mean
2023-04-11,SHG,0.0,censored_likelihood_pressure_index,joint_covariate_region_mean
2023-04-12,BDH,0.06924154322873827,censored_likelihood_pressure_index,joint_covariate_region_mean
2023-04-12,HGA,1.1401175624030548,censored_likelihood_pressure_index,joint_covariate_region_mean
2023-04-12,SHG,0.0,censored_likelihood_pressure_index,joint_covariate_region_mean
2023-04-13,BDH,0.07421765377381888,censored_likelihood_pressure_index,joint_covariate_region_mean
2023-04-13,HGA,1.1500773901308743,censored_likelihood_pressure_index,joint_covariate_region_mean
2023-04-13,SHG,0.0,censored_likelihood_pressure_index,joint_covariate_region_mean
2023-04-14,BDH,0.06524980475411082,censored_likelihood_pressure_index,joint_covariate_region_mean
2023-04-14,HGA,1.1321279835579667,censored_likelihood_pressure_index,joint_covariate_region_mean
2023-04-14,SHG,0.0,censored_likelihood_pressure_index,joint_covariate_region_mean
2023-04-15,BDH,0.3366444205987474,censored_likelihood_pressure_index,joint_covariate_region_mean
2023-04-15,HGA,1.6753320775149536,censored_likelihood_pressure_index,joint_covariate_region_mean
2023-04-15,SHG,0.07736176704064844,censored_likelihood_pressure_index,joint_covariate_region_mean
2023-04-16,BDH,0.31926455166383,censored_likelihood_pressure_index,joint_covariate_region_mean
2023-04-16,HGA,1.6405457722358259,censored_likelihood_pressure_index,joint_covariate_region_mean
2023-04-16,SHG,0.06335324987774432,censored_likelihood_pressure_index,joint_covariate_region_mean
2023-04-17,BDH,0.04062268754084836,censored_likelihood_pressure_index,joint_covariate_region_mean
2023-04-17,HGA,1.0828361033525726,censored_likelihood_pressure_index,joint_covariate_region_mean
2023-04-17,SHG,0.0,censored_likelihood_pressure_index,joint_covariate_region_mean
2023-04-18,BDH,0.1193530751323854,censored_likelihood_pressure_index,joint_covariate_region_mean
2023-04-18,HGA,1.2404172282597288,censored_likelihood_pressure_index,joint_covariate_region_mean
2023-04-18,SHG,0.0,censored_likelihood_pressure_index,joint_covariate_region_mean
2023-04-19,BDH,0.12048349255603183,censored_likelihood_pressure_index,joint_covariate_region_mean
2023-04-19,HGA,1.242679791098324,censored_likelihood_pressure_index,joint_covariate_region_mean
2023-04-19,SHG,0.0,censored_likelihood_pressure_index,joint_covariate_region_mean
2023-04-20,BDH,0.10735217849635598,censored_likelihood_pressure_index,joint_covariate_region_mean
2023-04-20,HGA,1.2163970900430674,censored_likelihood_pressure_index,joint_covariate_region_mean
2023-04-20,SHG,0.0,censored_likelihood_pressure_index,joint_covariate_region_mean
2023-04-21,BDH,0.08961290273014552,censored_likelihood_pressure_index,joint_covariate_region_mean
2023-04-21,HGA,1.180891421700871,censored_likelihood_pressure_index,joint_covariate_region_mean
2023-04-21,SHG,0.0,censored_likelihood_pressure_index,joint_covariate_region_mean
2023-04-22,BDH,0.31358154165389157,censored_likelihood_pressure_index,joint_covariate_region_mean
2023-04-22,HGA,1.6291710649897388,censored_likelihood_pressure_index,joint_covariate_region_mean
2023-04-22,SHG,0.05877263171777452,censored_likelihood_pressure_index,joint_covariate_region_mean
2023-04-23,BDH,0.3028383716650771,censored_likelihood_pressure_index,joint_covariate_region_mean
2023-04-23,HGA,1.607668302667657,censored_likelihood_pressure_index,joint_covariate_region_mean
2023-04-23,SHG,0.05011342480799481,censored_likelihood_pressure_index,joint_covariate_region_mean
2023-04-24,BDH,0.13607682945311128,censored_likelihood_pressure_index,joint_covariate_region_mean
2023-04-24,HGA,1.2738903013532257,censored_likelihood_pressure_index,joint_covariate_region_mean
2023-04-24,SHG,0.0,censored_likelihood_pressure_index,joint_covariate_region_mean
2023-04-25,BDH,0.1320613108326001,censored_likelihood_pressure_index,joint_covariate_region_mean
2023-04-25,HGA,1.2658531258652976,censored_likelihood_pressure_index,joint_covariate_region_mean
2023-04-25,SHG,0.0,censored_likelihood_pressure_index,joint_covariate_region_mean
2023-04-26,BDH,0.10946634752668379,censored_likelihood_pressure_index,joint_covariate_region_mean
2023-04-26,HGA,1.2206286598883902,censored_likelihood_pressure_index,joint_covariate_region_mean
2023-04-26,SHG,0.0,censored_likelihood_pressure_index,joint_covariate_region_mean
2023-04-27,BDH,0.1372826501647015,censored_likelihood_pressure_index,joint_covariate_region_mean
2023-04-27,HGA,1.2763037860315252,censored_likelihood_pressure_index,joint_covariate_region_mean
2023-04-27,SHG,0.0,censored_likelihood_pressure_index,joint_covariate_region_mean
2023-04-28,BDH,0.12678326269778092,censored_likelihood_pressure_index,joint_covariate_region_mean
2023-04-28,HGA,1.2552889614067917,censored_likelihood_pressure_index,joint_covariate_region_mean
2023-04-28,SHG,0.0,censored_likelihood_pressure_index,joint_covariate_region_mean
2023-04-29,BDH,1.0316864510262818,censored_likelihood_pressure_index,joint_covariate_region_mean
2023-04-29,HGA,3.066478601278515,censored_likelihood_pressure_index,joint_covariate_region_mean
2023-04-29,SHG,0.6375793526072719,censored_likelihood_pressure_index,joint_covariate_region_mean
2023-04-30,BDH,1.6099583305861112,censored_likelihood_pressure_index,joint_covariate_region_mean
2023-04-30,HGA,4.223906324814942,censored_likelihood_pressure_index,joint_covariate_region_mean
2023-04-30,SHG,1.1036778933945217,censored_likelihood_pressure_index,joint_covariate_region_mean
2023-05-01,BDH,1.049205546107284,censored_likelihood_pressure_index,joint_covariate_region_mean
2023-05-01,HGA,3.1015435716752373,censored_likelihood_pressure_index,joint_covariate_region_mean
2023-05-01,SHG,0.6517000887900235,censored_likelihood_pressure_index,joint_covariate_region_mean
2023-05-02,BDH,0.8919790169187061,censored_likelihood_pressure_index,joint_covariate_region_mean
2023-05-02,HGA,2.786850171925645,censored_likelihood_pressure_index,joint_covariate_region_mean
2023-05-02,SHG,0.5249724051204978,censored_likelihood_pressure_index,joint_covariate_region_mean
2023-05-03,BDH,0.783075113167361,censored_likelihood_pressure_index,joint_covariate_region_mean
2023-05-03,HGA,2.5688758905217224,censored_likelihood_pressure_index,joint_covariate_region_mean
2023-05-03,SHG,0.4371937106711419,censored_likelihood_pressure_index,joint_covariate_region_mean
2023-05-04,BDH,0.08453306702506178,censored_likelihood_pressure_index,joint_covariate_region_mean
2023-05-04,HGA,1.1707239850955329,censored_likelihood_pressure_index,joint_covariate_region_mean
2023-05-04,SHG,0.0,censored_likelihood_pressure_index,joint_covariate_region_mean
2023-05-05,BDH,0.05247619859835541,censored_likelihood_pressure_index,joint_covariate_region_mean
2023-05-05,HGA,1.1065612451140003,censored_likelihood_pressure_index,joint_covariate_region_mean
2023-05-05,SHG,0.0,censored_likelihood_pressure_index,joint_covariate_region_mean
2023-05-06,BDH,0.31397942595871314,censored_likelihood_pressure_index,joint_covariate_region_mean
2023-05-06,HGA,1.6299674418177301,censored_likelihood_pressure_index,joint_covariate_region_mean
2023-05-06,SHG,0.05909333431534967,censored_likelihood_pressure_index,joint_covariate_region_mean
2023-05-07,BDH,0.35445861763594594,censored_likelihood_pressure_index,joint_covariate_region_mean
2023-05-07,HGA,1.7109877029261158,censored_likelihood_pressure_index,joint_covariate_region_mean
2023-05-07,SHG,0.09172036122069918,censored_likelihood_pressure_index,joint_covariate_region_mean
2023-05-08,BDH,0.12218654904350511,censored_likelihood_pressure_index,joint_covariate_region_mean
2023-05-08,HGA,1.2460885074184929,censored_likelihood_pressure_index,joint_covariate_region_mean
2023-05-08,SHG,0.0,censored_likelihood_pressure_index,joint_covariate_region_mean
2023-05-09,BDH,0.07573437463823349,censored_likelihood_pressure_index,joint_covariate_region_mean
2023-05-09,HGA,1.1531131503664853,censored_likelihood_pressure_index,joint_covariate_region_mean
2023-05-09,SHG,0.0,censored_likelihood_pressure_index,joint_covariate_region_mean
2023-05-10,BDH,0.12494770092112478,censored_likelihood_pressure_index,joint_covariate_region_mean
2023-05-10,HGA,1.251615031956543,censored_likelihood_pressure_index,joint_covariate_region_mean
2023-05-10,SHG,0.0,censored_likelihood_pressure_index,joint_covariate_region_mean
2023-05-11,BDH,0.07536532192443782,censored_likelihood_pressure_index,joint_covariate_region_mean
2023-05-11,HGA,1.152374480793414,censored_likelihood_pressure_index,joint_covariate_region_mean
2023-05-11,SHG,0.0,censored_likelihood_pressure_index,joint_covariate_region_mean
2023-05-12,BDH,0.08889378360605156,censored_likelihood_pressure_index,joint_covariate_region_mean
2023-05-12,HGA,1.1794520841847786,censored_likelihood_pressure_index,joint_covariate_region_mean
2023-05-12,SHG,0.0,censored_likelihood_pressure_index,joint_covariate_region_mean
2023-05-13,BDH,0.30135120978885227,censored_likelihood_pressure_index,joint_covariate_region_mean
2023-05-13,HGA,1.6046917055932166,censored_likelihood_pressure_index,joint_covariate_region_mean
2023-05-13,SHG,0.048914743002906116,censored_likelihood_pressure_index,joint_covariate_region_mean
2023-05-14,BDH,0.288445520187219,censored_likelihood_pressure_index,joint_covariate_region_mean
2023-05-14,HGA,1.578860598350623,censored_likelihood_pressure_index,joint_covariate_region_mean
2023-05-14,SHG,0.03851250263155479,censored_likelihood_pressure_index,joint_covariate_region_mean
2023-05-15,BDH,0.060733696262152456,censored_likelihood_pressure_index,joint_covariate_region_mean
2023-05-15,HGA,1.1230888631098659,censored_likelihood_pressure_index,joint_covariate_region_mean
2023-05-15,SHG,0.0,censored_likelihood_pressure_index,joint_covariate_region_mean
2023-05-16,BDH,0.07026091755771438,censored_likelihood_pressure_index,joint_covariate_region_mean
2023-05-16,HGA,1.1421578693083752,censored_likelihood_pressure_index,joint_covariate_region_mean
2023-05-16,SHG,0.0,censored_likelihood_pressure_index,joint_covariate_region_mean
2023-05-17,BDH,0.08392913329985689,censored_likelihood_pressure_index,joint_covariate_region_mean
2023-05-17,HGA,1.1695151944532092,censored_likelihood_pressure_index,joint_covariate_region_mean
2023-05-17,SHG,0.0,censored_likelihood_pressure_index,joint_covariate_region_mean
2023-05-18,BDH,0.0853324835666862,censored_likelihood_pressure_index,joint_covariate_region_mean
2023-05-18,HGA,1.1723240401918211,censored_likelihood_pressure_index,joint_covariate_region_mean
2023-05-18,SHG,0.0,censored_likelihood_pressure_index,joint_covariate_region_mean
2023-05-19,BDH,0.059615823691063385,censored_likelihood_pressure_index,joint_covariate_region_mean
2023-05-19,HGA,1.1208514091528374,censored_likelihood_pressure_index,joint_covariate_region_mean
2023-05-19,SHG,0.0,censored_likelihood_pressure_index,joint_covariate_region_mean
2023-05-20,BDH,0.2827224838773735,censored_likelihood_pressure_index,joint_covariate_region_mean
2023-05-20,HGA,1.567405777319272,censored_likelihood_pressure_index,joint_covariate_region_mean
2023-05-20,SHG,0.03389962248437922,censored_likelihood_pressure_index,joint_covariate_region_mean
2023-05-21,BDH,0.2587421096984367,censored_likelihood_pressure_index,joint_covariate_region_mean
2023-05-21,HGA,1.519408371814087,censored_likelihood_pressure_index,joint_covariate_region_mean
2023-05-21,SHG,0.01457096790611652,censored_likelihood_pressure_index,joint_covariate_region_mean
2023-05-22,BDH,0.03793718941826225,censored_likelihood_pressure_index,joint_covariate_region_mean
2023-05-22,HGA,1.0774610019712774,censored_likelihood_pressure_index,joint_covariate_region_mean
2023-05-22,SHG,0.0,censored_likelihood_pressure_index,joint_covariate_region_mean
2023-05-23,BDH,0.04795003180814061,censored_likelihood_pressure_index,joint_covariate_region_mean
2023-05-23,HGA,1.0975019926939584,censored_likelihood_pressure_index,joint_covariate_region_mean
2023-05-23,SHG,0.0,censored_likelihood_pressure_index,joint_covariate_region_mean
2023-05-24,BDH,0.06284011597840239,censored_likelihood_pressure_index,joint_covariate_region_mean
2023-05-24,HGA,1.1273049224811897,censored_likelihood_pressure_index,joint_covariate_region_mean
2023-05-24,SHG,0.0,censored_likelihood_pressure_index,joint_covariate_region_mean
2023-05-25,BDH,0.06404425749219814,censored_likelihood_pressure_index,joint_covariate_region_mean
2023-05-25,HGA,1.1297150461970262,censored_likelihood_pressure_index,joint_covariate_region_mean
2023-05-25,SHG,0.0,censored_likelihood_pressure_index,joint_covariate_region_mean
2023-05-26,BDH,0.05582913349490474,censored_likelihood_pressure_index,joint_covariate_region_mean
2023-05-26,HGA,1.1132722403078752,censored_likelihood_pressure_index,joint_covariate_region_mean
2023-05-26,SHG,0.0,censored_likelihood_pressure_index,joint_covariate_region_mean
2023-05-27,BDH,0.28080749771553004,censored_likelihood_pressure_index,joint_covariate_region_mean
2023-05-27,HGA,1.563572877688058,censored_likelihood_pressure_index,joint_covariate_region_mean
2023-05-27,SHG,0.03235610586665536,censored_likelihood_pressure_index,joint_covariate_region_mean
2023-05-28,BDH,0.26552655028436517,censored_likelihood_pressure_index,joint_covariate_region_mean
2023-05-28,HGA,1.5329876238932587,censored_likelihood_pressure_index,joint_covariate_region_mean
2023-05-28,SHG,0.020039360835003288,censored_likelihood_pressure_index,joint_covariate_region_mean
2023-05-29,BDH,0.04823846489066119,censored_likelihood_pressure_index,joint_covariate_region_mean
2023-05-29,HGA,1.0980792997667987,censored_likelihood_pressure_index,joint_covariate_region_mean
2023-05-29,SHG,0.0,censored_likelihood_pressure_index,joint_covariate_region_mean
2023-05-30,BDH,0.04800910275614966,censored_likelihood_pressure_index,joint_covariate_region_mean
2023-05-30,HGA,1.0976202248876685,censored_likelihood_pressure_index,joint_covariate_region_mean
2023-05-30,SHG,0.0,censored_likelihood_pressure_index,joint_covariate_region_mean
2023-05-31,BDH,0.05963621801489743,censored_likelihood_pressure_index,joint_covariate_region_mean
2023-05-31,HGA,1.1208922289759045,censored_likelihood_pressure_index,joint_covariate_region_mean
2023-05-31,SHG,0.0,censored_likelihood_pressure_index,joint_covariate_region_mean
2023-06-01,BDH,0.06248596486315609,censored_likelihood_pressure_index,joint_covariate_region_mean
2023-06-01,HGA,1.1265960788842655,censored_likelihood_pressure_index,joint_covariate_region_mean
2023-06-01,SHG,0.0,censored_likelihood_pressure_index,joint_covariate_region_mean
2023-06-02,BDH,0.047318426236669944,censored_likelihood_pressure_index,joint_covariate_region_mean
2023-06-02,HGA,1.0962378160590567,censored_likelihood_pressure_index,joint_covariate_region_mean
2023-06-02,SHG,0.0,censored_likelihood_pressure_index,joint_covariate_region_mean
2023-06-03,BDH,0.2803054918880734,censored_likelihood_pressure_index,joint_covariate_region_mean
2023-06-03,HGA,1.5625680986513921,censored_likelihood_pressure_index,joint_covariate_region_mean
2023-06-03,SHG,0.03195147926813857,censored_likelihood_pressure_index,joint_covariate_region_mean
2023-06-04,BDH,0.32580594319335604,censored_likelihood_pressure_index,joint_covariate_region_mean
2023-06-04,HGA,1.653638554669831,censored_likelihood_pressure_index,joint_covariate_region_mean
2023-06-04,SHG,0.06862574047325969,censored_likelihood_pressure_index,joint_covariate_region_mean
2023-06-05,BDH,0.08875997180448708,censored_likelihood_pressure_index,joint_covariate_region_mean
2023-06-05,HGA,1.1791842560327597,censored_likelihood_pressure_index,joint_covariate_region_mean
2023-06-05,SHG,0.0,censored_likelihood_pressure_index,joint_covariate_region_mean
2023-06-06,BDH,0.12355751966746074,censored_likelihood_pressure_index,joint_covariate_region_mean
2023-06-06,HGA,1.2488325443748258,censored_likelihood_pressure_index,joint_covariate_region_mean
2023-06-06,SHG,0.0,censored_likelihood_pressure_index,joint_covariate_region_mean
2023-06-07,BDH,0.10078841588850655,censored_likelihood_pressure_index,joint_covariate_region_mean
2023-06-07,HGA,1.2032595312552883,censored_likelihood_pressure_index,joint_covariate_region_mean
2023-06-07,SHG,0.0,censored_likelihood_pressure_index,joint_covariate_region_mean
2023-06-08,BDH,0.12637745960411265,censored_likelihood_pressure_index,joint_covariate_region_mean
2023-06-08,HGA,1.2544767348961994,censored_likelihood_pressure_index,joint_covariate_region_mean
2023-06-08,SHG,0.0,censored_likelihood_pressure_index,joint_covariate_region_mean
2023-06-09,BDH,0.12774950439516208,censored_likelihood_pressure_index,joint_covariate_region_mean
2023-06-09,HGA,1.257222921828725,censored_likelihood_pressure_index,joint_covariate_region_mean
2023-06-09,SHG,0.0,censored_likelihood_pressure_index,joint_covariate_region_mean
2023-06-10,BDH,0.37717793264363064,censored_likelihood_pressure_index,joint_covariate_region_mean
2023-06-10,HGA,1.7564610623944468,censored_likelihood_pressure_index,joint_covariate_region_mean
2023-06-10,SHG,0.11003257723374164,censored_likelihood_pressure_index,joint_covariate_region_mean
2023-06-11,BDH,0.3458553395947931,censored_likelihood_pressure_index,joint_covariate_region_mean
2023-06-11,HGA,1.693767995604878,censored_likelihood_pressure_index,joint_covariate_region_mean
2023-06-11,SHG,0.0847859494280652,censored_likelihood_pressure_index,joint_covariate_region_mean
2023-06-12,BDH,0.1301547596522415,censored_likelihood_pressure_index,joint_covariate_region_mean
2023-06-12,HGA,1.262037109091029,censored_likelihood_pressure_index,joint_covariate_region_mean
2023-06-12,SHG,0.0,censored_likelihood_pressure_index,joint_covariate_region_mean
2023-06-13,BDH,0.16419267171795635,censored_likelihood_pressure_index,joint_covariate_region_mean
2023-06-13,HGA,1.3301649646356242,censored_likelihood_pressure_index,joint_covariate_region_mean
2023-06-13,SHG,0.0,censored_likelihood_pressure_index,joint_covariate_region_mean
2023-06-14,BDH,0.12015531511654444,censored_likelihood_pressure_index,joint_covariate_region_mean
2023-06-14,HGA,1.2420229345570881,censored_likelihood_pressure_index,joint_covariate_region_mean
2023-06-14,SHG,0.0,censored_likelihood_pressure_index,joint_covariate_region_mean
2023-06-15,BDH,0.02248328154843258,censored_likelihood_pressure_index,joint_covariate_region_mean
2023-06-15,HGA,1.0465295629064317,censored_likelihood_pressure_index,joint_covariate_region_mean
2023-06-15,SHG,0.0,censored_likelihood_pressure_index,joint_covariate_region_mean
2023-06-16,BDH,0.1345268078272432,censored_likelihood_pressure_index,joint_covariate_region_mean
2023-06-16,HGA,1.2707878886901263,censored_likelihood_pressure_index,joint_covariate_region_mean
2023-06-16,SHG,0.0,censored_likelihood_pressure_index,joint_covariate_region_mean
2023-06-17,BDH,0.4355116502336369,censored_likelihood_pressure_index,joint_covariate_region_mean
2023-06-17,HGA,1.8732176683131208,censored_likelihood_pressure_index,joint_covariate_region_mean
2023-06-17,SHG,0.15705070418830402,censored_likelihood_pressure_index,joint_covariate_region_mean
2023-06-18,BDH,0.4745449081556932,censored_likelihood_pressure_index,joint_covariate_region_mean
2023-06-18,HGA,1.9513438516117527,censored_likelihood_pressure_index,joint_covariate_region_mean
2023-06-18,SHG,0.18851227996731518,censored_likelihood_pressure_index,joint_covariate_region_mean
2023-06-19,BDH,0.14621533457589211,censored_likelihood_pressure_index,joint_covariate_region_mean
2023-06-19,HGA,1.2941828096336816,censored_likelihood_pressure_index,joint_covariate_region_mean
2023-06-19,SHG,0.0,censored_likelihood_pressure_index,joint_covariate_region_mean
2023-06-20,BDH,0.201989603856182,censored_likelihood_pressure_index,joint_covariate_region_mean
2023-06-20,HGA,1.4058166064804722,censored_likelihood_pressure_index,joint_covariate_region_mean
2023-06-20,SHG,0.0,censored_likelihood_pressure_index,joint_covariate_region_mean
2023-06-21,BDH,0.23668593138589583,censored_likelihood_pressure_index,joint_covariate_region_mean
2023-06-21,HGA,1.4752622994274627,censored_likelihood_pressure_index,joint_covariate_region_mean
2023-06-21,SHG,0.0,censored_likelihood_pressure_index,joint_covariate_region_mean
2023-06-22,BDH,0.8199776226558118,censored_likelihood_pressure_index,joint_covariate_region_mean
2023-06-22,HGA,2.642737319824684,censored_likelihood_pressure_index,joint_covariate_region_mean
2023-06-22,SHG,0.4669378611856837,censored_likelihood_pressure_index,joint_covariate_region_mean
2023-06-23,BDH,0.829575752340227,censored_likelihood_pressure_index,joint_covariate_region_mean
2023-06-23,HGA,2.6619482511936727,censored_likelihood_pressure_index,joint_covariate_region_mean
2023-06-23,SHG,0.47467414302528826,censored_likelihood_pressure_index,joint_covariate_region_mean
2023-06-24,BDH,1.1704193613367004,censored_likelihood_pressure_index,joint_covariate_region_mean
2023-06-24,HGA,3.3441564933496224,censored_likelihood_pressure_index,joint_covariate_region_mean
2023-06-24,SHG,0.7494008146919837,censored_likelihood_pressure_index,joint_covariate_region_mean
2023-06-25,BDH,0.4727007263458381,censored_likelihood_pressure_index,joint_covariate_region_mean
2023-06-25,HGA,1.9476526689182547,censored_likelihood_pressure_index,joint_covariate_region_mean
2023-06-25,SHG,0.1870258330538423,censored_likelihood_pressure_index,joint_covariate_region_mean
2023-06-26,BDH,0.2586226547153364,censored_likelihood_pressure_index,joint_covariate_region_mean
2023-06-26,HGA,1.5191692792452764,censored_likelihood_pressure_index,joint_covariate_region_mean
2023-06-26,SHG,0.014474684833601937,censored_likelihood_pressure_index,joint_covariate_region_mean
2023-06-27,BDH,0.25556895322632545,censored_likelihood_pressure_index,joint_covariate_region_mean
2023-06-27,HGA,1.5130572082839908,censored_likelihood_pressure_index,joint_covariate_region_mean
2023-06-27,SHG,0.012013341202105862,censored_likelihood_pressure_index,joint_covariate_region_mean
2023-06-28,BDH,0.24200832889744286,censored_likelihood_pressure_index,joint_covariate_region_mean
2023-06-28,HGA,1.4859152304332635,censored_likelihood_pressure_index,joint_covariate_region_mean
2023-06-28,SHG,0.0010832105226279423,censored_likelihood_pressure_index,joint_covariate_region_mean
2023-06-29,BDH,0.3502350131189064,censored_likelihood_pressure_index,joint_covariate_region_mean
2023-06-29,HGA,1.7025340375585447,censored_likelihood_pressure_index,joint_covariate_region_mean
2023-06-29,SHG,0.08831605267338916,censored_likelihood_pressure_index,joint_covariate_region_mean
2023-06-30,BDH,0.3714825126096252,censored_likelihood_pressure_index,joint_covariate_region_mean
2023-06-30,HGA,1.7450615161298755,censored_likelihood_pressure_index,joint_covariate_region_mean
2023-06-30,SHG,0.10544195634959798,censored_likelihood_pressure_index,joint_covariate_region_mean
2023-07-01,BDH,0.7280684855569588,censored_likelihood_pressure_index,joint_covariate_region_mean
2023-07-01,HGA,2.458778550455688,censored_likelihood_pressure_index,joint_covariate_region_mean
2023-07-01,SHG,0.3928572838638214,censored_likelihood_pressure_index,joint_covariate_region_mean
2023-07-02,BDH,0.6882809093738926,censored_likelihood_pressure_index,joint_covariate_region_mean
2023-07-02,HGA,2.379142577560634,censored_likelihood_pressure_index,joint_covariate_region_mean
2023-07-02,SHG,0.3607877126882269,censored_likelihood_pressure_index,joint_covariate_region_mean
2023-07-03,BDH,0.556974555906347,censored_likelihood_pressure_index,joint_covariate_region_mean
2023-07-03,HGA,2.1163291516415077,censored_likelihood_pressure_index,joint_covariate_region_mean
2023-07-03,SHG,0.25495220190063067,censored_likelihood_pressure_index,joint_covariate_region_mean
2023-07-04,BDH,0.4502651999671664,censored_likelihood_pressure_index,joint_covariate_region_mean
2023-07-04,HGA,1.9027473205160925,censored_likelihood_pressure_index,joint_covariate_region_mean
2023-07-04,SHG,0.16894235627324472,censored_likelihood_pressure_index,joint_covariate_region_mean
2023-07-05,BDH,0.6205270708828332,censored_likelihood_pressure_index,joint_covariate_region_mean
2023-07-05,HGA,2.2435313299494695,censored_likelihood_pressure_index,joint_covariate_region_mean
2023-07-05,SHG,0.3061767824845036,censored_likelihood_pressure_index,joint_covariate_region_mean
2023-07-06,BDH,0.6478544177890055,censored_likelihood_pressure_index,joint_covariate_region_mean
2023-07-06,HGA,2.2982277971959433,censored_likelihood_pressure_index,joint_covariate_region_mean
2023-07-06,SHG,0.3282031630967673,censored_likelihood_pressure_index,joint_covariate_region_mean
2023-07-07,BDH,0.6245095422308944,censored_likelihood_pressure_index,joint_covariate_region_mean
2023-07-07,HGA,2.2515023603754063,censored_likelihood_pressure_index,joint_covariate_region_mean
2023-07-07,SHG,0.30938673294149477,censored_likelihood_pressure_index,joint_covariate_region_mean
2023-07-08,BDH,1.034560511389301,censored_likelihood_pressure_index,joint_covariate_region_mean
2023-07-08,HGA,3.0722311153827935,censored_likelihood_pressure_index,joint_covariate_region_mean
2023-07-08,SHG,0.6398959019479686,censored_likelihood_pressure_index,joint_covariate_region_mean
2023-07-09,BDH,0.9534311419724828,censored_likelihood_pressure_index,joint_covariate_region_mean
2023-07-09,HGA,2.9098483596666935,censored_likelihood_pressure_index,joint_covariate_region_mean
2023-07-09,SHG,0.574504029998476,censored_likelihood_pressure_index,joint_covariate_region_mean
2023-07-10,BDH,0.6230681981563362,censored_likelihood_pressure_index,joint_covariate_region_mean
2023-07-10,HGA,2.248617468942818,censored_likelihood_pressure_index,joint_covariate_region_mean
2023-07-10,SHG,0.308224981188262,censored_likelihood_pressure_index,joint_covariate_region_mean
2023-07-11,BDH,0.6784402762271069,censored_likelihood_pressure_index,joint_covariate_region_mean
2023-07-11,HGA,2.3594462685685533,censored_likelihood_pressure_index,joint_covariate_region_mean
2023-07-11,SHG,0.3528559682748019,censored_likelihood_pressure_index,joint_covariate_region_mean
2023-07-12,BDH,0.6415569373755183,censored_likelihood_pressure_index,joint_covariate_region_mean
2023-07-12,HGA,2.28562320984415,censored_likelihood_pressure_index,joint_covariate_region_mean
2023-07-12,SHG,0.3231272696716936,censored_likelihood_pressure_index,joint_covariate_region_mean
2023-07-13,BDH,0.6703538474389266,censored_likelihood_pressure_index,joint_covariate_region_mean
2023-07-13,HGA,2.3432610498251365,censored_likelihood_pressure_index,joint_covariate_region_mean
2023-07-13,SHG,0.34633814717442296,censored_likelihood_pressure_index,joint_covariate_region_mean
2023-07-14,BDH,0.6855478299993634,censored_likelihood_pressure_index,joint_covariate_region_mean
2023-07-14,HGA,2.3736722409412674,censored_likelihood_pressure_index,joint_covariate_region_mean
2023-07-14,SHG,0.3585847968049689,censored_likelihood_pressure_index,joint_covariate_region_mean
2023-07-15,BDH,1.0256869251434657,censored_likelihood_pressure_index,joint_covariate_region_mean
2023-07-15,HGA,3.0544703784506444,censored_likelihood_pressure_index,joint_covariate_region_mean
2023-07-15,SHG,0.6327436164107887,censored_likelihood_pressure_index,joint_covariate_region_mean
2023-07-16,BDH,1.019431386785545,censored_likelihood_pressure_index,joint_covariate_region_mean
2023-07-16,HGA,3.0419497393239174,censored_likelihood_pressure_index,joint_covariate_region_mean
2023-07-16,SHG,0.6277015291097685,censored_likelihood_pressure_index,joint_covariate_region_mean
2023-07-17,BDH,0.7544203922706461,censored_likelihood_pressure_index,joint_covariate_region_mean
2023-07-17,HGA,2.5115226462289133,censored_likelihood_pressure_index,joint_covariate_region_mean
2023-07-17,SHG,0.41409744044131314,censored_likelihood_pressure_index,joint_covariate_region_mean
2023-07-18,BDH,0.8007316393338777,censored_likelihood_pressure_index,joint_covariate_region_mean
2023-07-18,HGA,2.6042159331709143,censored_likelihood_pressure_index,joint_covariate_region_mean
2023-07-18,SHG,0.4514252190195153,censored_likelihood_pressure_index,joint_covariate_region_mean
2023-07-19,BDH,0.8136394619444478,censored_likelihood_pressure_index,joint_covariate_region_mean
2023-07-19,HGA,2.6300513096919658,censored_likelihood_pressure_index,joint_covariate_region_mean
2023-07-19,SHG,0.4618291786381412,censored_likelihood_pressure_index,joint_covariate_region_mean
2023-07-20,BDH,0.7831148775239831,censored_likelihood_pressure_index,joint_covariate_region_mean
2023-07-20,HGA,2.568955480020002,censored_likelihood_pressure_index,joint_covariate_region_mean
2023-07-20,SHG,0.43722576152689346,censored_likelihood_pressure_index,joint_covariate_region_mean
2023-07-21,BDH,0.760295841780938,censored_likelihood_pressure_index,joint_covariate_region_mean
2023-07-21,HGA,2.523282526644726,censored_likelihood_pressure_index,joint_covariate_region_mean
2023-07-21,SHG,0.41883316863425374,censored_likelihood_pressure_index,joint_covariate_region_mean
2023-07-22,BDH,0.4925824652983197,censored_likelihood_pressure_index,joint_covariate_region_mean
2023-07-22,HGA,1.9874465386689892,censored_likelihood_pressure_index,joint_covariate_region_mean
2023-07-22,SHG,0.20305090679790624,censored_likelihood_pressure_index,joint_covariate_region_mean
2023-07-23,BDH,1.0497888629722616,censored_likelihood_pressure_index,joint_covariate_region_mean
2023-07-23,HGA,3.1027110970815315,censored_likelihood_pressure_index,joint_covariate_region_mean
2023-07-23,SHG,0.652170253688565,censored_likelihood_pressure_index,joint_covariate_region_mean
2023-07-24,BDH,0.7035207939977297,censored_likelihood_pressure_index,joint_covariate_region_mean
2023-07-24,HGA,2.409645642970891,censored_likelihood_pressure_index,joint_covariate_region_mean
2023-07-24,SHG,0.3730713602872481,censored_likelihood_pressure_index,joint_covariate_region_mean
2023-07-25,BDH,0.7693958219647963,censored_likelihood_pressure_index,joint_covariate_region_mean
2023-07-25,HGA,2.54149639752575,censored_likelihood_pressure_index,joint_covariate_region_mean
2023-07-25,SHG,0.4261679321508851,censored_likelihood_pressure_index,joint_covariate_region_mean
2023-07-26,BDH,0.8074075309401687,censored_likelihood_pressure_index,joint_covariate_region_mean
2023-07-26,HGA,2.617577921359458,censored_likelihood_pressure_index,joint_covariate_region_mean
2023-07-26,SHG,0.45680611932978904,censored_likelihood_pressure_index,joint_covariate_region_mean
2023-07-27,BDH,0.750794406988953,censored_likelihood_pressure_index,joint_covariate_region_mean
2023-07-27,HGA,2.504265132871424,censored_likelihood_pressure_index,joint_covariate_region_mean
2023-07-27,SHG,0.41117482478516265,censored_likelihood_pressure_index,joint_covariate_region_mean
2023-07-28,BDH,0.7315396614952809,censored_likelihood_pressure_index,joint_covariate_region_mean
2023-07-28,HGA,2.465726208480049,censored_likelihood_pressure_index,joint_covariate_region_mean
2023-07-28,SHG,0.39565512013574794,censored_likelihood_pressure_index,joint_covariate_region_mean
2023-07-29,BDH,0.6206806700927414,censored_likelihood_pressure_index,joint_covariate_region_mean
2023-07-29,HGA,2.2438387631658245,censored_likelihood_pressure_index,joint_covariate_region_mean
2023-07-29,SHG,0.3063005864772876,censored_likelihood_pressure_index,joint_covariate_region_mean
2023-07-30,BDH,0.43288506255229625,censored_likelihood_pressure_index,joint_covariate_region_mean
2023-07-30,HGA,1.8679604778666525,censored_likelihood_pressure_index,joint_covariate_region_mean
2023-07-30,SHG,0.15493362271020325,censored_likelihood_pressure_index,joint_covariate_region_mean
2023-07-31,BDH,0.40405885957292165,censored_likelihood_pressure_index,joint_covariate_region_mean
2023-07-31,HGA,1.810264007275669,censored_likelihood_pressure_index,joint_covariate_region_mean
2023-07-31,SHG,0.1316991345394302,censored_likelihood_pressure_index,joint_covariate_region_mean
2023-08-01,BDH,0.609774600390744,censored_likelihood_pressure_index,joint_covariate_region_mean
2023-08-01,HGA,2.222009952403799,censored_likelihood_pressure_index,joint_covariate_region_mean
2023-08-01,SHG,0.2975100791856409,censored_likelihood_pressure_index,joint_covariate_region_mean
2023-08-02,BDH,0.6010423567436729,censored_likelihood_pressure_index,joint_covariate_region_mean
2023-08-02,HGA,2.20453211672988,censored_likelihood_pressure_index,joint_covariate_region_mean
2023-08-02,SHG,0.290471718570913,censored_likelihood_pressure_index,joint_covariate_region_mean
2023-08-03,BDH,0.6660121151361409,censored_likelihood_pressure_index,joint_covariate_region_mean
2023-08-03,HGA,2.3345709483122583,censored_likelihood_pressure_index,joint_covariate_region_mean
2023-08-03,SHG,0.3428386253018435,censored_likelihood_pressure_index,joint_covariate_region_mean
2023-08-04,BDH,0.7445926078170477,censored_likelihood_pressure_index,joint_covariate_region_mean
2023-08-04,HGA,2.4918520542641214,censored_likelihood_pressure_index,joint_covariate_region_mean
2023-08-04,SHG,0.40617605232802556,censored_likelihood_pressure_index,joint_covariate_region_mean
2023-08-05,BDH,1.1888766017028751,censored_likelihood_pressure_index,joint_covariate_region_mean
2023-08-05,HGA,3.3810991883948107,censored_likelihood_pressure_index,joint_covariate_region_mean
2023-08-05,SHG,0.7642777144786066,censored_likelihood_pressure_index,joint_covariate_region_mean
2023-08-06,BDH,1.0235736634982406,censored_likelihood_pressure_index,joint_covariate_region_mean
2023-08-06,HGA,3.0502406247625844,censored_likelihood_pressure_index,joint_covariate_region_mean
2023-08-06,SHG,0.631040285842664,censored_likelihood_pressure_index,joint_covariate_region_mean
2023-08-07,BDH,0.6152967608504276,censored_likelihood_pressure_index,joint_covariate_region_mean
2023-08-07,HGA,2.2330627146697406,censored_likelihood_pressure_index,joint_covariate_region_mean
2023-08-07,SHG,0.30196104943550095,censored_likelihood_pressure_index,joint_covariate_region_mean
2023-08-08,BDH,0.622991618228623,censored_likelihood_pressure_index,joint_covariate_region_mean
2023-08-08,HGA,2.2484641920249286,censored_likelihood_pressure_index,joint_covariate_region_mean
2023-08-08,SHG,0.3081632562560591,censored_likelihood_pressure_index,joint_covariate_region_mean
2023-08-09,BDH,0.5592985800377772,censored_likelihood_pressure_index,joint_covariate_region_mean
2023-08-09,HGA,2.1209807524800834,censored_likelihood_pressure_index,joint_covariate_region_mean
2023-08-09,SHG,0.25682541118972596,censored_likelihood_pressure_index,joint_covariate_region_mean
2023-08-10,BDH,0.8452564919196961,censored_likelihood_pressure_index,joint_covariate_region_mean
2023-08-10,HGA,2.693333700419818,censored_likelihood_pressure_index,joint_covariate_region_mean
2023-08-10,SHG,0.4873131284139929,censored_likelihood_pressure_index,joint_covariate_region_mean
2023-08-11,BDH,0.5876546925905077,censored_likelihood_pressure_index,joint_covariate_region_mean
2023-08-11,HGA,2.1777363236229017,censored_likelihood_pressure_index,joint_covariate_region_mean
2023-08-11,SHG,0.2796809972045379,censored_likelihood_pressure_index,joint_covariate_region_mean
2023-08-12,BDH,0.4652195054204199,censored_likelihood_pressure_index,joint_covariate_region_mean
2023-08-12,HGA,1.9326787910399617,censored_likelihood_pressure_index,joint_covariate_region_mean
2023-08-12,SHG,0.18099582142799822,censored_likelihood_pressure_index,joint_covariate_region_mean
2023-08-13,BDH,0.8501786539288514,censored_likelihood_pressure_index,joint_covariate_region_mean
2023-08-13,HGA,2.703185548608374,censored_likelihood_pressure_index,joint_covariate_region_mean
2023-08-13,SHG,0.49128048807832947,censored_likelihood_pressure_index,joint_covariate_region_mean
2023-08-14,BDH,0.5238878215193481,censored_likelihood_pressure_index,joint_covariate_region_mean
2023-08-14,HGA,2.0501051054541874,censored_likelihood_pressure_index,joint_covariate_region_mean
2023-08-14,SHG,0.2282836413803886,censored_likelihood_pressure_index,joint_covariate_region_mean
2023-08-15,BDH,0.5729706975351998,censored_likelihood_pressure_index,joint_covariate_region_mean
2023-08-15,HGA,2.1483458870998224,censored_likelihood_pressure_index,joint_covariate_region_mean
2023-08-15,SHG,0.26784540756214364,censored_likelihood_pressure_index,joint_covariate_region_mean
2023-08-16,BDH,0.5781254561396947,censored_likelihood_pressure_index,joint_covariate_region_mean
2023-08-16,HGA,2.1586632840334614,censored_likelihood_pressure_index,joint_covariate_region_mean
2023-08-16,SHG,0.27200024467007017,censored_likelihood_pressure_index,joint_covariate_region_mean
2023-08-17,BDH,0.5337838297649171,censored_likelihood_pressure_index,joint_covariate_region_mean
2023-08-17,HGA,2.069912249291936,censored_likelihood_pressure_index,joint_covariate_region_mean
2023-08-17,SHG,0.23626001921565398,censored_likelihood_pressure_index,joint_covariate_region_mean
2023-08-18,BDH,0.4891495734399842,censored_likelihood_pressure_index,joint_covariate_region_mean
2023-08-18,HGA,1.9805755073268387,censored_likelihood_pressure_index,joint_covariate_region_mean
2023-08-18,SHG,0.20028392824956573,censored_likelihood_pressure_index,joint_covariate_region_mean
2023-08-19,BDH,0.7895804225264198,censored_likelihood_pressure_index,joint_covariate_region_mean
2023-08-19,HGA,2.5818964534584623,censored_likelihood_pressure_index,joint_covariate_region_mean
2023-08-19,SHG,0.44243711832557414,censored_likelihood_pressure_index,joint_covariate_region_mean
2023-08-20,BDH,0.6391895961447507,censored_likelihood_pressure_index,joint_covariate_region_mean
2023-08-20,HGA,2.2808849085910317,censored_likelihood_pressure_index,joint_covariate_region_mean
2023-08-20,SHG,0.3212191459461441,censored_likelihood_pressure_index,joint_covariate_region_mean
2023-08-21,BDH,0.14435373698684006,censored_likelihood_pressure_index,joint_covariate_region_mean
2023-08-21,HGA,1.290456768759487,censored_likelihood_pressure_index,joint_covariate_region_mean
2023-08-21,SHG,0.0,censored_likelihood_pressure_index,joint_covariate_region_mean
2023-08-22,BDH,0.34723194821259373,censored_likelihood_pressure_index,joint_covariate_region_mean
2023-08-22,HGA,1.6965233171673137,censored_likelihood_pressure_index,joint_covariate_region_mean
2023-08-22,SHG,0.08589552312630626,censored_likelihood_pressure_index,joint_covariate_region_mean
2023-08-23,BDH,0.2609163762176005,censored_likelihood_pressure_index,joint_covariate_region_mean
2023-08-23,HGA,1.5237602285039764,censored_likelihood_pressure_index,joint_covariate_region_mean
2023-08-23,SHG,0.016323469605898675,censored_likelihood_pressure_index,joint_covariate_region_mean
2023-08-24,BDH,0.30000072108297343,censored_likelihood_pressure_index,joint_covariate_region_mean
2023-08-24,HGA,1.6019886637823353,censored_likelihood_pressure_index,joint_covariate_region_mean
2023-08-24,SHG,0.047826222468864324,censored_likelihood_pressure_index,joint_covariate_region_mean
2023-08-25,BDH,0.2964493665762674,censored_likelihood_pressure_index,joint_covariate_region_mean
2023-08-25,HGA,1.5948805260577474,censored_likelihood_pressure_index,joint_covariate_region_mean
2023-08-25,SHG,0.04496376068937428,censored_likelihood_pressure_index,joint_covariate_region_mean
2023-08-26,BDH,0.5406587144021262,censored_likelihood_pressure_index,joint_covariate_region_mean
2023-08-26,HGA,2.0836725277292647,censored_likelihood_pressure_index,joint_covariate_region_mean
2023-08-26,SHG,0.24180131183379586,censored_likelihood_pressure_index,joint_covariate_region_mean
2023-08-27,BDH,0.5143973852633796,censored_likelihood_pressure_index,joint_covariate_region_mean
2023-08-27,HGA,2.0311097255656234,censored_likelihood_pressure_index,joint_covariate_region_mean
2023-08-27,SHG,0.2206341625682624,censored_likelihood_pressure_index,joint_covariate_region_mean
2023-08-28,BDH,0.18575468083990232,censored_likelihood_pressure_index,joint_covariate_region_mean
2023-08-28,HGA,1.3733219432386332,censored_likelihood_pressure_index,joint_covariate_region_mean
2023-08-28,SHG,0.0,censored_likelihood_pressure_index,joint_covariate_region_mean
2023-08-29,BDH,0.18272725536428094,censored_likelihood_pressure_index,joint_covariate_region_mean
2023-08-29,HGA,1.3672624644704596,censored_likelihood_pressure_index,joint_covariate_region_mean
2023-08-29,SHG,0.0,censored_likelihood_pressure_index,joint_covariate_region_mean
2023-08-30,BDH,0.18959806961954567,censored_likelihood_pressure_index,joint_covariate_region_mean
2023-08-30,HGA,1.381014595921787,censored_likelihood_pressure_index,joint_covariate_region_mean
2023-08-30,SHG,0.0,censored_likelihood_pressure_index,joint_covariate_region_mean
2023-08-31,BDH,0.11678632381026953,censored_likelihood_pressure_index,joint_covariate_region_mean
2023-08-31,HGA,1.2352798019994338,censored_likelihood_pressure_index,joint_covariate_region_mean
2023-08-31,SHG,0.0,censored_likelihood_pressure_index,joint_covariate_region_mean
2023-09-01,BDH,0.146074315469536,censored_likelihood_pressure_index,joint_covariate_region_mean
2023-09-01,HGA,1.2939005558547687,censored_likelihood_pressure_index,joint_covariate_region_mean
2023-09-01,SHG,0.0,censored_likelihood_pressure_index,joint_covariate_region_mean
2023-09-02,BDH,0.3635763259329251,censored_likelihood_pressure_index,joint_covariate_region_mean
2023-09-02,HGA,1.7292370571331275,censored_likelihood_pressure_index,joint_covariate_region_mean
2023-09-02,SHG,0.09906941394617601,censored_likelihood_pressure_index,joint_covariate_region_mean
2023-09-03,BDH,0.28430360385820197,censored_likelihood_pressure_index,joint_covariate_region_mean
2023-09-03,HGA,1.570570434230207,censored_likelihood_pressure_index,joint_covariate_region_mean
2023-09-03,SHG,0.035174036375012624,censored_likelihood_pressure_index,joint_covariate_region_mean
2023-09-04,BDH,0.11520911093647357,censored_likelihood_pressure_index,joint_covariate_region_mean
2023-09-04,HGA,1.2321229652750896,censored_likelihood_pressure_index,joint_covariate_region_mean
2023-09-04,SHG,0.0,censored_likelihood_pressure_index,joint_covariate_region_mean
2023-09-05,BDH,0.11622459545962598,censored_likelihood_pressure_index,joint_covariate_region_mean
2023-09-05,HGA,1.2341554866226838,censored_likelihood_pressure_index,joint_covariate_region_mean
2023-09-05,SHG,0.0,censored_likelihood_pressure_index,joint_covariate_region_mean
2023-09-06,BDH,0.11125711989841794,censored_likelihood_pressure_index,joint_covariate_region_mean
2023-09-06,HGA,1.224212942062315,censored_likelihood_pressure_index,joint_covariate_region_mean
2023-09-06,SHG,0.0,censored_likelihood_pressure_index,joint_covariate_region_mean
2023-09-07,BDH,0.11704086765810875,censored_likelihood_pressure_index,joint_covariate_region_mean
2023-09-07,HGA,1.2357892787987708,censored_likelihood_pressure_index,joint_covariate_region_mean
2023-09-07,SHG,0.0,censored_likelihood_pressure_index,joint_covariate_region_mean
2023-09-08,BDH,0.13729000772082564,censored_likelihood_pressure_index,joint_covariate_region_mean
2023-09-08,HGA,1.276318512390763,censored_likelihood_pressure_index,joint_covariate_region_mean
2023-09-08,SHG,0.0,censored_likelihood_pressure_index,joint_covariate_region_mean
2023-09-09,BDH,0.2990009929217691,censored_likelihood_pressure_index,joint_covariate_region_mean
2023-09-09,HGA,1.5999876792443035,censored_likelihood_pressure_index,joint_covariate_region_mean
2023-09-09,SHG,0.04702042185224792,censored_likelihood_pressure_index,joint_covariate_region_mean
2023-09-10,BDH,0.35005950804030117,censored_likelihood_pressure_index,joint_covariate_region_mean
2023-09-10,HGA,1.7021827591188012,censored_likelihood_pressure_index,joint_covariate_region_mean
2023-09-10,SHG,0.08817459211836279,censored_likelihood_pressure_index,joint_covariate_region_mean
2023-09-11,BDH,0.008270534693459215,censored_likelihood_pressure_index,joint_covariate_region_mean
2023-09-11,HGA,1.0180823431487065,censored_likelihood_pressure_index,joint_covariate_region_mean
2023-09-11,SHG,0.0,censored_likelihood_pressure_index,joint_covariate_region_mean
2023-09-12,BDH,0.13020709219632484,censored_likelihood_pressure_index,joint_covariate_region_mean
2023-09-12,HGA,1.2621418541763538,censored_likelihood_pressure_index,joint_covariate_region_mean
2023-09-12,SHG,0.0,censored_likelihood_pressure_index,joint_covariate_region_mean
2023-09-13,BDH,0.1407065614472169,censored_likelihood_pressure_index,joint_covariate_region_mean
2023-09-13,HGA,1.2831568424940478,censored_likelihood_pressure_index,joint_covariate_region_mean
2023-09-13,SHG,0.0,censored_likelihood_pressure_index,joint_covariate_region_mean
2023-09-14,BDH,0.132691625846844,censored_likelihood_pressure_index,joint_covariate_region_mean
2023-09-14,HGA,1.2671147194129597,censored_likelihood_pressure_index,joint_covariate_region_mean
2023-09-14,SHG,0.0,censored_likelihood_pressure_index,joint_covariate_region_mean
2023-09-15,BDH,0.14515463610374651,censored_likelihood_pressure_index,joint_covariate_region_mean
2023-09-15,HGA,1.2920597912726497,censored_likelihood_pressure_index,joint_covariate_region_mean
2023-09-15,SHG,0.0,censored_likelihood_pressure_index,joint_covariate_region_mean
2023-09-16,BDH,0.3941437844490557,censored_likelihood_pressure_index,joint_covariate_region_mean
2023-09-16,HGA,1.7904187005351027,censored_likelihood_pressure_index,joint_covariate_region_mean
2023-09-16,SHG,0.12370738842418134,censored_likelihood_pressure_index,joint_covariate_region_mean
2023-09-17,BDH,0.38298349286862204,censored_likelihood_pressure_index,joint_covariate_region_mean
2023-09-17,HGA,1.7680810574047179,censored_likelihood_pressure_index,joint_covariate_region_mean
2023-09-17,SHG,0.11471197328423044,censored_likelihood_pressure_index,joint_covariate_region_mean
2023-09-18,BDH,0.13797534402731762,censored_likelihood_pressure_index,joint_covariate_region_mean
2023-09-18,HGA,1.2776902326301833,censored_likelihood_pressure_index,joint_covariate_region_mean
2023-09-18,SHG,0.0,censored_likelihood_pressure_index,joint_covariate_region_mean
2023-09-19,BDH,0.1334760216593308,censored_likelihood_pressure_index,joint_covariate_region_mean
2023-09-19,HGA,1.268684710089818,censored_likelihood_pressure_index,joint_covariate_region_mean
2023-09-19,SHG,0.0,censored_likelihood_pressure_index,joint_covariate_region_mean
2023-09-20,BDH,0.12796790669083857,censored_likelihood_pressure_index,joint_covariate_region_mean
2023-09-20,HGA,1.257660060276634,censored_likelihood_pressure_index,joint_covariate_region_mean
2023-09-20,SHG,0.0,censored_likelihood_pressure_index,joint_covariate_region_mean
2023-09-21,BDH,0.01438228786975341,censored_likelihood_pressure_index,joint_covariate_region_mean
2023-09-21,HGA,1.030315192117671,censored_likelihood_pressure_index,joint_covariate_region_mean
2023-09-21,SHG,0.0,censored_likelihood_pressure_index,joint_covariate_region_mean
2023-09-22,BDH,0.08430365876242446,censored_likelihood_pressure_index,joint_covariate_region_mean
2023-09-22,HGA,1.1702648178896387,censored_likelihood_pressure_index,joint_covariate_region_mean
2023-09-22,SHG,0.0,censored_likelihood_pressure_index,joint_covariate_region_mean
2023-09-23,BDH,0.28896232857105814,censored_likelihood_pressure_index,joint_covariate_region_mean
2023-09-23,HGA,1.5798950051277028,censored_likelihood_pressure_index,joint_covariate_region_mean
2023-09-23,SHG,0.038929060382482276,censored_likelihood_pressure_index,joint_covariate_region_mean
2023-09-24,BDH,0.2669983754935459,censored_likelihood_pressure_index,joint_covariate_region_mean
2023-09-24,HGA,1.5359335241895042,censored_likelihood_pressure_index,joint_covariate_region_mean
2023-09-24,SHG,0.021225680983953363,censored_likelihood_pressure_index,joint_covariate_region_mean
2023-09-25,BDH,0.043701603584793365,censored_likelihood_pressure_index,joint_covariate_region_mean
2023-09-25,HGA,1.088998641967481,censored_likelihood_pressure_index,joint_covariate_region_mean
2023-09-25,SHG,0.0,censored_likelihood_pressure_index,joint_covariate_region_mean
2023-09-26,BDH,0.0743025774381259,censored_likelihood_pressure_index,joint_covariate_region_mean
2023-09-26,HGA,1.1502473672764486,censored_likelihood_pressure_index,joint_covariate_region_mean
2023-09-26,SHG,0.0,censored_likelihood_pressure_index,joint_covariate_region_mean
2023-09-27,BDH,0.08655867614051063,censored_likelihood_pressure_index,joint_covariate_region_mean
2023-09-27,HGA,1.1747782997356522,censored_likelihood_pressure_index,joint_covariate_region_mean
2023-09-27,SHG,0.0,censored_likelihood_pressure_index,joint_covariate_region_mean
2023-09-28,BDH,0.10999255937714708,censored_likelihood_pressure_index,joint_covariate_region_mean
2023-09-28,HGA,1.2216818879731504,censored_likelihood_pressure_index,joint_covariate_region_mean
2023-09-28,SHG,0.0,censored_likelihood_pressure_index,joint_covariate_region_mean
2023-09-29,BDH,0.6368134667111653,censored_likelihood_pressure_index,joint_covariate_region_mean
2023-09-29,HGA,2.276129017498357,censored_likelihood_pressure_index,joint_covariate_region_mean
2023-09-29,SHG,0.3193039387557842,censored_likelihood_pressure_index,joint_covariate_region_mean
2023-09-30,BDH,1.0763996883827969,censored_likelihood_pressure_index,joint_covariate_region_mean
2023-09-30,HGA,3.155973426039643,censored_likelihood_pressure_index,joint_covariate_region_mean
2023-09-30,SHG,0.6736191038426411,censored_likelihood_pressure_index,joint_covariate_region_mean
2023-10-01,BDH,1.1201576650812153,censored_likelihood_pressure_index,joint_covariate_region_mean
2023-10-01,HGA,3.243556269243366,censored_likelihood_pressure_index,joint_covariate_region_mean
2023-10-01,SHG,0.7088888961459776,censored_likelihood_pressure_index,joint_covariate_region_mean
2023-10-02,BDH,0.8182744875262209,censored_likelihood_pressure_index,joint_covariate_region_mean
2023-10-02,HGA,2.6393284461000652,censored_likelihood_pressure_index,joint_covariate_region_mean
2023-10-02,SHG,0.46556510067851525,censored_likelihood_pressure_index,joint_covariate_region_mean
2023-10-03,BDH,0.7250998189377706,censored_likelihood_pressure_index,joint_covariate_region_mean
2023-10-03,HGA,2.452836679220999,censored_likelihood_pressure_index,joint_covariate_region_mean
2023-10-03,SHG,0.3904644800146342,censored_likelihood_pressure_index,joint_covariate_region_mean
2023-10-04,BDH,0.6710737054705032,censored_likelihood_pressure_index,joint_covariate_region_mean
2023-10-04,HGA,2.3447018662857104,censored_likelihood_pressure_index,joint_covariate_region_mean
2023-10-04,SHG,0.3469183669463876,censored_likelihood_pressure_index,joint_covariate_region_mean
2023-10-05,BDH,0.5825078411371423,censored_likelihood_pressure_index,joint_covariate_region_mean
2023-10-05,HGA,2.167434753078639,censored_likelihood_pressure_index,joint_covariate_region_mean
2023-10-05,SHG,0.2755325334163827,censored_likelihood_pressure_index,joint_covariate_region_mean
2023-10-06,BDH,0.5390601583682999,censored_likelihood_pressure_index,joint_covariate_region_mean
2023-10-06,HGA,2.08047297205904,censored_likelihood_pressure_index,joint_covariate_region_mean
2023-10-06,SHG,0.2405128441405367,censored_likelihood_pressure_index,joint_covariate_region_mean
2023-10-07,BDH,0.2914447152066991,censored_likelihood_pressure_index,joint_covariate_region_mean
2023-10-07,HGA,1.584863573052559,censored_likelihood_pressure_index,joint_covariate_region_mean
2023-10-07,SHG,0.04092991297352085,censored_likelihood_pressure_index,joint_covariate_region_mean
2023-10-08,BDH,0.14931451492368963,censored_likelihood_pressure_index,joint_covariate_region_mean
2023-10-08,HGA,1.3003859078329416,censored_likelihood_pressure_index,joint_covariate_region_mean
2023-10-08,SHG,0.0,censored_likelihood_pressure_index,joint_covariate_region_mean
2023-10-09,BDH,0.019810911230059382,censored_likelihood_pressure_index,joint_covariate_region_mean
2023-10-09,HGA,1.0411807372011328,censored_likelihood_pressure_index,joint_covariate_region_mean
2023-10-09,SHG,0.0,censored_likelihood_pressure_index,joint_covariate_region_mean
2023-10-10,BDH,0.014344482354476773,censored_likelihood_pressure_index,joint_covariate_region_mean
2023-10-10,HGA,1.0302395232964288,censored_likelihood_pressure_index,joint_covariate_region_mean
2023-10-10,SHG,0.0,censored_likelihood_pressure_index,joint_covariate_region_mean
2023-10-11,BDH,0.017669595409884654,censored_likelihood_pressure_index,joint_covariate_region_mean
2023-10-11,HGA,1.0368948322786875,censored_likelihood_pressure_index,joint_covariate_region_mean
2023-10-11,SHG,0.0,censored_likelihood_pressure_index,joint_covariate_region_mean
2023-10-12,BDH,0.027143407160893463,censored_likelihood_pressure_index,joint_covariate_region_mean
2023-10-12,HGA,1.055856937744596,censored_likelihood_pressure_index,joint_covariate_region_mean
2023-10-12,SHG,0.0,censored_likelihood_pressure_index,joint_covariate_region_mean
2023-10-13,BDH,0.0,censored_likelihood_pressure_index,joint_covariate_region_mean
2023-10-13,HGA,0.8402105602055421,censored_likelihood_pressure_index,joint_covariate_region_mean
2023-10-13,SHG,0.0,censored_likelihood_pressure_index,joint_covariate_region_mean
2023-10-14,BDH,0.2244715995111105,censored_likelihood_pressure_index,joint_covariate_region_mean
2023-10-14,HGA,1.450814964469532,censored_likelihood_pressure_index,joint_covariate_region_mean
2023-10-14,SHG,0.0,censored_likelihood_pressure_index,joint_covariate_region_mean
2023-10-15,BDH,0.21642021861609476,censored_likelihood_pressure_index,joint_covariate_region_mean
2023-10-15,HGA,1.4346998950877454,censored_likelihood_pressure_index,joint_covariate_region_mean
2023-10-15,SHG,0.0,censored_likelihood_pressure_index,joint_covariate_region_mean
2023-10-16,BDH,0.0,censored_likelihood_pressure_index,joint_covariate_region_mean
2023-10-16,HGA,0.9912886995203432,censored_likelihood_pressure_index,joint_covariate_region_mean
2023-10-16,SHG,0.0,censored_likelihood_pressure_index,joint_covariate_region_mean
2023-10-17,BDH,0.0,censored_likelihood_pressure_index,joint_covariate_region_mean
2023-10-17,HGA,0.9860535478375996,censored_likelihood_pressure_index,joint_covariate_region_mean
2023-10-17,SHG,0.0,censored_likelihood_pressure_index,joint_covariate_region_mean
2023-10-18,BDH,0.0,censored_likelihood_pressure_index,joint_covariate_region_mean
2023-10-18,HGA,0.8594716499174939,censored_likelihood_pressure_index,joint_covariate_region_mean
2023-10-18,SHG,0.0,censored_likelihood_pressure_index,joint_covariate_region_mean
2023-10-19,BDH,0.0,censored_likelihood_pressure_index,joint_covariate_region_mean
2023-10-19,HGA,0.9431839556372494,censored_likelihood_pressure_index,joint_covariate_region_mean
2023-10-19,SHG,0.0,censored_likelihood_pressure_index,joint_covariate_region_mean
2023-10-20,BDH,0.0,censored_likelihood_pressure_index,joint_covariate_region_mean
2023-10-20,HGA,0.9160195286297694,censored_likelihood_pressure_index,joint_covariate_region_mean
2023-10-20,SHG,0.0,censored_likelihood_pressure_index,joint_covariate_region_mean
2023-10-21,BDH,0.13914590506312993,censored_likelihood_pressure_index,joint_covariate_region_mean
2023-10-21,HGA,1.2800331440578874,censored_likelihood_pressure_index,joint_covariate_region_mean
2023-10-21,SHG,0.0,censored_likelihood_pressure_index,joint_covariate_region_mean
2023-10-22,BDH,0.1701327678999917,censored_likelihood_pressure_index,joint_covariate_region_mean
2023-10-22,HGA,1.34205423721584,censored_likelihood_pressure_index,joint_covariate_region_mean
2023-10-22,SHG,0.0,censored_likelihood_pressure_index,joint_covariate_region_mean
2023-10-23,BDH,0.0,censored_likelihood_pressure_index,joint_covariate_region_mean
2023-10-23,HGA,0.9274872187853158,censored_likelihood_pressure_index,joint_covariate_region_mean
2023-10-23,SHG,0.0,censored_likelihood_pressure_index,joint_covariate_region_mean
2023-10-24,BDH,0.0,censored_likelihood_pressure_index,joint_covariate_region_mean
2023-10-24,HGA,0.9573587445479279,censored_likelihood_pressure_index,joint_covariate_region_mean
2023-10-24,SHG,0.0,censored_likelihood_pressure_index,joint_covariate_region_mean
2023-10-25,BDH,0.0,censored_likelihood_pressure_index,joint_covariate_region_mean
2023-10-25,HGA,0.938865571343241,censored_likelihood_pressure_index,joint_covariate_region_mean
2023-10-25,SHG,0.0,censored_likelihood_pressure_index,joint_covariate_region_mean
2023-10-26,BDH,0.0,censored_likelihood_pressure_index,joint_covariate_region_mean
2023-10-26,HGA,0.9137112169022079,censored_likelihood_pressure_index,joint_covariate_region_mean
2023-10-26,SHG,0.0,censored_likelihood_pressure_index,joint_covariate_region_mean
2023-10-27,BDH,0.0,censored_likelihood_pressure_index,joint_covariate_region_mean
2023-10-27,HGA,0.899829678644781,censored_likelihood_pressure_index,joint_covariate_region_mean
2023-10-27,SHG,0.0,censored_likelihood_pressure_index,joint_covariate_region_mean
2023-10-28,BDH,0.17303882725110273,censored_likelihood_pressure_index,joint_covariate_region_mean
2023-10-28,HGA,1.3478707982109528,censored_likelihood_pressure_index,joint_covariate_region_mean
2023-10-28,SHG,0.0,censored_likelihood_pressure_index,joint_covariate_region_mean
2023-10-29,BDH,0.16677420596958095,censored_likelihood_pressure_index,joint_covariate_region_mean
2023-10-29,HGA,1.3353319793525826,censored_likelihood_pressure_index,joint_covariate_region_mean
2023-10-29,SHG,0.0,censored_likelihood_pressure_index,joint_covariate_region_mean
2023-10-30,BDH,0.0,censored_likelihood_pressure_index,joint_covariate_region_mean
2023-10-30,HGA,0.9439002242817414,censored_likelihood_pressure_index,joint_covariate_region_mean
2023-10-30,SHG,0.0,censored_likelihood_pressure_index,joint_covariate_region_mean
2023-10-31,BDH,0.0,censored_likelihood_pressure_index,joint_covariate_region_mean
2023-10-31,HGA,0.9285418055385251,censored_likelihood_pressure_index,joint_covariate_region_mean
2023-10-31,SHG,0.0,censored_likelihood_pressure_index,joint_covariate_region_mean
2023-11-01,BDH,0.0,censored_likelihood_pressure_index,joint_covariate_region_mean
2023-11-01,HGA,0.8744642232258235,censored_likelihood_pressure_index,joint_covariate_region_mean
2023-11-01,SHG,0.0,censored_likelihood_pressure_index,joint_covariate_region_mean
2023-11-02,BDH,0.0,censored_likelihood_pressure_index,joint_covariate_region_mean
2023-11-02,HGA,0.9195726836714901,censored_likelihood_pressure_index,joint_covariate_region_mean
2023-11-02,SHG,0.0,censored_likelihood_pressure_index,joint_covariate_region_mean
2023-11-03,BDH,0.0,censored_likelihood_pressure_index,joint_covariate_region_mean
2023-11-03,HGA,0.8709577735313843,censored_likelihood_pressure_index,joint_covariate_region_mean
2023-11-03,SHG,0.0,censored_likelihood_pressure_index,joint_covariate_region_mean
2023-11-04,BDH,0.1510173482139734,censored_likelihood_pressure_index,joint_covariate_region_mean
2023-11-04,HGA,1.303794177417545,censored_likelihood_pressure_index,joint_covariate_region_mean
2023-11-04,SHG,0.0,censored_likelihood_pressure_index,joint_covariate_region_mean
2023-11-05,BDH,0.02792818552915506,censored_likelihood_pressure_index,joint_covariate_region_mean
2023-11-05,HGA,1.0574276941177905,censored_likelihood_pressure_index,joint_covariate_region_mean
2023-11-05,SHG,0.0,censored_likelihood_pressure_index,joint_covariate_region_mean
2023-11-06,BDH,0.0,censored_likelihood_pressure_index,joint_covariate_region_mean
2023-11-06,HGA,0.7810416972594332,censored_likelihood_pressure_index,joint_covariate_region_mean
2023-11-06,SHG,0.0,censored_likelihood_pressure_index,joint_covariate_region_mean
2023-11-07,BDH,0.0,censored_likelihood_pressure_index,joint_covariate_region_mean
2023-11-07,HGA,0.8155400485358586,censored_likelihood_pressure_index,joint_covariate_region_mean
2023-11-07,SHG,0.0,censored_likelihood_pressure_index,joint_covariate_region_mean
2023-11-08,BDH,0.0,censored_likelihood_pressure_index,joint_covariate_region_mean
2023-11-08,HGA,0.8933451036593139,censored_likelihood_pressure_index,joint_covariate_region_mean
2023-11-08,SHG,0.0,censored_likelihood_pressure_index,joint_covariate_region_mean
2023-11-09,BDH,0.0,censored_likelihood_pressure_index,joint_covariate_region_mean
2023-11-09,HGA,0.8265281340231938,censored_likelihood_pressure_index,joint_covariate_region_mean
2023-11-09,SHG,0.0,censored_likelihood_pressure_index,joint_covariate_region_mean
2023-11-10,BDH,0.0,censored_likelihood_pressure_index,joint_covariate_region_mean
2023-11-10,HGA,0.8430987962491239,censored_likelihood_pressure_index,joint_covariate_region_mean
2023-11-10,SHG,0.0,censored_likelihood_pressure_index,joint_covariate_region_mean
2023-11-11,BDH,0.11308311448722266,censored_likelihood_pressure_index,joint_covariate_region_mean
2023-11-11,HGA,1.2278677225121593,censored_likelihood_pressure_index,joint_covariate_region_mean
2023-11-11,SHG,0.0,censored_likelihood_pressure_index,joint_covariate_region_mean
2023-11-12,BDH,0.06966627827630728,censored_likelihood_pressure_index,joint_covariate_region_mean
2023-11-12,HGA,1.1409676817614236,censored_likelihood_pressure_index,joint_covariate_region_mean
2023-11-12,SHG,0.0,censored_likelihood_pressure_index,joint_covariate_region_mean
2023-11-13,BDH,0.0,censored_likelihood_pressure_index,joint_covariate_region_mean
2023-11-13,HGA,0.8535105643628274,censored_likelihood_pressure_index,joint_covariate_region_mean
2023-11-13,SHG,0.0,censored_likelihood_pressure_index,joint_covariate_region_mean
2023-11-14,BDH,0.0,censored_likelihood_pressure_index,joint_covariate_region_mean
2023-11-14,HGA,0.8845116982607761,censored_likelihood_pressure_index,joint_covariate_region_mean
2023-11-14,SHG,0.0,censored_likelihood_pressure_index,joint_covariate_region_mean
2023-11-15,BDH,0.0,censored_likelihood_pressure_index,joint_covariate_region_mean
2023-11-15,HGA,0.9233715188412255,censored_likelihood_pressure_index,joint_covariate_region_mean
2023-11-15,SHG,0.0,censored_likelihood_pressure_index,joint_covariate_region_mean
2023-11-16,BDH,0.0,censored_likelihood_pressure_index,joint_covariate_region_mean
2023-11-16,HGA,0.855273910150071,censored_likelihood_pressure_index,joint_covariate_region_mean
2023-11-16,SHG,0.0,censored_likelihood_pressure_index,joint_covariate_region_mean
2023-11-17,BDH,0.0,censored_likelihood_pressure_index,joint_covariate_region_mean
2023-11-17,HGA,0.8517037032783754,censored_likelihood_pressure_index,joint_covariate_region_mean
2023-11-17,SHG,0.0,censored_likelihood_pressure_index,joint_covariate_region_mean
2023-11-18,BDH,0.12018388201763569,censored_likelihood_pressure_index,joint_covariate_region_mean
2023-11-18,HGA,1.2420801120275256,censored_likelihood_pressure_index,joint_covariate_region_mean
2023-11-18,SHG,0.0,censored_likelihood_pressure_index,joint_covariate_region_mean
2023-11-19,BDH,0.11828550424901328,censored_likelihood_pressure_index,joint_covariate_region_mean
2023-11-19,HGA,1.2382804545708614,censored_likelihood_pressure_index,joint_covariate_region_mean
2023-11-19,SHG,0.0,censored_likelihood_pressure_index,joint_covariate_region_mean
2023-11-20,BDH,0.0,censored_likelihood_pressure_index,joint_covariate_region_mean
2023-11-20,HGA,0.9150785928084673,censored_likelihood_pressure_index,joint_covariate_region_mean
2023-11-20,SHG,0.0,censored_likelihood_pressure_index,joint_covariate_region_mean
2023-11-21,BDH,0.0,censored_likelihood_pressure_index,joint_covariate_region_mean
2023-11-21,HGA,0.9361684457006043,censored_likelihood_pressure_index,joint_covariate_region_mean
2023-11-21,SHG,0.0,censored_likelihood_pressure_index,joint_covariate_region_mean
2023-11-22,BDH,0.0,censored_likelihood_pressure_index,joint_covariate_region_mean
2023-11-22,HGA,0.9021539603136419,censored_likelihood_pressure_index,joint_covariate_region_mean
2023-11-22,SHG,0.0,censored_likelihood_pressure_index,joint_covariate_region_mean
2023-11-23,BDH,0.0,censored_likelihood_pressure_index,joint_covariate_region_mean
2023-11-23,HGA,0.9078946100837222,censored_likelihood_pressure_index,joint_covariate_region_mean
2023-11-23,SHG,0.0,censored_likelihood_pressure_index,joint_covariate_region_mean
2023-11-24,BDH,0.0,censored_likelihood_pressure_index,joint_covariate_region_mean
2023-11-24,HGA,0.8577915180398816,censored_likelihood_pressure_index,joint_covariate_region_mean
2023-11-24,SHG,0.0,censored_likelihood_pressure_index,joint_covariate_region_mean
2023-11-25,BDH,0.11970402985314468,censored_likelihood_pressure_index,joint_covariate_region_mean
2023-11-25,HGA,1.2411196741815709,censored_likelihood_pressure_index,joint_covariate_region_mean
2023-11-25,SHG,0.0,censored_likelihood_pressure_index,joint_covariate_region_mean
2023-11-26,BDH,0.08813328843478041,censored_likelihood_pressure_index,joint_covariate_region_mean
2023-11-26,HGA,1.1779299313256169,censored_likelihood_pressure_index,joint_covariate_region_mean
2023-11-26,SHG,0.0,censored_likelihood_pressure_index,joint_covariate_region_mean
2023-11-27,BDH,0.0,censored_likelihood_pressure_index,joint_covariate_region_mean
2023-11-27,HGA,0.8303858164132087,censored_likelihood_pressure_index,joint_covariate_region_mean
2023-11-27,SHG,0.0,censored_likelihood_pressure_index,joint_covariate_region_mean
2023-11-28,BDH,0.0,censored_likelihood_pressure_index,joint_covariate_region_mean
2023-11-28,HGA,0.8441908961317826,censored_likelihood_pressure_index,joint_covariate_region_mean
2023-11-28,SHG,0.0,censored_likelihood_pressure_index,joint_covariate_region_mean
2023-11-29,BDH,0.0,censored_likelihood_pressure_index,joint_covariate_region_mean
2023-11-29,HGA,0.8361440382378593,censored_likelihood_pressure_index,joint_covariate_region_mean
2023-11-29,SHG,0.0,censored_likelihood_pressure_index,joint_covariate_region_mean
2023-11-30,BDH,0.0,censored_likelihood_pressure_index,joint_covariate_region_mean
2023-11-30,HGA,0.8828193030974631,censored_likelihood_pressure_index,joint_covariate_region_mean
2023-11-30,SHG,0.0,censored_likelihood_pressure_index,joint_covariate_region_mean
2023-12-01,BDH,0.0,censored_likelihood_pressure_index,joint_covariate_region_mean
2023-12-01,HGA,0.8410105938790322,censored_likelihood_pressure_index,joint_covariate_region_mean
2023-12-01,SHG,0.0,censored_likelihood_pressure_index,joint_covariate_region_mean
2023-12-02,BDH,0.11411938962426392,censored_likelihood_pressure_index,joint_covariate_region_mean
2023-12-02,HGA,1.2299418568687117,censored_likelihood_pressure_index,joint_covariate_region_mean
2023-12-02,SHG,0.0,censored_likelihood_pressure_index,joint_covariate_region_mean
2023-12-03,BDH,0.13828733617726013,censored_likelihood_pressure_index,joint_covariate_region_mean
2023-12-03,HGA,1.2783146938509917,censored_likelihood_pressure_index,joint_covariate_region_mean
2023-12-03,SHG,0.0,censored_likelihood_pressure_index,joint_covariate_region_mean
2023-12-04,BDH,0.0,censored_likelihood_pressure_index,joint_covariate_region_mean
2023-12-04,HGA,0.8848727322495005,censored_likelihood_pressure_index,joint_covariate_region_mean
2023-12-04,SHG,0.0,censored_likelihood_pressure_index,joint_covariate_region_mean
2023-12-05,BDH,0.0,censored_likelihood_pressure_index,joint_covariate_region_mean
2023-12-05,HGA,0.8400251198009179,censored_likelihood_pressure_index,joint_covariate_region_mean
2023-12-05,SHG,0.0,censored_likelihood_pressure_index,joint_covariate_region_mean
2023-12-06,BDH,0.0,censored_likelihood_pressure_index,joint_covariate_region_mean
2023-12-06,HGA,0.8763629146281673,censored_likelihood_pressure_index,joint_covariate_region_mean
2023-12-06,SHG,0.0,censored_likelihood_pressure_index,joint_covariate_region_mean
2023-12-07,BDH,0.0,censored_likelihood_pressure_index,joint_covariate_region_mean
2023-12-07,HGA,0.8671417636005168,censored_likelihood_pressure_index,joint_covariate_region_mean
2023-12-07,SHG,0.0,censored_likelihood_pressure_index,joint_covariate_region_mean
2023-12-08,BDH,0.0,censored_likelihood_pressure_index,joint_covariate_region_mean
2023-12-08,HGA,0.863171118507712,censored_likelihood_pressure_index,joint_covariate_region_mean
2023-12-08,SHG,0.0,censored_likelihood_pressure_index,joint_covariate_region_mean
2023-12-09,BDH,0.116399398623366,censored_likelihood_pressure_index,joint_covariate_region_mean
2023-12-09,HGA,1.2345053601597273,censored_likelihood_pressure_index,joint_covariate_region_mean
2023-12-09,SHG,0.0,censored_likelihood_pressure_index,joint_covariate_region_mean
2023-12-10,BDH,0.07965265918181522,censored_likelihood_pressure_index,joint_covariate_region_mean
2023-12-10,HGA,1.1609557090655143,censored_likelihood_pressure_index,joint_covariate_region_mean
2023-12-10,SHG,0.0,censored_likelihood_pressure_index,joint_covariate_region_mean
2023-12-11,BDH,0.0,censored_likelihood_pressure_index,joint_covariate_region_mean
2023-12-11,HGA,0.7907544018226207,censored_likelihood_pressure_index,joint_covariate_region_mean
2023-12-11,SHG,0.0,censored_likelihood_pressure_index,joint_covariate_region_mean
2023-12-12,BDH,0.0,censored_likelihood_pressure_index,joint_covariate_region_mean
2023-12-12,HGA,0.7862695370840513,censored_likelihood_pressure_index,joint_covariate_region_mean
2023-12-12,SHG,0.0,censored_likelihood_pressure_index,joint_covariate_region_mean
2023-12-13,BDH,0.0,censored_likelihood_pressure_index,joint_covariate_region_mean
2023-12-13,HGA,0.7477468070450881,censored_likelihood_pressure_index,joint_covariate_region_mean
2023-12-13,SHG,0.0,censored_likelihood_pressure_index,joint_covariate_region_mean
2023-12-14,BDH,0.0,censored_likelihood_pressure_index,joint_covariate_region_mean
2023-12-14,HGA,0.7364701805723544,censored_likelihood_pressure_index,joint_covariate_region_mean
2023-12-14,SHG,0.0,censored_likelihood_pressure_index,joint_covariate_region_mean
2023-12-15,BDH,0.0,censored_likelihood_pressure_index,joint_covariate_region_mean
2023-12-15,HGA,0.8025026536853457,censored_likelihood_pressure_index,joint_covariate_region_mean
2023-12-15,SHG,0.0,censored_likelihood_pressure_index,joint_covariate_region_mean
2023-12-16,BDH,0.08183760931356533,censored_likelihood_pressure_index,joint_covariate_region_mean
2023-12-16,HGA,1.165328949311879,censored_likelihood_pressure_index,joint_covariate_region_mean
2023-12-16,SHG,0.0,censored_likelihood_pressure_index,joint_covariate_region_mean
2023-12-17,BDH,0.07481590123840737,censored_likelihood_pressure_index,joint_covariate_region_mean
2023-12-17,HGA,1.1512747995597699,censored_likelihood_pressure_index,joint_covariate_region_mean
2023-12-17,SHG,0.0,censored_likelihood_pressure_index,joint_covariate_region_mean
2023-12-18,BDH,0.0,censored_likelihood_pressure_index,joint_covariate_region_mean
2023-12-18,HGA,0.7745653410224012,censored_likelihood_pressure_index,joint_covariate_region_mean
2023-12-18,SHG,0.0,censored_likelihood_pressure_index,joint_covariate_region_mean
2023-12-19,BDH,0.0,censored_likelihood_pressure_index,joint_covariate_region_mean
2023-12-19,HGA,0.7717493256739325,censored_likelihood_pressure_index,joint_covariate_region_mean
2023-12-19,SHG,0.0,censored_likelihood_pressure_index,joint_covariate_region_mean
2023-12-20,BDH,0.0,censored_likelihood_pressure_index,joint_covariate_region_mean
2023-12-20,HGA,0.7720634310466779,censored_likelihood_pressure_index,joint_covariate_region_mean
2023-12-20,SHG,0.0,censored_likelihood_pressure_index,joint_covariate_region_mean
2023-12-21,BDH,0.0,censored_likelihood_pressure_index,joint_covariate_region_mean
2023-12-21,HGA,0.7593451603501098,censored_likelihood_pressure_index,joint_covariate_region_mean
2023-12-21,SHG,0.0,censored_likelihood_pressure_index,joint_covariate_region_mean
2023-12-22,BDH,0.0,censored_likelihood_pressure_index,joint_covariate_region_mean
2023-12-22,HGA,0.7452061738382234,censored_likelihood_pressure_index,joint_covariate_region_mean
2023-12-22,SHG,0.0,censored_likelihood_pressure_index,joint_covariate_region_mean
2023-12-23,BDH,0.05363390389966596,censored_likelihood_pressure_index,joint_covariate_region_mean
2023-12-23,HGA,1.1088784254210244,censored_likelihood_pressure_index,joint_covariate_region_mean
2023-12-23,SHG,0.0,censored_likelihood_pressure_index,joint_covariate_region_mean
2023-12-24,BDH,0.036890485505496805,censored_likelihood_pressure_index,joint_covariate_region_mean
2023-12-24,HGA,1.0753659941215252,censored_likelihood_pressure_index,joint_covariate_region_mean
2023-12-24,SHG,0.0,censored_likelihood_pressure_index,joint_covariate_region_mean
2023-12-25,BDH,0.0,censored_likelihood_pressure_index,joint_covariate_region_mean
2023-12-25,HGA,0.7541284144320552,censored_likelihood_pressure_index,joint_covariate_region_mean
2023-12-25,SHG,0.0,censored_likelihood_pressure_index,joint_covariate_region_mean
2023-12-26,BDH,0.0,censored_likelihood_pressure_index,joint_covariate_region_mean
2023-12-26,HGA,0.7921224655634755,censored_likelihood_pressure_index,joint_covariate_region_mean
2023-12-26,SHG,0.0,censored_likelihood_pressure_index,joint_covariate_region_mean
2023-12-27,BDH,0.0,censored_likelihood_pressure_index,joint_covariate_region_mean
2023-12-27,HGA,0.820067563060126,censored_likelihood_pressure_index,joint_covariate_region_mean
2023-12-27,SHG,0.0,censored_likelihood_pressure_index,joint_covariate_region_mean
2023-12-28,BDH,0.0,censored_likelihood_pressure_index,joint_covariate_region_mean
2023-12-28,HGA,0.8361236682509936,censored_likelihood_pressure_index,joint_covariate_region_mean
2023-12-28,SHG,0.0,censored_likelihood_pressure_index,joint_covariate_region_mean
2023-12-29,BDH,0.0,censored_likelihood_pressure_index,joint_covariate_region_mean
2023-12-29,HGA,0.854387459094941,censored_likelihood_pressure_index,joint_covariate_region_mean
2023-12-29,SHG,0.0,censored_likelihood_pressure_index,joint_covariate_region_mean
2023-12-30,BDH,0.10581988101765938,censored_likelihood_pressure_index,joint_covariate_region_mean
2023-12-30,HGA,1.2133301527679947,censored_likelihood_pressure_index,joint_covariate_region_mean
2023-12-30,SHG,0.0,censored_likelihood_pressure_index,joint_covariate_region_mean
2023-12-31,BDH,0.10872929242207281,censored_likelihood_pressure_index,joint_covariate_region_mean
2023-12-31,HGA,1.2191534229937653,censored_likelihood_pressure_index,joint_covariate_region_mean
2023-12-31,SHG,0.0,censored_likelihood_pressure_index,joint_covariate_region_mean
2024-01-01,BDH,0.19769039985984047,censored_likelihood_pressure_index,joint_covariate_region_mean
2024-01-01,HGA,1.3972116265905767,censored_likelihood_pressure_index,joint_covariate_region_mean
2024-01-01,SHG,0.0,censored_likelihood_pressure_index,joint_covariate_region_mean
2024-01-02,BDH,0.0,censored_likelihood_pressure_index,joint_covariate_region_mean
2024-01-02,HGA,0.6663042031036654,censored_likelihood_pressure_index,joint_covariate_region_mean
2024-01-02,SHG,0.0,censored_likelihood_pressure_index,joint_covariate_region_mean
2024-01-03,BDH,0.0,censored_likelihood_pressure_index,joint_covariate_region_mean
2024-01-03,HGA,0.76722215441164,censored_likelihood_pressure_index,joint_covariate_region_mean
2024-01-03,SHG,0.0,censored_likelihood_pressure_index,joint_covariate_region_mean
2024-01-04,BDH,0.0,censored_likelihood_pressure_index,joint_covariate_region_mean
2024-01-04,HGA,0.821038062644343,censored_likelihood_pressure_index,joint_covariate_region_mean
2024-01-04,SHG,0.0,censored_likelihood_pressure_index,joint_covariate_region_mean
2024-01-05,BDH,0.0,censored_likelihood_pressure_index,joint_covariate_region_mean
2024-01-05,HGA,0.9654592491321372,censored_likelihood_pressure_index,joint_covariate_region_mean
2024-01-05,SHG,0.0,censored_likelihood_pressure_index,joint_covariate_region_mean
2024-01-06,BDH,0.18961101102030056,censored_likelihood_pressure_index,joint_covariate_region_mean
2024-01-06,HGA,1.381040498505925,censored_likelihood_pressure_index,joint_covariate_region_mean
2024-01-06,SHG,0.0,censored_likelihood_pressure_index,joint_covariate_region_mean
2024-01-07,BDH,0.195273177347091,censored_likelihood_pressure_index,joint_covariate_region_mean
2024-01-07,HGA,1.3923734865234128,censored_likelihood_pressure_index,joint_covariate_region_mean
2024-01-07,SHG,0.0,censored_likelihood_pressure_index,joint_covariate_region_mean
2024-01-08,BDH,0.0,censored_likelihood_pressure_index,joint_covariate_region_mean
2024-01-08,HGA,0.9863028301496999,censored_likelihood_pressure_index,joint_covariate_region_mean
2024-01-08,SHG,0.0,censored_likelihood_pressure_index,joint_covariate_region_mean
2024-01-09,BDH,0.0,censored_likelihood_pressure_index,joint_covariate_region_mean
2024-01-09,HGA,0.9954706504997126,censored_likelihood_pressure_index,joint_covariate_region_mean
2024-01-09,SHG,0.0,censored_likelihood_pressure_index,joint_covariate_region_mean
2024-01-10,BDH,0.0,censored_likelihood_pressure_index,joint_covariate_region_mean
2024-01-10,HGA,0.8812531564401569,censored_likelihood_pressure_index,joint_covariate_region_mean
2024-01-10,SHG,0.0,censored_likelihood_pressure_index,joint_covariate_region_mean
2024-01-11,BDH,0.0,censored_likelihood_pressure_index,joint_covariate_region_mean
2024-01-11,HGA,0.8727820923070437,censored_likelihood_pressure_index,joint_covariate_region_mean
2024-01-11,SHG,0.0,censored_likelihood_pressure_index,joint_covariate_region_mean
2024-01-12,BDH,0.0,censored_likelihood_pressure_index,joint_covariate_region_mean
2024-01-12,HGA,0.8161274403210552,censored_likelihood_pressure_index,joint_covariate_region_mean
2024-01-12,SHG,0.0,censored_likelihood_pressure_index,joint_covariate_region_mean
2024-01-13,BDH,0.19062859012735683,censored_likelihood_pressure_index,joint_covariate_region_mean
2024-01-13,HGA,1.383077212223173,censored_likelihood_pressure_index,joint_covariate_region_mean
2024-01-13,SHG,0.0,censored_likelihood_pressure_index,joint_covariate_region_mean
2024-01-14,BDH,0.16008357106542412,censored_likelihood_pressure_index,joint_covariate_region_mean
2024-01-14,HGA,1.321940482031243,censored_likelihood_pressure_index,joint_covariate_region_mean
2024-01-14,SHG,0.0,censored_likelihood_pressure_index,joint_covariate_region_mean
2024-01-15,BDH,0.0,censored_likelihood_pressure_index,joint_covariate_region_mean
2024-01-15,HGA,0.8954482552389686,censored_likelihood_pressure_index,joint_covariate_region_mean
2024-01-15,SHG,0.0,censored_likelihood_pressure_index,joint_covariate_region_mean
2024-01-16,BDH,0.0,censored_likelihood_pressure_index,joint_covariate_region_mean
2024-01-16,HGA,0.9293032793319917,censored_likelihood_pressure_index,joint_covariate_region_mean
2024-01-16,SHG,0.0,censored_likelihood_pressure_index,joint_covariate_region_mean
2024-01-17,BDH,0.0,censored_likelihood_pressure_index,joint_covariate_region_mean
2024-01-17,HGA,0.8863298359511615,censored_likelihood_pressure_index,joint_covariate_region_mean
2024-01-17,SHG,0.0,censored_likelihood_pressure_index,joint_covariate_region_mean
2024-01-18,BDH,0.0,censored_likelihood_pressure_index,joint_covariate_region_mean
2024-01-18,HGA,0.9083825339606468,censored_likelihood_pressure_index,joint_covariate_region_mean
2024-01-18,SHG,0.0,censored_likelihood_pressure_index,joint_covariate_region_mean
2024-01-19,BDH,0.0,censored_likelihood_pressure_index,joint_covariate_region_mean
2024-01-19,HGA,0.8939864964620714,censored_likelihood_pressure_index,joint_covariate_region_mean
2024-01-19,SHG,0.0,censored_likelihood_pressure_index,joint_covariate_region_mean
2024-01-20,BDH,0.1462447035345653,censored_likelihood_pressure_index,joint_covariate_region_mean
2024-01-20,HGA,1.2942415924453337,censored_likelihood_pressure_index,joint_covariate_region_mean
2024-01-20,SHG,0.0,censored_likelihood_pressure_index,joint_covariate_region_mean
2024-01-21,BDH,0.1108887636813058,censored_likelihood_pressure_index,joint_covariate_region_mean
2024-01-21,HGA,1.2234756665472974,censored_likelihood_pressure_index,joint_covariate_region_mean
2024-01-21,SHG,0.0,censored_likelihood_pressure_index,joint_covariate_region_mean
2024-01-22,BDH,0.0,censored_likelihood_pressure_index,joint_covariate_region_mean
2024-01-22,HGA,0.8339947055085848,censored_likelihood_pressure_index,joint_covariate_region_mean
2024-01-22,SHG,0.0,censored_likelihood_pressure_index,joint_covariate_region_mean
2024-01-23,BDH,0.0,censored_likelihood_pressure_index,joint_covariate_region_mean
2024-01-23,HGA,0.8237539775990796,censored_likelihood_pressure_index,joint_covariate_region_mean
2024-01-23,SHG,0.0,censored_likelihood_pressure_index,joint_covariate_region_mean
2024-01-24,BDH,0.0,censored_likelihood_pressure_index,joint_covariate_region_mean
2024-01-24,HGA,0.9355043155657072,censored_likelihood_pressure_index,joint_covariate_region_mean
2024-01-24,SHG,0.0,censored_likelihood_pressure_index,joint_covariate_region_mean
2024-01-25,BDH,0.0,censored_likelihood_pressure_index,joint_covariate_region_mean
2024-01-25,HGA,0.8911948000065777,censored_likelihood_pressure_index,joint_covariate_region_mean
2024-01-25,SHG,0.0,censored_likelihood_pressure_index,joint_covariate_region_mean
2024-01-26,BDH,0.0,censored_likelihood_pressure_index,joint_covariate_region_mean
2024-01-26,HGA,0.8161629342309074,censored_likelihood_pressure_index,joint_covariate_region_mean
2024-01-26,SHG,0.0,censored_likelihood_pressure_index,joint_covariate_region_mean
2024-01-27,BDH,0.1518314949051634,censored_likelihood_pressure_index,joint_covariate_region_mean
2024-01-27,HGA,1.3054237153299293,censored_likelihood_pressure_index,joint_covariate_region_mean
2024-01-27,SHG,0.0,censored_likelihood_pressure_index,joint_covariate_region_mean
2024-01-28,BDH,0.14944915050649393,censored_likelihood_pressure_index,joint_covariate_region_mean
2024-01-28,HGA,1.3006553848066975,censored_likelihood_pressure_index,joint_covariate_region_mean
2024-01-28,SHG,0.0,censored_likelihood_pressure_index,joint_covariate_region_mean
2024-01-29,BDH,0.0,censored_likelihood_pressure_index,joint_covariate_region_mean
2024-01-29,HGA,0.835450691546078,censored_likelihood_pressure_index,joint_covariate_region_mean
2024-01-29,SHG,0.0,censored_likelihood_pressure_index,joint_covariate_region_mean
2024-01-30,BDH,0.0,censored_likelihood_pressure_index,joint_covariate_region_mean
2024-01-30,HGA,0.9194976173953775,censored_likelihood_pressure_index,joint_covariate_region_mean
2024-01-30,SHG,0.0,censored_likelihood_pressure_index,joint_covariate_region_mean
2024-01-31,BDH,0.0,censored_likelihood_pressure_index,joint_covariate_region_mean
2024-01-31,HGA,0.9610630459665546,censored_likelihood_pressure_index,joint_covariate_region_mean
2024-01-31,SHG,0.0,censored_likelihood_pressure_index,joint_covariate_region_mean
2024-02-01,BDH,0.0,censored_likelihood_pressure_index,joint_covariate_region_mean
2024-02-01,HGA,0.8893686991948939,censored_likelihood_pressure_index,joint_covariate_region_mean
2024-02-01,SHG,0.0,censored_likelihood_pressure_index,joint_covariate_region_mean
2024-02-02,BDH,0.0,censored_likelihood_pressure_index,joint_covariate_region_mean
2024-02-02,HGA,0.8652420016316127,censored_likelihood_pressure_index,joint_covariate_region_mean
2024-02-02,SHG,0.0,censored_likelihood_pressure_index,joint_covariate_region_mean
2024-02-03,BDH,0.178711575023013,censored_likelihood_pressure_index,joint_covariate_region_mean
2024-02-03,HGA,1.3592249652938069,censored_likelihood_pressure_index,joint_covariate_region_mean
2024-02-03,SHG,0.0,censored_likelihood_pressure_index,joint_covariate_region_mean
2024-02-04,BDH,0.12762466059006128,censored_likelihood_pressure_index,joint_covariate_region_mean
2024-02-04,HGA,1.2569730433783923,censored_likelihood_pressure_index,joint_covariate_region_mean
2024-02-04,SHG,0.0,censored_likelihood_pressure_index,joint_covariate_region_mean
2024-02-05,BDH,0.0,censored_likelihood_pressure_index,joint_covariate_region_mean
2024-02-05,HGA,0.9641334961104604,censored_likelihood_pressure_index,joint_covariate_region_mean
2024-02-05,SHG,0.0,censored_likelihood_pressure_index,joint_covariate_region_mean
2024-02-06,BDH,0.0,censored_likelihood_pressure_index,joint_covariate_region_mean
2024-02-06,HGA,0.9510403982305637,censored_likelihood_pressure_index,joint_covariate_region_mean
2024-02-06,SHG,0.0,censored_likelihood_pressure_index,joint_covariate_region_mean
2024-02-07,BDH,0.0,censored_likelihood_pressure_index,joint_covariate_region_mean
2024-02-07,HGA,0.9511117650623955,censored_likelihood_pressure_index,joint_covariate_region_mean
2024-02-07,SHG,0.0,censored_likelihood_pressure_index,joint_covariate_region_mean
2024-02-08,BDH,0.0,censored_likelihood_pressure_index,joint_covariate_region_mean
2024-02-08,HGA,0.9474366371139378,censored_likelihood_pressure_index,joint_covariate_region_mean
2024-02-08,SHG,0.0,censored_likelihood_pressure_index,joint_covariate_region_mean
2024-02-09,BDH,0.0,censored_likelihood_pressure_index,joint_covariate_region_mean
2024-02-09,HGA,0.861306926339827,censored_likelihood_pressure_index,joint_covariate_region_mean
2024-02-09,SHG,0.0,censored_likelihood_pressure_index,joint_covariate_region_mean
2024-02-10,BDH,0.46262794614658614,censored_likelihood_pressure_index,joint_covariate_region_mean
2024-02-10,HGA,1.927491710954023,censored_likelihood_pressure_index,joint_covariate_region_mean
2024-02-10,SHG,0.1789069735372501,censored_likelihood_pressure_index,joint_covariate_region_mean
2024-02-11,BDH,0.5714493829841607,censored_likelihood_pressure_index,joint_covariate_region_mean
2024-02-11,HGA,2.1453009324689103,censored_likelihood_pressure_index,joint_covariate_region_mean
2024-02-11,SHG,0.26661919802752565,censored_likelihood_pressure_index,joint_covariate_region_mean
2024-02-12,BDH,0.42941366088247346,censored_likelihood_pressure_index,joint_covariate_region_mean
2024-02-12,HGA,1.8610123680342294,censored_likelihood_pressure_index,joint_covariate_region_mean
2024-02-12,SHG,0.1521356044942346,censored_likelihood_pressure_index,joint_covariate_region_mean
2024-02-13,BDH,0.4524159973301273,censored_likelihood_pressure_index,joint_covariate_region_mean
2024-02-13,HGA,1.907052203017892,censored_likelihood_pressure_index,joint_covariate_region_mean
2024-02-13,SHG,0.17067594137022052,censored_likelihood_pressure_index,joint_covariate_region_mean
2024-02-14,BDH,0.4485482524289,censored_likelihood_pressure_index,joint_covariate_region_mean
2024-02-14,HGA,1.8993108008600443,censored_likelihood_pressure_index,joint_covariate_region_mean
2024-02-14,SHG,0.16755846269224717,censored_likelihood_pressure_index,joint_covariate_region_mean
2024-02-15,BDH,0.437824615704196,censored_likelihood_pressure_index,joint_covariate_region_mean
2024-02-15,HGA,1.8778471349253398,censored_likelihood_pressure_index,joint_covariate_region_mean
2024-02-15,SHG,0.1589149999786155,censored_likelihood_pressure_index,joint_covariate_region_mean
2024-02-16,BDH,0.5123190169122518,censored_likelihood_pressure_index,joint_covariate_region_mean
2024-02-16,HGA,2.0269498118047338,censored_likelihood_pressure_index,joint_covariate_region_mean
2024-02-16,SHG,0.21895895668341722,censored_likelihood_pressure_index,joint_covariate_region_mean
2024-02-17,BDH,0.7808200793331161,censored_likelihood_pressure_index,joint_covariate_region_mean
2024-02-17,HGA,2.564362375738236,censored_likelihood_pressure_index,joint_covariate_region_mean
2024-02-17,SHG,0.435376108922346,censored_likelihood_pressure_index,joint_covariate_region_mean
2024-02-18,BDH,0.213446063712778,censored_likelihood_pressure_index,joint_covariate_region_mean
2024-02-18,HGA,1.4287470388952381,censored_likelihood_pressure_index,joint_covariate_region_mean
2024-02-18,SHG,0.0,censored_likelihood_pressure_index,joint_covariate_region_mean
2024-02-19,BDH,0.01214444766789464,censored_likelihood_pressure_index,joint_covariate_region_mean
2024-02-19,HGA,1.0258360908816795,censored_likelihood_pressure_index,joint_covariate_region_mean
2024-02-19,SHG,0.0,censored_likelihood_pressure_index,joint_covariate_region_mean
2024-02-20,BDH,0.0,censored_likelihood_pressure_index,joint_covariate_region_mean
2024-02-20,HGA,0.9712756784094247,censored_likelihood_pressure_index,joint_covariate_region_mean
2024-02-20,SHG,0.0,censored_likelihood_pressure_index,joint_covariate_region_mean
2024-02-21,BDH,0.0,censored_likelihood_pressure_index,joint_covariate_region_mean
2024-02-21,HGA,0.9593236052345069,censored_likelihood_pressure_index,joint_covariate_region_mean
2024-02-21,SHG,0.0,censored_likelihood_pressure_index,joint_covariate_region_mean
2024-02-22,BDH,0.0,censored_likelihood_pressure_index,joint_covariate_region_mean
2024-02-22,HGA,0.9090197509663207,censored_likelihood_pressure_index,joint_covariate_region_mean
2024-02-22,SHG,0.0,censored_likelihood_pressure_index,joint_covariate_region_mean
2024-02-23,BDH,0.0,censored_likelihood_pressure_index,joint_covariate_region_mean
2024-02-23,HGA,0.9685920086204896,censored_likelihood_pressure_index,joint_covariate_region_mean
2024-02-23,SHG,0.0,censored_likelihood_pressure_index,joint_covariate_region_mean
2024-02-24,BDH,0.14872849267922209,censored_likelihood_pressure_index,joint_covariate_region_mean
2024-02-24,HGA,1.29921296753214,censored_likelihood_pressure_index,joint_covariate_region_mean
2024-02-24,SHG,0.0,censored_likelihood_pressure_index,joint_covariate_region_mean
2024-02-25,BDH,0.1840236636727124,censored_likelihood_pressure_index,joint_covariate_region_mean
2024-02-25,HGA,1.3698572628174652,censored_likelihood_pressure_index,joint_covariate_region_mean
2024-02-25,SHG,0.0,censored_likelihood_pressure_index,joint_covariate_region_mean
2024-02-26,BDH,0.0,censored_likelihood_pressure_index,joint_covariate_region_mean
2024-02-26,HGA,0.8700683392200455,censored_likelihood_pressure_index,joint_covariate_region_mean
2024-02-26,SHG,0.0,censored_likelihood_pressure_index,joint_covariate_region_mean
2024-02-27,BDH,0.0,censored_likelihood_pressure_index,joint_covariate_region_mean
2024-02-27,HGA,0.9776547110949361,censored_likelihood_pressure_index,joint_covariate_region_mean
2024-02-27,SHG,0.0,censored_likelihood_pressure_index,joint_covariate_region_mean
2024-02-28,BDH,0.0,censored_likelihood_pressure_index,joint_covariate_region_mean
2024-02-28,HGA,0.9771179620287795,censored_likelihood_pressure_index,joint_covariate_region_mean
2024-02-28,SHG,0.0,censored_likelihood_pressure_index,joint_covariate_region_mean
2024-02-29,BDH,0.0,censored_likelihood_pressure_index,joint_covariate_region_mean
2024-02-29,HGA,0.8145801814063494,censored_likelihood_pressure_index,joint_covariate_region_mean
2024-02-29,SHG,0.0,censored_likelihood_pressure_index,joint_covariate_region_mean
2024-03-01,BDH,0.0,censored_likelihood_pressure_index,joint_covariate_region_mean
2024-03-01,HGA,0.8599325640467756,censored_likelihood_pressure_index,joint_covariate_region_mean
2024-03-01,SHG,0.0,censored_likelihood_pressure_index,joint_covariate_region_mean
2024-03-02,BDH,0.16912911064512462,censored_likelihood_pressure_index,joint_covariate_region_mean
2024-03-02,HGA,1.3400453884843473,censored_likelihood_pressure_index,joint_covariate_region_mean
2024-03-02,SHG,0.0,censored_likelihood_pressure_index,joint_covariate_region_mean
2024-03-03,BDH,0.10296270784916706,censored_likelihood_pressure_index,joint_covariate_region_mean
2024-03-03,HGA,1.2076114388670618,censored_likelihood_pressure_index,joint_covariate_region_mean
2024-03-03,SHG,0.0,censored_likelihood_pressure_index,joint_covariate_region_mean
2024-03-04,BDH,0.0,censored_likelihood_pressure_index,joint_covariate_region_mean
2024-03-04,HGA,0.8390349785514211,censored_likelihood_pressure_index,joint_covariate_region_mean
2024-03-04,SHG,0.0,censored_likelihood_pressure_index,joint_covariate_region_mean
2024-03-05,BDH,0.0,censored_likelihood_pressure_index,joint_covariate_region_mean
2024-03-05,HGA,0.9508071193334009,censored_likelihood_pressure_index,joint_covariate_region_mean
2024-03-05,SHG,0.0,censored_likelihood_pressure_index,joint_covariate_region_mean
2024-03-06,BDH,0.0,censored_likelihood_pressure_index,joint_covariate_region_mean
2024-03-06,HGA,0.9532327891017147,censored_likelihood_pressure_index,joint_covariate_region_mean
2024-03-06,SHG,0.0,censored_likelihood_pressure_index,joint_covariate_region_mean
2024-03-07,BDH,0.0,censored_likelihood_pressure_index,joint_covariate_region_mean
2024-03-07,HGA,0.8687127674690902,censored_likelihood_pressure_index,joint_covariate_region_mean
2024-03-07,SHG,0.0,censored_likelihood_pressure_index,joint_covariate_region_mean
2024-03-08,BDH,0.0,censored_likelihood_pressure_index,joint_covariate_region_mean
2024-03-08,HGA,0.9379931525138019,censored_likelihood_pressure_index,joint_covariate_region_mean
2024-03-08,SHG,0.0,censored_likelihood_pressure_index,joint_covariate_region_mean
2024-03-09,BDH,0.15121255826033578,censored_likelihood_pressure_index,joint_covariate_region_mean
2024-03-09,HGA,1.30418489591443,censored_likelihood_pressure_index,joint_covariate_region_mean
2024-03-09,SHG,0.0,censored_likelihood_pressure_index,joint_covariate_region_mean
2024-03-10,BDH,0.11189869689075561,censored_likelihood_pressure_index,joint_covariate_region_mean
2024-03-10,HGA,1.2254970767815752,censored_likelihood_pressure_index,joint_covariate_region_mean
2024-03-10,SHG,0.0,censored_likelihood_pressure_index,joint_covariate_region_mean
2024-03-11,BDH,0.0,censored_likelihood_pressure_index,joint_covariate_region_mean
2024-03-11,HGA,0.8577642723442405,censored_likelihood_pressure_index,joint_covariate_region_mean
2024-03-11,SHG,0.0,censored_likelihood_pressure_index,joint_covariate_region_mean
2024-03-12,BDH,0.0,censored_likelihood_pressure_index,joint_covariate_region_mean
2024-03-12,HGA,0.9429286615177164,censored_likelihood_pressure_index,joint_covariate_region_mean
2024-03-12,SHG,0.0,censored_likelihood_pressure_index,joint_covariate_region_mean
2024-03-13,BDH,0.0,censored_likelihood_pressure_index,joint_covariate_region_mean
2024-03-13,HGA,0.9222376841342652,censored_likelihood_pressure_index,joint_covariate_region_mean
2024-03-13,SHG,0.0,censored_likelihood_pressure_index,joint_covariate_region_mean
2024-03-14,BDH,0.003138376191768844,censored_likelihood_pressure_index,joint_covariate_region_mean
2024-03-14,HGA,1.0078101809678977,censored_likelihood_pressure_index,joint_covariate_region_mean
2024-03-14,SHG,0.0,censored_likelihood_pressure_index,joint_covariate_region_mean
2024-03-15,BDH,0.03935379931654984,censored_likelihood_pressure_index,joint_covariate_region_mean
2024-03-15,HGA,1.0802963872418911,censored_likelihood_pressure_index,joint_covariate_region_mean
2024-03-15,SHG,0.0,censored_likelihood_pressure_index,joint_covariate_region_mean
2024-03-16,BDH,0.18891643469997121,censored_likelihood_pressure_index,joint_covariate_region_mean
2024-03-16,HGA,1.3796502841142568,censored_likelihood_pressure_index,joint_covariate_region_mean
2024-03-16,SHG,0.0,censored_likelihood_pressure_index,joint_covariate_region_mean
2024-03-17,BDH,0.14281069161600862,censored_likelihood_pressure_index,joint_covariate_region_mean
2024-03-17,HGA,1.2873683192705814,censored_likelihood_pressure_index,joint_covariate_region_mean
2024-03-17,SHG,0.0,censored_likelihood_pressure_index,joint_covariate_region_mean
2024-03-18,BDH,0.0,censored_likelihood_pressure_index,joint_covariate_region_mean
2024-03-18,HGA,0.8898220330298969,censored_likelihood_pressure_index,joint_covariate_region_mean
2024-03-18,SHG,0.0,censored_likelihood_pressure_index,joint_covariate_region_mean
2024-03-19,BDH,0.0,censored_likelihood_pressure_index,joint_covariate_region_mean
2024-03-19,HGA,1.0003246433670014,censored_likelihood_pressure_index,joint_covariate_region_mean
2024-03-19,SHG,0.0,censored_likelihood_pressure_index,joint_covariate_region_mean
2024-03-20,BDH,0.0,censored_likelihood_pressure_index,joint_covariate_region_mean
2024-03-20,HGA,0.9832563344428742,censored_likelihood_pressure_index,joint_covariate_region_mean
2024-03-20,SHG,0.0,censored_likelihood_pressure_index,joint_covariate_region_mean
2024-03-21,BDH,0.0,censored_likelihood_pressure_index,joint_covariate_region_mean
2024-03-21,HGA,0.949532658551312,censored_likelihood_pressure_index,joint_covariate_region_mean
2024-03-21,SHG,0.0,censored_likelihood_pressure_index,joint_covariate_region_mean
2024-03-22,BDH,0.0,censored_likelihood_pressure_index,joint_covariate_region_mean
2024-03-22,HGA,0.9558174671191211,censored_likelihood_pressure_index,joint_covariate_region_mean
2024-03-22,SHG,0.0,censored_likelihood_pressure_index,joint_covariate_region_mean
2024-03-23,BDH,0.28672808005534284,censored_likelihood_pressure_index,joint_covariate_region_mean
2024-03-23,HGA,1.5754230927543613,censored_likelihood_pressure_index,joint_covariate_region_mean
2024-03-23,SHG,0.03712821201039188,censored_likelihood_pressure_index,joint_covariate_region_mean
2024-03-24,BDH,0.2509089618916262,censored_likelihood_pressure_index,joint_covariate_region_mean
2024-03-24,HGA,1.5037301022066112,censored_likelihood_pressure_index,joint_covariate_region_mean
2024-03-24,SHG,0.008257296272447782,censored_likelihood_pressure_index,joint_covariate_region_mean
2024-03-25,BDH,0.09650177147147171,censored_likelihood_pressure_index,joint_covariate_region_mean
2024-03-25,HGA,1.194679689722971,censored_likelihood_pressure_index,joint_covariate_region_mean
2024-03-25,SHG,0.0,censored_likelihood_pressure_index,joint_covariate_region_mean
2024-03-26,BDH,0.11345107442398661,censored_likelihood_pressure_index,joint_covariate_region_mean
2024-03-26,HGA,1.228604204860714,censored_likelihood_pressure_index,joint_covariate_region_mean
2024-03-26,SHG,0.0,censored_likelihood_pressure_index,joint_covariate_region_mean
2024-03-27,BDH,0.13271263733124386,censored_likelihood_pressure_index,joint_covariate_region_mean
2024-03-27,HGA,1.2671567745005694,censored_likelihood_pressure_index,joint_covariate_region_mean
2024-03-27,SHG,0.0,censored_likelihood_pressure_index,joint_covariate_region_mean
2024-03-28,BDH,0.10768675960269194,censored_likelihood_pressure_index,joint_covariate_region_mean
2024-03-28,HGA,1.2170667637068453,censored_likelihood_pressure_index,joint_covariate_region_mean
2024-03-28,SHG,0.0,censored_likelihood_pressure_index,joint_covariate_region_mean
2024-03-29,BDH,0.09317249484741433,censored_likelihood_pressure_index,joint_covariate_region_mean
2024-03-29,HGA,1.1880160472388526,censored_likelihood_pressure_index,joint_covariate_region_mean
2024-03-29,SHG,0.0,censored_likelihood_pressure_index,joint_covariate_region_mean
2024-03-30,BDH,0.28227170355497966,censored_likelihood_pressure_index,joint_covariate_region_mean
2024-03-30,HGA,1.566503527597635,censored_likelihood_pressure_index,joint_covariate_region_mean
2024-03-30,SHG,0.03353628465331733,censored_likelihood_pressure_index,joint_covariate_region_mean
2024-03-31,BDH,0.2859032745271828,censored_likelihood_pressure_index,joint_covariate_region_mean
2024-03-31,HGA,1.5737722208746066,censored_likelihood_pressure_index,joint_covariate_region_mean
2024-03-31,SHG,0.036463402486191454,censored_likelihood_pressure_index,joint_covariate_region_mean
2024-04-01,BDH,0.0,censored_likelihood_pressure_index,joint_covariate_region_mean
2024-04-01,HGA,0.9536928913948515,censored_likelihood_pressure_index,joint_covariate_region_mean
2024-04-01,SHG,0.0,censored_likelihood_pressure_index,joint_covariate_region_mean
2024-04-02,BDH,0.10546959932133029,censored_likelihood_pressure_index,joint_covariate_region_mean
2024-04-02,HGA,1.212629053923819,censored_likelihood_pressure_index,joint_covariate_region_mean
2024-04-02,SHG,0.0,censored_likelihood_pressure_index,joint_covariate_region_mean
2024-04-03,BDH,0.12497774614168798,censored_likelihood_pressure_index,joint_covariate_region_mean
2024-04-03,HGA,1.25167516832573,censored_likelihood_pressure_index,joint_covariate_region_mean
2024-04-03,SHG,0.0,censored_likelihood_pressure_index,joint_covariate_region_mean
2024-04-04,BDH,0.6499103169115834,censored_likelihood_pressure_index,joint_covariate_region_mean
2024-04-04,HGA,2.302342738152569,censored_likelihood_pressure_index,joint_covariate_region_mean
2024-04-04,SHG,0.32986025834021687,censored_likelihood_pressure_index,joint_covariate_region_mean
2024-04-05,BDH,0.48673032645037817,censored_likelihood_pressure_index,joint_covariate_region_mean
2024-04-05,HGA,1.9757333152112833,censored_likelihood_pressure_index,joint_covariate_region_mean
2024-04-05,SHG,0.19833396745860063,censored_likelihood_pressure_index,joint_covariate_region_mean
2024-04-06,BDH,0.8667510044422333,censored_likelihood_pressure_index,joint_covariate_region_mean
2024-04-06,HGA,2.7363555826466044,censored_likelihood_pressure_index,joint_covariate_region_mean
2024-04-06,SHG,0.5046381294659441,censored_likelihood_pressure_index,joint_covariate_region_mean
2024-04-07,BDH,0.25474075761547077,censored_likelihood_pressure_index,joint_covariate_region_mean
2024-04-07,HGA,1.5113995510566602,censored_likelihood_pressure_index,joint_covariate_region_mean
2024-04-07,SHG,0.011345799204387419,censored_likelihood_pressure_index,joint_covariate_region_mean
2024-04-08,BDH,0.10607151882100367,censored_likelihood_pressure_index,joint_covariate_region_mean
2024-04-08,HGA,1.2138338130360715,censored_likelihood_pressure_index,joint_covariate_region_mean
2024-04-08,SHG,0.0,censored_likelihood_pressure_index,joint_covariate_region_mean
2024-04-09,BDH,0.008964094350732834,censored_likelihood_pressure_index,joint_covariate_region_mean
2024-04-09,HGA,1.0194705226601601,censored_likelihood_pressure_index,joint_covariate_region_mean
2024-04-09,SHG,0.0,censored_likelihood_pressure_index,joint_covariate_region_mean
2024-04-10,BDH,0.07516523982488003,censored_likelihood_pressure_index,joint_covariate_region_mean
2024-04-10,HGA,1.151974010742566,censored_likelihood_pressure_index,joint_covariate_region_mean
2024-04-10,SHG,0.0,censored_likelihood_pressure_index,joint_covariate_region_mean
2024-04-11,BDH,0.114119879675143,censored_likelihood_pressure_index,joint_covariate_region_mean
2024-04-11,HGA,1.2299428377195767,censored_likelihood_pressure_index,joint_covariate_region_mean
2024-04-11,SHG,0.0,censored_likelihood_pressure_index,joint_covariate_region_mean
2024-04-12,BDH,0.0313196594109583,censored_likelihood_pressure_index,joint_covariate_region_mean
2024-04-12,HGA,1.0642158261940668,censored_likelihood_pressure_index,joint_covariate_region_mean
2024-04-12,SHG,0.0,censored_likelihood_pressure_index,joint_covariate_region_mean
2024-04-13,BDH,0.2580761372048533,censored_likelihood_pressure_index,joint_covariate_region_mean
2024-04-13,HGA,1.5180754088006116,censored_likelihood_pressure_index,joint_covariate_region_mean
2024-04-13,SHG,0.014034180940615164,censored_likelihood_pressure_index,joint_covariate_region_mean
2024-04-14,BDH,0.2216562136029129,censored_likelihood_pressure_index,joint_covariate_region_mean
2024-04-14,HGA,1.4451798889664969,censored_likelihood_pressure_index,joint_covariate_region_mean
2024-04-14,SHG,0.0,censored_likelihood_pressure_index,joint_covariate_region_mean
2024-04-15,BDH,0.2686389093578668,censored_likelihood_pressure_index,joint_covariate_region_mean
2024-04-15,HGA,1.5392170996893375,censored_likelihood_pressure_index,joint_covariate_region_mean
2024-04-15,SHG,0.0225479836365639,censored_likelihood_pressure_index,joint_covariate_region_mean
2024-04-16,BDH,0.30358508566329234,censored_likelihood_pressure_index,joint_covariate_region_mean
2024-04-16,HGA,1.6091628721143767,censored_likelihood_pressure_index,joint_covariate_region_mean
2024-04-16,SHG,0.05071529101877869,censored_likelihood_pressure_index,joint_covariate_region_mean
2024-04-17,BDH,0.2563650610125346,censored_likelihood_pressure_index,joint_covariate_region_mean
2024-04-17,HGA,1.5146506408115816,censored_likelihood_pressure_index,joint_covariate_region_mean
2024-04-17,SHG,0.012655019780258198,censored_likelihood_pressure_index,joint_covariate_region_mean
2024-04-18,BDH,0.19291634702657567,censored_likelihood_pressure_index,joint_covariate_region_mean
2024-04-18,HGA,1.3876562231581042,censored_likelihood_pressure_index,joint_covariate_region_mean
2024-04-18,SHG,0.0,censored_likelihood_pressure_index,joint_covariate_region_mean
2024-04-19,BDH,0.12984457638074615,censored_likelihood_pressure_index,joint_covariate_region_mean
2024-04-19,HGA,1.2614162683922228,censored_likelihood_pressure_index,joint_covariate_region_mean
2024-04-19,SHG,0.0,censored_likelihood_pressure_index,joint_covariate_region_mean
2024-04-20,BDH,0.34448431121453554,censored_likelihood_pressure_index,joint_covariate_region_mean
2024-04-20,HGA,1.691023843047653,censored_likelihood_pressure_index,joint_covariate_region_mean
2024-04-20,SHG,0.08368087351134863,censored_likelihood_pressure_index,joint_covariate_region_mean
2024-04-21,BDH,0.2921108298128862,censored_likelihood_pressure_index,joint_covariate_region_mean
2024-04-21,HGA,1.5861968205084795,censored_likelihood_pressure_index,joint_covariate_region_mean
2024-04-21,SHG,0.04146681448458381,censored_likelihood_pressure_index,joint_covariate_region_mean
2024-04-22,BDH,0.10072090606646958,censored_likelihood_pressure_index,joint_covariate_region_mean
2024-04-22,HGA,1.2031244084135966,censored_likelihood_pressure_index,joint_covariate_region_mean
2024-04-22,SHG,0.0,censored_likelihood_pressure_index,joint_covariate_region_mean
2024-04-23,BDH,0.0,censored_likelihood_pressure_index,joint_covariate_region_mean
2024-04-23,HGA,0.7458465074679173,censored_likelihood_pressure_index,joint_covariate_region_mean
2024-04-23,SHG,0.0,censored_likelihood_pressure_index,joint_covariate_region_mean
2024-04-24,BDH,0.17728214855816485,censored_likelihood_pressure_index,joint_covariate_region_mean
2024-04-24,HGA,1.3563639272982688,censored_likelihood_pressure_index,joint_covariate_region_mean
2024-04-24,SHG,0.0,censored_likelihood_pressure_index,joint_covariate_region_mean
2024-04-25,BDH,0.08149562692015241,censored_likelihood_pressure_index,joint_covariate_region_mean
2024-04-25,HGA,1.1646444617601093,censored_likelihood_pressure_index,joint_covariate_region_mean
2024-04-25,SHG,0.0,censored_likelihood_pressure_index,joint_covariate_region_mean
2024-04-26,BDH,0.1186249478575747,censored_likelihood_pressure_index,joint_covariate_region_mean
2024-04-26,HGA,1.2389598606720629,censored_likelihood_pressure_index,joint_covariate_region_mean
2024-04-26,SHG,0.0,censored_likelihood_pressure_index,joint_covariate_region_mean
2024-04-27,BDH,0.32756966971825274,censored_likelihood_pressure_index,joint_covariate_region_mean
2024-04-27,HGA,1.6571687038069562,censored_likelihood_pressure_index,joint_covariate_region_mean
2024-04-27,SHG,0.07004733884015224,censored_likelihood_pressure_index,joint_covariate_region_mean
2024-04-28,BDH,0.3788472858677447,censored_likelihood_pressure_index,joint_covariate_region_mean
2024-04-28,HGA,1.759802320668038,censored_likelihood_pressure_index,joint_covariate_region_mean
2024-04-28,SHG,0.1113781088587799,censored_likelihood_pressure_index,joint_covariate_region_mean
2024-04-29,BDH,0.21719884676635037,censored_likelihood_pressure_index,joint_covariate_region_mean
2024-04-29,HGA,1.436258341623513,censored_likelihood_pressure_index,joint_covariate_region_mean
2024-04-29,SHG,0.0,censored_likelihood_pressure_index,joint_covariate_region_mean
2024-04-30,BDH,0.14359115475486828,censored_likelihood_pressure_index,joint_covariate_region_mean
2024-04-30,HGA,1.2889304385885776,censored_likelihood_pressure_index,joint_covariate_region_mean
2024-04-30,SHG,0.0,censored_likelihood_pressure_index,joint_covariate_region_mean
2024-05-01,BDH,0.9343780249840998,censored_likelihood_pressure_index,joint_covariate_region_mean
2024-05-01,HGA,2.871713000501514,censored_likelihood_pressure_index,joint_covariate_region_mean
2024-05-01,SHG,0.5591468419012546,censored_likelihood_pressure_index,joint_covariate_region_mean
2024-05-02,BDH,1.040569103860392,censored_likelihood_pressure_index,joint_covariate_region_mean
2024-05-02,HGA,3.084257485246683,censored_likelihood_pressure_index,joint_covariate_region_mean
2024-05-02,SHG,0.6447389459934314,censored_likelihood_pressure_index,joint_covariate_region_mean
2024-05-03,BDH,0.935224842395951,censored_likelihood_pressure_index,joint_covariate_region_mean
2024-05-03,HGA,2.873407929796703,censored_likelihood_pressure_index,joint_covariate_region_mean
2024-05-03,SHG,0.5598293934378735,censored_likelihood_pressure_index,joint_covariate_region_mean
2024-05-04,BDH,1.2046782232098967,censored_likelihood_pressure_index,joint_covariate_region_mean
2024-05-04,HGA,3.412726586259941,censored_likelihood_pressure_index,joint_covariate_region_mean
2024-05-04,SHG,0.7770141330851992,censored_likelihood_pressure_index,joint_covariate_region_mean
2024-05-05,BDH,0.9552104733953557,censored_likelihood_pressure_index,joint_covariate_region_mean
2024-05-05,HGA,2.9134097424539043,censored_likelihood_pressure_index,joint_covariate_region_mean
2024-05-05,SHG,0.5759382062209293,censored_likelihood_pressure_index,joint_covariate_region_mean
2024-05-06,BDH,0.10699174368698629,censored_likelihood_pressure_index,joint_covariate_region_mean
2024-05-06,HGA,1.2156756694524455,censored_likelihood_pressure_index,joint_covariate_region_mean
2024-05-06,SHG,0.0,censored_likelihood_pressure_index,joint_covariate_region_mean
2024-05-07,BDH,0.160235121369648,censored_likelihood_pressure_index,joint_covariate_region_mean
2024-05-07,HGA,1.3222438143042088,censored_likelihood_pressure_index,joint_covariate_region_mean
2024-05-07,SHG,0.0,censored_likelihood_pressure_index,joint_covariate_region_mean
2024-05-08,BDH,0.06636683353293793,censored_likelihood_pressure_index,joint_covariate_region_mean
2024-05-08,HGA,1.1343637486406237,censored_likelihood_pressure_index,joint_covariate_region_mean
2024-05-08,SHG,0.0,censored_likelihood_pressure_index,joint_covariate_region_mean
2024-05-09,BDH,0.03611930635922337,censored_likelihood_pressure_index,joint_covariate_region_mean
2024-05-09,HGA,1.0738224569805017,censored_likelihood_pressure_index,joint_covariate_region_mean
2024-05-09,SHG,0.0,censored_likelihood_pressure_index,joint_covariate_region_mean
2024-05-10,BDH,0.05294971913620177,censored_likelihood_pressure_index,joint_covariate_region_mean
2024-05-10,HGA,1.107509010027944,censored_likelihood_pressure_index,joint_covariate_region_mean
2024-05-10,SHG,0.0,censored_likelihood_pressure_index,joint_covariate_region_mean
2024-05-11,BDH,0.3009626853935737,censored_likelihood_pressure_index,joint_covariate_region_mean
2024-05-11,HGA,1.6039140628921604,censored_likelihood_pressure_index,joint_covariate_region_mean
2024-05-11,SHG,0.048601584677037936,censored_likelihood_pressure_index,joint_covariate_region_mean
2024-05-12,BDH,0.29479236466841574,censored_likelihood_pressure_index,joint_covariate_region_mean
2024-05-12,HGA,1.5915639892972884,censored_likelihood_pressure_index,joint_covariate_region_mean
2024-05-12,SHG,0.04362818446886152,censored_likelihood_pressure_index,joint_covariate_region_mean
2024-05-13,BDH,0.05348463691305046,censored_likelihood_pressure_index,joint_covariate_region_mean
2024-05-13,HGA,1.108579663273626,censored_likelihood_pressure_index,joint_covariate_region_mean
2024-05-13,SHG,0.0,censored_likelihood_pressure_index,joint_covariate_region_mean
2024-05-14,BDH,0.10595208610322343,censored_likelihood_pressure_index,joint_covariate_region_mean
2024-05-14,HGA,1.2135947650319365,censored_likelihood_pressure_index,joint_covariate_region_mean
2024-05-14,SHG,0.0,censored_likelihood_pressure_index,joint_covariate_region_mean
2024-05-15,BDH,0.06889828713972315,censored_likelihood_pressure_index,joint_covariate_region_mean
2024-05-15,HGA,1.13943052551307,censored_likelihood_pressure_index,joint_covariate_region_mean
2024-05-15,SHG,0.0,censored_likelihood_pressure_index,joint_covariate_region_mean
2024-05-16,BDH,0.1192889066105287,censored_likelihood_pressure_index,joint_covariate_region_mean
2024-05-16,HGA,1.240288793126013,censored_likelihood_pressure_index,joint_covariate_region_mean
2024-05-16,SHG,0.0,censored_likelihood_pressure_index,joint_covariate_region_mean
2024-05-17,BDH,0.10436437777711174,censored_likelihood_pressure_index,joint_covariate_region_mean
2024-05-17,HGA,1.2104169213592857,censored_likelihood_pressure_index,joint_covariate_region_mean
2024-05-17,SHG,0.0,censored_likelihood_pressure_index,joint_covariate_region_mean
2024-05-18,BDH,0.31850255304992564,censored_likelihood_pressure_index,joint_covariate_region_mean
2024-05-18,HGA,1.6390206101931888,censored_likelihood_pressure_index,joint_covariate_region_mean
2024-05-18,SHG,0.06273906396524062,censored_likelihood_pressure_index,joint_covariate_region_mean
2024-05-19,BDH,0.17724319938737354,censored_likelihood_pressure_index,joint_covariate_region_mean
2024-05-19,HGA,1.3562859694177698,censored_likelihood_pressure_index,joint_covariate_region_mean
2024-05-19,SHG,0.0,censored_likelihood_pressure_index,joint_covariate_region_mean
2024-05-20,BDH,0.08772298946373842,censored_likelihood_pressure_index,joint_covariate_region_mean
2024-05-20,HGA,1.177108706187739,censored_likelihood_pressure_index,joint_covariate_region_mean
2024-05-20,SHG,0.0,censored_likelihood_pressure_index,joint_covariate_region_mean
2024-05-21,BDH,0.07708384122293356,censored_likelihood_pressure_index,joint_covariate_region_mean
2024-05-21,HGA,1.1558141463725624,censored_likelihood_pressure_index,joint_covariate_region_mean
2024-05-21,SHG,0.0,censored_likelihood_pressure_index,joint_covariate_region_mean
2024-05-22,BDH,0.07602539596123328,censored_likelihood_pressure_index,joint_covariate_region_mean
2024-05-22,HGA,1.1536956378767491,censored_likelihood_pressure_index,joint_covariate_region_mean
2024-05-22,SHG,0.0,censored_likelihood_pressure_index,joint_covariate_region_mean
2024-05-23,BDH,0.058989807135788976,censored_likelihood_pressure_index,joint_covariate_region_mean
2024-05-23,HGA,1.1195984190938724,censored_likelihood_pressure_index,joint_covariate_region_mean
2024-05-23,SHG,0.0,censored_likelihood_pressure_index,joint_covariate_region_mean
2024-05-24,BDH,0.1334057224057296,censored_likelihood_pressure_index,joint_covariate_region_mean
2024-05-24,HGA,1.2685440041209857,censored_likelihood_pressure_index,joint_covariate_region_mean
2024-05-24,SHG,0.0,censored_likelihood_pressure_index,joint_covariate_region_mean
2024-05-25,BDH,0.2738864230833485,censored_likelihood_pressure_index,joint_covariate_region_mean
2024-05-25,HGA,1.5497201486533188,censored_likelihood_pressure_index,joint_covariate_region_mean
2024-05-25,SHG,0.026777583201512137,censored_likelihood_pressure_index,joint_covariate_region_mean
2024-05-26,BDH,0.3178148672980679,censored_likelihood_pressure_index,joint_covariate_region_mean
2024-05-26,HGA,1.6376441874716017,censored_likelihood_pressure_index,joint_covariate_region_mean
2024-05-26,SHG,0.0621847756852968,censored_likelihood_pressure_index,joint_covariate_region_mean
2024-05-27,BDH,0.08774833484046966,censored_likelihood_pressure_index,joint_covariate_region_mean
2024-05-27,HGA,1.1771594356849344,censored_likelihood_pressure_index,joint_covariate_region_mean
2024-05-27,SHG,0.0,censored_likelihood_pressure_index,joint_covariate_region_mean
2024-05-28,BDH,0.12481658885865114,censored_likelihood_pressure_index,joint_covariate_region_mean
2024-05-28,HGA,1.2513526074096109,censored_likelihood_pressure_index,joint_covariate_region_mean
2024-05-28,SHG,0.0,censored_likelihood_pressure_index,joint_covariate_region_mean
2024-05-29,BDH,0.11787702786497782,censored_likelihood_pressure_index,joint_covariate_region_mean
2024-05-29,HGA,1.2374628773930598,censored_likelihood_pressure_index,joint_covariate_region_mean
2024-05-29,SHG,0.0,censored_likelihood_pressure_index,joint_covariate_region_mean
2024-05-30,BDH,0.10647824277048472,censored_likelihood_pressure_index,joint_covariate_region_mean
2024-05-30,HGA,1.2146478826659384,censored_likelihood_pressure_index,joint_covariate_region_mean
2024-05-30,SHG,0.0,censored_likelihood_pressure_index,joint_covariate_region_mean
2024-05-31,BDH,0.14086697833855363,censored_likelihood_pressure_index,joint_covariate_region_mean
2024-05-31,HGA,1.2834779214949803,censored_likelihood_pressure_index,joint_covariate_region_mean
2024-05-31,SHG,0.0,censored_likelihood_pressure_index,joint_covariate_region_mean
2024-06-01,BDH,0.33537904382502937,censored_likelihood_pressure_index,joint_covariate_region_mean
2024-06-01,HGA,1.6727993896731461,censored_likelihood_pressure_index,joint_covariate_region_mean
2024-06-01,SHG,0.0763418484026801,censored_likelihood_pressure_index,joint_covariate_region_mean
2024-06-02,BDH,0.26328658064384225,censored_likelihood_pressure_index,joint_covariate_region_mean
2024-06-02,HGA,1.5285042605248127,censored_likelihood_pressure_index,joint_covariate_region_mean
2024-06-02,SHG,0.0182339011234743,censored_likelihood_pressure_index,joint_covariate_region_mean
2024-06-03,BDH,0.09726854980929284,censored_likelihood_pressure_index,joint_covariate_region_mean
2024-06-03,HGA,1.1962144185198769,censored_likelihood_pressure_index,joint_covariate_region_mean
2024-06-03,SHG,0.0,censored_likelihood_pressure_index,joint_covariate_region_mean
2024-06-04,BDH,0.1386785660495662,censored_likelihood_pressure_index,joint_covariate_region_mean
2024-06-04,HGA,1.2790977516417792,censored_likelihood_pressure_index,joint_covariate_region_mean
2024-06-04,SHG,0.0,censored_likelihood_pressure_index,joint_covariate_region_mean
2024-06-05,BDH,0.16515486798646398,censored_likelihood_pressure_index,joint_covariate_region_mean
2024-06-05,HGA,1.3320908280158417,censored_likelihood_pressure_index,joint_covariate_region_mean
2024-06-05,SHG,0.0,censored_likelihood_pressure_index,joint_covariate_region_mean
2024-06-06,BDH,0.1280379833804589,censored_likelihood_pressure_index,joint_covariate_region_mean
2024-06-06,HGA,1.257800320777286,censored_likelihood_pressure_index,joint_covariate_region_mean
2024-06-06,SHG,0.0,censored_likelihood_pressure_index,joint_covariate_region_mean
2024-06-07,BDH,0.11628470187432334,censored_likelihood_pressure_index,joint_covariate_region_mean
2024-06-07,HGA,1.234275791332617,censored_likelihood_pressure_index,joint_covariate_region_mean
2024-06-07,SHG,0.0,censored_likelihood_pressure_index,joint_covariate_region_mean
2024-06-08,BDH,0.4093635658142609,censored_likelihood_pressure_index,joint_covariate_region_mean
2024-06-08,HGA,1.8208815286976283,censored_likelihood_pressure_index,joint_covariate_region_mean
2024-06-08,SHG,0.1359748324002276,censored_likelihood_pressure_index,joint_covariate_region_mean
2024-06-09,BDH,0.43576610797363635,censored_likelihood_pressure_index,joint_covariate_region_mean
2024-06-09,HGA,1.873726972765151,censored_likelihood_pressure_index,joint_covariate_region_mean
2024-06-09,SHG,0.15725580214568013,censored_likelihood_pressure_index,joint_covariate_region_mean
2024-06-10,BDH,0.6019676825632505,censored_likelihood_pressure_index,joint_covariate_region_mean
2024-06-10,HGA,2.2063841828509205,censored_likelihood_pressure_index,joint_covariate_region_mean
2024-06-10,SHG,0.2912175494326629,censored_likelihood_pressure_index,joint_covariate_region_mean
2024-06-11,BDH,0.1431214767099995,censored_likelihood_pressure_index,joint_covariate_region_mean
2024-06-11,HGA,1.2879903645343433,censored_likelihood_pressure_index,joint_covariate_region_mean
2024-06-11,SHG,0.0,censored_likelihood_pressure_index,joint_covariate_region_mean
2024-06-12,BDH,0.1649900593762242,censored_likelihood_pressure_index,joint_covariate_region_mean
2024-06-12,HGA,1.3317609588637844,censored_likelihood_pressure_index,joint_covariate_region_mean
2024-06-12,SHG,0.0,censored_likelihood_pressure_index,joint_covariate_region_mean
2024-06-13,BDH,0.14138725790103376,censored_likelihood_pressure_index,joint_covariate_region_mean
2024-06-13,HGA,1.284519275935494,censored_likelihood_pressure_index,joint_covariate_region_mean
2024-06-13,SHG,0.0,censored_likelihood_pressure_index,joint_covariate_region_mean
2024-06-14,BDH,0.18054893118773996,censored_likelihood_pressure_index,joint_covariate_region_mean
2024-06-14,HGA,1.3629024862631547,censored_likelihood_pressure_index,joint_covariate_region_mean
2024-06-14,SHG,0.0,censored_likelihood_pressure_index,joint_covariate_region_mean
2024-06-15,BDH,0.4700659776850977,censored_likelihood_pressure_index,joint_covariate_region_mean
2024-06-15,HGA,1.9423791440378597,censored_likelihood_pressure_index,joint_covariate_region_mean
2024-06-15,SHG,0.18490217366537784,censored_likelihood_pressure_index,joint_covariate_region_mean
2024-06-16,BDH,0.39901768225355594,censored_likelihood_pressure_index,joint_covariate_region_mean
2024-06-16,HGA,1.8001739465361801,censored_likelihood_pressure_index,joint_covariate_region_mean
2024-06-16,SHG,0.12763584618760038,censored_likelihood_pressure_index,joint_covariate_region_mean
2024-06-17,BDH,0.14560019711438776,censored_likelihood_pressure_index,joint_covariate_region_mean
2024-06-17,HGA,1.2929515943923788,censored_likelihood_pressure_index,joint_covariate_region_mean
2024-06-17,SHG,0.0,censored_likelihood_pressure_index,joint_covariate_region_mean
2024-06-18,BDH,0.21202414959908694,censored_likelihood_pressure_index,joint_covariate_region_mean
2024-06-18,HGA,1.425901037085628,censored_likelihood_pressure_index,joint_covariate_region_mean
2024-06-18,SHG,0.0,censored_likelihood_pressure_index,joint_covariate_region_mean
2024-06-19,BDH,0.20814036721019316,censored_likelihood_pressure_index,joint_covariate_region_mean
2024-06-19,HGA,1.4181275354370442,censored_likelihood_pressure_index,joint_covariate_region_mean
2024-06-19,SHG,0.0,censored_likelihood_pressure_index,joint_covariate_region_mean
2024-06-20,BDH,0.21545608557314994,censored_likelihood_pressure_index,joint_covariate_region_mean
2024-06-20,HGA,1.4327701551980394,censored_likelihood_pressure_index,joint_covariate_region_mean
2024-06-20,SHG,0.0,censored_likelihood_pressure_index,joint_covariate_region_mean
2024-06-21,BDH,0.17287450870062052,censored_likelihood_pressure_index,joint_covariate_region_mean
2024-06-21,HGA,1.3475419099275308,censored_likelihood_pressure_index,joint_covariate_region_mean
2024-06-21,SHG,0.0,censored_likelihood_pressure_index,joint_covariate_region_mean
2024-06-22,BDH,0.47204518887517216,censored_likelihood_pressure_index,joint_covariate_region_mean
2024-06-22,HGA,1.9463405919019157,censored_likelihood_pressure_index,joint_covariate_region_mean
2024-06-22,SHG,0.18649745692263334,censored_likelihood_pressure_index,joint_covariate_region_mean
2024-06-23,BDH,0.42996742945797034,censored_likelihood_pressure_index,joint_covariate_region_mean
2024-06-23,HGA,1.862120751693126,censored_likelihood_pressure_index,joint_covariate_region_mean
2024-06-23,SHG,0.15258195288864282,censored_likelihood_pressure_index,joint_covariate_region_mean
2024-06-24,BDH,0.18207181317414162,censored_likelihood_pressure_index,joint_covariate_region_mean
2024-06-24,HGA,1.3659505781608225,censored_likelihood_pressure_index,joint_covariate_region_mean
2024-06-24,SHG,0.0,censored_likelihood_pressure_index,joint_covariate_region_mean
2024-06-25,BDH,0.2838236351584331,censored_likelihood_pressure_index,joint_covariate_region_mean
2024-06-25,HGA,1.5696097631355563,censored_likelihood_pressure_index,joint_covariate_region_mean
2024-06-25,SHG,0.034787172136073484,censored_likelihood_pressure_index,joint_covariate_region_mean
2024-06-26,BDH,0.2322128267261183,censored_likelihood_pressure_index,joint_covariate_region_mean
2024-06-26,HGA,1.4663092523807215,censored_likelihood_pressure_index,joint_covariate_region_mean
2024-06-26,SHG,0.0,censored_likelihood_pressure_index,joint_covariate_region_mean
2024-06-27,BDH,0.2588682376196874,censored_likelihood_pressure_index,joint_covariate_region_mean
2024-06-27,HGA,1.5196608204596598,censored_likelihood_pressure_index,joint_covariate_region_mean
2024-06-27,SHG,0.01467262949839772,censored_likelihood_pressure_index,joint_covariate_region_mean
2024-06-28,BDH,0.2819677250624508,censored_likelihood_pressure_index,joint_covariate_region_mean
2024-06-28,HGA,1.5658951059415802,censored_likelihood_pressure_index,joint_covariate_region_mean
2024-06-28,SHG,0.03329127199265282,censored_likelihood_pressure_index,joint_covariate_region_mean
2024-06-29,BDH,0.5199796839770694,censored_likelihood_pressure_index,joint_covariate_region_mean
2024-06-29,HGA,2.0422828562687876,censored_likelihood_pressure_index,joint_covariate_region_mean
2024-06-29,SHG,0.2251336054370213,censored_likelihood_pressure_index,joint_covariate_region_mean
2024-06-30,BDH,0.40233635556840397,censored_likelihood_pressure_index,joint_covariate_region_mean
2024-06-30,HGA,1.8068163661933312,censored_likelihood_pressure_index,joint_covariate_region_mean
2024-06-30,SHG,0.13031076233703803,censored_likelihood_pressure_index,joint_covariate_region_mean
2024-07-01,BDH,0.1797391048110024,censored_likelihood_pressure_index,joint_covariate_region_mean
2024-07-01,HGA,1.3612815955838422,censored_likelihood_pressure_index,joint_covariate_region_mean
2024-07-01,SHG,0.0,censored_likelihood_pressure_index,joint_covariate_region_mean
2024-07-02,BDH,0.17689235463098418,censored_likelihood_pressure_index,joint_covariate_region_mean
2024-07-02,HGA,1.3555837435927627,censored_likelihood_pressure_index,joint_covariate_region_mean
2024-07-02,SHG,0.0,censored_likelihood_pressure_index,joint_covariate_region_mean
2024-07-03,BDH,0.36422103281482626,censored_likelihood_pressure_index,joint_covariate_region_mean
2024-07-03,HGA,1.7305274564159618,censored_likelihood_pressure_index,joint_covariate_region_mean
2024-07-03,SHG,0.09958906040921754,censored_likelihood_pressure_index,joint_covariate_region_mean
2024-07-04,BDH,0.3978329547972704,censored_likelihood_pressure_index,joint_covariate_region_mean
2024-07-04,HGA,1.797802680612298,censored_likelihood_pressure_index,joint_covariate_region_mean
2024-07-04,SHG,0.12668093249021367,censored_likelihood_pressure_index,joint_covariate_region_mean
2024-07-05,BDH,0.41535065771136803,censored_likelihood_pressure_index,joint_covariate_region_mean
2024-07-05,HGA,1.8328648645471017,censored_likelihood_pressure_index,joint_covariate_region_mean
2024-07-05,SHG,0.14080054655898092,censored_likelihood_pressure_index,joint_covariate_region_mean
2024-07-06,BDH,0.7117767005120232,censored_likelihood_pressure_index,joint_covariate_region_mean
2024-07-06,HGA,2.426170076235468,censored_likelihood_pressure_index,joint_covariate_region_mean
2024-07-06,SHG,0.37972578377766086,censored_likelihood_pressure_index,joint_covariate_region_mean
2024-07-07,BDH,0.7606290906285114,censored_likelihood_pressure_index,joint_covariate_region_mean
2024-07-07,HGA,2.5239495337544473,censored_likelihood_pressure_index,joint_covariate_region_mean
2024-07-07,SHG,0.4191017737784142,censored_likelihood_pressure_index,joint_covariate_region_mean
2024-07-08,BDH,0.3295576473799473,censored_likelihood_pressure_index,joint_covariate_region_mean
2024-07-08,HGA,1.661147698014954,censored_likelihood_pressure_index,joint_covariate_region_mean
2024-07-08,SHG,0.07164968804644391,censored_likelihood_pressure_index,joint_covariate_region_mean
2024-07-09,BDH,0.4668666565396357,censored_likelihood_pressure_index,joint_covariate_region_mean
2024-07-09,HGA,1.9359756111649276,censored_likelihood_pressure_index,joint_covariate_region_mean
2024-07-09,SHG,0.18232345771857317,censored_likelihood_pressure_index,joint_covariate_region_mean
2024-07-10,BDH,0.4354035446175405,censored_likelihood_pressure_index,joint_covariate_region_mean
2024-07-10,HGA,1.8730012918273138,censored_likelihood_pressure_index,joint_covariate_region_mean
2024-07-10,SHG,0.15696356892945001,censored_likelihood_pressure_index,joint_covariate_region_mean
2024-07-11,BDH,0.44092942036817995,censored_likelihood_pressure_index,joint_covariate_region_mean
2024-07-11,HGA,1.8840614903544775,censored_likelihood_pressure_index,joint_covariate_region_mean
2024-07-11,SHG,0.1614175337771013,censored_likelihood_pressure_index,joint_covariate_region_mean
2024-07-12,BDH,0.4771111839534455,censored_likelihood_pressure_index,joint_covariate_region_mean
2024-07-12,HGA,1.9564803260964192,censored_likelihood_pressure_index,joint_covariate_region_mean
2024-07-12,SHG,0.19058074887764925,censored_likelihood_pressure_index,joint_covariate_region_mean
2024-07-13,BDH,0.7864746525019417,censored_likelihood_pressure_index,joint_covariate_region_mean
2024-07-13,HGA,2.575680165832657,censored_likelihood_pressure_index,joint_covariate_region_mean
2024-07-13,SHG,0.4399338064274893,censored_likelihood_pressure_index,joint_covariate_region_mean
2024-07-14,BDH,0.8171932749750093,censored_likelihood_pressure_index,joint_covariate_region_mean
2024-07-14,HGA,2.637164368222441,censored_likelihood_pressure_index,joint_covariate_region_mean
2024-07-14,SHG,0.46469362203635095,censored_likelihood_pressure_index,joint_covariate_region_mean
2024-07-15,BDH,0.466293414877898,censored_likelihood_pressure_index,joint_covariate_region_mean
2024-07-15,HGA,1.9348282515663824,censored_likelihood_pressure_index,joint_covariate_region_mean
2024-07-15,SHG,0.18186141363256675,censored_likelihood_pressure_index,joint_covariate_region_mean
2024-07-16,BDH,0.49388761636281153,censored_likelihood_pressure_index,joint_covariate_region_mean
2024-07-16,HGA,1.9900588358925648,censored_likelihood_pressure_index,joint_covariate_region_mean
2024-07-16,SHG,0.20410288429874826,censored_likelihood_pressure_index,joint_covariate_region_mean
2024-07-17,BDH,0.5265600151682741,censored_likelihood_pressure_index,joint_covariate_region_mean
2024-07-17,HGA,2.05545357755053,censored_likelihood_pressure_index,joint_covariate_region_mean
2024-07-17,SHG,0.23043748216789744,censored_likelihood_pressure_index,joint_covariate_region_mean
2024-07-18,BDH,0.5908371545843982,censored_likelihood_pressure_index,joint_covariate_region_mean
2024-07-18,HGA,2.1841061124212673,censored_likelihood_pressure_index,joint_covariate_region_mean
2024-07-18,SHG,0.28224612434264523,censored_likelihood_pressure_index,joint_covariate_region_mean
2024-07-19,BDH,0.6959144447022867,censored_likelihood_pressure_index,joint_covariate_region_mean
2024-07-19,HGA,2.3944213170774216,censored_likelihood_pressure_index,joint_covariate_region_mean
2024-07-19,SHG,0.3669404927271261,censored_likelihood_pressure_index,joint_covariate_region_mean
2024-07-20,BDH,1.1153599353436534,censored_likelihood_pressure_index,joint_covariate_region_mean
2024-07-20,HGA,3.233953475809045,censored_likelihood_pressure_index,joint_covariate_region_mean
2024-07-20,SHG,0.7050218313468537,censored_likelihood_pressure_index,joint_covariate_region_mean
2024-07-21,BDH,1.0589754413098738,censored_likelihood_pressure_index,joint_covariate_region_mean
2024-07-21,HGA,3.121098296646699,censored_likelihood_pressure_index,joint_covariate_region_mean
2024-07-21,SHG,0.6595748170251878,censored_likelihood_pressure_index,joint_covariate_region_mean
2024-07-22,BDH,0.6501096423305766,censored_likelihood_pressure_index,joint_covariate_region_mean
2024-07-22,HGA,2.302741693685603,censored_likelihood_pressure_index,joint_covariate_region_mean
2024-07-22,SHG,0.3300209185594295,censored_likelihood_pressure_index,joint_covariate_region_mean
2024-07-23,BDH,0.8050959429131439,censored_likelihood_pressure_index,joint_covariate_region_mean
2024-07-23,HGA,2.6129512117399107,censored_likelihood_pressure_index,joint_covariate_region_mean
2024-07-23,SHG,0.4549429337861351,censored_likelihood_pressure_index,joint_covariate_region_mean
2024-07-24,BDH,0.5919839923870496,censored_likelihood_pressure_index,joint_covariate_region_mean
2024-07-24,HGA,2.186401541118576,censored_likelihood_pressure_index,joint_covariate_region_mean
2024-07-24,SHG,0.2831704982318655,censored_likelihood_pressure_index,joint_covariate_region_mean
2024-07-25,BDH,0.5126608066693623,censored_likelihood_pressure_index,joint_covariate_region_mean
2024-07-25,HGA,2.0276339137894297,censored_likelihood_pressure_index,joint_covariate_region_mean
2024-07-25,SHG,0.21923444596912572,censored_likelihood_pressure_index,joint_covariate_region_mean
2024-07-26,BDH,0.20633600376139538,censored_likelihood_pressure_index,joint_covariate_region_mean
2024-07-26,HGA,1.4145160503332481,censored_likelihood_pressure_index,joint_covariate_region_mean
2024-07-26,SHG,0.0,censored_likelihood_pressure_index,joint_covariate_region_mean
2024-07-27,BDH,1.062365094932161,censored_likelihood_pressure_index,joint_covariate_region_mean
2024-07-27,HGA,3.1278827854214395,censored_likelihood_pressure_index,joint_covariate_region_mean
2024-07-27,SHG,0.6623069447024406,censored_likelihood_pressure_index,joint_covariate_region_mean
2024-07-28,BDH,0.9218944990525826,censored_likelihood_pressure_index,joint_covariate_region_mean
2024-07-28,HGA,2.8467268659316955,censored_likelihood_pressure_index,joint_covariate_region_mean
2024-07-28,SHG,0.5490848737747931,censored_likelihood_pressure_index,joint_covariate_region_mean
2024-07-29,BDH,0.6391859449002524,censored_likelihood_pressure_index,joint_covariate_region_mean
2024-07-29,HGA,2.2808776005206286,censored_likelihood_pressure_index,joint_covariate_region_mean
2024-07-29,SHG,0.321216202971061,censored_likelihood_pressure_index,joint_covariate_region_mean
2024-07-30,BDH,0.5574528544419519,censored_likelihood_pressure_index,joint_covariate_region_mean
2024-07-30,HGA,2.117286479854765,censored_likelihood_pressure_index,joint_covariate_region_mean
2024-07-30,SHG,0.25533771995431137,censored_likelihood_pressure_index,joint_covariate_region_mean
2024-07-31,BDH,0.40056252548890586,censored_likelihood_pressure_index,joint_covariate_region_mean
2024-07-31,HGA,1.8032659945023939,censored_likelihood_pressure_index,joint_covariate_region_mean
2024-07-31,SHG,0.1288810203058538,censored_likelihood_pressure_index,joint_covariate_region_mean
2024-08-01,BDH,0.757025492235893,censored_likelihood_pressure_index,joint_covariate_region_mean
2024-08-01,HGA,2.516736828396402,censored_likelihood_pressure_index,joint_covariate_region_mean
2024-08-01,SHG,0.4161972023964177,censored_likelihood_pressure_index,joint_covariate_region_mean
2024-08-02,BDH,0.8167340160552308,censored_likelihood_pressure_index,joint_covariate_region_mean
2024-08-02,HGA,2.6362451483453864,censored_likelihood_pressure_index,joint_covariate_region_mean
2024-08-02,SHG,0.4643234502885647,censored_likelihood_pressure_index,joint_covariate_region_mean
2024-08-03,BDH,1.1457220889187734,censored_likelihood_pressure_index,joint_covariate_region_mean
2024-08-03,HGA,3.294724195493467,censored_likelihood_pressure_index,joint_covariate_region_mean
2024-08-03,SHG,0.72949432599296,censored_likelihood_pressure_index,joint_covariate_region_mean
2024-08-04,BDH,0.7726469859863185,censored_likelihood_pressure_index,joint_covariate_region_mean
2024-08-04,HGA,2.5480036953994394,censored_likelihood_pressure_index,joint_covariate_region_mean
2024-08-04,SHG,0.4287884344783457,censored_likelihood_pressure_index,joint_covariate_region_mean
2024-08-05,BDH,0.8196306449899629,censored_likelihood_pressure_index,joint_covariate_region_mean
2024-08-05,HGA,2.642042834092113,censored_likelihood_pressure_index,joint_covariate_region_mean
2024-08-05,SHG,0.46665819034320555,censored_likelihood_pressure_index,joint_covariate_region_mean
2024-08-06,BDH,1.0596931203996407,censored_likelihood_pressure_index,joint_covariate_region_mean
2024-08-06,HGA,3.1225347518928563,censored_likelihood_pressure_index,joint_covariate_region_mean
2024-08-06,SHG,0.6601532805270764,censored_likelihood_pressure_index,joint_covariate_region_mean
2024-08-07,BDH,0.9236198215884595,censored_likelihood_pressure_index,joint_covariate_region_mean
2024-08-07,HGA,2.850180148385247,censored_likelihood_pressure_index,joint_covariate_region_mean
2024-08-07,SHG,0.5504755177690537,censored_likelihood_pressure_index,joint_covariate_region_mean
2024-08-08,BDH,0.8789705625167359,censored_likelihood_pressure_index,joint_covariate_region_mean
2024-08-08,HGA,2.760813377992901,censored_likelihood_pressure_index,joint_covariate_region_mean
2024-08-08,SHG,0.5144873342931371,censored_likelihood_pressure_index,joint_covariate_region_mean
2024-08-09,BDH,0.8843539652400019,censored_likelihood_pressure_index,joint_covariate_region_mean
2024-08-09,HGA,2.7715884126766084,censored_likelihood_pressure_index,joint_covariate_region_mean
2024-08-09,SHG,0.5188264630705806,censored_likelihood_pressure_index,joint_covariate_region_mean
2024-08-10,BDH,1.1894263180396174,censored_likelihood_pressure_index,joint_covariate_region_mean
2024-08-10,HGA,3.38219946138182,censored_likelihood_pressure_index,joint_covariate_region_mean
2024-08-10,SHG,0.764720796688652,censored_likelihood_pressure_index,joint_covariate_region_mean
2024-08-11,BDH,1.1645706102895836,censored_likelihood_pressure_index,joint_covariate_region_mean
2024-08-11,HGA,3.3324500506722643,censored_likelihood_pressure_index,joint_covariate_region_mean
2024-08-11,SHG,0.7446866059869641,censored_likelihood_pressure_index,joint_covariate_region_mean
2024-08-12,BDH,0.7545247616841049,censored_likelihood_pressure_index,joint_covariate_region_mean
2024-08-12,HGA,2.51173154459817,censored_likelihood_pressure_index,joint_covariate_region_mean
2024-08-12,SHG,0.41418156424714825,censored_likelihood_pressure_index,joint_covariate_region_mean
2024-08-13,BDH,1.0640867141197234,censored_likelihood_pressure_index,joint_covariate_region_mean
2024-08-13,HGA,3.131328655517307,censored_likelihood_pressure_index,joint_covariate_region_mean
2024-08-13,SHG,0.6636946037249145,censored_likelihood_pressure_index,joint_covariate_region_mean
2024-08-14,BDH,1.0410575986689166,censored_likelihood_pressure_index,joint_covariate_region_mean
2024-08-14,HGA,3.0852352215921206,censored_likelihood_pressure_index,joint_covariate_region_mean
2024-08-14,SHG,0.645132682444197,censored_likelihood_pressure_index,joint_covariate_region_mean
2024-08-15,BDH,0.8538351005145524,censored_likelihood_pressure_index,joint_covariate_region_mean
2024-08-15,HGA,2.7105040311379778,censored_likelihood_pressure_index,joint_covariate_region_mean
2024-08-15,SHG,0.4942276561463304,censored_likelihood_pressure_index,joint_covariate_region_mean
2024-08-16,BDH,0.7418019304872696,censored_likelihood_pressure_index,joint_covariate_region_mean
2024-08-16,HGA,2.4862664336882285,censored_likelihood_pressure_index,joint_covariate_region_mean
2024-08-16,SHG,0.403926711356772,censored_likelihood_pressure_index,joint_covariate_region_mean
2024-08-17,BDH,0.9688660101542474,censored_likelihood_pressure_index,joint_covariate_region_mean
2024-08-17,HGA,2.940741690250748,censored_likelihood_pressure_index,joint_covariate_region_mean
2024-08-17,SHG,0.5869448381910516,censored_likelihood_pressure_index,joint_covariate_region_mean
2024-08-18,BDH,0.9155953522884246,censored_likelihood_pressure_index,joint_covariate_region_mean
2024-08-18,HGA,2.8341189433313247,censored_likelihood_pressure_index,joint_covariate_region_mean
2024-08-18,SHG,0.5440076372382119,censored_likelihood_pressure_index,joint_covariate_region_mean
2024-08-19,BDH,0.2437557648154195,censored_likelihood_pressure_index,joint_covariate_region_mean
2024-08-19,HGA,1.4894127734542195,censored_likelihood_pressure_index,joint_covariate_region_mean
2024-08-19,SHG,0.002491678339026167,censored_likelihood_pressure_index,joint_covariate_region_mean
2024-08-20,BDH,0.3468779330672196,censored_likelihood_pressure_index,joint_covariate_region_mean
2024-08-20,HGA,1.6958147457179815,censored_likelihood_pressure_index,joint_covariate_region_mean
2024-08-20,SHG,0.08561017993652312,censored_likelihood_pressure_index,joint_covariate_region_mean
2024-08-21,BDH,0.6510561905122361,censored_likelihood_pressure_index,joint_covariate_region_mean
2024-08-21,HGA,2.304636236971971,censored_likelihood_pressure_index,joint_covariate_region_mean
2024-08-21,SHG,0.33078385506360825,censored_likelihood_pressure_index,joint_covariate_region_mean
2024-08-22,BDH,0.6201136548024841,censored_likelihood_pressure_index,joint_covariate_region_mean
2024-08-22,HGA,2.2427038658280662,censored_likelihood_pressure_index,joint_covariate_region_mean
2024-08-22,SHG,0.30584356096950377,censored_likelihood_pressure_index,joint_covariate_region_mean
2024-08-23,BDH,0.4864917031212803,censored_likelihood_pressure_index,joint_covariate_region_mean
2024-08-23,HGA,1.97525570378603,censored_likelihood_pressure_index,joint_covariate_region_mean
2024-08-23,SHG,0.19814163234872992,censored_likelihood_pressure_index,joint_covariate_region_mean
2024-08-24,BDH,0.6781988285821765,censored_likelihood_pressure_index,joint_covariate_region_mean
2024-08-24,HGA,2.358963004194298,censored_likelihood_pressure_index,joint_covariate_region_mean
2024-08-24,SHG,0.35266135671066323,censored_likelihood_pressure_index,joint_covariate_region_mean
2024-08-25,BDH,0.6055362992818099,censored_likelihood_pressure_index,joint_covariate_region_mean
2024-08-25,HGA,2.21352687138677,censored_likelihood_pressure_index,joint_covariate_region_mean
2024-08-25,SHG,0.2940939248953875,censored_likelihood_pressure_index,joint_covariate_region_mean
2024-08-26,BDH,0.22117652552400466,censored_likelihood_pressure_index,joint_covariate_region_mean
2024-08-26,HGA,1.4442197795425336,censored_likelihood_pressure_index,joint_covariate_region_mean
2024-08-26,SHG,0.0,censored_likelihood_pressure_index,joint_covariate_region_mean
2024-08-27,BDH,0.2732087028635216,censored_likelihood_pressure_index,joint_covariate_region_mean
2024-08-27,HGA,1.5483636722294158,censored_likelihood_pressure_index,joint_covariate_region_mean
2024-08-27,SHG,0.026231327336945873,censored_likelihood_pressure_index,joint_covariate_region_mean
2024-08-28,BDH,0.22891624275134168,censored_likelihood_pressure_index,joint_covariate_region_mean
2024-08-28,HGA,1.4597110451701671,censored_likelihood_pressure_index,joint_covariate_region_mean
2024-08-28,SHG,0.0,censored_likelihood_pressure_index,joint_covariate_region_mean
2024-08-29,BDH,0.2548691877023898,censored_likelihood_pressure_index,joint_covariate_region_mean
2024-08-29,HGA,1.511656607552732,censored_likelihood_pressure_index,joint_covariate_region_mean
2024-08-29,SHG,0.0114493163876053,censored_likelihood_pressure_index,joint_covariate_region_mean
2024-08-30,BDH,0.2511191143772823,censored_likelihood_pressure_index,joint_covariate_region_mean
2024-08-30,HGA,1.504150728423562,censored_likelihood_pressure_index,joint_covariate_region_mean
2024-08-30,SHG,0.008426683320944206,censored_likelihood_pressure_index,joint_covariate_region_mean
2024-08-31,BDH,0.49708808812060606,censored_likelihood_pressure_index,joint_covariate_region_mean
2024-08-31,HGA,1.9964646717490244,censored_likelihood_pressure_index,joint_covariate_region_mean
2024-08-31,SHG,0.20668252766178763,censored_likelihood_pressure_index,joint_covariate_region_mean
2024-09-01,BDH,0.30641700752992557,censored_likelihood_pressure_index,joint_covariate_region_mean
2024-09-01,HGA,1.6148310448116643,censored_likelihood_pressure_index,joint_covariate_region_mean
2024-09-01,SHG,0.052997875900246516,censored_likelihood_pressure_index,joint_covariate_region_mean
2024-09-02,BDH,0.15530556883424498,censored_likelihood_pressure_index,joint_covariate_region_mean
2024-09-02,HGA,1.3123771737657695,censored_likelihood_pressure_index,joint_covariate_region_mean
2024-09-02,SHG,0.0,censored_likelihood_pressure_index,joint_covariate_region_mean
2024-09-03,BDH,0.13451299536878086,censored_likelihood_pressure_index,joint_covariate_region_mean
2024-09-03,HGA,1.2707602426590472,censored_likelihood_pressure_index,joint_covariate_region_mean
2024-09-03,SHG,0.0,censored_likelihood_pressure_index,joint_covariate_region_mean
2024-09-04,BDH,0.10204539361439492,censored_likelihood_pressure_index,joint_covariate_region_mean
2024-09-04,HGA,1.2057754081623901,censored_likelihood_pressure_index,joint_covariate_region_mean
2024-09-04,SHG,0.0,censored_likelihood_pressure_index,joint_covariate_region_mean
2024-09-05,BDH,0.12092516307222581,censored_likelihood_pressure_index,joint_covariate_region_mean
2024-09-05,HGA,1.2435638072820279,censored_likelihood_pressure_index,joint_covariate_region_mean
2024-09-05,SHG,0.0,censored_likelihood_pressure_index,joint_covariate_region_mean
2024-09-06,BDH,0.13276306126808923,censored_likelihood_pressure_index,joint_covariate_region_mean
2024-09-06,HGA,1.2672576994538614,censored_likelihood_pressure_index,joint_covariate_region_mean
2024-09-06,SHG,0.0,censored_likelihood_pressure_index,joint_covariate_region_mean
2024-09-07,BDH,0.3218785671793902,censored_likelihood_pressure_index,joint_covariate_region_mean
2024-09-07,HGA,1.6457777991325289,censored_likelihood_pressure_index,joint_covariate_region_mean
2024-09-07,SHG,0.06546019794225208,censored_likelihood_pressure_index,joint_covariate_region_mean
2024-09-08,BDH,0.3341431896973374,censored_likelihood_pressure_index,joint_covariate_region_mean
2024-09-08,HGA,1.6703257922526271,censored_likelihood_pressure_index,joint_covariate_region_mean
2024-09-08,SHG,0.0753457255997148,censored_likelihood_pressure_index,joint_covariate_region_mean
2024-09-09,BDH,0.0,censored_likelihood_pressure_index,joint_covariate_region_mean
2024-09-09,HGA,0.9757796332188489,censored_likelihood_pressure_index,joint_covariate_region_mean
2024-09-09,SHG,0.0,censored_likelihood_pressure_index,joint_covariate_region_mean
2024-09-10,BDH,0.0,censored_likelihood_pressure_index,joint_covariate_region_mean
2024-09-10,HGA,0.6625118996534507,censored_likelihood_pressure_index,joint_covariate_region_mean
2024-09-10,SHG,0.0,censored_likelihood_pressure_index,joint_covariate_region_mean
2024-09-11,BDH,0.06792561939376904,censored_likelihood_pressure_index,joint_covariate_region_mean
2024-09-11,HGA,1.1374837031709322,censored_likelihood_pressure_index,joint_covariate_region_mean
2024-09-11,SHG,0.0,censored_likelihood_pressure_index,joint_covariate_region_mean
2024-09-12,BDH,0.07894741886816865,censored_likelihood_pressure_index,joint_covariate_region_mean
2024-09-12,HGA,1.1595441503858992,censored_likelihood_pressure_index,joint_covariate_region_mean
2024-09-12,SHG,0.0,censored_likelihood_pressure_index,joint_covariate_region_mean
2024-09-13,BDH,0.09606488712983663,censored_likelihood_pressure_index,joint_covariate_region_mean
2024-09-13,HGA,1.1938052532046806,censored_likelihood_pressure_index,joint_covariate_region_mean
2024-09-13,SHG,0.0,censored_likelihood_pressure_index,joint_covariate_region_mean
2024-09-14,BDH,0.30418421206300544,censored_likelihood_pressure_index,joint_covariate_region_mean
2024-09-14,HGA,1.6103620407570887,censored_likelihood_pressure_index,joint_covariate_region_mean
2024-09-14,SHG,0.051198198714145035,censored_likelihood_pressure_index,joint_covariate_region_mean
2024-09-15,BDH,0.9056239252157492,censored_likelihood_pressure_index,joint_covariate_region_mean
2024-09-15,HGA,2.8141608465517938,censored_likelihood_pressure_index,joint_covariate_region_mean
2024-09-15,SHG,0.535970470340734,censored_likelihood_pressure_index,joint_covariate_region_mean
2024-09-16,BDH,0.5086081028277083,censored_likelihood_pressure_index,joint_covariate_region_mean
2024-09-16,HGA,2.019522311016728,censored_likelihood_pressure_index,joint_covariate_region_mean
2024-09-16,SHG,0.21596788673702957,censored_likelihood_pressure_index,joint_covariate_region_mean
2024-09-17,BDH,0.5408681675151816,censored_likelihood_pressure_index,joint_covariate_region_mean
2024-09-17,HGA,2.084091754131932,censored_likelihood_pressure_index,joint_covariate_region_mean
2024-09-17,SHG,0.2419701351741816,censored_likelihood_pressure_index,joint_covariate_region_mean
2024-09-18,BDH,0.12432377315719888,censored_likelihood_pressure_index,joint_covariate_region_mean
2024-09-18,HGA,1.2503662226732666,censored_likelihood_pressure_index,joint_covariate_region_mean
2024-09-18,SHG,0.0,censored_likelihood_pressure_index,joint_covariate_region_mean
2024-09-19,BDH,0.1400904692284304,censored_likelihood_pressure_index,joint_covariate_region_mean
2024-09-19,HGA,1.2819237162787087,censored_likelihood_pressure_index,joint_covariate_region_mean
2024-09-19,SHG,0.0,censored_likelihood_pressure_index,joint_covariate_region_mean
2024-09-20,BDH,0.11017374375037593,censored_likelihood_pressure_index,joint_covariate_region_mean
2024-09-20,HGA,1.2220445336836878,censored_likelihood_pressure_index,joint_covariate_region_mean
2024-09-20,SHG,0.0,censored_likelihood_pressure_index,joint_covariate_region_mean
2024-09-21,BDH,0.3345536715481869,censored_likelihood_pressure_index,joint_covariate_region_mean
2024-09-21,HGA,1.671147383429676,censored_likelihood_pressure_index,joint_covariate_region_mean
2024-09-21,SHG,0.07567658206786303,censored_likelihood_pressure_index,joint_covariate_region_mean
2024-09-22,BDH,0.27632706716958494,censored_likelihood_pressure_index,joint_covariate_region_mean
2024-09-22,HGA,1.5546051676704042,censored_likelihood_pressure_index,joint_covariate_region_mean
2024-09-22,SHG,0.02874479047439866,censored_likelihood_pressure_index,joint_covariate_region_mean
2024-09-23,BDH,0.04271247313774221,censored_likelihood_pressure_index,joint_covariate_region_mean
2024-09-23,HGA,1.0870188690577511,censored_likelihood_pressure_index,joint_covariate_region_mean
2024-09-23,SHG,0.0,censored_likelihood_pressure_index,joint_covariate_region_mean
2024-09-24,BDH,0.07681595223261548,censored_likelihood_pressure_index,joint_covariate_region_mean
2024-09-24,HGA,1.1552779588884667,censored_likelihood_pressure_index,joint_covariate_region_mean
2024-09-24,SHG,0.0,censored_likelihood_pressure_index,joint_covariate_region_mean
2024-09-25,BDH,0.06697806108689101,censored_likelihood_pressure_index,joint_covariate_region_mean
2024-09-25,HGA,1.1355871380900178,censored_likelihood_pressure_index,joint_covariate_region_mean
2024-09-25,SHG,0.0,censored_likelihood_pressure_index,joint_covariate_region_mean
2024-09-26,BDH,0.09018474136456686,censored_likelihood_pressure_index,joint_covariate_region_mean
2024-09-26,HGA,1.1820359731000711,censored_likelihood_pressure_index,joint_covariate_region_mean
2024-09-26,SHG,0.0,censored_likelihood_pressure_index,joint_covariate_region_mean
2024-09-27,BDH,0.06849942157134264,censored_likelihood_pressure_index,joint_covariate_region_mean
2024-09-27,HGA,1.1386321846579706,censored_likelihood_pressure_index,joint_covariate_region_mean
2024-09-27,SHG,0.0,censored_likelihood_pressure_index,joint_covariate_region_mean
2024-09-28,BDH,0.29760044999005664,censored_likelihood_pressure_index,joint_covariate_region_mean
2024-09-28,HGA,1.5971844524673058,censored_likelihood_pressure_index,joint_covariate_region_mean
2024-09-28,SHG,0.045891556624912386,censored_likelihood_pressure_index,joint_covariate_region_mean
2024-09-29,BDH,0.2958886174379911,censored_likelihood_pressure_index,joint_covariate_region_mean
2024-09-29,HGA,1.5937581706025865,censored_likelihood_pressure_index,joint_covariate_region_mean
2024-09-29,SHG,0.04451178582368091,censored_likelihood_pressure_index,joint_covariate_region_mean
2024-09-30,BDH,0.0,censored_likelihood_pressure_index,joint_covariate_region_mean
2024-09-30,HGA,0.9938660522459013,censored_likelihood_pressure_index,joint_covariate_region_mean
2024-09-30,SHG,0.0,censored_likelihood_pressure_index,joint_covariate_region_mean
2024-10-01,BDH,0.6463483846959295,censored_likelihood_pressure_index,joint_covariate_region_mean
2024-10-01,HGA,2.295213428840669,censored_likelihood_pressure_index,joint_covariate_region_mean
2024-10-01,SHG,0.32698927071867956,censored_likelihood_pressure_index,joint_covariate_region_mean
2024-10-02,BDH,0.7453544573207522,censored_likelihood_pressure_index,joint_covariate_region_mean
2024-10-02,HGA,2.493376917858425,censored_likelihood_pressure_index,joint_covariate_region_mean
2024-10-02,SHG,0.40679011805476717,censored_likelihood_pressure_index,joint_covariate_region_mean
2024-10-03,BDH,0.7032370534308587,censored_likelihood_pressure_index,joint_covariate_region_mean
2024-10-03,HGA,2.409077728102475,censored_likelihood_pressure_index,joint_covariate_region_mean
2024-10-03,SHG,0.3728426597938376,censored_likelihood_pressure_index,joint_covariate_region_mean
2024-10-04,BDH,0.6684301468011358,censored_likelihood_pressure_index,joint_covariate_region_mean
2024-10-04,HGA,2.3394107079208077,censored_likelihood_pressure_index,joint_covariate_region_mean
2024-10-04,SHG,0.3447876065172007,censored_likelihood_pressure_index,joint_covariate_region_mean
2024-10-05,BDH,1.0079929480474794,censored_likelihood_pressure_index,joint_covariate_region_mean
2024-10-05,HGA,3.0190553766938546,censored_likelihood_pressure_index,joint_covariate_region_mean
2024-10-05,SHG,0.6184819218745785,censored_likelihood_pressure_index,joint_covariate_region_mean
2024-10-06,BDH,0.844602686256062,censored_likelihood_pressure_index,joint_covariate_region_mean
2024-10-06,HGA,2.6920250896648366,censored_likelihood_pressure_index,joint_covariate_region_mean
2024-10-06,SHG,0.48678614815340987,censored_likelihood_pressure_index,joint_covariate_region_mean
2024-10-07,BDH,0.48057253045360576,censored_likelihood_pressure_index,joint_covariate_region_mean
2024-10-07,HGA,1.9634083102188717,censored_likelihood_pressure_index,joint_covariate_region_mean
2024-10-07,SHG,0.19337066242854128,censored_likelihood_pressure_index,joint_covariate_region_mean
2024-10-08,BDH,0.02244887414798726,censored_likelihood_pressure_index,joint_covariate_region_mean
2024-10-08,HGA,1.0464606955093165,censored_likelihood_pressure_index,joint_covariate_region_mean
2024-10-08,SHG,0.0,censored_likelihood_pressure_index,joint_covariate_region_mean
2024-10-09,BDH,0.04851091164859181,censored_likelihood_pressure_index,joint_covariate_region_mean
2024-10-09,HGA,1.0986246097532648,censored_likelihood_pressure_index,joint_covariate_region_mean
2024-10-09,SHG,0.0,censored_likelihood_pressure_index,joint_covariate_region_mean
2024-10-10,BDH,0.00027896632673715216,censored_likelihood_pressure_index,joint_covariate_region_mean
2024-10-10,HGA,1.002086990254802,censored_likelihood_pressure_index,joint_covariate_region_mean
2024-10-10,SHG,0.0,censored_likelihood_pressure_index,joint_covariate_region_mean
2024-10-11,BDH,0.0,censored_likelihood_pressure_index,joint_covariate_region_mean
2024-10-11,HGA,0.9755971059020161,censored_likelihood_pressure_index,joint_covariate_region_mean
2024-10-11,SHG,0.0,censored_likelihood_pressure_index,joint_covariate_region_mean
2024-10-12,BDH,0.21277462732431607,censored_likelihood_pressure_index,joint_covariate_region_mean
2024-10-12,HGA,1.4274031397397255,censored_likelihood_pressure_index,joint_covariate_region_mean
2024-10-12,SHG,0.0,censored_likelihood_pressure_index,joint_covariate_region_mean
2024-10-13,BDH,0.17466781878126147,censored_likelihood_pressure_index,joint_covariate_region_mean
2024-10-13,HGA,1.35113127139849,censored_likelihood_pressure_index,joint_covariate_region_mean
2024-10-13,SHG,0.0,censored_likelihood_pressure_index,joint_covariate_region_mean
2024-10-14,BDH,0.0,censored_likelihood_pressure_index,joint_covariate_region_mean
2024-10-14,HGA,0.864742894918552,censored_likelihood_pressure_index,joint_covariate_region_mean
2024-10-14,SHG,0.0,censored_likelihood_pressure_index,joint_covariate_region_mean
2024-10-15,BDH,0.0024050303497663316,censored_likelihood_pressure_index,joint_covariate_region_mean
2024-10-15,HGA,1.0063423682685841,censored_likelihood_pressure_index,joint_covariate_region_mean
2024-10-15,SHG,0.0,censored_likelihood_pressure_index,joint_covariate_region_mean
2024-10-16,BDH,0.0,censored_likelihood_pressure_index,joint_covariate_region_mean
2024-10-16,HGA,1.0004526769222104,censored_likelihood_pressure_index,joint_covariate_region_mean
2024-10-16,SHG,0.0,censored_likelihood_pressure_index,joint_covariate_region_mean
2024-10-17,BDH,0.0,censored_likelihood_pressure_index,joint_covariate_region_mean
2024-10-17,HGA,0.9705167012831499,censored_likelihood_pressure_index,joint_covariate_region_mean
2024-10-17,SHG,0.0,censored_likelihood_pressure_index,joint_covariate_region_mean
2024-10-18,BDH,0.0,censored_likelihood_pressure_index,joint_covariate_region_mean
2024-10-18,HGA,0.8557497646967773,censored_likelihood_pressure_index,joint_covariate_region_mean
2024-10-18,SHG,0.0,censored_likelihood_pressure_index,joint_covariate_region_mean
2024-10-19,BDH,0.1709352224800943,censored_likelihood_pressure_index,joint_covariate_region_mean
2024-10-19,HGA,1.3436603730331247,censored_likelihood_pressure_index,joint_covariate_region_mean
2024-10-19,SHG,0.0,censored_likelihood_pressure_index,joint_covariate_region_mean
2024-10-20,BDH,0.1569955214066386,censored_likelihood_pressure_index,joint_covariate_region_mean
2024-10-20,HGA,1.3157596622247252,censored_likelihood_pressure_index,joint_covariate_region_mean
2024-10-20,SHG,0.0,censored_likelihood_pressure_index,joint_covariate_region_mean
2024-10-21,BDH,0.0,censored_likelihood_pressure_index,joint_covariate_region_mean
2024-10-21,HGA,0.8996078648669386,censored_likelihood_pressure_index,joint_covariate_region_mean
2024-10-21,SHG,0.0,censored_likelihood_pressure_index,joint_covariate_region_mean
2024-10-22,BDH,0.0,censored_likelihood_pressure_index,joint_covariate_region_mean
2024-10-22,HGA,0.9239647856893274,censored_likelihood_pressure_index,joint_covariate_region_mean
2024-10-22,SHG,0.0,censored_likelihood_pressure_index,joint_covariate_region_mean
2024-10-23,BDH,0.0,censored_likelihood_pressure_index,joint_covariate_region_mean
2024-10-23,HGA,0.9211343900739097,censored_likelihood_pressure_index,joint_covariate_region_mean
2024-10-23,SHG,0.0,censored_likelihood_pressure_index,joint_covariate_region_mean
2024-10-24,BDH,0.0,censored_likelihood_pressure_index,joint_covariate_region_mean
2024-10-24,HGA,0.9298156660286407,censored_likelihood_pressure_index,joint_covariate_region_mean
2024-10-24,SHG,0.0,censored_likelihood_pressure_index,joint_covariate_region_mean
2024-10-25,BDH,0.0,censored_likelihood_pressure_index,joint_covariate_region_mean
2024-10-25,HGA,0.9274477776614973,censored_likelihood_pressure_index,joint_covariate_region_mean
2024-10-25,SHG,0.0,censored_likelihood_pressure_index,joint_covariate_region_mean
2024-10-26,BDH,0.12219228493144482,censored_likelihood_pressure_index,joint_covariate_region_mean
2024-10-26,HGA,1.2460999879624293,censored_likelihood_pressure_index,joint_covariate_region_mean
2024-10-26,SHG,0.0,censored_likelihood_pressure_index,joint_covariate_region_mean
2024-10-27,BDH,0.1399574512656394,censored_likelihood_pressure_index,joint_covariate_region_mean
2024-10-27,HGA,1.2816574770177231,censored_likelihood_pressure_index,joint_covariate_region_mean
2024-10-27,SHG,0.0,censored_likelihood_pressure_index,joint_covariate_region_mean
2024-10-28,BDH,0.0,censored_likelihood_pressure_index,joint_covariate_region_mean
2024-10-28,HGA,0.8279623259453937,censored_likelihood_pressure_index,joint_covariate_region_mean
2024-10-28,SHG,0.0,censored_likelihood_pressure_index,joint_covariate_region_mean
2024-10-29,BDH,0.0,censored_likelihood_pressure_index,joint_covariate_region_mean
2024-10-29,HGA,0.9387472838313422,censored_likelihood_pressure_index,joint_covariate_region_mean
2024-10-29,SHG,0.0,censored_likelihood_pressure_index,joint_covariate_region_mean
2024-10-30,BDH,0.0,censored_likelihood_pressure_index,joint_covariate_region_mean
2024-10-30,HGA,0.9710902657614331,censored_likelihood_pressure_index,joint_covariate_region_mean
2024-10-30,SHG,0.0,censored_likelihood_pressure_index,joint_covariate_region_mean
2024-10-31,BDH,0.09105684399954754,censored_likelihood_pressure_index,joint_covariate_region_mean
2024-10-31,HGA,1.1837815114932995,censored_likelihood_pressure_index,joint_covariate_region_mean
2024-10-31,SHG,0.0,censored_likelihood_pressure_index,joint_covariate_region_mean
2024-11-01,BDH,0.0,censored_likelihood_pressure_index,joint_covariate_region_mean
2024-11-01,HGA,0.8960572100566762,censored_likelihood_pressure_index,joint_covariate_region_mean
2024-11-01,SHG,0.0,censored_likelihood_pressure_index,joint_covariate_region_mean
2024-11-02,BDH,0.19197284848059626,censored_likelihood_pressure_index,joint_covariate_region_mean
2024-11-02,HGA,1.385767783804864,censored_likelihood_pressure_index,joint_covariate_region_mean
2024-11-02,SHG,0.0,censored_likelihood_pressure_index,joint_covariate_region_mean
2024-11-03,BDH,0.16145982713940296,censored_likelihood_pressure_index,joint_covariate_region_mean
2024-11-03,HGA,1.3246950979671261,censored_likelihood_pressure_index,joint_covariate_region_mean
2024-11-03,SHG,0.0,censored_likelihood_pressure_index,joint_covariate_region_mean
2024-11-04,BDH,0.0,censored_likelihood_pressure_index,joint_covariate_region_mean
2024-11-04,HGA,0.8273145252605991,censored_likelihood_pressure_index,joint_covariate_region_mean
2024-11-04,SHG,0.0,censored_likelihood_pressure_index,joint_covariate_region_mean
2024-11-05,BDH,0.0,censored_likelihood_pressure_index,joint_covariate_region_mean
2024-11-05,HGA,0.8936913311313148,censored_likelihood_pressure_index,joint_covariate_region_mean
2024-11-05,SHG,0.0,censored_likelihood_pressure_index,joint_covariate_region_mean
2024-11-06,BDH,0.0,censored_likelihood_pressure_index,joint_covariate_region_mean
2024-11-06,HGA,0.8991810947492214,censored_likelihood_pressure_index,joint_covariate_region_mean
2024-11-06,SHG,0.0,censored_likelihood_pressure_index,joint_covariate_region_mean
2024-11-07,BDH,0.0001378591227786546,censored_likelihood_pressure_index,joint_covariate_region_mean
2024-11-07,HGA,1.0018045601460157,censored_likelihood_pressure_index,joint_covariate_region_mean
2024-11-07,SHG,0.0,censored_likelihood_pressure_index,joint_covariate_region_mean
2024-11-08,BDH,0.0,censored_likelihood_pressure_index,joint_covariate_region_mean
2024-11-08,HGA,0.8578080047601782,censored_likelihood_pressure_index,joint_covariate_region_mean
2024-11-08,SHG,0.0,censored_likelihood_pressure_index,joint_covariate_region_mean
2024-11-09,BDH,0.1103116668199979,censored_likelihood_pressure_index,joint_covariate_region_mean
2024-11-09,HGA,1.2223205906564343,censored_likelihood_pressure_index,joint_covariate_region_mean
2024-11-09,SHG,0.0,censored_likelihood_pressure_index,joint_covariate_region_mean
2024-11-10,BDH,0.1030809792648426,censored_likelihood_pressure_index,joint_covariate_region_mean
2024-11-10,HGA,1.2078481624917847,censored_likelihood_pressure_index,joint_covariate_region_mean
2024-11-10,SHG,0.0,censored_likelihood_pressure_index,joint_covariate_region_mean
2024-11-11,BDH,0.0,censored_likelihood_pressure_index,joint_covariate_region_mean
2024-11-11,HGA,0.7680654515390528,censored_likelihood_pressure_index,joint_covariate_region_mean
2024-11-11,SHG,0.0,censored_likelihood_pressure_index,joint_covariate_region_mean
2024-11-12,BDH,0.0,censored_likelihood_pressure_index,joint_covariate_region_mean
2024-11-12,HGA,0.8000844200850667,censored_likelihood_pressure_index,joint_covariate_region_mean
2024-11-12,SHG,0.0,censored_likelihood_pressure_index,joint_covariate_region_mean
2024-11-13,BDH,0.0,censored_likelihood_pressure_index,joint_covariate_region_mean
2024-11-13,HGA,0.8500926269126363,censored_likelihood_pressure_index,joint_covariate_region_mean
2024-11-13,SHG,0.0,censored_likelihood_pressure_index,joint_covariate_region_mean
2024-11-14,BDH,0.0,censored_likelihood_pressure_index,joint_covariate_region_mean
2024-11-14,HGA,0.7051859185406375,censored_likelihood_pressure_index,joint_covariate_region_mean
2024-11-14,SHG,0.0,censored_likelihood_pressure_index,joint_covariate_region_mean
2024-11-15,BDH,0.0,censored_likelihood_pressure_index,joint_covariate_region_mean
2024-11-15,HGA,0.8798912428246666,censored_likelihood_pressure_index,joint_covariate_region_mean
2024-11-15,SHG,0.0,censored_likelihood_pressure_index,joint_covariate_region_mean
2024-11-16,BDH,0.15582218796218503,censored_likelihood_pressure_index,joint_covariate_region_mean
2024-11-16,HGA,1.3134112017417485,censored_likelihood_pressure_index,joint_covariate_region_mean
2024-11-16,SHG,0.0,censored_likelihood_pressure_index,joint_covariate_region_mean
2024-11-17,BDH,0.11492116822797514,censored_likelihood_pressure_index,joint_covariate_region_mean
2024-11-17,HGA,1.2315466396998946,censored_likelihood_pressure_index,joint_covariate_region_mean
2024-11-17,SHG,0.0,censored_likelihood_pressure_index,joint_covariate_region_mean
2024-11-18,BDH,0.0,censored_likelihood_pressure_index,joint_covariate_region_mean
2024-11-18,HGA,0.7928394728888111,censored_likelihood_pressure_index,joint_covariate_region_mean
2024-11-18,SHG,0.0,censored_likelihood_pressure_index,joint_covariate_region_mean
2024-11-19,BDH,0.0,censored_likelihood_pressure_index,joint_covariate_region_mean
2024-11-19,HGA,0.797609804659805,censored_likelihood_pressure_index,joint_covariate_region_mean
2024-11-19,SHG,0.0,censored_likelihood_pressure_index,joint_covariate_region_mean
2024-11-20,BDH,0.0,censored_likelihood_pressure_index,joint_covariate_region_mean
2024-11-20,HGA,0.8860921209893087,censored_likelihood_pressure_index,joint_covariate_region_mean
2024-11-20,SHG,0.0,censored_likelihood_pressure_index,joint_covariate_region_mean
2024-11-21,BDH,0.0,censored_likelihood_pressure_index,joint_covariate_region_mean
2024-11-21,HGA,0.880854503905681,censored_likelihood_pressure_index,joint_covariate_region_mean
2024-11-21,SHG,0.0,censored_likelihood_pressure_index,joint_covariate_region_mean
2024-11-22,BDH,0.0,censored_likelihood_pressure_index,joint_covariate_region_mean
2024-11-22,HGA,0.8788564306182107,censored_likelihood_pressure_index,joint_covariate_region_mean
2024-11-22,SHG,0.0,censored_likelihood_pressure_index,joint_covariate_region_mean
2024-11-23,BDH,0.08059887761087754,censored_likelihood_pressure_index,joint_covariate_region_mean
2024-11-23,HGA,1.162849592342618,censored_likelihood_pressure_index,joint_covariate_region_mean
2024-11-23,SHG,0.0,censored_likelihood_pressure_index,joint_covariate_region_mean
2024-11-24,BDH,0.07261546677050766,censored_likelihood_pressure_index,joint_covariate_region_mean
2024-11-24,HGA,1.146870566971267,censored_likelihood_pressure_index,joint_covariate_region_mean
2024-11-24,SHG,0.0,censored_likelihood_pressure_index,joint_covariate_region_mean
2024-11-25,BDH,0.0,censored_likelihood_pressure_index,joint_covariate_region_mean
2024-11-25,HGA,0.7495654524043154,censored_likelihood_pressure_index,joint_covariate_region_mean
2024-11-25,SHG,0.0,censored_likelihood_pressure_index,joint_covariate_region_mean
2024-11-26,BDH,0.0,censored_likelihood_pressure_index,joint_covariate_region_mean
2024-11-26,HGA,0.8772893584539962,censored_likelihood_pressure_index,joint_covariate_region_mean
2024-11-26,SHG,0.0,censored_likelihood_pressure_index,joint_covariate_region_mean
2024-11-27,BDH,0.0,censored_likelihood_pressure_index,joint_covariate_region_mean
2024-11-27,HGA,0.8400511477349104,censored_likelihood_pressure_index,joint_covariate_region_mean
2024-11-27,SHG,0.0,censored_likelihood_pressure_index,joint_covariate_region_mean
2024-11-28,BDH,0.0,censored_likelihood_pressure_index,joint_covariate_region_mean
2024-11-28,HGA,0.8031773993134024,censored_likelihood_pressure_index,joint_covariate_region_mean
2024-11-28,SHG,0.0,censored_likelihood_pressure_index,joint_covariate_region_mean
2024-11-29,BDH,0.0,censored_likelihood_pressure_index,joint_covariate_region_mean
2024-11-29,HGA,0.8074838111454221,censored_likelihood_pressure_index,joint_covariate_region_mean
2024-11-29,SHG,0.0,censored_likelihood_pressure_index,joint_covariate_region_mean
2024-11-30,BDH,0.08417273881970636,censored_likelihood_pressure_index,joint_covariate_region_mean
2024-11-30,HGA,1.1700027778758981,censored_likelihood_pressure_index,joint_covariate_region_mean
2024-11-30,SHG,0.0,censored_likelihood_pressure_index,joint_covariate_region_mean
2024-12-01,BDH,0.0965596438173567,censored_likelihood_pressure_index,joint_covariate_region_mean
2024-12-01,HGA,1.194795522880212,censored_likelihood_pressure_index,joint_covariate_region_mean
2024-12-01,SHG,0.0,censored_likelihood_pressure_index,joint_covariate_region_mean
2024-12-02,BDH,0.0,censored_likelihood_pressure_index,joint_covariate_region_mean
2024-12-02,HGA,0.7433591620202025,censored_likelihood_pressure_index,joint_covariate_region_mean
2024-12-02,SHG,0.0,censored_likelihood_pressure_index,joint_covariate_region_mean
2024-12-03,BDH,0.0,censored_likelihood_pressure_index,joint_covariate_region_mean
2024-12-03,HGA,0.7855917697572756,censored_likelihood_pressure_index,joint_covariate_region_mean
2024-12-03,SHG,0.0,censored_likelihood_pressure_index,joint_covariate_region_mean
2024-12-04,BDH,0.0,censored_likelihood_pressure_index,joint_covariate_region_mean
2024-12-04,HGA,0.772322981232284,censored_likelihood_pressure_index,joint_covariate_region_mean
2024-12-04,SHG,0.0,censored_likelihood_pressure_index,joint_covariate_region_mean
2024-12-05,BDH,0.0,censored_likelihood_pressure_index,joint_covariate_region_mean
2024-12-05,HGA,0.86873962599194,censored_likelihood_pressure_index,joint_covariate_region_mean
2024-12-05,SHG,0.0,censored_likelihood_pressure_index,joint_covariate_region_mean
2024-12-06,BDH,0.0,censored_likelihood_pressure_index,joint_covariate_region_mean
2024-12-06,HGA,0.7720383125326449,censored_likelihood_pressure_index,joint_covariate_region_mean
2024-12-06,SHG,0.0,censored_likelihood_pressure_index,joint_covariate_region_mean
2024-12-07,BDH,0.07944548283128589,censored_likelihood_pressure_index,joint_covariate_region_mean
2024-12-07,HGA,1.1605410396682294,censored_likelihood_pressure_index,joint_covariate_region_mean
2024-12-07,SHG,0.0,censored_likelihood_pressure_index,joint_covariate_region_mean
2024-12-08,BDH,0.08877058076558283,censored_likelihood_pressure_index,joint_covariate_region_mean
2024-12-08,HGA,1.1792054901721398,censored_likelihood_pressure_index,joint_covariate_region_mean
2024-12-08,SHG,0.0,censored_likelihood_pressure_index,joint_covariate_region_mean
2024-12-09,BDH,0.0,censored_likelihood_pressure_index,joint_covariate_region_mean
2024-12-09,HGA,0.7663391003946602,censored_likelihood_pressure_index,joint_covariate_region_mean
2024-12-09,SHG,0.0,censored_likelihood_pressure_index,joint_covariate_region_mean
2024-12-10,BDH,0.0,censored_likelihood_pressure_index,joint_covariate_region_mean
2024-12-10,HGA,0.8094006915975476,censored_likelihood_pressure_index,joint_covariate_region_mean
2024-12-10,SHG,0.0,censored_likelihood_pressure_index,joint_covariate_region_mean
2024-12-11,BDH,0.0,censored_likelihood_pressure_index,joint_covariate_region_mean
2024-12-11,HGA,0.836507251411406,censored_likelihood_pressure_index,joint_covariate_region_mean
2024-12-11,SHG,0.0,censored_likelihood_pressure_index,joint_covariate_region_mean
2024-12-12,BDH,0.0,censored_likelihood_pressure_index,joint_covariate_region_mean
2024-12-12,HGA,0.8366245769550134,censored_likelihood_pressure_index,joint_covariate_region_mean
2024-12-12,SHG,0.0,censored_likelihood_pressure_index,joint_covariate_region_mean
2024-12-13,BDH,0.0,censored_likelihood_pressure_index,joint_covariate_region_mean
2024-12-13,HGA,0.724584049478324,censored_likelihood_pressure_index,joint_covariate_region_mean
2024-12-13,SHG,0.0,censored_likelihood_pressure_index,joint_covariate_region_mean
2024-12-14,BDH,0.07073544400626555,censored_likelihood_pressure_index,joint_covariate_region_mean
2024-12-14,HGA,1.1431076475813953,censored_likelihood_pressure_index,joint_covariate_region_mean
2024-12-14,SHG,0.0,censored_likelihood_pressure_index,joint_covariate_region_mean
2024-12-15,BDH,0.042513546129732654,censored_likelihood_pressure_index,joint_covariate_region_mean
2024-12-15,HGA,1.086620710955708,censored_likelihood_pressure_index,joint_covariate_region_mean
2024-12-15,SHG,0.0,censored_likelihood_pressure_index,joint_covariate_region_mean
2024-12-16,BDH,0.0,censored_likelihood_pressure_index,joint_covariate_region_mean
2024-12-16,HGA,0.7106121533853647,censored_likelihood_pressure_index,joint_covariate_region_mean
2024-12-16,SHG,0.0,censored_likelihood_pressure_index,joint_covariate_region_mean
2024-12-17,BDH,0.0,censored_likelihood_pressure_index,joint_covariate_region_mean
2024-12-17,HGA,0.7313245517062714,censored_likelihood_pressure_index,joint_covariate_region_mean
2024-12-17,SHG,0.0,censored_likelihood_pressure_index,joint_covariate_region_mean
2024-12-18,BDH,0.0,censored_likelihood_pressure_index,joint_covariate_region_mean
2024-12-18,HGA,0.7511564372131492,censored_likelihood_pressure_index,joint_covariate_region_mean
2024-12-18,SHG,0.0,censored_likelihood_pressure_index,joint_covariate_region_mean
2024-12-19,BDH,0.0,censored_likelihood_pressure_index,joint_covariate_region_mean
2024-12-19,HGA,0.837629626859475,censored_likelihood_pressure_index,joint_covariate_region_mean
2024-12-19,SHG,0.0,censored_likelihood_pressure_index,joint_covariate_region_mean
2024-12-20,BDH,0.0,censored_likelihood_pressure_index,joint_covariate_region_mean
2024-12-20,HGA,0.8281606650498854,censored_likelihood_pressure_index,joint_covariate_region_mean
2024-12-20,SHG,0.0,censored_likelihood_pressure_index,joint_covariate_region_mean
2024-12-21,BDH,0.09698775500662292,censored_likelihood_pressure_index,joint_covariate_region_mean
2024-12-21,HGA,1.1956523996828508,censored_likelihood_pressure_index,joint_covariate_region_mean
2024-12-21,SHG,0.0,censored_likelihood_pressure_index,joint_covariate_region_mean
2024-12-22,BDH,0.03628889186343784,censored_likelihood_pressure_index,joint_covariate_region_mean
2024-12-22,HGA,1.0741618872226177,censored_likelihood_pressure_index,joint_covariate_region_mean
2024-12-22,SHG,0.0,censored_likelihood_pressure_index,joint_covariate_region_mean
2024-12-23,BDH,0.0,censored_likelihood_pressure_index,joint_covariate_region_mean
2024-12-23,HGA,0.7525420259779225,censored_likelihood_pressure_index,joint_covariate_region_mean
2024-12-23,SHG,0.0,censored_likelihood_pressure_index,joint_covariate_region_mean
2024-12-24,BDH,0.0,censored_likelihood_pressure_index,joint_covariate_region_mean
2024-12-24,HGA,0.8207271315585747,censored_likelihood_pressure_index,joint_covariate_region_mean
2024-12-24,SHG,0.0,censored_likelihood_pressure_index,joint_covariate_region_mean
2024-12-25,BDH,0.0,censored_likelihood_pressure_index,joint_covariate_region_mean
2024-12-25,HGA,0.8078937446791039,censored_likelihood_pressure_index,joint_covariate_region_mean
2024-12-25,SHG,0.0,censored_likelihood_pressure_index,joint_covariate_region_mean
2024-12-26,BDH,0.0,censored_likelihood_pressure_index,joint_covariate_region_mean
2024-12-26,HGA,0.7849403755022815,censored_likelihood_pressure_index,joint_covariate_region_mean
2024-12-26,SHG,0.0,censored_likelihood_pressure_index,joint_covariate_region_mean
2024-12-27,BDH,0.0,censored_likelihood_pressure_index,joint_covariate_region_mean
2024-12-27,HGA,0.7483087363353189,censored_likelihood_pressure_index,joint_covariate_region_mean
2024-12-27,SHG,0.0,censored_likelihood_pressure_index,joint_covariate_region_mean
2024-12-28,BDH,0.06305698374948122,censored_likelihood_pressure_index,joint_covariate_region_mean
2024-12-28,HGA,1.1277389895341812,censored_likelihood_pressure_index,joint_covariate_region_mean
2024-12-28,SHG,0.0,censored_likelihood_pressure_index,joint_covariate_region_mean
2024-12-29,BDH,0.0,censored_likelihood_pressure_index,joint_covariate_region_mean
2024-12-29,HGA,0.9909253956925603,censored_likelihood_pressure_index,joint_covariate_region_mean
2024-12-29,SHG,0.0,censored_likelihood_pressure_index,joint_covariate_region_mean
2024-12-30,BDH,0.0,censored_likelihood_pressure_index,joint_covariate_region_mean
2024-12-30,HGA,0.695115250969802,censored_likelihood_pressure_index,joint_covariate_region_mean
2024-12-30,SHG,0.0,censored_likelihood_pressure_index,joint_covariate_region_mean
2024-12-31,BDH,0.0,censored_likelihood_pressure_index,joint_covariate_region_mean
2024-12-31,HGA,0.7035368717069037,censored_likelihood_pressure_index,joint_covariate_region_mean
2024-12-31,SHG,0.0,censored_likelihood_pressure_index,joint_covariate_region_mean
2025-01-01,BDH,0.17487715741673188,censored_likelihood_pressure_index,joint_covariate_region_mean
2025-01-01,HGA,1.351550268670993,censored_likelihood_pressure_index,joint_covariate_region_mean
2025-01-01,SHG,0.0,censored_likelihood_pressure_index,joint_covariate_region_mean
2025-01-02,BDH,0.0,censored_likelihood_pressure_index,joint_covariate_region_mean
2025-01-02,HGA,0.743617254283145,censored_likelihood_pressure_index,joint_covariate_region_mean
2025-01-02,SHG,0.0,censored_likelihood_pressure_index,joint_covariate_region_mean
2025-01-03,BDH,0.0,censored_likelihood_pressure_index,joint_covariate_region_mean
2025-01-03,HGA,0.9196482536644868,censored_likelihood_pressure_index,joint_covariate_region_mean
2025-01-03,SHG,0.0,censored_likelihood_pressure_index,joint_covariate_region_mean
2025-01-04,BDH,0.15587575134900583,censored_likelihood_pressure_index,joint_covariate_region_mean
2025-01-04,HGA,1.3135184103940527,censored_likelihood_pressure_index,joint_covariate_region_mean
2025-01-04,SHG,0.0,censored_likelihood_pressure_index,joint_covariate_region_mean
2025-01-05,BDH,0.07159785473029187,censored_likelihood_pressure_index,joint_covariate_region_mean
2025-01-05,HGA,1.1448337873373573,censored_likelihood_pressure_index,joint_covariate_region_mean
2025-01-05,SHG,0.0,censored_likelihood_pressure_index,joint_covariate_region_mean
2025-01-06,BDH,0.0,censored_likelihood_pressure_index,joint_covariate_region_mean
2025-01-06,HGA,0.7283243647489848,censored_likelihood_pressure_index,joint_covariate_region_mean
2025-01-06,SHG,0.0,censored_likelihood_pressure_index,joint_covariate_region_mean
2025-01-07,BDH,0.0,censored_likelihood_pressure_index,joint_covariate_region_mean
2025-01-07,HGA,0.778134223643018,censored_likelihood_pressure_index,joint_covariate_region_mean
2025-01-07,SHG,0.0,censored_likelihood_pressure_index,joint_covariate_region_mean
2025-01-08,BDH,0.0,censored_likelihood_pressure_index,joint_covariate_region_mean
2025-01-08,HGA,0.8054300305519748,censored_likelihood_pressure_index,joint_covariate_region_mean
2025-01-08,SHG,0.0,censored_likelihood_pressure_index,joint_covariate_region_mean
2025-01-09,BDH,0.0,censored_likelihood_pressure_index,joint_covariate_region_mean
2025-01-09,HGA,0.796602957013337,censored_likelihood_pressure_index,joint_covariate_region_mean
2025-01-09,SHG,0.0,censored_likelihood_pressure_index,joint_covariate_region_mean
2025-01-10,BDH,0.0,censored_likelihood_pressure_index,joint_covariate_region_mean
2025-01-10,HGA,0.8865587124505345,censored_likelihood_pressure_index,joint_covariate_region_mean
2025-01-10,SHG,0.0,censored_likelihood_pressure_index,joint_covariate_region_mean
2025-01-11,BDH,0.05016602790712726,censored_likelihood_pressure_index,joint_covariate_region_mean
2025-01-11,HGA,1.1019373723326296,censored_likelihood_pressure_index,joint_covariate_region_mean
2025-01-11,SHG,0.0,censored_likelihood_pressure_index,joint_covariate_region_mean
2025-01-12,BDH,0.02312071337960676,censored_likelihood_pressure_index,joint_covariate_region_mean
2025-01-12,HGA,1.0478054009669426,censored_likelihood_pressure_index,joint_covariate_region_mean
2025-01-12,SHG,0.0,censored_likelihood_pressure_index,joint_covariate_region_mean
2025-01-13,BDH,0.0,censored_likelihood_pressure_index,joint_covariate_region_mean
2025-01-13,HGA,0.7079331852687383,censored_likelihood_pressure_index,joint_covariate_region_mean
2025-01-13,SHG,0.0,censored_likelihood_pressure_index,joint_covariate_region_mean
2025-01-14,BDH,0.0,censored_likelihood_pressure_index,joint_covariate_region_mean
2025-01-14,HGA,0.8658432282406727,censored_likelihood_pressure_index,joint_covariate_region_mean
2025-01-14,SHG,0.0,censored_likelihood_pressure_index,joint_covariate_region_mean
2025-01-15,BDH,0.0,censored_likelihood_pressure_index,joint_covariate_region_mean
2025-01-15,HGA,0.8650295549649865,censored_likelihood_pressure_index,joint_covariate_region_mean
2025-01-15,SHG,0.0,censored_likelihood_pressure_index,joint_covariate_region_mean
2025-01-16,BDH,0.0,censored_likelihood_pressure_index,joint_covariate_region_mean
2025-01-16,HGA,0.9321096901219073,censored_likelihood_pressure_index,joint_covariate_region_mean
2025-01-16,SHG,0.0,censored_likelihood_pressure_index,joint_covariate_region_mean
2025-01-17,BDH,0.0,censored_likelihood_pressure_index,joint_covariate_region_mean
2025-01-17,HGA,0.8099523461161051,censored_likelihood_pressure_index,joint_covariate_region_mean
2025-01-17,SHG,0.0,censored_likelihood_pressure_index,joint_covariate_region_mean
2025-01-18,BDH,0.09393744666582773,censored_likelihood_pressure_index,joint_covariate_region_mean
2025-01-18,HGA,1.1895471202048684,censored_likelihood_pressure_index,joint_covariate_region_mean
2025-01-18,SHG,0.0,censored_likelihood_pressure_index,joint_covariate_region_mean
2025-01-19,BDH,0.10003197222369685,censored_likelihood_pressure_index,joint_covariate_region_mean
2025-01-19,HGA,1.2017454876023086,censored_likelihood_pressure_index,joint_covariate_region_mean
2025-01-19,SHG,0.0,censored_likelihood_pressure_index,joint_covariate_region_mean
2025-01-20,BDH,0.0,censored_likelihood_pressure_index,joint_covariate_region_mean
2025-01-20,HGA,0.8034257237960754,censored_likelihood_pressure_index,joint_covariate_region_mean
2025-01-20,SHG,0.0,censored_likelihood_pressure_index,joint_covariate_region_mean
2025-01-21,BDH,0.0,censored_likelihood_pressure_index,joint_covariate_region_mean
2025-01-21,HGA,0.9747958232370364,censored_likelihood_pressure_index,joint_covariate_region_mean
2025-01-21,SHG,0.0,censored_likelihood_pressure_index,joint_covariate_region_mean
2025-01-22,BDH,0.0,censored_likelihood_pressure_index,joint_covariate_region_mean
2025-01-22,HGA,0.9892578340285052,censored_likelihood_pressure_index,joint_covariate_region_mean
2025-01-22,SHG,0.0,censored_likelihood_pressure_index,joint_covariate_region_mean
2025-01-23,BDH,0.0,censored_likelihood_pressure_index,joint_covariate_region_mean
2025-01-23,HGA,0.8565412486473405,censored_likelihood_pressure_index,joint_covariate_region_mean
2025-01-23,SHG,0.0,censored_likelihood_pressure_index,joint_covariate_region_mean
2025-01-24,BDH,0.0,censored_likelihood_pressure_index,joint_covariate_region_mean
2025-01-24,HGA,0.8355660794273287,censored_likelihood_pressure_index,joint_covariate_region_mean
2025-01-24,SHG,0.0,censored_likelihood_pressure_index,joint_covariate_region_mean
2025-01-25,BDH,0.10667781342927098,censored_likelihood_pressure_index,joint_covariate_region_mean
2025-01-25,HGA,1.2150473290534394,censored_likelihood_pressure_index,joint_covariate_region_mean
2025-01-25,SHG,0.0,censored_likelihood_pressure_index,joint_covariate_region_mean
2025-01-26,BDH,0.019232392213920698,censored_likelihood_pressure_index,joint_covariate_region_mean
2025-01-26,HGA,1.0400228148266581,censored_likelihood_pressure_index,joint_covariate_region_mean
2025-01-26,SHG,0.0,censored_likelihood_pressure_index,joint_covariate_region_mean
2025-01-27,BDH,0.0,censored_likelihood_pressure_index,joint_covariate_region_mean
2025-01-27,HGA,0.7714574512061547,censored_likelihood_pressure_index,joint_covariate_region_mean
2025-01-27,SHG,0.0,censored_likelihood_pressure_index,joint_covariate_region_mean
2025-01-28,BDH,0.19509678796803015,censored_likelihood_pressure_index,joint_covariate_region_mean
2025-01-28,HGA,1.3920204381309893,censored_likelihood_pressure_index,joint_covariate_region_mean
2025-01-28,SHG,0.0,censored_likelihood_pressure_index,joint_covariate_region_mean
2025-01-29,BDH,0.16106334115420362,censored_likelihood_pressure_index,joint_covariate_region_mean
2025-01-29,HGA,1.323901519915894,censored_likelihood_pressure_index,joint_covariate_region_mean
2025-01-29,SHG,0.0,censored_likelihood_pressure_index,joint_covariate_region_mean
2025-01-30,BDH,0.16489191240709825,censored_likelihood_pressure_index,joint_covariate_region_mean
2025-01-30,HGA,1.331564514895017,censored_likelihood_pressure_index,joint_covariate_region_mean
2025-01-30,SHG,0.0,censored_likelihood_pressure_index,joint_covariate_region_mean
2025-01-31,BDH,0.26630685315023633,censored_likelihood_pressure_index,joint_covariate_region_mean
2025-01-31,HGA,1.5345494224202803,censored_likelihood_pressure_index,joint_covariate_region_mean
2025-01-31,SHG,0.020668300335626322,censored_likelihood_pressure_index,joint_covariate_region_mean
2025-02-01,BDH,0.6166070732482003,censored_likelihood_pressure_index,joint_covariate_region_mean
2025-02-01,HGA,2.2356853424496537,censored_likelihood_pressure_index,joint_covariate_region_mean
2025-02-01,SHG,0.3030171870727698,censored_likelihood_pressure_index,joint_covariate_region_mean
2025-02-02,BDH,0.5662309519421982,censored_likelihood_pressure_index,joint_covariate_region_mean
2025-02-02,HGA,2.134856093328663,censored_likelihood_pressure_index,joint_covariate_region_mean
2025-02-02,SHG,0.262413039679122,censored_likelihood_pressure_index,joint_covariate_region_mean
2025-02-03,BDH,0.2838055940992942,censored_likelihood_pressure_index,joint_covariate_region_mean
2025-02-03,HGA,1.5695736534391536,censored_likelihood_pressure_index,joint_covariate_region_mean
2025-02-03,SHG,0.03477263068656479,censored_likelihood_pressure_index,joint_covariate_region_mean
2025-02-04,BDH,0.2765663623383218,censored_likelihood_pressure_index,joint_covariate_region_mean
2025-02-04,HGA,1.5550841238019304,censored_likelihood_pressure_index,joint_covariate_region_mean
2025-02-04,SHG,0.028937667100269866,censored_likelihood_pressure_index,joint_covariate_region_mean
2025-02-05,BDH,0.0,censored_likelihood_pressure_index,joint_covariate_region_mean
2025-02-05,HGA,0.7411931912773273,censored_likelihood_pressure_index,joint_covariate_region_mean
2025-02-05,SHG,0.0,censored_likelihood_pressure_index,joint_covariate_region_mean
2025-02-06,BDH,0.0,censored_likelihood_pressure_index,joint_covariate_region_mean
2025-02-06,HGA,0.8407195319471661,censored_likelihood_pressure_index,joint_covariate_region_mean
2025-02-06,SHG,0.0,censored_likelihood_pressure_index,joint_covariate_region_mean
2025-02-07,BDH,0.0,censored_likelihood_pressure_index,joint_covariate_region_mean
2025-02-07,HGA,0.8302754381876025,censored_likelihood_pressure_index,joint_covariate_region_mean
2025-02-07,SHG,0.0,censored_likelihood_pressure_index,joint_covariate_region_mean
2025-02-08,BDH,0.041380408108370764,censored_likelihood_pressure_index,joint_covariate_region_mean
2025-02-08,HGA,1.084352702762891,censored_likelihood_pressure_index,joint_covariate_region_mean
2025-02-08,SHG,0.0,censored_likelihood_pressure_index,joint_covariate_region_mean
2025-02-09,BDH,0.10605451252346731,censored_likelihood_pressure_index,joint_covariate_region_mean
2025-02-09,HGA,1.2137997744446425,censored_likelihood_pressure_index,joint_covariate_region_mean
2025-02-09,SHG,0.0,censored_likelihood_pressure_index,joint_covariate_region_mean
2025-02-10,BDH,0.0,censored_likelihood_pressure_index,joint_covariate_region_mean
2025-02-10,HGA,0.7065292008047253,censored_likelihood_pressure_index,joint_covariate_region_mean
2025-02-10,SHG,0.0,censored_likelihood_pressure_index,joint_covariate_region_mean
2025-02-11,BDH,0.0,censored_likelihood_pressure_index,joint_covariate_region_mean
2025-02-11,HGA,0.8463292631473531,censored_likelihood_pressure_index,joint_covariate_region_mean
2025-02-11,SHG,0.0,censored_likelihood_pressure_index,joint_covariate_region_mean
2025-02-12,BDH,0.0,censored_likelihood_pressure_index,joint_covariate_region_mean
2025-02-12,HGA,0.8383967035596844,censored_likelihood_pressure_index,joint_covariate_region_mean
2025-02-12,SHG,0.0,censored_likelihood_pressure_index,joint_covariate_region_mean
2025-02-13,BDH,0.0,censored_likelihood_pressure_index,joint_covariate_region_mean
2025-02-13,HGA,0.7867759244915871,censored_likelihood_pressure_index,joint_covariate_region_mean
2025-02-13,SHG,0.0,censored_likelihood_pressure_index,joint_covariate_region_mean
2025-02-14,BDH,0.0,censored_likelihood_pressure_index,joint_covariate_region_mean
2025-02-14,HGA,0.8227410890025266,censored_likelihood_pressure_index,joint_covariate_region_mean
2025-02-14,SHG,0.0,censored_likelihood_pressure_index,joint_covariate_region_mean
2025-02-15,BDH,0.1255264801503365,censored_likelihood_pressure_index,joint_covariate_region_mean
2025-02-15,HGA,1.2527734751549335,censored_likelihood_pressure_index,joint_covariate_region_mean
2025-02-15,SHG,0.0,censored_likelihood_pressure_index,joint_covariate_region_mean
2025-02-16,BDH,0.08853483333602583,censored_likelihood_pressure_index,joint_covariate_region_mean
2025-02-16,HGA,1.1787336349421582,censored_likelihood_pressure_index,joint_covariate_region_mean
2025-02-16,SHG,0.0,censored_likelihood_pressure_index,joint_covariate_region_mean
2025-02-17,BDH,0.0,censored_likelihood_pressure_index,joint_covariate_region_mean
2025-02-17,HGA,0.6791977712551596,censored_likelihood_pressure_index,joint_covariate_region_mean
2025-02-17,SHG,0.0,censored_likelihood_pressure_index,joint_covariate_region_mean
2025-02-18,BDH,0.0,censored_likelihood_pressure_index,joint_covariate_region_mean
2025-02-18,HGA,0.7440127666730145,censored_likelihood_pressure_index,joint_covariate_region_mean
2025-02-18,SHG,0.0,censored_likelihood_pressure_index,joint_covariate_region_mean
2025-02-19,BDH,0.0,censored_likelihood_pressure_index,joint_covariate_region_mean
2025-02-19,HGA,0.8713385077327278,censored_likelihood_pressure_index,joint_covariate_region_mean
2025-02-19,SHG,0.0,censored_likelihood_pressure_index,joint_covariate_region_mean
2025-02-20,BDH,0.0,censored_likelihood_pressure_index,joint_covariate_region_mean
2025-02-20,HGA,0.8388582011007826,censored_likelihood_pressure_index,joint_covariate_region_mean
2025-02-20,SHG,0.0,censored_likelihood_pressure_index,joint_covariate_region_mean
2025-02-21,BDH,0.0,censored_likelihood_pressure_index,joint_covariate_region_mean
2025-02-21,HGA,0.8126378248985231,censored_likelihood_pressure_index,joint_covariate_region_mean
2025-02-21,SHG,0.0,censored_likelihood_pressure_index,joint_covariate_region_mean
2025-02-22,BDH,0.10225814846593814,censored_likelihood_pressure_index,joint_covariate_region_mean
2025-02-22,HGA,1.2062012430891733,censored_likelihood_pressure_index,joint_covariate_region_mean
2025-02-22,SHG,0.0,censored_likelihood_pressure_index,joint_covariate_region_mean
2025-02-23,BDH,0.04862704251851136,censored_likelihood_pressure_index,joint_covariate_region_mean
2025-02-23,HGA,1.0988570490143705,censored_likelihood_pressure_index,joint_covariate_region_mean
2025-02-23,SHG,0.0,censored_likelihood_pressure_index,joint_covariate_region_mean
2025-02-24,BDH,0.0,censored_likelihood_pressure_index,joint_covariate_region_mean
2025-02-24,HGA,0.7869801876202462,censored_likelihood_pressure_index,joint_covariate_region_mean
2025-02-24,SHG,0.0,censored_likelihood_pressure_index,joint_covariate_region_mean
2025-02-25,BDH,0.0,censored_likelihood_pressure_index,joint_covariate_region_mean
2025-02-25,HGA,0.8129085536104288,censored_likelihood_pressure_index,joint_covariate_region_mean
2025-02-25,SHG,0.0,censored_likelihood_pressure_index,joint_covariate_region_mean
2025-02-26,BDH,0.0,censored_likelihood_pressure_index,joint_covariate_region_mean
2025-02-26,HGA,0.7929624729586993,censored_likelihood_pressure_index,joint_covariate_region_mean
2025-02-26,SHG,0.0,censored_likelihood_pressure_index,joint_covariate_region_mean
2025-02-27,BDH,0.0,censored_likelihood_pressure_index,joint_covariate_region_mean
2025-02-27,HGA,0.8783583630467866,censored_likelihood_pressure_index,joint_covariate_region_mean
2025-02-27,SHG,0.0,censored_likelihood_pressure_index,joint_covariate_region_mean
2025-02-28,BDH,0.0,censored_likelihood_pressure_index,joint_covariate_region_mean
2025-02-28,HGA,0.9813310013007763,censored_likelihood_pressure_index,joint_covariate_region_mean
2025-02-28,SHG,0.0,censored_likelihood_pressure_index,joint_covariate_region_mean
2025-03-01,BDH,0.1638763076783365,censored_likelihood_pressure_index,joint_covariate_region_mean
2025-03-01,HGA,1.329531752952454,censored_likelihood_pressure_index,joint_covariate_region_mean
2025-03-01,SHG,0.0,censored_likelihood_pressure_index,joint_covariate_region_mean
2025-03-02,BDH,0.10510315308306999,censored_likelihood_pressure_index,joint_covariate_region_mean
2025-03-02,HGA,1.2118956012861584,censored_likelihood_pressure_index,joint_covariate_region_mean
2025-03-02,SHG,0.0,censored_likelihood_pressure_index,joint_covariate_region_mean
2025-03-03,BDH,0.0,censored_likelihood_pressure_index,joint_covariate_region_mean
2025-03-03,HGA,0.7897925389819234,censored_likelihood_pressure_index,joint_covariate_region_mean
2025-03-03,SHG,0.0,censored_likelihood_pressure_index,joint_covariate_region_mean
2025-03-04,BDH,0.0,censored_likelihood_pressure_index,joint_covariate_region_mean
2025-03-04,HGA,0.946186887269006,censored_likelihood_pressure_index,joint_covariate_region_mean
2025-03-04,SHG,0.0,censored_likelihood_pressure_index,joint_covariate_region_mean
2025-03-05,BDH,0.0,censored_likelihood_pressure_index,joint_covariate_region_mean
2025-03-05,HGA,0.9170099648143311,censored_likelihood_pressure_index,joint_covariate_region_mean
2025-03-05,SHG,0.0,censored_likelihood_pressure_index,joint_covariate_region_mean
2025-03-06,BDH,0.0,censored_likelihood_pressure_index,joint_covariate_region_mean
2025-03-06,HGA,0.9411113888665608,censored_likelihood_pressure_index,joint_covariate_region_mean
2025-03-06,SHG,0.0,censored_likelihood_pressure_index,joint_covariate_region_mean
2025-03-07,BDH,0.003655557868701658,censored_likelihood_pressure_index,joint_covariate_region_mean
2025-03-07,HGA,1.0088453349017925,censored_likelihood_pressure_index,joint_covariate_region_mean
2025-03-07,SHG,0.0,censored_likelihood_pressure_index,joint_covariate_region_mean
2025-03-08,BDH,0.18207997567076992,censored_likelihood_pressure_index,joint_covariate_region_mean
2025-03-08,HGA,1.365966915631526,censored_likelihood_pressure_index,joint_covariate_region_mean
2025-03-08,SHG,0.0,censored_likelihood_pressure_index,joint_covariate_region_mean
2025-03-09,BDH,0.19685781582587375,censored_likelihood_pressure_index,joint_covariate_region_mean
2025-03-09,HGA,1.3955451858087415,censored_likelihood_pressure_index,joint_covariate_region_mean
2025-03-09,SHG,0.0,censored_likelihood_pressure_index,joint_covariate_region_mean
2025-03-10,BDH,0.0,censored_likelihood_pressure_index,joint_covariate_region_mean
2025-03-10,HGA,0.9527213940709816,censored_likelihood_pressure_index,joint_covariate_region_mean
2025-03-10,SHG,0.0,censored_likelihood_pressure_index,joint_covariate_region_mean
2025-03-11,BDH,0.0550213487251008,censored_likelihood_pressure_index,joint_covariate_region_mean
2025-03-11,HGA,1.1116554359632937,censored_likelihood_pressure_index,joint_covariate_region_mean
2025-03-11,SHG,0.0,censored_likelihood_pressure_index,joint_covariate_region_mean
2025-03-12,BDH,0.020994181948208426,censored_likelihood_pressure_index,joint_covariate_region_mean
2025-03-12,HGA,1.043549087421927,censored_likelihood_pressure_index,joint_covariate_region_mean
2025-03-12,SHG,0.0,censored_likelihood_pressure_index,joint_covariate_region_mean
2025-03-13,BDH,0.0159060112450476,censored_likelihood_pressure_index,joint_covariate_region_mean
2025-03-13,HGA,1.0333649680792973,censored_likelihood_pressure_index,joint_covariate_region_mean
2025-03-13,SHG,0.0,censored_likelihood_pressure_index,joint_covariate_region_mean
2025-03-14,BDH,0.008422514947862461,censored_likelihood_pressure_index,joint_covariate_region_mean
2025-03-14,HGA,1.0183865359792663,censored_likelihood_pressure_index,joint_covariate_region_mean
2025-03-14,SHG,0.0,censored_likelihood_pressure_index,joint_covariate_region_mean
2025-03-15,BDH,0.2064167689549807,censored_likelihood_pressure_index,joint_covariate_region_mean
2025-03-15,HGA,1.414677704180611,censored_likelihood_pressure_index,joint_covariate_region_mean
2025-03-15,SHG,0.0,censored_likelihood_pressure_index,joint_covariate_region_mean
2025-03-16,BDH,0.1368770239062864,censored_likelihood_pressure_index,joint_covariate_region_mean
2025-03-16,HGA,1.2754919134617548,censored_likelihood_pressure_index,joint_covariate_region_mean
2025-03-16,SHG,0.0,censored_likelihood_pressure_index,joint_covariate_region_mean
2025-03-17,BDH,0.0,censored_likelihood_pressure_index,joint_covariate_region_mean
2025-03-17,HGA,0.9144965055229304,censored_likelihood_pressure_index,joint_covariate_region_mean
2025-03-17,SHG,0.0,censored_likelihood_pressure_index,joint_covariate_region_mean
2025-03-18,BDH,0.0,censored_likelihood_pressure_index,joint_covariate_region_mean
2025-03-18,HGA,0.9467699762042272,censored_likelihood_pressure_index,joint_covariate_region_mean
2025-03-18,SHG,0.0,censored_likelihood_pressure_index,joint_covariate_region_mean
2025-03-19,BDH,0.0,censored_likelihood_pressure_index,joint_covariate_region_mean
2025-03-19,HGA,0.975743169487902,censored_likelihood_pressure_index,joint_covariate_region_mean
2025-03-19,SHG,0.0,censored_likelihood_pressure_index,joint_covariate_region_mean
2025-03-20,BDH,0.04662530319892514,censored_likelihood_pressure_index,joint_covariate_region_mean
2025-03-20,HGA,1.0948505104540907,censored_likelihood_pressure_index,joint_covariate_region_mean
2025-03-20,SHG,0.0,censored_likelihood_pressure_index,joint_covariate_region_mean
2025-03-21,BDH,0.06478082489658596,censored_likelihood_pressure_index,joint_covariate_region_mean
2025-03-21,HGA,1.131189306945691,censored_likelihood_pressure_index,joint_covariate_region_mean
2025-03-21,SHG,0.0,censored_likelihood_pressure_index,joint_covariate_region_mean
2025-03-22,BDH,0.29899126969888723,censored_likelihood_pressure_index,joint_covariate_region_mean
2025-03-22,HGA,1.5999682179353183,censored_likelihood_pressure_index,joint_covariate_region_mean
2025-03-22,SHG,0.04701258474282382,censored_likelihood_pressure_index,joint_covariate_region_mean
2025-03-23,BDH,0.2303698864154144,censored_likelihood_pressure_index,joint_covariate_region_mean
2025-03-23,HGA,1.46262055458332,censored_likelihood_pressure_index,joint_covariate_region_mean
2025-03-23,SHG,0.0,censored_likelihood_pressure_index,joint_covariate_region_mean
2025-03-24,BDH,0.0,censored_likelihood_pressure_index,joint_covariate_region_mean
2025-03-24,HGA,0.9895096265148231,censored_likelihood_pressure_index,joint_covariate_region_mean
2025-03-24,SHG,0.0,censored_likelihood_pressure_index,joint_covariate_region_mean
2025-03-25,BDH,0.04520122943622798,censored_likelihood_pressure_index,joint_covariate_region_mean
2025-03-25,HGA,1.092000186045162,censored_likelihood_pressure_index,joint_covariate_region_mean
2025-03-25,SHG,0.0,censored_likelihood_pressure_index,joint_covariate_region_mean
2025-03-26,BDH,0.11332828663083447,censored_likelihood_pressure_index,joint_covariate_region_mean
2025-03-26,HGA,1.2283584415771625,censored_likelihood_pressure_index,joint_covariate_region_mean
2025-03-26,SHG,0.0,censored_likelihood_pressure_index,joint_covariate_region_mean
2025-03-27,BDH,0.0977407564377801,censored_likelihood_pressure_index,joint_covariate_region_mean
2025-03-27,HGA,1.1971595536066197,censored_likelihood_pressure_index,joint_covariate_region_mean
2025-03-27,SHG,0.0,censored_likelihood_pressure_index,joint_covariate_region_mean
2025-03-28,BDH,0.07583588740395233,censored_likelihood_pressure_index,joint_covariate_region_mean
2025-03-28,HGA,1.1533163310735004,censored_likelihood_pressure_index,joint_covariate_region_mean
2025-03-28,SHG,0.0,censored_likelihood_pressure_index,joint_covariate_region_mean
2025-03-29,BDH,0.2558723885940305,censored_likelihood_pressure_index,joint_covariate_region_mean
2025-03-29,HGA,1.5136645428601607,censored_likelihood_pressure_index,joint_covariate_region_mean
2025-03-29,SHG,0.012257916093449731,censored_likelihood_pressure_index,joint_covariate_region_mean
2025-03-30,BDH,0.19569559573760864,censored_likelihood_pressure_index,joint_covariate_region_mean
2025-03-30,HGA,1.393218969026364,censored_likelihood_pressure_index,joint_covariate_region_mean
2025-03-30,SHG,0.0,censored_likelihood_pressure_index,joint_covariate_region_mean
2025-03-31,BDH,0.0,censored_likelihood_pressure_index,joint_covariate_region_mean
2025-03-31,HGA,0.964885748473377,censored_likelihood_pressure_index,joint_covariate_region_mean
2025-03-31,SHG,0.0,censored_likelihood_pressure_index,joint_covariate_region_mean
2025-04-01,BDH,0.03354090657277556,censored_likelihood_pressure_index,joint_covariate_region_mean
2025-04-01,HGA,1.0686617159853373,censored_likelihood_pressure_index,joint_covariate_region_mean
2025-04-01,SHG,0.0,censored_likelihood_pressure_index,joint_covariate_region_mean
2025-04-02,BDH,0.05186019291030127,censored_likelihood_pressure_index,joint_covariate_region_mean
2025-04-02,HGA,1.1053282920923997,censored_likelihood_pressure_index,joint_covariate_region_mean
2025-04-02,SHG,0.0,censored_likelihood_pressure_index,joint_covariate_region_mean
2025-04-03,BDH,0.07043217051577043,censored_likelihood_pressure_index,joint_covariate_region_mean
2025-04-03,HGA,1.142500637007096,censored_likelihood_pressure_index,joint_covariate_region_mean
2025-04-03,SHG,0.0,censored_likelihood_pressure_index,joint_covariate_region_mean
2025-04-04,BDH,0.5236114907495315,censored_likelihood_pressure_index,joint_covariate_region_mean
2025-04-04,HGA,2.0495520215067278,censored_likelihood_pressure_index,joint_covariate_region_mean
2025-04-04,SHG,0.2280609133295552,censored_likelihood_pressure_index,joint_covariate_region_mean
2025-04-05,BDH,0.784474894712333,censored_likelihood_pressure_index,joint_covariate_region_mean
2025-04-05,HGA,2.5716775933613603,censored_likelihood_pressure_index,joint_covariate_region_mean
2025-04-05,SHG,0.4383219622057471,censored_likelihood_pressure_index,joint_covariate_region_mean
2025-04-06,BDH,0.7837607603124277,censored_likelihood_pressure_index,joint_covariate_region_mean
2025-04-06,HGA,2.57024823291345,censored_likelihood_pressure_index,joint_covariate_region_mean
2025-04-06,SHG,0.4377463557938025,censored_likelihood_pressure_index,joint_covariate_region_mean
2025-04-07,BDH,0.04078399674717429,censored_likelihood_pressure_index,joint_covariate_region_mean
2025-04-07,HGA,1.0831589683475045,censored_likelihood_pressure_index,joint_covariate_region_mean
2025-04-07,SHG,0.0,censored_likelihood_pressure_index,joint_covariate_region_mean
2025-04-08,BDH,0.12819476165229976,censored_likelihood_pressure_index,joint_covariate_region_mean
2025-04-08,HGA,1.25811411697712,censored_likelihood_pressure_index,joint_covariate_region_mean
2025-04-08,SHG,0.0,censored_likelihood_pressure_index,joint_covariate_region_mean
2025-04-09,BDH,0.04795900084911884,censored_likelihood_pressure_index,joint_covariate_region_mean
2025-04-09,HGA,1.0975199444862707,censored_likelihood_pressure_index,joint_covariate_region_mean
2025-04-09,SHG,0.0,censored_likelihood_pressure_index,joint_covariate_region_mean
2025-04-10,BDH,0.05218117520659478,censored_likelihood_pressure_index,joint_covariate_region_mean
2025-04-10,HGA,1.105970747348528,censored_likelihood_pressure_index,joint_covariate_region_mean
2025-04-10,SHG,0.0,censored_likelihood_pressure_index,joint_covariate_region_mean
2025-04-11,BDH,0.0756472333281534,censored_likelihood_pressure_index,joint_covariate_region_mean
2025-04-11,HGA,1.1529387345394029,censored_likelihood_pressure_index,joint_covariate_region_mean
2025-04-11,SHG,0.0,censored_likelihood_pressure_index,joint_covariate_region_mean
2025-04-12,BDH,0.2903823053391513,censored_likelihood_pressure_index,joint_covariate_region_mean
2025-04-12,HGA,1.5827371292846304,censored_likelihood_pressure_index,joint_covariate_region_mean
2025-04-12,SHG,0.04007358966525462,censored_likelihood_pressure_index,joint_covariate_region_mean
2025-04-13,BDH,0.21998386932351077,censored_likelihood_pressure_index,joint_covariate_region_mean
2025-04-13,HGA,1.441832644010109,censored_likelihood_pressure_index,joint_covariate_region_mean
2025-04-13,SHG,0.0,censored_likelihood_pressure_index,joint_covariate_region_mean
2025-04-14,BDH,0.015781479569842556,censored_likelihood_pressure_index,joint_covariate_region_mean
2025-04-14,HGA,1.0331157143658878,censored_likelihood_pressure_index,joint_covariate_region_mean
2025-04-14,SHG,0.0,censored_likelihood_pressure_index,joint_covariate_region_mean
2025-04-15,BDH,0.10481418458072511,censored_likelihood_pressure_index,joint_covariate_region_mean
2025-04-15,HGA,1.2113172225552105,censored_likelihood_pressure_index,joint_covariate_region_mean
2025-04-15,SHG,0.0,censored_likelihood_pressure_index,joint_covariate_region_mean
2025-04-16,BDH,0.11416752756623186,censored_likelihood_pressure_index,joint_covariate_region_mean
2025-04-16,HGA,1.2300382063378055,censored_likelihood_pressure_index,joint_covariate_region_mean
2025-04-16,SHG,0.0,censored_likelihood_pressure_index,joint_covariate_region_mean
2025-04-17,BDH,0.12298044639139447,censored_likelihood_pressure_index,joint_covariate_region_mean
2025-04-17,HGA,1.2476775156904991,censored_likelihood_pressure_index,joint_covariate_region_mean
2025-04-17,SHG,0.0,censored_likelihood_pressure_index,joint_covariate_region_mean
2025-04-18,BDH,0.028335308558320497,censored_likelihood_pressure_index,joint_covariate_region_mean
2025-04-18,HGA,1.0582425625170715,censored_likelihood_pressure_index,joint_covariate_region_mean
2025-04-18,SHG,0.0,censored_likelihood_pressure_index,joint_covariate_region_mean
2025-04-19,BDH,0.35450960313269536,censored_likelihood_pressure_index,joint_covariate_region_mean
2025-04-19,HGA,1.7110897518576338,censored_likelihood_pressure_index,joint_covariate_region_mean
2025-04-19,SHG,0.09176145653671955,censored_likelihood_pressure_index,joint_covariate_region_mean
2025-04-20,BDH,0.5313457325451307,censored_likelihood_pressure_index,joint_covariate_region_mean
2025-04-20,HGA,2.0650323279009704,censored_likelihood_pressure_index,joint_covariate_region_mean
2025-04-20,SHG,0.2342948647673608,censored_likelihood_pressure_index,joint_covariate_region_mean
2025-04-21,BDH,0.09955238731462368,censored_likelihood_pressure_index,joint_covariate_region_mean
2025-04-21,HGA,1.200785584675724,censored_likelihood_pressure_index,joint_covariate_region_mean
2025-04-21,SHG,0.0,censored_likelihood_pressure_index,joint_covariate_region_mean
2025-04-22,BDH,0.1676984052254455,censored_likelihood_pressure_index,joint_covariate_region_mean
2025-04-22,HGA,1.337181790624097,censored_likelihood_pressure_index,joint_covariate_region_mean
2025-04-22,SHG,0.0,censored_likelihood_pressure_index,joint_covariate_region_mean
2025-04-23,BDH,0.1691603702408962,censored_likelihood_pressure_index,joint_covariate_region_mean
2025-04-23,HGA,1.3401079554602826,censored_likelihood_pressure_index,joint_covariate_region_mean
2025-04-23,SHG,0.0,censored_likelihood_pressure_index,joint_covariate_region_mean
2025-04-24,BDH,0.14677818968747783,censored_likelihood_pressure_index,joint_covariate_region_mean
2025-04-24,HGA,1.295309380254718,censored_likelihood_pressure_index,joint_covariate_region_mean
2025-04-24,SHG,0.0,censored_likelihood_pressure_index,joint_covariate_region_mean
2025-04-25,BDH,0.14988191636518508,censored_likelihood_pressure_index,joint_covariate_region_mean
2025-04-25,HGA,1.3015215780634586,censored_likelihood_pressure_index,joint_covariate_region_mean
2025-04-25,SHG,0.0,censored_likelihood_pressure_index,joint_covariate_region_mean
2025-04-26,BDH,0.3886875226736424,censored_likelihood_pressure_index,joint_covariate_region_mean
2025-04-26,HGA,1.779497836372483,censored_likelihood_pressure_index,joint_covariate_region_mean
2025-04-26,SHG,0.11930953381363174,censored_likelihood_pressure_index,joint_covariate_region_mean
2025-04-27,BDH,0.3001232133050892,censored_likelihood_pressure_index,joint_covariate_region_mean
2025-04-27,HGA,1.6022338354719952,censored_likelihood_pressure_index,joint_covariate_region_mean
2025-04-27,SHG,0.04792495361593203,censored_likelihood_pressure_index,joint_covariate_region_mean
2025-04-28,BDH,0.17988051711374187,censored_likelihood_pressure_index,joint_covariate_region_mean
2025-04-28,HGA,1.361564636356574,censored_likelihood_pressure_index,joint_covariate_region_mean
2025-04-28,SHG,0.0,censored_likelihood_pressure_index,joint_covariate_region_mean
2025-04-29,BDH,0.16236891296389627,censored_likelihood_pressure_index,joint_covariate_region_mean
2025-04-29,HGA,1.3265146592730352,censored_likelihood_pressure_index,joint_covariate_region_mean
2025-04-29,SHG,0.0,censored_likelihood_pressure_index,joint_covariate_region_mean
2025-04-30,BDH,0.2005994630048637,censored_likelihood_pressure_index,joint_covariate_region_mean
2025-04-30,HGA,1.403034199765207,censored_likelihood_pressure_index,joint_covariate_region_mean
2025-04-30,SHG,0.0,censored_likelihood_pressure_index,joint_covariate_region_mean
2025-05-01,BDH,0.8334741457592638,censored_likelihood_pressure_index,joint_covariate_region_mean
2025-05-01,HGA,2.6697509972374194,censored_likelihood_pressure_index,joint_covariate_region_mean
2025-05-01,SHG,0.477816325013129,censored_likelihood_pressure_index,joint_covariate_region_mean
2025-05-02,BDH,0.8820429822113616,censored_likelihood_pressure_index,joint_covariate_region_mean
2025-05-02,HGA,2.7669629139786487,censored_likelihood_pressure_index,joint_covariate_region_mean
2025-05-02,SHG,0.5169637651675576,censored_likelihood_pressure_index,joint_covariate_region_mean
2025-05-03,BDH,1.3747609431574852,censored_likelihood_pressure_index,joint_covariate_region_mean
2025-05-03,HGA,3.7531520199014095,censored_likelihood_pressure_index,joint_covariate_region_mean
2025-05-03,SHG,0.9141041600826045,censored_likelihood_pressure_index,joint_covariate_region_mean
2025-05-04,BDH,1.1806750882174946,censored_likelihood_pressure_index,joint_covariate_region_mean
2025-05-04,HGA,3.364683624334938,censored_likelihood_pressure_index,joint_covariate_region_mean
2025-05-04,SHG,0.7576671328423481,censored_likelihood_pressure_index,joint_covariate_region_mean
2025-05-05,BDH,0.5268893571833577,censored_likelihood_pressure_index,joint_covariate_region_mean
2025-05-05,HGA,2.056112765023165,censored_likelihood_pressure_index,joint_covariate_region_mean
2025-05-05,SHG,0.23070293832801245,censored_likelihood_pressure_index,joint_covariate_region_mean
2025-05-06,BDH,0.09367701803301388,censored_likelihood_pressure_index,joint_covariate_region_mean
2025-05-06,HGA,1.1890258648399166,censored_likelihood_pressure_index,joint_covariate_region_mean
2025-05-06,SHG,0.0,censored_likelihood_pressure_index,joint_covariate_region_mean
2025-05-07,BDH,0.12515282742020345,censored_likelihood_pressure_index,joint_covariate_region_mean
2025-05-07,HGA,1.2520255985174593,censored_likelihood_pressure_index,joint_covariate_region_mean
2025-05-07,SHG,0.0,censored_likelihood_pressure_index,joint_covariate_region_mean
2025-05-08,BDH,0.12688330907019477,censored_likelihood_pressure_index,joint_covariate_region_mean
2025-05-08,HGA,1.2554892070856223,censored_likelihood_pressure_index,joint_covariate_region_mean
2025-05-08,SHG,0.0,censored_likelihood_pressure_index,joint_covariate_region_mean
2025-05-09,BDH,0.07707910552648567,censored_likelihood_pressure_index,joint_covariate_region_mean
2025-05-09,HGA,1.1558046677405334,censored_likelihood_pressure_index,joint_covariate_region_mean
2025-05-09,SHG,0.0,censored_likelihood_pressure_index,joint_covariate_region_mean
2025-05-10,BDH,0.3133875508456735,censored_likelihood_pressure_index,joint_covariate_region_mean
2025-05-10,HGA,1.6287827868329074,censored_likelihood_pressure_index,joint_covariate_region_mean
2025-05-10,SHG,0.05861627130006682,censored_likelihood_pressure_index,joint_covariate_region_mean
2025-05-11,BDH,0.2365753468018965,censored_likelihood_pressure_index,joint_covariate_region_mean
2025-05-11,HGA,1.4750409612164224,censored_likelihood_pressure_index,joint_covariate_region_mean
2025-05-11,SHG,0.0,censored_likelihood_pressure_index,joint_covariate_region_mean
2025-05-12,BDH,0.03690941976931405,censored_likelihood_pressure_index,joint_covariate_region_mean
2025-05-12,HGA,1.0754038915926656,censored_likelihood_pressure_index,joint_covariate_region_mean
2025-05-12,SHG,0.0,censored_likelihood_pressure_index,joint_covariate_region_mean
2025-05-13,BDH,0.12971376365565995,censored_likelihood_pressure_index,joint_covariate_region_mean
2025-05-13,HGA,1.261154442977642,censored_likelihood_pressure_index,joint_covariate_region_mean
2025-05-13,SHG,0.0,censored_likelihood_pressure_index,joint_covariate_region_mean
2025-05-14,BDH,0.026005292022034443,censored_likelihood_pressure_index,joint_covariate_region_mean
2025-05-14,HGA,1.0535789677086078,censored_likelihood_pressure_index,joint_covariate_region_mean
2025-05-14,SHG,0.0,censored_likelihood_pressure_index,joint_covariate_region_mean
2025-05-15,BDH,0.11781766299322839,censored_likelihood_pressure_index,joint_covariate_region_mean
2025-05-15,HGA,1.2373440569025678,censored_likelihood_pressure_index,joint_covariate_region_mean
2025-05-15,SHG,0.0,censored_likelihood_pressure_index,joint_covariate_region_mean
2025-05-16,BDH,0.08976349164107314,censored_likelihood_pressure_index,joint_covariate_region_mean
2025-05-16,HGA,1.1811928297176282,censored_likelihood_pressure_index,joint_covariate_region_mean
2025-05-16,SHG,0.0,censored_likelihood_pressure_index,joint_covariate_region_mean
2025-05-17,BDH,0.2904429831100175,censored_likelihood_pressure_index,joint_covariate_region_mean
2025-05-17,HGA,1.5828585775802941,censored_likelihood_pressure_index,joint_covariate_region_mean
2025-05-17,SHG,0.040122497145383955,censored_likelihood_pressure_index,joint_covariate_region_mean
2025-05-18,BDH,0.2863469649080965,censored_likelihood_pressure_index,joint_covariate_region_mean
2025-05-18,HGA,1.5746602798753777,censored_likelihood_pressure_index,joint_covariate_region_mean
2025-05-18,SHG,0.03682102568457804,censored_likelihood_pressure_index,joint_covariate_region_mean
2025-05-19,BDH,0.03331353708768669,censored_likelihood_pressure_index,joint_covariate_region_mean
2025-05-19,HGA,1.0682066294510788,censored_likelihood_pressure_index,joint_covariate_region_mean
2025-05-19,SHG,0.0,censored_likelihood_pressure_index,joint_covariate_region_mean
2025-05-20,BDH,0.10034816202163681,censored_likelihood_pressure_index,joint_covariate_region_mean
2025-05-20,HGA,1.2023783505357675,censored_likelihood_pressure_index,joint_covariate_region_mean
2025-05-20,SHG,0.0,censored_likelihood_pressure_index,joint_covariate_region_mean
2025-05-21,BDH,0.08118476304894569,censored_likelihood_pressure_index,joint_covariate_region_mean
2025-05-21,HGA,1.1640222588214941,censored_likelihood_pressure_index,joint_covariate_region_mean
2025-05-21,SHG,0.0,censored_likelihood_pressure_index,joint_covariate_region_mean
2025-05-22,BDH,0.09083337990394798,censored_likelihood_pressure_index,joint_covariate_region_mean
2025-05-22,HGA,1.1833342417079193,censored_likelihood_pressure_index,joint_covariate_region_mean
2025-05-22,SHG,0.0,censored_likelihood_pressure_index,joint_covariate_region_mean
2025-05-23,BDH,0.12038208538964078,censored_likelihood_pressure_index,joint_covariate_region_mean
2025-05-23,HGA,1.2424768217513873,censored_likelihood_pressure_index,joint_covariate_region_mean
2025-05-23,SHG,0.0,censored_likelihood_pressure_index,joint_covariate_region_mean
2025-05-24,BDH,0.34382920865988514,censored_likelihood_pressure_index,joint_covariate_region_mean
2025-05-24,HGA,1.6897126365281707,censored_likelihood_pressure_index,joint_covariate_region_mean
2025-05-24,SHG,0.0831528479310265,censored_likelihood_pressure_index,joint_covariate_region_mean
2025-05-25,BDH,0.33005491914632146,censored_likelihood_pressure_index,joint_covariate_region_mean
2025-05-25,HGA,1.6621430016928214,censored_likelihood_pressure_index,joint_covariate_region_mean
2025-05-25,SHG,0.07205049889835337,censored_likelihood_pressure_index,joint_covariate_region_mean
2025-05-26,BDH,0.08645173404921128,censored_likelihood_pressure_index,joint_covariate_region_mean
2025-05-26,HGA,1.17456425207804,censored_likelihood_pressure_index,joint_covariate_region_mean
2025-05-26,SHG,0.0,censored_likelihood_pressure_index,joint_covariate_region_mean
2025-05-27,BDH,0.14374844286549215,censored_likelihood_pressure_index,joint_covariate_region_mean
2025-05-27,HGA,1.289245255245333,censored_likelihood_pressure_index,joint_covariate_region_mean
2025-05-27,SHG,0.0,censored_likelihood_pressure_index,joint_covariate_region_mean
2025-05-28,BDH,0.12307508717299495,censored_likelihood_pressure_index,joint_covariate_region_mean
2025-05-28,HGA,1.2478669419245483,censored_likelihood_pressure_index,joint_covariate_region_mean
2025-05-28,SHG,0.0,censored_likelihood_pressure_index,joint_covariate_region_mean
2025-05-29,BDH,0.15561482429413778,censored_likelihood_pressure_index,joint_covariate_region_mean
2025-05-29,HGA,1.3129961574230888,censored_likelihood_pressure_index,joint_covariate_region_mean
2025-05-29,SHG,0.0,censored_likelihood_pressure_index,joint_covariate_region_mean
2025-05-30,BDH,0.2042933523882883,censored_likelihood_pressure_index,joint_covariate_region_mean
2025-05-30,HGA,1.4104276251264865,censored_likelihood_pressure_index,joint_covariate_region_mean
2025-05-30,SHG,0.0,censored_likelihood_pressure_index,joint_covariate_region_mean
2025-05-31,BDH,1.1539179563264566,censored_likelihood_pressure_index,joint_covariate_region_mean
2025-05-31,HGA,3.3111284587671754,censored_likelihood_pressure_index,joint_covariate_region_mean
2025-05-31,SHG,0.7361003567792308,censored_likelihood_pressure_index,joint_covariate_region_mean
2025-06-01,BDH,1.1034352238415845,censored_likelihood_pressure_index,joint_covariate_region_mean
2025-06-01,HGA,3.2100858243192754,censored_likelihood_pressure_index,joint_covariate_region_mean
2025-06-01,SHG,0.69541027867261,censored_likelihood_pressure_index,joint_covariate_region_mean
2025-06-02,BDH,0.7245897211882808,censored_likelihood_pressure_index,joint_covariate_region_mean
2025-06-02,HGA,2.451815703970703,censored_likelihood_pressure_index,joint_covariate_region_mean
2025-06-02,SHG,0.390053331167353,censored_likelihood_pressure_index,joint_covariate_region_mean
2025-06-03,BDH,0.2621753387062548,censored_likelihood_pressure_index,joint_covariate_region_mean
2025-06-03,HGA,1.5262800779705805,censored_likelihood_pressure_index,joint_covariate_region_mean
2025-06-03,SHG,0.01733821820359003,censored_likelihood_pressure_index,joint_covariate_region_mean
2025-06-04,BDH,0.27513072476801975,censored_likelihood_pressure_index,joint_covariate_region_mean
2025-06-04,HGA,1.5522106541009952,censored_likelihood_pressure_index,joint_covariate_region_mean
2025-06-04,SHG,0.02778051490202278,censored_likelihood_pressure_index,joint_covariate_region_mean
2025-06-05,BDH,0.28966498625920595,censored_likelihood_pressure_index,joint_covariate_region_mean
2025-06-05,HGA,1.5813013946084387,censored_likelihood_pressure_index,joint_covariate_region_mean
2025-06-05,SHG,0.039495416338383015,censored_likelihood_pressure_index,joint_covariate_region_mean
2025-06-06,BDH,0.2169290205693876,censored_likelihood_pressure_index,joint_covariate_region_mean
2025-06-06,HGA,1.4357182767648533,censored_likelihood_pressure_index,joint_covariate_region_mean
2025-06-06,SHG,0.0,censored_likelihood_pressure_index,joint_covariate_region_mean
2025-06-07,BDH,0.47556457374356537,censored_likelihood_pressure_index,joint_covariate_region_mean
2025-06-07,HGA,1.9533847414800918,censored_likelihood_pressure_index,joint_covariate_region_mean
2025-06-07,SHG,0.18933415054307262,censored_likelihood_pressure_index,joint_covariate_region_mean
2025-06-08,BDH,0.3943659746224191,censored_likelihood_pressure_index,joint_covariate_region_mean
2025-06-08,HGA,1.790863420528653,censored_likelihood_pressure_index,joint_covariate_region_mean
2025-06-08,SHG,0.12388647808640185,censored_likelihood_pressure_index,joint_covariate_region_mean
2025-06-09,BDH,0.0927473128460716,censored_likelihood_pressure_index,joint_covariate_region_mean
2025-06-09,HGA,1.187165033289709,censored_likelihood_pressure_index,joint_covariate_region_mean
2025-06-09,SHG,0.0,censored_likelihood_pressure_index,joint_covariate_region_mean
2025-06-10,BDH,0.2449039305010806,censored_likelihood_pressure_index,joint_covariate_region_mean
2025-06-10,HGA,1.4917108599473914,censored_likelihood_pressure_index,joint_covariate_region_mean
2025-06-10,SHG,0.0034171225281435782,censored_likelihood_pressure_index,joint_covariate_region_mean
2025-06-11,BDH,0.24502783964597397,censored_likelihood_pressure_index,joint_covariate_region_mean
2025-06-11,HGA,1.4919588676485582,censored_likelihood_pressure_index,joint_covariate_region_mean
2025-06-11,SHG,0.0035169957429174612,censored_likelihood_pressure_index,joint_covariate_region_mean
2025-06-12,BDH,0.2760897392055822,censored_likelihood_pressure_index,joint_covariate_region_mean
2025-06-12,HGA,1.5541301489554766,censored_likelihood_pressure_index,joint_covariate_region_mean
2025-06-12,SHG,0.028553499454344478,censored_likelihood_pressure_index,joint_covariate_region_mean
2025-06-13,BDH,0.2838036692904838,censored_likelihood_pressure_index,joint_covariate_region_mean
2025-06-13,HGA,1.5695698008792096,censored_likelihood_pressure_index,joint_covariate_region_mean
2025-06-13,SHG,0.03477107925269859,censored_likelihood_pressure_index,joint_covariate_region_mean
2025-06-14,BDH,0.5032642751152112,censored_likelihood_pressure_index,joint_covariate_region_mean
2025-06-14,HGA,2.0088264868501535,censored_likelihood_pressure_index,joint_covariate_region_mean
2025-06-14,SHG,0.21166065619884508,censored_likelihood_pressure_index,joint_covariate_region_mean
2025-06-15,BDH,0.09379536965615116,censored_likelihood_pressure_index,joint_covariate_region_mean
2025-06-15,HGA,1.1892627490021703,censored_likelihood_pressure_index,joint_covariate_region_mean
2025-06-15,SHG,0.0,censored_likelihood_pressure_index,joint_covariate_region_mean
2025-06-16,BDH,0.1946687680687105,censored_likelihood_pressure_index,joint_covariate_region_mean
2025-06-16,HGA,1.3911637440477924,censored_likelihood_pressure_index,joint_covariate_region_mean
2025-06-16,SHG,0.0,censored_likelihood_pressure_index,joint_covariate_region_mean
2025-06-17,BDH,0.3633175591299399,censored_likelihood_pressure_index,joint_covariate_region_mean
2025-06-17,HGA,1.7287191279681577,censored_likelihood_pressure_index,joint_covariate_region_mean
2025-06-17,SHG,0.09886084279904123,censored_likelihood_pressure_index,joint_covariate_region_mean
2025-06-18,BDH,0.24565754802037,censored_likelihood_pressure_index,joint_covariate_region_mean
2025-06-18,HGA,1.493219246989196,censored_likelihood_pressure_index,joint_covariate_region_mean
2025-06-18,SHG,0.0040245531130785415,censored_likelihood_pressure_index,joint_covariate_region_mean
2025-06-19,BDH,0.1835722545889075,censored_likelihood_pressure_index,joint_covariate_region_mean
2025-06-19,HGA,1.3689537546118618,censored_likelihood_pressure_index,joint_covariate_region_mean
2025-06-19,SHG,0.0,censored_likelihood_pressure_index,joint_covariate_region_mean
2025-06-20,BDH,0.297204028746642,censored_likelihood_pressure_index,joint_covariate_region_mean
2025-06-20,HGA,1.5963910039986091,censored_likelihood_pressure_index,joint_covariate_region_mean
2025-06-20,SHG,0.045572033283688675,censored_likelihood_pressure_index,joint_covariate_region_mean
2025-06-21,BDH,0.5691266682310276,censored_likelihood_pressure_index,joint_covariate_region_mean
2025-06-21,HGA,2.140651952388486,censored_likelihood_pressure_index,joint_covariate_region_mean
2025-06-21,SHG,0.26474704412316413,censored_likelihood_pressure_index,joint_covariate_region_mean
2025-06-22,BDH,0.48417015656387896,censored_likelihood_pressure_index,joint_covariate_region_mean
2025-06-22,HGA,1.9706090618828092,censored_likelihood_pressure_index,joint_covariate_region_mean
2025-06-22,SHG,0.19627042003316975,censored_likelihood_pressure_index,joint_covariate_region_mean
2025-06-23,BDH,0.19659836376086243,censored_likelihood_pressure_index,joint_covariate_region_mean
2025-06-23,HGA,1.3950258850722066,censored_likelihood_pressure_index,joint_covariate_region_mean
2025-06-23,SHG,0.0,censored_likelihood_pressure_index,joint_covariate_region_mean
2025-06-24,BDH,0.3046551464569993,censored_likelihood_pressure_index,joint_covariate_region_mean
2025-06-24,HGA,1.6113046294300677,censored_likelihood_pressure_index,joint_covariate_region_mean
2025-06-24,SHG,0.05157778112443646,censored_likelihood_pressure_index,joint_covariate_region_mean
2025-06-25,BDH,0.31655027356480975,censored_likelihood_pressure_index,joint_covariate_region_mean
2025-06-25,HGA,1.6351130669076936,censored_likelihood_pressure_index,joint_covariate_region_mean
2025-06-25,SHG,0.061165488193383855,censored_likelihood_pressure_index,joint_covariate_region_mean
2025-06-26,BDH,0.3105375557766896,censored_likelihood_pressure_index,joint_covariate_region_mean
2025-06-26,HGA,1.6230784401036584,censored_likelihood_pressure_index,joint_covariate_region_mean
2025-06-26,SHG,0.056319119061027746,censored_likelihood_pressure_index,joint_covariate_region_mean
2025-06-27,BDH,0.15992506205579818,censored_likelihood_pressure_index,joint_covariate_region_mean
2025-06-27,HGA,1.3216232217101793,censored_likelihood_pressure_index,joint_covariate_region_mean
2025-06-27,SHG,0.0,censored_likelihood_pressure_index,joint_covariate_region_mean
2025-06-28,BDH,0.5971741374001214,censored_likelihood_pressure_index,joint_covariate_region_mean
2025-06-28,HGA,2.196789764962136,censored_likelihood_pressure_index,joint_covariate_region_mean
2025-06-28,SHG,0.28735385748306824,censored_likelihood_pressure_index,joint_covariate_region_mean
2025-06-29,BDH,0.47457357600977196,censored_likelihood_pressure_index,joint_covariate_region_mean
2025-06-29,HGA,1.9514012311424853,censored_likelihood_pressure_index,joint_covariate_region_mean
2025-06-29,SHG,0.18853538682314883,censored_likelihood_pressure_index,joint_covariate_region_mean
2025-06-30,BDH,0.24486485581136508,censored_likelihood_pressure_index,joint_covariate_region_mean
2025-06-30,HGA,1.4916326508371718,censored_likelihood_pressure_index,joint_covariate_region_mean
2025-06-30,SHG,0.0033856275575218156,censored_likelihood_pressure_index,joint_covariate_region_mean
2025-07-01,BDH,0.2166025102016639,censored_likelihood_pressure_index,joint_covariate_region_mean
2025-07-01,HGA,1.4350647569154824,censored_likelihood_pressure_index,joint_covariate_region_mean
2025-07-01,SHG,0.0,censored_likelihood_pressure_index,joint_covariate_region_mean
2025-07-02,BDH,0.35598495235364724,censored_likelihood_pressure_index,joint_covariate_region_mean
2025-07-02,HGA,1.7140427055643355,censored_likelihood_pressure_index,joint_covariate_region_mean
2025-07-02,SHG,0.09295061710866491,censored_likelihood_pressure_index,joint_covariate_region_mean
2025-07-03,BDH,0.11418701081267517,censored_likelihood_pressure_index,joint_covariate_region_mean
2025-07-03,HGA,1.2300772026133897,censored_likelihood_pressure_index,joint_covariate_region_mean
2025-07-03,SHG,0.0,censored_likelihood_pressure_index,joint_covariate_region_mean
2025-07-04,BDH,0.36253996605544797,censored_likelihood_pressure_index,joint_covariate_region_mean
2025-07-04,HGA,1.7271627531661662,censored_likelihood_pressure_index,joint_covariate_region_mean
2025-07-04,SHG,0.09823408744371799,censored_likelihood_pressure_index,joint_covariate_region_mean
2025-07-05,BDH,0.7319002894147262,censored_likelihood_pressure_index,joint_covariate_region_mean
2025-07-05,HGA,2.4664480155860167,censored_likelihood_pressure_index,joint_covariate_region_mean
2025-07-05,SHG,0.39594579335186325,censored_likelihood_pressure_index,joint_covariate_region_mean
2025-07-06,BDH,0.6779430729679174,censored_likelihood_pressure_index,joint_covariate_region_mean
2025-07-06,HGA,2.3584511020097776,censored_likelihood_pressure_index,joint_covariate_region_mean
2025-07-06,SHG,0.3524552126410345,censored_likelihood_pressure_index,joint_covariate_region_mean
2025-07-07,BDH,0.37289867825950157,censored_likelihood_pressure_index,joint_covariate_region_mean
2025-07-07,HGA,1.747896012224575,censored_likelihood_pressure_index,joint_covariate_region_mean
2025-07-07,SHG,0.10658341379591688,censored_likelihood_pressure_index,joint_covariate_region_mean
2025-07-08,BDH,0.5357589919406092,censored_likelihood_pressure_index,joint_covariate_region_mean
2025-07-08,HGA,2.073865592937777,censored_likelihood_pressure_index,joint_covariate_region_mean
2025-07-08,SHG,0.2378520388874545,censored_likelihood_pressure_index,joint_covariate_region_mean
2025-07-09,BDH,0.43304110413452485,censored_likelihood_pressure_index,joint_covariate_region_mean
2025-07-09,HGA,1.8682727995611357,censored_likelihood_pressure_index,joint_covariate_region_mean
2025-07-09,SHG,0.15505939530325108,censored_likelihood_pressure_index,joint_covariate_region_mean
2025-07-10,BDH,0.3951417976738423,censored_likelihood_pressure_index,joint_covariate_region_mean
2025-07-10,HGA,1.7924162525787937,censored_likelihood_pressure_index,joint_covariate_region_mean
2025-07-10,SHG,0.12451180676821963,censored_likelihood_pressure_index,joint_covariate_region_mean
2025-07-11,BDH,0.42526345419547185,censored_likelihood_pressure_index,joint_covariate_region_mean
2025-07-11,HGA,1.8527056105249446,censored_likelihood_pressure_index,joint_covariate_region_mean
2025-07-11,SHG,0.14879045604563743,censored_likelihood_pressure_index,joint_covariate_region_mean
2025-07-12,BDH,0.8710749187310203,censored_likelihood_pressure_index,joint_covariate_region_mean
2025-07-12,HGA,2.745010020894314,censored_likelihood_pressure_index,joint_covariate_region_mean
2025-07-12,SHG,0.5081232896677972,censored_likelihood_pressure_index,joint_covariate_region_mean
2025-07-13,BDH,0.7573844527232416,censored_likelihood_pressure_index,joint_covariate_region_mean
2025-07-13,HGA,2.517455298089287,censored_likelihood_pressure_index,joint_covariate_region_mean
2025-07-13,SHG,0.41648653162937443,censored_likelihood_pressure_index,joint_covariate_region_mean
2025-07-14,BDH,0.4888783572982975,censored_likelihood_pressure_index,joint_covariate_region_mean
2025-07-14,HGA,1.9800326604540186,censored_likelihood_pressure_index,joint_covariate_region_mean
2025-07-14,SHG,0.2000653226898861,censored_likelihood_pressure_index,joint_covariate_region_mean
2025-07-15,BDH,0.544562864012806,censored_likelihood_pressure_index,joint_covariate_region_mean
2025-07-15,HGA,2.0914867949553906,censored_likelihood_pressure_index,joint_covariate_region_mean
2025-07-15,SHG,0.24494813342563604,censored_likelihood_pressure_index,joint_covariate_region_mean
2025-07-16,BDH,0.4934136832121833,censored_likelihood_pressure_index,joint_covariate_region_mean
2025-07-16,HGA,1.9891102451223244,censored_likelihood_pressure_index,joint_covariate_region_mean
2025-07-16,SHG,0.20372088483146186,censored_likelihood_pressure_index,joint_covariate_region_mean
2025-07-17,BDH,0.5044711264698822,censored_likelihood_pressure_index,joint_covariate_region_mean
2025-07-17,HGA,2.011242034390088,censored_likelihood_pressure_index,joint_covariate_region_mean
2025-07-17,SHG,0.21263340219470345,censored_likelihood_pressure_index,joint_covariate_region_mean
2025-07-18,BDH,0.5968507514915617,censored_likelihood_pressure_index,joint_covariate_region_mean
2025-07-18,HGA,2.196142498807239,censored_likelihood_pressure_index,joint_covariate_region_mean
2025-07-18,SHG,0.2870932020622901,censored_likelihood_pressure_index,joint_covariate_region_mean
2025-07-19,BDH,0.9482710890716137,censored_likelihood_pressure_index,joint_covariate_region_mean
2025-07-19,HGA,2.89952036604728,censored_likelihood_pressure_index,joint_covariate_region_mean
2025-07-19,SHG,0.5703449255832471,censored_likelihood_pressure_index,joint_covariate_region_mean
2025-07-20,BDH,0.7373180367541714,censored_likelihood_pressure_index,joint_covariate_region_mean
2025-07-20,HGA,2.4772917920023323,censored_likelihood_pressure_index,joint_covariate_region_mean
2025-07-20,SHG,0.4003126045673619,censored_likelihood_pressure_index,joint_covariate_region_mean
2025-07-21,BDH,0.4530189723929784,censored_likelihood_pressure_index,joint_covariate_region_mean
2025-07-21,HGA,1.9082590748700667,censored_likelihood_pressure_index,joint_covariate_region_mean
2025-07-21,SHG,0.17116195116398727,censored_likelihood_pressure_index,joint_covariate_region_mean
2025-07-22,BDH,0.9225766899971588,censored_likelihood_pressure_index,joint_covariate_region_mean
2025-07-22,HGA,2.848092290639186,censored_likelihood_pressure_index,joint_covariate_region_mean
2025-07-22,SHG,0.5496347331316882,censored_likelihood_pressure_index,joint_covariate_region_mean
2025-07-23,BDH,0.539005626242685,censored_likelihood_pressure_index,joint_covariate_region_mean
2025-07-23,HGA,2.0803638244483036,censored_likelihood_pressure_index,joint_covariate_region_mean
2025-07-23,SHG,0.2404688901716968,censored_likelihood_pressure_index,joint_covariate_region_mean
2025-07-24,BDH,0.6350963777457928,censored_likelihood_pressure_index,joint_covariate_region_mean
2025-07-24,HGA,2.2726922147719066,censored_likelihood_pressure_index,joint_covariate_region_mean
2025-07-24,SHG,0.31791993118174966,censored_likelihood_pressure_index,joint_covariate_region_mean
2025-07-25,BDH,0.9076177325826522,censored_likelihood_pressure_index,joint_covariate_region_mean
2025-07-25,HGA,2.818151509081677,censored_likelihood_pressure_index,joint_covariate_region_mean
2025-07-25,SHG,0.5375775184044091,censored_likelihood_pressure_index,joint_covariate_region_mean
2025-07-26,BDH,1.1839900991601913,censored_likelihood_pressure_index,joint_covariate_region_mean
2025-07-26,HGA,3.3713187136493694,censored_likelihood_pressure_index,joint_covariate_region_mean
2025-07-26,SHG,0.7603390970475947,censored_likelihood_pressure_index,joint_covariate_region_mean
2025-07-27,BDH,1.01665951185206,censored_likelihood_pressure_index,joint_covariate_region_mean
2025-07-27,HGA,3.03640175228254,censored_likelihood_pressure_index,joint_covariate_region_mean
2025-07-27,SHG,0.6254673432407871,censored_likelihood_pressure_index,joint_covariate_region_mean
2025-07-28,BDH,0.6088129677416569,censored_likelihood_pressure_index,joint_covariate_region_mean
2025-07-28,HGA,2.2200852171239887,censored_likelihood_pressure_index,joint_covariate_region_mean
2025-07-28,SHG,0.29673498430318856,censored_likelihood_pressure_index,joint_covariate_region_mean
2025-07-29,BDH,0.781143333290351,censored_likelihood_pressure_index,joint_covariate_region_mean
2025-07-29,HGA,2.5650093777887792,censored_likelihood_pressure_index,joint_covariate_region_mean
2025-07-29,SHG,0.43563665798775364,censored_likelihood_pressure_index,joint_covariate_region_mean
2025-07-30,BDH,0.8505401955605194,censored_likelihood_pressure_index,joint_covariate_region_mean
2025-07-30,HGA,2.703909184535515,censored_likelihood_pressure_index,joint_covariate_region_mean
2025-07-30,SHG,0.491571897764518,censored_likelihood_pressure_index,joint_covariate_region_mean
2025-07-31,BDH,0.6437165154575921,censored_likelihood_pressure_index,joint_covariate_region_mean
2025-07-31,HGA,2.2899456672066556,censored_likelihood_pressure_index,joint_covariate_region_mean
2025-07-31,SHG,0.3248679322014658,censored_likelihood_pressure_index,joint_covariate_region_mean
2025-08-01,BDH,0.740664491758606,censored_likelihood_pressure_index,joint_covariate_region_mean
2025-08-01,HGA,2.4839898175066133,censored_likelihood_pressure_index,joint_covariate_region_mean
2025-08-01,SHG,0.4030099133065737,censored_likelihood_pressure_index,joint_covariate_region_mean
2025-08-02,BDH,1.070087636270031,censored_likelihood_pressure_index,joint_covariate_region_mean
2025-08-02,HGA,3.1433396730145384,censored_likelihood_pressure_index,joint_covariate_region_mean
2025-08-02,SHG,0.6685314653405361,censored_likelihood_pressure_index,joint_covariate_region_mean
2025-08-03,BDH,0.8840007313387737,censored_likelihood_pressure_index,joint_covariate_region_mean
2025-08-03,HGA,2.770881404909802,censored_likelihood_pressure_index,joint_covariate_region_mean
2025-08-03,SHG,0.5185417495789884,censored_likelihood_pressure_index,joint_covariate_region_mean
2025-08-04,BDH,0.801903446268728,censored_likelihood_pressure_index,joint_covariate_region_mean
2025-08-04,HGA,2.6065613383012147,censored_likelihood_pressure_index,joint_covariate_region_mean
2025-08-04,SHG,0.4523697185217803,censored_likelihood_pressure_index,joint_covariate_region_mean
2025-08-05,BDH,0.8542130883494421,censored_likelihood_pressure_index,joint_covariate_region_mean
2025-08-05,HGA,2.7112605846117424,censored_likelihood_pressure_index,joint_covariate_region_mean
2025-08-05,SHG,0.4945323217967016,censored_likelihood_pressure_index,joint_covariate_region_mean
2025-08-06,BDH,1.0194373748209573,censored_likelihood_pressure_index,joint_covariate_region_mean
2025-08-06,HGA,3.0419617245482398,censored_likelihood_pressure_index,joint_covariate_region_mean
2025-08-06,SHG,0.6277063555844193,censored_likelihood_pressure_index,joint_covariate_region_mean
2025-08-07,BDH,0.9176002260527847,censored_likelihood_pressure_index,joint_covariate_region_mean
2025-08-07,HGA,2.8381317555725625,censored_likelihood_pressure_index,joint_covariate_region_mean
2025-08-07,SHG,0.5456236050365115,censored_likelihood_pressure_index,joint_covariate_region_mean
2025-08-08,BDH,0.755780940631368,censored_likelihood_pressure_index,joint_covariate_region_mean
2025-08-08,HGA,2.5142458227269833,censored_likelihood_pressure_index,joint_covariate_region_mean
2025-08-08,SHG,0.4151940692555757,censored_likelihood_pressure_index,joint_covariate_region_mean
2025-08-09,BDH,1.2898968808711717,censored_likelihood_pressure_index,joint_covariate_region_mean
2025-08-09,HGA,3.5832941694784077,censored_likelihood_pressure_index,joint_covariate_region_mean
2025-08-09,SHG,0.8457020520170395,censored_likelihood_pressure_index,joint_covariate_region_mean
2025-08-10,BDH,0.9827359544225169,censored_likelihood_pressure_index,joint_covariate_region_mean
2025-08-10,HGA,2.968502780816349,censored_likelihood_pressure_index,joint_covariate_region_mean
2025-08-10,SHG,0.5981242868427168,censored_likelihood_pressure_index,joint_covariate_region_mean
2025-08-11,BDH,0.4650912482801095,censored_likelihood_pressure_index,joint_covariate_region_mean
2025-08-11,HGA,1.9324220807014791,censored_likelihood_pressure_index,joint_covariate_region_mean
2025-08-11,SHG,0.18089244364315815,censored_likelihood_pressure_index,joint_covariate_region_mean
2025-08-12,BDH,0.6586290575787197,censored_likelihood_pressure_index,joint_covariate_region_mean
2025-08-12,HGA,2.3197935472255424,censored_likelihood_pressure_index,joint_covariate_region_mean
2025-08-12,SHG,0.3368877352867839,censored_likelihood_pressure_index,joint_covariate_region_mean
2025-08-13,BDH,0.6283518230771139,censored_likelihood_pressure_index,joint_covariate_region_mean
2025-08-13,HGA,2.25919279549809,censored_likelihood_pressure_index,joint_covariate_region_mean
2025-08-13,SHG,0.3124836870888777,censored_likelihood_pressure_index,joint_covariate_region_mean
2025-08-14,BDH,0.6064683307862206,censored_likelihood_pressure_index,joint_covariate_region_mean
2025-08-14,HGA,2.2153923591279954,censored_likelihood_pressure_index,joint_covariate_region_mean
2025-08-14,SHG,0.29484516067137617,censored_likelihood_pressure_index,joint_covariate_region_mean
2025-08-15,BDH,0.4179591469665531,censored_likelihood_pressure_index,joint_covariate_region_mean
2025-08-15,HGA,1.8380858304754408,censored_likelihood_pressure_index,joint_covariate_region_mean
2025-08-15,SHG,0.14290304034862616,censored_likelihood_pressure_index,joint_covariate_region_mean
2025-08-16,BDH,0.6913597729490046,censored_likelihood_pressure_index,joint_covariate_region_mean
2025-08-16,HGA,2.38530501115767,censored_likelihood_pressure_index,joint_covariate_region_mean
2025-08-16,SHG,0.3632693374574186,censored_likelihood_pressure_index,joint_covariate_region_mean
2025-08-17,BDH,0.7900235844230452,censored_likelihood_pressure_index,joint_covariate_region_mean
2025-08-17,HGA,2.5827834546827995,censored_likelihood_pressure_index,joint_covariate_region_mean
2025-08-17,SHG,0.4427943155552006,censored_likelihood_pressure_index,joint_covariate_region_mean
2025-08-18,BDH,0.3921018605488943,censored_likelihood_pressure_index,joint_covariate_region_mean
2025-08-18,HGA,1.7863317313862699,censored_likelihood_pressure_index,joint_covariate_region_mean
2025-08-18,SHG,0.1220615574856473,censored_likelihood_pressure_index,joint_covariate_region_mean
2025-08-19,BDH,0.0987895271702382,censored_likelihood_pressure_index,joint_covariate_region_mean
2025-08-19,HGA,1.199258698255162,censored_likelihood_pressure_index,joint_covariate_region_mean
2025-08-19,SHG,0.0,censored_likelihood_pressure_index,joint_covariate_region_mean
2025-08-20,BDH,0.21771279367522828,censored_likelihood_pressure_index,joint_covariate_region_mean
2025-08-20,HGA,1.4372870210765307,censored_likelihood_pressure_index,joint_covariate_region_mean
2025-08-20,SHG,0.0,censored_likelihood_pressure_index,joint_covariate_region_mean
2025-08-21,BDH,0.08010127705035285,censored_likelihood_pressure_index,joint_covariate_region_mean
2025-08-21,HGA,1.1618536305738445,censored_likelihood_pressure_index,joint_covariate_region_mean
2025-08-21,SHG,0.0,censored_likelihood_pressure_index,joint_covariate_region_mean
2025-08-22,BDH,0.2767181534095698,censored_likelihood_pressure_index,joint_covariate_region_mean
2025-08-22,HGA,1.5553879379769882,censored_likelihood_pressure_index,joint_covariate_region_mean
2025-08-22,SHG,0.029060013697630033,censored_likelihood_pressure_index,joint_covariate_region_mean
2025-08-23,BDH,0.5795871725117936,censored_likelihood_pressure_index,joint_covariate_region_mean
2025-08-23,HGA,2.1615889512028597,censored_likelihood_pressure_index,joint_covariate_region_mean
2025-08-23,SHG,0.27317841689694494,censored_likelihood_pressure_index,joint_covariate_region_mean
2025-08-24,BDH,0.48941331450549974,censored_likelihood_pressure_index,joint_covariate_region_mean
2025-08-24,HGA,1.9811033926206822,censored_likelihood_pressure_index,joint_covariate_region_mean
2025-08-24,SHG,0.20049650875041253,censored_likelihood_pressure_index,joint_covariate_region_mean
2025-08-25,BDH,0.09402407420599922,censored_likelihood_pressure_index,joint_covariate_region_mean
2025-08-25,HGA,1.189720507706769,censored_likelihood_pressure_index,joint_covariate_region_mean
2025-08-25,SHG,0.0,censored_likelihood_pressure_index,joint_covariate_region_mean
2025-08-26,BDH,0.21376173487336123,censored_likelihood_pressure_index,joint_covariate_region_mean
2025-08-26,HGA,1.4293788637611784,censored_likelihood_pressure_index,joint_covariate_region_mean
2025-08-26,SHG,0.0,censored_likelihood_pressure_index,joint_covariate_region_mean
2025-08-27,BDH,0.14213198118315787,censored_likelihood_pressure_index,joint_covariate_region_mean
2025-08-27,HGA,1.2860098609069608,censored_likelihood_pressure_index,joint_covariate_region_mean
2025-08-27,SHG,0.0,censored_likelihood_pressure_index,joint_covariate_region_mean
2025-08-28,BDH,0.0,censored_likelihood_pressure_index,joint_covariate_region_mean
2025-08-28,HGA,0.6573629624166459,censored_likelihood_pressure_index,joint_covariate_region_mean
2025-08-28,SHG,0.0,censored_likelihood_pressure_index,joint_covariate_region_mean
2025-08-29,BDH,0.13859320503393743,censored_likelihood_pressure_index,joint_covariate_region_mean
2025-08-29,HGA,1.278926899125013,censored_likelihood_pressure_index,joint_covariate_region_mean
2025-08-29,SHG,0.0,censored_likelihood_pressure_index,joint_covariate_region_mean
2025-08-30,BDH,0.33586104747206175,censored_likelihood_pressure_index,joint_covariate_region_mean
2025-08-30,HGA,1.6737641337730071,censored_likelihood_pressure_index,joint_covariate_region_mean
2025-08-30,SHG,0.076730352849251,censored_likelihood_pressure_index,joint_covariate_region_mean
2025-08-31,BDH,0.3009498903274589,censored_likelihood_pressure_index,joint_covariate_region_mean
2025-08-31,HGA,1.603888453200994,censored_likelihood_pressure_index,joint_covariate_region_mean
2025-08-31,SHG,0.04859127160137893,censored_likelihood_pressure_index,joint_covariate_region_mean
2025-09-01,BDH,0.03454012072985961,censored_likelihood_pressure_index,joint_covariate_region_mean
2025-09-01,HGA,1.0706616717294066,censored_likelihood_pressure_index,joint_covariate_region_mean
2025-09-01,SHG,0.0,censored_likelihood_pressure_index,joint_covariate_region_mean
2025-09-02,BDH,0.0437453885882658,censored_likelihood_pressure_index,joint_covariate_region_mean
2025-09-02,HGA,1.0890862789055467,censored_likelihood_pressure_index,joint_covariate_region_mean
2025-09-02,SHG,0.0,censored_likelihood_pressure_index,joint_covariate_region_mean
2025-09-03,BDH,0.05600290897312335,censored_likelihood_pressure_index,joint_covariate_region_mean
2025-09-03,HGA,1.1136200569029242,censored_likelihood_pressure_index,joint_covariate_region_mean
2025-09-03,SHG,0.0,censored_likelihood_pressure_index,joint_covariate_region_mean
2025-09-04,BDH,0.12959654397276416,censored_likelihood_pressure_index,joint_covariate_region_mean
2025-09-04,HGA,1.2609198244261903,censored_likelihood_pressure_index,joint_covariate_region_mean
2025-09-04,SHG,0.0,censored_likelihood_pressure_index,joint_covariate_region_mean
2025-09-05,BDH,0.09080436183400843,censored_likelihood_pressure_index,joint_covariate_region_mean
2025-09-05,HGA,1.1832761612101144,censored_likelihood_pressure_index,joint_covariate_region_mean
2025-09-05,SHG,0.0,censored_likelihood_pressure_index,joint_covariate_region_mean
2025-09-06,BDH,0.35076735092923583,censored_likelihood_pressure_index,joint_covariate_region_mean
2025-09-06,HGA,1.7035995269273703,censored_likelihood_pressure_index,joint_covariate_region_mean
2025-09-06,SHG,0.08874512744837096,censored_likelihood_pressure_index,joint_covariate_region_mean
2025-09-07,BDH,0.30140113092538773,censored_likelihood_pressure_index,joint_covariate_region_mean
2025-09-07,HGA,1.6047916241772926,censored_likelihood_pressure_index,joint_covariate_region_mean
2025-09-07,SHG,0.048954980423600525,censored_likelihood_pressure_index,joint_covariate_region_mean
2025-09-08,BDH,0.05193379971158919,censored_likelihood_pressure_index,joint_covariate_region_mean
2025-09-08,HGA,1.1054756182126257,censored_likelihood_pressure_index,joint_covariate_region_mean
2025-09-08,SHG,0.0,censored_likelihood_pressure_index,joint_covariate_region_mean
2025-09-09,BDH,0.0,censored_likelihood_pressure_index,joint_covariate_region_mean
2025-09-09,HGA,0.88036502857773,censored_likelihood_pressure_index,joint_covariate_region_mean
2025-09-09,SHG,0.0,censored_likelihood_pressure_index,joint_covariate_region_mean
2025-09-10,BDH,0.0,censored_likelihood_pressure_index,joint_covariate_region_mean
2025-09-10,HGA,0.9977896150244407,censored_likelihood_pressure_index,joint_covariate_region_mean
2025-09-10,SHG,0.0,censored_likelihood_pressure_index,joint_covariate_region_mean
2025-09-11,BDH,0.03153722820838986,censored_likelihood_pressure_index,joint_covariate_region_mean
2025-09-11,HGA,1.0646512963713741,censored_likelihood_pressure_index,joint_covariate_region_mean
2025-09-11,SHG,0.0,censored_likelihood_pressure_index,joint_covariate_region_mean
2025-09-12,BDH,0.11771256462680572,censored_likelihood_pressure_index,joint_covariate_region_mean
2025-09-12,HGA,1.2371336995130844,censored_likelihood_pressure_index,joint_covariate_region_mean
2025-09-12,SHG,0.0,censored_likelihood_pressure_index,joint_covariate_region_mean
2025-09-13,BDH,0.22184694363932372,censored_likelihood_pressure_index,joint_covariate_region_mean
2025-09-13,HGA,1.445561640595196,censored_likelihood_pressure_index,joint_covariate_region_mean
2025-09-13,SHG,0.0,censored_likelihood_pressure_index,joint_covariate_region_mean
2025-09-14,BDH,0.33687532999186154,censored_likelihood_pressure_index,joint_covariate_region_mean
2025-09-14,HGA,1.6757942492764761,censored_likelihood_pressure_index,joint_covariate_region_mean
2025-09-14,SHG,0.07754788456596627,censored_likelihood_pressure_index,joint_covariate_region_mean
2025-09-15,BDH,0.07792140956551055,censored_likelihood_pressure_index,joint_covariate_region_mean
2025-09-15,HGA,1.1574905633907875,censored_likelihood_pressure_index,joint_covariate_region_mean
2025-09-15,SHG,0.0,censored_likelihood_pressure_index,joint_covariate_region_mean
2025-09-16,BDH,0.10562873436785498,censored_likelihood_pressure_index,joint_covariate_region_mean
2025-09-16,HGA,1.21294756727566,censored_likelihood_pressure_index,joint_covariate_region_mean
2025-09-16,SHG,0.0,censored_likelihood_pressure_index,joint_covariate_region_mean
2025-09-17,BDH,0.14770590238780024,censored_likelihood_pressure_index,joint_covariate_region_mean
2025-09-17,HGA,1.2971662237859083,censored_likelihood_pressure_index,joint_covariate_region_mean
2025-09-17,SHG,0.0,censored_likelihood_pressure_index,joint_covariate_region_mean
2025-09-18,BDH,0.1855237702197181,censored_likelihood_pressure_index,joint_covariate_region_mean
2025-09-18,HGA,1.3728597690210949,censored_likelihood_pressure_index,joint_covariate_region_mean
2025-09-18,SHG,0.0,censored_likelihood_pressure_index,joint_covariate_region_mean
2025-09-19,BDH,0.16347751209335798,censored_likelihood_pressure_index,joint_covariate_region_mean
2025-09-19,HGA,1.3287335521711374,censored_likelihood_pressure_index,joint_covariate_region_mean
2025-09-19,SHG,0.0,censored_likelihood_pressure_index,joint_covariate_region_mean
2025-09-20,BDH,0.38955442102952137,censored_likelihood_pressure_index,joint_covariate_region_mean
2025-09-20,HGA,1.7812329582520845,censored_likelihood_pressure_index,joint_covariate_region_mean
2025-09-20,SHG,0.12000827098721462,censored_likelihood_pressure_index,joint_covariate_region_mean
2025-09-21,BDH,0.3198916140306903,censored_likelihood_pressure_index,joint_covariate_region_mean
2025-09-21,HGA,1.6418008555166232,censored_likelihood_pressure_index,joint_covariate_region_mean
2025-09-21,SHG,0.06385867451364173,censored_likelihood_pressure_index,joint_covariate_region_mean
2025-09-22,BDH,0.0890010349562011,censored_likelihood_pressure_index,joint_covariate_region_mean
2025-09-22,HGA,1.1796667508328342,censored_likelihood_pressure_index,joint_covariate_region_mean
2025-09-22,SHG,0.0,censored_likelihood_pressure_index,joint_covariate_region_mean
2025-09-23,BDH,0.14358280683703514,censored_likelihood_pressure_index,joint_covariate_region_mean
2025-09-23,HGA,1.2889137299920241,censored_likelihood_pressure_index,joint_covariate_region_mean
2025-09-23,SHG,0.0,censored_likelihood_pressure_index,joint_covariate_region_mean
2025-09-24,BDH,0.19804707359838297,censored_likelihood_pressure_index,joint_covariate_region_mean
2025-09-24,HGA,1.3979255192902542,censored_likelihood_pressure_index,joint_covariate_region_mean
2025-09-24,SHG,0.0,censored_likelihood_pressure_index,joint_covariate_region_mean
2025-09-25,BDH,0.1442154039663853,censored_likelihood_pressure_index,joint_covariate_region_mean
2025-09-25,HGA,1.2901798912584113,censored_likelihood_pressure_index,joint_covariate_region_mean
2025-09-25,SHG,0.0,censored_likelihood_pressure_index,joint_covariate_region_mean
2025-09-26,BDH,0.15367598060555546,censored_likelihood_pressure_index,joint_covariate_region_mean
2025-09-26,HGA,1.3091155062690385,censored_likelihood_pressure_index,joint_covariate_region_mean
2025-09-26,SHG,0.0,censored_likelihood_pressure_index,joint_covariate_region_mean
2025-09-27,BDH,0.39965579761257275,censored_likelihood_pressure_index,joint_covariate_region_mean
2025-09-27,HGA,1.8014511526972385,censored_likelihood_pressure_index,joint_covariate_region_mean
2025-09-27,SHG,0.1281501797531856,censored_likelihood_pressure_index,joint_covariate_region_mean
2025-09-28,BDH,0.29431608554271443,censored_likelihood_pressure_index,joint_covariate_region_mean
2025-09-28,HGA,1.5906107029907708,censored_likelihood_pressure_index,joint_covariate_region_mean
2025-09-28,SHG,0.04324429409939412,censored_likelihood_pressure_index,joint_covariate_region_mean
2025-09-29,BDH,0.16631604140924425,censored_likelihood_pressure_index,joint_covariate_region_mean
2025-09-29,HGA,1.3344149498672842,censored_likelihood_pressure_index,joint_covariate_region_mean
2025-09-29,SHG,0.0,censored_likelihood_pressure_index,joint_covariate_region_mean
2025-09-30,BDH,0.18136983177121754,censored_likelihood_pressure_index,joint_covariate_region_mean
2025-09-30,HGA,1.3645455422843251,censored_likelihood_pressure_index,joint_covariate_region_mean
2025-09-30,SHG,0.0,censored_likelihood_pressure_index,joint_covariate_region_mean
2025-10-01,BDH,0.7337747912980874,censored_likelihood_pressure_index,joint_covariate_region_mean
2025-10-01,HGA,2.4701998847747357,censored_likelihood_pressure_index,joint_covariate_region_mean
2025-10-01,SHG,0.3974566788426165,censored_likelihood_pressure_index,joint_covariate_region_mean
2025-10-02,BDH,0.841272291945131,censored_likelihood_pressure_index,joint_covariate_region_mean
2025-10-02,HGA,2.6853592100984405,censored_likelihood_pressure_index,joint_covariate_region_mean
2025-10-02,SHG,0.4841017846499438,censored_likelihood_pressure_index,joint_covariate_region_mean
2025-10-03,BDH,0.8619864179609082,censored_likelihood_pressure_index,joint_covariate_region_mean
2025-10-03,HGA,2.726819126388572,censored_likelihood_pressure_index,joint_covariate_region_mean
2025-10-03,SHG,0.5007977787850659,censored_likelihood_pressure_index,joint_covariate_region_mean
2025-10-04,BDH,1.240692475226882,censored_likelihood_pressure_index,joint_covariate_region_mean
2025-10-04,HGA,3.484810142801919,censored_likelihood_pressure_index,joint_covariate_region_mean
2025-10-04,SHG,0.8060423305577071,censored_likelihood_pressure_index,joint_covariate_region_mean
2025-10-05,BDH,1.0786398627057676,censored_likelihood_pressure_index,joint_covariate_region_mean
2025-10-05,HGA,3.1604571990858696,censored_likelihood_pressure_index,joint_covariate_region_mean
2025-10-05,SHG,0.6754247285322603,censored_likelihood_pressure_index,joint_covariate_region_mean
2025-10-06,BDH,0.6874545401719221,censored_likelihood_pressure_index,joint_covariate_region_mean
2025-10-06,HGA,2.377488575942977,censored_likelihood_pressure_index,joint_covariate_region_mean
2025-10-06,SHG,0.3601216428120933,censored_likelihood_pressure_index,joint_covariate_region_mean
2025-10-07,BDH,0.5732739188785465,censored_likelihood_pressure_index,joint_covariate_region_mean
2025-10-07,HGA,2.148952793300111,censored_likelihood_pressure_index,joint_covariate_region_mean
2025-10-07,SHG,0.2680898099456332,censored_likelihood_pressure_index,joint_covariate_region_mean
2025-10-08,BDH,0.5211639498386824,censored_likelihood_pressure_index,joint_covariate_region_mean
2025-10-08,HGA,2.0446531982977167,censored_likelihood_pressure_index,joint_covariate_region_mean
2025-10-08,SHG,0.22608814707999755,censored_likelihood_pressure_index,joint_covariate_region_mean
2025-10-09,BDH,0.0,censored_likelihood_pressure_index,joint_covariate_region_mean
2025-10-09,HGA,0.9351256814481927,censored_likelihood_pressure_index,joint_covariate_region_mean
2025-10-09,SHG,0.0,censored_likelihood_pressure_index,joint_covariate_region_mean
2025-10-10,BDH,0.0,censored_likelihood_pressure_index,joint_covariate_region_mean
2025-10-10,HGA,0.9913582904963212,censored_likelihood_pressure_index,joint_covariate_region_mean
2025-10-10,SHG,0.0,censored_likelihood_pressure_index,joint_covariate_region_mean
2025-10-11,BDH,0.22817457820237033,censored_likelihood_pressure_index,joint_covariate_region_mean
2025-10-11,HGA,1.4582265823406813,censored_likelihood_pressure_index,joint_covariate_region_mean
2025-10-11,SHG,0.0,censored_likelihood_pressure_index,joint_covariate_region_mean
2025-10-12,BDH,0.26953450810642854,censored_likelihood_pressure_index,joint_covariate_region_mean
2025-10-12,HGA,1.541009666226619,censored_likelihood_pressure_index,joint_covariate_region_mean
2025-10-12,SHG,0.023269853892736923,censored_likelihood_pressure_index,joint_covariate_region_mean
2025-10-13,BDH,0.0,censored_likelihood_pressure_index,joint_covariate_region_mean
2025-10-13,HGA,0.9488707123251305,censored_likelihood_pressure_index,joint_covariate_region_mean
2025-10-13,SHG,0.0,censored_likelihood_pressure_index,joint_covariate_region_mean
2025-10-14,BDH,0.05599641240457267,censored_likelihood_pressure_index,joint_covariate_region_mean
2025-10-14,HGA,1.1136070538349654,censored_likelihood_pressure_index,joint_covariate_region_mean
2025-10-14,SHG,0.0,censored_likelihood_pressure_index,joint_covariate_region_mean
2025-10-15,BDH,0.04670084777745498,censored_likelihood_pressure_index,joint_covariate_region_mean
2025-10-15,HGA,1.0950017150909472,censored_likelihood_pressure_index,joint_covariate_region_mean
2025-10-15,SHG,0.0,censored_likelihood_pressure_index,joint_covariate_region_mean
2025-10-16,BDH,0.07290543724135859,censored_likelihood_pressure_index,joint_covariate_region_mean
2025-10-16,HGA,1.1474509511708675,censored_likelihood_pressure_index,joint_covariate_region_mean
2025-10-16,SHG,0.0,censored_likelihood_pressure_index,joint_covariate_region_mean
2025-10-17,BDH,0.06957905104961845,censored_likelihood_pressure_index,joint_covariate_region_mean
2025-10-17,HGA,1.1407930939697888,censored_likelihood_pressure_index,joint_covariate_region_mean
2025-10-17,SHG,0.0,censored_likelihood_pressure_index,joint_covariate_region_mean
2025-10-18,BDH,0.24768943379366068,censored_likelihood_pressure_index,joint_covariate_region_mean
2025-10-18,HGA,1.4972861245396936,censored_likelihood_pressure_index,joint_covariate_region_mean
2025-10-18,SHG,0.005662293123362369,censored_likelihood_pressure_index,joint_covariate_region_mean
2025-10-19,BDH,0.17088812437723455,censored_likelihood_pressure_index,joint_covariate_region_mean
2025-10-19,HGA,1.343566104831777,censored_likelihood_pressure_index,joint_covariate_region_mean
2025-10-19,SHG,0.0,censored_likelihood_pressure_index,joint_covariate_region_mean
2025-10-20,BDH,0.0,censored_likelihood_pressure_index,joint_covariate_region_mean
2025-10-20,HGA,0.9417460536295235,censored_likelihood_pressure_index,joint_covariate_region_mean
2025-10-20,SHG,0.0,censored_likelihood_pressure_index,joint_covariate_region_mean
2025-10-21,BDH,0.010388474340045964,censored_likelihood_pressure_index,joint_covariate_region_mean
2025-10-21,HGA,1.0223214599904287,censored_likelihood_pressure_index,joint_covariate_region_mean
2025-10-21,SHG,0.0,censored_likelihood_pressure_index,joint_covariate_region_mean
2025-10-22,BDH,0.0,censored_likelihood_pressure_index,joint_covariate_region_mean
2025-10-22,HGA,0.9329470158795004,censored_likelihood_pressure_index,joint_covariate_region_mean
2025-10-22,SHG,0.0,censored_likelihood_pressure_index,joint_covariate_region_mean
2025-10-23,BDH,0.0,censored_likelihood_pressure_index,joint_covariate_region_mean
2025-10-23,HGA,0.9896783011497934,censored_likelihood_pressure_index,joint_covariate_region_mean
2025-10-23,SHG,0.0,censored_likelihood_pressure_index,joint_covariate_region_mean
2025-10-24,BDH,0.0,censored_likelihood_pressure_index,joint_covariate_region_mean
2025-10-24,HGA,0.9690711085469139,censored_likelihood_pressure_index,joint_covariate_region_mean
2025-10-24,SHG,0.0,censored_likelihood_pressure_index,joint_covariate_region_mean
2025-10-25,BDH,0.1717054604937428,censored_likelihood_pressure_index,joint_covariate_region_mean
2025-10-25,HGA,1.3452020264702536,censored_likelihood_pressure_index,joint_covariate_region_mean
2025-10-25,SHG,0.0,censored_likelihood_pressure_index,joint_covariate_region_mean
2025-10-26,BDH,0.13267750565014086,censored_likelihood_pressure_index,joint_covariate_region_mean
2025-10-26,HGA,1.2670864574349805,censored_likelihood_pressure_index,joint_covariate_region_mean
2025-10-26,SHG,0.0,censored_likelihood_pressure_index,joint_covariate_region_mean
2025-10-27,BDH,0.0,censored_likelihood_pressure_index,joint_covariate_region_mean
2025-10-27,HGA,0.867644470038218,censored_likelihood_pressure_index,joint_covariate_region_mean
2025-10-27,SHG,0.0,censored_likelihood_pressure_index,joint_covariate_region_mean
2025-10-28,BDH,0.0,censored_likelihood_pressure_index,joint_covariate_region_mean
2025-10-28,HGA,0.9279742047988591,censored_likelihood_pressure_index,joint_covariate_region_mean
2025-10-28,SHG,0.0,censored_likelihood_pressure_index,joint_covariate_region_mean
2025-10-29,BDH,0.010587294065378389,censored_likelihood_pressure_index,joint_covariate_region_mean
2025-10-29,HGA,1.022719403363122,censored_likelihood_pressure_index,joint_covariate_region_mean
2025-10-29,SHG,0.0,censored_likelihood_pressure_index,joint_covariate_region_mean
2025-10-30,BDH,0.0,censored_likelihood_pressure_index,joint_covariate_region_mean
2025-10-30,HGA,0.942092583067883,censored_likelihood_pressure_index,joint_covariate_region_mean
2025-10-30,SHG,0.0,censored_likelihood_pressure_index,joint_covariate_region_mean
2025-10-31,BDH,0.0,censored_likelihood_pressure_index,joint_covariate_region_mean
2025-10-31,HGA,0.9271720806147794,censored_likelihood_pressure_index,joint_covariate_region_mean
2025-10-31,SHG,0.0,censored_likelihood_pressure_index,joint_covariate_region_mean
2025-11-01,BDH,0.170497317407912,censored_likelihood_pressure_index,joint_covariate_region_mean
2025-11-01,HGA,1.342783893493419,censored_likelihood_pressure_index,joint_covariate_region_mean
2025-11-01,SHG,0.0,censored_likelihood_pressure_index,joint_covariate_region_mean
2025-11-02,BDH,0.10842520721797165,censored_likelihood_pressure_index,joint_covariate_region_mean
2025-11-02,HGA,1.2185447877514433,censored_likelihood_pressure_index,joint_covariate_region_mean
2025-11-02,SHG,0.0,censored_likelihood_pressure_index,joint_covariate_region_mean
2025-11-03,BDH,0.0,censored_likelihood_pressure_index,joint_covariate_region_mean
2025-11-03,HGA,0.8372620943876636,censored_likelihood_pressure_index,joint_covariate_region_mean
2025-11-03,SHG,0.0,censored_likelihood_pressure_index,joint_covariate_region_mean
2025-11-04,BDH,0.0,censored_likelihood_pressure_index,joint_covariate_region_mean
2025-11-04,HGA,0.9490903255664671,censored_likelihood_pressure_index,joint_covariate_region_mean
2025-11-04,SHG,0.0,censored_likelihood_pressure_index,joint_covariate_region_mean
2025-11-05,BDH,0.004608250346628802,censored_likelihood_pressure_index,joint_covariate_region_mean
2025-11-05,HGA,1.010752176173059,censored_likelihood_pressure_index,joint_covariate_region_mean
2025-11-05,SHG,0.0,censored_likelihood_pressure_index,joint_covariate_region_mean
2025-11-06,BDH,0.0,censored_likelihood_pressure_index,joint_covariate_region_mean
2025-11-06,HGA,0.9444808498405646,censored_likelihood_pressure_index,joint_covariate_region_mean
2025-11-06,SHG,0.0,censored_likelihood_pressure_index,joint_covariate_region_mean
2025-11-07,BDH,0.0,censored_likelihood_pressure_index,joint_covariate_region_mean
2025-11-07,HGA,0.9262706748842586,censored_likelihood_pressure_index,joint_covariate_region_mean
2025-11-07,SHG,0.0,censored_likelihood_pressure_index,joint_covariate_region_mean
2025-11-08,BDH,0.1416079696994947,censored_likelihood_pressure_index,joint_covariate_region_mean
2025-11-08,HGA,1.2849610369193498,censored_likelihood_pressure_index,joint_covariate_region_mean
2025-11-08,SHG,0.0,censored_likelihood_pressure_index,joint_covariate_region_mean
2025-11-09,BDH,0.1576206761888368,censored_likelihood_pressure_index,joint_covariate_region_mean
2025-11-09,HGA,1.3170109274202044,censored_likelihood_pressure_index,joint_covariate_region_mean
2025-11-09,SHG,0.0,censored_likelihood_pressure_index,joint_covariate_region_mean
2025-11-10,BDH,0.0,censored_likelihood_pressure_index,joint_covariate_region_mean
2025-11-10,HGA,0.8887193274571292,censored_likelihood_pressure_index,joint_covariate_region_mean
2025-11-10,SHG,0.0,censored_likelihood_pressure_index,joint_covariate_region_mean
2025-11-11,BDH,0.0,censored_likelihood_pressure_index,joint_covariate_region_mean
2025-11-11,HGA,0.934819746415404,censored_likelihood_pressure_index,joint_covariate_region_mean
2025-11-11,SHG,0.0,censored_likelihood_pressure_index,joint_covariate_region_mean
2025-11-12,BDH,0.0,censored_likelihood_pressure_index,joint_covariate_region_mean
2025-11-12,HGA,0.9667969780987162,censored_likelihood_pressure_index,joint_covariate_region_mean
2025-11-12,SHG,0.0,censored_likelihood_pressure_index,joint_covariate_region_mean
2025-11-13,BDH,0.0,censored_likelihood_pressure_index,joint_covariate_region_mean
2025-11-13,HGA,0.9931826261760317,censored_likelihood_pressure_index,joint_covariate_region_mean
2025-11-13,SHG,0.0,censored_likelihood_pressure_index,joint_covariate_region_mean
2025-11-14,BDH,0.0,censored_likelihood_pressure_index,joint_covariate_region_mean
2025-11-14,HGA,0.9607265081724703,censored_likelihood_pressure_index,joint_covariate_region_mean
2025-11-14,SHG,0.0,censored_likelihood_pressure_index,joint_covariate_region_mean
2025-11-15,BDH,0.1693904738720705,censored_likelihood_pressure_index,joint_covariate_region_mean
2025-11-15,HGA,1.340568514466213,censored_likelihood_pressure_index,joint_covariate_region_mean
2025-11-15,SHG,0.0,censored_likelihood_pressure_index,joint_covariate_region_mean
2025-11-16,BDH,0.11094205426622344,censored_likelihood_pressure_index,joint_covariate_region_mean
2025-11-16,HGA,1.2235823291787815,censored_likelihood_pressure_index,joint_covariate_region_mean
2025-11-16,SHG,0.0,censored_likelihood_pressure_index,joint_covariate_region_mean
2025-11-17,BDH,0.0,censored_likelihood_pressure_index,joint_covariate_region_mean
2025-11-17,HGA,0.880333577724494,censored_likelihood_pressure_index,joint_covariate_region_mean
2025-11-17,SHG,0.0,censored_likelihood_pressure_index,joint_covariate_region_mean
2025-11-18,BDH,0.0,censored_likelihood_pressure_index,joint_covariate_region_mean
2025-11-18,HGA,0.9298616416508012,censored_likelihood_pressure_index,joint_covariate_region_mean
2025-11-18,SHG,0.0,censored_likelihood_pressure_index,joint_covariate_region_mean
2025-11-19,BDH,0.0,censored_likelihood_pressure_index,joint_covariate_region_mean
2025-11-19,HGA,0.9415757566174079,censored_likelihood_pressure_index,joint_covariate_region_mean
2025-11-19,SHG,0.0,censored_likelihood_pressure_index,joint_covariate_region_mean
2025-11-20,BDH,0.0,censored_likelihood_pressure_index,joint_covariate_region_mean
2025-11-20,HGA,0.9941351978081068,censored_likelihood_pressure_index,joint_covariate_region_mean
2025-11-20,SHG,0.0,censored_likelihood_pressure_index,joint_covariate_region_mean
2025-11-21,BDH,0.0,censored_likelihood_pressure_index,joint_covariate_region_mean
2025-11-21,HGA,0.8988781387820683,censored_likelihood_pressure_index,joint_covariate_region_mean
2025-11-21,SHG,0.0,censored_likelihood_pressure_index,joint_covariate_region_mean
2025-11-22,BDH,0.20251839979623876,censored_likelihood_pressure_index,joint_covariate_region_mean
2025-11-22,HGA,1.4068750066945395,censored_likelihood_pressure_index,joint_covariate_region_mean
2025-11-22,SHG,0.0,censored_likelihood_pressure_index,joint_covariate_region_mean
2025-11-23,BDH,0.11108002771173181,censored_likelihood_pressure_index,joint_covariate_region_mean
2025-11-23,HGA,1.223858486980307,censored_likelihood_pressure_index,joint_covariate_region_mean
2025-11-23,SHG,0.0,censored_likelihood_pressure_index,joint_covariate_region_mean
2025-11-24,BDH,0.0,censored_likelihood_pressure_index,joint_covariate_region_mean
2025-11-24,HGA,0.9195465060417829,censored_likelihood_pressure_index,joint_covariate_region_mean
2025-11-24,SHG,0.0,censored_likelihood_pressure_index,joint_covariate_region_mean
2025-11-25,BDH,0.0,censored_likelihood_pressure_index,joint_covariate_region_mean
2025-11-25,HGA,0.9246952448322932,censored_likelihood_pressure_index,joint_covariate_region_mean
2025-11-25,SHG,0.0,censored_likelihood_pressure_index,joint_covariate_region_mean
2025-11-26,BDH,0.0,censored_likelihood_pressure_index,joint_covariate_region_mean
2025-11-26,HGA,0.960589625845033,censored_likelihood_pressure_index,joint_covariate_region_mean
2025-11-26,SHG,0.0,censored_likelihood_pressure_index,joint_covariate_region_mean
2025-11-27,BDH,0.0,censored_likelihood_pressure_index,joint_covariate_region_mean
2025-11-27,HGA,0.8870464160726064,censored_likelihood_pressure_index,joint_covariate_region_mean
2025-11-27,SHG,0.0,censored_likelihood_pressure_index,joint_covariate_region_mean
2025-11-28,BDH,0.0,censored_likelihood_pressure_index,joint_covariate_region_mean
2025-11-28,HGA,0.9946079028013466,censored_likelihood_pressure_index,joint_covariate_region_mean
2025-11-28,SHG,0.0,censored_likelihood_pressure_index,joint_covariate_region_mean
2025-11-29,BDH,0.14640653094758613,censored_likelihood_pressure_index,joint_covariate_region_mean
2025-11-29,HGA,1.294565494645802,censored_likelihood_pressure_index,joint_covariate_region_mean
2025-11-29,SHG,0.0,censored_likelihood_pressure_index,joint_covariate_region_mean
2025-11-30,BDH,0.11462547199343986,censored_likelihood_pressure_index,joint_covariate_region_mean
2025-11-30,HGA,1.2309547952203448,censored_likelihood_pressure_index,joint_covariate_region_mean
2025-11-30,SHG,0.0,censored_likelihood_pressure_index,joint_covariate_region_mean
2025-12-01,BDH,0.0,censored_likelihood_pressure_index,joint_covariate_region_mean
2025-12-01,HGA,0.9446164012252389,censored_likelihood_pressure_index,joint_covariate_region_mean
2025-12-01,SHG,0.0,censored_likelihood_pressure_index,joint_covariate_region_mean
2025-12-02,BDH,0.0,censored_likelihood_pressure_index,joint_covariate_region_mean
2025-12-02,HGA,0.935002241427279,censored_likelihood_pressure_index,joint_covariate_region_mean
2025-12-02,SHG,0.0,censored_likelihood_pressure_index,joint_covariate_region_mean
2025-12-03,BDH,0.0,censored_likelihood_pressure_index,joint_covariate_region_mean
2025-12-03,HGA,0.9472403924905608,censored_likelihood_pressure_index,joint_covariate_region_mean
2025-12-03,SHG,0.0,censored_likelihood_pressure_index,joint_covariate_region_mean
2025-12-04,BDH,0.0,censored_likelihood_pressure_index,joint_covariate_region_mean
2025-12-04,HGA,0.9468467302685633,censored_likelihood_pressure_index,joint_covariate_region_mean
2025-12-04,SHG,0.0,censored_likelihood_pressure_index,joint_covariate_region_mean
2025-12-05,BDH,0.0,censored_likelihood_pressure_index,joint_covariate_region_mean
2025-12-05,HGA,0.9968447386734445,censored_likelihood_pressure_index,joint_covariate_region_mean
2025-12-05,SHG,0.0,censored_likelihood_pressure_index,joint_covariate_region_mean
2025-12-06,BDH,0.1575910265720556,censored_likelihood_pressure_index,joint_covariate_region_mean
2025-12-06,HGA,1.316951582863314,censored_likelihood_pressure_index,joint_covariate_region_mean
2025-12-06,SHG,0.0,censored_likelihood_pressure_index,joint_covariate_region_mean
2025-12-07,BDH,0.10716610726978587,censored_likelihood_pressure_index,joint_covariate_region_mean
2025-12-07,HGA,1.2160246631556513,censored_likelihood_pressure_index,joint_covariate_region_mean
2025-12-07,SHG,0.0,censored_likelihood_pressure_index,joint_covariate_region_mean
2025-12-08,BDH,0.0,censored_likelihood_pressure_index,joint_covariate_region_mean
2025-12-08,HGA,0.8879251266130255,censored_likelihood_pressure_index,joint_covariate_region_mean
2025-12-08,SHG,0.0,censored_likelihood_pressure_index,joint_covariate_region_mean
2025-12-09,BDH,0.0,censored_likelihood_pressure_index,joint_covariate_region_mean
2025-12-09,HGA,0.9998739401742025,censored_likelihood_pressure_index,joint_covariate_region_mean
2025-12-09,SHG,0.0,censored_likelihood_pressure_index,joint_covariate_region_mean
2025-12-10,BDH,0.0,censored_likelihood_pressure_index,joint_covariate_region_mean
2025-12-10,HGA,0.959896608212512,censored_likelihood_pressure_index,joint_covariate_region_mean
2025-12-10,SHG,0.0,censored_likelihood_pressure_index,joint_covariate_region_mean
2025-12-11,BDH,0.0,censored_likelihood_pressure_index,joint_covariate_region_mean
2025-12-11,HGA,0.9273584811356483,censored_likelihood_pressure_index,joint_covariate_region_mean
2025-12-11,SHG,0.0,censored_likelihood_pressure_index,joint_covariate_region_mean
2025-12-12,BDH,0.0,censored_likelihood_pressure_index,joint_covariate_region_mean
2025-12-12,HGA,0.9235829724802047,censored_likelihood_pressure_index,joint_covariate_region_mean
2025-12-12,SHG,0.0,censored_likelihood_pressure_index,joint_covariate_region_mean
2025-12-13,BDH,0.1819269946527497,censored_likelihood_pressure_index,joint_covariate_region_mean
2025-12-13,HGA,1.3656607197439339,censored_likelihood_pressure_index,joint_covariate_region_mean
2025-12-13,SHG,0.0,censored_likelihood_pressure_index,joint_covariate_region_mean
2025-12-14,BDH,0.15940891532535803,censored_likelihood_pressure_index,joint_covariate_region_mean
2025-12-14,HGA,1.3205901392513213,censored_likelihood_pressure_index,joint_covariate_region_mean
2025-12-14,SHG,0.0,censored_likelihood_pressure_index,joint_covariate_region_mean
2025-12-15,BDH,0.0,censored_likelihood_pressure_index,joint_covariate_region_mean
2025-12-15,HGA,0.9326181857368998,censored_likelihood_pressure_index,joint_covariate_region_mean
2025-12-15,SHG,0.0,censored_likelihood_pressure_index,joint_covariate_region_mean
2025-12-16,BDH,0.0,censored_likelihood_pressure_index,joint_covariate_region_mean
2025-12-16,HGA,0.9628347995440509,censored_likelihood_pressure_index,joint_covariate_region_mean
2025-12-16,SHG,0.0,censored_likelihood_pressure_index,joint_covariate_region_mean
2025-12-17,BDH,0.011207411433688705,censored_likelihood_pressure_index,joint_covariate_region_mean
2025-12-17,HGA,1.0239605860304772,censored_likelihood_pressure_index,joint_covariate_region_mean
2025-12-17,SHG,0.0,censored_likelihood_pressure_index,joint_covariate_region_mean
2025-12-18,BDH,0.0,censored_likelihood_pressure_index,joint_covariate_region_mean
2025-12-18,HGA,0.999171326474005,censored_likelihood_pressure_index,joint_covariate_region_mean
2025-12-18,SHG,0.0,censored_likelihood_pressure_index,joint_covariate_region_mean
2025-12-19,BDH,0.0,censored_likelihood_pressure_index,joint_covariate_region_mean
2025-12-19,HGA,0.9201285500314624,censored_likelihood_pressure_index,joint_covariate_region_mean
2025-12-19,SHG,0.0,censored_likelihood_pressure_index,joint_covariate_region_mean
2025-12-20,BDH,0.14772542606065148,censored_likelihood_pressure_index,joint_covariate_region_mean
2025-12-20,HGA,1.2972053009761058,censored_likelihood_pressure_index,joint_covariate_region_mean
2025-12-20,SHG,0.0,censored_likelihood_pressure_index,joint_covariate_region_mean
2025-12-21,BDH,0.1322293129922377,censored_likelihood_pressure_index,joint_covariate_region_mean
2025-12-21,HGA,1.26618938699791,censored_likelihood_pressure_index,joint_covariate_region_mean
2025-12-21,SHG,0.0,censored_likelihood_pressure_index,joint_covariate_region_mean
2025-12-22,BDH,0.0,censored_likelihood_pressure_index,joint_covariate_region_mean
2025-12-22,HGA,0.8978769942802474,censored_likelihood_pressure_index,joint_covariate_region_mean
2025-12-22,SHG,0.0,censored_likelihood_pressure_index,joint_covariate_region_mean
2025-12-23,BDH,0.0,censored_likelihood_pressure_index,joint_covariate_region_mean
2025-12-23,HGA,0.8952882290856132,censored_likelihood_pressure_index,joint_covariate_region_mean
2025-12-23,SHG,0.0,censored_likelihood_pressure_index,joint_covariate_region_mean
2025-12-24,BDH,0.0,censored_likelihood_pressure_index,joint_covariate_region_mean
2025-12-24,HGA,0.8943216839553452,censored_likelihood_pressure_index,joint_covariate_region_mean
2025-12-24,SHG,0.0,censored_likelihood_pressure_index,joint_covariate_region_mean
2025-12-25,BDH,0.0,censored_likelihood_pressure_index,joint_covariate_region_mean
2025-12-25,HGA,0.9703434394543458,censored_likelihood_pressure_index,joint_covariate_region_mean
2025-12-25,SHG,0.0,censored_likelihood_pressure_index,joint_covariate_region_mean
2025-12-26,BDH,0.0,censored_likelihood_pressure_index,joint_covariate_region_mean
2025-12-26,HGA,0.8667823759406399,censored_likelihood_pressure_index,joint_covariate_region_mean
2025-12-26,SHG,0.0,censored_likelihood_pressure_index,joint_covariate_region_mean
2025-12-27,BDH,0.08982751498620037,censored_likelihood_pressure_index,joint_covariate_region_mean
2025-12-27,HGA,1.1813209742759634,censored_likelihood_pressure_index,joint_covariate_region_mean
2025-12-27,SHG,0.0,censored_likelihood_pressure_index,joint_covariate_region_mean
2025-12-28,BDH,0.06126092094204123,censored_likelihood_pressure_index,joint_covariate_region_mean
2025-12-28,HGA,1.1241441184017198,censored_likelihood_pressure_index,joint_covariate_region_mean
2025-12-28,SHG,0.0,censored_likelihood_pressure_index,joint_covariate_region_mean
2025-12-29,BDH,0.0,censored_likelihood_pressure_index,joint_covariate_region_mean
2025-12-29,HGA,0.7375472607374778,censored_likelihood_pressure_index,joint_covariate_region_mean
2025-12-29,SHG,0.0,censored_likelihood_pressure_index,joint_covariate_region_mean
2025-12-30,BDH,0.0,censored_likelihood_pressure_index,joint_covariate_region_mean
2025-12-30,HGA,0.8125869717641967,censored_likelihood_pressure_index,joint_covariate_region_mean
2025-12-30,SHG,0.0,censored_likelihood_pressure_index,joint_covariate_region_mean
2025-12-31,BDH,0.0,censored_likelihood_pressure_index,joint_covariate_region_mean
2025-12-31,HGA,0.8706166922858252,censored_likelihood_pressure_index,joint_covariate_region_mean
2025-12-31,SHG,0.0,censored_likelihood_pressure_index,joint_covariate_region_mean
