date,year,three_region_daily_shape,official_annual_tourists_thousand,annual_scale_factor,city_daily_visitor_estimate,estimate_label,series_scope
2023-01-01,2023,150818.3303288353,80255.2,3.33533448861037,503029.5786603957,annual_anchor_constrained_city_daily_estimate,citywide_daily_estimate__official_annual_total_constrained__three_core_regions_supply_shape
2023-01-02,2023,48278.02774720609,80255.2,3.33533448861037,161023.37098734488,annual_anchor_constrained_city_daily_estimate,citywide_daily_estimate__official_annual_total_constrained__three_core_regions_supply_shape
2023-01-03,2023,12178.22294221547,80255.2,3.33533448861037,40618.44698915731,annual_anchor_constrained_city_daily_estimate,citywide_daily_estimate__official_annual_total_constrained__three_core_regions_supply_shape
2023-01-04,2023,13323.875312032536,80255.2,3.33533448861037,44439.58085016637,annual_anchor_constrained_city_daily_estimate,citywide_daily_estimate__official_annual_total_constrained__three_core_regions_supply_shape
2023-01-05,2023,14043.541756366563,80255.2,3.33533448861037,46839.90916224925,annual_anchor_constrained_city_daily_estimate,citywide_daily_estimate__official_annual_total_constrained__three_core_regions_supply_shape
2023-01-06,2023,14680.568219351857,80255.2,3.33533448861037,48964.60549440158,annual_anchor_constrained_city_daily_estimate,citywide_daily_estimate__official_annual_total_constrained__three_core_regions_supply_shape
2023-01-07,2023,36007.823339954775,80255.2,3.33533448861037,120098.1350455406,annual_anchor_constrained_city_daily_estimate,citywide_daily_estimate__official_annual_total_constrained__three_core_regions_supply_shape
2023-01-08,2023,33413.772378664566,80255.2,3.33533448861037,111446.10740913649,annual_anchor_constrained_city_daily_estimate,citywide_daily_estimate__official_annual_total_constrained__three_core_regions_supply_shape
2023-01-09,2023,13662.219585075552,80255.2,3.33533448861037,45568.07217307055,annual_anchor_constrained_city_daily_estimate,citywide_daily_estimate__official_annual_total_constrained__three_core_regions_supply_shape
2023-01-10,2023,14255.79581118208,80255.2,3.33533448861037,47547.84743162284,annual_anchor_constrained_city_daily_estimate,citywide_daily_estimate__official_annual_total_constrained__three_core_regions_supply_shape
2023-01-11,2023,14364.57626034246,80255.2,3.33533448861037,47910.66661539397,annual_anchor_constrained_city_daily_estimate,citywide_daily_estimate__official_annual_total_constrained__three_core_regions_supply_shape
2023-01-12,2023,13727.750390269355,80255.2,3.33533448861037,45786.63932769985,annual_anchor_constrained_city_daily_estimate,citywide_daily_estimate__official_annual_total_constrained__three_core_regions_supply_shape
2023-01-13,2023,14578.409558915597,80255.2,3.33533448861037,48623.87219093828,annual_anchor_constrained_city_daily_estimate,citywide_daily_estimate__official_annual_total_constrained__three_core_regions_supply_shape
2023-01-14,2023,34117.711879041686,80255.2,3.33533448861037,113793.98110263945,annual_anchor_constrained_city_daily_estimate,citywide_daily_estimate__official_annual_total_constrained__three_core_regions_supply_shape
2023-01-15,2023,33670.37408804825,80255.2,3.33533448861037,112301.95994028027,annual_anchor_constrained_city_daily_estimate,citywide_daily_estimate__official_annual_total_constrained__three_core_regions_supply_shape
2023-01-16,2023,14227.471221102383,80255.2,3.33533448861037,47453.37544945427,annual_anchor_constrained_city_daily_estimate,citywide_daily_estimate__official_annual_total_constrained__three_core_regions_supply_shape
2023-01-17,2023,14855.156419582505,80255.2,3.33533448861037,49546.91553993527,annual_anchor_constrained_city_daily_estimate,citywide_daily_estimate__official_annual_total_constrained__three_core_regions_supply_shape
2023-01-18,2023,14893.75600835748,80255.2,3.33533448861037,49675.658079622626,annual_anchor_constrained_city_daily_estimate,citywide_daily_estimate__official_annual_total_constrained__three_core_regions_supply_shape
2023-01-19,2023,14764.328516555712,80255.2,3.33533448861037,49243.97410244185,annual_anchor_constrained_city_daily_estimate,citywide_daily_estimate__official_annual_total_constrained__three_core_regions_supply_shape
2023-01-20,2023,14096.496177985664,80255.2,3.33533448861037,47016.529870999846,annual_anchor_constrained_city_daily_estimate,citywide_daily_estimate__official_annual_total_constrained__three_core_regions_supply_shape
2023-01-21,2023,150929.6082445534,80255.2,3.33533448861037,503400.72773051105,annual_anchor_constrained_city_daily_estimate,citywide_daily_estimate__official_annual_total_constrained__three_core_regions_supply_shape
2023-01-22,2023,131466.73617712926,80255.2,3.33533448861037,438485.53927661985,annual_anchor_constrained_city_daily_estimate,citywide_daily_estimate__official_annual_total_constrained__three_core_regions_supply_shape
2023-01-23,2023,72767.3685799635,80255.2,3.33533448861037,242703.51407017486,annual_anchor_constrained_city_daily_estimate,citywide_daily_estimate__official_annual_total_constrained__three_core_regions_supply_shape
2023-01-24,2023,82578.23487979262,80255.2,3.33533448861037,275426.03480314015,annual_anchor_constrained_city_daily_estimate,citywide_daily_estimate__official_annual_total_constrained__three_core_regions_supply_shape
2023-01-25,2023,89301.44018570101,80255.2,3.33533448861037,297850.17333394464,annual_anchor_constrained_city_daily_estimate,citywide_daily_estimate__official_annual_total_constrained__three_core_regions_supply_shape
2023-01-26,2023,88567.83601721347,80255.2,3.33533448861037,295403.3580497998,annual_anchor_constrained_city_daily_estimate,citywide_daily_estimate__official_annual_total_constrained__three_core_regions_supply_shape
2023-01-27,2023,93416.40249243236,80255.2,3.33533448861037,311574.9490349174,annual_anchor_constrained_city_daily_estimate,citywide_daily_estimate__official_annual_total_constrained__three_core_regions_supply_shape
2023-01-28,2023,47458.467924953016,80255.2,3.33533448861037,158289.86484670482,annual_anchor_constrained_city_daily_estimate,citywide_daily_estimate__official_annual_total_constrained__three_core_regions_supply_shape
2023-01-29,2023,44751.57612901076,80255.2,3.33533448861037,149261.47528276214,annual_anchor_constrained_city_daily_estimate,citywide_daily_estimate__official_annual_total_constrained__three_core_regions_supply_shape
2023-01-30,2023,15629.295672289783,80255.2,3.33533448861037,52128.92888847691,annual_anchor_constrained_city_daily_estimate,citywide_daily_estimate__official_annual_total_constrained__three_core_regions_supply_shape
2023-01-31,2023,24197.183311068427,80255.2,3.33533448861037,80705.70002463378,annual_anchor_constrained_city_daily_estimate,citywide_daily_estimate__official_annual_total_constrained__three_core_regions_supply_shape
2023-02-01,2023,18281.63760904898,80255.2,3.33533448861037,60975.376425737486,annual_anchor_constrained_city_daily_estimate,citywide_daily_estimate__official_annual_total_constrained__three_core_regions_supply_shape
2023-02-02,2023,23764.794158891462,80255.2,3.33533448861037,79263.53757287696,annual_anchor_constrained_city_daily_estimate,citywide_daily_estimate__official_annual_total_constrained__three_core_regions_supply_shape
2023-02-03,2023,13793.462650488702,80255.2,3.33533448861037,46005.81169553397,annual_anchor_constrained_city_daily_estimate,citywide_daily_estimate__official_annual_total_constrained__three_core_regions_supply_shape
2023-02-04,2023,39643.20871965509,80255.2,3.33533448861037,132223.361281845,annual_anchor_constrained_city_daily_estimate,citywide_daily_estimate__official_annual_total_constrained__three_core_regions_supply_shape
2023-02-05,2023,40516.42347762079,80255.2,3.33533448861037,135135.82458005153,annual_anchor_constrained_city_daily_estimate,citywide_daily_estimate__official_annual_total_constrained__three_core_regions_supply_shape
2023-02-06,2023,60923.85033409889,80255.2,3.33533448861037,203201.41919825645,annual_anchor_constrained_city_daily_estimate,citywide_daily_estimate__official_annual_total_constrained__three_core_regions_supply_shape
2023-02-07,2023,41103.81519514947,80255.2,3.33533448861037,137094.97243384903,annual_anchor_constrained_city_daily_estimate,citywide_daily_estimate__official_annual_total_constrained__three_core_regions_supply_shape
2023-02-08,2023,41276.1301033847,80255.2,3.33533448861037,137669.7002901877,annual_anchor_constrained_city_daily_estimate,citywide_daily_estimate__official_annual_total_constrained__three_core_regions_supply_shape
2023-02-09,2023,32546.5175220087,80255.2,3.33533448861037,108553.52237531733,annual_anchor_constrained_city_daily_estimate,citywide_daily_estimate__official_annual_total_constrained__three_core_regions_supply_shape
2023-02-10,2023,22908.823427065257,80255.2,3.33533448861037,76408.58886977597,annual_anchor_constrained_city_daily_estimate,citywide_daily_estimate__official_annual_total_constrained__three_core_regions_supply_shape
2023-02-11,2023,144365.55643534882,80255.2,3.33533448861037,481507.41934624565,annual_anchor_constrained_city_daily_estimate,citywide_daily_estimate__official_annual_total_constrained__three_core_regions_supply_shape
2023-02-12,2023,112348.37650311914,80255.2,3.33533448861037,374719.4148902362,annual_anchor_constrained_city_daily_estimate,citywide_daily_estimate__official_annual_total_constrained__three_core_regions_supply_shape
2023-02-13,2023,14995.698377021969,80255.2,3.33533448861037,50015.66997767992,annual_anchor_constrained_city_daily_estimate,citywide_daily_estimate__official_annual_total_constrained__three_core_regions_supply_shape
2023-02-14,2023,15219.596122576046,80255.2,3.33533448861037,50762.44385034854,annual_anchor_constrained_city_daily_estimate,citywide_daily_estimate__official_annual_total_constrained__three_core_regions_supply_shape
2023-02-15,2023,14691.878265857738,80255.2,3.33533448861037,49002.32828258043,annual_anchor_constrained_city_daily_estimate,citywide_daily_estimate__official_annual_total_constrained__three_core_regions_supply_shape
2023-02-16,2023,15065.344337635544,80255.2,3.33533448861037,50247.96255210678,annual_anchor_constrained_city_daily_estimate,citywide_daily_estimate__official_annual_total_constrained__three_core_regions_supply_shape
2023-02-17,2023,36555.93893976889,80255.2,3.33533448861037,121926.28390934596,annual_anchor_constrained_city_daily_estimate,citywide_daily_estimate__official_annual_total_constrained__three_core_regions_supply_shape
2023-02-18,2023,47787.505298282456,80255.2,3.33533448861037,159387.31454601226,annual_anchor_constrained_city_daily_estimate,citywide_daily_estimate__official_annual_total_constrained__three_core_regions_supply_shape
2023-02-19,2023,58468.97792902217,80255.2,3.33533448861037,195013.59860046618,annual_anchor_constrained_city_daily_estimate,citywide_daily_estimate__official_annual_total_constrained__three_core_regions_supply_shape
2023-02-20,2023,15553.41878688699,80255.2,3.33533448861037,51875.85409570464,annual_anchor_constrained_city_daily_estimate,citywide_daily_estimate__official_annual_total_constrained__three_core_regions_supply_shape
2023-02-21,2023,14983.993866600746,80255.2,3.33533448861037,49976.631520399715,annual_anchor_constrained_city_daily_estimate,citywide_daily_estimate__official_annual_total_constrained__three_core_regions_supply_shape
2023-02-22,2023,43285.745404902445,80255.2,3.33533448861037,144372.43951417896,annual_anchor_constrained_city_daily_estimate,citywide_daily_estimate__official_annual_total_constrained__three_core_regions_supply_shape
2023-02-23,2023,22980.337007853566,80255.2,3.33533448861037,76647.11058218323,annual_anchor_constrained_city_daily_estimate,citywide_daily_estimate__official_annual_total_constrained__three_core_regions_supply_shape
2023-02-24,2023,18371.918229742314,80255.2,3.33533448861037,61276.49249358912,annual_anchor_constrained_city_daily_estimate,citywide_daily_estimate__official_annual_total_constrained__three_core_regions_supply_shape
2023-02-25,2023,57087.94897517589,80255.2,3.33533448861037,190407.40510093316,annual_anchor_constrained_city_daily_estimate,citywide_daily_estimate__official_annual_total_constrained__three_core_regions_supply_shape
2023-02-26,2023,61819.89982591174,80255.2,3.33533448861037,206190.04397180164,annual_anchor_constrained_city_daily_estimate,citywide_daily_estimate__official_annual_total_constrained__three_core_regions_supply_shape
2023-02-27,2023,30277.668151365488,80255.2,3.33533448861037,100986.15081994909,annual_anchor_constrained_city_daily_estimate,citywide_daily_estimate__official_annual_total_constrained__three_core_regions_supply_shape
2023-02-28,2023,16389.630508337432,80255.2,3.33533448861037,54664.89989003855,annual_anchor_constrained_city_daily_estimate,citywide_daily_estimate__official_annual_total_constrained__three_core_regions_supply_shape
2023-03-01,2023,20029.36859891361,80255.2,3.33533448861037,66804.64387304612,annual_anchor_constrained_city_daily_estimate,citywide_daily_estimate__official_annual_total_constrained__three_core_regions_supply_shape
2023-03-02,2023,18432.9973305303,80255.2,3.33533448861037,61480.21172498059,annual_anchor_constrained_city_daily_estimate,citywide_daily_estimate__official_annual_total_constrained__three_core_regions_supply_shape
2023-03-03,2023,16290.244662778206,80255.2,3.33533448861037,54333.414851665155,annual_anchor_constrained_city_daily_estimate,citywide_daily_estimate__official_annual_total_constrained__three_core_regions_supply_shape
2023-03-04,2023,48074.147475420425,80255.2,3.33533448861037,160343.3620853109,annual_anchor_constrained_city_daily_estimate,citywide_daily_estimate__official_annual_total_constrained__three_core_regions_supply_shape
2023-03-05,2023,39805.92918176715,80255.2,3.33533448861037,132766.08845112994,annual_anchor_constrained_city_daily_estimate,citywide_daily_estimate__official_annual_total_constrained__three_core_regions_supply_shape
2023-03-06,2023,35492.460067594955,80255.2,3.33533448861037,118379.2261490758,annual_anchor_constrained_city_daily_estimate,citywide_daily_estimate__official_annual_total_constrained__three_core_regions_supply_shape
2023-03-07,2023,14728.110162911877,80255.2,3.33533448861037,49123.17377841288,annual_anchor_constrained_city_daily_estimate,citywide_daily_estimate__official_annual_total_constrained__three_core_regions_supply_shape
2023-03-08,2023,15899.76205496093,80255.2,3.33533448861037,53031.024742609676,annual_anchor_constrained_city_daily_estimate,citywide_daily_estimate__official_annual_total_constrained__three_core_regions_supply_shape
2023-03-09,2023,16026.314475342964,80255.2,3.33533448861037,53453.119394926995,annual_anchor_constrained_city_daily_estimate,citywide_daily_estimate__official_annual_total_constrained__three_core_regions_supply_shape
2023-03-10,2023,16597.94282937332,80255.2,3.33533448861037,55359.691158792026,annual_anchor_constrained_city_daily_estimate,citywide_daily_estimate__official_annual_total_constrained__three_core_regions_supply_shape
2023-03-11,2023,43014.76449549237,80255.2,3.33533448861037,143468.62754126854,annual_anchor_constrained_city_daily_estimate,citywide_daily_estimate__official_annual_total_constrained__three_core_regions_supply_shape
2023-03-12,2023,44904.34586777233,80255.2,3.33533448861037,149771.0134612696,annual_anchor_constrained_city_daily_estimate,citywide_daily_estimate__official_annual_total_constrained__three_core_regions_supply_shape
2023-03-13,2023,15807.913118837305,80255.2,3.33533448861037,52724.67781821438,annual_anchor_constrained_city_daily_estimate,citywide_daily_estimate__official_annual_total_constrained__three_core_regions_supply_shape
2023-03-14,2023,15558.501086933353,80255.2,3.33533448861037,51892.80526633074,annual_anchor_constrained_city_daily_estimate,citywide_daily_estimate__official_annual_total_constrained__three_core_regions_supply_shape
2023-03-15,2023,15602.593905731072,80255.2,3.33533448861037,52039.86956556682,annual_anchor_constrained_city_daily_estimate,citywide_daily_estimate__official_annual_total_constrained__three_core_regions_supply_shape
2023-03-16,2023,15781.565144502783,80255.2,3.33533448861037,52636.79851071143,annual_anchor_constrained_city_daily_estimate,citywide_daily_estimate__official_annual_total_constrained__three_core_regions_supply_shape
2023-03-17,2023,16166.118618188122,80255.2,3.33533448861037,53919.41297420906,annual_anchor_constrained_city_daily_estimate,citywide_daily_estimate__official_annual_total_constrained__three_core_regions_supply_shape
2023-03-18,2023,48393.70354691906,80255.2,3.33533448861037,161409.18847162512,annual_anchor_constrained_city_daily_estimate,citywide_daily_estimate__official_annual_total_constrained__three_core_regions_supply_shape
2023-03-19,2023,47957.62242332997,80255.2,3.33533448861037,159954.7120602865,annual_anchor_constrained_city_daily_estimate,citywide_daily_estimate__official_annual_total_constrained__three_core_regions_supply_shape
2023-03-20,2023,17051.652273720636,80255.2,3.33533448861037,56872.96391633187,annual_anchor_constrained_city_daily_estimate,citywide_daily_estimate__official_annual_total_constrained__three_core_regions_supply_shape
2023-03-21,2023,14957.49617719869,80255.2,3.33533448861037,49888.252863068556,annual_anchor_constrained_city_daily_estimate,citywide_daily_estimate__official_annual_total_constrained__three_core_regions_supply_shape
2023-03-22,2023,15501.527108129889,80255.2,3.33533448861037,51702.77798987419,annual_anchor_constrained_city_daily_estimate,citywide_daily_estimate__official_annual_total_constrained__three_core_regions_supply_shape
2023-03-23,2023,16105.289762993189,80255.2,3.33533448861037,53716.528395574715,annual_anchor_constrained_city_daily_estimate,citywide_daily_estimate__official_annual_total_constrained__three_core_regions_supply_shape
2023-03-24,2023,15519.439365470374,80255.2,3.33533448861037,51762.521359550774,annual_anchor_constrained_city_daily_estimate,citywide_daily_estimate__official_annual_total_constrained__three_core_regions_supply_shape
2023-03-25,2023,39641.743651114804,80255.2,3.33533448861037,132218.47478821437,annual_anchor_constrained_city_daily_estimate,citywide_daily_estimate__official_annual_total_constrained__three_core_regions_supply_shape
2023-03-26,2023,39050.31800697918,80255.2,3.33533448861037,130245.87243988022,annual_anchor_constrained_city_daily_estimate,citywide_daily_estimate__official_annual_total_constrained__three_core_regions_supply_shape
2023-03-27,2023,15688.339520586149,80255.2,3.33533448861037,52325.85987204006,annual_anchor_constrained_city_daily_estimate,citywide_daily_estimate__official_annual_total_constrained__three_core_regions_supply_shape
2023-03-28,2023,15483.282867938984,80255.2,3.33533448861037,51641.92734634697,annual_anchor_constrained_city_daily_estimate,citywide_daily_estimate__official_annual_total_constrained__three_core_regions_supply_shape
2023-03-29,2023,17463.078957186626,80255.2,3.33533448861037,58245.209523230566,annual_anchor_constrained_city_daily_estimate,citywide_daily_estimate__official_annual_total_constrained__three_core_regions_supply_shape
2023-03-30,2023,16712.398364518333,80255.2,3.33533448861037,55741.43865257354,annual_anchor_constrained_city_daily_estimate,citywide_daily_estimate__official_annual_total_constrained__three_core_regions_supply_shape
2023-03-31,2023,18638.669032195823,80255.2,3.33533448861037,62166.195644876796,annual_anchor_constrained_city_daily_estimate,citywide_daily_estimate__official_annual_total_constrained__three_core_regions_supply_shape
2023-04-01,2023,49705.89078435807,80255.2,3.33533448861037,165785.77182016982,annual_anchor_constrained_city_daily_estimate,citywide_daily_estimate__official_annual_total_constrained__three_core_regions_supply_shape
2023-04-02,2023,50200.14314532849,80255.2,3.33533448861037,167434.26876579155,annual_anchor_constrained_city_daily_estimate,citywide_daily_estimate__official_annual_total_constrained__three_core_regions_supply_shape
2023-04-03,2023,16366.02562253715,80255.2,3.33533448861037,54586.169700329156,annual_anchor_constrained_city_daily_estimate,citywide_daily_estimate__official_annual_total_constrained__three_core_regions_supply_shape
2023-04-04,2023,14030.18479942604,80255.2,3.33533448861037,46795.35924310264,annual_anchor_constrained_city_daily_estimate,citywide_daily_estimate__official_annual_total_constrained__three_core_regions_supply_shape
2023-04-05,2023,89372.85870381605,80255.2,3.33533448861037,298088.37798053917,annual_anchor_constrained_city_daily_estimate,citywide_daily_estimate__official_annual_total_constrained__three_core_regions_supply_shape
2023-04-06,2023,17870.47573437214,80255.2,3.33533448861037,59604.01404472612,annual_anchor_constrained_city_daily_estimate,citywide_daily_estimate__official_annual_total_constrained__three_core_regions_supply_shape
2023-04-07,2023,21320.205843204632,80255.2,3.33533448861037,71110.01785311275,annual_anchor_constrained_city_daily_estimate,citywide_daily_estimate__official_annual_total_constrained__three_core_regions_supply_shape
2023-04-08,2023,51456.21708931279,80255.2,3.33533448861037,171623.69551140725,annual_anchor_constrained_city_daily_estimate,citywide_daily_estimate__official_annual_total_constrained__three_core_regions_supply_shape
2023-04-09,2023,56977.828096386824,80255.2,3.33533448861037,190040.11513599192,annual_anchor_constrained_city_daily_estimate,citywide_daily_estimate__official_annual_total_constrained__three_core_regions_supply_shape
2023-04-10,2023,20287.059709590027,80255.2,3.33533448861037,67664.12992189349,annual_anchor_constrained_city_daily_estimate,citywide_daily_estimate__official_annual_total_constrained__three_core_regions_supply_shape
2023-04-11,2023,26088.9312477339,80255.2,3.33533448861037,87015.31216155166,annual_anchor_constrained_city_daily_estimate,citywide_daily_estimate__official_annual_total_constrained__three_core_regions_supply_shape
2023-04-12,2023,26917.794266509947,80255.2,3.33533448861037,89779.8475744091,annual_anchor_constrained_city_daily_estimate,citywide_daily_estimate__official_annual_total_constrained__three_core_regions_supply_shape
2023-04-13,2023,27661.20646600935,80255.2,3.33533448861037,92259.37592265315,annual_anchor_constrained_city_daily_estimate,citywide_daily_estimate__official_annual_total_constrained__three_core_regions_supply_shape
2023-04-14,2023,26321.443551957833,80255.2,3.33533448861037,87790.818468856,annual_anchor_constrained_city_daily_estimate,citywide_daily_estimate__official_annual_total_constrained__three_core_regions_supply_shape
2023-04-15,2023,80110.28248585296,80255.2,3.33533448861037,267194.58806738467,annual_anchor_constrained_city_daily_estimate,citywide_daily_estimate__official_annual_total_constrained__three_core_regions_supply_shape
2023-04-16,2023,75115.6876702469,80255.2,3.33533448861037,250535.94372225922,annual_anchor_constrained_city_daily_estimate,citywide_daily_estimate__official_annual_total_constrained__three_core_regions_supply_shape
2023-04-17,2023,22642.244866763725,80255.2,3.33533448861037,75519.46020367816,annual_anchor_constrained_city_daily_estimate,citywide_daily_estimate__official_annual_total_constrained__three_core_regions_supply_shape
2023-04-18,2023,34404.26865554937,80255.2,3.33533448861037,114749.74380227055,annual_anchor_constrained_city_daily_estimate,citywide_daily_estimate__official_annual_total_constrained__three_core_regions_supply_shape
2023-04-19,2023,34573.14876696412,80255.2,3.33533448861037,115313.01546231251,annual_anchor_constrained_city_daily_estimate,citywide_daily_estimate__official_annual_total_constrained__three_core_regions_supply_shape
2023-04-20,2023,32611.37983538928,80255.2,3.33533448861037,108769.85988614665,annual_anchor_constrained_city_daily_estimate,citywide_daily_estimate__official_annual_total_constrained__three_core_regions_supply_shape
2023-04-21,2023,29961.19875612805,80255.2,3.33533448861037,99930.619531424,annual_anchor_constrained_city_daily_estimate,citywide_daily_estimate__official_annual_total_constrained__three_core_regions_supply_shape
2023-04-22,2023,73482.51469069412,80255.2,3.33533448861037,245088.7655576903,annual_anchor_constrained_city_daily_estimate,citywide_daily_estimate__official_annual_total_constrained__three_core_regions_supply_shape
2023-04-23,2023,70395.16222962322,80255.2,3.33533448861037,234791.4124157844,annual_anchor_constrained_city_daily_estimate,citywide_daily_estimate__official_annual_total_constrained__three_core_regions_supply_shape
2023-04-24,2023,36902.73465039132,80255.2,3.33533448861037,123082.96360348712,annual_anchor_constrained_city_daily_estimate,citywide_daily_estimate__official_annual_total_constrained__three_core_regions_supply_shape
2023-04-25,2023,36302.83127148505,80255.2,3.33533448861037,121082.08517398713,annual_anchor_constrained_city_daily_estimate,citywide_daily_estimate__official_annual_total_constrained__three_core_regions_supply_shape
2023-04-26,2023,32927.22873679749,80255.2,3.33533448861037,109823.32162020315,annual_anchor_constrained_city_daily_estimate,citywide_daily_estimate__official_annual_total_constrained__three_core_regions_supply_shape
2023-04-27,2023,37082.87972942127,80255.2,3.33533448861037,123683.80769852916,annual_anchor_constrained_city_daily_estimate,citywide_daily_estimate__official_annual_total_constrained__three_core_regions_supply_shape
2023-04-28,2023,35514.310731713544,80255.2,3.33533448861037,118452.10542270956,annual_anchor_constrained_city_daily_estimate,citywide_daily_estimate__official_annual_total_constrained__three_core_regions_supply_shape
2023-04-29,2023,279850.18471418705,80255.2,3.33533448861037,933393.9727212107,annual_anchor_constrained_city_daily_estimate,citywide_daily_estimate__official_annual_total_constrained__three_core_regions_supply_shape
2023-04-30,2023,446032.8954397908,80255.2,3.33533448861037,1487668.8992150773,annual_anchor_constrained_city_daily_estimate,citywide_daily_estimate__official_annual_total_constrained__three_core_regions_supply_shape
2023-05-01,2023,284884.7900839598,80255.2,3.33533448861037,950186.0656475567,annual_anchor_constrained_city_daily_estimate,citywide_daily_estimate__official_annual_total_constrained__three_core_regions_supply_shape
2023-05-02,2023,239701.31887933446,80255.2,3.33533448861037,799484.0758236363,annual_anchor_constrained_city_daily_estimate,citywide_daily_estimate__official_annual_total_constrained__three_core_regions_supply_shape
2023-05-03,2023,208404.7150261873,80255.2,3.33533448861037,695099.4336158583,annual_anchor_constrained_city_daily_estimate,citywide_daily_estimate__official_annual_total_constrained__three_core_regions_supply_shape
2023-05-04,2023,29202.29040785083,80255.2,3.33533448861037,97399.40634372066,annual_anchor_constrained_city_daily_estimate,citywide_daily_estimate__official_annual_total_constrained__three_core_regions_supply_shape
2023-05-05,2023,24413.11483583293,80255.2,3.33533448861037,81425.90388635907,annual_anchor_constrained_city_daily_estimate,citywide_daily_estimate__official_annual_total_constrained__three_core_regions_supply_shape
2023-05-06,2023,73596.85795148133,80255.2,3.33533448861037,245470.13857893404,annual_anchor_constrained_city_daily_estimate,citywide_daily_estimate__official_annual_total_constrained__three_core_regions_supply_shape
2023-05-07,2023,85229.69371382946,80255.2,3.33533448861037,284269.53689743386,annual_anchor_constrained_city_daily_estimate,citywide_daily_estimate__official_annual_total_constrained__three_core_regions_supply_shape
2023-05-08,2023,34827.57900072891,80255.2,3.33533448861037,116161.62539593343,annual_anchor_constrained_city_daily_estimate,citywide_daily_estimate__official_annual_total_constrained__three_core_regions_supply_shape
2023-05-09,2023,27887.798858526792,80255.2,3.33533448861037,93015.13734427332,annual_anchor_constrained_city_daily_estimate,citywide_daily_estimate__official_annual_total_constrained__three_core_regions_supply_shape
2023-05-10,2023,35240.08470611811,80255.2,3.33533448861037,117537.46990186657,annual_anchor_constrained_city_daily_estimate,citywide_daily_estimate__official_annual_total_constrained__three_core_regions_supply_shape
2023-05-11,2023,27832.66377115112,80255.2,3.33533448861037,92831.24338581669,annual_anchor_constrained_city_daily_estimate,citywide_daily_estimate__official_annual_total_constrained__three_core_regions_supply_shape
2023-05-12,2023,29853.765063708703,80255.2,3.33533448861037,99572.292231859,annual_anchor_constrained_city_daily_estimate,citywide_daily_estimate__official_annual_total_constrained__three_core_regions_supply_shape
2023-05-13,2023,69967.78438087337,80255.2,3.33533448861037,233365.96433718092,annual_anchor_constrained_city_daily_estimate,citywide_daily_estimate__official_annual_total_constrained__three_core_regions_supply_shape
2023-05-14,2023,66258.97100503504,80255.2,3.33533448861037,220995.83117292786,annual_anchor_constrained_city_daily_estimate,citywide_daily_estimate__official_annual_total_constrained__three_core_regions_supply_shape
2023-05-15,2023,25646.753929054707,80255.2,3.33533448861037,85540.50290047968,annual_anchor_constrained_city_daily_estimate,citywide_daily_estimate__official_annual_total_constrained__three_core_regions_supply_shape
2023-05-16,2023,27070.08495723155,80255.2,3.33533448861037,90287.78796746716,annual_anchor_constrained_city_daily_estimate,citywide_daily_estimate__official_annual_total_constrained__three_core_regions_supply_shape
2023-05-17,2023,29112.06498079509,80255.2,3.33533448861037,97098.47436511205,annual_anchor_constrained_city_daily_estimate,citywide_daily_estimate__official_annual_total_constrained__three_core_regions_supply_shape
2023-05-18,2023,29321.720232437987,80255.2,3.33533448861037,97797.74475663489,annual_anchor_constrained_city_daily_estimate,citywide_daily_estimate__official_annual_total_constrained__three_core_regions_supply_shape
2023-05-19,2023,25479.747971428824,80255.2,3.33533448861037,84983.48217020667,annual_anchor_constrained_city_daily_estimate,citywide_daily_estimate__official_annual_total_constrained__three_core_regions_supply_shape
2023-05-20,2023,64614.29534092509,80255.2,3.33533448861037,215510.2877078438,annual_anchor_constrained_city_daily_estimate,citywide_daily_estimate__official_annual_total_constrained__three_core_regions_supply_shape
2023-05-21,2023,57722.859450417316,80255.2,3.33533448861037,192525.0439061859,annual_anchor_constrained_city_daily_estimate,citywide_daily_estimate__official_annual_total_constrained__three_core_regions_supply_shape
2023-05-22,2023,22241.041547830842,80255.2,3.33533448861037,74181.31293709637,annual_anchor_constrained_city_daily_estimate,citywide_daily_estimate__official_annual_total_constrained__three_core_regions_supply_shape
2023-05-23,2023,23736.92254100114,80255.2,3.33533448861037,79170.57640447399,annual_anchor_constrained_city_daily_estimate,citywide_daily_estimate__official_annual_total_constrained__three_core_regions_supply_shape
2023-05-24,2023,25961.445112086054,80255.2,3.33533448861037,86590.10325650572,annual_anchor_constrained_city_daily_estimate,citywide_daily_estimate__official_annual_total_constrained__three_core_regions_supply_shape
2023-05-25,2023,26141.33932528123,80255.2,3.33533448861037,87190.11063007703,annual_anchor_constrained_city_daily_estimate,citywide_daily_estimate__official_annual_total_constrained__three_core_regions_supply_shape
2023-05-26,2023,24914.03069846107,80255.2,3.33533448861037,83096.62583887471,annual_anchor_constrained_city_daily_estimate,citywide_daily_estimate__official_annual_total_constrained__three_core_regions_supply_shape
2023-05-27,2023,64063.97013469267,80255.2,3.33533448861037,213674.7690675452,annual_anchor_constrained_city_daily_estimate,citywide_daily_estimate__official_annual_total_constrained__three_core_regions_supply_shape
2023-05-28,2023,59672.55952607133,80255.2,3.33533448861037,199027.94581096098,annual_anchor_constrained_city_daily_estimate,citywide_daily_estimate__official_annual_total_constrained__three_core_regions_supply_shape
2023-05-29,2023,23780.01335868744,80255.2,3.33533448861037,79314.29869484554,annual_anchor_constrained_city_daily_estimate,citywide_daily_estimate__official_annual_total_constrained__three_core_regions_supply_shape
2023-05-30,2023,23745.747518458535,80255.2,3.33533448861037,79200.01065614886,annual_anchor_constrained_city_daily_estimate,citywide_daily_estimate__official_annual_total_constrained__three_core_regions_supply_shape
2023-05-31,2023,25482.794806703376,80255.2,3.33533448861037,84993.644384979,annual_anchor_constrained_city_daily_estimate,citywide_daily_estimate__official_annual_total_constrained__three_core_regions_supply_shape
2023-06-01,2023,25908.536267486397,80255.2,3.33533448861037,86413.63456235996,annual_anchor_constrained_city_daily_estimate,citywide_daily_estimate__official_annual_total_constrained__three_core_regions_supply_shape
2023-06-02,2023,23642.563044191465,80255.2,3.33533448861037,78855.85592043678,annual_anchor_constrained_city_daily_estimate,citywide_daily_estimate__official_annual_total_constrained__three_core_regions_supply_shape
2023-06-03,2023,63919.70462195446,80255.2,3.33533448861037,213193.59532739237,annual_anchor_constrained_city_daily_estimate,citywide_daily_estimate__official_annual_total_constrained__three_core_regions_supply_shape
2023-06-04,2023,76995.54075444253,80255.2,3.33533448861037,256805.88254749746,annual_anchor_constrained_city_daily_estimate,citywide_daily_estimate__official_annual_total_constrained__three_core_regions_supply_shape
2023-06-05,2023,29833.774083842236,80255.2,3.33533448861037,99505.61562724925,annual_anchor_constrained_city_daily_estimate,citywide_daily_estimate__official_annual_total_constrained__three_core_regions_supply_shape
2023-06-06,2023,35032.3968555114,80255.2,3.33533448861037,116844.76145087264,annual_anchor_constrained_city_daily_estimate,citywide_daily_estimate__official_annual_total_constrained__three_core_regions_supply_shape
2023-06-07,2023,31630.77838912173,80255.2,3.33533448861037,105499.22606282927,annual_anchor_constrained_city_daily_estimate,citywide_daily_estimate__official_annual_total_constrained__three_core_regions_supply_shape
2023-06-08,2023,35453.685275808864,80255.2,3.33533448861037,118249.89924874296,annual_anchor_constrained_city_daily_estimate,citywide_daily_estimate__official_annual_total_constrained__three_core_regions_supply_shape
2023-06-09,2023,35658.66360711504,80255.2,3.33533448861037,118933.57054656626,annual_anchor_constrained_city_daily_estimate,citywide_daily_estimate__official_annual_total_constrained__three_core_regions_supply_shape
2023-06-10,2023,91758.72873569465,80255.2,3.33533448861037,306046.05258320575,annual_anchor_constrained_city_daily_estimate,citywide_daily_estimate__official_annual_total_constrained__three_core_regions_supply_shape
2023-06-11,2023,82757.29947066982,80255.2,3.33533448861037,276023.27510878176,annual_anchor_constrained_city_daily_estimate,citywide_daily_estimate__official_annual_total_constrained__three_core_regions_supply_shape
2023-06-12,2023,36017.999695978804,80255.2,3.33533448861037,120132.07659675593,annual_anchor_constrained_city_daily_estimate,citywide_daily_estimate__official_annual_total_constrained__three_core_regions_supply_shape
2023-06-13,2023,41103.13573664738,80255.2,3.33533448861037,137092.70621247342,annual_anchor_constrained_city_daily_estimate,citywide_daily_estimate__official_annual_total_constrained__three_core_regions_supply_shape
2023-06-14,2023,34524.12029183176,80255.2,3.33533448861037,115149.48909827958,annual_anchor_constrained_city_daily_estimate,citywide_daily_estimate__official_annual_total_constrained__three_core_regions_supply_shape
2023-06-15,2023,19932.285836660212,80255.2,3.33533448861037,66480.8403878528,annual_anchor_constrained_city_daily_estimate,citywide_daily_estimate__official_annual_total_constrained__three_core_regions_supply_shape
2023-06-16,2023,36671.16724936215,80255.2,3.33533448861037,122310.60886439667,annual_anchor_constrained_city_daily_estimate,citywide_daily_estimate__official_annual_total_constrained__three_core_regions_supply_shape
2023-06-17,2023,108522.56536421625,80255.2,3.33533448861037,361959.05505174363,annual_anchor_constrained_city_daily_estimate,citywide_daily_estimate__official_annual_total_constrained__three_core_regions_supply_shape
2023-06-18,2023,119739.87133952405,80255.2,3.33533448861037,399372.5225404829,annual_anchor_constrained_city_daily_estimate,citywide_daily_estimate__official_annual_total_constrained__three_core_regions_supply_shape
2023-06-19,2023,38417.38918321992,80255.2,3.33533448861037,128134.84310516038,annual_anchor_constrained_city_daily_estimate,citywide_daily_estimate__official_annual_total_constrained__three_core_regions_supply_shape
2023-06-20,2023,46749.85523788244,80255.2,3.33533448861037,155926.40451245144,annual_anchor_constrained_city_daily_estimate,citywide_daily_estimate__official_annual_total_constrained__three_core_regions_supply_shape
2023-06-21,2023,51933.35607246819,80255.2,3.33533448861037,173215.11361778594,annual_anchor_constrained_city_daily_estimate,citywide_daily_estimate__official_annual_total_constrained__three_core_regions_supply_shape
2023-06-22,2023,219009.6904298609,80255.2,3.33533448861037,730470.5738305956,annual_anchor_constrained_city_daily_estimate,citywide_daily_estimate__official_annual_total_constrained__three_core_regions_supply_shape
2023-06-23,2023,221767.98331117153,80255.2,3.33533448861037,739670.4032073193,annual_anchor_constrained_city_daily_estimate,citywide_daily_estimate__official_annual_total_constrained__three_core_regions_supply_shape
2023-06-24,2023,319718.99368996936,80255.2,3.33533448861037,1066369.786317956,annual_anchor_constrained_city_daily_estimate,citywide_daily_estimate__official_annual_total_constrained__three_core_regions_supply_shape
2023-06-25,2023,119209.8937579307,80255.2,3.33533448861037,397604.87003440433,annual_anchor_constrained_city_daily_estimate,citywide_daily_estimate__official_annual_total_constrained__three_core_regions_supply_shape
2023-06-26,2023,57688.53069675841,80255.2,3.33533448861037,192410.54603015634,annual_anchor_constrained_city_daily_estimate,citywide_daily_estimate__official_annual_total_constrained__three_core_regions_supply_shape
2023-06-27,2023,56810.96357110648,80255.2,3.33533448861037,189483.56612989877,annual_anchor_constrained_city_daily_estimate,citywide_daily_estimate__official_annual_total_constrained__three_core_regions_supply_shape
2023-06-28,2023,52913.93625616833,80255.2,3.33533448861037,176485.6765233289,annual_anchor_constrained_city_daily_estimate,citywide_daily_estimate__official_annual_total_constrained__three_core_regions_supply_shape
2023-06-29,2023,84015.92200456219,80255.2,3.33533448861037,280221.20225421514,annual_anchor_constrained_city_daily_estimate,citywide_daily_estimate__official_annual_total_constrained__three_core_regions_supply_shape
2023-06-30,2023,90121.98938621709,80255.2,3.33533448861037,300586.9793820276,annual_anchor_constrained_city_daily_estimate,citywide_daily_estimate__official_annual_total_constrained__three_core_regions_supply_shape
2023-07-01,2023,192597.0114056541,80255.2,3.33533448861037,642375.454544563,annual_anchor_constrained_city_daily_estimate,citywide_daily_estimate__official_annual_total_constrained__three_core_regions_supply_shape
2023-07-02,2023,181162.9308338366,80255.2,3.33533448861037,604238.9712678302,annual_anchor_constrained_city_daily_estimate,citywide_daily_estimate__official_annual_total_constrained__three_core_regions_supply_shape
2023-07-03,2023,143428.35212435367,80255.2,3.33533448861037,478381.5294849092,annual_anchor_constrained_city_daily_estimate,citywide_daily_estimate__official_annual_total_constrained__three_core_regions_supply_shape
2023-07-04,2023,112762.41339108068,80255.2,3.33533448861037,376100.36640221125,annual_anchor_constrained_city_daily_estimate,citywide_daily_estimate__official_annual_total_constrained__three_core_regions_supply_shape
2023-07-05,2023,161691.95716124587,80255.2,3.33533448861037,539296.7612508138,annual_anchor_constrained_city_daily_estimate,citywide_daily_estimate__official_annual_total_constrained__three_core_regions_supply_shape
2023-07-06,2023,169545.23992724076,80255.2,3.33533448861037,565490.086109046,annual_anchor_constrained_city_daily_estimate,citywide_daily_estimate__official_annual_total_constrained__three_core_regions_supply_shape
2023-07-07,2023,162836.432463264,80255.2,3.33533448861037,543113.9691969977,annual_anchor_constrained_city_daily_estimate,citywide_daily_estimate__official_annual_total_constrained__three_core_regions_supply_shape
2023-07-08,2023,280676.1269029704,80255.2,3.33533448861037,936148.7661890582,annual_anchor_constrained_city_daily_estimate,citywide_daily_estimate__official_annual_total_constrained__three_core_regions_supply_shape
2023-07-09,2023,257361.31771769884,80255.2,3.33533448861037,858386.079018052,annual_anchor_constrained_city_daily_estimate,citywide_daily_estimate__official_annual_total_constrained__three_core_regions_supply_shape
2023-07-10,2023,162422.22165021067,80255.2,3.33533448861037,541732.4375866656,annual_anchor_constrained_city_daily_estimate,citywide_daily_estimate__official_annual_total_constrained__three_core_regions_supply_shape
2023-07-11,2023,178334.94775287845,80255.2,3.33533448861037,594806.7017647038,annual_anchor_constrained_city_daily_estimate,citywide_daily_estimate__official_annual_total_constrained__three_core_regions_supply_shape
2023-07-12,2023,167735.4815716186,80255.2,3.33533448861037,559453.9366494888,annual_anchor_constrained_city_daily_estimate,citywide_daily_estimate__official_annual_total_constrained__three_core_regions_supply_shape
2023-07-13,2023,176011.08469882113,80255.2,3.33533448861037,587055.8411736991,annual_anchor_constrained_city_daily_estimate,citywide_daily_estimate__official_annual_total_constrained__three_core_regions_supply_shape
2023-07-14,2023,180377.50350260752,80255.2,3.33533448861037,601619.3084016846,annual_anchor_constrained_city_daily_estimate,citywide_daily_estimate__official_annual_total_constrained__three_core_regions_supply_shape
2023-07-15,2023,278126.0519843823,80255.2,3.33533448861037,927643.413364551,annual_anchor_constrained_city_daily_estimate,citywide_daily_estimate__official_annual_total_constrained__three_core_regions_supply_shape
2023-07-16,2023,276328.34685966035,80255.2,3.33533448861037,921647.4654617142,annual_anchor_constrained_city_daily_estimate,citywide_daily_estimate__official_annual_total_constrained__three_core_regions_supply_shape
2023-07-17,2023,200169.9739605723,80255.2,3.33533448861037,667633.8177349365,annual_anchor_constrained_city_daily_estimate,citywide_daily_estimate__official_annual_total_constrained__three_core_regions_supply_shape
2023-07-18,2023,213478.81508891692,80255.2,3.33533448861037,712023.2545537405,annual_anchor_constrained_city_daily_estimate,citywide_daily_estimate__official_annual_total_constrained__three_core_regions_supply_shape
2023-07-19,2023,217188.24144494612,80255.2,3.33533448861037,724395.432211965,annual_anchor_constrained_city_daily_estimate,citywide_daily_estimate__official_annual_total_constrained__three_core_regions_supply_shape
2023-07-20,2023,208416.14243396439,80255.2,3.33533448861037,695137.5478431326,annual_anchor_constrained_city_daily_estimate,citywide_daily_estimate__official_annual_total_constrained__three_core_regions_supply_shape
2023-07-21,2023,201858.44985031287,80255.2,3.33533448861037,673265.4496031753,annual_anchor_constrained_city_daily_estimate,citywide_daily_estimate__official_annual_total_constrained__three_core_regions_supply_shape
2023-07-22,2023,124923.47138438761,80255.2,3.33533448861037,416661.56254527863,annual_anchor_constrained_city_daily_estimate,citywide_daily_estimate__official_annual_total_constrained__three_core_regions_supply_shape
2023-07-23,2023,285052.4226133295,80255.2,3.33533448861037,950745.1762041764,annual_anchor_constrained_city_daily_estimate,citywide_daily_estimate__official_annual_total_constrained__three_core_regions_supply_shape
2023-07-24,2023,185542.54088830182,80255.2,3.33533448861037,618846.4357291529,annual_anchor_constrained_city_daily_estimate,citywide_daily_estimate__official_annual_total_constrained__three_core_regions_supply_shape
2023-07-25,2023,204473.58544302746,80255.2,3.33533448861037,681987.8015379488,annual_anchor_constrained_city_daily_estimate,citywide_daily_estimate__official_annual_total_constrained__three_core_regions_supply_shape
2023-07-26,2023,215397.3205581578,80255.2,3.33533448861037,718422.1120118872,annual_anchor_constrained_city_daily_estimate,citywide_daily_estimate__official_annual_total_constrained__three_core_regions_supply_shape
2023-07-27,2023,199127.94496960432,80255.2,3.33533448861037,664158.3025032291,annual_anchor_constrained_city_daily_estimate,citywide_daily_estimate__official_annual_total_constrained__three_core_regions_supply_shape
2023-07-28,2023,193594.55157183844,80255.2,3.33533448861037,645702.5846646116,annual_anchor_constrained_city_daily_estimate,citywide_daily_estimate__official_annual_total_constrained__three_core_regions_supply_shape
2023-07-29,2023,161736.09822009742,80255.2,3.33533448861037,539443.9864467653,annual_anchor_constrained_city_daily_estimate,citywide_daily_estimate__official_annual_total_constrained__three_core_regions_supply_shape
2023-07-30,2023,107767.74142019889,80255.2,3.33533448861037,359441.4647184336,annual_anchor_constrained_city_daily_estimate,citywide_daily_estimate__official_annual_total_constrained__three_core_regions_supply_shape
2023-07-31,2023,99483.72014860374,80255.2,3.33533448861037,331811.4828669004,annual_anchor_constrained_city_daily_estimate,citywide_daily_estimate__official_annual_total_constrained__three_core_regions_supply_shape
2023-08-01,2023,158601.93193862468,80255.2,3.33533448861037,528990.4935551294,annual_anchor_constrained_city_daily_estimate,citywide_daily_estimate__official_annual_total_constrained__three_core_regions_supply_shape
2023-08-02,2023,156092.47579648736,80255.2,3.33533448861037,520620.6179366037,annual_anchor_constrained_city_daily_estimate,citywide_daily_estimate__official_annual_total_constrained__three_core_regions_supply_shape
2023-08-03,2023,174763.36564343312,80255.2,3.33533448861037,582894.280776167,annual_anchor_constrained_city_daily_estimate,citywide_daily_estimate__official_annual_total_constrained__three_core_regions_supply_shape
2023-08-04,2023,197345.68331346515,80255.2,3.33533448861037,658213.8637337803,annual_anchor_constrained_city_daily_estimate,citywide_daily_estimate__official_annual_total_constrained__three_core_regions_supply_shape
2023-08-05,2023,325023.2015288491,80255.2,3.33533448861037,1084061.093657729,annual_anchor_constrained_city_daily_estimate,citywide_daily_estimate__official_annual_total_constrained__three_core_regions_supply_shape
2023-08-06,2023,277518.74673387746,80255.2,3.33533448861037,925617.8472174279,annual_anchor_constrained_city_daily_estimate,citywide_daily_estimate__official_annual_total_constrained__three_core_regions_supply_shape
2023-08-07,2023,160188.8802698326,80255.2,3.33533448861037,534283.4970558499,annual_anchor_constrained_city_daily_estimate,citywide_daily_estimate__official_annual_total_constrained__three_core_regions_supply_shape
2023-08-08,2023,162400.21425122698,80255.2,3.33533448861037,541659.0355498306,annual_anchor_constrained_city_daily_estimate,citywide_daily_estimate__official_annual_total_constrained__three_core_regions_supply_shape
2023-08-09,2023,144096.2259110693,80255.2,3.33533448861037,480609.1119597807,annual_anchor_constrained_city_daily_estimate,citywide_daily_estimate__official_annual_total_constrained__three_core_regions_supply_shape
2023-08-10,2023,226274.28545313628,80255.2,3.33533448861037,754700.4281575131,annual_anchor_constrained_city_daily_estimate,citywide_daily_estimate__official_annual_total_constrained__three_core_regions_supply_shape
2023-08-11,2023,152245.15345919767,80255.2,3.33533448861037,507788.51105624036,annual_anchor_constrained_city_daily_estimate,citywide_daily_estimate__official_annual_total_constrained__three_core_regions_supply_shape
2023-08-12,2023,117059.95422798251,80255.2,3.33533448861037,390434.1025717414,annual_anchor_constrained_city_daily_estimate,citywide_daily_estimate__official_annual_total_constrained__three_core_regions_supply_shape
2023-08-13,2023,227688.80733155558,80255.2,3.33533448861037,759418.331763499,annual_anchor_constrained_city_daily_estimate,citywide_daily_estimate__official_annual_total_constrained__three_core_regions_supply_shape
2023-08-14,2023,133919.94716149286,80255.2,3.33533448861037,446667.81848060555,annual_anchor_constrained_city_daily_estimate,citywide_daily_estimate__official_annual_total_constrained__three_core_regions_supply_shape
2023-08-15,2023,148025.29392802028,80255.2,3.33533448861037,493713.86802481324,annual_anchor_constrained_city_daily_estimate,citywide_daily_estimate__official_annual_total_constrained__three_core_regions_supply_shape
2023-08-16,2023,149506.65898883413,80255.2,3.33533448861037,498654.716002368,annual_anchor_constrained_city_daily_estimate,citywide_daily_estimate__official_annual_total_constrained__three_core_regions_supply_shape
2023-08-17,2023,136763.8438366405,80255.2,3.33533448861037,456153.16514326987,annual_anchor_constrained_city_daily_estimate,citywide_daily_estimate__official_annual_total_constrained__three_core_regions_supply_shape
2023-08-18,2023,123936.93322679936,80255.2,3.33533448861037,413371.1278039444,annual_anchor_constrained_city_daily_estimate,citywide_daily_estimate__official_annual_total_constrained__three_core_regions_supply_shape
2023-08-19,2023,210274.19888250058,80255.2,3.33533448861037,701334.7875977203,annual_anchor_constrained_city_daily_estimate,citywide_daily_estimate__official_annual_total_constrained__three_core_regions_supply_shape
2023-08-20,2023,167055.15939644922,80255.2,3.33533448861037,557184.8346352798,annual_anchor_constrained_city_daily_estimate,citywide_daily_estimate__official_annual_total_constrained__three_core_regions_supply_shape
2023-08-21,2023,38139.273505177334,80255.2,3.33533448861037,127207.23429236168,annual_anchor_constrained_city_daily_estimate,citywide_daily_estimate__official_annual_total_constrained__three_core_regions_supply_shape
2023-08-22,2023,83152.90672704973,80255.2,3.33533448861037,277342.7576349302,annual_anchor_constrained_city_daily_estimate,citywide_daily_estimate__official_annual_total_constrained__three_core_regions_supply_shape
2023-08-23,2023,58347.69616955642,80255.2,3.33533448861037,194609.0833652807,annual_anchor_constrained_city_daily_estimate,citywide_daily_estimate__official_annual_total_constrained__three_core_regions_supply_shape
2023-08-24,2023,69579.68341681111,80255.2,3.33533448861037,232071.5178066811,annual_anchor_constrained_city_daily_estimate,citywide_daily_estimate__official_annual_total_constrained__three_core_regions_supply_shape
2023-08-25,2023,68559.10168089611,80255.2,3.33533448861037,228667.536344438,annual_anchor_constrained_city_daily_estimate,citywide_daily_estimate__official_annual_total_constrained__three_core_regions_supply_shape
2023-08-26,2023,138739.53555764703,80255.2,3.33533448861037,462742.75787920493,annual_anchor_constrained_city_daily_estimate,citywide_daily_estimate__official_annual_total_constrained__three_core_regions_supply_shape
2023-08-27,2023,131192.60301986543,80255.2,3.33533448861037,437571.21350272617,annual_anchor_constrained_city_daily_estimate,citywide_daily_estimate__official_annual_total_constrained__three_core_regions_supply_shape
2023-08-28,2023,44324.418801353175,80255.2,3.33533448861037,147836.76271576315,annual_anchor_constrained_city_daily_estimate,citywide_daily_estimate__official_annual_total_constrained__three_core_regions_supply_shape
2023-08-29,2023,43872.132821919455,80255.2,3.33533448861037,146328.23768984296,annual_anchor_constrained_city_daily_estimate,citywide_daily_estimate__official_annual_total_constrained__three_core_regions_supply_shape
2023-08-30,2023,44898.606629441245,80255.2,3.33533448861037,149751.87118172558,annual_anchor_constrained_city_daily_estimate,citywide_daily_estimate__official_annual_total_constrained__three_core_regions_supply_shape
2023-08-31,2023,34020.8056619813,80255.2,3.33533448861037,113470.76645471717,annual_anchor_constrained_city_daily_estimate,citywide_daily_estimate__official_annual_total_constrained__three_core_regions_supply_shape
2023-09-01,2023,38396.32145912539,80255.2,3.33533448861037,128064.57519839137,annual_anchor_constrained_city_daily_estimate,citywide_daily_estimate__official_annual_total_constrained__three_core_regions_supply_shape
2023-09-02,2023,87849.92397913423,80255.2,3.33533448861037,293008.88126940554,annual_anchor_constrained_city_daily_estimate,citywide_daily_estimate__official_annual_total_constrained__three_core_regions_supply_shape
2023-09-03,2023,65068.67469721766,80255.2,3.33533448861037,217025.79484579898,annual_anchor_constrained_city_daily_estimate,citywide_daily_estimate__official_annual_total_constrained__three_core_regions_supply_shape
2023-09-04,2023,33785.175990782256,80255.2,3.33533448861037,112684.86268582709,annual_anchor_constrained_city_daily_estimate,citywide_daily_estimate__official_annual_total_constrained__three_core_regions_supply_shape
2023-09-05,2023,33936.885559143964,80255.2,3.33533448861037,113190.86484143608,annual_anchor_constrained_city_daily_estimate,citywide_daily_estimate__official_annual_total_constrained__three_core_regions_supply_shape
2023-09-06,2023,33194.76339375759,80255.2,3.33533448861037,110715.6391884607,annual_anchor_constrained_city_daily_estimate,citywide_daily_estimate__official_annual_total_constrained__three_core_regions_supply_shape
2023-09-07,2023,34058.83355546897,80255.2,3.33533448861037,113597.6021993958,annual_anchor_constrained_city_daily_estimate,citywide_daily_estimate__official_annual_total_constrained__three_core_regions_supply_shape
2023-09-08,2023,37083.97892063329,80255.2,3.33533448861037,123687.47386888819,annual_anchor_constrained_city_daily_estimate,citywide_daily_estimate__official_annual_total_constrained__three_core_regions_supply_shape
2023-09-09,2023,69292.38337388994,80255.2,3.33533448861037,231113.2760649469,annual_anchor_constrained_city_daily_estimate,citywide_daily_estimate__official_annual_total_constrained__three_core_regions_supply_shape
2023-09-10,2023,83965.48567739557,80255.2,3.33533448861037,280052.9802327375,annual_anchor_constrained_city_daily_estimate,citywide_daily_estimate__official_annual_total_constrained__three_core_regions_supply_shape
2023-09-11,2023,17808.954912907036,80255.2,3.33533448861037,59398.821527125925,annual_anchor_constrained_city_daily_estimate,citywide_daily_estimate__official_annual_total_constrained__three_core_regions_supply_shape
2023-09-12,2023,36025.817981233915,80255.2,3.33533448861037,120158.15319320909,annual_anchor_constrained_city_daily_estimate,citywide_daily_estimate__official_annual_total_constrained__three_core_regions_supply_shape
2023-09-13,2023,37594.39919715938,80255.2,3.33533448861037,125389.89622087168,annual_anchor_constrained_city_daily_estimate,citywide_daily_estimate__official_annual_total_constrained__three_core_regions_supply_shape
2023-09-14,2023,36396.99796389903,80255.2,3.33533448861037,121396.16259087386,annual_anchor_constrained_city_daily_estimate,citywide_daily_estimate__official_annual_total_constrained__three_core_regions_supply_shape
2023-09-15,2023,38258.92482093541,80255.2,3.33533448861037,127606.3114524172,annual_anchor_constrained_city_daily_estimate,citywide_daily_estimate__official_annual_total_constrained__three_core_regions_supply_shape
2023-09-16,2023,96634.34406898827,80255.2,3.33533448861037,322307.8605575375,annual_anchor_constrained_city_daily_estimate,citywide_daily_estimate__official_annual_total_constrained__three_core_regions_supply_shape
2023-09-17,2023,93427.11997098036,80255.2,3.33533448861037,311610.69541074947,annual_anchor_constrained_city_daily_estimate,citywide_daily_estimate__official_annual_total_constrained__three_core_regions_supply_shape
2023-09-18,2023,37186.365587165375,80255.2,3.33533448861037,124028.96764894649,annual_anchor_constrained_city_daily_estimate,citywide_daily_estimate__official_annual_total_constrained__three_core_regions_supply_shape
2023-09-19,2023,36514.18374804835,80255.2,3.33533448861037,121787.01637832193,annual_anchor_constrained_city_daily_estimate,citywide_daily_estimate__official_annual_total_constrained__three_core_regions_supply_shape
2023-09-20,2023,35691.29208864368,80255.2,3.33533448861037,119042.39744631971,annual_anchor_constrained_city_daily_estimate,citywide_daily_estimate__official_annual_total_constrained__three_core_regions_supply_shape
2023-09-21,2023,18722.02785017891,80255.2,3.33533448861037,62444.22518542558,annual_anchor_constrained_city_daily_estimate,citywide_daily_estimate__official_annual_total_constrained__three_core_regions_supply_shape
2023-09-22,2023,29168.01767625344,80255.2,3.33533448861037,97285.095320005,annual_anchor_constrained_city_daily_estimate,citywide_daily_estimate__official_annual_total_constrained__three_core_regions_supply_shape
2023-09-23,2023,66407.4904492409,80255.2,3.33533448861037,221491.19319741693,annual_anchor_constrained_city_daily_estimate,citywide_daily_estimate__official_annual_total_constrained__three_core_regions_supply_shape
2023-09-24,2023,60095.52995161255,80255.2,3.33533448861037,200438.69365893083,annual_anchor_constrained_city_daily_estimate,citywide_daily_estimate__official_annual_total_constrained__three_core_regions_supply_shape
2023-09-25,2023,23102.22334344085,80255.2,3.33533448861037,77053.64228095785,annual_anchor_constrained_city_daily_estimate,citywide_daily_estimate__official_annual_total_constrained__three_core_regions_supply_shape
2023-09-26,2023,27673.89374204555,80255.2,3.33533448861037,92301.69223198322,annual_anchor_constrained_city_daily_estimate,citywide_daily_estimate__official_annual_total_constrained__three_core_regions_supply_shape
2023-09-27,2023,29504.90879106392,80255.2,3.33533448861037,98408.73987413879,annual_anchor_constrained_city_daily_estimate,citywide_daily_estimate__official_annual_total_constrained__three_core_regions_supply_shape
2023-09-28,2023,33005.84280809104,80255.2,3.33533448861037,110085.52584347858,annual_anchor_constrained_city_daily_estimate,citywide_daily_estimate__official_annual_total_constrained__three_core_regions_supply_shape
2023-09-29,2023,166372.31168369393,80255.2,3.33533448861037,554907.3091084583,annual_anchor_constrained_city_daily_estimate,citywide_daily_estimate__official_annual_total_constrained__three_core_regions_supply_shape
2023-09-30,2023,292699.7927478321,80255.2,3.33533448861037,976251.7135609518,annual_anchor_constrained_city_daily_estimate,citywide_daily_estimate__official_annual_total_constrained__three_core_regions_supply_shape
2023-10-01,2023,305274.8797279324,80255.2,3.33533448861037,1018193.8348629556,annual_anchor_constrained_city_daily_estimate,citywide_daily_estimate__official_annual_total_constrained__three_core_regions_supply_shape
2023-10-02,2023,218520.24658420327,80255.2,3.33533448861037,728838.1148919356,annual_anchor_constrained_city_daily_estimate,citywide_daily_estimate__official_annual_total_constrained__three_core_regions_supply_shape
2023-10-03,2023,191743.88144472148,80255.2,3.33533448861037,639529.9807625975,annual_anchor_constrained_city_daily_estimate,citywide_daily_estimate__official_annual_total_constrained__three_core_regions_supply_shape
2023-10-04,2023,176217.95617788399,80255.2,3.33533448861037,587745.8267525273,annual_anchor_constrained_city_daily_estimate,citywide_daily_estimate__official_annual_total_constrained__three_core_regions_supply_shape
2023-10-05,2023,150766.06074095354,80255.2,3.33533448861037,502855.2421012283,annual_anchor_constrained_city_daily_estimate,citywide_daily_estimate__official_annual_total_constrained__three_core_regions_supply_shape
2023-10-06,2023,138280.14546046604,80255.2,3.33533448861037,461210.53824435105,annual_anchor_constrained_city_daily_estimate,citywide_daily_estimate__official_annual_total_constrained__three_core_regions_supply_shape
2023-10-07,2023,67120.8741615768,80255.2,3.33533448861037,223870.56649678372,annual_anchor_constrained_city_daily_estimate,citywide_daily_estimate__official_annual_total_constrained__three_core_regions_supply_shape
2023-10-08,2023,38880.39507067538,80255.2,3.33533448861037,129679.12261002022,annual_anchor_constrained_city_daily_estimate,citywide_daily_estimate__official_annual_total_constrained__three_core_regions_supply_shape
2023-10-09,2023,19533.043762300993,80255.2,3.33533448861037,65149.23452793816,annual_anchor_constrained_city_daily_estimate,citywide_daily_estimate__official_annual_total_constrained__three_core_regions_supply_shape
2023-10-10,2023,18716.379848389075,80255.2,3.33533448861037,62425.38721026421,annual_anchor_constrained_city_daily_estimate,citywide_daily_estimate__official_annual_total_constrained__three_core_regions_supply_shape
2023-10-11,2023,19213.13923259302,80255.2,3.33533448861037,64082.24591694048,annual_anchor_constrained_city_daily_estimate,citywide_daily_estimate__official_annual_total_constrained__three_core_regions_supply_shape
2023-10-12,2023,20628.49107569534,80255.2,3.33533448861037,68802.9177327579,annual_anchor_constrained_city_daily_estimate,citywide_daily_estimate__official_annual_total_constrained__three_core_regions_supply_shape
2023-10-13,2023,13903.865045033594,80255.2,3.33533448861037,46374.04060968472,annual_anchor_constrained_city_daily_estimate,citywide_daily_estimate__official_annual_total_constrained__three_core_regions_supply_shape
2023-10-14,2023,50108.58083040155,80255.2,3.33533448861037,167128.87781895875,annual_anchor_constrained_city_daily_estimate,citywide_daily_estimate__official_annual_total_constrained__three_core_regions_supply_shape
2023-10-15,2023,48905.73480719805,80255.2,3.33533448861037,163116.98399328027,annual_anchor_constrained_city_daily_estimate,citywide_daily_estimate__official_annual_total_constrained__three_core_regions_supply_shape
2023-10-16,2023,16403.91700792955,80255.2,3.33533448861037,54712.55014484966,annual_anchor_constrained_city_daily_estimate,citywide_daily_estimate__official_annual_total_constrained__three_core_regions_supply_shape
2023-10-17,2023,16317.28533970898,80255.2,3.33533448861037,54423.60455402774,annual_anchor_constrained_city_daily_estimate,citywide_daily_estimate__official_annual_total_constrained__three_core_regions_supply_shape
2023-10-18,2023,14222.598948960902,80255.2,3.33533448861037,47437.124792142895,annual_anchor_constrained_city_daily_estimate,citywide_daily_estimate__official_annual_total_constrained__three_core_regions_supply_shape
2023-10-19,2023,15607.87623118328,80255.2,3.33533448861037,52057.487887827636,annual_anchor_constrained_city_daily_estimate,citywide_daily_estimate__official_annual_total_constrained__three_core_regions_supply_shape
2023-10-20,2023,15158.357330771849,80255.2,3.33533448861037,50558.191996003174,annual_anchor_constrained_city_daily_estimate,citywide_daily_estimate__official_annual_total_constrained__three_core_regions_supply_shape
2023-10-21,2023,37361.24300325128,80255.2,3.33533448861037,124612.24232609686,annual_anchor_constrained_city_daily_estimate,citywide_daily_estimate__official_annual_total_constrained__three_core_regions_supply_shape
2023-10-22,2023,41990.56376460599,80255.2,3.33533448861037,140052.57552028325,annual_anchor_constrained_city_daily_estimate,citywide_daily_estimate__official_annual_total_constrained__three_core_regions_supply_shape
2023-10-23,2023,15348.125495863673,80255.2,3.33533448861037,51191.13230187424,annual_anchor_constrained_city_daily_estimate,citywide_daily_estimate__official_annual_total_constrained__three_core_regions_supply_shape
2023-10-24,2023,15842.44166202921,80255.2,3.33533448861037,52839.84205916381,annual_anchor_constrained_city_daily_estimate,citywide_daily_estimate__official_annual_total_constrained__three_core_regions_supply_shape
2023-10-25,2023,15536.415295936527,80255.2,3.33533448861037,51819.14176591079,annual_anchor_constrained_city_daily_estimate,citywide_daily_estimate__official_annual_total_constrained__three_core_regions_supply_shape
2023-10-26,2023,15120.15922155738,80255.2,3.33533448861037,50430.78852494046,annual_anchor_constrained_city_daily_estimate,citywide_daily_estimate__official_annual_total_constrained__three_core_regions_supply_shape
2023-10-27,2023,14890.446523705165,80255.2,3.33533448861037,49664.61984132222,annual_anchor_constrained_city_daily_estimate,citywide_daily_estimate__official_annual_total_constrained__three_core_regions_supply_shape
2023-10-28,2023,42424.71810151498,80255.2,3.33533448861037,141500.62545355558,annual_anchor_constrained_city_daily_estimate,citywide_daily_estimate__official_annual_total_constrained__three_core_regions_supply_shape
2023-10-29,2023,41488.8072442831,80255.2,3.33533448861037,138379.0496931652,annual_anchor_constrained_city_daily_estimate,citywide_daily_estimate__official_annual_total_constrained__three_core_regions_supply_shape
2023-10-30,2023,15619.729096453824,80255.2,3.33533448861037,52097.02115815333,annual_anchor_constrained_city_daily_estimate,citywide_daily_estimate__official_annual_total_constrained__three_core_regions_supply_shape
2023-10-31,2023,15365.576873636544,80255.2,3.33533448861037,51249.33848403387,annual_anchor_constrained_city_daily_estimate,citywide_daily_estimate__official_annual_total_constrained__three_core_regions_supply_shape
2023-11-01,2023,14470.697135093904,80255.2,3.33533448861037,48264.61522891397,annual_anchor_constrained_city_daily_estimate,citywide_daily_estimate__official_annual_total_constrained__three_core_regions_supply_shape
2023-11-02,2023,15217.155197073456,80255.2,3.33533448861037,50754.30254733563,annual_anchor_constrained_city_daily_estimate,citywide_daily_estimate__official_annual_total_constrained__three_core_regions_supply_shape
2023-11-03,2023,14412.672152252988,80255.2,3.33533448861037,48071.08250244364,annual_anchor_constrained_city_daily_estimate,citywide_daily_estimate__official_annual_total_constrained__three_core_regions_supply_shape
2023-11-04,2023,39134.79195961953,80255.2,3.33533448861037,130527.62132751082,annual_anchor_constrained_city_daily_estimate,citywide_daily_estimate__official_annual_total_constrained__three_core_regions_supply_shape
2023-11-05,2023,20745.734012238558,80255.2,3.33533448861037,69193.96214255645,annual_anchor_constrained_city_daily_estimate,citywide_daily_estimate__official_annual_total_constrained__three_core_regions_supply_shape
2023-11-06,2023,12924.734426787694,80255.2,3.33533448861037,43108.31248979478,annual_anchor_constrained_city_daily_estimate,citywide_daily_estimate__official_annual_total_constrained__three_core_regions_supply_shape
2023-11-07,2023,13495.615635786353,80255.2,3.33533448861037,45012.392275067585,annual_anchor_constrained_city_daily_estimate,citywide_daily_estimate__official_annual_total_constrained__three_core_regions_supply_shape
2023-11-08,2023,14783.139308415844,80255.2,3.33533448861037,49306.714385291016,annual_anchor_constrained_city_daily_estimate,citywide_daily_estimate__official_annual_total_constrained__three_core_regions_supply_shape
2023-11-09,2023,13677.44726818315,80255.2,3.33533448861037,45618.86158972095,annual_anchor_constrained_city_daily_estimate,citywide_daily_estimate__official_annual_total_constrained__three_core_regions_supply_shape
2023-11-10,2023,13951.65978372188,80255.2,3.33533448861037,46533.45205000588,annual_anchor_constrained_city_daily_estimate,citywide_daily_estimate__official_annual_total_constrained__three_core_regions_supply_shape
2023-11-11,2023,33467.560117471716,80255.2,3.33533448861037,111625.50750944435,annual_anchor_constrained_city_daily_estimate,citywide_daily_estimate__official_annual_total_constrained__three_core_regions_supply_shape
2023-11-12,2023,26981.248085121333,80255.2,3.33533448861037,89991.48728405769,annual_anchor_constrained_city_daily_estimate,citywide_daily_estimate__official_annual_total_constrained__three_core_regions_supply_shape
2023-11-13,2023,14123.954474588065,80255.2,3.33533448861037,47108.11247465633,annual_anchor_constrained_city_daily_estimate,citywide_daily_estimate__official_annual_total_constrained__three_core_regions_supply_shape
2023-11-14,2023,14636.96347777728,80255.2,3.33533448861037,48819.16909596095,annual_anchor_constrained_city_daily_estimate,citywide_daily_estimate__official_annual_total_constrained__three_core_regions_supply_shape
2023-11-15,2023,15280.018595880783,80255.2,3.33533448861037,50963.97300944898,annual_anchor_constrained_city_daily_estimate,citywide_daily_estimate__official_annual_total_constrained__three_core_regions_supply_shape
2023-11-16,2023,14153.134448055152,80255.2,3.33533448861037,47205.43744653784,annual_anchor_constrained_city_daily_estimate,citywide_daily_estimate__official_annual_total_constrained__three_core_regions_supply_shape
2023-11-17,2023,14094.054406839336,80255.2,3.33533448861037,47008.38574748221,annual_anchor_constrained_city_daily_estimate,citywide_daily_estimate__official_annual_total_constrained__three_core_regions_supply_shape
2023-11-18,2023,34528.38807941017,80255.2,3.33533448861037,115163.72359737993,annual_anchor_constrained_city_daily_estimate,citywide_daily_estimate__official_annual_total_constrained__three_core_regions_supply_shape
2023-11-19,2023,34244.77758087582,80255.2,3.33533448861037,114217.78772028633,annual_anchor_constrained_city_daily_estimate,citywide_daily_estimate__official_annual_total_constrained__three_core_regions_supply_shape
2023-11-20,2023,15142.78665683004,80255.2,3.33533448861037,50506.25859019416,annual_anchor_constrained_city_daily_estimate,citywide_daily_estimate__official_annual_total_constrained__three_core_regions_supply_shape
2023-11-21,2023,15491.78306596843,80255.2,3.33533448861037,51670.2783499946,annual_anchor_constrained_city_daily_estimate,citywide_daily_estimate__official_annual_total_constrained__three_core_regions_supply_shape
2023-11-22,2023,14928.90890466189,80255.2,3.33533448861037,49792.90474704126,annual_anchor_constrained_city_daily_estimate,citywide_daily_estimate__official_annual_total_constrained__three_core_regions_supply_shape
2023-11-23,2023,15023.90559174765,80255.2,3.33533448861037,50109.75047378213,annual_anchor_constrained_city_daily_estimate,citywide_daily_estimate__official_annual_total_constrained__three_core_regions_supply_shape
2023-11-24,2023,14194.796005281563,80255.2,3.33533448861037,47344.392675204304,annual_anchor_constrained_city_daily_estimate,citywide_daily_estimate__official_annual_total_constrained__three_core_regions_supply_shape
2023-11-25,2023,34456.6999708348,80255.2,3.33533448861037,114924.61977642524,annual_anchor_constrained_city_daily_estimate,citywide_daily_estimate__official_annual_total_constrained__three_core_regions_supply_shape
2023-11-26,2023,29740.14994546294,80255.2,3.33533448861037,99193.34780954637,annual_anchor_constrained_city_daily_estimate,citywide_daily_estimate__official_annual_total_constrained__three_core_regions_supply_shape
2023-11-27,2023,13741.28447504264,80255.2,3.33533448861037,45831.78002741596,annual_anchor_constrained_city_daily_estimate,citywide_daily_estimate__official_annual_total_constrained__three_core_regions_supply_shape
2023-11-28,2023,13969.731931470737,80255.2,3.33533448861037,46593.7287076759,annual_anchor_constrained_city_daily_estimate,citywide_daily_estimate__official_annual_total_constrained__three_core_regions_supply_shape
2023-11-29,2023,13836.571945756796,80255.2,3.33533448861037,46149.59561482134,annual_anchor_constrained_city_daily_estimate,citywide_daily_estimate__official_annual_total_constrained__three_core_regions_supply_shape
2023-11-30,2023,14608.957600360296,80255.2,3.33533448861037,48725.760127128284,annual_anchor_constrained_city_daily_estimate,citywide_daily_estimate__official_annual_total_constrained__three_core_regions_supply_shape
2023-12-01,2023,13917.10406005498,80255.2,3.33533448861037,46418.19715308078,annual_anchor_constrained_city_daily_estimate,citywide_daily_estimate__official_annual_total_constrained__three_core_regions_supply_shape
2023-12-02,2023,33622.37572535166,80255.2,3.33533448861037,112141.8693457815,annual_anchor_constrained_city_daily_estimate,citywide_daily_estimate__official_annual_total_constrained__three_core_regions_supply_shape
2023-12-03,2023,37232.976040915164,80255.2,3.33533448861037,124184.42910286793,annual_anchor_constrained_city_daily_estimate,citywide_daily_estimate__official_annual_total_constrained__three_core_regions_supply_shape
2023-12-04,2023,14642.9378943029,80255.2,3.33533448861037,48839.09577344817,annual_anchor_constrained_city_daily_estimate,citywide_daily_estimate__official_annual_total_constrained__three_core_regions_supply_shape
2023-12-05,2023,13900.796363822112,80255.2,3.33533448861037,46363.80553140552,annual_anchor_constrained_city_daily_estimate,citywide_daily_estimate__official_annual_total_constrained__three_core_regions_supply_shape
2023-12-06,2023,14502.116817576703,80255.2,3.33533448861037,48369.41037952004,annual_anchor_constrained_city_daily_estimate,citywide_daily_estimate__official_annual_total_constrained__three_core_regions_supply_shape
2023-12-07,2023,14349.524544257783,80255.2,3.33533448861037,47860.464107623986,annual_anchor_constrained_city_daily_estimate,citywide_daily_estimate__official_annual_total_constrained__three_core_regions_supply_shape
2023-12-08,2023,14283.81802243238,80255.2,3.33533448861037,47641.31087925309,annual_anchor_constrained_city_daily_estimate,citywide_daily_estimate__official_annual_total_constrained__three_core_regions_supply_shape
2023-12-09,2023,33963.000494344495,80255.2,3.33533448861037,113277.96688547824,annual_anchor_constrained_city_daily_estimate,citywide_daily_estimate__official_annual_total_constrained__three_core_regions_supply_shape
2023-12-10,2023,28473.175832052508,80255.2,3.33533448861037,94967.565352912,annual_anchor_constrained_city_daily_estimate,citywide_daily_estimate__official_annual_total_constrained__three_core_regions_supply_shape
2023-12-11,2023,13085.460963521302,80255.2,3.33533448861037,43644.38925099728,annual_anchor_constrained_city_daily_estimate,citywide_daily_estimate__official_annual_total_constrained__three_core_regions_supply_shape
2023-12-12,2023,13011.245097851815,80255.2,3.33533448861037,43396.85451462777,annual_anchor_constrained_city_daily_estimate,citywide_daily_estimate__official_annual_total_constrained__three_core_regions_supply_shape
2023-12-13,2023,12373.768178379418,80255.2,3.33533448861037,41270.65575941838,annual_anchor_constrained_city_daily_estimate,citywide_daily_estimate__official_annual_total_constrained__three_core_regions_supply_shape
2023-12-14,2023,12187.161748912751,80255.2,3.33533448861037,40648.26089942177,annual_anchor_constrained_city_daily_estimate,citywide_daily_estimate__official_annual_total_constrained__three_core_regions_supply_shape
2023-12-15,2023,13279.871884010605,80255.2,3.33533448861037,44292.81469906774,annual_anchor_constrained_city_daily_estimate,citywide_daily_estimate__official_annual_total_constrained__three_core_regions_supply_shape
2023-12-16,2023,28799.59916379433,80255.2,3.33533448861037,96056.2963491576,annual_anchor_constrained_city_daily_estimate,citywide_daily_estimate__official_annual_total_constrained__three_core_regions_supply_shape
2023-12-17,2023,27750.582387115923,80255.2,3.33533448861037,92557.47451477122,annual_anchor_constrained_city_daily_estimate,citywide_daily_estimate__official_annual_total_constrained__three_core_regions_supply_shape
2023-12-18,2023,12817.56321594118,80255.2,3.33533448861037,42750.86065407226,annual_anchor_constrained_city_daily_estimate,citywide_daily_estimate__official_annual_total_constrained__three_core_regions_supply_shape
2023-12-19,2023,12770.963590532672,80255.2,3.33533448861037,42595.43531629095,annual_anchor_constrained_city_daily_estimate,citywide_daily_estimate__official_annual_total_constrained__three_core_regions_supply_shape
2023-12-20,2023,12776.161428931064,80255.2,3.33533448861037,42612.77184596732,annual_anchor_constrained_city_daily_estimate,citywide_daily_estimate__official_annual_total_constrained__three_core_regions_supply_shape
2023-12-21,2023,12565.698566707542,80255.2,3.33533448861037,41910.80780302156,annual_anchor_constrained_city_daily_estimate,citywide_daily_estimate__official_annual_total_constrained__three_core_regions_supply_shape
2023-12-22,2023,12331.7255965431,80255.2,3.33533448861037,41130.42968622949,annual_anchor_constrained_city_daily_estimate,citywide_daily_estimate__official_annual_total_constrained__three_core_regions_supply_shape
2023-12-23,2023,24586.071653536706,80255.2,3.33533448861037,82002.77272548676,annual_anchor_constrained_city_daily_estimate,citywide_daily_estimate__official_annual_total_constrained__three_core_regions_supply_shape
2023-12-24,2023,22084.66792008199,80255.2,3.33533448861037,73659.75458335651,annual_anchor_constrained_city_daily_estimate,citywide_daily_estimate__official_annual_total_constrained__three_core_regions_supply_shape
2023-12-25,2023,12479.371478410632,80255.2,3.33533448861037,41622.878088123565,annual_anchor_constrained_city_daily_estimate,citywide_daily_estimate__official_annual_total_constrained__three_core_regions_supply_shape
2023-12-26,2023,13108.09978113054,80255.2,3.33533448861037,43719.89728015073,annual_anchor_constrained_city_daily_estimate,citywide_daily_estimate__official_annual_total_constrained__three_core_regions_supply_shape
2023-12-27,2023,13570.537273190486,80255.2,3.33533448861037,45262.28099624476,annual_anchor_constrained_city_daily_estimate,citywide_daily_estimate__official_annual_total_constrained__three_core_regions_supply_shape
2023-12-28,2023,13836.234861742663,80255.2,3.33533448861037,46148.47132688344,annual_anchor_constrained_city_daily_estimate,citywide_daily_estimate__official_annual_total_constrained__three_core_regions_supply_shape
2023-12-29,2023,14138.465391959808,80255.2,3.33533448861037,47156.51123782768,annual_anchor_constrained_city_daily_estimate,citywide_daily_estimate__official_annual_total_constrained__three_core_regions_supply_shape
2023-12-30,2023,32382.460355284205,80255.2,3.33533448861037,108006.33684903743,annual_anchor_constrained_city_daily_estimate,citywide_daily_estimate__official_annual_total_constrained__three_core_regions_supply_shape
2023-12-31,2023,32817.115476348976,80255.2,3.33533448861037,109456.05706497587,annual_anchor_constrained_city_daily_estimate,citywide_daily_estimate__official_annual_total_constrained__three_core_regions_supply_shape
2024-01-01,2024,48802.5954416854,89457.2,3.5204209354993155,171805.67869961273,annual_anchor_constrained_city_daily_estimate,citywide_daily_estimate__official_annual_total_constrained__three_core_regions_supply_shape
2024-01-02,2024,12511.735239597348,89457.2,3.5204209354993155,44046.57467690305,annual_anchor_constrained_city_daily_estimate,citywide_daily_estimate__official_annual_total_constrained__three_core_regions_supply_shape
2024-01-03,2024,14406.75358378076,89457.2,3.5204209354993155,50717.836928921584,annual_anchor_constrained_city_daily_estimate,citywide_daily_estimate__official_annual_total_constrained__three_core_regions_supply_shape
2024-01-04,2024,15417.29860563362,89457.2,3.5204209354993155,54275.380780117,annual_anchor_constrained_city_daily_estimate,citywide_daily_estimate__official_annual_total_constrained__three_core_regions_supply_shape
2024-01-05,2024,18129.212533096364,89457.2,3.5204209354993155,63822.45934562902,annual_anchor_constrained_city_daily_estimate,citywide_daily_estimate__official_annual_total_constrained__three_core_regions_supply_shape
2024-01-06,2024,47576.68874791806,89457.2,3.5204209354993155,167489.97110990545,annual_anchor_constrained_city_daily_estimate,citywide_daily_estimate__official_annual_total_constrained__three_core_regions_supply_shape
2024-01-07,2024,48435.823979442794,89457.2,3.5204209354993155,170514.48876539018,annual_anchor_constrained_city_daily_estimate,citywide_daily_estimate__official_annual_total_constrained__three_core_regions_supply_shape
2024-01-08,2024,18520.60938444756,89457.2,3.5204209354993155,65200.34101521429,annual_anchor_constrained_city_daily_estimate,citywide_daily_estimate__official_annual_total_constrained__three_core_regions_supply_shape
2024-01-09,2024,18692.76099389149,89457.2,3.5204209354993155,65806.38714518059,annual_anchor_constrained_city_daily_estimate,citywide_daily_estimate__official_annual_total_constrained__three_core_regions_supply_shape
2024-01-10,2024,16548.006332661913,89457.2,3.5204209354993155,58255.94793427825,annual_anchor_constrained_city_daily_estimate,citywide_daily_estimate__official_annual_total_constrained__three_core_regions_supply_shape
2024-01-11,2024,16388.93828065584,89457.2,3.5204209354993155,57695.96143382697,annual_anchor_constrained_city_daily_estimate,citywide_daily_estimate__official_annual_total_constrained__three_core_regions_supply_shape
2024-01-12,2024,15325.087861525386,89457.2,3.5204209354993155,53950.7601460804,annual_anchor_constrained_city_daily_estimate,citywide_daily_estimate__official_annual_total_constrained__three_core_regions_supply_shape
2024-01-13,2024,47731.08867389676,89457.2,3.5204209354993155,168033.5238417604,annual_anchor_constrained_city_daily_estimate,citywide_daily_estimate__official_annual_total_constrained__three_core_regions_supply_shape
2024-01-14,2024,43096.41344375812,89457.2,3.5204209354993155,151717.51613234024,annual_anchor_constrained_city_daily_estimate,citywide_daily_estimate__official_annual_total_constrained__three_core_regions_supply_shape
2024-01-15,2024,16814.5592330389,89457.2,3.5204209354993155,59194.32634518346,annual_anchor_constrained_city_daily_estimate,citywide_daily_estimate__official_annual_total_constrained__three_core_regions_supply_shape
2024-01-16,2024,17450.282519803444,89457.2,3.5204209354993155,61432.33991309379,annual_anchor_constrained_city_daily_estimate,citywide_daily_estimate__official_annual_total_constrained__three_core_regions_supply_shape
2024-01-17,2024,16643.335267466933,89457.2,3.5204209354993155,58591.54591212469,annual_anchor_constrained_city_daily_estimate,citywide_daily_estimate__official_annual_total_constrained__three_core_regions_supply_shape
2024-01-18,2024,17057.43669070311,89457.2,3.5204209354993155,60049.35723190539,annual_anchor_constrained_city_daily_estimate,citywide_daily_estimate__official_annual_total_constrained__three_core_regions_supply_shape
2024-01-19,2024,16787.110601144483,89457.2,3.5204209354993155,59097.69560681153,annual_anchor_constrained_city_daily_estimate,citywide_daily_estimate__official_annual_total_constrained__three_core_regions_supply_shape
2024-01-20,2024,40996.60606015839,89457.2,3.5204209354993155,144325.3102585997,annual_anchor_constrained_city_daily_estimate,citywide_daily_estimate__official_annual_total_constrained__three_core_regions_supply_shape
2024-01-21,2024,35631.95729880303,89457.2,3.5204209354993155,125439.4884475238,annual_anchor_constrained_city_daily_estimate,citywide_daily_estimate__official_annual_total_constrained__three_core_regions_supply_shape
2024-01-22,2024,15660.596012968435,89457.2,3.5204209354993155,55131.89006645119,annual_anchor_constrained_city_daily_estimate,citywide_daily_estimate__official_annual_total_constrained__three_core_regions_supply_shape
2024-01-23,2024,15468.297546790896,89457.2,3.5204209354993155,54454.91852025537,annual_anchor_constrained_city_daily_estimate,citywide_daily_estimate__official_annual_total_constrained__three_core_regions_supply_shape
2024-01-24,2024,17566.724414070362,89457.2,3.5204209354993155,61842.26439544025,annual_anchor_constrained_city_daily_estimate,citywide_daily_estimate__official_annual_total_constrained__three_core_regions_supply_shape
2024-01-25,2024,16734.68864919257,89457.2,3.5204209354993155,58913.14826968028,annual_anchor_constrained_city_daily_estimate,citywide_daily_estimate__official_annual_total_constrained__three_core_regions_supply_shape
2024-01-26,2024,15325.754359501265,89457.2,3.5204209354993155,53953.106499508154,annual_anchor_constrained_city_daily_estimate,citywide_daily_estimate__official_annual_total_constrained__three_core_regions_supply_shape
2024-01-27,2024,41844.30445343039,89457.2,3.5204209354993155,147309.5654292636,annual_anchor_constrained_city_daily_estimate,citywide_daily_estimate__official_annual_total_constrained__three_core_regions_supply_shape
2024-01-28,2024,41482.82513820111,89457.2,3.5204209354993155,146037.00608018046,annual_anchor_constrained_city_daily_estimate,citywide_daily_estimate__official_annual_total_constrained__three_core_regions_supply_shape
2024-01-29,2024,15687.936245446048,89457.2,3.5204209354993155,55228.139193246796,annual_anchor_constrained_city_daily_estimate,citywide_daily_estimate__official_annual_total_constrained__three_core_regions_supply_shape
2024-01-30,2024,17266.15364078927,89457.2,3.5204209354993155,60784.12875258228,annual_anchor_constrained_city_daily_estimate,citywide_daily_estimate__official_annual_total_constrained__three_core_regions_supply_shape
2024-01-31,2024,18046.66145535884,89457.2,3.5204209354993155,63531.844803313805,annual_anchor_constrained_city_daily_estimate,citywide_daily_estimate__official_annual_total_constrained__three_core_regions_supply_shape
2024-02-01,2024,16700.398470967404,89457.2,3.5204209354993155,58792.43240837441,annual_anchor_constrained_city_daily_estimate,citywide_daily_estimate__official_annual_total_constrained__three_core_regions_supply_shape
2024-02-02,2024,16247.35187346508,89457.2,3.5204209354993155,57197.51768177049,annual_anchor_constrained_city_daily_estimate,citywide_daily_estimate__official_annual_total_constrained__three_core_regions_supply_shape
2024-02-03,2024,45922.88896024448,89457.2,3.5204209354993155,161667.89971425507,annual_anchor_constrained_city_daily_estimate,citywide_daily_estimate__official_annual_total_constrained__three_core_regions_supply_shape
2024-02-04,2024,38171.33848890448,89457.2,3.5204209354993155,134379.17915237014,annual_anchor_constrained_city_daily_estimate,citywide_daily_estimate__official_annual_total_constrained__three_core_regions_supply_shape
2024-02-05,2024,18104.317791740912,89457.2,3.5204209354993155,63734.819376977444,annual_anchor_constrained_city_daily_estimate,citywide_daily_estimate__official_annual_total_constrained__three_core_regions_supply_shape
2024-02-06,2024,17858.458057739033,89457.2,3.5204209354993155,62869.28962220094,annual_anchor_constrained_city_daily_estimate,citywide_daily_estimate__official_annual_total_constrained__three_core_regions_supply_shape
2024-02-07,2024,17859.79817070937,89457.2,3.5204209354993155,62874.00738395765,annual_anchor_constrained_city_daily_estimate,citywide_daily_estimate__official_annual_total_constrained__three_core_regions_supply_shape
2024-02-08,2024,17790.78730803049,89457.2,3.5204209354993155,62631.06009820604,annual_anchor_constrained_city_daily_estimate,citywide_daily_estimate__official_annual_total_constrained__three_core_regions_supply_shape
2024-02-09,2024,16173.459768373488,89457.2,3.5204209354993155,56937.386368037936,annual_anchor_constrained_city_daily_estimate,citywide_daily_estimate__official_annual_total_constrained__three_core_regions_supply_shape
2024-02-10,2024,119629.2122008586,89457.2,3.5204209354993155,421145.18312919274,annual_anchor_constrained_city_daily_estimate,citywide_daily_estimate__official_annual_total_constrained__three_core_regions_supply_shape
2024-02-11,2024,151156.3632942289,89457.2,3.5204209354993155,532134.0258749437,annual_anchor_constrained_city_daily_estimate,citywide_daily_estimate__official_annual_total_constrained__three_core_regions_supply_shape
2024-02-12,2024,110006.55125820858,89457.2,3.5204209354993155,387269.36609147605,annual_anchor_constrained_city_daily_estimate,citywide_daily_estimate__official_annual_total_constrained__three_core_regions_supply_shape
2024-02-13,2024,116670.66228045269,89457.2,3.5204209354993155,410729.84205067594,annual_anchor_constrained_city_daily_estimate,citywide_daily_estimate__official_annual_total_constrained__three_core_regions_supply_shape
2024-02-14,2024,115550.1203961031,89457.2,3.5204209354993155,406785.0629419078,annual_anchor_constrained_city_daily_estimate,citywide_daily_estimate__official_annual_total_constrained__three_core_regions_supply_shape
2024-02-15,2024,112443.32705542356,89457.2,3.5204209354993155,395847.8426231097,annual_anchor_constrained_city_daily_estimate,citywide_daily_estimate__official_annual_total_constrained__three_core_regions_supply_shape
2024-02-16,2024,134025.4372604377,89457.2,3.5204209354993155,471825.9552210949,annual_anchor_constrained_city_daily_estimate,citywide_daily_estimate__official_annual_total_constrained__three_core_regions_supply_shape
2024-02-17,2024,211814.09554022033,89457.2,3.5204209354993155,745674.7763736438,annual_anchor_constrained_city_daily_estimate,citywide_daily_estimate__official_annual_total_constrained__three_core_regions_supply_shape
2024-02-18,2024,51193.24331934888,89457.2,3.5204209354993155,180221.76553754628,annual_anchor_constrained_city_daily_estimate,citywide_daily_estimate__official_annual_total_constrained__three_core_regions_supply_shape
2024-02-19,2024,20649.225265916837,89457.2,3.5204209354993155,72693.96492797506,annual_anchor_constrained_city_daily_estimate,citywide_daily_estimate__official_annual_total_constrained__three_core_regions_supply_shape
2024-02-20,2024,18238.432350138315,89457.2,3.5204209354993155,64206.95907611491,annual_anchor_constrained_city_daily_estimate,citywide_daily_estimate__official_annual_total_constrained__three_core_regions_supply_shape
2024-02-21,2024,18013.998563840254,89457.2,3.5204209354993155,63416.85767619783,annual_anchor_constrained_city_daily_estimate,citywide_daily_estimate__official_annual_total_constrained__three_core_regions_supply_shape
2024-02-22,2024,17069.402232009958,89457.2,3.5204209354993155,60091.4809740266,annual_anchor_constrained_city_daily_estimate,citywide_daily_estimate__official_annual_total_constrained__three_core_regions_supply_shape
2024-02-23,2024,18188.038902651027,89457.2,3.5204209354993155,64029.55292856867,annual_anchor_constrained_city_daily_estimate,citywide_daily_estimate__official_annual_total_constrained__three_core_regions_supply_shape
2024-02-24,2024,41373.477850687865,89457.2,3.5204209354993155,145652.05759997878,annual_anchor_constrained_city_daily_estimate,citywide_daily_estimate__official_annual_total_constrained__three_core_regions_supply_shape
2024-02-25,2024,46728.90599481053,89457.2,3.5204209354993155,164505.41895711044,annual_anchor_constrained_city_daily_estimate,citywide_daily_estimate__official_annual_total_constrained__three_core_regions_supply_shape
2024-02-26,2024,16337.979934645104,89457.2,3.5204209354993155,57516.56660569236,annual_anchor_constrained_city_daily_estimate,citywide_daily_estimate__official_annual_total_constrained__three_core_regions_supply_shape
2024-02-27,2024,18358.216628361508,89457.2,3.5204209354993155,64628.65015691551,annual_anchor_constrained_city_daily_estimate,citywide_daily_estimate__official_annual_total_constrained__three_core_regions_supply_shape
2024-02-28,2024,18348.13765516193,89457.2,3.5204209354993155,64593.16792865537,annual_anchor_constrained_city_daily_estimate,citywide_daily_estimate__official_annual_total_constrained__three_core_regions_supply_shape
2024-02-29,2024,15296.033724094266,89457.2,3.5204209354993155,53848.47735240502,annual_anchor_constrained_city_daily_estimate,citywide_daily_estimate__official_annual_total_constrained__three_core_regions_supply_shape
2024-03-01,2024,16147.652251245658,89457.2,3.5204209354993155,56846.53304444787,annual_anchor_constrained_city_daily_estimate,citywide_daily_estimate__official_annual_total_constrained__three_core_regions_supply_shape
2024-03-02,2024,44468.91670356208,89457.2,3.5204209354993155,156549.30534219515,annual_anchor_constrained_city_daily_estimate,citywide_daily_estimate__official_annual_total_constrained__three_core_regions_supply_shape
2024-03-03,2024,34429.31622127,89457.2,3.5204209354993155,121205.68562028508,annual_anchor_constrained_city_daily_estimate,citywide_daily_estimate__official_annual_total_constrained__three_core_regions_supply_shape
2024-03-04,2024,15755.241313948827,89457.2,3.5204209354993155,55465.081365469196,annual_anchor_constrained_city_daily_estimate,citywide_daily_estimate__official_annual_total_constrained__three_core_regions_supply_shape
2024-03-05,2024,17854.077590401903,89457.2,3.5204209354993155,62853.86853328003,annual_anchor_constrained_city_daily_estimate,citywide_daily_estimate__official_annual_total_constrained__three_core_regions_supply_shape
2024-03-06,2024,17899.626361936695,89457.2,3.5204209354993155,63014.21938217738,annual_anchor_constrained_city_daily_estimate,citywide_daily_estimate__official_annual_total_constrained__three_core_regions_supply_shape
2024-03-07,2024,16312.525262789177,89457.2,3.5204209354993155,57426.95544598449,annual_anchor_constrained_city_daily_estimate,citywide_daily_estimate__official_annual_total_constrained__three_core_regions_supply_shape
2024-03-08,2024,17613.459327048608,89457.2,3.5204209354993155,62006.7909615076,annual_anchor_constrained_city_daily_estimate,citywide_daily_estimate__official_annual_total_constrained__three_core_regions_supply_shape
2024-03-09,2024,41750.39158564034,89457.2,3.5204209354993155,146978.95260338273,annual_anchor_constrained_city_daily_estimate,citywide_daily_estimate__official_annual_total_constrained__three_core_regions_supply_shape
2024-03-10,2024,35785.19709284083,89457.2,3.5204209354993155,125978.95702660609,annual_anchor_constrained_city_daily_estimate,citywide_daily_estimate__official_annual_total_constrained__three_core_regions_supply_shape
2024-03-11,2024,16106.936476712091,89457.2,3.5204209354993155,56703.19637937483,annual_anchor_constrained_city_daily_estimate,citywide_daily_estimate__official_annual_total_constrained__three_core_regions_supply_shape
2024-03-12,2024,17706.137388573636,89457.2,3.5204209354993155,62333.0567495618,annual_anchor_constrained_city_daily_estimate,citywide_daily_estimate__official_annual_total_constrained__three_core_regions_supply_shape
2024-03-13,2024,17317.60609961528,89457.2,3.5204209354993155,60965.26306581628,annual_anchor_constrained_city_daily_estimate,citywide_daily_estimate__official_annual_total_constrained__three_core_regions_supply_shape
2024-03-14,2024,19282.710604176846,89457.2,3.5204209354993155,67883.25810411882,annual_anchor_constrained_city_daily_estimate,citywide_daily_estimate__official_annual_total_constrained__three_core_regions_supply_shape
2024-03-15,2024,24777.770998969474,89457.2,3.5204209354993155,87228.18375977992,annual_anchor_constrained_city_daily_estimate,citywide_daily_estimate__official_annual_total_constrained__three_core_regions_supply_shape
2024-03-16,2024,47471.29887532561,89457.2,3.5204209354993155,167118.95439604137,annual_anchor_constrained_city_daily_estimate,citywide_daily_estimate__official_annual_total_constrained__three_core_regions_supply_shape
2024-03-17,2024,40475.55449536265,89457.2,3.5204209354993155,142490.9894214181,annual_anchor_constrained_city_daily_estimate,citywide_daily_estimate__official_annual_total_constrained__three_core_regions_supply_shape
2024-03-18,2024,16708.911088616052,89457.2,3.5204209354993155,58822.40040576061,annual_anchor_constrained_city_daily_estimate,citywide_daily_estimate__official_annual_total_constrained__three_core_regions_supply_shape
2024-03-19,2024,18783.908360706107,89457.2,3.5204209354993155,66127.26424353042,annual_anchor_constrained_city_daily_estimate,citywide_daily_estimate__official_annual_total_constrained__three_core_regions_supply_shape
2024-03-20,2024,18463.40285998797,89457.2,3.5204209354993155,64998.94996885959,annual_anchor_constrained_city_daily_estimate,citywide_daily_estimate__official_annual_total_constrained__three_core_regions_supply_shape
2024-03-21,2024,17830.146005092265,89457.2,3.5204209354993155,62769.61927933629,annual_anchor_constrained_city_daily_estimate,citywide_daily_estimate__official_annual_total_constrained__three_core_regions_supply_shape
2024-03-22,2024,17948.160960522087,89457.2,3.5204209354993155,63185.08159913346,annual_anchor_constrained_city_daily_estimate,citywide_daily_estimate__official_annual_total_constrained__three_core_regions_supply_shape
2024-03-23,2024,68668.46570897436,89457.2,3.5204209354993155,241741.90429049017,annual_anchor_constrained_city_daily_estimate,citywide_daily_estimate__official_annual_total_constrained__three_core_regions_supply_shape
2024-03-24,2024,58291.14683508082,89457.2,3.5204209354993155,205209.3736724832,annual_anchor_constrained_city_daily_estimate,citywide_daily_estimate__official_annual_total_constrained__three_core_regions_supply_shape
2024-03-25,2024,33448.981531267316,89457.2,3.5204209354993155,117754.49485380341,annual_anchor_constrained_city_daily_estimate,citywide_daily_estimate__official_annual_total_constrained__three_core_regions_supply_shape
2024-03-26,2024,36020.74337573891,89457.2,3.5204209354993155,126808.17909219954,annual_anchor_constrained_city_daily_estimate,citywide_daily_estimate__official_annual_total_constrained__three_core_regions_supply_shape
2024-03-27,2024,38943.35044038069,89457.2,3.5204209354993155,137096.98618880266,annual_anchor_constrained_city_daily_estimate,citywide_daily_estimate__official_annual_total_constrained__three_core_regions_supply_shape
2024-03-28,2024,35146.10888732012,89457.2,3.5204209354993155,123729.0975282603,annual_anchor_constrained_city_daily_estimate,citywide_daily_estimate__official_annual_total_constrained__three_core_regions_supply_shape
2024-03-29,2024,32943.82172526056,89457.2,3.5204209354993155,115976.11969696445,annual_anchor_constrained_city_daily_estimate,citywide_daily_estimate__official_annual_total_constrained__three_core_regions_supply_shape
2024-03-30,2024,67377.38869934437,89457.2,3.5204209354993155,237196.7697564469,annual_anchor_constrained_city_daily_estimate,citywide_daily_estimate__official_annual_total_constrained__three_core_regions_supply_shape
2024-03-31,2024,68429.50756557327,89457.2,3.5204209354993155,240900.67103975292,annual_anchor_constrained_city_daily_estimate,citywide_daily_estimate__official_annual_total_constrained__three_core_regions_supply_shape
2024-04-01,2024,17908.26607642153,89457.2,3.5204209354993155,63044.63481392653,annual_anchor_constrained_city_daily_estimate,citywide_daily_estimate__official_annual_total_constrained__three_core_regions_supply_shape
2024-04-02,2024,34809.69338807165,89457.2,3.5204209354993155,122544.77336167954,annual_anchor_constrained_city_daily_estimate,citywide_daily_estimate__official_annual_total_constrained__three_core_regions_supply_shape
2024-04-03,2024,37769.71527153808,89457.2,3.5204209354993155,132965.29636977086,annual_anchor_constrained_city_daily_estimate,citywide_daily_estimate__official_annual_total_constrained__three_core_regions_supply_shape
2024-04-04,2024,173887.6356495915,89457.2,3.5204209354993155,612157.6729652991,annual_anchor_constrained_city_daily_estimate,citywide_daily_estimate__official_annual_total_constrained__three_core_regions_supply_shape
2024-04-05,2024,126612.02190848731,89457.2,3.5204209354993155,445727.6126125367,annual_anchor_constrained_city_daily_estimate,citywide_daily_estimate__official_annual_total_constrained__three_core_regions_supply_shape
2024-04-06,2024,236709.53285696777,89457.2,3.5204209354993155,833317.1951019324,annual_anchor_constrained_city_daily_estimate,citywide_daily_estimate__official_annual_total_constrained__three_core_regions_supply_shape
2024-04-07,2024,59401.2737205114,89457.2,3.5204209354993155,209117.48760101365,annual_anchor_constrained_city_daily_estimate,citywide_daily_estimate__official_annual_total_constrained__three_core_regions_supply_shape
2024-04-08,2024,34901.02420014341,89457.2,3.5204209354993155,122866.29626455311,annual_anchor_constrained_city_daily_estimate,citywide_daily_estimate__official_annual_total_constrained__three_core_regions_supply_shape
2024-04-09,2024,20166.661980811234,89457.2,3.5204209354993155,70995.13903638597,annual_anchor_constrained_city_daily_estimate,citywide_daily_estimate__official_annual_total_constrained__three_core_regions_supply_shape
2024-04-10,2024,30211.534060076552,89457.2,3.5204209354993155,106357.31699864412,annual_anchor_constrained_city_daily_estimate,citywide_daily_estimate__official_annual_total_constrained__three_core_regions_supply_shape
2024-04-11,2024,36122.22293694123,89457.2,3.5204209354993155,127165.42986398148,annual_anchor_constrained_city_daily_estimate,citywide_daily_estimate__official_annual_total_constrained__three_core_regions_supply_shape
2024-04-12,2024,23558.73004370228,89457.2,3.5204209354993155,82936.64645962621,annual_anchor_constrained_city_daily_estimate,citywide_daily_estimate__official_annual_total_constrained__three_core_regions_supply_shape
2024-04-13,2024,60367.581640385295,89457.2,3.5204209354993155,212519.2982322765,annual_anchor_constrained_city_daily_estimate,citywide_daily_estimate__official_annual_total_constrained__three_core_regions_supply_shape
2024-04-14,2024,52438.99072760492,89457.2,3.5204209354993155,184607.32079391484,annual_anchor_constrained_city_daily_estimate,citywide_daily_estimate__official_annual_total_constrained__three_core_regions_supply_shape
2024-04-15,2024,63427.770177777566,89457.2,3.5204209354993155,223292.4500258873,annual_anchor_constrained_city_daily_estimate,citywide_daily_estimate__official_annual_total_constrained__three_core_regions_supply_shape
2024-04-16,2024,73552.18511415787,89457.2,3.5204209354993155,258934.65232760247,annual_anchor_constrained_city_daily_estimate,citywide_daily_estimate__official_annual_total_constrained__three_core_regions_supply_shape
2024-04-17,2024,59871.85801078446,89457.2,3.5204209354993155,210774.142388408,annual_anchor_constrained_city_daily_estimate,citywide_daily_estimate__official_annual_total_constrained__three_core_regions_supply_shape
2024-04-18,2024,48078.21598168758,89457.2,3.5204209354993155,169255.55808339073,annual_anchor_constrained_city_daily_estimate,citywide_daily_estimate__official_annual_total_constrained__three_core_regions_supply_shape
2024-04-19,2024,38508.17208875329,89457.2,3.5204209354993155,135564.97520905748,annual_anchor_constrained_city_daily_estimate,citywide_daily_estimate__official_annual_total_constrained__three_core_regions_supply_shape
2024-04-20,2024,85401.28489658835,89457.2,3.5204209354993155,300648.4712684911,annual_anchor_constrained_city_daily_estimate,citywide_daily_estimate__official_annual_total_constrained__three_core_regions_supply_shape
2024-04-21,2024,70227.92650857005,89457.2,3.5204209354993155,247231.86273747735,annual_anchor_constrained_city_daily_estimate,citywide_daily_estimate__official_annual_total_constrained__three_core_regions_supply_shape
2024-04-22,2024,34089.1618028988,89457.2,3.5204209354993155,120008.19888454853,annual_anchor_constrained_city_daily_estimate,citywide_daily_estimate__official_annual_total_constrained__three_core_regions_supply_shape
2024-04-23,2024,14005.365698353662,89457.2,3.5204209354993155,49304.782613808224,annual_anchor_constrained_city_daily_estimate,citywide_daily_estimate__official_annual_total_constrained__three_core_regions_supply_shape
2024-04-24,2024,45705.99836290997,89457.2,3.5204209354993155,160904.3535146857,annual_anchor_constrained_city_daily_estimate,citywide_daily_estimate__official_annual_total_constrained__three_core_regions_supply_shape
2024-04-25,2024,31172.060167726388,89457.2,3.5204209354993155,109738.77321710828,annual_anchor_constrained_city_daily_estimate,citywide_daily_estimate__official_annual_total_constrained__three_core_regions_supply_shape
2024-04-26,2024,36805.78865588437,89457.2,3.5204209354993155,129571.86893173854,annual_anchor_constrained_city_daily_estimate,citywide_daily_estimate__official_annual_total_constrained__three_core_regions_supply_shape
2024-04-27,2024,80500.86753728209,89457.2,3.5204209354993155,283396.93940410507,annual_anchor_constrained_city_daily_estimate,citywide_daily_estimate__official_annual_total_constrained__three_core_regions_supply_shape
2024-04-28,2024,95356.7378421913,89457.2,3.5204209354993155,335695.8562405701,annual_anchor_constrained_city_daily_estimate,citywide_daily_estimate__official_annual_total_constrained__three_core_regions_supply_shape
2024-04-29,2024,51762.66285800461,89457.2,3.5204209354993155,182226.36200251227,annual_anchor_constrained_city_daily_estimate,citywide_daily_estimate__official_annual_total_constrained__three_core_regions_supply_shape
2024-04-30,2024,40593.97619843557,89457.2,3.5204209354993155,142907.8836641335,annual_anchor_constrained_city_daily_estimate,citywide_daily_estimate__official_annual_total_constrained__three_core_regions_supply_shape
2024-05-01,2024,256302.06312102044,89457.2,3.5204209354993155,902291.1488229074,annual_anchor_constrained_city_daily_estimate,citywide_daily_estimate__official_annual_total_constrained__three_core_regions_supply_shape
2024-05-02,2024,287067.16130197817,89457.2,3.5204209354993155,1010597.2445418428,annual_anchor_constrained_city_daily_estimate,citywide_daily_estimate__official_annual_total_constrained__three_core_regions_supply_shape
2024-05-03,2024,256547.398426892,89457.2,3.5204209354993155,903154.8323699147,annual_anchor_constrained_city_daily_estimate,citywide_daily_estimate__official_annual_total_constrained__three_core_regions_supply_shape
2024-05-04,2024,334611.95717941405,89457.2,3.5204209354993155,1177974.9393228097,annual_anchor_constrained_city_daily_estimate,citywide_daily_estimate__official_annual_total_constrained__three_core_regions_supply_shape
2024-05-05,2024,262337.52605730586,89457.2,3.5204209354993155,923538.5188992367,annual_anchor_constrained_city_daily_estimate,citywide_daily_estimate__official_annual_total_constrained__three_core_regions_supply_shape
2024-05-06,2024,35040.65231377726,89457.2,3.5204209354993155,123357.845998974,annual_anchor_constrained_city_daily_estimate,citywide_daily_estimate__official_annual_total_constrained__three_core_regions_supply_shape
2024-05-07,2024,43119.408565800186,89457.2,3.5204209354993155,151798.4686413915,annual_anchor_constrained_city_daily_estimate,citywide_daily_estimate__official_annual_total_constrained__three_core_regions_supply_shape
2024-05-08,2024,28876.52897714372,89457.2,3.5204209354993155,101657.53715568938,annual_anchor_constrained_city_daily_estimate,citywide_daily_estimate__official_annual_total_constrained__three_core_regions_supply_shape
2024-05-09,2024,24286.9929653731,89457.2,3.5204209354993155,85500.43849562407,annual_anchor_constrained_city_daily_estimate,citywide_daily_estimate__official_annual_total_constrained__three_core_regions_supply_shape
2024-05-10,2024,26840.71529412044,89457.2,3.5204209354993155,94490.61604519826,annual_anchor_constrained_city_daily_estimate,citywide_daily_estimate__official_annual_total_constrained__three_core_regions_supply_shape
2024-05-11,2024,72792.43766059211,89457.2,3.5204209354993155,256260.02148637729,annual_anchor_constrained_city_daily_estimate,citywide_daily_estimate__official_annual_total_constrained__three_core_regions_supply_shape
2024-05-12,2024,71004.80611068929,89457.2,3.5204209354993155,249966.80595314028,annual_anchor_constrained_city_daily_estimate,citywide_daily_estimate__official_annual_total_constrained__three_core_regions_supply_shape
2024-05-13,2024,26921.879760428186,89457.2,3.5204209354993155,94776.34913160668,annual_anchor_constrained_city_daily_estimate,citywide_daily_estimate__official_annual_total_constrained__three_core_regions_supply_shape
2024-05-14,2024,34882.902363072644,89457.2,3.5204209354993155,122802.49976993947,annual_anchor_constrained_city_daily_estimate,citywide_daily_estimate__official_annual_total_constrained__three_core_regions_supply_shape
2024-05-15,2024,29260.633020550085,89457.2,3.5204209354993155,103009.74507150709,annual_anchor_constrained_city_daily_estimate,citywide_daily_estimate__official_annual_total_constrained__three_core_regions_supply_shape
2024-05-16,2024,36906.532845302296,89457.2,3.5204209354993155,129926.53088529532,annual_anchor_constrained_city_daily_estimate,citywide_daily_estimate__official_annual_total_constrained__three_core_regions_supply_shape
2024-05-17,2024,34641.99524702879,89457.2,3.5204209354993155,121954.40531510793,annual_anchor_constrained_city_daily_estimate,citywide_daily_estimate__official_annual_total_constrained__three_core_regions_supply_shape
2024-05-18,2024,77873.99212108781,89457.2,3.5204209354993155,274149.23219398624,annual_anchor_constrained_city_daily_estimate,citywide_daily_estimate__official_annual_total_constrained__three_core_regions_supply_shape
2024-05-19,2024,45700.08850386765,89457.2,3.5204209354993155,160883.54832318725,annual_anchor_constrained_city_daily_estimate,citywide_daily_estimate__official_annual_total_constrained__three_core_regions_supply_shape
2024-05-20,2024,32116.95409204613,89457.2,3.5204209354993155,113065.19757010961,annual_anchor_constrained_city_daily_estimate,citywide_daily_estimate__official_annual_total_constrained__three_core_regions_supply_shape
2024-05-21,2024,30502.648443015332,89457.2,3.5204209354993155,107382.16216696678,annual_anchor_constrained_city_daily_estimate,citywide_daily_estimate__official_annual_total_constrained__three_core_regions_supply_shape
2024-05-22,2024,30342.047789045748,89457.2,3.5204209354993155,106816.78026247736,annual_anchor_constrained_city_daily_estimate,citywide_daily_estimate__official_annual_total_constrained__three_core_regions_supply_shape
2024-05-23,2024,27757.193564531222,89457.2,3.5204209354993155,97717.00533528258,annual_anchor_constrained_city_daily_estimate,citywide_daily_estimate__official_annual_total_constrained__three_core_regions_supply_shape
2024-05-24,2024,39048.514042360606,89457.2,3.5204209354993155,137467.20633486527,annual_anchor_constrained_city_daily_estimate,citywide_daily_estimate__official_annual_total_constrained__three_core_regions_supply_shape
2024-05-25,2024,64948.051134320405,89457.2,3.5204209354993155,228644.47893314163,annual_anchor_constrained_city_daily_estimate,citywide_daily_estimate__official_annual_total_constrained__three_core_regions_supply_shape
2024-05-26,2024,77674.75956881102,89457.2,3.5204209354993155,273447.84974591807,annual_anchor_constrained_city_daily_estimate,citywide_daily_estimate__official_annual_total_constrained__three_core_regions_supply_shape
2024-05-27,2024,32120.799812014306,89457.2,3.5204209354993155,113078.73612319764,annual_anchor_constrained_city_daily_estimate,citywide_daily_estimate__official_annual_total_constrained__three_core_regions_supply_shape
2024-05-28,2024,37745.2624576003,89457.2,3.5204209354993155,132879.21217165244,annual_anchor_constrained_city_daily_estimate,citywide_daily_estimate__official_annual_total_constrained__three_core_regions_supply_shape
2024-05-29,2024,36692.30480908153,89457.2,3.5204209354993155,129172.35802161282,annual_anchor_constrained_city_daily_estimate,citywide_daily_estimate__official_annual_total_constrained__three_core_regions_supply_shape
2024-05-30,2024,34962.73748342349,89457.2,3.5204209354993155,123083.55299901069,annual_anchor_constrained_city_daily_estimate,citywide_daily_estimate__official_annual_total_constrained__three_core_regions_supply_shape
2024-05-31,2024,40180.62982161316,89457.2,3.5204209354993155,141452.7304255551,annual_anchor_constrained_city_daily_estimate,citywide_daily_estimate__official_annual_total_constrained__three_core_regions_supply_shape
2024-06-01,2024,82763.35666225557,89457.2,3.5204209354993155,291361.85348600126,annual_anchor_constrained_city_daily_estimate,citywide_daily_estimate__official_annual_total_constrained__three_core_regions_supply_shape
2024-06-02,2024,61877.122796413736,89457.2,3.5204209354993155,217833.51852095686,annual_anchor_constrained_city_daily_estimate,citywide_daily_estimate__official_annual_total_constrained__three_core_regions_supply_shape
2024-06-03,2024,33565.326803866454,89457.2,3.5204209354993155,118164.07918720778,annual_anchor_constrained_city_daily_estimate,citywide_daily_estimate__official_annual_total_constrained__three_core_regions_supply_shape
2024-06-04,2024,39848.57633005908,89457.2,3.5204209354993155,140283.76236218246,annual_anchor_constrained_city_daily_estimate,citywide_daily_estimate__official_annual_total_constrained__three_core_regions_supply_shape
2024-06-05,2024,43865.89452271785,89457.2,3.5204209354993155,154426.41343218068,annual_anchor_constrained_city_daily_estimate,citywide_daily_estimate__official_annual_total_constrained__three_core_regions_supply_shape
2024-06-06,2024,38234.053031489115,89457.2,3.5204209354993155,134599.96074104536,annual_anchor_constrained_city_daily_estimate,citywide_daily_estimate__official_annual_total_constrained__three_core_regions_supply_shape
2024-06-07,2024,36450.69704277995,89457.2,3.5204209354993155,128321.79698294554,annual_anchor_constrained_city_daily_estimate,citywide_daily_estimate__official_annual_total_constrained__three_core_regions_supply_shape
2024-06-08,2024,104197.74745059604,89457.2,3.5204209354993155,366819.93155694875,annual_anchor_constrained_city_daily_estimate,citywide_daily_estimate__official_annual_total_constrained__three_core_regions_supply_shape
2024-06-09,2024,111846.94746208026,89457.2,3.5204209354993155,393748.3354171994,annual_anchor_constrained_city_daily_estimate,citywide_daily_estimate__official_annual_total_constrained__three_core_regions_supply_shape
2024-06-10,2024,159997.95801952924,89457.2,3.5204209354993155,563260.1610490914,annual_anchor_constrained_city_daily_estimate,citywide_daily_estimate__official_annual_total_constrained__three_core_regions_supply_shape
2024-06-11,2024,40522.71072643572,89457.2,3.5204209354993155,142656.99920452698,annual_anchor_constrained_city_daily_estimate,citywide_daily_estimate__official_annual_total_constrained__three_core_regions_supply_shape
2024-06-12,2024,43840.88768340167,89457.2,3.5204209354993155,154338.37883152132,annual_anchor_constrained_city_daily_estimate,citywide_daily_estimate__official_annual_total_constrained__three_core_regions_supply_shape
2024-06-13,2024,40259.57319356146,89457.2,3.5204209354993155,141730.6443248808,annual_anchor_constrained_city_daily_estimate,citywide_daily_estimate__official_annual_total_constrained__three_core_regions_supply_shape
2024-06-14,2024,46201.67579250464,89457.2,3.5204209354993155,162649.34671508527,annual_anchor_constrained_city_daily_estimate,citywide_daily_estimate__official_annual_total_constrained__three_core_regions_supply_shape
2024-06-15,2024,121784.11798933774,89457.2,3.5204209354993155,428731.35858098336,annual_anchor_constrained_city_daily_estimate,citywide_daily_estimate__official_annual_total_constrained__three_core_regions_supply_shape
2024-06-16,2024,101200.39468912117,89457.2,3.5204209354993155,356267.9881443759,annual_anchor_constrained_city_daily_estimate,citywide_daily_estimate__official_annual_total_constrained__three_core_regions_supply_shape
2024-06-17,2024,40898.813423813786,89457.2,3.5204209354993155,143981.0390142745,annual_anchor_constrained_city_daily_estimate,citywide_daily_estimate__official_annual_total_constrained__three_core_regions_supply_shape
2024-06-18,2024,50977.492590604976,89457.2,3.5204209354993155,179462.232155227,annual_anchor_constrained_city_daily_estimate,citywide_daily_estimate__official_annual_total_constrained__three_core_regions_supply_shape
2024-06-19,2024,50388.19618189893,89457.2,3.5204209354993155,177387.66074080367,annual_anchor_constrained_city_daily_estimate,citywide_daily_estimate__official_annual_total_constrained__three_core_regions_supply_shape
2024-06-20,2024,51498.22916694042,89457.2,3.5204209354993155,181295.44410043853,annual_anchor_constrained_city_daily_estimate,citywide_daily_estimate__official_annual_total_constrained__three_core_regions_supply_shape
2024-06-21,2024,45037.21569724153,89457.2,3.5204209354993155,158549.9570171675,annual_anchor_constrained_city_daily_estimate,citywide_daily_estimate__official_annual_total_constrained__three_core_regions_supply_shape
2024-06-22,2024,122357.52422296708,89457.2,3.5204209354993155,430749.98989039793,annual_anchor_constrained_city_daily_estimate,citywide_daily_estimate__official_annual_total_constrained__three_core_regions_supply_shape
2024-06-23,2024,110166.98605908804,89457.2,3.5204209354993155,387834.1641232748,annual_anchor_constrained_city_daily_estimate,citywide_daily_estimate__official_annual_total_constrained__three_core_regions_supply_shape
2024-06-24,2024,46432.74663932549,89457.2,3.5204209354993155,163462.81336181692,annual_anchor_constrained_city_daily_estimate,citywide_daily_estimate__official_annual_total_constrained__three_core_regions_supply_shape
2024-06-25,2024,67827.00582966846,89457.2,3.5204209354993155,238779.61131499897,annual_anchor_constrained_city_daily_estimate,citywide_daily_estimate__official_annual_total_constrained__three_core_regions_supply_shape
2024-06-26,2024,54040.773108459674,89457.2,3.5204209354993155,190246.26902158986,annual_anchor_constrained_city_daily_estimate,citywide_daily_estimate__official_annual_total_constrained__three_core_regions_supply_shape
2024-06-27,2024,60597.06463735098,89457.2,3.5204209354993155,213327.17497913563,annual_anchor_constrained_city_daily_estimate,citywide_daily_estimate__official_annual_total_constrained__three_core_regions_supply_shape
2024-06-28,2024,67289.32171418413,89457.2,3.5204209354993155,236886.7368981625,annual_anchor_constrained_city_daily_estimate,citywide_daily_estimate__official_annual_total_constrained__three_core_regions_supply_shape
2024-06-29,2024,136244.84379509868,89457.2,3.5204209354993155,479639.2004500994,annual_anchor_constrained_city_daily_estimate,citywide_daily_estimate__official_annual_total_constrained__three_core_regions_supply_shape
2024-06-30,2024,102161.86255857153,89457.2,3.5204209354993155,359652.7597607989,annual_anchor_constrained_city_daily_estimate,citywide_daily_estimate__official_annual_total_constrained__three_core_regions_supply_shape
2024-07-01,2024,46078.798728936,89457.2,3.5204209354993155,162216.76772800554,annual_anchor_constrained_city_daily_estimate,citywide_daily_estimate__official_annual_total_constrained__three_core_regions_supply_shape
2024-07-02,2024,45646.85391597086,89457.2,3.5204209354993155,160696.1401654627,annual_anchor_constrained_city_daily_estimate,citywide_daily_estimate__official_annual_total_constrained__three_core_regions_supply_shape
2024-07-03,2024,91119.29985818917,89457.2,3.5204209354993155,320778.29084880895,annual_anchor_constrained_city_daily_estimate,citywide_daily_estimate__official_annual_total_constrained__three_core_regions_supply_shape
2024-07-04,2024,100857.16193458103,89457.2,3.5204209354993155,355059.6643695437,annual_anchor_constrained_city_daily_estimate,citywide_daily_estimate__official_annual_total_constrained__three_core_regions_supply_shape
2024-07-05,2024,105932.29494725994,89457.2,3.5204209354993155,372926.26887782227,annual_anchor_constrained_city_daily_estimate,citywide_daily_estimate__official_annual_total_constrained__three_core_regions_supply_shape
2024-07-06,2024,191811.22570733645,89457.2,3.5204209354993155,675256.2546438917,annual_anchor_constrained_city_daily_estimate,citywide_daily_estimate__official_annual_total_constrained__three_core_regions_supply_shape
2024-07-07,2024,205964.4727993928,89457.2,3.5204209354993155,725081.6420120617,annual_anchor_constrained_city_daily_estimate,citywide_daily_estimate__official_annual_total_constrained__three_core_regions_supply_shape
2024-07-08,2024,81076.81354508972,89457.2,3.5204209354993155,285424.5117877083,annual_anchor_constrained_city_daily_estimate,citywide_daily_estimate__official_annual_total_constrained__three_core_regions_supply_shape
2024-07-09,2024,120857.22817717929,89457.2,3.5204209354993155,425468.31628135976,annual_anchor_constrained_city_daily_estimate,citywide_daily_estimate__official_annual_total_constrained__three_core_regions_supply_shape
2024-07-10,2024,111741.90759088637,89457.2,3.5204209354993155,393378.55085558625,annual_anchor_constrained_city_daily_estimate,citywide_daily_estimate__official_annual_total_constrained__three_core_regions_supply_shape
2024-07-11,2024,113342.83406986341,89457.2,3.5204209354993155,399014.4859483722,annual_anchor_constrained_city_daily_estimate,citywide_daily_estimate__official_annual_total_constrained__three_core_regions_supply_shape
2024-07-12,2024,123825.21659050477,89457.2,3.5204209354993155,435916.88482795015,annual_anchor_constrained_city_daily_estimate,citywide_daily_estimate__official_annual_total_constrained__three_core_regions_supply_shape
2024-07-13,2024,213452.30753082444,89457.2,3.5204209354993155,751441.9721621525,annual_anchor_constrained_city_daily_estimate,citywide_daily_estimate__official_annual_total_constrained__three_core_regions_supply_shape
2024-07-14,2024,222351.93870858703,89457.2,3.5204209354993155,782772.4200785704,annual_anchor_constrained_city_daily_estimate,citywide_daily_estimate__official_annual_total_constrained__three_core_regions_supply_shape
2024-07-15,2024,120691.15174033167,89457.2,3.5204209354993155,424883.65731618827,annual_anchor_constrained_city_daily_estimate,citywide_daily_estimate__official_annual_total_constrained__three_core_regions_supply_shape
2024-07-16,2024,128685.59276957734,89457.2,3.5204209354993155,453027.45488315943,annual_anchor_constrained_city_daily_estimate,citywide_daily_estimate__official_annual_total_constrained__three_core_regions_supply_shape
2024-07-17,2024,138151.2613332091,89457.2,3.5204209354993155,486350.5926630664,annual_anchor_constrained_city_daily_estimate,citywide_daily_estimate__official_annual_total_constrained__three_core_regions_supply_shape
2024-07-18,2024,156773.28237164166,89457.2,3.5204209354993155,551907.9453880731,annual_anchor_constrained_city_daily_estimate,citywide_daily_estimate__official_annual_total_constrained__three_core_regions_supply_shape
2024-07-19,2024,187215.69976935713,89457.2,3.5204209354993155,659078.0689221992,annual_anchor_constrained_city_daily_estimate,citywide_daily_estimate__official_annual_total_constrained__three_core_regions_supply_shape
2024-07-20,2024,308735.15166394156,89457.2,3.5204209354993155,1086877.6914422961,annual_anchor_constrained_city_daily_estimate,citywide_daily_estimate__official_annual_total_constrained__three_core_regions_supply_shape
2024-07-21,2024,292399.74464869057,89457.2,3.5204209354993155,1029370.1825959042,annual_anchor_constrained_city_daily_estimate,citywide_daily_estimate__official_annual_total_constrained__three_core_regions_supply_shape
2024-07-22,2024,173945.38311906048,89457.2,3.5204209354993155,612360.9683657897,annual_anchor_constrained_city_daily_estimate,citywide_daily_estimate__official_annual_total_constrained__three_core_regions_supply_shape
2024-07-23,2024,218847.1658731542,89457.2,3.5204209354993155,770434.1444145434,annual_anchor_constrained_city_daily_estimate,citywide_daily_estimate__official_annual_total_constrained__three_core_regions_supply_shape
2024-07-24,2024,157105.5379431036,89457.2,3.5204209354993155,553077.624857784,annual_anchor_constrained_city_daily_estimate,citywide_daily_estimate__official_annual_total_constrained__three_core_regions_supply_shape
2024-07-25,2024,134124.4587182289,89457.2,3.5204209354993155,472174.5524341667,annual_anchor_constrained_city_daily_estimate,citywide_daily_estimate__official_annual_total_constrained__three_core_regions_supply_shape
2024-07-26,2024,50114.415420284255,89457.2,3.5204209354993155,176423.83721587842,annual_anchor_constrained_city_daily_estimate,citywide_daily_estimate__official_annual_total_constrained__three_core_regions_supply_shape
2024-07-27,2024,293381.77654433216,89457.2,3.5204209354993155,1032827.348240649,annual_anchor_constrained_city_daily_estimate,citywide_daily_estimate__official_annual_total_constrained__three_core_regions_supply_shape
2024-07-28,2024,252685.40431133768,89457.2,3.5204209354993155,889558.9874327421,annual_anchor_constrained_city_daily_estimate,citywide_daily_estimate__official_annual_total_constrained__three_core_regions_supply_shape
2024-07-29,2024,170780.62928569465,89457.2,3.5204209354993155,601219.702715107,annual_anchor_constrained_city_daily_estimate,citywide_daily_estimate__official_annual_total_constrained__three_core_regions_supply_shape
2024-07-30,2024,147101.36564894396,89457.2,3.5204209354993155,517858.72727108217,annual_anchor_constrained_city_daily_estimate,citywide_daily_estimate__official_annual_total_constrained__three_core_regions_supply_shape
2024-07-31,2024,101647.95821623343,89457.2,3.5204209354993155,357843.6001551878,annual_anchor_constrained_city_daily_estimate,citywide_daily_estimate__official_annual_total_constrained__three_core_regions_supply_shape
2024-08-01,2024,204920.45799582533,89457.2,3.5204209354993155,721406.2704406116,annual_anchor_constrained_city_daily_estimate,citywide_daily_estimate__official_annual_total_constrained__three_core_regions_supply_shape
2024-08-02,2024,222218.88472790446,89457.2,3.5204209354993155,782304.0140594239,annual_anchor_constrained_city_daily_estimate,citywide_daily_estimate__official_annual_total_constrained__three_core_regions_supply_shape
2024-08-03,2024,317531.5086235696,89457.2,3.5204209354993155,1117844.570639096,annual_anchor_constrained_city_daily_estimate,citywide_daily_estimate__official_annual_total_constrained__three_core_regions_supply_shape
2024-08-04,2024,209446.23166768844,89457.2,3.5204209354993155,737338.8988243701,annual_anchor_constrained_city_daily_estimate,citywide_daily_estimate__official_annual_total_constrained__three_core_regions_supply_shape
2024-08-05,2024,223058.0802094256,89457.2,3.5204209354993155,785258.3354015474,annual_anchor_constrained_city_daily_estimate,citywide_daily_estimate__official_annual_total_constrained__three_core_regions_supply_shape
2024-08-06,2024,292607.6667066708,89457.2,3.5204209354993155,1030102.1557617699,annual_anchor_constrained_city_daily_estimate,citywide_daily_estimate__official_annual_total_constrained__three_core_regions_supply_shape
2024-08-07,2024,253185.25531362306,89457.2,3.5204209354993155,891318.6733658179,annual_anchor_constrained_city_daily_estimate,citywide_daily_estimate__official_annual_total_constrained__three_core_regions_supply_shape
2024-08-08,2024,240249.71634383046,89457.2,3.5204209354993155,845780.1311645928,annual_anchor_constrained_city_daily_estimate,citywide_daily_estimate__official_annual_total_constrained__three_core_regions_supply_shape
2024-08-09,2024,241809.36631708153,89457.2,3.5204209354993155,851270.7555824768,annual_anchor_constrained_city_daily_estimate,citywide_daily_estimate__official_annual_total_constrained__three_core_regions_supply_shape
2024-08-10,2024,330193.25868820725,89457.2,3.5204209354993155,1162419.260646706,annual_anchor_constrained_city_daily_estimate,citywide_daily_estimate__official_annual_total_constrained__three_core_regions_supply_shape
2024-08-11,2024,322992.1990758663,89457.2,3.5204209354993155,1137068.4996296423,annual_anchor_constrained_city_daily_estimate,citywide_daily_estimate__official_annual_total_constrained__three_core_regions_supply_shape
2024-08-12,2024,204195.96002703166,89457.2,3.5204209354993155,718855.7326235436,annual_anchor_constrained_city_daily_estimate,citywide_daily_estimate__official_annual_total_constrained__three_core_regions_supply_shape
2024-08-13,2024,293880.55463281245,89457.2,3.5204209354993155,1034583.2570655033,annual_anchor_constrained_city_daily_estimate,citywide_daily_estimate__official_annual_total_constrained__three_core_regions_supply_shape
2024-08-14,2024,287208.6853443382,89457.2,3.5204209354993155,1011095.4687434436,annual_anchor_constrained_city_daily_estimate,citywide_daily_estimate__official_annual_total_constrained__three_core_regions_supply_shape
2024-08-15,2024,232967.60786067092,89457.2,3.5204209354993155,820144.0440059007,annual_anchor_constrained_city_daily_estimate,citywide_daily_estimate__official_annual_total_constrained__three_core_regions_supply_shape
2024-08-16,2024,200509.97100561514,89457.2,3.5204209354993155,705879.4997045283,annual_anchor_constrained_city_daily_estimate,citywide_daily_estimate__official_annual_total_constrained__three_core_regions_supply_shape
2024-08-17,2024,266293.73342939967,89457.2,3.5204209354993155,937466.0341571325,annual_anchor_constrained_city_daily_estimate,citywide_daily_estimate__official_annual_total_constrained__three_core_regions_supply_shape
2024-08-18,2024,250860.44998648955,89457.2,3.5204209354993155,883134.3800212168,annual_anchor_constrained_city_daily_estimate,citywide_daily_estimate__official_annual_total_constrained__three_core_regions_supply_shape
2024-08-19,2024,56218.76172810201,89457.2,3.5204209354993155,197913.70575545798,annual_anchor_constrained_city_daily_estimate,citywide_daily_estimate__official_annual_total_constrained__three_core_regions_supply_shape
2024-08-20,2024,86094.75191929085,89457.2,3.5204209354993155,303089.7670932914,annual_anchor_constrained_city_daily_estimate,citywide_daily_estimate__official_annual_total_constrained__three_core_regions_supply_shape
2024-08-21,2024,174219.61187772753,89457.2,3.5204209354993155,613326.3690289172,annual_anchor_constrained_city_daily_estimate,citywide_daily_estimate__official_annual_total_constrained__three_core_regions_supply_shape
2024-08-22,2024,165255.10978252528,89457.2,3.5204209354993155,581767.5481766397,annual_anchor_constrained_city_daily_estimate,citywide_daily_estimate__official_annual_total_constrained__three_core_regions_supply_shape
2024-08-23,2024,126542.88926358301,89457.2,3.5204209354993155,445484.2366020892,annual_anchor_constrained_city_daily_estimate,citywide_daily_estimate__official_annual_total_constrained__three_core_regions_supply_shape
2024-08-24,2024,182083.22842582484,89457.2,3.5204209354993155,641009.6093535778,annual_anchor_constrained_city_daily_estimate,citywide_daily_estimate__official_annual_total_constrained__three_core_regions_supply_shape
2024-08-25,2024,161031.8381239454,89457.2,3.5204209354993155,566899.8542134742,annual_anchor_constrained_city_daily_estimate,citywide_daily_estimate__official_annual_total_constrained__three_core_regions_supply_shape
2024-08-26,2024,52366.20640709095,89457.2,3.5204209354993155,184351.08934820135,annual_anchor_constrained_city_daily_estimate,citywide_daily_estimate__official_annual_total_constrained__three_core_regions_supply_shape
2024-08-27,2024,64751.705741441554,89457.2,3.5204209354993155,227953.26050146206,annual_anchor_constrained_city_daily_estimate,citywide_daily_estimate__official_annual_total_constrained__three_core_regions_supply_shape
2024-08-28,2024,53540.57384320497,89457.2,3.5204209354993155,188485.3570562658,annual_anchor_constrained_city_daily_estimate,citywide_daily_estimate__official_annual_total_constrained__three_core_regions_supply_shape
2024-08-29,2024,59438.481782386894,89457.2,3.5204209354993155,209248.47564100949,annual_anchor_constrained_city_daily_estimate,citywide_daily_estimate__official_annual_total_constrained__three_core_regions_supply_shape
2024-08-30,2024,58352.03106304609,89457.2,3.5204209354993155,205423.71178325382,annual_anchor_constrained_city_daily_estimate,citywide_daily_estimate__official_annual_total_constrained__three_core_regions_supply_shape
2024-08-31,2024,129612.81593084341,89457.2,3.5204209354993155,456291.67071196035,annual_anchor_constrained_city_daily_estimate,citywide_daily_estimate__official_annual_total_constrained__three_core_regions_supply_shape
2024-09-01,2024,74372.63401805563,89457.2,3.5204209354993155,261822.9778253916,annual_anchor_constrained_city_daily_estimate,citywide_daily_estimate__official_annual_total_constrained__three_core_regions_supply_shape
2024-09-02,2024,42371.43473133718,89457.2,3.5204209354993155,149165.28589534224,annual_anchor_constrained_city_daily_estimate,citywide_daily_estimate__official_annual_total_constrained__three_core_regions_supply_shape
2024-09-03,2024,39216.5234505214,89457.2,3.5204209354993155,138058.6701727154,annual_anchor_constrained_city_daily_estimate,citywide_daily_estimate__official_annual_total_constrained__three_core_regions_supply_shape
2024-09-04,2024,34290.12974528412,89457.2,3.5204209354993155,120715.69063628602,annual_anchor_constrained_city_daily_estimate,citywide_daily_estimate__official_annual_total_constrained__three_core_regions_supply_shape
2024-09-05,2024,37154.80629629624,89457.2,3.5204209354993155,130800.55793990308,annual_anchor_constrained_city_daily_estimate,citywide_daily_estimate__official_annual_total_constrained__three_core_regions_supply_shape
2024-09-06,2024,38951.00139553739,89457.2,3.5204209354993155,137123.92077151287,annual_anchor_constrained_city_daily_estimate,citywide_daily_estimate__official_annual_total_constrained__three_core_regions_supply_shape
2024-09-07,2024,78852.07245751863,89457.2,3.5204209354993155,277592.48668695753,annual_anchor_constrained_city_daily_estimate,citywide_daily_estimate__official_annual_total_constrained__three_core_regions_supply_shape
2024-09-08,2024,82405.31176829533,89457.2,3.5204209354993155,290101.384745455,annual_anchor_constrained_city_daily_estimate,citywide_daily_estimate__official_annual_total_constrained__three_core_regions_supply_shape
2024-09-09,2024,18323.006768015515,89457.2,3.5204209354993155,64504.69662741747,annual_anchor_constrained_city_daily_estimate,citywide_daily_estimate__official_annual_total_constrained__three_core_regions_supply_shape
2024-09-10,2024,12440.524077344007,89457.2,3.5204209354993155,43795.88141046515,annual_anchor_constrained_city_daily_estimate,citywide_daily_estimate__official_annual_total_constrained__three_core_regions_supply_shape
2024-09-11,2024,29113.04761226509,89457.2,3.5204209354993155,102490.18231040638,annual_anchor_constrained_city_daily_estimate,citywide_daily_estimate__official_annual_total_constrained__three_core_regions_supply_shape
2024-09-12,2024,30785.413928749644,89457.2,3.5204209354993155,108377.61570278248,annual_anchor_constrained_city_daily_estimate,citywide_daily_estimate__official_annual_total_constrained__three_core_regions_supply_shape
2024-09-13,2024,33382.69193319876,89457.2,3.5204209354993155,117521.12756495703,annual_anchor_constrained_city_daily_estimate,citywide_daily_estimate__official_annual_total_constrained__three_core_regions_supply_shape
2024-09-14,2024,73725.76073562275,89457.2,3.5204209354993155,259545.71157929976,annual_anchor_constrained_city_daily_estimate,citywide_daily_estimate__official_annual_total_constrained__three_core_regions_supply_shape
2024-09-15,2024,247971.5827093005,89457.2,3.5204209354993155,872964.3511787215,annual_anchor_constrained_city_daily_estimate,citywide_daily_estimate__official_annual_total_constrained__three_core_regions_supply_shape
2024-09-16,2024,132950.33154195192,89457.2,3.5204209354993155,468041.1305418625,annual_anchor_constrained_city_daily_estimate,citywide_daily_estimate__official_annual_total_constrained__three_core_regions_supply_shape
2024-09-17,2024,142296.54092165284,89457.2,3.5204209354993155,500943.7217097217,annual_anchor_constrained_city_daily_estimate,citywide_daily_estimate__official_annual_total_constrained__three_core_regions_supply_shape
2024-09-18,2024,37670.48624875548,89457.2,3.5204209354993155,132615.96844055786,annual_anchor_constrained_city_daily_estimate,citywide_daily_estimate__official_annual_total_constrained__three_core_regions_supply_shape
2024-09-19,2024,40062.80807361006,89457.2,3.5204209354993155,141037.94827722784,annual_anchor_constrained_city_daily_estimate,citywide_daily_estimate__official_annual_total_constrained__three_core_regions_supply_shape
2024-09-20,2024,35523.465463973356,89457.2,3.5204209354993155,125057.5515208587,annual_anchor_constrained_city_daily_estimate,citywide_daily_estimate__official_annual_total_constrained__three_core_regions_supply_shape
2024-09-21,2024,82524.23432352803,89457.2,3.5204209354993155,290520.04219859926,annual_anchor_constrained_city_daily_estimate,citywide_daily_estimate__official_annual_total_constrained__three_core_regions_supply_shape
2024-09-22,2024,65655.14118117181,89457.2,3.5204209354993155,231133.7335373605,annual_anchor_constrained_city_daily_estimate,citywide_daily_estimate__official_annual_total_constrained__three_core_regions_supply_shape
2024-09-23,2024,25287.39131819839,89457.2,3.5204209354993155,89022.26180074926,annual_anchor_constrained_city_daily_estimate,citywide_daily_estimate__official_annual_total_constrained__three_core_regions_supply_shape
2024-09-24,2024,30462.000949381858,89457.2,3.5204209354993155,107239.06587940392,annual_anchor_constrained_city_daily_estimate,citywide_daily_estimate__official_annual_total_constrained__three_core_regions_supply_shape
2024-09-25,2024,28969.272124513875,89457.2,3.5204209354993155,101984.03207331538,annual_anchor_constrained_city_daily_estimate,citywide_daily_estimate__official_annual_total_constrained__three_core_regions_supply_shape
2024-09-26,2024,32490.482114221613,89457.2,3.5204209354993155,114380.17343937182,annual_anchor_constrained_city_daily_estimate,citywide_daily_estimate__official_annual_total_constrained__three_core_regions_supply_shape
2024-09-27,2024,29200.11210988442,89457.2,3.5204209354993155,102796.6859905642,annual_anchor_constrained_city_daily_estimate,citywide_daily_estimate__official_annual_total_constrained__three_core_regions_supply_shape
2024-09-28,2024,71818.34922123088,89457.2,3.5204209354993155,252830.82015142214,annual_anchor_constrained_city_daily_estimate,citywide_daily_estimate__official_annual_total_constrained__three_core_regions_supply_shape
2024-09-29,2024,71322.4064632238,89457.2,3.5204209354993155,251084.89288332476,annual_anchor_constrained_city_daily_estimate,citywide_daily_estimate__official_annual_total_constrained__three_core_regions_supply_shape
2024-09-30,2024,18662.630149115044,89457.2,3.5204209354993155,65700.31388842531,annual_anchor_constrained_city_daily_estimate,citywide_daily_estimate__official_annual_total_constrained__three_core_regions_supply_shape
2024-10-01,2024,172855.69214277234,89457.2,3.5204209354993155,608524.7974396403,annual_anchor_constrained_city_daily_estimate,citywide_daily_estimate__official_annual_total_constrained__three_core_regions_supply_shape
2024-10-02,2024,201539.18963658792,89457.2,3.5204209354993155,709502.7825202108,annual_anchor_constrained_city_daily_estimate,citywide_daily_estimate__official_annual_total_constrained__three_core_regions_supply_shape
2024-10-03,2024,189337.1658930576,89457.2,3.5204209354993155,666546.5226780269,annual_anchor_constrained_city_daily_estimate,citywide_daily_estimate__official_annual_total_constrained__three_core_regions_supply_shape
2024-10-04,2024,179253.09940488928,89457.2,3.5204209354993155,631046.3638981121,annual_anchor_constrained_city_daily_estimate,citywide_daily_estimate__official_annual_total_constrained__three_core_regions_supply_shape
2024-10-05,2024,277629.37573140336,89457.2,3.5204209354993155,977372.266634438,annual_anchor_constrained_city_daily_estimate,citywide_daily_estimate__official_annual_total_constrained__three_core_regions_supply_shape
2024-10-06,2024,230292.84333133965,89457.2,3.5204209354993155,810727.746959312,annual_anchor_constrained_city_daily_estimate,citywide_daily_estimate__official_annual_total_constrained__three_core_regions_supply_shape
2024-10-07,2024,124828.01895434363,89457.2,3.5204209354993155,439447.17126377666,annual_anchor_constrained_city_daily_estimate,citywide_daily_estimate__official_annual_total_constrained__three_core_regions_supply_shape
2024-10-08,2024,22212.742711142084,89457.2,3.5204209354993155,78198.20447516441,annual_anchor_constrained_city_daily_estimate,citywide_daily_estimate__official_annual_total_constrained__three_core_regions_supply_shape
2024-10-09,2024,26167.20348283406,89457.2,3.5204209354993155,92119.57096443963,annual_anchor_constrained_city_daily_estimate,citywide_daily_estimate__official_annual_total_constrained__three_core_regions_supply_shape
2024-10-10,2024,18848.844904260073,89457.2,3.5204209354993155,66355.86821093675,annual_anchor_constrained_city_daily_estimate,citywide_daily_estimate__official_annual_total_constrained__three_core_regions_supply_shape
2024-10-11,2024,18319.579304326155,89457.2,3.5204209354993155,64492.63051248978,annual_anchor_constrained_city_daily_estimate,citywide_daily_estimate__official_annual_total_constrained__three_core_regions_supply_shape
2024-10-12,2024,51091.364528836144,89457.2,3.5204209354993155,179863.10931054188,annual_anchor_constrained_city_daily_estimate,citywide_daily_estimate__official_annual_total_constrained__three_core_regions_supply_shape
2024-10-13,2024,45309.31930254138,89457.2,3.5204209354993155,159507.8762458899,annual_anchor_constrained_city_daily_estimate,citywide_daily_estimate__official_annual_total_constrained__three_core_regions_supply_shape
2024-10-14,2024,16237.979741305277,89457.2,3.5204209354993155,57164.523831504855,annual_anchor_constrained_city_daily_estimate,citywide_daily_estimate__official_annual_total_constrained__three_core_regions_supply_shape
2024-10-15,2024,19171.43813117027,89457.2,3.5204209354993155,67491.5321606017,annual_anchor_constrained_city_daily_estimate,citywide_daily_estimate__official_annual_total_constrained__three_core_regions_supply_shape
2024-10-16,2024,18786.31255076989,89457.2,3.5204209354993155,66135.72800456386,annual_anchor_constrained_city_daily_estimate,citywide_daily_estimate__official_annual_total_constrained__three_core_regions_supply_shape
2024-10-17,2024,18224.18042014504,89457.2,3.5204209354993155,64156.78628339531,annual_anchor_constrained_city_daily_estimate,citywide_daily_estimate__official_annual_total_constrained__three_core_regions_supply_shape
2024-10-18,2024,16069.108430294558,89457.2,3.5204209354993155,56570.02573281751,annual_anchor_constrained_city_daily_estimate,citywide_daily_estimate__official_annual_total_constrained__three_core_regions_supply_shape
2024-10-19,2024,44742.96275236049,89457.2,3.5204209354993155,157514.06278967593,annual_anchor_constrained_city_daily_estimate,citywide_daily_estimate__official_annual_total_constrained__three_core_regions_supply_shape
2024-10-20,2024,42627.8556329415,89457.2,3.5204209354993155,150067.99540564968,annual_anchor_constrained_city_daily_estimate,citywide_daily_estimate__official_annual_total_constrained__three_core_regions_supply_shape
2024-10-21,2024,16892.667601743193,89457.2,3.5204209354993155,59469.30068160775,annual_anchor_constrained_city_daily_estimate,citywide_daily_estimate__official_annual_total_constrained__three_core_regions_supply_shape
2024-10-22,2024,17350.037288384883,89457.2,3.5204209354993155,61079.43450172392,annual_anchor_constrained_city_daily_estimate,citywide_daily_estimate__official_annual_total_constrained__three_core_regions_supply_shape
2024-10-23,2024,17296.888650872963,89457.2,3.5204209354993155,60892.328925533686,annual_anchor_constrained_city_daily_estimate,citywide_daily_estimate__official_annual_total_constrained__three_core_regions_supply_shape
2024-10-24,2024,17459.904021002007,89457.2,3.5204209354993155,61466.21164734414,annual_anchor_constrained_city_daily_estimate,citywide_daily_estimate__official_annual_total_constrained__three_core_regions_supply_shape
2024-10-25,2024,17415.440257771003,89457.2,3.5204209354993155,61309.68048439463,annual_anchor_constrained_city_daily_estimate,citywide_daily_estimate__official_annual_total_constrained__three_core_regions_supply_shape
2024-10-26,2024,37347.069993450335,89457.2,3.5204209354993155,131477.40708450085,annual_anchor_constrained_city_daily_estimate,citywide_daily_estimate__official_annual_total_constrained__three_core_regions_supply_shape
2024-10-27,2024,40042.624911960665,89457.2,3.5204209354993155,140966.89505241276,annual_anchor_constrained_city_daily_estimate,citywide_daily_estimate__official_annual_total_constrained__three_core_regions_supply_shape
2024-10-28,2024,15547.321121998457,89457.2,3.5204209354993155,54733.11476881408,annual_anchor_constrained_city_daily_estimate,citywide_daily_estimate__official_annual_total_constrained__three_core_regions_supply_shape
2024-10-29,2024,17627.62026335518,89457.2,3.5204209354993155,62056.643418147534,annual_anchor_constrained_city_daily_estimate,citywide_daily_estimate__official_annual_total_constrained__three_core_regions_supply_shape
2024-10-30,2024,18234.95070624212,89457.2,3.5204209354993155,64194.702224052795,annual_anchor_constrained_city_daily_estimate,citywide_daily_estimate__official_annual_total_constrained__three_core_regions_supply_shape
2024-10-31,2024,32622.80851651616,89457.2,3.5204209354993155,114846.01807632885,annual_anchor_constrained_city_daily_estimate,citywide_daily_estimate__official_annual_total_constrained__three_core_regions_supply_shape
2024-11-01,2024,16825.994072285815,89457.2,3.5204209354993155,59234.581792662364,annual_anchor_constrained_city_daily_estimate,citywide_daily_estimate__official_annual_total_constrained__three_core_regions_supply_shape
2024-11-02,2024,47935.056492022304,89457.2,3.5204209354993155,168751.5764188577,annual_anchor_constrained_city_daily_estimate,citywide_daily_estimate__official_annual_total_constrained__three_core_regions_supply_shape
2024-11-03,2024,43305.23635931972,89457.2,3.5204209354993155,152452.6606960953,annual_anchor_constrained_city_daily_estimate,citywide_daily_estimate__official_annual_total_constrained__three_core_regions_supply_shape
2024-11-04,2024,15535.156842351977,89457.2,3.5204209354993155,54690.291384081334,annual_anchor_constrained_city_daily_estimate,citywide_daily_estimate__official_annual_total_constrained__three_core_regions_supply_shape
2024-11-05,2024,16781.568041975366,89457.2,3.5204209354993155,59078.18346547634,annual_anchor_constrained_city_daily_estimate,citywide_daily_estimate__official_annual_total_constrained__three_core_regions_supply_shape
2024-11-06,2024,16884.65379259089,89457.2,3.5204209354993155,59441.08870009488,annual_anchor_constrained_city_daily_estimate,citywide_daily_estimate__official_annual_total_constrained__three_core_regions_supply_shape
2024-11-07,2024,18827.43434099755,89457.2,3.5204209354993155,66280.49401578653,annual_anchor_constrained_city_daily_estimate,citywide_daily_estimate__official_annual_total_constrained__three_core_regions_supply_shape
2024-11-08,2024,16107.757675808618,89457.2,3.5204209354993155,56706.08734586646,annual_anchor_constrained_city_daily_estimate,citywide_daily_estimate__official_annual_total_constrained__three_core_regions_supply_shape
2024-11-09,2024,35544.392890246876,89457.2,3.5204209354993155,125131.22487043812,annual_anchor_constrained_city_daily_estimate,citywide_daily_estimate__official_annual_total_constrained__three_core_regions_supply_shape
2024-11-10,2024,34447.261850950366,89457.2,3.5204209354993155,121268.86179071257,annual_anchor_constrained_city_daily_estimate,citywide_daily_estimate__official_annual_total_constrained__three_core_regions_supply_shape
2024-11-11,2024,14422.588858925888,89457.2,3.5204209354993155,50773.58376306188,annual_anchor_constrained_city_daily_estimate,citywide_daily_estimate__official_annual_total_constrained__three_core_regions_supply_shape
2024-11-12,2024,15023.835039314146,89457.2,3.5204209354993155,52890.2234038897,annual_anchor_constrained_city_daily_estimate,citywide_daily_estimate__official_annual_total_constrained__three_core_regions_supply_shape
2024-11-13,2024,15962.879759006884,89457.2,3.5204209354993155,56196.056094466105,annual_anchor_constrained_city_daily_estimate,citywide_daily_estimate__official_annual_total_constrained__three_core_regions_supply_shape
2024-11-14,2024,13241.848792750294,89457.2,3.5204209354993155,46616.88171471447,annual_anchor_constrained_city_daily_estimate,citywide_daily_estimate__official_annual_total_constrained__three_core_regions_supply_shape
2024-11-15,2024,16522.432574464314,89457.2,3.5204209354993155,58165.91754052002,annual_anchor_constrained_city_daily_estimate,citywide_daily_estimate__official_annual_total_constrained__three_core_regions_supply_shape
2024-11-16,2024,42449.822696027084,89457.2,3.5204209354993155,149441.24452732774,annual_anchor_constrained_city_daily_estimate,citywide_daily_estimate__official_annual_total_constrained__three_core_regions_supply_shape
2024-11-17,2024,36243.80453427056,89457.2,3.5204209354993155,127593.44826459109,annual_anchor_constrained_city_daily_estimate,citywide_daily_estimate__official_annual_total_constrained__three_core_regions_supply_shape
2024-11-18,2024,14887.790780967616,89457.2,3.5204209354993155,52411.2903486521,annual_anchor_constrained_city_daily_estimate,citywide_daily_estimate__official_annual_total_constrained__three_core_regions_supply_shape
2024-11-19,2024,14977.367175421832,89457.2,3.5204209354993155,52726.63696301527,annual_anchor_constrained_city_daily_estimate,citywide_daily_estimate__official_annual_total_constrained__three_core_regions_supply_shape
2024-11-20,2024,16638.871500539844,89457.2,3.5204209354993155,58575.831573583375,annual_anchor_constrained_city_daily_estimate,citywide_daily_estimate__official_annual_total_constrained__three_core_regions_supply_shape
2024-11-21,2024,16540.52051020916,89457.2,3.5204209354993155,58229.59468819615,annual_anchor_constrained_city_daily_estimate,citywide_daily_estimate__official_annual_total_constrained__three_core_regions_supply_shape
2024-11-22,2024,16503.00106511833,89457.2,3.5204209354993155,58097.510448210065,annual_anchor_constrained_city_daily_estimate,citywide_daily_estimate__official_annual_total_constrained__three_core_regions_supply_shape
2024-11-23,2024,31035.994061402682,89457.2,3.5204209354993155,109259.76324779443,annual_anchor_constrained_city_daily_estimate,citywide_daily_estimate__official_annual_total_constrained__three_core_regions_supply_shape
2024-11-24,2024,29824.650359214753,89457.2,3.5204209354993155,104995.3235185268,annual_anchor_constrained_city_daily_estimate,citywide_daily_estimate__official_annual_total_constrained__three_core_regions_supply_shape
2024-11-25,2024,14075.199348206255,89457.2,3.5204209354993155,49550.62645675162,annual_anchor_constrained_city_daily_estimate,citywide_daily_estimate__official_annual_total_constrained__three_core_regions_supply_shape
2024-11-26,2024,16473.574878207506,89457.2,3.5204209354993155,57993.91788375729,annual_anchor_constrained_city_daily_estimate,citywide_daily_estimate__official_annual_total_constrained__three_core_regions_supply_shape
2024-11-27,2024,15774.32274810943,89457.2,3.5204209354993155,55532.256045767535,annual_anchor_constrained_city_daily_estimate,citywide_daily_estimate__official_annual_total_constrained__three_core_regions_supply_shape
2024-11-28,2024,15081.914422614222,89457.2,3.5204209354993155,53094.68728078018,annual_anchor_constrained_city_daily_estimate,citywide_daily_estimate__official_annual_total_constrained__three_core_regions_supply_shape
2024-11-29,2024,15162.779415546764,89457.2,3.5204209354993155,53379.3660948489,annual_anchor_constrained_city_daily_estimate,citywide_daily_estimate__official_annual_total_constrained__three_core_regions_supply_shape
2024-11-30,2024,31578.265322943815,89457.2,3.5204209354993155,111168.78634964346,annual_anchor_constrained_city_daily_estimate,citywide_daily_estimate__official_annual_total_constrained__three_core_regions_supply_shape
2024-12-01,2024,33457.762652910715,89457.2,3.5204209354993155,117785.408098274,annual_anchor_constrained_city_daily_estimate,citywide_daily_estimate__official_annual_total_constrained__three_core_regions_supply_shape
2024-12-02,2024,13958.658792489548,89457.2,3.5204209354993155,49140.3546445718,annual_anchor_constrained_city_daily_estimate,citywide_daily_estimate__official_annual_total_constrained__three_core_regions_supply_shape
2024-12-03,2024,14751.694772185778,89457.2,3.5204209354993155,51932.175110098615,annual_anchor_constrained_city_daily_estimate,citywide_daily_estimate__official_annual_total_constrained__three_core_regions_supply_shape
2024-12-04,2024,14502.535952232976,89457.2,3.5204209354993155,51055.03118407247,annual_anchor_constrained_city_daily_estimate,citywide_daily_estimate__official_annual_total_constrained__three_core_regions_supply_shape
2024-12-05,2024,16313.02960708906,89457.2,3.5204209354993155,57428.7309502165,annual_anchor_constrained_city_daily_estimate,citywide_daily_estimate__official_annual_total_constrained__three_core_regions_supply_shape
2024-12-06,2024,14497.19049683243,89457.2,3.5204209354993155,51036.212930970614,annual_anchor_constrained_city_daily_estimate,citywide_daily_estimate__official_annual_total_constrained__three_core_regions_supply_shape
2024-12-07,2024,30860.986469994536,89457.2,3.5204209354993155,108643.66285912988,annual_anchor_constrained_city_daily_estimate,citywide_daily_estimate__official_annual_total_constrained__three_core_regions_supply_shape
2024-12-08,2024,32275.90784644133,89457.2,3.5204209354993155,113624.78169485868,annual_anchor_constrained_city_daily_estimate,citywide_daily_estimate__official_annual_total_constrained__three_core_regions_supply_shape
2024-12-09,2024,14390.171761226962,89457.2,3.5204209354993155,50659.46193365446,annual_anchor_constrained_city_daily_estimate,citywide_daily_estimate__official_annual_total_constrained__three_core_regions_supply_shape
2024-12-10,2024,15198.774236817944,89457.2,3.5204209354993155,53506.08301722152,annual_anchor_constrained_city_daily_estimate,citywide_daily_estimate__official_annual_total_constrained__three_core_regions_supply_shape
2024-12-11,2024,15707.776128247617,89457.2,3.5204209354993155,55297.98393201929,annual_anchor_constrained_city_daily_estimate,citywide_daily_estimate__official_annual_total_constrained__three_core_regions_supply_shape
2024-12-12,2024,15709.979245279776,89457.2,3.5204209354993155,55305.73983134266,annual_anchor_constrained_city_daily_estimate,citywide_daily_estimate__official_annual_total_constrained__three_core_regions_supply_shape
2024-12-13,2024,13606.103253858077,89457.2,3.5204209354993155,47899.21074544733,annual_anchor_constrained_city_daily_estimate,citywide_daily_estimate__official_annual_total_constrained__three_core_regions_supply_shape
2024-12-14,2024,29539.389612778068,89457.2,3.5204209354993155,103991.08561469492,annual_anchor_constrained_city_daily_estimate,citywide_daily_estimate__official_annual_total_constrained__three_core_regions_supply_shape
2024-12-15,2024,25257.20760560164,89457.2,3.5204209354993155,88916.00242701256,annual_anchor_constrained_city_daily_estimate,citywide_daily_estimate__official_annual_total_constrained__three_core_regions_supply_shape
2024-12-16,2024,13343.74161198941,89457.2,3.5204209354993155,46975.5873287409,annual_anchor_constrained_city_daily_estimate,citywide_daily_estimate__official_annual_total_constrained__three_core_regions_supply_shape
2024-12-17,2024,13732.675139289922,89457.2,3.5204209354993155,48344.79706076722,annual_anchor_constrained_city_daily_estimate,citywide_daily_estimate__official_annual_total_constrained__three_core_regions_supply_shape
2024-12-18,2024,14105.074562268584,89457.2,3.5204209354993155,49655.79978578917,annual_anchor_constrained_city_daily_estimate,citywide_daily_estimate__official_annual_total_constrained__three_core_regions_supply_shape
2024-12-19,2024,15728.851883706237,89457.2,3.5204209354993155,55372.17946276728,annual_anchor_constrained_city_daily_estimate,citywide_daily_estimate__official_annual_total_constrained__three_core_regions_supply_shape
2024-12-20,2024,15551.045496468108,89457.2,3.5204209354993155,54746.22613466867,annual_anchor_constrained_city_daily_estimate,citywide_daily_estimate__official_annual_total_constrained__three_core_regions_supply_shape
2024-12-21,2024,33522.7210777398,89457.2,3.5204209354993155,118014.08909697937,annual_anchor_constrained_city_daily_estimate,citywide_daily_estimate__official_annual_total_constrained__three_core_regions_supply_shape
2024-12-22,2024,24312.724615243085,89457.2,3.5204209354993155,85591.0247345313,annual_anchor_constrained_city_daily_estimate,citywide_daily_estimate__official_annual_total_constrained__three_core_regions_supply_shape
2024-12-23,2024,14131.09288797485,89457.2,3.5204209354993155,49747.395244312145,annual_anchor_constrained_city_daily_estimate,citywide_daily_estimate__official_annual_total_constrained__three_core_regions_supply_shape
2024-12-24,2024,15411.46000007662,89457.2,3.5204209354993155,54254.82643088001,annual_anchor_constrained_city_daily_estimate,citywide_daily_estimate__official_annual_total_constrained__three_core_regions_supply_shape
2024-12-25,2024,15170.477070484803,89457.2,3.5204209354993155,53406.46508044703,annual_anchor_constrained_city_daily_estimate,citywide_daily_estimate__official_annual_total_constrained__three_core_regions_supply_shape
2024-12-26,2024,14739.463013152714,89457.2,3.5204209354993155,51889.11416952064,annual_anchor_constrained_city_daily_estimate,citywide_daily_estimate__official_annual_total_constrained__three_core_regions_supply_shape
2024-12-27,2024,14051.600969787827,89457.2,3.5204209354993155,49467.55023132355,annual_anchor_constrained_city_daily_estimate,citywide_daily_estimate__official_annual_total_constrained__three_core_regions_supply_shape
2024-12-28,2024,28374.316856216155,89457.2,3.5204209354993155,99889.53909111448,annual_anchor_constrained_city_daily_estimate,citywide_daily_estimate__official_annual_total_constrained__three_core_regions_supply_shape
2024-12-29,2024,18607.41105241026,89457.2,3.5204209354993155,65505.91942434644,annual_anchor_constrained_city_daily_estimate,citywide_daily_estimate__official_annual_total_constrained__three_core_regions_supply_shape
2024-12-30,2024,13052.74368768661,89457.2,3.5204209354993155,45951.15214383848,annual_anchor_constrained_city_daily_estimate,citywide_daily_estimate__official_annual_total_constrained__three_core_regions_supply_shape
2024-12-31,2024,13210.883300884469,89457.2,3.5204209354993155,46507.87014887198,annual_anchor_constrained_city_daily_estimate,citywide_daily_estimate__official_annual_total_constrained__three_core_regions_supply_shape
