date,pressure_index,log_pressure,trend_component,seasonal_component,random_component,series_scope
2023-01-01,503029.5786603957,13.128406239799482,11.196143523513097,0.028052238914377803,1.9042104773720068,estimated_regional_daily_relative_pressure
2023-01-02,161023.37098734488,11.98931100510313,11.173470108663011,0.028052238914377803,0.7877886575257405,estimated_regional_daily_relative_pressure
2023-01-03,40618.44698915731,10.612002220791512,11.153460127371511,0.028052238914377803,-0.5695101454943776,estimated_regional_daily_relative_pressure
2023-01-04,44439.58085016637,10.701908314103935,11.135097099231514,0.028052238914377803,-0.4612410240419562,estimated_regional_daily_relative_pressure
2023-01-05,46839.90916224925,10.754512227477367,11.11625603362657,0.028052238914377803,-0.3897960450635809,estimated_regional_daily_relative_pressure
2023-01-06,48964.60549440158,10.7988734019398,11.21210783173007,0.028052238914377803,-0.44128666870464794,estimated_regional_daily_relative_pressure
2023-01-07,120098.1350455406,11.696072806089939,11.292970402702363,0.028052238914377803,0.3750501644731985,estimated_regional_daily_relative_pressure
2023-01-08,111446.10740913649,11.621305384319609,11.341084732625061,0.028052238914377803,0.2521684127801693,estimated_regional_daily_relative_pressure
2023-01-09,45568.07217307055,10.726984523573813,11.390459453184329,0.028052238914377803,-0.6915271685248934,estimated_regional_daily_relative_pressure
2023-01-10,47547.84743162284,10.769512828597176,11.439015043952722,0.028052238914377803,-0.6975544542699241,estimated_regional_daily_relative_pressure
2023-01-11,47910.66661539397,10.777114315650637,11.483518326955181,0.028052238914377803,-0.7344562502189218,estimated_regional_daily_relative_pressure
2023-01-12,45786.63932769985,10.731769450002448,11.526699070572308,0.028052238914377803,-0.822981859484238,estimated_regional_daily_relative_pressure
2023-01-13,48623.87219093828,10.791890452453298,11.542609444350079,0.028052238914377803,-0.7787712308111585,estimated_regional_daily_relative_pressure
2023-01-14,113793.98110263945,11.642153696913054,11.555397450208556,0.028052238914377803,0.058704007790120194,estimated_regional_daily_relative_pressure
2023-01-15,112301.95994028027,11.62895549781712,11.53226735232301,0.028052238914377803,0.06863590657973173,estimated_regional_daily_relative_pressure
2023-01-16,47453.37544945427,10.767524011577224,11.524728949817783,0.028052238914377803,-0.7852571771549366,estimated_regional_daily_relative_pressure
2023-01-17,49546.91553993527,10.81069547106166,11.456659129064162,0.028052238914377803,-0.6740158969168801,estimated_regional_daily_relative_pressure
2023-01-18,49675.658079622626,10.813290445416014,11.433795745490574,0.028052238914377803,-0.6485575389889382,estimated_regional_daily_relative_pressure
2023-01-19,49243.97410244185,10.80456259271153,11.437813246266531,0.028052238914377803,-0.6613028924693785,estimated_regional_daily_relative_pressure
2023-01-20,47016.529870999846,10.758275787132666,11.472985735017451,0.028052238914377803,-0.7427621867991627,estimated_regional_daily_relative_pressure
2023-01-21,503400.72773051105,13.12914379380005,11.507164148955873,0.028052238914377803,1.5939274059297999,estimated_regional_daily_relative_pressure
2023-01-22,438485.53927661985,12.991084393120515,11.553070100510032,0.028052238914377803,1.4099620536961046,estimated_regional_daily_relative_pressure
2023-01-23,242703.51407017486,12.3995999909244,11.55733989670935,0.028052238914377803,0.8142078553006735,estimated_regional_daily_relative_pressure
2023-01-24,275426.03480314015,12.526078026047509,11.564156493433703,0.028052238914377803,0.933869293699428,estimated_regional_daily_relative_pressure
2023-01-25,297850.17333394464,12.604349222394196,11.592157245451265,0.028052238914377803,0.9841397380285537,estimated_regional_daily_relative_pressure
2023-01-26,295403.3580497998,12.59610040201663,11.607458879239928,0.028052238914377803,0.9605892838623236,estimated_regional_daily_relative_pressure
2023-01-27,311574.9490349174,12.64939840461762,11.681896449565048,0.028052238914377803,0.9394497161381947,estimated_regional_daily_relative_pressure
2023-01-28,158289.86484670482,11.972189536349898,11.749708256551795,0.028052238914377803,0.19442904088372526,estimated_regional_daily_relative_pressure
2023-01-29,149261.47528276214,11.913461614245861,11.75061861706616,0.028052238914377803,0.13479075826532405,estimated_regional_daily_relative_pressure
2023-01-30,52128.92888847691,10.861494513642228,11.724579199916656,0.028052238914377803,-0.8911369251888059,estimated_regional_daily_relative_pressure
2023-01-31,80705.70002463378,11.298576874660993,11.697827199952243,0.028052238914377803,-0.42730256420562807,estimated_regional_daily_relative_pressure
2023-02-01,60975.376425737486,11.018241796437172,11.699673044094236,0.013391090091660791,-0.6948223377487254,estimated_regional_daily_relative_pressure
2023-02-02,79263.53757287696,11.280546114321965,11.728720935753113,0.013391090091660791,-0.4615659115228095,estimated_regional_daily_relative_pressure
2023-02-03,46005.81169553397,10.736544744846116,11.76632765472856,0.013391090091660791,-1.0431739999741048,estimated_regional_daily_relative_pressure
2023-02-04,132223.361281845,11.792255465382487,11.8107233678463,0.013391090091660791,-0.03185899255547404,estimated_regional_daily_relative_pressure
2023-02-05,135135.82458005153,11.814043059568384,11.813896019825833,0.013391090091660791,-0.013244050349110088,estimated_regional_daily_relative_pressure
2023-02-06,203201.41919825645,12.221957900118824,11.739385923726434,0.013391090091660791,0.46918088630072846,estimated_regional_daily_relative_pressure
2023-02-07,137094.97243384903,11.828436488268782,11.703549606259319,0.013391090091660791,0.11149579191780207,estimated_regional_daily_relative_pressure
2023-02-08,137669.7002901877,11.83261988277455,11.666368323779732,0.013391090091660791,0.1528604689031567,estimated_regional_daily_relative_pressure
2023-02-09,108553.52237531733,11.595007836118185,11.617887351479457,0.013391090091660791,-0.03627060545293232,estimated_regional_daily_relative_pressure
2023-02-10,76408.58886977597,11.243863476045746,11.603454361879734,0.013391090091660791,-0.372981975925649,estimated_regional_daily_relative_pressure
2023-02-11,481507.41934624565,13.08467899572943,11.591856233296143,0.013391090091660791,1.4794316723416259,estimated_regional_daily_relative_pressure
2023-02-12,374719.4148902362,12.83393546659155,11.555512690183503,0.013391090091660791,1.2650316863163855,estimated_regional_daily_relative_pressure
2023-02-13,50015.66997767992,10.8201116283986,11.521216104870222,0.013391090091660791,-0.714495566563283,estimated_regional_daily_relative_pressure
2023-02-14,50762.44385034854,10.834931765278453,11.495283241348522,0.013391090091660791,-0.6737425661617299,estimated_regional_daily_relative_pressure
2023-02-15,49002.32828258043,10.799643498920318,11.50060557660887,0.013391090091660791,-0.7143531677802121,estimated_regional_daily_relative_pressure
2023-02-16,50247.96255210678,10.824745179978978,11.48784222891555,0.013391090091660791,-0.6764881390282335,estimated_regional_daily_relative_pressure
2023-02-17,121926.28390934596,11.711180112486845,11.519030527238511,0.013391090091660791,0.17875849515667314,estimated_regional_daily_relative_pressure
2023-02-18,159387.31454601226,11.979098733654856,11.535669415724314,0.013391090091660791,0.4300382278388816,estimated_regional_daily_relative_pressure
2023-02-19,195013.59860046618,12.180829699361443,11.566156907136003,0.013391090091660791,0.6012817021337787,estimated_regional_daily_relative_pressure
2023-02-20,51875.85409570464,10.856627998498228,11.53421661890657,0.013391090091660791,-0.6909797105000025,estimated_regional_daily_relative_pressure
2023-02-21,49976.631520399715,10.819330814718645,11.504042689581173,0.013391090091660791,-0.6981029649541882,estimated_regional_daily_relative_pressure
2023-02-22,144372.43951417896,11.880158551639983,11.460965950336938,0.013391090091660791,0.4058015112113846,estimated_regional_daily_relative_pressure
2023-02-23,76647.11058218323,11.246980234057244,11.431713969264347,0.013391090091660791,-0.19812482529876446,estimated_regional_daily_relative_pressure
2023-02-24,61276.49249358912,11.023167884738976,11.433044896820492,0.013391090091660791,-0.42326810217317684,estimated_regional_daily_relative_pressure
2023-02-25,190407.40510093316,12.156926544802738,11.443427531351677,0.013391090091660791,0.7001079233594004,estimated_regional_daily_relative_pressure
2023-02-26,206190.04397180164,12.236558415925323,11.43145960828541,0.013391090091660791,0.7917077175482524,estimated_regional_daily_relative_pressure
2023-02-27,100986.15081994909,11.522748568125833,11.359597534326394,0.013391090091660791,0.14975994370777806,estimated_regional_daily_relative_pressure
2023-02-28,54664.89989003855,10.90899539163812,11.2959152496637,0.013391090091660791,-0.40031094811724094,estimated_regional_daily_relative_pressure
2023-03-01,66804.64387304612,11.10954284507319,11.297562930796635,-0.06278018303163624,-0.12523990269180973,estimated_regional_daily_relative_pressure
2023-03-02,61480.21172498059,11.026486906713034,11.299509144967464,-0.06278018303163624,-0.21024205522279427,estimated_regional_daily_relative_pressure
2023-03-03,54333.414851665155,10.902913096168055,11.337962714628883,-0.06278018303163624,-0.37226943542919233,estimated_regional_daily_relative_pressure
2023-03-04,160343.3620853109,11.985079044448984,11.375314555799775,-0.06278018303163624,0.6725446716808446,estimated_regional_daily_relative_pressure
2023-03-05,132766.08845112994,11.796351657381816,11.350714969565736,-0.06278018303163624,0.5084168708477163,estimated_regional_daily_relative_pressure
2023-03-06,118379.2261490758,11.681656978608459,11.313246006707766,-0.06278018303163624,0.4311911549323285,estimated_regional_daily_relative_pressure
2023-03-07,49123.17377841288,10.802106530270082,11.270422020698236,-0.06278018303163624,-0.40553530739651744,estimated_regional_daily_relative_pressure
2023-03-08,53031.024742609676,10.878651250481115,11.271546751087364,-0.06278018303163624,-0.3301153175746129,estimated_regional_daily_relative_pressure
2023-03-09,53453.119394926995,10.886578983547562,11.272679336396743,-0.06278018303163624,-0.3233201698175455,estimated_regional_daily_relative_pressure
2023-03-10,55359.691158792026,10.921625075018387,11.26984256081555,-0.06278018303163624,-0.28543730276552626,estimated_regional_daily_relative_pressure
2023-03-11,143468.62754126854,11.873878637015103,11.286946003179814,-0.06278018303163624,0.6497128168669254,estimated_regional_daily_relative_pressure
2023-03-12,149771.0134612696,11.916869506584863,11.28185236468174,-0.06278018303163624,0.6977973249347597,estimated_regional_daily_relative_pressure
2023-03-13,52724.67781821438,10.872857860991498,11.239761461008372,-0.06278018303163624,-0.3041234169852379,estimated_regional_daily_relative_pressure
2023-03-14,51892.80526633074,10.856954702999888,11.198983263615558,-0.06278018303163624,-0.2792483775840341,estimated_regional_daily_relative_pressure
2023-03-15,52039.86956556682,10.859784642048076,11.17981385982355,-0.06278018303163624,-0.25724903474383776,estimated_regional_daily_relative_pressure
2023-03-16,52636.79851071143,10.871189743519626,11.183961838751179,-0.06278018303163624,-0.2499919121999169,estimated_regional_daily_relative_pressure
2023-03-17,53919.41297420906,10.895264404574089,11.213281673895427,-0.06278018303163624,-0.25523708628970165,estimated_regional_daily_relative_pressure
2023-03-18,161409.18847162512,11.991704158424318,11.24559990595064,-0.06278018303163624,0.8088844355053145,estimated_regional_daily_relative_pressure
2023-03-19,159954.7120602865,11.982652256276667,11.245749617266048,-0.06278018303163624,0.7996828220422555,estimated_regional_daily_relative_pressure
2023-03-20,56872.96391633187,10.94859293923162,11.206023218571849,-0.06278018303163624,-0.1946500963085923,estimated_regional_daily_relative_pressure
2023-03-21,49888.252863068556,10.81756088505781,11.232113444031402,-0.06278018303163624,-0.3517723759419552,estimated_regional_daily_relative_pressure
2023-03-22,51702.77798987419,10.853286133066002,11.209979185940226,-0.06278018303163624,-0.2939128698425878,estimated_regional_daily_relative_pressure
2023-03-23,53716.528395574715,10.89149464056113,11.221911154852746,-0.06278018303163624,-0.26763633125998065,estimated_regional_daily_relative_pressure
2023-03-24,51762.521359550774,10.854440959309498,11.25979548125394,-0.06278018303163624,-0.3425743389128061,estimated_regional_daily_relative_pressure
2023-03-25,132218.47478821437,11.792218508622943,11.300712150274505,-0.06278018303163624,0.5542865413800745,estimated_regional_daily_relative_pressure
2023-03-26,130245.87243988022,11.777186947349435,11.30718638200243,-0.06278018303163624,0.5327807483786416,estimated_regional_daily_relative_pressure
2023-03-27,52325.85987204006,10.865265091298657,11.291056454233274,-0.06278018303163624,-0.3630111799029815,estimated_regional_daily_relative_pressure
2023-03-28,51641.92734634697,10.852108530928396,11.274548629919625,-0.06278018303163624,-0.3596599159595931,estimated_regional_daily_relative_pressure
2023-03-29,58245.209523230566,10.972434296748071,11.292597409620035,-0.06278018303163624,-0.25738292984032707,estimated_regional_daily_relative_pressure
2023-03-30,55741.43865257354,10.928497050573595,11.309557696347627,-0.06278018303163624,-0.3182804627423951,estimated_regional_daily_relative_pressure
2023-03-31,62166.195644876796,11.037582738394567,11.362330327532671,-0.06278018303163624,-0.26196740610646774,estimated_regional_daily_relative_pressure
2023-04-01,165785.77182016982,12.018457734544873,11.412658454146946,-0.013629419351718278,0.6194286997496447,estimated_regional_daily_relative_pressure
2023-04-02,167434.26876579155,12.028352100424627,11.423526018341315,-0.013629419351718278,0.61845550143503,estimated_regional_daily_relative_pressure
2023-04-03,54586.169700329156,10.907554146945726,11.412520000645008,-0.013629419351718278,-0.49133643434756397,estimated_regional_daily_relative_pressure
2023-04-04,46795.35924310264,10.753560684928834,11.401963936099026,-0.013629419351718278,-0.634773831818474,estimated_regional_daily_relative_pressure
2023-04-05,298088.37798053917,12.605148646627889,11.422880252433549,-0.013629419351718278,1.1958978135460583,estimated_regional_daily_relative_pressure
2023-04-06,59604.01404472612,10.995494977782073,11.44528930215373,-0.013629419351718278,-0.43616490501993904,estimated_regional_daily_relative_pressure
2023-04-07,71110.01785311275,11.171997566558174,11.49548587245656,-0.013629419351718278,-0.30985888654666854,estimated_regional_daily_relative_pressure
2023-04-08,171623.69551140725,12.053065368918121,11.543065305061663,-0.013629419351718278,0.5236294832081759,estimated_regional_daily_relative_pressure
2023-04-09,190040.11513599192,12.154995723185094,11.571006629999767,-0.013629419351718278,0.5976185125370451,estimated_regional_daily_relative_pressure
2023-04-10,67664.12992189349,11.122326258584037,11.568168363375484,-0.013629419351718278,-0.43221268543972907,estimated_regional_daily_relative_pressure
2023-04-11,87015.31216155166,11.37385087617131,11.56266676158708,-0.013629419351718278,-0.17518646606405083,estimated_regional_daily_relative_pressure
2023-04-12,89779.8475744091,11.405126952861746,11.590416008162707,-0.013629419351718278,-0.1716596359492429,estimated_regional_daily_relative_pressure
2023-04-13,92259.37592265315,11.43237003170413,11.617195488661928,-0.013629419351718278,-0.17119603760607957,estimated_regional_daily_relative_pressure
2023-04-14,87790.818468856,11.38272359155532,11.706684179944181,-0.013629419351718278,-0.3103311690371425,estimated_regional_daily_relative_pressure
2023-04-15,267194.58806738467,12.495736208784448,11.812626908243073,-0.013629419351718278,0.6967387198930931,estimated_regional_daily_relative_pressure
2023-04-16,250535.94372225922,12.43136166856214,11.900589212017449,-0.013629419351718278,0.544401875896409,estimated_regional_daily_relative_pressure
2023-04-17,75519.46020367816,11.23215889459952,11.951339709102925,-0.013629419351718278,-0.7055513951516866,estimated_regional_daily_relative_pressure
2023-04-18,114749.74380227055,11.650517609838783,11.997257758215238,-0.013629419351718278,-0.33311072902473643,estimated_regional_daily_relative_pressure
2023-04-19,115313.01546231251,11.655414255351221,12.015936194169527,-0.013629419351718278,-0.3468925194665869,estimated_regional_daily_relative_pressure
2023-04-20,108769.85988614665,11.596998745601804,12.033803946654311,-0.013629419351718278,-0.42317578170078934,estimated_regional_daily_relative_pressure
2023-04-21,99930.619531424,11.51224142638341,12.027538979263385,-0.013629419351718278,-0.5016681335282568,estimated_regional_daily_relative_pressure
2023-04-22,245088.7655576903,12.409379812453816,12.077932097993711,-0.013629419351718278,0.34507713381182253,estimated_regional_daily_relative_pressure
2023-04-23,234791.4124157844,12.366457051319319,12.093762706535456,-0.013629419351718278,0.2863237641355815,estimated_regional_daily_relative_pressure
2023-04-24,123082.96360348712,11.720622032390704,12.074003445503047,-0.013629419351718278,-0.33975199376062487,estimated_regional_daily_relative_pressure
2023-04-25,121082.08517398713,11.704232243270129,12.058504259671325,-0.013629419351718278,-0.34064259704947847,estimated_regional_daily_relative_pressure
2023-04-26,109823.32162020315,11.606637291908928,12.068705003223632,-0.013629419351718278,-0.44843829196298596,estimated_regional_daily_relative_pressure
2023-04-27,123683.80769852916,11.72549173514312,12.073053338099768,-0.013629419351718278,-0.33393218360493054,estimated_regional_daily_relative_pressure
2023-04-28,118452.10542270956,11.682272426404175,12.103867547615355,-0.013629419351718278,-0.4079657018594614,estimated_regional_daily_relative_pressure
2023-04-29,933393.9727212107,13.74658372649793,12.132046051167254,-0.013629419351718278,1.6281670946823936,estimated_regional_daily_relative_pressure
2023-04-30,1487668.8992150773,14.212721627839263,12.131208417607091,-0.013629419351718278,2.0951426295838904,estimated_regional_daily_relative_pressure
2023-05-01,950186.0656475567,13.76441415540021,12.096209461434615,0.02355441866076091,1.6446502753048347,estimated_regional_daily_relative_pressure
2023-05-02,799484.0758236363,13.591723144194658,12.0656329960271,0.02355441866076091,1.5025357295067974,estimated_regional_daily_relative_pressure
2023-05-03,695099.4336158583,13.451811622906334,12.073971967851028,0.02355441866076091,1.354285236394545,estimated_regional_daily_relative_pressure
2023-05-04,97399.40634372066,11.486585661528707,12.064285075795015,0.02355441866076091,-0.6012538329270684,estimated_regional_daily_relative_pressure
2023-05-05,81425.90388635907,11.307461011957157,12.084457795503328,0.02355441866076091,-0.8005512022069315,estimated_regional_daily_relative_pressure
2023-05-06,245470.13857893404,12.41093465750918,12.102876762309005,0.02355441866076091,0.2845034765394142,estimated_regional_daily_relative_pressure
2023-05-07,284269.53689743386,12.557681658422212,12.093265136639245,0.02355441866076091,0.4408621031222061,estimated_regional_daily_relative_pressure
2023-05-08,116161.62539593343,11.662746431352225,12.056813292031267,0.02355441866076091,-0.4176212793398023,estimated_regional_daily_relative_pressure
2023-05-09,93015.13734427332,11.440528276913465,12.024635721198852,0.02355441866076091,-0.6076618629461475,estimated_regional_daily_relative_pressure
2023-05-10,117537.46990186657,11.674520962401688,12.013514289908343,0.02355441866076091,-0.3625477461674159,estimated_regional_daily_relative_pressure
2023-05-11,92831.24338581669,11.43854930870562,12.001370392077245,0.02355441866076091,-0.5863755020323865,estimated_regional_daily_relative_pressure
2023-05-12,99572.292231859,11.508649257331435,12.022840642250102,0.02355441866076091,-0.5377458035794288,estimated_regional_daily_relative_pressure
2023-05-13,233365.96433718092,12.36036744784492,12.038186249163724,0.02355441866076091,0.2986267800204355,estimated_regional_daily_relative_pressure
2023-05-14,220995.83117292786,12.305903641813055,12.025247987368967,0.02355441866076091,0.2571012357833268,estimated_regional_daily_relative_pressure
2023-05-15,85540.50290047968,11.356756951190265,11.945672523241004,0.02355441866076091,-0.6124699907115002,estimated_regional_daily_relative_pressure
2023-05-16,90287.78796746716,11.410768567437664,11.853337745770444,0.02355441866076091,-0.4661235969935412,estimated_regional_daily_relative_pressure
2023-05-17,97098.47436511205,11.483491240929151,11.775998976949712,0.02355441866076091,-0.3160621546813215,estimated_regional_daily_relative_pressure
2023-05-18,97797.74475663489,11.490667021141308,11.70127853802431,0.02355441866076091,-0.2341659355437632,estimated_regional_daily_relative_pressure
2023-05-19,84983.48217020667,11.350223956102404,11.663154312146874,0.02355441866076091,-0.33648477470523097,estimated_regional_daily_relative_pressure
2023-05-20,215510.2877078438,12.280768566308927,11.694428311827759,0.02355441866076091,0.5627858358204075,estimated_regional_daily_relative_pressure
2023-05-21,192525.0439061859,12.167986716577849,11.700896647237286,0.02355441866076091,0.4435356506798015,estimated_regional_daily_relative_pressure
2023-05-22,74181.31293709637,11.214281030620803,11.676950692668898,0.02355441866076091,-0.4862240807088555,estimated_regional_daily_relative_pressure
2023-05-23,79170.57640447399,11.279372629606426,11.644976070612424,0.02355441866076091,-0.389157859666759,estimated_regional_daily_relative_pressure
2023-05-24,86590.10325650572,11.368952355514459,11.645550828019315,0.02355441866076091,-0.3001528911656174,estimated_regional_daily_relative_pressure
2023-05-25,87190.11063007703,11.37585766238497,11.65347987694286,0.02355441866076091,-0.3011766332186515,estimated_regional_daily_relative_pressure
2023-05-26,83096.62583887471,11.327771410506106,11.684349979308143,0.02355441866076091,-0.3801329874627982,estimated_regional_daily_relative_pressure
2023-05-27,213674.7690675452,12.272215047267451,11.71950142399907,0.02355441866076091,0.5291592046076207,estimated_regional_daily_relative_pressure
2023-05-28,199027.94581096098,12.201205549465369,11.725556460180279,0.02355441866076091,0.4520946706243293,estimated_regional_daily_relative_pressure
2023-05-29,79314.29869484554,11.28118631076682,11.708396863732062,0.02355441866076091,-0.45076497162600304,estimated_regional_daily_relative_pressure
2023-05-30,79200.01065614886,11.27974433853106,11.687367557632548,0.02355441866076091,-0.43117763776224904,estimated_regional_daily_relative_pressure
2023-05-31,84993.644384979,11.350343526251873,11.67923617573858,0.02355441866076091,-0.3524470681474686,estimated_regional_daily_relative_pressure
2023-06-01,86413.63456235996,11.366912321957514,11.689028390930396,-0.023675184188984694,-0.29844088478389724,estimated_regional_daily_relative_pressure
2023-06-02,78855.85592043678,11.275389537507186,11.731473484434567,-0.023675184188984694,-0.43240876273839585,estimated_regional_daily_relative_pressure
2023-06-03,213193.59532739237,12.269960620705751,11.776860109709943,-0.023675184188984694,0.5167756951847923,estimated_regional_daily_relative_pressure
2023-06-04,256805.88254749746,12.456079651636218,11.790105990300427,-0.023675184188984694,0.6896488455247755,estimated_regional_daily_relative_pressure
2023-06-05,99505.61562724925,11.50797940965248,11.779666546943066,-0.023675184188984694,-0.24801195310160132,estimated_regional_daily_relative_pressure
2023-06-06,116844.76145087264,11.668610065889105,11.77625714658661,-0.023675184188984694,-0.08397189650852092,estimated_regional_daily_relative_pressure
2023-06-07,105499.22606282927,11.566468374671595,11.850036648699184,-0.023675184188984694,-0.2598930898386042,estimated_regional_daily_relative_pressure
2023-06-08,118249.89924874296,11.680563910965796,11.922120154739016,-0.023675184188984694,-0.2178810595842348,estimated_regional_daily_relative_pressure
2023-06-09,118933.57054656626,11.686328793543407,12.003114325619059,-0.023675184188984694,-0.2931103478866676,estimated_regional_daily_relative_pressure
2023-06-10,306046.05258320575,12.631494135725427,12.05206138545579,-0.023675184188984694,0.603107934458622,estimated_regional_daily_relative_pressure
2023-06-11,276023.27510878176,12.528244094124311,12.07914591498672,-0.023675184188984694,0.4727733633265759,estimated_regional_daily_relative_pressure
2023-06-12,120132.07659675593,11.696355378949,12.075270037815606,-0.023675184188984694,-0.355239474677621,estimated_regional_daily_relative_pressure
2023-06-13,137092.70621247342,11.828419957950157,12.071392460909827,-0.023675184188984694,-0.21929731877068562,estimated_regional_daily_relative_pressure
2023-06-14,115149.48909827958,11.653995152728127,12.112107036269384,-0.023675184188984694,-0.4344366993522721,estimated_regional_daily_relative_pressure
2023-06-15,66480.8403878528,11.104684112477273,12.155131275889426,-0.023675184188984694,-1.0267719792231687,estimated_regional_daily_relative_pressure
2023-06-16,122310.60886439667,11.714327238383913,12.220375994030174,-0.023675184188984694,-0.48237357145727716,estimated_regional_daily_relative_pressure
2023-06-17,361959.05505174363,12.799289139558503,12.2831119417553,-0.023675184188984694,0.5398523819921887,estimated_regional_daily_relative_pressure
2023-06-18,399372.5225404829,12.897652404677943,12.341266019974956,-0.023675184188984694,0.5800615688919722,estimated_regional_daily_relative_pressure
2023-06-19,128134.84310516038,11.760846254407415,12.359577418582319,-0.023675184188984694,-0.5750559799859191,estimated_regional_daily_relative_pressure
2023-06-20,155926.40451245144,11.957145822230698,12.383511079178044,-0.023675184188984694,-0.40269007275836105,estimated_regional_daily_relative_pressure
2023-06-21,173215.11361778594,12.062295305527732,12.439558511497815,-0.023675184188984694,-0.3535880217810982,estimated_regional_daily_relative_pressure
2023-06-22,730470.5738305956,13.50144559611061,12.489121938602974,-0.023675184188984694,1.0359988416966208,estimated_regional_daily_relative_pressure
2023-06-23,739670.4032073193,13.513961316841241,12.559543305525578,-0.023675184188984694,0.9780931955046482,estimated_regional_daily_relative_pressure
2023-06-24,1066369.786317956,13.87977165279581,12.623486741229367,-0.023675184188984694,1.2799600957554274,estimated_regional_daily_relative_pressure
2023-06-25,397604.87003440433,12.893216517323593,12.672396436498017,-0.023675184188984694,0.24449526501456006,estimated_regional_daily_relative_pressure
2023-06-26,192410.54603015634,12.16739182596493,12.693831897990071,-0.023675184188984694,-0.5027648878361558,estimated_regional_daily_relative_pressure
2023-06-27,189483.56612989877,12.152062854962967,12.716621387254092,-0.023675184188984694,-0.5408833481021401,estimated_regional_daily_relative_pressure
2023-06-28,176485.6765233289,12.081000665386243,12.767799501722433,-0.023675184188984694,-0.6631236521472045,estimated_regional_daily_relative_pressure
2023-06-29,280221.20225421514,12.543338146913023,12.815507948509994,-0.023675184188984694,-0.2484946174079871,estimated_regional_daily_relative_pressure
2023-06-30,300586.9793820276,12.613495766752363,12.88281145206987,-0.023675184188984694,-0.2456405011285218,estimated_regional_daily_relative_pressure
2023-07-01,642375.454544563,13.372929788615085,12.967625485729721,0.0243012858417797,0.3810030170435843,estimated_regional_daily_relative_pressure
2023-07-02,604238.9712678302,13.311726701436406,13.022372885233375,0.0243012858417797,0.265052530361251,estimated_regional_daily_relative_pressure
2023-07-03,478381.5294849092,13.078165962316515,13.044197985737888,0.0243012858417797,0.00966669073684679,estimated_regional_daily_relative_pressure
2023-07-04,376100.36640221125,12.837613977534017,13.063405781710095,0.0243012858417797,-0.2500930900178575,estimated_regional_daily_relative_pressure
2023-07-05,539296.7612508138,13.198023130103675,13.117954820409663,0.0243012858417797,0.055767023852231874,estimated_regional_daily_relative_pressure
2023-07-06,565490.086109046,13.245449811565353,13.165140324321673,0.0243012858417797,0.05600820140190011,estimated_regional_daily_relative_pressure
2023-07-07,543113.9691969977,13.205076306149078,13.19345441029402,0.0243012858417797,-0.012679389986722127,estimated_regional_daily_relative_pressure
2023-07-08,936148.7661890582,13.749530749272278,13.201956242803657,0.0243012858417797,0.5232732206268411,estimated_regional_daily_relative_pressure
2023-07-09,858386.079018052,13.662810417783254,13.196203105239524,0.0243012858417797,0.44230602670194963,estimated_regional_daily_relative_pressure
2023-07-10,541732.4375866656,13.202529346871586,13.181783649235095,0.0243012858417797,-0.0035555882052891105,estimated_regional_daily_relative_pressure
2023-07-11,594806.7017647038,13.295993441979101,13.200867437933088,0.0243012858417797,0.07082471820423408,estimated_regional_daily_relative_pressure
2023-07-12,559453.9366494888,13.23471826130899,13.240831485904943,0.0243012858417797,-0.030414510437733126,estimated_regional_daily_relative_pressure
2023-07-13,587055.8411736991,13.282876927467502,13.280380936718837,0.0243012858417797,-0.021805295093114678,estimated_regional_daily_relative_pressure
2023-07-14,601619.3084016846,13.307381808364632,13.31642272451646,0.0243012858417797,-0.03334220199360848,estimated_regional_daily_relative_pressure
2023-07-15,927643.413364551,13.740403763084226,13.324454055287887,0.0243012858417797,0.3916484219545586,estimated_regional_daily_relative_pressure
2023-07-16,921647.4654617142,13.733919155932659,13.327642104027847,0.0243012858417797,0.3819757660630325,estimated_regional_daily_relative_pressure
2023-07-17,667633.8177349365,13.411496622997248,13.321377518281395,0.0243012858417797,0.06581781887407367,estimated_regional_daily_relative_pressure
2023-07-18,712023.2545537405,13.475867255198368,13.316572747129317,0.0243012858417797,0.13499322222727117,estimated_regional_daily_relative_pressure
2023-07-19,724395.432211965,13.493094079816325,13.322946839567127,0.0243012858417797,0.14584595440741865,estimated_regional_daily_relative_pressure
2023-07-20,695137.5478431326,13.451866454094054,13.341000798280012,0.0243012858417797,0.08656436997226202,estimated_regional_daily_relative_pressure
2023-07-21,673265.4496031753,13.419896443502989,13.363523463157742,0.0243012858417797,0.032071694503466704,estimated_regional_daily_relative_pressure
2023-07-22,416661.56254527863,12.940031970670532,13.37941920526262,0.0243012858417797,-0.46368852043386766,estimated_regional_daily_relative_pressure
2023-07-23,950745.1762041764,13.765002403909346,13.378890412873782,0.0243012858417797,0.36181070519378467,estimated_regional_daily_relative_pressure
2023-07-24,618846.4357291529,13.33561405235314,13.361240835250195,0.0243012858417797,-0.04992806873883437,estimated_regional_daily_relative_pressure
2023-07-25,681987.8015379488,13.432768516658456,13.342531197332853,0.0243012858417797,0.06593603348382282,estimated_regional_daily_relative_pressure
2023-07-26,718422.1120118872,13.484813966961386,13.353226298744172,0.0243012858417797,0.10728638237543486,estimated_regional_daily_relative_pressure
2023-07-27,664158.3025032291,13.40627731309243,13.348124003595819,0.0243012858417797,0.03385202365483076,estimated_regional_daily_relative_pressure
2023-07-28,645702.5846646116,13.378095830193715,13.336520738516604,0.0243012858417797,0.017273805835330565,estimated_regional_daily_relative_pressure
2023-07-29,539443.9864467653,13.198296087112524,13.344825011278429,0.0243012858417797,-0.1708302100076844,estimated_regional_daily_relative_pressure
2023-07-30,359441.4647184336,12.792309400827236,13.335218265871225,0.0243012858417797,-0.5672101508857688,estimated_regional_daily_relative_pressure
2023-07-31,331811.4828669004,12.712325277691143,13.314873416716846,0.0243012858417797,-0.6268494248674832,estimated_regional_daily_relative_pressure
2023-08-01,528990.4935551294,13.178727630475098,13.295058966161568,0.10456578928671059,-0.22089712497318006,estimated_regional_daily_relative_pressure
2023-08-02,520620.6179366037,13.162778795721959,13.282771530349219,0.10456578928671059,-0.22455852391397083,estimated_regional_daily_relative_pressure
2023-08-03,582894.280776167,13.275762827888613,13.265230764120204,0.10456578928671059,-0.09403372551830183,estimated_regional_daily_relative_pressure
2023-08-04,658213.8637337803,13.397286697633511,13.26418715069361,0.10456578928671059,0.02853375765319041,estimated_regional_daily_relative_pressure
2023-08-05,1084061.093657729,13.896225741313254,13.257051268244075,0.10456578928671059,0.5346086837824685,estimated_regional_daily_relative_pressure
2023-08-06,925617.8472174279,13.7382178168166,13.203299146285778,0.10456578928671059,0.43035288124411253,estimated_regional_daily_relative_pressure
2023-08-07,534283.4970558499,13.188683742095092,13.190169502653012,0.10456578928671059,-0.10605154984463008,estimated_regional_daily_relative_pressure
2023-08-08,541659.0355498306,13.20239384294108,13.139000175534843,0.10456578928671059,-0.04117212188047406,estimated_regional_daily_relative_pressure
2023-08-09,480609.1119597807,13.082811642345685,13.107361179606016,0.10456578928671059,-0.12911532654704141,estimated_regional_daily_relative_pressure
2023-08-10,754700.4281575131,13.534077490622453,13.072111511147352,0.10456578928671059,0.35740019018839064,estimated_regional_daily_relative_pressure
2023-08-11,507788.51105624036,13.137822292380148,13.05792166515372,0.10456578928671059,-0.024665162060283047,estimated_regional_daily_relative_pressure
2023-08-12,390434.1025717414,12.875017043853356,13.044461010879571,0.10456578928671059,-0.27400975631292546,estimated_regional_daily_relative_pressure
2023-08-13,759418.331763499,13.540309383084082,12.996905363248015,0.10456578928671059,0.4388382305493571,estimated_regional_daily_relative_pressure
2023-08-14,446667.81848060555,13.009572700741273,12.954818857681335,0.10456578928671059,-0.04981194622677246,estimated_regional_daily_relative_pressure
2023-08-15,493713.86802481324,13.109713439298481,12.926574737943703,0.10456578928671059,0.07857291206806769,estimated_regional_daily_relative_pressure
2023-08-16,498654.716002368,13.119671188719028,12.891961320316774,0.10456578928671059,0.12314407911554345,estimated_regional_daily_relative_pressure
2023-08-17,456153.16514326987,13.030586112814404,12.8462055166871,0.10456578928671059,0.07981480684059425,estimated_regional_daily_relative_pressure
2023-08-18,413371.1278039444,12.93210350209895,12.827663026886373,0.10456578928671059,-0.00012531407413343687,estimated_regional_daily_relative_pressure
2023-08-19,701334.7875977203,13.460742063591912,12.795792487388413,0.10456578928671059,0.5603837869167886,estimated_regional_daily_relative_pressure
2023-08-20,557184.8346352798,13.230654098158459,12.738859343921282,0.10456578928671059,0.38722896495046577,estimated_regional_daily_relative_pressure
2023-08-21,127207.23429236168,11.753580662795782,12.665975919259902,0.10456578928671059,-1.01696104575083,estimated_regional_daily_relative_pressure
2023-08-22,277342.7576349302,12.533013018054788,12.59747629343486,0.10456578928671059,-0.16902906466678305,estimated_regional_daily_relative_pressure
2023-08-23,194609.0833652807,12.17875326324612,12.547532510806333,0.10456578928671059,-0.47334503684692286,estimated_regional_daily_relative_pressure
2023-08-24,232071.5178066811,12.354805178559447,12.499891463483655,0.10456578928671059,-0.24965207421091842,estimated_regional_daily_relative_pressure
2023-08-25,228667.536344438,12.340028794439888,12.476273912722805,0.10456578928671059,-0.24081090756962711,estimated_regional_daily_relative_pressure
2023-08-26,462742.75787920493,13.044928741158822,12.444295208190336,0.10456578928671059,0.496067743681775,estimated_regional_daily_relative_pressure
2023-08-27,437571.21350272617,12.988997030593799,12.375076634266861,0.10456578928671059,0.5093546070402272,estimated_regional_daily_relative_pressure
2023-08-28,147836.76271576315,11.903870753615463,12.337062291550502,0.10456578928671059,-0.5377573272217501,estimated_regional_daily_relative_pressure
2023-08-29,146328.23768984296,11.893614414545416,12.27896170843895,0.10456578928671059,-0.4899130831802453,estimated_regional_daily_relative_pressure
2023-08-30,149751.87118172558,11.916741688960675,12.236937517606533,0.10456578928671059,-0.4247616179325683,estimated_regional_daily_relative_pressure
2023-08-31,113470.76645471717,11.639309331256328,12.193292340469002,0.10456578928671059,-0.6585487984993844,estimated_regional_daily_relative_pressure
2023-09-01,128064.57519839137,11.760297717955149,12.179214739512638,-0.17230109563443968,-0.24661592592304898,estimated_regional_daily_relative_pressure
2023-09-02,293008.88126940554,12.587961611899509,12.166922062508466,-0.17230109563443968,0.593340645025483,estimated_regional_daily_relative_pressure
2023-09-03,217025.79484579898,12.287776103451817,12.1280889976013,-0.17230109563443968,0.3319882014849573,estimated_regional_daily_relative_pressure
2023-09-04,112684.86268582709,11.632359250152502,12.071614648508625,-0.17230109563443968,-0.2669543027216828,estimated_regional_daily_relative_pressure
2023-09-05,113190.86484143608,11.636839576810443,12.021827206311107,-0.17230109563443968,-0.2126865338662241,estimated_regional_daily_relative_pressure
2023-09-06,110715.6391884607,11.614729416240337,11.998874444750948,-0.17230109563443968,-0.21184393287617126,estimated_regional_daily_relative_pressure
2023-09-07,113597.6021993958,11.640426480610703,11.965080842643397,-0.17230109563443968,-0.15235326639825458,estimated_regional_daily_relative_pressure
2023-09-08,123687.47386888819,11.725521375938085,11.969254692947967,-0.17230109563443968,-0.07143222137544242,estimated_regional_daily_relative_pressure
2023-09-09,231113.2760649469,12.350667568759302,11.964527709792161,-0.17230109563443968,0.5584409546015807,estimated_regional_daily_relative_pressure
2023-09-10,280052.9802327375,12.54273765011594,11.929438719299679,-0.17230109563443968,0.7856000264507015,estimated_regional_daily_relative_pressure
2023-09-11,59398.821527125925,10.992046500752382,11.877435488563675,-0.17230109563443968,-0.7130878921768533,estimated_regional_daily_relative_pressure
2023-09-12,120158.15319320909,11.696572419646307,11.829303166951057,-0.17230109563443968,0.039570348329689586,estimated_regional_daily_relative_pressure
2023-09-13,125389.89622087168,11.739191306625917,11.819791914710079,-0.17230109563443968,0.09170048755027843,estimated_regional_daily_relative_pressure
2023-09-14,121396.16259087386,11.706822784936323,11.8627901003785,-0.17230109563443968,0.016333780192262004,estimated_regional_daily_relative_pressure
2023-09-15,127606.3114524172,11.75671294803509,11.923265425241318,-0.17230109563443968,0.0057486184282120045,estimated_regional_daily_relative_pressure
2023-09-16,322307.8605575375,12.683265559071739,11.994047119317749,-0.17230109563443968,0.8615195353884297,estimated_regional_daily_relative_pressure
2023-09-17,311610.69541074947,12.64951312568499,12.050141008859727,-0.17230109563443968,0.7716732124597028,estimated_regional_daily_relative_pressure
2023-09-18,124028.96764894649,11.728278489976853,12.075319355060294,-0.17230109563443968,-0.17473976944900144,estimated_regional_daily_relative_pressure
2023-09-19,121787.01637832193,11.710037241719041,12.107457273252587,-0.17230109563443968,-0.2251189358991062,estimated_regional_daily_relative_pressure
2023-09-20,119042.39744631971,11.68724339003532,12.155705671868358,-0.17230109563443968,-0.2961611861985978,estimated_regional_daily_relative_pressure
2023-09-21,62444.22518542558,11.042045054430895,12.201020914066083,-0.17230109563443968,-0.986674764000748,estimated_regional_daily_relative_pressure
2023-09-22,97285.095320005,11.4854113527207,12.223733765237286,-0.17230109563443968,-0.5660213168821466,estimated_regional_daily_relative_pressure
2023-09-23,221491.19319741693,12.308142622687814,12.22800472076244,-0.17230109563443968,0.25243899755981375,estimated_regional_daily_relative_pressure
2023-09-24,200438.69365893083,12.208268700729501,12.207325037098675,-0.17230109563443968,0.1732447592652659,estimated_regional_daily_relative_pressure
2023-09-25,77053.64228095785,11.252270089172846,12.165101674781658,-0.17230109563443968,-0.7405304899743721,estimated_regional_daily_relative_pressure
2023-09-26,92301.69223198322,11.432828588342732,12.117527500087398,-0.17230109563443968,-0.5123978161102267,estimated_regional_daily_relative_pressure
2023-09-27,98408.73987413879,11.496895060602665,12.122268450582167,-0.17230109563443968,-0.45307229434506296,estimated_regional_daily_relative_pressure
2023-09-28,110085.52584347858,11.609021934145108,12.091556974967444,-0.17230109563443968,-0.31023394518789643,estimated_regional_daily_relative_pressure
2023-09-29,554907.3091084583,13.226558170266504,12.100825852193342,-0.17230109563443968,1.2980334137076015,estimated_regional_daily_relative_pressure
2023-09-30,976251.7135609518,13.791476759708049,12.110355086425438,-0.17230109563443968,1.8534227689170508,estimated_regional_daily_relative_pressure
2023-10-01,1018193.8348629556,13.833541847625638,12.083037464720736,0.10776981631108759,1.6427345665938142,estimated_regional_daily_relative_pressure
2023-10-02,728838.1148919356,13.499208293756535,12.025660240885777,0.10776981631108759,1.36577823655967,estimated_regional_daily_relative_pressure
2023-10-03,639529.9807625975,13.36849034411704,11.964939866021748,0.10776981631108759,1.2957806617842047,estimated_regional_daily_relative_pressure
2023-10-04,587745.8267525273,13.284051567412883,11.936934854492192,0.10776981631108759,1.2393468966096035,estimated_regional_daily_relative_pressure
2023-10-05,502855.2421012283,13.128059607241395,11.908575590165814,0.10776981631108759,1.1117142007644938,estimated_regional_daily_relative_pressure
2023-10-06,461210.53824435105,13.041612084939969,11.910050647209477,0.10776981631108759,1.0237916214194038,estimated_regional_daily_relative_pressure
2023-10-07,223870.56649678372,12.318827802547622,11.936106623217352,0.10776981631108759,0.2749513630191822,estimated_regional_daily_relative_pressure
2023-10-08,129679.12261002022,11.772826101890452,11.915394680653483,0.10776981631108759,-0.2503383950741187,estimated_regional_daily_relative_pressure
2023-10-09,65149.23452793816,11.084451182361372,11.869165553938611,0.10776981631108759,-0.892484187888327,estimated_regional_daily_relative_pressure
2023-10-10,62425.38721026421,11.041743336931733,11.825528956813457,0.10776981631108759,-0.8915554361928122,estimated_regional_daily_relative_pressure
2023-10-11,64082.24591694048,11.06793823459389,11.811854985547798,0.10776981631108759,-0.8516865672649951,estimated_regional_daily_relative_pressure
2023-10-12,68802.9177327579,11.139015966090284,11.791862715569549,0.10776981631108759,-0.7606165657903523,estimated_regional_daily_relative_pressure
2023-10-13,46374.04060968472,10.744516675589885,11.803577922753455,0.10776981631108759,-1.166831063474657,estimated_regional_daily_relative_pressure
2023-10-14,167128.87781895875,12.026526500628785,11.810956543011976,0.10776981631108759,0.10780014130572171,estimated_regional_daily_relative_pressure
2023-10-15,163116.98399328027,12.002229046131259,11.734644416403729,0.10776981631108759,0.15981481341644235,estimated_regional_daily_relative_pressure
2023-10-16,54712.55014484966,10.909866675189287,11.639579924204932,0.10776981631108759,-0.8374830653267333,estimated_regional_daily_relative_pressure
2023-10-17,54423.60455402774,10.904571620188023,11.54122291899433,0.10776981631108759,-0.7444211151173958,estimated_regional_daily_relative_pressure
2023-10-18,47437.124792142895,10.767181504900114,11.455273340974358,0.10776981631108759,-0.7958616523853321,estimated_regional_daily_relative_pressure
2023-10-19,52057.487887827636,10.860123132560602,11.37178839059119,0.10776981631108759,-0.6194350743416754,estimated_regional_daily_relative_pressure
2023-10-20,50558.191996003174,10.83090004760133,11.323249559455773,0.10776981631108759,-0.6001193281655299,estimated_regional_daily_relative_pressure
2023-10-21,124612.24232609686,11.732970158388925,11.259269679788229,0.10776981631108759,0.36593066228960835,estimated_regional_daily_relative_pressure
2023-10-22,140052.57552028325,11.849780310674987,11.182814268009562,0.10776981631108759,0.5591962263543377,estimated_regional_daily_relative_pressure
2023-10-23,51191.13230187424,10.843341133240754,11.131068704397999,0.10776981631108759,-0.3954973874683321,estimated_regional_daily_relative_pressure
2023-10-24,52839.84205916381,10.875039694526768,11.099875469698073,0.10776981631108759,-0.3326055914823931,estimated_regional_daily_relative_pressure
2023-10-25,51819.14176591079,10.855534189849735,11.088380220649363,0.10776981631108759,-0.3406158471107157,estimated_regional_daily_relative_pressure
2023-10-26,50430.78852494046,10.828376979937433,11.078902958862614,0.10776981631108759,-0.3582957952362682,estimated_regional_daily_relative_pressure
2023-10-27,49664.61984132222,10.813068219017005,11.096805397205115,0.10776981631108759,-0.39150699449919757,estimated_regional_daily_relative_pressure
2023-10-28,141500.62545355558,11.860066483303731,11.105465574789513,0.10776981631108759,0.6468310922031308,estimated_regional_daily_relative_pressure
2023-10-29,138379.0496931652,11.837759162159294,11.105972189515354,0.10776981631108759,0.6240171563328525,estimated_regional_daily_relative_pressure
2023-10-30,52097.02115815333,10.860882245410798,11.06627452199838,0.10776981631108759,-0.3131620928986705,estimated_regional_daily_relative_pressure
2023-10-31,51249.33848403387,10.84447750154536,11.028747580897774,0.10776981631108759,-0.29203989566350175,estimated_regional_daily_relative_pressure
2023-11-01,48264.61522891397,10.78447468609703,11.023986899403054,-0.015569362242790449,-0.22394285106323433,estimated_regional_daily_relative_pressure
2023-11-02,50754.30254733563,10.834771375137336,11.019262090929583,-0.015569362242790449,-0.16892135354945662,estimated_regional_daily_relative_pressure
2023-11-03,48071.08250244364,10.78045688223886,11.047872970177211,-0.015569362242790449,-0.25184672569556027,estimated_regional_daily_relative_pressure
2023-11-04,130527.62132751082,11.77934780221498,11.073219678114361,-0.015569362242790449,0.7216974863434097,estimated_regional_daily_relative_pressure
2023-11-05,69193.96214255645,11.144683337547466,11.073186526236706,-0.015569362242790449,0.08706617355355102,estimated_regional_daily_relative_pressure
2023-11-06,43108.31248979478,10.671494319801319,11.044789339244707,-0.015569362242790449,-0.3577256572005975,estimated_regional_daily_relative_pressure
2023-11-07,45012.392275067585,10.714715330589154,11.011430227961132,-0.015569362242790449,-0.2811455351291869,estimated_regional_daily_relative_pressure
2023-11-08,49306.714385291016,10.805835826192782,11.010741508965268,-0.015569362242790449,-0.18933632052969532,estimated_regional_daily_relative_pressure
2023-11-09,45618.86158972095,10.728098461851333,11.007199092699691,-0.015569362242790449,-0.2635312686055677,estimated_regional_daily_relative_pressure
2023-11-10,46533.45205000588,10.747948221542552,11.0328928418509,-0.015569362242790449,-0.2693752580655577,estimated_regional_daily_relative_pressure
2023-11-11,111625.50750944435,11.622913823211409,11.054714110689154,-0.015569362242790449,0.5837690747650449,estimated_regional_daily_relative_pressure
2023-11-12,89991.48728405769,11.407481471206621,11.05212335637308,-0.015569362242790449,0.37092747707633117,estimated_regional_daily_relative_pressure
2023-11-13,47108.11247465633,10.760221732090946,11.016290330971488,-0.015569362242790449,-0.240499236637752,estimated_regional_daily_relative_pressure
2023-11-14,48819.16909596095,10.795898807602587,10.980867943350576,-0.015569362242790449,-0.169399773505199,estimated_regional_daily_relative_pressure
2023-11-15,50963.97300944898,10.838893872012438,10.978709924060555,-0.015569362242790449,-0.1242466898053262,estimated_regional_daily_relative_pressure
2023-11-16,47205.43744653784,10.762285548853034,10.975516081571943,-0.015569362242790449,-0.1976611704761179,estimated_regional_daily_relative_pressure
2023-11-17,47008.38574748221,10.758102557510393,11.00271138061801,-0.015569362242790449,-0.22903946086482666,estimated_regional_daily_relative_pressure
2023-11-18,115163.72359737993,11.654118761576642,11.031574598309932,-0.015569362242790449,0.6381135255095004,estimated_regional_daily_relative_pressure
2023-11-19,114217.78772028633,11.645871078612243,11.032085888856614,-0.015569362242790449,0.6293545519984204,estimated_regional_daily_relative_pressure
2023-11-20,50506.25859019416,10.829872339393933,10.99869711939575,-0.015569362242790449,-0.15325541775902632,estimated_regional_daily_relative_pressure
2023-11-21,51670.2783499946,10.852657361636973,10.987147448828269,-0.015569362242790449,-0.11892072494850507,estimated_regional_daily_relative_pressure
2023-11-22,49792.90474704126,10.815647860884184,10.990520727301186,-0.015569362242790449,-0.15930350417421227,estimated_regional_daily_relative_pressure
2023-11-23,50109.75047378213,10.821990844368905,10.992351733714889,-0.015569362242790449,-0.15479152710319358,estimated_regional_daily_relative_pressure
2023-11-24,47344.392675204304,10.765224790293953,11.019183119607955,-0.015569362242790449,-0.23838896707121218,estimated_regional_daily_relative_pressure
2023-11-25,114924.61977642524,11.6520404135372,11.042834821638692,-0.015569362242790449,0.6247749541412987,estimated_regional_daily_relative_pressure
2023-11-26,99193.34780954637,11.504836313923324,11.040767231450221,-0.015569362242790449,0.47963844471589284,estimated_regional_daily_relative_pressure
2023-11-27,45831.78002741596,10.732754835218678,11.010291472111778,-0.015569362242790449,-0.26196727465030917,estimated_regional_daily_relative_pressure
2023-11-28,46593.7287076759,10.749242695854397,10.98514469052808,-0.015569362242790449,-0.22033263243089177,estimated_regional_daily_relative_pressure
2023-11-29,46149.59561482134,10.739665145911017,10.980387084097874,-0.015569362242790449,-0.22515257594406637,estimated_regional_daily_relative_pressure
2023-11-30,48725.760127128284,10.793983647420152,10.977248423311956,-0.015569362242790449,-0.1676954136490131,estimated_regional_daily_relative_pressure
2023-12-01,46418.19715308078,10.745468384398396,10.997693786452976,-0.017294712866083795,-0.2349306891884953,estimated_regional_daily_relative_pressure
2023-12-02,112141.8693457815,11.627528956525111,11.019413474576748,-0.017294712866083795,0.6254101948144474,estimated_regional_daily_relative_pressure
2023-12-03,124184.42910286793,11.729531123586884,11.016351069414785,-0.017294712866083795,0.7304747670381829,estimated_regional_daily_relative_pressure
2023-12-04,48839.09577344817,10.796306889186031,10.98426742712957,-0.017294712866083795,-0.17066582507745515,estimated_regional_daily_relative_pressure
2023-12-05,46363.80553140552,10.744295948928226,10.952462965328596,-0.017294712866083795,-0.19087230353428658,estimated_regional_daily_relative_pressure
2023-12-06,48369.41037952004,10.786643549955528,10.946445240682044,-0.017294712866083795,-0.14250697786043204,estimated_regional_daily_relative_pressure
2023-12-07,47860.464107623986,10.776065952461733,10.939086223235721,-0.017294712866083795,-0.1457255579079038,estimated_regional_daily_relative_pressure
2023-12-08,47641.31087925309,10.771476529413986,10.955178890111567,-0.017294712866083795,-0.1664076478314967,estimated_regional_daily_relative_pressure
2023-12-09,113277.96688547824,11.637608788877822,10.967605812360526,-0.017294712866083795,0.6872976893833794,estimated_regional_daily_relative_pressure
2023-12-10,94967.565352912,11.461301224804185,10.96345111828916,-0.017294712866083795,0.5151448193811078,estimated_regional_daily_relative_pressure
2023-12-11,43644.38925099728,10.6838529256999,10.932275023188401,-0.017294712866083795,-0.23112738462241672,estimated_regional_daily_relative_pressure
2023-12-12,43396.85451462777,10.678165283719714,10.906965832698745,-0.017294712866083795,-0.211505836112947,estimated_regional_daily_relative_pressure
2023-12-13,41270.65575941838,10.627931242111895,10.907187960089322,-0.017294712866083795,-0.2619620051113432,estimated_regional_daily_relative_pressure
2023-12-14,40648.26089942177,10.612735932754616,10.907575246691568,-0.017294712866083795,-0.2775446010708687,estimated_regional_daily_relative_pressure
2023-12-15,44292.81469906774,10.698600323239146,10.935003933519804,-0.017294712866083795,-0.21910889741457346,estimated_regional_daily_relative_pressure
2023-12-16,96056.2963491576,11.472700129384016,10.961110511938386,-0.017294712866083795,0.5288843303117133,estimated_regional_daily_relative_pressure
2023-12-17,92557.47451477122,11.435595880689947,11.003325246720015,-0.017294712866083795,0.4495653468360154,estimated_regional_daily_relative_pressure
2023-12-18,42750.86065407226,10.663167997489627,10.973179976233252,-0.017294712866083795,-0.29271726587754215,estimated_regional_daily_relative_pressure
2023-12-19,42595.43531629095,10.659525850734921,10.944293574105805,-0.017294712866083795,-0.2674730105047998,estimated_regional_daily_relative_pressure
2023-12-20,42612.77184596732,10.659932762782033,10.947698011063265,-0.017294712866083795,-0.2704705354151485,estimated_regional_daily_relative_pressure
2023-12-21,41910.80780302156,10.643322875350817,10.958007048294272,-0.017294712866083795,-0.29738946007737105,estimated_regional_daily_relative_pressure
2023-12-22,41130.42968622949,10.624527820800983,10.998072892649672,-0.017294712866083795,-0.356250358982605,estimated_regional_daily_relative_pressure
2023-12-23,82002.77272548676,11.314520534035415,11.039057262401824,-0.017294712866083795,0.29275798449967433,estimated_regional_daily_relative_pressure
2023-12-24,73659.75458335651,11.207225434086642,11.04917851356335,-0.017294712866083795,0.17534163338937575,estimated_regional_daily_relative_pressure
2023-12-25,41622.878088123565,10.636429274081639,11.031658468040067,-0.017294712866083795,-0.3779344810923447,estimated_regional_daily_relative_pressure
2023-12-26,43719.89728015073,10.685581465413605,11.015894513761113,-0.017294712866083795,-0.3130183354814238,estimated_regional_daily_relative_pressure
2023-12-27,45262.28099624476,10.720251408744028,11.024897960985333,-0.017294712866083795,-0.2873518393752213,estimated_regional_daily_relative_pressure
2023-12-28,46148.47132688344,10.739640784326562,11.031919906531815,-0.017294712866083795,-0.27498440933916896,estimated_regional_daily_relative_pressure
2023-12-29,47156.51123782768,10.761248580523995,11.077210019248575,-0.017294712866083795,-0.29866672585849613,estimated_regional_daily_relative_pressure
2023-12-30,108006.33684903743,11.589954437586345,11.119695383206537,-0.017294712866083795,0.48755376724589156,estimated_regional_daily_relative_pressure
2023-12-31,109456.05706497587,11.603287578396186,11.129050142807975,-0.017294712866083795,0.4915321484542951,estimated_regional_daily_relative_pressure
2024-01-01,171805.67869961273,12.054125162628912,11.114631040637326,0.028052238914377803,0.9114418830772086,estimated_regional_daily_relative_pressure
2024-01-02,44046.57467690305,10.693025571435458,11.099881585279887,0.028052238914377803,-0.43490825275880685,estimated_regional_daily_relative_pressure
2024-01-03,50717.836928921584,10.83405265763607,11.110841932986611,0.028052238914377803,-0.30484151426491923,estimated_regional_daily_relative_pressure
2024-01-04,54275.380780117,10.901844434867238,11.121404458195158,0.028052238914377803,-0.24761226224229826,estimated_regional_daily_relative_pressure
2024-01-05,63822.45934562902,11.063876103089457,11.160756048376907,0.028052238914377803,-0.12493218420182739,estimated_regional_daily_relative_pressure
2024-01-06,167489.97110990545,12.028684724972935,11.196119398509152,0.028052238914377803,0.8045130875494051,estimated_regional_daily_relative_pressure
2024-01-07,170514.48876539018,12.046581414778485,11.205570169869253,0.028052238914377803,0.8129590059948546,estimated_regional_daily_relative_pressure
2024-01-08,65200.34101521429,11.085235315421242,11.192364566154483,0.028052238914377803,-0.13518148964761867,estimated_regional_daily_relative_pressure
2024-01-09,65806.38714518059,11.094487377656062,11.186723696333427,0.028052238914377803,-0.12028855759174295,estimated_regional_daily_relative_pressure
2024-01-10,58255.94793427825,10.972618642156597,11.197930382624602,0.028052238914377803,-0.25336397938238253,estimated_regional_daily_relative_pressure
2024-01-11,57695.96143382697,10.962959789650723,11.204714499371105,0.028052238914377803,-0.26980694863476007,estimated_regional_daily_relative_pressure
2024-01-12,53950.7601460804,10.895845595660669,11.242780528997578,0.028052238914377803,-0.37498717225128697,estimated_regional_daily_relative_pressure
2024-01-13,168033.5238417604,12.031924736331455,11.279941219259042,0.028052238914377803,0.7239312781580347,estimated_regional_daily_relative_pressure
2024-01-14,151717.51613234024,11.929782215451423,11.285037909465336,0.028052238914377803,0.6166920670717095,estimated_regional_daily_relative_pressure
2024-01-15,59194.32634518346,10.988597870883728,11.266494232290015,0.028052238914377803,-0.3059486003206642,estimated_regional_daily_relative_pressure
2024-01-16,61432.33991309379,11.025707962093875,11.24894664241126,0.028052238914377803,-0.2512909192317627,estimated_regional_daily_relative_pressure
2024-01-17,58591.54591212469,10.978362764609367,11.214355038259146,0.028052238914377803,-0.2640445125641575,estimated_regional_daily_relative_pressure
2024-01-18,60049.35723190539,11.002938776398102,11.222782705708898,0.028052238914377803,-0.24789616822517413,estimated_regional_daily_relative_pressure
2024-01-19,59097.69560681153,10.986964132199887,11.26017796494069,0.028052238914377803,-0.3012660716551805,estimated_regional_daily_relative_pressure
2024-01-20,144325.3102585997,11.879832058416245,11.289422603159506,0.028052238914377803,0.5623572163423605,estimated_regional_daily_relative_pressure
2024-01-21,125439.4884475238,11.739586729450409,11.289378277160862,0.028052238914377803,0.4221562133751684,estimated_regional_daily_relative_pressure
2024-01-22,55131.89006645119,10.917501732964125,11.257770027582708,0.028052238914377803,-0.36832053353296157,estimated_regional_daily_relative_pressure
2024-01-23,54454.91852025537,10.905146818877501,11.225586885971815,0.028052238914377803,-0.3484923060086915,estimated_regional_daily_relative_pressure
2024-01-24,61842.26439544025,11.03235846963393,11.224290023156032,0.028052238914377803,-0.21998379243647914,estimated_regional_daily_relative_pressure
2024-01-25,58913.14826968028,10.983836549108037,11.219620269724132,0.028052238914377803,-0.26383595953047223,estimated_regional_daily_relative_pressure
2024-01-26,53953.106499508154,10.895889084555222,11.283430483871662,0.028052238914377803,-0.41559363823081785,estimated_regional_daily_relative_pressure
2024-01-27,147309.5654292636,11.900298327164686,11.355097992081497,0.028052238914377803,0.5171480961688113,estimated_regional_daily_relative_pressure
2024-01-28,146037.00608018046,11.891622182431917,11.418679693785402,0.028052238914377803,0.4448902497321372,estimated_regional_daily_relative_pressure
2024-01-29,55228.139193246796,10.919245976919106,11.447510940788442,0.028052238914377803,-0.5563172027837142,estimated_regional_daily_relative_pressure
2024-01-30,60784.12875258228,11.015100445151381,11.479325794559305,0.028052238914377803,-0.4922775883223016,estimated_regional_daily_relative_pressure
2024-01-31,63531.844803313805,11.059312292154836,11.540622240879793,0.028052238914377803,-0.5093621876393355,estimated_regional_daily_relative_pressure
2024-02-01,58792.43240837441,10.98178543391338,11.606385454265531,0.013391090091660791,-0.637991110443812,estimated_regional_daily_relative_pressure
2024-02-02,57197.51768177049,10.954283262377738,11.688439757619804,0.013391090091660791,-0.7475475853337273,estimated_regional_daily_relative_pressure
2024-02-03,161667.89971425507,11.993305693821611,11.723891698736427,0.013391090091660791,0.25602290499352337,estimated_regional_daily_relative_pressure
2024-02-04,134379.17915237014,11.808428219650587,11.730571159081945,0.013391090091660791,0.06446597047698072,estimated_regional_daily_relative_pressure
2024-02-05,63734.819376977444,11.06250199713152,11.704443752524716,0.013391090091660791,-0.6553328454848569,estimated_regional_daily_relative_pressure
2024-02-06,62869.28962220094,11.048828988050143,11.68244097956121,0.013391090091660791,-0.647003081602728,estimated_regional_daily_relative_pressure
2024-02-07,62874.00738395765,11.048904024840724,11.685219633469185,0.013391090091660791,-0.649706698720122,estimated_regional_daily_relative_pressure
2024-02-08,62631.06009820604,11.045032568132028,11.690444434083993,0.013391090091660791,-0.6588029560436263,estimated_regional_daily_relative_pressure
2024-02-09,56937.386368037936,10.949725021267101,11.718077475546062,0.013391090091660791,-0.7817435443706221,estimated_regional_daily_relative_pressure
2024-02-10,421145.18312919274,12.950735280730086,11.751202260072967,0.013391090091660791,1.1861419305654586,estimated_regional_daily_relative_pressure
2024-02-11,532134.0258749437,13.184652544155579,11.753265376258732,0.013391090091660791,1.4179960778051868,estimated_regional_daily_relative_pressure
2024-02-12,387269.36609147605,12.866878348481704,11.726688932325304,0.013391090091660791,1.1267983260647387,estimated_regional_daily_relative_pressure
2024-02-13,410729.84205067594,12.925693393425712,11.700374649213082,0.013391090091660791,1.21192765412097,estimated_regional_daily_relative_pressure
2024-02-14,406785.0629419078,12.91604268234818,11.699558584696925,0.013391090091660791,1.2030930075595947,estimated_regional_daily_relative_pressure
2024-02-15,395847.8426231097,12.8887877068189,11.69739818659914,0.013391090091660791,1.177998430128099,estimated_regional_daily_relative_pressure
2024-02-16,471825.9552210949,13.064367577051751,11.726489166761821,0.013391090091660791,1.3244873201982692,estimated_regional_daily_relative_pressure
2024-02-17,745674.7763736438,13.522046168591817,11.74982681447363,0.013391090091660791,1.7588282640265263,estimated_regional_daily_relative_pressure
2024-02-18,180221.76553754628,12.101948951013352,11.748834675891775,0.013391090091660791,0.339723185029916,estimated_regional_daily_relative_pressure
2024-02-19,72693.96492797506,11.194027402910978,11.718359772018802,0.013391090091660791,-0.5377234591994854,estimated_regional_daily_relative_pressure
2024-02-20,64206.95907611491,11.069882455142224,11.693930847310506,0.013391090091660791,-0.6374394822599428,estimated_regional_daily_relative_pressure
2024-02-21,63416.85767619783,11.057500767581667,11.69056905683605,0.013391090091660791,-0.6464593793460446,estimated_regional_daily_relative_pressure
2024-02-22,60091.4809740266,11.00364000411132,11.690123454537725,0.013391090091660791,-0.6998745405180654,estimated_regional_daily_relative_pressure
2024-02-23,64029.55292856867,11.067115637936576,11.717515307917475,0.013391090091660791,-0.6637907600725602,estimated_regional_daily_relative_pressure
2024-02-24,145652.05759997878,11.888982754958027,11.74005871223783,0.013391090091660791,0.13553295262853554,estimated_regional_daily_relative_pressure
2024-02-25,164505.41895711044,12.010704869442133,11.739925759848422,0.013391090091660791,0.2573880195020503,estimated_regional_daily_relative_pressure
2024-02-26,57516.56660569236,10.959845686313884,11.67829762862194,0.013391090091660791,-0.7318430323997182,estimated_regional_daily_relative_pressure
2024-02-27,64628.65015691551,11.07642856522845,11.608408060283505,0.013391090091660791,-0.5453705851467153,estimated_regional_daily_relative_pressure
2024-02-28,64593.16792865537,11.075879405953055,11.5522364828247,0.013391090091660791,-0.489748166963306,estimated_regional_daily_relative_pressure
2024-02-29,53848.47735240502,10.893947976918215,11.502255864651282,0.013391090091660791,-0.6216989778247283,estimated_regional_daily_relative_pressure
2024-03-01,56846.53304444787,10.948128104120117,11.473559878877111,-0.06278018303163624,-0.46265159172535764,estimated_regional_daily_relative_pressure
2024-03-02,156549.30534219515,11.961132677197844,11.440600309706316,-0.06278018303163624,0.5833125505231643,estimated_regional_daily_relative_pressure
2024-03-03,121205.68562028508,11.70525251297953,11.373436678859601,-0.06278018303163624,0.39459601715156556,estimated_regional_daily_relative_pressure
2024-03-04,55465.081365469196,10.923526966340217,11.295285238991596,-0.06278018303163624,-0.3089780896197424,estimated_regional_daily_relative_pressure
2024-03-05,62853.86853328003,11.04858367375944,11.262388233448185,-0.06278018303163624,-0.15102437665710855,estimated_regional_daily_relative_pressure
2024-03-06,63014.21938217738,11.051131553693404,11.257653233261117,-0.06278018303163624,-0.14374149653607649,estimated_regional_daily_relative_pressure
2024-03-07,57426.95544598449,10.958286492423374,11.25713571303135,-0.06278018303163624,-0.2360690375763389,estimated_regional_daily_relative_pressure
2024-03-08,62006.7909615076,11.035015316802065,11.300301174123854,-0.06278018303163624,-0.20250567429015287,estimated_regional_daily_relative_pressure
2024-03-09,146978.95260338273,11.898051479612969,11.339918946409307,-0.06278018303163624,0.6209127162352975,estimated_regional_daily_relative_pressure
2024-03-10,125978.95702660609,11.743878102063036,11.359572173450546,-0.06278018303163624,0.4470861116441257,estimated_regional_daily_relative_pressure
2024-03-11,56703.19637937483,10.945603497195473,11.355103010667456,-0.06278018303163624,-0.3467193304403472,estimated_regional_daily_relative_pressure
2024-03-12,62333.0567495618,11.040263212709213,11.349223859292302,-0.06278018303163624,-0.24618046355145207,estimated_regional_daily_relative_pressure
2024-03-13,60965.26306581628,11.018075925664052,11.373933928748055,-0.06278018303163624,-0.2930778200523675,estimated_regional_daily_relative_pressure
2024-03-14,67883.25810411882,11.125559447258729,11.39279585266461,-0.06278018303163624,-0.20445622237424554,estimated_regional_daily_relative_pressure
2024-03-15,87228.18375977992,11.376294230049767,11.434756179688245,-0.06278018303163624,0.0043182333931587324,estimated_regional_daily_relative_pressure
2024-03-16,167118.95439604137,12.026467123348896,11.483085087698369,-0.06278018303163624,0.6061622186821635,estimated_regional_daily_relative_pressure
2024-03-17,142490.9894214181,11.867041062524203,11.48642334580017,-0.06278018303163624,0.4433978997556701,estimated_regional_daily_relative_pressure
2024-03-18,58822.40040576061,10.982295020803583,11.478523578770195,-0.06278018303163624,-0.4334483749349757,estimated_regional_daily_relative_pressure
2024-03-19,66127.26424353042,11.099351532683682,11.481510625588157,-0.06278018303163624,-0.3193789098728387,estimated_regional_daily_relative_pressure
2024-03-20,64998.94996885959,11.082141779167625,11.558969329817216,-0.06278018303163624,-0.4140473676179556,estimated_regional_daily_relative_pressure
2024-03-21,62769.61927933629,11.047242397111823,11.622159067886129,-0.06278018303163624,-0.5121364877426692,estimated_regional_daily_relative_pressure
2024-03-22,63185.08159913346,11.05383932801942,11.705450657609815,-0.06278018303163624,-0.5888311465587587,estimated_regional_daily_relative_pressure
2024-03-23,241741.90429049017,12.39563006144937,11.747140006132465,-0.06278018303163624,0.7112702383485418,estimated_regional_daily_relative_pressure
2024-03-24,205209.3736724832,12.231790944960412,11.769199517196057,-0.06278018303163624,0.5253716107959915,estimated_regional_daily_relative_pressure
2024-03-25,117754.49485380341,11.67636567621495,11.745726268652914,-0.06278018303163624,-0.006580409406328758,estimated_regional_daily_relative_pressure
2024-03-26,126808.17909219954,11.75043870868224,11.740264685412209,-0.06278018303163624,0.07295420630166849,estimated_regional_daily_relative_pressure
2024-03-27,137096.98618880266,11.828451176812349,11.766317862241143,-0.06278018303163624,0.12491349760284198,estimated_regional_daily_relative_pressure
2024-03-28,123729.0975282603,11.725857839442256,11.775530157217512,-0.06278018303163624,0.013107865256380191,estimated_regional_daily_relative_pressure
2024-03-29,115976.11969696445,11.661148206641661,11.815811346192149,-0.06278018303163624,-0.09188295651885159,estimated_regional_daily_relative_pressure
2024-03-30,237196.7697564469,12.376649543685648,11.848083353530845,-0.06278018303163624,0.5913463731864398,estimated_regional_daily_relative_pressure
2024-03-31,240900.67103975292,12.392144125232091,11.878404252715617,-0.06278018303163624,0.5765200555481106,estimated_regional_daily_relative_pressure
2024-04-01,63044.63481392653,11.051614105275865,11.892529018517335,-0.013629419351718278,-0.8272854938897515,estimated_regional_daily_relative_pressure
2024-04-02,122544.77336167954,11.716239899268714,11.905158247737122,-0.013629419351718278,-0.1752889291166889,estimated_regional_daily_relative_pressure
2024-04-03,132965.29636977086,11.797850964336357,11.93925101925738,-0.013629419351718278,-0.12777063556930499,estimated_regional_daily_relative_pressure
2024-04-04,612157.6729652991,13.324746797441064,11.962407863451956,-0.013629419351718278,1.375968353340826,estimated_regional_daily_relative_pressure
2024-04-05,445727.6126125367,13.007465553895727,12.011812977602618,-0.013629419351718278,1.0092819956448273,estimated_regional_daily_relative_pressure
2024-04-06,833317.1951019324,13.633170835127636,12.056033736908896,-0.013629419351718278,1.5907665175704586,estimated_regional_daily_relative_pressure
2024-04-07,209117.48760101365,12.250656296625573,12.07672678039851,-0.013629419351718278,0.18755893557878225,estimated_regional_daily_relative_pressure
2024-04-08,122866.29626455311,11.718860159773353,12.025441831563047,-0.013629419351718278,-0.29295225243797535,estimated_regional_daily_relative_pressure
2024-04-09,70995.13903638597,11.170380774775607,12.017596046394551,-0.013629419351718278,-0.8335858522672263,estimated_regional_daily_relative_pressure
2024-04-10,106357.31699864412,11.574569021601112,12.01532190019612,-0.013629419351718278,-0.4271234592432898,estimated_regional_daily_relative_pressure
2024-04-11,127165.42986398148,11.753251978892491,12.016017383668377,-0.013629419351718278,-0.24913598542416734,estimated_regional_daily_relative_pressure
2024-04-12,82936.64645962621,11.32584435697656,12.039441775875453,-0.013629419351718278,-0.6999679995471743,estimated_regional_daily_relative_pressure
2024-04-13,212519.2982322765,12.266792783877825,12.071638742930089,-0.013629419351718278,0.20878346029945463,estimated_regional_daily_relative_pressure
2024-04-14,184607.32079391484,12.12599167475832,12.0862149436248,-0.013629419351718278,0.05340615048523804,estimated_regional_daily_relative_pressure
2024-04-15,223292.4500258873,12.316242104777741,12.069870201215085,-0.013629419351718278,0.260001322914374,estimated_regional_daily_relative_pressure
2024-04-16,258934.65232760247,12.46433486320213,12.112468572551188,-0.013629419351718278,0.3654957100026592,estimated_regional_daily_relative_pressure
2024-04-17,210774.142388408,12.258547168337596,12.20196660253561,-0.013629419351718278,0.07020998515370518,estimated_regional_daily_relative_pressure
2024-04-18,169255.55808339073,12.039170937931614,12.266399198989799,-0.013629419351718278,-0.21359884170646679,estimated_regional_daily_relative_pressure
2024-04-19,135564.97520905748,11.817213702715483,12.33676878781643,-0.013629419351718278,-0.5059256657492289,estimated_regional_daily_relative_pressure
2024-04-20,300648.4712684911,12.613700317838166,12.350034015971024,-0.013629419351718278,0.27729572121886,estimated_regional_daily_relative_pressure
2024-04-21,247231.86273747735,12.418085935606477,12.308594895974743,-0.013629419351718278,0.12312045898345285,estimated_regional_daily_relative_pressure
2024-04-22,120008.19888454853,11.695323676197395,12.253664083343253,-0.013629419351718278,-0.5447109877941395,estimated_regional_daily_relative_pressure
2024-04-23,49304.782613808224,10.805796647550064,12.230396938333437,-0.013629419351718278,-1.410970871431654,estimated_regional_daily_relative_pressure
2024-04-24,160904.3535146857,11.988571604737006,12.218701077672796,-0.013629419351718278,-0.21650005358407162,estimated_regional_daily_relative_pressure
2024-04-25,109738.77321710828,11.605867144063613,12.227923194307378,-0.013629419351718278,-0.6084266308920471,estimated_regional_daily_relative_pressure
2024-04-26,129571.86893173854,11.771998696322148,12.256290381326322,-0.013629419351718278,-0.4706622656524549,estimated_regional_daily_relative_pressure
2024-04-27,283396.93940410507,12.554607335231708,12.27809152434155,-0.013629419351718278,0.2901452302418767,estimated_regional_daily_relative_pressure
2024-04-28,335695.8562405701,12.723963818135983,12.282396084648212,-0.013629419351718278,0.4551971528394893,estimated_regional_daily_relative_pressure
2024-04-29,182226.36200251227,12.113010428177725,12.264704084976165,-0.013629419351718278,-0.13806423744672122,estimated_regional_daily_relative_pressure
2024-04-30,142907.8836641335,11.869962528984505,12.245884630398582,-0.013629419351718278,-0.36229268206235804,estimated_regional_daily_relative_pressure
2024-05-01,902291.1488229074,13.712693636651272,12.22841656635006,0.02355441866076091,1.4607226516404517,estimated_regional_daily_relative_pressure
2024-05-02,1010597.2445418428,13.826053034792961,12.204128690978667,0.02355441866076091,1.5983699251535335,estimated_regional_daily_relative_pressure
2024-05-03,903154.8323699147,13.713650389348539,12.21260883160621,0.02355441866076091,1.4774871390815687,estimated_regional_daily_relative_pressure
2024-05-04,1177974.9393228097,13.979308217961993,12.210972423788204,0.02355441866076091,1.7447813755130277,estimated_regional_daily_relative_pressure
2024-05-05,923538.5188992367,13.735968870233455,12.205118070325573,0.02355441866076091,1.5072963812471205,estimated_regional_daily_relative_pressure
2024-05-06,123357.845998974,11.722852834010972,12.171907049489576,0.02355441866076091,-0.47260863413936505,estimated_regional_daily_relative_pressure
2024-05-07,151798.4686413915,11.93031564355145,12.14483587974453,0.02355441866076091,-0.2380746548538405,estimated_regional_daily_relative_pressure
2024-05-08,101657.53715568938,11.52937480132122,12.138207409967892,0.02355441866076091,-0.6323870273074331,estimated_regional_daily_relative_pressure
2024-05-09,85500.43849562407,11.356288479293545,12.171283258198415,0.02355441866076091,-0.8385491975656308,estimated_regional_daily_relative_pressure
2024-05-10,94490.61604519826,11.456266390447631,12.182617334046256,0.02355441866076091,-0.749905362259386,estimated_regional_daily_relative_pressure
2024-05-11,256260.02148637729,12.453951819188367,12.212069034635007,0.02355441866076091,0.21832836589259863,estimated_regional_daily_relative_pressure
2024-05-12,249966.80595314028,12.429087412364579,12.207677092116999,0.02355441866076091,0.1978559015868192,estimated_regional_daily_relative_pressure
2024-05-13,94776.34913160668,11.459285726483126,12.183244705206368,0.02355441866076091,-0.7475133973840035,estimated_regional_daily_relative_pressure
2024-05-14,122802.49976993947,11.718340794044277,12.152436538227914,0.02355441866076091,-0.4576501628443975,estimated_regional_daily_relative_pressure
2024-05-15,103009.74507150709,11.5425885828533,12.139779002510696,0.02355441866076091,-0.6207448383181572,estimated_regional_daily_relative_pressure
2024-05-16,129926.53088529532,11.774732119273567,12.139448854773534,0.02355441866076091,-0.3882711541607272,estimated_regional_daily_relative_pressure
2024-05-17,121954.40531510793,11.71141072668891,12.10298534031999,0.02355441866076091,-0.4151290322918396,estimated_regional_daily_relative_pressure
2024-05-18,274149.23219398624,12.52143152779148,12.053483338041623,0.02355441866076091,0.4443937710890956,estimated_regional_daily_relative_pressure
2024-05-19,160883.54832318725,11.988442295573426,11.987876483609575,0.02355441866076091,-0.02298860669691016,estimated_regional_daily_relative_pressure
2024-05-20,113065.19757010961,11.635728745373902,11.91923523956734,0.02355441866076091,-0.3070609128542,estimated_regional_daily_relative_pressure
2024-05-21,107382.16216696678,11.584158671922243,11.86154203242913,0.02355441866076091,-0.30093777916764786,estimated_regional_daily_relative_pressure
2024-05-22,106816.78026247736,11.578879673510068,11.864355484038985,0.02355441866076091,-0.3090302291896777,estimated_regional_daily_relative_pressure
2024-05-23,97717.00533528258,11.489841113121622,11.858935760692153,0.02355441866076091,-0.3926490662312919,estimated_regional_daily_relative_pressure
2024-05-24,137467.20633486527,11.831147942696234,11.900331060102749,0.02355441866076091,-0.0927375360672763,estimated_regional_daily_relative_pressure
2024-05-25,228644.47893314163,12.339927956020134,11.949594973070417,0.02355441866076091,0.36677856428895617,estimated_regional_daily_relative_pressure
2024-05-26,273447.84974591807,12.518869862314867,12.00718311123477,0.02355441866076091,0.48813233241933596,estimated_regional_daily_relative_pressure
2024-05-27,113078.73612319764,11.635848478263927,11.988288066448401,0.02355441866076091,-0.3759940068452349,estimated_regional_daily_relative_pressure
2024-05-28,132879.21217165244,11.797203341002131,11.972733931060114,0.02355441866076091,-0.19908500871874402,estimated_regional_daily_relative_pressure
2024-05-29,129172.35802161282,11.76891064180394,11.985714737299565,0.02355441866076091,-0.24035851415638632,estimated_regional_daily_relative_pressure
2024-05-30,123083.55299901069,11.720626820943941,11.99477981050984,0.02355441866076091,-0.2977074082266594,estimated_regional_daily_relative_pressure
2024-05-31,141452.7304255551,11.859727949132436,12.040779795916151,0.02355441866076091,-0.20460626544447613,estimated_regional_daily_relative_pressure
2024-06-01,291361.85348600126,12.582324688591406,12.07331880204278,-0.023675184188984694,0.5326810707376114,estimated_regional_daily_relative_pressure
2024-06-02,217833.51852095686,12.29149096416361,12.078674708978985,-0.023675184188984694,0.23649143937361025,estimated_regional_daily_relative_pressure
2024-06-03,118164.07918720778,11.679837901955132,12.065006776828909,-0.023675184188984694,-0.3614936906847925,estimated_regional_daily_relative_pressure
2024-06-04,140283.76236218246,11.851429652652643,12.068156974637942,-0.023675184188984694,-0.19305213779631472,estimated_regional_daily_relative_pressure
2024-06-05,154426.41343218068,11.947479448948894,12.083387943600236,-0.023675184188984694,-0.112233310462358,estimated_regional_daily_relative_pressure
2024-06-06,134599.96074104536,11.810069833916513,12.095958028893303,-0.023675184188984694,-0.2622130107878055,estimated_regional_daily_relative_pressure
2024-06-07,128321.79698294554,11.762304219799711,12.140938860472012,-0.023675184188984694,-0.3549594564833162,estimated_regional_daily_relative_pressure
2024-06-08,366819.93155694875,12.812629083049666,12.185406427584338,-0.023675184188984694,0.6508978396543127,estimated_regional_daily_relative_pressure
2024-06-09,393748.3354171994,12.88346978129122,12.1909934913625,-0.023675184188984694,0.716151474117705,estimated_regional_daily_relative_pressure
2024-06-10,563260.1610490914,13.241498673542626,12.192392604557208,-0.023675184188984694,1.072781253174403,estimated_regional_daily_relative_pressure
2024-06-11,142656.99920452698,11.868205430810974,12.180689703222471,-0.023675184188984694,-0.28880908822251267,estimated_regional_daily_relative_pressure
2024-06-12,154338.37883152132,11.946909215327594,12.20116513897493,-0.023675184188984694,-0.23058073945835225,estimated_regional_daily_relative_pressure
2024-06-13,141730.6443248808,11.861690719906116,12.219814761004525,-0.023675184188984694,-0.33444885690942366,estimated_regional_daily_relative_pressure
2024-06-14,162649.34671508527,11.99935806356283,12.262133498991853,-0.023675184188984694,-0.23910025124003745,estimated_regional_daily_relative_pressure
2024-06-15,428731.35858098336,12.968588130448957,12.296722861838319,-0.023675184188984694,0.6955404527996228,estimated_regional_daily_relative_pressure
2024-06-16,356267.9881443759,12.783441309198988,12.301141152406963,-0.023675184188984694,0.5059753409810098,estimated_regional_daily_relative_pressure
2024-06-17,143981.0390142745,11.877443841711282,12.2819460577898,-0.023675184188984694,-0.380827031889533,estimated_regional_daily_relative_pressure
2024-06-18,179462.232155227,12.097725631139138,12.294430497596784,-0.023675184188984694,-0.17302968226866092,estimated_regional_daily_relative_pressure
2024-06-19,177387.66074080367,12.086098427653502,12.329921014933916,-0.023675184188984694,-0.22014740309142958,estimated_regional_daily_relative_pressure
2024-06-20,181295.44410043853,12.107888783204976,12.361460016138968,-0.023675184188984694,-0.22989604874500827,estimated_regional_daily_relative_pressure
2024-06-21,158549.9570171675,11.97383131600736,12.409052582793477,-0.023675184188984694,-0.4115460825971324,estimated_regional_daily_relative_pressure
2024-06-22,430749.98989039793,12.97328545244998,12.463374230613033,-0.023675184188984694,0.5335864060259324,estimated_regional_daily_relative_pressure
2024-06-23,387834.1641232748,12.86833569360374,12.489162364478053,-0.023675184188984694,0.40284851331467114,estimated_regional_daily_relative_pressure
2024-06-24,163462.81336181692,12.004346919819275,12.493946849290907,-0.023675184188984694,-0.46592474528264755,estimated_regional_daily_relative_pressure
2024-06-25,238779.61131499897,12.383300465056077,12.493916540315258,-0.023675184188984694,-0.0869408910701958,estimated_regional_daily_relative_pressure
2024-06-26,190246.26902158986,12.156079920938064,12.482795793008062,-0.023675184188984694,-0.30304068788101385,estimated_regional_daily_relative_pressure
2024-06-27,213327.17497913563,12.270586986590107,12.518828171596187,-0.023675184188984694,-0.22456600081709524,estimated_regional_daily_relative_pressure
2024-06-28,236886.7368981625,12.375341623919576,12.569887571100114,-0.023675184188984694,-0.1708707629915535,estimated_regional_daily_relative_pressure
2024-06-29,479639.2004500994,13.080791519411095,12.625013630425553,-0.023675184188984694,0.47945307317452707,estimated_regional_daily_relative_pressure
2024-06-30,359652.7597607989,12.792897069184413,12.655988306327469,-0.023675184188984694,0.16058394704592857,estimated_regional_daily_relative_pressure
2024-07-01,162216.76772800554,11.996694956760363,12.657766438145375,0.0243012858417797,-0.6853727672267913,estimated_regional_daily_relative_pressure
2024-07-02,160696.1401654627,11.987276755459366,12.667806624397612,0.0243012858417797,-0.7048311547800254,estimated_regional_daily_relative_pressure
2024-07-03,320778.29084880895,12.678508598180056,12.711151608782593,0.0243012858417797,-0.056944296444317415,estimated_regional_daily_relative_pressure
2024-07-04,355059.6643695437,12.78004393940629,12.753115259051567,0.0243012858417797,0.0026273945129438106,estimated_regional_daily_relative_pressure
2024-07-05,372926.26887782227,12.829138690009314,12.811590166561663,0.0243012858417797,-0.006752762394128579,estimated_regional_daily_relative_pressure
2024-07-06,675256.2546438917,13.422849015238603,12.867608550053093,0.0243012858417797,0.5309391793437295,estimated_regional_daily_relative_pressure
2024-07-07,725081.6420120617,13.494040916322716,12.91119717980234,0.0243012858417797,0.5585424506785961,estimated_regional_daily_relative_pressure
2024-07-08,285424.5117877083,12.561736369615385,12.929952834782164,0.0243012858417797,-0.392517751008558,estimated_regional_daily_relative_pressure
2024-07-09,425468.31628135976,12.960948112248145,12.941401859155086,0.0243012858417797,-0.004755032748720238,estimated_regional_daily_relative_pressure
2024-07-10,393378.55085558625,12.882530203046118,12.97561989814611,0.0243012858417797,-0.11739098094177236,estimated_regional_daily_relative_pressure
2024-07-11,399014.4859483722,12.89675550701952,12.96585698679549,0.0243012858417797,-0.09340276561774963,estimated_regional_daily_relative_pressure
2024-07-12,435916.88482795015,12.985209167042855,13.020428975348644,0.0243012858417797,-0.05952109414756789,estimated_regional_daily_relative_pressure
2024-07-13,751441.9721621525,13.52975059994929,13.06649011201707,0.0243012858417797,0.43895920209044115,estimated_regional_daily_relative_pressure
2024-07-14,782772.4200785704,13.570598558994734,13.096534490984887,0.0243012858417797,0.4497627821680672,estimated_regional_daily_relative_pressure
2024-07-15,424883.65731618827,12.959573016522244,13.099007657706967,0.0243012858417797,-0.16373592702650241,estimated_regional_daily_relative_pressure
2024-07-16,453027.45488315943,13.023710216804044,13.098844981067632,0.0243012858417797,-0.09943605010536749,estimated_regional_daily_relative_pressure
2024-07-17,486350.5926630664,13.094687083018382,13.146982534902406,0.0243012858417797,-0.07659673772580411,estimated_regional_daily_relative_pressure
2024-07-18,551907.9453880731,13.22113835764571,13.198038123017733,0.0243012858417797,-0.0012010512138027549,estimated_regional_daily_relative_pressure
2024-07-19,659078.0689221992,13.398598789477221,13.238309258338946,0.0243012858417797,0.13598824529649556,estimated_regional_daily_relative_pressure
2024-07-20,1086877.6914422961,13.898820560466557,13.261882171819055,0.0243012858417797,0.6126371028057227,estimated_regional_daily_relative_pressure
2024-07-21,1029370.1825959042,13.844458671439313,13.28590251426312,0.0243012858417797,0.5342548713344135,estimated_regional_daily_relative_pressure
2024-07-22,612360.9683657897,13.325078838234003,13.299525755914006,0.0243012858417797,0.0012517964782168337,estimated_regional_daily_relative_pressure
2024-07-23,770434.1444145434,13.554710756824505,13.306184385146809,0.0243012858417797,0.22422508583591694,estimated_regional_daily_relative_pressure
2024-07-24,553077.624857784,13.223255449164366,13.341225660156304,0.0243012858417797,-0.14227149683371798,estimated_regional_daily_relative_pressure
2024-07-25,472174.5524341667,13.065106128540949,13.363597872449528,0.0243012858417797,-0.3227930297503592,estimated_regional_daily_relative_pressure
2024-07-26,176423.83721587842,12.08065021318689,13.39854898916091,0.0243012858417797,-1.3422000618157985,estimated_regional_daily_relative_pressure
2024-07-27,1032827.348240649,13.847811566085838,13.432329937202487,0.0243012858417797,0.3911803430415708,estimated_regional_daily_relative_pressure
2024-07-28,889558.9874327421,13.698482223311267,13.448465685286015,0.0243012858417797,0.22571525218347177,estimated_regional_daily_relative_pressure
2024-07-29,601219.702715107,13.306717371921934,13.45878051173895,0.0243012858417797,-0.1763644256587964,estimated_regional_daily_relative_pressure
2024-07-30,517858.72727108217,13.15745968779558,13.467036877983748,0.0243012858417797,-0.333878476029948,estimated_regional_daily_relative_pressure
2024-07-31,357843.6001551878,12.787854093365,13.488251828629242,0.0243012858417797,-0.7246990211060209,estimated_regional_daily_relative_pressure
2024-08-01,721406.2704406116,13.4889591256384,13.502557990612145,0.10456578928671059,-0.11816465426045478,estimated_regional_daily_relative_pressure
2024-08-02,782304.0140594239,13.569999987034485,13.523727338664544,0.10456578928671059,-0.058293140916769653,estimated_regional_daily_relative_pressure
2024-08-03,1117844.570639096,13.926913793137654,13.53889170732408,0.10456578928671059,0.28345629652686377,estimated_regional_daily_relative_pressure
2024-08-04,737338.8988243701,13.510804257289625,13.500085018561972,0.10456578928671059,-0.09384655055905791,estimated_regional_daily_relative_pressure
2024-08-05,785258.3354015474,13.573769305775368,13.458890406966148,0.10456578928671059,0.010313109522509384,estimated_regional_daily_relative_pressure
2024-08-06,1030102.1557617699,13.845169506416038,13.442187034224892,0.10456578928671059,0.2984166829044358,estimated_regional_daily_relative_pressure
2024-08-07,891318.6733658179,13.700458422539654,13.440533780219642,0.10456578928671059,0.15535885303330152,estimated_regional_daily_relative_pressure
2024-08-08,845780.1311645928,13.648015894909765,13.422863090851225,0.10456578928671059,0.12058701477182962,estimated_regional_daily_relative_pressure
2024-08-09,851270.7555824768,13.654486693338047,13.42762263400784,0.10456578928671059,0.12229827004349678,estimated_regional_daily_relative_pressure
2024-08-10,1162419.260646706,13.96601482109896,13.433520491381563,0.10456578928671059,0.4279285404306875,estimated_regional_daily_relative_pressure
2024-08-11,1137068.4996296423,13.943964896308426,13.434938314736593,0.10456578928671059,0.40446079228512233,estimated_regional_daily_relative_pressure
2024-08-12,718855.7326235436,13.485417357632217,13.386199240862073,0.10456578928671059,-0.005347672516566343,estimated_regional_daily_relative_pressure
2024-08-13,1034583.2570655033,13.849510219990297,13.33614435968724,0.10456578928671059,0.4088000710163452,estimated_regional_daily_relative_pressure
2024-08-14,1011095.4687434436,13.826545912583473,13.302098072930127,0.10456578928671059,0.41988205036663573,estimated_regional_daily_relative_pressure
2024-08-15,820144.0440059007,13.61723648653252,13.272271466219683,0.10456578928671059,0.24039923102612545,estimated_regional_daily_relative_pressure
2024-08-16,705879.4997045283,13.467201238274027,13.280111324638675,0.10456578928671059,0.08252412434864195,estimated_regional_daily_relative_pressure
2024-08-17,937466.0341571325,13.750936872642725,13.24741676305667,0.10456578928671059,0.3989543202993452,estimated_regional_daily_relative_pressure
2024-08-18,883134.3800212168,13.691233786091377,13.193959246551326,0.10456578928671059,0.3927087502533403,estimated_regional_daily_relative_pressure
2024-08-19,197913.70575545798,12.195591437851899,13.126492390748192,0.10456578928671059,-1.0354667421830035,estimated_regional_daily_relative_pressure
2024-08-20,303089.7670932914,12.621787600995958,13.068118114045827,0.10456578928671059,-0.5508963023365795,estimated_regional_daily_relative_pressure
2024-08-21,613326.3690289172,13.326654116460402,13.010300930917262,0.10456578928671059,0.2117873962564288,estimated_regional_daily_relative_pressure
2024-08-22,581767.5481766397,13.27382796407121,12.945251837800434,0.10456578928671059,0.22401033698406456,estimated_regional_daily_relative_pressure
2024-08-23,445484.2366020892,13.006919386403577,12.907621341731295,0.10456578928671059,-0.005267744614427722,estimated_regional_daily_relative_pressure
2024-08-24,641009.6093535778,13.370801287019468,12.873104351266502,0.10456578928671059,0.3931311464662556,estimated_regional_daily_relative_pressure
2024-08-25,566899.8542134742,13.24793970712635,12.789879258535885,0.10456578928671059,0.35349465930375346,estimated_regional_daily_relative_pressure
2024-08-26,184351.08934820135,12.124602737192866,12.684114841505446,0.10456578928671059,-0.6640778935992903,estimated_regional_daily_relative_pressure
2024-08-27,227953.26050146206,12.336900275975639,12.606487975418727,0.10456578928671059,-0.3741534887297985,estimated_regional_daily_relative_pressure
2024-08-28,188485.3570562658,12.146780906891575,12.545454708282604,0.10456578928671059,-0.5032395906777393,estimated_regional_daily_relative_pressure
2024-08-29,209248.47564100949,12.251282482451375,12.475289279074472,0.10456578928671059,-0.328572585909808,estimated_regional_daily_relative_pressure
2024-08-30,205423.71178325382,12.23283487977177,12.431423022909678,0.10456578928671059,-0.3031539324246183,estimated_regional_daily_relative_pressure
2024-08-31,456291.67071196035,13.030889704353795,12.433436398978392,0.10456578928671059,0.4928875160886924,estimated_regional_daily_relative_pressure
2024-09-01,261822.9778253916,12.475427716596265,12.420181958820306,-0.17230109563443968,0.22754685341039832,estimated_regional_daily_relative_pressure
2024-09-02,149165.28589534224,11.912816975368756,12.39996628673734,-0.17230109563443968,-0.31484821573414506,estimated_regional_daily_relative_pressure
2024-09-03,138058.6701727154,11.835441263240527,12.338804561885045,-0.17230109563443968,-0.33106220301007766,estimated_regional_daily_relative_pressure
2024-09-04,120715.69063628602,11.70120167951632,12.327875527119904,-0.17230109563443968,-0.45437275196914434,estimated_regional_daily_relative_pressure
2024-09-05,130800.55793990308,11.78143662878983,12.29931906640328,-0.17230109563443968,-0.34558134197900997,estimated_regional_daily_relative_pressure
2024-09-06,137123.92077151287,11.828647619794413,12.275215104164864,-0.17230109563443968,-0.27426638873601156,estimated_regional_daily_relative_pressure
2024-09-07,277592.48668695753,12.533913044396291,12.24543859182512,-0.17230109563443968,0.46077554820561034,estimated_regional_daily_relative_pressure
2024-09-08,290101.384745455,12.577989190501269,12.19349451429956,-0.17230109563443968,0.5567957718361478,estimated_regional_daily_relative_pressure
2024-09-09,64504.69662741747,11.074508818688821,12.13581786654626,-0.17230109563443968,-0.8890079522229988,estimated_regional_daily_relative_pressure
2024-09-10,43795.88141046515,10.687317893155338,12.080483725578286,-0.17230109563443968,-1.2208647367885084,estimated_regional_daily_relative_pressure
2024-09-11,102490.18231040638,11.537532047620193,12.06508659781553,-0.17230109563443968,-0.355253454560897,estimated_regional_daily_relative_pressure
2024-09-12,108377.61570278248,11.593386076412427,12.039396850910846,-0.17230109563443968,-0.27370967886397884,estimated_regional_daily_relative_pressure
2024-09-13,117521.12756495703,11.674381914538184,12.048871008888081,-0.17230109563443968,-0.20218799871545762,estimated_regional_daily_relative_pressure
2024-09-14,259545.71157929976,12.466691971474862,12.054750617915401,-0.17230109563443968,0.5842424491939011,estimated_regional_daily_relative_pressure
2024-09-15,872964.3511787215,13.679651144662643,12.017977692844523,-0.17230109563443968,1.833974547452559,estimated_regional_daily_relative_pressure
2024-09-16,468041.1305418625,13.056313593373346,12.027264947079757,-0.17230109563443968,1.2013497419280286,estimated_regional_daily_relative_pressure
2024-09-17,500943.7217097217,13.124251038070808,12.05942279837716,-0.17230109563443968,1.237129335328088,estimated_regional_daily_relative_pressure
2024-09-18,132615.96844055786,11.795220315670168,12.107714725555635,-0.17230109563443968,-0.14019331425102727,estimated_regional_daily_relative_pressure
2024-09-19,141037.94827722784,11.856791360132632,12.156737142881797,-0.17230109563443968,-0.1276446871147246,estimated_regional_daily_relative_pressure
2024-09-20,125057.5515208587,11.736537318780575,12.224202376185607,-0.17230109563443968,-0.31536396177059195,estimated_regional_daily_relative_pressure
2024-09-21,290520.04219859926,12.579431287069443,12.283049220733561,-0.17230109563443968,0.4686831619703217,estimated_regional_daily_relative_pressure
2024-09-22,231133.7335373605,12.350756081539219,12.320617847919666,-0.17230109563443968,0.20243932925399272,estimated_regional_daily_relative_pressure
2024-09-23,89022.26180074926,11.396652983111213,12.279750161117521,-0.17230109563443968,-0.710796082371868,estimated_regional_daily_relative_pressure
2024-09-24,107239.06587940392,11.582825206667163,12.242745785680906,-0.17230109563443968,-0.48761948337930355,estimated_regional_daily_relative_pressure
2024-09-25,101984.03207331538,11.532581337119137,12.243658486667162,-0.17230109563443968,-0.5387760539135853,estimated_regional_daily_relative_pressure
2024-09-26,114380.17343937182,11.647291776547403,12.256142481925481,-0.17230109563443968,-0.4365496097436384,estimated_regional_daily_relative_pressure
2024-09-27,102796.6859905642,11.540518121930438,12.274285218985494,-0.17230109563443968,-0.5614660014206161,estimated_regional_daily_relative_pressure
2024-09-28,252830.82015142214,12.440479804185912,12.286751953620676,-0.17230109563443968,0.32602894619967565,estimated_regional_daily_relative_pressure
2024-09-29,251084.89288332476,12.433550362298332,12.263504352036687,-0.17230109563443968,0.3423471058960847,estimated_regional_daily_relative_pressure
2024-09-30,65700.31388842531,11.092874202574494,12.22005532831435,-0.17230109563443968,-0.9548800301054163,estimated_regional_daily_relative_pressure
2024-10-01,608524.7974396403,13.318794585646058,12.136823985407867,0.10776981631108759,1.0742007839271037,estimated_regional_daily_relative_pressure
2024-10-02,709502.7825202108,13.472321106815677,12.072720344940365,0.10776981631108759,1.291830945564225,estimated_regional_daily_relative_pressure
2024-10-03,666546.5226780269,13.409866717901545,12.002365544366192,0.10776981631108759,1.2997313572242655,estimated_regional_daily_relative_pressure
2024-10-04,631046.3638981121,13.355136200351552,12.00791573964892,0.10776981631108759,1.239450644391544,estimated_regional_daily_relative_pressure
2024-10-05,977372.266634438,13.79262391193445,12.00991764534451,0.10776981631108759,1.6749364502788529,estimated_regional_daily_relative_pressure
2024-10-06,810727.746959312,13.605688809776401,11.985940064697056,0.10776981631108759,1.5119789287682577,estimated_regional_daily_relative_pressure
2024-10-07,439447.17126377666,12.993275062563667,11.935634115854718,0.10776981631108759,0.9498711303978611,estimated_regional_daily_relative_pressure
2024-10-08,78198.20447516441,11.267014753529796,11.892605819877494,0.10776981631108759,-0.7333608826587847,estimated_regional_daily_relative_pressure
2024-10-09,92119.57096443963,11.430853551966212,11.88065763228285,0.10776981631108759,-0.5575738966277248,estimated_regional_daily_relative_pressure
2024-10-10,66355.86821093675,11.102802549262694,11.862621636576549,0.10776981631108759,-0.8675889036249418,estimated_regional_daily_relative_pressure
2024-10-11,64492.63051248978,11.074321746163244,11.870815719651295,0.10776981631108759,-0.9042637897991386,estimated_regional_daily_relative_pressure
2024-10-12,179863.10931054188,12.099956896480624,11.877557515529451,0.10776981631108759,0.11462956464008459,estimated_regional_daily_relative_pressure
2024-10-13,159507.8762458899,11.979854850103058,11.857226042704944,0.10776981631108759,0.014858991087025847,estimated_regional_daily_relative_pressure
2024-10-14,57164.523831504855,10.953706265434564,11.811914402719735,0.10776981631108759,-0.9659779535962587,estimated_regional_daily_relative_pressure
2024-10-15,67491.5321606017,11.119772236082403,11.76791895696452,0.10776981631108759,-0.7559165371932048,estimated_regional_daily_relative_pressure
2024-10-16,66135.72800456386,11.099479514561596,11.785934506692552,0.10776981631108759,-0.794224808442044,estimated_regional_daily_relative_pressure
2024-10-17,64156.78628339531,11.069100738880865,11.710788800191473,0.10776981631108759,-0.749457877621696,estimated_regional_daily_relative_pressure
2024-10-18,56570.02573281751,10.943252220271411,11.664461954045338,0.10776981631108759,-0.8289795500850146,estimated_regional_daily_relative_pressure
2024-10-19,157514.06278967593,11.967276369434769,11.61687322006676,0.10776981631108759,0.24263333305692195,estimated_regional_daily_relative_pressure
2024-10-20,150067.99540564968,11.918850436695907,11.537980431954225,0.10776981631108759,0.2731001884305948,estimated_regional_daily_relative_pressure
2024-10-21,59469.30068160775,10.993232318709511,11.44746462562478,0.10776981631108759,-0.562002123226357,estimated_regional_daily_relative_pressure
2024-10-22,61079.43450172392,11.019946872956972,11.363176529129172,0.10776981631108759,-0.45099947248328776,estimated_regional_daily_relative_pressure
2024-10-23,60892.328925533686,11.016878906245237,11.302156882345212,0.10776981631108759,-0.39304779241106247,estimated_regional_daily_relative_pressure
2024-10-24,61466.21164734414,11.026259167677217,11.291790421882506,0.10776981631108759,-0.3733010705163766,estimated_regional_daily_relative_pressure
2024-10-25,61309.68048439463,11.023709339771875,11.301670186534333,0.10776981631108759,-0.3857306630735453,estimated_regional_daily_relative_pressure
2024-10-26,131477.40708450085,11.78659791243629,11.321120865718365,0.10776981631108759,0.35770723040683783,estimated_regional_daily_relative_pressure
2024-10-27,140966.89505241276,11.8562874487702,11.313405686446654,0.10776981631108759,0.4351119460124584,estimated_regional_daily_relative_pressure
2024-10-28,54733.11476881408,10.910242464370768,11.2739229702664,0.10776981631108759,-0.47145032220671923,estimated_regional_daily_relative_pressure
2024-10-29,62056.643418147534,11.035818964644388,11.240270221935626,0.10776981631108759,-0.3122210736023254,estimated_regional_daily_relative_pressure
2024-10-30,64194.702224052795,11.069691543886654,11.233690648027821,0.10776981631108759,-0.27176892045225487,estimated_regional_daily_relative_pressure
2024-10-31,114846.01807632885,11.651356244143516,11.228893867669184,0.10776981631108759,0.31469256016324443,estimated_regional_daily_relative_pressure
2024-11-01,59234.581792662364,10.989277684112592,11.255190182455536,-0.015569362242790449,-0.2503431361001535,estimated_regional_daily_relative_pressure
2024-11-02,168751.5764188577,12.036188876285532,11.277367969589966,-0.015569362242790449,0.7743902689383572,estimated_regional_daily_relative_pressure
2024-11-03,152452.6606960953,11.934615964565596,11.274904878337509,-0.015569362242790449,0.675280448470878,estimated_regional_daily_relative_pressure
2024-11-04,54690.291384081334,10.909459768862943,11.239602254085408,-0.015569362242790449,-0.3145731229796748,estimated_regional_daily_relative_pressure
2024-11-05,59078.18346547634,10.986633915721717,11.2092552894097,-0.015569362242790449,-0.2070520114451934,estimated_regional_daily_relative_pressure
2024-11-06,59441.08870009488,10.992757818412462,11.208575736468264,-0.015569362242790449,-0.20024855581301107,estimated_regional_daily_relative_pressure
2024-11-07,66280.49401578653,11.101666012260905,11.206961169753102,-0.015569362242790449,-0.08972579524940653,estimated_regional_daily_relative_pressure
2024-11-08,56706.08734586646,10.94565447918593,11.225819676891502,-0.015569362242790449,-0.2645958354627826,estimated_regional_daily_relative_pressure
2024-11-09,125131.22487043812,11.737126256172845,11.243091336463767,-0.015569362242790449,0.5096042819518684,estimated_regional_daily_relative_pressure
2024-11-10,121268.86179071257,11.705773603967765,11.236222337238077,-0.015569362242790449,0.4851206289724786,estimated_regional_daily_relative_pressure
2024-11-11,50773.58376306188,10.83515118874018,11.20981952273999,-0.015569362242790449,-0.3590989717570185,estimated_regional_daily_relative_pressure
2024-11-12,52890.2234038897,10.875992694892709,11.179769518854274,-0.015569362242790449,-0.28820746171877437,estimated_regional_daily_relative_pressure
2024-11-13,56196.056094466105,10.936619651849018,11.178789148555664,-0.015569362242790449,-0.22660013446385566,estimated_regional_daily_relative_pressure
2024-11-14,46616.88171471447,10.749739474292632,11.17393041683205,-0.015569362242790449,-0.40862158029662793,estimated_regional_daily_relative_pressure
2024-11-15,58165.91754052002,10.971072044964744,11.191644041816069,-0.015569362242790449,-0.2050026346085342,estimated_regional_daily_relative_pressure
2024-11-16,149441.24452732774,11.914665272938526,11.19245926498478,-0.015569362242790449,0.7377753701965365,estimated_regional_daily_relative_pressure
2024-11-17,127593.44826459109,11.756612140048098,11.186432765908238,-0.015569362242790449,0.5857487363826505,estimated_regional_daily_relative_pressure
2024-11-18,52411.2903486521,10.866896391445302,11.148417417546948,-0.015569362242790449,-0.2659516638588563,estimated_regional_daily_relative_pressure
2024-11-19,52726.63696301527,10.872895017619626,11.113129127054496,-0.015569362242790449,-0.22466474719207877,estimated_regional_daily_relative_pressure
2024-11-20,58575.831573583375,10.978094531748994,11.114705179962705,-0.015569362242790449,-0.12104128597092083,estimated_regional_daily_relative_pressure
2024-11-21,58229.59468819615,10.972166177524956,11.109985063679531,-0.015569362242790449,-0.12224952391178438,estimated_regional_daily_relative_pressure
2024-11-22,58097.510448210065,10.969895304786911,11.129439258638827,-0.015569362242790449,-0.14397459160912543,estimated_regional_daily_relative_pressure
2024-11-23,109259.76324779443,11.601492627535729,11.146826345696825,-0.015569362242790449,0.4702356440816942,estimated_regional_daily_relative_pressure
2024-11-24,104995.3235185268,11.561680614417384,11.143189138040036,-0.015569362242790449,0.43406083862013817,estimated_regional_daily_relative_pressure
2024-11-25,49550.62645675162,10.810770363775458,11.115784075484983,-0.015569362242790449,-0.2894443494667353,estimated_regional_daily_relative_pressure
2024-11-26,57993.91788375729,10.968110662995624,11.090452985473078,-0.015569362242790449,-0.1067729602346638,estimated_regional_daily_relative_pressure
2024-11-27,55532.256045767535,10.924737328312924,11.09321101350356,-0.015569362242790449,-0.15290432294784498,estimated_regional_daily_relative_pressure
2024-11-28,53094.68728078018,10.879850985113904,11.090013674413006,-0.015569362242790449,-0.1945933270563113,estimated_regional_daily_relative_pressure
2024-11-29,53379.3660948489,10.885198281212421,11.109866913881394,-0.015569362242790449,-0.20909927042618218,estimated_regional_daily_relative_pressure
2024-11-30,111168.78634964346,11.618813918391178,11.130696564923975,-0.015569362242790449,0.5036867157099935,estimated_regional_daily_relative_pressure
2024-12-01,117785.408098274,11.676628162373554,11.123804067171454,-0.017294712866083795,0.5701188080681835,estimated_regional_daily_relative_pressure
2024-12-02,49140.3546445718,10.80245621273981,11.087399850938423,-0.017294712866083795,-0.2676489253325303,estimated_regional_daily_relative_pressure
2024-12-03,51932.175110098615,10.857713077085545,11.05695722108179,-0.017294712866083795,-0.18194943113016065,estimated_regional_daily_relative_pressure
2024-12-04,51055.03118407247,10.840678959299577,11.058729938463816,-0.017294712866083795,-0.20075626629815552,estimated_regional_daily_relative_pressure
2024-12-05,57428.7309502165,10.958317409017427,11.059942421191838,-0.017294712866083795,-0.08433029930832732,estimated_regional_daily_relative_pressure
2024-12-06,51036.212930970614,10.8403103109433,11.082538332070124,-0.017294712866083795,-0.22493330826073993,estimated_regional_daily_relative_pressure
2024-12-07,108643.66285912988,11.595837862150653,11.094963532433843,-0.017294712866083795,0.5181690425828936,estimated_regional_daily_relative_pressure
2024-12-08,113624.78169485868,11.640665711058832,11.089958312462352,-0.017294712866083795,0.5680021114625632,estimated_regional_daily_relative_pressure
2024-12-09,50659.46193365446,10.832901041825474,11.067376797550986,-0.017294712866083795,-0.21718104285942835,estimated_regional_daily_relative_pressure
2024-12-10,53506.08301722152,10.8875693169662,11.045571158721128,-0.017294712866083795,-0.1407071288888438,estimated_regional_daily_relative_pressure
2024-12-11,55297.98393201929,10.920509813598757,11.047058681585835,-0.017294712866083795,-0.10925415512099364,estimated_regional_daily_relative_pressure
2024-12-12,55305.73983134266,10.920650057685087,11.041929060127107,-0.017294712866083795,-0.1039842895759356,estimated_regional_daily_relative_pressure
2024-12-13,47899.21074544733,10.776875183085515,11.060867541676988,-0.017294712866083795,-0.26669764572538873,estimated_regional_daily_relative_pressure
2024-12-14,103991.08561469492,11.552070075369066,11.06764367299945,-0.017294712866083795,0.5017211152356996,estimated_regional_daily_relative_pressure
2024-12-15,88916.00242701256,11.395458656612613,11.06281004984202,-0.017294712866083795,0.3499433196366774,estimated_regional_daily_relative_pressure
2024-12-16,46975.5873287409,10.757404614636597,11.034699869547902,-0.017294712866083795,-0.2600005420452212,estimated_regional_daily_relative_pressure
2024-12-17,48344.79706076722,10.78613456971456,11.013302259787046,-0.017294712866083795,-0.20987297720640213,estimated_regional_daily_relative_pressure
2024-12-18,49655.79978578917,10.812890614492481,11.020572813133503,-0.017294712866083795,-0.1903874857749382,estimated_regional_daily_relative_pressure
2024-12-19,55372.17946276728,10.921850630288116,11.026389232278074,-0.017294712866083795,-0.08724388912387433,estimated_regional_daily_relative_pressure
2024-12-20,54746.22613466867,10.910481982188308,11.033267390536535,-0.017294712866083795,-0.10549069548214292,estimated_regional_daily_relative_pressure
2024-12-21,118014.08909697937,11.678567768975872,11.036150082133425,-0.017294712866083795,0.6597123997085316,estimated_regional_daily_relative_pressure
2024-12-22,85591.0247345313,11.357347388800214,11.043983672981028,-0.017294712866083795,0.3306584286852698,estimated_regional_daily_relative_pressure
2024-12-23,49747.395244312145,10.814733485670754,11.020989748432294,-0.017294712866083795,-0.1889615498954565,estimated_regional_daily_relative_pressure
2024-12-24,54254.82643088001,10.901465665283334,10.994047315274619,-0.017294712866083795,-0.07528693712520103,estimated_regional_daily_relative_pressure
2024-12-25,53406.46508044703,10.885705810691793,11.001372145885945,-0.017294712866083795,-0.09837162232806869,estimated_regional_daily_relative_pressure
2024-12-26,51889.11416952064,10.856883572581385,11.006791328215456,-0.017294712866083795,-0.13261304276798774,estimated_regional_daily_relative_pressure
2024-12-27,49467.55023132355,10.809092397775013,11.011105403946292,-0.017294712866083795,-0.18471829330519568,estimated_regional_daily_relative_pressure
2024-12-28,99889.53909111448,11.51183025635931,11.01586621164425,-0.017294712866083795,0.5132587575811446,estimated_regional_daily_relative_pressure
2024-12-29,65505.91942434644,11.089911056110182,11.029143491008622,-0.017294712866083795,0.07806227796764424,estimated_regional_daily_relative_pressure
2024-12-30,45951.15214383848,10.735355963332047,10.998383103693303,-0.017294712866083795,-0.24573242749517227,estimated_regional_daily_relative_pressure
2024-12-31,46507.87014887198,10.747398329273576,10.973565881635846,-0.017294712866083795,-0.20887283949618612,estimated_regional_daily_relative_pressure
